# Blender 5.1.0
# www.blender.org
mtllib tool_250.mtl
o tool_250_tripo_normalized
v 79.690674 -1.882934 -0.181461
v 56.231983 -1.534337 0.006238
v 98.709595 -0.921927 0.132791
v 56.399548 -1.503892 -0.273056
v 71.840454 -1.515341 -0.064482
v 65.737358 -1.689709 0.241256
v 94.987144 -2.307769 -0.156153
v 84.437057 2.152718 -0.224162
v 68.694572 -2.341860 0.051070
v 52.658123 2.389555 0.045911
v 73.607872 2.464123 -0.014443
v 51.174084 -1.866657 0.003797
v 59.998299 2.420078 -0.040438
v 95.350792 2.471478 0.110440
v 54.279724 -2.334959 0.009421
v 55.111393 -1.685866 -0.066947
v 41.689617 2.391243 -0.316900
v 98.304924 2.312590 -0.286544
v 53.312584 2.492222 -0.084636
v 94.135986 -1.697813 -0.106797
v 91.014687 -1.387111 -0.288511
v 45.096634 2.616695 0.027134
v 66.528313 2.460460 -0.220383
v 80.127472 1.771883 -0.121293
v 97.845261 2.521115 0.098683
v 77.839302 -1.576672 -0.049952
v 92.626762 -1.398593 -0.251482
v 69.643890 1.978943 0.050795
v 93.851097 1.603205 -0.053373
v 58.837456 2.071152 -0.164309
v 97.923569 2.503674 -0.062567
v 82.766235 -2.302539 -0.299378
v 57.232204 -1.643505 -0.295579
v 73.584091 2.343635 -0.112873
v 90.075272 -2.349530 -0.076353
v 86.439064 -1.659203 -0.314015
v 71.515686 -1.494874 -0.149813
v 42.380669 2.208238 -0.118035
v 75.444389 -2.313292 -0.226690
v 35.904072 -2.593564 -0.113064
v 70.777122 1.605247 0.114467
v 66.306557 2.403707 -0.054410
v 94.986763 -2.020227 0.138201
v 83.442604 -1.573440 -0.320345
v 59.138309 -2.295731 0.158117
v 53.956779 -2.363672 -0.268038
v 40.613976 -2.591386 -0.098662
v 95.509071 2.418279 -0.141036
v 50.417679 -1.836404 -0.190125
v 91.754791 2.181440 -0.293213
v 71.106956 1.596676 -0.095318
v 87.966362 -2.327439 -0.065465
v 72.841652 1.786055 -0.049239
v 70.978432 -1.470027 -0.072565
v 71.430794 1.547407 -0.230278
v 7.753342 2.677067 -0.016941
v 29.151928 -2.581727 -0.095217
v 52.771851 -2.340554 -0.049331
v 96.481903 2.450318 -0.209527
v 13.329787 2.698649 -0.073074
v 9.812611 2.707852 -0.024223
v 21.230505 -2.588393 -0.102672
v 83.743645 -1.423475 -0.328378
v 75.715485 -2.017981 -0.235008
v 98.692070 -0.724212 -0.135815
v 72.045540 1.575832 -0.037885
v 33.005756 2.638940 -0.114449
v 23.640581 2.659164 -0.093880
v 0.419958 2.663291 0.199957
v 85.285583 1.754891 -0.209283
v 94.171036 1.573937 -0.210412
v 28.790768 2.647086 -0.107554
v 59.154449 -2.309767 -0.035916
v 89.837593 2.468529 0.015096
v 72.233353 -1.655160 -0.195439
v 16.371752 -2.600784 -0.110132
v 83.250267 -1.968709 -0.104518
v 13.867328 -2.638111 -0.006582
v 56.155067 1.937834 -0.281562
v 87.697899 -2.302239 -0.066054
v 63.611858 1.611746 -0.117668
v 73.232895 -2.281616 -0.326869
v 99.635757 -0.406100 0.010890
v 92.456619 1.743571 0.014032
v 48.519302 -2.532978 0.093648
v 91.102631 2.463047 -0.013267
v 0.168643 -2.455840 0.237613
v 97.263779 2.449063 -0.197956
v 65.305199 -1.870453 -0.347308
v 1.496134 -2.602771 -0.229315
v 52.005760 -2.345095 -0.073836
v 64.457840 -1.508460 -0.019792
v 62.589539 -1.485939 -0.210137
v 70.576836 -1.508611 0.021140
v 77.573402 1.938943 -0.375912
v 51.443893 -2.082470 -0.232943
v 44.844261 -2.542678 -0.141790
v 65.572662 1.749608 -0.103859
v 44.189648 -2.581767 -0.112612
v 61.840443 2.476945 0.015508
v 87.414299 -2.125947 -0.158249
v 77.833397 1.698920 -0.024041
v 40.987560 2.652991 -0.146599
v 75.974731 -1.786790 -0.265563
v 63.366734 -1.502411 0.014883
v 91.388672 2.207169 0.014819
v 64.865700 1.579058 -0.032677
v 74.755219 -2.288855 -0.115357
v 48.287895 -2.549304 -0.140532
v 57.746323 1.754950 -0.028653
v 98.014183 -0.978804 -0.293564
v 93.628532 1.600953 -0.012188
v 65.371529 -1.673649 0.032074
v 76.398132 2.463907 -0.024630
v 97.413490 -2.304238 -0.104697
v 88.314972 2.491989 -0.103124
v 98.454918 1.799424 -0.187656
v 58.448650 1.956687 -0.026249
v 84.108406 -1.342655 -0.304813
v 49.202080 -2.090180 0.072501
v 98.276489 2.340323 -0.294259
v 76.492043 -1.654523 -0.167582
v 83.886642 2.493616 -0.114762
v 51.581184 2.342187 0.216748
v 90.301712 -2.311839 0.060334
v 55.481537 -1.498814 -0.218987
v 94.983124 1.939715 -0.090437
v 63.323505 1.735351 -0.321236
v 54.516880 -1.902613 -0.177588
v 80.010612 -2.086097 -0.270611
v 57.435551 -1.643429 -0.137826
v 87.581459 1.721523 -0.286293
v 66.024765 1.986405 -0.154649
v 43.321728 2.126693 -0.299638
v 73.493301 -2.281903 -0.062412
v 94.576065 -1.929102 -0.108474
v 68.342567 -2.327941 -0.277726
v 64.999374 -1.651572 -0.163666
v 72.480309 1.568828 -0.195704
v 69.154839 -1.797165 -0.093773
v 94.775475 -2.307667 -0.385835
v 79.491417 1.575378 -0.207544
v 68.544044 -2.322492 -0.106389
v 51.058849 2.037648 0.032849
v 50.843948 -1.861668 -0.165477
v 91.840469 -1.312397 -0.269752
v 93.941322 -1.720232 -0.275167
v 55.131168 -1.491500 -0.316317
v 80.712395 2.101411 -0.141934
v 89.800606 -2.306945 -0.353016
v 49.506893 -1.897388 -0.155940
v 77.277885 -1.501268 -0.245354
v 79.827744 1.464437 -0.445720
v 69.647903 -1.623980 -0.065849
v 11.579790 -2.705746 -0.264024
v 67.095581 -2.341743 -0.181267
v 91.225800 -1.262520 -0.386818
v 59.315269 2.421655 -0.224982
v 90.179619 -1.768181 -0.397750
v 44.074379 2.613569 -0.320127
v 78.063148 -1.548714 -0.350816
v 49.876301 2.603047 -0.221446
v 81.096771 2.473074 -0.152628
v 56.819363 -1.570682 -0.357101
v 72.478546 -1.871649 -0.420860
v 41.878155 2.322236 -0.203999
v 64.137840 -1.486633 -0.438928
v 88.438400 2.464851 -0.251867
v 99.229233 -0.453082 -0.381574
v 86.199623 -1.655094 -0.610736
v 78.349350 -1.581255 -0.286155
v 64.103264 -1.483682 -0.111830
v 63.729130 -1.460609 -0.106429
v 70.857407 1.711030 -0.456090
v 92.986954 -1.500597 -0.715508
v 64.410408 -1.559859 -0.374508
v 73.950790 2.439134 -0.395362
v 53.018436 2.230193 -0.169284
v 48.187405 -2.541260 -0.268650
v 87.917625 1.671797 -0.483525
v 94.686668 1.472521 -0.506141
v 92.688210 1.736137 -0.198827
v 32.927479 -2.578787 -0.197161
v 77.760567 -1.485396 -0.453108
v 63.475391 -1.314807 -0.595258
v 70.436241 1.754615 -0.097474
v 9.575922 2.691451 -0.280156
v 40.930874 -2.571086 -0.358525
v 93.125320 -1.506587 -0.402368
v 73.377274 1.948460 -0.259140
v 55.897453 -1.452176 -0.287866
v 71.898430 -1.659437 -0.470607
v 70.736946 -1.422501 -0.297916
v 14.052282 2.675587 -0.256845
v 28.317173 -2.570274 -0.297512
v 38.612915 -2.577214 -0.298422
v 86.922318 -1.892743 -0.314725
v 61.245564 -2.316126 -0.229654
v 81.415413 -2.283895 -0.362496
v 93.674942 -1.669892 -0.392177
v 47.979618 2.585078 -0.210502
v 50.720383 -1.903644 -0.484410
v 82.933571 -1.925773 -0.369618
v 99.225395 1.167453 -0.392634
v 19.714304 2.647556 -0.216083
v 81.131302 2.444153 -0.245236
v 87.597603 -2.283878 -0.407232
v 54.763260 -1.425585 -0.492778
v 17.517992 -2.581965 -0.303683
v 83.860039 2.524032 -0.233732
v 32.625168 2.610955 -0.413414
v 81.830772 2.464087 -0.170146
v 2.512683 2.644906 -0.200231
v 80.337105 -2.297197 -0.304219
v 74.379684 -2.263264 -0.332945
v 64.028824 1.557367 -0.164593
v 55.221802 2.510484 -0.298920
v 0.234301 2.585773 0.017801
v 57.094677 1.683773 -0.214241
v 0.430901 -2.604657 -0.439283
v 71.856995 1.435413 -0.562147
v 99.621849 -0.373472 -0.378494
v 12.002103 -2.707727 -0.246438
v 0.130762 2.476135 -0.069352
v 48.797020 -2.124625 -0.166817
v 93.429237 1.580793 -0.295283
v 76.202194 2.481671 -0.073122
v 91.535545 2.425504 -0.434782
v 63.222343 -1.334385 -0.424155
v 97.316948 -2.303196 -0.262063
v 13.780634 -2.614707 -0.314334
v 72.205399 1.411486 -0.509432
v 65.208702 1.559416 -0.223322
v 80.773582 1.756777 -0.448864
v 68.560616 -1.902747 -0.373200
v 68.274376 2.408068 -0.399532
v 62.949093 -1.324519 -0.412097
v 86.749794 1.574565 -0.218133
v 86.001900 1.604386 -0.226946
v 79.167274 1.573945 -0.187546
v 93.792374 1.500758 -0.422000
v 78.088257 1.716944 -0.338978
v 54.273960 -1.702157 -0.480525
v 55.898438 2.114181 -0.421388
v 43.837982 2.426839 -0.302817
v 78.412460 1.628134 -0.145445
v 44.982304 -2.519335 -0.414540
v 95.225403 1.616541 -0.529616
v 64.658852 1.507787 -0.232396
v 44.383839 -2.558287 -0.371365
v 88.053772 1.988338 -0.291224
v 42.966499 1.976644 -0.531434
v 69.971138 -1.464407 -0.188767
v 99.932762 -0.274647 -0.121145
v 9.377872 -2.660199 -0.271037
v 84.614632 -1.326825 -0.245645
v 99.919762 0.128259 -0.601606
v 65.543266 -2.114956 -0.529701
v 94.983658 1.521824 -0.519909
v 66.766182 2.417601 -0.480815
v 99.796379 0.745293 -0.379624
v 10.409649 -2.665803 -0.281767
v 98.272026 -0.734008 -0.380257
v 65.624718 1.564672 -0.382559
v 98.723465 -0.540675 -0.425067
v 98.611534 2.125315 -0.477765
v 54.498516 -1.531246 -0.493933
v 88.405281 2.072699 -0.479375
v 68.921722 -1.617083 -0.370425
v 69.281433 -1.461448 -0.369804
v 97.115395 -2.269913 -0.509907
v 92.408775 1.934353 -0.520297
v 72.800064 -2.113624 -0.535557
v 76.152351 -1.400848 -0.517758
v 88.551132 -2.289273 -0.352931
v 72.876678 1.576473 -0.334214
v 43.555904 2.181066 -0.346030
v 95.702019 2.453362 -0.310108
v 53.171894 2.379938 -0.178584
v 49.029877 -1.871991 -0.399909
v 62.488960 2.191262 -0.360752
v 90.198433 2.396753 -0.466180
v 58.683979 -2.292500 -0.313787
v 59.583702 2.393120 -0.459115
v 62.074955 -1.611574 -0.280341
v 56.609097 1.770555 -0.167505
v 65.984299 1.760524 -0.346643
v 75.124756 -2.228898 -0.545970
v 78.742317 -1.680315 -0.400130
v 70.194611 -1.341748 -0.399371
v 77.323456 2.182111 -0.593545
v 57.930893 -1.854066 -0.261512
v 70.489983 -1.299991 -0.597816
v 62.552628 -1.182168 -0.621973
v 78.281082 -1.568993 -0.705425
v 70.165443 1.949859 -0.320079
v 48.564896 -2.107557 -0.340789
v 61.237633 2.419241 -0.322172
v 92.368965 -1.294248 -0.599658
v 89.656509 -2.277583 -0.504204
v 53.731266 -2.326565 -0.514937
v 69.114799 2.377082 -0.578357
v 85.555481 1.716636 -0.401754
v 71.021370 -1.452789 -0.404397
v 73.748688 1.927906 -0.543508
v 65.735130 -2.280124 -0.608437
v 43.489616 1.911007 -0.650810
v 9.068974 2.646085 -0.561789
v 66.414154 1.991437 -0.442347
v 0.249310 -2.542473 -0.272419
v 85.810013 -1.464264 -0.380602
v 72.583763 1.372042 -0.562592
v 71.312943 1.567989 -0.661569
v 88.328644 1.723329 -0.633767
v 69.763176 2.168328 -0.325114
v 0.146968 -2.448824 -0.281294
v 63.934109 1.582472 -0.555554
v 91.994484 1.979468 -0.151747
v 74.754662 2.350649 -0.716560
v 84.976768 1.986408 -0.512453
v 73.989334 -2.203401 -0.628785
v 64.686775 -1.665156 -0.474928
v 72.871399 -2.236634 -0.664977
v 82.905609 2.451149 -0.436081
v 63.185226 1.944830 -0.752083
v 43.938553 -2.517851 -0.606835
v 0.435264 2.657204 -0.281547
v 98.826454 1.495765 -0.325477
v 87.329582 1.566800 -0.383032
v 96.145607 -2.249481 -0.583025
v 78.469475 -1.640116 -0.651574
v 61.719048 -1.769609 -0.325470
v 11.656737 -2.675441 -0.460802
v 1.433357 -2.566610 -0.497605
v 86.506203 -1.880890 -0.809041
v 64.888321 1.399759 -0.558681
v 49.880730 -1.803922 -0.351178
v 29.008896 -2.517061 -0.599722
v 42.341026 2.136655 -0.481236
v 85.157310 -1.327068 -0.372127
v 50.485023 -1.881541 -0.839334
v 79.448586 1.411516 -0.557019
v 13.590612 -2.588548 -0.511210
v 47.277878 -2.506664 -0.491831
v 23.443140 -2.543677 -0.499840
v 93.299805 1.593338 -0.613956
v 84.907684 -1.309243 -0.316775
v 98.448418 -0.497696 -0.611149
v 56.400761 1.836437 -0.270367
v 57.617687 1.578734 -0.425614
v 49.766586 2.566722 -0.454437
v 16.940144 -2.530536 -0.604939
v 51.159706 -2.029143 -0.399847
v 87.328217 -2.255217 -0.477289
v 64.962036 -1.855294 -0.675310
v 89.862450 -1.751594 -0.588957
v 55.437153 -1.322697 -0.546228
v 78.777153 1.565182 -0.424728
v 49.456917 -1.707737 -0.614396
v 91.102890 2.377721 -0.572090
v 88.677055 2.401875 -0.511294
v 64.360893 1.477251 -0.518182
v 3.401093 -2.591660 -0.402706
v 99.091446 1.748189 -0.689931
v 62.109722 2.447738 -0.328220
v 5.992600 -2.582772 -0.433688
v 99.848587 0.661185 -0.440405
v 37.144642 2.617955 -0.396101
v 51.717663 -2.333504 -0.396834
v 81.485474 2.405644 -0.572729
v 94.096916 1.401661 -0.622874
v 86.397522 1.514732 -0.445538
v 84.211380 -1.137756 -0.560070
v 9.753657 -2.628391 -0.519036
v 48.021248 -2.527398 -0.447600
v 87.693810 1.472662 -0.580001
v 29.147911 2.618320 -0.395668
v 76.821098 2.444613 -0.447277
v 57.970325 1.570518 -0.437476
v 26.356224 2.627715 -0.400619
v 73.336662 1.647601 -0.487907
v 7.264016 2.643677 -0.403192
v 94.377213 1.369589 -0.632315
v 84.418503 -1.100182 -0.648029
v 4.758075 2.616897 -0.421092
v 58.440552 -2.258507 -0.549352
v 99.996468 -0.270226 -0.868058
v 79.648720 -2.195949 -0.842805
v 75.112473 2.403773 -0.417993
v 69.643356 -1.201352 -0.610908
v 73.323158 1.398435 -0.692000
v 59.163414 2.012099 -0.434471
v 97.434669 -1.297520 -0.475561
v 19.524601 2.603128 -0.519599
v 95.438210 2.068024 -0.328916
v 81.357475 2.118838 -0.621085
v 58.299812 1.691974 -0.326378
v 61.242001 -2.001633 -0.454522
v 92.180122 2.131330 -0.714458
v 41.205482 2.630265 -0.426314
v 61.529175 -1.353156 -0.709119
v 60.988125 -2.282377 -0.505710
v 62.279526 2.401289 -0.489051
v 67.056778 2.326926 -0.790810
v 89.529182 -2.223560 -0.655935
v 62.271889 -1.372243 -0.445006
v 45.056122 2.586293 -0.371299
v 99.705872 1.252217 -0.848943
v 52.735657 -2.302553 -0.418232
v 76.745041 -1.421431 -0.396634
v 10.518951 2.606838 -0.726614
v 76.383934 -1.243160 -0.638211
v 94.495293 -2.249252 -0.695760
v 97.261368 -1.759897 -0.467272
v 98.958252 1.860944 -0.678869
v 66.239517 1.519750 -0.671938
v 90.792305 -1.078823 -0.637500
v 51.116219 1.588018 -0.408892
v 53.944565 -1.986642 -0.514594
v 68.063744 -2.279016 -0.567960
v 82.679665 -1.857144 -0.585104
v 81.690857 2.366284 -0.767643
v 76.992615 -1.306065 -0.591529
v 53.454319 2.339001 -0.799913
v 95.609612 1.677818 -0.694178
v 74.042366 2.053966 -0.694243
v 40.797516 -2.511018 -0.665587
v 75.311691 -1.551500 -0.727216
v 56.024555 2.183710 -0.910896
v 63.570766 1.743067 -0.740149
v 22.450745 -2.509868 -0.656223
v 51.436443 1.480794 -0.529398
v 81.188484 1.738123 -0.699769
v 38.899590 -2.523816 -0.615228
v 80.177849 1.491156 -0.470242
v 43.905087 1.910722 -0.760260
v 60.672413 -2.257987 -0.599310
v 90.506653 -1.344209 -0.500499
v 88.688072 2.017750 -0.709354
v 97.620277 -0.948879 -0.540178
v 44.334415 2.585454 -0.527667
v 58.886150 1.768419 -0.472884
v 83.050262 -1.227580 -0.700057
v 83.004776 -1.646422 -0.487131
v 77.361870 -1.304836 -0.766287
v 86.841408 1.423503 -0.600490
v 49.140438 -1.719016 -0.616058
v 53.368305 2.416716 -0.503811
v 71.323349 -1.521789 -0.609779
v 61.362633 -1.772385 -0.521437
v 66.873795 -2.281497 -0.506852
v 80.572166 1.595906 -0.486186
v 46.699635 2.514846 -0.570228
v 97.636116 2.302227 -0.512348
v 58.645653 1.671066 -0.463988
v 53.535110 -2.246763 -0.737783
v 49.687664 2.510243 -0.663569
v 61.121876 2.372440 -0.588644
v 57.073807 -1.680787 -0.624938
v 92.517273 -1.306074 -1.047006
v 90.147339 -1.409834 -0.594728
v 68.370628 -1.740187 -0.592609
v 80.067642 -2.269976 -0.566822
v 99.389420 1.486693 -0.776273
v 61.870903 -1.160952 -0.742465
v 89.193260 -2.252771 -0.509685
v 87.298721 -2.246959 -0.579900
v 70.736145 -1.319597 -0.801906
v 50.220081 -1.809368 -0.597813
v 48.034752 -2.246520 -0.615994
v 85.256226 -1.288721 -0.754765
v 54.859489 2.366252 -0.815627
v 74.276314 2.363354 -0.763782
v 52.909466 1.766882 -0.571005
v 56.722927 1.746503 -0.589264
v 57.316742 1.582823 -0.552623
v 97.019730 -1.964025 -0.661494
v 78.744690 -1.798296 -0.997804
v 62.260616 -0.968906 -0.868800
v 78.356285 1.661257 -0.515091
v 96.809792 2.370228 -0.493351
v 94.448280 -2.151978 -0.538878
v 47.050709 -2.440566 -0.742308
v 62.909199 -1.116097 -0.783542
v 63.724178 -1.332600 -0.826779
v 64.517120 1.396835 -0.818515
v 84.404205 2.425266 -0.669331
v 56.516804 -1.505051 -0.561885
v 78.591957 1.559053 -0.984798
v 48.725624 -1.743384 -0.672043
v 8.272274 -2.520774 -0.784563
v 75.792999 2.373633 -0.616629
v 1.887602 -2.493073 -0.788319
v 24.332542 2.588434 -0.584230
v 0.612737 2.611060 -0.566924
v 12.887224 -2.531408 -0.787457
v 12.245102 2.639148 -0.632736
v 0.069565 2.336504 -0.528726
v 11.048341 -2.604592 -0.695425
v 0.638189 -2.512742 -0.788455
v 32.596474 -2.518866 -0.585727
v 78.873253 1.415959 -1.122950
v 69.943222 -1.108600 -0.801928
v 2.145009 2.587509 -0.592463
v 31.626677 2.553049 -0.685129
v 18.929104 2.561049 -0.698096
v 65.459587 1.386128 -0.574899
v 65.106964 1.351284 -0.635971
v 54.955074 -1.248678 -0.638058
v 14.497126 -2.494435 -0.803757
v 55.794487 -1.307734 -0.707350
v 0.069042 -2.232105 -0.691992
v 86.028938 1.576585 -0.554480
v 55.525951 2.467291 -0.591909
v 88.926056 2.328452 -0.762633
v 14.450483 2.615309 -0.576718
v 91.481354 -1.134428 -0.578034
v 93.393036 -1.645585 -0.645843
v 98.079552 -0.525084 -0.692767
v 87.255699 1.414061 -0.584330
v 79.339615 -1.863466 -0.407953
v 34.796249 -2.531266 -0.591245
v 73.041420 1.315505 -0.700306
v 44.973503 2.506923 -0.750026
v 55.058674 -1.051159 -0.894528
v 45.144951 -2.422882 -0.813153
v 87.027374 1.450180 -0.529797
v 93.768044 -1.881208 -0.779876
v 42.027737 2.237290 -0.717299
v 82.494110 -2.255531 -0.588742
v 99.765366 1.128868 -0.847651
v 0.029368 -2.073764 0.128708
v 91.870903 2.342594 -0.749303
v 59.829945 2.357198 -0.674287
v 48.421364 -2.022005 -0.510319
v 70.521286 1.926594 -0.759529
v 69.611923 2.413056 -0.529973
v 39.872978 2.577389 -0.637970
v 67.976067 -2.224833 -0.694477
v 78.957336 -1.846189 -0.751107
v 73.736824 1.532299 -0.760513
v 80.472366 1.150963 -0.842840
v 71.767372 1.396714 -0.832020
v 62.747746 2.269829 -0.883912
v 95.179405 1.289419 -0.785360
v 41.762604 2.428108 -1.153992
v 49.802235 -1.684809 -0.803007
v 68.876122 -1.169672 -0.730637
v 66.552147 1.601929 -0.762607
v 82.390907 -1.533177 -0.868271
v 90.394096 -0.921525 -0.808593
v 84.763474 -1.116896 -0.785117
v 41.448601 2.559748 -0.817458
v 70.074516 2.172872 -0.720681
v 79.137863 1.394029 -0.795852
v 57.911636 -2.140443 -0.932199
v 0.302685 2.553080 -0.659119
v 47.788868 -2.475068 -0.704084
v 69.416374 -1.176977 -0.644704
v 95.497711 1.432117 -0.782067
v 59.409508 1.713464 -0.773342
v 88.175652 1.361441 -0.776388
v 59.625008 2.153432 -0.660204
v 99.342262 1.527391 -0.836064
v 93.810501 1.402428 -0.796571
v 3.656524 -2.495186 -0.794413
v 50.145523 2.034472 -0.712417
v 94.252022 -2.194306 -0.857829
v 44.323959 2.308623 -0.678924
v 56.365692 1.929866 -0.813666
v 80.828049 1.311281 -0.786298
v 57.818108 1.401965 -0.767767
v 75.066025 -1.697905 -0.799793
v 53.664833 -1.783113 -0.781586
v 68.005501 -1.838981 -0.797063
v 44.600010 2.542745 -0.731574
v 82.673241 -1.328249 -0.788657
v 69.020088 -1.000226 -0.842474
v 75.593231 -1.359456 -0.714329
v 72.801323 1.192805 -0.814676
v 60.833698 -2.228683 -0.679152
v 75.838966 -1.087299 -0.826942
v 97.803307 -0.638109 -0.677326
v 70.938232 1.745949 -1.034284
v 96.029198 2.371302 -0.695899
v 76.613876 -1.123883 -0.781674
v 44.299351 2.103671 -0.767169
v 89.550179 -1.765656 -0.773131
v 83.770195 -1.009562 -0.719820
v 96.778740 -2.127790 -0.905645
v 68.194206 -1.518543 -0.790059
v 77.155777 2.380249 -0.778625
v 67.779793 -2.157364 -0.898655
v 87.696869 1.238362 -0.790450
v 84.004135 -0.821570 -0.950696
v 79.875778 1.217635 -0.794757
v 91.823532 -1.099988 -0.783050
v 83.416641 -1.066458 -0.709684
v 89.294662 -2.112604 -0.908950
v 54.462204 -1.077323 -0.830044
v 54.018967 -1.329025 -0.795737
v 65.980995 1.383574 -0.687077
v 59.139652 1.506204 -0.781450
v 82.433395 -1.960918 -0.738586
v 99.127342 -0.390821 -0.693348
v 77.616867 -1.330286 -0.950202
v 97.116356 -0.991992 -0.799012
v 87.331970 1.186535 -0.877847
v 0.437135 -2.415748 -1.048530
v 95.926010 1.971056 -0.765280
v 94.815872 1.143564 -0.911546
v 97.717964 -0.343664 -0.948508
v 82.709549 2.356268 -0.793613
v 65.365395 -2.182008 -0.896986
v 43.352646 1.812156 -0.822419
v 70.879601 -1.332957 -1.145770
v 51.326778 -2.266895 -0.778939
v 60.722977 2.235099 -1.018418
v 68.539223 -1.350157 -0.723727
v 71.395058 -1.563416 -0.877921
v 62.448509 2.338470 -0.758926
v 96.865898 2.297711 -0.688341
v 69.793190 2.343455 -0.769806
v 58.749344 1.364072 -0.780354
v 59.472904 -2.191902 -0.750772
v 61.013313 -1.709359 -0.754482
v 12.361593 2.581463 -0.861709
v 53.343513 -2.157934 -0.926543
v 85.756432 -1.486331 -0.764505
v 5.491523 2.535419 -0.778678
v 85.459671 -1.372469 -0.533211
v 0.446756 2.551055 -0.806171
v 78.161392 1.753248 -0.771709
v 63.898960 -1.382457 -1.024976
v 87.664993 -2.085351 -0.969034
v 66.961456 2.028467 -0.839245
v 58.175037 -2.197372 -0.802461
v 52.034908 -2.220564 -0.801939
v 56.528862 -1.495377 -1.148515
v 44.821823 2.468369 -0.906678
v 90.357872 2.230988 -0.958652
v 84.027649 2.365780 -0.807533
v 10.840378 -2.518225 -0.922589
v 56.834686 -1.634753 -0.985418
v 99.162003 1.580381 -0.883918
v 82.186989 -2.169026 -0.917089
v 88.950645 2.129989 -0.879140
v 42.424763 2.014874 -0.996800
v 86.879234 -2.147434 -0.898912
v 51.244637 1.370145 -0.602425
v 0.233620 -2.441774 -0.761161
v 81.191788 -2.188416 -0.789334
v 63.284782 -1.142497 -0.965308
v 75.914551 2.293629 -0.881034
v 68.945259 2.290254 -0.829907
v 40.635391 -2.420413 -0.950883
v 92.915688 1.725598 -0.575128
v 43.980766 -2.434582 -0.877940
v 82.500191 -0.911930 -0.988527
v 34.898167 2.495888 -0.885881
v 90.046410 -1.071795 -0.792884
v 93.220291 -1.660294 -1.079946
v 74.637482 -2.058999 -1.036427
v 30.147619 2.493052 -0.878776
v 33.594719 -2.431015 -0.893054
v 48.175488 -1.901031 -0.746597
v 14.594133 2.519876 -0.878862
v 77.037521 -1.112102 -0.968854
v 72.120903 1.225077 -0.979305
v 1.865067 2.502893 -0.880244
v 26.296959 2.540403 -0.784255
v 99.662453 1.290824 -0.896906
v 84.342598 -0.918484 -0.949961
v 92.168449 -1.153815 -0.978846
v 40.404339 2.509947 -0.878638
v 38.916065 -2.441480 -0.883949
v 22.784176 2.501173 -0.884545
v 97.307678 -0.701339 -0.822704
v 55.552834 -1.118344 -0.987886
v 21.393740 -2.435192 -0.889853
v 29.407274 -2.415239 -0.922694
v 86.648994 1.375824 -0.805656
v 56.049873 -1.304347 -0.966704
v 89.727081 -1.294010 -0.820199
v 6.220110 -2.484956 -0.802278
v 0.027505 2.164320 -0.727530
v 88.598625 1.248327 -0.980633
v 0.002877 1.876916 -0.919571
v 91.067024 -0.954239 -0.766266
v 53.422520 -1.570451 -0.996582
v 0.043999 -1.950228 -1.114085
v 72.570740 -2.169812 -0.897763
v 94.350449 1.187406 -0.952042
v 74.875412 -1.317522 -1.026713
v 65.117493 1.209694 -0.911477
v 79.550446 1.185061 -0.994428
v 98.246933 -0.382038 -0.848351
v 66.779037 1.592628 -0.899811
v 87.987534 1.015052 -0.969496
v 57.361393 -1.860817 -0.884890
v 64.729599 -1.847076 -1.067027
v 60.025253 2.307859 -0.885310
v 50.876694 -2.047476 -0.823763
v 53.684448 -1.186263 -0.979346
v 46.767677 2.406343 -0.907040
v 74.025299 1.358054 -0.970619
v 98.639709 -0.328620 -0.953802
v 95.305244 1.023153 -0.999495
v 47.598564 -2.403648 -0.915307
v 84.739342 2.336324 -0.950467
v 99.883026 0.143321 -1.076319
v 77.487152 2.256493 -1.087037
v 88.250755 0.973784 -1.009361
v 66.571220 1.160501 -1.003432
v 81.706520 2.049865 -0.918904
v 89.375084 -0.971319 -1.054147
v 97.528587 2.148114 -0.780446
v 72.155762 -1.860143 -0.723131
v 43.936687 1.671133 -1.043045
v 95.920906 1.387694 -0.981064
v 69.043732 -0.772218 -1.042553
v 92.633049 1.909684 -0.879780
v 58.949448 1.120199 -1.003177
v 58.333862 1.297332 -0.838954
v 89.200706 2.201200 -1.075423
v 69.549011 -0.937450 -0.955310
v 96.241447 2.271548 -0.933165
v 97.284912 -0.342596 -1.015442
v 82.840271 -0.723233 -0.982293
v 67.805649 -1.532766 -0.997858
v 95.698326 1.158045 -0.990511
v 53.915611 -0.921797 -1.017141
v 81.476418 1.507600 -0.960761
v 67.204887 2.269526 -0.954456
v 44.902512 2.010365 -1.111220
v 62.499691 -0.834369 -1.082832
v 51.554325 0.903606 -1.078002
v 59.870975 1.888695 -0.953295
v 75.071144 -1.113427 -0.992399
v 49.603367 2.416169 -0.919288
v 75.437813 -0.889643 -0.992689
v 53.195549 -1.817009 -1.122694
v 66.866295 -2.103920 -0.973306
v 96.868843 -0.504366 -1.045278
v 48.726860 -1.453178 -1.015007
v 96.763145 -1.591217 -0.940720
v 81.143272 1.346710 -0.879908
v 74.222458 1.780331 -0.932818
v 90.891304 -0.648672 -1.088735
v 74.794594 -1.662426 -0.992261
v 89.724602 -0.752353 -0.999841
v 44.210815 1.853592 -0.913422
v 68.381081 -0.927190 -0.984600
v 65.618225 1.134629 -0.893683
v 59.504570 1.385333 -0.978964
v 60.217262 2.238679 -1.081949
v 94.030113 1.213792 -1.095795
v 48.374252 -1.296065 -1.191061
v 80.118507 0.962445 -1.063171
v 96.865616 -1.185275 -0.912655
v 60.687984 -1.783972 -0.946245
v 50.980804 -2.168061 -1.067303
v 61.091286 -1.288764 -0.903845
v 73.787773 1.168681 -0.961082
v 73.636192 -2.076898 -1.011841
v 73.432297 1.028954 -0.962519
v 81.353607 -2.072966 -1.089115
v 61.840324 -0.781446 -1.014126
v 45.323792 -2.304182 -1.107925
v 58.758221 -2.121077 -0.954295
v 80.146500 -2.077091 -1.072133
v 63.729362 1.736113 -1.169809
v 87.582077 1.000016 -1.017445
v 61.307068 -0.902280 -0.993713
v 90.087456 -0.574394 -1.030649
v 12.557894 2.493077 -1.081595
v 10.651996 -2.411251 -1.143219
v 8.879466 2.551772 -0.891857
v 99.220230 -0.310955 -1.096855
v 81.942513 2.288767 -1.023930
v 91.326599 2.155379 -1.101028
v 10.736072 2.454828 -1.144967
v 90.637291 -0.762671 -0.922174
v 14.525764 2.394739 -1.180555
v 47.870354 -1.908405 -0.909594
v 74.558243 2.247542 -1.049729
v 83.065750 2.210696 -1.131779
v 82.168732 -1.715924 -0.979909
v 30.250443 2.373531 -1.168065
v 0.381933 2.427865 -1.105334
v 55.763622 2.365359 -0.905284
v 83.233284 -0.588471 -1.033411
v 80.818855 0.951893 -1.009715
v 34.487946 2.412169 -1.098563
v 47.343147 -2.320816 -1.068425
v 48.311638 -1.597434 -0.933162
v 54.111191 -0.777200 -1.062088
v 60.558411 -2.162559 -0.949033
v 73.043213 1.010343 -0.979020
v 96.834946 1.906667 -1.344483
v 53.485455 2.236363 -1.074306
v 46.236500 2.388562 -0.965693
v 60.799717 -1.412457 -0.984902
v 51.137829 1.254461 -0.780627
v 52.844265 1.367283 -0.946497
v 86.397171 1.397347 -0.974752
v 64.301834 1.423795 -1.144249
v 54.634979 -0.914097 -0.963555
v 70.302376 -1.131315 -0.958474
v 64.105942 -1.475922 -1.198695
v 85.953514 1.588823 -0.851517
v 94.519180 1.006662 -1.144777
v 76.261223 -0.890269 -0.989593
v 79.193054 -2.076233 -1.138759
v 83.574989 -0.614145 -1.056505
v 94.858002 -2.047330 -1.112946
v 50.157524 -1.754240 -1.099057
v 80.462654 0.917603 -1.041295
v 63.538208 -1.139336 -1.359379
v 71.598770 1.407658 -1.128821
v 84.483765 -0.838150 -1.243351
v 71.248558 1.576961 -1.305501
v 69.316513 -0.681379 -1.216880
v 85.595802 -1.424384 -1.200461
v 71.615845 -1.662893 -0.884878
v 28.962816 -2.321927 -1.140395
v 84.926529 -1.068375 -1.190581
v 67.562851 -2.029346 -1.117121
v 43.529434 -2.330859 -1.129894
v 57.609207 1.358841 -1.037416
v 81.083611 1.031153 -1.006236
v 49.590969 2.357211 -1.035999
v 0.208457 -2.262177 -1.136214
v 65.363037 0.920203 -1.262677
v 53.128506 -2.046592 -1.152072
v 7.902564 -2.348931 -1.150333
v 66.957802 1.186790 -1.135368
v 93.587227 1.418400 -1.142482
v 1.958059 -2.315229 -1.203296
v 45.122803 2.355855 -1.116809
v 15.082781 -2.314021 -1.196005
v 16.963762 -2.405431 -0.968657
v 96.729538 -0.815951 -1.041163
v 59.217159 1.205327 -0.986752
v 66.028625 1.022492 -0.992213
v 87.264885 0.902543 -1.277299
v 49.384205 -1.536485 -0.972657
v 96.877083 -0.162778 -1.138118
v 55.171036 -0.871324 -1.189968
v 62.785862 -0.849326 -1.218799
v 66.291069 0.992431 -1.036806
v 89.702248 -0.364986 -1.121847
v 86.910088 1.199578 -1.032259
v 60.376919 -2.065693 -1.153404
v 89.332756 -1.379023 -1.003314
v 85.312752 1.940341 -0.868631
v 74.409348 1.400980 -1.152250
v 53.084309 1.859176 -0.742957
v 67.949516 -1.143159 -1.024085
v 96.435341 2.141222 -1.121545
v 74.723885 -0.698883 -1.187199
v 98.406647 1.845233 -0.877022
v 89.298592 -0.539568 -1.146087
v 86.693596 -2.083266 -1.074192
v 53.379539 -0.786104 -1.192857
v 93.045906 1.702243 -1.130488
v 99.708214 0.910548 -1.093282
v 0.086747 -1.896699 -1.429750
v 82.915550 -0.374213 -1.137735
v 67.143463 1.568857 -1.138479
v 68.655006 -0.539437 -1.183781
v 44.889942 1.722133 -1.218107
v 95.657532 0.902627 -1.090029
v 61.072601 -0.507802 -1.185504
v 53.223953 -1.133653 -1.189736
v 77.845589 1.942209 -0.842443
v 75.383598 -0.371465 -1.233239
v 83.231537 -0.331602 -1.200015
v 88.400665 0.589957 -1.163183
v 99.203217 0.690427 -1.482780
v 9.026228 2.442727 -1.151044
v 82.249161 -1.075925 -1.040421
v 59.363880 -2.082338 -1.042767
v 68.613945 -0.765679 -1.044701
v 68.515930 2.200617 -1.042617
v 72.488960 1.117670 -0.983539
v 49.620934 -1.525013 -1.175791
v 61.913151 2.174183 -1.104988
v 50.756504 -2.076265 -1.238881
v 99.792686 0.400558 -1.265078
v 72.240242 -2.062944 -1.122754
v 26.542925 2.415038 -1.104026
v 63.043797 2.167435 -1.138424
v 64.707558 1.232991 -1.193978
v 71.889168 -1.846414 -1.078264
v 80.976837 0.518878 -1.236493
v 73.282623 0.675151 -1.183922
v 93.877220 -2.069973 -1.132880
v 92.348190 2.165033 -1.122088
v 47.772633 -1.159711 -1.362116
v 70.662888 1.962309 -1.422955
v 54.740929 -0.731292 -1.154149
v 32.757523 -2.306570 -1.168924
v 53.517193 2.128197 -1.271589
v 23.782549 2.413333 -1.095432
v 74.545235 -1.995255 -1.152042
v 75.172516 -0.668167 -1.109095
v 98.057877 -0.173773 -1.131171
v 66.951775 0.945555 -1.186866
v 58.644257 1.008865 -1.107134
v 54.354538 -0.532390 -1.221789
v 11.957882 2.394394 -1.276576
v 72.814705 0.821564 -1.200468
v 40.583218 2.413946 -1.111469
v 70.261787 2.182668 -1.110890
v 54.663208 2.173177 -1.200545
v 84.098694 -0.641040 -1.230378
v 80.710617 0.638534 -1.206770
v 89.037811 1.545551 -1.128515
v 51.318867 0.715141 -1.228658
v 83.723534 -0.432422 -1.270657
v 22.718517 -2.335257 -1.123599
v 67.496140 -1.210106 -1.221886
v 13.569584 2.431081 -1.155138
v 59.977245 1.385969 -1.171942
v 40.573925 -2.299940 -1.215676
v 60.393745 -1.278922 -1.226006
v 80.329956 0.720743 -1.250671
v 67.909767 -0.561974 -1.199312
v 34.534706 -2.337926 -1.128547
v 81.935753 -2.067647 -1.141986
v 53.607677 -0.536845 -1.206384
v 65.847519 0.821493 -1.174960
v 85.980324 -1.626632 -0.975723
v 74.227142 0.987417 -1.152304
v 89.119606 -2.017750 -1.091105
v 96.484016 -1.493187 -1.197338
v 60.722450 -0.537722 -1.225469
v 92.181114 -1.086884 -1.304155
v 96.046806 0.772536 -1.190958
v 73.636353 0.565442 -1.196702
v 89.047020 -1.495796 -1.190695
v 87.752945 0.774284 -1.160173
v 82.034470 2.228682 -1.142305
v 73.975090 0.785364 -1.140330
v 59.429775 0.840827 -1.187767
v 12.715133 -2.321801 -1.228836
v 74.506538 -0.997996 -1.230000
v 74.000198 0.457966 -1.223535
v 68.115334 -0.325571 -1.263261
v 88.946182 -0.836482 -1.256461
v 59.734264 0.990677 -1.182464
v 81.606430 0.996196 -1.151067
v 84.922966 2.267897 -1.094614
v 61.916130 -0.565427 -1.186649
v 0.164263 2.371354 -0.901456
v 58.961994 0.859055 -1.182800
v 88.819649 0.824306 -1.147473
v 60.436554 2.112787 -1.285411
v 91.323135 -0.818855 -1.056266
v 53.880333 -0.397114 -1.251681
v 74.939590 -0.343177 -1.213330
v 50.140617 1.770767 -1.032442
v 89.286758 -0.174659 -1.193406
v 67.659035 -0.721876 -1.213226
v 47.549320 -1.659601 -1.195411
v 75.805130 -0.641410 -1.136182
v 47.325142 -2.269055 -1.167712
v 65.119034 0.978624 -1.354006
v 90.422440 -0.380774 -1.184968
v 81.871078 1.588901 -1.160858
v 0.011162 -0.890264 -0.655401
v 95.702553 0.590668 -1.210860
v 49.051277 -1.456321 -1.032891
v 97.226082 -0.009118 -1.203886
v 81.414093 0.647629 -1.185238
v 81.788475 -1.383606 -1.278888
v 89.027985 -0.237470 -1.230162
v 96.438919 0.030095 -1.229755
v 88.665085 0.248216 -1.225944
v 47.119350 -2.174649 -1.336769
v 88.093857 0.556234 -1.211425
v 96.255836 1.225030 -1.176324
v 96.551147 -2.000961 -1.165696
v 89.077278 0.377576 -1.219596
v 81.872490 -1.134124 -1.226331
v 60.162811 -1.945620 -1.338669
v 96.164001 1.724668 -1.012898
v 74.523514 -1.451436 -1.196004
v 96.469452 -1.082081 -1.179555
v 82.082222 -0.151112 -1.221555
v 47.509453 -1.974602 -1.109936
v 97.646584 -0.094340 -1.175516
v 89.212250 0.667727 -1.260321
v 60.639168 -0.973547 -1.162469
v 94.183647 1.027971 -1.325114
v 89.881424 -0.135813 -1.213321
v 82.242813 -0.479021 -1.151923
v 61.588226 -0.508437 -1.177954
v 82.604881 -0.128614 -1.219482
v 64.011299 1.565962 -0.876357
v 88.925957 1.166826 -1.138848
v 7.511414 2.431103 -1.138953
v 52.694645 1.065542 -1.160343
v 40.618271 2.337668 -1.254786
v 74.671608 1.014957 -1.324070
v 89.453438 0.109730 -1.231356
v 96.620636 0.204646 -1.249681
v 65.888069 -2.102788 -1.019719
v 49.551525 2.196846 -1.294978
v 51.591736 -2.083012 -1.153168
v 67.477737 2.119249 -1.269268
v 77.614761 2.167416 -1.249202
v 71.911110 1.213104 -1.236313
v 53.005573 1.252358 -1.368886
v 81.769142 0.249432 -1.252708
v 91.785423 -0.923692 -1.187182
v 56.307377 -1.373365 -1.285546
v 75.816109 2.171602 -1.162842
v 94.966011 0.803058 -1.197945
v 52.928940 -1.945829 -1.338017
v 56.128822 2.176989 -1.225108
v 70.526627 -1.125987 -1.340708
v 72.402534 0.929761 -1.284214
v 74.796371 2.117444 -1.263568
v 96.346466 0.800916 -1.252102
v 57.106010 1.567028 -0.981460
v 82.195000 0.261158 -1.279779
v 95.340309 0.669458 -1.208863
v 63.103062 -0.925049 -1.347517
v 74.264793 -1.867021 -1.362969
v 81.718224 -1.954417 -1.323006
v 96.228607 -0.176850 -1.260975
v 79.799316 -1.907500 -1.344799
v 91.556297 -0.645908 -1.542149
v 92.709854 1.961995 -1.423387
v 99.567711 -0.313094 -1.168331
v 92.796631 -1.455894 -1.394681
v 76.466606 -0.750376 -1.197464
v 69.679520 2.149997 -1.144224
v 96.079880 0.246127 -1.265829
v 1.621382 2.390766 -1.153729
v 91.870735 1.990669 -1.357431
v 96.365837 0.427082 -1.262409
v 81.820259 0.630892 -1.243302
v 81.861534 1.150634 -1.229332
v 74.442650 0.614312 -1.253966
v 44.821709 -2.143606 -1.410376
v 5.471337 2.387157 -1.154396
v 3.329129 2.357679 -1.216545
v 34.474636 2.328075 -1.263312
v 96.334709 -0.551243 -1.227092
v 53.032246 -1.241912 -1.282768
v 86.559700 1.218641 -1.369049
v 44.303028 1.502992 -1.236390
v 24.285936 2.328558 -1.258515
v 38.497524 -2.316671 -1.177536
v 74.680298 0.204194 -1.294517
v 66.542793 0.774770 -1.166781
v 47.832077 -1.529444 -1.132267
v 86.924988 1.027992 -1.358817
v 17.866673 2.377511 -1.181427
v 71.137985 -1.458778 -1.389324
v 70.119324 -0.922484 -1.322709
v 81.761093 -0.327713 -1.278162
v 58.170975 1.139485 -1.092408
v 81.486412 0.042848 -1.300726
v 52.828693 -0.112462 -1.395511
v 96.310631 -1.841787 -1.416294
v 0.039669 2.016019 -1.191960
v 75.007668 0.043937 -1.311525
v 45.329163 2.250295 -1.293029
v 93.279808 1.553858 -1.400272
v 52.987579 -0.734149 -1.321169
v 34.294117 -2.204608 -1.369479
v 67.367996 -0.097627 -1.321313
v 83.970673 2.163418 -1.200966
v 43.257095 1.656725 -1.240175
v 28.063602 -2.196258 -1.369924
v 16.936710 -2.275103 -1.234882
v 96.713089 1.886199 -1.352382
v 82.618576 0.329552 -1.376773
v 5.988035 -2.317446 -1.182999
v 66.250450 0.679368 -1.219056
v 81.892059 -0.748469 -1.233645
v 71.747452 -1.850896 -1.428771
v 9.462331 -2.260877 -1.362796
v 88.748428 -0.241517 -1.292546
v 78.358925 1.703375 -1.351901
v 74.437180 -0.186956 -1.277572
v 48.413979 -1.158279 -1.332317
v 66.753815 0.485428 -1.266155
v 78.798615 -1.889881 -1.424539
v 75.990181 -0.236741 -1.460010
v 74.784538 1.506951 -1.380002
v 67.222214 0.563320 -1.294403
v 69.796959 -0.830420 -1.247546
v 64.451561 -1.660284 -0.927922
v 44.658337 1.634513 -1.189528
v 71.429596 -1.667262 -1.630268
v 96.656395 0.509448 -1.317373
v 67.797066 -0.037326 -1.323037
v 85.633461 1.748273 -0.834571
v 74.217270 -1.282826 -1.388204
v 67.335419 -0.740208 -1.313234
v 42.134117 2.186049 -1.136717
v 0.210087 2.189111 -1.314384
v 82.122459 1.213377 -1.345128
v 58.790394 0.626421 -1.391605
v 89.356499 1.346074 -1.352945
v 54.621391 -0.401530 -1.420415
v 89.368866 1.010135 -1.347812
v 97.420448 0.206609 -1.379604
v 67.464508 0.195486 -1.327285
v 93.456985 -1.894683 -1.397860
v 82.244064 0.710967 -1.361326
v 60.307064 -0.575646 -1.316589
v 52.756302 0.923712 -1.345866
v 89.232216 1.807542 -1.221426
v 67.178192 -0.311478 -1.352660
v 96.350922 -1.807701 -1.387409
v 89.400848 2.067333 -1.324622
v 55.383217 -0.870485 -1.347809
v 67.449318 1.648547 -1.339006
v 86.405510 -1.958122 -1.270933
v 96.126152 -0.982450 -1.385017
v 48.593746 -1.035333 -1.522531
v 96.594131 1.501349 -1.336289
v 74.304161 -1.835408 -1.371917
v 57.279808 -1.916162 -1.363482
v 99.957504 -0.292082 -1.311972
v 74.202179 0.112817 -1.281301
v 96.226685 -1.365227 -1.400186
v 59.730618 0.613308 -1.272985
v 60.362228 0.239045 -1.345384
v 82.234039 2.093895 -1.343822
v 46.696449 2.202108 -1.312736
v 53.256294 -0.113752 -1.330577
v 59.995914 0.244947 -1.336147
v 60.124958 0.625918 -1.321604
v 67.734291 0.391383 -1.399490
v 81.244209 0.448949 -1.235126
v 97.766357 0.145429 -1.435635
v 87.730530 -1.876843 -1.324577
v 54.064812 -0.181541 -1.389614
v 60.983944 -0.183329 -1.293213
v 89.516792 0.694221 -1.372823
v 88.690887 -0.993001 -1.408847
v 67.273300 -1.868303 -1.353256
v 97.326675 1.804780 -1.314936
v 59.174610 0.513510 -1.352428
v 90.174973 -0.064025 -1.312883
v 72.666275 -1.845508 -1.401472
v 58.116726 0.982654 -1.370863
v 85.450279 1.973657 -1.490242
v 45.194748 1.751635 -1.357059
v 60.324696 1.961218 -1.266348
v 60.663845 -0.119443 -1.306309
v 60.287220 1.337794 -1.337416
v 88.741722 -1.453958 -1.429328
v 72.147491 0.948177 -1.466522
v 95.508270 0.147812 -1.414029
v 65.831673 -1.902699 -1.328180
v 99.002274 1.081316 -1.316399
v 95.754539 -0.086395 -1.397805
v 60.271309 0.976364 -1.350907
v 65.019951 -2.060251 -1.185642
v 52.800114 0.757399 -1.370977
v 52.804066 -1.004179 -1.399394
v 79.857994 0.902192 -1.293004
v 60.252930 -0.185061 -1.332987
v 74.885506 0.640255 -1.385836
v 87.725952 0.491738 -1.366763
v 94.857109 0.464417 -1.525735
v 83.019753 0.085083 -1.397977
v 60.514717 0.536692 -1.400188
v 57.591057 -2.050508 -1.156482
v 95.955650 -0.542798 -1.398402
v 66.984604 0.148873 -1.325139
v 52.781296 -1.347464 -1.455809
v 81.535355 -0.716685 -1.398067
v 63.461407 1.954351 -1.430146
v 96.634560 0.971755 -1.358267
v 67.487068 0.661072 -1.366902
v 8.768237 2.274073 -1.396027
v 9.819105 2.262169 -1.470431
v 95.135605 0.439440 -1.404228
v 88.839104 -1.850673 -1.370623
v 90.507660 -0.025609 -1.480101
v 94.714333 -1.852851 -1.410658
v 62.184753 2.014677 -1.346916
v 88.474983 -0.668084 -1.468325
v 98.081787 1.578406 -1.283005
v 67.300423 1.271583 -1.285575
v 82.258278 2.150051 -1.296602
v 81.269211 -0.256221 -1.427500
v 69.560631 -0.566750 -1.485222
v 61.885731 -0.274010 -1.409973
v 66.285667 0.327553 -1.394530
v 82.182472 1.688491 -1.355943
v 75.154633 0.298659 -1.413554
v 81.598030 -1.865127 -1.447465
v 62.245609 -0.454172 -1.405388
v 66.977638 -0.564050 -1.445588
v 10.874299 -2.303600 -1.317063
v 52.755554 -1.819704 -1.519316
v 58.489746 0.745133 -1.424931
v 61.510258 -0.139994 -1.383335
v 89.769615 0.312315 -1.352645
v 75.566673 -0.086091 -1.402766
v 88.123924 0.068725 -1.410224
v 87.338882 0.543249 -1.590177
v 30.110109 2.192986 -1.468513
v 96.864655 0.615890 -1.396987
v 53.136318 0.333496 -1.379711
v 52.447308 0.743328 -1.373411
v 34.178658 2.201596 -1.467694
v 13.661277 2.259230 -1.441407
v 46.733086 -2.082949 -1.481545
v 80.887756 0.175199 -1.418476
v 88.391808 -0.240149 -1.406679
v 68.870338 -0.424962 -1.304786
v 0.442942 2.361490 -1.238322
v 60.062092 -0.708816 -1.407641
v 0.441145 -2.260961 -1.344375
v 24.089884 2.193508 -1.468509
v 68.145706 0.109807 -1.428459
v 65.824562 0.601973 -1.368924
v 98.475067 -0.133349 -1.315412
v 49.461647 -1.341509 -1.511217
v 89.609200 1.918756 -1.534203
v 38.232464 2.200205 -1.467285
v 73.843903 -0.115001 -1.390459
v 59.404613 0.293404 -1.399627
v 17.581739 2.204834 -1.463640
v 53.712227 -0.023727 -1.384077
v 83.411507 -0.166669 -1.375450
v 0.011151 -0.910289 -1.908435
v 53.583527 1.955732 -1.525193
v 55.033466 1.995037 -1.456455
v 84.086769 1.974018 -1.462994
v 47.167645 -1.669395 -1.410322
v 66.696892 -0.045452 -1.424991
v 98.928192 -0.219182 -1.349946
v 43.315475 -2.202851 -1.357566
v 50.361214 -1.870570 -1.519512
v 85.217392 2.119562 -1.328760
v 41.420574 2.175951 -1.520759
v 60.947548 0.225341 -1.421986
v 72.525131 0.604087 -1.581142
v 59.817783 -0.120748 -1.417918
v 53.487873 0.165876 -1.407240
v 32.599899 -2.107239 -1.491575
v 77.782799 -1.315045 -1.335043
v 71.600502 1.321881 -1.497448
v 28.569838 -2.059479 -1.561890
v 55.872959 -1.126142 -1.330857
v 47.321190 -1.272822 -1.440645
v 79.183769 1.196163 -1.368721
v 13.340843 2.261672 -1.427770
v 38.935802 -2.121334 -1.491516
v 51.294498 0.582559 -1.368171
v 78.741173 1.447833 -1.574683
v 47.317432 2.015607 -1.563769
v 80.259201 0.519481 -1.487108
v 49.100819 -1.234673 -1.435316
v 74.084427 -0.613622 -1.395199
v 76.168091 -0.500639 -1.324540
v 86.998665 -1.877275 -1.343051
v 64.373589 1.325670 -1.540532
v 52.589169 -0.590579 -1.449180
v 6.861030 -2.113324 -1.494261
v 61.244255 -0.128091 -1.338071
v 73.483665 0.111341 -1.422272
v 85.104515 -1.063679 -1.695398
v 63.874123 -1.319359 -1.471555
v 90.466011 1.990987 -1.375280
v 51.837410 0.327436 -1.499239
v 49.863995 -1.584243 -1.485357
v 57.799664 1.043235 -1.579810
v 96.995880 0.301167 -1.317540
v 93.867401 1.140842 -1.481849
v 68.558342 1.986197 -1.393489
v 0.152153 1.904311 -1.606982
v 1.596926 -2.092058 -1.546285
v 43.806232 1.533622 -1.261572
v 78.068108 -1.459418 -1.207876
v 67.014618 -1.688444 -1.586154
v 57.529877 1.310375 -1.278175
v 58.113064 -1.701650 -1.590120
v 60.102699 -1.396081 -1.401799
v 42.826458 1.777729 -1.320715
v 58.713139 -1.881850 -1.381930
v 56.664333 1.779351 -0.941254
v 51.543179 0.444312 -1.436193
v 52.464695 0.322919 -1.435178
v 53.304092 0.993556 -1.527531
v 48.132469 -0.975217 -1.466295
v 99.270767 -0.240821 -1.606068
v 53.270969 1.385157 -1.531528
v 69.752510 1.923188 -1.452853
v 99.861946 -0.310159 -1.554691
v 59.808933 -0.909865 -1.559940
v 88.416893 -1.131377 -1.626314
v 7.278662 2.278004 -1.397304
v 68.558022 -0.127532 -1.419714
v 92.439407 -1.199408 -1.593380
v 67.708252 1.444720 -1.527110
v 52.288731 -0.376224 -1.531385
v 60.050823 -1.866253 -1.450409
v 76.777756 -0.863404 -1.228050
v 47.453552 -0.795414 -1.572667
v 67.181534 -1.254855 -1.411607
v 97.354225 1.564557 -1.597667
v 86.037201 1.534954 -1.355923
v 11.103939 2.243472 -1.480061
v 53.389450 1.604963 -1.554817
v 27.400660 2.193517 -1.483516
v 43.186798 1.607829 -1.438966
v 74.014404 -1.663542 -1.596458
v 12.703830 -2.076894 -1.564115
v 56.457802 1.972746 -1.494125
v 97.072517 1.620978 -1.583485
v 21.572029 2.141846 -1.549313
v 5.427576 2.196935 -1.467047
v 96.997604 1.449690 -1.585083
v 82.464478 1.955439 -1.538064
v 42.484970 1.947832 -1.732159
v 64.441643 -1.711439 -1.620865
v 43.543030 1.440018 -1.535230
v 7.782809 2.226624 -1.440304
v 1.924972 2.189299 -1.479127
v 52.063320 0.026617 -1.534081
v 46.882347 -1.471378 -1.582712
v 78.368851 -1.634528 -1.726974
v 62.557133 -0.442440 -1.651778
v 85.728844 1.766050 -1.658857
v 76.466217 -0.461820 -1.523810
v 75.393753 0.438983 -1.556435
v 75.110146 1.234372 -1.599845
v 94.601646 0.726013 -1.434558
v 75.750763 0.155504 -1.605331
v 67.145187 -1.703955 -1.478265
v 95.164513 0.084844 -1.591103
v 54.050766 0.345119 -1.669386
v 98.940407 0.158882 -1.971397
v 87.096611 0.748196 -1.610997
v 95.455223 -0.335521 -1.614474
v 15.409836 2.174813 -1.522177
v 68.993286 -0.090612 -1.623008
v 57.011494 1.579618 -1.326118
v 47.128265 -1.124297 -1.537560
v 80.879074 -0.217611 -1.591057
v 81.213570 -0.787586 -1.597540
v 65.600128 0.550582 -1.533468
v 22.361362 -2.106759 -1.499865
v 53.590530 0.563286 -1.559383
v 83.003578 0.406020 -1.563565
v 60.676121 1.117256 -1.539439
v 34.600487 -2.060417 -1.574480
v 16.812723 -2.098027 -1.507514
v 93.109291 -1.683521 -1.632247
v 60.630882 1.973934 -1.469506
v 85.437004 -1.314216 -1.510162
v 75.246674 0.859584 -1.606624
v 67.722946 1.937762 -1.528451
v 42.158123 2.181937 -1.526149
v 99.729065 0.421616 -1.338403
v 86.065269 -1.762489 -1.497180
v 49.536140 1.951645 -1.597051
v 83.563942 0.009805 -1.599701
v 54.250607 0.011018 -1.573188
v 84.804398 -0.900615 -1.558420
v 81.405396 -1.396516 -1.574607
v 44.938126 1.230913 -1.495511
v 14.515393 -2.113569 -1.517339
v 90.843338 -0.331907 -1.391966
v 62.107288 -0.190931 -1.581349
v 88.626366 -1.673650 -1.561303
v 80.575562 0.289642 -1.484937
v 87.796341 -0.111809 -1.659682
v 82.678513 0.744200 -1.541782
v 97.168297 0.842268 -1.593849
v 12.851782 2.264948 -1.489841
v 83.240860 0.367652 -1.680239
v 66.557213 -0.407973 -1.602579
v 50.569996 1.180222 -1.318537
v 64.718910 -1.904889 -1.418480
v 68.507210 1.793088 -1.617557
v 98.719025 1.302197 -1.278906
v 65.573250 -1.735441 -1.542115
v 90.025208 0.564687 -1.571028
v 56.883698 -1.688099 -1.641059
v 86.729805 0.997047 -1.662712
v 54.888439 -0.344724 -1.646541
v 95.834145 -0.929965 -1.572349
v 51.606770 0.029680 -1.624102
v 51.367794 0.302079 -1.558118
v 91.289902 1.702147 -1.676271
v 52.483479 -1.602443 -1.736248
v 94.972839 -1.591703 -1.701075
v 69.852615 -0.636665 -1.634210
v 59.735798 -1.611981 -1.728260
v 61.336391 0.276785 -1.571795
v 52.488895 -1.026989 -1.564842
v 73.783653 -0.781445 -1.573923
v 8.912992 2.203672 -1.523341
v 63.267910 -0.880870 -1.722646
v 59.180996 0.096394 -1.555418
v 0.438243 2.176146 -1.517218
v 73.220093 0.068571 -1.558602
v 66.158295 0.065038 -1.575859
v 47.916580 -0.617148 -1.712756
v 44.611641 1.204067 -1.494777
v 14.028015 2.025924 -1.724647
v 67.931702 0.716714 -1.553940
v 77.005722 1.984524 -1.471666
v 99.631798 -0.276843 -1.764300
v 60.911877 1.760599 -1.695857
v 51.687054 -1.914617 -1.407223
v 79.892097 -1.581074 -1.732853
v 52.019737 -0.419478 -1.631105
v 60.598866 1.662501 -1.510524
v 75.069267 1.948382 -1.525236
v 94.283493 0.701796 -1.707880
v 60.865681 0.748482 -1.554676
v 83.865799 1.775124 -1.681616
v 73.519264 -0.315522 -1.577809
v 46.558365 -0.607914 -1.752808
v 88.018982 -0.322693 -1.614416
v 66.973351 -1.380471 -1.588770
v 78.026527 1.967641 -1.518802
v 88.130684 -0.758722 -1.734220
v 67.935654 1.758365 -1.709892
v 82.425873 1.283843 -1.517861
v 60.863579 1.675079 -1.710330
v 10.723317 -2.144657 -1.527696
v 0.221595 -2.056251 -1.489082
v 69.265923 -0.235901 -1.659177
v 46.789154 -1.986689 -1.610584
v 66.817329 -0.899483 -1.598986
v 81.313744 -1.640357 -1.707867
v 44.169292 -1.860148 -1.760283
v 5.506709 1.990810 -1.715879
v 30.016890 1.992243 -1.718603
v 3.361942 2.172508 -1.514856
v 77.277054 -1.023260 -1.420119
v 53.634727 1.775741 -1.724663
v 68.354340 0.342034 -1.596014
v 39.149662 1.997632 -1.718617
v 84.700790 -0.746996 -1.757581
v 16.439692 1.995196 -1.717247
v 45.188526 1.249563 -1.536250
v 45.476383 1.394317 -1.586746
v 45.628498 2.058448 -1.554148
v 57.975857 0.819714 -1.765440
v 49.565510 1.681586 -1.856833
v 79.786201 0.725738 -1.625197
v 98.262360 0.096102 -1.590129
v 76.889938 -0.656051 -1.641684
v 43.216965 -2.064023 -1.551881
v 97.346176 1.403115 -1.732410
v 40.769310 -2.098132 -1.532378
v 88.386345 -1.495973 -1.737439
v 48.789474 -0.876785 -1.826962
v 9.327530 -2.105099 -1.561369
v 65.913956 0.098498 -1.690919
v 73.016769 0.458177 -1.409390
v 79.448692 1.023902 -1.453164
v 97.652794 1.091752 -1.919876
v 14.593060 -1.899835 -1.760958
v 56.048588 -1.122786 -1.700761
v 82.694809 1.749188 -1.732114
v 59.566711 -0.394877 -1.569284
v 0.001396 -0.019047 -1.120947
v 81.071182 -0.969453 -1.747295
v 90.311203 1.796163 -1.610963
v 78.317696 1.780447 -1.728196
v 71.662384 -1.503717 -1.761157
v 70.798607 -1.214089 -1.731166
v 6.810818 -1.898131 -1.747476
v 68.762604 1.641292 -1.749075
v 32.716770 -1.881981 -1.761012
v 0.430754 -1.915501 -1.786217
v 28.521723 -1.871670 -1.776336
v 25.359091 -1.887738 -1.762989
v 57.493153 1.179265 -1.770273
v 50.083878 1.422842 -1.473210
v 17.265610 -1.880645 -1.762009
v 98.933762 -0.082270 -1.739199
v 53.736858 1.063705 -1.751674
v 93.510460 1.362873 -1.589156
v 70.484947 1.651729 -1.726183
v 7.224712 2.028177 -1.689279
v 7.765258 2.077804 -1.680343
v 48.253338 -0.718304 -1.728032
v 64.234360 -1.556177 -1.755149
v 93.033867 1.701612 -1.695816
v 45.806900 1.942372 -1.693914
v 85.669563 -1.475270 -1.765438
v 57.580799 -1.544245 -1.757621
v 86.328743 1.316949 -1.556754
v 0.049485 1.645877 -1.623912
v 61.632793 1.811046 -1.616102
v 57.270863 1.383991 -1.553504
v 77.862930 -1.255180 -1.869196
v 49.218391 -1.107472 -1.788859
v 51.721741 -1.586205 -1.744439
v 99.551865 -0.284382 -1.784922
v 83.945114 -0.325512 -1.520203
v 50.063622 -1.685936 -1.725856
v 56.627354 -1.508113 -1.822816
v 80.845802 -0.565340 -1.764275
v 94.668777 0.260535 -1.816173
v 11.906963 2.024805 -1.708311
v 53.592358 1.472932 -1.709023
v 0.011483 1.323442 -1.680892
v 52.076847 -0.860281 -1.762493
v 78.553932 1.581571 -1.896124
v 80.430466 0.074512 -1.720575
v 53.891327 0.741278 -1.758127
v 63.968376 1.610403 -1.699927
v 46.441765 -1.837643 -1.783648
v 59.478260 -0.792470 -1.756299
v 79.175461 1.087681 -1.777073
v 89.731071 1.227213 -1.587642
v 71.031502 1.697990 -1.707537
v 91.189972 -0.498158 -1.429779
v 43.392445 1.349511 -1.857642
v 33.931686 2.002768 -1.711419
v 8.348410 -2.023920 -1.634417
v 75.278343 1.780055 -1.730000
v 22.290216 1.967036 -1.749191
v 86.549019 -1.480315 -1.744589
v 61.062992 1.016093 -1.736133
v 2.700045 1.960760 -1.758254
v 27.820110 2.005438 -1.715802
v 86.960449 0.686774 -1.859407
v 44.338619 1.159485 -1.566855
v 60.924828 1.359053 -1.725073
v 90.851814 0.000652 -1.709094
v 66.832138 -1.525983 -1.753218
v 82.899307 1.512559 -1.892797
v 76.380905 -0.132568 -1.785697
v 48.289684 1.812788 -1.750971
v 73.124825 -0.202997 -1.776162
v 89.878540 0.923112 -1.615318
v 63.767147 1.747901 -1.648460
v 94.470604 0.339922 -1.936803
v 89.825188 1.749630 -1.711889
v 68.751358 0.325054 -1.782491
v 10.519596 -1.902028 -1.770645
v 97.272064 1.320701 -1.743788
v 46.267876 -0.898369 -1.839620
v 65.598373 -1.533959 -1.737942
v 44.074886 1.205011 -1.604671
v 58.823219 0.344488 -1.585706
v 61.210472 1.562796 -1.864002
v 46.519791 -1.361881 -1.752044
v 59.076649 -0.182332 -1.753618
v 59.517120 -1.462294 -1.844095
v 82.979927 0.943991 -1.797945
v 92.844513 -1.489087 -1.795437
v 34.579811 -1.871789 -1.787510
v 1.959944 -1.887531 -1.770121
v 46.720528 -0.278635 -1.783179
v 85.677536 1.776343 -1.680154
v 73.520088 -0.745330 -1.737994
v 73.813942 -1.519976 -1.727135
v 87.560501 0.187188 -1.664577
v 19.881815 -1.884098 -1.764597
v 40.431137 -1.893916 -1.764528
v 13.721394 2.048461 -1.662180
v 67.848297 1.143766 -1.581464
v 56.762440 1.765640 -1.736089
v 9.435932 2.043506 -1.697942
v 45.799709 1.353754 -1.756733
v 48.191288 -0.322386 -2.101583
v 46.227341 1.792956 -1.827963
v 66.490707 -0.693134 -1.772137
v 42.439354 1.951995 -1.792774
v 76.846855 1.751156 -1.711398
v 97.439888 0.677965 -1.672209
v 0.309046 2.070772 -1.595429
v 46.586418 -1.844583 -1.771939
v 54.507328 1.778585 -1.689293
v 45.337101 0.820549 -1.757742
v 96.019585 -1.626555 -1.671527
v 95.423958 -0.579680 -1.740405
v 83.702507 0.250196 -1.914937
v 83.466049 0.476480 -1.903606
v 13.182416 2.093210 -1.674056
v 56.281178 1.735430 -1.728103
v 47.709190 -0.610685 -1.677066
v 46.247597 -0.340858 -1.823874
v 61.430801 0.548226 -1.765122
v 50.289867 1.182510 -1.507259
v 87.270172 0.311295 -1.861096
v 49.668224 1.246093 -2.147537
v 88.163162 -1.278403 -1.898042
v 45.669716 0.979542 -1.768941
v 69.619591 -0.267415 -1.898321
v 84.442314 -0.456086 -1.894128
v 45.174732 -1.686689 -1.905915
v 85.449783 -1.285723 -1.923415
v 0.288337 -1.762042 -1.865072
v 68.259415 1.470875 -1.921422
v 55.049370 -0.210907 -1.913171
v 36.772873 2.004140 -1.713153
v 8.753508 -1.777485 -1.897115
v 55.398602 -0.641182 -1.726327
v 20.654240 1.772225 -1.935875
v 91.481819 -0.319241 -1.953884
v 39.297592 1.761543 -1.945801
v 84.200104 -0.426890 -1.624509
v 56.454182 -1.359348 -1.938552
v 97.882065 0.858613 -2.010900
v 46.462830 0.051043 -1.854316
v 77.140167 -0.649918 -1.942697
v 62.820236 -0.623878 -1.645600
v 0.423240 1.879189 -1.850538
v 55.716412 -0.942216 -1.578068
v 66.589027 -1.328665 -1.914582
v 71.897194 0.982176 -1.725531
v 0.180911 -1.740966 -1.779436
v 48.397160 1.604756 -1.920205
v 47.030136 -0.123912 -1.837050
v 66.723175 -1.304405 -1.807414
v 44.761089 0.785171 -1.806479
v 64.924667 0.947192 -1.629181
v 52.093723 -1.336643 -1.942477
v 46.132107 0.324227 -1.867580
v 13.268537 -1.666443 -1.950661
v 45.752495 0.639200 -1.849261
v 99.374359 -0.203371 -1.875101
v 7.496568 -1.692826 -1.942755
v 97.644707 0.504825 -1.680156
v 93.961784 0.873840 -1.854823
v 17.383284 -1.640079 -1.983826
v 95.577248 -1.293082 -1.934627
v 94.288300 -1.330896 -1.917926
v 99.297150 -0.138678 -1.930664
v 63.892834 -1.270273 -1.960553
v 47.837643 -0.252106 -1.970943
v 1.848863 -1.674724 -1.964300
v 40.203789 -1.683725 -1.961321
v 49.001541 -0.891161 -1.980259
v 46.172913 1.632853 -1.964089
v 64.589195 1.003160 -2.129528
v 45.865635 0.157597 -1.866660
v 45.998619 0.805170 -1.891610
v 0.162112 1.596864 -1.910782
v 78.116409 -1.450383 -1.877750
v 77.501625 -1.017243 -1.783653
v 45.104748 0.722539 -1.806159
v 45.487011 0.454385 -1.870214
v 49.827362 -1.473499 -1.907312
v 98.079414 0.272379 -1.722147
v 50.916878 -1.400853 -1.914773
v 95.002464 -0.123864 -1.814436
v 58.085365 -1.317567 -1.933874
v 43.846867 1.163451 -1.790094
v 81.038368 -1.387549 -1.920798
v 53.850266 1.550611 -1.898205
v 9.006669 1.747342 -1.931546
v 92.015137 -0.893896 -1.629972
v 0.043553 1.255382 -1.897174
v 78.106018 1.527922 -1.914519
v 49.454697 -1.140184 -2.105975
v 12.054679 1.747583 -1.929391
v 85.932655 1.571179 -1.836571
v 46.307495 -1.663971 -1.941780
v 79.857613 -1.315341 -1.933420
v 75.668175 0.626528 -1.787456
v 58.570724 0.280835 -1.817557
v 75.983337 0.318668 -1.844807
v 98.310699 0.554206 -2.037853
v 86.613464 -1.120107 -1.978680
v 12.783892 -1.880785 -1.773488
v 72.747322 0.287962 -1.721335
v 73.499069 -1.261513 -1.923943
v 71.946342 -1.260062 -1.928348
v 0.366994 1.618862 -2.061523
v 71.046532 -1.380925 -1.870780
v 64.349243 1.231162 -2.023120
v 86.303154 1.198702 -2.053406
v 42.951115 1.638697 -1.695113
v 54.129795 0.908922 -1.970385
v 97.587814 1.079483 -1.913768
v 70.358856 -0.920595 -1.694953
v 0.000213 0.693982 -1.887037
v 78.707809 1.426422 -2.008047
v 98.587891 0.319507 -2.059848
v 42.665325 1.786820 -1.949955
v 75.860695 1.210152 -2.144029
v 2.901468 1.757482 -1.950443
v 75.504936 1.552144 -1.924559
v 64.057617 1.449029 -1.889922
v 9.608561 -1.777825 -1.858710
v 80.125679 0.305235 -1.791887
v 46.167213 0.953539 -1.947499
v 46.887119 0.237810 -1.968636
v 90.197372 1.039589 -1.883166
v 61.838188 0.346331 -1.874182
v 82.980644 1.522619 -1.908640
v 80.761841 -1.106374 -2.091138
v 46.017044 -0.977715 -1.964128
v 90.776810 1.351629 -1.975873
v 43.258762 -1.641494 -1.972972
v 45.756874 -0.094257 -1.910989
v 7.422096 1.774982 -1.933143
v 87.879555 -0.918094 -2.067254
v 87.823090 -0.910277 -2.092925
v 47.254974 0.067856 -1.979406
v 76.488373 1.541027 -1.894894
v 10.309316 1.766692 -1.929443
v 32.974293 -1.621181 -1.995899
v 55.577412 1.483938 -1.924474
v 59.384758 -1.276224 -1.969260
v 12.912606 1.813878 -1.904578
v 14.378565 -1.658316 -1.981158
v 56.945263 1.592567 -1.888751
v 72.498909 0.365604 -1.873676
v 95.207352 -0.937105 -2.115969
v 69.373543 0.108865 -2.053477
v 46.444393 0.568059 -1.967393
v 63.093449 -0.619815 -2.017736
v 57.149418 1.397391 -2.020720
v 69.025940 0.428441 -2.022625
v 92.642807 -1.300162 -1.926643
v 76.577888 -0.064502 -2.036818
v 6.261526 1.769515 -1.926497
v 83.319923 1.177180 -2.140763
v 32.618866 1.759178 -1.937441
v 70.559494 1.357655 -1.952267
v 90.137405 1.451385 -1.941052
v 34.335419 1.770104 -1.940499
v 14.110156 1.834242 -1.915181
v 94.120071 0.435732 -2.302267
v 54.391487 0.468894 -1.934748
v 64.907722 -1.299379 -1.921988
v 27.861689 1.765754 -1.946615
v 61.198551 1.475111 -1.922779
v 68.304863 0.984426 -1.823978
v 45.630714 -0.354062 -1.997857
v 73.105736 -0.510940 -1.969918
v 11.538447 -1.706181 -1.933038
v 37.021488 1.764116 -1.944292
v 62.614613 -0.079077 -2.182807
v 58.278606 0.535549 -1.827402
v 97.803467 0.826156 -1.976556
v 23.571783 1.753280 -1.947916
v 54.569515 0.066230 -1.781772
v 50.813156 0.265815 -1.999335
v 9.888285 -1.589770 -2.011171
v 62.581619 1.409351 -1.947906
v 61.230686 1.319858 -1.949900
v 66.330887 -1.059154 -2.082850
v 92.020042 1.368438 -1.953521
v 90.435631 0.604007 -1.843909
v 80.545013 -0.454775 -1.951079
v 55.494480 -0.515959 -2.033834
v 86.144142 1.361185 -1.967905
v 7.413050 -1.532509 -2.067775
v 51.531124 -0.279659 -1.859640
v 66.538666 -1.203733 -1.971606
v 16.265968 1.757780 -1.942461
v 84.393929 1.392928 -1.982676
v 94.714302 -0.329882 -2.225658
v 83.949631 0.233992 -2.158853
v 44.879959 0.500658 -1.969278
v 14.131480 -1.377476 -2.181561
v 61.780258 0.877483 -2.204728
v 13.947872 1.699286 -1.945386
v 93.318901 1.405241 -1.944529
v 51.759907 -1.030822 -2.120857
v 45.292530 0.143298 -1.993167
v 44.347660 0.751281 -1.986042
v 65.210045 0.603254 -1.830130
v 50.061592 -1.110782 -2.090570
v 56.175415 -1.097186 -2.102102
v 76.339920 0.280007 -2.098243
v 27.770451 -1.634242 -1.993643
v 85.216942 -1.061211 -2.069057
v 36.231281 -1.642774 -1.997434
v 22.821552 -1.651829 -1.981272
v 14.035555 1.525970 -2.076576
v 68.495644 0.706697 -1.831218
v 6.959897 1.737192 -1.914561
v 56.084961 1.199049 -2.097242
v 98.668869 0.214725 -2.044399
v 66.126396 -0.279082 -1.811981
v 84.360413 -0.071424 -2.350857
v 98.200951 0.539188 -2.060528
v 66.161461 -0.844356 -2.167592
v 73.208801 -0.971112 -2.099307
v 12.012298 1.445732 -2.127501
v 70.789848 -1.130897 -2.035995
v 72.048347 -0.993693 -2.070755
v 8.946926 1.437409 -2.150418
v 51.755920 -0.463461 -1.796591
v 69.216667 1.316358 -1.984986
v 9.484570 -1.357024 -2.209922
v 93.533081 1.158453 -2.088158
v 87.613930 -0.384846 -2.019227
v 0.179876 -1.308526 -2.091677
v 57.250500 1.284651 -2.083168
v 63.684849 -1.087722 -2.073667
v 65.515213 0.257620 -1.897134
v 47.456223 0.286291 -2.211215
v 71.436218 1.273570 -2.023670
v 92.269363 -0.944015 -2.113366
v 79.762688 0.495418 -1.979500
v 0.081042 1.070079 -2.090932
v 93.104324 -0.901696 -2.128765
v 47.166222 1.355977 -2.102664
v 86.999680 0.242432 -2.303786
v 91.772957 -0.624215 -1.882164
v 0.055962 -1.148175 -1.992361
v 62.243195 0.063811 -1.930931
v 72.240654 0.463145 -2.057795
v 91.220566 -0.004152 -2.036065
v 86.586945 0.861283 -2.190886
v 44.782196 -1.386877 -2.133973
v 50.290680 0.724530 -1.919566
v 64.558006 -0.909178 -2.134402
v 79.439018 0.804894 -1.946821
v 85.015976 -0.858002 -2.172910
v 46.845547 0.811287 -2.188972
v 27.845789 1.525344 -2.128160
v 58.018578 -0.973914 -2.126161
v 23.874115 1.514434 -2.129529
v 3.366563 1.513471 -2.132369
v 93.805244 0.835904 -2.215695
v 50.046509 0.891032 -1.997084
v 0.018799 0.554393 -2.095650
v 85.968857 0.951870 -2.155021
v 71.203842 -0.917206 -2.121602
v 42.892838 1.584455 -2.117481
v 0.016618 -0.612794 -2.129951
v 78.897270 1.234109 -2.114989
v 86.151520 -0.792013 -2.139471
v 63.460857 -0.866027 -2.184762
v 43.096172 1.395783 -2.247330
v 65.769012 -0.354288 -2.242450
v 59.180603 -1.001965 -2.076536
v 71.666580 0.964886 -2.173923
v 65.702484 -0.943869 -2.119825
v 43.219486 -1.393404 -2.154600
v 68.568169 1.205225 -2.089174
v 54.165756 1.240625 -2.099075
v 59.093212 -1.032957 -2.109498
v 10.159511 1.462093 -2.132707
v 77.750496 -1.097214 -2.092263
v 47.100960 0.532211 -2.184967
v 83.488693 0.972799 -2.213079
v 75.908897 1.131933 -2.167931
v 54.737213 1.217378 -2.094247
v 17.068964 -1.300462 -2.214525
v 70.093613 -0.604753 -1.985082
v 72.769302 -0.191384 -2.072204
v 61.588017 1.202198 -2.117436
v 20.215240 -1.375625 -2.178859
v 32.782059 -1.353271 -2.180761
v 24.842966 -1.366332 -2.184576
v 12.312551 -1.548942 -2.099535
v 77.271362 1.218359 -2.094108
v 76.312157 1.223576 -2.105989
v 50.931911 -1.028861 -2.123149
v 28.346952 -1.362121 -2.185414
v 34.874050 -1.319255 -2.217448
v 46.476467 1.387360 -2.122993
v 8.740159 -1.527181 -2.103064
v 0.370622 -1.494663 -2.127283
v 90.457794 1.131866 -2.137902
v 7.595175 -1.298195 -2.234470
v 12.884432 -1.531297 -2.094890
v 49.788094 0.911374 -2.298717
v 57.550106 0.943827 -2.216882
v 11.148364 -1.423979 -2.124712
v 45.571819 -1.116172 -2.306623
v 1.536337 1.517538 -2.126429
v 34.134499 1.532080 -2.120670
v 94.762222 -0.496807 -2.270368
v 70.242722 1.018350 -2.126200
v 84.501457 1.043535 -2.146369
v 44.536301 0.442226 -2.165492
v 49.254574 -0.949635 -2.194629
v 73.021095 -0.760149 -2.189059
v 38.453724 1.508289 -2.137212
v 86.836746 0.494313 -2.278018
v 62.971348 -0.309179 -2.341195
v 62.690819 1.024318 -2.146911
v 68.835747 0.949042 -2.179075
v 91.705757 1.044871 -2.129277
v 95.125381 -0.926548 -2.145322
v 14.221840 1.565922 -2.132458
v 44.885475 0.088294 -2.200499
v 16.567423 1.502237 -2.131730
v 7.179176 -1.368547 -2.180430
v 58.230312 -0.723518 -2.220356
v 80.109695 -0.908805 -2.152078
v 13.255550 1.464934 -2.133715
v 58.835281 -0.315516 -2.009468
v 61.606655 1.088968 -2.152062
v 90.674286 0.879570 -2.210241
v 86.196838 -0.524862 -2.219807
v 48.411037 1.247045 -2.142433
v 78.541702 -0.927248 -2.147777
v 56.772938 -0.727759 -2.224618
v 47.677094 1.033170 -2.235739
v 45.905220 -1.373219 -2.151772
v 55.928223 -0.831128 -2.207172
v 70.443314 -0.782138 -2.201141
v 54.521572 0.904252 -2.228572
v 39.565861 -1.381965 -2.187041
v 27.834846 -1.225727 -2.263226
v 7.164874 1.468245 -2.137645
v 78.228401 0.853498 -2.247020
v 92.711418 -0.533801 -2.240082
v 51.457195 -0.753750 -2.241117
v 80.506264 -0.810685 -2.200700
v 61.951893 0.846895 -2.246722
v 72.193008 -0.773161 -2.162159
v 84.821945 0.664643 -2.253399
v 9.846642 -1.337314 -2.188726
v 64.797523 0.777752 -2.220365
v 63.633957 0.750476 -2.218529
v 71.371490 -0.532183 -2.234584
v 45.226879 -0.314085 -2.198902
v 6.596323 1.438672 -2.175911
v 45.624645 -0.831466 -2.155336
v 69.237892 0.594965 -2.271977
v 84.753944 -0.554510 -2.277322
v 77.516953 -0.842093 -2.202533
v 46.986385 0.977378 -2.285710
v 26.238371 1.338793 -2.242200
v 32.437126 1.451918 -2.164252
v 13.716887 -1.280954 -2.208551
v 62.106194 0.544357 -2.264761
v 76.822891 0.739104 -2.286797
v 48.599899 -0.360627 -2.347937
v 69.813637 -0.097261 -2.322027
v 80.157631 0.016925 -2.015754
v 72.523331 -0.143140 -2.314669
v 87.530579 -0.531657 -2.219191
v 11.310006 -1.142208 -2.270521
v 34.022453 1.224538 -2.301684
v 17.132530 1.322134 -2.240386
v 21.560934 1.390140 -2.208619
v 72.649849 -0.332346 -2.287380
v 44.115074 0.653720 -2.244892
v 1.625818 1.237905 -2.295388
v 3.833158 1.227575 -2.299244
v 12.685672 -1.263887 -2.260301
v 64.330673 -0.643556 -2.225258
v 35.930313 1.412191 -2.191972
v 76.198807 0.818433 -2.279329
v 77.261261 -0.530011 -2.303136
v 54.377922 0.937546 -2.174379
v 58.930744 -0.799777 -2.205256
v 86.289787 0.440559 -2.267299
v 72.195068 0.299798 -2.319833
v 46.727760 1.088892 -2.218811
v 56.350807 0.838412 -2.229623
v 55.713474 -0.549274 -2.290903
v 6.939812 1.362283 -2.147753
v 94.326706 0.127261 -2.319196
v 58.351978 0.213562 -2.089377
v 71.920647 0.666740 -2.262528
v 44.632275 -1.086553 -2.313445
v 70.050728 0.642444 -2.243810
v 50.416508 -0.705504 -2.223317
v 41.956985 1.445388 -2.193046
v 6.735658 1.365914 -2.170391
v 48.318672 0.841017 -2.293226
v 84.111183 0.250385 -2.352433
v 40.763474 -1.206708 -2.283362
v 70.068703 -0.378553 -2.294498
v 91.026001 0.571823 -2.305781
v 22.941408 -1.197935 -2.279999
v 65.657486 -0.319637 -2.311604
v 86.168190 -0.114409 -2.287967
v 92.239006 0.633914 -2.262012
v 87.201042 -0.089546 -2.297815
v 91.774208 -0.375807 -2.313114
v 37.720543 -1.217281 -2.278612
v 13.001791 1.042120 -2.337059
v 79.252693 0.826413 -2.278333
v 48.895729 -0.615115 -2.305192
v 10.967532 1.137950 -2.290628
v 65.842384 -0.551149 -2.264653
v 94.041847 0.548106 -2.280152
v 71.856476 -0.129539 -2.303086
v 0.062565 -0.468423 -2.292012
v 77.032944 -0.256968 -2.351832
v 80.238976 -0.470915 -2.287939
v 56.147541 -0.345989 -2.306906
v 54.821613 0.345701 -2.183807
v 58.501842 -0.288033 -2.319880
v 43.790958 0.930942 -2.172593
v 1.961110 -1.312508 -2.216177
v 62.189919 0.528757 -2.312385
v 50.160305 -0.320561 -2.311658
v 70.366631 -0.146997 -2.308190
v 86.540588 0.061056 -2.297060
v 64.367668 -0.325447 -2.295784
v 65.017715 0.489948 -2.299339
v 0.163406 1.123838 -2.210323
v 78.115463 -0.530997 -2.272637
v 94.523216 -0.174430 -2.317225
v 64.462929 0.228441 -2.314673
v 70.150414 0.220704 -2.305648
v 92.778259 -0.117674 -2.308519
v 64.148811 0.505926 -2.269364
v 63.176636 -0.528013 -2.306028
v 51.211960 -0.528548 -2.296721
v 47.263721 0.723378 -2.346948
v 91.137573 0.425413 -2.323670
v 71.740707 0.405398 -2.301166
v 92.083572 0.248688 -2.322261
v 92.025223 -0.104005 -2.325615
v 44.382198 0.310112 -2.386025
v 93.656075 0.246896 -2.310343
v 83.819237 0.615097 -2.307999
v 56.260509 0.444908 -2.304867
v 69.526917 0.241866 -2.312788
v 54.806725 0.616907 -2.314267
v 16.983065 1.053223 -2.373390
v 63.598343 0.185520 -2.324536
v 80.026741 -0.168229 -2.335520
v 77.864532 -0.110575 -2.345536
v 13.994846 1.104244 -2.277298
v 64.574249 -0.041667 -2.324172
v 63.564476 -0.121679 -2.335373
v 47.837002 0.255569 -2.393283
v 9.780647 -0.886074 -2.402928
v 56.227551 0.058305 -2.327910
v 79.457573 0.579690 -2.329965
v 50.780510 -0.101892 -2.343585
v 7.553264 -0.962036 -2.389279
v 57.892647 0.548073 -2.308399
v 76.459160 0.500429 -2.343775
v 65.317917 0.086712 -2.337838
v 58.258823 0.079720 -2.338082
v 13.179315 -1.002174 -2.359143
v 0.376997 1.209085 -2.323086
v 84.486549 -0.233062 -2.335597
v 55.415466 -0.157339 -2.350130
v 0.186510 -0.856712 -2.323835
v 47.496510 0.530100 -2.375825
v 84.880745 0.278704 -2.315528
v 13.995872 -0.845319 -2.401477
v 6.754287 1.021643 -2.264828
v 79.665787 0.313582 -2.353504
v 91.445900 0.025558 -2.349116
v 62.644260 0.050511 -2.352471
v 78.012497 0.465553 -2.331012
v 48.462696 0.553647 -2.348899
v 45.304028 -0.863474 -2.417568
v 6.881181 -0.955310 -2.394778
v 7.413317 1.339087 -2.242674
v 2.112724 -0.958525 -2.391944
v 55.054676 0.291647 -2.352851
v 32.359943 1.133108 -2.335579
v 8.702981 1.054783 -2.365172
v 50.369640 0.207376 -2.377776
v 5.704611 -1.139467 -2.305309
v 25.913296 1.149330 -2.338354
v 21.786879 1.137018 -2.337553
v 0.325532 -1.094335 -2.330983
v 17.084196 -0.909148 -2.397801
v 78.300346 0.095996 -2.353004
v 36.299236 1.141989 -2.334979
v 32.612568 -1.091836 -2.320061
v 20.729639 -0.912098 -2.407701
v 11.466352 -0.847697 -2.373287
v 42.044601 1.203348 -2.324522
v 14.189083 -0.966379 -2.389209
v 76.765755 0.102207 -2.373482
v 49.342079 -0.153246 -2.355240
v 39.282597 -0.988482 -2.395308
v 48.240429 -0.056980 -2.381568
v 25.419350 -0.909310 -2.407431
v 6.918046 0.967844 -2.338124
v 48.514042 0.271138 -2.376373
v 14.269951 1.214833 -2.341320
v 36.385216 -0.917642 -2.407330
v 49.983116 0.572388 -2.380768
v 7.086059 -1.006453 -2.346352
v 43.394363 -0.880939 -2.410616
v 9.526653 -1.069247 -2.347026
v 34.464336 -0.908523 -2.410001
v 44.785061 -0.112937 -2.401389
v 6.896959 -0.770631 -2.432813
v 43.365364 1.137021 -2.397632
v 7.046998 0.948816 -2.407961
v 4.599011 -0.862688 -2.420413
v 0.430989 -1.137665 -2.344788
v 33.939407 0.964267 -2.409320
v 13.373457 -0.690022 -2.440596
v 6.616225 0.832466 -2.437749
v 6.495204 1.059327 -2.376361
v 28.401287 -0.908609 -2.408381
v 23.553379 0.963345 -2.409922
v 4.447392 0.857606 -2.451184
v 6.922046 -0.601168 -2.426077
v 14.134786 1.087832 -2.316810
v 45.066879 -0.645129 -2.501878
v 6.754922 0.466950 -2.411895
v 11.600456 -0.543497 -2.444057
v 10.661330 0.848804 -2.410424
v 6.794905 0.024226 -2.450075
v 32.519966 -0.828010 -2.425026
v 14.015740 0.651638 -2.426776
v 0.121300 0.519884 -2.352873
v 6.568861 -0.676055 -2.486664
v 9.091770 0.806078 -2.449392
v 14.297345 -0.699669 -2.480646
v 42.196911 0.958272 -2.427899
v 1.784360 -0.695059 -2.491002
v 12.714850 0.676409 -2.450120
v 6.966586 -0.255591 -2.516586
v 7.172267 -0.730827 -2.460108
v 9.595190 -0.605733 -2.478532
v 33.629974 0.779142 -2.470663
v 14.341069 0.787982 -2.508564
v 28.234062 0.873376 -2.442388
v 35.846363 0.854480 -2.446258
v 0.156713 -0.220874 -2.435878
v 16.458286 0.769253 -2.472612
v 23.213701 0.776749 -2.471652
v 0.433100 -0.814327 -2.473806
v 10.417161 0.551464 -2.492607
v 1.476736 0.873678 -2.453075
v 13.999000 0.358061 -2.479328
v 39.789474 0.686300 -2.508689
v 14.025294 -0.252240 -2.503705
v 7.375968 0.856196 -2.467891
v 6.715068 0.406233 -2.468836
v 43.614243 0.873121 -2.509154
v 44.131981 -0.575056 -2.503650
v 32.425652 -0.599435 -2.491643
v 16.693382 -0.605346 -2.490340
v 7.971852 -0.614318 -2.465345
v 27.314003 -0.600451 -2.498724
v 22.603014 -0.611026 -2.497696
v 11.806315 -0.195697 -2.486540
v 4.014788 -0.601468 -2.500568
v 40.556488 -0.684787 -2.496236
v 13.346395 0.101179 -2.501887
v 35.495255 -0.605741 -2.501310
v 8.635769 -0.280555 -2.490441
v 6.765803 -0.330803 -2.513097
v 7.018041 0.439389 -2.541502
v 44.838284 -0.402161 -2.563232
v 0.335814 0.600664 -2.516022
v 14.186508 -0.135762 -2.547782
v 38.386246 -0.691672 -2.495185
v 42.935879 0.641457 -2.534675
v 14.152929 0.594666 -2.461766
v 17.072567 0.578969 -2.517402
v 34.946121 0.588355 -2.518170
v 0.404587 -0.518604 -2.552777
v 28.419357 0.498261 -2.535522
v 11.864521 0.141965 -2.506538
v 23.511997 0.588700 -2.517818
v 0.444215 0.839724 -2.479522
v 4.303718 0.479893 -2.547173
v 43.709854 -0.384062 -2.542199
v 42.233398 0.670691 -2.511134
v 32.413872 -0.307420 -2.547660
v 16.980722 -0.326962 -2.547590
v 9.994104 -0.088992 -2.545713
v 22.796507 -0.409818 -2.537352
v 9.871936 0.280446 -2.539823
v 26.834698 -0.394649 -2.541215
v 36.298412 -0.324513 -2.556040
v 8.532044 0.498757 -2.522693
v 4.081259 -0.304974 -2.560202
v 33.681152 0.411575 -2.548663
v 6.583237 -0.310520 -2.562810
v 17.066948 0.391347 -2.549080
v 8.831901 -0.000321 -2.535449
v 23.462566 0.403798 -2.550459
v 39.100723 -0.413457 -2.557098
v 7.442972 -0.182291 -2.570062
v 1.582945 -0.308731 -2.578507
v 7.086316 0.151892 -2.575016
v 39.047977 0.386533 -2.562979
v 23.160734 -0.072762 -2.571143
v 27.054764 -0.196830 -2.565564
v 6.340459 0.603938 -2.528374
v 14.314330 -0.380824 -2.552358
v 8.533506 0.193788 -2.546467
v 42.301334 0.351892 -2.564494
v 18.482922 -0.108962 -2.572026
v 24.750422 0.212363 -2.570139
v 7.455834 0.435022 -2.563481
v 32.295959 0.127614 -2.569396
v 34.800453 0.195422 -2.571933
v 26.500717 -0.000093 -2.575655
v 14.270144 0.522892 -2.558917
v 15.700654 0.453490 -2.554365
v 0.438558 0.432472 -2.577046
v 1.982470 0.475469 -2.554634
v 39.076836 -0.219543 -2.581691
v 35.303944 -0.004542 -2.576956
v 14.259221 -0.096602 -2.582863
v 4.143246 0.103429 -2.584013
v 42.950958 -0.169667 -2.571286
v 42.370300 0.071095 -2.581748
v 16.019548 0.170715 -2.571182
v 6.557806 0.087980 -2.585353
v 15.381568 -0.099966 -2.579321
v 38.917625 0.081313 -2.589862
v 43.548187 0.267201 -2.585842
v 14.345985 0.289240 -2.594680
v 0.396200 -0.169981 -2.597525
v 2.347487 0.084168 -2.592685
v 44.092068 0.389766 -2.608298
v 0.442653 0.099752 -2.602851
v 44.508656 -0.036387 -2.603130
v 90.540520 -1.835356 -0.122543
v 68.957535 -2.185885 0.118425
v 79.274765 -1.666282 -0.008846
v 87.701324 1.996870 -0.034751
v 66.125237 -2.350634 -0.229473
v 65.126190 1.732574 0.193843
v 98.606224 1.109025 0.193006
v 10.536038 -2.656388 0.008631
v 99.737343 0.613117 -0.134266
v 57.763584 -1.665375 0.000352
v 80.401802 1.966704 -0.050379
v 8.875038 -2.659461 0.010080
v 69.253799 2.432651 -0.163520
v 58.892624 2.448215 0.164777
v 58.374012 -2.078284 -0.276574
v 78.458504 1.609997 0.121963
v 83.699471 2.537308 -0.006711
v 69.993088 1.768298 0.145190
v 90.839912 -1.596516 -0.145872
v 55.653751 2.154073 -0.144174
v 47.443653 2.601402 0.017580
v 88.141869 2.512481 0.089644
v 74.752769 -2.283804 0.146611
v 5.757810 -2.618649 -0.058953
v 86.309776 1.602342 -0.067951
v 87.158928 1.742154 -0.024269
v 91.588654 1.812686 0.368112
v 68.653648 2.444911 0.151724
v 66.166855 -1.953912 0.255809
v 99.905197 -0.269524 0.167981
v 79.675034 -1.668635 0.143226
v 77.979424 1.596096 0.247632
v 64.247528 1.551675 0.045999
v 75.319176 2.449950 0.003431
v 53.131855 2.518127 0.148326
v 55.133801 2.528010 -0.073801
v 50.922958 2.002906 -0.071675
v 72.092361 1.725657 0.357816
v 58.394958 -1.856822 0.073164
v 56.845943 1.726575 0.133742
v 61.261368 2.444080 0.187750
v 55.918758 -1.546708 0.014729
v 42.856583 2.177823 -0.091264
v 98.894066 0.937128 0.154704
v 94.547859 1.739230 -0.060934
v 62.521091 1.912210 0.079711
v 91.493721 -1.488239 0.001053
v 57.475346 1.765553 0.138699
v 80.565536 -2.301735 -0.069298
v 97.685547 -2.221046 0.127897
v 71.691498 1.578217 0.126362
v 40.745270 2.652439 0.160624
v 85.591301 1.654708 -0.025251
v 52.911865 -2.333744 0.219348
v 52.273544 -2.334883 0.238048
v 49.814857 -1.892838 -0.008584
v 0.259491 -2.520226 0.292044
v 78.931747 -1.625252 -0.062049
v 93.025772 1.627205 0.141944
v 84.704567 1.923754 -0.079574
v 3.381778 -2.616949 -0.033928
v 93.708626 -1.499099 0.002139
v 56.484856 1.744410 0.227790
v 0.432113 -2.619581 -0.004566
v 87.492584 -1.841927 0.276130
v 3.860894 2.649454 0.087365
v 19.355133 2.656185 0.079884
v 23.933378 2.661972 0.096013
v 89.322128 -2.343112 0.114803
v 17.343534 -2.594556 0.092140
v 29.375252 2.649486 0.088161
v 13.877069 2.701874 0.124987
v 50.134293 -1.856547 0.029891
v 84.022331 2.166060 0.161104
v 33.410088 2.641479 0.087680
v 72.675995 -1.645419 0.090069
v 71.255241 1.563006 0.309764
v 50.811794 -1.713052 0.341922
v 85.433838 -1.403989 -0.050763
v 75.981987 -2.183713 0.106563
v 83.834663 -1.712932 0.024652
v 43.717709 2.629655 -0.044214
v 50.441956 -1.793959 0.221072
v 61.499447 -2.342124 0.018815
v 83.084801 -2.326013 0.038939
v 67.436935 2.454066 0.019554
v 86.722412 -1.679551 -0.089999
v 39.586365 -2.588619 0.105237
v 0.062271 2.334413 0.440957
v 93.367157 -1.504928 -0.174265
v 97.727493 -2.242327 0.223026
v 71.198647 -1.468599 0.117796
v 57.202538 -1.512797 0.227423
v 84.876755 1.763254 0.104523
v 86.164703 -1.505316 -0.080743
v 66.076317 2.457672 0.215994
v 62.895645 1.829373 -0.128427
v 92.177971 -1.347495 -0.229138
v 90.309868 -2.354135 0.134863
v 58.049091 1.953416 0.221463
v 78.037178 -1.586205 0.080804
v 71.625786 -1.417014 0.284065
v 56.870953 -1.540198 0.045000
v 99.209602 -0.541245 -0.086675
v 28.492874 -2.580372 0.106845
v 84.428123 -1.493713 0.001318
v 77.048782 2.035889 -0.084516
v 88.997375 2.486892 0.221333
v 49.854572 2.624551 0.114550
v 95.257362 -2.279187 0.156958
v 54.952980 -1.898721 0.112632
v 33.026138 -2.584031 0.134388
v 43.453049 2.631438 0.178457
v 59.824631 2.416604 0.228879
v 0.004970 2.118496 0.183927
v 62.853977 -1.612838 0.079057
v 77.012672 -1.655579 0.003336
v 44.861012 -2.545191 0.113973
v 54.536419 -2.322271 0.249051
v 87.350060 1.994613 0.249133
v 66.297234 2.491290 0.057559
v 48.468349 -2.545287 0.099905
v 79.488678 1.735081 0.145225
v 67.336487 -2.333112 0.156128
v 63.725754 -1.509533 0.183459
v 94.525085 -1.662452 0.168310
v 41.426567 2.469101 0.118587
v 65.944267 -2.103055 -0.099082
v 51.784630 -2.158863 -0.038202
v 50.178989 2.607066 0.117842
v 43.116684 2.328505 0.042795
v 55.880909 1.951538 0.059952
v 51.105225 2.516638 0.446111
v 80.665428 2.447289 0.190747
v 70.215332 -1.637193 0.176433
v 77.436020 1.780315 0.048941
v 80.011589 1.997135 0.257254
v 69.528496 -1.870039 0.175138
v 55.550900 -1.673236 0.136801
v 72.434837 1.742490 0.142854
v 55.590790 1.826314 0.477846
v 72.966560 -1.842323 0.010591
v 80.251160 2.206204 0.339812
v 97.410530 -2.277803 0.129861
v 98.023811 -1.335755 -0.029452
v 80.378380 -2.004173 0.143760
v 66.572731 -2.351224 0.260501
v 92.149361 1.759532 0.168592
v 65.719963 2.173448 0.311581
v 72.927048 2.257757 0.410887
v 83.545578 -2.078305 0.225522
v 48.905163 -2.334611 0.231192
v 10.395132 -2.610620 0.277248
v 91.219131 -1.754146 0.231065
v 50.356339 2.470747 0.047062
v 76.069839 2.464405 0.293845
v 68.952400 2.421716 0.173009
v 61.617096 2.469850 0.323690
v 76.383667 -1.993691 0.159600
v 86.527512 -1.488428 0.195313
v 64.316826 1.591917 0.414346
v 86.546364 1.670285 0.153606
v 87.988998 2.518207 0.265847
v 99.838272 0.324207 0.128909
v 86.776443 1.752984 0.249805
v 12.420361 -2.695695 0.155437
v 98.272446 0.933167 0.587755
v 80.003693 -1.707629 0.242941
v 63.847111 1.541263 0.352844
v 84.834946 -1.503588 0.181351
v 85.911240 1.625246 0.147078
v 75.382149 2.452205 0.360302
v 76.789497 -1.879852 0.242581
v 54.922146 2.524765 0.194278
v 81.740005 2.472303 0.215776
v 97.908066 -1.660701 0.065234
v 50.729305 2.540271 0.403446
v 56.889404 1.720824 0.517269
v 65.513031 1.933936 0.223244
v 51.100883 -1.561474 0.619478
v 75.914398 -2.318160 0.219915
v 97.625450 2.533916 0.207295
v 48.153027 2.598717 0.227571
v 84.318031 1.936363 0.220633
v 97.124039 2.482578 0.207313
v 91.852150 -1.488463 0.124577
v 94.155220 1.740428 0.174775
v 49.598797 -2.078574 0.428907
v 57.194710 1.767699 0.430736
v 10.055847 2.693412 0.331575
v 95.489639 2.487802 0.206180
v 55.040905 -2.125823 0.482052
v 80.745300 2.493276 0.201911
v 70.937935 1.538211 0.363719
v 70.131035 1.388623 0.737612
v 90.136917 2.466237 0.425128
v 3.761525 2.639781 0.280492
v 62.682899 1.744883 0.223249
v 1.485845 -2.589408 0.200256
v 13.731339 2.695462 0.365764
v 44.506729 -2.569081 0.163795
v 99.865868 0.059976 0.388237
v 69.453629 -2.121862 0.420387
v 64.130913 -1.474335 0.262351
v 65.048477 -1.498436 0.220142
v 21.411646 2.644910 0.279805
v 82.593575 -2.317735 0.167502
v 87.096985 -1.656426 0.217706
v 70.914215 -1.524330 0.306525
v 35.000217 2.623820 0.367669
v 70.430222 1.592303 0.284271
v 30.506563 2.638536 0.276778
v 85.196106 1.649538 0.219178
v 73.557037 2.461836 0.179910
v 80.920647 -2.285022 0.323954
v 16.241795 -2.573690 0.371327
v 56.521561 -1.552894 0.326368
v 43.314205 -2.581720 0.198396
v 92.993706 -1.422804 0.043649
v 79.504349 -1.524574 0.309615
v 55.376812 2.142984 0.178144
v 20.078484 -2.561770 0.361101
v 95.159271 2.402059 0.200666
v 99.084824 -0.719230 0.200548
v 92.332962 -1.411662 0.002448
v 73.409340 -1.916122 0.254899
v 77.653549 -1.653579 0.188042
v 58.967915 -2.115358 0.194574
v 87.740265 -1.790668 0.525716
v 39.986794 -2.571737 0.299803
v 85.966515 -1.432505 0.125027
v 50.582623 2.586024 0.413856
v 28.847136 -2.561736 0.310292
v 60.900036 -2.322624 0.227486
v 62.344028 -1.756073 0.022834
v 99.454155 -0.553010 0.332188
v 51.724262 2.574985 0.420589
v 53.322037 2.544277 0.354118
v 32.960487 -2.566853 0.323404
v 80.463188 -1.814153 0.389003
v 0.003004 0.045764 0.573256
v 65.962379 2.479773 0.398633
v 58.376778 2.174843 0.321733
v 41.946133 2.339018 0.202352
v 42.746162 2.492155 0.424555
v 51.538311 -1.869249 0.182634
v 83.471413 2.477422 0.361745
v 72.398224 -1.482506 0.216674
v 73.147186 -1.543500 0.462083
v 48.744499 -2.517898 0.359448
v 44.988686 2.609992 0.259120
v 91.557632 -1.797021 0.510950
v 58.214355 -1.641525 0.264881
v 93.816750 1.747037 0.480305
v 77.568565 1.582120 0.379472
v 56.214516 1.771446 0.291222
v 98.284431 1.422792 0.199630
v 70.448227 -1.663003 0.367704
v 87.296448 -1.498152 0.547588
v 95.019325 -1.815617 0.340227
v 94.489845 1.967548 0.303757
v 62.053696 2.174404 0.158870
v 87.688591 2.443566 0.479243
v 93.781219 -1.306961 0.385262
v 70.066940 -1.857192 0.467783
v 51.303738 -1.693323 0.363416
v 72.918800 -1.410302 0.514932
v 76.646896 2.045067 0.229482
v 79.749878 1.843650 0.180664
v 98.031250 1.850872 0.160081
v 93.423851 -1.302879 0.410775
v 95.420959 -2.249567 0.351066
v 99.729279 0.395859 0.233271
v 98.258461 -1.153527 0.014185
v 7.788386 -2.632895 0.336058
v 55.982910 1.784335 0.366532
v 69.243484 1.997156 0.337807
v 42.591694 2.343729 0.284213
v 28.638910 2.611826 0.462867
v 86.139824 1.644577 0.337323
v 75.758469 2.449616 0.594324
v 78.713692 1.617230 0.340102
v 94.132225 1.909729 0.554366
v 43.709312 2.574435 0.572003
v 79.035622 1.634733 0.091338
v 68.673134 2.410557 0.477293
v 40.492989 2.617614 0.457208
v 83.363365 2.512015 0.357562
v 97.660088 2.535086 0.336722
v 31.135767 2.612831 0.479439
v 99.544312 0.372597 0.492854
v 55.216385 1.842578 0.665207
v 20.259953 2.592796 0.593431
v 94.176170 -1.422857 0.290322
v 52.519131 2.586050 0.303160
v 64.571533 1.616856 0.297890
v 91.884087 -1.658181 0.538279
v 22.752007 2.613368 0.503176
v 78.371193 -1.570213 0.334565
v 92.226395 1.552526 0.591041
v 7.935455 2.661137 0.304305
v 0.307805 2.562797 0.552125
v 95.032356 2.444989 0.543542
v 90.653694 2.466517 0.459236
v 93.447815 1.637981 0.396371
v 0.152894 2.452400 0.488243
v 96.919746 2.436492 0.548865
v 74.198997 2.401221 0.567175
v 60.886303 2.394777 0.574290
v 79.211952 1.766708 0.507338
v 64.994621 1.938889 0.767155
v 75.111725 -2.263134 0.381263
v 63.245312 1.559518 0.307440
v 85.311562 -1.433924 0.166327
v 62.985458 1.596842 0.319700
v 77.006882 1.753242 0.333258
v 92.165649 -1.507312 0.382402
v 17.362003 2.650105 0.338306
v 48.664330 2.581755 0.409094
v 80.337471 2.462029 0.577343
v 85.168495 -1.512032 0.460397
v 0.437650 -2.581250 0.354999
v 70.630348 1.425849 0.681362
v 5.451728 -2.591333 0.351565
v 66.772278 -2.311056 0.482079
v 79.837646 2.143753 0.662364
v 43.062359 2.619222 0.406116
v 77.982208 -1.647017 0.408850
v 59.388866 2.368650 0.588451
v 44.938175 2.567847 0.547415
v 88.136635 -2.318786 0.448183
v 72.964973 2.407242 0.564778
v 83.477745 -2.319753 0.427280
v 86.918015 -1.474660 0.403703
v 14.031718 -2.610671 0.397882
v 59.509834 -2.298341 0.406124
v 61.809093 -2.348689 0.284515
v 64.758003 -1.450874 0.287776
v 56.907978 -1.496305 0.400123
v 65.402786 -1.482126 0.368354
v 79.007561 -1.500956 0.345239
v 67.574982 -2.281689 0.514387
v 92.583290 -1.422658 0.268335
v 84.967743 1.568757 0.518428
v 71.632980 -1.353894 0.710895
v 69.205650 -2.302930 0.428522
v 86.853668 1.933544 0.604888
v 81.513245 2.427581 0.538237
v 56.020882 -1.682753 0.465465
v 73.699104 -1.844467 0.525016
v 85.790039 -1.388132 0.381719
v 68.818871 -2.318528 0.396158
v 80.841080 -2.152221 0.379786
v 50.981644 2.560851 0.528710
v 97.588768 1.676070 0.646220
v 86.258194 -1.348422 0.530586
v 12.950470 -2.631643 0.482822
v 92.653313 1.606738 0.372065
v 57.581871 -1.522620 0.237892
v 99.667221 -0.487583 0.594547
v 69.665390 1.626210 0.507979
v 73.906769 -2.246228 0.396875
v 90.795815 -2.308627 0.495369
v 76.300758 2.075256 0.451606
v 39.875130 -2.540153 0.492631
v 84.472694 1.747974 0.385699
v 57.736115 1.942619 0.466108
v 72.406982 1.951770 0.503245
v 55.528332 -1.885841 0.517904
v 65.702293 2.400996 0.598896
v 0.059131 -2.264352 0.269570
v 98.247101 -1.950757 0.538470
v 49.003044 -2.467955 0.626459
v 0.007024 0.778662 0.851957
v 84.113396 -1.795448 0.297319
v 51.799721 -1.689864 0.528089
v 62.223965 1.797357 0.459677
v 91.010559 2.132805 0.435628
v 77.208893 -1.857880 0.444391
v 44.403538 -2.546156 0.415410
v 49.209587 -2.327172 0.560380
v 98.087219 -2.074255 0.474987
v 55.052567 2.252621 0.370474
v 62.567039 1.573622 0.548667
v 83.707939 1.990093 0.550505
v 25.106909 2.637480 0.389004
v 50.720383 2.552827 0.607615
v 62.254299 -2.198905 0.519225
v 94.685623 2.382202 0.733513
v 69.157944 1.699130 0.676201
v 61.391705 2.421811 0.603329
v 54.936127 -2.270497 0.587681
v 87.704796 2.483524 0.580953
v 99.117935 -0.848821 0.440204
v 82.681877 -2.267706 0.521710
v 58.831978 -1.788598 0.424753
v 77.215729 1.575288 0.491394
v 84.080475 1.773117 0.556400
v 52.013474 -1.938575 0.394227
v 69.600166 -2.251179 0.726849
v 76.266205 -2.275803 0.477081
v 70.709305 -1.663460 0.645756
v 84.663635 1.586136 0.557498
v 2.103658 2.592290 0.585466
v 7.992930 -2.606032 0.478026
v 52.328751 -2.185889 0.428028
v 41.040859 2.568348 0.508924
v 50.020313 2.608534 0.377565
v 46.119926 -2.524759 0.425019
v 66.985428 -2.249848 0.730601
v 72.242348 -1.359427 0.441736
v 42.080994 2.387555 0.438637
v 59.264656 -1.940536 0.583050
v 99.097527 0.624730 0.419571
v 93.069336 -1.302907 0.599816
v 41.641972 2.409837 0.408152
v 72.754738 -1.234194 0.716987
v 58.675667 -1.448066 0.658419
v 65.412849 -1.315243 0.627805
v 76.590851 1.668849 0.631326
v 94.519257 -1.335899 0.520348
v 64.236778 1.598570 0.692602
v 9.884075 2.642212 0.602493
v 61.799332 2.015472 0.535154
v 91.895927 1.580102 0.603530
v 66.546692 -1.899103 0.554125
v 94.812836 -1.527640 0.462703
v 6.936347 -2.546227 0.684676
v 86.570595 -1.326363 0.596283
v 71.978088 -1.313725 0.586169
v 85.719223 1.592167 0.557237
v 13.368968 2.630278 0.750497
v 63.638157 1.487685 0.616211
v 78.482956 1.573027 0.580231
v 66.897499 2.370316 0.757132
v 50.513939 -1.718688 0.561152
v 84.383026 1.485697 0.786194
v 16.518671 2.583551 0.717132
v 50.121365 -1.864551 0.506842
v 71.531120 1.597919 0.487628
v 78.914909 1.739692 0.993263
v 51.636475 -1.422358 0.813850
v 82.205536 2.392040 0.747813
v 49.983749 -1.901225 0.218377
v 16.352451 -2.504299 0.678977
v 57.983986 -1.418701 0.503905
v 87.055283 -1.214363 0.849802
v 7.697006 2.607028 0.582597
v 65.951164 -1.356515 0.697855
v 94.800850 2.379837 0.794084
v 99.841782 0.095234 0.669669
v 85.404190 1.583623 0.463818
v 1.483912 -2.525425 0.570626
v 76.350220 -2.264411 0.567789
v 54.648472 2.473458 0.563648
v 5.460745 -2.502055 0.762388
v 85.427521 -1.487000 0.863443
v 52.563179 -2.291956 0.560106
v 92.168839 -1.649942 0.968316
v 92.973206 1.583874 0.555746
v 76.885399 1.508099 0.685939
v 64.296852 -1.432213 0.546741
v 92.390862 -1.496279 0.738855
v 78.622368 -1.540451 0.335034
v 68.401428 2.364286 0.745927
v 97.503769 2.493153 0.527691
v 62.086807 -2.322849 0.551467
v 83.991005 1.530825 0.843873
v 44.628937 2.513686 0.791608
v 98.819977 -1.203426 0.505007
v 90.607079 -2.330530 0.486454
v 92.847519 -1.339322 0.713617
v 91.070709 1.851561 0.651860
v 0.120919 -2.282301 0.781144
v 3.127049 -2.479592 0.789986
v 62.082603 1.569973 0.758122
v 94.887527 2.394578 0.478339
v 49.722324 -2.073133 0.748759
v 29.236698 2.536978 0.779349
v 25.039640 2.549312 0.769903
v 35.645477 2.540650 0.760840
v 76.793274 -2.094178 0.583101
v 71.829445 1.711671 0.660370
v 56.358269 1.619064 0.750272
v 31.187084 2.544392 0.782044
v 89.211380 -2.274435 0.567637
v 48.483475 2.531742 0.666959
v 40.821190 2.542145 0.782271
v 59.541241 -2.253588 0.625349
v 55.873253 1.590032 0.792244
v 99.861176 -0.296814 0.523832
v 96.915779 -2.172637 0.598300
v 72.498909 -1.171843 0.811613
v 88.867683 2.454865 0.574959
v 60.918137 -2.283344 0.553009
v 95.758125 -2.184784 0.703638
v 54.938831 1.963848 0.715066
v 44.811050 -2.481041 0.547642
v 91.041779 -2.266142 0.718336
v 52.366394 2.480427 0.775449
v 43.553497 -2.518903 0.595750
v 72.087135 1.925343 0.849626
v 62.769669 -1.925399 0.525409
v 67.547661 2.431836 0.412587
v 88.148087 -2.055761 0.668722
v 52.763939 -2.239413 0.762592
v 10.570092 -2.530758 0.641676
v 65.079674 -1.335489 0.591961
v 61.714157 1.634878 0.871991
v 88.006088 -1.617493 0.857607
v 58.521317 2.433606 0.514913
v 76.107834 1.650663 0.857016
v 83.149193 2.457884 0.683613
v 46.640064 -2.430875 0.800966
v 98.666557 -1.707095 0.759608
v 48.372017 -2.409251 0.812827
v 26.068327 -2.509551 0.608063
v 83.458496 1.939688 0.745157
v 68.970871 1.914881 0.614406
v 39.824638 -2.505711 0.645408
v 31.029634 -2.511781 0.627953
v 91.385956 1.613624 0.728148
v 63.100140 -1.733503 0.419063
v 20.136497 -2.499984 0.651368
v 55.142628 -2.235567 0.781942
v 62.324104 -2.276295 0.705929
v 61.544277 1.966903 0.757529
v 64.725273 -1.311905 0.776463
v 61.149929 2.345861 0.881387
v 84.418137 -1.783843 0.490041
v 33.816326 -2.515818 0.613859
v 66.322021 -1.546909 0.675795
v 41.897999 2.499038 0.728477
v 66.711258 -1.755027 0.736712
v 87.742828 -1.396266 0.878156
v 79.887901 -1.393339 0.567540
v 95.679077 -1.750546 0.845855
v 62.748936 1.404447 0.749024
v 41.286053 2.525897 0.743217
v 69.370621 1.508223 0.756117
v 95.330490 -1.522765 0.733940
v 97.881783 1.316074 0.583706
v 72.755096 2.367336 0.786997
v 65.559677 2.379771 0.802405
v 75.511734 2.367921 0.861806
v 57.918148 2.133850 0.695770
v 81.145271 -2.253281 0.604233
v 76.001625 1.971030 0.717196
v 59.707458 -2.232043 0.777890
v 94.162476 -1.141692 0.678831
v 12.110475 -2.535459 0.726388
v 65.317482 2.313415 0.977901
v 81.085030 2.367365 0.798110
v 91.731171 -1.892449 0.904457
v 73.346794 -1.286043 0.773585
v 98.395744 -1.877083 0.664012
v 99.432671 -0.735458 0.711084
v 63.196583 -1.878948 0.833877
v 69.797859 1.294647 0.909572
v 52.448067 -1.909438 0.703200
v 62.382816 1.383683 0.845850
v 51.957623 -1.427277 0.858096
v 57.050198 1.774276 0.904526
v 86.131577 1.670028 0.681565
v 93.793823 -1.103029 0.780889
v 55.480274 1.503703 0.981515
v 80.344673 -1.394874 0.672889
v 67.106705 -2.202489 0.844023
v 95.012772 -1.276543 0.741683
v 97.247368 2.389299 0.803246
v 63.084728 1.408593 0.743485
v 70.928780 1.422890 0.920300
v 59.211758 -1.431367 0.851588
v 78.518799 1.573475 0.951142
v 78.171646 1.452263 0.974767
v 10.122464 2.579671 0.830556
v 73.898186 -1.739520 0.725619
v 78.432846 -1.531867 0.714968
v 73.528633 -1.541201 0.656570
v 7.874452 2.541644 0.820053
v 8.218165 -2.518179 0.755099
v 56.693752 1.647162 0.951751
v 73.369934 2.363041 0.745521
v 96.551338 2.374430 0.769512
v 63.872345 -1.524350 0.469096
v 77.978233 1.477833 0.671702
v 76.804832 -2.194878 0.813547
v 78.089432 -1.652187 0.954050
v 77.201202 1.403350 0.763726
v 71.365730 1.559430 0.949617
v 97.911179 -2.146315 0.440719
v 93.193375 1.599863 0.866252
v 91.735214 1.387407 0.938596
v 0.328438 -2.456809 0.754479
v 54.383335 2.412805 0.845400
v 98.725838 -1.655663 0.830764
v 82.971619 2.402385 0.847777
v 71.694481 1.713093 0.969378
v 42.543770 2.571641 0.674769
v 67.712120 2.303461 0.951774
v 85.749458 -1.377536 0.773540
v 54.726448 1.651482 1.066159
v 89.599380 2.382864 0.851693
v 77.570053 1.408103 0.759361
v 0.443985 2.591088 0.638179
v 86.404343 1.753105 0.650522
v 67.041916 -1.828335 0.919273
v 54.602425 2.009422 0.900728
v 1.876233 2.515348 0.854567
v 63.550026 -1.656680 0.604112
v 93.426476 -1.108744 0.963801
v 44.920071 2.449948 0.946544
v 75.281609 2.278877 1.049774
v 75.103981 -2.167948 0.781398
v 20.095039 2.516208 0.855496
v 71.148895 -1.504727 0.783009
v 53.586990 -2.238189 0.692627
v 87.369858 2.412989 0.837163
v 77.784554 -1.796103 0.958269
v 57.619316 -1.315496 0.716253
v 62.384079 -2.242735 0.832141
v 64.634361 1.744497 0.732528
v 59.772205 -1.967283 0.959988
v 69.639526 -2.231112 0.814903
v 61.156204 -2.243392 0.744777
v 75.081169 2.380617 0.744189
v 96.054871 -2.091019 0.996244
v 42.312946 2.553512 0.745438
v 49.326126 -2.373026 0.927945
v 79.331680 1.940548 0.889789
v 58.346611 -1.316656 0.704260
v 89.731750 -2.227774 0.820935
v 74.236443 -2.173782 0.790981
v 58.009052 -1.122881 0.976578
v 88.386246 -2.247978 0.789474
v 82.373657 -2.190349 0.818452
v 86.099228 -1.307026 0.740785
v 99.767159 0.123999 0.857923
v 15.068326 -2.496975 0.777533
v 83.843155 -2.280000 0.764926
v 97.648964 2.031393 0.459032
v 86.777901 -1.132547 0.985329
v 50.132225 2.517552 0.783637
v 84.851517 -1.667257 0.622073
v 58.853161 2.350076 0.783255
v 44.415886 -2.435907 0.861984
v 83.205200 -2.224695 0.795880
v 59.554031 2.290836 0.870303
v 72.308861 -1.106188 0.975076
v 81.438774 -2.177963 0.880537
v 45.197277 -2.425756 0.793469
v 39.205452 -2.430128 0.877445
v 91.132523 -2.227713 0.906176
v 11.707392 -2.408980 0.995017
v 19.657553 -2.424985 0.888252
v 59.574226 -1.600522 0.944505
v 28.495611 -2.420346 0.889641
v 99.761383 -0.488615 0.893246
v 76.571152 1.197396 1.054727
v 62.745518 -2.174752 0.988175
v 84.554298 1.357157 0.959437
v 32.116535 -2.429005 0.896497
v 98.467354 0.623482 0.787386
v 56.343216 -1.631896 0.726066
v 91.029884 1.390348 1.061002
v 77.560059 -1.839887 0.675897
v 58.917789 -1.165104 0.950903
v 68.611938 1.708734 0.953159
v 77.114700 -2.105169 0.908326
v 57.437130 1.922578 0.820293
v 55.184177 1.557227 0.975491
v 98.901062 -1.527824 0.871481
v 97.097313 2.319650 0.965007
v 61.388981 1.800435 0.933798
v 68.104462 2.268010 1.075301
v 69.360573 1.253247 1.001378
v 88.374092 -1.651115 1.072382
v 94.357414 2.272300 0.905649
v 99.282249 -0.978013 0.822200
v 13.362245 -2.539666 0.800541
v 72.516251 2.265402 0.873984
v 86.987953 2.194875 0.937506
v 98.745720 0.422651 0.908136
v 81.170105 -1.915278 0.767368
v 87.493080 -1.236691 0.915835
v 65.688278 -1.173702 0.839880
v 70.436279 -1.867704 0.890305
v 68.977135 1.411687 0.959262
v 91.516960 -2.121976 1.091407
v 52.794872 -1.836751 0.962133
v 79.837662 -1.231506 0.792186
v 91.336967 1.326671 1.062235
v 83.290031 1.749949 0.941647
v 67.244606 -2.154819 0.980475
v 6.035843 -2.416769 0.989094
v 80.931381 -1.712614 0.707982
v 83.907478 -2.244224 0.772636
v 58.588711 -1.077739 0.985419
v 7.055190 -2.368972 1.009791
v 52.935917 -2.156663 0.944359
v 92.384644 1.412274 0.943045
v 84.540565 -1.882107 0.816713
v 7.924892 -2.284421 1.185520
v 95.567467 -1.332312 0.936489
v 94.574913 -1.024745 0.863272
v 97.885307 0.924462 0.828794
v 73.390213 -1.094138 0.948871
v 59.986237 -2.118122 1.097623
v 62.547192 1.240382 0.997497
v 87.150436 2.351467 1.040405
v 70.221581 1.256494 0.985656
v 54.236561 2.044309 1.148413
v 90.273972 2.416478 0.777222
v 97.564278 1.182422 0.877883
v 76.992531 1.225202 1.014688
v 95.180290 -1.043108 0.954180
v 66.822556 -1.465793 0.935001
v 63.865585 1.499766 0.888938
v 97.337036 1.467248 0.934128
v 52.258114 -1.548979 0.848570
v 83.629219 1.606510 0.895540
v 76.280983 1.377314 0.964212
v 63.453598 1.399267 0.929442
v 44.662270 2.385396 1.153997
v 50.443451 -1.686759 0.913431
v 13.807381 2.525889 1.042695
v 85.059685 1.425137 0.924999
v 98.206230 0.424151 1.096310
v 82.391815 2.329251 0.984362
v 90.673195 1.936794 0.816726
v 10.221125 -2.424825 0.988390
v 80.848366 -1.329421 0.893663
v 64.465370 -1.344060 0.957780
v 74.149986 -1.441524 1.022312
v 75.333633 2.216823 1.072029
v 78.459175 -1.474477 1.313794
v 70.484474 1.239398 1.130888
v 73.829308 -1.261349 0.959559
v 79.085701 -1.343618 0.779780
v 85.779991 -1.351314 1.096482
v 73.093758 -0.938862 1.081272
v 65.454285 2.332521 0.935036
v 0.381916 2.421222 1.104445
v 0.441957 -2.451587 0.855817
v 64.056976 -1.502145 0.902202
v 79.879692 2.339410 0.951360
v 96.993599 -2.063408 0.869948
v 45.126110 -2.316435 1.064185
v 29.503210 2.393768 1.141237
v 65.324501 -1.135332 0.937576
v 15.587880 2.464141 1.086331
v 66.390404 -1.174382 0.949008
v 24.911734 2.428871 1.076085
v 71.254402 -1.477579 1.247615
v 20.323292 2.398199 1.141787
v 57.006062 -1.423905 0.754780
v 74.564056 -2.059880 1.117959
v 57.318550 -1.297886 0.991755
v 65.962799 -1.044111 0.993199
v 90.011253 -2.094476 1.159075
v 89.946091 2.330726 1.115752
v 90.275909 2.115661 0.972057
v 0.167777 2.312905 0.981115
v 84.205055 1.297900 1.036385
v 31.447134 2.410546 1.137551
v 5.262891 2.415358 1.125007
v 58.070786 2.355465 0.914097
v 89.024734 2.348763 0.947902
v 71.963181 -1.142824 1.142299
v 61.996582 1.372601 0.958632
v 88.605019 -2.167198 1.042361
v 55.984364 1.424246 1.144434
v 88.054237 2.353876 0.963145
v 41.394859 2.511197 0.917370
v 99.861893 -0.123122 1.237941
v 50.811752 -1.535826 0.908941
v 61.570251 -2.185565 0.917366
v 66.923676 2.211178 1.134477
v 77.319473 -2.067108 1.154184
v 50.439365 2.385782 1.125261
v 79.976646 2.372562 0.933421
v 80.842819 2.223808 1.172283
v 54.191269 2.345357 1.068885
v 86.330200 -1.147740 1.147201
v 54.521740 -2.051098 1.171737
v 58.726681 2.214853 1.141891
v 93.515602 1.724027 0.955637
v 54.398472 1.774917 1.139314
v 72.492081 2.280787 1.022842
v 2.119963 2.389752 1.163323
v 94.404449 2.288668 1.024923
v 85.052345 -1.671473 0.980123
v 94.823448 -0.891268 1.008308
v 74.400177 -1.686286 1.095155
v 79.587173 -1.198436 0.902811
v 64.434906 1.732830 1.113116
v 99.861206 -0.261266 0.966958
v 67.424660 -2.076255 1.146167
v 1.377159 -2.402544 0.952982
v 40.671757 -2.406456 0.955813
v 75.583572 -2.092509 0.986459
v 94.228455 -0.917476 0.984800
v 13.296649 -2.442660 1.019315
v 20.267927 -2.344106 1.077741
v 44.496315 -2.347043 1.069625
v 92.639854 1.443832 1.011254
v 30.587116 -2.335727 1.104407
v 86.591309 1.933330 0.968980
v 75.449341 1.679078 1.176897
v 57.659405 2.216199 1.204429
v 75.759224 1.572270 1.055349
v 99.304878 -1.124480 1.056183
v 90.319679 1.662258 1.150046
v 12.583008 -2.449815 0.986827
v 92.809479 -1.312034 1.157327
v 70.922073 -1.664437 1.135992
v 81.196785 -1.200552 1.104781
v 25.965033 -2.313165 1.139682
v 48.482616 2.432236 0.989028
v 69.040848 1.110773 1.153341
v 94.098366 2.186913 1.159221
v 0.014832 1.908417 1.029895
v 7.854427 2.454352 1.051743
v 73.461166 -0.727200 1.249475
v 70.079201 -2.140305 1.055892
v 73.818924 -0.914599 1.153041
v 60.901199 2.251002 1.112054
v 93.840607 1.923226 0.987087
v 88.594940 -1.704482 1.199397
v 87.609070 -1.013810 1.153167
v 81.072624 -0.941242 1.183169
v 55.863014 -1.884237 0.905059
v 82.678001 2.285172 1.106474
v 5.715653 -2.325851 1.182119
v 63.057316 -2.072012 1.215824
v 72.198486 2.149844 1.186078
v 96.975685 2.264229 1.067474
v 59.897152 -1.487257 1.199920
v 57.228516 1.914762 1.202468
v 62.891228 1.215868 1.107147
v 95.693909 -0.917068 1.148737
v 59.609795 -1.071178 1.195196
v 11.292879 -2.352467 1.171556
v 97.973228 0.571917 1.048325
v 80.244781 -1.083785 0.963554
v 98.539345 0.273491 1.175881
v 91.744789 1.215381 1.192450
v 81.494507 -1.448223 1.162585
v 80.757866 -0.976768 1.107609
v 13.815982 2.459852 1.178702
v 72.791214 -0.830569 1.258415
v 94.740448 -0.678042 1.180103
v 88.091713 -1.181064 1.154321
v 97.522743 0.706105 1.122643
v 65.660355 -0.948347 1.120674
v 97.198845 1.105204 1.129848
v 61.704803 -2.047324 1.189049
v 80.128227 -0.844762 1.257030
v 61.102436 1.733501 1.132069
v 99.737801 -0.011158 1.273902
v 97.113205 1.747740 1.056256
v 55.487770 -2.137696 1.036209
v 81.685280 -2.090119 1.115428
v 90.769073 1.466382 1.080618
v 69.492149 0.983539 1.257213
v 99.226501 0.328020 0.806014
v 67.206909 -1.438227 1.134686
v 84.263824 -2.153283 1.087438
v 52.689613 -1.479021 1.072792
v 62.177101 1.134006 1.129761
v 94.381775 -0.637897 1.292450
v 85.876907 1.595741 1.100577
v 75.984741 1.194579 1.144508
v 95.997757 -1.243032 1.168331
v 85.663940 1.549945 0.912070
v 74.186081 -1.137015 1.159529
v 68.394371 1.565678 1.135389
v 76.804764 1.027094 1.234267
v 61.319859 1.383520 1.151751
v 81.637947 2.187534 1.245519
v 65.921532 2.127779 1.277706
v 61.644749 1.174860 1.175156
v 10.538118 -2.345816 1.184697
v 82.903023 1.777553 1.126808
v 64.750786 1.908398 1.041860
v 94.132874 2.147609 1.287746
v 9.042850 2.459098 1.121583
v 66.336357 -0.788940 1.201410
v 96.741257 2.150167 1.287695
v 95.302063 -0.696833 1.179025
v 71.525124 -1.341386 1.092521
v 84.861076 1.234839 1.295088
v 72.356705 2.195571 1.179298
v 74.732170 -1.953823 1.294540
v 86.111015 1.709366 1.206208
v 77.765839 -1.879165 1.460559
v 6.418767 -2.199218 1.202348
v 54.935711 1.389835 1.183066
v 93.192352 -1.131110 1.179254
v 67.031731 -1.109962 1.163055
v 70.701370 1.219240 1.481511
v 91.620941 -2.070616 1.226321
v 0.007605 -0.616922 0.805792
v 92.553398 -1.467313 1.296003
v 59.165302 -0.885122 1.187743
v 57.563335 -1.112825 1.299630
v 8.969017 -2.367969 1.109091
v 71.149612 1.455351 1.329112
v 53.201000 -2.064053 1.149542
v 53.741405 2.170202 1.470483
v 78.568718 1.590483 1.295882
v 56.781258 -1.478651 0.964731
v 64.983482 -1.115871 1.136953
v 11.947888 2.445564 1.229146
v 9.936128 -2.203575 1.362506
v 75.547714 1.044435 1.315942
v 56.801540 1.661829 1.316587
v 0.281310 -2.266372 1.161106
v 99.684097 -0.749175 1.304272
v 83.900551 1.224899 1.135228
v 44.814625 -2.325806 1.009741
v 92.158302 1.224958 1.300220
v 11.195643 2.477162 1.128056
v 39.926327 2.395896 1.149292
v 25.082933 2.348241 1.230449
v 82.298454 -2.070874 1.118648
v 70.224838 -2.048303 1.221974
v 80.540993 -0.740189 1.276899
v 35.861488 2.397168 1.139442
v 60.056385 -2.073619 1.167945
v 66.744400 -0.934704 1.164123
v 60.692039 2.097270 1.321787
v 59.612942 2.192725 1.135688
v 56.327877 1.440626 1.340151
v 77.068695 0.918929 1.458513
v 0.447151 2.267024 1.375087
v 76.659248 -2.043928 1.119169
v 41.427841 2.379057 1.204007
v 68.391441 -2.061182 1.160961
v 93.775009 -0.904207 1.187931
v 51.582851 -1.259398 1.051553
v 88.596504 -1.216861 1.319740
v 52.295067 -1.122164 1.171091
v 18.143141 2.417291 1.131779
v 86.898170 2.267804 1.226860
v 83.105980 -2.050967 1.179138
v 72.331589 -0.916855 1.336896
v 65.847206 -0.637925 1.416615
v 68.668213 1.192514 1.179398
v 83.133537 1.388973 1.178573
v 86.916885 -0.929204 1.313525
v 49.479801 -2.289117 1.116352
v 44.539055 -2.160705 1.408752
v 90.912949 1.073175 1.323006
v 97.266129 0.495982 1.281362
v 74.897911 2.172783 1.265483
v 70.576859 -1.929436 1.360063
v 73.574722 2.204369 1.157577
v 43.469067 -2.297000 1.189285
v 63.723267 -1.676142 1.112368
v 99.145432 -1.280288 1.048193
v 45.168369 -2.143991 1.380839
v 76.280121 0.818938 1.349474
v 14.048991 -2.313752 1.238493
v 46.971474 -2.266630 1.179569
v 68.987457 0.840799 1.336785
v 77.496964 1.233240 1.105281
v 0.158780 2.099012 1.349698
v 48.700684 -2.256321 1.158725
v 71.573051 1.721287 1.389541
v 44.930241 2.308957 1.252509
v 93.456924 1.760577 1.342829
v 39.437122 -2.290545 1.195524
v 0.128948 -2.040642 1.322005
v 97.053970 0.823590 1.263606
v 27.134619 -2.240933 1.273152
v 62.245625 0.831392 1.415533
v 60.345543 -1.823774 1.478943
v 20.119755 -2.260210 1.243961
v 16.192713 -2.308929 1.186700
v 82.527153 2.145644 1.275899
v 84.452110 -2.064524 1.249463
v 36.665257 -2.301240 1.189991
v 79.392303 -1.134629 1.142869
v 43.289734 2.361847 1.188163
v 0.429462 -2.232243 1.310424
v 95.935730 -0.678730 1.285096
v 96.296295 -1.955860 1.208322
v 1.418444 -2.266432 1.239769
v 55.603439 -2.088675 1.187829
v 74.916725 2.038142 1.410601
v 31.440531 -2.266587 1.247747
v 61.949169 0.858810 1.357877
v 56.423454 -1.637465 1.190526
v 87.358788 -0.928043 1.227669
v 80.436134 2.124861 1.331342
v 79.429871 2.168792 1.297506
v 3.161057 -2.314347 1.194879
v 90.349358 1.187146 1.350643
v 61.629837 0.908872 1.328032
v 51.356750 -1.249567 1.175727
v 60.838924 1.528957 1.328984
v 50.058380 -1.886380 0.929474
v 0.054080 2.009190 1.217377
v 86.651726 2.136703 1.377327
v 75.870911 0.817961 1.351475
v 75.255402 1.224079 1.367416
v 73.882401 -0.512017 1.372368
v 81.556816 -0.802342 1.364459
v 96.256760 -0.982658 1.335688
v 90.626083 1.024787 1.379697
v 99.829681 -0.481722 1.212185
v 73.129135 -0.475784 1.523269
v 84.699791 -1.959742 1.342750
v 62.534817 1.043869 1.253683
v 96.790924 1.038201 1.352545
v 96.656982 -1.756116 1.451540
v 74.618034 -1.202734 1.349040
v 49.714489 -2.150664 1.344176
v 88.157028 2.163461 1.335787
v 5.853962 -2.003561 1.438223
v 71.825706 1.944798 1.491358
v 54.108376 1.553445 1.359372
v 0.035286 -1.998400 1.045531
v 88.826614 -2.004373 1.288014
v 68.624290 0.928371 1.305264
v 80.954742 -0.457481 1.429963
v 63.361813 -1.930506 1.355541
v 82.482246 2.236365 1.237635
v 54.194946 1.137288 1.478363
v 98.985558 0.210821 1.154867
v 44.852921 -2.024891 1.494026
v 96.456871 -0.509991 1.402473
v 53.950619 2.257278 1.299897
v 98.909096 0.021141 1.455227
v 74.417862 -0.908654 1.322610
v 68.247261 1.181033 1.323763
v 52.087284 -0.813468 1.451828
v 82.024567 -1.891380 1.439058
v 76.793732 -1.847155 1.428488
v 98.462898 0.072172 1.409904
v 81.445900 -0.615036 1.389193
v 7.584168 -2.138957 1.379006
v 67.553261 -1.530732 1.329481
v 90.108337 1.398968 1.349764
v 13.562391 2.303294 1.408102
v 81.657654 -1.055737 1.350361
v 89.775230 2.237717 1.290364
v 96.148476 -0.309054 1.375579
v 67.588531 -1.029184 1.395312
v 59.727215 -0.714439 1.358214
v 75.120880 1.673426 1.360116
v 97.946960 0.246434 1.304405
v 61.252510 0.881049 1.373615
v 53.196770 -1.979306 1.208096
v 74.161140 -0.685347 1.324877
v 9.025902 -2.152251 1.423917
v 86.666275 2.125082 1.463753
v 66.039886 -0.737446 1.260003
v 59.967167 -1.104207 1.337681
v 60.908703 -1.896908 1.401345
v 97.539543 0.318468 1.303282
v 83.480682 1.147727 1.234500
v 97.048347 0.111664 1.390204
v 44.920200 2.205683 1.430128
v 96.872421 0.287081 1.373225
v 63.741955 1.416015 1.274343
v 82.650734 1.390681 1.355493
v 88.911896 -2.040373 1.291964
v 67.644203 -1.947356 1.361311
v 64.026207 1.548985 1.245493
v 51.150177 -1.235326 1.389064
v 12.670080 2.301093 1.451273
v 0.337693 -2.056505 1.555959
v 83.114052 1.005311 1.350013
v 85.347794 1.388897 1.303909
v 83.878899 0.970317 1.355093
v 86.694855 -0.827177 1.649613
v 89.938942 1.735728 1.332184
v 96.575737 -0.095714 1.399755
v 54.845360 1.038511 1.452874
v 96.814606 0.610896 1.367604
v 66.607452 -0.506381 1.364414
v 54.611954 1.184194 1.367998
v 75.434135 0.551840 1.463529
v 58.829906 -0.810020 1.235616
v 83.070930 -1.868269 1.457624
v 53.129936 -1.190490 1.418702
v 60.494278 2.068264 1.460108
v 95.560516 -0.351119 1.361226
v 39.072536 2.193622 1.485925
v 0.371405 2.125313 1.555480
v 14.562183 2.359224 1.334811
v 25.565269 2.231611 1.421094
v 96.543106 2.054063 1.437450
v 29.609383 2.211878 1.450438
v 59.719852 1.954009 1.564578
v 84.846733 -1.896129 1.496132
v 70.139946 1.056145 1.316251
v 0.015732 -0.862629 1.891934
v 73.779762 2.005077 1.481649
v 50.093487 2.182341 1.477121
v 57.105869 -1.291143 1.374156
v 52.054985 2.159770 1.489446
v 62.936798 1.037220 1.467197
v 74.965805 -1.774213 1.531076
v 86.130981 -1.127108 1.502747
v 97.274101 -1.810521 1.191660
v 46.636723 -2.089802 1.467679
v 74.765656 2.047673 1.474718
v 55.357918 1.225594 1.324341
v 18.878777 2.209364 1.466670
v 82.249306 2.099180 1.464136
v 52.643826 -0.919946 1.354462
v 52.311802 -0.810553 1.408744
v 95.418747 2.031654 1.442694
v 64.978699 2.180861 1.270090
v 93.326256 -0.980474 1.497070
v 61.555744 0.621617 1.473882
v 66.834885 1.988931 1.483970
v 67.839050 1.404743 1.476227
v 2.981797 2.191534 1.505265
v 67.869461 2.140229 1.318026
v 50.619934 -1.521810 1.310229
v 78.763840 -1.340707 1.210513
v 60.994587 1.035491 1.377348
v 64.700951 -1.109959 1.520430
v 10.546608 -2.156109 1.468458
v 31.510647 2.202286 1.499577
v 96.305969 0.246711 1.454014
v 82.780228 1.076504 1.390284
v 79.101929 -1.120655 1.505806
v 96.592361 -1.730582 1.465350
v 74.875885 -1.316259 1.491509
v 75.017311 0.797760 1.484867
v 58.482315 -0.831961 1.262242
v 89.178917 2.172855 1.339388
v 40.733505 2.192666 1.499273
v 84.228310 1.061963 1.314598
v 77.331581 1.026069 1.422680
v 56.658367 1.555092 1.629400
v 81.174484 -0.506154 1.401257
v 95.948112 -0.129057 1.423801
v 92.418571 1.212417 1.558541
v 42.835209 2.188222 1.491702
v 74.756729 -0.612817 1.473921
v 79.691505 -0.923849 1.351351
v 72.177254 -0.850895 1.630425
v 56.446545 1.437036 1.529174
v 99.352531 0.024045 1.410403
v 70.668610 -1.852929 1.487549
v 75.769203 -1.899677 1.347018
v 60.819061 1.220670 1.392449
v 51.909298 -0.980546 1.320196
v 68.106087 0.614268 1.473238
v 96.536499 -1.438620 1.464142
v 63.261887 1.231229 1.300915
v 59.363735 -0.526195 1.404442
v 67.702782 1.028678 1.554514
v 81.851601 -0.504214 1.484534
v 75.182320 0.518288 1.485594
v 53.800991 2.136312 1.450805
v 5.968624 -1.878102 1.597735
v 96.418915 0.848501 1.507838
v 79.878456 -0.721271 1.550016
v 88.217178 -0.823964 1.362130
v 16.174904 -2.096458 1.522684
v 28.871666 -2.077423 1.526656
v 31.858301 -2.071853 1.546273
v 89.482605 2.068883 1.532271
v 93.570450 1.918007 1.603131
v 82.322739 1.947497 1.466439
v 77.870522 1.271325 1.305400
v 67.086502 -0.537614 1.364270
v 92.281319 -1.712387 1.682625
v 8.008663 2.290804 1.368188
v 61.964020 0.626387 1.516039
v 69.583893 0.802125 1.459354
v 89.013519 -1.264285 1.506455
v 67.877220 0.848649 1.496776
v 97.859497 -0.080650 1.524264
v 47.911823 2.203419 1.425786
v 67.466255 -0.744171 1.388311
v 52.820915 -1.092145 1.320089
v 82.129280 -1.779539 1.541010
v 60.231731 -1.439655 1.436115
v 57.183819 1.949809 1.490817
v 13.084313 -2.387576 1.118049
v 89.132462 -1.850472 1.555282
v 12.298900 -2.162429 1.373100
v 68.791122 0.486071 1.511185
v 53.481716 -1.869768 1.455486
v 96.684212 2.032934 1.390431
v 83.662918 0.705242 1.526576
v 56.051582 -1.874402 1.448646
v 88.882736 -1.620356 1.415653
v 67.832664 -1.819216 1.538424
v 74.180916 -0.031603 1.553076
v 14.423628 -2.137140 1.486639
v 55.673752 1.265865 1.333964
v 98.255981 -0.116880 1.586309
v 81.888695 -1.318623 1.434787
v 73.533615 -0.313981 1.532083
v 74.682243 -0.314702 1.491738
v 87.221909 -0.732187 1.489594
v 56.917114 1.779449 1.747895
v 11.276135 -2.154086 1.471528
v 74.475311 -0.134942 1.507802
v 69.037300 -1.899101 1.424660
v 5.876893 2.222050 1.466690
v 64.097572 -1.493181 1.359317
v 76.054184 0.483836 1.523944
v 62.012615 -1.866773 1.456069
v 91.648582 1.033591 1.429665
v 78.122902 -1.682432 1.702376
v 58.006386 -0.918585 1.326182
v 14.442601 2.210765 1.512336
v 44.638569 2.204313 1.483877
v 69.246475 0.632446 1.514834
v 89.931480 0.995358 1.518646
v 89.716530 1.355052 1.514664
v 64.508636 1.915377 1.624426
v 82.052574 -0.929784 1.526263
v 23.397997 2.149800 1.538857
v 60.908669 0.433396 1.521740
v 73.904060 -0.173202 1.534602
v 82.508568 0.579736 1.529827
v 67.678955 -0.302871 1.484024
v 78.966850 1.917167 1.611425
v 53.410896 -1.642912 1.504837
v 68.045883 1.634357 1.320394
v 48.713226 -2.060198 1.475262
v 70.948288 -1.693864 1.668498
v 85.375801 -1.549376 1.312981
v 67.905449 0.475422 1.514307
v 35.700260 2.211226 1.462619
v 54.361897 0.868934 1.548881
v 82.400246 0.978619 1.510803
v 60.000504 -0.343729 1.478789
v 49.887215 -2.008308 1.553896
v 63.730583 -1.732215 1.638708
v 84.024780 0.796610 1.539268
v 60.390156 -1.043186 1.514391
v 99.847336 -0.427653 1.510682
v 69.898880 0.914541 1.429409
v 83.313782 0.627554 1.521363
v 67.465004 -0.147862 1.484758
v 71.305466 1.579070 1.892274
v 60.223549 -0.602021 1.474896
v 95.987648 0.420685 1.561295
v 65.701927 1.969163 1.497151
v 96.747536 -0.784171 1.522532
v 50.282581 -1.731919 1.333390
v 75.656143 0.311260 1.541319
v 55.123398 0.950951 1.546926
v 95.126328 -0.211663 1.485923
v 90.273781 0.758526 1.535686
v 0.023064 1.461819 1.624889
v 61.233776 0.426629 1.528084
v 82.285309 1.401155 1.525249
v 68.040993 0.073689 1.537799
v 93.993294 -0.690860 1.406944
v 57.512051 2.147825 1.312254
v 67.498474 0.494380 1.586114
v 53.614590 1.637353 1.617710
v 53.837540 1.258456 1.548207
v 15.618023 2.189487 1.571734
v 97.320694 -0.209645 1.525467
v 95.591537 0.060870 1.533435
v 60.381130 1.921965 1.559340
v 81.026260 1.985002 1.538356
v 96.687347 1.692637 1.402326
v 5.720195 -1.916213 1.608415
v 67.689507 2.012019 1.495162
v 74.696198 0.292403 1.540342
v 82.268410 -0.182236 1.567755
v 60.633816 0.709186 1.516981
v 60.499519 -0.363559 1.537707
v 60.213047 0.060510 1.549270
v 75.059937 0.055856 1.536496
v 74.429810 0.074726 1.548300
v 60.137852 1.871976 1.700324
v 60.417488 -1.856312 1.479568
v 74.833145 0.715288 1.533744
v 60.497066 0.074811 1.548614
v 96.393318 1.893828 1.648511
v 87.700890 -0.772937 1.358893
v 68.292297 0.250605 1.534072
v 59.859165 -0.058956 1.557874
v 85.733231 1.530199 1.477415
v 36.396500 -2.085220 1.533069
v 5.586545 -2.022530 1.586973
v 60.439358 1.177578 1.550067
v 81.967873 -0.144189 1.539050
v 67.642136 0.261609 1.534085
v 88.322647 -0.220604 1.641893
v 67.062721 0.025296 1.552853
v 82.206108 -0.514595 1.564777
v 80.728104 -0.361613 1.527771
v 82.823593 0.610474 1.511050
v 87.937836 1.998393 1.571934
v 2.935917 -2.092479 1.544475
v 94.865211 -0.352420 1.435255
v 82.574814 0.081427 1.587958
v 90.704086 0.768049 1.527863
v 66.628609 -0.179966 1.532693
v 66.249100 -0.313561 1.540937
v 81.724716 -0.029471 1.552347
v 68.003296 -0.286779 1.550745
v 74.905975 1.448136 1.498992
v 94.229462 -0.399504 1.657283
v 82.034210 0.250327 1.576581
v 82.148750 0.809475 1.586428
v 96.703148 1.368978 1.390664
v 78.746574 1.770749 1.776977
v 65.368523 -0.851205 1.407053
v 68.466324 0.527783 1.469557
v 59.052128 -0.346896 1.554513
v 6.050857 2.025977 1.716593
v 70.173874 0.829046 1.732852
v 90.433418 -1.891694 1.466875
v 75.034477 -0.308125 1.557887
v 99.459045 -0.924432 1.280231
v 87.947540 -0.516088 1.521395
v 89.461830 0.947051 1.659649
v 59.368423 -0.284994 1.529865
v 82.839500 -1.684394 1.657649
v 13.505599 -1.841249 1.759512
v 53.128002 -0.444807 1.607366
v 90.989807 0.670786 1.633782
v 96.946838 -0.360073 1.491759
v 75.385963 -0.118976 1.619062
v 6.630560 2.026292 1.691656
v 8.710617 -1.913670 1.681016
v 53.675121 -1.640747 1.732193
v 69.758232 0.572976 1.776062
v 68.030579 -1.658415 1.718552
v 54.536961 -1.873975 1.455787
v 53.528339 -1.168200 1.650513
v 63.456329 -1.878301 1.505146
v 52.695347 -0.495848 1.566692
v 69.460037 -1.685902 1.668050
v 9.983953 -1.891822 1.728044
v 8.904900 2.267739 1.452023
v 84.580978 1.046072 1.487291
v 56.028942 -1.868198 1.512876
v 85.496452 1.384880 1.615953
v 29.577904 2.011248 1.705235
v 53.475533 2.026752 1.701362
v 58.645546 2.017709 1.455371
v 18.601629 2.031174 1.691958
v 1.393816 -2.074264 1.536368
v 44.916183 2.005904 1.691807
v 62.462223 0.753590 1.576253
v 95.264297 1.820533 1.675561
v 86.315552 1.967414 1.675959
v 74.491707 0.885662 1.672325
v 60.779346 -0.439114 1.615977
v 81.254036 -0.164606 1.543952
v 67.976120 -0.676202 1.569491
v 89.271523 1.941119 1.688415
v 70.371857 1.040864 1.529346
v 91.998055 -1.892546 1.483964
v 93.250198 -0.940121 1.904614
v 65.830399 1.799229 1.685222
v 76.428375 0.615158 1.528440
v 88.504562 -0.463105 1.537848
v 71.775291 -1.130512 1.527413
v 68.783684 0.078697 1.684405
v 10.783595 2.253929 1.477023
v 58.337406 1.766443 1.750977
v 45.108856 -1.876746 1.715869
v 91.212997 0.940731 1.452899
v 64.942970 -0.906384 1.707326
v 53.830288 0.593968 1.680705
v 77.990829 1.242336 1.579128
v 89.857941 0.334332 1.683920
v 92.764557 -1.305816 2.009039
v 77.501076 0.950364 1.706952
v 61.034550 0.102510 1.588902
v 0.146559 1.681741 1.793947
v 88.739250 -0.619385 1.524773
v 89.024162 -0.905693 1.540698
v 57.121563 1.881277 1.640138
v 46.428307 -1.894776 1.706861
v 89.683640 0.631500 1.639246
v 60.213902 0.319453 1.581443
v 67.826729 -1.308824 1.516937
v 19.721289 -2.078984 1.524750
v 82.326973 -1.656068 1.695235
v 56.062065 1.231411 1.585106
v 38.708775 -2.074060 1.530918
v 99.826813 -0.265090 1.587890
v 82.977783 0.430407 1.565219
v 40.683529 -2.081041 1.531815
v 24.021763 -2.045234 1.570585
v 44.398495 -2.038686 1.579793
v 64.371933 1.822312 1.698043
v 69.090889 0.270184 1.699597
v 58.373924 -0.622080 1.555276
v 55.538395 1.009852 1.606806
v 89.165047 -0.075950 1.691166
v 82.361046 -1.123172 1.678765
v 89.064529 1.887778 1.730307
v 71.217850 -1.485012 1.857984
v 64.451515 -1.303480 1.241736
v 85.799507 -1.303073 1.513860
v 69.424339 0.438078 1.720471
v 98.646683 -0.191221 1.736701
v 93.544594 -0.760575 1.738882
v 5.478230 -2.097047 1.543492
v 53.289146 -0.776308 1.579253
v 83.696571 0.426433 1.712729
v 53.534222 0.796463 1.708791
v 90.680313 0.481189 1.690187
v 70.877319 1.272891 1.754343
v 74.207657 0.493656 1.699987
v 67.243378 0.715887 1.702670
v 89.356781 -1.683325 1.756101
v 0.306456 1.861609 1.805364
v 84.368645 0.758374 1.753136
v 7.540558 -1.936524 1.614433
v 87.591484 1.857033 1.737218
v 78.430656 1.498909 1.832966
v 89.300087 -1.104453 1.666448
v 51.735367 -0.836045 1.588882
v 60.160469 1.406923 1.686018
v 66.195862 -0.107810 1.708580
v 60.712711 -1.056827 1.672603
v 50.874580 -1.308097 1.558434
v 87.356895 -0.528032 1.674903
v 95.261482 0.252365 1.731383
v 61.042637 -0.440588 1.711320
v 84.078239 0.624905 1.717605
v 14.492348 -1.815907 1.822337
v 89.486137 -0.593627 1.754402
v 71.518921 -1.300453 1.509741
v 66.802429 0.339727 1.737917
v 89.334160 -0.315341 1.705149
v 83.203224 0.146970 1.710328
v 75.431137 -0.439512 1.718041
v 82.779411 -0.252138 1.704448
v 60.650486 -1.634810 1.693165
v 91.366440 0.737664 1.689332
v 96.193077 1.717355 1.797499
v 73.866692 0.224547 1.723903
v 89.506958 0.295161 1.695845
v 13.071078 -1.677223 1.892060
v 58.160954 -0.596774 1.722090
v 8.098023 2.006495 1.691347
v 12.796711 -2.060337 1.489625
v 89.335571 1.406329 1.688987
v 94.596329 -0.258656 1.601465
v 82.492104 -0.718775 1.690074
v 84.993477 1.006099 1.928438
v 90.052818 0.291085 1.693808
v 95.682610 0.603671 1.735484
v 72.551483 1.768146 1.698469
v 56.345749 -1.700724 1.691575
v 94.996323 0.201906 1.811358
v 92.818069 1.425198 1.364064
v 13.766294 2.059209 1.663497
v 90.911888 -1.668460 1.720521
v 93.129204 1.568200 1.323794
v 25.761501 2.010261 1.699211
v 81.694206 0.631591 1.704239
v 50.090240 1.900770 1.814994
v 81.648949 0.322267 1.649415
v 51.908825 1.972406 1.728781
v 88.653328 0.105780 1.726188
v 89.284882 0.570381 1.711403
v 67.367050 1.768511 1.758346
v 88.951462 0.164514 1.717197
v 4.431416 1.983201 1.748179
v 88.109352 -0.147234 1.707268
v 73.798668 1.679796 1.824524
v 38.856136 1.981514 1.741181
v 75.847878 -0.053417 1.723902
v 58.901470 -0.100782 1.772592
v 76.316536 0.295147 1.711645
v 81.898338 1.122266 1.697805
v 0.015911 0.854042 1.907355
v 53.196526 0.155366 1.759640
v 53.055637 -0.060604 1.723839
v 35.119846 2.031656 1.696152
v 79.861656 1.892393 1.610219
v 48.560410 -1.862954 1.719924
v 31.380159 1.927024 1.822443
v 62.175114 0.473451 1.693554
v 52.872269 0.013607 1.781901
v 87.724716 -0.323318 1.709065
v 80.780586 -0.053193 1.718503
v 14.823630 -1.826068 1.853538
v 96.144379 1.102645 1.696991
v 41.806355 2.012554 1.714546
v 74.550575 1.884623 1.689103
v 50.078590 -1.876989 1.718941
v 14.651846 2.169678 1.607888
v 0.441382 1.877464 1.845397
v 53.546513 0.275665 1.735520
v 65.685478 -0.414610 1.737536
v 67.425835 1.185345 1.696187
v 96.927063 -1.490421 1.703594
v 81.992241 1.880104 1.690865
v 68.339813 -0.461385 1.683318
v 18.316660 -1.877292 1.759469
v 76.920341 0.483115 1.902675
v 61.425846 -0.016486 1.717350
v 54.766300 0.609838 1.710378
v 75.251831 -1.556463 1.767771
v 73.068001 -0.276966 1.735515
v 98.224213 -1.171508 1.598241
v 53.546253 -0.107282 1.733603
v 68.543274 -0.178561 1.688125
v 59.428680 0.092138 1.696741
v 53.629856 -0.362738 1.737848
v 97.574165 -1.343068 1.666425
v 60.899036 -1.479895 1.821887
v 94.438675 -0.016759 1.924024
v 38.407280 -1.883063 1.758441
v 76.425476 -1.622728 1.682404
v 44.636768 -1.915340 1.717626
v 52.366810 -0.395425 1.702493
v 58.707924 -0.347266 1.675285
v 76.748650 0.671546 1.600641
v 24.501795 -1.876654 1.766923
v 80.361046 -0.440659 1.603035
v 97.095055 -1.271052 1.797392
v 3.052075 -1.808620 1.860700
v 54.035744 0.220413 1.760365
v 60.079964 0.761169 1.665712
v 75.193214 -0.899101 1.663853
v 82.610092 -1.452292 1.866914
v 54.322227 0.439382 1.720389
v 68.198326 -0.890531 1.705354
v 61.802807 0.241924 1.704040
v 62.561214 -1.609359 1.743356
v 89.757683 -0.130242 1.762951
v 63.697243 -1.701938 1.691075
v 73.498901 -0.047021 1.716183
v 88.947205 0.566434 1.791345
v 90.377403 0.314593 1.720320
v 53.282124 0.527459 1.789788
v 97.472893 -0.523240 1.727863
v 81.290802 0.264827 1.719957
v 72.731552 1.557743 1.889260
v 12.665565 2.049190 1.730489
v 12.696568 1.863196 1.903016
v 99.561630 -0.581915 1.564000
v 11.066429 2.005945 1.741000
v 85.149002 -1.723907 1.689771
v 47.846649 2.002664 1.687891
v 92.507782 -1.527214 1.851446
v 67.184982 1.618156 1.884562
v 95.801880 1.147698 1.912200
v 11.243493 -1.914134 1.730858
v 71.550804 1.770033 1.710142
v 92.101471 0.896581 1.924246
v 56.261383 1.206193 1.895077
v 9.305429 2.035288 1.723301
v 66.053505 1.556117 1.916560
v 59.709488 0.431267 1.728314
v 18.765434 1.833158 1.889457
v 70.494148 0.954305 1.940856
v 53.732540 -0.711600 1.769583
v 72.669807 -0.586349 1.636838
v 44.608494 2.011703 1.736342
v 44.872356 -1.788844 1.764443
v 82.801079 -0.834269 1.879560
v 86.043816 1.795913 1.845841
v 34.566635 1.842266 1.890025
v 91.915352 0.951662 1.662550
v 86.363190 -0.909697 1.828049
v 57.712074 1.590330 1.915417
v 62.920147 0.858021 1.748781
v 57.874130 -0.576618 2.004321
v 41.311028 1.832138 1.897820
v 69.916588 0.517112 1.978818
v 94.258469 1.578182 1.901006
v 0.155939 -1.742786 1.742955
v 82.768814 -1.291415 1.971173
v 81.892754 1.889989 1.716705
v 74.188385 1.603608 1.924100
v 16.120779 -1.725697 1.917801
v 99.620850 -0.175125 1.805042
v 79.299789 -0.939347 1.723901
v 57.600533 -0.935149 1.680191
v 59.778763 1.645285 1.903388
v 6.157743 -1.742649 1.744353
v 72.010452 -0.819818 1.993051
v 11.405434 -1.691140 1.940664
v 44.666126 -1.696615 1.932316
v 14.576513 1.860634 1.926802
v 78.390411 -1.475357 1.893120
v 89.862686 -0.550785 1.887300
v 75.632484 -0.795878 1.915387
v 63.509403 1.246410 1.564731
v 64.026360 -1.525555 1.776599
v 61.437397 -0.459619 1.911340
v 51.035503 -1.082772 1.875845
v 85.233475 1.209535 1.745669
v 89.716286 -0.855176 1.884753
v 91.137970 0.382639 1.903395
v 55.324440 0.780981 1.764227
v 75.455795 -1.412522 1.898501
v 43.195210 -1.858554 1.793344
v 88.964874 1.716130 1.895827
v 24.298065 -1.674131 1.962027
v 5.478087 -1.841698 1.836767
v 97.334320 -1.180448 1.900886
v 29.993402 -1.873433 1.769354
v 83.937668 0.225802 1.983779
v 83.528313 -0.033537 1.930412
v 93.333794 1.745221 1.796733
v 78.671883 -1.267290 2.042506
v 34.857239 -1.719770 1.928210
v 71.694458 -1.038820 2.155619
v 75.565369 -1.264807 1.979798
v 57.299355 -1.086279 1.771110
v 80.310333 -0.098934 1.940463
v 90.643486 0.092105 1.898881
v 50.611111 -1.421429 1.776513
v 53.991096 -0.301409 1.830989
v 76.628479 0.234783 1.928639
v 83.055237 -0.454888 1.900560
v 51.964592 -0.422237 1.888573
v 90.153625 -0.203289 1.877931
v 78.219841 1.360595 1.670190
v 56.600075 -1.507524 1.864246
v 91.024925 -1.490709 1.885277
v 64.035316 1.580285 1.867858
v 6.884895 1.745315 1.917361
v 92.631851 1.252533 1.864845
v 54.817104 -1.529687 1.832001
v 61.219559 -0.815227 1.909542
v 76.177849 -0.122879 1.905766
v 70.998795 1.325341 2.060656
v 80.029320 -0.511689 1.718221
v 93.016739 1.505165 1.998644
v 71.453438 -1.276799 2.014949
v 52.835838 0.309968 1.912555
v 73.492920 0.322761 1.931674
v 61.115181 -1.259046 1.957834
v 69.355545 0.121255 1.933947
v 86.293945 1.739664 1.911721
v 0.075861 1.145234 2.034100
v 0.256077 -1.807283 1.786268
v 64.390656 1.657054 1.889272
v 5.847535 -1.640102 1.833439
v 99.635941 -0.243305 1.797890
v 97.245735 -0.773127 1.750428
v 51.506168 -0.851707 1.740897
v 54.294880 -0.118562 1.893284
v 66.617012 0.592607 1.942742
v 47.709206 1.765774 1.925023
v 26.173790 1.817139 1.889420
v 0.058067 -1.646453 1.647217
v 8.450744 -1.605139 1.971507
v 51.858223 1.793691 1.914890
v 80.315399 1.661186 1.842641
v 53.049301 0.615145 1.885867
v 38.712559 1.788678 1.928653
v 4.487793 1.779641 1.938320
v 0.410294 -1.814351 1.833782
v 59.771683 1.516419 1.928708
v 97.897057 -0.473294 1.827641
v 64.173065 1.655488 1.876570
v 87.783508 0.003651 1.919724
v 44.593410 1.818724 1.930208
v 88.523514 0.538038 1.910590
v 2.855116 1.928841 1.815734
v 94.802757 0.312497 1.997446
v 6.614584 1.551723 2.065440
v 89.004349 1.278399 1.860132
v 99.477592 -0.200425 1.929181
v 88.885521 0.928707 1.876610
v 79.361557 1.587629 1.910902
v 53.276073 1.901854 1.855231
v 9.981991 -1.639327 1.955031
v 14.246413 1.789288 1.872959
v 15.734265 1.945765 1.849614
v 1.325653 -1.804665 1.837880
v 97.606339 -1.036227 1.977712
v 53.201572 1.075424 1.849562
v 81.705032 1.711105 1.864564
v 61.390465 -1.126202 2.100252
v 53.870239 -1.450693 1.916595
v 56.856136 -1.316264 1.996564
v 76.583931 -1.395231 1.884196
v 68.320992 -1.434775 1.919644
v 56.677322 1.499223 2.005802
v 70.444016 -1.440143 1.892716
v 64.264595 -1.280840 1.989433
v 75.840134 -0.498093 1.926618
v 62.328613 -1.418443 1.904932
v 88.140961 0.232378 1.907194
v 84.814949 -1.493420 1.874145
v 63.946297 -1.522231 1.836540
v 54.596436 0.160261 1.898503
v 59.339592 0.625439 1.944331
v 55.018738 0.406312 1.934807
v 71.820618 1.543259 1.897961
v 5.657837 -1.710792 1.958920
v 97.452202 -1.049192 1.956831
v 19.409101 -1.698463 1.930786
v 38.446579 -1.700803 1.929166
v 74.035530 0.918482 1.895396
v 41.985725 -1.706346 1.936233
v 28.601318 -1.692622 1.938273
v 89.570068 -1.524849 1.906408
v 87.744514 1.624888 1.953912
v 78.463791 1.483197 2.034114
v 84.199272 0.313527 2.110063
v 12.565924 1.619111 2.083607
v 7.482753 -1.719271 1.827037
v 61.769836 -0.141122 1.917150
v 81.633965 1.382249 1.884385
v 85.408783 -1.527691 1.866043
v 66.986305 0.997369 1.909336
v 74.461624 1.471355 1.745727
v 54.193596 -0.484470 1.947699
v 0.380555 1.599263 2.065635
v 73.877884 1.346671 2.099576
v 98.009193 -0.762238 2.101238
v 9.397645 1.837108 1.904170
v 79.899948 -0.260045 2.116369
v 80.775032 0.286348 1.932781
v 68.581841 -0.682784 1.893816
v 81.086250 0.561128 1.924222
v 44.917984 1.788090 1.906510
v 95.360435 0.693808 1.937924
v 52.395435 -0.019580 1.931357
v 26.159967 1.608854 2.061323
v 48.602020 -1.645661 1.934341
v 80.088272 1.345941 2.090132
v 64.016876 1.401589 2.061197
v 97.671402 -0.857232 1.996711
v 95.951111 1.546765 1.948085
v 49.963821 1.581774 2.091636
v 29.287672 1.792544 1.921467
v 23.067457 1.796519 1.914583
v 66.279137 0.247319 1.919935
v 14.349595 1.668440 1.997200
v 45.322903 -1.662703 1.929467
v 12.482752 -1.533520 2.051528
v 35.039146 1.634453 2.059562
v 59.374912 1.392413 2.103283
v 53.981331 -0.926892 1.920494
v 41.355511 1.583927 2.102598
v 90.900085 -0.013107 2.084023
v 89.905830 -1.292269 2.092010
v 59.629971 0.997263 1.918152
v 7.245994 -1.474235 2.012174
v 43.702240 1.595750 2.111106
v 84.639175 0.713657 2.055131
v 16.803604 1.629080 2.085144
v 90.145264 -0.720217 2.105449
v 57.256378 1.355556 2.088543
v 63.784409 1.356630 2.038484
v 78.259468 -1.128332 2.092223
v 79.118423 1.367615 2.087931
v 68.933311 -0.244487 1.917126
v 62.527390 0.368160 2.040953
v 99.234344 -0.254119 1.996446
v 3.014197 -1.472682 2.131658
v 77.107185 0.399164 2.169613
v 14.842316 -1.505347 2.119755
v 77.262238 0.714975 1.887582
v 81.433914 0.886725 1.873310
v 93.831108 -0.430925 1.988067
v 55.354534 -1.313189 1.998188
v 62.183601 0.232863 1.892696
v 34.886486 -1.445169 2.141927
v 13.979445 1.265124 2.241239
v 15.692129 -1.466717 2.125088
v 70.827988 -1.079143 2.127393
v 54.136818 -1.201661 2.103983
v 70.050652 0.485234 2.191809
v 72.816475 1.286735 2.081387
v 72.456772 -0.515277 1.917056
v 89.951202 -1.190733 2.131636
v 83.122513 -1.075371 2.152601
v 65.908340 1.327843 2.074289
v 6.561716 -1.126611 2.220719
v 91.587547 0.509487 2.054130
v 79.588257 -0.604402 1.998161
v 62.762428 0.622350 1.944850
v 57.125298 -1.099219 2.117167
v 0.197073 1.222296 2.177157
v 64.522896 -1.071486 2.112341
v 85.803810 1.561773 2.025097
v 66.884857 1.372993 2.068485
v 72.118286 1.179853 2.134604
v 66.654427 1.119061 2.184251
v 73.721786 1.161890 2.169027
v 7.583268 1.426845 2.134644
v 90.463120 -0.375843 2.102355
v 87.351723 -0.275059 1.934892
v 55.629852 0.748023 2.004502
v 65.343529 -0.511787 1.931306
v 50.261692 -1.675370 1.919513
v 44.875298 -1.546647 1.991278
v 55.946575 0.945197 2.022560
v 93.068489 -1.031983 2.180192
v 94.465347 1.290970 2.102649
v 92.298477 1.010415 1.951080
v 85.475311 1.298452 2.094593
v 83.061813 -1.039614 2.122341
v 8.887465 -1.589673 2.001411
v 0.319031 -1.502900 2.065964
v 6.253228 1.668520 2.049667
v 61.829678 -0.460791 2.169108
v 86.171959 -0.874781 2.262942
v 57.403141 -0.822366 2.224496
v 38.184200 1.518839 2.138306
v 65.172180 -0.688728 1.857756
v 29.173460 1.549001 2.112245
v 52.914188 1.606930 2.124468
v 45.160820 1.533379 2.117578
v 10.077396 -1.353431 2.169878
v 98.617386 -0.466569 2.078938
v 56.555111 1.314948 2.137218
v 19.284082 1.614084 2.067100
v 83.460320 -0.774575 2.302924
v 14.459329 1.614415 2.106504
v 44.890774 1.427252 2.169884
v 84.110542 -1.130186 2.103484
v 48.609951 -1.435648 2.106151
v 91.282883 0.248699 2.104888
v 56.306705 1.123132 2.247777
v 70.761711 1.099564 2.185310
v 55.508556 -1.094832 2.122243
v 87.036835 1.421642 2.114633
v 58.275951 -0.226131 2.062072
v 98.325050 -0.617036 2.133386
v 54.376484 -1.069402 2.173377
v 98.764503 -0.450677 2.084349
v 83.567253 -0.389936 2.182287
v 0.070569 -1.100637 2.076175
v 7.629425 -1.481641 2.048266
v 68.620575 -1.180755 2.101403
v 45.139290 -1.358708 2.160501
v 85.707596 -1.276908 2.048504
v 5.716647 -1.479948 2.138423
v 81.282402 1.385154 2.107496
v 51.261703 -0.856070 1.990318
v 73.364479 0.800641 2.258154
v 0.032438 -0.570197 2.110404
v 0.023151 0.445796 2.118096
v 59.461533 1.352453 2.101445
v 95.667435 1.344410 2.090987
v 63.266499 1.006050 1.847782
v 44.638218 1.533435 2.147050
v 24.674212 -1.414674 2.157829
v 19.033167 -1.478536 2.106471
v 87.761620 0.276413 2.131247
v 43.089413 -1.504990 2.098721
v 8.293695 1.616511 2.020049
v 29.167973 -1.493184 2.098901
v 92.774277 1.307117 2.119650
v 77.109764 -1.084910 2.088372
v 11.281743 1.708867 1.996674
v 80.971390 1.129483 2.255022
v 9.600507 1.577713 2.094874
v 0.183581 -1.268271 2.122244
v 52.448273 0.411837 2.148872
v 76.241188 -1.090986 2.092460
v 13.177213 -1.286038 2.219211
v 54.466373 -0.845447 2.279493
v 56.497707 -1.153976 2.083428
v 78.173134 1.220610 2.197481
v 47.777008 1.527810 2.114532
v 62.623245 -1.118776 2.090075
v 21.852037 1.603255 2.075177
v 4.457437 1.542992 2.118826
v 55.246506 0.461011 2.028923
v 26.134939 1.424397 2.187590
v 51.600136 1.583499 2.094362
v 75.811310 -1.072574 2.126342
v 19.468143 1.417400 2.201848
v 54.592159 -0.314403 2.128595
v 68.850449 -0.941012 2.212003
v 31.212881 1.590387 2.099595
v 76.471672 -0.170935 2.151442
v 50.524937 -1.395076 2.133272
v 2.192460 1.583176 2.107825
v 61.669216 -1.113967 2.129420
v 6.590816 1.340152 2.260046
v 72.876617 0.025610 2.114972
v 6.182039 -1.373515 2.029296
v 84.846664 0.763857 2.228303
v 76.231804 -0.632728 2.295515
v 0.415266 -1.400359 2.149329
v 66.035858 1.128345 2.178719
v 66.335579 0.770042 2.239469
v 88.452843 1.056773 2.135166
v 72.702240 -0.296451 1.971262
v 73.375511 0.967189 2.269680
v 84.899666 -1.099074 2.115525
v 64.534386 1.029275 2.221807
v 59.036312 0.425403 2.008625
v 64.715515 -0.908825 2.182238
v 69.169144 -0.434423 2.207858
v 92.359703 -1.136983 2.119998
v 58.527851 -0.107786 1.977744
v 14.250800 1.246235 2.321297
v 88.122780 0.617222 2.123597
v 78.902168 -1.058891 2.171724
v 38.501816 -1.442480 2.133425
v 44.613419 -1.385100 2.179060
v 92.481094 1.051275 2.249701
v 88.605904 1.436582 2.115543
v 69.535370 0.015535 2.166637
v 54.922321 0.033251 2.134794
v 85.954048 -1.059196 2.184029
v 94.143539 1.057658 2.225175
v 87.027939 -0.406283 2.041568
v 75.951080 -0.899566 2.196401
v 52.593884 1.395657 2.263581
v 80.878044 0.731444 2.142342
v 95.331871 1.073509 2.201373
v 80.180069 1.056252 2.252279
v 66.395737 1.010748 2.250609
v 79.119568 1.050420 2.245620
v 94.765678 0.680029 2.349949
v 57.794949 -0.414915 2.325000
v 65.799408 0.020205 2.087282
v 57.894604 1.291765 2.123482
v 78.261070 -0.842464 2.206913
v 73.478935 0.998186 2.265783
v 90.818100 -1.202717 2.107111
v 58.960648 0.915444 2.316041
v 84.256607 -0.729480 2.273427
v 44.868622 -1.260054 2.199599
v 66.064476 0.275059 2.094097
v 52.797867 0.933418 2.099610
v 76.175194 -0.705182 2.279979
v 64.893806 -0.723814 2.265088
v 22.908125 1.230693 2.299385
v 91.155128 -0.255983 2.441822
v 13.828385 -1.338072 2.186509
v 45.218876 1.219820 2.313639
v 65.754013 0.835489 2.286822
v 72.373505 0.835716 2.281769
v 27.705084 1.233335 2.308349
v 50.434643 -1.103859 2.307625
v 11.157629 -1.383792 2.165493
v 64.766655 -0.816802 2.222268
v 5.864658 -1.477435 2.113359
v 38.118473 1.314174 2.264627
v 61.745705 -0.802653 2.277268
v 51.695946 1.318075 2.272481
v 72.335686 -0.356939 2.334809
v 63.479359 1.075010 2.211550
v 85.396255 1.183854 2.248763
v 70.818176 -0.808335 2.247265
v 86.294106 1.018443 2.285475
v 71.172340 0.817752 2.280840
v 16.617517 1.360212 2.236751
v 41.596954 1.238427 2.315344
v 46.647781 -1.270169 2.220301
v 94.161125 -0.161675 2.002526
v 58.484585 0.391331 2.395555
v 6.982988 1.193592 2.234324
v 43.504669 1.241600 2.327644
v 93.246819 0.972776 2.255907
v 91.421349 0.081662 2.390126
v 0.169118 -0.901772 2.292052
v 59.095798 1.057270 2.271769
v 92.077873 0.694207 2.350367
v 71.960739 -0.756001 2.252873
v 55.537514 0.357412 2.399921
v 70.465958 0.812129 2.296747
v 55.790657 0.611233 2.411926
v 14.748317 -1.307064 2.245301
v 0.088753 -0.491945 2.283218
v 6.083845 -1.189520 2.318719
v 95.087738 0.967010 2.280837
v 76.505905 -0.384836 2.356801
v 9.808443 1.285482 2.280780
v 88.260551 1.152329 2.276248
v 63.041714 0.665566 2.252424
v 69.056221 -0.880928 2.266386
v 80.473389 0.318073 2.147289
v 77.665230 0.922519 1.988210
v 8.877449 -1.167778 2.288321
v 52.569004 1.243906 2.348560
v 12.593578 1.319376 2.267616
v 65.484718 -0.157679 2.217459
v 71.426353 -0.553020 2.303639
v 62.327869 -0.760194 2.259652
v 92.249588 0.850488 2.307868
v 44.591537 1.203118 2.344472
v 63.492306 0.994841 2.257983
v 90.328049 -0.909328 2.314028
v 28.160849 -1.278555 2.236481
v 24.356760 -1.191956 2.287967
v 93.354042 -0.721458 2.297119
v 64.321930 0.748625 2.305178
v 0.394409 1.154923 2.347785
v 18.489634 -1.281447 2.236209
v 10.397866 -1.080393 2.333817
v 90.863190 -0.874937 2.296605
v 93.817123 0.698470 2.333301
v 55.181179 -0.704583 2.300426
v 0.080749 0.314000 2.302418
v 36.342442 -1.091968 2.345703
v 14.394825 -1.295957 2.214349
v 51.669037 -0.398687 2.145929
v 56.019188 -0.685043 2.268329
v 84.869423 0.664834 2.430345
v 92.488853 -0.749403 2.287076
v 79.512733 0.826507 2.320614
v 80.777496 0.941262 2.325612
v 77.961212 1.030909 2.284443
v 73.119675 0.174292 2.053992
v 57.114780 0.945515 2.286196
v 85.284836 -0.742917 2.269672
v 26.010294 1.165527 2.331580
v 94.666718 0.688551 2.374125
v 83.809822 -0.391391 2.377935
v 48.084618 1.204703 2.311553
v 31.331804 1.248013 2.302275
v 29.506077 1.226744 2.305275
v 79.223389 -0.727022 2.297849
v 0.365933 -1.044950 2.372292
v 38.093998 1.179984 2.336282
v 19.316011 1.172756 2.334990
v 94.300896 0.310421 2.412154
v 17.154169 1.282012 2.305284
v 0.472770 1.284815 2.286820
v 56.854557 -0.516396 2.295316
v 77.841934 -0.551976 2.295781
v 44.861259 1.084053 2.357875
v 66.183273 0.722678 2.330494
v 64.594933 -0.538843 2.306659
v 62.630821 -0.519794 2.324865
v 11.349483 1.257938 2.289727
v 65.084702 -0.484379 2.326349
v 6.927881 -1.058318 2.261002
v 64.316917 0.463487 2.354680
v 87.757706 0.797032 2.401150
v 65.930611 0.453218 2.373083
v 58.742825 0.679949 2.370860
v 69.207314 -0.650537 2.352774
v 78.719482 -0.517387 2.318132
v 27.948849 -1.034480 2.362426
v 44.612167 -1.099980 2.344464
v 14.938548 -1.233540 2.298402
v 86.464485 -0.630664 2.354604
v 61.993759 -0.520221 2.339315
v 57.896069 0.879271 2.300439
v 85.073166 0.897202 2.371966
v 77.675667 0.777258 2.367714
v 63.145893 0.720767 2.351296
v 54.759884 -0.532033 2.373755
v 88.133652 1.031031 2.324414
v 4.840338 1.230079 2.303124
v 70.108688 0.445446 2.384015
v 92.564140 -0.288213 2.382554
v 92.403351 0.335156 2.382404
v 8.217021 -1.198221 2.265880
v 64.214554 -0.262220 2.353904
v 65.254272 -0.257514 2.362385
v 70.732903 0.418296 2.362635
v 55.876472 -0.385411 2.343673
v 71.706680 -0.214806 2.350931
v 6.833102 1.162246 2.346634
v 76.963242 0.044295 2.410604
v 56.004227 0.843291 2.355382
v 12.712543 -1.125421 2.340544
v 51.845882 1.029453 2.424618
v 73.162659 0.698239 2.342046
v 52.319427 0.985890 2.468022
v 93.603745 -0.441269 2.361605
v 86.661270 -0.441546 2.394453
v 72.073669 0.463830 2.355542
v 86.216469 0.629196 2.387042
v 72.512093 -0.104730 2.364907
v 46.508224 -1.038597 2.345122
v 71.892914 0.100565 2.369153
v 87.109398 0.023704 2.424238
v 69.349838 -0.467475 2.389419
v 64.323860 0.032449 2.373612
v 50.854385 -1.043200 2.325310
v 55.158829 -0.321945 2.400129
v 62.723988 0.273816 2.374369
v 62.282913 -0.204381 2.363461
v 57.863968 0.571985 2.368778
v 78.996887 0.549779 2.378683
v 93.188705 -0.163353 2.386717
v 65.593185 0.106446 2.384159
v 56.272129 -0.096226 2.374912
v 87.604553 0.455932 2.381553
v 58.142498 0.018996 2.385166
v 62.587082 -0.179919 2.385037
v 24.263285 -1.046979 2.360185
v 38.757080 -1.091962 2.340796
v 72.786896 0.278333 2.388287
v 18.497999 -1.051955 2.357641
v 91.832710 0.459968 2.400948
v 8.201795 1.091011 2.348130
v 16.043753 -1.095127 2.346171
v 1.360149 -1.089733 2.344037
v 63.011555 0.445507 2.400281
v 84.286331 -0.344267 2.370330
v 2.920973 -1.098737 2.353522
v 31.459517 -1.091270 2.347252
v 78.585022 -0.063034 2.391505
v 85.987083 -0.315376 2.379814
v 90.707329 -0.623887 2.396947
v 69.545128 -0.237370 2.404090
v 93.239662 0.257519 2.383763
v 78.016464 0.414415 2.408423
v 77.462242 0.550474 2.424649
v 56.539967 0.417702 2.405643
v 87.822243 0.736900 2.397350
v 80.466293 0.648923 2.397027
v 69.795990 0.074595 2.393941
v 79.484291 -0.454907 2.371604
v 62.741127 0.186747 2.404031
v 77.888115 0.044464 2.395917
v 55.109909 -0.156916 2.422296
v 55.461864 0.214221 2.440288
v 93.871300 -0.135914 2.404533
v 56.305714 0.198120 2.406987
v 78.945694 0.282804 2.410686
v 6.474669 -1.055138 2.387288
v 69.959457 0.019067 2.406932
v 0.160164 0.508923 2.409770
v 79.913086 0.048767 2.400229
v 84.501411 0.338018 2.413398
v 13.211778 -1.042244 2.385138
v 14.193079 -1.115776 2.385896
v 24.566780 0.953695 2.418996
v 86.220055 0.305977 2.422492
v 30.215458 0.958339 2.422280
v 84.220177 0.013920 2.419847
v 48.156345 0.962648 2.419479
v 86.110756 0.005953 2.418693
v 45.283649 0.837191 2.476248
v 10.098087 -0.905742 2.411412
v 8.501280 0.974718 2.415570
v 44.866024 -0.878029 2.397568
v 27.695427 0.863261 2.463671
v 90.981567 -0.448488 2.427910
v 79.899391 0.220129 2.431921
v 91.455177 0.024593 2.439268
v 4.908620 0.944670 2.426182
v 13.644025 0.940947 2.422215
v 7.127401 0.876353 2.466501
v 48.996101 -0.710539 2.476782
v 40.992237 0.949364 2.440623
v 16.693020 1.004975 2.399163
v 19.185476 0.895983 2.450312
v 45.095749 -0.891071 2.403646
v 12.840805 -0.827138 2.476308
v 2.552268 1.015282 2.417704
v 84.725479 0.300055 2.442365
v 51.988995 0.175651 2.319358
v 52.337502 0.750852 2.366967
v 7.233568 -0.881119 2.415406
v 87.370415 0.392382 2.473912
v 44.282482 0.801881 2.500932
v 27.078205 -0.803653 2.452657
v 0.458540 0.843448 2.478315
v 38.274086 -0.797889 2.459028
v 32.180515 -0.800164 2.461557
v 44.609943 -0.804190 2.462064
v 7.342587 0.795957 2.415562
v 0.385743 -0.730109 2.499847
v 86.713409 -0.203037 2.443729
v 8.313152 0.539365 2.511676
v 87.144249 0.163419 2.479857
v 7.772619 0.599505 2.497029
v 51.029137 -0.806504 2.419713
v 0.174569 -0.304691 2.438160
v 13.744431 -0.924180 2.466619
v 15.860394 -0.792457 2.465701
v 10.948361 0.900998 2.467104
v 7.539279 -0.784789 2.471735
v 31.464251 0.732129 2.495939
v 44.840057 0.702684 2.499097
v 13.955919 0.910605 2.464227
v 39.247040 0.666896 2.526948
v 6.829085 -0.905634 2.454583
v 44.895790 -0.607782 2.492050
v 8.803682 -0.608736 2.518325
v 16.869995 0.955986 2.463568
v 7.429868 0.598278 2.548602
v 9.029608 0.681301 2.528301
v 25.999046 -0.606916 2.508229
v 15.174447 0.740042 2.503509
v 16.592840 0.652730 2.560655
v 13.438574 0.634385 2.550516
v 44.626110 -0.546275 2.534235
v 11.963315 0.834100 2.497392
v 33.648056 -0.604146 2.517857
v 23.828035 0.671468 2.509376
v 7.171225 -0.810622 2.481628
v 27.798443 0.610492 2.531113
v 51.416683 0.761367 2.514676
v 51.241795 -0.514801 2.491482
v 51.078499 -0.354761 2.545461
v 1.847435 -0.727580 2.495525
v 0.309346 -0.183375 2.552218
v 14.712207 -0.640604 2.521540
v 11.643845 -0.613146 2.516578
v 44.526741 0.485544 2.571763
v 4.749858 0.663032 2.517297
v 44.924809 -0.326252 2.550057
v 31.110518 0.581115 2.529269
v 47.560814 0.659302 2.515352
v 0.317837 0.567888 2.519198
v 45.074924 0.447229 2.562818
v 9.933260 -0.562795 2.514639
v 51.494480 -0.124229 2.550070
v 26.930218 -0.375929 2.554289
v 7.917085 -0.490933 2.539010
v 34.902744 -0.406039 2.557577
v 3.260421 -0.507698 2.556321
v 19.356518 0.624799 2.525390
v 0.822681 0.670716 2.535266
v 48.737453 -0.333775 2.566435
v 11.929770 0.600387 2.565568
v 31.744244 0.390450 2.562748
v 19.731989 -0.404789 2.552694
v 27.752817 0.397208 2.565536
v 41.461395 -0.417056 2.555978
v 0.440022 -0.308616 2.583230
v 17.005640 -0.494572 2.547570
v 16.401543 0.582440 2.548119
v 52.014832 0.624631 2.557850
v 11.566198 -0.135736 2.585660
v 7.876661 0.307034 2.590112
v 26.105993 -0.199549 2.573821
v 19.724199 0.389421 2.565039
v 47.539921 0.372068 2.567630
v 37.960537 0.395496 2.574458
v 13.184295 -0.617917 2.556409
v 51.761093 0.261847 2.576764
v 9.028546 0.199254 2.587575
v 44.872192 -0.109623 2.573001
v 51.539387 0.095724 2.590257
v 35.372898 -0.200738 2.582305
v 44.826736 0.240437 2.575252
v 16.693260 0.342775 2.602784
v 48.277279 0.155839 2.589380
v 5.528475 -0.306786 2.581209
v 27.449993 0.195896 2.580831
v 49.490383 -0.042688 2.595276
v 43.990864 -0.211156 2.583117
v 28.304916 -0.013405 2.585281
v 0.451471 0.401593 2.582364
v 14.212955 0.381380 2.583439
v 12.479205 -0.011847 2.614013
v 14.113341 -0.327826 2.574978
v 16.022791 0.285901 2.594190
v 17.197357 -0.223081 2.585813
v 34.075954 0.178326 2.587023
v 5.347271 0.369757 2.572050
v 20.111309 0.063826 2.587978
v 44.163223 0.201803 2.594505
v 10.950626 0.373293 2.595653
v 51.521107 0.316583 2.599389
v 0.450585 0.076597 2.598204
v 44.529533 0.007649 2.595852
v 35.767891 -0.004436 2.593759
v 7.638740 0.396360 2.595751
v 10.488353 0.108438 2.603485
v 17.333250 -0.012184 2.601074
v 9.491179 -0.208078 2.574711
v 7.289404 -0.094473 2.596898
v 12.504957 0.380781 2.607477
v 13.599545 0.107396 2.599877
v 3.076905 0.067275 2.605311
v 6.102271 0.081399 2.597186
v 8.608699 -0.201811 2.593449
v 7.714231 0.160482 2.614289
vn 0.8510 0.1191 0.5114
vn 0.6937 0.2226 0.6850
vn 0.7071 0.0424 0.7059
vn 0.3504 0.2013 0.9147
vn 0.2434 0.2923 0.9249
vn 0.3938 0.0368 0.9185
vn -0.0229 0.1659 0.9859
vn -0.0141 0.1146 0.9933
vn 0.0022 0.1229 0.9924
vn -0.0077 0.2769 0.9609
vn 0.1298 0.4219 0.8973
vn 0.0025 0.3936 0.9193
vn -0.0086 0.1290 0.9916
vn -0.0076 0.0135 0.9999
vn 0.1989 -0.0477 0.9789
vn -0.0053 -0.1764 0.9843
vn 0.1963 -0.1558 0.9681
vn -0.0072 0.2432 0.9700
vn -0.0073 0.1354 0.9908
vn -0.0160 0.4971 0.8675
vn 0.3621 0.5250 0.7702
vn -0.0093 0.6013 0.7990
vn -0.0196 0.6308 0.7757
vn -0.0278 0.5990 0.8002
vn 0.2139 0.7274 0.6521
vn 0.4532 0.5922 0.6663
vn 0.7169 0.4653 0.5192
vn 0.6922 0.3806 0.6132
vn 0.5854 0.6456 0.4903
vn -0.0083 0.6665 0.7455
vn -0.0167 0.7093 0.7047
vn -0.0191 0.7917 0.6107
vn 0.2003 0.8263 0.5265
vn 0.8918 0.3586 0.2758
vn 0.9047 0.2265 0.3608
vn 0.4603 0.3695 0.8072
vn 0.9595 0.1100 0.2592
vn 0.9854 0.0936 0.1423
vn 0.9228 0.3367 0.1871
vn 0.6420 0.6680 0.3764
vn 0.2029 0.8880 0.4126
vn 0.5941 0.7627 0.2556
vn -0.0029 0.8800 0.4750
vn 0.0079 0.4405 0.8977
vn 0.0017 0.3295 0.9441
vn -0.1238 0.0953 0.9877
vn -0.2024 -0.0369 0.9786
vn 0.0013 -0.0096 1.0000
vn -0.0084 -0.1670 0.9859
vn -0.0493 -0.2039 0.9778
vn 0.0005 -0.3049 0.9524
vn -0.0940 -0.3859 0.9178
vn -0.0163 -0.3288 0.9443
vn 0.0084 -0.1449 0.9894
vn -0.0274 -0.0777 0.9966
vn 0.0005 -0.1309 0.9914
vn -0.0205 0.5777 0.8160
vn 0.4307 -0.1915 0.8820
vn 0.7990 -0.0811 0.5958
vn 0.9645 -0.0629 0.2565
vn 0.9816 -0.0938 0.1662
vn 0.9999 0.0032 0.0153
vn 1.0000 -0.0060 -0.0074
vn 0.9999 0.0074 -0.0110
vn 0.9999 0.0111 -0.0012
vn 0.9999 0.0113 -0.0012
vn 0.9999 0.0108 -0.0012
vn 0.9996 -0.0163 -0.0230
vn 0.9991 0.0387 -0.0171
vn 0.9989 0.0438 -0.0136
vn 0.9193 0.3710 0.1315
vn 0.2002 0.9646 0.1715
vn 0.5696 0.8206 0.0468
vn 0.8113 0.5796 0.0763
vn 0.2622 0.9648 -0.0190
vn 0.7456 0.6631 -0.0655
vn 0.4947 0.8631 -0.1017
vn 0.9816 0.1907 0.0123
vn 0.9367 0.3487 -0.0321
vn 0.9996 0.0176 0.0205
vn 1.0000 0.0008 0.0032
vn 0.9995 0.0270 0.0185
vn 0.9999 0.0170 0.0027
vn 1.0000 0.0055 0.0051
vn 0.9999 0.0146 0.0017
vn 0.6923 -0.2874 0.6619
vn 0.8876 -0.1740 0.4265
vn 0.9309 -0.1978 0.3069
vn 0.9615 -0.1801 0.2078
vn 1.0000 -0.0007 -0.0009
vn 0.9999 0.0114 -0.0059
vn 1.0000 0.0052 0.0033
vn 1.0000 0.0045 0.0039
vn 0.9999 -0.0010 -0.0132
vn 0.9989 -0.0372 0.0269
vn 0.9995 0.0218 0.0213
vn 0.9998 0.0098 0.0190
vn 0.9934 -0.1022 0.0514
vn 0.9231 -0.3243 0.2068
vn 0.9315 -0.2363 0.2765
vn 0.7270 -0.4565 0.5130
vn 0.9576 -0.2692 0.1023
vn 0.9745 -0.2240 -0.0134
vn 1.0000 -0.0013 -0.0016
vn 0.9999 0.0010 -0.0170
vn 0.9998 -0.0067 -0.0189
vn 1.0000 0.0007 -0.0073
vn 0.9999 -0.0070 -0.0092
vn 0.9999 -0.0071 -0.0087
vn 0.9996 -0.0030 -0.0275
vn 0.9996 -0.0006 -0.0269
vn 0.9994 0.0251 -0.0221
vn 0.9999 0.0008 0.0133
vn 0.9999 -0.0056 0.0139
vn 1.0000 -0.0007 0.0095
vn 0.9998 -0.0015 -0.0194
vn 0.9998 -0.0001 -0.0188
vn 0.9998 -0.0005 -0.0190
vn 0.9200 -0.3777 -0.1050
vn 0.8909 -0.4488 0.0694
vn 0.7803 -0.6241 0.0391
vn 0.7098 -0.6614 0.2424
vn 0.5885 -0.8085 0.0002
vn 0.4777 -0.8580 0.1891
vn 0.1952 -0.9175 0.3466
vn 0.2759 -0.8688 0.4111
vn 0.2329 -0.9680 0.0932
vn 0.0182 -0.9837 0.1787
vn -0.0040 -0.9386 0.3450
vn -0.0091 -0.8937 0.4487
vn 0.1397 -0.8432 0.5191
vn 0.6337 -0.6529 0.4150
vn 0.4351 -0.6979 0.5689
vn 0.7160 -0.5225 0.4630
vn 0.2932 -0.5700 0.7675
vn 0.1904 -0.6906 0.6977
vn 0.1453 -0.7884 0.5977
vn -0.0062 -0.7226 0.6913
vn -0.0005 -0.8148 0.5797
vn 0.0014 -0.6455 0.7638
vn 0.2776 -0.4258 0.8612
vn 0.0003 -0.5511 0.8344
vn 0.1674 -0.3348 0.9273
vn -0.0128 -0.4608 0.8874
vn 0.0058 -0.8731 0.4875
vn 0.0067 -0.8021 0.5971
vn 0.0014 -0.7567 0.6537
vn 0.0091 -0.8102 0.5861
vn -0.0041 -0.6399 0.7685
vn -0.0073 -0.5558 0.8313
vn 0.0077 -0.8869 0.4619
vn 0.0100 -0.9570 0.2898
vn 0.0068 -0.8932 0.4496
vn 0.0215 -0.9351 0.3538
vn 0.0286 -0.9365 0.3494
vn -0.0071 -0.9250 0.3800
vn 0.0163 -0.7167 0.6972
vn -0.1119 -0.5150 0.8498
vn -0.0067 -0.4417 0.8972
vn 0.9999 0.0161 -0.0006
vn 0.9999 0.0161 -0.0005
vn 0.9999 0.0161 -0.0002
vn 0.9999 0.0155 -0.0068
vn 0.9999 0.0153 0.0080
vn 0.9999 0.0144 -0.0050
vn 0.9998 0.0186 -0.0080
vn 0.9106 0.3632 -0.1974
vn 0.7858 0.5940 -0.1721
vn 0.4057 0.8767 -0.2584
vn 0.1618 0.9186 -0.3606
vn 0.3235 0.9276 -0.1869
vn 0.7219 -0.6734 -0.1590
vn 0.2130 -0.9750 -0.0634
vn 0.4900 -0.8449 -0.2148
vn 0.1752 -0.9503 -0.2573
vn -0.0066 -0.9741 -0.2260
vn 0.0039 -0.9959 0.0907
vn 0.0044 -0.9994 -0.0339
vn -0.0303 -0.9656 0.2581
vn -0.0297 -0.9652 0.2600
vn 0.0173 -0.9736 0.2276
vn -0.0136 -0.9528 0.3032
vn -0.0118 -0.9685 0.2487
vn -0.0084 -0.9528 0.3036
vn -0.0009 -0.9763 0.2163
vn 0.0048 -0.9851 0.1720
vn -0.0028 -0.9952 -0.0974
vn 0.0149 -0.9726 -0.2319
vn 0.0036 -0.9462 -0.3235
vn 0.3114 -0.8600 -0.4043
vn 0.7232 -0.6450 -0.2468
vn 0.7008 -0.5894 -0.4019
vn 0.9165 -0.3354 -0.2179
vn 0.9757 -0.1898 -0.1100
vn 0.9332 -0.2232 -0.2815
vn 0.7749 -0.4234 -0.4694
vn 0.7499 0.5660 -0.3425
vn 0.9241 0.2707 -0.2696
vn 0.9822 0.0935 -0.1629
vn 0.4828 0.7866 -0.3849
vn 0.1397 0.8611 -0.4889
vn 0.0099 0.8720 -0.4894
vn 0.0071 0.9298 -0.3679
vn 0.0119 0.8044 -0.5939
vn 0.3148 0.7729 -0.5510
vn 0.4670 0.6266 -0.6239
vn -0.0036 0.7378 -0.6750
vn -0.0044 0.7380 -0.6748
vn -0.0011 0.7710 -0.6368
vn -0.0184 0.9613 -0.2749
vn -0.0197 0.9692 -0.2453
vn 0.0042 0.9688 -0.2479
vn -0.0108 0.9983 -0.0579
vn 0.0054 0.9978 -0.0656
vn -0.0420 0.9918 -0.1208
vn -0.0121 0.9933 -0.1146
vn -0.0117 0.9853 -0.1706
vn 0.0065 0.9718 -0.2358
vn -0.0001 0.9992 -0.0388
vn -0.0350 0.9994 -0.0017
vn -0.0367 0.9993 -0.0027
vn -0.0000 0.9976 0.0692
vn 0.0189 0.9513 0.3076
vn -0.0215 0.9836 0.1789
vn -0.0172 0.9322 0.3616
vn 0.0189 0.5074 0.8615
vn 0.0089 0.6566 0.7542
vn 0.0015 0.7282 0.6853
vn 0.0033 0.7982 0.6024
vn -0.0006 0.9032 0.4293
vn 0.0170 0.9211 0.3889
vn -0.0193 0.9054 0.4241
vn 0.0069 0.5871 0.8095
vn -0.0167 0.5659 0.8243
vn 0.0109 0.5857 0.8105
vn -0.0301 0.2432 0.9695
vn -0.0672 0.3136 0.9472
vn 0.0005 0.5995 0.8003
vn 0.0046 0.9544 -0.2984
vn 0.0147 0.9407 -0.3390
vn 0.0074 0.9896 -0.1438
vn -0.0037 0.9516 -0.3073
vn -0.0670 0.8344 -0.5471
vn 0.0001 0.8888 -0.4582
vn -0.1055 0.7922 -0.6011
vn -0.0010 1.0000 -0.0024
vn -0.0016 0.9928 0.1196
vn 0.0088 0.9997 0.0227
vn 0.0033 0.9849 0.1731
vn 0.0043 0.9687 0.2482
vn -0.0089 0.9654 0.2608
vn 0.8797 0.2109 -0.4262
vn 0.7055 0.5050 -0.4972
vn 0.1149 0.6868 -0.7177
vn 0.6158 0.4263 -0.6626
vn -0.0035 0.6656 -0.7463
vn 0.3354 0.5331 -0.7767
vn 0.1339 0.5387 -0.8318
vn 0.0021 0.7993 -0.6010
vn 0.0060 0.6911 -0.7227
vn -0.0669 0.7417 -0.6674
vn -0.2719 0.7336 -0.6228
vn 0.0061 0.5920 -0.8059
vn -0.0049 0.4558 -0.8901
vn 0.0051 0.5108 -0.8597
vn -0.0000 0.2011 -0.9796
vn 0.1520 0.0989 -0.9834
vn -0.0047 0.0578 -0.9983
vn -0.0003 0.0481 -0.9988
vn 0.0035 0.3833 -0.9236
vn -0.0107 0.2680 -0.9634
vn -0.1173 0.6551 -0.7464
vn 0.0100 0.4987 -0.8667
vn -0.0075 0.5173 -0.8558
vn 0.0137 0.5007 -0.8655
vn -0.0484 0.5961 -0.8015
vn -0.0243 0.5376 -0.8429
vn 0.0090 -0.0037 -1.0000
vn -0.0505 0.5125 -0.8572
vn -0.0104 -0.0503 -0.9987
vn 0.0082 -0.1269 -0.9919
vn -0.0128 -0.1269 -0.9918
vn -0.0099 -0.2085 -0.9780
vn 0.0075 -0.1497 -0.9887
vn 0.0148 -0.1597 -0.9871
vn 0.0126 0.2114 -0.9773
vn -0.0040 0.1759 -0.9844
vn -0.0040 0.2154 -0.9765
vn -0.0091 0.2023 -0.9793
vn 0.0050 0.1579 -0.9874
vn -0.0163 0.1573 -0.9874
vn -0.0463 0.5553 -0.8304
vn -0.2786 0.7453 -0.6057
vn -0.1669 0.7651 -0.6219
vn -0.3877 0.7119 -0.5856
vn 0.0283 0.6725 -0.7395
vn -0.3687 0.7033 -0.6078
vn -0.0469 0.7523 -0.6571
vn -0.1734 0.7282 -0.6630
vn -0.3329 0.7278 -0.5996
vn -0.0259 0.7298 -0.6832
vn -0.0324 0.8805 -0.4729
vn 0.3761 -0.7355 -0.5635
vn 0.1120 -0.8222 -0.5581
vn -0.0035 -0.9142 -0.4053
vn 0.0144 -0.8259 -0.5637
vn 0.0028 -0.7202 -0.6937
vn 0.0047 -0.8268 -0.5625
vn 0.0042 -0.6802 -0.7330
vn -0.0087 -0.7395 -0.6731
vn -0.0003 -0.6417 -0.7670
vn -0.0419 -0.6168 -0.7860
vn 0.0001 -0.5685 -0.8227
vn -0.0064 -0.4897 -0.8719
vn 0.0016 -0.4881 -0.8728
vn 0.0007 -0.5129 -0.8584
vn 0.0135 -0.4295 -0.9030
vn -0.1070 -0.5705 -0.8143
vn -0.1673 -0.5453 -0.8214
vn -0.1969 -0.5057 -0.8399
vn 0.0151 -0.3354 -0.9420
vn 0.0015 -0.2596 -0.9657
vn -0.2234 -0.4412 -0.8692
vn -0.0213 -0.3808 -0.9244
vn -0.0105 -0.3937 -0.9192
vn 0.0266 -0.4096 -0.9119
vn -0.0099 -0.4989 -0.8666
vn -0.0044 -0.5756 -0.8177
vn -0.0011 -0.3863 -0.9224
vn -0.0087 -0.1923 -0.9813
vn 0.0011 -0.2883 -0.9575
vn 0.0181 -0.0580 -0.9982
vn -0.0131 -0.1215 -0.9925
vn -0.0065 -0.0520 -0.9986
vn 0.0201 -0.2017 -0.9792
vn -0.0020 -0.2087 -0.9780
vn -0.0089 -0.1548 -0.9879
vn 0.0072 0.3579 -0.9337
vn -0.0084 0.4099 -0.9121
vn 0.0163 0.3596 -0.9330
vn 0.2664 0.2670 -0.9261
vn 0.4652 0.0470 -0.8840
vn 0.2073 -0.0184 -0.9781
vn 0.4558 -0.2027 -0.8667
vn 0.1732 -0.0898 -0.9808
vn 0.7568 -0.1475 -0.6368
vn 0.7251 0.0621 -0.6858
vn 0.1707 -0.2974 -0.9394
vn 0.6528 -0.3493 -0.6723
vn 0.8924 -0.0329 -0.4500
vn 0.8770 0.1020 -0.4696
vn 0.9749 -0.0445 -0.2180
vn 0.9601 0.0740 -0.2696
vn 0.9792 -0.0781 -0.1874
vn 0.9999 -0.0027 -0.0116
vn 0.9998 0.0040 -0.0172
vn 0.9999 0.0106 -0.0037
vn 0.6980 0.2535 -0.6697
vn 0.9996 -0.0237 0.0128
vn 0.9998 -0.0161 -0.0140
vn 0.9998 -0.0155 -0.0140
vn 0.9024 -0.1989 -0.3823
vn 0.3139 -0.4139 -0.8545
vn 0.2038 -0.4832 -0.8515
vn 0.1652 -0.6670 -0.7265
vn 0.3787 -0.5415 -0.7506
vn 0.0026 -0.5694 -0.8220
vn 0.0200 -0.5682 -0.8226
vn 0.0091 -0.5905 -0.8070
vn 0.4887 -0.6117 -0.6222
vn 0.0165 -0.7959 -0.6051
vn 0.0095 -0.7540 -0.6569
vn 0.0122 -0.7549 -0.6557
vn -0.0175 -0.7716 -0.6359
vn 0.0058 -0.7855 -0.6188
vn 0.0125 -0.7614 -0.6481
vn 0.0071 -0.7856 -0.6187
vn 0.0113 -0.8763 -0.4817
vn -0.0007 -0.8724 -0.4887
vn 0.0006 -0.8545 -0.5194
vn 0.2644 0.4270 -0.8647
vn 0.0015 0.9130 0.4080
vn -0.0074 0.8449 0.5349
vn 0.0003 0.9573 0.2892
vn 0.0090 0.9737 0.2277
vn 0.0043 0.9741 0.2262
vn 0.0144 0.9566 0.2910
vn -0.0041 0.9731 0.2305
vn -0.0078 0.9563 0.2923
vn -0.0040 -0.8990 -0.4379
vn 0.0093 -1.0000 -0.0026
vn 0.0200 -0.9912 0.1309
vn 0.0180 -0.9924 -0.1220
vn -0.0074 -0.6960 0.7180
vn 0.0090 -0.6731 0.7395
vn -0.0062 -0.6933 0.7206
vn -0.3583 -0.2257 0.9059
vn -0.5552 -0.2154 0.8034
vn -0.1561 -0.0658 0.9855
vn -0.2726 -0.2464 0.9300
vn -0.5058 -0.0106 0.8626
vn -0.2370 -0.4313 0.8705
vn 0.0162 -0.5926 0.8053
vn 0.0335 -0.4691 0.8825
vn -0.2383 -0.4272 0.8722
vn 0.3705 -0.3351 0.8663
vn 0.1182 -0.5368 0.8354
vn 0.2369 -0.3725 0.8973
vn 0.2687 -0.1554 0.9506
vn 0.0343 -0.3141 0.9488
vn 0.0374 -0.5080 0.8606
vn -0.0280 -0.4210 0.9066
vn 0.0085 -0.1517 0.9884
vn -0.0113 -0.1509 0.9885
vn -0.0261 -0.2265 0.9737
vn 0.0074 -0.0532 0.9986
vn 0.0113 0.0207 0.9997
vn -0.0047 0.0048 1.0000
vn -0.0512 -0.0414 0.9978
vn -0.0058 -0.2015 0.9795
vn -0.0099 0.0817 0.9966
vn -0.0010 -0.0829 0.9966
vn -0.0103 0.1367 0.9906
vn 0.0050 0.1876 0.9822
vn 0.0066 0.1402 0.9901
vn 0.0125 -0.0493 0.9987
vn -0.0299 0.0420 0.9987
vn -0.0282 -0.0286 0.9992
vn -0.0272 0.1903 0.9814
vn 0.0014 0.3246 0.9458
vn -0.0148 0.3163 0.9485
vn -0.0188 0.3885 0.9213
vn -0.0601 0.4853 0.8723
vn -0.0009 0.2712 0.9625
vn 0.0113 0.3971 0.9177
vn 0.0127 0.4918 0.8706
vn -0.0046 0.1730 0.9849
vn -0.0069 0.0870 0.9962
vn -0.0095 0.0936 0.9956
vn -0.0039 -0.3148 0.9491
vn -0.0036 0.0084 1.0000
vn -0.0125 0.0271 0.9996
vn -0.0423 -0.0509 0.9978
vn -0.0110 0.0359 0.9993
vn -0.0130 -0.3489 0.9371
vn 0.0026 -0.4153 0.9097
vn -0.0051 -0.2252 0.9743
vn 0.0316 -0.1158 0.9928
vn 0.0054 0.1692 0.9856
vn -0.0195 0.3403 0.9401
vn -0.0112 0.4170 0.9088
vn 0.0238 0.5757 0.8173
vn 0.0154 0.6364 0.7712
vn -0.0034 0.7015 0.7127
vn -0.0041 0.7674 0.6411
vn -0.0147 0.8265 0.5627
vn -0.0145 0.8636 0.5040
vn -0.0068 0.9184 0.3956
vn -0.0171 0.9067 0.4214
vn -0.0229 0.9923 0.1214
vn -0.0357 0.9770 0.2103
vn -0.0236 0.9737 0.2267
vn -0.0075 0.9612 0.2757
vn 0.0049 0.9489 0.3155
vn -0.0182 0.9808 0.1942
vn 0.0100 0.9874 0.1578
vn 0.0231 0.9959 0.0876
vn 0.0220 0.9995 0.0241
vn 0.0071 0.9993 0.0359
vn 0.0009 0.9867 0.1624
vn 0.0157 0.9970 0.0753
vn 0.0237 0.8598 0.5102
vn 0.0221 0.9154 0.4019
vn -0.0035 0.8746 0.4848
vn 0.0173 0.8317 0.5549
vn 0.0071 0.7839 0.6208
vn 0.0006 0.7592 0.6508
vn 0.0063 0.6628 0.7488
vn -0.0160 0.6100 0.7922
vn -0.0026 0.5529 0.8333
vn 0.0132 0.5724 0.8199
vn -0.0114 0.5510 0.8344
vn 0.0108 0.6530 0.7573
vn 0.0027 0.6377 0.7703
vn 0.0237 0.6634 0.7479
vn 0.0236 0.6641 0.7473
vn 0.0109 0.7555 0.6550
vn 0.0113 0.4760 0.8794
vn 0.0004 0.5777 0.8162
vn -0.0626 0.3606 0.9306
vn 0.0270 0.3382 0.9407
vn 0.0853 0.3902 0.9168
vn 0.0326 0.3943 0.9184
vn 0.1215 0.2404 0.9630
vn -0.0282 0.5222 0.8524
vn -0.0199 0.6957 0.7181
vn -0.0048 0.6240 0.7814
vn 0.0263 0.6281 0.7777
vn -0.0001 0.6405 0.7680
vn -0.2369 0.2211 0.9460
vn -0.0398 0.1096 0.9932
vn 0.3550 0.1480 0.9231
vn 0.1850 0.0032 0.9827
vn 0.0127 0.8997 0.4364
vn 0.0094 0.9148 0.4037
vn 0.0035 0.9005 0.4349
vn 0.0023 0.9570 0.2900
vn -0.0288 0.9614 0.2736
vn 0.0222 0.9668 0.2547
vn 0.0206 0.9670 0.2538
vn 0.0148 0.9235 0.3834
vn 0.0078 0.9213 0.3888
vn -0.0096 0.9102 0.4141
vn 0.0165 -0.9432 0.3317
vn -0.0102 -0.8195 0.5730
vn 0.0460 -0.8261 0.5616
vn 0.0146 -0.9773 0.2114
vn 0.0251 -0.8850 0.4649
vn -0.0041 -0.8523 0.5231
vn 0.0041 -0.8050 0.5933
vn 0.0229 -0.7505 0.6605
vn -0.0020 -0.6000 0.8000
vn 0.0034 -0.6802 0.7331
vn 0.0069 -0.7955 0.6059
vn -0.0075 -0.5942 0.8043
vn -0.0078 -0.5152 0.8570
vn -0.0061 -0.5247 0.8513
vn 0.0324 -0.6165 0.7867
vn 0.0139 -0.9999 0.0045
vn 0.0066 -0.9952 0.0976
vn -0.0022 -0.9921 -0.1254
vn 0.0109 -0.9817 -0.1899
vn -0.0023 -0.9391 -0.3436
vn 0.0269 -0.9026 -0.4297
vn 0.0192 -0.8786 -0.4772
vn 0.0101 -0.9691 -0.2464
vn 0.0069 -0.9556 -0.2946
vn 0.0164 -0.9559 -0.2932
vn 0.0021 -0.9887 -0.1497
vn 0.0037 -0.9887 -0.1496
vn 0.0261 -0.9817 -0.1887
vn -0.0188 -0.9939 -0.1091
vn 0.0002 -0.9982 0.0592
vn -0.0033 -0.9910 0.1340
vn -0.0092 -0.9819 0.1894
vn -0.0124 -0.8810 0.4730
vn 0.0016 -0.8392 0.5438
vn -0.0327 -0.8088 0.5872
vn 0.0126 -0.8140 0.5807
vn -0.0409 -0.7152 0.6977
vn 0.0153 -0.6548 0.7557
vn -0.0017 -0.5919 0.8060
vn 0.0189 -0.5934 0.8047
vn -0.0253 -0.5156 0.8565
vn 0.0094 -0.4970 0.8677
vn 0.0037 -0.5534 0.8329
vn -0.0089 -0.5342 0.8453
vn -0.0127 -0.5352 0.8447
vn -0.0324 -0.3683 0.9292
vn -0.0046 -0.3298 0.9440
vn -0.0125 -0.3266 0.9451
vn -0.0018 -0.7553 0.6554
vn 0.0141 -0.7603 0.6494
vn -0.0006 -0.7163 0.6978
vn 0.0062 -0.8989 0.4381
vn -0.0013 -0.9064 0.4224
vn 0.0184 -0.8811 0.4725
vn -0.0014 -0.8799 0.4752
vn 0.0122 -0.9265 0.3761
vn 0.0071 -0.9534 0.3015
vn 0.0145 -0.9540 0.2995
vn -0.0034 -1.0000 0.0005
vn 0.0157 0.9931 -0.1158
vn -0.0021 0.9990 -0.0438
vn -0.0023 0.9712 -0.2384
vn 0.0032 0.9252 -0.3796
vn 0.0256 0.8514 -0.5239
vn 0.0087 0.9831 -0.1829
vn 0.0088 0.9737 -0.2276
vn 0.0256 0.9951 -0.0950
vn 0.0287 0.8841 -0.4664
vn 0.0293 0.9055 -0.4233
vn 0.0003 0.8237 -0.5671
vn -0.0200 0.9020 -0.4313
vn -0.0039 0.9533 -0.3020
vn -0.0056 0.9059 -0.4234
vn 0.0047 0.9849 -0.1729
vn 0.0237 0.9311 -0.3639
vn -0.0062 0.9785 -0.2062
vn 0.0373 0.9451 -0.3248
vn 0.0178 0.9510 -0.3086
vn 0.0176 0.9512 -0.3081
vn 0.0073 0.7818 -0.6235
vn -0.0137 0.7841 -0.6205
vn 0.0043 0.7036 -0.7105
vn -0.0131 0.7141 -0.6999
vn 0.0169 0.8423 -0.5387
vn 0.0116 0.7819 -0.6232
vn 0.0674 0.7358 -0.6738
vn 0.0727 0.7683 -0.6360
vn 0.0663 0.7511 -0.6568
vn -0.0097 0.6521 -0.7580
vn -0.0160 0.8114 -0.5843
vn 0.0102 0.7549 -0.6558
vn -0.0087 0.5050 -0.8631
vn -0.0009 0.6034 -0.7975
vn 0.0081 0.5501 -0.8351
vn -0.0176 0.6504 -0.7594
vn -0.0002 0.5538 -0.8326
vn -0.0003 0.6345 -0.7730
vn 0.0038 0.4605 -0.8877
vn 0.0194 0.6175 -0.7863
vn 0.0171 0.4562 -0.8897
vn 0.0403 0.5632 -0.8253
vn 0.0237 0.7270 -0.6862
vn 0.0293 0.7114 -0.7022
vn 0.0341 0.6884 -0.7246
vn 0.0148 0.7086 -0.7054
vn 0.0268 0.7310 -0.6819
vn 0.0286 0.6946 -0.7189
vn 0.0345 0.7961 -0.6042
vn -0.0033 0.9239 -0.3826
vn 0.0261 0.9025 -0.4299
vn 0.0033 0.9075 -0.4201
vn 0.0087 0.9533 -0.3021
vn -0.0428 0.9655 -0.2568
vn -0.0305 0.9626 -0.2691
vn 0.0038 0.8545 -0.5194
vn 0.0561 0.7914 -0.6087
vn 0.0343 0.8239 -0.5657
vn 0.0529 0.7978 -0.6006
vn 0.0576 0.5998 -0.7981
vn -0.1433 0.7292 -0.6691
vn 0.0366 0.6786 -0.7336
vn -0.0062 0.6459 -0.7634
vn -0.0098 0.6066 -0.7950
vn -0.0113 0.3668 -0.9302
vn 0.0605 0.5880 -0.8066
vn 0.0099 0.4997 -0.8662
vn 0.0068 0.5906 -0.8069
vn -0.0115 0.5850 -0.8110
vn 0.0168 0.5883 -0.8085
vn -0.0168 0.5961 -0.8028
vn -0.0047 0.3607 -0.9327
vn -0.0123 0.2458 -0.9692
vn -0.0039 0.2329 -0.9725
vn 0.0065 0.1153 -0.9933
vn 0.0153 0.2176 -0.9759
vn 0.0151 0.0950 -0.9954
vn 0.0247 0.3609 -0.9323
vn 0.0146 0.2138 -0.9768
vn -0.0000 0.0489 -0.9988
vn -0.0015 -0.0894 -0.9960
vn -0.0023 0.0213 -0.9998
vn 0.0033 -0.0993 -0.9950
vn 0.0235 -0.1304 -0.9912
vn 0.0215 -0.2355 -0.9716
vn -0.0187 -0.2316 -0.9726
vn 0.0064 -0.3599 -0.9330
vn 0.0099 -0.3864 -0.9223
vn 0.0089 -0.4722 -0.8814
vn -0.0116 -0.4697 -0.8828
vn -0.0023 -0.7927 -0.6096
vn -0.0095 -0.7129 -0.7012
vn -0.0001 -0.7890 -0.6144
vn -0.0184 -0.6324 -0.7744
vn -0.0001 -0.6914 -0.7225
vn -0.0072 -0.5597 -0.8287
vn 0.0145 -0.6100 -0.7923
vn -0.0043 -0.5551 -0.8317
vn -0.0060 -0.5551 -0.8318
vn -0.0018 -0.5316 -0.8470
vn -0.0046 -0.5276 -0.8495
vn -0.0052 -0.5514 -0.8342
vn -0.0087 -0.5275 -0.8495
vn 0.0004 -0.8721 -0.4894
vn -0.0253 -0.9384 -0.3447
vn -0.0031 -0.7901 -0.6129
vn 0.0283 -0.8358 -0.5483
vn 0.0101 -0.8381 -0.5454
vn 0.0108 -0.6264 -0.7794
vn 0.0155 -0.7146 -0.6994
vn 0.0057 -0.5830 -0.8125
vn 0.0261 -0.7836 -0.6207
vn 0.0132 -0.6952 -0.7187
vn 0.0162 -0.9563 -0.2918
vn 0.0352 -0.9703 -0.2395
vn 0.0078 -0.9695 -0.2450
vn 0.0006 -0.9367 -0.3501
vn 0.0254 -0.9376 -0.3467
vn 0.0206 -0.9513 -0.3077
vn 0.0096 -0.9507 -0.3099
vn 0.0181 -0.9038 -0.4276
vn 0.0108 -0.9154 -0.4025
vn 0.0289 -0.8218 -0.5690
vn 0.0108 -0.8569 -0.5154
vn 0.0190 -0.8554 -0.5176
vn 0.0516 -0.8792 -0.4736
vn -0.0294 -0.7059 -0.7077
vn -0.1745 -0.6223 -0.7630
vn -0.0116 -0.5807 -0.8140
vn 0.0350 -0.4959 -0.8677
vn -0.1709 -0.5840 -0.7935
vn 0.0180 -0.5867 -0.8096
vn -0.0022 -0.4427 -0.8966
vn 0.0198 -0.2270 -0.9737
vn 0.0013 -0.2584 -0.9660
vn 0.0218 -0.4531 -0.8912
vn -0.0005 -0.4554 -0.8903
vn 0.0040 -0.4087 -0.9127
vn 0.0569 -0.3488 -0.9355
vn 0.0367 -0.5019 -0.8641
vn 0.0352 -0.5110 -0.8589
vn 0.0395 -0.5246 -0.8505
vn 0.0468 -0.4272 -0.9030
vn 0.0210 -0.5164 -0.8561
vn -0.1905 -0.5506 -0.8127
vn -0.0236 -0.3579 -0.9335
vn 0.0161 -0.0926 -0.9956
vn -0.0255 -0.2595 -0.9654
vn -0.0064 -0.0136 -0.9999
vn 0.0018 0.1069 -0.9943
vn 0.0085 0.1894 -0.9819
vn -0.0196 0.0945 -0.9953
vn -0.0250 0.0123 -0.9996
vn -0.0118 -0.0247 -0.9996
vn -0.0296 -0.0342 -0.9990
vn -0.0398 -0.1925 -0.9805
vn 0.0073 -0.2628 -0.9648
vn 0.0021 -0.0819 -0.9966
vn 0.0109 0.6309 -0.7758
vn 0.0153 0.6776 -0.7353
vn 0.0406 0.6387 -0.7684
vn 0.0241 0.9663 0.2563
vn 0.0072 0.9678 0.2516
vn 0.0297 0.9480 0.3169
vn 0.0256 0.8840 -0.4668
vn 0.0084 0.9999 -0.0138
vn 0.1116 0.0956 0.9891
vn 0.0015 0.2953 0.9554
vn 0.0183 0.2889 0.9572
vn -0.0298 0.2130 0.9766
vn 0.0839 0.2806 0.9562
vn -0.0021 0.4714 0.8819
vn 0.0480 0.3548 0.9337
vn 0.0227 0.5092 0.8604
vn -0.0316 0.5775 0.8158
vn -0.0136 0.6130 0.7900
vn -0.0186 0.6948 0.7189
vn -0.0206 0.6954 0.7184
vn -0.0371 0.6885 0.7243
vn -0.0136 0.8581 0.5132
vn -0.0207 0.9128 0.4080
vn -0.0220 0.9129 0.4075
vn 0.0010 0.9269 0.3752
vn 0.0029 0.9593 0.2825
vn -0.0192 0.9392 0.3428
vn -0.0166 0.9364 0.3505
vn -0.0023 0.9071 0.4210
vn -0.0337 0.9082 0.4171
vn 0.0088 0.9143 0.4049
vn -0.0157 0.8480 0.5298
vn -0.0015 0.8353 0.5498
vn -0.0036 0.8350 0.5502
vn -0.0111 0.8434 0.5371
vn -0.0007 0.8291 0.5591
vn -0.0122 0.8527 0.5223
vn 0.0021 0.7137 0.7004
vn -0.0009 0.7971 0.6039
vn 0.0002 0.7896 0.6136
vn 0.0034 0.6183 0.7859
vn -0.0133 0.7201 0.6938
vn -0.0036 0.6270 0.7790
vn 0.0086 0.4911 0.8711
vn 0.0012 0.3529 0.9357
vn 0.0011 0.7199 0.6941
vn 0.0047 0.5384 0.8427
vn 0.0101 0.4520 0.8920
vn -0.0098 0.3502 0.9366
vn 0.0013 0.7981 0.6025
vn -0.0006 0.8739 0.4860
vn -0.0128 0.9411 0.3377
vn -0.0019 0.9260 0.3776
vn -0.0051 -0.0372 0.9993
vn 0.0457 -0.2633 0.9636
vn 0.1209 -0.3714 0.9206
vn 0.4092 -0.2327 0.8823
vn -0.0239 -0.4571 0.8891
vn -0.0137 -0.4550 0.8904
vn -0.0335 -0.4109 0.9111
vn 0.1485 -0.5207 0.8407
vn 0.3339 -0.4785 0.8121
vn -0.0600 -0.8191 0.5705
vn -0.0129 -0.8501 0.5265
vn -0.0529 -0.9259 0.3740
vn -0.0242 -0.9470 0.3203
vn -0.0296 -0.9413 0.3363
vn -0.0063 -0.8789 0.4769
vn -0.0252 -0.8852 0.4645
vn -0.0534 -0.9246 0.3771
vn -0.0258 -0.9047 0.4252
vn -0.0166 -0.9246 0.3806
vn -0.0241 -0.9048 0.4253
vn 0.0035 -0.9462 0.3237
vn -0.0140 -0.9720 0.2345
vn -0.0261 -0.8555 0.5172
vn -0.0199 -0.8471 0.5311
vn -0.0158 -0.8711 0.4909
vn -0.0186 -0.8625 0.5057
vn 0.0216 -0.7867 0.6170
vn -0.0103 -0.7794 0.6264
vn 0.0260 -0.7230 0.6903
vn -0.0024 -0.7212 0.6928
vn 0.1100 -0.6023 0.7907
vn -0.0144 -0.6460 0.7632
vn 0.0169 -0.6892 0.7244
vn 0.1588 -0.5244 0.8365
vn 0.3511 -0.3351 0.8743
vn 0.2415 -0.3959 0.8860
vn 0.0015 -0.5852 0.8109
vn 0.0023 -0.6484 0.7613
vn 0.0049 0.0581 0.9983
vn -0.0077 -0.0578 0.9983
vn -0.0122 0.0556 0.9984
vn -0.0075 -0.1342 0.9909
vn 0.0061 -0.1950 0.9808
vn -0.0220 -0.1462 0.9890
vn -0.0048 0.1667 0.9860
vn -0.0097 0.2487 0.9685
vn 0.0038 0.2412 0.9705
vn -0.0371 0.9429 0.3309
vn -0.0391 0.9636 0.2643
vn -0.0502 0.9434 0.3279
vn -0.0374 0.9759 0.2150
vn -0.0443 0.9988 0.0183
vn -0.0161 0.9582 0.2855
vn -0.0112 0.9675 0.2527
vn -0.0073 0.9993 0.0369
vn -0.0655 0.9972 0.0372
vn -0.0233 0.9990 -0.0373
vn -0.0363 0.9989 -0.0310
vn -0.0266 0.9904 -0.1359
vn -0.0099 0.9476 -0.3194
vn 0.0007 0.8981 -0.4398
vn 0.0210 0.8272 -0.5615
vn -0.0164 0.9539 -0.2997
vn -0.0055 0.9863 -0.1650
vn -0.0043 0.8804 -0.4742
vn -0.0028 0.9777 -0.2101
vn -0.0184 0.9817 0.1897
vn 0.0006 0.9922 0.1249
vn -0.0010 0.9975 -0.0712
vn -0.0024 -0.9539 -0.3000
vn -0.0032 -0.9281 -0.3723
vn -0.0291 -0.6860 -0.7270
vn 0.0516 -0.6436 -0.7636
vn -0.0159 -0.7805 -0.6249
vn -0.0181 -0.9326 -0.3604
vn -0.0063 -0.8456 -0.5338
vn -0.0084 -0.9648 -0.2628
vn -0.0020 -0.9905 -0.1373
vn -0.0101 -0.9219 -0.3874
vn -0.0023 -1.0000 -0.0053
vn -0.0018 -0.9647 0.2633
vn 0.0080 -0.8549 0.5187
vn 0.0050 -0.8556 0.5176
vn -0.0184 -0.8349 0.5500
vn 0.0049 -0.8207 0.5713
vn -0.0145 -0.8780 0.4785
vn 0.0114 -0.9170 0.3987
vn -0.0057 -0.7300 0.6834
vn 0.0094 -0.9750 0.2218
vn -0.0010 -0.9619 0.2733
vn -0.0166 -0.9624 0.2712
vn 0.0029 -0.9879 0.1552
vn -0.0015 -0.9959 0.0902
vn -0.0071 -0.9459 -0.3244
vn -0.0113 -0.6718 -0.7406
vn -0.0014 -0.6030 -0.7977
vn -0.0061 -0.5759 -0.8175
vn -0.0005 -0.5124 -0.8587
vn -0.0113 -0.5223 -0.8527
vn -0.0048 -0.5310 -0.8474
vn -0.0094 -0.5546 -0.8321
vn -0.0007 -0.2335 -0.9724
vn 0.0999 -0.3155 -0.9436
vn -0.0125 -0.3223 -0.9466
vn 0.0753 -0.4274 -0.9009
vn -0.0072 -0.4196 -0.9077
vn -0.0175 -0.1204 -0.9926
vn 0.0018 -0.0682 -0.9977
vn 0.0261 -0.4536 -0.8908
vn 0.1740 -0.4420 -0.8800
vn 0.0954 -0.2303 -0.9684
vn 0.0211 -0.3178 -0.9479
vn -0.0021 -0.3535 -0.9354
vn -0.0059 -0.3507 -0.9365
vn 0.0112 -0.4714 -0.8818
vn -0.0208 -0.4334 -0.9010
vn -0.0236 -0.4319 -0.9016
vn -0.0019 -0.3981 -0.9174
vn 0.1988 -0.5970 -0.7772
vn 0.1305 -0.5758 -0.8071
vn -0.0162 -0.3749 -0.9269
vn 0.0062 -0.4080 -0.9130
vn -0.0071 -0.4117 -0.9113
vn -0.0285 -0.2748 -0.9611
vn -0.0066 -0.2715 -0.9624
vn -0.0081 -0.3180 -0.9480
vn 0.0049 -0.0896 -0.9960
vn -0.0033 -0.1059 -0.9944
vn -0.0133 -0.0084 -0.9999
vn -0.0010 0.0417 -0.9991
vn -0.0045 0.0859 -0.9963
vn 0.0026 0.2924 -0.9563
vn -0.0057 0.2649 -0.9643
vn -0.0052 0.3024 -0.9532
vn -0.0012 0.4677 -0.8839
vn 0.0040 0.4278 -0.9039
vn -0.0053 0.4817 -0.8763
vn -0.0019 0.3532 -0.9355
vn -0.0018 0.3532 -0.9355
vn -0.0254 0.3915 -0.9198
vn -0.0002 0.5847 -0.8113
vn -0.0022 0.6357 -0.7720
vn -0.0105 0.6339 -0.7734
vn 0.0125 0.7268 -0.6868
vn -0.0055 0.9799 -0.1997
vn -0.0045 0.9627 -0.2705
vn -0.0088 0.9371 -0.3489
vn 0.0117 0.9093 -0.4160
vn 0.0063 0.7870 -0.6169
vn 0.0053 0.8764 -0.4815
vn -0.0124 0.8035 -0.5951
vn -0.0186 0.5839 -0.8116
vn -0.0105 0.5740 -0.8188
vn 0.0105 0.5146 -0.8574
vn -0.0064 0.5276 -0.8494
vn 0.0119 0.7134 -0.7006
vn -0.0004 0.5881 -0.8088
vn -0.0220 0.5370 -0.8433
vn 0.1176 0.6494 -0.7513
vn 0.1139 0.6200 -0.7763
vn 0.1057 0.6749 -0.7303
vn 0.1630 0.5743 -0.8022
vn 0.2162 0.5589 -0.8005
vn 0.2172 0.5910 -0.7769
vn 0.0431 0.6716 -0.7396
vn 0.0194 0.7742 -0.6326
vn 0.0313 0.7090 -0.7045
vn 0.0011 0.6814 -0.7319
vn 0.0178 0.6211 -0.7835
vn 0.0012 0.8447 -0.5353
vn 0.0536 0.6690 -0.7413
vn -0.0048 0.5378 -0.8431
vn 0.0158 0.6148 -0.7885
vn -0.0396 0.4377 -0.8982
vn -0.0220 0.3514 -0.9359
vn -0.0037 0.4944 -0.8692
vn -0.0011 0.5184 -0.8551
vn 0.0048 0.4945 -0.8692
vn 0.0072 0.3685 -0.9296
vn 0.0261 0.4995 -0.8659
vn -0.0118 0.1239 -0.9922
vn -0.0159 0.0056 -0.9999
vn -0.0150 0.0284 -0.9995
vn -0.0188 0.0531 -0.9984
vn 0.0096 -0.2226 -0.9749
vn 0.0307 -0.4526 -0.8912
vn -0.0152 -0.3781 -0.9256
vn -0.0316 -0.3861 -0.9219
vn 0.0071 -0.3702 -0.9289
vn 0.0834 -0.5594 -0.8247
vn 0.2632 -0.6324 -0.7286
vn 0.2890 -0.7017 -0.6513
vn -0.0330 -0.5817 -0.8127
vn -0.0245 -0.5802 -0.8141
vn 0.0081 -0.5572 -0.8303
vn -0.0028 -0.6911 -0.7227
vn -0.0128 -0.7433 -0.6688
vn -0.0072 -0.7636 -0.6457
vn -0.0023 -0.8119 -0.5839
vn 0.0688 -0.7529 -0.6545
vn 0.0640 -0.7399 -0.6697
vn 0.0147 -0.9188 -0.3946
vn -0.0062 -0.9195 -0.3931
vn -0.0216 -0.8987 -0.4381
vn -0.0240 -0.8528 -0.5217
vn -0.0138 -0.8171 -0.5763
vn 0.0078 -0.8205 -0.5715
vn -0.0123 -0.8770 -0.4803
vn -0.0273 -0.8753 -0.4828
vn -0.0059 -0.8554 -0.5180
vn -0.0263 0.1790 -0.9835
vn -0.0148 0.2071 -0.9782
vn -0.0158 0.2645 -0.9643
vn -0.0099 0.2092 -0.9778
vn 0.0112 0.1439 -0.9895
vn -0.0174 0.1901 -0.9816
vn 0.0040 0.1497 -0.9887
vn -0.0048 0.1436 -0.9896
vn -0.0044 0.0605 -0.9982
vn -0.0060 -0.3196 -0.9475
vn 0.0375 -0.4131 -0.9099
vn 0.3755 0.0100 0.9268
vn 0.3052 -0.1705 0.9369
vn 0.1953 -0.2811 0.9396
vn 0.1236 -0.0714 0.9898
vn -0.0340 -0.2698 0.9623
vn 0.0979 0.1599 0.9823
vn -0.0131 -0.3897 0.9208
vn -0.0120 -0.4260 0.9046
vn -0.0000 -0.5615 0.8274
vn -0.0142 -0.5247 0.8512
vn -0.0072 -0.5631 0.8263
vn 0.0750 0.2590 0.9630
vn 0.2550 0.0678 0.9646
vn 0.0045 0.1279 -0.9918
vn -0.0011 0.1262 -0.9920
vn -0.0049 0.1817 -0.9833
vn 0.0080 -0.2850 0.9585
vn 0.0080 -0.4201 0.9075
vn -0.0160 -0.0607 0.9980
vn 0.0040 0.6301 0.7765
vn 0.0084 0.1466 0.9892
vn -0.0068 0.5286 0.8488
vn 0.0030 0.3554 0.9347
vn 0.0054 0.6268 0.7792
vn -0.0015 0.7205 0.6934
vn 0.0093 0.9017 0.4322
vn 0.0046 0.9995 -0.0320
vn 0.0005 0.9995 0.0317
vn -0.0194 0.9897 -0.1418
vn 0.0062 0.9976 -0.0686
vn 0.0061 0.9893 -0.1459
vn 0.0042 0.9834 0.1816
vn -0.0002 0.9935 0.1138
vn -0.0003 0.9473 0.3203
vn 0.0130 0.9634 0.2677
vn -0.0090 0.9482 0.3176
vn 0.0072 -0.1471 0.9891
vn 0.0044 -0.3413 0.9399
vn -0.0044 -0.4984 0.8669
vn 0.0047 -0.5308 0.8475
vn 0.0057 -0.4979 0.8672
vn 0.0034 -0.7938 0.6081
vn -0.0186 -0.5001 0.8657
vn -0.0094 -0.5740 0.8188
vn 0.0020 -0.9182 0.3961
vn -0.0168 -0.9296 0.3683
vn 0.0058 -0.9938 -0.1111
vn 0.0038 -0.9735 -0.2286
vn -0.0141 -0.8804 -0.4741
vn 0.0023 -0.9996 -0.0293
vn -0.0042 -0.9986 0.0524
vn 0.0052 -0.8830 0.4693
vn -0.0203 -0.9035 0.4280
vn 0.0013 -0.9058 0.4237
vn -0.0123 -0.8625 0.5059
vn 0.0074 -0.9668 0.2554
vn -0.0001 -0.9533 0.3021
vn -0.0246 -0.9474 0.3191
vn -0.0037 -0.9788 0.2050
vn 0.0231 -0.9823 0.1858
vn -0.0072 -0.9702 0.2420
vn 0.0005 -0.8169 0.5767
vn 0.0029 -0.6461 0.7632
vn 0.0049 0.9658 0.2594
vn 0.0038 0.2342 -0.9722
vn -0.0034 0.1540 -0.9881
vn 0.0049 0.4088 -0.9126
vn 0.0138 0.3111 -0.9503
vn -0.0010 0.4655 -0.8850
vn -0.0010 0.6291 -0.7773
vn -0.0081 0.9566 -0.2914
vn -0.0076 0.7860 -0.6182
vn -0.0383 0.6976 -0.7154
vn 0.0103 0.6953 -0.7186
vn 0.0101 0.6954 -0.7185
vn -0.0008 0.9715 -0.2371
vn -0.0038 0.9816 -0.1909
vn 0.0052 0.9716 -0.2367
vn 0.0027 0.9005 -0.4349
vn -0.0053 0.9379 -0.3468
vn -0.0015 0.5576 -0.8301
vn 0.0043 -0.0462 -0.9989
vn 0.0047 -0.0215 -0.9998
vn 0.0069 0.0824 -0.9966
vn -0.0186 0.1835 -0.9828
vn 0.0042 0.1953 -0.9807
vn 0.0039 0.1340 -0.9910
vn -0.0024 -0.7871 -0.6168
vn -0.0118 -0.7754 -0.6314
vn -0.0016 -0.6640 -0.7477
vn 0.0025 -0.5807 -0.8141
vn 0.0042 -0.2553 -0.9669
vn 0.0069 -0.1135 -0.9935
vn 0.0035 -0.4659 -0.8848
vn -0.0029 -0.7120 -0.7022
vn -0.0046 -0.6722 -0.7404
vn 0.0030 -0.7117 -0.7025
vn 0.0043 -0.6648 -0.7470
vn -0.0009 -0.5968 -0.8024
vn 0.0068 -0.5283 -0.8490
vn 0.0114 -0.4347 -0.9005
vn -0.0036 -0.3454 -0.9384
vn -0.0144 0.1527 -0.9882
vn 0.0075 0.0200 -0.9998
vn -0.0053 -0.8253 -0.5647
vn -0.0042 -0.9623 -0.2721
vn -0.0012 -0.9250 -0.3800
vn -0.0045 -0.9809 -0.1945
vn 0.0024 -0.9890 -0.1479
vn 0.0018 -0.9712 0.2382
vn 0.0038 -0.9529 0.3034
vn -0.0113 -0.4619 0.8869
vn -0.0077 -0.4050 0.9143
vn 0.0085 0.0473 0.9988
vn -0.0090 0.0730 0.9973
vn -0.0083 0.1734 0.9848
vn 0.0054 0.0205 0.9998
vn 0.0040 -0.2172 0.9761
vn 0.0025 -0.9886 0.1505
vn 0.0157 -0.9321 -0.3619
vn 0.0054 -0.9270 -0.3750
vn -0.0403 -0.9215 -0.3863
vn -0.0056 -0.8692 -0.4944
vn -0.0016 -0.8890 -0.4580
vn 0.0167 0.9923 -0.1228
vn -0.0221 0.9983 -0.0543
vn 0.0021 0.9988 -0.0485
vn 0.0046 0.9765 -0.2154
vn -0.0188 0.9773 -0.2110
vn 0.0019 0.9856 -0.1692
vn 0.0040 0.7031 -0.7110
vn 0.0151 0.6556 -0.7549
vn -0.0013 0.6709 -0.7416
vn 0.0031 0.7419 -0.6705
vn -0.0076 0.7700 -0.6379
vn -0.0060 0.8505 -0.5259
vn 0.0046 0.8507 -0.5256
vn -0.0013 0.8298 -0.5580
vn 0.0076 0.8612 -0.5082
vn 0.0158 0.8335 -0.5523
vn 0.0037 -0.7388 0.6740
vn 0.0044 0.9997 0.0245
vn -0.0041 0.5242 0.8516
vn -0.0034 0.4639 0.8859
vn -0.0072 0.7123 0.7018
vn 0.0003 0.7951 0.6064
vn -0.0027 0.8430 0.5379
vn 0.0006 0.7147 0.6994
vn 0.0112 0.6175 0.7865
vn -0.0015 0.2354 0.9719
vn 0.0094 -0.1845 0.9828
vn 0.0046 -0.2526 0.9676
vn -0.0016 -0.6535 0.7569
vn 0.0059 -0.8198 0.5726
vn 0.0105 -0.9031 0.4294
vn 0.0046 -0.9984 0.0568
vn 0.0019 -0.9999 -0.0166
vn 0.0131 -0.9965 -0.0822
vn 0.0032 -0.9791 -0.2033
vn -0.0074 -0.9330 -0.3598
vn 0.0023 -0.9148 -0.4039
vn 0.0047 -0.9149 -0.4036
vn 0.0077 -0.9547 -0.2976
vn 0.0089 -0.8963 -0.4434
vn 0.0016 -0.8189 -0.5739
vn 0.0024 -0.9874 0.1582
vn -0.0075 -0.9874 0.1583
vn -0.0068 -0.9698 0.2440
vn 0.0097 -0.9777 -0.2099
vn 0.0081 -0.9604 -0.2785
vn -0.0044 -0.9097 -0.4152
vn 0.0069 -0.7068 -0.7074
vn 0.0060 -0.7519 -0.6593
vn 0.0057 -0.8042 -0.5943
vn 0.0090 -0.6648 -0.7470
vn 0.0126 -0.5783 -0.8157
vn 0.0085 -0.7008 -0.7133
vn 0.0157 -0.7940 -0.6077
vn 0.0125 -0.7953 -0.6061
vn -0.0243 -0.7780 -0.6279
vn -0.0034 -0.1901 -0.9818
vn -0.0140 -0.3393 -0.9406
vn 0.0044 0.5879 -0.8089
vn -0.0079 0.4902 -0.8716
vn 0.0018 0.6589 -0.7522
vn -0.0074 0.4084 -0.9128
vn 0.0033 -0.4521 -0.8920
vn 0.0031 -0.5742 -0.8187
vn 0.0090 -0.3577 -0.9338
vn 0.0069 -0.4614 -0.8871
vn -0.0079 -0.2653 -0.9641
vn 0.0051 -0.2727 -0.9621
vn -0.0366 -0.2568 -0.9658
vn 0.0119 -0.2770 -0.9608
vn -0.0070 -0.1844 -0.9828
vn 0.0111 -0.1850 -0.9827
vn -0.0048 -0.2390 -0.9710
vn 0.0099 -0.1726 -0.9849
vn 0.0129 -0.1428 -0.9897
vn 0.0036 0.2364 -0.9716
vn -0.0070 0.8992 -0.4376
vn 0.0040 0.9915 -0.1300
vn 0.0021 0.9738 -0.2272
vn 0.0004 0.9737 0.2279
vn 0.0044 0.9367 0.3500
vn 0.0047 0.8867 0.4624
vn -0.0020 0.9790 0.2040
vn 0.0083 0.8140 0.5809
vn 0.0080 0.8808 0.4735
vn 0.0051 0.9964 0.0845
vn 0.0052 0.9992 -0.0393
vn -0.0020 0.9909 -0.1349
vn 0.0073 0.7983 -0.6022
vn 0.0057 0.8737 -0.4864
vn -0.0050 0.6993 -0.7148
vn 0.0011 0.7499 -0.6615
vn 0.0138 0.7814 -0.6239
vn 0.0084 0.7506 -0.6607
vn -0.0180 0.1529 -0.9881
vn 0.0058 0.0812 -0.9967
vn 0.0057 -0.0602 -0.9982
vn 0.0072 0.3178 -0.9481
vn 0.0092 0.4303 -0.9026
vn 0.0045 0.6673 -0.7448
vn -0.0054 -0.5150 0.8572
vn 0.0085 -0.5460 0.8377
vn 0.0053 -0.5144 0.8576
vn 0.0029 -0.5958 0.8032
vn 0.0032 -0.9061 0.4230
vn 0.0060 0.3424 0.9395
vn 0.0028 0.2326 0.9726
vn 0.0013 0.1149 0.9934
vn 0.0104 -0.0160 0.9998
vn -0.0027 -0.1142 0.9935
vn 0.0063 -0.2187 0.9758
vn 0.0124 -0.2780 0.9605
vn -0.0027 -0.3540 0.9352
vn 0.0063 0.3266 0.9451
vn 0.0027 0.4166 0.9091
vn 0.0030 -0.9355 0.3533
vn -0.0114 -0.8093 0.5873
vn 0.0032 -0.7367 0.6762
vn 0.0026 -0.5831 0.8124
vn 0.0032 -0.6107 0.7919
vn -0.0076 -0.4373 0.8993
vn -0.0196 -0.3615 0.9322
vn 0.0236 -0.3784 0.9254
vn 0.0222 -0.3875 0.9216
vn -0.0256 -0.5252 0.8506
vn 0.0002 -0.4975 0.8675
vn 0.0059 -0.4988 0.8667
vn 0.0183 0.9544 -0.2981
vn -0.0253 0.8991 -0.4370
vn 0.0070 0.9276 -0.3736
vn 0.0092 0.9039 -0.4276
vn 0.0048 -0.4447 -0.8957
vn 0.0115 -0.4573 0.8893
vn 0.0139 -0.9182 0.3959
vn 0.0079 -0.9987 0.0501
vn 0.0181 -0.8544 -0.5193
vn 0.0123 -0.8765 -0.4812
vn 0.0078 -0.8767 -0.4810
vn 0.0099 0.9283 0.3716
vn -0.0044 0.5232 0.8522
vn -0.0034 0.5031 0.8642
vn -0.0055 0.7034 0.7107
vn 0.0053 0.6243 0.7811
vn 0.0014 0.7803 0.6255
vn 0.0100 0.1330 0.9911
vn 0.0054 0.0370 0.9993
vn 0.0028 -0.1247 0.9922
vn 0.0171 -0.0656 0.9977
vn -0.0049 -0.0629 0.9980
vn -0.0075 -0.1236 0.9923
vn 0.0052 -0.3062 0.9519
vn -0.0004 -0.2526 0.9676
vn 0.0284 -0.3280 0.9442
vn 0.0038 -0.3901 0.9208
vn 0.0176 -0.5276 0.8493
vn -0.0126 -0.5821 0.8130
vn 0.0042 -0.6384 0.7697
vn -0.0028 0.0727 0.9973
vn 0.0012 -0.0409 0.9992
vn 0.0042 -0.0347 0.9994
vn 0.0039 0.3598 0.9330
vn -0.0011 0.3461 0.9382
vn 0.0130 0.4264 0.9044
vn 0.0037 0.2303 0.9731
vn 0.0055 0.2608 0.9654
vn 0.0051 0.3354 0.9421
vn -0.0032 0.5866 0.8099
vn -0.0045 0.9927 0.1208
vn 0.0086 0.9721 0.2344
vn 0.0009 0.9767 0.2145
vn 0.0022 0.9987 -0.0501
vn 0.0021 0.9990 0.0449
vn -0.0068 0.9038 0.4279
vn -0.0022 0.9402 0.3406
vn 0.0041 0.8852 0.4651
vn 0.0008 0.8488 0.5287
vn 0.0068 0.8071 0.5903
vn -0.0078 0.5247 0.8513
vn -0.0021 0.4709 0.8822
vn 0.0153 0.4743 0.8802
vn -0.0063 0.7106 0.7036
vn 0.0027 0.6379 0.7701
vn 0.0122 -0.7043 0.7098
vn -0.0009 -0.6817 0.7316
vn 0.0001 -0.6826 0.7308
vn 0.0091 -0.5593 0.8289
vn 0.0044 -0.4897 0.8719
vn 0.0082 -0.4900 0.8717
vn 0.0013 -0.4599 0.8880
vn 0.0045 -0.4383 0.8988
vn -0.0023 -0.6573 0.7536
vn 0.0058 -0.7425 0.6698
vn -0.0046 -0.8120 0.5837
vn 0.0008 -0.7411 0.6714
vn 0.0186 -0.8911 0.4535
vn 0.0078 -0.8084 0.5886
vn 0.0149 -0.8650 0.5015
vn 0.0140 -0.9062 0.4227
vn 0.0064 -0.9436 0.3311
vn 0.0086 -0.8628 0.5055
vn -0.0240 -0.8342 0.5509
vn -0.0039 -0.8635 0.5043
vn 0.0074 -0.9684 0.2494
vn 0.0009 -0.9901 0.1403
vn -0.0029 -0.8531 0.5217
vn 0.0087 -0.8378 0.5460
vn -0.0092 -0.8690 0.4947
vn 0.0114 -0.8380 0.5455
vn 0.0147 -0.8887 0.4583
vn -0.0134 -0.9029 0.4296
vn -0.0070 -0.9040 0.4275
vn -0.0123 -0.9894 -0.1450
vn 0.0115 -0.9589 -0.2835
vn 0.0107 -0.9881 -0.1533
vn -0.0102 -0.9938 -0.1104
vn 0.0004 -0.9866 -0.1630
vn -0.0029 -0.9998 -0.0217
vn 0.0138 0.9719 -0.2349
vn 0.0107 0.9513 0.3081
vn -0.0042 0.9649 0.2624
vn 0.0017 0.9513 0.3081
vn -0.0035 0.8981 -0.4397
vn 0.0072 0.5597 -0.8287
vn 0.0123 -0.9011 -0.4334
vn -0.0074 -0.9664 -0.2571
vn -0.0048 -0.6900 -0.7238
vn -0.0002 -0.6817 -0.7316
vn 0.0018 -0.7210 -0.6929
vn -0.0032 -0.6105 -0.7920
vn 0.0031 -0.6754 -0.7374
vn -0.0114 -0.6168 -0.7870
vn -0.0077 -0.2905 -0.9569
vn -0.0009 -0.3535 -0.9354
vn 0.0185 0.4103 -0.9118
vn -0.0036 0.3592 -0.9332
vn -0.0098 0.3619 -0.9322
vn -0.0079 0.4379 -0.8990
vn 0.0044 0.5702 -0.8215
vn -0.0077 0.6422 -0.7665
vn -0.0044 0.7318 -0.6816
vn -0.0016 0.8037 -0.5950
vn 0.0032 0.7757 -0.6311
vn -0.0079 0.3061 -0.9520
vn -0.0059 -0.1331 -0.9911
vn 0.0021 0.0170 -0.9999
vn -0.0195 -0.6146 -0.7886
vn -0.0043 -0.5136 -0.8580
vn 0.0006 -0.5075 -0.8617
vn 0.0027 -0.5370 -0.8436
vn -0.0039 -0.4645 -0.8856
vn 0.0087 -0.4396 -0.8982
vn -0.0137 -0.8562 -0.5164
vn 0.0070 -0.7487 -0.6629
vn -0.0057 0.9217 -0.3879
vn 0.0079 0.9215 -0.3883
vn 0.0103 0.8976 -0.4407
vn -0.0115 0.8362 -0.5483
vn 0.0112 0.8532 -0.5214
vn -0.0022 0.8346 -0.5509
vn -0.0095 -0.9854 -0.1699
vn -0.1286 -0.9913 -0.0266
vn -0.0005 0.9896 -0.1440
vn -0.0162 0.9688 -0.2471
vn 0.0134 0.9770 -0.2128
vn -0.0067 0.9681 -0.2506
vn -0.0014 0.9544 -0.2985
vn 0.0055 0.9418 -0.3361
vn -0.0074 0.9209 -0.3897
vn 0.0020 0.8483 -0.5296
vn 0.0033 -0.7379 -0.6749
vn -0.0011 -0.8096 -0.5870
vn 0.0044 -0.8052 -0.5930
vn -0.0069 -0.8047 -0.5936
vn 0.0028 -0.7747 -0.6323
vn -0.0028 -0.9058 -0.4237
vn 0.0031 0.4675 0.8840
vn -0.0210 0.4187 0.9079
vn 0.0041 0.4304 0.9026
vn -0.0122 0.4818 0.8762
vn 0.0012 0.4832 0.8755
vn 0.0032 0.4839 0.8751
vn -0.0053 0.2703 0.9628
vn 0.0056 0.1668 0.9860
vn 0.0056 0.7986 0.6019
vn 0.0019 0.8753 0.4836
vn 0.0022 0.9313 0.3643
vn -0.0022 0.9663 0.2573
vn -0.0018 0.9922 -0.1245
vn 0.0031 0.5076 -0.8616
vn -0.0155 0.1473 -0.9890
vn -0.0029 -0.0404 -0.9992
vn -0.0434 0.0329 -0.9985
vn -0.0038 0.1070 -0.9943
vn -0.0306 -0.1743 -0.9842
vn 0.0121 -0.1715 -0.9851
vn 0.0165 -0.1653 -0.9861
vn -0.0381 -0.1631 -0.9859
vn -0.0834 0.3118 -0.9465
vn -0.0564 0.2148 -0.9750
vn -0.0032 0.3808 -0.9247
vn 0.0028 0.5973 -0.8020
vn 0.0100 0.6563 -0.7544
vn -0.1319 0.4526 -0.8819
vn -0.0796 0.5593 -0.8251
vn 0.0036 0.3581 -0.9337
vn 0.0011 0.3578 -0.9338
vn 0.0152 0.3941 -0.9189
vn 0.0025 0.7182 -0.6959
vn -0.0209 0.7840 -0.6204
vn -0.0010 0.8387 -0.5446
vn -0.1291 0.6646 -0.7360
vn -0.1004 0.8452 -0.5250
vn -0.0053 0.8373 0.5467
vn -0.0049 0.7755 0.6313
vn -0.0131 0.7133 0.7008
vn -0.0037 0.6358 0.7718
vn -0.0007 0.5394 0.8420
vn -0.0150 0.5361 0.8440
vn -0.0091 0.4925 0.8703
vn 0.0057 0.4950 0.8689
vn -0.0118 0.4362 0.8998
vn 0.0009 0.4485 0.8938
vn -0.0027 0.3455 0.9384
vn -0.0084 0.5533 0.8329
vn 0.0063 -0.6509 0.7592
vn 0.0005 -0.7347 0.6784
vn 0.0039 0.1691 0.9856
vn -0.0036 -0.0129 0.9999
vn -0.0109 0.1573 0.9875
vn 0.0177 0.1080 0.9940
vn -0.0192 0.1548 0.9878
vn 0.0002 0.0568 0.9984
vn 0.0169 -0.1024 0.9946
vn 0.0168 -0.2251 0.9742
vn 0.0111 -0.5395 0.8419
vn 0.0196 -0.4295 0.9029
vn -0.0002 -0.4423 0.8968
vn -0.0071 -0.4813 0.8765
vn 0.0207 -0.4379 0.8988
vn -0.2918 -0.7992 0.5255
vn -0.2747 -0.7875 0.5517
vn 0.0001 -0.7571 0.6533
vn 0.0416 -0.7592 0.6496
vn -0.0069 -0.7597 0.6502
vn -0.2116 -0.8109 0.5456
vn -0.1749 -0.9846 0.0050
vn 0.0179 -0.9364 0.3504
vn -0.0535 -0.9945 -0.0896
vn -0.0082 -0.7770 -0.6294
vn 0.0129 -0.8640 -0.5033
vn -0.0023 -0.8416 -0.5402
vn 0.0089 -0.8495 -0.5275
vn -0.0044 -0.8354 -0.5497
vn -0.0059 -0.8731 -0.4874
vn 0.0039 -0.9006 -0.4346
vn -0.0120 -0.8752 -0.4836
vn 0.0208 -0.8670 -0.4978
vn -0.0097 -0.8722 -0.4890
vn -0.0257 -0.9569 -0.2893
vn 0.1280 -0.9868 0.0995
vn -0.0221 -0.9837 -0.1784
vn 0.0282 -0.9972 0.0696
vn 0.1396 -0.9629 0.2311
vn 0.0048 -0.9994 0.0345
vn 0.3010 -0.8706 0.3892
vn 0.2940 -0.7347 0.6114
vn 0.3379 -0.6793 0.6514
vn 0.1927 -0.8130 0.5495
vn 0.2983 -0.7750 0.5571
vn 0.0457 -0.8866 0.4602
vn -0.0885 -0.9166 0.3898
vn 0.0933 -0.8263 0.5555
vn 0.2364 -0.7009 0.6730
vn -0.0655 -0.8967 0.4378
vn 0.0571 -0.7862 0.6153
vn -0.2522 -0.9038 0.3458
vn -0.3050 -0.9352 0.1801
vn -0.1257 -0.9494 0.2877
vn 0.1437 -0.8694 0.4727
vn 0.0100 -0.9304 0.3665
vn 0.0474 -0.9394 0.3396
vn -0.0999 -0.9614 0.2563
vn -0.0453 -0.9681 0.2464
vn -0.0200 -0.9668 0.2549
vn -0.1035 -0.9728 0.2073
vn -0.1936 -0.9784 0.0727
vn -0.1862 -0.9731 0.1358
vn -0.3354 -0.9402 0.0596
vn -0.4061 -0.9131 -0.0375
vn -0.3060 -0.9517 -0.0261
vn -0.2672 -0.9612 0.0680
vn -0.1891 -0.9768 0.1003
vn -0.2449 -0.9695 0.0129
vn -0.4631 -0.8863 0.0001
vn -0.2005 -0.9735 0.1098
vn -0.2817 -0.9255 0.2531
vn -0.5139 -0.8570 -0.0375
vn 0.0150 -0.8200 0.5721
vn -0.2831 -0.9025 0.3246
vn -0.0098 -0.9666 -0.2560
vn 0.0040 -0.6784 -0.7347
vn 0.0093 -0.6901 -0.7237
vn 0.0086 -0.6348 -0.7726
vn -0.0077 -0.6071 -0.7946
vn 0.0102 -0.6342 -0.7731
vn 0.0020 -0.6349 -0.7726
vn 0.0003 -0.5332 -0.8460
vn -0.0004 -0.5080 -0.8614
vn 0.0011 -0.5079 -0.8614
vn -0.0044 -0.5265 -0.8502
vn 0.0022 -0.4505 -0.8928
vn -0.0023 -0.5287 -0.8488
vn 0.0066 -0.5072 -0.8618
vn 0.0129 -0.5086 -0.8609
vn -0.0032 -0.5799 -0.8147
vn 0.0048 -0.4927 -0.8702
vn -0.0601 -0.4431 -0.8945
vn -0.0472 -0.6587 -0.7509
vn -0.0595 -0.7461 -0.6632
vn -0.0029 -0.7509 -0.6605
vn -0.0546 -0.8277 -0.5585
vn 0.0111 -0.8125 -0.5828
vn -0.0116 0.8381 -0.5454
vn -0.0000 0.8990 -0.4379
vn -0.0110 0.9231 -0.3845
vn -0.0038 0.9238 -0.3828
vn 0.0086 0.9022 -0.4312
vn 0.0067 0.9301 -0.3672
vn 0.0005 0.9904 0.1382
vn -0.0119 0.9368 0.3496
vn -0.0011 0.9995 0.0315
vn -0.0008 0.9964 -0.0851
vn 0.0054 0.8525 -0.5227
vn -0.0072 0.8324 -0.5541
vn -0.0027 0.8521 -0.5234
vn -0.0010 0.7682 -0.6402
vn 0.0003 0.6920 -0.7219
vn -0.0132 0.6618 -0.7496
vn -0.0004 0.6919 -0.7220
vn 0.0075 0.8869 -0.4620
vn -0.0464 0.9477 -0.3159
vn -0.0095 0.9998 0.0188
vn -0.0350 0.9888 0.1450
vn -0.0188 0.9739 0.2263
vn -0.0044 0.8922 0.4516
vn 0.0055 0.7709 -0.6370
vn 0.0050 0.7500 -0.6614
vn -0.0179 0.7823 -0.6226
vn -0.0120 0.6692 -0.7430
vn -0.0010 0.9758 -0.2185
vn 0.0188 0.9819 -0.1885
vn -0.0302 0.9709 -0.2374
vn 0.0029 0.9781 -0.2083
vn -0.0072 -0.2819 -0.9594
vn -0.6668 -0.6015 0.4400
vn -0.1643 -0.9847 0.0583
vn 0.0458 -0.2053 0.9776
vn -0.2812 -0.6568 0.6997
vn -0.2933 -0.5282 0.7968
vn -0.2619 -0.7033 0.6609
vn -0.2557 -0.4047 0.8780
vn 0.0406 -0.0203 0.9990
vn -0.5302 -0.7292 0.4327
vn -0.4575 -0.8122 0.3619
vn -0.2864 -0.8409 0.4593
vn -0.3513 -0.7637 0.5416
vn -0.4835 -0.8544 0.1904
vn -0.4900 -0.8470 0.2061
vn -0.3423 -0.8832 0.3205
vn -0.4099 -0.8947 0.1773
vn -0.1331 -0.8324 0.5379
vn -0.4666 -0.8792 0.0962
vn 0.0210 0.2490 0.9683
vn -0.2494 -0.2990 0.9211
vn 0.0090 -0.1672 0.9859
vn 0.0075 -0.1018 0.9948
vn -0.0019 -0.1414 0.9899
vn 0.4495 -0.5648 0.6921
vn 0.1905 -0.8660 0.4623
vn 0.2923 -0.7662 0.5723
vn 0.4621 -0.4444 0.7674
vn 0.2057 -0.6343 0.7453
vn -0.0870 -0.4017 0.9116
vn 0.2083 -0.5118 0.8335
vn 0.4385 -0.3356 0.8337
vn 0.2330 -0.7626 0.6035
vn 0.2856 -0.6291 0.7230
vn -0.0807 -0.9847 0.1543
vn -0.0359 -0.9877 0.1524
vn -0.0227 -0.9810 0.1928
vn -0.0293 -0.9909 0.1317
vn -0.0620 -0.9592 0.2760
vn -0.0189 -0.9981 0.0592
vn -0.0169 -0.9998 -0.0083
vn -0.0094 -0.9749 -0.2223
vn -0.0121 -0.9981 -0.0596
vn 0.0116 -0.9999 -0.0009
vn -0.0215 -0.9982 -0.0562
vn -0.0088 -0.9642 0.2650
vn -0.0041 -0.9986 0.0521
vn 0.0048 -0.9945 -0.1048
vn 0.0054 -0.9996 -0.0268
vn 0.0093 -0.9962 -0.0862
vn -0.0376 -0.9881 -0.1494
vn 0.0206 -0.9896 -0.1424
vn 0.0250 -0.9901 -0.1379
vn -0.0246 -0.9407 -0.3383
vn -0.0330 -0.9191 0.3927
vn 0.1522 -0.7148 0.6825
vn 0.3095 -0.3827 0.8705
vn 0.2660 -0.6082 0.7479
vn 0.4639 -0.2698 0.8438
vn 0.2479 -0.5983 0.7620
vn 0.0041 -0.8707 0.4919
vn -0.0028 -0.9533 0.3021
vn 0.0095 -0.9923 0.1238
vn 0.0272 -0.9382 0.3450
vn 0.0146 -0.9371 0.3487
vn -0.0040 -0.9533 0.3020
vn -0.0009 -0.9425 0.3341
vn 0.0470 -0.9318 0.3599
vn -0.0118 -0.9469 0.3214
vn -0.4107 -0.8249 0.3883
vn -0.2809 -0.8990 0.3360
vn -0.4537 -0.7615 0.4629
vn -0.3569 -0.7969 0.4874
vn -0.2162 -0.9449 0.2459
vn -0.4579 -0.7287 0.5093
vn -0.5811 -0.6379 0.5054
vn -0.6400 -0.5870 0.4957
vn -0.4436 -0.6367 0.6307
vn -0.6278 -0.5370 0.5634
vn -0.4255 -0.7183 0.5505
vn -0.3924 -0.6371 0.6635
vn -0.4094 -0.5129 0.7545
vn -0.6229 -0.5393 0.5667
vn -0.3717 -0.4311 0.8222
vn -0.3041 -0.3307 0.8934
vn 0.0065 -0.2562 0.9666
vn 0.0052 -0.1318 0.9913
vn 0.0085 -0.4664 0.8845
vn 0.0007 -0.5733 0.8193
vn -0.0092 -0.5365 0.8438
vn -0.0077 -0.5456 0.8380
vn -0.0159 -0.5847 0.8111
vn -0.0109 -0.6695 0.7427
vn -0.0158 -0.7662 0.6424
vn -0.0173 -0.4712 0.8819
vn 0.2820 -0.3275 0.9018
vn -0.0217 -0.3504 0.9363
vn -0.2811 -0.2673 0.9217
vn -0.0097 -0.0338 0.9994
vn -0.0140 0.0887 0.9960
vn -0.0359 -0.3809 0.9239
vn -0.0081 -0.3236 0.9462
vn -0.0254 -0.3671 0.9298
vn 0.1724 0.0331 0.9845
vn 0.1850 0.1675 0.9684
vn 0.1765 0.2563 0.9503
vn 0.1628 -0.0794 0.9835
vn -0.0182 -0.6714 0.7409
vn 0.2867 -0.4813 0.8283
vn -0.3150 -0.0242 0.9488
vn -0.0017 0.6204 0.7843
vn -0.0053 0.8248 0.5654
vn -0.0057 0.9032 0.4293
vn 0.0054 0.7005 0.7137
vn -0.3047 0.1950 0.9323
vn -0.3012 0.2664 0.9156
vn -0.3055 0.3968 0.8656
vn -0.4524 -0.1493 0.8792
vn -0.4596 -0.1246 0.8793
vn -0.3682 -0.0266 0.9294
vn -0.1657 0.0082 0.9861
vn -0.2060 0.0846 0.9749
vn -0.4135 0.0551 0.9088
vn -0.2927 0.5136 0.8066
vn -0.4904 0.1721 0.8544
vn -0.3293 0.3015 0.8948
vn -0.2508 0.1952 0.9481
vn -0.0661 0.3692 0.9270
vn -0.4191 0.3244 0.8480
vn -0.3156 0.4587 0.8306
vn -0.1449 0.4956 0.8564
vn 0.0844 0.6326 0.7699
vn 0.1223 0.5267 0.8412
vn -0.0325 0.6732 0.7388
vn -0.1892 0.6329 0.7508
vn -0.3869 0.5203 0.7613
vn -0.0035 0.7555 0.6552
vn 0.1088 0.7459 0.6571
vn 0.2175 0.7580 0.6149
vn 0.0715 0.8328 0.5490
vn 0.1940 0.6084 0.7696
vn 0.2333 0.6654 0.7091
vn 0.0836 0.3982 0.9135
vn 0.3281 0.5965 0.7325
vn 0.3883 0.6590 0.6442
vn 0.3786 0.7522 0.5393
vn 0.3415 0.5719 0.7458
vn 0.2526 0.8315 0.4948
vn 0.4531 0.8156 0.3599
vn 0.4577 0.7697 0.4450
vn 0.2666 0.4929 0.8282
vn 0.2908 0.5924 0.7513
vn 0.2972 0.6407 0.7080
vn 0.3113 0.8458 0.4332
vn 0.3692 0.8451 0.3867
vn 0.3180 0.8339 0.4511
vn 0.1600 0.9014 0.4023
vn 0.4498 0.8475 0.2817
vn 0.3409 0.8821 0.3251
vn 0.3685 0.9009 0.2295
vn 0.2728 0.8678 0.4153
vn 0.3161 0.8792 0.3565
vn 0.2836 0.8542 0.4357
vn 0.3183 0.7133 0.6244
vn -0.0117 0.1823 0.9832
vn -0.0233 0.3791 0.9251
vn 0.0399 0.2711 0.9617
vn 0.4784 0.8673 0.1378
vn 0.2886 0.8320 0.4738
vn 0.3806 0.9227 0.0618
vn 0.1995 0.9498 0.2411
vn 0.2031 0.9776 0.0545
vn 0.0060 0.9752 0.2214
vn 0.0093 0.9170 0.3989
vn -0.0778 0.8298 0.5526
vn -0.1896 0.7495 0.6342
vn -0.4094 0.6017 0.6858
vn -0.4031 0.6662 0.6274
vn -0.1880 0.8213 0.5386
vn -0.3964 0.7298 0.5570
vn -0.1595 0.9148 0.3710
vn -0.3563 0.8334 0.4224
vn -0.1722 0.9528 0.2499
vn -0.3808 0.8840 0.2712
vn -0.2658 0.9594 0.0941
vn -0.4660 0.8205 0.3312
vn -0.5116 0.8503 0.1240
vn -0.2989 0.9537 -0.0332
vn -0.5078 0.8614 0.0084
vn -0.3003 0.9480 -0.1056
vn -0.2364 0.9711 -0.0327
vn -0.4848 0.7492 0.4512
vn -0.2859 0.9535 0.0950
vn -0.4198 0.8519 0.3131
vn -0.3405 0.8978 0.2792
vn -0.0927 0.9957 0.0021
vn -0.3853 0.8327 0.3977
vn -0.4094 0.6663 0.6233
vn -0.0106 0.9320 -0.3624
vn -0.0037 0.8824 -0.4705
vn -0.0048 0.9581 -0.2863
vn -0.0039 0.8814 -0.4724
vn 0.0057 0.9889 -0.1485
vn 0.0039 0.9248 -0.3805
vn 0.0026 0.9005 -0.4348
vn -0.0034 0.9248 -0.3805
vn 0.0207 0.9013 -0.4326
vn 0.0242 0.9497 -0.3121
vn 0.0387 0.8350 -0.5489
vn -0.0008 0.8184 -0.5746
vn -0.0035 0.7368 -0.6761
vn 0.0552 0.7323 -0.6787
vn -0.0727 0.7964 -0.6004
vn -0.0464 0.9059 -0.4209
vn -0.1284 0.6965 -0.7059
vn -0.1423 0.7399 -0.6575
vn -0.0701 0.9026 -0.4247
vn -0.0431 0.9851 -0.1668
vn -0.0611 0.9944 -0.0858
vn -0.0999 0.9949 0.0118
vn -0.0702 0.9959 0.0577
vn -0.0515 0.9986 -0.0127
vn -0.0514 0.9970 0.0580
vn -0.0632 0.9677 -0.2439
vn -0.0501 0.9978 -0.0430
vn -0.0203 0.9889 0.1470
vn -0.0117 0.9568 0.2904
vn 0.0166 0.9525 0.3040
vn -0.0016 0.8210 0.5710
vn 0.0230 0.9135 0.4061
vn -0.2862 0.5915 0.7538
vn -0.5250 0.2394 0.8168
vn -0.3843 0.6090 0.6939
vn -0.4698 0.3717 0.8007
vn -0.3195 0.6537 0.6860
vn -0.5411 0.4236 0.7264
vn -0.2945 0.7936 0.5324
vn 0.0133 0.9796 0.2006
vn 0.0479 0.9965 0.0689
vn 0.0122 0.9996 0.0268
vn 0.0307 0.9992 0.0240
vn -0.3487 -0.1921 0.9173
vn -0.3047 0.1446 0.9414
vn -0.3669 0.0781 0.9270
vn -0.5305 -0.3065 0.7904
vn -0.4951 -0.3517 0.7944
vn -0.5548 -0.4777 0.6812
vn -0.4548 -0.4565 0.7647
vn -0.3031 -0.3077 0.9019
vn -0.3083 -0.5065 0.8052
vn -0.3798 -0.4883 0.7857
vn -0.3330 -0.4617 0.8222
vn -0.4095 -0.5622 0.7186
vn -0.5417 -0.5797 0.6087
vn -0.4530 -0.6827 0.5733
vn -0.4573 -0.7161 0.5273
vn -0.5257 -0.7062 0.4742
vn -0.5186 -0.7079 0.4796
vn -0.3547 -0.6701 0.6520
vn -0.2648 -0.7579 0.5962
vn -0.1487 -0.6885 0.7098
vn 0.0373 -0.6767 0.7353
vn -0.0112 -0.6065 0.7950
vn -0.1630 -0.5934 0.7882
vn -0.2720 -0.7125 0.6468
vn -0.2007 -0.6831 0.7022
vn -0.2395 -0.7237 0.6472
vn -0.2621 -0.4931 0.8296
vn -0.0648 -0.4561 0.8876
vn -0.0536 -0.2267 0.9725
vn 0.0976 -0.3469 0.9328
vn -0.2344 -0.1526 0.9601
vn -0.3759 -0.2224 0.8996
vn 0.0220 0.9862 -0.1643
vn 0.0137 0.9939 -0.1096
vn 0.0306 0.9886 -0.1476
vn -0.0273 -0.9088 -0.4163
vn -0.0316 -0.8769 -0.4795
vn -0.0408 -0.8291 -0.5576
vn -0.0488 -0.7507 -0.6588
vn 0.0110 -0.9398 -0.3416
vn -0.0612 -0.6486 -0.7587
vn 0.0164 -0.5770 -0.8166
vn -0.0505 -0.5315 -0.8455
vn -0.0890 -0.5460 -0.8331
vn -0.0165 -0.3857 -0.9225
vn 0.0055 -0.3521 -0.9359
vn 0.0075 -0.4067 -0.9135
vn -0.0297 -0.2438 -0.9694
vn -0.0688 -0.4070 -0.9109
vn 0.0216 -0.4790 -0.8776
vn 0.0092 -0.5772 -0.8165
vn 0.0288 -0.3792 -0.9249
vn 0.0343 -0.3375 -0.9407
vn 0.0753 -0.3795 -0.9221
vn 0.0540 -0.4077 -0.9115
vn 0.0245 -0.1484 -0.9886
vn 0.0059 -0.2336 -0.9723
vn -0.0174 -0.0687 -0.9975
vn 0.0101 -0.6724 -0.7402
vn 0.0104 -0.8273 -0.5617
vn 0.0053 -0.7524 -0.6587
vn 0.0072 -0.2337 -0.9723
vn -0.0132 0.0309 -0.9994
vn -0.0077 0.0098 -0.9999
vn 0.0027 0.1006 -0.9949
vn 0.0017 0.1397 -0.9902
vn 0.0124 0.1385 -0.9903
vn -0.0169 0.1550 -0.9878
vn -0.0286 0.2707 -0.9622
vn -0.0896 0.6300 -0.7714
vn -0.0876 0.5390 -0.8377
vn -0.0763 0.3833 -0.9205
vn 0.0308 0.3816 -0.9238
vn 0.0458 0.5461 -0.8365
vn 0.0103 0.4281 -0.9037
vn 0.0011 0.3020 -0.9533
vn 0.0053 0.5166 -0.8562
vn 0.0200 0.6505 -0.7592
vn -0.0039 0.5740 -0.8189
vn -0.0033 0.6793 -0.7339
vn -0.0007 0.7279 -0.6856
vn -0.0093 0.8291 -0.5591
vn -0.3832 0.9138 -0.1349
vn -0.4019 0.8923 -0.2055
vn -0.4221 0.8968 -0.1327
vn -0.4166 0.8361 -0.3568
vn 0.0066 0.7654 -0.6435
vn 0.0047 0.7736 -0.6336
vn 0.0334 0.7982 -0.6014
vn 0.0070 0.8537 -0.5207
vn 0.0210 0.8301 -0.5572
vn 0.0055 0.8535 -0.5211
vn -0.0204 0.8275 -0.5611
vn 0.0098 0.7616 -0.6480
vn 0.0176 0.7625 -0.6467
vn 0.0003 0.7850 -0.6194
vn -0.4794 0.8146 -0.3264
vn -0.0071 0.5987 -0.8009
vn -0.0038 0.6217 -0.7832
vn 0.0051 0.6298 -0.7768
vn 0.0138 0.6255 -0.7801
vn 0.0100 0.6235 -0.7818
vn -0.0169 0.6450 -0.7640
vn -0.0099 0.4524 -0.8918
vn -0.3767 0.7268 -0.5744
vn 0.0723 -0.5208 0.8506
vn 0.2653 -0.3656 0.8921
vn 0.2187 -0.4911 0.8432
vn 0.2232 -0.5300 0.8181
vn 0.1237 -0.5083 0.8522
vn 0.2734 -0.2074 0.9393
vn 0.1160 -0.0993 0.9883
vn 0.4033 -0.2049 0.8918
vn 0.2556 -0.0171 0.9666
vn 0.4369 -0.0940 0.8946
vn -0.0357 -0.8134 0.5806
vn -0.0342 -0.8129 0.5813
vn 0.0082 -0.8235 0.5673
vn 0.3685 0.0500 0.9283
vn 0.2175 -0.3020 0.9282
vn 0.3036 0.0181 0.9526
vn 0.0800 0.0829 0.9933
vn 0.2655 0.2073 0.9416
vn -0.0830 -0.0378 0.9958
vn 0.0576 0.1753 0.9828
vn -0.0485 0.2215 0.9740
vn 0.1923 0.3472 0.9178
vn 0.3448 0.2901 0.8927
vn 0.3957 0.3560 0.8466
vn 0.4247 0.3454 0.8368
vn 0.3798 0.3257 0.8658
vn 0.3993 0.3957 0.8270
vn 0.2242 0.4739 0.8515
vn 0.2306 0.4477 0.8639
vn 0.4206 0.4793 0.7703
vn 0.4509 0.4596 0.7652
vn 0.3856 0.4433 0.8092
vn 0.3732 0.5239 0.7657
vn -0.0063 -1.0000 0.0037
vn -0.0082 -1.0000 0.0040
vn 0.0184 -0.9993 0.0323
vn 0.0027 -0.9711 -0.2387
vn 0.0004 -0.9878 -0.1560
vn -0.0075 -1.0000 0.0024
vn -0.2309 -0.9656 0.1196
vn -0.0160 -0.9913 -0.1304
vn 0.0016 -0.9601 -0.2795
vn -0.0003 -0.9060 -0.4232
vn 0.0019 -0.8237 -0.5670
vn -0.0050 -0.7573 -0.6531
vn 0.0157 -0.5503 -0.8348
vn 0.0038 -0.6699 -0.7425
vn -0.0056 -0.6324 -0.7746
vn 0.0025 -0.6230 -0.7822
vn 0.0187 -0.4727 -0.8811
vn -0.0338 0.2079 -0.9776
vn 0.0118 0.1566 -0.9876
vn 0.0013 -0.3647 -0.9311
vn 0.0143 -0.2997 -0.9539
vn 0.0108 -0.4657 -0.8849
vn 0.0124 -0.3732 -0.9277
vn -0.0364 -0.4150 -0.9091
vn 0.0034 -0.3761 -0.9266
vn 0.0078 -0.1371 -0.9905
vn 0.0089 -0.0395 -0.9992
vn -0.0059 0.0837 -0.9965
vn 0.2070 0.3769 0.9028
vn -0.0075 0.0742 0.9972
vn -0.0128 0.0974 0.9952
vn -0.0075 0.1063 0.9943
vn 0.2674 0.8937 0.3603
vn 0.3733 0.9254 -0.0654
vn -0.1307 0.9885 0.0755
vn 0.0468 0.9981 -0.0395
vn 0.2431 0.9320 0.2688
vn -0.0110 0.5599 0.8285
vn -0.0230 0.7807 0.6245
vn -0.0101 0.6734 0.7392
vn -0.3356 0.1806 0.9245
vn -0.3514 0.2850 0.8918
vn -0.3705 0.4463 0.8146
vn -0.3512 0.5891 0.7277
vn -0.3823 0.6094 0.6946
vn -0.0317 0.8666 0.4980
vn -0.6220 0.0999 0.7766
vn -0.4660 -0.2022 0.8614
vn -0.5693 -0.1039 0.8156
vn -0.5767 -0.3233 0.7503
vn -0.4268 -0.0768 0.9011
vn -0.5086 0.0147 0.8609
vn -0.4080 0.1182 0.9053
vn -0.3297 0.0406 0.9432
vn -0.3010 0.1791 0.9367
vn -0.3321 0.6689 0.6651
vn -0.0310 0.9404 0.3386
vn -0.0002 0.9815 0.1916
vn -0.2959 0.7042 0.6454
vn 0.2304 0.9669 0.1100
vn 0.4016 0.8842 -0.2384
vn 0.2349 0.9716 -0.0270
vn 0.2432 0.9584 -0.1494
vn 0.1311 0.9647 -0.2284
vn 0.3587 0.8766 -0.3207
vn -0.0722 0.9133 0.4008
vn -0.0526 0.9037 0.4249
vn -0.0475 0.9006 0.4320
vn 0.2340 0.9602 -0.1526
vn 0.3950 0.8186 -0.4169
vn 0.4771 0.7222 -0.5009
vn 0.2845 0.9345 -0.2140
vn 0.1910 0.9038 -0.3829
vn 0.2984 0.7967 -0.5255
vn -0.0877 0.9477 -0.3070
vn -0.1308 0.9064 -0.4016
vn 0.0825 0.8631 -0.4982
vn -0.1652 0.9770 -0.1349
vn -0.2797 0.9431 -0.1798
vn -0.4142 0.9007 -0.1310
vn -0.5477 0.8347 -0.0568
vn -0.4877 0.8559 -0.1722
vn -0.5892 0.7843 -0.1941
vn -0.3340 0.6210 -0.7090
vn -0.5364 0.7765 -0.3308
vn -0.3549 0.5246 -0.7739
vn 0.0154 0.0808 -0.9966
vn -0.0082 0.0897 -0.9959
vn -0.0232 0.1495 -0.9885
vn -0.3514 0.4483 -0.8219
vn -0.5583 0.7053 -0.4369
vn -0.4564 0.7308 -0.5076
vn -0.3967 0.8410 -0.3679
vn -0.5577 0.5882 -0.5856
vn -0.3955 0.3895 -0.8318
vn -0.0772 0.1318 -0.9883
vn -0.0390 -0.0436 -0.9983
vn -0.2431 0.0474 -0.9689
vn -0.4472 0.6229 -0.6419
vn -0.5687 0.4515 -0.6876
vn -0.4264 0.2583 -0.8669
vn -0.5583 0.3227 -0.7643
vn -0.4698 0.3647 -0.8039
vn -0.2885 -0.0628 -0.9554
vn -0.3553 0.4734 -0.8060
vn -0.3418 0.2973 -0.8915
vn -0.4124 0.5581 -0.7201
vn -0.4516 0.5339 -0.7148
vn -0.4060 0.5412 -0.7364
vn -0.3826 0.5015 -0.7760
vn -0.2428 0.5293 -0.8129
vn -0.3331 0.6325 -0.6993
vn -0.3742 0.6729 -0.6381
vn -0.3963 0.6421 -0.6562
vn -0.0765 0.5771 -0.8131
vn -0.1949 0.6632 -0.7226
vn -0.0712 0.4681 -0.8808
vn -0.3468 0.7313 -0.5874
vn -0.1710 0.7592 -0.6279
vn -0.1811 0.8180 -0.5459
vn -0.2983 0.8485 -0.4371
vn -0.4742 0.8332 -0.2845
vn 0.0411 0.7859 -0.6170
vn 0.1526 0.7004 -0.6973
vn 0.1117 0.6169 -0.7791
vn 0.3106 0.5701 -0.7606
vn 0.2651 0.7132 -0.6489
vn 0.4033 0.4105 -0.8178
vn 0.4866 0.4502 -0.7487
vn 0.5357 0.3418 -0.7721
vn 0.5605 0.5234 -0.6418
vn 0.4319 0.6160 -0.6588
vn 0.3457 0.7542 -0.5583
vn 0.2702 0.9085 -0.3187
vn 0.3301 0.8262 -0.4565
vn -0.0115 0.9460 -0.3239
vn -0.0173 0.9949 -0.0996
vn 0.2054 0.8219 -0.5313
vn 0.0127 0.9792 -0.2024
vn 0.0067 0.9812 -0.1928
vn -0.0179 0.9732 -0.2291
vn -0.0023 0.9973 -0.0736
vn -0.4397 0.7536 0.4886
vn -0.3575 0.8468 0.3938
vn -0.0201 0.9830 -0.1824
vn 0.0034 0.9892 -0.1463
vn -0.0213 0.9831 -0.1819
vn -0.4885 0.6495 0.5827
vn -0.3256 0.8163 0.4771
vn -0.0037 0.9988 0.0498
vn 0.0121 0.9978 -0.0656
vn 0.0088 0.9966 -0.0820
vn 0.0287 0.9996 0.0062
vn -0.5033 0.2836 0.8163
vn -0.5159 0.1885 0.8356
vn -0.3348 0.2954 0.8948
vn -0.1775 0.3919 0.9027
vn -0.0800 0.3257 0.9421
vn -0.0376 0.4864 0.8729
vn 0.0521 0.4189 0.9065
vn 0.1574 0.5706 0.8060
vn 0.1469 0.3556 0.9230
vn -0.0545 0.1723 0.9835
vn 0.2080 0.4712 0.8572
vn 0.1431 0.2695 0.9523
vn 0.3482 0.2621 0.9000
vn 0.4036 0.3998 0.8230
vn 0.3566 0.5114 0.7818
vn 0.3235 0.6244 0.7110
vn 0.4654 0.5371 0.7035
vn 0.4571 0.6462 0.6111
vn 0.2316 0.6756 0.6999
vn 0.3245 0.7608 0.5621
vn 0.0640 0.6566 0.7515
vn -0.0851 0.6051 0.7916
vn -0.3320 0.3917 0.8581
vn -0.2778 0.5377 0.7961
vn -0.2466 0.5959 0.7642
vn -0.2284 0.5745 0.7860
vn -0.3124 0.5731 0.7576
vn -0.1948 0.6803 0.7065
vn -0.4253 0.4775 0.7689
vn -0.5505 0.4044 0.7304
vn -0.4371 0.5899 0.6789
vn -0.2660 0.7542 0.6003
vn -0.3991 0.7184 0.5697
vn -0.4762 0.7281 0.4931
vn -0.1157 0.7880 0.6047
vn -0.0299 0.7520 0.6585
vn -0.1042 0.8752 0.4725
vn -0.2391 0.8629 0.4453
vn -0.3247 0.9230 0.2064
vn -0.3728 0.8279 0.4190
vn -0.2310 0.9706 0.0679
vn -0.3499 0.9359 0.0410
vn -0.4339 0.8694 0.2361
vn -0.2568 0.9232 0.2858
vn -0.1006 0.9450 0.3111
vn 0.0356 0.9506 0.3084
vn 0.0680 0.8769 0.4758
vn 0.1647 0.7943 0.5848
vn 0.2931 0.8607 0.4163
vn 0.2003 0.9272 0.3166
vn -0.0000 0.9909 0.1345
vn 0.1251 0.9854 0.1152
vn 0.2470 0.9679 0.0466
vn 0.3404 0.9190 0.1986
vn 0.4394 0.8574 0.2679
vn 0.4698 0.8745 0.1203
vn 0.5365 0.8175 0.2095
vn 0.3211 0.7405 0.5904
vn 0.3415 0.6621 0.6671
vn 0.5141 0.7865 0.3421
vn 0.3560 0.5744 0.7371
vn 0.6217 0.6505 0.4362
vn 0.4827 0.7288 0.4857
vn 0.4171 0.7826 0.4621
vn 0.5186 0.5889 0.6199
vn 0.5763 0.6955 0.4291
vn 0.5973 0.6550 0.4628
vn 0.5476 0.6874 0.4772
vn 0.3549 0.4322 0.8290
vn 0.3198 0.2800 0.9052
vn 0.5494 0.6051 0.5762
vn 0.5513 0.6315 0.5453
vn 0.5849 0.5939 0.5525
vn 0.6205 0.5129 0.5932
vn 0.3057 0.2867 0.9079
vn 0.5636 0.4715 0.6783
vn 0.5105 0.4253 0.7474
vn 0.4995 0.2161 0.8390
vn 0.2351 -0.0196 0.9718
vn -0.0091 -0.1337 0.9910
vn -0.0324 0.0309 0.9990
vn -0.0314 -0.0318 0.9990
vn -0.0214 0.0162 0.9996
vn -0.0130 -0.0922 0.9957
vn -0.0246 0.1067 0.9940
vn -0.0281 0.0592 0.9978
vn -0.0004 -0.5667 0.8239
vn -0.3912 -0.7806 0.4874
vn 0.0363 -0.6874 0.7254
vn -0.0127 -0.6818 0.7314
vn -0.3219 -0.8890 0.3256
vn 0.0057 -0.7664 0.6424
vn -0.3156 -0.9147 0.2525
vn -0.5636 -0.8044 -0.1879
vn -0.4853 -0.8637 -0.1363
vn 0.0165 -0.8837 0.4678
vn -0.2344 -0.9597 0.1548
vn 0.0362 -0.9252 0.3778
vn -0.2967 -0.9546 -0.0252
vn 0.4286 -0.8277 0.3623
vn -0.0252 -0.9931 0.1144
vn 0.2464 -0.9118 0.3285
vn 0.4377 -0.7688 0.4662
vn -0.0149 -0.8124 0.5828
vn -0.0139 -0.8121 0.5833
vn 0.0079 -0.8360 0.5486
vn 0.5426 -0.6751 0.4998
vn -0.0147 -0.8106 0.5854
vn -0.0008 -0.8356 0.5493
vn 0.0006 -0.8354 0.5496
vn 0.5308 -0.5990 0.5996
vn 0.3731 -0.4915 0.7869
vn 0.2884 -0.3300 0.8988
vn 0.6383 -0.3290 0.6959
vn 0.5622 -0.0005 0.8270
vn 0.5130 -0.1184 0.8502
vn 0.3539 0.0894 0.9310
vn 0.6893 -0.4632 0.5570
vn 0.5136 0.1575 0.8435
vn 0.3410 -0.4003 0.8506
vn 0.4660 0.2850 0.8376
vn 0.2911 -0.2069 0.9341
vn 0.5491 0.3029 0.7789
vn 0.2303 -0.1670 0.9587
vn -0.0038 -0.4590 0.8884
vn 0.0124 -0.4316 0.9020
vn -0.0044 -0.2728 0.9621
vn 0.0136 0.3633 0.9316
vn -0.3645 0.0610 0.9292
vn -0.3559 -0.0046 0.9345
vn -0.2970 -0.1405 0.9445
vn -0.3264 -0.2604 0.9086
vn -0.5144 -0.5948 0.6177
vn -0.5273 -0.5364 0.6589
vn -0.4944 -0.5121 0.7024
vn -0.5117 -0.6063 0.6088
vn -0.4911 -0.6503 0.5796
vn -0.5174 -0.6466 0.5606
vn -0.4512 -0.5899 0.6697
vn -0.4438 -0.5953 0.6699
vn -0.4513 -0.5979 0.6625
vn -0.4650 -0.6295 0.6225
vn -0.4905 -0.5759 0.6541
vn -0.4915 -0.5867 0.6435
vn -0.5283 -0.4724 0.7055
vn -0.5258 -0.4117 0.7443
vn -0.4856 -0.3395 0.8056
vn -0.5753 -0.3011 0.7605
vn -0.5053 -0.3131 0.8042
vn -0.3468 -0.2315 0.9089
vn -0.3164 -0.0818 0.9451
vn -0.2999 -0.0935 0.9494
vn -0.1815 -0.1663 0.9692
vn -0.1301 -0.0944 0.9870
vn -0.3159 -0.3788 0.8699
vn -0.0321 -0.3015 0.9529
vn 0.1012 -0.4108 0.9061
vn -0.1721 0.0173 0.9849
vn -0.1076 0.2097 0.9718
vn -0.1352 0.1368 0.9813
vn -0.1543 0.1793 0.9716
vn 0.1180 0.1203 0.9857
vn 0.0940 -0.0462 0.9945
vn -0.2518 -0.6580 0.7096
vn -0.4188 -0.6673 0.6158
vn -0.3751 -0.5446 0.7501
vn 0.0183 -0.5332 0.8458
vn 0.1060 -0.6487 0.7536
vn 0.3008 -0.6561 0.6921
vn 0.5957 -0.5797 0.5560
vn 0.5460 -0.6195 0.5640
vn 0.7485 -0.5320 0.3959
vn 0.6208 -0.6959 0.3610
vn -0.4863 -0.6675 0.5639
vn -0.4876 -0.6724 0.5568
vn -0.4851 -0.6685 0.5637
vn -0.4835 -0.6583 0.5769
vn -0.3895 -0.6890 0.6112
vn -0.0852 -0.7195 0.6893
vn -0.1789 -0.7034 0.6879
vn 0.0929 -0.6773 0.7299
vn -0.2132 -0.6801 0.7014
vn -0.2778 -0.8764 0.3934
vn 0.0951 -0.7527 0.6514
vn -0.4053 -0.7994 0.4436
vn -0.4493 -0.7254 0.5214
vn -0.3980 -0.7495 0.5289
vn -0.0905 -0.9923 0.0845
vn -0.0523 -0.9972 -0.0536
vn -0.0214 -0.9569 -0.2896
vn -0.0144 -0.9773 -0.2113
vn -0.0386 -0.9754 -0.2171
vn -0.0165 -0.9635 -0.2673
vn 0.0007 -0.9929 0.1188
vn -0.3767 -0.6879 -0.6204
vn 0.0973 -0.9538 0.2842
vn 0.1244 -0.6788 0.7237
vn 0.1262 -0.6611 0.7396
vn 0.1263 -0.6613 0.7394
vn 0.1262 -0.6612 0.7395
vn 0.1529 -0.6621 0.7337
vn 0.1530 -0.6620 0.7338
vn 0.1530 -0.6620 0.7337
vn 0.1168 -0.7197 0.6844
vn 0.3938 -0.6727 0.6265
vn 0.0073 -0.9779 0.2088
vn -0.0171 -0.9978 -0.0643
vn -0.3273 -0.8229 -0.4644
vn -0.3442 -0.7707 -0.5362
vn -0.5776 -0.2882 -0.7637
vn -0.4892 -0.4533 -0.7452
vn -0.4390 -0.5678 -0.6963
vn -0.3045 -0.5211 -0.7973
vn -0.5453 -0.5979 -0.5875
vn -0.3731 -0.6870 -0.6236
vn -0.2979 -0.7799 -0.5504
vn -0.2641 -0.7791 -0.5685
vn -0.3525 -0.7358 -0.5782
vn -0.5283 -0.6843 -0.5026
vn -0.0458 -0.8937 -0.4464
vn -0.2483 -0.8342 -0.4925
vn -0.1559 -0.8960 -0.4159
vn 0.0962 -0.9594 -0.2652
vn -0.1844 -0.9356 -0.3011
vn -0.3039 -0.8780 -0.3699
vn -0.3906 -0.8999 -0.1938
vn -0.5123 -0.7638 -0.3926
vn -0.3667 -0.8709 -0.3271
vn -0.4358 -0.8326 -0.3418
vn -0.3926 -0.8717 -0.2932
vn -0.5163 -0.8047 -0.2930
vn -0.3254 -0.9225 -0.2076
vn -0.3086 -0.9045 -0.2944
vn -0.0069 -0.8334 -0.5526
vn -0.2886 -0.7108 -0.6415
vn 0.5678 -0.7655 0.3028
vn 0.5559 -0.7879 0.2649
vn 0.5456 -0.7778 0.3121
vn -0.5544 -0.3490 -0.7555
vn -0.4080 -0.3597 -0.8391
vn -0.1733 -0.6964 -0.6964
vn -0.1222 -0.6140 -0.7798
vn -0.0718 -0.8102 -0.5818
vn 0.1464 -0.8947 -0.4220
vn 0.3374 -0.8979 -0.2826
vn 0.5376 -0.7891 -0.2971
vn 0.3517 -0.8385 -0.4163
vn 0.5428 -0.7596 -0.3583
vn 0.5412 -0.7889 -0.2911
vn 0.1613 -0.8126 -0.5601
vn 0.2475 -0.7466 -0.6175
vn 0.0620 -0.7359 -0.6743
vn 0.0085 -0.5608 -0.8279
vn -0.1177 -0.5116 -0.8511
vn -0.2319 -0.3230 -0.9175
vn -0.4190 -0.2378 -0.8763
vn -0.3595 -0.1665 -0.9182
vn -0.5164 -0.0547 -0.8546
vn -0.5632 -0.2370 -0.7916
vn -0.3903 -0.4429 -0.8072
vn -0.4965 0.0442 -0.8669
vn -0.4880 -0.1639 -0.8573
vn -0.2923 -0.0712 -0.9537
vn -0.0903 -0.2070 -0.9742
vn -0.0488 -0.3811 -0.9233
vn 0.0936 -0.1981 -0.9757
vn 0.1103 -0.3450 -0.9321
vn 0.2078 -0.5084 -0.8357
vn 0.1696 -0.6308 -0.7572
vn 0.4632 -0.7194 -0.5176
vn 0.2643 -0.6433 -0.7185
vn 0.3784 -0.6007 -0.7043
vn 0.3345 -0.4767 -0.8129
vn -0.0172 -0.0460 -0.9988
vn 0.4354 -0.3705 -0.8205
vn -0.0213 0.0683 -0.9974
vn -0.0183 0.1417 -0.9897
vn -0.0547 0.1214 -0.9911
vn -0.0482 0.0703 -0.9964
vn -0.0568 0.0735 -0.9957
vn 0.2802 -0.2349 -0.9308
vn -0.0378 0.1943 -0.9802
vn -0.0226 0.2862 -0.9579
vn -0.0010 0.2078 -0.9782
vn -0.0525 0.3220 -0.9453
vn 0.0077 0.4263 -0.9046
vn -0.0195 0.4582 -0.8886
vn 0.4043 -0.0856 -0.9106
vn 0.3166 -0.1137 -0.9417
vn -0.0526 0.1747 -0.9832
vn 0.5315 -0.5393 -0.6532
vn 0.4409 -0.5918 -0.6748
vn 0.3062 -0.6772 -0.6691
vn 0.4101 -0.4569 -0.7893
vn 0.3257 -0.4266 -0.8438
vn 0.4805 -0.4968 -0.7227
vn 0.3474 -0.2846 -0.8935
vn 0.4966 -0.3777 -0.7815
vn -0.0348 0.4163 -0.9086
vn -0.0186 0.4649 -0.8852
vn -0.0302 0.4320 -0.9014
vn 0.3316 0.2297 -0.9150
vn -0.0048 0.4469 -0.8945
vn -0.0109 0.5617 -0.8273
vn 0.5459 -0.1463 -0.8250
vn 0.4409 -0.2456 -0.8633
vn 0.2970 -0.1211 -0.9472
vn 0.3972 -0.0217 -0.9175
vn 0.2648 0.0672 -0.9620
vn 0.1133 0.0372 -0.9929
vn -0.0687 -0.0289 -0.9972
vn -0.2800 0.0507 -0.9587
vn -0.1480 0.1775 -0.9729
vn 0.1359 0.2474 -0.9593
vn -0.4202 0.1573 -0.8937
vn -0.1319 0.2878 -0.9485
vn -0.2243 0.3826 -0.8963
vn 0.1242 0.4353 -0.8917
vn 0.3007 0.3784 -0.8754
vn 0.4606 0.2436 -0.8535
vn 0.3639 0.1661 -0.9165
vn 0.5429 0.0657 -0.8372
vn 0.3565 0.3547 -0.8644
vn 0.3755 0.4696 -0.7990
vn 0.0042 0.6771 -0.7359
vn 0.0094 0.7998 -0.6001
vn 0.2829 0.6375 -0.7167
vn 0.5888 0.2298 -0.7749
vn 0.4926 0.3632 -0.7909
vn 0.0269 0.8864 -0.4621
vn -0.1561 0.8756 -0.4571
vn -0.2333 0.8310 -0.5050
vn -0.2008 0.9549 -0.2186
vn -0.3882 0.9171 -0.0901
vn -0.3450 0.9330 0.1028
vn -0.1363 0.9897 0.0441
vn 0.0087 -0.5659 -0.8244
vn 0.0006 -0.5439 -0.8392
vn 0.0016 -0.5438 -0.8392
vn 0.0392 -0.4161 -0.9085
vn -0.3312 -0.1231 -0.9355
vn -0.0111 -0.4859 -0.8739
vn 0.0488 -0.5632 -0.8249
vn 0.0391 -0.5303 -0.8469
vn 0.0420 -0.5640 -0.8247
vn 0.0008 -0.6639 -0.7479
vn -0.0014 -0.6635 -0.7482
vn -0.0025 -0.6341 -0.7732
vn -0.0120 -0.6636 -0.7480
vn 0.0135 -0.6906 -0.7231
vn 0.0027 -0.7517 -0.6595
vn -0.3591 -0.2906 -0.8869
vn 0.0299 -0.5483 -0.8357
vn 0.0370 -0.5490 -0.8350
vn 0.0168 -0.5947 -0.8038
vn -0.5489 0.1954 -0.8127
vn 0.0196 -0.8137 -0.5810
vn 0.0077 -0.7851 -0.6193
vn 0.0170 -0.8077 -0.5894
vn 0.0128 -0.7801 -0.6256
vn 0.0197 -0.7684 -0.6397
vn 0.0260 -0.8035 -0.5948
vn -0.3198 0.9090 -0.2675
vn 0.1091 -0.9336 0.3413
vn 0.2198 -0.9511 0.2169
vn 0.3477 0.7403 -0.5754
vn -0.2818 0.8023 -0.5262
vn 0.2959 0.8134 0.5009
vn 0.4609 0.8874 0.0118
vn 0.2931 0.8803 0.3730
vn 0.4157 0.9047 -0.0928
vn 0.2512 0.9022 0.3507
vn 0.0024 0.7490 0.6625
vn -0.0129 0.6752 0.7375
vn 0.0064 0.5472 0.8370
vn 0.3895 0.8942 -0.2207
vn 0.3089 0.9333 -0.1830
vn 0.2495 0.9473 0.2009
vn 0.4453 0.8948 0.0325
vn 0.4112 0.9091 0.0661
vn 0.3905 0.9203 0.0241
vn 0.0381 0.9950 -0.0919
vn -0.3598 0.9322 -0.0402
vn -0.1323 0.9804 -0.1459
vn -0.4072 0.9105 0.0725
vn -0.5443 0.8375 0.0487
vn -0.5355 0.8445 0.0056
vn -0.5809 0.8101 0.0789
vn -0.2011 0.6751 -0.7098
vn -0.4093 0.8961 -0.1717
vn -0.2695 0.9525 -0.1421
vn -0.1111 0.9272 -0.3576
vn -0.2627 0.9331 -0.2456
vn 0.0044 0.9659 -0.2588
vn 0.0804 0.9127 -0.4006
vn 0.0790 0.8565 -0.5101
vn -0.1446 0.8372 -0.5274
vn 0.1113 0.7649 -0.6345
vn 0.2706 0.7750 -0.5711
vn 0.2363 0.6538 -0.7188
vn 0.3882 0.6159 -0.6855
vn 0.2010 0.8779 -0.4346
vn 0.3558 0.8219 -0.4449
vn 0.3929 0.7480 -0.5348
vn 0.4384 0.7789 -0.4485
vn 0.5134 0.6374 -0.5746
vn 0.2575 0.9531 -0.1592
vn 0.3304 0.8963 -0.2956
vn 0.5122 0.4531 -0.7296
vn 0.3313 0.4992 -0.8006
vn 0.1466 0.6067 -0.7813
vn 0.0444 0.7068 -0.7060
vn 0.5020 0.3575 -0.7875
vn 0.3905 0.7744 -0.4978
vn 0.4134 0.6529 -0.6347
vn 0.5990 0.2974 -0.7435
vn 0.0847 0.9859 -0.1445
vn 0.0155 0.9855 -0.1689
vn 0.0146 0.9856 -0.1684
vn -0.0064 0.9753 -0.2208
vn 0.0207 0.9849 -0.1721
vn 0.0255 0.9574 -0.2878
vn 0.3291 0.6832 -0.6518
vn 0.2762 0.6347 -0.7217
vn 0.4415 0.3913 -0.8074
vn 0.1101 0.6877 -0.7176
vn 0.5265 0.2368 -0.8165
vn 0.5101 0.0607 -0.8580
vn 0.3305 0.3674 -0.8694
vn 0.0963 0.5216 -0.8477
vn -0.0676 0.6393 -0.7660
vn -0.1354 0.7321 -0.6676
vn -0.2424 0.8554 -0.4578
vn -0.2514 0.8418 -0.4777
vn -0.1859 0.8380 -0.5130
vn -0.3556 0.8734 -0.3328
vn -0.3552 0.8025 -0.4793
vn -0.4919 0.8109 -0.3171
vn -0.5573 0.8147 -0.1601
vn -0.5390 0.8236 -0.1763
vn -0.5169 0.8394 -0.1683
vn -0.5383 0.8034 -0.2544
vn -0.5632 0.7844 -0.2597
vn -0.5447 0.8126 -0.2074
vn -0.4663 0.8025 -0.3722
vn -0.4016 0.7404 -0.5391
vn -0.5205 0.7099 -0.4745
vn -0.3256 0.7294 -0.6016
vn -0.4937 0.6004 -0.6291
vn -0.3014 0.4581 -0.8362
vn -0.3336 0.6229 -0.7076
vn -0.4737 0.5285 -0.7045
vn -0.0073 0.4578 -0.8890
vn -0.1749 0.5851 -0.7919
vn -0.3455 0.4979 -0.7954
vn -0.1738 0.4692 -0.8658
vn 0.1767 0.2873 -0.9414
vn -0.1069 0.3121 -0.9440
vn 0.0811 0.1991 -0.9766
vn -0.2652 0.3878 -0.8828
vn -0.2972 0.2614 -0.9184
vn -0.4527 0.4248 -0.7840
vn -0.3093 0.2990 -0.9027
vn -0.3147 0.6030 -0.7330
vn -0.1983 0.5548 -0.8080
vn -0.0159 0.1763 -0.9842
vn 0.0038 0.2221 -0.9750
vn -0.0178 0.1771 -0.9840
vn -0.2860 0.2496 -0.9251
vn 0.0106 -0.2009 -0.9795
vn -0.0245 -0.1780 -0.9837
vn -0.0296 -0.1060 -0.9939
vn -0.0209 -0.1067 -0.9941
vn 0.0217 -0.3122 -0.9498
vn -0.2805 0.1046 -0.9541
vn -0.2841 0.0139 -0.9587
vn -0.4294 0.3197 -0.8446
vn -0.2870 -0.0905 -0.9536
vn -0.4622 0.2187 -0.8594
vn -0.3250 0.1208 -0.9380
vn -0.3797 -0.0187 -0.9249
vn -0.2043 -0.0981 -0.9740
vn -0.1796 0.0763 -0.9808
vn -0.0401 0.1455 -0.9885
vn -0.0351 -0.1840 -0.9823
vn -0.2383 -0.2279 -0.9441
vn -0.1023 -0.3299 -0.9385
vn 0.0733 -0.3227 -0.9437
vn -0.0460 -0.4780 -0.8772
vn 0.0628 -0.4287 -0.9013
vn 0.1432 -0.5449 -0.8262
vn 0.2882 -0.4908 -0.8222
vn 0.0558 -0.5871 -0.8076
vn 0.1774 -0.6678 -0.7229
vn 0.2951 -0.5999 -0.7437
vn 0.3374 -0.6955 -0.6344
vn 0.4416 -0.5766 -0.6875
vn 0.5262 -0.6251 -0.5765
vn 0.4740 -0.4635 -0.7486
vn 0.3145 -0.3262 -0.8915
vn 0.0352 0.0819 -0.9960
vn 0.0053 0.2238 -0.9746
vn 0.4029 -0.4823 -0.7779
vn 0.2744 -0.3724 -0.8866
vn 0.1592 -0.2015 -0.9665
vn 0.4634 -0.3637 -0.8080
vn 0.3854 -0.2395 -0.8911
vn -0.0053 0.0174 -0.9998
vn 0.1897 -0.0206 -0.9816
vn 0.2104 0.0818 -0.9742
vn 0.4181 -0.0210 -0.9081
vn 0.3903 0.1584 -0.9069
vn 0.3867 0.1105 -0.9155
vn 0.4535 -0.0919 -0.8865
vn 0.2742 -0.1485 -0.9501
vn 0.5111 -0.2424 -0.8246
vn 0.5333 -0.4481 -0.7175
vn 0.2907 0.0728 -0.9541
vn 0.3036 -0.0680 -0.9504
vn -0.0234 0.3301 -0.9436
vn -0.0154 0.4181 -0.9083
vn -0.0481 0.3918 -0.9188
vn -0.0408 0.3769 -0.9254
vn 0.0266 0.5080 -0.8609
vn 0.2916 0.1989 -0.9356
vn 0.0006 0.4873 -0.8732
vn 0.0112 0.6040 -0.7969
vn 0.0168 0.6846 -0.7287
vn -0.2015 0.8974 -0.3925
vn 0.0257 0.7977 -0.6025
vn 0.0082 0.8546 -0.5193
vn -0.2356 0.9573 -0.1674
vn -0.1654 0.9768 -0.1359
vn 0.0204 0.9090 -0.4164
vn -0.0095 0.9446 -0.3282
vn 0.0100 0.7879 -0.6157
vn -0.2088 0.9706 0.1200
vn -0.2636 0.9624 0.0660
vn -0.4384 0.7291 0.5255
vn -0.2565 0.9278 0.2710
vn -0.3689 0.8157 0.4455
vn 0.0118 0.9986 -0.0524
vn -0.5369 0.4622 0.7058
vn -0.4410 0.7475 0.4967
vn -0.4149 0.5486 0.7259
vn -0.3099 0.6650 0.6795
vn -0.3940 0.6229 0.6758
vn -0.3688 0.6619 0.6526
vn -0.3549 0.6392 0.6823
vn -0.2958 0.7429 0.6005
vn -0.3284 0.8058 0.4928
vn -0.1579 0.7899 0.5926
vn -0.1810 0.7304 0.6586
vn 0.0117 0.8001 0.5998
vn 0.0243 0.7468 0.6646
vn -0.1651 0.6118 0.7736
vn -0.4136 0.4689 0.7804
vn -0.2816 0.5060 0.8153
vn -0.3369 0.3773 0.8627
vn 0.0106 0.5786 0.8155
vn 0.2197 0.7703 0.5987
vn 0.3345 0.6929 0.6388
vn 0.3424 0.8131 0.4709
vn 0.4757 0.6988 0.5342
vn 0.4004 0.6187 0.6760
vn 0.1572 0.6270 0.7630
vn 0.2816 0.5894 0.7572
vn -0.1908 0.4061 0.8937
vn -0.3262 0.1875 0.9265
vn -0.1836 0.1731 0.9676
vn -0.0731 0.3390 0.9380
vn 0.1297 0.4153 0.9004
vn 0.0938 0.5256 0.8456
vn -0.0527 0.4130 0.9092
vn 0.0117 0.4822 0.8760
vn 0.0312 0.4305 0.9020
vn 0.1968 0.4983 0.8444
vn 0.5366 0.6060 0.5872
vn 0.5991 0.6083 0.5206
vn 0.5475 0.3787 0.7462
vn 0.4631 0.5447 0.6991
vn 0.3328 0.4399 0.8341
vn 0.4494 0.4070 0.7952
vn 0.4250 0.2294 0.8756
vn 0.0458 0.3231 0.9452
vn 0.2049 0.3104 0.9282
vn -0.0173 0.1920 0.9812
vn 0.3590 0.2371 0.9027
vn 0.5139 0.2233 0.8283
vn 0.2193 0.1249 0.9676
vn 0.4477 0.1116 0.8872
vn 0.5589 0.1264 0.8195
vn 0.5157 0.3944 0.7606
vn 0.5584 0.3728 0.7411
vn 0.5237 0.3626 0.7709
vn 0.3574 -0.0614 0.9320
vn 0.5447 0.0552 0.8368
vn 0.1234 -0.1998 0.9720
vn 0.1047 -0.3647 0.9252
vn 0.3202 -0.2809 0.9048
vn -0.0279 -0.4372 0.8989
vn -0.0185 -0.5319 0.8466
vn 0.4055 0.2357 0.8832
vn 0.3590 0.2926 0.8863
vn -0.3423 -0.9326 -0.1142
vn -0.0860 -0.9818 -0.1690
vn -0.3253 -0.9455 -0.0099
vn -0.1887 -0.9802 -0.0604
vn -0.4711 -0.8810 -0.0429
vn -0.3055 -0.8469 0.4353
vn -0.5355 -0.8440 0.0305
vn -0.3755 -0.9157 0.1431
vn -0.2144 -0.9504 0.2255
vn -0.5491 -0.8231 0.1448
vn -0.4358 -0.8625 0.2572
vn -0.0173 -0.5522 0.8335
vn -0.3605 -0.6627 0.6564
vn -0.5588 -0.7861 0.2642
vn -0.3184 -0.8928 0.3185
vn -0.1071 -0.9851 0.1343
vn -0.1987 -0.8917 0.4066
vn -0.0871 -0.9222 0.3768
vn -0.2237 -0.8049 0.5496
vn -0.4083 -0.7764 0.4800
vn -0.5031 -0.7859 0.3596
vn -0.3529 -0.6785 0.6443
vn -0.1479 -0.6832 0.7151
vn -0.0412 -0.7807 0.6235
vn 0.1397 -0.6588 0.7393
vn 0.0218 -0.6703 0.7417
vn -0.0145 -0.7194 0.6944
vn -0.0247 -0.6754 0.7370
vn 0.0574 -0.5508 0.8327
vn 0.1798 -0.4606 0.8692
vn -0.0793 -0.5709 0.8172
vn -0.2755 -0.5782 0.7680
vn 0.0634 -0.3955 0.9163
vn -0.1822 -0.4112 0.8931
vn 0.2391 -0.2522 0.9377
vn 0.3261 -0.3576 0.8751
vn 0.0346 -0.2409 0.9699
vn -0.2026 -0.3464 0.9159
vn -0.3755 -0.4004 0.8359
vn -0.1890 -0.5983 0.7786
vn -0.2626 -0.5871 0.7657
vn -0.2073 -0.5459 0.8118
vn -0.3858 -0.4452 0.8081
vn -0.4026 -0.6067 0.6855
vn -0.5098 -0.6063 0.6103
vn -0.5553 -0.6405 0.5304
vn -0.5608 -0.7113 0.4237
vn -0.5132 -0.5599 0.6505
vn -0.3467 -0.5465 0.7623
vn -0.0194 0.3057 0.9519
vn -0.0040 0.4424 0.8968
vn -0.0048 0.3831 0.9237
vn -0.0062 0.3204 0.9473
vn -0.0025 0.3904 0.9206
vn -0.0098 0.2469 0.9690
vn 0.0059 0.1775 0.9841
vn 0.0077 0.2398 0.9708
vn 0.0010 0.2259 0.9741
vn 0.0155 0.2676 0.9634
vn -0.2379 0.0165 0.9711
vn -0.6188 -0.5650 0.5458
vn -0.7091 -0.3114 0.6326
vn -0.0033 0.0570 0.9984
vn 0.0018 0.0485 0.9988
vn -0.6508 -0.5195 0.5537
vn -0.6633 -0.5453 0.5125
vn -0.6773 -0.5131 0.5273
vn -0.6420 -0.3922 0.6588
vn -0.6727 -0.3771 0.6366
vn -0.6451 -0.3546 0.6768
vn -0.6313 -0.4464 0.6342
vn -0.6104 -0.4610 0.6441
vn -0.6296 -0.4973 0.5969
vn -0.5850 -0.4033 0.7036
vn -0.3487 -0.0751 0.9342
vn -0.5668 -0.4407 0.6960
vn -0.5136 -0.4804 0.7109
vn -0.5607 -0.4637 0.6860
vn -0.4946 -0.4061 0.7684
vn -0.4055 -0.2663 0.8745
vn -0.2200 -0.1908 0.9567
vn -0.0135 -0.1050 0.9944
vn -0.1511 0.0014 0.9885
vn -0.4050 -0.0544 0.9127
vn -0.2943 0.0462 0.9546
vn 0.0545 0.0645 0.9964
vn -0.4342 0.2528 0.8646
vn -0.4884 0.0907 0.8679
vn -0.4843 0.3300 0.8103
vn -0.5803 0.1981 0.7900
vn -0.2871 0.8312 0.4762
vn -0.3907 0.7533 0.5290
vn -0.5043 0.3002 0.8097
vn -0.5666 0.2696 0.7786
vn -0.5058 0.3286 0.7976
vn -0.3986 0.7170 0.5719
vn 0.0122 0.9772 0.2119
vn 0.0747 0.9966 0.0345
vn 0.0795 0.9960 0.0414
vn 0.0246 0.9985 0.0496
vn 0.0206 0.9572 0.2887
vn 0.0172 0.9124 0.4089
vn -0.3283 0.6283 0.7053
vn -0.0748 0.7791 0.6225
vn 0.0052 0.8132 0.5819
vn -0.3430 0.5052 0.7920
vn -0.0230 0.9402 0.3400
vn 0.1231 0.9773 0.1722
vn 0.2177 0.9739 -0.0648
vn 0.2475 0.9683 0.0328
vn -0.0684 0.5660 0.8215
vn -0.3517 0.3538 0.8667
vn -0.5140 -0.1252 0.8486
vn -0.5564 -0.0490 0.8295
vn -0.5642 -0.2498 0.7870
vn -0.5060 -0.1129 0.8551
vn -0.3384 0.1917 0.9212
vn -0.1966 0.3361 0.9211
vn 0.3511 -0.7460 -0.5659
vn 0.5874 -0.8009 -0.1160
vn 0.4159 -0.8631 -0.2865
vn 0.2729 -0.9542 -0.1222
vn 0.5096 -0.8604 -0.0091
vn 0.1479 -0.9884 -0.0344
vn -0.0383 -0.9993 0.0043
vn 0.2079 -0.9720 0.1091
vn 0.1616 -0.9559 0.2451
vn 0.1614 -0.9090 0.3843
vn 0.0385 -0.8640 0.5020
vn 0.0217 -0.8924 0.4507
vn -0.0408 -0.8874 0.4591
vn 0.0660 -0.8629 0.5010
vn 0.1841 -0.7958 0.5769
vn 0.2618 -0.7053 0.6589
vn 0.3532 -0.6261 0.6952
vn 0.2907 -0.5342 0.7938
vn 0.4235 -0.4386 0.7926
vn 0.4216 -0.2090 0.8824
vn 0.5196 -0.3311 0.7877
vn 0.3615 -0.0265 0.9320
vn 0.1664 -0.0532 0.9846
vn 0.0260 -0.6134 0.7894
vn 0.1769 -0.5529 0.8143
vn -0.0217 -0.7367 0.6758
vn 0.2195 -0.5340 0.8165
vn 0.4705 -0.1532 0.8690
vn 0.5735 -0.0767 0.8156
vn 0.5001 -0.0706 0.8631
vn 0.5610 -0.2368 0.7932
vn 0.2244 -0.6603 0.7167
vn 0.0032 -0.8209 0.5710
vn -0.3330 -0.9329 0.1375
vn -0.0097 -0.8624 0.5061
vn 0.0039 -0.9157 0.4017
vn 0.0138 -0.8935 0.4489
vn 0.0057 -0.9158 0.4015
vn -0.0420 -0.9183 0.3936
vn 0.0094 -0.9712 0.2380
vn 0.3157 -0.7714 0.5525
vn 0.2595 -0.6994 0.6660
vn 0.5105 -0.4549 0.7297
vn 0.4622 -0.5298 0.7111
vn 0.3143 -0.7951 0.5187
vn 0.3261 -0.8182 0.4735
vn 0.4173 -0.7165 0.5590
vn 0.4649 -0.6081 0.6435
vn 0.2972 -0.8925 0.3394
vn 0.0012 -1.0000 0.0080
vn -0.0174 -0.9997 0.0188
vn -0.0265 -0.9969 0.0738
vn -0.0281 -0.9996 -0.0079
vn -0.0236 -0.9977 -0.0639
vn -0.0550 -0.9985 0.0045
vn -0.0256 -0.9873 -0.1568
vn -0.0397 -0.9772 -0.2084
vn 0.0033 -0.9517 -0.3071
vn -0.0537 -0.9555 -0.2901
vn 0.2291 -0.9548 0.1896
vn -0.0315 -0.8901 -0.4546
vn 0.0208 -0.9067 -0.4212
vn 0.2677 -0.9634 0.0142
vn 0.2921 -0.9511 -0.1009
vn -0.0108 -0.8079 -0.5893
vn 0.0386 -0.8063 -0.5902
vn -0.1809 -0.4585 -0.8701
vn 0.0050 -0.7373 -0.6755
vn -0.2069 -0.4727 -0.8566
vn -0.2735 -0.6183 -0.7368
vn -0.4694 -0.0418 -0.8820
vn -0.4570 0.0415 -0.8885
vn -0.3438 -0.1318 -0.9298
vn -0.0903 -0.4991 -0.8618
vn 0.0047 -0.4852 -0.8744
vn -0.0350 -0.3921 -0.9193
vn 0.0489 -0.5342 -0.8439
vn -0.0194 -0.5459 -0.8376
vn 0.0053 -0.6352 -0.7723
vn 0.0044 -0.0366 0.9993
vn 0.0017 -0.0754 0.9971
vn 0.0081 -0.0757 0.9971
vn -0.0002 -0.0776 0.9970
vn 0.0084 -0.0396 0.9992
vn 0.0061 -0.0316 0.9995
vn 0.1998 0.9763 -0.0830
vn 0.2088 0.9514 -0.2262
vn 0.1969 0.9306 -0.3085
vn 0.3089 0.9040 -0.2958
vn 0.4103 0.8271 -0.3841
vn 0.3830 0.8450 -0.3733
vn 0.3748 0.8391 -0.3943
vn 0.2136 0.8409 -0.4973
vn 0.2586 0.8381 -0.4804
vn 0.2158 0.8635 -0.4558
vn 0.5311 -0.8300 0.1702
vn 0.3865 -0.9205 0.0578
vn 0.4803 -0.8743 -0.0707
vn 0.4316 -0.8677 0.2467
vn 0.3532 -0.8798 0.3180
vn 0.3284 -0.8363 0.4391
vn 0.3550 -0.7497 0.5585
vn 0.4597 -0.7165 0.5246
vn 0.4449 -0.7951 0.4122
vn 0.3355 -0.9175 -0.2139
vn 0.1869 -0.8639 -0.4677
vn -0.0194 -0.7165 -0.6973
vn -0.0312 -0.6945 -0.7189
vn -0.0247 -0.7163 -0.6974
vn 0.0287 0.9994 -0.0180
vn -0.0688 0.7147 -0.6961
vn -0.0231 0.7194 -0.6942
vn -0.0566 0.7288 -0.6824
vn 0.0141 0.7482 -0.6633
vn 0.0029 0.7250 -0.6887
vn 0.0101 0.7620 -0.6475
vn 0.0140 0.7540 -0.6567
vn 0.2634 0.3347 -0.9048
vn 0.4499 -0.0147 -0.8930
vn 0.0391 -0.9886 -0.1454
vn 0.0148 -0.9935 -0.1133
vn 0.0096 -0.9958 -0.0916
vn 0.0258 -0.9879 -0.1528
vn -0.0317 -0.9958 0.0862
vn 0.0427 -0.9899 0.1353
vn 0.0083 -0.9993 0.0364
vn 0.0156 -0.9992 0.0366
vn 0.0122 -0.9971 0.0754
vn 0.0293 -0.9986 -0.0443
vn -0.0014 -0.9999 -0.0150
vn 0.0805 -0.9960 -0.0388
vn 0.0144 -0.9977 0.0660
vn 0.0006 -0.9996 0.0289
vn 0.0025 -0.9998 0.0199
vn -0.2784 -0.7785 -0.5625
vn -0.3133 -0.8245 -0.4712
vn -0.3116 -0.8757 -0.3688
vn -0.3024 -0.9263 -0.2248
vn -0.1206 -0.9667 0.2258
vn -0.2835 -0.9521 -0.1142
vn -0.3138 -0.9409 -0.1276
vn -0.3095 -0.9499 -0.0438
vn -0.5042 -0.7608 -0.4085
vn -0.5358 -0.6655 -0.5197
vn -0.4384 -0.7536 -0.4898
vn -0.3987 -0.6901 -0.6041
vn -0.3247 -0.8151 -0.4798
vn -0.2427 -0.7870 -0.5672
vn -0.4983 -0.5600 -0.6619
vn -0.5115 -0.4379 -0.7393
vn -0.3363 -0.5217 -0.7840
vn -0.4701 -0.3682 -0.8021
vn -0.3314 -0.6898 -0.6437
vn -0.3076 -0.3731 -0.8753
vn -0.2978 -0.6396 -0.7087
vn -0.2398 -0.5976 -0.7651
vn -0.1516 -0.7472 -0.6471
vn -0.0195 -0.6921 -0.7215
vn 0.0230 -0.7961 -0.6047
vn 0.1682 -0.7773 -0.6063
vn -0.1806 -0.4763 -0.8605
vn -0.0769 -0.6308 -0.7722
vn -0.1356 -0.6248 -0.7689
vn -0.1015 -0.6666 -0.7385
vn -0.3497 -0.1616 -0.9228
vn -0.4979 -0.2674 -0.8250
vn -0.4581 -0.1520 -0.8758
vn -0.5101 -0.3327 -0.7931
vn -0.5066 -0.1353 -0.8515
vn 0.5107 0.7410 0.4361
vn 0.3594 0.3914 0.8471
vn 0.5936 0.7026 0.3923
vn 0.3282 0.4710 0.8188
vn 0.3381 0.5980 0.7267
vn 0.1775 0.8649 0.4696
vn -0.0012 0.8714 0.4905
vn 0.0981 0.9291 0.3566
vn 0.2146 0.9436 0.2521
vn 0.0614 0.9802 0.1883
vn 0.2766 0.9609 0.0154
vn 0.3171 0.8967 0.3088
vn 0.3235 0.9335 0.1544
vn 0.4135 0.8484 0.3304
vn 0.4524 0.8665 0.2109
vn 0.5284 0.7939 0.3008
vn 0.2914 0.6663 0.6863
vn 0.5211 0.8362 0.1708
vn 0.5604 0.8180 0.1298
vn 0.5521 0.8181 0.1610
vn 0.4301 0.8986 0.0869
vn 0.5320 0.8432 0.0774
vn 0.4968 0.8672 0.0332
vn 0.0693 0.9974 -0.0193
vn 0.2717 0.9542 -0.1251
vn 0.4623 0.8779 -0.1243
vn 0.3269 0.9155 -0.2344
vn 0.5018 0.8400 -0.2066
vn 0.4242 0.8478 -0.3182
vn 0.2589 0.8929 -0.3684
vn 0.4158 0.8000 -0.4326
vn 0.2708 0.8405 -0.4694
vn 0.2601 0.9648 0.0377
vn 0.4834 0.7770 -0.4033
vn 0.3432 0.7357 -0.5839
vn 0.4927 0.6855 -0.5361
vn 0.4852 0.5829 -0.6518
vn 0.5536 0.6307 -0.5438
vn 0.5537 0.6608 -0.5067
vn 0.5488 0.6371 -0.5412
vn 0.2942 0.9557 -0.0066
vn 0.2323 0.9691 -0.0826
vn 0.3197 0.8669 -0.3824
vn -0.0043 0.9968 0.0794
vn -0.0060 0.9974 -0.0713
vn -0.0049 0.9646 0.2636
vn 0.2692 0.9395 0.2117
vn 0.3146 0.9050 0.2862
vn 0.3306 0.8466 0.4171
vn 0.3430 0.7883 0.5108
vn 0.3387 0.7690 0.5421
vn -0.0186 0.5339 0.8454
vn -0.0090 0.3894 0.9210
vn -0.0255 0.2581 0.9658
vn -0.0121 0.0295 0.9995
vn -0.0136 -0.0629 0.9979
vn -0.0018 0.1540 0.9881
vn 0.0033 -0.1780 0.9840
vn 0.0286 -0.1442 0.9891
vn -0.0256 -0.1903 0.9814
vn 0.0101 -0.1476 0.9890
vn -0.0060 -0.2732 0.9619
vn -0.0314 -0.2466 0.9686
vn -0.0212 -0.1838 0.9827
vn -0.0209 -0.1839 0.9827
vn -0.0372 -0.3515 0.9354
vn -0.0312 -0.4014 0.9154
vn -0.0192 -0.3949 0.9185
vn -0.3363 -0.6347 0.6957
vn -0.2929 -0.7046 0.6464
vn -0.1620 -0.7009 0.6947
vn -0.3469 -0.8323 0.4323
vn -0.4995 -0.8187 0.2831
vn -0.3544 -0.5930 0.7230
vn -0.3887 -0.4471 0.8056
vn -0.5697 -0.6800 0.4616
vn -0.0069 -0.0724 0.9974
vn -0.5298 -0.7669 0.3621
vn -0.5553 -0.8195 0.1414
vn -0.5487 -0.7824 0.2947
vn -0.4840 -0.8265 0.2874
vn -0.5363 -0.8107 0.2349
vn -0.4303 -0.8951 0.1168
vn -0.3368 -0.8943 0.2945
vn -0.3872 -0.8043 0.4507
vn -0.5889 -0.5852 0.5574
vn -0.3561 -0.2958 0.8864
vn 0.0049 0.0309 0.9995
vn -0.3020 -0.1209 0.9456
vn -0.6109 -0.4371 0.6601
vn -0.2443 -0.0205 0.9695
vn -0.2833 0.0762 0.9560
vn 0.0001 0.4528 0.8916
vn -0.3369 0.3434 0.8767
vn -0.2030 0.2411 0.9490
vn -0.5572 -0.4663 0.6871
vn -0.4684 -0.5371 0.7015
vn -0.4530 -0.6276 0.6332
vn -0.3143 -0.7573 0.5725
vn -0.2819 -0.6071 0.7429
vn -0.1497 -0.6587 0.7374
vn -0.2198 -0.4152 0.8828
vn -0.4345 -0.4208 0.7963
vn -0.4416 -0.3262 0.8358
vn -0.5695 -0.3496 0.7440
vn -0.5175 -0.0119 0.8556
vn -0.6779 -0.3095 0.6669
vn -0.6906 -0.3366 0.6401
vn -0.6577 -0.3443 0.6699
vn -0.5547 -0.2152 0.8037
vn -0.6376 -0.1784 0.7494
vn -0.3693 -0.1516 0.9168
vn -0.2521 -0.2534 0.9339
vn -0.0966 -0.1410 0.9853
vn -0.2236 -0.0702 0.9721
vn -0.0204 -0.2602 0.9653
vn 0.0663 -0.3739 0.9251
vn -0.0797 -0.4934 0.8661
vn 0.0094 -0.6154 0.7882
vn 0.1210 -0.5024 0.8561
vn -0.0602 -0.7467 0.6625
vn -0.1986 -0.8639 0.4628
vn -0.3161 -0.9310 0.1827
vn -0.0028 -0.8856 0.4645
vn -0.0640 -0.9324 0.3557
vn 0.0737 -0.8333 0.5479
vn -0.1231 -0.9818 0.1447
vn -0.1652 -0.9699 0.1787
vn -0.1134 -0.9727 0.2025
vn -0.3773 -0.9261 -0.0047
vn -0.1896 -0.9769 0.0986
vn -0.2893 -0.9560 -0.0489
vn -0.1199 -0.9928 0.0054
vn -0.1873 -0.9689 -0.1619
vn 0.0535 -0.9945 -0.0897
vn 0.0150 -0.9962 0.0861
vn 0.1058 -0.9815 -0.1598
vn -0.1259 -0.9472 -0.2948
vn 0.1290 -0.9904 0.0491
vn 0.1291 -0.9726 0.1934
vn 0.0039 -0.9734 0.2292
vn 0.1702 -0.9370 0.3050
vn 0.1829 -0.8835 0.4313
vn 0.3406 -0.8505 0.4008
vn 0.2545 -0.7598 0.5983
vn 0.3550 -0.7734 0.5252
vn 0.4692 -0.7270 0.5012
vn 0.4745 -0.7839 0.4004
vn 0.2368 -0.9221 0.3059
vn 0.2429 -0.9398 0.2405
vn 0.1940 -0.9635 0.1842
vn 0.4069 -0.8742 0.2651
vn 0.1448 -0.9895 0.0009
vn 0.0783 -0.9952 0.0586
vn 0.1271 -0.9894 0.0707
vn 0.5311 -0.7969 0.2878
vn 0.5765 -0.7363 0.3543
vn 0.5510 -0.6259 0.5519
vn 0.3642 -0.9302 0.0450
vn 0.4983 -0.5931 0.6324
vn 0.1768 -0.6621 0.7283
vn 0.3699 -0.6218 0.6903
vn 0.3274 -0.5324 0.7806
vn 0.5257 -0.7350 0.4282
vn 0.3989 -0.9061 0.1407
vn 0.0983 -0.9949 -0.0226
vn 0.3494 -0.9233 -0.1594
vn 0.4556 -0.8707 0.1855
vn 0.3234 -0.9160 0.2373
vn 0.2646 -0.9614 0.0756
vn 0.3459 -0.9043 -0.2502
vn 0.4441 -0.8943 0.0544
vn 0.5197 -0.8488 -0.0974
vn 0.2703 -0.7883 -0.5528
vn 0.0173 -0.6390 -0.7690
vn -0.0247 -0.7784 -0.6272
vn -0.0181 -0.7006 -0.7133
vn -0.0392 -0.7593 -0.6496
vn -0.0413 -0.7585 -0.6504
vn -0.0353 -0.7331 -0.6792
vn -0.0540 -0.9107 -0.4095
vn -0.0117 -0.8359 -0.5487
vn 0.0145 -0.6438 -0.7651
vn 0.0800 -0.5856 -0.8066
vn -0.0314 -0.5433 -0.8389
vn -0.0246 -0.5253 -0.8506
vn -0.0060 -0.5773 -0.8165
vn 0.4577 -0.8342 -0.3076
vn 0.3978 -0.9124 -0.0965
vn 0.2458 -0.9654 -0.0866
vn 0.2062 -0.9524 -0.2246
vn 0.4291 -0.7914 -0.4354
vn 0.4698 -0.8597 -0.2005
vn 0.4056 -0.7310 -0.5487
vn 0.0741 -0.4436 -0.8931
vn -0.0029 -0.3464 -0.9381
vn 0.0139 -0.4910 -0.8711
vn -0.0001 -0.2378 -0.9713
vn -0.0569 -0.2738 -0.9601
vn -0.0212 -0.3294 -0.9439
vn -0.0380 -0.3297 -0.9433
vn 0.3474 -0.5687 -0.7456
vn 0.5136 -0.8064 -0.2932
vn 0.3029 -0.8890 -0.3434
vn 0.0442 -0.9204 -0.3885
vn -0.1895 -0.8825 -0.4304
vn -0.0687 -0.8624 -0.5016
vn -0.3676 -0.8475 -0.3830
vn -0.3242 -0.9067 -0.2698
vn -0.4725 -0.8321 -0.2905
vn 0.1766 -0.8673 -0.4654
vn 0.3152 -0.8240 -0.4709
vn 0.4457 -0.7643 -0.4660
vn 0.5136 -0.6936 -0.5051
vn 0.6297 -0.6908 -0.3554
vn 0.0870 -0.1370 -0.9867
vn 0.1443 -0.1600 -0.9765
vn 0.0028 0.0094 -1.0000
vn -0.0147 0.0829 -0.9965
vn 0.0007 0.0746 -0.9972
vn -0.0389 0.0557 -0.9977
vn 0.0275 0.3846 -0.9227
vn -0.1614 0.7054 -0.6902
vn -0.0186 0.1722 -0.9849
vn -0.0002 0.2040 -0.9790
vn 0.0090 0.1996 -0.9798
vn -0.0125 0.0447 -0.9989
vn -0.0197 0.0924 -0.9955
vn -0.0127 0.1004 -0.9949
vn 0.0048 -0.0733 -0.9973
vn -0.0356 -0.2030 -0.9785
vn -0.0506 -0.1167 -0.9919
vn -0.0412 -0.1149 -0.9925
vn -0.3272 0.1488 -0.9332
vn -0.3393 0.3098 -0.8882
vn -0.2973 0.3161 -0.9009
vn 0.0157 0.0990 -0.9950
vn 0.0171 0.2458 -0.9692
vn -0.3303 0.4326 -0.8389
vn -0.5790 0.6023 -0.5495
vn -0.3376 0.5536 -0.7613
vn -0.5234 0.7185 -0.4580
vn -0.5350 0.6876 -0.4909
vn -0.4477 0.6612 -0.6020
vn -0.5748 0.5888 -0.5683
vn -0.5264 0.5447 -0.6528
vn -0.4644 0.5157 -0.7200
vn -0.3322 0.5543 -0.7632
vn -0.5286 0.3531 -0.7719
vn -0.3100 0.1114 -0.9442
vn -0.4805 0.4188 -0.7705
vn 0.0049 -0.2817 -0.9595
vn 0.0190 -0.4198 -0.9074
vn -0.1636 -0.1456 -0.9757
vn -0.2766 -0.2435 -0.9296
vn -0.4507 -0.1208 -0.8845
vn -0.3427 0.0277 -0.9390
vn -0.4954 0.2759 -0.8237
vn -0.2862 0.3598 -0.8880
vn -0.3283 0.2064 -0.9217
vn -0.5288 0.1640 -0.8328
vn -0.4874 0.1593 -0.8585
vn -0.4953 0.1965 -0.8462
vn -0.4794 0.0870 -0.8733
vn -0.3338 -0.3678 -0.8680
vn 0.0284 -0.6280 -0.7777
vn 0.0177 -0.6701 -0.7421
vn 0.0223 -0.6278 -0.7780
vn 0.0127 -0.8040 -0.5944
vn 0.0081 -0.7422 -0.6702
vn 0.0219 -0.8735 -0.4863
vn -0.0170 -0.9579 -0.2866
vn -0.0104 -0.9300 -0.3674
vn -0.0355 -0.9179 -0.3951
vn -0.0350 -0.9095 -0.4142
vn -0.3003 -0.6483 -0.6997
vn -0.2816 -0.5528 -0.7843
vn -0.5014 -0.1769 -0.8469
vn -0.4601 -0.0658 -0.8854
vn -0.3926 0.0161 -0.9196
vn -0.3337 -0.2481 -0.9094
vn -0.2608 -0.0546 -0.9638
vn -0.2332 0.1313 -0.9635
vn -0.0550 0.1088 -0.9925
vn -0.1179 -0.0562 -0.9914
vn -0.1350 0.2884 -0.9479
vn -0.3844 0.4095 -0.8274
vn -0.3928 0.3668 -0.8433
vn -0.3346 0.3911 -0.8574
vn -0.1481 0.4439 -0.8837
vn -0.2805 0.6817 -0.6758
vn -0.1793 0.5741 -0.7989
vn -0.0282 0.4671 -0.8838
vn 0.0250 0.5475 -0.8365
vn -0.1152 0.6441 -0.7562
vn 0.0969 0.3027 -0.9481
vn 0.0299 0.1748 -0.9842
vn 0.1046 -0.0894 -0.9905
vn 0.1680 0.0569 -0.9841
vn 0.2729 -0.0489 -0.9608
vn -0.1228 -0.1438 -0.9820
vn 0.0914 -0.2139 -0.9726
vn 0.0242 -0.3119 -0.9498
vn -0.1366 -0.3693 -0.9192
vn 0.1330 -0.4450 -0.8856
vn -0.2656 -0.3949 -0.8795
vn 0.2430 -0.3535 -0.9033
vn 0.3085 -0.2592 -0.9153
vn 0.4016 -0.2026 -0.8931
vn 0.5324 -0.3080 -0.7885
vn 0.4799 -0.4102 -0.7755
vn 0.3643 -0.0709 -0.9286
vn 0.4948 -0.1837 -0.8494
vn 0.4883 -0.0475 -0.8714
vn 0.4299 -0.0231 -0.9026
vn 0.3561 0.3678 -0.8590
vn 0.4163 0.2279 -0.8802
vn -0.0107 0.7225 -0.6913
vn 0.0068 0.7962 -0.6050
vn 0.3337 0.5498 -0.7657
vn 0.0034 0.8793 -0.4762
vn 0.3461 0.4342 -0.8316
vn -0.0071 0.9818 -0.1895
vn -0.0018 0.9898 -0.1427
vn 0.3348 0.8294 -0.4473
vn 0.2984 0.7636 -0.5726
vn 0.2977 0.7402 -0.6029
vn 0.4973 0.3564 -0.7910
vn 0.5452 0.4516 -0.7062
vn 0.3408 0.5652 -0.7512
vn 0.2054 0.8467 -0.4909
vn 0.1128 0.9094 -0.4004
vn 0.0187 0.9602 -0.2788
vn 0.0686 0.9816 -0.1783
vn -0.0813 0.9962 -0.0324
vn -0.1233 0.9765 0.1771
vn -0.1015 0.9274 0.3600
vn -0.2189 0.8343 0.5059
vn -0.2933 0.8686 0.3995
vn -0.4779 0.7640 0.4335
vn -0.4915 0.7903 0.3660
vn -0.4987 0.7582 0.4200
vn -0.3258 0.9028 0.2809
vn -0.4083 0.8589 0.3092
vn -0.0774 0.7385 -0.6698
vn -0.3152 0.9144 -0.2538
vn -0.3160 0.6529 -0.6884
vn -0.0477 0.5450 -0.8371
vn -0.4602 0.8236 -0.3316
vn -0.4767 0.8790 0.0070
vn -0.4795 0.8693 0.1196
vn -0.4471 0.8938 0.0363
vn -0.3355 0.9319 0.1379
vn -0.2882 0.9483 0.1328
vn -0.3154 0.9310 0.1838
vn -0.2218 0.9698 0.1018
vn -0.3725 0.9275 0.0325
vn -0.1786 0.9792 -0.0964
vn -0.3017 0.9431 -0.1399
vn -0.4499 0.8874 -0.1008
vn -0.1914 0.9472 -0.2571
vn -0.3484 0.9112 -0.2201
vn -0.3947 0.8718 -0.2901
vn -0.3471 0.8719 -0.3455
vn -0.3275 0.8977 -0.2947
vn -0.4995 0.8366 -0.2251
vn -0.4799 0.8101 -0.3370
vn -0.4010 0.6378 -0.6576
vn 0.0017 0.1456 -0.9893
vn -0.0066 0.1426 -0.9898
vn -0.0058 0.1910 -0.9816
vn -0.5309 0.7897 -0.3073
vn -0.5390 0.7998 -0.2641
vn -0.5800 0.7630 -0.2853
vn -0.3225 0.8589 -0.3978
vn -0.3360 0.8007 -0.4959
vn -0.1169 0.8499 -0.5138
vn -0.1337 0.9244 -0.3573
vn -0.1868 0.9082 -0.3747
vn -0.1255 0.8988 -0.4200
vn -0.0191 0.9068 -0.4212
vn 0.0442 0.8279 -0.5592
vn 0.0225 0.7762 -0.6301
vn 0.2123 0.6855 -0.6964
vn 0.3640 0.5589 -0.7450
vn 0.3302 0.5260 -0.7838
vn 0.3997 0.5070 -0.7636
vn 0.3692 0.3768 -0.8495
vn 0.5439 0.2563 -0.7991
vn 0.1941 0.5351 -0.8222
vn -0.1634 0.7780 -0.6066
vn 0.0381 0.6780 -0.7341
vn -0.3409 -0.9006 0.2696
vn -0.4974 -0.8598 -0.1155
vn -0.3996 -0.9019 -0.1640
vn 0.0160 -0.8086 0.5882
vn -0.0191 -0.7862 0.6177
vn 0.0060 -0.8116 0.5842
vn -0.0137 0.6620 0.7493
vn -0.4043 0.3632 0.8394
vn -0.6511 -0.1450 0.7450
vn -0.5459 0.2273 0.8064
vn -0.0295 0.7340 0.6785
vn -0.0342 0.8089 0.5870
vn 0.0023 0.8038 0.5949
vn -0.0125 0.7630 0.6463
vn -0.0038 0.7630 0.6463
vn -0.5982 -0.0173 0.8012
vn -0.5222 -0.0867 0.8484
vn -0.3497 -0.0190 0.9367
vn -0.4832 0.0478 0.8742
vn -0.2461 0.1352 0.9598
vn -0.3223 0.5437 0.7749
vn -0.0072 0.8988 0.4383
vn -0.3489 0.5164 0.7820
vn -0.0287 0.8858 0.4632
vn -0.3260 0.6824 0.6543
vn -0.2785 0.7994 0.5323
vn -0.5083 0.1808 0.8420
vn -0.5472 0.2120 0.8097
vn -0.4137 0.3305 0.8483
vn -0.3366 0.2498 0.9079
vn -0.1762 0.4257 0.8876
vn -0.1185 0.2711 0.9552
vn -0.0567 0.0168 0.9983
vn 0.1114 0.0586 0.9920
vn 0.0832 0.2068 0.9748
vn 0.0404 0.3619 0.9314
vn -0.0399 0.5159 0.8557
vn 0.1004 0.5320 0.8408
vn -0.1791 0.5774 0.7966
vn -0.3173 0.4504 0.8345
vn -0.4739 0.3892 0.7899
vn -0.3461 0.5770 0.7398
vn -0.5443 0.5274 0.6524
vn -0.3280 0.8286 0.4538
vn -0.4975 0.4919 0.7145
vn -0.5636 0.5063 0.6526
vn -0.4943 0.5782 0.6491
vn -0.3380 0.8632 0.3750
vn 0.2806 -0.4171 0.8644
vn 0.1781 -0.0593 0.9822
vn 0.3210 0.0617 0.9451
vn 0.2291 0.1775 0.9571
vn 0.2334 0.3188 0.9186
vn 0.4994 0.1258 0.8572
vn 0.4129 0.2120 0.8858
vn 0.3740 0.3766 0.8475
vn 0.2456 0.4886 0.8373
vn 0.4310 0.4658 0.7728
vn 0.4901 0.3522 0.7973
vn 0.5168 0.2591 0.8160
vn 0.4926 0.4676 0.7339
vn 0.2076 -0.1174 0.9711
vn 0.2934 -0.1759 0.9397
vn 0.4615 -0.0720 0.8842
vn 0.5419 0.0325 0.8398
vn 0.2565 -0.1822 0.9492
vn 0.5722 -0.1217 0.8110
vn 0.3224 -0.4119 0.8523
vn 0.5889 -0.0330 0.8076
vn 0.5480 0.0061 0.8365
vn 0.5667 0.0399 0.8230
vn 0.3232 -0.2699 0.9070
vn 0.2948 -0.5905 0.7512
vn -0.0146 -0.8074 0.5898
vn -0.0039 -0.8859 0.4639
vn 0.5035 -0.4134 0.7586
vn 0.5390 -0.2089 0.8160
vn 0.4056 -0.6748 0.6165
vn 0.3897 -0.2435 0.8882
vn -0.0507 -0.8901 0.4529
vn -0.0154 -0.9165 0.3997
vn -0.0093 -0.9160 0.4012
vn 0.3366 -0.7312 0.5933
vn 0.0172 -0.9378 0.3468
vn 0.0010 -0.9839 0.1789
vn -0.0274 -0.9996 0.0107
vn -0.2842 -0.9339 -0.2171
vn -0.0359 -0.9981 -0.0502
vn -0.2799 -0.9123 -0.2989
vn -0.2923 -0.8798 -0.3748
vn -0.0098 -0.9888 -0.1489
vn -0.3170 -0.8136 -0.4874
vn -0.4829 -0.5179 -0.7061
vn -0.4325 -0.4522 -0.7800
vn -0.3035 -0.7485 -0.5897
vn 0.3597 -0.8205 0.4443
vn 0.3240 -0.8015 0.5026
vn 0.1790 -0.9238 0.3384
vn 0.5909 -0.3185 0.7412
vn 0.5249 -0.4618 0.7150
vn 0.4737 -0.3580 0.8047
vn 0.5559 -0.5672 0.6077
vn 0.4306 -0.6377 0.6387
vn 0.4956 -0.5978 0.6301
vn 0.4953 -0.6401 0.5873
vn 0.4087 -0.4669 0.7842
vn 0.0163 -0.9466 -0.3219
vn -0.4210 -0.3206 -0.8485
vn -0.4609 -0.2932 -0.8376
vn -0.4822 -0.2463 -0.8408
vn -0.5227 -0.2917 -0.8011
vn -0.2708 -0.5408 -0.7964
vn 0.1602 0.4309 -0.8881
vn 0.2995 0.3149 -0.9006
vn 0.4538 0.2165 -0.8644
vn 0.2679 0.1633 -0.9495
vn 0.4130 0.0974 -0.9055
vn 0.5646 -0.0318 -0.8248
vn 0.5262 0.0323 -0.8498
vn 0.3655 0.6309 -0.6843
vn -0.0217 0.9581 -0.2855
vn 0.3380 0.7010 -0.6280
vn -0.0237 -0.6458 0.7631
vn -0.0217 -0.5324 0.8462
vn -0.0452 -0.7093 0.7034
vn 0.4942 0.4104 0.7664
vn 0.4768 0.4274 0.7681
vn 0.4983 0.4241 0.7562
vn 0.3122 0.1486 0.9383
vn 0.5234 0.5411 0.6582
vn 0.3897 0.5666 0.7260
vn 0.1729 0.6098 0.7735
vn 0.4168 0.6397 0.6458
vn 0.5240 0.6385 0.5637
vn 0.0979 0.6588 0.7459
vn 0.2356 0.7382 0.6321
vn -0.0277 0.6462 0.7627
vn 0.1536 0.8025 0.5765
vn 0.4016 0.7177 0.5689
vn 0.4794 0.7524 0.4518
vn 0.3737 0.2209 0.9009
vn 0.3748 0.3237 0.8687
vn -0.0023 -0.0678 0.9977
vn -0.0300 -0.1057 0.9939
vn -0.0334 -0.1700 0.9849
vn -0.0359 -0.1709 0.9846
vn -0.0074 -0.4326 0.9016
vn 0.0164 -0.5436 0.8392
vn -0.3455 -0.6847 0.6417
vn -0.5170 -0.6418 0.5664
vn -0.5945 -0.7032 0.3900
vn -0.3800 -0.5355 0.7542
vn 0.0433 -0.2864 0.9571
vn 0.0117 -0.2339 0.9722
vn 0.0235 -0.2394 0.9706
vn 0.0074 -0.3167 0.9485
vn 0.0053 -0.2164 0.9763
vn 0.0096 -0.0967 0.9953
vn -0.0139 -0.2783 0.9604
vn -0.0073 -0.3337 0.9427
vn -0.0251 -0.3320 0.9430
vn -0.0218 0.0409 0.9989
vn 0.3691 0.4468 0.8149
vn 0.0169 0.0743 0.9971
vn -0.0235 0.2235 0.9744
vn 0.3053 0.5685 0.7639
vn -0.0354 0.3600 0.9323
vn 0.3044 0.6671 0.6799
vn 0.0008 0.5186 0.8550
vn 0.0109 0.4345 0.9006
vn 0.3423 0.7840 0.5179
vn -0.0270 0.6349 0.7721
vn 0.2969 0.8575 0.4201
vn 0.4960 0.8681 -0.0202
vn 0.5825 0.7948 0.1702
vn 0.4786 0.8779 0.0183
vn 0.4575 0.8807 0.1224
vn 0.4004 0.9102 0.1057
vn 0.4511 0.8887 0.0825
vn 0.5220 0.8015 0.2918
vn 0.4484 0.8658 0.2221
vn 0.5660 0.7126 0.4145
vn 0.3991 0.8504 0.3429
vn 0.3392 0.8941 0.2924
vn 0.2934 0.9372 0.1885
vn 0.2974 0.8315 0.4692
vn 0.4228 0.8944 0.1462
vn 0.1410 0.8620 0.4870
vn -0.0478 0.7510 0.6586
vn 0.0044 0.8185 0.5746
vn 0.1905 0.9205 0.3411
vn 0.2243 0.9351 0.2745
vn 0.2319 0.9277 0.2927
vn 0.1999 0.9333 0.2984
vn 0.0485 0.8980 0.4372
vn -0.1043 0.8378 0.5360
vn -0.2172 0.7620 0.6101
vn -0.0981 0.9425 0.3196
vn 0.1079 0.9685 0.2246
vn 0.2813 0.9581 0.0539
vn 0.3204 0.9459 0.0520
vn 0.3042 0.9455 0.1160
vn 0.1856 0.9745 0.1260
vn 0.2805 0.9537 0.1081
vn 0.4385 0.8975 -0.0459
vn 0.3179 0.9407 -0.1182
vn 0.3965 0.9032 -0.1643
vn 0.2980 0.9032 0.3090
vn -0.0145 0.7673 0.6411
vn -0.3492 0.2477 0.9037
vn 0.0133 0.3197 0.9474
vn -0.3190 0.2000 0.9264
vn -0.3460 -0.0452 0.9371
vn -0.3464 -0.0689 0.9356
vn -0.3727 -0.2143 0.9029
vn -0.3475 -0.3381 0.8746
vn -0.6147 -0.4687 0.6344
vn -0.5875 -0.5841 0.5601
vn -0.6358 -0.6085 0.4748
vn -0.5159 -0.5438 0.6619
vn -0.5359 -0.4314 0.7257
vn -0.6225 -0.3860 0.6808
vn -0.6058 -0.3061 0.7343
vn -0.5759 -0.3380 0.7444
vn -0.6036 -0.3347 0.7236
vn -0.5664 -0.2829 0.7741
vn -0.4209 -0.3048 0.8544
vn -0.3819 -0.4545 0.8047
vn -0.4908 -0.1972 0.8487
vn -0.3570 0.2823 0.8904
vn 0.2081 0.9382 0.2766
vn -0.0219 0.8986 0.4383
vn 0.2367 0.9708 0.0390
vn 0.4111 0.8453 -0.3413
vn 0.4762 0.7543 -0.4520
vn 0.3801 0.8137 -0.4397
vn 0.4613 0.8301 -0.3132
vn 0.4620 0.8033 -0.3758
vn 0.4850 0.8058 -0.3399
vn 0.4458 0.8659 -0.2270
vn 0.2765 0.9213 -0.2734
vn 0.0916 0.9845 -0.1498
vn 0.2323 0.9726 -0.0012
vn 0.1770 0.9836 -0.0343
vn 0.2441 0.9671 -0.0711
vn -0.0330 0.9928 0.1153
vn -0.1148 0.9933 -0.0115
vn 0.1149 0.9475 -0.2983
vn 0.2716 0.8756 -0.3994
vn 0.1550 0.8804 -0.4482
vn 0.3050 0.7927 -0.5278
vn 0.4011 0.7298 -0.5537
vn -0.1121 0.9415 -0.3179
vn -0.0860 0.8689 -0.4875
vn -0.0429 0.9787 -0.2006
vn -0.2523 0.9563 -0.1476
vn -0.0183 0.8909 -0.4538
vn 0.1020 0.8067 -0.5821
vn 0.2104 0.7743 -0.5968
vn 0.3277 0.6738 -0.6623
vn 0.4939 0.5983 -0.6310
vn 0.3977 0.7144 -0.5757
vn 0.4460 0.6907 -0.5692
vn 0.4076 0.7185 -0.5636
vn 0.2283 0.9573 -0.1775
vn 0.2866 0.9547 -0.0796
vn 0.0108 0.9887 0.1495
vn 0.3005 0.9049 -0.3014
vn -0.0191 0.9581 0.2860
vn -0.3469 0.7472 0.5669
vn -0.3432 0.6843 0.6434
vn -0.5060 0.2764 0.8171
vn 0.0142 0.9995 0.0275
vn 0.0103 0.9972 -0.0735
vn 0.0266 0.9821 -0.1862
vn 0.3519 0.7449 -0.5668
vn 0.0095 0.9610 -0.2763
vn 0.3055 0.8536 -0.4220
vn 0.4732 0.5264 -0.7064
vn 0.4893 0.4339 -0.7565
vn 0.3353 0.7107 -0.6185
vn 0.3332 0.5863 -0.7384
vn 0.5585 0.2459 -0.7922
vn 0.4699 0.1495 -0.8700
vn 0.3617 0.4962 -0.7893
vn 0.5125 -0.0008 -0.8587
vn 0.4922 -0.0682 -0.8678
vn 0.2942 0.0757 -0.9527
vn 0.2904 0.2263 -0.9298
vn 0.1476 0.1179 -0.9820
vn 0.2463 -0.0492 -0.9679
vn 0.0328 -0.0866 -0.9957
vn -0.1391 0.0629 -0.9883
vn -0.0203 0.1771 -0.9840
vn -0.1614 0.2002 -0.9664
vn -0.0869 -0.1337 -0.9872
vn -0.2832 -0.0003 -0.9591
vn -0.2132 -0.1423 -0.9666
vn -0.3488 -0.1350 -0.9274
vn -0.4624 -0.0367 -0.8859
vn -0.3590 0.1139 -0.9264
vn -0.5007 0.0389 -0.8647
vn -0.2990 0.2313 -0.9258
vn -0.1287 0.3214 -0.9381
vn -0.3156 0.3603 -0.8778
vn -0.0021 0.4373 -0.8993
vn -0.1905 0.4243 -0.8853
vn 0.1555 0.3334 -0.9299
vn 0.1530 0.4799 -0.8639
vn 0.3470 0.3333 -0.8767
vn 0.3198 0.4660 -0.8249
vn 0.1314 0.6394 -0.7576
vn -0.0438 0.6016 -0.7976
vn -0.0368 0.7154 -0.6977
vn -0.2393 0.6745 -0.6985
vn 0.2405 0.6337 -0.7352
vn -0.2179 0.7702 -0.5994
vn 0.3721 0.5652 -0.7362
vn 0.4529 0.3400 -0.8242
vn -0.0366 0.8116 -0.5830
vn -0.0139 0.7724 -0.6349
vn 0.0068 0.8000 -0.6000
vn -0.2169 0.8442 -0.4902
vn -0.2048 0.8203 -0.5341
vn -0.1480 0.8384 -0.5246
vn -0.2112 0.8939 -0.3954
vn -0.3545 0.8928 -0.2778
vn -0.3088 0.8489 -0.4289
vn -0.3675 0.7456 -0.5560
vn -0.4734 0.8031 -0.3618
vn -0.5119 0.8292 -0.2246
vn -0.4233 0.8989 -0.1130
vn -0.3768 0.9246 0.0562
vn -0.1919 0.9736 0.1239
vn -0.3643 0.8953 0.2564
vn -0.1944 0.8525 0.4853
vn -0.3331 0.8194 0.4665
vn -0.2850 0.8927 0.3491
vn -0.4309 0.8483 0.3076
vn -0.5036 0.8545 0.1272
vn -0.5084 0.8611 -0.0005
vn -0.5536 0.8298 -0.0697
vn -0.3628 0.8381 -0.4073
vn -0.5432 0.8325 -0.1093
vn -0.5105 0.8539 -0.1010
vn -0.5563 0.8287 -0.0617
vn -0.3104 0.7337 -0.6044
vn -0.3517 0.6607 -0.6632
vn -0.5875 0.7580 -0.2835
vn -0.0137 0.4682 -0.8835
vn -0.0189 0.3364 -0.9415
vn -0.3602 0.5903 -0.7224
vn -0.0248 0.2069 -0.9781
vn -0.0128 0.1078 -0.9941
vn -0.0063 0.0111 -0.9999
vn -0.3191 0.3474 -0.8818
vn -0.3291 0.4467 -0.8320
vn -0.2511 0.2249 -0.9415
vn -0.5195 0.6311 -0.5760
vn -0.5436 0.5477 -0.6360
vn -0.4662 0.5048 -0.7265
vn -0.4623 0.2843 -0.8399
vn -0.2763 0.0269 -0.9607
vn 0.0115 -0.1307 -0.9914
vn 0.0188 -0.2991 -0.9540
vn -0.0237 -0.1309 -0.9911
vn 0.0173 -0.0110 -0.9998
vn 0.3010 -0.5125 -0.8042
vn 0.2907 -0.1350 -0.9472
vn -0.0128 0.5609 -0.8278
vn -0.0055 0.5370 -0.8436
vn -0.0177 0.5585 -0.8293
vn -0.0116 0.5358 -0.8443
vn 0.0455 0.3544 -0.9340
vn 0.0025 0.6667 -0.7453
vn -0.2944 0.8703 -0.3948
vn -0.3507 0.9234 -0.1558
vn -0.1248 0.8517 -0.5090
vn -0.0163 0.5710 -0.8208
vn -0.0032 0.6072 -0.7945
vn -0.0093 0.5841 -0.8117
vn 0.2916 0.0190 -0.9564
vn 0.3162 -0.2434 -0.9169
vn 0.4032 -0.3261 -0.8550
vn 0.5717 -0.5632 -0.5966
vn 0.5718 -0.4305 -0.6983
vn 0.4373 -0.5487 -0.7126
vn 0.4093 -0.3688 -0.8345
vn 0.4043 -0.4177 -0.8137
vn 0.4451 -0.4046 -0.7989
vn 0.3136 -0.4713 -0.8243
vn 0.0200 -0.5258 -0.8504
vn 0.1917 -0.5741 -0.7960
vn 0.3344 -0.5835 -0.7400
vn 0.3996 -0.6797 -0.6152
vn 0.4913 -0.7055 -0.5107
vn 0.6167 -0.6750 -0.4051
vn 0.3848 -0.5627 -0.7317
vn 0.0016 -0.2721 -0.9623
vn 0.3100 -0.6505 -0.6934
vn 0.0076 -0.4697 -0.8828
vn -0.0321 -0.1869 -0.9818
vn 0.0058 -0.5199 -0.8542
vn 0.0575 -0.5864 -0.8080
vn 0.0497 -0.5532 -0.8316
vn 0.0512 -0.5869 -0.8081
vn 0.0175 -0.6407 -0.7676
vn 0.0175 -0.6088 -0.7931
vn 0.0193 -0.6085 -0.7933
vn -0.3327 -0.1711 -0.9274
vn -0.2045 -0.0132 -0.9788
vn -0.4234 0.0827 -0.9022
vn -0.2491 -0.3478 -0.9039
vn 0.0737 -0.6808 -0.7287
vn -0.4541 0.2466 -0.8561
vn -0.4261 0.4006 -0.8111
vn -0.2295 0.6828 0.6936
vn -0.3094 0.7145 0.6274
vn -0.3836 0.6294 0.6758
vn -0.4139 0.6942 0.5889
vn -0.1721 0.9836 0.0531
vn -0.3242 0.9210 0.2161
vn -0.0570 0.8746 -0.4815
vn -0.1974 0.9693 -0.1465
vn -0.4249 0.8130 0.3981
vn -0.4455 0.7974 0.4071
vn -0.4714 0.7993 0.3726
vn -0.3494 -0.6026 -0.7175
vn -0.4552 -0.6418 -0.6171
vn -0.6034 -0.5973 -0.5284
vn -0.5781 -0.6284 -0.5205
vn -0.5733 -0.5784 -0.5804
vn -0.3999 -0.7484 -0.5291
vn -0.5662 -0.6673 -0.4838
vn -0.5091 -0.7018 -0.4983
vn -0.5518 -0.6637 -0.5050
vn -0.2432 -0.7705 -0.5892
vn -0.2284 -0.6860 -0.6908
vn -0.0949 -0.6795 -0.7275
vn -0.0745 -0.5714 -0.8173
vn 0.0816 -0.6900 -0.7192
vn 0.2399 -0.6809 -0.6920
vn 0.2100 -0.7843 -0.5838
vn 0.4567 -0.7627 -0.4579
vn 0.2923 -0.8511 -0.4362
vn 0.5741 -0.7717 -0.2738
vn 0.3998 -0.8392 -0.3686
vn 0.4348 -0.8703 -0.2311
vn 0.2401 -0.9084 -0.3424
vn -0.0412 -0.7781 -0.6268
vn 0.0705 -0.8658 -0.4955
vn 0.3399 -0.8482 -0.4063
vn 0.3220 -0.8545 -0.4076
vn 0.2698 -0.8516 -0.4494
vn -0.0638 -0.8603 -0.5057
vn 0.0872 -0.9447 -0.3162
vn 0.2765 -0.9476 -0.1601
vn 0.5571 -0.8207 -0.1266
vn 0.3642 -0.7326 -0.5751
vn -0.0191 -0.6054 -0.7957
vn 0.3246 -0.8249 -0.4628
vn 0.0120 -0.6284 -0.7778
vn 0.3713 -0.8607 -0.3484
vn -0.0008 -0.7037 -0.7105
vn 0.3524 -0.8948 -0.2743
vn 0.0249 -0.6572 -0.7533
vn 0.0511 -0.7330 -0.6783
vn 0.0125 -0.7201 -0.6937
vn 0.0143 -0.7193 -0.6946
vn 0.0350 -0.8027 -0.5953
vn -0.2405 -0.5014 -0.8311
vn -0.4721 -0.1402 -0.8703
vn -0.1414 -0.7275 -0.6713
vn -0.3879 -0.4836 -0.7847
vn -0.1073 -0.7705 -0.6284
vn 0.0055 -0.9139 -0.4060
vn 0.0088 -0.9142 -0.4051
vn 0.0398 -0.8927 -0.4489
vn -0.0073 -0.8954 -0.4451
vn 0.1058 -0.8906 -0.4424
vn -0.1947 -0.7510 -0.6309
vn -0.0020 -0.9603 -0.2789
vn 0.0100 -0.9753 -0.2205
vn 0.0376 -0.9662 -0.2552
vn 0.0193 -0.9740 -0.2259
vn 0.0103 -0.9878 -0.1557
vn 0.0034 -0.9760 -0.2178
vn 0.0192 -0.9979 -0.0625
vn 0.0486 -0.9987 -0.0148
vn 0.0225 -0.9986 0.0487
vn 0.3366 -0.8373 0.4308
vn -0.0052 -0.9896 0.1435
vn -0.0328 -0.9664 0.2549
vn 0.3255 -0.7567 0.5670
vn 0.3215 -0.7071 0.6298
vn 0.1498 -0.7599 0.6326
vn 0.3357 -0.5625 0.7556
vn 0.4769 -0.1671 0.8630
vn 0.5601 -0.0501 0.8269
vn 0.5420 0.0757 0.8370
vn 0.4217 -0.0100 0.9067
vn 0.3427 0.1178 0.9320
vn 0.0874 0.0684 0.9938
vn 0.1955 -0.0571 0.9790
vn 0.3154 -0.1721 0.9332
vn 0.0315 -0.2287 0.9730
vn 0.1558 -0.2731 0.9493
vn -0.0544 -0.3636 0.9300
vn -0.3204 -0.3778 0.8687
vn -0.1297 -0.5023 0.8549
vn -0.3717 -0.4748 0.7977
vn -0.3905 -0.4355 0.8111
vn -0.3119 -0.4412 0.8415
vn 0.0931 -0.5150 0.8521
vn -0.3784 -0.5609 0.7363
vn -0.2716 -0.6653 0.6954
vn -0.0555 -0.6506 0.7574
vn -0.3699 -0.7428 0.5581
vn -0.4279 -0.6428 0.6353
vn -0.2094 -0.8001 0.5622
vn -0.5018 -0.7292 0.4653
vn -0.5482 -0.7988 0.2478
vn -0.4919 -0.8078 0.3249
vn -0.2762 -0.8659 0.4171
vn -0.4393 -0.8871 0.1414
vn -0.0329 -0.7507 0.6598
vn 0.1010 -0.7051 0.7019
vn 0.2644 -0.5832 0.7681
vn 0.2590 -0.3855 0.8856
vn 0.4016 -0.2890 0.8690
vn 0.5180 -0.2807 0.8080
vn 0.5705 -0.3674 0.7346
vn 0.3863 -0.4349 0.8134
vn 0.5154 -0.4607 0.7226
vn 0.3819 -0.5938 0.7082
vn 0.4873 -0.5678 0.6634
vn 0.0316 -0.8615 0.5068
vn -0.0646 -0.9114 0.4063
vn 0.2994 -0.7239 0.6216
vn 0.1092 -0.7785 0.6181
vn 0.0417 -0.8154 0.5774
vn 0.0208 -0.8019 0.5972
vn 0.1419 -0.8757 0.4616
vn 0.1655 -0.8466 0.5058
vn -0.1392 -0.9585 0.2488
vn -0.3020 -0.9163 0.2629
vn -0.3519 -0.9156 0.1946
vn -0.3611 -0.8842 0.2963
vn -0.3477 -0.9243 0.1577
vn -0.3290 -0.9293 0.1681
vn -0.4247 -0.8256 0.3715
vn -0.3926 -0.8120 0.4319
vn -0.3528 -0.8606 0.3673
vn -0.3309 -0.9435 0.0153
vn -0.5105 -0.8576 0.0624
vn -0.3305 -0.8201 0.4672
vn 0.0112 -0.6475 0.7620
vn -0.4744 -0.8781 -0.0620
vn -0.3418 -0.9131 0.2220
vn -0.0044 -0.7667 0.6420
vn 0.0139 -0.8512 0.5246
vn -0.1083 -0.9661 0.2343
vn 0.0394 -0.9496 0.3109
vn -0.3110 -0.9502 -0.0213
vn -0.4753 -0.7485 -0.4625
vn -0.4985 -0.8088 -0.3120
vn -0.3856 -0.8391 -0.3838
vn -0.2721 -0.8262 -0.4934
vn -0.1525 -0.9013 -0.4054
vn -0.2701 -0.9003 -0.3414
vn -0.1424 -0.9511 -0.2742
vn 0.0158 -0.9665 -0.2562
vn 0.0799 -0.9952 -0.0561
vn 0.4757 -0.8783 -0.0483
vn 0.3835 -0.9235 0.0059
vn 0.5593 -0.8186 0.1307
vn 0.4373 -0.8861 0.1535
vn 0.2070 -0.9766 0.0586
vn 0.3709 -0.9060 0.2039
vn 0.0792 -0.9891 0.1243
vn -0.1374 -0.9894 0.0478
vn 0.1336 -0.9386 0.3182
vn 0.1543 -0.9143 0.3745
vn 0.1149 -0.9415 0.3168
vn 0.0705 -0.9346 0.3487
vn 0.3479 -0.8843 0.3115
vn 0.5162 -0.7909 0.3286
vn 0.4446 -0.7678 0.4614
vn 0.2961 -0.8434 0.4484
vn -0.1553 -0.9846 -0.0800
vn -0.2920 -0.9424 -0.1633
vn -0.4912 -0.8652 -0.1003
vn -0.4563 -0.8851 -0.0912
vn -0.4569 -0.8809 -0.1235
vn -0.4527 -0.8593 -0.2383
vn -0.2812 -0.9355 0.2140
vn 0.0020 -0.6849 0.7286
vn 0.0075 -0.6851 0.7284
vn -0.0002 -0.7166 0.6974
vn -0.4069 -0.6693 0.6216
vn -0.4077 -0.6704 0.6200
vn -0.4487 -0.6691 0.5925
vn -0.2544 -0.2517 0.9338
vn -0.0668 -0.1357 0.9885
vn -0.3706 -0.1050 0.9228
vn -0.1312 0.0001 0.9914
vn -0.2344 0.1427 0.9616
vn -0.5274 -0.0890 0.8450
vn -0.3927 0.0500 0.9183
vn -0.3469 0.3362 0.8756
vn -0.1681 0.6848 0.7091
vn -0.4457 0.3450 0.8260
vn -0.3552 0.5700 0.7409
vn -0.5469 0.1477 0.8241
vn -0.4307 0.1994 0.8802
vn -0.5369 0.0603 0.8415
vn -0.2876 0.2874 0.9136
vn -0.1031 0.3134 0.9440
vn -0.0184 0.2161 0.9762
vn 0.1532 0.2260 0.9620
vn 0.3418 0.2630 0.9022
vn 0.5908 -0.7841 0.1902
vn 0.6280 -0.7597 0.1690
vn 0.6033 -0.7814 0.1594
vn 0.4580 -0.8888 -0.0156
vn 0.2481 -0.9617 -0.1163
vn 0.2245 -0.9741 -0.0255
vn 0.2408 -0.9655 0.0988
vn 0.3082 -0.9151 0.2600
vn 0.6213 -0.5298 0.5773
vn 0.3935 -0.7123 0.5813
vn 0.1788 -0.7899 0.5866
vn 0.1695 -0.7667 0.6192
vn 0.2475 -0.7454 0.6190
vn 0.5033 -0.6513 0.5679
vn 0.5700 -0.7171 0.4011
vn 0.5503 -0.7117 0.4365
vn 0.5576 -0.6919 0.4586
vn 0.4982 -0.8236 0.2712
vn -0.5168 0.7254 -0.4547
vn -0.3606 0.6228 -0.6943
vn -0.3039 0.5057 -0.8074
vn -0.1957 0.5296 -0.8253
vn 0.3092 -0.3560 0.8819
vn 0.3316 -0.5044 0.7973
vn 0.5328 0.1810 0.8266
vn 0.5160 0.2084 0.8308
vn 0.5548 0.1645 0.8156
vn 0.5256 0.2127 0.8237
vn 0.4142 0.3117 0.8552
vn 0.5170 0.3482 0.7819
vn 0.4082 0.4356 0.8022
vn 0.2819 0.4126 0.8662
vn 0.1061 0.3735 0.9215
vn -0.1011 0.4379 0.8933
vn -0.3996 0.3893 0.8299
vn -0.2641 0.4968 0.8267
vn -0.2843 0.8441 0.4545
vn 0.0393 0.9967 -0.0713
vn 0.0341 0.9963 -0.0795
vn 0.0416 0.9988 0.0251
vn -0.2134 0.9385 0.2714
vn -0.0462 0.9865 -0.1573
vn -0.0041 0.9205 -0.3907
vn 0.0247 0.9389 -0.3434
vn 0.0101 0.9287 -0.3706
vn -0.2442 0.9356 0.2551
vn -0.0040 0.9042 -0.4271
vn -0.1466 0.9884 -0.0386
vn -0.3418 0.7305 0.5912
vn -0.3966 0.6792 0.6176
vn -0.4665 0.5238 0.7127
vn -0.3340 0.6013 0.7259
vn -0.2164 0.7259 0.6528
vn -0.3447 0.8235 0.4505
vn -0.3010 0.8166 0.4926
vn -0.3609 0.9052 0.2244
vn -0.2499 0.8639 0.4374
vn -0.1541 0.8397 0.5207
vn -0.0417 0.8027 0.5949
vn 0.0279 0.9150 0.4025
vn -0.1148 0.9384 0.3258
vn -0.3243 0.9087 0.2630
vn -0.2134 0.9665 0.1429
vn -0.4196 0.8978 0.1334
vn 0.0079 0.9799 0.1995
vn -0.0773 0.9906 0.1128
vn 0.1640 0.9637 0.2108
vn 0.1118 0.8734 0.4740
vn 0.1951 0.9177 0.3462
vn 0.1416 0.7992 0.5842
vn 0.2542 0.8426 0.4748
vn 0.3676 0.9080 0.2011
vn 0.1265 0.9866 0.1032
vn 0.1305 0.9907 -0.0378
vn 0.3984 0.9133 0.0841
vn 0.2915 0.9542 0.0679
vn 0.3545 0.9326 -0.0678
vn 0.2965 0.8491 0.4372
vn 0.2484 0.9463 -0.2070
vn 0.3995 0.9024 -0.1616
vn 0.3963 0.8819 -0.2554
vn 0.1522 0.9523 -0.2645
vn -0.0998 0.9841 -0.1466
vn -0.1549 0.9876 0.0271
vn -0.4123 0.9094 0.0546
vn -0.2767 0.9583 -0.0707
vn -0.2331 0.9381 -0.2562
vn -0.0286 0.9345 -0.3547
vn -0.1565 0.8830 -0.4425
vn -0.0571 0.8302 -0.5545
vn 0.1183 0.7668 -0.6308
vn -0.0047 0.7422 -0.6701
vn 0.2293 0.6356 -0.7371
vn 0.1229 0.5491 -0.8266
vn 0.3066 0.5100 -0.8037
vn 0.4010 0.5745 -0.7136
vn 0.3704 0.3768 -0.8490
vn 0.4535 0.4253 -0.7832
vn 0.5601 0.3391 -0.7558
vn 0.5407 0.5092 -0.6696
vn 0.3507 0.8137 -0.4636
vn 0.3120 0.7089 -0.6326
vn 0.4327 0.6770 -0.5953
vn 0.1966 0.9579 -0.2095
vn 0.4235 0.7874 -0.4480
vn 0.4186 0.8008 -0.4283
vn 0.5313 0.6659 -0.5237
vn 0.5394 0.6986 -0.4702
vn 0.5200 0.7094 -0.4757
vn -0.0043 0.9931 0.1172
vn 0.2311 0.9560 -0.1809
vn 0.2168 0.9710 -0.1006
vn 0.3098 0.8189 -0.4830
vn 0.2049 0.8084 -0.5519
vn 0.0587 0.8528 -0.5189
vn 0.1571 0.8863 -0.4357
vn 0.2938 0.8843 -0.3630
vn 0.3184 0.8386 -0.4419
vn 0.3083 0.8534 -0.4203
vn 0.2887 0.8557 -0.4293
vn 0.2006 0.9781 0.0558
vn 0.2550 0.9488 0.1865
vn 0.2724 0.9199 0.2820
vn 0.3088 0.7519 0.5825
vn 0.0005 0.6929 0.7210
vn -0.0161 0.8023 0.5967
vn -0.0054 0.8811 0.4728
vn 0.0108 0.9492 0.3145
vn 0.0292 0.9037 0.4272
vn -0.0916 0.7933 0.6020
vn -0.3658 0.4767 0.7993
vn 0.0093 -0.8913 0.4534
vn 0.0122 -0.9364 0.3508
vn 0.0081 -0.9721 0.2344
vn 0.0177 -0.7717 0.6357
vn -0.1390 -0.8734 0.4667
vn -0.0028 -0.6894 0.7244
vn -0.0274 -0.5940 0.8040
vn 0.2908 -0.1921 0.9373
vn -0.2802 -0.9165 0.2854
vn -0.3721 -0.8462 0.3815
vn 0.0170 -0.5735 0.8190
vn 0.0108 -0.4620 0.8868
vn -0.4850 -0.7077 0.5138
vn -0.3259 -0.7302 0.6004
vn -0.3408 -0.7926 0.5056
vn 0.0332 -0.3387 0.9403
vn 0.0120 -0.3902 0.9207
vn 0.0207 -0.3908 0.9203
vn 0.0061 -0.2835 0.9590
vn -0.0135 -0.1329 0.9910
vn -0.0272 -0.2626 0.9645
vn -0.0275 0.0124 0.9995
vn -0.0065 -0.0052 1.0000
vn -0.3812 -0.5899 0.7119
vn -0.0087 -0.0485 0.9988
vn 0.0002 -0.0615 0.9981
vn 0.0480 -0.0734 0.9961
vn -0.5318 -0.5769 0.6199
vn -0.2771 -0.1037 0.9552
vn 0.0182 0.3725 0.9279
vn -0.2899 0.0296 0.9566
vn 0.0060 0.2039 0.9790
vn -0.0066 0.0952 0.9954
vn -0.3675 -0.0758 0.9269
vn -0.0307 0.3694 0.9288
vn 0.0054 0.5294 0.8484
vn -0.0274 0.2246 0.9741
vn -0.0384 0.3033 0.9521
vn -0.0348 0.2429 0.9694
vn 0.3846 0.6434 0.6619
vn 0.1833 0.6168 0.7655
vn 0.5538 0.7737 0.3078
vn 0.5749 0.7765 0.2580
vn 0.5917 0.7486 0.2990
vn 0.5830 0.7619 0.2822
vn 0.4746 0.8063 0.3530
vn 0.4572 0.8681 0.1934
vn 0.3445 0.7735 0.5321
vn 0.2822 0.8906 0.3567
vn 0.3302 0.8821 0.3358
vn 0.3076 0.8743 0.3754
vn 0.3074 0.8905 0.3353
vn 0.3332 0.8936 0.3009
vn 0.3484 0.8743 0.3379
vn 0.4205 0.9072 -0.0135
vn 0.4533 0.8898 0.0535
vn 0.3809 0.9238 0.0393
vn 0.6002 0.7729 0.2060
vn -0.3833 0.4129 0.8262
vn -0.3757 0.2454 0.8936
vn -0.3472 0.1180 0.9303
vn -0.6320 -0.1225 0.7652
vn -0.6190 -0.2369 0.7488
vn -0.5118 -0.2024 0.8349
vn -0.5684 -0.3409 0.7488
vn -0.6152 -0.3944 0.6826
vn -0.4397 -0.3417 0.8306
vn -0.3393 -0.2234 0.9138
vn -0.5415 -0.4778 0.6917
vn -0.2908 -0.3653 0.8843
vn -0.1061 -0.2404 0.9649
vn -0.1673 -0.1728 0.9707
vn -0.0702 -0.4212 0.9043
vn 0.0802 -0.2147 0.9734
vn 0.1763 -0.3765 0.9095
vn 0.0432 -0.4842 0.8739
vn -0.1850 -0.5232 0.8319
vn -0.3884 -0.4959 0.7767
vn -0.2871 -0.6541 0.6998
vn -0.1046 -0.6217 0.7763
vn -0.4457 -0.6222 0.6436
vn -0.3724 -0.7740 0.5121
vn -0.1993 -0.7480 0.6330
vn 0.0530 -0.6538 0.7549
vn 0.3480 -0.4004 0.8477
vn 0.3036 -0.1863 0.9344
vn 0.2087 -0.5581 0.8031
vn 0.4399 -0.3093 0.8431
vn 0.4649 -0.4072 0.7861
vn 0.2630 -0.6373 0.7243
vn 0.1110 -0.7460 0.6566
vn -0.1155 -0.8118 0.5724
vn -0.2998 -0.8649 0.4027
vn 0.0586 -0.8238 0.5638
vn -0.1298 -0.9027 0.4102
vn 0.3881 -0.5691 0.7250
vn 0.5676 -0.3724 0.7343
vn 0.5091 -0.5308 0.6775
vn 0.4005 -0.7176 0.5698
vn 0.3758 -0.7759 0.5068
vn 0.4102 -0.6606 0.6288
vn 0.5132 -0.7064 0.4875
vn 0.2595 -0.9287 0.2651
vn 0.1535 -0.9673 0.2022
vn 0.0022 -0.9988 -0.0496
vn 0.0076 -0.9826 -0.1855
vn 0.5243 -0.6579 0.5407
vn 0.2658 -0.7552 0.5992
vn -0.2809 -0.9205 0.2715
vn -0.4668 -0.8076 0.3603
vn -0.4619 -0.8476 0.2613
vn -0.4271 -0.8924 0.1453
vn -0.1903 -0.9709 0.1456
vn -0.4231 -0.9044 0.0553
vn -0.5866 -0.8066 0.0722
vn -0.5920 -0.7743 0.2237
vn -0.5530 -0.8299 -0.0741
vn -0.5040 -0.8414 -0.1951
vn -0.4406 -0.8942 -0.0796
vn -0.2751 -0.9611 -0.0252
vn -0.3113 -0.9394 0.1434
vn -0.2820 -0.9422 -0.1807
vn -0.1146 -0.9912 -0.0668
vn -0.4043 -0.8476 -0.3437
vn -0.2475 -0.9172 -0.3122
vn -0.0505 -0.9614 -0.2706
vn 0.0291 -0.9968 -0.0738
vn 0.0005 -0.9613 0.2755
vn 0.1140 -0.9677 0.2247
vn 0.0737 -0.8841 0.4615
vn 0.3246 -0.8322 0.4495
vn 0.2703 -0.8970 0.3498
vn 0.3725 -0.7803 0.5025
vn 0.4298 -0.6799 0.5942
vn 0.3808 -0.7249 0.5740
vn 0.3622 -0.7111 0.6027
vn 0.4973 -0.7493 0.4372
vn 0.2806 -0.9273 0.2478
vn 0.1657 -0.9849 0.0499
vn 0.4428 -0.8841 0.1494
vn 0.2369 -0.9715 -0.0103
vn 0.1265 -0.9635 -0.2361
vn -0.1183 -0.9111 -0.3948
vn -0.3204 -0.8252 -0.4651
vn 0.0239 -0.9023 -0.4305
vn 0.2705 -0.9456 -0.1806
vn 0.3868 -0.9215 -0.0362
vn 0.1746 -0.8870 -0.4275
vn 0.3494 -0.8986 -0.2655
vn 0.4840 -0.8746 0.0279
vn 0.5308 -0.8337 -0.1524
vn 0.6407 -0.7615 -0.0977
vn 0.3667 -0.8479 -0.3829
vn 0.3377 -0.7641 -0.5497
vn 0.4925 -0.8262 -0.2737
vn 0.4227 -0.8211 -0.3835
vn 0.3086 -0.8499 -0.4272
vn -0.0089 -0.8405 -0.5417
vn 0.0540 -0.8113 -0.5821
vn -0.1654 -0.8391 -0.5183
vn -0.1176 -0.8561 -0.5032
vn -0.0889 -0.8836 -0.4598
vn -0.0615 -0.8875 -0.4567
vn -0.1830 -0.7436 -0.6430
vn -0.2978 -0.7722 -0.5612
vn -0.4358 -0.7403 -0.5119
vn -0.5034 -0.7793 -0.3731
vn -0.2453 -0.9609 -0.1285
vn -0.2813 -0.9592 0.0297
vn -0.0047 -0.9987 0.0503
vn -0.2675 -0.9150 -0.3021
vn -0.2887 -0.8720 -0.3953
vn -0.3282 -0.8842 -0.3324
vn -0.2485 -0.7622 -0.5977
vn -0.4822 -0.4447 -0.7548
vn -0.5020 -0.5387 -0.6766
vn -0.4735 -0.6441 -0.6008
vn -0.3355 -0.6312 -0.6993
vn -0.3820 -0.6295 -0.6766
vn -0.3364 -0.6745 -0.6572
vn -0.2485 -0.6625 -0.7067
vn -0.4641 -0.5994 -0.6522
vn -0.3174 -0.5896 -0.7427
vn -0.3068 -0.5460 -0.7796
vn -0.3507 -0.5515 -0.7569
vn -0.3607 -0.4830 -0.7979
vn -0.1967 -0.5710 -0.7970
vn -0.0656 -0.6720 -0.7377
vn -0.1982 -0.4545 -0.8684
vn -0.3983 -0.3382 -0.8526
vn -0.4518 -0.4483 -0.7713
vn -0.4569 -0.2247 -0.8607
vn -0.2121 -0.2902 -0.9332
vn -0.0406 -0.3936 -0.9184
vn -0.0545 -0.2978 -0.9531
vn 0.0776 -0.5596 -0.8251
vn 0.1394 -0.3321 -0.9329
vn 0.2240 -0.2412 -0.9443
vn 0.3824 -0.2103 -0.8998
vn 0.3448 0.3935 -0.8522
vn 0.4886 0.0553 -0.8707
vn 0.2454 0.4264 -0.8706
vn -0.0135 0.8356 -0.5492
vn 0.0076 0.7204 -0.6935
vn 0.0094 0.6086 -0.7934
vn 0.3396 0.2387 -0.9098
vn 0.5302 -0.2230 -0.8180
vn 0.3248 0.0992 -0.9406
vn 0.4681 -0.3718 -0.8017
vn 0.3120 -0.3750 -0.8729
vn -0.0546 -0.3168 -0.9469
vn -0.0595 -0.3903 -0.9188
vn -0.0006 -0.3402 -0.9404
vn 0.1615 -0.4389 -0.8839
vn 0.2576 -0.5420 -0.7999
vn 0.1365 -0.7325 -0.6669
vn 0.2700 -0.7766 -0.5692
vn 0.2869 -0.6766 -0.6781
vn 0.4753 -0.7469 -0.4650
vn 0.5310 -0.7864 -0.3156
vn 0.3193 -0.6977 -0.6413
vn 0.3329 -0.6142 -0.7155
vn -0.0171 -0.5248 -0.8510
vn -0.0178 -0.6495 -0.7601
vn -0.0250 -0.3911 -0.9200
vn 0.0028 -0.5626 -0.8267
vn 0.0189 -0.2861 -0.9580
vn 0.3598 -0.5775 -0.7328
vn 0.3929 -0.5456 -0.7403
vn 0.4578 -0.6670 -0.5878
vn 0.3341 -0.5243 -0.7833
vn 0.4382 -0.4883 -0.7547
vn 0.2339 0.0045 -0.9723
vn 0.3655 -0.0609 -0.9288
vn 0.5388 -0.5238 -0.6598
vn -0.0414 0.4780 -0.8774
vn 0.0105 0.4790 -0.8778
vn -0.2755 0.8736 -0.4012
vn -0.3334 0.8432 -0.4217
vn 0.0347 0.4249 -0.9046
vn 0.0271 0.3372 -0.9410
vn 0.3162 -0.1540 -0.9361
vn -0.0038 0.2458 -0.9693
vn 0.0274 0.1968 -0.9801
vn -0.2679 0.6611 -0.7008
vn -0.3429 0.8038 -0.4862
vn 0.0805 0.4945 -0.8654
vn 0.0955 0.5309 -0.8421
vn 0.0789 0.5236 -0.8483
vn -0.3763 0.9096 -0.1759
vn -0.4260 0.8699 -0.2487
vn -0.4562 0.8878 -0.0610
vn -0.2317 0.9171 -0.3244
vn -0.2260 0.9634 -0.1444
vn 0.0186 0.8808 -0.4731
vn 0.0317 0.7991 -0.6003
vn 0.0687 0.8215 -0.5660
vn 0.0796 0.8429 -0.5322
vn 0.0549 0.8294 -0.5560
vn -0.0832 0.5778 0.8119
vn -0.1811 0.6482 0.7397
vn -0.0760 0.7125 0.6975
vn -0.0035 0.7707 0.6372
vn -0.0899 0.7688 0.6331
vn -0.0400 0.7905 0.6112
vn 0.1100 0.6925 0.7130
vn 0.3009 0.6561 0.6921
vn 0.4119 0.6652 0.6228
vn 0.2728 0.6416 0.7169
vn 0.0902 0.5398 0.8370
vn 0.3458 0.5504 0.7599
vn 0.5161 0.4498 0.7289
vn 0.3712 -0.0664 0.9262
vn -0.0445 -0.4647 0.8844
vn 0.2773 -0.0051 0.9608
vn 0.0046 -0.3855 0.9227
vn -0.0149 -0.3509 0.9363
vn -0.0006 -0.3491 0.9371
vn 0.3142 0.1138 0.9425
vn 0.2743 0.2246 0.9350
vn 0.2814 0.3657 0.8872
vn 0.5981 0.5567 0.5766
vn 0.5613 0.4947 0.6635
vn 0.4944 0.5818 0.6458
vn 0.5855 0.6946 0.4180
vn 0.4949 0.7157 0.4928
vn 0.3434 0.5324 0.7737
vn -0.0257 0.3186 0.9476
vn -0.0213 0.1197 0.9926
vn -0.0293 0.1215 0.9922
vn -0.0374 0.1680 0.9851
vn 0.4724 -0.5835 -0.6606
vn 0.3451 -0.3285 -0.8792
vn 0.5584 -0.6402 -0.5276
vn 0.0049 0.0650 -0.9979
vn -0.0233 0.0253 -0.9994
vn -0.0075 0.0699 -0.9975
vn -0.0185 0.0396 -0.9990
vn -0.0128 -0.0496 -0.9987
vn 0.0181 0.1110 -0.9937
vn 0.0038 -0.0411 -0.9991
vn 0.0749 0.2537 -0.9644
vn 0.0664 0.2390 -0.9687
vn 0.0559 0.2074 -0.9767
vn -0.3256 0.5679 -0.7560
vn -0.3305 0.4659 -0.8208
vn -0.0774 0.0590 -0.9952
vn -0.0014 -0.1581 -0.9874
vn 0.0252 -0.4153 -0.9094
vn -0.2480 0.1572 -0.9559
vn -0.3089 0.2279 -0.9234
vn -0.3261 -0.0164 -0.9452
vn 0.0194 -0.6647 -0.7468
vn 0.0622 -0.4892 -0.8700
vn 0.0585 -0.4438 -0.8942
vn 0.0549 -0.4789 -0.8761
vn -0.2582 -0.3219 -0.9109
vn -0.0078 -0.7300 -0.6834
vn 0.3383 -0.8916 -0.3011
vn 0.2853 -0.9350 -0.2105
vn 0.4630 -0.8260 0.3215
vn 0.4212 -0.8755 0.2369
vn 0.3039 -0.9446 0.1237
vn -0.0206 -0.9459 -0.3238
vn 0.2080 -0.9640 -0.1659
vn -0.0053 -0.8896 -0.4567
vn 0.0032 -0.8239 -0.5668
vn 0.0082 -0.8869 -0.4619
vn -0.2048 -0.5412 -0.8156
vn -0.3052 -0.2840 -0.9090
vn 0.0433 -0.7490 -0.6611
vn -0.4695 0.8138 -0.3425
vn -0.2896 0.8896 -0.3532
vn -0.3228 0.8344 -0.4468
vn -0.2090 0.7607 -0.6145
vn 0.0291 0.6931 -0.7202
vn 0.1075 0.6747 -0.7302
vn 0.0388 0.7102 -0.7030
vn -0.0902 0.6469 -0.7572
vn 0.2168 0.4173 -0.8825
vn 0.0692 0.4048 -0.9118
vn 0.1464 0.3041 -0.9413
vn -0.0894 0.5211 -0.8488
vn -0.3289 0.6592 -0.6762
vn -0.3879 0.7596 -0.5221
vn -0.5387 0.7109 -0.4521
vn -0.5439 0.6171 -0.5687
vn -0.3976 0.7220 -0.5663
vn -0.4433 0.5740 -0.6884
vn -0.1910 0.5781 -0.7933
vn -0.3170 0.5067 -0.8017
vn -0.1049 0.4026 -0.9093
vn -0.2342 0.3674 -0.9001
vn -0.4129 0.4064 -0.8151
vn -0.4551 0.4728 -0.7545
vn -0.5706 0.5282 -0.6288
vn -0.5836 0.5069 -0.6344
vn -0.5354 0.5277 -0.6595
vn -0.4650 0.6231 -0.6288
vn -0.5147 0.6029 -0.6096
vn -0.4774 0.5943 -0.6473
vn -0.5026 0.5061 -0.7009
vn -0.5181 0.4129 -0.7491
vn -0.2971 -0.0776 -0.9517
vn -0.4345 0.2481 -0.8658
vn -0.6087 -0.7154 0.3429
vn -0.6247 -0.6305 0.4607
vn -0.5019 -0.7163 0.4847
vn -0.5546 -0.5774 0.5992
vn -0.6697 -0.5788 0.4652
vn -0.6127 -0.5068 0.6064
vn -0.6830 -0.4799 0.5506
vn -0.6748 -0.4677 0.5709
vn -0.6659 -0.4934 0.5596
vn -0.7277 -0.4309 0.5337
vn -0.6771 -0.4562 0.5774
vn -0.6435 -0.4536 0.6166
vn -0.6253 -0.4823 0.6135
vn 0.3416 -0.7752 0.5313
vn 0.5884 -0.2881 0.7555
vn 0.5309 -0.1638 0.8315
vn 0.3952 -0.6465 0.6526
vn 0.4287 -0.7258 0.5379
vn 0.0228 -0.9789 0.2029
vn -0.0107 -0.9529 0.3030
vn 0.0440 -0.9308 0.3629
vn -0.2311 -0.9705 -0.0693
vn -0.2427 -0.9660 0.0890
vn 0.0141 -0.8305 0.5569
vn -0.2838 -0.9450 0.1626
vn -0.0011 -0.7759 0.6309
vn -0.2707 -0.9385 0.2144
vn -0.3422 -0.8842 0.3180
vn -0.1970 -0.7576 0.6223
vn -0.0081 -0.7025 0.7116
vn 0.0890 -0.5223 0.8481
vn 0.0044 -0.8825 0.4702
vn -0.0126 -0.8956 0.4447
vn -0.0308 -0.9009 0.4330
vn -0.0218 -0.8783 0.4776
vn 0.2471 -0.5554 0.7940
vn 0.0311 -0.8004 0.5986
vn 0.2877 -0.3924 0.8736
vn 0.4112 -0.1212 0.9035
vn 0.3261 -0.1918 0.9257
vn -0.0279 -0.5174 0.8553
vn 0.2580 -0.0979 0.9612
vn 0.5357 0.2740 0.7987
vn 0.5190 0.0892 0.8501
vn 0.4260 0.2557 0.8678
vn 0.4545 0.4593 0.7632
vn 0.4128 0.4013 0.8176
vn 0.3022 0.1262 0.9449
vn 0.2683 0.2880 0.9193
vn 0.5445 -0.0516 0.8372
vn 0.4103 -0.5233 0.7469
vn 0.6161 -0.1201 0.7785
vn 0.6496 -0.0546 0.7584
vn 0.6448 -0.0479 0.7628
vn 0.4553 -0.0080 0.8903
vn 0.3883 -0.0889 0.9172
vn 0.1861 -0.0258 0.9822
vn 0.1102 0.1464 0.9831
vn 0.0521 0.2997 0.9526
vn 0.2846 0.4506 0.8461
vn 0.5559 0.4794 0.6791
vn 0.5748 0.4199 0.7024
vn 0.5470 0.4084 0.7307
vn 0.5392 0.4577 0.7069
vn 0.3124 0.0535 0.9484
vn 0.6214 0.5314 0.5757
vn 0.5507 0.5912 0.5893
vn 0.4195 0.5913 0.6887
vn 0.4456 0.6695 0.5943
vn 0.3559 0.2203 0.9082
vn -0.0296 -0.0910 0.9954
vn 0.4738 0.4365 0.7648
vn -0.0224 -0.2215 0.9749
vn -0.0326 -0.3569 0.9336
vn -0.3434 -0.7405 0.5777
vn -0.3532 -0.6959 0.6252
vn -0.4523 -0.8579 0.2438
vn -0.5686 -0.8226 -0.0057
vn -0.4973 -0.8612 -0.1050
vn -0.3932 -0.9189 0.0313
vn -0.4838 -0.8466 -0.2218
vn -0.4251 -0.8357 -0.3477
vn -0.2724 -0.9285 -0.2522
vn -0.3054 -0.9394 -0.1556
vn -0.2526 -0.9637 0.0862
vn -0.5582 -0.8137 0.1621
vn -0.3119 -0.9265 0.2105
vn -0.1159 -0.9669 0.2272
vn -0.2150 -0.9211 0.3247
vn -0.0656 -0.9233 0.3784
vn -0.2948 -0.8549 0.4270
vn 0.0142 -0.8765 0.4812
vn 0.1500 -0.8049 0.5741
vn 0.0250 -0.7844 0.6198
vn 0.1742 -0.6802 0.7120
vn -0.1276 -0.7857 0.6053
vn 0.0402 -0.6585 0.7515
vn -0.2073 -0.6919 0.6916
vn -0.3792 -0.7174 0.5844
vn -0.2358 -0.5801 0.7797
vn -0.5297 -0.5677 0.6302
vn -0.3659 -0.5017 0.7838
vn -0.5540 -0.6460 0.5251
vn -0.6605 -0.5175 0.5439
vn -0.5555 -0.4440 0.7030
vn -0.6383 -0.4610 0.6165
vn -0.6139 -0.4361 0.6580
vn -0.6067 -0.4322 0.6672
vn -0.3971 -0.1681 0.9022
vn -0.6822 -0.4250 0.5949
vn -0.4154 -0.0957 0.9046
vn -0.4285 -0.3637 0.8271
vn -0.6465 -0.6068 0.4624
vn -0.4280 -0.3628 0.8278
vn -0.3513 -0.5165 0.7809
vn -0.4429 -0.7810 0.4403
vn -0.5634 -0.7441 0.3590
vn -0.4753 -0.8335 0.2818
vn -0.3738 -0.6365 0.6747
vn -0.0056 -0.3266 0.9452
vn -0.0038 -0.1507 0.9886
vn -0.0028 0.0061 1.0000
vn -0.0146 0.1105 0.9938
vn 0.5116 0.4812 0.7118
vn -0.1091 -0.0047 0.9940
vn -0.1244 0.0034 0.9922
vn -0.0674 0.0283 0.9973
vn 0.5368 0.6939 0.4800
vn 0.6144 0.6679 0.4201
vn 0.4003 0.4927 0.7727
vn 0.5559 0.7626 0.3309
vn 0.3070 0.6685 0.6774
vn 0.3035 0.5960 0.7434
vn 0.0214 0.4268 0.9041
vn 0.1468 0.5385 0.8298
vn -0.0900 0.1095 0.9899
vn -0.1861 0.1848 0.9650
vn -0.0061 -0.0483 0.9988
vn -0.1309 0.4053 0.9048
vn -0.2671 0.2737 0.9240
vn -0.4038 0.1734 0.8982
vn -0.3805 0.0480 0.9235
vn -0.4836 0.0209 0.8751
vn -0.4862 0.2001 0.8506
vn -0.5894 -0.0046 0.8078
vn -0.5836 0.0991 0.8060
vn -0.4140 0.5848 0.6975
vn -0.4521 -0.0914 0.8873
vn -0.2407 -0.0413 0.9697
vn -0.5566 0.3475 0.7546
vn -0.6064 0.1828 0.7739
vn -0.5306 0.2852 0.7982
vn -0.3864 0.7054 0.5943
vn -0.3633 0.3171 0.8760
vn -0.4234 0.4514 0.7855
vn -0.2546 0.4594 0.8510
vn 0.0333 0.5239 0.8511
vn 0.1308 0.6254 0.7693
vn 0.3637 0.7490 0.5538
vn 0.1878 0.7518 0.6321
vn 0.4220 0.8282 0.3688
vn 0.2782 0.8465 0.4539
vn -0.0229 0.7026 0.7112
vn -0.1249 0.5756 0.8082
vn 0.1287 0.8772 0.4626
vn -0.3516 0.5924 0.7249
vn -0.2294 0.6693 0.7067
vn -0.4967 0.5157 0.6981
vn -0.5664 0.3945 0.7236
vn -0.3024 0.8699 0.3898
vn 0.0187 0.9658 0.2586
vn 0.0229 0.9802 0.1968
vn 0.0065 0.9682 0.2500
vn 0.0204 0.9757 0.2180
vn 0.0261 0.9804 0.1951
vn 0.0118 0.9824 0.1864
vn 0.0225 0.9966 -0.0791
vn 0.0112 0.9967 -0.0803
vn 0.0155 0.9997 -0.0177
vn 0.0185 0.9967 -0.0793
vn 0.0318 0.9828 -0.1817
vn 0.3444 0.7325 -0.5872
vn 0.3190 0.7024 -0.6363
vn 0.5016 0.2649 -0.8235
vn 0.4096 0.1960 -0.8910
vn 0.3021 0.2204 -0.9275
vn 0.5031 0.0776 -0.8607
vn 0.3267 0.5620 -0.7598
vn 0.4779 0.3122 -0.8210
vn -0.0004 0.9002 -0.4355
vn 0.0270 0.7927 -0.6090
vn 0.0376 0.8790 -0.4754
vn -0.0032 0.9478 -0.3189
vn 0.0589 0.9390 -0.3388
vn -0.2407 0.9646 -0.1075
vn -0.2586 0.9641 0.0601
vn -0.1552 0.9360 -0.3159
vn -0.2383 0.9199 -0.3114
vn -0.3038 0.8699 -0.3885
vn 0.0009 0.7029 -0.7113
vn 0.0162 0.5929 -0.8051
vn 0.2995 0.3476 -0.8885
vn 0.4211 0.0512 -0.9056
vn 0.2076 0.3445 -0.9155
vn 0.2745 0.4122 -0.8688
vn 0.3631 0.0191 -0.9316
vn 0.4772 -0.0646 -0.8764
vn 0.2746 -0.0187 -0.9614
vn 0.3765 -0.1605 -0.9124
vn 0.4899 -0.2315 -0.8405
vn 0.4770 -0.1199 -0.8707
vn 0.1434 -0.0483 -0.9885
vn 0.2257 0.0707 -0.9716
vn 0.0915 0.1012 -0.9906
vn -0.0440 0.2508 -0.9670
vn -0.2001 0.2365 -0.9508
vn -0.3256 0.1817 -0.9279
vn -0.0805 0.0866 -0.9930
vn -0.5168 0.1159 -0.8482
vn -0.4097 0.1112 -0.9054
vn -0.4324 -0.0208 -0.9015
vn 0.0109 -0.9264 -0.3763
vn 0.0161 -0.8978 -0.4402
vn 0.0216 -0.9197 -0.3920
vn 0.0366 -0.7631 -0.6452
vn 0.0519 -0.7533 -0.6557
vn 0.0143 -0.7918 -0.6107
vn 0.0400 -0.9373 -0.3461
vn 0.0359 -0.9663 -0.2550
vn 0.0275 -0.9994 0.0229
vn -0.0223 -0.9997 0.0111
vn -0.0263 -0.9978 0.0605
vn -0.0131 -0.9998 -0.0153
vn -0.0194 -0.9887 0.1486
vn 0.0152 -0.9898 0.1414
vn 0.0179 -0.9947 0.1011
vn 0.0199 -0.9947 0.1005
vn -0.1791 -0.9678 -0.1766
vn -0.1833 -0.9814 0.0570
vn -0.4248 -0.8343 -0.3514
vn -0.4740 -0.7555 -0.4522
vn -0.3949 -0.8153 -0.4235
vn -0.1376 -0.9886 0.0611
vn -0.1217 -0.9826 -0.1399
vn 0.0152 -0.9837 0.1791
vn -0.0000 -1.0000 -0.0019
vn 0.0940 -0.9320 0.3502
vn 0.2493 -0.8397 0.4824
vn 0.2998 -0.7273 0.6173
vn 0.4544 -0.7296 0.5111
vn 0.4656 -0.6498 0.6008
vn 0.4163 -0.8200 0.3927
vn 0.2650 -0.8976 0.3521
vn 0.1565 -0.9547 0.2530
vn 0.1218 -0.9875 0.0996
vn 0.3464 -0.9134 0.2137
vn 0.4930 -0.8234 0.2808
vn 0.5317 -0.7490 0.3953
vn 0.3327 -0.9411 0.0612
vn 0.4778 -0.7962 0.3710
vn 0.2285 -0.9684 -0.1003
vn -0.0302 -0.9240 -0.3812
vn 0.3027 -0.9491 -0.0872
vn 0.5053 -0.8629 0.0030
vn 0.2629 -0.9626 0.0651
vn 0.4647 -0.8775 0.1185
vn 0.1234 -0.9890 -0.0816
vn 0.2442 -0.9657 -0.0885
vn 0.3320 -0.9433 0.0067
vn 0.5556 -0.7589 0.3398
vn 0.5200 -0.7943 0.3141
vn 0.5019 -0.7954 0.3398
vn 0.3198 -0.9117 -0.2578
vn 0.1912 -0.8826 -0.4294
vn 0.4081 -0.8520 -0.3279
vn 0.4804 -0.8770 -0.0005
vn 0.0058 -0.6384 -0.7697
vn 0.3430 -0.7798 -0.5237
vn 0.0035 -0.6522 -0.7580
vn 0.4781 -0.8636 -0.1599
vn 0.3265 -0.9197 -0.2182
vn 0.1379 -0.9426 -0.3042
vn 0.0105 -0.9754 -0.2203
vn -0.1375 -0.9549 -0.2630
vn -0.2654 -0.8854 -0.3817
vn -0.0613 -0.9248 -0.3754
vn -0.1513 -0.8556 -0.4950
vn -0.3069 -0.7987 -0.5175
vn -0.4063 -0.7443 -0.5301
vn -0.4976 -0.6540 -0.5699
vn -0.4366 -0.7673 -0.4697
vn -0.3151 -0.7097 -0.6301
vn -0.1841 -0.7767 -0.6023
vn -0.1655 -0.6849 -0.7096
vn -0.4422 -0.5662 -0.6956
vn -0.0828 -0.9789 -0.1870
vn -0.3175 -0.8263 -0.4653
vn -0.4493 -0.5100 -0.7335
vn -0.2723 -0.7534 -0.5985
vn -0.5110 -0.3797 -0.7712
vn -0.5034 -0.3498 -0.7901
vn -0.5504 -0.3551 -0.7556
vn -0.2855 -0.5526 -0.7830
vn -0.3634 -0.4248 -0.8292
vn -0.0723 -0.7378 -0.6711
vn 0.0676 -0.8694 -0.4894
vn 0.0860 -0.7922 -0.6041
vn -0.0075 -0.7515 -0.6597
vn 0.0507 -0.8100 -0.5842
vn -0.0214 -0.6828 -0.7303
vn 0.1527 -0.7607 -0.6309
vn 0.2693 -0.8790 -0.3934
vn 0.4596 -0.8528 -0.2478
vn 0.6021 -0.7738 -0.1969
vn 0.2977 -0.6838 -0.6662
vn 0.0023 -0.4933 -0.8699
vn -0.0053 -0.3063 -0.9519
vn 0.3085 -0.5441 -0.7803
vn 0.4829 -0.7967 -0.3633
vn 0.3738 -0.4359 -0.8187
vn 0.0030 -0.1739 -0.9848
vn 0.0009 -0.0716 -0.9974
vn 0.0308 -0.0123 -0.9994
vn 0.0180 0.0665 -0.9976
vn -0.0091 0.4308 -0.9024
vn -0.0031 0.4323 -0.9017
vn 0.0116 0.3797 -0.9251
vn 0.0277 0.4694 -0.8826
vn 0.0310 0.2970 -0.9544
vn -0.2468 0.6305 -0.7359
vn -0.2984 0.7633 -0.5729
vn -0.2851 0.6357 -0.7174
vn -0.0266 0.4661 -0.8843
vn -0.0183 0.3093 -0.9508
vn 0.2546 0.0585 -0.9653
vn 0.2485 -0.1045 -0.9630
vn 0.5094 -0.4472 -0.7352
vn 0.4725 -0.3370 -0.8144
vn 0.3052 -0.1906 -0.9330
vn 0.1197 -0.1291 -0.9844
vn 0.3708 -0.3383 -0.8649
vn 0.3435 -0.3704 -0.8630
vn 0.3735 -0.3847 -0.8441
vn 0.2617 -0.3574 -0.8966
vn 0.1263 -0.2761 -0.9528
vn -0.0128 -0.2416 -0.9703
vn -0.1125 -0.1055 -0.9880
vn 0.4001 -0.4617 -0.7917
vn 0.4634 -0.5574 -0.6889
vn 0.2971 -0.5151 -0.8040
vn 0.1098 -0.4251 -0.8985
vn -0.1344 -0.3971 -0.9079
vn -0.2297 -0.2455 -0.9418
vn 0.1572 -0.5454 -0.8233
vn -0.0968 -0.5232 -0.8467
vn 0.3483 -0.6105 -0.7113
vn 0.2236 -0.6715 -0.7064
vn 0.0514 -0.6412 -0.7656
vn 0.4025 -0.7056 -0.5832
vn 0.5243 -0.6197 -0.5841
vn 0.3365 -0.2464 -0.9089
vn 0.4239 -0.3176 -0.8482
vn 0.5217 -0.7088 -0.4748
vn 0.5648 -0.7259 -0.3926
vn 0.3017 -0.8052 -0.5106
vn -0.2855 -0.3953 -0.8730
vn -0.3998 -0.1939 -0.8959
vn -0.2821 -0.0875 -0.9554
vn -0.4659 -0.2942 -0.8345
vn -0.3058 -0.7277 -0.6140
vn -0.5245 -0.3473 -0.7773
vn -0.2355 -0.7613 -0.6041
vn -0.2802 -0.5461 -0.7895
vn -0.5373 -0.1981 -0.8198
vn -0.4035 -0.3262 -0.8549
vn -0.2605 0.0098 -0.9654
vn 0.0221 -0.8268 -0.5621
vn 0.0363 -0.7732 -0.6331
vn 0.0442 -0.7669 -0.6403
vn -0.1841 0.9450 0.2704
vn -0.6265 0.5404 0.5616
vn -0.6104 0.5118 0.6045
vn -0.6447 0.4970 0.5809
vn -0.5056 0.6277 0.5920
vn -0.3237 0.7167 0.6177
vn -0.1395 0.7777 0.6129
vn -0.3530 0.7634 0.5410
vn -0.4096 0.6412 0.6489
vn -0.4410 0.6527 0.6161
vn -0.3840 0.6750 0.6300
vn -0.3851 0.8859 0.2587
vn -0.4875 0.7681 0.4151
vn -0.3573 0.8149 0.4563
vn -0.1728 0.8347 0.5229
vn -0.0133 0.8859 0.4637
vn 0.0277 0.8375 0.5458
vn 0.2862 0.9059 0.3122
vn 0.4399 0.8728 0.2116
vn 0.0877 0.9463 0.3111
vn 0.3426 0.9299 0.1336
vn 0.5213 0.8053 0.2824
vn 0.6348 0.7198 0.2810
vn 0.6581 0.6907 0.2998
vn 0.6361 0.7104 0.3012
vn 0.2997 0.5922 0.7480
vn 0.3330 0.6422 0.6904
vn 0.0004 0.2026 0.9793
vn -0.0251 0.3558 0.9342
vn -0.0421 0.3288 0.9435
vn -0.0485 0.2789 0.9591
vn -0.0521 0.3354 0.9406
vn -0.0205 0.4710 0.8819
vn 0.0369 -0.0650 0.9972
vn 0.0499 -0.0457 0.9977
vn 0.0278 -0.0344 0.9990
vn -0.4613 0.8130 0.3554
vn -0.4511 0.8840 0.1224
vn -0.4344 0.8676 0.2419
vn -0.3954 0.8817 0.2576
vn -0.4218 0.8653 0.2706
vn -0.3101 0.8851 0.3471
vn -0.1622 0.9128 0.3749
vn -0.1105 0.9827 0.1485
vn -0.2443 0.9479 0.2045
vn -0.3830 0.9071 0.1746
vn -0.3392 0.9235 0.1792
vn -0.3579 0.9104 0.2076
vn -0.4540 0.8694 0.1948
vn -0.3691 0.9230 0.1085
vn -0.4336 0.8592 0.2715
vn -0.4666 0.8823 0.0624
vn -0.2820 0.8172 -0.5027
vn -0.2551 0.5775 -0.7755
vn 0.0325 0.1409 -0.9895
vn -0.0779 0.2014 -0.9764
vn 0.0317 -0.0273 -0.9991
vn 0.0507 -0.0370 -0.9980
vn 0.0280 0.0157 -0.9995
vn -0.2654 0.5036 -0.8221
vn 0.0559 -0.0035 -0.9984
vn 0.0821 0.0409 -0.9958
vn 0.0859 0.0520 -0.9949
vn -0.2027 0.2552 -0.9454
vn -0.1804 0.1337 -0.9745
vn -0.0352 -0.1856 -0.9820
vn -0.2535 -0.0342 -0.9667
vn -0.4213 0.4817 -0.7684
vn -0.4551 0.4358 -0.7765
vn -0.4520 0.5227 -0.7228
vn -0.4310 0.6128 -0.6623
vn -0.4847 0.6867 -0.5418
vn -0.3470 0.8440 -0.4089
vn -0.4290 0.8444 -0.3209
vn -0.2916 0.6895 -0.6630
vn -0.1955 0.7725 -0.6043
vn -0.1707 0.8494 -0.4995
vn -0.0371 0.7656 -0.6422
vn 0.1260 0.6450 -0.7537
vn 0.0706 0.8154 -0.5745
vn -0.0824 0.8839 -0.4603
vn 0.2222 0.6823 -0.6964
vn 0.3098 0.7286 -0.6109
vn 0.3399 0.5894 -0.7328
vn 0.0124 0.9102 -0.4139
vn -0.1384 0.9620 -0.2352
vn -0.2666 0.9207 -0.2850
vn -0.4095 0.8866 -0.2151
vn -0.4037 0.9133 -0.0533
vn -0.2499 0.9673 -0.0425
vn -0.5181 0.8500 -0.0952
vn -0.0495 0.9950 -0.0869
vn 0.0793 0.9950 0.0611
vn -0.0017 0.9708 -0.2400
vn 0.0799 0.9890 -0.1248
vn 0.2196 0.9713 -0.0909
vn 0.2569 0.9332 -0.2514
vn 0.0932 0.9441 -0.3161
vn 0.0761 0.9593 -0.2719
vn 0.0142 0.9608 -0.2770
vn 0.1923 0.9064 -0.3760
vn 0.2141 0.8496 -0.4819
vn 0.3329 0.8853 -0.3247
vn 0.3332 0.8643 -0.3767
vn 0.4101 0.8792 -0.2425
vn 0.4781 0.8268 -0.2963
vn 0.2792 0.9311 0.2347
vn 0.2537 0.9666 0.0369
vn 0.4888 0.7710 -0.4082
vn 0.3068 0.9417 -0.1382
vn 0.5341 0.6945 -0.4821
vn 0.3796 0.8934 -0.2404
vn 0.0819 0.9910 0.1057
vn -0.0232 0.8798 0.4747
vn -0.0014 0.8262 0.5634
vn -0.0262 0.8021 0.5966
vn 0.3073 0.9208 0.2404
vn 0.3282 0.8803 0.3426
vn -0.3847 0.3678 0.8466
vn -0.0214 0.6285 0.7775
vn 0.4771 0.8654 -0.1529
vn 0.4020 0.9121 -0.0798
vn 0.3794 0.9230 -0.0642
vn 0.3832 0.9179 -0.1032
vn 0.4359 0.8958 -0.0871
vn 0.3088 0.9470 -0.0886
vn 0.2476 0.9636 -0.1007
vn 0.3016 0.9445 -0.1298
vn 0.2566 0.9639 0.0705
vn 0.5101 0.8601 0.0013
vn 0.1277 0.9833 0.1297
vn -0.0119 0.1927 -0.9812
vn 0.5549 0.8128 0.1772
vn 0.3292 0.7624 0.5571
vn 0.5937 0.8046 0.0121
vn 0.3442 0.8342 0.4309
vn -0.2441 0.1870 0.9516
vn 0.0208 0.5595 0.8286
vn 0.0190 0.5658 0.8244
vn 0.0091 0.5277 0.8494
vn -0.4897 0.8447 -0.2160
vn -0.4542 0.8711 -0.1866
vn -0.5055 0.8441 -0.1787
vn 0.0025 -0.7960 -0.6053
vn -0.0100 -0.7210 -0.6929
vn 0.3408 0.7856 -0.5164
vn 0.3480 0.8001 -0.4886
vn 0.3127 0.8258 -0.4693
vn 0.2997 0.8226 -0.4833
vn 0.4521 0.7514 -0.4806
vn 0.4522 0.7718 -0.4471
vn 0.3932 0.7781 -0.4899
vn 0.4758 0.6699 -0.5700
vn 0.4948 0.5992 -0.6294
vn 0.0569 0.9909 0.1218
vn 0.0029 0.9820 0.1891
vn -0.0081 0.9167 0.3994
vn -0.0116 0.9300 0.3673
vn -0.0186 0.9170 0.3985
vn 0.0147 0.9579 0.2868
vn -0.0150 0.9287 0.3705
vn -0.0032 0.9160 0.4012
vn -0.0219 0.9288 0.3701
vn 0.1439 0.9240 0.3542
vn 0.1132 0.9205 0.3740
vn 0.1360 0.9313 0.3380
vn -0.5150 0.4516 0.7286
vn -0.3343 0.7115 0.6181
vn -0.3242 0.8039 0.4986
vn -0.3072 0.8081 0.5026
vn -0.4517 0.4595 0.7647
vn -0.5041 0.6512 0.5673
vn -0.4580 0.5473 0.7005
vn -0.1975 0.7221 0.6630
vn -0.3598 0.6441 0.6750
vn -0.3716 0.7084 0.6001
vn -0.2058 0.7904 0.5769
vn -0.4002 0.7841 0.4743
vn -0.1462 0.9052 0.3991
vn -0.3942 0.8585 0.3279
vn 0.0916 0.9569 0.2756
vn -0.2336 0.9408 0.2455
vn 0.0030 0.9849 0.1733
vn -0.1004 0.9948 0.0172
vn -0.3842 0.9176 0.1017
vn -0.2891 0.9531 -0.0896
vn -0.1794 0.9606 -0.2123
vn 0.0255 0.9885 -0.1492
vn -0.0618 0.9406 -0.3338
vn 0.1841 0.9395 -0.2891
vn 0.0371 0.8822 -0.4693
vn 0.1593 0.8948 -0.4170
vn -0.1404 0.8937 -0.4260
vn -0.2700 0.9153 -0.2987
vn -0.2952 0.8602 -0.4158
vn -0.3684 0.9002 -0.2322
vn -0.4623 0.8836 -0.0747
vn -0.4505 0.8558 -0.2541
vn -0.5975 0.7827 -0.1743
vn -0.4620 0.8102 -0.3607
vn -0.5282 0.8433 0.0991
vn -0.4816 0.8545 0.1946
vn -0.5078 0.7975 0.3259
vn -0.3373 0.9281 0.1579
vn -0.3845 0.8688 0.3120
vn -0.1560 0.9552 0.2516
vn -0.1592 0.9336 0.3212
vn 0.0037 0.9976 -0.0687
vn -0.0371 0.9941 -0.1021
vn -0.0068 0.9872 -0.1594
vn 0.0043 0.9574 -0.2886
vn -0.1002 0.9659 -0.2388
vn -0.3992 0.9122 0.0918
vn -0.0082 0.8846 -0.4662
vn -0.0075 0.8037 -0.5950
vn 0.1180 0.7658 -0.6322
vn 0.3229 0.7294 -0.6031
vn 0.3034 0.8338 -0.4612
vn 0.2925 0.5392 -0.7898
vn 0.4527 0.4586 -0.7647
vn 0.3196 0.4488 -0.8345
vn 0.5371 0.1133 -0.8359
vn 0.4635 0.0376 -0.8853
vn 0.4817 -0.0448 -0.8752
vn 0.3271 0.3417 -0.8810
vn 0.3554 0.2410 -0.9031
vn 0.5513 0.2174 -0.8055
vn 0.4999 0.3331 -0.7995
vn 0.5689 0.4562 -0.6843
vn 0.4535 0.4940 -0.7418
vn 0.7033 0.4152 -0.5770
vn 0.6845 0.4835 -0.5456
vn 0.6814 0.4330 -0.5900
vn 0.2838 0.9029 -0.3228
vn 0.0402 0.9989 0.0234
vn 0.2832 0.4613 -0.8408
vn -0.0349 0.6385 -0.7689
vn 0.1348 0.4158 -0.8994
vn -0.2770 0.5902 -0.7582
vn -0.0676 0.5210 -0.8509
vn -0.3465 0.5425 -0.7652
vn 0.3587 0.1305 -0.9243
vn 0.1720 0.2445 -0.9543
vn 0.1132 0.3099 -0.9440
vn 0.0512 0.4530 -0.8901
vn 0.0215 0.4063 -0.9135
vn 0.0540 0.3901 -0.9192
vn -0.1205 0.4196 -0.8997
vn -0.1862 0.5061 -0.8421
vn -0.3474 0.4442 -0.8258
vn -0.3087 0.2249 -0.9242
vn -0.4373 0.4209 -0.7947
vn -0.1082 0.3151 -0.9429
vn -0.0410 0.1739 -0.9839
vn 0.1066 0.0758 -0.9914
vn 0.3394 -0.0398 -0.9398
vn -0.2136 -0.2369 -0.9478
vn 0.4975 -0.1476 -0.8548
vn -0.0061 0.7221 -0.6918
vn -0.2040 0.9296 -0.3070
vn -0.3011 0.9221 -0.2432
vn -0.2765 0.7679 -0.5779
vn -0.0227 0.6391 -0.7688
vn -0.0163 0.4688 -0.8831
vn -0.0308 0.5520 -0.8333
vn 0.1384 0.4281 -0.8931
vn 0.4810 0.0510 -0.8752
vn 0.1762 0.1473 -0.9733
vn -0.3187 0.3169 -0.8933
vn -0.2340 0.2060 -0.9502
vn -0.4844 0.2476 -0.8391
vn -0.2408 -0.1559 -0.9580
vn -0.3622 0.1546 -0.9192
vn -0.1914 0.0256 -0.9812
vn -0.0611 -0.0073 -0.9981
vn -0.0244 -0.1825 -0.9829
vn -0.1463 -0.1416 -0.9791
vn -0.2759 -0.0626 -0.9591
vn -0.4710 0.0631 -0.8799
vn -0.4388 -0.0196 -0.8984
vn -0.2859 -0.3701 -0.8839
vn -0.2870 -0.2960 -0.9111
vn 0.0285 -0.6953 -0.7182
vn -0.2566 -0.4930 -0.8314
vn -0.4036 -0.1434 -0.9036
vn -0.2687 -0.5745 -0.7731
vn -0.4778 -0.2044 -0.8544
vn -0.2237 -0.2375 -0.9453
vn -0.0494 -0.3565 -0.9330
vn 0.0608 -0.3170 -0.9465
vn -0.2253 -0.3751 -0.8992
vn -0.3429 -0.3082 -0.8874
vn -0.1168 -0.4896 -0.8641
vn -0.3296 -0.1936 -0.9241
vn -0.3781 -0.2082 -0.9021
vn -0.3383 -0.2699 -0.9015
vn -0.4069 -0.3622 -0.8386
vn -0.3060 -0.6453 -0.7000
vn -0.3065 -0.7538 -0.5812
vn -0.2750 -0.5191 -0.8092
vn -0.1760 -0.6165 -0.7674
vn -0.0079 -0.6259 -0.7799
vn -0.4405 -0.4940 -0.7496
vn -0.5562 -0.3750 -0.7416
vn -0.2406 -0.8628 -0.4447
vn -0.5156 -0.4761 -0.7124
vn -0.4697 -0.5039 -0.7249
vn -0.4832 -0.4717 -0.7376
vn -0.3249 -0.8664 -0.3792
vn -0.5341 -0.5748 -0.6200
vn -0.3878 -0.6207 -0.6815
vn -0.2342 -0.7331 -0.6385
vn -0.4911 -0.6818 -0.5422
vn -0.3191 -0.9177 -0.2365
vn -0.3021 -0.7766 -0.5528
vn -0.1447 -0.8451 -0.5147
vn -0.0627 -0.7378 -0.6721
vn -0.0477 -0.8298 -0.5560
vn 0.0829 -0.8245 -0.5598
vn 0.0906 -0.6976 -0.7108
vn 0.1952 -0.7864 -0.5860
vn 0.1086 -0.9242 -0.3661
vn -0.0458 -0.9178 -0.3944
vn -0.2313 -0.8619 -0.4513
vn -0.3195 -0.8468 -0.4254
vn -0.4406 -0.7365 -0.5133
vn -0.2328 -0.9712 -0.0503
vn -0.2408 -0.9125 -0.3308
vn -0.0244 -0.9758 -0.2173
vn -0.2582 -0.9411 -0.2181
vn -0.4204 -0.8631 -0.2800
vn -0.0624 -0.9947 -0.0815
vn -0.3490 -0.9319 -0.0983
vn -0.4957 -0.8142 -0.3024
vn -0.4303 -0.8280 -0.3597
vn -0.4383 -0.8020 -0.4058
vn -0.4586 -0.8168 -0.3500
vn -0.5242 -0.7113 -0.4682
vn -0.5361 -0.7223 -0.4370
vn -0.5116 -0.7219 -0.4660
vn -0.2945 -0.9530 0.0705
vn -0.3044 -0.9386 0.1624
vn -0.4897 -0.8502 -0.1933
vn -0.3624 -0.9194 -0.1529
vn -0.3923 -0.9033 -0.1736
vn -0.4105 -0.9022 -0.1321
vn -0.5268 -0.8498 -0.0188
vn -0.3219 -0.9465 0.0211
vn -0.3087 -0.8989 0.3109
vn -0.3380 -0.8189 0.4638
vn -0.5235 -0.8488 0.0738
vn -0.2271 -0.6544 0.7213
vn -0.0119 -0.6902 0.7236
vn 0.0013 -0.5550 0.8318
vn -0.5626 -0.8011 0.2042
vn -0.2856 -0.5978 0.7491
vn -0.6662 -0.7055 0.2418
vn -0.6726 -0.6983 0.2449
vn -0.6659 -0.6850 0.2956
vn -0.5257 -0.7816 0.3359
vn -0.4361 -0.8816 0.1809
vn -0.2625 -0.9347 0.2395
vn -0.1258 -0.9875 0.0953
vn -0.0708 -0.9596 0.2724
vn 0.0338 -0.9823 0.1843
vn 0.1618 -0.9842 0.0721
vn 0.0931 -0.9893 -0.1122
vn 0.3246 -0.9125 0.2491
vn 0.4287 -0.8903 0.1533
vn 0.2738 -0.9617 -0.0125
vn 0.5375 -0.7971 0.2751
vn 0.5360 -0.8256 0.1763
vn 0.4613 -0.8861 0.0453
vn 0.3512 -0.8884 -0.2956
vn 0.2983 -0.8644 -0.4048
vn -0.0075 -0.6325 -0.7745
vn 0.2807 -0.8061 -0.5210
vn -0.0039 -0.5219 -0.8530
vn 0.2701 -0.7355 -0.6214
vn -0.0113 -0.3936 -0.9192
vn 0.0188 -0.5176 -0.8554
vn 0.0326 -0.4726 -0.8807
vn 0.0043 -0.5160 -0.8566
vn 0.5296 -0.8327 -0.1618
vn 0.3858 -0.9155 -0.1142
vn 0.2273 -0.9502 -0.2131
vn 0.2162 -0.8926 -0.3956
vn 0.3936 -0.8789 -0.2694
vn 0.3132 -0.8017 -0.5090
vn 0.4616 -0.8055 -0.3715
vn 0.5028 -0.8321 -0.2343
vn 0.4458 -0.7621 -0.4695
vn 0.2387 -0.6933 -0.6800
vn 0.1782 -0.5831 -0.7926
vn 0.0317 -0.5366 -0.8432
vn 0.1758 -0.4734 -0.8631
vn 0.1521 -0.3977 -0.9048
vn 0.3490 -0.5903 -0.7279
vn 0.2980 -0.4893 -0.8196
vn 0.3051 -0.3624 -0.8807
vn 0.1794 -0.1912 -0.9650
vn 0.3968 -0.2251 -0.8899
vn 0.4885 -0.3349 -0.8057
vn 0.3805 -0.4530 -0.8062
vn 0.4065 -0.5401 -0.7369
vn 0.4298 -0.4668 -0.7729
vn 0.4488 -0.5971 -0.6648
vn 0.4456 -0.6997 -0.5585
vn 0.3922 -0.4673 -0.7923
vn 0.1009 -0.4894 -0.8662
vn 0.5838 -0.7449 -0.3228
vn 0.6210 -0.7382 -0.2634
vn 0.6226 -0.7186 -0.3099
vn 0.5783 -0.7515 -0.3176
vn -0.0366 -0.2865 -0.9574
vn -0.0034 -0.2457 -0.9693
vn -0.0204 -0.2449 -0.9693
vn 0.0359 -0.1574 -0.9869
vn 0.0309 -0.2271 -0.9734
vn -0.3055 0.3552 -0.8835
vn 0.0260 0.0197 -0.9995
vn 0.0281 0.0276 -0.9992
vn 0.0258 -0.0279 -0.9993
vn 0.0270 0.0170 -0.9995
vn 0.0310 -0.0297 -0.9991
vn 0.0283 -0.0459 -0.9985
vn -0.0044 0.0496 -0.9988
vn -0.4973 0.5769 -0.6480
vn -0.3618 0.4581 -0.8119
vn 0.0249 0.0055 -0.9997
vn -0.0082 0.1182 -0.9930
vn -0.5904 0.7090 -0.3858
vn -0.3740 0.5595 -0.7396
vn -0.5175 0.7879 -0.3338
vn -0.3274 0.7837 -0.5278
vn -0.3422 0.6393 -0.6886
vn -0.6304 0.7753 -0.0397
vn -0.4508 0.8908 0.0562
vn -0.4672 0.8791 0.0944
vn -0.4966 0.8666 0.0488
vn -0.3516 0.8609 -0.3677
vn 0.1605 -0.9866 0.0289
vn 0.3196 -0.9056 0.2789
vn 0.4487 -0.7437 0.4956
vn 0.3072 -0.6117 0.7290
vn 0.4657 -0.5579 0.6870
vn 0.3178 -0.8653 0.3877
vn 0.5228 -0.4626 0.7160
vn 0.3519 -0.8213 0.4491
vn 0.2941 -0.8148 0.4997
vn -0.0209 -0.9997 -0.0123
vn -0.0083 -0.9744 0.2245
vn -0.0109 -0.9975 0.0692
vn 0.0086 -0.9970 -0.0772
vn 0.0110 -0.9827 -0.1847
vn 0.0017 -0.9756 -0.2196
vn -0.0395 -0.9895 -0.1393
vn -0.0361 -0.9976 -0.0599
vn -0.0410 -0.9872 -0.1541
vn 0.0163 -0.9522 0.3049
vn -0.0047 -0.8666 0.4989
vn 0.0131 -0.7967 0.6043
vn -0.0077 -0.9182 0.3960
vn 0.2923 -0.7659 0.5726
vn 0.4123 -0.5291 0.7417
vn -0.0232 -0.8801 0.4742
vn -0.0282 -0.8803 0.4736
vn -0.0324 -0.9008 0.4330
vn 0.6196 -0.3041 0.7236
vn 0.6437 -0.1531 0.7498
vn 0.5474 -0.3571 0.7568
vn 0.5156 -0.2022 0.8326
vn 0.5167 -0.3961 0.7590
vn 0.5260 -0.3834 0.7592
vn 0.5636 -0.3835 0.7317
vn 0.4208 -0.4513 0.7869
vn 0.2268 -0.5203 0.8233
vn 0.3550 -0.3117 0.8814
vn 0.3928 -0.1095 0.9131
vn 0.1834 -0.1582 0.9702
vn 0.1098 -0.4324 0.8950
vn 0.0064 -0.5318 0.8469
vn -0.1585 -0.4467 0.8805
vn -0.5388 -0.4151 0.7331
vn -0.3283 -0.3488 0.8778
vn -0.0126 -0.2972 0.9547
vn -0.0703 -0.1761 0.9819
vn -0.3410 -0.2479 0.9068
vn -0.4784 -0.3170 0.8189
vn -0.6042 -0.3393 0.7210
vn -0.5634 -0.1625 0.8100
vn -0.3824 0.1762 0.9070
vn -0.3513 0.3248 0.8781
vn -0.5600 0.3168 0.7656
vn -0.3759 0.4962 0.7826
vn -0.5433 0.2251 0.8088
vn -0.5389 0.1683 0.8254
vn -0.4652 0.3399 0.8174
vn -0.3351 0.4041 0.8511
vn -0.2686 0.5465 0.7932
vn -0.0590 0.7960 0.6023
vn 0.0219 0.8927 0.4502
vn 0.0849 0.8614 0.5008
vn 0.1477 0.9878 0.0499
vn 0.2472 0.9537 0.1711
vn 0.4405 0.8959 0.0578
vn 0.3577 0.9318 -0.0612
vn 0.2075 0.9098 0.3595
vn 0.2511 0.9434 0.2168
vn 0.2685 0.8239 0.4991
vn 0.3796 0.8615 0.3371
vn 0.2930 0.8821 0.3689
vn 0.3453 0.8780 0.3315
vn 0.3037 0.8659 0.3975
vn 0.4779 0.7675 0.4272
vn 0.0811 0.7751 0.6266
vn -0.0931 0.6735 0.7333
vn -0.1027 0.5447 0.8323
vn -0.2613 0.4141 0.8719
vn -0.3890 0.3017 0.8704
vn 0.0182 0.6433 0.7654
vn 0.2439 0.7329 0.6352
vn 0.4163 0.7102 0.5677
vn 0.5320 0.8067 0.2571
vn 0.4787 0.8556 0.1969
vn 0.4246 0.8864 0.1843
vn 0.5609 0.8168 0.1353
vn 0.3958 0.9081 0.1364
vn 0.4169 0.9058 0.0750
vn 0.4531 0.8847 0.1093
vn 0.2825 0.6227 0.7297
vn 0.6767 0.7199 0.1541
vn 0.6620 0.7342 0.1504
vn 0.6454 0.7494 0.1478
vn 0.5524 0.8250 0.1192
vn 0.4943 0.8431 0.2119
vn 0.5244 0.8513 -0.0168
vn 0.4977 0.8541 -0.1510
vn 0.3574 0.8576 0.3699
vn 0.2894 0.9186 0.2690
vn -0.0098 0.5589 0.8292
vn 0.0186 0.5982 0.8011
vn 0.0060 0.5863 0.8101
vn 0.0087 0.4574 0.8892
vn 0.0118 0.3740 0.9273
vn -0.0047 0.2418 0.9703
vn 0.5811 0.7248 0.3702
vn 0.5983 0.6547 0.4620
vn 0.3817 0.4596 0.8019
vn -0.0070 0.0824 0.9966
vn -0.0215 0.0358 0.9991
vn 0.3926 0.3159 0.8638
vn 0.6131 0.5660 0.5511
vn 0.4738 0.6643 0.5781
vn 0.4826 0.6804 0.5516
vn 0.5253 0.6433 0.5569
vn 0.3505 0.6465 0.6776
vn 0.4731 0.5584 0.6814
vn 0.1773 0.5699 0.8024
vn 0.1859 0.6043 0.7748
vn 0.2516 0.6392 0.7267
vn 0.2760 0.6017 0.7495
vn -0.0154 0.4598 0.8879
vn 0.3898 0.5281 0.7544
vn -0.2145 0.2912 0.9323
vn -0.3866 0.1492 0.9101
vn -0.5900 0.0327 0.8068
vn -0.4101 0.0032 0.9120
vn -0.6390 -0.0892 0.7640
vn -0.5258 -0.0957 0.8452
vn -0.6230 -0.1807 0.7611
vn -0.4748 -0.1805 0.8614
vn -0.2788 -0.1396 0.9502
vn -0.1757 -0.0035 0.9844
vn -0.2439 0.1161 0.9628
vn -0.0935 0.1107 0.9894
vn -0.0521 0.2843 0.9573
vn 0.1581 0.3680 0.9163
vn 0.2799 0.4619 0.8416
vn 0.5308 0.4415 0.7235
vn 0.3208 0.1942 0.9270
vn -0.0538 0.0134 0.9985
vn -0.0097 -0.0185 0.9998
vn -0.0466 0.0087 0.9989
vn -0.0104 -0.0818 0.9966
vn -0.0015 -0.2223 0.9750
vn 0.2562 0.0455 0.9656
vn -0.0132 -0.3947 0.9187
vn -0.0433 -0.5791 0.8141
vn 0.3373 -0.0797 0.9380
vn 0.3488 0.0902 0.9328
vn 0.4376 0.3660 0.8213
vn 0.5941 0.2724 0.7569
vn 0.2649 0.3188 0.9100
vn 0.1105 0.2064 0.9722
vn 0.0618 0.0086 0.9981
vn 0.2743 0.0541 0.9601
vn 0.5219 -0.0334 0.8524
vn 0.4481 0.0525 0.8924
vn 0.4964 0.0298 0.8676
vn 0.4465 -0.0072 0.8948
vn 0.4684 0.0882 0.8791
vn 0.5332 -0.4440 0.7201
vn 0.3518 -0.5217 0.7772
vn -0.0215 -0.8132 0.5815
vn 0.2822 -0.4862 0.8270
vn 0.5273 0.1202 0.8411
vn 0.5473 0.1412 0.8250
vn 0.5599 0.0974 0.8228
vn 0.5567 0.1327 0.8200
vn 0.3682 0.1795 0.9122
vn 0.5171 0.2387 0.8220
vn 0.3457 -0.3003 0.8890
vn -0.0404 -0.7215 0.6913
vn -0.0041 -0.8623 -0.5063
vn 0.0347 -0.8669 -0.4973
vn 0.0144 -0.9364 -0.3506
vn -0.0359 -0.9541 -0.2973
vn -0.0236 -0.9700 -0.2422
vn -0.0279 -0.9541 -0.2982
vn -0.0333 -0.9906 -0.1325
vn -0.0238 -0.9994 -0.0254
vn -0.0094 -0.9994 -0.0335
vn -0.0806 -0.9967 -0.0016
vn -0.0285 0.4284 -0.9031
vn 0.0520 0.3305 -0.9424
vn -0.0131 0.3115 -0.9501
vn -0.0109 0.5773 -0.8165
vn 0.0285 0.5684 -0.8222
vn 0.0233 0.5624 -0.8266
vn 0.5185 -0.4138 -0.7483
vn 0.4882 -0.4417 -0.7528
vn 0.5190 -0.4033 -0.7537
vn 0.2652 -0.2458 -0.9323
vn 0.1324 0.0130 -0.9911
vn 0.4860 -0.4975 -0.7185
vn 0.2557 -0.2980 -0.9197
vn -0.0789 -0.1249 -0.9890
vn -0.0582 -0.0374 -0.9976
vn -0.0359 -0.0086 -0.9993
vn -0.0585 -0.0275 -0.9979
vn -0.0949 -0.1805 -0.9790
vn -0.0261 -0.3247 -0.9455
vn -0.0019 -0.2850 -0.9585
vn -0.0174 -0.3195 -0.9474
vn 0.0175 -0.1607 -0.9868
vn -0.0114 -0.1309 -0.9913
vn 0.0139 -0.1623 -0.9866
vn 0.0127 -0.0790 -0.9968
vn -0.0171 -0.1248 -0.9920
vn -0.0057 -0.1277 -0.9918
vn -0.0125 0.0171 -0.9998
vn -0.0315 0.2882 -0.9570
vn -0.0392 0.2188 -0.9750
vn -0.0487 0.2191 -0.9745
vn -0.3378 -0.1746 0.9249
vn 0.0055 -0.0673 0.9977
vn -0.3946 -0.4932 0.7753
vn -0.3666 -0.5342 0.7617
vn 0.2633 0.9539 -0.1443
vn 0.3813 0.8954 -0.2301
vn 0.3068 0.8824 -0.3567
vn 0.3653 0.8311 -0.4193
vn 0.3959 0.8344 -0.3834
vn 0.3359 0.8647 -0.3735
vn 0.4532 0.8285 -0.3290
vn 0.2409 0.9503 0.1973
vn -0.3773 -0.4142 0.8283
vn -0.1362 0.2556 0.9572
vn -0.3018 -0.0647 0.9512
vn 0.0039 0.5477 0.8366
vn -0.0042 0.6816 0.7318
vn -0.0092 0.7901 0.6130
vn -0.0218 0.8606 0.5088
vn 0.2499 0.9666 0.0564
vn 0.2473 0.9688 -0.0142
vn -0.0300 0.9618 0.2721
vn -0.0096 0.9863 0.1647
vn -0.0352 0.9750 0.2194
vn 0.0060 0.9868 0.1618
vn 0.4147 0.8158 -0.4032
vn -0.4402 0.7927 0.4218
vn -0.4330 0.7003 0.5675
vn -0.4522 0.6187 0.6425
vn -0.4245 0.5566 0.7142
vn -0.3090 0.5279 0.7911
vn -0.3910 0.3150 0.8648
vn -0.3518 0.1667 0.9211
vn -0.4789 -0.1469 0.8655
vn -0.5715 -0.3529 0.7408
vn -0.5555 -0.4384 0.7066
vn -0.5633 -0.2591 0.7846
vn -0.4661 -0.3045 0.8307
vn -0.4261 -0.1724 0.8881
vn -0.5242 -0.1596 0.8365
vn -0.3874 -0.0150 0.9218
vn -0.3131 -0.2140 0.9253
vn -0.3092 -0.3371 0.8892
vn -0.2698 -0.0179 0.9628
vn -0.0910 -0.0995 0.9909
vn -0.1030 0.1007 0.9896
vn -0.2617 0.2246 0.9386
vn -0.4252 0.1290 0.8959
vn -0.5629 -0.0411 0.8255
vn -0.0514 0.3162 0.9473
vn -0.1300 0.4745 0.8706
vn -0.3599 0.3909 0.8472
vn -0.2652 0.5952 0.7586
vn -0.0740 0.6845 0.7252
vn -0.1664 0.7493 0.6409
vn -0.0358 0.8227 0.5674
vn -0.4231 0.4681 0.7758
vn -0.3028 0.7045 0.6419
vn -0.4139 0.5791 0.7024
vn -0.5241 0.3456 0.7784
vn -0.4789 0.2814 0.8316
vn -0.5635 0.1298 0.8159
vn -0.6770 0.0323 0.7352
vn -0.6840 -0.0815 0.7249
vn -0.7254 0.0386 0.6873
vn -0.7082 0.0836 0.7011
vn -0.6692 0.1883 0.7189
vn -0.5179 0.4546 0.7246
vn -0.6557 0.2537 0.7111
vn -0.6216 0.2626 0.7380
vn -0.6189 0.2112 0.7566
vn -0.6142 0.5259 0.5883
vn -0.6026 0.3914 0.6954
vn -0.3231 0.9408 -0.1024
vn -0.5180 0.8473 0.1171
vn -0.6320 0.5368 0.5590
vn -0.5064 0.5201 0.6878
vn -0.4739 0.6590 0.5841
vn -0.3655 0.7695 0.5236
vn -0.1452 0.8423 0.5191
vn -0.2052 0.8796 0.4291
vn 0.0454 0.9190 0.3917
vn -0.0840 0.9690 0.2325
vn -0.3064 0.8977 0.3167
vn -0.5852 0.5404 0.6046
vn -0.6184 0.7472 0.2435
vn -0.6739 0.7304 0.1109
vn -0.5619 0.6750 0.4782
vn -0.6809 0.5771 0.4509
vn -0.7235 0.6792 0.1230
vn -0.4536 0.7703 0.4481
vn -0.6358 0.6653 0.3913
vn -0.4868 0.8341 0.2593
vn -0.1925 0.9438 0.2688
vn -0.3896 0.9138 0.1151
vn -0.6107 0.7601 0.2222
vn -0.8990 0.4379 -0.0026
vn -0.9160 0.4011 0.0046
vn -0.7980 0.5827 0.1537
vn -0.7121 0.6786 -0.1801
vn -0.9229 0.3774 0.0770
vn -0.8666 0.3424 -0.3630
vn -0.8775 -0.2508 -0.4087
vn -0.9315 -0.3197 -0.1736
vn -0.9889 0.1465 0.0228
vn -0.5663 -0.7874 -0.2436
vn -0.9128 -0.3892 -0.1240
vn -0.9930 -0.0920 -0.0739
vn -0.8510 -0.4508 -0.2693
vn -0.9883 -0.1517 -0.0160
vn -0.8068 0.5855 -0.0788
vn -0.8361 0.5452 -0.0617
vn -0.2522 0.9630 0.0955
vn -0.0117 0.9977 0.0661
vn 0.0497 0.9787 0.1993
vn 0.1673 0.9421 0.2906
vn 0.2325 0.9564 0.1767
vn 0.1977 0.8787 0.4346
vn 0.0766 0.7947 0.6021
vn 0.0504 0.6587 0.7507
vn 0.2450 0.6890 0.6821
vn 0.0503 0.4917 0.8693
vn 0.2149 0.5696 0.7933
vn 0.1933 0.3801 0.9045
vn 0.0301 0.2151 0.9761
vn 0.2076 0.1587 0.9653
vn 0.4354 0.3958 0.8086
vn 0.4105 0.5283 0.7432
vn 0.2833 0.7888 0.5455
vn 0.3687 0.6927 0.6199
vn 0.3372 0.8507 0.4032
vn 0.0754 0.4536 0.8880
vn 0.0094 0.7062 0.7080
vn -0.0388 0.8073 0.5889
vn 0.2885 0.6463 0.7064
vn -0.6194 0.5943 0.5130
vn -0.7775 0.6044 0.1739
vn -0.9736 -0.1926 0.1224
vn -0.9661 -0.2421 -0.0901
vn -0.7377 -0.5334 -0.4138
vn -0.5897 -0.7047 -0.3945
vn -0.3559 -0.7923 -0.4956
vn -0.8108 -0.5798 -0.0803
vn -0.9383 -0.3278 0.1101
vn -0.8774 -0.2231 0.4246
vn -0.4591 0.5746 0.6775
vn -0.7236 -0.3374 0.6021
vn -0.3490 -0.3245 0.8792
vn -0.5490 -0.3712 0.7489
vn -0.5196 -0.3979 0.7561
vn -0.5412 -0.3786 0.7508
vn -0.4515 -0.4597 0.7647
vn -0.4431 -0.4668 0.7653
vn -0.4795 -0.4489 0.7540
vn -0.5035 -0.3767 0.7776
vn -0.4690 -0.4106 0.7820
vn -0.4992 -0.3835 0.7770
vn -0.6342 -0.4062 0.6579
vn -0.3610 -0.5137 0.7783
vn -0.6486 -0.6779 0.3460
vn -0.0045 0.0196 0.9998
vn -0.2851 -0.3874 0.8767
vn 0.1808 0.2390 0.9540
vn 0.0497 -0.2351 0.9707
vn 0.4214 0.2773 0.8634
vn 0.3354 -0.0721 0.9393
vn -0.0503 -0.4752 0.8784
vn 0.4407 0.2373 0.8657
vn 0.3727 -0.1127 0.9211
vn 0.5001 -0.0997 0.8602
vn 0.3982 0.0625 0.9152
vn 0.3015 0.2522 0.9195
vn 0.0813 0.0212 0.9965
vn 0.2501 -0.0346 0.9676
vn 0.1537 -0.1741 0.9727
vn 0.3937 -0.1387 0.9087
vn -0.0498 -0.3157 0.9476
vn -0.4261 -0.4196 0.8015
vn -0.3429 -0.4899 0.8015
vn -0.4058 -0.5493 0.7305
vn -0.1078 -0.4775 0.8720
vn -0.5605 -0.5181 0.6461
vn -0.3737 -0.6715 0.6398
vn -0.6475 -0.4057 0.6450
vn -0.6224 -0.5499 0.5570
vn -0.3806 -0.2680 0.8850
vn -0.5277 -0.6839 0.5037
vn -0.6203 -0.6854 0.3814
vn -0.4013 -0.7826 0.4760
vn -0.1973 -0.6209 0.7587
vn 0.0781 -0.3894 0.9177
vn 0.0470 -0.5484 0.8349
vn 0.2071 -0.3962 0.8945
vn 0.4237 -0.2911 0.8577
vn 0.5374 -0.2170 0.8149
vn 0.3962 -0.3966 0.8281
vn 0.3459 -0.3854 0.8554
vn 0.3913 -0.3366 0.8565
vn 0.3621 -0.4445 0.8193
vn 0.3163 -0.4945 0.8096
vn 0.2902 -0.4631 0.8374
vn 0.4695 -0.4180 0.7777
vn 0.5809 -0.2853 0.7623
vn 0.2945 -0.6820 0.6694
vn 0.2377 -0.5973 0.7659
vn 0.3548 -0.7404 0.5709
vn 0.5453 -0.4856 0.6833
vn 0.2805 -0.5247 0.8037
vn 0.1353 -0.6305 0.7643
vn 0.3629 -0.5867 0.7239
vn 0.2220 -0.6926 0.6863
vn 0.3734 -0.8412 0.3911
vn 0.6091 -0.5537 0.5679
vn 0.4409 -0.6386 0.6307
vn 0.0954 -0.7999 0.5925
vn -0.0678 -0.7407 0.6683
vn -0.0442 -0.8622 0.5046
vn 0.2821 -0.7865 0.5495
vn 0.5475 -0.6399 0.5392
vn 0.2550 -0.9448 0.2059
vn 0.4333 -0.8263 0.3598
vn 0.2540 -0.9640 0.0792
vn 0.4196 -0.7516 0.5089
vn 0.4518 -0.8600 0.2372
vn 0.1827 -0.9599 -0.2128
vn 0.3337 -0.9426 0.0126
vn 0.2609 -0.8764 0.4048
vn 0.0707 -0.9078 0.4133
vn -0.1482 -0.9153 0.3746
vn -0.2044 -0.8467 0.4912
vn -0.2701 -0.7585 0.5931
vn -0.3671 -0.8552 0.3658
vn 0.0770 -0.9537 0.2907
vn 0.4343 -0.8026 0.4089
vn 0.4831 0.7697 -0.4173
vn 0.3673 0.8179 -0.4428
vn 0.4489 0.6993 -0.5563
vn 0.5361 0.5902 -0.6036
vn 0.3161 0.8975 -0.3076
vn -0.2245 0.9644 0.1399
vn 0.1614 0.9553 -0.2478
vn -0.0490 0.9818 -0.1834
vn -0.2338 0.9215 -0.3101
vn -0.0643 0.9501 -0.3054
vn 0.3376 0.7857 -0.5183
vn -0.1109 0.9913 -0.0710
vn 0.5691 0.5558 -0.6060
vn 0.6099 0.5661 -0.5546
vn 0.5785 0.6052 -0.5468
vn 0.4277 0.5824 -0.6913
vn 0.6044 0.4740 -0.6403
vn 0.6204 0.5279 -0.5800
vn 0.5685 0.5177 -0.6394
vn 0.5338 0.3157 -0.7844
vn 0.4774 0.4884 -0.7304
vn 0.4723 0.4627 -0.7502
vn 0.5359 0.4500 -0.7144
vn 0.3365 0.6712 -0.6605
vn -0.0910 0.9306 -0.3545
vn -0.1540 0.8388 -0.5222
vn -0.1827 0.8233 -0.5374
vn -0.1504 0.8483 -0.5078
vn -0.4328 0.8817 -0.1880
vn -0.2211 0.7792 -0.5865
vn -0.4351 0.8132 -0.3864
vn -0.2303 0.7257 -0.6484
vn -0.2780 0.7074 -0.6498
vn -0.5123 0.7826 -0.3537
vn -0.0427 0.4465 -0.8938
vn -0.0682 0.0661 -0.9955
vn -0.4614 0.7415 -0.4871
vn 0.0840 0.0767 -0.9935
vn -0.2456 0.0580 -0.9676
vn 0.1123 -0.6580 -0.7446
vn -0.4042 0.6310 -0.6622
vn -0.4129 -0.1681 -0.8951
vn -0.1956 -0.3709 -0.9078
vn -0.6531 0.1973 -0.7312
vn -0.6128 -0.5808 -0.5360
vn -0.4713 -0.8035 -0.3638
vn 0.0960 -0.7944 -0.5998
vn 0.2302 -0.5903 -0.7736
vn 0.0912 -0.6724 -0.7346
vn 0.3418 -0.2815 -0.8966
vn 0.2999 -0.4364 -0.8483
vn 0.4039 -0.3151 -0.8588
vn 0.3079 -0.0224 -0.9511
vn 0.1685 -0.3900 -0.9053
vn 0.2148 -0.2376 -0.9473
vn 0.3674 -0.1349 -0.9202
vn 0.0807 -0.5482 -0.8324
vn -0.1006 -0.5948 -0.7976
vn -0.0988 -0.4237 -0.9004
vn 0.0048 -0.7344 -0.6787
vn -0.0016 -0.2268 -0.9739
vn -0.2746 -0.5745 -0.7711
vn -0.3380 -0.3778 -0.8620
vn -0.2077 -0.6686 -0.7141
vn -0.1974 -0.7491 -0.6324
vn -0.1018 -0.7519 -0.6513
vn -0.1091 -0.7072 -0.6985
vn -0.1575 -0.7560 -0.6354
vn -0.0650 -0.7884 -0.6117
vn -0.0139 -0.8312 -0.5558
vn 0.0377 -0.9238 -0.3811
vn -0.1000 -0.9084 -0.4059
vn -0.0143 -0.9374 -0.3481
vn -0.1703 -0.8909 -0.4211
vn -0.1477 -0.8621 -0.4848
vn -0.2789 -0.8440 -0.4581
vn -0.3574 -0.8483 -0.3908
vn -0.1036 -0.8197 -0.5633
vn -0.1109 -0.7923 -0.6000
vn -0.1561 -0.8184 -0.5531
vn -0.2622 -0.7887 -0.5561
vn -0.3094 -0.6893 -0.6551
vn -0.4314 -0.4937 -0.7551
vn -0.4144 -0.5976 -0.6864
vn -0.2070 -0.2528 -0.9451
vn -0.5035 -0.3650 -0.7831
vn -0.4493 -0.2397 -0.8606
vn -0.3497 -0.1844 -0.9185
vn -0.5589 -0.4080 -0.7219
vn -0.5341 -0.4947 -0.6856
vn -0.6062 -0.3667 -0.7057
vn -0.6462 -0.3195 -0.6931
vn -0.6334 -0.2920 -0.7166
vn -0.5918 -0.2574 -0.7639
vn -0.6213 -0.1607 -0.7669
vn -0.6635 -0.1668 -0.7294
vn -0.6363 -0.1950 -0.7464
vn -0.6699 -0.1617 -0.7247
vn -0.6880 -0.2023 -0.6969
vn -0.4619 -0.7076 -0.5347
vn -0.4481 -0.7638 -0.4646
vn 0.0516 -0.9965 0.0662
vn 0.0888 -0.9959 -0.0153
vn -0.4163 -0.8326 -0.3654
vn -0.2438 -0.9628 0.1167
vn 0.0507 -0.9822 0.1808
vn -0.0579 -0.9518 0.3012
vn 0.0035 -0.9990 0.0441
vn -0.0056 -0.9996 0.0281
vn -0.0174 -0.9922 0.1236
vn 0.0450 -0.9836 -0.1745
vn -0.3644 -0.7067 -0.6065
vn -0.0243 -0.9873 0.1568
vn 0.0224 -0.9995 -0.0245
vn 0.1150 -0.9919 -0.0532
vn -0.0999 -0.9104 0.4016
vn -0.1396 -0.8269 0.5447
vn -0.0924 -0.8669 0.4899
vn -0.0678 -0.7083 0.7026
vn 0.2925 -0.4587 0.8391
vn -0.1944 -0.7686 0.6095
vn 0.1943 -0.5341 0.8228
vn -0.1709 -0.6954 0.6980
vn -0.2654 -0.6922 0.6711
vn 0.0301 -0.5190 0.8542
vn 0.5018 -0.0854 0.8608
vn 0.3167 0.7823 -0.5365
vn 0.3542 0.6998 -0.6203
vn 0.2016 0.7992 -0.5662
vn 0.0836 0.8029 -0.5903
vn -0.1183 0.8007 -0.5873
vn -0.1029 0.8149 -0.5704
vn -0.0754 0.7843 -0.6158
vn -0.0716 0.8187 -0.5698
vn -0.2122 0.7418 -0.6362
vn -0.0455 0.6491 -0.7593
vn 0.0789 0.7109 -0.6988
vn 0.2309 0.7080 -0.6673
vn 0.3177 0.5505 -0.7720
vn 0.1183 0.5673 -0.8150
vn 0.1648 0.5972 -0.7849
vn 0.1093 0.6250 -0.7730
vn 0.0740 0.6160 -0.7843
vn 0.0902 0.5020 -0.8602
vn 0.1338 0.5145 -0.8470
vn 0.1635 0.5911 -0.7899
vn 0.1356 0.6490 -0.7486
vn 0.1061 0.6137 -0.7824
vn 0.3583 0.6123 -0.7048
vn 0.4292 0.4572 -0.7790
vn 0.3931 0.3418 -0.8536
vn 0.3266 0.4852 -0.8111
vn 0.2014 0.4231 -0.8834
vn 0.2076 0.3645 -0.9078
vn 0.2640 0.3771 -0.8878
vn 0.4518 0.2118 -0.8666
vn 0.2609 0.3503 -0.8995
vn 0.1791 0.2181 -0.9594
vn -0.0359 0.3867 -0.9215
vn 0.3650 0.0793 -0.9276
vn 0.0724 0.7775 -0.6247
vn 0.3945 0.4179 -0.8183
vn -0.0026 0.7385 -0.6742
vn -0.0870 0.8372 -0.5399
vn -0.0764 0.8648 -0.4962
vn -0.0795 0.8486 -0.5230
vn -0.1551 0.8091 -0.5668
vn -0.1474 0.8432 -0.5170
vn -0.2055 0.7533 -0.6248
vn -0.2099 0.7590 -0.6163
vn -0.2100 0.7591 -0.6161
vn 0.3075 0.2903 -0.9062
vn 0.5100 0.0486 -0.8588
vn 0.1995 -0.0152 -0.9798
vn 0.0257 0.1387 -0.9900
vn 0.4487 -0.0045 -0.8937
vn 0.1521 0.4591 -0.8753
vn 0.1061 -0.8694 -0.4826
vn 0.0120 -0.7748 -0.6321
vn 0.0227 -0.9626 -0.2699
vn -0.1690 -0.7358 -0.6557
vn -0.0022 -0.9466 -0.3225
vn -0.2681 -0.6698 -0.6925
vn -0.1413 -0.7354 -0.6627
vn -0.0089 -0.9621 -0.2725
vn 0.0102 -0.9552 -0.2959
vn -0.0101 -0.9620 -0.2729
vn -0.3702 -0.6217 -0.6903
vn -0.5298 -0.3962 -0.7499
vn -0.6122 -0.0096 -0.7907
vn -0.6320 -0.0005 -0.7750
vn -0.6369 -0.0415 -0.7698
vn -0.6398 -0.0116 -0.7685
vn -0.6239 0.0289 -0.7810
vn -0.6772 0.0104 -0.7357
vn -0.5159 -0.0052 -0.8566
vn -0.5275 -0.1671 -0.8329
vn -0.4028 -0.0522 -0.9138
vn -0.2474 -0.0394 -0.9681
vn -0.3831 0.1135 -0.9167
vn -0.0831 -0.0890 -0.9926
vn 0.0240 -0.0329 -0.9992
vn -0.1754 0.1306 -0.9758
vn -0.2673 0.2423 -0.9327
vn -0.0733 0.2586 -0.9632
vn -0.3752 0.3630 -0.8529
vn -0.4862 0.2243 -0.8446
vn -0.5086 0.3439 -0.7894
vn -0.4164 -0.2373 -0.8777
vn -0.6369 -0.0035 -0.7709
vn -0.3815 -0.4459 -0.8097
vn -0.3480 -0.1568 -0.9243
vn -0.4463 0.1787 -0.8768
vn -0.4425 0.2169 -0.8701
vn -0.4117 0.4648 -0.7839
vn -0.2004 0.3704 -0.9070
vn -0.1602 0.5292 -0.8332
vn -0.3201 0.4596 -0.8284
vn -0.3454 0.5615 -0.7519
vn -0.2298 -0.0970 -0.9684
vn -0.4084 0.3089 -0.8590
vn -0.3687 0.6242 -0.6888
vn -0.4562 0.6360 -0.6224
vn -0.3023 0.6481 -0.6990
vn -0.2053 0.6250 -0.7532
vn -0.3437 0.7145 -0.6094
vn -0.5202 0.6744 -0.5239
vn -0.5770 0.6968 -0.4261
vn -0.5826 0.6840 -0.4389
vn -0.5327 0.6974 -0.4795
vn -0.0690 -0.1103 -0.9915
vn -0.0039 -0.2833 -0.9590
vn 0.0230 -0.3569 -0.9339
vn 0.0014 -0.7092 -0.7050
vn 0.0078 -0.5897 -0.8076
vn 0.0087 -0.6003 -0.7997
vn 0.0343 -0.5957 -0.8025
vn -0.6297 -0.1726 0.7574
vn -0.4573 -0.8746 0.1609
vn -0.2025 -0.7859 0.5842
vn -0.2045 -0.7777 0.5945
vn -0.2017 -0.7943 0.5731
vn -0.2168 -0.7309 0.6472
vn -0.3163 -0.6205 0.7176
vn -0.6724 -0.5339 -0.5126
vn -0.5559 -0.4719 -0.6843
vn -0.5032 -0.5735 -0.6464
vn -0.6760 -0.7122 -0.1894
vn -0.5818 -0.8128 -0.0303
vn -0.5124 -0.5886 -0.6253
vn -0.4377 -0.6979 -0.5669
vn -0.3810 -0.7469 -0.5450
vn -0.4216 -0.8236 -0.3793
vn -0.4247 -0.8435 -0.3288
vn -0.4010 -0.8437 -0.3568
vn -0.6742 -0.6407 -0.3673
vn -0.5579 -0.7658 0.3198
vn -0.4777 -0.7831 0.3982
vn -0.3436 -0.7269 0.5946
vn -0.2836 -0.6212 0.7306
vn -0.2818 -0.5870 0.7589
vn -0.2772 -0.6061 0.7455
vn -0.3816 -0.5463 0.7456
vn -0.3843 -0.5613 0.7330
vn -0.3781 -0.5558 0.7404
vn -0.2706 -0.4966 0.8247
vn -0.3005 -0.5033 0.8102
vn -0.3484 -0.5388 0.7671
vn -0.3394 -0.5453 0.7664
vn -0.3349 -0.5603 0.7576
vn -0.2976 -0.5755 0.7617
vn -0.2852 -0.5624 0.7761
vn -0.3086 -0.5519 0.7747
vt 0.859127 0.098528
vt 0.862995 0.091038
vt 0.863548 0.102773
vt 0.871539 0.096548
vt 0.871746 0.091280
vt 0.871282 0.103376
vt 0.903813 0.098607
vt 0.905715 0.089019
vt 0.871504 0.085988
vt 0.914272 0.083669
vt 0.916426 0.110536
vt 0.873857 0.107955
vt 0.906978 0.118867
vt 0.871718 0.115401
vt 0.946558 0.095204
vt 0.954502 0.104441
vt 0.910526 0.075892
vt 0.866595 0.078990
vt 0.906159 0.068046
vt 0.863779 0.072256
vt 0.860753 0.075233
vt 0.855792 0.075898
vt 0.860161 0.083122
vt 0.853857 0.070434
vt 0.905521 0.063569
vt 0.889784 0.061457
vt 0.857978 0.066367
vt 0.846914 0.073460
vt 0.855243 0.085885
vt 0.867286 0.086454
vt 0.854506 0.095948
vt 0.848497 0.091132
vt 0.838653 0.072391
vt 0.847528 0.067121
vt 0.852922 0.063217
vt 0.842243 0.063417
vt 0.893211 0.056813
vt 0.944998 0.079317
vt 0.945888 0.088153
vt 0.998556 0.114314
vt 0.997411 0.121822
vt 0.953253 0.115027
vt 0.953613 0.125519
vt 0.994067 0.136027
vt 0.953880 0.136586
vt 0.989489 0.145779
vt 0.895369 0.126551
vt 0.868572 0.118958
vt 0.861429 0.117741
vt 0.854764 0.119075
vt 0.850370 0.123195
vt 0.829981 0.113115
vt 0.816223 0.094721
vt 0.833859 0.066958
vt 0.837819 0.059217
vt 0.829923 0.061147
vt 0.827352 0.063717
vt 0.825453 0.057725
vt 0.813339 0.065965
vt 0.814727 0.063042
vt 0.810192 0.075216
vt 0.808888 0.070386
vt 0.796327 0.135864
vt 0.861050 0.130292
vt 0.857234 0.129620
vt 0.853952 0.134253
vt 0.850171 0.136785
vt 0.840192 0.153853
vt 0.785821 0.120685
vt 0.848704 0.154421
vt 0.851682 0.143771
vt 0.857936 0.141254
vt 0.842540 0.161100
vt 0.831113 0.169667
vt 0.800374 0.157782
vt 0.778809 0.138916
vt 0.809051 0.172736
vt 0.819833 0.175061
vt 0.833354 0.176675
vt 0.842903 0.166480
vt 0.840514 0.173814
vt 0.849572 0.163806
vt 0.843009 0.177463
vt 0.850445 0.170529
vt 0.855043 0.170513
vt 0.855690 0.164699
vt 0.851659 0.177733
vt 0.855813 0.176546
vt 0.885715 0.184097
vt 0.883265 0.177498
vt 0.859619 0.162295
vt 0.853997 0.157253
vt 0.859253 0.153459
vt 0.854655 0.149373
vt 0.864581 0.141450
vt 0.864087 0.148875
vt 0.862835 0.156427
vt 0.910841 0.165639
vt 0.892792 0.170072
vt 0.917297 0.159038
vt 0.867613 0.131643
vt 0.891189 0.145446
vt 0.870325 0.124034
vt 0.895298 0.138390
vt 0.919608 0.184396
vt 0.921529 0.175821
vt 0.967254 0.175614
vt 0.964155 0.183167
vt 0.978602 0.172197
vt 0.928561 0.151954
vt 0.961056 0.193421
vt 0.958308 0.202670
vt 0.975139 0.191809
vt 0.978760 0.198975
vt 0.982910 0.177246
vt 0.986183 0.157092
vt 0.981883 0.166924
vt 0.939881 0.145055
vt 0.775342 0.104445
vt 0.788648 0.081744
vt 0.797600 0.073924
vt 0.801893 0.067164
vt 0.805664 0.064209
vt 0.814751 0.060207
vt 0.836311 0.179990
vt 0.845998 0.183002
vt 0.839912 0.184027
vt 0.842643 0.188365
vt 0.876078 0.210909
vt 0.893606 0.201765
vt 0.919586 0.216773
vt 0.890798 0.192756
vt 0.944209 0.210867
vt 0.915765 0.219916
vt 0.964704 0.238849
vt 0.869505 0.210969
vt 0.833460 0.188212
vt 0.830459 0.182752
vt 0.824008 0.182751
vt 0.821121 0.178573
vt 0.811279 0.178223
vt 0.134033 0.859863
vt 0.138474 0.858651
vt 0.141448 0.862901
vt 0.152672 0.860654
vt 0.170995 0.855003
vt 0.135645 0.867508
vt 0.132324 0.864014
vt 0.126648 0.868211
vt 0.127927 0.870685
vt 0.138274 0.870748
vt 0.135558 0.893472
vt 0.129789 0.893374
vt 0.142979 0.892727
vt 0.144758 0.868921
vt 0.151710 0.867586
vt 0.151953 0.891636
vt 0.117555 0.870329
vt 0.120380 0.895385
vt 0.112473 0.894493
vt 0.109618 0.870356
vt 0.104467 0.895313
vt 0.100341 0.870413
vt 0.093312 0.874625
vt 0.089995 0.869629
vt 0.098110 0.893097
vt 0.086685 0.874050
vt 0.091094 0.903907
vt 0.082995 0.885746
vt 0.081996 0.904801
vt 0.047302 0.987532
vt 0.052370 0.936848
vt 0.053857 0.993824
vt 0.062786 0.987752
vt 0.066229 0.923999
vt 0.067648 0.995912
vt 0.059874 0.928576
vt 0.074875 0.909601
vt 0.074604 0.993257
vt 0.092482 0.987098
vt 0.081507 0.988237
vt 0.090543 0.943185
vt 0.034432 0.964393
vt 0.040093 0.967440
vt 0.036432 0.995952
vt 0.030211 0.962321
vt 0.030538 0.998741
vt 0.042510 0.996053
vt 0.058446 0.997795
vt 0.126211 0.979251
vt 0.122070 0.996826
vt 0.118128 0.979679
vt 0.125586 0.930550
vt 0.137919 0.984713
vt 0.135090 0.929560
vt 0.146483 0.978985
vt 0.107133 0.936171
vt 0.099439 0.938351
vt 0.108472 0.984383
vt 0.100409 0.987524
vt 0.167839 0.861478
vt 0.152312 0.864390
vt 0.151947 0.870890
vt 0.165273 0.865705
vt 0.160064 0.868775
vt 0.165325 0.871530
vt 0.145342 0.928996
vt 0.153646 0.927850
vt 0.155800 0.978262
vt 0.159378 0.981864
vt 0.163130 0.924915
vt 0.171115 0.890613
vt 0.173021 0.924472
vt 0.187052 0.930647
vt 0.187797 0.871170
vt 0.193575 0.976189
vt 0.200582 0.923918
vt 0.181269 0.901443
vt 0.177122 0.991939
vt 0.165907 0.982681
vt 0.171680 0.990276
vt 0.205273 0.983299
vt 0.185066 0.991059
vt 0.209228 0.971688
vt 0.216052 0.960057
vt 0.216923 0.985196
vt 0.192018 0.989968
vt 0.187341 0.989740
vt 0.165436 0.986396
vt 0.167156 0.992779
vt 0.159077 0.987145
vt 0.156752 0.993326
vt 0.150565 0.984997
vt 0.151886 0.989795
vt 0.146415 0.987355
vt 0.148711 0.981447
vt 0.137499 0.993962
vt 0.133276 0.990788
vt 0.244663 0.861473
vt 0.246208 0.854651
vt 0.255373 0.859585
vt 0.250596 0.863246
vt 0.261323 0.860264
vt 0.267206 0.894143
vt 0.261566 0.902909
vt 0.257202 0.976278
vt 0.248108 0.951681
vt 0.253957 0.921659
vt 0.245250 0.919314
vt 0.251873 0.986957
vt 0.242601 0.954098
vt 0.241735 0.990251
vt 0.236163 0.953507
vt 0.228712 0.962232
vt 0.234382 0.992114
vt 0.227539 0.988525
vt 0.223097 0.991110
vt 0.221637 0.963659
vt 0.221742 0.913416
vt 0.234516 0.903819
vt 0.209497 0.878315
vt 0.204895 0.870524
vt 0.179243 0.870399
vt 0.191024 0.867925
vt 0.197139 0.872278
vt 0.207623 0.867026
vt 0.205667 0.862774
vt 0.187463 0.863851
vt 0.213293 0.869579
vt 0.221978 0.861405
vt 0.201076 0.859409
vt 0.182636 0.861312
vt 0.203767 0.855212
vt 0.179558 0.857947
vt 0.213501 0.851748
vt 0.201603 0.842801
vt 0.173743 0.864831
vt 0.225359 0.850014
vt 0.220410 0.856411
vt 0.233542 0.856613
vt 0.220291 0.866942
vt 0.225213 0.868382
vt 0.238370 0.865578
vt 0.231110 0.865132
vt 0.237442 0.861507
vt 0.171851 0.869932
vt 0.900915 0.234811
vt 0.941132 0.247049
vt 0.908182 0.243791
vt 0.948904 0.258130
vt 0.963059 0.224418
vt 0.974460 0.214054
vt 0.963004 0.234110
vt 0.044132 0.951026
vt 0.449989 0.295035
vt 0.452687 0.284791
vt 0.455346 0.300184
vt 0.457338 0.291563
vt 0.458437 0.294463
vt 0.458964 0.283484
vt 0.457275 0.275720
vt 0.453035 0.304879
vt 0.459198 0.312359
vt 0.455453 0.314188
vt 0.454575 0.322517
vt 0.464062 0.320532
vt 0.463126 0.312602
vt 0.458653 0.304215
vt 0.462271 0.303291
vt 0.468739 0.314116
vt 0.465884 0.302434
vt 0.464641 0.291802
vt 0.472798 0.300000
vt 0.474384 0.310700
vt 0.503134 0.304456
vt 0.475193 0.291901
vt 0.497153 0.291769
vt 0.509864 0.298145
vt 0.497464 0.285951
vt 0.474635 0.278204
vt 0.538594 0.293154
vt 0.503944 0.281589
vt 0.526973 0.286210
vt 0.499887 0.275764
vt 0.520619 0.268759
vt 0.485077 0.269326
vt 0.477816 0.261574
vt 0.524697 0.262495
vt 0.518685 0.258740
vt 0.525457 0.252528
vt 0.561220 0.263281
vt 0.557920 0.256489
vt 0.554426 0.250338
vt 0.563990 0.269721
vt 0.529948 0.279342
vt 0.566205 0.276206
vt 0.543909 0.299032
vt 0.568523 0.283014
vt 0.582665 0.302232
vt 0.550710 0.305126
vt 0.580224 0.293179
vt 0.579265 0.289119
vt 0.580733 0.266275
vt 0.581705 0.257725
vt 0.578018 0.253294
vt 0.577293 0.247703
vt 0.562534 0.242906
vt 0.580287 0.238459
vt 0.569410 0.231895
vt 0.547878 0.226120
vt 0.580372 0.223184
vt 0.547172 0.216386
vt 0.582568 0.211403
vt 0.579590 0.203125
vt 0.564655 0.207400
vt 0.572415 0.202084
vt 0.551645 0.211486
vt 0.562217 0.201986
vt 0.537404 0.203088
vt 0.523008 0.208319
vt 0.513780 0.204792
vt 0.482177 0.223283
vt 0.490641 0.214975
vt 0.543556 0.221843
vt 0.517353 0.227856
vt 0.514908 0.234270
vt 0.545023 0.231008
vt 0.540185 0.237918
vt 0.526470 0.245489
vt 0.517772 0.240576
vt 0.493294 0.236188
vt 0.461768 0.231456
vt 0.459780 0.238349
vt 0.475506 0.242917
vt 0.472640 0.249832
vt 0.476427 0.253681
vt 0.466576 0.254702
vt 0.501339 0.249049
vt 0.464631 0.261350
vt 0.467462 0.267236
vt 0.516565 0.252237
vt 0.501122 0.242073
vt 0.447510 0.257470
vt 0.459492 0.263129
vt 0.459702 0.266554
vt 0.452592 0.268826
vt 0.453486 0.276502
vt 0.461124 0.269760
vt 0.462528 0.276933
vt 0.466934 0.284800
vt 0.449942 0.224268
vt 0.451475 0.215335
vt 0.452364 0.207904
vt 0.450294 0.202674
vt 0.454983 0.351834
vt 0.476413 0.341408
vt 0.507353 0.348214
vt 0.470984 0.336154
vt 0.450997 0.335895
vt 0.469949 0.329064
vt 0.449951 0.331543
vt 0.482032 0.336334
vt 0.510706 0.355438
vt 0.473464 0.357492
vt 0.509235 0.342239
vt 0.502957 0.337086
vt 0.506825 0.333350
vt 0.482007 0.330937
vt 0.508272 0.320946
vt 0.519776 0.327801
vt 0.527865 0.335343
vt 0.536307 0.320789
vt 0.533725 0.311668
vt 0.506500 0.314545
vt 0.474051 0.322767
vt 0.526895 0.366409
vt 0.484810 0.367859
vt 0.521692 0.361000
vt 0.532552 0.373547
vt 0.485803 0.375815
vt 0.528476 0.379832
vt 0.486710 0.379735
vt 0.533930 0.384155
vt 0.557139 0.390434
vt 0.511016 0.391671
vt 0.580734 0.379936
vt 0.582358 0.372713
vt 0.571895 0.363757
vt 0.583740 0.359863
vt 0.576013 0.353077
vt 0.580137 0.343001
vt 0.573103 0.338956
vt 0.583748 0.332933
vt 0.554756 0.333549
vt 0.583535 0.327578
vt 0.571707 0.326582
vt 0.583252 0.324219
vt 0.574453 0.319344
vt 0.582031 0.309082
vt 0.573564 0.311946
vt 0.546097 0.342401
vt 0.544722 0.351167
vt 0.578820 0.347499
vt 0.582781 0.367647
vt 0.452548 0.530874
vt 0.466065 0.521669
vt 0.483837 0.529979
vt 0.511236 0.539253
vt 0.456505 0.538362
vt 0.507473 0.535508
vt 0.488462 0.525647
vt 0.493647 0.519334
vt 0.486064 0.510105
vt 0.540154 0.530264
vt 0.541212 0.539592
vt 0.544279 0.522972
vt 0.543646 0.535755
vt 0.566214 0.540142
vt 0.543511 0.511083
vt 0.537037 0.515343
vt 0.530277 0.506158
vt 0.560320 0.511568
vt 0.570184 0.515453
vt 0.582597 0.534109
vt 0.577777 0.521558
vt 0.581280 0.526626
vt 0.544070 0.504084
vt 0.560495 0.503792
vt 0.531027 0.497141
vt 0.559747 0.496511
vt 0.508779 0.511888
vt 0.510662 0.504734
vt 0.562908 0.490032
vt 0.581550 0.506266
vt 0.586910 0.498208
vt 0.582395 0.479897
vt 0.584131 0.484276
vt 0.557165 0.484122
vt 0.582815 0.489193
vt 0.534467 0.482781
vt 0.531798 0.489834
vt 0.540109 0.475296
vt 0.508412 0.488351
vt 0.507123 0.478616
vt 0.497267 0.488043
vt 0.503784 0.497611
vt 0.478489 0.498071
vt 0.479273 0.505514
vt 0.467957 0.515160
vt 0.455557 0.509834
vt 0.455513 0.516602
vt 0.450195 0.520996
vt 0.451416 0.507812
vt 0.453383 0.501840
vt 0.471887 0.486413
vt 0.450937 0.493439
vt 0.451673 0.485038
vt 0.457806 0.479420
vt 0.477399 0.492879
vt 0.449707 0.480957
vt 0.455438 0.475796
vt 0.462630 0.472832
vt 0.465379 0.477688
vt 0.471306 0.473389
vt 0.469740 0.470932
vt 0.478401 0.470263
vt 0.480492 0.486512
vt 0.490266 0.478821
vt 0.534064 0.471155
vt 0.505455 0.464776
vt 0.529947 0.464901
vt 0.521106 0.456531
vt 0.567320 0.465404
vt 0.566012 0.455496
vt 0.584191 0.471767
vt 0.586670 0.466309
vt 0.582321 0.451921
vt 0.586914 0.461426
vt 0.552765 0.445550
vt 0.543339 0.450620
vt 0.581956 0.444918
vt 0.572551 0.440613
vt 0.573380 0.435319
vt 0.551900 0.432717
vt 0.561092 0.425544
vt 0.581579 0.424492
vt 0.581144 0.398525
vt 0.584453 0.405838
vt 0.548726 0.398885
vt 0.582501 0.410606
vt 0.554876 0.406850
vt 0.582410 0.416063
vt 0.559500 0.414534
vt 0.527317 0.425412
vt 0.522937 0.418812
vt 0.585196 0.390137
vt 0.573219 0.392152
vt 0.518382 0.412067
vt 0.516521 0.406216
vt 0.508147 0.398772
vt 0.490802 0.406253
vt 0.485070 0.384893
vt 0.484808 0.390143
vt 0.487957 0.397503
vt 0.448975 0.381836
vt 0.449287 0.386781
vt 0.453046 0.390918
vt 0.457873 0.406551
vt 0.457971 0.400179
vt 0.450531 0.405912
vt 0.451386 0.416559
vt 0.458213 0.418764
vt 0.456582 0.423156
vt 0.463966 0.416177
vt 0.479141 0.421504
vt 0.466443 0.426466
vt 0.494601 0.416208
vt 0.510281 0.439659
vt 0.499062 0.432285
vt 0.491397 0.429307
vt 0.474006 0.435591
vt 0.483570 0.440052
vt 0.462429 0.428489
vt 0.468685 0.435569
vt 0.453486 0.452320
vt 0.453924 0.446743
vt 0.478436 0.444736
vt 0.475000 0.439435
vt 0.481787 0.449854
vt 0.472666 0.455616
vt 0.457233 0.458496
vt 0.486359 0.462998
vt 0.499873 0.457737
vt 0.511319 0.448680
vt 0.485766 0.445924
vt 0.495290 0.441098
vt 0.584436 0.515979
vt 0.577233 0.540042
vt 0.300607 0.249321
vt 0.314159 0.246353
vt 0.317087 0.253004
vt 0.332309 0.261413
vt 0.302812 0.258545
vt 0.330382 0.249585
vt 0.324333 0.239473
vt 0.335181 0.247028
vt 0.334328 0.237025
vt 0.306642 0.233719
vt 0.305431 0.240447
vt 0.315025 0.230544
vt 0.300679 0.235884
vt 0.307169 0.226034
vt 0.298340 0.228027
vt 0.304417 0.209577
vt 0.306444 0.200814
vt 0.354585 0.206965
vt 0.342810 0.201534
vt 0.395867 0.201999
vt 0.394533 0.197716
vt 0.342062 0.215989
vt 0.393561 0.208278
vt 0.393643 0.215609
vt 0.343930 0.222275
vt 0.404618 0.230178
vt 0.403979 0.222791
vt 0.338974 0.229095
vt 0.307294 0.217879
vt 0.399568 0.237631
vt 0.399808 0.246421
vt 0.434310 0.221572
vt 0.435820 0.233704
vt 0.436523 0.238770
vt 0.434241 0.245163
vt 0.434063 0.213299
vt 0.432388 0.199896
vt 0.304081 0.262274
vt 0.303153 0.269015
vt 0.318194 0.269335
vt 0.331764 0.273330
vt 0.310826 0.289268
vt 0.307891 0.280467
vt 0.332095 0.280431
vt 0.332238 0.290275
vt 0.335800 0.279323
vt 0.316500 0.298409
vt 0.331347 0.304175
vt 0.333430 0.300267
vt 0.301364 0.299320
vt 0.300420 0.305958
vt 0.310169 0.307522
vt 0.308992 0.319887
vt 0.319106 0.321439
vt 0.304436 0.329619
vt 0.323931 0.327475
vt 0.306085 0.335488
vt 0.345148 0.326783
vt 0.346558 0.333789
vt 0.308956 0.340301
vt 0.344975 0.339529
vt 0.326658 0.320897
vt 0.364588 0.318732
vt 0.333788 0.312877
vt 0.386770 0.311542
vt 0.335968 0.306915
vt 0.382187 0.305353
vt 0.326884 0.313975
vt 0.315498 0.314245
vt 0.337767 0.300456
vt 0.335762 0.290011
vt 0.339284 0.291760
vt 0.388639 0.298600
vt 0.430125 0.303852
vt 0.413548 0.263741
vt 0.376877 0.269479
vt 0.362731 0.263641
vt 0.399064 0.273725
vt 0.397944 0.277733
vt 0.369721 0.275022
vt 0.398141 0.259564
vt 0.391391 0.253009
vt 0.435267 0.251886
vt 0.330068 0.534629
vt 0.315093 0.541338
vt 0.306107 0.537955
vt 0.334220 0.530514
vt 0.335644 0.524184
vt 0.306690 0.528893
vt 0.354700 0.539257
vt 0.391033 0.524171
vt 0.308545 0.522149
vt 0.338328 0.515532
vt 0.323867 0.507550
vt 0.315791 0.514810
vt 0.305678 0.509906
vt 0.322902 0.503105
vt 0.308732 0.503953
vt 0.318638 0.501083
vt 0.305664 0.498535
vt 0.306013 0.494769
vt 0.312333 0.491008
vt 0.305908 0.491455
vt 0.361360 0.505999
vt 0.387424 0.514008
vt 0.386109 0.497881
vt 0.389762 0.507648
vt 0.403316 0.534943
vt 0.411646 0.527429
vt 0.402257 0.519685
vt 0.335261 0.346377
vt 0.322183 0.367373
vt 0.329247 0.374210
vt 0.302574 0.374971
vt 0.330367 0.377836
vt 0.302750 0.369522
vt 0.308533 0.385970
vt 0.301913 0.379804
vt 0.309487 0.397520
vt 0.308445 0.392464
vt 0.330970 0.391431
vt 0.339884 0.397581
vt 0.325328 0.383698
vt 0.368436 0.376040
vt 0.346665 0.382445
vt 0.329627 0.359447
vt 0.389719 0.367195
vt 0.406315 0.358648
vt 0.422937 0.375306
vt 0.332842 0.354238
vt 0.422407 0.352410
vt 0.323475 0.350532
vt 0.410494 0.336466
vt 0.408496 0.318151
vt 0.415407 0.325418
vt 0.435306 0.309463
vt 0.430703 0.338646
vt 0.428717 0.346181
vt 0.428950 0.368614
vt 0.425927 0.393567
vt 0.432540 0.400604
vt 0.396077 0.403309
vt 0.430245 0.403836
vt 0.404423 0.409401
vt 0.434376 0.423142
vt 0.392775 0.425121
vt 0.435166 0.418581
vt 0.398387 0.418017
vt 0.436355 0.410937
vt 0.436128 0.428711
vt 0.395245 0.430883
vt 0.393913 0.416041
vt 0.387756 0.425195
vt 0.361290 0.423314
vt 0.392307 0.408404
vt 0.341184 0.412528
vt 0.346228 0.404546
vt 0.334654 0.420322
vt 0.380205 0.432294
vt 0.340538 0.431169
vt 0.327904 0.437683
vt 0.408974 0.437832
vt 0.401096 0.442301
vt 0.352051 0.452465
vt 0.401390 0.447414
vt 0.376245 0.455197
vt 0.381653 0.461380
vt 0.431049 0.459191
vt 0.429040 0.465005
vt 0.435211 0.470138
vt 0.434635 0.475809
vt 0.383677 0.477641
vt 0.389947 0.482113
vt 0.438728 0.513539
vt 0.437537 0.506831
vt 0.420370 0.502500
vt 0.436554 0.498286
vt 0.432923 0.486687
vt 0.436977 0.493052
vt 0.385138 0.488673
vt 0.374299 0.470567
vt 0.355006 0.481161
vt 0.355587 0.471792
vt 0.356809 0.464844
vt 0.346244 0.480355
vt 0.352847 0.467133
vt 0.346471 0.490620
vt 0.327104 0.483788
vt 0.317518 0.479185
vt 0.334543 0.468373
vt 0.307986 0.475726
vt 0.305908 0.484863
vt 0.338806 0.497086
vt 0.318722 0.470266
vt 0.345664 0.467553
vt 0.340520 0.463130
vt 0.313137 0.457196
vt 0.319010 0.452911
vt 0.331120 0.458234
vt 0.319606 0.462466
vt 0.338668 0.446325
vt 0.308143 0.439341
vt 0.311542 0.431895
vt 0.323428 0.424431
vt 0.306452 0.428467
vt 0.306590 0.424122
vt 0.302002 0.419189
vt 0.309891 0.412533
vt 0.327124 0.418073
vt 0.308039 0.405109
vt 0.334803 0.410897
vt 0.342597 0.401161
vt 0.347955 0.397382
vt 0.372395 0.394391
vt 0.428186 0.389714
vt 0.370943 0.386049
vt 0.424786 0.384486
vt 0.349148 0.389126
vt 0.344519 0.386143
vt 0.311108 0.465149
vt 0.335527 0.263833
vt 0.338548 0.277243
vt 0.341080 0.283380
vt 0.340761 0.272149
vt 0.386588 0.281790
vt 0.339008 0.258716
vt 0.396678 0.288328
vt 0.399361 0.294064
vt 0.338444 0.252102
vt 0.337993 0.264132
vt 0.437122 0.445107
vt 0.428990 0.281250
vt 0.436815 0.289541
vt 0.158549 0.424561
vt 0.171449 0.418878
vt 0.267911 0.425497
vt 0.170466 0.428649
vt 0.186232 0.390077
vt 0.242878 0.394853
vt 0.155762 0.391357
vt 0.164387 0.383215
vt 0.242460 0.383708
vt 0.179717 0.376530
vt 0.237362 0.408215
vt 0.241740 0.412538
vt 0.156498 0.411622
vt 0.281057 0.391554
vt 0.281266 0.401990
vt 0.197045 0.401084
vt 0.287951 0.385421
vt 0.284545 0.381098
vt 0.228408 0.369926
vt 0.212260 0.355208
vt 0.237545 0.360482
vt 0.178652 0.358995
vt 0.274309 0.334916
vt 0.208458 0.338294
vt 0.160989 0.333687
vt 0.183496 0.327901
vt 0.244255 0.346896
vt 0.181677 0.342268
vt 0.273961 0.343154
vt 0.162220 0.361388
vt 0.227134 0.350375
vt 0.159227 0.349256
vt 0.159466 0.370605
vt 0.255113 0.429681
vt 0.190870 0.432961
vt 0.219549 0.445582
vt 0.173378 0.441043
vt 0.257086 0.441575
vt 0.249166 0.437362
vt 0.153579 0.453155
vt 0.166952 0.449274
vt 0.214151 0.450894
vt 0.155223 0.473755
vt 0.162945 0.469038
vt 0.214280 0.470640
vt 0.260744 0.454277
vt 0.200445 0.460277
vt 0.230228 0.467130
vt 0.262476 0.483220
vt 0.240897 0.487722
vt 0.153883 0.487419
vt 0.172440 0.491544
vt 0.163815 0.480785
vt 0.160403 0.513253
vt 0.174758 0.507715
vt 0.210724 0.511988
vt 0.188366 0.516184
vt 0.154455 0.518456
vt 0.183293 0.524009
vt 0.154080 0.531495
vt 0.187085 0.530214
vt 0.164443 0.538420
vt 0.261019 0.508239
vt 0.178924 0.501604
vt 0.254696 0.504678
vt 0.270526 0.479129
vt 0.270541 0.494131
vt 0.178212 0.494940
vt 0.268705 0.474494
vt 0.257542 0.460924
vt 0.158375 0.338135
vt 0.184645 0.308971
vt 0.187886 0.312819
vt 0.154541 0.309326
vt 0.161770 0.268527
vt 0.160760 0.264267
vt 0.251892 0.265328
vt 0.178683 0.260086
vt 0.272524 0.274790
vt 0.160274 0.273775
vt 0.269870 0.269778
vt 0.272883 0.278584
vt 0.162946 0.279748
vt 0.170541 0.290539
vt 0.165345 0.284884
vt 0.270869 0.289116
vt 0.185469 0.322667
vt 0.180284 0.317041
vt 0.280782 0.324485
vt 0.266576 0.300822
vt 0.177669 0.301566
vt 0.169563 0.295428
vt 0.274879 0.311716
vt 0.280484 0.318069
vt 0.275701 0.283964
vt 0.277755 0.249160
vt 0.182704 0.252657
vt 0.176971 0.243799
vt 0.277651 0.257390
vt 0.166035 0.256072
vt 0.154053 0.251709
vt 0.154053 0.247559
vt 0.172462 0.220839
vt 0.169108 0.226932
vt 0.154297 0.222900
vt 0.171328 0.204902
vt 0.254238 0.203780
vt 0.250314 0.206480
vt 0.164551 0.210300
vt 0.249825 0.212502
vt 0.223560 0.217278
vt 0.169191 0.216202
vt 0.262408 0.237430
vt 0.171073 0.238918
vt 0.167314 0.233629
vt 0.283426 0.245084
vt 0.248979 0.227212
vt 0.289039 0.211312
vt 0.285413 0.217417
vt 0.286665 0.220435
vt 0.285757 0.228352
vt 0.270713 0.232925
vt 0.285829 0.260300
vt 0.286238 0.253418
vt 0.163865 0.541426
vt 0.253516 0.540704
vt 0.268448 0.537457
vt 0.284338 0.523094
vt 0.280323 0.530063
vt 0.239897 0.516500
vt 0.285941 0.514696
vt 0.289919 0.491304
vt 0.279334 0.450238
vt 0.280828 0.445753
vt 0.249206 0.419202
vt 0.287562 0.418310
vt 0.284903 0.413007
vt 0.285162 0.421323
vt 0.256658 0.433576
vt 0.289506 0.500258
vt 0.263640 0.532920
vt 0.271106 0.330373
vt 0.270897 0.296567
vt 0.277303 0.304813
vt 0.288898 0.307477
vt 0.284649 0.467756
vt 0.289314 0.338947
vt 0.356490 0.608075
vt 0.356983 0.673273
vt 0.349970 0.620417
vt 0.360840 0.674061
vt 0.360139 0.618654
vt 0.367713 0.663289
vt 0.342474 0.604538
vt 0.346404 0.672232
vt 0.335316 0.662651
vt 0.336506 0.603392
vt 0.333479 0.613699
vt 0.342142 0.551741
vt 0.349707 0.554631
vt 0.374303 0.629315
vt 0.374512 0.675839
vt 0.378764 0.637352
vt 0.396172 0.676755
vt 0.391756 0.652013
vt 0.398034 0.606446
vt 0.400146 0.672217
vt 0.404297 0.676466
vt 0.406122 0.610243
vt 0.408447 0.674906
vt 0.412599 0.650430
vt 0.435239 0.618504
vt 0.428445 0.673334
vt 0.428917 0.619398
vt 0.442380 0.674396
vt 0.441453 0.627296
vt 0.447262 0.673176
vt 0.451149 0.644801
vt 0.451360 0.677365
vt 0.458859 0.650554
vt 0.465147 0.650273
vt 0.472868 0.598400
vt 0.473145 0.665578
vt 0.477295 0.673154
vt 0.477008 0.586408
vt 0.483421 0.672065
vt 0.480980 0.563782
vt 0.485078 0.601403
vt 0.499260 0.668403
vt 0.492264 0.674189
vt 0.492043 0.588365
vt 0.500397 0.583817
vt 0.502927 0.662513
vt 0.507889 0.581246
vt 0.465274 0.548685
vt 0.467000 0.592396
vt 0.459995 0.568583
vt 0.485084 0.553245
vt 0.491701 0.552749
vt 0.499646 0.551697
vt 0.517176 0.550413
vt 0.514846 0.581737
vt 0.508614 0.549831
vt 0.521356 0.587867
vt 0.527075 0.550508
vt 0.515143 0.651575
vt 0.520588 0.652124
vt 0.508008 0.654428
vt 0.510490 0.676992
vt 0.533936 0.677979
vt 0.531520 0.652584
vt 0.537792 0.655388
vt 0.550366 0.618591
vt 0.547585 0.666231
vt 0.544697 0.620546
vt 0.542683 0.656059
vt 0.573242 0.673786
vt 0.571966 0.636478
vt 0.576536 0.643574
vt 0.601051 0.672473
vt 0.595805 0.661445
vt 0.597782 0.590736
vt 0.591838 0.610953
vt 0.603301 0.601792
vt 0.590088 0.670943
vt 0.586262 0.615420
vt 0.585884 0.674141
vt 0.580867 0.630459
vt 0.536195 0.620122
vt 0.526665 0.652166
vt 0.528258 0.590117
vt 0.555016 0.619388
vt 0.542250 0.573416
vt 0.535747 0.582704
vt 0.547042 0.562182
vt 0.551271 0.564537
vt 0.554688 0.569021
vt 0.559288 0.623308
vt 0.575992 0.559979
vt 0.614952 0.596348
vt 0.613216 0.664547
vt 0.608621 0.672550
vt 0.621766 0.631935
vt 0.625430 0.563384
vt 0.624463 0.654001
vt 0.630496 0.602378
vt 0.643160 0.595304
vt 0.636913 0.648659
vt 0.636682 0.554549
vt 0.656220 0.605848
vt 0.662233 0.593229
vt 0.660803 0.657967
vt 0.670451 0.584957
vt 0.674750 0.664431
vt 0.669678 0.672515
vt 0.665340 0.658318
vt 0.675336 0.594181
vt 0.663330 0.677979
vt 0.683053 0.675564
vt 0.678955 0.668552
vt 0.680609 0.612731
vt 0.682319 0.579955
vt 0.661992 0.550555
vt 0.682373 0.555237
vt 0.678467 0.549258
vt 0.654342 0.550336
vt 0.651892 0.590414
vt 0.647570 0.602099
vt 0.647369 0.552654
vt 0.642822 0.547060
vt 0.614723 0.551429
vt 0.622350 0.549232
vt 0.607661 0.579805
vt 0.572118 0.555950
vt 0.567878 0.639192
vt 0.567383 0.549950
vt 0.563527 0.611705
vt 0.558870 0.552493
vt 0.580322 0.552251
vt 0.587611 0.552110
vt 0.605042 0.547829
vt 0.462516 0.673981
vt 0.421913 0.667711
vt 0.417139 0.647357
vt 0.421726 0.618164
vt 0.449513 0.569692
vt 0.367786 0.606505
vt 0.374046 0.560019
vt 0.380477 0.556177
vt 0.383133 0.633754
vt 0.387481 0.644256
vt 0.389787 0.556124
vt 0.395752 0.557279
vt 0.399902 0.550778
vt 0.404053 0.553076
vt 0.408203 0.557592
vt 0.368940 0.552436
vt 0.363030 0.549933
vt 0.455656 0.571352
vt 0.441649 0.572302
vt 0.435181 0.573959
vt 0.418318 0.552277
vt 0.427527 0.549660
vt 0.412096 0.549932
vt 0.630157 0.550310
vt 0.535660 0.550118
vt 0.452148 0.545654
vt 0.472412 0.545728
vt 0.468018 0.545654
vt 0.334615 0.554131
vt 0.694445 0.253055
vt 0.725587 0.252477
vt 0.724912 0.256855
vt 0.675685 0.259196
vt 0.692731 0.223479
vt 0.688133 0.230176
vt 0.650362 0.224507
vt 0.653766 0.237781
vt 0.694357 0.237434
vt 0.695878 0.217254
vt 0.627390 0.230830
vt 0.654080 0.243154
vt 0.618052 0.201814
vt 0.638478 0.194603
vt 0.698431 0.200390
vt 0.611627 0.186725
vt 0.645991 0.182353
vt 0.672898 0.185994
vt 0.649173 0.190403
vt 0.625951 0.177443
vt 0.593470 0.178930
vt 0.592823 0.174935
vt 0.621467 0.170782
vt 0.624901 0.163897
vt 0.594246 0.161836
vt 0.605123 0.155492
vt 0.590080 0.199219
vt 0.595035 0.193416
vt 0.613852 0.213909
vt 0.655124 0.212840
vt 0.599888 0.220771
vt 0.634540 0.207295
vt 0.592100 0.209337
vt 0.594615 0.215665
vt 0.605559 0.224714
vt 0.604120 0.272588
vt 0.594912 0.268051
vt 0.651023 0.266182
vt 0.688568 0.284218
vt 0.598310 0.280762
vt 0.687689 0.280109
vt 0.629016 0.276413
vt 0.655336 0.254096
vt 0.593237 0.260412
vt 0.593093 0.253785
vt 0.659148 0.248657
vt 0.596050 0.246740
vt 0.689921 0.273321
vt 0.594998 0.238870
vt 0.590813 0.232954
vt 0.700064 0.206562
vt 0.697573 0.211520
vt 0.694825 0.154833
vt 0.666664 0.147785
vt 0.721365 0.147195
vt 0.699744 0.163927
vt 0.662859 0.160997
vt 0.699857 0.169895
vt 0.664814 0.168466
vt 0.667121 0.174069
vt 0.700355 0.191463
vt 0.673884 0.178070
vt 0.658921 0.154881
vt 0.662122 0.141589
vt 0.607967 0.148943
vt 0.655518 0.136867
vt 0.613302 0.142170
vt 0.588867 0.136963
vt 0.594568 0.133234
vt 0.646431 0.128342
vt 0.655775 0.132761
vt 0.699202 0.123718
vt 0.605913 0.124729
vt 0.604986 0.118049
vt 0.694404 0.117314
vt 0.716212 0.141200
vt 0.723840 0.133542
vt 0.721531 0.127686
vt 0.686506 0.111737
vt 0.645526 0.102733
vt 0.630650 0.096011
vt 0.719625 0.099126
vt 0.722239 0.095235
vt 0.720499 0.103283
vt 0.677863 0.107685
vt 0.724460 0.107178
vt 0.725052 0.222746
vt 0.693660 0.265608
vt 0.706642 0.296238
vt 0.671415 0.291166
vt 0.723192 0.290028
vt 0.717498 0.300310
vt 0.721344 0.303738
vt 0.614311 0.304615
vt 0.649410 0.322711
vt 0.723633 0.322998
vt 0.723957 0.327499
vt 0.649129 0.329991
vt 0.728027 0.331055
vt 0.716243 0.337078
vt 0.721509 0.422125
vt 0.724655 0.429710
vt 0.634841 0.431237
vt 0.631417 0.423352
vt 0.595481 0.428955
vt 0.657096 0.403346
vt 0.596457 0.407393
vt 0.600034 0.402588
vt 0.646560 0.397708
vt 0.713118 0.376426
vt 0.601230 0.376335
vt 0.698150 0.373616
vt 0.625360 0.382041
vt 0.603683 0.344695
vt 0.595767 0.339758
vt 0.620463 0.336609
vt 0.604926 0.330124
vt 0.596425 0.323761
vt 0.597001 0.319067
vt 0.598871 0.315918
vt 0.618182 0.314279
vt 0.704961 0.344281
vt 0.668912 0.348665
vt 0.610047 0.370017
vt 0.666799 0.365462
vt 0.708577 0.369068
vt 0.631132 0.361647
vt 0.696343 0.361002
vt 0.641184 0.357188
vt 0.726301 0.395561
vt 0.724748 0.405193
vt 0.619008 0.394610
vt 0.606945 0.390591
vt 0.723784 0.387185
vt 0.708868 0.381160
vt 0.620894 0.387476
vt 0.632505 0.415478
vt 0.721257 0.413426
vt 0.645293 0.409411
vt 0.702358 0.317607
vt 0.710389 0.311794
vt 0.696388 0.244641
vt 0.593851 0.101069
vt 0.588379 0.112793
vt 0.595338 0.289279
vt 0.594701 0.292777
vt 0.599374 0.297607
vt 0.594727 0.311035
vt 0.595480 0.414857
vt 0.599941 0.420647
vt 0.359893 0.097686
vt 0.364964 0.074989
vt 0.364869 0.128722
vt 0.369498 0.104283
vt 0.375275 0.070924
vt 0.377489 0.117279
vt 0.352823 0.124619
vt 0.353061 0.077063
vt 0.346881 0.093774
vt 0.389989 0.129171
vt 0.383653 0.121974
vt 0.392137 0.090832
vt 0.398128 0.124939
vt 0.399567 0.081243
vt 0.403571 0.127085
vt 0.406183 0.090410
vt 0.410596 0.129816
vt 0.412887 0.089103
vt 0.431585 0.113009
vt 0.427474 0.104894
vt 0.431641 0.063721
vt 0.435870 0.110871
vt 0.478245 0.084198
vt 0.485840 0.059814
vt 0.487030 0.087781
vt 0.503446 0.145164
vt 0.502380 0.068144
vt 0.507635 0.067855
vt 0.546378 0.081088
vt 0.548730 0.062047
vt 0.552773 0.086820
vt 0.519951 0.110441
vt 0.516562 0.189203
vt 0.516165 0.065672
vt 0.511779 0.068812
vt 0.512523 0.189182
vt 0.509133 0.186413
vt 0.526416 0.106288
vt 0.521696 0.186080
vt 0.494176 0.186057
vt 0.494388 0.093873
vt 0.501795 0.190295
vt 0.476919 0.177876
vt 0.471607 0.155187
vt 0.489245 0.185529
vt 0.479065 0.191403
vt 0.467332 0.179359
vt 0.460458 0.188308
vt 0.459706 0.128611
vt 0.472656 0.191895
vt 0.457729 0.181029
vt 0.393881 0.182656
vt 0.388490 0.180787
vt 0.384809 0.187749
vt 0.376206 0.180975
vt 0.369951 0.179819
vt 0.361756 0.189616
vt 0.358243 0.182012
vt 0.368047 0.189991
vt 0.346122 0.061239
vt 0.342529 0.093377
vt 0.329642 0.099382
vt 0.322357 0.108695
vt 0.325439 0.060502
vt 0.303369 0.081608
vt 0.297746 0.098505
vt 0.296565 0.064581
vt 0.290095 0.063063
vt 0.289574 0.094788
vt 0.344964 0.185483
vt 0.336199 0.162631
vt 0.336542 0.091528
vt 0.342690 0.174676
vt 0.330975 0.160511
vt 0.324051 0.158759
vt 0.303895 0.152641
vt 0.308257 0.074982
vt 0.312190 0.089474
vt 0.311999 0.155423
vt 0.317702 0.158540
vt 0.297435 0.168397
vt 0.302168 0.173074
vt 0.292406 0.163616
vt 0.283816 0.142611
vt 0.282752 0.086676
vt 0.258954 0.137815
vt 0.257269 0.068831
vt 0.263676 0.112303
vt 0.267639 0.061953
vt 0.268555 0.121301
vt 0.273794 0.125267
vt 0.249691 0.132681
vt 0.244265 0.127666
vt 0.246589 0.060586
vt 0.243174 0.074346
vt 0.216270 0.093581
vt 0.224737 0.112067
vt 0.215681 0.131695
vt 0.223964 0.146177
vt 0.226328 0.185522
vt 0.216980 0.176564
vt 0.231570 0.194562
vt 0.237498 0.172487
vt 0.237885 0.194777
vt 0.234651 0.166744
vt 0.242428 0.183989
vt 0.248776 0.193424
vt 0.251300 0.195480
vt 0.252602 0.184382
vt 0.263180 0.192650
vt 0.261793 0.187674
vt 0.243318 0.177183
vt 0.255707 0.178587
vt 0.266575 0.179866
vt 0.271847 0.189706
vt 0.268978 0.195499
vt 0.275572 0.186988
vt 0.276611 0.195068
vt 0.283806 0.185091
vt 0.263522 0.165421
vt 0.254871 0.167115
vt 0.246659 0.172958
vt 0.242016 0.161088
vt 0.234942 0.157354
vt 0.246979 0.157797
vt 0.241107 0.150176
vt 0.254943 0.155653
vt 0.256682 0.150654
vt 0.247280 0.144429
vt 0.267686 0.158208
vt 0.267182 0.142593
vt 0.274334 0.149540
vt 0.276401 0.158480
vt 0.277637 0.125698
vt 0.284352 0.157964
vt 0.234622 0.068665
vt 0.239345 0.123858
vt 0.234052 0.130724
vt 0.228718 0.145409
vt 0.224788 0.074852
vt 0.564540 0.092706
vt 0.563751 0.127730
vt 0.558377 0.089980
vt 0.553900 0.142386
vt 0.547533 0.142772
vt 0.541190 0.086530
vt 0.538800 0.146366
vt 0.537712 0.083016
vt 0.532387 0.138080
vt 0.547759 0.188023
vt 0.538222 0.187131
vt 0.541748 0.193115
vt 0.553631 0.188770
vt 0.561169 0.187465
vt 0.559264 0.153431
vt 0.565033 0.188143
vt 0.564212 0.166455
vt 0.460722 0.086252
vt 0.452202 0.102033
vt 0.452579 0.065156
vt 0.444583 0.096624
vt 0.445914 0.127945
vt 0.439270 0.109880
vt 0.417246 0.132740
vt 0.405223 0.183791
vt 0.422949 0.126157
vt 0.428536 0.183019
vt 0.466880 0.084068
vt 0.471720 0.080798
vt 0.451073 0.185311
vt 0.443942 0.185139
vt 0.422359 0.184835
vt 0.418213 0.185001
vt 0.410098 0.186986
vt 0.399430 0.183840
vt 0.436713 0.186352
vt 0.499058 0.070051
vt 0.419031 0.087398
vt 0.423347 0.069578
vt 0.529471 0.191503
vt 0.238134 0.136906
vt 0.233976 0.143063
vt 0.323037 0.175964
vt 0.313303 0.182884
vt 0.318859 0.187556
vt 0.306483 0.177066
vt 0.325195 0.190430
vt 0.331768 0.186084
vt 0.314170 0.191873
vt 0.300593 0.185237
vt 0.294021 0.189215
vt 0.298040 0.193667
vt 0.289644 0.164304
vt 0.293682 0.176177
vt 0.289343 0.182447
vt 0.284144 0.174711
vt 0.288109 0.193098
vt 0.281982 0.195068
vt 0.274618 0.167018
vt 0.351364 0.190240
vt 0.337293 0.190497
vt 0.133148 0.249974
vt 0.133670 0.242355
vt 0.136719 0.251221
vt 0.128639 0.246982
vt 0.136230 0.254395
vt 0.133110 0.263368
vt 0.123372 0.251304
vt 0.124110 0.257840
vt 0.127160 0.267849
vt 0.133225 0.271885
vt 0.137695 0.265869
vt 0.124979 0.262496
vt 0.119239 0.276309
vt 0.112566 0.269984
vt 0.113383 0.259140
vt 0.117874 0.255127
vt 0.109473 0.247722
vt 0.109964 0.254520
vt 0.108393 0.240001
vt 0.112670 0.233951
vt 0.134994 0.238964
vt 0.133860 0.228347
vt 0.112593 0.227155
vt 0.074193 0.250904
vt 0.058419 0.237861
vt 0.043376 0.232496
vt 0.118731 0.223101
vt 0.112479 0.217954
vt 0.084253 0.259441
vt 0.107142 0.263208
vt 0.113791 0.275961
vt 0.103256 0.266977
vt 0.106667 0.277181
vt 0.097024 0.274812
vt 0.074268 0.266410
vt 0.072840 0.257348
vt 0.046979 0.241857
vt 0.010256 0.251235
vt 0.012519 0.256889
vt 0.008668 0.247170
vt 0.013015 0.260647
vt 0.006396 0.242262
vt 0.002441 0.243896
vt 0.001411 0.255319
vt 0.001076 0.268827
vt 0.013169 0.281802
vt 0.000709 0.280520
vt 0.013371 0.267316
vt 0.013380 0.274656
vt 0.011581 0.293026
vt 0.002092 0.297603
vt 0.008117 0.300253
vt 0.004992 0.307684
vt 0.038918 0.303374
vt 0.036376 0.308654
vt 0.036815 0.292409
vt 0.037848 0.284827
vt 0.040152 0.279053
vt 0.062194 0.272472
vt 0.064180 0.291863
vt 0.084971 0.285020
vt 0.052721 0.298393
vt 0.008361 0.315628
vt 0.035505 0.314816
vt 0.020158 0.321922
vt 0.061931 0.305692
vt 0.056959 0.309300
vt 0.049748 0.314788
vt 0.067682 0.300104
vt 0.083712 0.279787
vt 0.092204 0.277218
vt 0.137612 0.329443
vt 0.144132 0.337857
vt 0.121452 0.329678
vt 0.129720 0.339467
vt 0.118700 0.352947
vt 0.146181 0.349590
vt 0.146484 0.354816
vt 0.127545 0.347919
vt 0.135786 0.361382
vt 0.145996 0.367676
vt 0.125386 0.368502
vt 0.144661 0.371948
vt 0.139840 0.376933
vt 0.114942 0.374976
vt 0.138304 0.382230
vt 0.094003 0.354743
vt 0.104431 0.345061
vt 0.095630 0.351848
vt 0.088777 0.356573
vt 0.098651 0.337107
vt 0.088604 0.346619
vt 0.092080 0.336768
vt 0.090390 0.325318
vt 0.084293 0.331949
vt 0.080597 0.350876
vt 0.085137 0.360825
vt 0.074627 0.356458
vt 0.069021 0.349769
vt 0.073333 0.344541
vt 0.064430 0.340394
vt 0.065231 0.359303
vt 0.058931 0.358109
vt 0.058794 0.349496
vt 0.049711 0.346616
vt 0.058961 0.337106
vt 0.046141 0.356397
vt 0.048344 0.363355
vt 0.052636 0.369818
vt 0.039004 0.361831
vt 0.043682 0.352163
vt 0.038695 0.348584
vt 0.031302 0.363010
vt 0.053324 0.337305
vt 0.045310 0.339828
vt 0.070785 0.324687
vt 0.052165 0.328562
vt 0.043432 0.329065
vt 0.032931 0.343303
vt 0.035331 0.328332
vt 0.028022 0.354693
vt 0.023448 0.348299
vt 0.027334 0.341549
vt 0.026941 0.332274
vt 0.019389 0.339979
vt 0.014765 0.344506
vt 0.019585 0.355549
vt 0.024218 0.366200
vt 0.017747 0.363588
vt 0.007685 0.351668
vt 0.007076 0.325032
vt 0.005295 0.343370
vt 0.004395 0.332520
vt 0.009654 0.360050
vt 0.003820 0.357138
vt 0.011497 0.368206
vt 0.015769 0.371866
vt 0.013428 0.375244
vt 0.015869 0.380581
vt 0.023799 0.373996
vt 0.031175 0.372564
vt 0.040705 0.371115
vt 0.047926 0.375565
vt 0.044529 0.379930
vt 0.034162 0.377831
vt 0.040096 0.383193
vt 0.024032 0.383554
vt 0.030906 0.388178
vt 0.017646 0.387807
vt 0.022880 0.396074
vt 0.015087 0.392497
vt 0.030912 0.399086
vt 0.020215 0.402802
vt 0.013428 0.400879
vt 0.015550 0.406399
vt 0.028578 0.407048
vt 0.035626 0.402269
vt 0.038029 0.391724
vt 0.040898 0.397119
vt 0.044922 0.392363
vt 0.051402 0.387983
vt 0.048245 0.391324
vt 0.054198 0.386118
vt 0.057357 0.383349
vt 0.047078 0.408548
vt 0.039595 0.414889
vt 0.082540 0.412549
vt 0.075623 0.422305
vt 0.095697 0.406686
vt 0.114926 0.422378
vt 0.114122 0.415430
vt 0.113507 0.430053
vt 0.081194 0.428800
vt 0.085879 0.434769
vt 0.114020 0.438491
vt 0.120176 0.433632
vt 0.121912 0.421832
vt 0.119206 0.440792
vt 0.124158 0.439101
vt 0.126960 0.430475
vt 0.128739 0.435196
vt 0.128265 0.423357
vt 0.141246 0.429612
vt 0.142334 0.424805
vt 0.130173 0.417571
vt 0.143407 0.413546
vt 0.131343 0.409296
vt 0.143912 0.405571
vt 0.129435 0.403605
vt 0.134880 0.398373
vt 0.123204 0.397085
vt 0.132412 0.391982
vt 0.122705 0.411535
vt 0.122379 0.403328
vt 0.120536 0.390637
vt 0.118229 0.381810
vt 0.078373 0.379087
vt 0.085777 0.363527
vt 0.072859 0.372784
vt 0.077570 0.366711
vt 0.066944 0.364793
vt 0.073264 0.369896
vt 0.058859 0.367089
vt 0.067202 0.374889
vt 0.056315 0.376654
vt 0.062743 0.379092
vt 0.073204 0.384391
vt 0.132404 0.318610
vt 0.140694 0.310173
vt 0.147379 0.312345
vt 0.143027 0.325165
vt 0.125901 0.324865
vt 0.111335 0.338957
vt 0.116188 0.333699
vt 0.107560 0.333061
vt 0.114168 0.321883
vt 0.124654 0.318025
vt 0.120205 0.313555
vt 0.110022 0.312699
vt 0.118173 0.304775
vt 0.127076 0.306341
vt 0.132195 0.310010
vt 0.135927 0.302053
vt 0.141242 0.296833
vt 0.147085 0.303067
vt 0.138226 0.288849
vt 0.129057 0.298045
vt 0.142334 0.289307
vt 0.132874 0.286340
vt 0.127524 0.287379
vt 0.136301 0.277257
vt 0.139893 0.281250
vt 0.126642 0.277817
vt 0.121037 0.286857
vt 0.119515 0.297331
vt 0.111697 0.299777
vt 0.103971 0.306821
vt 0.106701 0.298328
vt 0.100578 0.318663
vt 0.104642 0.323751
vt 0.139398 0.387420
vt 0.135132 0.215849
vt 0.118361 0.214637
vt 0.133892 0.208496
vt 0.119682 0.207238
vt 0.112509 0.209984
vt 0.113888 0.207712
vt 0.113634 0.200636
vt 0.037430 0.217484
vt 0.113635 0.193110
vt 0.108482 0.186631
vt 0.114287 0.185155
vt 0.120209 0.193550
vt 0.120770 0.200468
vt 0.120559 0.186561
vt 0.132532 0.188773
vt 0.121548 0.178450
vt 0.138581 0.172545
vt 0.135738 0.178709
vt 0.125857 0.171301
vt 0.115769 0.168447
vt 0.115165 0.177079
vt 0.107964 0.178396
vt 0.052031 0.186122
vt 0.107011 0.170902
vt 0.110305 0.162356
vt 0.115904 0.159750
vt 0.053619 0.192638
vt 0.049202 0.206023
vt 0.050505 0.199206
vt 0.057075 0.166880
vt 0.115774 0.151148
vt 0.023119 0.151316
vt 0.114331 0.145133
vt 0.115301 0.140868
vt 0.120555 0.142378
vt 0.128436 0.148342
vt 0.121633 0.154290
vt 0.122293 0.163080
vt 0.125635 0.156993
vt 0.140822 0.444291
vt 0.123290 0.445688
vt 0.118703 0.447954
vt 0.123598 0.453466
vt 0.142334 0.452148
vt 0.117797 0.455345
vt 0.122781 0.460501
vt 0.117144 0.463839
vt 0.121755 0.466908
vt 0.121076 0.471078
vt 0.115768 0.470121
vt 0.110669 0.462787
vt 0.111620 0.452437
vt 0.079626 0.458016
vt 0.028884 0.456371
vt 0.077795 0.451812
vt 0.109108 0.444244
vt 0.037245 0.441714
vt 0.037968 0.435659
vt 0.039649 0.429442
vt 0.037984 0.422118
vt 0.025625 0.411161
vt 0.019285 0.414887
vt 0.015804 0.420020
vt 0.013672 0.419434
vt 0.011211 0.426656
vt 0.012134 0.431380
vt 0.013049 0.437625
vt 0.012138 0.444509
vt 0.114616 0.288126
vt 0.109050 0.288684
vt 0.098917 0.296394
vt 0.098282 0.304077
vt 0.102516 0.286836
vt 0.092396 0.301513
vt 0.094574 0.289492
vt 0.087566 0.299337
vt 0.079157 0.290941
vt 0.072977 0.298056
vt 0.090565 0.311057
vt 0.082174 0.307922
vt 0.096672 0.314199
vt 0.084125 0.318075
vt 0.079149 0.326263
vt 0.073497 0.315951
vt 0.070843 0.304309
vt 0.066858 0.310055
vt 0.065753 0.320696
vt 0.058421 0.315758
vt 0.036337 0.223454
vt 0.031439 0.227783
vt 0.006590 0.234871
vt 0.003418 0.237549
vt 0.005419 0.228994
vt 0.004975 0.220219
vt 0.005494 0.211686
vt 0.007773 0.204759
vt 0.006021 0.195372
vt 0.008622 0.186362
vt 0.010628 0.180316
vt 0.008480 0.140940
vt 0.027164 0.139069
vt 0.031993 0.144882
vt 0.045822 0.172625
vt 0.012414 0.166195
vt 0.048513 0.178469
vt 0.057773 0.160723
vt 0.042263 0.156191
vt 0.041527 0.320362
vt 0.472233 0.691048
vt 0.479137 0.689601
vt 0.485782 0.693040
vt 0.476443 0.697721
vt 0.490967 0.688477
vt 0.497125 0.694180
vt 0.491826 0.699625
vt 0.510477 0.693127
vt 0.501025 0.689886
vt 0.507812 0.689209
vt 0.514189 0.689907
vt 0.506461 0.698515
vt 0.482798 0.705197
vt 0.461025 0.706599
vt 0.465493 0.689380
vt 0.473500 0.722958
vt 0.463599 0.721957
vt 0.454840 0.728401
vt 0.461889 0.736776
vt 0.467434 0.741195
vt 0.471610 0.746603
vt 0.475687 0.751390
vt 0.481327 0.721030
vt 0.470868 0.754335
vt 0.449814 0.740886
vt 0.458383 0.745804
vt 0.445139 0.732441
vt 0.451327 0.749320
vt 0.457734 0.753340
vt 0.457042 0.758234
vt 0.446921 0.755260
vt 0.450810 0.763733
vt 0.478206 0.756117
vt 0.488493 0.730943
vt 0.493131 0.745354
vt 0.483333 0.760010
vt 0.486086 0.710277
vt 0.492427 0.707842
vt 0.491956 0.717628
vt 0.500288 0.704628
vt 0.508029 0.707966
vt 0.501425 0.713860
vt 0.498585 0.725836
vt 0.504607 0.720109
vt 0.507513 0.727771
vt 0.504882 0.732615
vt 0.511178 0.714616
vt 0.514987 0.722214
vt 0.518490 0.707183
vt 0.525818 0.712842
vt 0.520538 0.716766
vt 0.515142 0.699169
vt 0.521994 0.700294
vt 0.520148 0.692110
vt 0.528553 0.688771
vt 0.529353 0.698048
vt 0.536881 0.692231
vt 0.543118 0.685713
vt 0.538955 0.700478
vt 0.548349 0.689294
vt 0.547744 0.698203
vt 0.554985 0.694736
vt 0.560317 0.693309
vt 0.561305 0.701980
vt 0.553373 0.707576
vt 0.566272 0.705479
vt 0.570104 0.689541
vt 0.575859 0.706771
vt 0.581579 0.688416
vt 0.583705 0.698783
vt 0.570262 0.710253
vt 0.558450 0.712882
vt 0.554673 0.718415
vt 0.543614 0.712115
vt 0.567216 0.720701
vt 0.576856 0.715974
vt 0.581221 0.717139
vt 0.585716 0.717099
vt 0.589461 0.688950
vt 0.593771 0.687549
vt 0.596924 0.690918
vt 0.590338 0.726950
vt 0.595547 0.717683
vt 0.563457 0.728152
vt 0.578221 0.727164
vt 0.583092 0.721937
vt 0.590463 0.734074
vt 0.581845 0.737188
vt 0.595123 0.732771
vt 0.571926 0.736755
vt 0.579210 0.745569
vt 0.562779 0.737160
vt 0.551951 0.731416
vt 0.552644 0.737338
vt 0.559473 0.744950
vt 0.552607 0.723794
vt 0.546975 0.728064
vt 0.537923 0.721630
vt 0.540041 0.716904
vt 0.545208 0.705710
vt 0.531917 0.723396
vt 0.533420 0.729802
vt 0.544298 0.736800
vt 0.532059 0.736707
vt 0.523381 0.727226
vt 0.536527 0.746072
vt 0.524262 0.741941
vt 0.529294 0.749966
vt 0.516041 0.740124
vt 0.517751 0.732512
vt 0.519460 0.750251
vt 0.510714 0.739372
vt 0.515636 0.745831
vt 0.516127 0.765396
vt 0.507814 0.751979
vt 0.526591 0.759989
vt 0.504825 0.791086
vt 0.500774 0.783107
vt 0.492067 0.769189
vt 0.495504 0.778305
vt 0.486564 0.764225
vt 0.501927 0.747243
vt 0.475377 0.766117
vt 0.468166 0.761244
vt 0.461463 0.768647
vt 0.457774 0.774648
vt 0.446451 0.769453
vt 0.455157 0.779313
vt 0.445459 0.776264
vt 0.449521 0.784246
vt 0.436712 0.774650
vt 0.435856 0.765312
vt 0.441069 0.781086
vt 0.431749 0.770383
vt 0.423157 0.774633
vt 0.429131 0.783407
vt 0.436769 0.786355
vt 0.447147 0.792722
vt 0.433559 0.794572
vt 0.444323 0.799090
vt 0.455568 0.792972
vt 0.459512 0.801814
vt 0.460558 0.790226
vt 0.465306 0.785634
vt 0.467637 0.775395
vt 0.476593 0.784448
vt 0.476292 0.790340
vt 0.479180 0.779154
vt 0.481760 0.771838
vt 0.487519 0.783913
vt 0.487473 0.796651
vt 0.492858 0.793162
vt 0.502556 0.794107
vt 0.481366 0.797617
vt 0.472115 0.794733
vt 0.484270 0.804537
vt 0.492841 0.805440
vt 0.502029 0.804613
vt 0.509992 0.795937
vt 0.514899 0.803767
vt 0.510930 0.811507
vt 0.501140 0.814358
vt 0.490927 0.813631
vt 0.484004 0.813215
vt 0.476052 0.804621
vt 0.465834 0.798325
vt 0.467258 0.808571
vt 0.475138 0.812711
vt 0.489597 0.818116
vt 0.481201 0.818848
vt 0.476998 0.821362
vt 0.471203 0.818951
vt 0.462839 0.817065
vt 0.465242 0.824142
vt 0.457287 0.823382
vt 0.455322 0.829102
vt 0.450372 0.828776
vt 0.456058 0.815499
vt 0.445746 0.824931
vt 0.442907 0.814463
vt 0.449173 0.809949
vt 0.457719 0.807216
vt 0.439285 0.804658
vt 0.440714 0.821008
vt 0.434258 0.815289
vt 0.426062 0.808297
vt 0.427435 0.802431
vt 0.425712 0.792210
vt 0.414968 0.795050
vt 0.420283 0.803845
vt 0.421686 0.827682
vt 0.428346 0.827672
vt 0.435117 0.826707
vt 0.398868 0.818142
vt 0.395996 0.829834
vt 0.390513 0.829098
vt 0.395440 0.796701
vt 0.383539 0.830259
vt 0.386631 0.806103
vt 0.376169 0.826584
vt 0.368879 0.824614
vt 0.369385 0.831055
vt 0.381656 0.799192
vt 0.369661 0.818401
vt 0.370511 0.800663
vt 0.362583 0.813185
vt 0.375007 0.768948
vt 0.357291 0.805855
vt 0.378361 0.772974
vt 0.384120 0.773814
vt 0.387848 0.775680
vt 0.393179 0.778421
vt 0.398579 0.780355
vt 0.402906 0.784880
vt 0.400827 0.774031
vt 0.404494 0.778716
vt 0.406409 0.770399
vt 0.413461 0.770581
vt 0.406212 0.764669
vt 0.413126 0.779683
vt 0.411581 0.758452
vt 0.419789 0.782263
vt 0.409286 0.791035
vt 0.416670 0.788389
vt 0.414972 0.798000
vt 0.408502 0.802203
vt 0.405159 0.825813
vt 0.412781 0.825855
vt 0.444600 0.696627
vt 0.454801 0.690845
vt 0.450929 0.706198
vt 0.448924 0.721679
vt 0.443945 0.716257
vt 0.438984 0.712397
vt 0.435947 0.693042
vt 0.430484 0.703614
vt 0.425522 0.695973
vt 0.430908 0.687500
vt 0.411159 0.699020
vt 0.418669 0.689064
vt 0.407520 0.692740
vt 0.392898 0.698051
vt 0.397823 0.701334
vt 0.397783 0.709948
vt 0.383000 0.702989
vt 0.420231 0.708150
vt 0.410899 0.724003
vt 0.431588 0.722496
vt 0.435578 0.727613
vt 0.435367 0.734632
vt 0.441541 0.747392
vt 0.435672 0.741808
vt 0.426384 0.739491
vt 0.423078 0.749396
vt 0.424229 0.728499
vt 0.419598 0.735566
vt 0.414407 0.750941
vt 0.433123 0.756262
vt 0.426146 0.763818
vt 0.415950 0.757967
vt 0.373884 0.705045
vt 0.374756 0.698730
vt 0.407140 0.727131
vt 0.392419 0.724301
vt 0.417648 0.724668
vt 0.415987 0.730092
vt 0.402668 0.733540
vt 0.406786 0.756046
vt 0.399417 0.758852
vt 0.387956 0.759624
vt 0.388093 0.764415
vt 0.371878 0.763811
vt 0.365158 0.702364
vt 0.361042 0.713265
vt 0.357250 0.710061
vt 0.358887 0.703613
vt 0.371334 0.723718
vt 0.389412 0.728396
vt 0.383080 0.726500
vt 0.386585 0.732385
vt 0.370171 0.726760
vt 0.356843 0.722248
vt 0.358335 0.728960
vt 0.355182 0.719236
vt 0.354248 0.705566
vt 0.350823 0.710118
vt 0.352290 0.721628
vt 0.345082 0.715247
vt 0.340112 0.718949
vt 0.352377 0.750309
vt 0.355786 0.726887
vt 0.337320 0.775673
vt 0.360143 0.740423
vt 0.365378 0.738719
vt 0.368852 0.755289
vt 0.374721 0.761195
vt 0.362348 0.753990
vt 0.359635 0.764694
vt 0.342982 0.787599
vt 0.339924 0.780934
vt 0.333008 0.781494
vt 0.332168 0.787337
vt 0.333064 0.796772
vt 0.330078 0.794434
vt 0.342339 0.800263
vt 0.333175 0.805746
vt 0.344840 0.809528
vt 0.336224 0.814522
vt 0.332031 0.822868
vt 0.338968 0.824661
vt 0.333008 0.828857
vt 0.341328 0.829341
vt 0.346404 0.822600
vt 0.354275 0.829183
vt 0.351765 0.817004
vt 0.357743 0.823144
vt 0.352900 0.802851
vt 0.349272 0.795487
vt 0.364962 0.830023
vt 0.637315 0.698858
vt 0.643613 0.705554
vt 0.627388 0.733178
vt 0.619772 0.762193
vt 0.625721 0.770655
vt 0.623191 0.766719
vt 0.620042 0.772208
vt 0.615361 0.775513
vt 0.622008 0.779244
vt 0.616024 0.781938
vt 0.623291 0.788330
vt 0.617374 0.790890
vt 0.622757 0.791777
vt 0.611184 0.786488
vt 0.618189 0.798028
vt 0.625944 0.798519
vt 0.624430 0.804960
vt 0.617222 0.808851
vt 0.626182 0.812214
vt 0.615653 0.814637
vt 0.614014 0.816406
vt 0.608764 0.812611
vt 0.598653 0.814043
vt 0.602943 0.819342
vt 0.610576 0.803657
vt 0.603675 0.801947
vt 0.608990 0.796756
vt 0.602064 0.786846
vt 0.604301 0.780235
vt 0.600809 0.772184
vt 0.609461 0.770506
vt 0.601794 0.765899
vt 0.607651 0.760368
vt 0.619308 0.763420
vt 0.615191 0.757565
vt 0.595243 0.752534
vt 0.612137 0.752580
vt 0.590454 0.760046
vt 0.587150 0.766139
vt 0.595958 0.775873
vt 0.581056 0.770307
vt 0.586617 0.777137
vt 0.592433 0.786066
vt 0.600807 0.792716
vt 0.593755 0.806973
vt 0.598095 0.823510
vt 0.590137 0.819098
vt 0.585821 0.813122
vt 0.579783 0.820815
vt 0.578497 0.807774
vt 0.575269 0.819892
vt 0.570481 0.818938
vt 0.571583 0.800620
vt 0.564952 0.815649
vt 0.557500 0.819930
vt 0.562500 0.824219
vt 0.559195 0.802106
vt 0.545908 0.819350
vt 0.548329 0.807951
vt 0.559001 0.787941
vt 0.564267 0.793761
vt 0.567711 0.802283
vt 0.581687 0.808648
vt 0.587839 0.799786
vt 0.596414 0.798593
vt 0.587246 0.793977
vt 0.581155 0.784769
vt 0.578250 0.792993
vt 0.574963 0.779489
vt 0.570584 0.787374
vt 0.553071 0.787505
vt 0.550644 0.781838
vt 0.543061 0.804580
vt 0.557207 0.775640
vt 0.565514 0.778671
vt 0.569540 0.772625
vt 0.560353 0.769126
vt 0.566314 0.764676
vt 0.571956 0.761722
vt 0.580584 0.761304
vt 0.583992 0.755384
vt 0.576055 0.753999
vt 0.562747 0.753903
vt 0.585284 0.750184
vt 0.570777 0.751627
vt 0.571963 0.746826
vt 0.550486 0.744622
vt 0.546681 0.748352
vt 0.545376 0.757458
vt 0.556274 0.758871
vt 0.550570 0.765682
vt 0.544736 0.776030
vt 0.540274 0.771127
vt 0.538439 0.793603
vt 0.529100 0.786875
vt 0.534481 0.767468
vt 0.538461 0.765107
vt 0.529559 0.759941
vt 0.523626 0.785361
vt 0.523896 0.814858
vt 0.528834 0.820023
vt 0.518188 0.805230
vt 0.522515 0.815225
vt 0.507991 0.818826
vt 0.497314 0.818359
vt 0.606028 0.723585
vt 0.620405 0.693516
vt 0.613351 0.721866
vt 0.605389 0.694595
vt 0.598973 0.724414
vt 0.608437 0.699132
vt 0.599444 0.738965
vt 0.603026 0.739858
vt 0.628237 0.696766
vt 0.617061 0.728134
vt 0.622068 0.729080
vt 0.606337 0.745141
vt 0.592976 0.743864
vt 0.531428 0.706305
vt 0.365607 0.762722
vt 0.367845 0.766065
vt 0.523192 0.753630
vt 0.535426 0.819592
vt 0.853213 0.710406
vt 0.847747 0.704981
vt 0.856853 0.707077
vt 0.849048 0.694984
vt 0.855146 0.691877
vt 0.846243 0.688981
vt 0.854256 0.678993
vt 0.863490 0.702048
vt 0.862708 0.687659
vt 0.872578 0.695688
vt 0.888675 0.704907
vt 0.877192 0.708135
vt 0.886058 0.716247
vt 0.874365 0.685338
vt 0.867554 0.679503
vt 0.880130 0.691594
vt 0.851893 0.672943
vt 0.848928 0.667753
vt 0.861996 0.665224
vt 0.847656 0.665283
vt 0.854325 0.660644
vt 0.846924 0.657715
vt 0.849484 0.653154
vt 0.857693 0.647186
vt 0.862891 0.657788
vt 0.844238 0.645508
vt 0.849316 0.643923
vt 0.846296 0.633442
vt 0.842041 0.637451
vt 0.850392 0.630397
vt 0.856392 0.626210
vt 0.842285 0.625244
vt 0.851020 0.620236
vt 0.864630 0.636977
vt 0.864974 0.649940
vt 0.878159 0.649294
vt 0.871135 0.644346
vt 0.869444 0.660838
vt 0.878410 0.659609
vt 0.887127 0.652885
vt 0.886682 0.641633
vt 0.895020 0.647004
vt 0.893166 0.659530
vt 0.902839 0.649588
vt 0.907186 0.657503
vt 0.882965 0.665237
vt 0.887066 0.672196
vt 0.897465 0.665114
vt 0.897130 0.674068
vt 0.911236 0.665663
vt 0.904323 0.677072
vt 0.915652 0.669097
vt 0.917868 0.656940
vt 0.914464 0.644965
vt 0.907363 0.640111
vt 0.899666 0.639317
vt 0.923918 0.646345
vt 0.925258 0.661062
vt 0.930161 0.659110
vt 0.930570 0.651767
vt 0.924594 0.665792
vt 0.953047 0.670110
vt 0.958704 0.666566
vt 0.937109 0.653429
vt 0.941323 0.647996
vt 0.944749 0.643319
vt 0.947345 0.645030
vt 0.931807 0.640241
vt 0.940634 0.636400
vt 0.921397 0.634566
vt 0.912090 0.632444
vt 0.903890 0.631160
vt 0.896418 0.631945
vt 0.885700 0.633242
vt 0.875966 0.636211
vt 0.868079 0.628202
vt 0.862800 0.621911
vt 0.875825 0.627406
vt 0.887848 0.622292
vt 0.881493 0.618780
vt 0.893013 0.625139
vt 0.889618 0.611893
vt 0.877848 0.611148
vt 0.899536 0.618441
vt 0.895580 0.611226
vt 0.915620 0.623526
vt 0.906759 0.618911
vt 0.904527 0.611388
vt 0.914117 0.616696
vt 0.923334 0.625197
vt 0.923711 0.610983
vt 0.928428 0.615906
vt 0.914605 0.608441
vt 0.919968 0.600698
vt 0.904842 0.601210
vt 0.885660 0.603647
vt 0.868970 0.617611
vt 0.846200 0.609013
vt 0.858376 0.609424
vt 0.852220 0.599166
vt 0.893037 0.597794
vt 0.851429 0.593833
vt 0.854384 0.590398
vt 0.881467 0.592061
vt 0.845947 0.601318
vt 0.851793 0.581713
vt 0.877743 0.587210
vt 0.898004 0.592470
vt 0.906132 0.591371
vt 0.911799 0.596813
vt 0.909912 0.589600
vt 0.916756 0.590818
vt 0.927853 0.592944
vt 0.932373 0.589844
vt 0.939790 0.592139
vt 0.931917 0.599861
vt 0.932042 0.607078
vt 0.946834 0.596593
vt 0.946697 0.588142
vt 0.953172 0.586663
vt 0.954580 0.595347
vt 0.961137 0.584313
vt 0.961262 0.590002
vt 0.969606 0.588582
vt 0.968052 0.597646
vt 0.968006 0.583534
vt 0.974373 0.583117
vt 0.975517 0.591977
vt 0.979796 0.584468
vt 0.977814 0.598261
vt 0.984598 0.596914
vt 0.988281 0.601807
vt 0.985190 0.611343
vt 0.987549 0.613281
vt 0.987793 0.617432
vt 0.970363 0.606597
vt 0.961416 0.604145
vt 0.951492 0.602928
vt 0.964760 0.613862
vt 0.955243 0.614055
vt 0.939979 0.605659
vt 0.941665 0.614088
vt 0.935218 0.620038
vt 0.941915 0.627840
vt 0.931731 0.631501
vt 0.952561 0.639234
vt 0.951584 0.626992
vt 0.948804 0.614644
vt 0.961958 0.621876
vt 0.974849 0.614226
vt 0.974600 0.623149
vt 0.980533 0.616910
vt 0.985202 0.625065
vt 0.985357 0.634740
vt 0.973135 0.629822
vt 0.967428 0.629302
vt 0.983471 0.640636
vt 0.981617 0.645357
vt 0.981847 0.650529
vt 0.975619 0.653580
vt 0.970361 0.658805
vt 0.983154 0.662598
vt 0.982288 0.665808
vt 0.967260 0.664807
vt 0.980948 0.670481
vt 0.956560 0.648890
vt 0.973734 0.675134
vt 0.979751 0.672577
vt 0.983887 0.669434
vt 0.977799 0.678455
vt 0.969206 0.680287
vt 0.962602 0.684094
vt 0.951440 0.676122
vt 0.956333 0.695853
vt 0.956565 0.688440
vt 0.967053 0.697762
vt 0.973337 0.699526
vt 0.979600 0.691191
vt 0.983643 0.682129
vt 0.982583 0.699225
vt 0.978642 0.703893
vt 0.982927 0.708781
vt 0.979228 0.715632
vt 0.970465 0.711947
vt 0.958751 0.701143
vt 0.963434 0.710355
vt 0.954128 0.714419
vt 0.971132 0.721271
vt 0.984381 0.719618
vt 0.981834 0.728959
vt 0.987793 0.725098
vt 0.988848 0.731682
vt 0.980764 0.736283
vt 0.973954 0.726734
vt 0.975354 0.733957
vt 0.959796 0.721818
vt 0.945313 0.724371
vt 0.948335 0.732423
vt 0.956193 0.731646
vt 0.961442 0.738773
vt 0.966641 0.729143
vt 0.967147 0.737332
vt 0.987410 0.742772
vt 0.994008 0.744154
vt 0.988423 0.753652
vt 0.979853 0.748493
vt 0.966052 0.747615
vt 0.970769 0.752939
vt 0.982576 0.759231
vt 0.955305 0.738707
vt 0.956935 0.747823
vt 0.948138 0.741778
vt 0.957177 0.758099
vt 0.964717 0.762640
vt 0.948301 0.755328
vt 0.955078 0.765818
vt 0.963075 0.769016
vt 0.979122 0.763885
vt 0.971126 0.768373
vt 0.986323 0.759500
vt 0.979958 0.765450
vt 0.970707 0.771200
vt 0.995366 0.763116
vt 0.993513 0.771430
vt 0.991478 0.754405
vt 0.997314 0.748535
vt 0.864534 0.810004
vt 0.859639 0.810535
vt 0.857316 0.801177
vt 0.869739 0.818196
vt 0.864352 0.821139
vt 0.869773 0.802407
vt 0.870711 0.810237
vt 0.863536 0.796384
vt 0.846763 0.793532
vt 0.850920 0.787512
vt 0.860006 0.777802
vt 0.842041 0.772949
vt 0.845032 0.767448
vt 0.845882 0.780673
vt 0.856906 0.782442
vt 0.868457 0.787263
vt 0.874759 0.792197
vt 0.882403 0.799033
vt 0.872585 0.780568
vt 0.882068 0.782543
vt 0.864498 0.773315
vt 0.866201 0.770117
vt 0.875812 0.774414
vt 0.886677 0.786506
vt 0.880489 0.806581
vt 0.893147 0.789918
vt 0.890553 0.798215
vt 0.898534 0.779332
vt 0.894487 0.774139
vt 0.885586 0.773703
vt 0.901961 0.768062
vt 0.909023 0.774548
vt 0.903807 0.784087
vt 0.913779 0.783516
vt 0.916749 0.776235
vt 0.923051 0.776456
vt 0.914838 0.769730
vt 0.909278 0.764986
vt 0.924904 0.766931
vt 0.917633 0.761456
vt 0.932711 0.768267
vt 0.929622 0.778228
vt 0.931467 0.759916
vt 0.922228 0.755621
vt 0.915446 0.751981
vt 0.907053 0.757507
vt 0.900101 0.755888
vt 0.893062 0.761670
vt 0.887980 0.767257
vt 0.880195 0.756323
vt 0.872584 0.764259
vt 0.848348 0.759215
vt 0.856469 0.726122
vt 0.848514 0.734772
vt 0.844971 0.726074
vt 0.844971 0.721436
vt 0.847521 0.714997
vt 0.884099 0.724687
vt 0.888371 0.730772
vt 0.892964 0.740628
vt 0.891831 0.752047
vt 0.887886 0.747526
vt 0.903903 0.743143
vt 0.902323 0.731720
vt 0.911047 0.746096
vt 0.922226 0.740555
vt 0.929350 0.745156
vt 0.935431 0.752085
vt 0.939804 0.742160
vt 0.933046 0.732334
vt 0.939849 0.733711
vt 0.943482 0.750078
vt 0.947579 0.713767
vt 0.938647 0.719303
vt 0.952102 0.705791
vt 0.944409 0.706748
vt 0.950443 0.691989
vt 0.946092 0.696071
vt 0.940504 0.699056
vt 0.943097 0.692763
vt 0.919514 0.689356
vt 0.915817 0.696734
vt 0.935831 0.702625
vt 0.930801 0.705704
vt 0.902034 0.701077
vt 0.928234 0.709644
vt 0.903962 0.691513
vt 0.892683 0.685975
vt 0.898930 0.681007
vt 0.886908 0.686546
vt 0.914387 0.718697
vt 0.920701 0.714835
vt 0.925668 0.729484
vt 0.931027 0.718771
vt 0.917545 0.732466
vt 0.908583 0.727780
vt 0.912312 0.722211
vt 0.905721 0.727118
vt 0.877497 0.851407
vt 0.870972 0.859084
vt 0.869330 0.851868
vt 0.872448 0.843102
vt 0.868164 0.847412
vt 0.877701 0.843395
vt 0.870763 0.838550
vt 0.882728 0.844378
vt 0.876674 0.830030
vt 0.879825 0.836055
vt 0.868147 0.837648
vt 0.870139 0.828161
vt 0.879652 0.820829
vt 0.877223 0.814111
vt 0.885179 0.817279
vt 0.890549 0.810171
vt 0.895567 0.805448
vt 0.898481 0.795590
vt 0.906092 0.796787
vt 0.912810 0.792779
vt 0.918656 0.792819
vt 0.922663 0.783713
vt 0.929318 0.786612
vt 0.940038 0.775171
vt 0.940192 0.784924
vt 0.944571 0.764983
vt 0.940231 0.758859
vt 0.971957 0.773378
vt 0.964766 0.777212
vt 0.978773 0.781837
vt 0.958503 0.782538
vt 0.963648 0.775831
vt 0.956630 0.776242
vt 0.947287 0.772013
vt 0.951117 0.783934
vt 0.954086 0.786804
vt 0.987135 0.789177
vt 0.995733 0.795334
vt 0.984265 0.795029
vt 0.993643 0.804262
vt 0.959955 0.792561
vt 0.966950 0.803393
vt 0.945139 0.793602
vt 0.949493 0.790938
vt 0.935797 0.794132
vt 0.926730 0.795601
vt 0.936313 0.799767
vt 0.940408 0.797077
vt 0.929646 0.805427
vt 0.918863 0.801734
vt 0.922609 0.812093
vt 0.942774 0.810333
vt 0.939060 0.815479
vt 0.929994 0.822121
vt 0.932566 0.828286
vt 0.919802 0.824481
vt 0.914303 0.818311
vt 0.918023 0.831776
vt 0.934010 0.834930
vt 0.905910 0.826242
vt 0.899680 0.833056
vt 0.915322 0.839902
vt 0.933582 0.844266
vt 0.934498 0.855289
vt 0.909160 0.847369
vt 0.941290 0.849368
vt 0.948845 0.844283
vt 0.936253 0.857612
vt 0.943587 0.859305
vt 0.950759 0.863452
vt 0.943249 0.869141
vt 0.932733 0.867177
vt 0.928742 0.860735
vt 0.922036 0.866269
vt 0.926992 0.859755
vt 0.919252 0.869732
vt 0.917278 0.872992
vt 0.898898 0.869185
vt 0.900297 0.861053
vt 0.883579 0.865834
vt 0.868711 0.867471
vt 0.874379 0.855743
vt 0.887460 0.857408
vt 0.896636 0.851976
vt 0.852131 0.742383
vt 0.848779 0.751012
vt 0.861336 0.673943
vt 0.871113 0.672072
vt 0.875704 0.668289
vt 0.887952 0.832234
vt 0.883551 0.827021
vt 0.887861 0.838378
vt 0.892017 0.823806
vt 0.896851 0.815509
vt 0.902619 0.810182
vt 0.910544 0.803987
vt 0.910926 0.812191
vt 0.901343 0.820754
vt 0.894406 0.834131
vt 0.886983 0.842072
vt 0.915472 0.673432
vt 0.959580 0.636480
vt 0.961424 0.631980
vt 0.958662 0.826092
vt 0.968375 0.809794
vt 0.967992 0.820056
vt 0.963537 0.833880
vt 0.970489 0.829175
vt 0.975170 0.823892
vt 0.980590 0.817856
vt 0.985892 0.811471
vt 0.990883 0.809621
vt 0.996582 0.807373
vt 0.995251 0.815117
vt 0.986323 0.824648
vt 0.996980 0.824845
vt 0.991221 0.834453
vt 0.997210 0.832247
vt 0.997615 0.838963
vt 0.981631 0.833517
vt 0.974599 0.838266
vt 0.980047 0.844742
vt 0.971704 0.843509
vt 0.957439 0.838571
vt 0.971414 0.853647
vt 0.989480 0.841835
vt 0.987973 0.848640
vt 0.995850 0.845670
vt 0.992906 0.854373
vt 0.998047 0.849628
vt 0.999069 0.857371
vt 0.980327 0.856145
vt 0.980673 0.862966
vt 0.971102 0.863932
vt 0.988120 0.862160
vt 0.995190 0.860387
vt 0.998535 0.860840
vt 0.964808 0.863127
vt 0.959757 0.860076
vt 0.964750 0.847554
vt 0.959044 0.854013
vt 0.954350 0.842952
vt 0.955499 0.868204
vt 0.948015 0.847655
vt 0.741776 0.269285
vt 0.736816 0.269287
vt 0.740281 0.264313
vt 0.737491 0.250165
vt 0.743948 0.247356
vt 0.749801 0.263332
vt 0.750492 0.252479
vt 0.754864 0.259285
vt 0.761099 0.253017
vt 0.735352 0.244385
vt 0.742154 0.236683
vt 0.736678 0.234595
vt 0.735352 0.229736
vt 0.737496 0.222756
vt 0.744695 0.225329
vt 0.745694 0.216472
vt 0.737457 0.214488
vt 0.753032 0.215767
vt 0.758948 0.218146
vt 0.766602 0.210205
vt 0.774803 0.213355
vt 0.753784 0.227649
vt 0.765833 0.222318
vt 0.749626 0.237225
vt 0.761065 0.234903
vt 0.756156 0.243890
vt 0.767427 0.249228
vt 0.770939 0.225803
vt 0.771020 0.235684
vt 0.775723 0.229136
vt 0.776573 0.209159
vt 0.783054 0.210280
vt 0.785257 0.222373
vt 0.789673 0.212225
vt 0.792619 0.225031
vt 0.797675 0.216774
vt 0.797144 0.206960
vt 0.805305 0.210363
vt 0.801758 0.205566
vt 0.807714 0.223746
vt 0.811179 0.216223
vt 0.814781 0.205078
vt 0.821095 0.210129
vt 0.822932 0.205455
vt 0.827139 0.215253
vt 0.816121 0.220049
vt 0.836675 0.209896
vt 0.842707 0.221400
vt 0.847858 0.215425
vt 0.837481 0.227185
vt 0.800244 0.228601
vt 0.793287 0.232694
vt 0.786229 0.237789
vt 0.780283 0.241202
vt 0.772282 0.244874
vt 0.792983 0.249512
vt 0.783964 0.256672
vt 0.778766 0.261880
vt 0.760309 0.269406
vt 0.760747 0.275030
vt 0.777793 0.268262
vt 0.771415 0.284487
vt 0.737027 0.273651
vt 0.778383 0.279982
vt 0.759859 0.287072
vt 0.734863 0.281738
vt 0.740555 0.288956
vt 0.739930 0.297185
vt 0.779842 0.295744
vt 0.773573 0.300158
vt 0.767306 0.304420
vt 0.761135 0.310690
vt 0.765510 0.308491
vt 0.783422 0.292155
vt 0.787768 0.287076
vt 0.794916 0.295946
vt 0.789052 0.303810
vt 0.776057 0.309632
vt 0.786026 0.314560
vt 0.776554 0.318103
vt 0.793918 0.308217
vt 0.801522 0.289680
vt 0.795463 0.281067
vt 0.781606 0.275123
vt 0.802902 0.275557
vt 0.807232 0.276179
vt 0.807230 0.271199
vt 0.813887 0.266794
vt 0.806536 0.262024
vt 0.823789 0.257579
vt 0.817437 0.263164
vt 0.814481 0.280710
vt 0.810266 0.288846
vt 0.804851 0.298484
vt 0.800506 0.308424
vt 0.810236 0.301156
vt 0.811408 0.306732
vt 0.819815 0.294732
vt 0.816510 0.288852
vt 0.824449 0.279083
vt 0.822111 0.272002
vt 0.822296 0.261271
vt 0.829349 0.268580
vt 0.826475 0.259762
vt 0.833675 0.275572
vt 0.828232 0.286368
vt 0.835162 0.289278
vt 0.838827 0.279959
vt 0.831243 0.297018
vt 0.827606 0.303369
vt 0.820238 0.303035
vt 0.816758 0.311719
vt 0.823285 0.309872
vt 0.807606 0.315552
vt 0.795903 0.317775
vt 0.782667 0.323021
vt 0.796112 0.324598
vt 0.791424 0.327241
vt 0.804646 0.324122
vt 0.780110 0.330341
vt 0.771428 0.323865
vt 0.769975 0.330546
vt 0.773944 0.338369
vt 0.764135 0.340587
vt 0.771262 0.348154
vt 0.778512 0.341088
vt 0.765955 0.353765
vt 0.758213 0.349501
vt 0.780599 0.348589
vt 0.787411 0.345507
vt 0.787308 0.334428
vt 0.792726 0.338138
vt 0.800160 0.333167
vt 0.799608 0.342661
vt 0.809838 0.329114
vt 0.809616 0.336166
vt 0.809969 0.344410
vt 0.799096 0.355352
vt 0.789259 0.354722
vt 0.779583 0.354861
vt 0.792664 0.361383
vt 0.815918 0.354066
vt 0.817185 0.346671
vt 0.806499 0.361233
vt 0.821301 0.336533
vt 0.816962 0.320945
vt 0.818956 0.329936
vt 0.823654 0.322338
vt 0.825338 0.348248
vt 0.822753 0.352490
vt 0.813359 0.359381
vt 0.799478 0.367550
vt 0.785029 0.363458
vt 0.788787 0.374380
vt 0.776053 0.366755
vt 0.785798 0.374407
vt 0.780163 0.379917
vt 0.784901 0.380695
vt 0.812953 0.376364
vt 0.814441 0.382680
vt 0.810498 0.361868
vt 0.818421 0.371606
vt 0.817678 0.389350
vt 0.775363 0.385082
vt 0.814165 0.395387
vt 0.776709 0.379977
vt 0.768322 0.368878
vt 0.771468 0.359869
vt 0.762562 0.362666
vt 0.770894 0.384205
vt 0.763471 0.376006
vt 0.763352 0.389881
vt 0.763189 0.392156
vt 0.784119 0.397040
vt 0.778632 0.401428
vt 0.755883 0.395725
vt 0.757907 0.383524
vt 0.758300 0.370938
vt 0.755104 0.359388
vt 0.751860 0.351051
vt 0.747808 0.360837
vt 0.743343 0.356300
vt 0.748304 0.341100
vt 0.744923 0.349006
vt 0.756955 0.337317
vt 0.751313 0.328752
vt 0.740715 0.345316
vt 0.738131 0.337076
vt 0.742432 0.362366
vt 0.743720 0.367182
vt 0.750999 0.368316
vt 0.743502 0.373199
vt 0.751404 0.376537
vt 0.741800 0.381751
vt 0.750306 0.383848
vt 0.746689 0.389488
vt 0.741697 0.394715
vt 0.752532 0.394551
vt 0.745625 0.401506
vt 0.752605 0.401091
vt 0.745325 0.403856
vt 0.739258 0.408203
vt 0.775865 0.416305
vt 0.740816 0.411092
vt 0.737326 0.419346
vt 0.740861 0.417875
vt 0.737482 0.424710
vt 0.781519 0.436784
vt 0.738902 0.432341
vt 0.734191 0.439753
vt 0.761303 0.450783
vt 0.771859 0.421818
vt 0.777349 0.406841
vt 0.809851 0.415464
vt 0.802895 0.422053
vt 0.794616 0.426827
vt 0.778176 0.430540
vt 0.789918 0.431213
vt 0.800569 0.428384
vt 0.784763 0.435141
vt 0.793573 0.442048
vt 0.797724 0.437899
vt 0.807351 0.439157
vt 0.808321 0.426612
vt 0.814889 0.421920
vt 0.820426 0.423765
vt 0.819110 0.432415
vt 0.820470 0.411044
vt 0.816568 0.410339
vt 0.828240 0.416607
vt 0.807904 0.405820
vt 0.815407 0.400905
vt 0.822239 0.405523
vt 0.832970 0.399145
vt 0.840854 0.393560
vt 0.828205 0.404144
vt 0.836539 0.407983
vt 0.833345 0.423037
vt 0.842899 0.414201
vt 0.846844 0.403848
vt 0.848028 0.391236
vt 0.836194 0.380689
vt 0.839211 0.372395
vt 0.841828 0.363456
vt 0.858090 0.381340
vt 0.853450 0.385221
vt 0.861391 0.393476
vt 0.856430 0.398926
vt 0.853620 0.407087
vt 0.866070 0.401832
vt 0.857821 0.410629
vt 0.848947 0.418133
vt 0.852402 0.423659
vt 0.857704 0.418328
vt 0.839887 0.430177
vt 0.829800 0.435079
vt 0.812323 0.446079
vt 0.820702 0.438408
vt 0.830352 0.443022
vt 0.825488 0.450236
vt 0.817678 0.449579
vt 0.841546 0.441893
vt 0.849102 0.432502
vt 0.861291 0.426126
vt 0.854010 0.435573
vt 0.861262 0.434245
vt 0.863925 0.415003
vt 0.866882 0.422378
vt 0.870282 0.416245
vt 0.873469 0.407627
vt 0.875183 0.417253
vt 0.875163 0.400634
vt 0.875872 0.427520
vt 0.873048 0.430649
vt 0.869470 0.436721
vt 0.875466 0.442158
vt 0.878418 0.435547
vt 0.861591 0.442591
vt 0.867323 0.445909
vt 0.879115 0.452436
vt 0.880010 0.449636
vt 0.866657 0.461698
vt 0.873143 0.457657
vt 0.877913 0.466121
vt 0.879412 0.472671
vt 0.857544 0.467921
vt 0.870326 0.477462
vt 0.861902 0.465478
vt 0.854554 0.485214
vt 0.875042 0.493643
vt 0.847718 0.489893
vt 0.838646 0.481854
vt 0.834494 0.486024
vt 0.842848 0.478818
vt 0.846239 0.477332
vt 0.835119 0.471231
vt 0.831880 0.475924
vt 0.823524 0.481008
vt 0.826660 0.485596
vt 0.826179 0.469183
vt 0.806104 0.482805
vt 0.815145 0.478285
vt 0.807262 0.486657
vt 0.806095 0.475123
vt 0.798580 0.479274
vt 0.798449 0.487835
vt 0.790539 0.479138
vt 0.793213 0.490723
vt 0.785995 0.485955
vt 0.786894 0.491466
vt 0.778439 0.489282
vt 0.777141 0.482665
vt 0.776367 0.493164
vt 0.769756 0.491776
vt 0.768435 0.485076
vt 0.767822 0.495361
vt 0.761639 0.497424
vt 0.761058 0.490133
vt 0.753338 0.499362
vt 0.748102 0.490696
vt 0.743901 0.498199
vt 0.738116 0.489901
vt 0.739702 0.479512
vt 0.731689 0.478516
vt 0.729653 0.473642
vt 0.751057 0.481840
vt 0.735903 0.467701
vt 0.760203 0.477262
vt 0.748934 0.472975
vt 0.741124 0.463723
vt 0.729492 0.458496
vt 0.731299 0.454156
vt 0.736946 0.447912
vt 0.750652 0.458062
vt 0.756213 0.453972
vt 0.756874 0.455564
vt 0.775468 0.441707
vt 0.769899 0.446206
vt 0.763851 0.451388
vt 0.768734 0.460572
vt 0.760495 0.466748
vt 0.749555 0.461530
vt 0.770783 0.479052
vt 0.771792 0.469819
vt 0.780055 0.475350
vt 0.781381 0.466350
vt 0.778233 0.460449
vt 0.788382 0.468627
vt 0.793411 0.459670
vt 0.784117 0.453603
vt 0.789077 0.447527
vt 0.780458 0.439618
vt 0.801008 0.450681
vt 0.802383 0.462024
vt 0.797780 0.471189
vt 0.805712 0.468580
vt 0.810155 0.463619
vt 0.818045 0.466927
vt 0.836924 0.463772
vt 0.842989 0.470028
vt 0.826756 0.459012
vt 0.809038 0.455633
vt 0.816820 0.457984
vt 0.735267 0.302493
vt 0.736237 0.308534
vt 0.753952 0.315660
vt 0.761911 0.320031
vt 0.760747 0.328707
vt 0.745374 0.321125
vt 0.739993 0.325628
vt 0.734131 0.331787
vt 0.735596 0.326760
vt 0.738810 0.314470
vt 0.807404 0.247446
vt 0.829138 0.255338
vt 0.832092 0.259025
vt 0.833399 0.252163
vt 0.808198 0.241386
vt 0.813783 0.237635
vt 0.838718 0.248145
vt 0.836248 0.252270
vt 0.837616 0.261221
vt 0.840994 0.270719
vt 0.843735 0.260842
vt 0.847046 0.269618
vt 0.835437 0.236973
vt 0.844392 0.244026
vt 0.818404 0.232208
vt 0.849622 0.239915
vt 0.855788 0.234244
vt 0.850147 0.253178
vt 0.854104 0.245095
vt 0.857448 0.250927
vt 0.852637 0.260387
vt 0.860993 0.262346
vt 0.852425 0.271771
vt 0.843058 0.283218
vt 0.845530 0.288002
vt 0.851283 0.282813
vt 0.856951 0.274915
vt 0.866129 0.263440
vt 0.867831 0.268144
vt 0.867286 0.255999
vt 0.863492 0.252203
vt 0.860989 0.244429
vt 0.867800 0.243283
vt 0.853618 0.238086
vt 0.861636 0.230376
vt 0.864854 0.239418
vt 0.865904 0.229917
vt 0.868652 0.235840
vt 0.867858 0.225636
vt 0.870605 0.226562
vt 0.868841 0.220336
vt 0.829138 0.311951
vt 0.841470 0.295698
vt 0.848465 0.296504
vt 0.852718 0.290088
vt 0.860306 0.283014
vt 0.862333 0.302270
vt 0.860406 0.295094
vt 0.867354 0.286366
vt 0.868561 0.276563
vt 0.877534 0.285232
vt 0.875168 0.292938
vt 0.873357 0.298279
vt 0.883057 0.291504
vt 0.885735 0.300113
vt 0.883914 0.303130
vt 0.848612 0.307953
vt 0.861136 0.309206
vt 0.837304 0.304295
vt 0.855586 0.314520
vt 0.870446 0.313966
vt 0.866096 0.318089
vt 0.877415 0.307905
vt 0.881342 0.325665
vt 0.879699 0.332512
vt 0.859568 0.323487
vt 0.846426 0.315627
vt 0.853152 0.328861
vt 0.839606 0.309494
vt 0.849973 0.332322
vt 0.879501 0.337789
vt 0.872943 0.346101
vt 0.855034 0.351862
vt 0.883040 0.356192
vt 0.878038 0.361085
vt 0.881348 0.363281
vt 0.877647 0.368191
vt 0.856187 0.360077
vt 0.870975 0.371634
vt 0.878605 0.381352
vt 0.874994 0.387449
vt 0.863863 0.377398
vt 0.836014 0.341346
vt 0.842397 0.337305
vt 0.830821 0.346603
vt 0.844731 0.326628
vt 0.830706 0.331424
vt 0.838409 0.318871
vt 0.830711 0.342937
vt 0.832102 0.321328
vt 0.855768 0.371098
vt 0.870143 0.392319
vt 0.877441 0.393066
vt 0.834524 0.452647
vt 0.840990 0.455005
vt 0.845291 0.461179
vt 0.850014 0.445348
vt 0.853474 0.450819
vt 0.860349 0.455867
vt 0.854362 0.461182
vt 0.853088 0.472279
vt 0.870810 0.483762
vt 0.849243 0.475561
vt 0.882955 0.312324
vt 0.890381 0.308594
vt 0.881288 0.317843
vt 0.042259 0.705100
vt 0.046143 0.703613
vt 0.053759 0.709906
vt 0.046199 0.713522
vt 0.057943 0.717950
vt 0.056866 0.705276
vt 0.066918 0.710526
vt 0.065189 0.703779
vt 0.075749 0.706912
vt 0.069118 0.716311
vt 0.066448 0.723209
vt 0.084496 0.709203
vt 0.081726 0.716891
vt 0.072266 0.702881
vt 0.078420 0.703125
vt 0.084963 0.702759
vt 0.090902 0.708224
vt 0.094420 0.703850
vt 0.089355 0.720807
vt 0.077267 0.722031
vt 0.076027 0.728555
vt 0.051710 0.720278
vt 0.056799 0.727030
vt 0.047413 0.731571
vt 0.039738 0.727366
vt 0.029849 0.728934
vt 0.037257 0.702803
vt 0.030185 0.709246
vt 0.018728 0.734543
vt 0.016420 0.754074
vt 0.023786 0.759701
vt 0.017896 0.767715
vt 0.028664 0.766253
vt 0.036080 0.761245
vt 0.054000 0.736581
vt 0.060682 0.733146
vt 0.045873 0.767082
vt 0.057848 0.758983
vt 0.067144 0.741599
vt 0.066376 0.755967
vt 0.073419 0.749916
vt 0.071212 0.772676
vt 0.064803 0.774090
vt 0.078725 0.756171
vt 0.077381 0.768249
vt 0.084837 0.762984
vt 0.089145 0.757097
vt 0.080973 0.749784
vt 0.093920 0.750726
vt 0.087720 0.742898
vt 0.078388 0.739777
vt 0.069926 0.733805
vt 0.085104 0.734216
vt 0.093995 0.737490
vt 0.099445 0.746806
vt 0.085048 0.726962
vt 0.095987 0.728989
vt 0.097161 0.716085
vt 0.098902 0.722172
vt 0.103257 0.740548
vt 0.105233 0.734028
vt 0.110016 0.727423
vt 0.111976 0.718403
vt 0.116167 0.740658
vt 0.109804 0.745550
vt 0.106108 0.758780
vt 0.109081 0.752908
vt 0.099901 0.761932
vt 0.100783 0.766424
vt 0.089435 0.771344
vt 0.086397 0.789333
vt 0.066267 0.803087
vt 0.058966 0.775749
vt 0.060987 0.797171
vt 0.056399 0.792861
vt 0.048437 0.783572
vt 0.044602 0.780687
vt 0.035936 0.772679
vt 0.043475 0.787670
vt 0.029814 0.782935
vt 0.028900 0.776178
vt 0.030316 0.790449
vt 0.041850 0.798756
vt 0.050239 0.796368
vt 0.055123 0.806291
vt 0.045045 0.808662
vt 0.035537 0.802388
vt 0.056194 0.812860
vt 0.071750 0.809911
vt 0.095212 0.781794
vt 0.092715 0.808733
vt 0.099464 0.788309
vt 0.104461 0.778342
vt 0.108086 0.792294
vt 0.111401 0.784765
vt 0.096829 0.773372
vt 0.110093 0.772025
vt 0.116515 0.762807
vt 0.120713 0.755094
vt 0.115800 0.750510
vt 0.118751 0.769570
vt 0.116616 0.778707
vt 0.126233 0.781084
vt 0.122845 0.787968
vt 0.120240 0.794473
vt 0.132992 0.770268
vt 0.131372 0.776882
vt 0.125114 0.763722
vt 0.134699 0.762860
vt 0.140840 0.781653
vt 0.139336 0.787458
vt 0.133907 0.792079
vt 0.131769 0.797523
vt 0.123991 0.804379
vt 0.109070 0.802461
vt 0.103613 0.797269
vt 0.104403 0.824484
vt 0.113614 0.808230
vt 0.100209 0.816760
vt 0.094916 0.835069
vt 0.088278 0.827534
vt 0.085938 0.836914
vt 0.107283 0.831815
vt 0.112717 0.831719
vt 0.117989 0.834657
vt 0.128972 0.825369
vt 0.125574 0.837771
vt 0.122111 0.816626
vt 0.129475 0.810777
vt 0.134375 0.814366
vt 0.133639 0.831507
vt 0.137279 0.834783
vt 0.139999 0.825682
vt 0.150986 0.827947
vt 0.142067 0.839154
vt 0.150587 0.834376
vt 0.158937 0.833856
vt 0.162507 0.828895
vt 0.155902 0.822706
vt 0.169140 0.827088
vt 0.170302 0.831988
vt 0.176367 0.832321
vt 0.181702 0.827097
vt 0.171987 0.822561
vt 0.177914 0.822527
vt 0.183594 0.833252
vt 0.191073 0.830381
vt 0.192670 0.834291
vt 0.199219 0.834961
vt 0.206944 0.833121
vt 0.194265 0.823513
vt 0.207750 0.823744
vt 0.185457 0.817685
vt 0.174080 0.816389
vt 0.180551 0.810000
vt 0.162178 0.810759
vt 0.170632 0.810351
vt 0.159816 0.816292
vt 0.152632 0.809630
vt 0.149818 0.818153
vt 0.144859 0.811039
vt 0.146378 0.801072
vt 0.156198 0.801756
vt 0.150097 0.794018
vt 0.162145 0.793207
vt 0.140069 0.800424
vt 0.153372 0.787274
vt 0.135734 0.805561
vt 0.142658 0.818825
vt 0.143427 0.777618
vt 0.145652 0.769127
vt 0.152536 0.776641
vt 0.162903 0.783628
vt 0.158285 0.772140
vt 0.153024 0.763476
vt 0.141712 0.758441
vt 0.133925 0.750509
vt 0.123386 0.747470
vt 0.129824 0.740009
vt 0.118507 0.730409
vt 0.125592 0.724137
vt 0.123159 0.735290
vt 0.134375 0.731740
vt 0.140526 0.742206
vt 0.143922 0.750187
vt 0.150337 0.756290
vt 0.156418 0.746581
vt 0.160832 0.751996
vt 0.165511 0.758031
vt 0.165645 0.767253
vt 0.168610 0.741258
vt 0.175184 0.741730
vt 0.170829 0.764913
vt 0.178843 0.755440
vt 0.183100 0.762427
vt 0.188876 0.767789
vt 0.181486 0.779064
vt 0.177219 0.774555
vt 0.188587 0.786542
vt 0.172855 0.783914
vt 0.179398 0.787535
vt 0.181253 0.794208
vt 0.196094 0.799067
vt 0.195228 0.794950
vt 0.196468 0.773108
vt 0.203065 0.780602
vt 0.203498 0.745851
vt 0.198663 0.728546
vt 0.206456 0.733833
vt 0.192816 0.714248
vt 0.161173 0.731297
vt 0.178747 0.699243
vt 0.184981 0.707765
vt 0.151843 0.741069
vt 0.144698 0.732511
vt 0.147241 0.734074
vt 0.158935 0.710182
vt 0.150998 0.705856
vt 0.169848 0.698606
vt 0.183666 0.701696
vt 0.187897 0.710785
vt 0.195305 0.718857
vt 0.201840 0.724540
vt 0.203908 0.718977
vt 0.195041 0.710120
vt 0.208702 0.714915
vt 0.201421 0.705389
vt 0.203857 0.700195
vt 0.211122 0.703031
vt 0.190430 0.700684
vt 0.214157 0.709590
vt 0.220504 0.704419
vt 0.229428 0.703081
vt 0.229105 0.708597
vt 0.223184 0.713589
vt 0.217423 0.717235
vt 0.218905 0.725016
vt 0.214926 0.728724
vt 0.210827 0.732004
vt 0.212603 0.743064
vt 0.209351 0.755987
vt 0.217759 0.749874
vt 0.211190 0.776610
vt 0.199584 0.799695
vt 0.211080 0.791521
vt 0.218822 0.791466
vt 0.206695 0.811115
vt 0.216120 0.812015
vt 0.200046 0.802180
vt 0.202408 0.807905
vt 0.210765 0.818644
vt 0.195560 0.814006
vt 0.183485 0.801754
vt 0.099150 0.699747
vt 0.106060 0.702325
vt 0.104257 0.710794
vt 0.118597 0.713989
vt 0.112769 0.706342
vt 0.125685 0.709503
vt 0.133290 0.710954
vt 0.127926 0.703151
vt 0.121063 0.698108
vt 0.108643 0.696289
vt 0.123246 0.694040
vt 0.129477 0.694541
vt 0.135941 0.711075
vt 0.135498 0.691895
vt 0.145290 0.698244
vt 0.142533 0.723679
vt 0.138903 0.720809
vt 0.243507 0.708190
vt 0.247579 0.702403
vt 0.252425 0.711216
vt 0.256555 0.706377
vt 0.258789 0.700684
vt 0.266536 0.699628
vt 0.261506 0.712297
vt 0.269020 0.704865
vt 0.275187 0.710972
vt 0.272910 0.701777
vt 0.266396 0.721264
vt 0.275249 0.722493
vt 0.254660 0.723069
vt 0.248524 0.716278
vt 0.240876 0.716760
vt 0.237219 0.703600
vt 0.236165 0.709481
vt 0.233135 0.719218
vt 0.226939 0.721554
vt 0.230117 0.727966
vt 0.224099 0.734472
vt 0.234190 0.733422
vt 0.221885 0.742393
vt 0.230556 0.739744
vt 0.233442 0.747434
vt 0.240325 0.741462
vt 0.243844 0.725809
vt 0.242700 0.735751
vt 0.249486 0.734303
vt 0.251806 0.745027
vt 0.247083 0.751480
vt 0.228887 0.752100
vt 0.221158 0.756245
vt 0.223570 0.774264
vt 0.226858 0.761906
vt 0.231698 0.769749
vt 0.225667 0.789679
vt 0.235368 0.776327
vt 0.226006 0.813310
vt 0.216850 0.826586
vt 0.215719 0.837144
vt 0.221246 0.832025
vt 0.220392 0.834891
vt 0.226733 0.835414
vt 0.236285 0.812337
vt 0.231350 0.837590
vt 0.239938 0.788176
vt 0.245688 0.809998
vt 0.247206 0.826832
vt 0.238246 0.837647
vt 0.248535 0.840576
vt 0.258617 0.814297
vt 0.254900 0.840652
vt 0.269355 0.825292
vt 0.264017 0.843025
vt 0.271864 0.840370
vt 0.275565 0.831199
vt 0.281346 0.837058
vt 0.286294 0.841714
vt 0.288722 0.845505
vt 0.298089 0.826270
vt 0.300597 0.835371
vt 0.306942 0.838117
vt 0.308675 0.828812
vt 0.316898 0.830273
vt 0.320413 0.823728
vt 0.313831 0.821161
vt 0.304784 0.818974
vt 0.314173 0.811900
vt 0.306969 0.812357
vt 0.309832 0.805092
vt 0.313965 0.799316
vt 0.306471 0.797985
vt 0.310590 0.793190
vt 0.298533 0.802662
vt 0.302977 0.788731
vt 0.297371 0.793848
vt 0.301585 0.779416
vt 0.309535 0.781299
vt 0.294129 0.781905
vt 0.303709 0.773908
vt 0.301319 0.762235
vt 0.308113 0.768685
vt 0.308920 0.757867
vt 0.296661 0.769522
vt 0.292019 0.774535
vt 0.292438 0.762991
vt 0.291716 0.789492
vt 0.288909 0.795426
vt 0.288991 0.801645
vt 0.297964 0.810095
vt 0.295802 0.816789
vt 0.288756 0.824421
vt 0.280520 0.822724
vt 0.288760 0.811788
vt 0.279330 0.815003
vt 0.282270 0.803788
vt 0.273988 0.807236
vt 0.284448 0.785399
vt 0.281751 0.776444
vt 0.278971 0.793272
vt 0.275364 0.784199
vt 0.280561 0.769638
vt 0.286869 0.766945
vt 0.281216 0.757487
vt 0.294964 0.754471
vt 0.303439 0.749203
vt 0.312055 0.741533
vt 0.306419 0.738876
vt 0.288900 0.748163
vt 0.297073 0.740936
vt 0.318505 0.713508
vt 0.314056 0.707452
vt 0.301281 0.724979
vt 0.302387 0.705921
vt 0.309797 0.707130
vt 0.296273 0.704354
vt 0.294432 0.720829
vt 0.290006 0.707860
vt 0.285715 0.722357
vt 0.284458 0.708532
vt 0.281512 0.718333
vt 0.279017 0.706791
vt 0.285645 0.700684
vt 0.282521 0.729195
vt 0.274166 0.732023
vt 0.263249 0.729103
vt 0.259885 0.739492
vt 0.269151 0.738414
vt 0.264218 0.746443
vt 0.259095 0.751272
vt 0.260889 0.758950
vt 0.239278 0.758017
vt 0.248113 0.762159
vt 0.238550 0.769697
vt 0.247282 0.771188
vt 0.258088 0.764915
vt 0.254749 0.773445
vt 0.266165 0.768212
vt 0.273138 0.761437
vt 0.270685 0.775290
vt 0.261003 0.778149
vt 0.249809 0.779923
vt 0.258308 0.786293
vt 0.267058 0.784940
vt 0.269305 0.754160
vt 0.276577 0.747169
vt 0.283146 0.739489
vt 0.290891 0.733420
vt 0.018311 0.777832
vt 0.022009 0.786430
vt 0.022705 0.793457
vt 0.026727 0.800014
vt 0.034668 0.809364
vt 0.029777 0.813809
vt 0.041363 0.816508
vt 0.031519 0.820899
vt 0.037658 0.824229
vt 0.038255 0.833990
vt 0.053527 0.820034
vt 0.045637 0.829085
vt 0.057934 0.833569
vt 0.068932 0.821142
vt 0.062063 0.828612
vt 0.076269 0.814796
vt 0.080464 0.819006
vt 0.081034 0.820858
vt 0.085633 0.825650
vt 0.080299 0.832653
vt 0.073014 0.834809
vt 0.073853 0.827455
vt 0.068623 0.837475
vt 0.057373 0.837646
vt 0.050783 0.837465
vt 0.042573 0.839391
vt 0.034668 0.837891
vt 0.035156 0.840332
vt 0.242227 0.784824
vt 0.243855 0.791317
vt 0.248540 0.797354
vt 0.253117 0.801945
vt 0.262536 0.815680
vt 0.267029 0.814401
vt 0.271426 0.793972
vt 0.259475 0.801556
vt 0.248438 0.791033
vt 0.167733 0.778099
vt 0.169839 0.792199
vt 0.174114 0.801775
vt 0.166655 0.802710
vt 0.561622 0.835406
vt 0.569932 0.834651
vt 0.562315 0.845183
vt 0.555959 0.839724
vt 0.579027 0.839537
vt 0.583868 0.831788
vt 0.591786 0.835976
vt 0.588723 0.841239
vt 0.583973 0.848021
vt 0.595487 0.849594
vt 0.601891 0.844731
vt 0.608425 0.840722
vt 0.597117 0.833066
vt 0.608113 0.832482
vt 0.615009 0.835633
vt 0.618164 0.831299
vt 0.624973 0.832656
vt 0.621309 0.840456
vt 0.636444 0.835972
vt 0.631840 0.829359
vt 0.638310 0.831159
vt 0.633738 0.842646
vt 0.650406 0.829568
vt 0.654494 0.827727
vt 0.655735 0.835901
vt 0.659839 0.829070
vt 0.665485 0.829305
vt 0.664049 0.846098
vt 0.669287 0.833515
vt 0.678351 0.833144
vt 0.671210 0.855681
vt 0.677275 0.846726
vt 0.668232 0.853935
vt 0.675500 0.865342
vt 0.659641 0.856576
vt 0.659778 0.847839
vt 0.651817 0.842752
vt 0.648476 0.849073
vt 0.649579 0.860091
vt 0.669739 0.865991
vt 0.661267 0.866391
vt 0.676447 0.872541
vt 0.666454 0.876055
vt 0.655705 0.872777
vt 0.644588 0.868684
vt 0.650820 0.880146
vt 0.661452 0.887436
vt 0.672920 0.884139
vt 0.668009 0.895555
vt 0.674346 0.891193
vt 0.657218 0.893757
vt 0.661771 0.899156
vt 0.647830 0.892583
vt 0.641223 0.874721
vt 0.639497 0.884436
vt 0.633654 0.866278
vt 0.632168 0.876749
vt 0.636983 0.891882
vt 0.651979 0.899982
vt 0.655539 0.907587
vt 0.634870 0.904845
vt 0.645704 0.907744
vt 0.647132 0.913644
vt 0.623920 0.915297
vt 0.654226 0.919251
vt 0.640061 0.923090
vt 0.645618 0.926920
vt 0.660476 0.922400
vt 0.668663 0.913614
vt 0.667696 0.906650
vt 0.677013 0.899371
vt 0.675833 0.906632
vt 0.679460 0.923304
vt 0.670275 0.922987
vt 0.680223 0.933262
vt 0.681378 0.941392
vt 0.675521 0.943907
vt 0.681115 0.948896
vt 0.676910 0.953099
vt 0.683955 0.958455
vt 0.680600 0.962063
vt 0.665825 0.958253
vt 0.682012 0.966707
vt 0.672640 0.966415
vt 0.669811 0.971712
vt 0.660073 0.968329
vt 0.661211 0.974192
vt 0.665730 0.948701
vt 0.658773 0.957896
vt 0.649800 0.965289
vt 0.651190 0.951805
vt 0.656190 0.970436
vt 0.639564 0.972003
vt 0.646835 0.959016
vt 0.642652 0.953897
vt 0.656701 0.942738
vt 0.664653 0.941352
vt 0.669806 0.935599
vt 0.662228 0.932069
vt 0.652046 0.936076
vt 0.640233 0.943996
vt 0.635537 0.935156
vt 0.630670 0.926159
vt 0.619450 0.908762
vt 0.614318 0.946764
vt 0.623957 0.946721
vt 0.629957 0.953839
vt 0.631104 0.967796
vt 0.623056 0.970243
vt 0.617920 0.970703
vt 0.612885 0.969772
vt 0.552249 0.835737
vt 0.544099 0.833457
vt 0.537844 0.848336
vt 0.540527 0.831055
vt 0.532858 0.831275
vt 0.530748 0.849454
vt 0.526287 0.846716
vt 0.523820 0.833188
vt 0.541896 0.872765
vt 0.533703 0.884894
vt 0.549243 0.870766
vt 0.557687 0.865021
vt 0.567496 0.852737
vt 0.538655 0.894103
vt 0.543546 0.901292
vt 0.550777 0.897122
vt 0.562251 0.881793
vt 0.556554 0.914067
vt 0.551322 0.910102
vt 0.547789 0.906566
vt 0.567405 0.902148
vt 0.562841 0.922954
vt 0.576473 0.899547
vt 0.573245 0.874932
vt 0.571463 0.932828
vt 0.583882 0.906820
vt 0.566924 0.927886
vt 0.579037 0.941222
vt 0.594571 0.946974
vt 0.584401 0.945600
vt 0.597962 0.905612
vt 0.591526 0.898103
vt 0.589750 0.952503
vt 0.604099 0.916029
vt 0.606870 0.944265
vt 0.608542 0.893355
vt 0.612601 0.899937
vt 0.618417 0.892011
vt 0.618484 0.902417
vt 0.623722 0.884672
vt 0.629895 0.898257
vt 0.623754 0.872403
vt 0.605366 0.969330
vt 0.599018 0.964221
vt 0.594253 0.957934
vt 0.596118 0.968337
vt 0.588526 0.964913
vt 0.583637 0.967539
vt 0.579631 0.960126
vt 0.579059 0.953623
vt 0.571193 0.959978
vt 0.571142 0.967039
vt 0.566549 0.950486
vt 0.561974 0.959694
vt 0.556698 0.964819
vt 0.563965 0.967773
vt 0.554100 0.961108
vt 0.550516 0.966622
vt 0.542885 0.964151
vt 0.543637 0.958825
vt 0.550664 0.956142
vt 0.559910 0.953659
vt 0.548474 0.948196
vt 0.543115 0.951554
vt 0.555656 0.946549
vt 0.545462 0.938434
vt 0.540655 0.944252
vt 0.536712 0.952778
vt 0.536431 0.966540
vt 0.542236 0.968750
vt 0.535445 0.959928
vt 0.533936 0.970703
vt 0.528046 0.969305
vt 0.526303 0.955826
vt 0.525726 0.947052
vt 0.533079 0.939455
vt 0.535529 0.932208
vt 0.523975 0.940088
vt 0.525098 0.931210
vt 0.523736 0.960944
vt 0.520025 0.970261
vt 0.515015 0.961808
vt 0.512547 0.973199
vt 0.516357 0.975098
vt 0.514003 0.954448
vt 0.505537 0.963954
vt 0.510404 0.972686
vt 0.504750 0.966101
vt 0.501953 0.975586
vt 0.496174 0.974434
vt 0.504823 0.953951
vt 0.516458 0.947737
vt 0.528371 0.923678
vt 0.545768 0.929612
vt 0.541144 0.923255
vt 0.533955 0.917282
vt 0.518977 0.916902
vt 0.529374 0.910734
vt 0.542178 0.912579
vt 0.549634 0.922191
vt 0.535829 0.902855
vt 0.524157 0.892594
vt 0.523175 0.901260
vt 0.518906 0.906569
vt 0.530082 0.882473
vt 0.514056 0.901140
vt 0.511607 0.909485
vt 0.514191 0.888365
vt 0.507110 0.896106
vt 0.501541 0.901263
vt 0.505916 0.911387
vt 0.515581 0.925548
vt 0.508636 0.923011
vt 0.517286 0.933126
vt 0.508823 0.940323
vt 0.509420 0.934353
vt 0.507194 0.947252
vt 0.498208 0.945031
vt 0.501238 0.929463
vt 0.502465 0.917771
vt 0.490399 0.924559
vt 0.496904 0.913319
vt 0.492636 0.902990
vt 0.496888 0.892284
vt 0.503620 0.887438
vt 0.488802 0.894595
vt 0.487191 0.908119
vt 0.489392 0.915651
vt 0.480382 0.893498
vt 0.478247 0.902199
vt 0.481722 0.917880
vt 0.472721 0.910820
vt 0.471166 0.917254
vt 0.473547 0.924031
vt 0.466429 0.918444
vt 0.473114 0.905426
vt 0.466892 0.895827
vt 0.473032 0.891400
vt 0.487088 0.885630
vt 0.479838 0.881718
vt 0.493587 0.884565
vt 0.488030 0.877765
vt 0.497078 0.878226
vt 0.506703 0.876631
vt 0.518323 0.880732
vt 0.517195 0.867476
vt 0.523315 0.874855
vt 0.511919 0.853790
vt 0.509573 0.858957
vt 0.514267 0.836215
vt 0.506090 0.837306
vt 0.499417 0.844782
vt 0.504460 0.852331
vt 0.506104 0.827393
vt 0.498331 0.832079
vt 0.494162 0.839767
vt 0.490623 0.834588
vt 0.490736 0.854237
vt 0.496603 0.859054
vt 0.500656 0.867286
vt 0.489397 0.870346
vt 0.484114 0.859671
vt 0.479981 0.865332
vt 0.477281 0.872426
vt 0.473641 0.859573
vt 0.479757 0.851018
vt 0.489496 0.836651
vt 0.479384 0.844063
vt 0.487390 0.829697
vt 0.481167 0.830798
vt 0.476996 0.837184
vt 0.469297 0.842741
vt 0.470833 0.835134
vt 0.467368 0.850875
vt 0.459516 0.841454
vt 0.464984 0.858481
vt 0.457250 0.850693
vt 0.467015 0.868160
vt 0.455507 0.844815
vt 0.445947 0.845180
vt 0.453419 0.856059
vt 0.443575 0.851466
vt 0.438986 0.844966
vt 0.437134 0.852488
vt 0.433105 0.842773
vt 0.427606 0.847165
vt 0.413017 0.846708
vt 0.417295 0.842529
vt 0.409510 0.842754
vt 0.419667 0.854149
vt 0.416491 0.852121
vt 0.399824 0.839773
vt 0.404009 0.840917
vt 0.399192 0.853857
vt 0.392581 0.849799
vt 0.390810 0.840079
vt 0.404454 0.867228
vt 0.410777 0.871369
vt 0.422559 0.860144
vt 0.429757 0.856294
vt 0.426066 0.863039
vt 0.436077 0.860661
vt 0.446172 0.860421
vt 0.458138 0.864297
vt 0.461848 0.871947
vt 0.473222 0.878642
vt 0.469409 0.884719
vt 0.462536 0.879065
vt 0.460598 0.889926
vt 0.462340 0.899589
vt 0.461402 0.911476
vt 0.456880 0.906961
vt 0.461756 0.930935
vt 0.467228 0.936580
vt 0.454472 0.929747
vt 0.458395 0.950240
vt 0.447513 0.936693
vt 0.452688 0.900758
vt 0.449818 0.895724
vt 0.456189 0.882908
vt 0.453767 0.870074
vt 0.444153 0.867314
vt 0.429659 0.867037
vt 0.431626 0.869004
vt 0.441383 0.874079
vt 0.420090 0.867312
vt 0.415253 0.882286
vt 0.396386 0.898815
vt 0.400710 0.905232
vt 0.410187 0.903390
vt 0.415587 0.905116
vt 0.434689 0.874942
vt 0.425117 0.898782
vt 0.421792 0.916835
vt 0.408164 0.918128
vt 0.404264 0.911685
vt 0.387345 0.918299
vt 0.396110 0.925621
vt 0.388304 0.907888
vt 0.378008 0.913403
vt 0.381950 0.928638
vt 0.379990 0.901053
vt 0.391093 0.890309
vt 0.380651 0.891752
vt 0.378389 0.888614
vt 0.385522 0.880958
vt 0.380957 0.878040
vt 0.381656 0.871703
vt 0.388951 0.868442
vt 0.395472 0.872801
vt 0.628779 0.848101
vt 0.639747 0.854870
vt 0.636690 0.859996
vt 0.626656 0.858395
vt 0.620841 0.863970
vt 0.610933 0.865177
vt 0.614165 0.857711
vt 0.616695 0.848915
vt 0.606013 0.853989
vt 0.590785 0.855830
vt 0.570621 0.854314
vt 0.566411 0.862840
vt 0.576492 0.861538
vt 0.582946 0.867118
vt 0.589255 0.875401
vt 0.596246 0.881849
vt 0.596976 0.870385
vt 0.590420 0.864419
vt 0.601177 0.864142
vt 0.608601 0.883023
vt 0.613784 0.875975
vt 0.600989 0.888000
vt 0.451581 0.876891
vt 0.442004 0.884865
vt 0.451970 0.887990
vt 0.437267 0.901757
vt 0.444129 0.905068
vt 0.431014 0.916343
vt 0.438035 0.923739
vt 0.415666 0.925792
vt 0.420518 0.932452
vt 0.433500 0.943293
vt 0.443602 0.925591
vt 0.451438 0.950916
vt 0.440410 0.956346
vt 0.429108 0.943174
vt 0.446547 0.962754
vt 0.465559 0.955851
vt 0.449455 0.966245
vt 0.462133 0.971707
vt 0.475148 0.947265
vt 0.477739 0.929727
vt 0.484452 0.938575
vt 0.492848 0.934863
vt 0.491316 0.948233
vt 0.497476 0.957790
vt 0.491736 0.971594
vt 0.492442 0.951014
vt 0.484708 0.967132
vt 0.481153 0.959252
vt 0.482422 0.974609
vt 0.464844 0.973145
vt 0.455454 0.971967
vt 0.473291 0.968074
vt 0.402736 0.930033
vt 0.389997 0.934194
vt 0.386792 0.940502
vt 0.397393 0.940464
vt 0.387602 0.946783
vt 0.398401 0.950394
vt 0.391139 0.953677
vt 0.387207 0.956543
vt 0.396104 0.963940
vt 0.401643 0.959507
vt 0.397837 0.970389
vt 0.391087 0.968220
vt 0.391820 0.973001
vt 0.408617 0.972412
vt 0.403076 0.975830
vt 0.409913 0.968526
vt 0.410747 0.954577
vt 0.404143 0.943963
vt 0.412305 0.936688
vt 0.419950 0.942604
vt 0.410947 0.947090
vt 0.420954 0.953057
vt 0.412146 0.963002
vt 0.420255 0.964048
vt 0.416932 0.972676
vt 0.427253 0.972849
vt 0.435553 0.970713
vt 0.429286 0.964165
vt 0.431509 0.956720
vt 0.440374 0.965547
vt 0.440918 0.973633
vt 0.556393 0.927532
vt 0.561962 0.935289
vt 0.552625 0.936506
vt 0.562469 0.943676
vt 0.571722 0.944589
vt 0.700603 0.799137
vt 0.699593 0.792052
vt 0.704637 0.797225
vt 0.706473 0.788989
vt 0.703101 0.779477
vt 0.698569 0.785684
vt 0.710820 0.778728
vt 0.712289 0.791514
vt 0.709887 0.794374
vt 0.723622 0.812221
vt 0.720427 0.805056
vt 0.745159 0.814039
vt 0.752639 0.820602
vt 0.758964 0.817288
vt 0.746357 0.805049
vt 0.763808 0.814471
vt 0.749806 0.800446
vt 0.771189 0.810970
vt 0.777523 0.808326
vt 0.784014 0.803742
vt 0.747396 0.792437
vt 0.734473 0.779505
vt 0.728914 0.800614
vt 0.722206 0.786102
vt 0.716815 0.790551
vt 0.727665 0.782868
vt 0.732858 0.776933
vt 0.742745 0.774138
vt 0.759306 0.785074
vt 0.746832 0.769978
vt 0.735245 0.765708
vt 0.723478 0.772096
vt 0.728894 0.761451
vt 0.741252 0.754491
vt 0.735907 0.754120
vt 0.719787 0.760891
vt 0.727160 0.752546
vt 0.717431 0.779693
vt 0.716764 0.789192
vt 0.716771 0.771175
vt 0.710742 0.769838
vt 0.711137 0.760313
vt 0.717864 0.752613
vt 0.726216 0.742695
vt 0.736054 0.746879
vt 0.746785 0.758183
vt 0.754825 0.765884
vt 0.757156 0.756691
vt 0.752182 0.753956
vt 0.748151 0.746656
vt 0.757376 0.740338
vt 0.761673 0.760614
vt 0.776134 0.765590
vt 0.767997 0.755493
vt 0.773333 0.773343
vt 0.765752 0.778300
vt 0.791284 0.799667
vt 0.796675 0.796569
vt 0.785772 0.804277
vt 0.795050 0.809604
vt 0.785630 0.821930
vt 0.795301 0.820071
vt 0.775194 0.821393
vt 0.766580 0.827512
vt 0.777588 0.830078
vt 0.784910 0.829789
vt 0.798497 0.825922
vt 0.802242 0.803536
vt 0.808036 0.815563
vt 0.808764 0.825120
vt 0.815386 0.817420
vt 0.819957 0.820255
vt 0.821874 0.809891
vt 0.825473 0.818412
vt 0.833252 0.821777
vt 0.831112 0.818577
vt 0.836426 0.821777
vt 0.832260 0.810124
vt 0.836533 0.815019
vt 0.835370 0.805323
vt 0.830363 0.799937
vt 0.835693 0.800049
vt 0.831846 0.788845
vt 0.835693 0.793701
vt 0.825214 0.792714
vt 0.829942 0.781188
vt 0.835801 0.779219
vt 0.835052 0.769278
vt 0.825928 0.768569
vt 0.833254 0.761688
vt 0.820651 0.774789
vt 0.820772 0.788555
vt 0.816041 0.779590
vt 0.809600 0.786136
vt 0.821856 0.801727
vt 0.815008 0.796938
vt 0.811410 0.805404
vt 0.801454 0.792676
vt 0.795323 0.785289
vt 0.804711 0.775532
vt 0.811986 0.770089
vt 0.804197 0.763181
vt 0.771821 0.752186
vt 0.762534 0.739989
vt 0.769598 0.743621
vt 0.777550 0.749210
vt 0.775078 0.737202
vt 0.750674 0.735735
vt 0.744320 0.741682
vt 0.731611 0.737359
vt 0.739661 0.737311
vt 0.715784 0.743747
vt 0.717316 0.737181
vt 0.709581 0.753569
vt 0.730331 0.729957
vt 0.721394 0.728155
vt 0.714578 0.726235
vt 0.708009 0.734831
vt 0.704713 0.728152
vt 0.714409 0.716203
vt 0.699069 0.722556
vt 0.707837 0.714335
vt 0.698987 0.709059
vt 0.689985 0.716103
vt 0.698810 0.737704
vt 0.693722 0.712482
vt 0.684841 0.720575
vt 0.689129 0.724717
vt 0.691007 0.736304
vt 0.683821 0.725389
vt 0.696786 0.747173
vt 0.707371 0.743009
vt 0.703403 0.751108
vt 0.703853 0.762745
vt 0.699646 0.757486
vt 0.706412 0.768840
vt 0.699060 0.771502
vt 0.699044 0.777352
vt 0.687319 0.705266
vt 0.704536 0.705256
vt 0.690478 0.699004
vt 0.712711 0.707580
vt 0.720231 0.706995
vt 0.712490 0.700301
vt 0.722754 0.718270
vt 0.728959 0.708422
vt 0.732281 0.717986
vt 0.738876 0.730841
vt 0.747057 0.730503
vt 0.759359 0.730801
vt 0.756423 0.724781
vt 0.768546 0.728646
vt 0.763981 0.722816
vt 0.749593 0.719282
vt 0.741181 0.719571
vt 0.764893 0.715153
vt 0.739615 0.706621
vt 0.747297 0.708028
vt 0.733238 0.698157
vt 0.725343 0.703185
vt 0.719577 0.695771
vt 0.692972 0.691810
vt 0.717588 0.683219
vt 0.690912 0.680615
vt 0.690945 0.674498
vt 0.692790 0.667196
vt 0.721303 0.678285
vt 0.698403 0.661714
vt 0.694231 0.657351
vt 0.704300 0.659321
vt 0.700459 0.645772
vt 0.694336 0.648926
vt 0.695540 0.640146
vt 0.705317 0.636034
vt 0.694824 0.635498
vt 0.703471 0.630479
vt 0.696289 0.628906
vt 0.701621 0.625962
vt 0.711084 0.642138
vt 0.712689 0.654214
vt 0.714605 0.651590
vt 0.716324 0.662760
vt 0.733696 0.659704
vt 0.732793 0.667182
vt 0.716253 0.670576
vt 0.732678 0.675165
vt 0.755535 0.674205
vt 0.745227 0.679293
vt 0.759883 0.671773
vt 0.769723 0.666904
vt 0.776549 0.663295
vt 0.729857 0.651655
vt 0.771695 0.654040
vt 0.727427 0.643807
vt 0.731033 0.640676
vt 0.739327 0.637069
vt 0.720430 0.648186
vt 0.714736 0.632576
vt 0.721562 0.636689
vt 0.718367 0.623615
vt 0.725077 0.628214
vt 0.731474 0.630672
vt 0.738019 0.635916
vt 0.719519 0.616051
vt 0.710521 0.623655
vt 0.713240 0.615733
vt 0.697205 0.623906
vt 0.698253 0.616348
vt 0.707863 0.613607
vt 0.698696 0.607295
vt 0.706375 0.606210
vt 0.695997 0.597833
vt 0.700448 0.594142
vt 0.707194 0.599572
vt 0.714871 0.607023
vt 0.695033 0.586303
vt 0.696045 0.582891
vt 0.703891 0.584845
vt 0.710332 0.589784
vt 0.704420 0.578732
vt 0.719068 0.583540
vt 0.708772 0.574246
vt 0.695068 0.572510
vt 0.700091 0.569506
vt 0.697868 0.563050
vt 0.705239 0.561554
vt 0.714996 0.569740
vt 0.698389 0.556409
vt 0.721013 0.560076
vt 0.718230 0.555332
vt 0.699362 0.551737
vt 0.706053 0.546919
vt 0.710608 0.541470
vt 0.700195 0.536621
vt 0.713833 0.534520
vt 0.701173 0.531642
vt 0.710805 0.527710
vt 0.704102 0.527100
vt 0.739148 0.534609
vt 0.749023 0.546799
vt 0.752680 0.543616
vt 0.758769 0.539375
vt 0.753423 0.546040
vt 0.764843 0.547779
vt 0.775645 0.543712
vt 0.770330 0.551668
vt 0.789156 0.544933
vt 0.798550 0.542164
vt 0.799092 0.546800
vt 0.790961 0.552051
vt 0.806619 0.540702
vt 0.806482 0.548444
vt 0.798097 0.554350
vt 0.815826 0.543348
vt 0.814619 0.537224
vt 0.821472 0.537680
vt 0.829064 0.537950
vt 0.825439 0.535400
vt 0.827441 0.546303
vt 0.833457 0.542624
vt 0.835113 0.553108
vt 0.838135 0.547119
vt 0.824682 0.560403
vt 0.819236 0.552691
vt 0.813197 0.551675
vt 0.803881 0.556850
vt 0.812710 0.562147
vt 0.819934 0.568490
vt 0.832075 0.568284
vt 0.840619 0.569148
vt 0.841575 0.564260
vt 0.836789 0.571970
vt 0.842773 0.574951
vt 0.830961 0.574928
vt 0.825522 0.577557
vt 0.805899 0.563822
vt 0.809626 0.574137
vt 0.795372 0.563322
vt 0.796046 0.570952
vt 0.801411 0.573024
vt 0.818619 0.584245
vt 0.826429 0.579506
vt 0.811483 0.587703
vt 0.800745 0.581608
vt 0.817260 0.590721
vt 0.806050 0.592946
vt 0.837044 0.600152
vt 0.795504 0.585397
vt 0.790045 0.579937
vt 0.781299 0.573446
vt 0.787314 0.562381
vt 0.782614 0.558071
vt 0.782998 0.549165
vt 0.774948 0.556348
vt 0.778335 0.564675
vt 0.771080 0.566586
vt 0.766412 0.562208
vt 0.762516 0.557381
vt 0.755863 0.554537
vt 0.744209 0.552984
vt 0.758585 0.565354
vt 0.765215 0.572317
vt 0.757199 0.573590
vt 0.750321 0.562737
vt 0.740982 0.551344
vt 0.736424 0.557085
vt 0.744689 0.566539
vt 0.732552 0.560269
vt 0.741306 0.572644
vt 0.748909 0.573549
vt 0.762384 0.578857
vt 0.770380 0.576495
vt 0.755906 0.582545
vt 0.764048 0.586865
vt 0.777599 0.582703
vt 0.789071 0.590126
vt 0.797828 0.595702
vt 0.795952 0.600052
vt 0.827777 0.602897
vt 0.813608 0.608257
vt 0.788236 0.604407
vt 0.783874 0.595620
vt 0.783662 0.609347
vt 0.810537 0.616220
vt 0.808960 0.623112
vt 0.778553 0.616045
vt 0.804680 0.627979
vt 0.763831 0.634549
vt 0.785286 0.638887
vt 0.775481 0.646513
vt 0.796931 0.650732
vt 0.790599 0.654726
vt 0.801588 0.647988
vt 0.758657 0.642854
vt 0.747846 0.632217
vt 0.756347 0.625473
vt 0.750155 0.622911
vt 0.737809 0.622736
vt 0.731174 0.617882
vt 0.726347 0.610822
vt 0.740427 0.609159
vt 0.735918 0.602641
vt 0.732486 0.598957
vt 0.724960 0.600047
vt 0.748567 0.613882
vt 0.759218 0.609645
vt 0.752606 0.603073
vt 0.743063 0.597924
vt 0.738292 0.589484
vt 0.730586 0.589157
vt 0.751708 0.594988
vt 0.746829 0.585671
vt 0.761151 0.599753
vt 0.759641 0.594048
vt 0.755930 0.589380
vt 0.768393 0.597327
vt 0.765935 0.609679
vt 0.767194 0.619188
vt 0.773588 0.613382
vt 0.776033 0.602157
vt 0.782061 0.603603
vt 0.772256 0.589014
vt 0.738931 0.581076
vt 0.727979 0.581869
vt 0.722163 0.591817
vt 0.732491 0.573875
vt 0.726402 0.563686
vt 0.723033 0.567627
vt 0.722043 0.565592
vt 0.717890 0.572833
vt 0.710652 0.574498
vt 0.716585 0.596027
vt 0.727248 0.690359
vt 0.740561 0.691695
vt 0.748418 0.698296
vt 0.755884 0.707706
vt 0.754246 0.692968
vt 0.736692 0.684583
vt 0.747681 0.680669
vt 0.760996 0.688650
vt 0.762931 0.700429
vt 0.768126 0.706152
vt 0.759740 0.714191
vt 0.773080 0.716909
vt 0.778894 0.724545
vt 0.775163 0.706243
vt 0.783823 0.714682
vt 0.776417 0.732737
vt 0.783789 0.744087
vt 0.788929 0.740322
vt 0.807226 0.756189
vt 0.806579 0.749645
vt 0.816774 0.744858
vt 0.762849 0.681543
vt 0.766189 0.671086
vt 0.770905 0.685617
vt 0.771572 0.695946
vt 0.782649 0.694877
vt 0.779521 0.689465
vt 0.776260 0.679678
vt 0.784623 0.680466
vt 0.782394 0.670368
vt 0.783963 0.659039
vt 0.808762 0.644673
vt 0.800770 0.634815
vt 0.815978 0.636864
vt 0.814731 0.641137
vt 0.823983 0.632383
vt 0.830226 0.627890
vt 0.833286 0.618729
vt 0.835187 0.613268
vt 0.824613 0.635413
vt 0.832031 0.631104
vt 0.832275 0.638916
vt 0.827797 0.647551
vt 0.820901 0.647356
vt 0.813069 0.659429
vt 0.805980 0.657160
vt 0.827556 0.655124
vt 0.824530 0.660334
vt 0.817733 0.666277
vt 0.826902 0.666883
vt 0.828474 0.671805
vt 0.820788 0.676771
vt 0.814024 0.674290
vt 0.829314 0.676718
vt 0.826886 0.684387
vt 0.831543 0.680664
vt 0.810744 0.683155
vt 0.800014 0.681545
vt 0.804885 0.672338
vt 0.801015 0.664493
vt 0.791744 0.674310
vt 0.792686 0.682278
vt 0.793005 0.665670
vt 0.793508 0.689686
vt 0.786321 0.699157
vt 0.802998 0.685805
vt 0.797880 0.694129
vt 0.796178 0.704527
vt 0.803093 0.698105
vt 0.810431 0.691866
vt 0.818685 0.687073
vt 0.809991 0.702673
vt 0.816153 0.697981
vt 0.805515 0.708523
vt 0.814218 0.712281
vt 0.821369 0.718988
vt 0.824559 0.714620
vt 0.822348 0.702915
vt 0.833535 0.707720
vt 0.833590 0.701463
vt 0.835348 0.705348
vt 0.833052 0.710075
vt 0.835809 0.717863
vt 0.836670 0.725846
vt 0.826840 0.725957
vt 0.814613 0.722102
vt 0.806568 0.725691
vt 0.828674 0.732215
vt 0.814773 0.734864
vt 0.802645 0.716552
vt 0.796115 0.712450
vt 0.788610 0.708931
vt 0.793815 0.720977
vt 0.780680 0.706605
vt 0.765950 0.626527
vt 0.784618 0.733138
vt 0.794253 0.736101
vt 0.791660 0.728225
vt 0.798699 0.732221
vt 0.834522 0.755481
vt 0.835205 0.743408
vt 0.839575 0.585947
vt 0.837274 0.591958
vt 0.823766 0.691708
vt 0.832396 0.693497
vt 0.832520 0.686035
vt 0.302246 0.687012
vt 0.297602 0.682572
vt 0.304749 0.685082
vt 0.306220 0.688485
vt 0.311030 0.669890
vt 0.319520 0.657358
vt 0.316307 0.685612
vt 0.323999 0.669394
vt 0.327055 0.658677
vt 0.324517 0.650783
vt 0.321606 0.646936
vt 0.317000 0.641628
vt 0.324754 0.633214
vt 0.313540 0.630692
vt 0.320683 0.623020
vt 0.321289 0.604248
vt 0.321827 0.613231
vt 0.312778 0.605360
vt 0.318127 0.597234
vt 0.306148 0.599688
vt 0.313295 0.589364
vt 0.303884 0.591072
vt 0.312988 0.583008
vt 0.306959 0.583850
vt 0.311290 0.579161
vt 0.306363 0.573534
vt 0.298135 0.579852
vt 0.295883 0.569321
vt 0.297347 0.563977
vt 0.307304 0.564294
vt 0.300544 0.556665
vt 0.307617 0.558350
vt 0.299749 0.551294
vt 0.307054 0.549941
vt 0.290284 0.550732
vt 0.286753 0.556623
vt 0.280359 0.551214
vt 0.283479 0.562175
vt 0.286520 0.571371
vt 0.274944 0.560012
vt 0.267046 0.563713
vt 0.267862 0.576045
vt 0.285034 0.578474
vt 0.294039 0.586634
vt 0.296015 0.597068
vt 0.299188 0.613829
vt 0.304038 0.619404
vt 0.309005 0.631010
vt 0.312985 0.636090
vt 0.303624 0.653309
vt 0.302431 0.624412
vt 0.295257 0.653078
vt 0.291536 0.641525
vt 0.295259 0.611517
vt 0.291639 0.603170
vt 0.285890 0.634221
vt 0.278441 0.624907
vt 0.277510 0.656310
vt 0.281497 0.662619
vt 0.286209 0.667436
vt 0.272076 0.650177
vt 0.276206 0.657513
vt 0.268491 0.645251
vt 0.266765 0.655385
vt 0.259580 0.653321
vt 0.255119 0.647595
vt 0.263694 0.639971
vt 0.260625 0.662609
vt 0.270686 0.662368
vt 0.271129 0.667493
vt 0.282747 0.672465
vt 0.273670 0.674437
vt 0.281068 0.680323
vt 0.292023 0.673561
vt 0.299143 0.679154
vt 0.296915 0.685780
vt 0.285162 0.683986
vt 0.270300 0.679467
vt 0.276367 0.685547
vt 0.262500 0.673006
vt 0.267986 0.682837
vt 0.261612 0.682043
vt 0.258903 0.685791
vt 0.253133 0.680612
vt 0.254132 0.670742
vt 0.253455 0.686121
vt 0.247822 0.687230
vt 0.242556 0.682700
vt 0.247557 0.676673
vt 0.241101 0.688833
vt 0.235065 0.682877
vt 0.251618 0.654187
vt 0.247447 0.659711
vt 0.244510 0.665225
vt 0.239772 0.669835
vt 0.238509 0.674688
vt 0.229672 0.676465
vt 0.235352 0.691650
vt 0.227707 0.685823
vt 0.227783 0.694580
vt 0.222200 0.691209
vt 0.220247 0.694918
vt 0.216722 0.687331
vt 0.213933 0.689746
vt 0.221387 0.678562
vt 0.232083 0.663881
vt 0.229914 0.657141
vt 0.234999 0.651336
vt 0.244282 0.643544
vt 0.238713 0.647603
vt 0.249316 0.638225
vt 0.273017 0.613954
vt 0.288712 0.601077
vt 0.283039 0.592237
vt 0.272384 0.581849
vt 0.267822 0.610183
vt 0.261854 0.583828
vt 0.259940 0.614169
vt 0.258533 0.632331
vt 0.256452 0.631652
vt 0.250913 0.622915
vt 0.223029 0.668457
vt 0.221879 0.658560
vt 0.212097 0.672722
vt 0.212083 0.681927
vt 0.208869 0.679673
vt 0.214242 0.662081
vt 0.220770 0.650493
vt 0.225558 0.645198
vt 0.223588 0.637488
vt 0.218265 0.641887
vt 0.212680 0.647729
vt 0.206611 0.660747
vt 0.203174 0.653417
vt 0.197550 0.663206
vt 0.203554 0.671600
vt 0.199828 0.690706
vt 0.194867 0.685575
vt 0.186680 0.687408
vt 0.193646 0.662737
vt 0.191947 0.656819
vt 0.203132 0.643393
vt 0.188569 0.650350
vt 0.193970 0.639751
vt 0.209659 0.636722
vt 0.213384 0.628767
vt 0.223940 0.632509
vt 0.203253 0.627755
vt 0.199806 0.634310
vt 0.205862 0.622506
vt 0.192751 0.630433
vt 0.183758 0.645296
vt 0.180178 0.641666
vt 0.194372 0.619668
vt 0.194801 0.613341
vt 0.204078 0.615040
vt 0.183885 0.623042
vt 0.182431 0.632997
vt 0.175161 0.633235
vt 0.170410 0.624633
vt 0.173578 0.616132
vt 0.181982 0.613437
vt 0.185425 0.605651
vt 0.166451 0.607530
vt 0.163469 0.613758
vt 0.176415 0.601532
vt 0.183055 0.594225
vt 0.194940 0.606424
vt 0.191382 0.597435
vt 0.197910 0.596688
vt 0.207053 0.607447
vt 0.204083 0.598099
vt 0.189322 0.583009
vt 0.182559 0.586499
vt 0.172727 0.589100
vt 0.164657 0.593173
vt 0.160392 0.598708
vt 0.155369 0.603720
vt 0.169186 0.582640
vt 0.177003 0.577683
vt 0.164345 0.577750
vt 0.157091 0.583652
vt 0.170611 0.569219
vt 0.155894 0.572990
vt 0.152383 0.588861
vt 0.149140 0.596460
vt 0.142931 0.585708
vt 0.149376 0.578834
vt 0.143531 0.569686
vt 0.154151 0.564612
vt 0.137157 0.577114
vt 0.130555 0.569497
vt 0.137073 0.564219
vt 0.123814 0.562698
vt 0.121468 0.602015
vt 0.116997 0.587632
vt 0.131537 0.558247
vt 0.119156 0.557213
vt 0.127686 0.554199
vt 0.133796 0.554796
vt 0.141956 0.557574
vt 0.149440 0.555552
vt 0.160688 0.561647
vt 0.157376 0.556262
vt 0.166151 0.557344
vt 0.175497 0.560739
vt 0.179722 0.570467
vt 0.178378 0.554142
vt 0.185816 0.557285
vt 0.184976 0.565056
vt 0.187744 0.551514
vt 0.193943 0.555727
vt 0.194760 0.564059
vt 0.197392 0.550887
vt 0.202234 0.557375
vt 0.206891 0.548412
vt 0.207431 0.561920
vt 0.214039 0.549417
vt 0.211262 0.568609
vt 0.221104 0.561387
vt 0.218994 0.549805
vt 0.207323 0.573585
vt 0.196838 0.572204
vt 0.190397 0.576400
vt 0.198382 0.586765
vt 0.202525 0.579928
vt 0.208089 0.592197
vt 0.212770 0.586786
vt 0.211751 0.581465
vt 0.215600 0.574913
vt 0.213053 0.603681
vt 0.214114 0.612441
vt 0.212093 0.619048
vt 0.218956 0.618593
vt 0.222975 0.625281
vt 0.222158 0.607823
vt 0.228019 0.618734
vt 0.234352 0.628992
vt 0.233698 0.638810
vt 0.242275 0.635036
vt 0.246262 0.628257
vt 0.238749 0.621642
vt 0.231506 0.612534
vt 0.246094 0.615167
vt 0.226189 0.603868
vt 0.220665 0.596425
vt 0.226653 0.591044
vt 0.222395 0.584786
vt 0.219705 0.580387
vt 0.235824 0.561116
vt 0.227493 0.553160
vt 0.237174 0.551353
vt 0.245987 0.552414
vt 0.243827 0.564112
vt 0.251518 0.555503
vt 0.244409 0.576825
vt 0.260954 0.552210
vt 0.256618 0.562445
vt 0.267256 0.555048
vt 0.271578 0.550379
vt 0.262650 0.568757
vt 0.277823 0.585448
vt 0.161439 0.687280
vt 0.153810 0.683017
vt 0.157991 0.681886
vt 0.138393 0.681595
vt 0.143753 0.687162
vt 0.151366 0.676363
vt 0.148332 0.672576
vt 0.129906 0.684180
vt 0.125839 0.677086
vt 0.133879 0.674290
vt 0.144918 0.668495
vt 0.132084 0.666562
vt 0.141057 0.664880
vt 0.138564 0.659705
vt 0.156131 0.656780
vt 0.147646 0.629601
vt 0.156440 0.639371
vt 0.166184 0.634951
vt 0.163835 0.660066
vt 0.173048 0.647266
vt 0.149993 0.611488
vt 0.139121 0.605350
vt 0.133535 0.592957
vt 0.137563 0.624692
vt 0.134287 0.653626
vt 0.128938 0.646896
vt 0.123996 0.641744
vt 0.129011 0.652500
vt 0.119529 0.646340
vt 0.128112 0.659743
vt 0.114639 0.652362
vt 0.124315 0.668380
vt 0.116106 0.671671
vt 0.121297 0.681358
vt 0.125304 0.686346
vt 0.119629 0.686035
vt 0.114604 0.681196
vt 0.111580 0.685985
vt 0.107341 0.683390
vt 0.111448 0.663100
vt 0.107313 0.655339
vt 0.099019 0.658293
vt 0.106236 0.669783
vt 0.107698 0.675381
vt 0.102803 0.681091
vt 0.097036 0.673885
vt 0.099854 0.686523
vt 0.094280 0.681887
vt 0.094482 0.687500
vt 0.086514 0.686052
vt 0.080659 0.682556
vt 0.085270 0.675252
vt 0.095895 0.666902
vt 0.088085 0.663775
vt 0.078220 0.670615
vt 0.076678 0.678743
vt 0.073575 0.688459
vt 0.066669 0.679383
vt 0.062144 0.685994
vt 0.067898 0.691638
vt 0.062146 0.687862
vt 0.057027 0.693236
vt 0.055957 0.681481
vt 0.052051 0.677308
vt 0.049510 0.688447
vt 0.048282 0.673333
vt 0.039307 0.692871
vt 0.037370 0.687666
vt 0.028791 0.688453
vt 0.039819 0.664838
vt 0.043810 0.669842
vt 0.035853 0.660584
vt 0.031848 0.656607
vt 0.040779 0.653499
vt 0.050672 0.656232
vt 0.038671 0.647394
vt 0.031982 0.650146
vt 0.030762 0.647217
vt 0.034613 0.641330
vt 0.043109 0.640380
vt 0.031738 0.636236
vt 0.040840 0.632492
vt 0.032183 0.628145
vt 0.034211 0.622751
vt 0.036304 0.616606
vt 0.026218 0.613600
vt 0.023502 0.605339
vt 0.029517 0.604570
vt 0.025845 0.597140
vt 0.038570 0.609917
vt 0.020196 0.595057
vt 0.015431 0.588090
vt 0.022930 0.586020
vt 0.031784 0.588511
vt 0.014539 0.579983
vt 0.038683 0.579308
vt 0.028582 0.572161
vt 0.039761 0.600069
vt 0.040130 0.590007
vt 0.051115 0.608853
vt 0.048760 0.597635
vt 0.059319 0.599189
vt 0.047094 0.617694
vt 0.045012 0.625149
vt 0.052645 0.632551
vt 0.051903 0.640544
vt 0.049439 0.647507
vt 0.054775 0.626200
vt 0.056730 0.618823
vt 0.061874 0.607844
vt 0.055794 0.587686
vt 0.047028 0.586084
vt 0.050674 0.576067
vt 0.063086 0.575520
vt 0.057568 0.567299
vt 0.052474 0.564234
vt 0.043807 0.568855
vt 0.035194 0.561981
vt 0.048388 0.558292
vt 0.042147 0.552109
vt 0.059226 0.547132
vt 0.070185 0.558866
vt 0.075941 0.567434
vt 0.064015 0.590008
vt 0.071017 0.596442
vt 0.075241 0.586526
vt 0.085387 0.566173
vt 0.082255 0.582453
vt 0.082553 0.594263
vt 0.077632 0.602402
vt 0.075400 0.613123
vt 0.066166 0.616530
vt 0.065305 0.628136
vt 0.062557 0.637299
vt 0.074090 0.623304
vt 0.061250 0.645779
vt 0.059448 0.653228
vt 0.050302 0.663395
vt 0.064591 0.661992
vt 0.050931 0.669935
vt 0.061876 0.668078
vt 0.060316 0.674620
vt 0.069467 0.671117
vt 0.076993 0.663642
vt 0.076286 0.658051
vt 0.068236 0.653751
vt 0.076049 0.652426
vt 0.069592 0.644539
vt 0.073931 0.639027
vt 0.073765 0.631008
vt 0.090090 0.620349
vt 0.087204 0.600539
vt 0.090421 0.581648
vt 0.099965 0.579945
vt 0.092593 0.603609
vt 0.106131 0.592126
vt 0.110431 0.611108
vt 0.103377 0.614816
vt 0.096986 0.612266
vt 0.088862 0.630994
vt 0.098950 0.622799
vt 0.084327 0.639091
vt 0.081430 0.647376
vt 0.089008 0.654767
vt 0.093815 0.650633
vt 0.108586 0.645102
vt 0.100965 0.645768
vt 0.119220 0.636289
vt 0.126618 0.620295
vt 0.115544 0.631398
vt 0.103994 0.635218
vt 0.093411 0.643237
vt 0.097343 0.633125
vt 0.109001 0.623406
vt 0.120170 0.622204
vt 0.168621 0.677895
vt 0.164573 0.688651
vt 0.177547 0.677634
vt 0.173115 0.689055
vt 0.182684 0.681650
vt 0.182976 0.657475
vt 0.173086 0.659617
vt 0.252007 0.612169
vt 0.253471 0.579611
vt 0.238946 0.605004
vt 0.242912 0.608947
vt 0.231141 0.599219
vt 0.234905 0.598715
vt 0.230507 0.578590
vt 0.089852 0.549928
vt 0.098303 0.552502
vt 0.106000 0.551798
vt 0.112060 0.552945
vt 0.021651 0.572394
vt 0.025560 0.561791
vt 0.015512 0.568580
vt 0.009521 0.569824
vt 0.010568 0.564082
vt 0.018488 0.558753
vt 0.013428 0.558594
vt 0.027801 0.553746
vt 0.038050 0.547715
vt 0.867646 0.940333
vt 0.867458 0.950788
vt 0.863181 0.941379
vt 0.853914 0.963341
vt 0.850984 0.971512
vt 0.830510 0.948792
vt 0.841126 0.947607
vt 0.833849 0.972554
vt 0.843930 0.980997
vt 0.839844 0.987549
vt 0.819729 0.966762
vt 0.837678 0.989845
vt 0.815440 0.977944
vt 0.832493 0.996104
vt 0.821622 0.999029
vt 0.806371 0.982449
vt 0.811567 0.997622
vt 0.802842 0.995973
vt 0.779267 0.963199
vt 0.791695 0.994047
vt 0.761032 0.939956
vt 0.767695 0.942362
vt 0.778499 0.945424
vt 0.786778 0.945869
vt 0.794619 0.946513
vt 0.803813 0.946932
vt 0.816001 0.948580
vt 0.827834 0.947020
vt 0.827323 0.933288
vt 0.840845 0.930927
vt 0.814995 0.934479
vt 0.829307 0.926813
vt 0.817100 0.922716
vt 0.808119 0.930015
vt 0.809667 0.917087
vt 0.826488 0.916936
vt 0.835227 0.915721
vt 0.816831 0.911360
vt 0.825819 0.905666
vt 0.815122 0.904730
vt 0.798991 0.909207
vt 0.797742 0.916761
vt 0.799894 0.925377
vt 0.804302 0.902351
vt 0.793660 0.900825
vt 0.786467 0.908036
vt 0.777059 0.900665
vt 0.784973 0.894973
vt 0.773261 0.894911
vt 0.772927 0.889295
vt 0.775819 0.908492
vt 0.764225 0.896507
vt 0.766160 0.903490
vt 0.775033 0.917603
vt 0.786373 0.915858
vt 0.789589 0.922315
vt 0.785755 0.932382
vt 0.793900 0.935363
vt 0.794245 0.944985
vt 0.775053 0.938144
vt 0.771477 0.927859
vt 0.758806 0.909806
vt 0.756077 0.918359
vt 0.752011 0.931242
vt 0.749235 0.930929
vt 0.745109 0.925223
vt 0.741889 0.916261
vt 0.754925 0.903037
vt 0.747906 0.896226
vt 0.753309 0.891741
vt 0.765126 0.889992
vt 0.757615 0.887775
vt 0.766611 0.882369
vt 0.755148 0.878146
vt 0.743928 0.883173
vt 0.738890 0.898976
vt 0.737751 0.912439
vt 0.730738 0.904825
vt 0.736312 0.891051
vt 0.727341 0.891018
vt 0.722703 0.893718
vt 0.741309 0.888170
vt 0.727116 0.886198
vt 0.733391 0.882071
vt 0.747974 0.879727
vt 0.734235 0.876171
vt 0.725573 0.880841
vt 0.725773 0.872432
vt 0.720851 0.875566
vt 0.718550 0.880216
vt 0.712274 0.884748
vt 0.711367 0.880161
vt 0.705061 0.879764
vt 0.702005 0.878056
vt 0.706996 0.874980
vt 0.713674 0.876156
vt 0.709940 0.870436
vt 0.713755 0.870155
vt 0.720032 0.868828
vt 0.715966 0.862166
vt 0.729160 0.858528
vt 0.730763 0.870795
vt 0.738670 0.863083
vt 0.740123 0.872476
vt 0.752152 0.867325
vt 0.756706 0.871979
vt 0.766167 0.873145
vt 0.760295 0.865547
vt 0.775116 0.878663
vt 0.781539 0.886708
vt 0.790582 0.890730
vt 0.791745 0.882021
vt 0.800036 0.894687
vt 0.800044 0.887275
vt 0.808147 0.891869
vt 0.814775 0.899490
vt 0.818605 0.893292
vt 0.805589 0.878846
vt 0.799035 0.878215
vt 0.782671 0.876026
vt 0.788715 0.874729
vt 0.768783 0.866605
vt 0.778099 0.864134
vt 0.760753 0.859853
vt 0.756156 0.859225
vt 0.763217 0.859391
vt 0.747764 0.857881
vt 0.744293 0.859618
vt 0.738365 0.850540
vt 0.727570 0.843810
vt 0.725185 0.843769
vt 0.713892 0.859963
vt 0.716792 0.850198
vt 0.745541 0.831033
vt 0.744138 0.832590
vt 0.746756 0.842820
vt 0.753998 0.857795
vt 0.750592 0.843031
vt 0.771833 0.860343
vt 0.749559 0.836203
vt 0.764793 0.847228
vt 0.748214 0.832074
vt 0.780005 0.863507
vt 0.784986 0.862063
vt 0.789803 0.866381
vt 0.797172 0.867587
vt 0.800217 0.869478
vt 0.806415 0.870783
vt 0.806396 0.869385
vt 0.812806 0.880896
vt 0.815639 0.873222
vt 0.821416 0.879891
vt 0.824278 0.886466
vt 0.816019 0.888489
vt 0.823472 0.899075
vt 0.829464 0.892640
vt 0.834244 0.897208
vt 0.839317 0.888892
vt 0.837309 0.904759
vt 0.840461 0.922924
vt 0.846127 0.915544
vt 0.851629 0.920087
vt 0.846278 0.907766
vt 0.851637 0.929095
vt 0.860750 0.918551
vt 0.845460 0.944066
vt 0.856971 0.932588
vt 0.849304 0.945908
vt 0.856658 0.942868
vt 0.865341 0.925711
vt 0.873429 0.931749
vt 0.875040 0.939505
vt 0.881592 0.932373
vt 0.878850 0.922597
vt 0.872821 0.917253
vt 0.855688 0.909644
vt 0.844235 0.899315
vt 0.853014 0.900880
vt 0.847669 0.894969
vt 0.848506 0.889642
vt 0.852302 0.884461
vt 0.857764 0.892526
vt 0.861252 0.888177
vt 0.860709 0.883872
vt 0.861378 0.879678
vt 0.858887 0.879883
vt 0.867482 0.879030
vt 0.873385 0.884386
vt 0.860885 0.897664
vt 0.867930 0.891472
vt 0.871321 0.894345
vt 0.874488 0.880603
vt 0.879426 0.879063
vt 0.882364 0.887212
vt 0.875948 0.898399
vt 0.864889 0.904170
vt 0.878925 0.903152
vt 0.887614 0.892185
vt 0.889480 0.879745
vt 0.887256 0.877943
vt 0.898185 0.879962
vt 0.905296 0.879436
vt 0.896265 0.887793
vt 0.912118 0.880749
vt 0.916016 0.879639
vt 0.920196 0.881098
vt 0.898334 0.892867
vt 0.890468 0.898174
vt 0.885067 0.905216
vt 0.874427 0.908290
vt 0.867190 0.911395
vt 0.878826 0.914199
vt 0.887014 0.917560
vt 0.887885 0.909667
vt 0.893999 0.904388
vt 0.898665 0.898351
vt 0.902779 0.899263
vt 0.909227 0.891899
vt 0.906495 0.887913
vt 0.918581 0.886372
vt 0.919189 0.888428
vt 0.927002 0.885254
vt 0.929779 0.882137
vt 0.013503 0.005706
vt 0.008629 0.012655
vt 0.005508 0.005877
vt 0.010620 0.018292
vt 0.014244 0.018243
vt 0.014949 0.025363
vt 0.022919 0.010140
vt 0.023087 0.021622
vt 0.025905 0.030098
vt 0.016927 0.029336
vt 0.002921 0.076804
vt 0.020274 0.035338
vt 0.000896 0.074440
vt 0.008504 0.076681
vt 0.009440 0.084051
vt 0.006348 0.081787
vt 0.015224 0.087231
vt 0.020302 0.068081
vt 0.028554 0.046527
vt 0.023438 0.038825
vt 0.031873 0.031480
vt 0.038271 0.045137
vt 0.032014 0.053555
vt 0.027283 0.070322
vt 0.033036 0.078226
vt 0.015437 0.092920
vt 0.016783 0.097231
vt 0.021064 0.100392
vt 0.024726 0.107129
vt 0.026748 0.108156
vt 0.029375 0.113382
vt 0.045222 0.084056
vt 0.044015 0.098179
vt 0.036416 0.119241
vt 0.054580 0.086030
vt 0.060495 0.100206
vt 0.048305 0.126981
vt 0.033936 0.120850
vt 0.041504 0.125732
vt 0.053932 0.131707
vt 0.058848 0.093557
vt 0.062654 0.108460
vt 0.064231 0.105110
vt 0.057219 0.126535
vt 0.067143 0.121742
vt 0.066639 0.116941
vt 0.063293 0.132472
vt 0.067227 0.126156
vt 0.068691 0.130235
vt 0.068463 0.124823
vt 0.077771 0.127770
vt 0.071954 0.105442
vt 0.066158 0.091283
vt 0.074584 0.096750
vt 0.057698 0.086860
vt 0.065900 0.082281
vt 0.061043 0.077491
vt 0.054601 0.082921
vt 0.072288 0.078306
vt 0.069059 0.070638
vt 0.060951 0.067332
vt 0.075467 0.088712
vt 0.082981 0.090564
vt 0.083841 0.081468
vt 0.079321 0.100719
vt 0.079171 0.072411
vt 0.091030 0.091340
vt 0.092542 0.082232
vt 0.088094 0.096125
vt 0.085276 0.102773
vt 0.077563 0.109970
vt 0.077289 0.118539
vt 0.084030 0.112429
vt 0.089684 0.117270
vt 0.074583 0.130814
vt 0.085125 0.129417
vt 0.093258 0.125922
vt 0.090348 0.107367
vt 0.094592 0.101793
vt 0.098723 0.090058
vt 0.101901 0.100653
vt 0.087566 0.075685
vt 0.102994 0.082835
vt 0.099666 0.075056
vt 0.093427 0.072385
vt 0.107490 0.091384
vt 0.112908 0.101457
vt 0.123796 0.105973
vt 0.121083 0.096493
vt 0.113492 0.085191
vt 0.107933 0.078581
vt 0.112238 0.073844
vt 0.123242 0.086729
vt 0.130759 0.082531
vt 0.132998 0.086597
vt 0.136045 0.087298
vt 0.140895 0.078203
vt 0.135662 0.092079
vt 0.137728 0.094289
vt 0.147099 0.084096
vt 0.157686 0.078664
vt 0.154609 0.070472
vt 0.134997 0.072762
vt 0.127465 0.076294
vt 0.153532 0.047447
vt 0.162290 0.056299
vt 0.167846 0.065094
vt 0.148828 0.036924
vt 0.156445 0.046224
vt 0.159912 0.049316
vt 0.171285 0.071315
vt 0.161155 0.081441
vt 0.173384 0.077892
vt 0.155296 0.095708
vt 0.148845 0.094580
vt 0.175608 0.088900
vt 0.177775 0.086122
vt 0.169545 0.099750
vt 0.179040 0.099027
vt 0.174352 0.104936
vt 0.158243 0.115197
vt 0.178092 0.118570
vt 0.178750 0.107765
vt 0.180811 0.106889
vt 0.179198 0.116946
vt 0.182634 0.097557
vt 0.185408 0.087718
vt 0.193803 0.092334
vt 0.197021 0.087646
vt 0.191763 0.083098
vt 0.182768 0.076597
vt 0.021498 0.005926
vt 0.025825 0.013923
vt 0.030995 0.021968
vt 0.035559 0.015256
vt 0.027747 0.006871
vt 0.038193 0.008520
vt 0.044893 0.008864
vt 0.044277 0.015828
vt 0.052561 0.008454
vt 0.051117 0.016484
vt 0.058878 0.011101
vt 0.061768 0.004883
vt 0.069348 0.005970
vt 0.059622 0.019713
vt 0.058331 0.026847
vt 0.049349 0.023558
vt 0.040451 0.022687
vt 0.044755 0.032023
vt 0.053136 0.029314
vt 0.059056 0.038337
vt 0.050952 0.035553
vt 0.037570 0.027723
vt 0.041171 0.038351
vt 0.047427 0.043415
vt 0.055608 0.045771
vt 0.049796 0.051495
vt 0.061466 0.050771
vt 0.067220 0.042520
vt 0.056337 0.056933
vt 0.036145 0.058349
vt 0.042112 0.064529
vt 0.040140 0.066720
vt 0.046473 0.072009
vt 0.048235 0.064765
vt 0.066030 0.060598
vt 0.069130 0.054644
vt 0.050837 0.075043
vt 0.052033 0.080596
vt 0.139769 0.015635
vt 0.136184 0.015387
vt 0.132204 0.006114
vt 0.124655 0.038353
vt 0.141037 0.021954
vt 0.146996 0.029131
vt 0.144113 0.030783
vt 0.123739 0.069929
vt 0.133216 0.063634
vt 0.121034 0.064191
vt 0.119772 0.059976
vt 0.125097 0.072921
vt 0.117607 0.062892
vt 0.110145 0.063029
vt 0.103585 0.063547
vt 0.096670 0.065935
vt 0.088342 0.066923
vt 0.093079 0.057970
vt 0.082299 0.068483
vt 0.074486 0.062826
vt 0.080327 0.057788
vt 0.083404 0.050530
vt 0.072678 0.050245
vt 0.087541 0.043254
vt 0.098251 0.051594
vt 0.099437 0.043419
vt 0.111287 0.051298
vt 0.114908 0.055678
vt 0.108347 0.045611
vt 0.104313 0.039711
vt 0.099653 0.033236
vt 0.090334 0.035580
vt 0.076206 0.042743
vt 0.069844 0.034205
vt 0.080347 0.035063
vt 0.079689 0.028891
vt 0.098564 0.028077
vt 0.109392 0.017735
vt 0.093332 0.022112
vt 0.082549 0.025292
vt 0.076244 0.018382
vt 0.068586 0.022167
vt 0.066486 0.028215
vt 0.066794 0.014662
vt 0.074531 0.011716
vt 0.080605 0.003418
vt 0.075165 0.000648
vt 0.087605 0.012157
vt 0.097841 0.005637
vt 0.094390 0.019157
vt 0.104020 0.003093
vt 0.105273 0.011376
vt 0.118134 0.014332
vt 0.116314 0.004969
vt 0.119495 0.034076
vt 0.801913 0.938006
vt 0.135688 0.102409
vt 0.144674 0.113918
vt 0.147126 0.126224
vt 0.175193 0.125528
vt 0.174124 0.133428
vt 0.174805 0.132568
vt 0.133494 0.102657
vt 0.121053 0.114608
vt 0.108972 0.107692
vt 0.129544 0.121623
vt 0.133387 0.109977
vt 0.116526 0.123551
vt 0.106625 0.114781
vt 0.098213 0.116708
vt 0.089343 0.132684
vt 0.096330 0.131066
vt 0.095459 0.133057
vt 0.104517 0.131646
vt 0.112754 0.132984
vt 0.121067 0.135055
vt 0.123535 0.133789
vt 0.126077 0.128330
vt 0.128418 0.126709
vt 0.131411 0.118433
vt 0.132825 0.125190
vt 0.768083 0.843087
vt 0.780029 0.852295
vt 0.765043 0.843988
vt 0.754384 0.832794
vt 0.751218 0.831877
vt 0.749330 0.830612
vt 0.752197 0.829834
s 1
usemtl tripo_mat_d3467eeb
f 1995/1/1 2050/2/2 2130/3/3
f 2130/3/3 2050/2/2 2164/4/4
f 2164/4/4 2050/2/2 2133/5/5
f 2164/4/4 2219/6/6 2130/3/3
s 0
f 2219/6/7 2164/4/8 2188/7/9
s 1
f 2121/8/10 2164/4/4 2133/5/5
f 2133/5/5 2099/9/11 2121/8/10
f 2121/8/10 2099/9/11 2063/10/12
f 2121/8/10 2188/7/13 2164/4/4
f 2219/6/6 2188/7/13 2220/11/14
f 2222/12/15 2220/11/14 2206/13/16
f 2222/12/15 2206/13/16 2205/14/17
f 2188/7/13 2121/8/10 2149/15/18
f 2188/7/13 2149/15/18 2180/16/19
f 2002/17/20 2063/10/12 2099/9/11
f 2002/17/20 2099/9/11 1874/18/21
s 0
f 1645/19/22 1874/18/23 1484/20/24
s 1
f 1484/20/25 1874/18/21 1606/21/26
f 1606/21/26 1874/18/21 1625/22/27
f 1874/18/21 1806/23/28 1625/22/27
f 1606/21/26 1625/22/27 1438/24/29
f 1606/21/26 1438/24/29 1484/20/25
f 1645/19/30 1484/20/25 1565/25/31
f 1484/20/25 1285/26/32 1565/25/31
f 1225/27/33 1484/20/25 1438/24/29
f 1225/27/33 1285/26/32 1484/20/25
f 1438/24/29 1625/22/27 868/28/34
f 868/28/34 1625/22/27 1819/29/35
f 1819/29/35 1625/22/27 1806/23/28
f 1806/23/28 1874/18/21 2071/30/36
f 2071/30/36 1874/18/21 2099/9/11
f 2071/30/36 2050/2/2 1806/23/28
f 2071/30/36 2099/9/11 2133/5/5
f 2071/30/36 2133/5/5 2050/2/2
f 1806/23/28 2050/2/2 1819/29/35
f 2050/2/2 1995/1/1 1840/31/37
f 2050/2/2 1840/31/37 1819/29/35
f 1819/29/35 1840/31/37 1238/32/38
f 1819/29/35 1238/32/38 691/33/39
f 868/28/34 1819/29/35 691/33/39
f 1438/24/29 833/34/40 1225/27/33
f 1438/24/29 868/28/34 833/34/40
f 1225/27/33 833/34/40 609/35/41
f 833/34/40 651/36/42 609/35/41
f 1225/27/33 839/37/43 1285/26/32
f 2002/17/20 2068/38/44 2063/10/12
f 2098/39/45 2149/15/18 2121/8/10
f 2180/16/19 2182/40/46 2214/41/47
f 2180/16/19 2214/41/47 2210/42/48
f 2169/43/49 2214/41/47 2193/44/50
f 2210/42/48 2214/41/47 2169/43/49
f 2106/45/51 2193/44/50 2103/46/52
f 2106/45/51 2169/43/49 2193/44/50
f 2206/13/16 2169/43/49 2135/47/53
f 2169/43/49 2206/13/16 2210/42/48
s 0
f 2210/42/54 2206/13/55 2220/11/56
s 1
f 2220/11/14 2180/16/19 2210/42/48
f 2180/16/19 2220/11/14 2188/7/13
f 2098/39/45 2121/8/10 2063/10/12
f 1645/19/57 2002/17/20 1874/18/21
f 2219/6/6 2222/12/15 2157/48/58
f 2219/6/6 2157/48/58 2130/3/3
f 2222/12/15 2219/6/6 2220/11/14
f 2222/12/15 2205/14/17 2157/48/58
f 2157/48/58 2116/49/59 2130/3/3
f 2130/3/3 2116/49/59 1995/1/1
f 1995/1/1 2116/49/59 1836/50/60
f 1995/1/1 1836/50/60 1840/31/37
f 1840/31/37 1836/50/60 1691/51/61
f 1238/32/38 1840/31/37 1691/51/61
s 0
f 1475/52/62 1238/32/63 1691/51/64
f 1238/32/65 1475/52/66 972/53/67
f 691/33/68 1238/32/69 972/53/70
s 1
f 868/28/34 691/33/39 833/34/40
f 833/34/40 691/33/39 512/54/71
f 833/34/40 512/54/71 651/36/42
f 609/35/41 651/36/42 220/55/72
f 220/55/72 651/36/42 310/56/73
f 316/57/74 651/36/42 512/54/71
f 310/56/73 651/36/42 316/57/74
f 220/55/72 310/56/73 2287/58/75
f 310/56/73 316/57/74 87/59/76
f 2287/58/75 310/56/73 2280/60/77
f 310/56/73 87/59/76 2280/60/77
f 512/54/71 691/33/39 532/61/78
f 316/57/74 512/54/71 2594/62/79
f 2594/62/79 512/54/71 532/61/78
s 0
f 532/61/80 691/33/81 972/53/82
s 1
f 972/53/83 1475/52/84 2464/63/85
f 2009/64/86 2116/49/59 2157/48/58
f 1836/50/60 2116/49/59 2009/64/86
f 1814/65/87 1691/51/61 1836/50/60
f 1814/65/87 1836/50/60 2009/64/86
f 1691/51/61 1814/65/87 1667/66/88
f 1691/51/61 1667/66/88 1517/67/89
s 0
f 2464/63/90 1475/52/90 688/68/90
s 1
f 972/53/83 2464/63/85 3126/69/91
s 0
f 688/68/92 1475/52/93 1691/51/94
f 1691/51/95 1517/67/96 688/68/97
s 1
f 688/68/98 1517/67/89 1070/70/99
f 1503/71/100 1070/70/99 1517/67/89
f 1503/71/100 1517/67/89 1652/72/101
f 1652/72/101 1517/67/89 1667/66/88
f 1652/72/101 1667/66/88 2009/64/86
f 688/68/98 1070/70/99 686/73/102
f 2338/74/103 688/68/98 686/73/102
s 0
f 2464/63/104 688/68/104 2338/74/104
f 2464/63/105 2597/75/105 3126/69/106
f 2597/75/107 3323/76/108 3126/69/109
f 3481/77/110 2597/75/111 3045/78/112
f 3045/78/113 2597/75/114 2464/63/115
f 3045/78/116 2464/63/117 2338/74/118
s 1
f 2312/79/119 2338/74/103 498/80/120
f 2312/79/119 498/80/120 224/81/121
f 498/80/120 2338/74/103 686/73/102
f 956/82/122 498/80/120 686/73/102
f 956/82/122 686/73/102 1070/70/99
f 498/80/120 956/82/122 224/81/121
f 224/81/121 956/82/122 218/83/123
f 956/82/122 557/84/124 218/83/123
f 557/84/124 956/82/122 632/85/125
f 632/85/125 956/82/122 790/86/126
f 557/84/124 632/85/125 327/87/127
f 632/85/125 495/88/128 327/87/127
f 670/89/129 632/85/125 1042/90/130
f 1042/90/130 632/85/125 790/86/126
f 1042/90/130 790/86/126 1223/91/131
f 790/86/126 956/82/122 1107/92/132
f 790/86/126 1107/92/132 1223/91/131
f 1107/92/132 956/82/122 1070/70/99
f 1223/91/131 1107/92/132 1584/93/133
f 1107/92/132 1070/70/99 1284/94/134
f 1284/94/134 1070/70/99 1503/71/100
f 1107/92/132 1284/94/134 1584/93/133
f 1284/94/134 1503/71/100 1652/72/101
f 1284/94/134 1652/72/101 1584/93/133
f 1584/93/133 1652/72/101 1683/95/135
f 1621/96/136 1584/93/133 1683/95/135
f 1410/97/137 1584/93/133 1621/96/136
f 1584/93/133 1410/97/137 1223/91/131
f 1042/90/130 1223/91/131 1410/97/137
f 1536/98/138 1410/97/137 1621/96/136
f 1332/99/139 1410/97/137 1536/98/138
f 1696/100/140 1621/96/136 1683/95/135
f 2047/101/141 1882/102/142 1683/95/135
f 1683/95/135 1652/72/101 2009/64/86
f 1683/95/135 2009/64/86 2047/101/141
f 2009/64/86 1667/66/88 1814/65/87
f 2047/101/141 2009/64/86 2157/48/58
f 2047/101/141 2157/48/58 2168/103/143
f 2168/103/143 2157/48/58 2205/14/17
f 2168/103/143 2205/14/17 2206/13/16
f 2168/103/143 2206/13/16 2135/47/53
f 2047/101/141 1953/104/144 1882/102/142
f 2047/101/141 2168/103/143 2135/47/53
f 1683/95/135 1882/102/142 1696/100/140
f 1621/96/136 1696/100/140 1536/98/138
f 1410/97/137 1332/99/139 1042/90/130
f 1050/105/145 1042/90/130 1332/99/139
f 1332/99/139 1536/98/138 1446/106/146
f 1332/99/139 1446/106/146 1050/105/145
f 1446/106/146 1536/98/138 1444/107/147
f 1446/106/146 1444/107/147 1325/108/148
f 1696/100/140 1732/109/149 1536/98/138
f 1696/100/140 1833/110/150 1732/109/149
f 1446/106/146 1325/108/148 1049/111/151
f 1050/105/145 1446/106/146 1049/111/151
f 1042/90/130 1050/105/145 1049/111/151
f 1042/90/130 1049/111/151 630/112/152
f 1042/90/130 630/112/152 670/89/129
f 1049/111/151 1325/108/148 1003/113/153
s 0
f 1049/111/154 1003/114/155 630/112/156
s 1
f 1494/115/157 1444/107/147 1732/109/149
f 1833/110/150 1931/116/158 1732/117/149
f 2103/46/52 1954/118/159 2106/45/51
f 1954/118/159 2103/46/52 1931/116/158
f 2135/47/53 2106/45/51 1954/118/159
f 1833/110/150 1696/100/140 1882/102/142
f 1954/118/159 1833/110/150 1953/104/144
f 1833/110/150 1882/102/142 1953/104/144
f 1953/104/144 2047/101/141 2135/47/53
f 1953/104/144 2135/47/53 1954/118/159
f 2106/45/51 2135/47/53 2169/43/49
s 0
f 972/53/160 3126/69/161 532/61/162
f 3126/69/163 3323/119/164 3247/120/165
f 3126/69/166 3247/120/166 532/61/166
s 1
f 2594/62/79 532/61/78 3247/120/167
f 2594/62/79 3247/120/167 2697/121/168
f 2594/62/79 2697/121/168 87/59/76
f 2817/122/169 2967/123/170 2545/124/171
f 2817/122/169 2545/124/171 2280/60/77
f 2817/122/169 2280/60/77 2697/121/168
f 87/59/76 2697/121/168 2280/60/77
f 2280/60/77 2545/124/171 2287/58/75
f 87/59/76 316/57/74 2594/62/79
f 2529/125/172 2312/79/119 224/81/121
f 2529/125/172 224/81/121 218/83/123
f 218/83/123 557/84/124 327/87/127
f 69/126/173 218/83/123 327/87/127
f 218/83/123 69/126/173 2525/127/174
f 218/83/123 2525/127/174 2529/125/172
f 2525/127/174 69/126/173 2828/128/175
f 2627/129/176 2828/128/175 69/126/173
f 69/126/173 327/87/127 213/130/177
f 69/126/173 213/130/177 2289/131/178
f 327/87/127 495/88/128 213/130/177
s 0
f 495/88/179 632/85/180 670/89/181
f 495/88/182 670/89/183 504/132/184
s 1
f 495/88/128 504/132/185 213/130/177
f 670/89/129 630/112/152 504/132/185
f 504/132/185 630/112/152 385/133/186
f 504/132/185 385/133/186 213/130/177
f 2420/134/187 2671/135/188 2627/129/176
f 2627/129/176 2832/136/189 2828/128/175
f 2627/129/176 69/126/173 2420/134/187
f 69/126/173 2289/131/178 2420/134/187
f 2525/127/174 2828/128/175 2966/137/190
f 2525/127/174 2966/137/190 2986/138/191
f 2525/127/174 2986/138/191 2529/125/172
f 2986/138/191 2966/137/190 3191/139/192
f 2986/138/191 3191/139/192 3227/140/193
f 2529/125/172 2986/138/191 2312/79/119
f 2312/79/119 2986/138/191 3227/140/193
f 2312/79/119 3227/140/193 2338/74/103
f 2338/74/103 3227/140/193 3045/78/194
f 3045/78/194 3227/140/193 3481/77/195
f 3227/140/193 3191/139/192 3604/141/196
f 3227/140/193 3604/141/196 3481/77/195
f 2697/142/168 3247/143/167 3197/144/197
f 3197/144/197 3247/143/167 3880/145/198
f 3880/145/198 3247/143/167 3323/146/199
f 3197/144/197 3141/147/200 2697/148/168
f 2697/148/168 3141/147/200 2817/149/169
f 2817/149/169 3141/147/200 2967/150/170
f 2967/150/170 3141/147/200 3209/151/201
f 2967/150/170 3209/151/201 3212/152/202
f 2967/150/170 3212/152/202 3022/153/203
f 3212/152/202 3209/151/201 3575/154/204
f 3297/155/205 3209/151/201 3141/147/200
f 3297/155/205 3141/147/200 3197/144/197
f 3297/155/205 3197/144/197 3870/156/206
f 3209/151/201 3297/155/205 3575/154/204
s 0
f 3575/154/207 3297/155/208 3905/157/209
f 2545/158/210 2967/150/211 2676/159/212
f 2545/158/213 2422/160/214 2287/161/215
s 1
f 2422/160/216 2545/158/217 2676/159/218
s 0
f 90/162/219 2287/161/220 2422/160/221
s 1
f 220/163/72 2287/161/75 90/162/222
f 220/163/72 500/164/223 609/165/41
f 500/164/223 220/163/72 334/166/224
f 609/167/41 500/164/223 493/168/225
f 1225/169/33 609/167/41 839/170/43
f 839/170/43 609/167/41 493/168/225
f 2068/171/44 2002/172/20 1900/173/226
f 1636/174/227 1565/175/31 1481/176/228
f 1565/175/31 1636/174/227 1645/177/30
f 1285/178/32 1272/179/229 1481/176/228
f 1285/178/32 1481/176/228 1565/175/31
s 0
f 685/180/230 1083/181/231 566/182/232
f 2002/172/233 1645/177/234 1900/173/235
s 1
f 2149/183/18 2098/184/45 2117/185/236
f 2149/183/18 2117/185/236 2180/186/19
f 2180/186/19 2117/185/236 2182/187/46
f 2061/188/237 2117/185/236 2098/184/45
f 2068/171/44 2061/188/237 2098/184/45
f 1900/173/226 1645/177/30 1764/189/238
f 1764/189/238 1645/177/30 1636/174/227
f 2679/190/239 2651/191/240 2547/192/241
f 2679/190/239 2547/192/241 2698/193/242
f 3057/194/243 3221/195/244 3634/196/245
f 2698/193/242 3221/195/244 2679/190/239
f 2698/193/242 2547/192/241 2676/159/218
f 2676/159/218 2547/192/241 2422/160/216
f 2422/160/216 2547/192/241 2284/197/246
f 363/198/247 2284/197/246 2247/199/248
f 2247/199/248 2284/197/246 2547/192/241
f 363/198/247 2247/199/248 366/200/249
f 566/182/250 363/198/247 366/200/249
f 566/182/250 366/200/249 685/180/251
f 3880/145/198 3323/146/199 4062/201/252
f 3880/145/198 3803/202/253 3197/144/197
f 3197/144/197 3803/202/253 3870/156/206
f 3803/202/253 3880/145/198 4062/201/252
f 3297/155/205 3870/156/206 3887/203/254
f 4088/204/255 3803/202/253 4062/201/252
f 3297/155/205 3887/203/254 3905/157/256
f 3870/156/206 3803/202/253 4033/205/257
f 4033/205/257 3803/202/253 4088/204/255
f 3887/203/254 3870/156/206 4033/205/257
f 3905/157/256 3887/203/254 4116/206/258
f 4116/206/258 3887/203/254 4033/205/257
f 3221/195/244 3022/153/203 3212/152/202
f 2676/159/218 3022/153/203 2698/193/242
f 2698/193/242 3022/153/203 3221/195/244
f 3221/195/244 3212/152/202 3575/154/204
f 3221/195/244 3575/154/204 3525/207/259
f 3221/195/244 3525/207/259 3634/196/245
f 3634/196/245 3525/207/259 3752/208/260
f 3832/209/261 3634/196/245 3752/208/260
f 3832/209/261 3752/208/260 3926/210/262
f 3926/210/262 3752/208/260 3988/211/263
f 3752/208/260 3525/207/259 3575/154/204
f 3752/208/260 3575/154/204 3905/157/256
f 3988/211/263 3752/208/260 3905/157/256
f 3988/211/263 3905/157/256 4116/206/258
f 3988/211/263 4116/206/258 4327/212/264
f 3988/211/263 4327/212/264 4330/213/265
f 4444/214/266 4453/215/267 4472/216/268
f 4472/216/268 4453/215/267 4499/217/269
f 4330/213/270 4428/218/271 4351/219/272
s 0
f 3988/211/273 4330/213/274 4067/220/275
s 1
f 4067/220/276 4330/213/270 4200/221/277
f 4472/216/268 4499/217/269 4500/222/278
f 4351/219/272 4428/218/271 4409/223/279
f 4409/223/279 4428/218/271 4444/214/266
s 0
f 4484/224/280 4500/222/281 4499/217/282
f 4484/224/283 4433/225/284 4413/226/285
f 4442/227/286 4423/228/287 4472/216/288
f 4472/216/289 4423/228/290 4444/214/291
s 1
f 4423/228/292 4409/223/279 4444/214/266
f 4200/221/277 4351/219/272 4172/229/293
f 4067/220/276 4200/221/277 4172/229/293
f 4172/229/293 4113/230/294 3872/231/295
f 4113/230/294 3812/232/296 3872/231/295
f 3926/210/262 4067/220/276 4172/229/293
f 3926/210/262 4172/229/293 3872/231/295
f 3926/210/262 3872/231/295 3496/233/297
f 3386/234/298 3872/231/295 3812/232/296
f 3872/231/295 3386/234/298 3496/233/297
f 3386/234/298 3244/235/299 3496/233/297
f 3496/233/297 3244/235/299 3515/236/300
f 3496/233/297 3515/236/300 3926/210/262
f 3926/210/262 3515/236/300 3832/209/261
f 3832/209/261 3515/236/300 3634/196/245
f 3244/235/299 3057/194/243 3515/236/300
f 3057/194/243 3244/235/299 3120/237/301
f 3515/236/300 3057/194/243 3634/196/245
f 3057/194/243 3120/237/301 2918/238/302
f 3057/194/243 2918/238/302 3221/195/244
f 3221/195/244 2918/238/302 2679/190/239
f 4067/220/276 3926/210/262 3988/211/263
f 4200/221/277 4330/213/270 4351/219/272
f 3315/239/303 3191/240/192 2966/241/190
f 3315/239/303 2966/241/190 3159/242/304
f 2966/241/190 2828/243/175 2832/244/189
f 2966/241/190 2832/244/189 3013/245/305
f 2966/241/190 3013/245/305 3159/242/304
f 3433/246/306 3697/247/307 3345/248/308
f 3345/248/308 3697/247/307 3894/249/309
f 3542/250/310 3697/247/307 3433/246/306
f 3697/247/307 3542/250/310 3886/251/311
f 3542/250/310 4034/252/312 3886/251/311
f 3886/251/311 4034/252/312 4098/253/313
s 0
f 4098/253/314 4034/252/315 4281/254/316
s 1
f 4281/254/317 4034/252/312 4111/255/318
f 4281/254/317 4111/255/318 4291/256/319
f 4281/254/317 4291/256/319 4374/257/320
f 4281/254/317 4374/257/320 4372/258/321
f 4372/258/321 4374/257/320 4433/225/322
f 4374/257/320 4413/226/323 4433/225/322
s 0
f 4381/259/324 4281/254/325 4372/258/326
s 1
f 4098/253/313 4281/254/327 4109/260/328
f 4098/253/313 4109/260/328 3886/251/311
f 3886/251/311 3894/249/309 3697/247/307
f 3886/251/311 4109/260/328 3894/249/309
f 4381/259/329 4372/258/321 4433/225/322
f 4433/225/322 4484/224/330 4446/261/331
s 0
f 4484/224/332 4499/217/333 4477/262/334
f 4484/224/335 4477/262/336 4446/261/337
s 1
f 4433/225/322 4446/261/331 4381/259/329
f 4444/214/266 4428/218/271 4453/215/267
s 0
f 4327/212/338 4428/218/339 4330/213/340
s 1
f 4394/263/341 4428/218/271 4327/212/264
f 4428/218/271 4394/263/341 4453/215/267
f 4453/215/267 4394/263/341 4429/264/342
f 4489/265/343 4453/215/267 4429/264/342
f 4437/266/344 4489/265/343 4429/264/342
f 4477/262/345 4489/265/343 4437/266/344
f 4437/266/344 4429/264/342 4353/267/346
f 4353/267/346 4429/264/342 4400/268/347
f 4477/262/345 4437/266/344 4389/269/348
f 4446/261/331 4477/262/345 4389/269/348
f 4437/266/344 4353/267/346 4012/270/349
f 4229/271/350 4353/267/346 4400/268/347
f 4229/271/350 4400/268/347 4199/272/351
f 4229/271/350 4199/272/351 4072/273/352
f 4072/273/352 4199/272/351 4071/274/353
f 3323/146/199 4072/273/352 4071/274/353
f 4072/273/352 3323/146/199 3705/275/354
s 0
f 3323/146/355 2597/276/356 3705/275/357
s 1
f 3323/146/199 4071/274/353 4062/201/252
f 4062/201/252 4071/274/353 4191/277/358
f 4191/277/358 4071/274/353 4199/272/351
s 0
f 3705/275/359 2597/276/360 3481/278/361
s 1
f 4072/273/352 4353/267/346 4229/271/350
f 4072/273/352 3705/275/354 3869/279/362
f 4072/273/352 3869/279/362 4353/267/346
f 4353/267/346 3869/279/362 4012/270/349
f 3869/279/362 3705/275/354 3481/278/195
f 3481/278/195 3604/280/196 3869/279/362
f 4012/270/349 3869/279/362 3604/280/196
f 4012/270/349 4223/281/363 4437/266/344
f 4437/266/344 4223/281/363 4389/269/348
f 4223/281/363 4012/270/349 4254/282/364
f 4453/215/267 4489/265/343 4499/217/269
f 4499/217/269 4489/265/343 4477/262/345
f 4281/254/327 4254/282/364 4109/260/328
f 4254/282/364 4281/254/327 4381/259/329
f 4109/260/328 3722/283/365 3894/249/309
f 3722/283/365 4109/260/328 3945/284/366
s 0
f 3945/284/367 4109/260/368 4254/282/369
s 1
f 4223/281/363 4254/282/364 4381/259/329
f 4389/269/348 4223/281/363 4381/259/329
f 4389/269/348 4381/259/329 4446/261/331
f 3643/285/370 3604/280/196 3191/240/192
f 3604/280/196 3945/284/366 4012/270/349
f 3604/280/196 3643/285/370 3945/284/366
f 4012/270/349 3945/284/366 4254/282/364
f 3945/284/366 3643/285/370 3722/283/365
f 3315/239/303 3643/285/370 3191/240/192
f 3643/285/370 3315/239/303 3722/283/365
f 3315/239/303 3159/242/304 3345/248/371
s 0
f 3315/239/372 3345/248/373 3722/283/374
f 3722/283/375 3345/248/376 3894/249/377
f 3345/248/378 3159/242/379 3013/245/380
s 1
f 4088/204/255 4062/201/252 4191/277/358
f 4116/206/258 4033/205/257 4088/204/255
f 4327/212/264 4249/286/381 4394/263/341
f 4327/212/264 4116/206/258 4249/286/381
f 4249/286/381 4116/206/258 4088/204/255
f 4249/286/381 4088/204/255 4191/277/358
f 4394/263/341 4249/286/381 4191/277/358
f 4400/268/347 4191/277/358 4199/272/351
f 4400/268/347 4394/263/341 4191/277/358
f 4394/263/341 4400/268/347 4429/264/342
f 334/166/224 220/163/72 90/162/222
f 493/168/225 500/164/223 334/166/224
f 493/168/225 566/182/382 839/170/43
f 839/170/43 1083/181/383 1285/178/32
f 1272/179/229 1285/178/32 1083/181/383
f 1083/181/383 839/170/43 566/182/382
s 0
f 363/198/384 566/182/385 493/168/386
f 363/198/387 493/168/388 334/166/389
s 1
f 363/198/247 90/162/222 2284/197/246
f 363/198/247 334/166/224 90/162/222
f 3022/153/203 2676/159/218 2967/150/170
f 90/162/222 2422/160/216 2284/197/246
f 3013/287/305 2832/136/189 2989/288/390
f 3345/289/308 3013/287/305 3433/290/306
f 3433/290/306 3013/287/305 2989/288/390
f 56/291/391 2289/131/178 213/130/177
f 56/291/391 213/130/177 385/133/186
f 385/133/186 630/112/152 382/292/392
f 385/133/186 382/292/392 56/291/391
f 56/291/391 2524/293/393 2289/131/178
f 2420/134/187 2289/131/178 2524/293/393
f 2524/293/393 2671/135/188 2420/134/187
f 2068/171/44 2098/184/45 2063/294/12
f 1833/110/150 1954/118/159 1931/116/158
s 0
f 1732/109/394 1444/107/395 1536/98/396
s 1
f 2193/295/50 2214/296/47 2102/297/397
f 2102/297/397 2214/296/47 2140/298/398
f 2110/299/399 2140/298/398 2113/300/400
f 2102/297/397 2140/298/398 2110/299/399
f 2154/301/401 2140/298/398 2214/296/47
f 2140/298/398 2154/301/401 2113/300/400
f 2102/297/397 2103/302/52 2193/295/50
f 1975/303/402 1931/304/158 2103/302/52
f 1975/303/402 2103/302/52 2102/297/397
f 1732/305/149 1931/304/158 1789/306/403
f 1789/306/403 1931/304/158 1975/303/402
f 1975/303/402 1967/307/404 1789/306/403
f 1967/307/404 1975/303/402 2054/308/405
f 2054/308/405 1975/303/402 2102/297/397
f 1967/307/404 2054/308/405 2085/309/406
f 2054/308/405 2102/297/397 2110/299/399
f 2054/308/405 2110/299/399 2085/309/406
f 1967/307/404 1918/310/407 1789/306/403
f 1918/310/407 1967/307/404 2097/311/408
f 2097/311/408 1967/307/404 2085/309/406
f 2097/311/408 2085/309/406 2110/299/399
f 2110/299/399 2155/312/409 2097/311/408
f 2155/312/409 2110/299/399 2113/300/400
f 2139/313/410 2097/311/408 2155/312/409
f 2097/311/408 2062/314/411 1918/310/407
f 2097/311/408 2139/313/410 2062/314/411
f 2062/314/411 2139/313/410 2066/315/412
f 2139/313/410 2199/316/413 2179/317/414
f 2139/313/410 2179/317/414 2118/318/415
f 2139/313/410 2118/318/415 2066/315/412
f 2179/317/414 2199/316/413 2195/319/416
s 0
f 2195/319/417 2199/316/418 2187/320/419
s 1
f 2118/318/415 2179/317/414 2134/321/420
f 2195/319/416 2184/322/421 2176/323/422
f 2195/319/416 2176/323/422 2179/317/414
f 2184/322/421 2153/324/423 2125/325/424
f 2153/324/423 2184/322/421 2187/320/425
s 0
f 2184/322/426 2195/319/427 2187/320/428
s 1
f 2153/324/423 2187/320/425 2145/326/429
f 2153/324/423 2145/326/429 2125/325/424
f 2125/325/424 2145/326/429 2041/327/430
f 2125/325/424 2041/327/430 2037/328/431
f 2037/328/431 2041/327/430 2092/329/432
f 2037/328/431 2092/329/432 1926/330/433
f 2037/328/431 2077/331/434 2125/325/424
f 2037/328/431 1926/330/433 1947/332/435
f 1880/333/436 1947/332/435 1926/330/433
f 2037/328/431 1947/332/435 2077/331/434
f 2077/331/434 2111/334/437 2125/325/424
f 2125/325/424 2111/334/437 2174/335/438
f 2174/335/438 2111/334/437 2148/336/439
f 2174/335/438 2184/322/421 2125/325/424
f 2184/322/421 2174/335/438 2176/323/422
f 2179/317/414 2176/323/422 2134/321/420
f 2134/321/420 2112/337/440 2118/318/415
s 0
f 2166/338/441 2176/323/442 2174/335/443
s 1
f 2174/335/438 2148/336/439 2166/338/444
f 2112/337/440 1988/339/445 1991/340/446
f 1988/339/445 2112/337/440 2122/341/447
f 2122/341/447 2112/337/440 2134/321/420
f 2122/341/447 2134/321/420 2176/323/422
f 2136/342/448 2122/341/447 2176/323/422
f 2136/342/448 2176/323/422 2166/338/444
f 2101/343/449 2111/334/437 2077/331/434
f 2046/344/450 2077/331/434 1947/332/435
f 2046/344/450 1947/332/435 1955/345/451
f 1866/346/452 1955/345/451 1947/332/435
f 1947/332/435 1880/333/436 1866/346/452
f 1866/346/452 1880/333/436 1747/347/453
f 1866/346/452 1747/347/453 1679/348/454
f 1321/349/455 1205/350/456 947/351/457
f 947/351/457 643/352/458 496/353/459
f 231/354/460 333/355/461 223/356/462
f 333/355/463 496/353/459 499/357/464
f 499/357/464 496/353/459 643/352/458
s 0
f 155/358/465 223/356/466 333/355/467
s 1
f 155/358/468 333/355/463 262/359/469
f 333/355/463 499/357/464 374/360/470
f 333/355/463 374/360/470 262/359/469
f 255/361/471 262/359/469 374/360/470
f 836/362/472 491/363/473 643/352/458
f 836/362/472 777/364/474 1087/365/475
f 777/364/474 836/362/472 643/352/458
f 643/352/458 491/363/473 499/357/464
f 777/364/474 1205/350/456 1087/365/475
f 1466/366/476 1087/365/475 1205/350/456
f 777/364/474 643/352/458 947/351/457
f 777/364/474 947/351/457 1205/350/456
f 1321/349/455 1437/367/477 1205/350/456
f 1437/367/477 1321/349/455 1679/348/454
f 1205/350/456 1437/367/477 1466/366/476
f 1466/366/476 1437/367/477 1552/368/478
f 1552/368/478 1437/367/477 1679/348/454
f 1552/368/478 1679/348/454 1747/347/453
f 1552/368/478 1747/347/453 1755/369/479
s 0
f 1747/347/480 1880/333/481 1755/369/482
s 1
f 1755/369/479 1880/333/436 1926/330/433
f 1755/369/479 1699/370/483 1552/368/478
s 0
f 1466/366/484 1552/368/485 1699/370/486
s 1
f 1087/365/475 1466/366/476 1531/371/487
f 1087/365/475 1531/371/487 1272/372/229
f 1087/365/475 1272/372/229 836/362/472
f 1481/373/228 1272/372/229 1531/371/487
f 1481/373/228 1531/371/487 1636/374/227
f 1764/375/238 1876/376/488 1900/377/226
f 1876/376/488 1764/375/238 1873/378/489
f 1876/376/488 2041/327/430 1900/377/226
f 1900/377/226 2041/327/430 2090/379/490
s 0
f 2090/379/491 2041/327/492 2124/380/493
s 1
f 2041/327/430 2145/326/429 2124/380/494
f 1803/381/495 2041/327/430 1876/376/488
f 1876/376/488 1873/378/489 1803/381/495
f 1764/375/238 1636/374/227 1610/382/496
f 1764/375/238 1610/382/496 1873/378/489
f 1636/374/227 1531/371/487 1610/382/496
f 1610/382/496 1699/370/483 1873/378/489
f 1699/370/483 1610/382/496 1531/371/487
s 0
f 1699/370/497 1531/371/498 1466/366/499
s 1
f 1699/370/483 1803/381/495 1873/378/489
f 1699/370/483 1755/369/479 1803/381/495
f 1755/369/479 1926/330/433 1803/381/495
f 2092/329/432 1803/381/495 1926/330/433
f 1803/381/495 2092/329/432 2041/327/430
f 2068/383/44 1900/377/226 2061/384/237
f 2061/384/237 1900/377/226 2090/379/490
f 2095/385/500 2061/384/237 2090/379/490
f 2095/385/500 2117/386/236 2061/384/237
f 2117/386/236 2095/385/500 2182/387/46
f 2214/296/47 2182/387/46 2154/301/401
f 2154/301/401 2182/387/46 2095/385/500
f 2154/301/401 2095/385/500 2113/300/400
f 2113/300/400 2095/385/500 2107/388/501
f 2113/300/400 2107/388/501 2123/389/502
f 2113/300/400 2123/389/502 2155/312/409
f 2155/312/409 2123/389/502 2189/390/503
f 2189/390/503 2123/389/502 2187/320/425
f 2189/390/503 2187/320/425 2199/316/413
f 2145/326/429 2187/320/425 2124/380/494
f 2124/380/494 2187/320/425 2123/389/502
f 2124/380/494 2123/389/502 2107/388/501
f 2090/379/490 2124/380/494 2107/388/501
f 2090/379/490 2107/388/501 2095/385/500
f 1272/372/229 1083/391/383 836/362/472
s 0
f 491/363/504 836/362/505 685/392/506
s 1
f 374/360/470 491/363/507 366/393/249
s 0
f 366/393/508 491/363/509 685/392/510
s 1
f 374/360/470 366/393/249 255/361/471
f 255/361/471 366/393/249 2247/394/248
s 0
f 836/362/511 1083/391/512 685/392/513
s 1
f 630/395/152 1003/396/153 778/397/514
f 1305/398/515 1003/396/153 1325/399/148
f 1305/398/515 1325/399/148 1494/400/157
f 1494/400/157 1325/399/148 1444/401/147
f 1494/400/157 1732/305/149 1789/306/403
f 1331/402/516 1305/398/515 1494/400/157
f 1003/396/153 1305/398/515 1331/402/516
f 630/395/152 778/397/514 308/403/517
f 382/404/392 630/395/152 308/403/517
f 778/397/514 1003/396/153 881/405/518
f 881/405/518 1003/396/153 1185/406/519
f 1003/396/153 1331/402/516 1185/406/519
f 1185/406/519 1331/402/516 1407/407/520
f 1407/407/520 1331/402/516 1495/408/521
f 1495/408/521 1665/409/522 1576/410/523
f 1495/408/521 1576/410/523 1407/407/520
f 1185/406/519 1407/407/520 881/405/518
f 1407/407/520 1186/411/524 881/405/518
f 1407/407/520 1576/410/523 1186/411/524
f 1576/410/523 1665/409/522 1716/412/525
f 1716/412/525 1665/409/522 1853/413/526
f 1853/413/526 1665/409/522 1800/414/527
f 1665/409/522 1711/415/528 1800/414/527
f 1665/409/522 1495/408/521 1711/415/528
f 1800/414/527 1711/415/528 2062/314/411
f 1800/414/527 2062/314/411 2066/315/412
f 1853/413/526 1800/414/527 2066/315/412
f 61/416/529 56/417/391 382/404/392
f 61/416/529 382/404/392 187/418/530
f 187/418/530 382/404/392 308/403/517
f 2413/419/531 2524/420/393 56/417/391
f 56/417/391 61/416/529 2413/419/531
f 2524/420/393 2413/419/531 2646/421/532
f 2524/420/393 2646/421/532 2671/422/188
f 2799/423/533 3146/424/534 3110/425/535
s 0
f 2799/423/536 2646/421/537 2655/426/538
f 2655/426/539 2646/421/540 2423/427/541
s 1
f 2423/427/542 2646/421/532 2413/419/531
f 60/428/543 187/418/530 194/429/544
f 194/429/544 187/418/530 497/430/545
f 776/431/546 912/432/547 1384/433/548
f 1384/433/548 912/432/547 1316/434/549
f 1384/433/548 1316/434/549 1592/435/550
f 1515/436/551 1592/435/550 1316/434/549
f 1720/437/552 1592/435/550 1515/436/551
f 1720/437/552 1515/436/551 1670/438/553
f 1988/339/445 1903/439/554 1797/440/555
f 1988/339/445 1797/440/555 1991/340/446
f 1991/340/446 1797/440/555 1853/413/526
f 1716/412/525 1670/438/553 1515/436/551
s 0
f 1797/440/556 1670/438/557 1716/412/558
f 2118/318/559 2112/337/560 2066/315/561
s 1
f 2066/315/412 2112/337/440 1991/340/446
f 1853/413/526 2066/315/412 1991/340/446
f 1716/412/525 1853/413/526 1797/440/555
f 1186/411/524 1576/410/523 1316/434/549
s 0
f 1576/410/562 1515/436/563 1316/434/564
s 1
f 1515/436/551 1576/410/523 1716/412/525
f 1316/434/549 912/432/547 782/441/565
s 0
f 912/432/566 776/431/567 782/441/568
s 1
f 782/441/565 776/431/569 411/442/570
f 411/442/570 776/431/569 627/443/571
f 627/443/571 497/430/545 411/442/570
f 1316/434/549 782/441/565 1186/411/524
f 881/405/518 1186/411/524 782/441/565
f 778/397/514 881/405/518 782/441/565
f 778/397/514 782/441/565 411/442/570
f 778/397/514 411/442/570 308/403/517
f 308/403/517 411/442/570 497/430/545
f 187/418/530 308/403/517 497/430/545
f 61/416/529 187/418/530 60/428/543
f 61/416/529 60/428/543 2295/444/572
f 61/416/529 2295/444/572 2413/419/531
f 2413/419/531 2295/444/572 2423/427/542
f 2547/445/241 2651/446/240 2498/447/573
f 255/448/471 2247/449/248 2235/450/574
f 2247/449/248 2498/447/573 2235/450/574
f 2547/445/241 2498/447/573 2247/449/248
f 2498/447/573 2651/446/240 2628/451/575
f 2804/452/576 2651/446/240 2926/453/577
f 2651/446/240 2804/452/576 2628/451/575
f 2235/450/574 2498/447/573 2376/454/578
f 2376/454/578 2498/447/573 2628/451/575
f 255/448/471 2235/450/574 262/455/469
f 2628/451/575 2730/456/579 2376/454/578
f 2235/450/574 2376/454/578 2231/457/580
f 2235/450/574 2231/457/580 262/455/469
f 262/455/469 2231/457/580 155/458/468
f 3106/459/581 2954/460/582 3138/461/583
f 2954/460/582 3106/459/581 3066/462/584
f 2730/456/585 2954/460/582 2877/463/586
f 2877/463/586 2954/460/582 3066/462/584
f 2376/454/578 2730/456/579 2389/464/587
f 2376/454/578 2389/464/587 2231/457/580
f 155/458/468 2231/457/580 2389/464/587
f 2774/465/588 2730/456/585 2877/463/586
f 2580/466/589 2389/464/587 2730/456/579
s 0
f 2580/466/590 2730/456/591 2774/465/592
s 1
f 3066/462/584 3106/459/581 3351/467/593
f 3066/462/584 3351/467/593 3430/468/594
f 3430/468/594 3351/467/593 3566/469/595
f 3430/468/594 3566/469/595 3779/470/596
f 3351/467/593 3106/459/581 3138/461/583
f 3138/461/583 2954/460/582 3130/471/597
f 3566/469/595 3138/461/583 3280/472/598
s 0
f 3138/461/599 3566/469/600 3351/467/601
s 1
f 3280/472/598 3138/461/583 3130/471/597
f 3779/470/596 3566/469/595 3814/473/602
f 3430/468/594 3413/474/603 3066/462/584
f 2877/463/586 3066/462/584 3413/474/603
f 3413/474/603 3430/468/594 3779/470/596
f 3674/475/604 3779/470/596 3814/473/602
f 4294/476/605 4091/477/606 4170/478/607
f 4091/477/606 3968/479/608 4170/478/607
f 3968/479/608 3814/473/602 4170/478/607
f 4170/478/607 3814/473/602 4043/480/609
f 4043/480/609 3814/473/602 3902/481/610
f 3814/473/602 3566/469/595 3902/481/610
f 4043/480/609 4225/482/611 4170/478/607
f 4294/476/605 4170/478/607 4225/482/611
f 4032/483/612 4043/480/609 3902/481/610
f 4043/480/609 4209/484/613 4225/482/611
f 4209/484/613 4043/480/609 4032/483/612
f 4209/484/613 4032/483/612 3881/485/614
f 4032/483/612 3902/481/610 3566/469/595
f 3557/486/615 4032/483/612 3566/469/595
f 3557/486/615 3566/469/595 3280/472/598
s 0
f 4032/483/616 3557/486/617 3881/485/618
s 1
f 3645/487/619 3881/485/620 3557/486/615
f 3557/486/615 3280/472/598 3266/488/621
f 3266/488/621 3280/472/598 3130/471/597
s 0
f 3130/471/622 2954/460/623 2804/452/624
f 2730/456/625 2804/452/626 2954/460/627
s 1
f 2730/456/579 2628/451/575 2804/452/576
f 2804/452/576 2926/453/577 3130/471/597
f 2926/453/577 2922/489/628 3266/488/621
f 3130/471/597 2926/453/577 3266/488/621
f 3557/486/615 3266/488/621 3645/487/619
f 2922/489/628 2926/453/577 2651/446/240
f 3266/488/621 2922/489/628 3120/490/301
f 2922/489/628 2651/446/240 2918/491/302
f 2922/489/628 2918/491/302 3120/490/301
f 2651/446/240 2679/492/239 2918/491/302
f 3120/490/301 3244/493/299 3386/494/298
s 0
f 3120/490/629 3386/494/630 3266/488/631
s 1
f 3976/495/632 3812/496/296 4113/497/294
f 3386/494/298 3812/496/296 3645/487/619
f 3976/495/632 4113/497/294 4007/498/633
f 3812/496/296 3976/495/632 3938/499/634
f 3812/496/296 3938/499/634 3645/487/619
f 4113/497/294 4172/500/293 4351/501/272
f 4113/497/294 4351/501/272 4007/498/633
f 4007/498/633 4351/501/272 4409/502/279
f 4263/503/635 4007/498/633 4409/502/279
f 4007/498/633 4263/503/635 3976/495/632
f 4263/503/635 4409/502/279 4385/504/636
f 4409/502/279 4423/505/292 4385/504/636
f 4404/506/637 4385/504/636 4423/505/292
f 4263/503/635 4385/504/636 4063/507/638
f 4063/507/638 4385/504/636 4285/508/639
f 4263/503/635 4063/507/638 3976/495/632
f 4063/507/638 4285/508/639 3881/485/640
s 0
f 4285/508/641 4209/484/642 3881/485/643
s 1
f 4225/482/611 4209/484/613 4365/509/644
f 4411/510/645 4439/511/646 4365/509/644
f 4495/512/647 4439/511/646 4411/510/645
f 4439/511/646 4495/512/647 4431/513/648
f 4365/509/644 4439/511/646 4431/513/648
f 4431/513/648 4495/512/647 4457/514/649
f 4365/509/644 4431/513/648 4380/515/650
f 4365/509/644 4380/515/650 4225/482/611
f 4225/482/611 4380/515/650 4294/476/605
f 4380/515/650 4431/513/648 4463/516/651
f 4431/513/648 4479/517/652 4463/518/651
f 4457/514/649 4479/517/652 4431/513/648
f 4457/514/649 4487/519/653 4479/517/652
f 4493/520/654 4457/514/649 4495/512/647
f 4487/519/653 4497/521/655 4479/517/652
f 4487/519/653 4457/514/649 4493/520/654
s 0
f 4448/522/656 4497/521/657 4487/519/658
s 1
f 4420/523/659 4403/524/660 4261/525/661
f 4211/526/662 4420/523/659 4261/525/661
f 3296/527/663 3770/528/664 3593/529/665
f 3770/528/664 3771/530/666 3773/531/667
f 3770/528/664 3773/531/667 3593/529/665
f 3771/530/666 3937/532/668 4085/533/669
f 3937/532/668 4211/526/662 4261/525/661
f 4085/533/669 3937/532/668 4261/525/661
s 0
f 4261/525/670 4203/534/671 4085/533/672
f 4085/533/673 4203/534/674 4087/535/675
s 1
f 4085/533/669 3773/531/667 3771/530/666
f 3146/424/534 3073/536/676 3137/537/677
s 0
f 3137/537/678 3296/527/679 3593/529/680
s 1
f 3137/537/677 3593/529/665 3146/424/534
f 3773/531/667 4085/533/669 3948/538/681
f 3773/531/667 3948/538/681 3783/539/682
f 4087/535/683 3948/538/681 4085/533/669
f 3773/531/667 3783/539/682 3593/529/665
f 3146/424/534 3593/529/665 3567/540/684
f 3110/425/535 3146/424/534 3567/540/684
f 3567/540/684 3593/529/665 3783/539/682
f 3673/541/685 3567/540/684 3783/539/682
s 0
f 2646/421/686 2799/423/687 2803/542/688
f 2803/542/689 2799/423/690 3110/425/691
s 1
f 2671/422/188 2646/421/532 2803/542/692
f 2803/542/692 3110/425/693 3046/543/694
f 3046/543/694 3110/425/693 3399/544/695
s 0
f 3399/544/696 3110/425/697 3567/540/698
s 1
f 2627/545/176 2671/422/188 2832/546/189
f 2671/422/188 2803/542/692 2832/546/189
f 2832/546/189 2803/542/692 2989/547/390
f 3046/543/694 2989/547/390 2803/542/692
f 3399/544/695 3567/540/684 3673/541/685
f 3399/544/695 3673/541/685 3556/548/699
f 3399/544/695 3556/548/699 3433/549/306
f 2989/547/390 3046/543/694 3399/544/695
f 3399/544/695 3433/549/306 2989/547/390
f 3542/550/310 3433/549/306 3556/548/699
f 3542/550/310 3556/548/699 4034/551/312
f 4034/551/312 3556/548/699 3896/552/700
f 4111/553/318 4034/551/312 3896/552/700
f 3855/554/701 3896/552/700 3556/548/699
f 3855/554/701 3556/548/699 3673/541/685
f 3855/554/701 4019/555/702 4187/556/703
f 4019/555/702 3855/554/701 4081/557/704
f 4081/557/704 3855/554/701 3673/541/685
f 3673/541/685 3783/539/682 3948/538/681
f 4081/557/704 3673/541/685 3948/538/681
f 4261/525/661 4403/524/660 4203/534/705
f 4403/524/660 4420/523/659 4414/558/706
f 4414/558/706 4420/523/659 4448/522/707
f 4414/558/706 4448/522/707 4487/519/653
s 0
f 4403/524/708 4366/559/709 4203/534/710
s 1
f 4366/559/711 4403/524/660 4414/558/706
s 0
f 4081/557/712 4087/535/713 4203/534/714
s 1
f 3948/538/681 4087/535/683 4081/557/704
f 4325/560/715 4081/557/704 4203/534/716
f 4325/560/715 4203/534/716 4366/559/711
f 4081/557/704 4325/560/715 4019/555/702
f 4019/555/702 4325/560/715 4393/561/717
f 4019/555/702 4393/561/717 4187/556/703
f 4393/561/717 4325/560/715 4398/562/718
f 3855/554/701 4187/556/703 3896/552/700
f 4291/563/319 4187/556/703 4393/561/717
f 3896/552/700 4187/556/703 4291/563/319
f 3896/552/700 4291/563/319 4111/553/318
f 4374/564/320 4291/563/319 4393/561/717
f 4500/565/278 4484/566/719 4492/567/720
f 4492/567/720 4484/566/719 4413/568/323
f 4500/565/278 4492/567/720 4502/569/721
f 4500/565/278 4502/569/721 4496/570/722
f 4472/571/268 4500/565/278 4496/570/722
f 4442/572/723 4472/571/268 4496/570/722
f 4285/508/639 4385/504/636 4404/506/637
f 4209/484/613 4285/508/639 4365/509/644
f 4365/509/644 4285/508/639 4404/506/637
f 4404/506/637 4411/510/645 4365/509/644
f 4442/572/723 4404/506/637 4423/505/292
f 4411/510/645 4404/506/637 4442/572/723
f 4411/510/645 4501/573/724 4495/512/647
f 4501/573/724 4411/510/645 4442/572/723
f 4496/570/722 4501/573/724 4442/572/723
s 0
f 4465/574/725 4495/512/726 4501/573/727
s 1
f 4502/569/721 4501/573/724 4496/570/722
f 4458/575/728 4502/569/721 4492/567/720
f 4393/561/717 4413/568/323 4374/564/320
f 4413/568/323 4393/561/717 4492/567/720
f 4492/567/720 4393/561/717 4398/562/718
f 4458/575/728 4492/567/720 4398/562/718
f 4396/576/729 4325/560/715 4366/559/711
f 4398/562/718 4325/560/715 4396/576/729
f 4458/575/728 4398/562/718 4396/576/729
f 4502/569/721 4458/575/728 4465/574/730
f 4465/574/730 4458/575/728 4396/576/729
f 4501/573/724 4502/569/721 4465/574/730
f 4414/558/706 4396/576/729 4366/559/711
f 4396/576/729 4414/558/706 4465/574/730
f 4487/519/653 4465/574/730 4414/558/706
f 4465/574/730 4487/519/653 4493/520/654
f 4495/512/647 4465/574/730 4493/520/654
f 1789/306/403 1711/415/528 1494/400/157
f 1789/306/403 1918/310/407 1711/415/528
f 1711/415/528 1918/310/407 2062/314/411
f 1711/415/528 1495/408/521 1494/400/157
f 1331/402/516 1494/400/157 1495/408/521
f 2155/312/409 2189/390/503 2199/316/413
f 2155/312/409 2199/316/413 2139/313/410
f 3645/487/619 3266/488/621 3386/494/298
f 3938/499/634 3976/495/632 4063/507/638
s 0
f 3938/499/731 4063/507/732 3881/485/733
s 1
f 3645/487/619 3938/499/634 3881/485/620
s 0
f 499/357/734 491/363/735 374/360/736
s 1
f 2877/463/586 3037/577/737 2774/465/588
f 155/458/468 2389/464/587 223/578/738
f 2077/579/434 2046/580/450 2101/581/449
f 2101/581/449 2138/582/739 2111/583/437
s 0
f 2053/584/740 2101/581/741 2046/580/742
s 1
f 2053/584/743 2046/580/450 1939/585/744
f 2053/584/743 1939/585/744 2079/586/745
f 2079/586/745 1939/585/744 1772/587/746
f 1877/588/747 1939/585/744 1955/589/451
f 1955/589/451 1939/585/744 2046/580/450
f 1939/585/744 1877/588/747 1633/590/748
f 1877/588/747 1955/589/451 1866/591/452
s 0
f 1679/592/749 1877/588/750 1866/593/751
s 1
f 1633/590/748 1877/588/747 1679/592/454
f 947/594/457 496/595/459 841/596/752
s 0
f 496/595/753 510/597/754 841/596/755
f 842/598/756 510/597/757 352/599/758
s 1
f 841/596/759 510/597/760 842/598/761
s 0
f 1376/600/762 841/596/763 1080/601/764
f 1376/600/765 1080/601/766 1361/602/767
s 1
f 1471/603/768 1376/600/769 1361/602/770
f 1639/604/771 1471/603/768 1489/605/772
f 1471/603/768 1639/604/771 1721/606/773
f 947/594/457 841/596/752 1376/600/769
f 1679/592/454 1471/603/768 1721/606/773
f 1471/603/768 1321/607/455 1376/600/769
f 1679/592/454 1721/606/773 1633/590/748
f 1939/585/744 1633/590/748 1772/587/746
f 1321/607/455 1471/603/768 1679/592/454
f 1772/587/746 1633/590/748 1721/606/773
f 1376/600/769 1321/607/455 947/594/457
f 1772/587/746 1721/606/773 1859/608/774
f 2079/586/745 1859/608/774 2072/609/775
f 1721/606/773 1639/604/771 1859/608/774
f 1571/610/776 1639/604/771 1489/605/772
f 1639/604/771 1863/611/777 1859/608/774
f 1859/608/774 1981/612/778 2076/613/779
f 1571/610/776 1489/605/772 1361/602/770
f 1356/614/780 1361/602/770 1080/601/781
f 842/598/761 352/599/782 680/615/783
f 1080/601/781 841/596/759 842/598/761
f 1361/602/770 1489/605/772 1471/603/768
f 2148/616/439 2111/583/437 2138/582/739
f 2166/617/444 2148/616/439 2151/618/784
f 2136/619/448 2166/617/444 2151/618/784
f 1988/620/445 2122/621/447 2115/622/785
f 1988/620/445 2115/622/785 2033/623/786
f 2115/622/785 2122/621/447 2136/619/448
f 2115/622/785 2161/624/787 2033/623/786
s 0
f 1988/620/788 2033/623/789 1903/625/790
s 1
f 1774/626/791 1903/625/554 2033/623/786
f 1774/626/791 2033/623/786 1787/627/792
f 1797/628/555 1903/625/554 1670/629/553
f 1670/629/553 1903/625/554 1720/630/552
f 1384/631/548 1260/632/793 776/633/546
f 776/633/546 1260/632/793 924/634/794
s 0
f 627/635/795 776/633/796 784/636/797
f 784/636/798 776/633/799 924/634/800
f 627/635/801 784/636/802 667/637/803
s 1
f 497/638/545 627/635/571 667/637/804
f 516/639/805 497/638/545 667/637/804
s 0
f 784/636/806 924/634/807 1218/640/808
s 1
f 784/636/809 1218/640/810 1349/641/811
f 1349/641/811 1218/640/810 1415/642/812
f 1349/641/811 1415/642/812 1452/643/813
f 1452/643/813 1415/642/812 1738/644/814
f 1452/643/813 1738/644/814 1767/645/815
f 1573/646/816 1415/642/812 1218/640/810
f 924/634/794 1260/632/793 1218/640/810
f 1218/640/810 1260/632/793 1573/646/816
f 1573/646/816 1260/632/793 1592/647/550
f 1592/647/550 1260/632/793 1384/631/548
f 1592/647/550 1720/630/552 1774/626/791
f 1774/626/791 1720/630/552 1903/625/554
f 1573/646/816 1592/647/550 1774/626/791
f 1573/646/816 1774/626/791 1738/644/814
f 1573/646/816 1738/644/814 1415/642/812
f 1774/626/791 1787/627/792 1738/644/814
f 1767/645/815 1738/644/814 1897/648/817
f 1897/648/817 1738/644/814 1787/627/792
f 1787/627/792 2033/623/786 2108/649/818
f 1897/648/817 1787/627/792 2108/649/818
f 2108/649/818 2087/650/819 1897/648/817
f 2108/649/818 2033/623/786 2161/624/787
f 1899/651/820 1897/648/817 2087/650/819
f 1767/645/815 1897/648/817 1899/651/820
f 1767/645/815 1899/651/820 1612/652/821
f 1767/645/815 1612/652/821 1452/643/813
f 2197/653/822 2213/654/823 2215/655/824
f 2183/656/825 2162/657/826 2204/658/827
f 2183/656/825 2204/658/827 2213/654/823
f 2215/655/824 2173/659/828 2197/653/822
f 2173/659/828 2144/660/829 2147/661/830
f 2076/613/779 2147/661/830 2144/660/829
f 1859/608/774 2076/613/779 2072/609/775
f 2072/609/775 2076/613/779 2144/660/829
s 0
f 343/662/831 496/663/832 333/664/833
s 1
f 343/662/834 333/664/461 231/665/460
f 78/666/835 231/665/460 223/667/462
f 510/668/836 496/663/837 343/662/834
f 76/669/838 231/665/460 78/666/835
s 0
f 2389/670/839 78/666/840 223/667/841
s 1
f 78/666/835 2389/670/587 2558/671/842
f 2903/672/843 2580/673/589 2774/674/588
f 2389/670/587 2580/673/589 2558/671/842
f 3026/675/844 2903/672/843 2774/674/588
f 3026/675/844 2774/674/588 3037/676/737
f 3411/677/845 3026/675/844 3037/676/737
f 3037/676/737 2877/678/586 3413/679/603
f 3411/677/845 3037/676/737 3674/680/604
f 3674/680/604 3037/676/737 3413/679/603
f 3674/680/604 3413/679/603 3779/681/596
f 2558/671/842 2580/673/589 2903/672/843
f 2903/672/843 2862/682/846 2558/671/842
f 78/666/835 2558/671/842 2439/683/847
f 2862/682/846 2903/672/843 3203/684/848
f 3203/684/848 2903/672/843 3026/675/844
f 2862/682/846 2668/685/849 2439/683/847
f 2862/682/846 2439/683/847 2558/671/842
f 343/662/834 231/665/460 352/686/850
f 343/662/834 352/686/850 510/668/836
f 352/686/850 231/665/460 209/687/851
f 209/687/851 231/665/460 76/669/838
f 78/666/835 2439/683/847 2293/688/852
f 78/666/835 2293/688/852 76/669/838
f 497/638/545 516/639/805 194/689/544
f 2655/690/853 2949/691/854 3146/692/534
f 2949/691/854 3073/693/676 3146/692/534
f 2655/690/853 3146/692/534 2799/694/533
f 3296/695/663 3137/696/677 3073/693/676
f 3771/697/666 3770/698/664 3685/699/855
f 3903/700/856 3771/697/666 3685/699/855
f 3296/695/663 3685/699/855 3770/698/664
f 3269/701/857 3296/695/663 3073/693/676
f 3269/701/857 3685/699/855 3296/695/663
f 2949/691/854 2655/690/853 2974/702/858
f 3073/693/676 2949/691/854 2974/702/858
f 3073/693/676 2974/702/858 3316/703/859
f 2655/690/853 2423/704/542 2661/705/860
f 2661/705/860 2423/704/542 2541/706/861
f 2974/702/858 2655/690/853 2661/705/860
f 2974/702/858 2661/705/860 3167/707/862
f 2295/708/572 2541/706/861 2423/704/542
f 2541/706/861 2295/708/572 2290/709/863
f 2290/709/863 2295/708/572 60/710/543
f 506/711/864 516/639/805 667/637/804
s 0
f 1349/641/865 1235/712/866 784/636/867
s 1
f 1452/643/813 1235/712/868 1349/641/811
f 1062/713/869 784/636/870 1235/712/868
f 1612/652/821 1533/714/871 1452/643/813
s 0
f 506/711/872 394/715/873 516/639/874
s 1
f 394/715/875 205/716/876 194/689/544
f 2838/717/877 3167/707/862 2661/705/860
f 3786/718/878 4046/719/879 3979/720/880
f 3979/720/880 4046/719/879 4103/721/881
s 0
f 3979/720/882 4103/721/883 4253/722/884
s 1
f 4445/723/885 4417/724/886 4378/725/887
f 4378/725/887 4412/726/888 4251/727/889
f 4445/723/885 4460/728/890 4470/729/891
f 4412/726/888 4378/725/887 4417/724/886
f 4251/727/889 4412/726/888 4253/722/892
f 4412/726/888 4377/730/893 4253/722/892
f 4412/726/888 4417/724/886 4455/731/894
f 4412/726/888 4455/731/894 4377/730/893
f 4417/724/886 4470/729/891 4455/731/894
s 0
f 4377/730/895 4455/731/896 4416/732/897
s 1
f 4377/730/893 4182/733/898 4253/722/892
f 4253/722/892 4182/733/898 3979/720/880
s 0
f 4377/730/899 4129/734/900 4182/733/901
s 1
f 4048/735/902 4182/733/898 4129/734/903
s 0
f 4129/734/904 4377/730/905 4407/736/906
f 4407/736/907 4377/730/908 4416/732/909
s 1
f 4455/731/894 4481/737/910 4478/738/911
f 4498/739/912 4481/737/910 4494/740/913
f 4498/739/912 4494/740/913 4482/741/914
f 4481/737/910 4455/731/894 4470/729/891
f 4481/737/910 4470/729/891 4494/740/913
f 4470/729/891 4417/724/886 4445/723/885
f 4430/742/915 4454/743/916 4402/744/917
f 4326/745/918 4323/746/919 4224/747/920
s 0
f 4323/746/921 4326/745/922 4402/744/923
s 1
f 4078/748/924 3928/749/925 3807/750/926
f 3807/750/926 3928/749/925 3729/751/927
f 2445/752/928 2293/688/852 2439/683/847
f 2445/752/928 2439/683/847 2668/685/849
f 2445/752/928 2668/685/849 2747/753/929
f 2878/754/930 2747/753/929 2668/685/849
f 2878/754/930 3203/684/848 3027/755/931
f 3612/756/932 3202/757/933 3390/758/934
f 3202/757/933 3203/684/848 3390/758/934
f 3729/751/927 3612/756/932 3390/758/934
f 3807/750/926 3998/759/935 4078/748/924
s 0
f 4224/747/936 4078/748/937 3998/759/938
s 1
f 3729/751/927 3390/758/934 3716/760/939
f 3807/750/926 3729/751/927 3716/760/939
f 3998/759/935 3807/750/926 3716/760/939
f 3998/759/935 3716/760/939 3990/761/940
f 3998/759/935 3990/761/940 4272/762/941
s 0
f 3990/761/942 3716/760/943 3658/763/944
f 4198/764/945 3990/761/946 3658/763/947
s 1
f 3658/763/948 3716/760/939 3422/765/949
f 3658/763/948 3551/766/950 3671/767/951
f 3658/763/948 3671/767/951 4164/768/952
f 3658/763/948 3422/765/949 3551/766/950
f 3551/766/950 3422/765/949 3411/677/845
f 3671/767/951 3551/766/950 3674/680/604
f 3968/769/608 3671/767/951 3674/680/604
f 3968/769/608 3674/680/604 3814/770/602
f 3411/677/845 3674/680/604 3551/766/950
f 3187/771/953 3411/677/845 3422/765/949
f 3026/675/844 3411/677/845 3187/771/953
f 3026/675/844 3187/771/953 3203/684/848
f 3390/758/934 3203/684/848 3187/771/953
f 3390/758/934 3187/771/953 3422/765/949
f 3390/758/934 3422/765/949 3716/760/939
f 2862/682/846 3203/684/848 2878/754/930
f 2862/682/846 2878/754/930 2668/685/849
f 3671/767/951 3968/769/608 4091/772/606
f 3671/767/951 4091/772/606 4164/768/952
f 4231/773/954 4164/768/952 4357/774/955
f 4231/773/954 3658/763/948 4164/768/952
f 3658/763/948 4231/773/954 4198/764/956
f 3990/761/940 4198/764/956 4272/762/941
f 4357/774/955 4198/764/956 4231/773/954
f 4272/762/941 4198/764/956 4357/774/955
f 4326/745/957 4272/762/941 4357/774/955
f 4326/745/957 4357/774/955 4402/744/958
f 4272/762/941 4326/745/957 3998/759/935
s 0
f 3998/759/959 4326/745/960 4224/747/961
s 1
f 4380/775/650 4463/776/651 4401/777/962
f 4380/775/650 4401/777/962 4356/778/963
f 4480/779/964 4463/776/651 4479/780/652
s 0
f 4480/779/965 4479/780/966 4498/739/967
s 1
f 4498/739/912 4479/780/652 4497/781/655
f 4498/739/912 4497/781/655 4478/738/911
f 4418/782/968 4478/738/911 4497/781/655
f 4418/782/968 4497/781/655 4448/783/707
f 4448/783/707 4420/784/659 4418/782/968
f 4420/785/659 4211/786/662 4373/787/969
s 0
f 4418/782/970 4420/784/971 4373/787/972
s 1
f 4211/786/662 3937/788/668 3997/789/973
f 4211/786/662 3997/789/973 4373/787/969
f 3997/789/973 3937/788/668 3771/697/666
f 3997/789/973 3771/697/666 3903/700/856
f 3997/789/973 3903/700/856 3966/790/974
f 3966/790/974 4129/734/903 3997/789/973
f 4129/734/903 3966/790/974 4048/735/902
f 4048/735/902 3966/790/974 3816/791/975
s 0
f 4048/735/976 3816/791/977 3904/792/978
s 1
f 4182/733/898 4048/735/902 3979/720/880
f 4048/735/902 3904/792/979 3979/720/880
f 3786/718/878 3979/720/880 3904/792/979
f 3574/793/980 3786/718/878 3904/792/979
f 3574/793/980 3904/792/979 3490/794/981
f 3574/793/980 3490/794/981 3335/795/982
f 3721/796/983 3904/792/979 3816/791/975
f 3904/792/979 3721/796/983 3490/794/981
f 3721/796/983 3816/791/975 3966/790/974
f 3721/796/983 3316/703/859 3490/794/981
f 3316/703/859 3721/796/983 3440/797/984
s 0
f 3167/707/985 3316/703/986 2974/702/987
f 3490/794/988 3316/703/989 3335/795/990
f 3335/795/991 3316/703/992 3167/707/993
s 1
f 2290/709/863 60/710/543 205/716/876
f 194/689/544 205/716/876 60/710/543
f 394/715/875 194/689/544 516/639/805
f 1062/713/869 667/637/804 784/636/870
f 4356/778/963 4294/798/605 4380/775/650
f 4091/772/606 4294/798/605 4356/778/963
f 4091/772/606 4356/778/963 4164/768/952
f 4357/774/955 4356/778/963 4401/777/962
f 4164/768/952 4356/778/963 4357/774/955
f 4357/774/955 4401/777/962 4402/744/958
f 4401/777/962 4463/776/651 4430/742/994
f 4430/742/994 4463/776/651 4480/779/964
s 0
f 4401/777/995 4430/742/996 4402/744/997
f 4430/742/998 4480/779/999 4454/743/1000
s 1
f 4454/743/1001 4480/779/1002 4482/741/914
f 4498/739/912 4482/741/914 4480/779/1002
f 4481/737/910 4498/739/912 4478/738/911
f 4478/738/911 4418/782/968 4455/731/894
f 4455/731/894 4418/782/968 4416/732/1003
f 4416/732/1003 4418/782/968 4407/736/1004
f 4418/782/968 4373/787/969 4407/736/1004
f 4407/736/1004 4373/787/969 3997/789/973
f 4407/736/1004 3997/789/973 4129/734/903
f 2138/582/739 2101/581/449 2053/584/743
f 2148/616/439 2138/582/739 2151/618/784
f 2136/619/448 2151/618/784 2138/582/739
f 2115/622/785 2136/619/448 2161/624/787
f 2136/619/448 2138/582/739 2158/799/1005
f 2136/619/448 2158/799/1005 2161/624/787
f 2161/624/787 2158/799/1005 2203/800/1006
f 2161/624/787 2203/800/1006 2108/649/818
f 2108/649/818 2203/800/1006 2127/801/1007
f 2108/649/818 2127/801/1007 2087/650/819
f 2127/801/1007 2203/800/1006 2218/802/1008
f 2127/801/1007 2218/802/1008 2204/658/827
f 2127/801/1007 2204/658/827 2131/803/1009
f 2213/654/823 2204/658/827 2218/802/1008
f 2213/654/823 2218/802/1008 2215/655/824
f 2215/655/824 2194/804/1010 2173/659/828
f 2173/659/828 2194/804/1010 2144/660/829
f 2131/803/1009 2204/658/827 2162/657/826
f 2131/803/1009 2029/805/1011 2127/801/1007
f 2087/650/819 2127/801/1007 2029/805/1011
f 2029/805/1011 1949/806/1012 2087/650/819
s 0
f 1949/806/1013 1899/651/1014 2087/650/1015
s 1
f 3316/703/859 3269/701/857 3073/693/676
f 3269/701/857 3316/703/859 3440/797/984
f 3269/701/857 3440/797/984 3685/699/855
f 3440/797/984 3721/796/983 3966/790/974
f 3966/790/974 3903/700/856 3440/797/984
f 3440/797/984 3903/700/856 3685/699/855
f 2053/584/743 2079/586/745 2119/807/1016
f 2079/586/745 1772/587/746 1859/608/774
f 2079/586/745 2072/609/775 2119/807/1016
f 2072/609/775 2144/660/829 2119/807/1016
f 2144/660/829 2194/804/1010 2119/807/1016
f 2119/807/1016 2194/804/1010 2053/584/743
f 2053/584/743 2194/804/1010 2158/799/1005
f 2053/584/743 2158/799/1005 2138/582/739
f 2158/799/1005 2194/804/1010 2209/808/1017
f 2158/799/1005 2209/808/1017 2203/800/1006
f 2203/800/1006 2209/808/1017 2218/802/1008
f 2209/808/1017 2194/804/1010 2215/655/824
f 2218/802/1008 2209/808/1017 2215/655/824
s 0
f 4450/809/1018 4454/743/1019 4482/741/1020
s 1
f 2162/657/826 2132/810/1021 2131/803/1009
f 2029/805/1011 2131/803/1009 2132/810/1021
f 2070/811/1022 1949/806/1012 2029/805/1011
f 2213/812/823 2197/813/822 2198/814/1023
f 2213/812/823 2198/814/1023 2183/815/825
f 1863/816/777 1981/817/778 1859/818/774
f 1863/816/777 1639/819/771 1786/820/1024
f 1786/820/1024 1639/819/771 1571/821/776
f 2147/822/830 2175/823/1025 2173/824/828
f 2175/823/1025 2197/813/822 2173/824/828
f 1863/816/777 1865/825/1026 1981/817/778
f 1865/825/1026 1863/816/777 1786/820/1024
f 2084/826/1027 2147/822/830 2076/827/779
f 2084/826/1027 2076/827/779 1981/817/778
f 1783/828/1028 1865/825/1026 1786/820/1024
f 1783/828/1028 1786/820/1024 1486/829/1029
f 1786/820/1024 1571/821/776 1486/829/1029
f 1356/830/780 1486/829/1029 1571/821/776
f 680/831/783 922/832/1030 842/833/761
f 2328/834/1031 62/835/1032 2293/836/852
s 0
f 2293/836/1033 2445/837/1034 2328/834/1035
s 1
f 345/838/1036 209/839/851 195/840/1037
f 195/840/1037 209/839/851 62/835/1032
f 842/833/761 922/832/1030 1080/841/781
s 0
f 431/842/1038 680/831/1039 352/843/1040
s 1
f 1361/844/770 1356/830/780 1571/821/776
f 2198/814/1023 2185/845/1041 2183/815/825
f 2183/815/825 2185/845/1041 2162/846/826
f 2070/847/1022 2029/848/1011 2105/849/1042
f 2105/849/1042 2029/848/1011 2132/850/1021
s 0
f 1899/851/1043 1949/852/1044 1950/853/1045
s 1
f 1235/854/868 1452/855/813 1324/856/1046
f 1949/852/1012 2070/847/1022 1950/853/1047
f 1899/851/820 1950/853/1047 1832/857/1048
f 1899/851/820 1832/857/1048 1612/858/821
f 1324/856/1046 1452/855/813 1533/859/871
f 905/860/1049 677/861/1050 667/862/804
f 667/862/804 677/861/1050 506/863/864
f 1062/864/869 905/860/1049 667/862/804
f 2541/865/861 2290/866/863 2429/867/1051
f 2541/865/861 2429/867/1051 2516/868/1052
f 2541/865/861 2516/868/1052 2661/869/860
f 2661/869/860 2516/868/1052 2838/870/877
f 3167/871/862 2978/872/1053 3335/873/982
f 2978/872/1053 3167/871/862 2838/870/877
f 2429/867/1051 2290/866/863 2291/874/1054
f 2291/874/1054 2290/866/863 205/875/876
f 2291/874/1054 205/875/876 68/876/1055
s 0
f 905/860/1056 1062/864/1057 1056/877/1058
s 1
f 1056/877/1059 1062/864/869 1235/854/868
s 0
f 677/861/1060 494/878/1061 506/863/1062
f 506/863/1063 494/878/1064 394/879/1065
s 1
f 1226/880/1066 1324/856/1046 1533/859/871
f 1533/859/871 1612/858/821 1752/881/1067
f 1832/857/1048 1752/881/1067 1612/858/821
f 1235/854/868 1324/856/1046 1226/880/1066
f 1056/877/1059 1235/854/868 1226/880/1066
f 209/839/851 76/882/838 62/835/1032
f 62/835/1032 76/882/838 2293/836/852
f 345/838/1036 431/842/1068 352/843/850
f 345/838/1036 352/843/850 209/839/851
f 3202/883/933 3027/884/931 3203/885/848
f 4402/886/917 4454/887/916 4415/888/1069
f 4454/887/916 4450/889/1070 4415/888/1069
f 4320/890/1071 4323/891/919 4402/886/917
f 4402/886/917 4415/888/1069 4388/892/1072
f 4402/886/917 4388/892/1072 4320/890/1071
f 4323/891/919 4320/890/1071 4220/893/1073
f 4224/894/920 4323/891/919 4220/893/1073
f 3928/895/925 4078/896/924 3831/897/1074
f 2747/898/929 2878/899/930 2740/900/1075
f 3619/901/1076 3612/902/932 3729/903/927
s 0
f 3729/903/1077 3928/895/1078 3831/897/1079
f 2445/837/1080 2747/898/1081 2740/900/1082
s 1
f 3041/904/1083 3027/884/931 3202/883/933
f 2880/905/1084 2878/899/930 3027/884/931
f 2878/899/930 2880/905/1084 2740/900/1075
f 4077/906/1085 3831/897/1074 4078/896/924
f 4077/906/1085 4078/896/924 4224/894/920
f 4077/906/1085 4224/894/920 4220/893/1073
f 4473/907/1086 4485/908/1087 4460/909/890
f 4485/908/1087 4459/910/1088 4482/911/914
s 0
f 4482/911/1089 4459/910/1090 4450/889/1091
s 1
f 4485/908/1087 4482/911/914 4494/912/913
f 4485/908/1087 4494/912/913 4470/913/891
f 4460/909/890 4485/908/1087 4470/913/891
f 4103/914/881 4251/915/889 4253/916/892
f 3574/917/980 3447/918/1092 3688/919/1093
f 3786/920/878 3574/917/980 3688/919/1093
f 3786/920/878 3964/921/1094 4097/922/1095
f 3786/920/878 4097/922/1095 4046/923/879
f 4422/924/1096 4445/925/885 4378/926/887
f 4451/927/1097 4473/907/1086 4460/909/890
f 4451/927/1097 4460/909/890 4445/925/885
f 4451/927/1097 4445/925/885 4422/924/1096
f 4097/922/1095 4162/928/1098 4103/914/881
f 3786/920/878 3688/919/1093 3964/921/1094
s 0
f 3964/921/1099 3688/919/1100 3879/929/1101
s 1
f 3879/929/1102 3956/930/1103 3964/921/1094
f 3964/921/1094 3956/930/1103 4097/922/1095
f 4097/922/1095 3956/930/1103 4100/931/1104
f 4162/928/1098 4097/922/1095 4100/931/1104
f 4242/932/1105 4358/933/1106 4162/928/1098
f 4441/934/1107 4450/889/1070 4459/910/1088
f 4476/935/1108 4459/910/1088 4485/908/1087
f 4476/935/1108 4485/908/1087 4473/907/1086
f 3574/936/980 3335/873/982 3447/937/1092
f 3447/937/1092 3335/873/982 3317/938/1109
f 3335/873/982 2978/872/1053 3317/938/1109
f 2703/939/1110 2976/940/1111 2838/870/877
f 2703/939/1110 2838/870/877 2516/868/1052
f 2703/939/1110 2516/868/1052 2521/941/1112
f 2609/942/1113 2521/941/1112 2429/867/1051
f 2703/939/1110 2521/941/1112 2609/942/1113
f 2609/942/1113 2429/867/1051 2291/874/1054
f 494/878/1114 677/861/1050 671/943/1115
f 671/943/1115 677/861/1050 905/860/1049
f 1937/944/1116 2070/847/1022 2069/945/1117
f 2069/945/1117 2070/847/1022 2105/849/1042
f 1937/944/1116 1832/857/1048 1950/853/1047
f 1937/944/1116 1950/853/1047 2070/847/1022
f 2191/946/1118 2175/823/1025 2192/947/1119
f 2192/947/1119 2175/823/1025 2177/948/1120
f 2177/948/1120 2175/823/1025 2147/822/830
f 2191/946/1118 2192/947/1119 2202/949/1121
f 4103/914/881 4046/923/879 4097/922/1095
f 2197/813/822 2191/946/1118 2198/814/1023
f 2167/950/1122 2132/850/1021 2162/846/826
f 2185/845/1041 2167/950/1122 2162/846/826
f 2175/823/1025 2191/946/1118 2197/813/822
f 2521/941/1112 2516/868/1052 2429/867/1051
f 380/951/1123 68/876/1055 205/875/876
f 394/879/875 380/951/1123 205/875/876
f 380/951/1123 394/879/875 494/878/1114
s 0
f 2976/940/1124 2978/872/1125 2838/870/1126
s 1
f 2978/872/1053 3148/952/1127 3317/938/1109
f 3148/952/1127 2978/872/1053 2976/940/1128
f 4162/928/1098 4251/915/889 4103/914/881
f 4378/926/887 4251/915/889 4358/933/1106
f 4378/926/887 4358/933/1106 4422/924/1096
f 4251/915/889 4162/928/1098 4358/933/1106
s 0
f 2328/834/1129 2445/837/1130 2456/953/1131
f 2456/953/1132 2445/837/1133 2740/900/1134
s 1
f 2880/905/1084 3027/884/931 3041/904/1083
s 0
f 3831/897/1135 3749/954/1136 3729/903/1137
s 1
f 3729/903/927 3749/954/1138 3619/901/1076
f 3391/955/1139 3612/902/932 3619/901/1076
s 0
f 3612/902/1140 3391/955/1141 3202/883/1142
s 1
f 3041/904/1083 3202/883/933 3199/956/1143
f 3199/956/1143 3202/883/933 3391/955/1144
f 1533/859/871 1752/881/1067 1537/957/1145
f 1533/859/871 1537/957/1145 1226/880/1066
f 2198/814/1023 2191/946/1118 2202/949/1121
f 195/840/1037 62/835/1032 57/958/1146
f 57/958/1146 62/835/1032 2328/834/1031
f 1870/959/1147 1865/960/1026 1783/961/1028
f 1981/962/778 1865/960/1026 1917/963/1148
f 1981/962/778 1917/963/1148 2084/964/1027
f 1917/963/1148 1865/960/1026 1870/959/1147
f 1485/965/1149 1783/961/1028 1486/966/1029
f 1486/966/1029 1356/967/780 1256/968/1150
f 1486/966/1029 1256/968/1150 1485/965/1149
f 1256/968/1150 1356/967/780 1079/969/1151
f 1485/965/1149 1483/970/1152 1783/961/1028
f 1783/961/1028 1717/971/1153 1870/959/1147
f 2084/964/1027 2146/972/1154 2147/973/830
f 2147/973/830 2146/972/1154 2177/974/1120
f 2185/975/1041 2198/976/1023 2165/977/1155
f 2167/978/1122 2185/975/1041 2165/977/1155
f 2165/977/1155 2132/979/1021 2167/978/1122
f 2132/979/1021 2165/977/1155 2128/980/1156
f 2132/979/1021 2128/980/1156 2105/981/1042
f 2128/980/1156 2069/982/1117 2105/981/1042
f 1537/983/1145 1752/984/1067 1742/985/1157
f 1226/986/1066 1537/983/1145 1318/987/1158
f 1226/986/1066 1318/987/1158 1056/988/1059
f 1056/988/1059 892/989/1159 905/990/1049
f 905/990/1049 892/989/1159 671/991/1115
f 380/992/1123 72/993/1160 68/994/1055
f 72/993/1160 2291/995/1054 68/994/1055
f 72/993/1160 2294/996/1161 2291/995/1054
f 2294/996/1161 2609/997/1113 2291/995/1054
f 2609/997/1113 2294/996/1161 2435/998/1162
f 2609/997/1113 2435/998/1162 2502/999/1163
s 0
f 2976/1000/1164 2703/1001/1165 2702/1002/1166
s 1
f 2502/999/1163 2702/1002/1167 2703/1001/1110
f 2976/1000/1128 2972/1003/1168 3148/1004/1127
f 3319/1005/1169 3148/1004/1127 2972/1003/1168
f 2976/1000/1128 2702/1002/1167 2972/1003/1168
f 211/1006/1170 377/1007/1171 505/1008/1172
f 2435/998/1162 2513/1009/1173 2502/999/1163
f 2513/1009/1173 2708/1010/1174 2702/1002/1167
f 2513/1009/1173 2702/1002/1167 2502/999/1163
f 2702/1002/1167 2708/1010/1174 2988/1011/1175
f 2972/1003/1168 2702/1002/1167 2988/1011/1175
f 3711/1012/1176 3571/1013/1177 3352/1014/1178
f 3352/1014/1178 3571/1013/1177 3319/1005/1169
f 3571/1013/1177 3711/1012/1176 3963/1015/1179
f 3963/1015/1179 3711/1012/1176 4106/1016/1180
f 3688/1017/1181 3571/1013/1177 3963/1015/1179
f 3963/1015/1179 3879/1018/1102 3688/1017/1181
s 0
f 3571/1013/1182 3688/1017/1183 3317/1019/1184
s 1
f 3571/1013/1177 3317/1019/1109 3319/1005/1169
f 3319/1005/1169 3317/1019/1109 3148/1004/1127
f 2609/997/1113 2502/999/1163 2703/1001/1110
f 3447/1020/1092 3317/1019/1109 3688/1017/1093
f 4162/1021/1098 4100/1022/1104 4242/1023/1105
f 4424/1024/1185 4422/1025/1096 4368/1026/1186
f 4368/1026/1186 4422/1025/1096 4358/1027/1106
f 4450/1028/1070 4441/1029/1107 4415/1030/1069
f 3831/1031/1074 4077/1032/1085 4082/1033/1187
f 4077/1032/1085 4219/1034/1188 4082/1033/1187
f 3831/1031/1074 4082/1033/1187 3932/1035/1189
f 4219/1034/1188 4077/1032/1085 4220/1036/1073
f 4270/1037/1190 4219/1034/1188 4320/1038/1071
f 4219/1034/1188 4220/1036/1073 4320/1038/1071
f 4320/1038/1071 4388/1039/1072 4270/1037/1190
f 4100/1022/1104 4168/1040/1191 4242/1023/1105
f 3956/1041/1103 3879/1018/1102 3963/1015/1179
f 3956/1041/1103 3963/1015/1179 4040/1042/1192
f 3956/1041/1103 4040/1042/1192 4100/1022/1104
f 4358/1027/1106 4242/1023/1105 4368/1026/1186
f 4368/1026/1186 4242/1023/1105 4168/1040/1191
f 4451/1043/1097 4422/1025/1096 4424/1024/1185
f 4168/1040/1191 4100/1022/1104 4040/1042/1192
f 4360/1044/1193 4368/1026/1186 4168/1040/1191
f 4360/1044/1193 4168/1040/1191 4247/1045/1194
f 4247/1045/1194 4168/1040/1191 4040/1042/1192
f 4360/1044/1193 4405/1046/1195 4368/1026/1186
s 0
f 4424/1024/1196 4368/1026/1197 4435/1047/1198
f 4368/1026/1199 4405/1046/1200 4435/1047/1201
s 1
f 4424/1024/1185 4435/1047/1202 4451/1043/1097
f 4451/1043/1097 4435/1047/1202 4449/1048/1203
f 4473/1049/1086 4451/1043/1097 4449/1048/1203
f 4415/1030/1069 4441/1029/1107 4421/1050/1204
f 4388/1039/1072 4415/1030/1069 4421/1050/1204
f 3391/1051/1139 3619/1052/1076 3749/1053/1138
f 3199/1054/1143 3030/1055/1205 3041/1056/1083
f 3030/1055/1205 2880/1057/1084 3041/1056/1083
f 2456/1058/1206 2740/1059/1075 2744/1060/1207
f 195/1061/1037 338/1062/1208 345/1063/1036
f 3932/1035/1189 3749/1053/1138 3831/1031/1074
f 681/1064/1209 922/1065/1030 680/1066/783
f 681/1064/1209 680/1066/783 431/1067/1068
f 681/1064/1209 826/1068/1210 922/1065/1030
f 345/1063/1036 338/1062/1208 431/1069/1068
f 1356/1070/780 1080/1071/781 1079/1072/1151
f 1079/1072/1151 1080/1071/781 922/1065/1030
f 922/1065/1030 826/1068/1210 1079/1072/1151
f 431/1067/1068 338/1062/1208 681/1064/1209
f 1256/1073/1150 1079/1072/1151 826/1068/1210
f 501/1074/1211 681/1064/1209 338/1062/1208
f 1256/1073/1150 826/1068/1210 1253/1075/1212
f 1253/1075/1212 826/1068/1210 903/1076/1213
f 501/1074/1211 338/1062/1208 183/1077/1214
f 183/1077/1214 338/1062/1208 195/1061/1037
f 57/1078/1146 183/1077/1214 195/1061/1037
f 57/1078/1146 2328/1079/1031 2335/1080/1215
f 183/1077/1214 57/1078/1146 2335/1080/1215
f 2462/1081/1216 2335/1080/1215 2456/1058/1206
f 2744/1060/1207 2462/1081/1216 2456/1058/1206
f 3391/1051/1144 3392/1082/1217 3215/1083/1218
f 3215/1083/1218 3030/1055/1205 3199/1054/1143
f 3215/1083/1218 3199/1054/1143 3391/1051/1144
f 3834/1084/1219 3391/1051/1139 3749/1053/1138
f 3834/1084/1219 3749/1053/1138 3932/1035/1189
s 0
f 3391/1051/1220 3834/1084/1221 3392/1082/1222
s 1
f 4441/1029/1107 4443/1085/1223 4421/1050/1204
f 4441/1029/1107 4459/1086/1088 4468/1087/1224
f 4468/1087/1224 4459/1086/1088 4476/1088/1108
f 4473/1049/1086 4449/1048/1203 4483/1089/1225
f 4473/1049/1086 4483/1089/1225 4476/1088/1108
f 4391/1090/1226 4331/1091/1227 4388/1039/1072
f 4391/1090/1226 4388/1039/1072 4421/1050/1204
f 4443/1085/1223 4441/1029/1107 4468/1087/1224
f 4388/1039/1072 4331/1091/1227 4270/1037/1190
f 4219/1034/1188 4270/1037/1190 4331/1091/1227
f 3839/1092/1228 3834/1084/1219 3932/1035/1189
f 380/992/1123 494/1093/1114 671/991/1115
f 1742/985/1157 1752/984/1067 1832/1094/1048
s 0
f 1832/1094/1229 1937/1095/1230 1830/1096/1231
s 1
f 1742/985/1157 1832/1094/1048 1830/1096/1232
f 1318/987/1158 789/1097/1233 1056/988/1059
f 2104/1098/1234 2146/972/1154 2084/964/1027
f 2084/964/1027 1917/963/1148 2104/1098/1234
f 2146/972/1154 2104/1098/1234 2143/1099/1235
f 2146/972/1154 2143/1099/1235 2177/974/1120
f 2177/974/1120 2143/1099/1235 2172/1100/1236
f 2177/974/1120 2172/1100/1236 2192/1101/1119
f 2198/976/1023 2202/1102/1121 2200/1103/1237
f 2165/977/1155 2198/976/1023 2181/1104/1238
f 2181/1104/1238 2198/976/1023 2200/1103/1237
f 2165/977/1155 2181/1104/1238 2163/1105/1239
f 2165/977/1155 2163/1105/1239 2126/1106/1240
f 2128/980/1156 2165/977/1155 2126/1106/1240
f 2128/980/1156 2126/1106/1240 2100/1107/1241
f 2172/1100/1236 2200/1103/1237 2202/1102/1121
f 2202/1102/1121 2192/1101/1119 2172/1100/1236
f 2114/1108/1242 2104/1098/1234 2075/1109/1243
f 2075/1109/1243 1917/963/1148 1870/959/1147
f 1483/970/1152 1717/971/1153 1783/961/1028
f 1917/963/1148 2075/1109/1243 2104/1098/1234
f 2104/1098/1234 2114/1108/1242 2143/1099/1235
f 892/989/1159 1056/988/1059 789/1097/1233
f 671/991/1115 892/989/1159 664/1110/1244
f 380/992/1123 671/991/1115 377/1007/1171
f 72/993/1160 380/992/1123 377/1007/1171
f 664/1110/1244 892/989/1159 789/1097/1233
f 377/1007/1171 671/991/1115 505/1008/1172
f 505/1008/1172 671/991/1115 664/1110/1244
f 1213/1111/1245 1318/987/1158 1537/983/1145
f 1213/1111/1245 1537/983/1145 1445/1112/1246
f 1938/1113/1247 1742/985/1157 1830/1096/1232
f 1742/985/1157 1938/1113/1247 1734/1114/1248
f 1937/1095/1116 2069/982/1117 2065/1115/1249
s 0
f 2069/982/1250 2128/980/1251 2100/1107/1252
f 1937/1095/1253 1938/1113/1254 1830/1096/1255
s 1
f 1742/985/1157 1445/1112/1246 1537/983/1145
f 1318/987/1158 1213/1111/1245 789/1097/1233
f 2744/1060/1207 2740/1059/1075 2880/1057/1084
f 2328/1079/1031 2456/1058/1206 2335/1080/1215
f 2744/1060/1207 2880/1057/1084 2885/1116/1256
s 0
f 2880/1057/1257 3030/1055/1258 2885/1116/1259
s 1
f 4246/1117/1260 4360/1044/1193 4247/1045/1194
f 4106/1016/1180 4246/1117/1260 4040/1042/1192
f 4040/1042/1192 4246/1117/1260 4247/1045/1194
f 3963/1015/1179 4106/1016/1180 4040/1042/1192
f 2069/982/1117 2100/1107/1241 2065/1115/1249
f 1938/1113/1261 1937/1095/1116 2065/1115/1249
f 1742/985/1157 1734/1114/1248 1445/1112/1246
f 664/1110/1244 789/1097/1233 794/1118/1262
f 67/1119/1263 377/1007/1171 211/1120/1170
f 377/1007/1171 67/1119/1263 72/993/1160
f 72/993/1160 67/1119/1263 2294/996/1161
s 0
f 2988/1011/1264 3352/1014/1265 3319/1005/1266
s 1
f 2988/1011/1175 3319/1005/1169 2972/1003/1168
f 1256/968/1150 1253/1121/1212 1485/965/1149
f 1483/970/1152 1485/965/1149 1253/1121/1212
f 903/1122/1213 826/1123/1210 681/1124/1209
f 681/1124/1209 665/1125/1267 903/1122/1213
f 1864/1126/1268 1717/1127/1153 1871/1128/1269
f 1564/1129/1270 1717/1127/1153 1483/1130/1152
f 1864/1126/1268 1871/1128/1269 2075/1131/1243
f 1785/1132/1271 1717/1127/1153 1564/1129/1270
f 1717/1127/1153 1785/1132/1271 1871/1128/1269
f 1360/1133/1272 1564/1129/1270 1483/1130/1152
f 2178/1134/1273 2208/1135/1274 2172/1136/1236
f 2190/1137/1275 2163/1138/1239 2181/1139/1238
s 0
f 2190/1137/1276 2181/1139/1277 2201/1140/1278
s 1
f 2129/1141/1279 2163/1138/1239 2137/1142/1280
f 2129/1141/1279 2137/1142/1280 2120/1143/1281
f 2074/1144/1282 2129/1141/1279 2120/1143/1281
f 1957/1145/1283 1890/1146/1284 1748/1147/1285
f 2207/1148/1286 2216/1149/1287 2208/1135/1274
f 2207/1148/1286 2208/1135/1274 2178/1134/1273
f 2208/1135/1274 2216/1149/1287 2201/1140/1288
f 2201/1140/1288 2216/1149/1287 2190/1137/1275
f 2088/1150/1289 2093/1151/1290 1987/1152/1291
f 2093/1151/1290 2088/1150/1289 2152/1153/1292
f 2178/1134/1273 2152/1153/1292 2159/1154/1293
f 2159/1154/1293 2152/1153/1292 2088/1150/1289
f 2088/1150/1289 2082/1155/1294 2159/1154/1293
f 2082/1155/1294 2088/1150/1289 1987/1152/1291
f 1785/1132/1271 1916/1156/1295 1871/1128/1269
f 196/1157/1296 434/1158/1297 522/1159/1298
f 2462/1160/1216 2311/1161/1299 2335/1162/1215
f 2335/1162/1215 2311/1161/1299 40/1163/1300
f 930/1164/1301 676/1165/1302 1057/1166/1303
f 676/1165/1302 930/1164/1301 665/1125/1267
f 676/1165/1302 665/1125/1267 434/1158/1297
f 930/1164/1301 1057/1166/1303 1075/1167/1304
f 1075/1167/1304 1057/1166/1303 1261/1168/1305
f 665/1125/1267 522/1159/1298 434/1158/1297
f 196/1157/1296 522/1159/1298 183/1169/1214
f 196/1157/1296 183/1169/1214 40/1163/1300
f 40/1163/1300 183/1169/1214 2335/1162/1215
f 903/1122/1213 665/1125/1267 930/1164/1301
f 903/1122/1213 930/1164/1301 1075/1167/1304
f 2093/1151/1290 1871/1128/1269 1987/1152/1291
s 0
f 1987/1152/1306 1871/1128/1307 1916/1156/1308
s 1
f 1075/1167/1304 1261/1168/1305 1360/1133/1272
f 1572/1170/1309 1360/1133/1272 1261/1168/1305
f 1360/1133/1272 1572/1170/1309 1564/1129/1270
f 1785/1132/1271 1564/1129/1270 1646/1171/1310
f 1564/1129/1270 1572/1170/1309 1646/1171/1310
f 2172/1136/1236 2143/1172/1235 2152/1153/1292
f 2152/1153/1292 2143/1172/1235 2114/1173/1242
f 2093/1151/1290 2152/1153/1292 2114/1173/1242
f 2075/1131/1243 1871/1128/1269 2093/1151/1290
f 2093/1151/1290 2114/1173/1242 2075/1131/1243
s 0
f 1734/1174/1311 1530/1175/1312 1445/1176/1313
s 1
f 1734/1174/1248 1938/1177/1247 1883/1178/1314
s 0
f 2065/1179/1315 1948/1180/1316 1938/1177/1317
s 1
f 2065/1179/1249 2100/1181/1241 1948/1180/1318
f 1938/1177/1247 1948/1180/1318 1883/1178/1314
f 2181/1139/1238 2200/1182/1237 2201/1140/1288
f 2201/1140/1288 2200/1182/1237 2208/1135/1274
f 2208/1135/1274 2200/1182/1237 2172/1136/1236
f 2178/1134/1273 2172/1136/1236 2152/1153/1292
f 2126/1183/1240 2163/1138/1239 2129/1141/1279
f 2126/1183/1240 2129/1141/1279 2100/1181/1241
f 1948/1180/1318 2100/1181/1241 2074/1144/1282
f 1948/1180/1318 2074/1144/1282 1957/1145/1283
f 1948/1180/1318 1957/1145/1283 1883/1178/1314
f 1883/1178/1314 1737/1184/1319 1734/1174/1248
f 1734/1174/1248 1737/1184/1319 1530/1175/1320
f 1217/1185/1321 1530/1175/1320 1609/1186/1322
f 1737/1184/1319 1883/1178/1314 1748/1147/1285
f 1957/1145/1283 1748/1147/1285 1883/1178/1314
f 2074/1144/1282 2100/1181/1241 2129/1141/1279
f 1051/1187/1323 1232/1188/1324 1005/1189/1325
f 1051/1187/1323 1005/1189/1325 914/1190/1326
f 914/1190/1326 660/1191/1327 794/1192/1262
f 1051/1187/1323 914/1190/1326 794/1192/1262
s 0
f 1232/1188/1328 1051/1187/1329 1217/1185/1330
s 1
f 1232/1188/1324 1217/1185/1321 1609/1186/1322
f 505/1193/1172 660/1191/1327 538/1194/1331
f 505/1193/1172 538/1194/1331 368/1195/1332
f 505/1193/1172 368/1195/1332 211/1196/1170
f 1217/1185/1321 1213/1197/1245 1530/1175/1320
f 1530/1175/1320 1213/1197/1245 1445/1176/1246
f 1213/1197/1245 1217/1185/1321 1051/1187/1333
s 0
f 789/1198/1334 1213/1197/1335 1051/1187/1336
f 794/1192/1337 789/1198/1338 1051/1187/1339
s 1
f 794/1192/1262 660/1191/1327 664/1199/1244
f 660/1191/1327 505/1193/1172 664/1199/1244
f 211/1196/1170 368/1195/1332 67/1200/1263
f 2433/1201/1340 2704/1202/1341 2513/1203/1173
f 2513/1203/1173 2704/1202/1341 2708/1204/1174
s 0
f 2433/1201/1342 2513/1203/1343 2435/1205/1344
s 1
f 2433/1201/1340 2435/1205/1162 2298/1206/1345
f 2298/1206/1345 2435/1205/1162 2294/1207/1161
f 2294/1207/1161 67/1200/1263 2298/1206/1345
f 2075/1131/1243 1870/1208/1147 1864/1126/1268
f 1870/1208/1147 1717/1127/1153 1864/1126/1268
f 681/1124/1209 501/1209/1211 665/1125/1267
f 2885/1210/1256 2754/1211/1346 2744/1212/1207
f 2462/1160/1216 2744/1212/1207 2754/1211/1346
f 522/1159/1298 501/1209/1211 183/1169/1214
s 0
f 522/1159/1347 665/1125/1348 501/1209/1349
s 1
f 3030/1213/1205 3215/1214/1218 3206/1215/1350
f 3839/1216/1228 3932/1217/1189 4082/1218/1187
f 3996/1219/1351 4082/1218/1187 4219/1220/1188
f 3996/1219/1351 4219/1220/1188 4331/1221/1227
f 2988/1222/1175 2708/1223/1174 2704/1224/1341
f 2988/1222/1175 2704/1224/1341 3152/1225/1352
f 2704/1224/1341 2711/1226/1353 3152/1225/1352
s 0
f 3794/1227/1354 3700/1228/1355 3885/1229/1356
s 1
f 3969/1230/1357 3794/1227/1358 3885/1229/1359
f 4405/1231/1195 4408/1232/1360 4435/1233/1202
f 4408/1232/1360 4405/1231/1195 4376/1234/1361
s 0
f 4390/1235/1362 4321/1236/1363 4230/1237/1364
s 1
f 4230/1237/1365 4132/1238/1366 3996/1219/1351
f 3929/1239/1367 3743/1240/1368 3839/1216/1228
f 4132/1238/1366 3929/1239/1367 3839/1216/1228
f 3743/1240/1368 3615/1241/1369 3514/1242/1370
f 4132/1238/1366 3839/1216/1228 3996/1219/1351
f 4390/1235/1371 4230/1237/1365 4391/1243/1226
f 4390/1235/1371 4391/1243/1226 4421/1244/1204
f 4435/1233/1202 4408/1232/1360 4462/1245/1372
f 4462/1245/1372 4483/1246/1225 4449/1247/1203
f 4462/1245/1372 4449/1247/1203 4435/1233/1202
f 4483/1246/1225 4491/1248/1373 4476/1249/1108
f 4476/1249/1108 4491/1248/1373 4468/1250/1224
f 4331/1221/1227 4391/1243/1226 4230/1237/1365
f 4331/1221/1227 4230/1237/1365 3996/1219/1351
f 3996/1219/1351 3839/1216/1228 4082/1218/1187
f 3969/1230/1357 4106/1251/1180 3711/1252/1176
f 3711/1252/1176 3794/1227/1358 3969/1230/1357
f 4106/1251/1180 3969/1230/1357 4038/1253/1374
s 0
f 4106/1251/1375 4038/1253/1376 4173/1254/1377
s 1
f 4106/1251/1180 4173/1254/1378 4246/1255/1260
f 4376/1234/1361 4405/1231/1195 4360/1256/1193
f 4376/1234/1361 4360/1256/1193 4246/1255/1260
f 4250/1257/1379 4376/1234/1361 4246/1255/1260
f 4250/1257/1379 4246/1255/1260 4173/1254/1378
f 3152/1225/1352 3459/1258/1380 3352/1259/1178
f 2988/1222/1175 3152/1225/1352 3352/1259/1178
f 3708/1260/1381 3352/1259/1178 3459/1258/1380
f 3708/1260/1381 3794/1227/1358 3711/1252/1176
f 3708/1260/1381 3711/1252/1176 3352/1259/1178
s 0
f 3030/1213/1382 3206/1215/1383 2885/1210/1384
f 3215/1214/1385 3514/1242/1386 3206/1215/1387
s 1
f 3839/1216/1228 3743/1240/1368 3834/1261/1219
f 3834/1261/1219 3743/1240/1368 3392/1262/1217
f 3392/1262/1217 3514/1242/1370 3215/1214/1218
f 1360/1133/1272 1483/1130/1152 1253/1263/1212
f 1360/1133/1272 1253/1263/1212 1075/1167/1304
f 1075/1167/1304 1253/1263/1212 903/1122/1213
f 2704/1202/1341 2433/1201/1340 2510/1264/1388
f 2298/1206/1345 67/1200/1263 103/1265/1389
f 103/1265/1389 67/1200/1263 368/1195/1332
f 1530/1175/1320 1737/1184/1319 1609/1186/1322
f 1609/1186/1322 1737/1184/1319 1748/1147/1285
f 3392/1262/1217 3743/1240/1368 3514/1242/1370
f 2462/1160/1216 2754/1211/1346 2588/1266/1390
s 0
f 2754/1211/1391 2743/1267/1392 2588/1266/1393
s 1
f 2743/1267/1394 2754/1211/1346 2885/1210/1256
f 2743/1267/1394 2885/1210/1256 2875/1268/1395
f 2875/1268/1395 2885/1210/1256 3206/1215/1396
f 3206/1215/1397 3514/1242/1370 3615/1269/1369
f 3700/1228/1398 3794/1227/1358 3708/1260/1381
f 3700/1228/1398 3708/1260/1381 3314/1270/1399
s 0
f 3314/1270/1400 3708/1260/1401 3459/1258/1402
s 1
f 3147/1271/1403 3314/1270/1399 3459/1258/1380
f 3147/1271/1403 3459/1258/1380 3152/1225/1352
s 0
f 2082/1272/1404 1987/1273/1405 1978/1274/1406
s 1
f 1978/1274/1407 1987/1273/1408 1916/1275/1409
f 1916/1275/1295 1785/1276/1271 1646/1277/1310
f 2082/1272/1294 2150/1278/1410 2159/1279/1293
f 2150/1278/1410 2186/1280/1411 2159/1279/1293
f 1463/1281/1412 1572/1282/1309 1261/1283/1305
f 926/1284/1413 1261/1283/1305 1057/1285/1303
f 926/1284/1413 1057/1285/1303 656/1286/1414
f 1261/1283/1305 926/1284/1413 1463/1281/1412
f 676/1287/1302 656/1286/1414 1057/1285/1303
f 427/1288/1415 676/1287/1302 434/1289/1297
f 2453/1290/1416 2311/1291/1299 2462/1292/1216
f 2453/1290/1416 2462/1292/1216 2588/1293/1390
f 4132/1294/1366 4230/1295/1365 4321/1296/1417
f 4452/1297/1418 4443/1298/1223 4468/1299/1224
f 4038/1300/1374 3969/1301/1357 3885/1302/1359
f 4462/1303/1372 4486/1304/1419 4483/1305/1225
f 4491/1306/1373 4483/1305/1225 4486/1304/1419
f 4491/1306/1373 4486/1304/1419 4490/1307/1420
f 4491/1306/1373 4490/1307/1420 4475/1308/1421
f 4491/1306/1373 4475/1308/1421 4468/1299/1224
f 4468/1299/1224 4475/1308/1421 4452/1297/1418
s 0
f 4462/1303/1422 4408/1309/1423 4432/1310/1424
s 1
f 4432/1310/1425 4486/1304/1419 4462/1303/1372
f 4392/1311/1426 4390/1312/1371 4419/1313/1427
f 4390/1312/1371 4392/1311/1426 4321/1296/1428
f 4132/1294/1366 4080/1314/1429 3931/1315/1430
f 4271/1316/1431 4132/1294/1366 4321/1296/1417
f 4132/1294/1366 4271/1316/1431 4133/1317/1432
f 4080/1314/1429 4132/1294/1366 4133/1317/1432
s 0
f 4271/1316/1433 4321/1296/1434 4392/1311/1435
s 1
f 4419/1313/1427 4452/1297/1418 4475/1308/1421
f 3829/1318/1436 3620/1319/1437 3618/1320/1438
f 3931/1315/1430 4080/1314/1429 3815/1321/1439
f 3931/1315/1430 3815/1321/1439 3829/1318/1436
f 3620/1319/1437 3176/1322/1440 3618/1320/1438
f 1245/1323/1441 1461/1324/1442 1463/1281/1412
f 1463/1281/1412 1461/1324/1442 1572/1282/1309
f 1572/1282/1309 1461/1324/1442 1443/1325/1443
f 1245/1323/1441 1463/1281/1412 926/1284/1413
f 1646/1277/1310 1572/1282/1309 1709/1326/1444
f 1646/1277/1310 1709/1326/1444 1916/1275/1295
f 1849/1327/1445 1916/1275/1295 1709/1326/1444
s 0
f 1978/1274/1446 1916/1275/1447 1849/1327/1448
s 1
f 2082/1272/1294 1978/1274/1449 1971/1328/1450
f 2091/1329/1451 2082/1272/1294 1971/1328/1450
f 2091/1329/1451 2150/1278/1410 2082/1272/1294
f 1971/1328/1450 1978/1274/1449 1849/1327/1445
f 1849/1327/1445 1824/1330/1452 1971/1328/1450
f 1443/1325/1443 1709/1326/1444 1572/1282/1309
f 2159/1279/1293 2186/1280/1411 2178/1331/1273
f 2186/1280/1411 2207/1332/1286 2178/1331/1273
f 2190/1333/1275 2137/1334/1280 2163/1335/1239
f 1890/1336/1284 1614/1337/1453 1748/1338/1285
f 1609/1339/1322 1748/1338/1285 1450/1340/1454
f 1450/1340/1454 1748/1338/1285 1614/1337/1453
f 2150/1278/1410 2170/1341/1455 2186/1280/1411
f 2186/1280/1411 2170/1341/1455 2207/1332/1286
f 2207/1332/1286 2212/1342/1456 2216/1343/1287
s 0
f 2207/1332/1457 2170/1341/1458 2211/1344/1459
s 1
f 2207/1332/1286 2211/1344/1460 2212/1342/1456
f 2190/1333/1275 2216/1343/1287 2212/1342/1456
f 2190/1333/1275 2212/1342/1456 2196/1345/1461
f 2190/1333/1275 2171/1346/1462 2137/1334/1280
f 1974/1347/1463 1890/1336/1284 1957/1348/1283
s 0
f 1974/1347/1464 1957/1348/1465 2074/1349/1466
s 1
f 2078/1350/1467 2074/1349/1282 2120/1351/1281
f 1974/1347/1463 2074/1349/1282 2078/1350/1467
f 2171/1346/1462 2120/1351/1281 2137/1334/1280
f 2171/1346/1462 2190/1333/1275 2196/1345/1461
f 1974/1347/1463 1694/1352/1468 1890/1336/1284
f 1974/1347/1463 1839/1353/1469 1694/1352/1468
f 1614/1337/1453 1890/1336/1284 1694/1352/1468
s 0
f 1450/1340/1470 1581/1354/1471 1248/1355/1472
s 1
f 1614/1337/1453 1694/1352/1468 1581/1354/1473
f 1614/1337/1453 1581/1354/1473 1450/1340/1454
f 1609/1339/1322 1450/1340/1454 1232/1356/1324
f 400/1357/1474 368/1358/1332 538/1359/1331
f 538/1359/1331 660/1360/1327 675/1361/1475
f 675/1361/1475 660/1360/1327 914/1362/1326
f 103/1363/1389 2275/1364/1476 2298/1365/1345
f 2433/1366/1340 2298/1365/1345 2275/1364/1476
f 3314/1367/1399 3147/1368/1403 3361/1369/1477
s 0
f 3361/1369/1478 3147/1368/1479 3161/1370/1480
s 1
f 3361/1369/1481 3161/1370/1482 3208/1371/1483
s 0
f 3361/1369/1484 3208/1371/1485 3368/1372/1486
s 1
f 2692/1373/1487 3208/1371/1483 2822/1374/1488
f 2692/1373/1487 2822/1374/1488 2507/1375/1489
f 2822/1374/1488 3208/1371/1483 2851/1376/1490
f 2507/1375/1489 2822/1374/1488 2550/1377/1491
f 2507/1375/1489 2550/1377/1491 2336/1378/1492
f 2336/1378/1492 2550/1377/1491 2305/1379/1493
f 2305/1379/1493 2354/1380/1494 277/1381/1495
f 2354/1380/1494 2305/1379/1493 2550/1377/1491
f 277/1381/1495 2354/1380/1494 134/1382/1496
f 2468/1383/1497 2354/1380/1494 2550/1377/1491
f 2354/1380/1494 2468/1383/1497 2266/1384/1498
f 134/1382/1496 2354/1380/1494 2266/1384/1498
f 134/1382/1496 2266/1384/1498 252/1385/1499
f 307/1386/1500 134/1382/1496 252/1385/1499
f 277/1381/1495 134/1382/1496 307/1386/1500
f 277/1381/1495 307/1386/1500 436/1387/1501
f 615/1388/1502 307/1386/1500 252/1385/1499
f 307/1386/1500 615/1388/1502 719/1389/1503
f 615/1388/1502 252/1385/1499 1078/1390/1504
f 1078/1390/1504 252/1385/1499 339/1391/1505
f 252/1385/1499 38/1392/1506 339/1391/1505
f 38/1392/1506 252/1385/1499 2266/1384/1498
f 2501/1393/1507 2266/1384/1498 2468/1383/1497
f 2266/1384/1498 2501/1393/1507 38/1392/1506
f 2468/1383/1497 2550/1377/1491 2822/1374/1488
f 2501/1393/1507 2468/1383/1497 2822/1374/1488
f 2822/1374/1488 2851/1376/1490 2501/1393/1507
f 2501/1393/1507 2635/1394/1508 38/1392/1506
f 2851/1376/1490 2635/1394/1508 2501/1393/1507
f 2635/1394/1508 2851/1376/1490 2756/1395/1509
f 2467/1396/1510 38/1392/1506 2635/1394/1508
s 0
f 2639/1397/1511 2467/1396/1512 2635/1394/1513
s 1
f 2467/1396/1514 2639/1397/1515 166/1398/1516
f 166/1398/1516 2639/1397/1515 17/1399/1517
f 17/1399/1517 2639/1397/1515 2350/1400/1518
s 0
f 2467/1396/1519 166/1398/1520 38/1392/1521
s 1
f 38/1392/1506 166/1398/1516 339/1391/1505
f 339/1391/1505 166/1398/1516 529/1401/1522
f 529/1401/1522 166/1398/1516 17/1399/1517
f 17/1399/1517 400/1357/1474 553/1402/1523
f 529/1401/1522 17/1399/1517 546/1403/1524
f 546/1403/1524 17/1399/1517 553/1402/1523
f 529/1401/1522 546/1403/1524 1106/1404/1525
f 546/1403/1524 553/1402/1523 914/1362/1326
f 914/1362/1326 1005/1405/1325 546/1403/1524
f 914/1362/1326 553/1402/1523 675/1361/1475
f 1005/1405/1325 1248/1355/1526 546/1403/1524
f 546/1403/1524 1248/1355/1526 1367/1406/1527
f 1450/1340/1454 1248/1355/1526 1232/1356/1324
f 1232/1356/1324 1248/1355/1526 1005/1405/1325
f 2704/1407/1341 2510/1408/1388 2711/1409/1353
f 2510/1408/1388 2433/1366/1340 2275/1364/1476
f 103/1363/1389 368/1358/1332 400/1357/1474
f 2711/1409/1353 2997/1410/1528 3147/1368/1403
f 2711/1409/1353 3147/1368/1403 3152/1411/1352
f 3314/1412/1399 3361/1413/1477 3700/1414/1398
f 3700/1414/1398 3800/1415/1529 3885/1302/1530
s 0
f 4038/1300/1531 3885/1302/1532 3972/1416/1533
s 1
f 3972/1416/1534 3885/1302/1530 3800/1415/1529
s 0
f 4173/1417/1535 4038/1300/1536 3972/1416/1537
s 1
f 4173/1417/1378 3972/1416/1538 4183/1418/1539
f 4173/1417/1378 4183/1418/1539 4250/1419/1379
f 4376/1420/1361 4250/1419/1379 4183/1418/1539
s 0
f 4183/1418/1540 3972/1416/1541 3977/1421/1542
s 1
f 4183/1418/1539 3977/1421/1543 4188/1422/1544
f 4183/1418/1539 4188/1422/1544 4376/1420/1361
f 4216/1423/1545 4188/1422/1544 3977/1421/1543
f 3892/1424/1546 3800/1415/1529 3790/1425/1547
f 3790/1425/1547 3800/1415/1529 3718/1426/1548
f 3441/1427/1549 3790/1425/1547 3368/1428/1550
f 3368/1428/1550 3790/1425/1547 3718/1426/1548
f 3800/1415/1529 3892/1424/1546 3977/1421/1543
f 3800/1415/1529 3977/1421/1543 3972/1416/1534
f 3368/1428/1550 3718/1426/1548 3361/1413/1477
f 3361/1413/1477 3718/1426/1548 3700/1414/1398
f 3700/1414/1398 3718/1426/1548 3800/1415/1529
f 3615/1429/1369 3196/1430/1551 3206/1431/1397
s 0
f 2875/1432/1552 3206/1431/1553 3196/1430/1554
s 1
f 2875/1432/1395 3196/1430/1555 3023/1433/1556
f 2743/1434/1394 2875/1432/1395 3023/1433/1556
f 427/1288/1415 434/1289/1297 188/1435/1557
f 656/1286/1414 676/1287/1302 427/1288/1415
f 656/1286/1414 427/1288/1415 658/1436/1558
f 47/1437/1559 2311/1291/1299 2441/1438/1560
f 2311/1291/1299 2453/1290/1416 2441/1438/1560
s 0
f 3618/1320/1561 3196/1430/1562 3615/1429/1563
s 1
f 3743/1439/1368 3618/1320/1564 3615/1429/1369
s 0
f 3931/1315/1565 3743/1439/1566 3929/1440/1567
s 1
f 3196/1430/1555 3618/1320/1438 3182/1441/1568
f 3023/1433/1556 2869/1442/1569 2743/1434/1394
f 2453/1290/1416 2588/1293/1390 2441/1438/1560
f 47/1437/1559 2441/1438/1560 99/1443/1570
f 47/1437/1559 99/1443/1570 188/1435/1557
f 188/1435/1557 99/1443/1570 250/1444/1571
f 250/1444/1571 326/1445/1572 188/1435/1557
f 188/1435/1557 326/1445/1572 427/1288/1415
f 427/1288/1415 326/1445/1572 658/1436/1558
f 658/1436/1558 829/1446/1573 656/1286/1414
f 926/1284/1413 656/1286/1414 829/1446/1573
f 926/1284/1413 829/1446/1573 1245/1323/1441
f 3929/1440/1367 4132/1294/1366 3931/1315/1430
s 0
f 3829/1318/1574 3618/1320/1575 3743/1439/1576
s 1
f 3743/1439/1577 3931/1315/1430 3829/1318/1436
f 2724/1447/1578 2441/1438/1560 2588/1293/1390
s 0
f 2724/1447/1579 2588/1293/1580 2743/1434/1581
s 1
f 2724/1447/1578 2743/1434/1394 2869/1442/1569
f 2869/1442/1569 3023/1433/1556 3182/1441/1568
f 3182/1441/1568 3023/1433/1556 3196/1430/1555
f 3176/1322/1440 3182/1441/1568 3618/1320/1438
f 4421/1448/1204 4443/1298/1223 4419/1313/1427
f 4421/1448/1204 4419/1313/1427 4390/1312/1371
f 4419/1313/1427 4443/1298/1223 4452/1297/1418
f 196/1449/1296 40/1450/1300 47/1437/1559
f 40/1450/1300 2311/1291/1299 47/1437/1559
f 196/1449/1296 47/1437/1559 188/1435/1557
f 196/1449/1296 188/1435/1557 434/1289/1297
f 4432/1310/1425 4408/1309/1360 4387/1451/1582
f 4387/1451/1582 4408/1309/1360 4376/1420/1361
f 538/1359/1331 675/1361/1475 553/1402/1523
f 400/1357/1474 538/1359/1331 553/1402/1523
f 400/1357/1474 17/1399/1517 2350/1400/1518
f 103/1363/1389 400/1357/1474 2350/1400/1518
f 2630/1452/1583 103/1363/1389 2350/1400/1518
f 2275/1364/1476 103/1363/1389 2630/1452/1583
f 2510/1408/1388 2275/1364/1476 2711/1409/1353
f 2630/1452/1583 2350/1400/1518 2762/1453/1584
f 2762/1453/1584 2350/1400/1518 2639/1397/1515
f 2275/1364/1476 2630/1452/1583 2997/1410/1528
f 2275/1364/1476 2997/1410/1528 2711/1409/1353
f 2630/1452/1583 2762/1453/1584 2997/1410/1528
f 2762/1453/1584 2639/1397/1515 2756/1395/1509
f 2756/1395/1509 2639/1397/1515 2635/1394/1508
f 2756/1395/1509 2997/1410/1528 2762/1453/1584
f 2997/1410/1528 2756/1395/1509 2851/1376/1490
f 2997/1410/1528 2851/1376/1490 3208/1371/1483
f 2997/1410/1528 3208/1371/1483 3161/1370/1482
f 3147/1368/1403 2997/1410/1528 3161/1370/1482
f 2120/1351/1281 2171/1346/1462 2160/1454/1585
f 2096/1455/1586 2078/1350/1467 2120/1351/1281
f 2096/1455/1586 2120/1351/1281 2141/1456/1587
f 2141/1456/1587 2120/1351/1281 2160/1454/1585
f 2078/1350/1467 2096/1455/1586 1844/1457/1588
f 1844/1457/1588 1974/1347/1463 2078/1350/1467
f 2141/1456/1587 2160/1454/1585 2221/1458/1589
f 2221/1458/1589 2160/1454/1585 2217/1459/1590
f 2096/1455/1586 2141/1456/1587 2001/1460/1591
f 2001/1460/1591 1529/1461/1592 2096/1455/1586
f 2096/1455/1586 1529/1461/1592 1844/1457/1588
f 1330/1462/1593 1529/1461/1592 1662/1463/1594
f 1839/1353/1469 1844/1457/1588 1529/1461/1592
f 1844/1457/1588 1839/1353/1469 1974/1347/1463
f 1581/1354/1473 1694/1352/1468 1328/1464/1595
f 1694/1352/1468 1839/1353/1469 1687/1465/1596
f 1687/1465/1596 1839/1353/1469 1529/1461/1592
f 1319/1466/1597 1687/1465/1596 1529/1461/1592
f 1694/1352/1468 1687/1465/1596 1328/1464/1595
f 1292/1467/1598 1687/1465/1596 1319/1466/1597
f 1328/1464/1595 1687/1465/1596 1292/1467/1598
f 1078/1390/1504 1292/1467/1598 1319/1466/1597
f 1319/1466/1597 1529/1461/1592 1330/1462/1593
f 1319/1466/1597 1330/1462/1593 1078/1390/1504
f 1078/1390/1504 1330/1462/1593 1286/1468/1599
f 1286/1468/1599 719/1469/1503 615/1388/1502
f 1286/1468/1599 615/1388/1502 1078/1390/1504
f 1078/1390/1504 339/1391/1505 1292/1467/1598
f 1292/1467/1598 339/1391/1505 648/1470/1600
f 1292/1467/1598 648/1470/1600 1328/1464/1595
f 1328/1464/1595 648/1470/1600 1367/1406/1527
f 1581/1354/1473 1328/1464/1595 1367/1406/1527
f 1581/1354/1473 1367/1406/1527 1248/1355/1526
f 546/1403/1524 1367/1406/1527 1106/1404/1525
f 1106/1404/1525 1367/1406/1527 648/1470/1600
f 529/1401/1522 1106/1404/1525 648/1470/1600
f 648/1470/1600 339/1391/1505 529/1401/1522
f 2170/1341/1455 2150/1278/1410 2142/1471/1601
f 2142/1471/1601 2150/1278/1410 2091/1329/1451
f 2170/1341/1455 2223/1472/1602 2211/1344/1460
f 2211/1344/1460 2217/1459/1590 2212/1342/1456
f 2217/1459/1590 2211/1344/1460 2223/1472/1602
s 0
f 2217/1459/1603 2160/1454/1604 2196/1345/1605
s 1
f 2217/1459/1590 2196/1345/1461 2212/1342/1456
f 2160/1454/1585 2171/1346/1462 2196/1345/1461
f 245/1473/1606 2305/1474/1493 277/1475/1495
f 2305/1474/1493 245/1473/1606 160/1476/1607
f 245/1473/1606 277/1477/1495 436/1478/1501
f 160/1476/1607 245/1473/1606 441/1479/1608
f 441/1479/1608 245/1473/1606 569/1480/1609
f 245/1473/1606 436/1478/1501 752/1481/1610
f 245/1473/1606 752/1481/1610 569/1480/1609
f 719/1482/1503 436/1478/1501 307/1483/1500
f 752/1481/1610 587/1484/1611 569/1480/1609
f 752/1481/1610 436/1478/1501 719/1482/1503
f 752/1481/1610 1099/1485/1612 587/1484/1611
f 587/1484/1611 1099/1485/1612 735/1486/1613
f 587/1484/1611 735/1486/1613 640/1487/1614
f 587/1484/1611 640/1487/1614 569/1480/1609
f 569/1480/1609 640/1487/1614 576/1488/1615
f 569/1480/1609 576/1488/1615 441/1479/1608
s 0
f 441/1479/1616 576/1488/1617 407/1489/1618
s 1
f 160/1476/1607 441/1479/1608 407/1489/1619
f 576/1488/1615 524/1490/1620 407/1489/1619
f 2305/1474/1493 160/1476/1607 22/1491/1621
f 2474/1492/1622 2336/1493/1492 2305/1474/1493
f 2507/1494/1489 2336/1493/1492 2553/1495/1623
s 0
f 22/1491/1624 2474/1492/1625 2305/1474/1626
s 1
f 22/1491/1621 160/1476/1607 407/1489/1619
f 407/1489/1619 524/1490/1620 453/1496/1627
f 22/1491/1621 407/1489/1619 2244/1497/1628
f 2474/1492/1629 22/1491/1630 2406/1498/1631
s 0
f 2336/1493/1632 2474/1492/1633 2553/1495/1634
s 1
f 2692/1499/1487 2553/1495/1623 2835/1500/1635
f 802/1501/1636 453/1496/1627 524/1490/1620
f 802/1501/1636 524/1490/1620 840/1502/1637
f 524/1490/1620 576/1488/1615 640/1487/1614
f 524/1490/1620 640/1487/1614 840/1502/1637
f 640/1487/1614 735/1486/1613 840/1502/1637
f 872/1503/1638 735/1486/1613 1099/1485/1612
f 840/1502/1637 735/1486/1613 1072/1504/1639
f 735/1486/1613 872/1503/1638 1156/1505/1640
f 735/1486/1613 1156/1505/1640 1072/1504/1639
f 1455/1506/1641 1072/1504/1639 1156/1505/1640
f 840/1502/1637 1072/1504/1639 802/1501/1636
f 802/1501/1636 1072/1504/1639 1137/1507/1642
f 802/1501/1636 705/1508/1643 453/1496/1627
f 407/1489/1619 453/1496/1627 201/1509/1644
f 407/1489/1619 201/1509/1644 2244/1497/1628
s 0
f 457/1510/1645 453/1496/1646 705/1508/1647
f 740/1511/1648 457/1510/1649 705/1508/1650
s 1
f 453/1496/1627 457/1510/1651 351/1512/1652
f 740/1511/1653 705/1508/1643 832/1513/1654
f 162/1514/1655 351/1512/1652 2378/1515/1656
f 351/1512/1652 457/1510/1651 567/1516/1657
f 567/1516/1657 457/1510/1651 740/1511/1653
f 963/1517/1658 740/1511/1653 832/1513/1654
f 963/1517/1658 832/1513/1654 1457/1518/1659
f 963/1517/1658 1457/1518/1659 1488/1519/1660
f 832/1513/1654 1010/1520/1661 1457/1518/1659
f 1010/1520/1661 1370/1521/1662 1457/1518/1659
f 1488/1519/1660 1457/1518/1659 1599/1522/1663
f 1488/1519/1660 1599/1522/1663 1835/1523/1664
f 1835/1523/1664 1599/1522/1663 1878/1524/1665
f 1835/1523/1664 1878/1524/1665 2089/1525/1666
f 2089/1525/1666 1878/1524/1665 1976/1526/1667
f 2059/1527/1668 2089/1525/1666 1976/1526/1667
f 1908/1528/1669 1976/1526/1667 1878/1524/1665
f 1908/1528/1669 1878/1524/1665 1599/1522/1663
s 0
f 1599/1522/1670 1457/1518/1671 1626/1529/1672
s 1
f 1599/1522/1663 1626/1529/1673 1908/1528/1669
f 1626/1529/1673 1457/1518/1659 1545/1530/1674
f 1545/1530/1674 1457/1518/1659 1370/1521/1662
f 1010/1520/1661 1264/1531/1675 1370/1521/1662
f 1545/1530/1674 1370/1521/1662 1264/1531/1675
f 1626/1529/1673 1816/1532/1676 1908/1528/1669
f 1626/1529/1673 1648/1533/1677 1816/1532/1676
f 1908/1528/1669 1816/1532/1676 1911/1534/1678
f 2067/1535/1679 2089/1525/1666 2086/1536/1680
f 2067/1535/1679 2086/1536/1680 2081/1537/1681
f 2086/1536/1680 2089/1525/1666 2059/1527/1668
s 0
f 1976/1526/1682 1908/1528/1683 1911/1534/1684
s 1
f 1976/1526/1667 1911/1534/1678 2018/1538/1685
f 1976/1526/1667 2018/1538/1685 2051/1539/1686
f 1976/1526/1667 2051/1539/1686 2059/1527/1668
f 2051/1539/1686 2036/1540/1687 2059/1527/1668
f 2018/1538/1685 1911/1534/1678 1936/1541/1688
f 1936/1541/1688 1911/1534/1678 1816/1532/1676
f 1579/1542/1689 1626/1529/1673 1545/1530/1674
f 1626/1529/1673 1579/1542/1689 1648/1533/1677
f 1545/1530/1674 1264/1531/1675 1579/1542/1689
f 1579/1542/1689 1264/1531/1675 1499/1543/1690
f 705/1508/1643 802/1501/1636 832/1513/1654
f 832/1513/1654 802/1501/1636 1137/1507/1642
f 1010/1520/1661 832/1513/1654 1137/1507/1642
f 1264/1531/1675 1010/1520/1661 1137/1507/1642
f 2142/1544/1601 2091/1545/1451 2109/1546/1691
f 2109/1546/1691 2091/1545/1451 1971/1547/1450
f 1604/1548/1692 1849/1549/1445 1709/1550/1444
f 1824/1551/1452 1849/1549/1445 1604/1548/1692
f 1604/1548/1692 1709/1550/1444 1443/1552/1443
f 1443/1552/1443 1461/1553/1442 1048/1554/1693
f 1048/1554/1693 1461/1553/1442 1245/1555/1441
f 1048/1554/1693 1245/1555/1441 829/1556/1573
f 769/1557/1694 829/1556/1573 658/1558/1558
f 1048/1554/1693 829/1556/1573 769/1557/1694
f 1443/1552/1443 1523/1559/1695 1604/1548/1692
f 1824/1551/1452 1604/1548/1692 1912/1560/1696
f 1604/1548/1692 1672/1561/1697 1912/1560/1696
f 1672/1561/1697 1604/1548/1692 1523/1559/1695
f 1672/1561/1697 1523/1559/1695 1585/1562/1698
f 1672/1561/1697 1707/1563/1699 1912/1560/1696
f 1707/1563/1699 1672/1561/1697 1559/1564/1700
f 1672/1561/1697 1585/1562/1698 1559/1564/1700
f 1707/1563/1699 1559/1564/1700 1554/1565/1701
f 1707/1563/1699 1554/1565/1701 1595/1566/1702
f 1595/1566/1702 1554/1565/1701 1429/1567/1703
f 1554/1565/1701 1559/1564/1700 1334/1568/1704
f 1559/1564/1700 1585/1562/1698 1334/1568/1704
f 1585/1562/1698 1523/1559/1695 1440/1569/1705
f 1585/1562/1698 1440/1569/1705 1334/1568/1704
f 1334/1568/1704 1440/1569/1705 1242/1570/1706
f 1334/1568/1704 1242/1570/1706 1258/1571/1707
f 1334/1568/1704 1258/1571/1707 1352/1572/1708
f 1334/1568/1704 1352/1572/1708 1554/1565/1701
f 1554/1565/1701 1352/1572/1708 1429/1567/1703
f 1429/1567/1703 1352/1572/1708 1312/1573/1709
f 1312/1573/1709 1352/1572/1708 1258/1571/1707
f 1258/1571/1707 1242/1570/1706 966/1574/1710
f 1060/1575/1711 1258/1571/1707 966/1574/1710
f 1258/1571/1707 900/1576/1712 1312/1573/1709
f 1258/1571/1707 1060/1575/1711 900/1576/1712
f 900/1576/1712 1298/1577/1713 1594/1578/1714
f 900/1576/1712 1594/1578/1714 1312/1573/1709
f 1298/1577/1713 900/1576/1712 758/1579/1715
f 900/1576/1712 1060/1575/1711 796/1580/1716
f 900/1576/1712 796/1580/1716 758/1579/1715
f 796/1580/1716 1060/1575/1711 666/1581/1717
f 758/1579/1715 796/1580/1716 745/1582/1718
f 1091/1583/1719 758/1579/1715 745/1582/1718
f 1091/1583/1719 745/1582/1718 1127/1584/1720
f 745/1582/1718 974/1585/1721 1127/1584/1720
f 758/1579/1715 1091/1583/1719 1298/1577/1713
f 1298/1577/1713 1091/1583/1719 1127/1584/1720
f 1298/1577/1713 1413/1586/1722 1594/1578/1714
f 1496/1587/1723 1298/1577/1713 1127/1584/1720
f 1496/1587/1723 1413/1586/1722 1298/1577/1713
f 1312/1573/1709 1594/1578/1714 1627/1588/1724
f 1594/1578/1714 1413/1586/1722 1644/1589/1725
f 1644/1589/1725 1413/1586/1722 1496/1587/1723
f 1578/1590/1726 1644/1589/1725 1496/1587/1723
f 1578/1590/1726 1496/1587/1723 1127/1584/1720
f 1465/1591/1727 1578/1590/1726 1127/1584/1720
f 1578/1590/1726 1465/1591/1727 1942/1592/1728
f 1465/1591/1727 1127/1584/1720 1266/1593/1729
f 1266/1593/1729 1127/1584/1720 974/1585/1721
f 1465/1591/1727 1266/1593/1729 1507/1594/1730
f 1647/1595/1731 1465/1591/1727 1507/1594/1730
f 1990/1596/1732 1465/1591/1727 1647/1595/1731
f 1465/1591/1727 1990/1596/1732 1942/1592/1728
f 1990/1596/1732 1647/1595/1731 1888/1597/1733
f 1888/1597/1733 1647/1595/1731 1507/1594/1730
f 1669/1598/1734 1888/1597/1733 1507/1594/1730
s 0
f 1507/1594/1735 1266/1593/1736 1230/1599/1737
s 1
f 1266/1593/1729 974/1585/1721 847/1600/1738
f 1230/1599/1739 1266/1593/1740 887/1601/1741
s 0
f 1266/1593/1742 847/1600/1743 887/1601/1744
s 1
f 1507/1594/1730 1230/1599/1739 1669/1598/1734
f 1657/1602/1745 1669/1598/1734 1230/1599/1739
f 1888/1597/1733 2004/1603/1746 1990/1596/1732
f 1780/1604/1747 1888/1597/1733 1669/1598/1734
f 1888/1597/1733 1780/1604/1747 2004/1603/1746
f 2004/1603/1746 1780/1604/1747 1973/1605/1748
f 1780/1604/1747 1669/1598/1734 1657/1602/1745
f 1279/1606/1749 1657/1602/1745 1230/1599/1739
f 1657/1602/1745 1279/1606/1749 1511/1607/1750
f 1279/1606/1749 1230/1599/1739 887/1601/1741
f 817/1608/1751 1279/1606/1749 887/1601/1741
f 547/1609/1752 817/1608/1751 887/1601/1741
f 887/1601/1741 847/1600/1738 547/1609/1752
f 469/1610/1753 547/1609/1752 337/1611/1754
f 547/1609/1752 359/1612/1755 337/1611/1754
f 359/1612/1755 547/1609/1752 847/1600/1738
f 847/1600/1738 974/1585/1721 359/1612/1755
f 359/1612/1755 974/1585/1721 447/1613/1756
f 447/1613/1756 974/1585/1721 490/1614/1757
f 490/1614/1757 974/1585/1721 745/1582/1718
f 490/1614/1757 745/1582/1718 796/1580/1716
f 796/1580/1716 535/1615/1758 490/1614/1757
f 535/1615/1758 796/1580/1716 666/1581/1717
f 490/1614/1757 535/1615/1758 297/1616/1759
f 447/1613/1756 490/1614/1757 280/1617/1760
f 280/1617/1760 490/1614/1757 225/1618/1761
f 447/1613/1756 280/1617/1760 359/1612/1755
f 359/1612/1755 280/1617/1760 151/1619/1762
f 359/1612/1755 151/1619/1762 337/1611/1754
f 151/1619/1762 280/1617/1760 120/1620/1763
f 337/1611/1754 151/1619/1762 2279/1621/1764
f 2279/1621/1764 151/1619/1762 2411/1622/1765
f 2667/1623/1766 2279/1621/1764 2411/1622/1765
f 2411/1622/1765 151/1619/1762 120/1620/1763
f 2411/1622/1765 120/1620/1763 2604/1624/1767
f 2411/1622/1765 2701/1625/1768 2667/1623/1766
f 2662/1626/1769 2667/1623/1766 3226/1627/1770
f 2667/1623/1766 2701/1625/1768 3226/1627/1770
f 2701/1625/1768 2411/1622/1765 2852/1628/1771
f 2852/1628/1771 2411/1622/1765 2604/1624/1767
f 2852/1628/1771 2604/1624/1767 2596/1629/1772
f 2375/1630/1773 2604/1624/1767 120/1620/1763
f 225/1618/1761 120/1620/1763 280/1617/1760
f 2375/1630/1773 120/1620/1763 225/1618/1761
f 297/1616/1759 225/1618/1761 490/1614/1757
f 2375/1630/1773 2473/1631/1774 2604/1624/1767
f 2604/1624/1767 2473/1631/1774 2596/1629/1772
f 2473/1631/1774 2375/1630/1773 85/1632/1775
f 2375/1630/1773 225/1618/1761 85/1632/1775
f 85/1632/1775 225/1618/1761 297/1616/1759
f 109/1633/1776 85/1632/1775 297/1616/1759
f 2345/1634/1777 85/1632/1775 109/1633/1776
f 109/1633/1776 297/1616/1759 535/1615/1758
f 109/1633/1776 535/1615/1758 179/1635/1778
f 375/1636/1779 179/1635/1778 535/1615/1758
f 85/1632/1775 2345/1634/1777 2473/1631/1774
f 2852/1628/1771 2596/1629/1772 2739/1637/1780
f 3192/1638/1781 2852/1628/1771 2739/1637/1780
f 2739/1637/1780 2596/1629/1772 2737/1639/1782
f 2739/1637/1780 2737/1639/1782 3192/1638/1781
f 3188/1640/1783 3192/1638/1781 2737/1639/1782
f 2632/1641/1784 2737/1639/1782 2596/1629/1772
s 0
f 3188/1640/1785 2737/1639/1786 2971/1642/1787
s 1
f 2971/1642/1788 2737/1639/1782 2874/1643/1789
f 3188/1640/1783 2971/1642/1788 3185/1644/1790
f 3185/1644/1790 3332/1645/1791 3188/1640/1783
f 3608/1646/1792 3332/1645/1791 3185/1644/1790
f 3608/1646/1792 3185/1644/1790 3595/1647/1793
f 3595/1647/1793 3185/1644/1790 3255/1648/1794
f 3255/1648/1794 3185/1644/1790 3144/1649/1795
f 3595/1647/1793 3255/1648/1794 3791/1650/1796
f 3255/1648/1794 3745/1651/1797 3791/1650/1796
f 3745/1651/1797 3255/1648/1794 3176/1652/1440
f 3620/1653/1437 3745/1651/1797 3176/1652/1440
f 3176/1652/1440 3255/1648/1794 3144/1649/1795
f 3176/1652/1440 3144/1649/1795 3028/1654/1798
f 3176/1652/1440 3028/1654/1798 3182/1655/1568
f 3182/1656/1568 3028/1654/1798 2869/1657/1569
f 2724/1658/1578 2869/1657/1569 2603/1659/1799
f 2724/1658/1578 2603/1659/1799 2441/1660/1560
f 2424/1661/1800 2441/1660/1560 2603/1659/1799
f 2441/1660/1560 2424/1661/1800 99/1662/1570
s 0
f 99/1662/1801 2424/1661/1802 97/1663/1803
s 1
f 99/1662/1570 97/1663/1804 250/1664/1571
f 2721/1665/1805 2424/1661/1800 2603/1659/1799
f 2721/1665/1805 2603/1659/1799 2869/1657/1569
f 2341/1666/1806 2424/1661/1800 2721/1665/1805
f 2424/1661/1800 2341/1666/1806 97/1663/1804
f 2721/1665/1805 2869/1657/1569 3144/1649/1795
f 3144/1649/1795 2869/1657/1569 3028/1654/1798
f 2874/1643/1789 2721/1665/1805 3144/1649/1795
f 2971/1642/1788 3144/1649/1795 3185/1644/1790
f 2971/1642/1788 2874/1643/1789 3144/1649/1795
f 2737/1639/1782 2632/1641/1784 2874/1643/1789
f 2341/1666/1806 109/1633/1776 97/1663/1804
f 97/1663/1804 109/1633/1776 247/1667/1807
f 526/1668/1808 247/1667/1807 483/1669/1809
f 526/1668/1808 769/1557/1694 658/1558/1558
f 1443/1552/1443 1048/1554/1693 1219/1670/1810
f 1523/1559/1695 1443/1552/1443 1440/1569/1705
f 1440/1569/1705 1443/1552/1443 1219/1670/1810
f 1048/1554/1693 769/1557/1694 795/1671/1811
f 1219/1670/1810 1048/1554/1693 981/1672/1812
f 981/1672/1812 1048/1554/1693 795/1671/1811
f 1440/1569/1705 1219/1670/1810 981/1672/1812
f 483/1669/1809 769/1557/1694 526/1668/1808
f 795/1671/1811 769/1557/1694 483/1669/1809
f 1440/1569/1705 981/1672/1812 1242/1570/1706
f 1242/1570/1706 981/1672/1812 992/1673/1813
f 1242/1570/1706 992/1673/1813 966/1574/1710
f 992/1673/1813 981/1672/1812 968/1674/1814
f 966/1574/1710 785/1675/1815 1060/1575/1711
f 966/1574/1710 992/1673/1813 785/1675/1815
f 1060/1575/1711 785/1675/1815 666/1581/1717
f 785/1675/1815 992/1673/1813 709/1676/1816
f 785/1675/1815 470/1677/1817 666/1581/1717
f 785/1675/1815 709/1676/1816 558/1678/1818
f 785/1675/1815 558/1678/1818 470/1677/1817
f 535/1615/1758 666/1581/1717 470/1677/1817
f 535/1615/1758 470/1677/1817 375/1636/1779
f 375/1636/1779 470/1677/1817 558/1678/1818
f 375/1636/1779 558/1678/1818 344/1679/1819
s 0
f 179/1635/1820 375/1636/1821 344/1679/1822
s 1
f 968/1674/1814 709/1676/1816 992/1673/1813
f 558/1678/1818 709/1676/1816 483/1669/1809
f 558/1678/1818 483/1669/1809 344/1679/1819
f 709/1676/1816 968/1674/1814 795/1671/1811
f 709/1676/1816 795/1671/1811 483/1669/1809
f 968/1674/1814 981/1672/1812 795/1671/1811
f 344/1679/1819 483/1669/1809 247/1667/1807
f 179/1635/1778 344/1679/1819 247/1667/1807
f 179/1635/1778 247/1667/1807 109/1633/1776
f 109/1633/1776 2341/1666/1806 2345/1634/1777
f 2345/1634/1777 2341/1666/1806 2632/1641/1784
f 2345/1634/1777 2632/1641/1784 2473/1631/1774
f 2632/1641/1784 2596/1629/1772 2473/1631/1774
f 2223/1680/1602 2221/1681/1589 2217/1682/1590
f 2223/1680/1602 2170/1683/1455 2156/1684/1823
f 2156/1684/1823 2170/1683/1455 2142/1544/1601
f 2142/1544/1601 2109/1546/1691 2156/1684/1823
f 1881/1685/1824 1971/1547/1450 1824/1551/1452
f 1881/1685/1824 1824/1551/1452 1912/1560/1696
f 2060/1686/1825 1971/1547/1450 1881/1685/1824
f 1971/1547/1450 2060/1686/1825 2109/1546/1691
f 2060/1686/1825 1932/1687/1826 1930/1688/1827
f 2109/1546/1691 2060/1686/1825 1930/1688/1827
f 2109/1546/1691 1930/1688/1827 2094/1689/1828
f 2109/1546/1691 2094/1689/1828 2156/1684/1823
f 2223/1680/1602 2156/1684/1823 2094/1689/1828
f 1898/1690/1829 2094/1689/1828 1930/1688/1827
f 1898/1690/1829 1930/1688/1827 1777/1691/1830
s 0
f 1898/1690/1831 1777/1691/1832 1771/1692/1833
s 1
f 2094/1689/1828 1898/1690/1829 1887/1693/1834
f 2094/1689/1828 1887/1693/1834 2023/1694/1835
f 2223/1680/1602 2094/1689/1828 2221/1681/1589
f 2094/1689/1828 2023/1694/1835 2221/1681/1589
f 1952/1695/1836 2023/1694/1835 1887/1693/1834
f 2221/1681/1589 2023/1694/1835 1952/1695/1836
f 2001/1696/1591 2141/1697/1587 2221/1681/1589
f 2221/1681/1589 1952/1695/1836 2001/1696/1591
s 0
f 2001/1696/1837 1952/1695/1838 1662/1698/1839
s 1
f 1952/1695/1836 1778/1699/1840 1662/1698/1594
f 1778/1699/1840 1952/1695/1836 1887/1693/1834
f 2001/1696/1591 1662/1698/1594 1529/1700/1592
f 1662/1698/1594 1778/1699/1840 1556/1701/1841
f 1556/1701/1841 1778/1699/1840 1539/1702/1842
f 1662/1698/1594 1556/1701/1841 1286/1703/1599
f 1662/1698/1594 1286/1703/1599 1330/1704/1593
f 1055/1705/1843 719/1482/1503 1286/1703/1599
f 719/1482/1503 1055/1705/1843 752/1481/1610
f 1286/1703/1599 1556/1701/1841 1539/1702/1842
f 1055/1705/1843 1286/1703/1599 1539/1702/1842
f 1055/1705/1843 1539/1702/1842 1414/1706/1844
f 1414/1706/1844 1539/1702/1842 1629/1707/1845
s 0
f 1539/1702/1846 1778/1699/1847 1629/1707/1848
s 1
f 1771/1692/1849 1778/1699/1840 1887/1693/1834
f 1629/1707/1845 1778/1699/1840 1771/1692/1849
f 1771/1692/1849 1887/1693/1834 1898/1690/1829
f 1629/1707/1845 1771/1692/1849 1655/1708/1850
f 1629/1707/1845 1655/1708/1850 1414/1706/1844
f 1655/1708/1850 1771/1692/1849 1777/1691/1830
f 1655/1708/1850 1777/1691/1830 1656/1709/1851
f 1655/1708/1850 1656/1709/1851 1587/1710/1852
f 1656/1709/1851 1777/1691/1830 1710/1711/1853
f 1777/1691/1830 1930/1688/1827 1745/1712/1854
f 1745/1712/1854 1930/1688/1827 1932/1687/1826
f 1777/1691/1830 1745/1712/1854 1710/1711/1853
f 1932/1687/1826 2060/1686/1825 1881/1685/1824
f 1745/1712/1854 1932/1687/1826 1707/1563/1699
f 1707/1563/1699 1710/1711/1853 1745/1712/1854
f 1710/1711/1853 1707/1563/1699 1595/1566/1702
f 1707/1563/1699 1932/1687/1826 1912/1560/1696
f 1932/1687/1826 1881/1685/1824 1912/1560/1696
f 326/1713/1572 250/1664/1571 526/1668/1808
f 326/1713/1572 526/1668/1808 658/1558/1558
f 250/1664/1571 97/1663/1804 247/1667/1807
f 526/1668/1808 250/1664/1571 247/1667/1807
s 0
f 2341/1666/1855 2721/1665/1856 2632/1641/1857
s 1
f 2721/1665/1805 2874/1643/1789 2632/1641/1784
f 3208/1714/1483 2692/1499/1487 2947/1715/1858
f 3208/1714/1483 2947/1715/1858 3368/1716/1550
f 3368/1716/1550 2947/1715/1858 3441/1717/1549
f 2507/1494/1489 2553/1495/1623 2692/1499/1487
f 2692/1499/1487 2835/1500/1635 2947/1715/1858
f 3194/1718/1859 2947/1715/1858 2835/1500/1635
f 3441/1717/1549 2947/1715/1858 3288/1719/1860
f 3288/1719/1860 2947/1715/1858 3194/1718/1859
f 3441/1717/1549 3288/1719/1860 3576/1720/1861
f 3194/1718/1859 2835/1500/1635 3042/1721/1862
f 3953/1722/1863 4042/1723/1864 4049/1724/1865
f 3576/1720/1861 3953/1722/1863 3892/1725/1546
f 3576/1720/1861 3892/1725/1546 3790/1726/1547
f 3576/1720/1861 3790/1726/1547 3441/1717/1549
f 3892/1725/1546 4076/1727/1866 3977/1728/1543
f 4076/1727/1866 3892/1725/1546 3953/1722/1863
f 4076/1727/1866 3953/1722/1863 4049/1724/1865
f 4216/1729/1545 3977/1728/1543 4076/1727/1866
s 0
f 4376/1730/1867 4188/1731/1868 4387/1732/1869
s 1
f 4387/1732/1582 4188/1731/1544 4216/1729/1545
f 4387/1732/1582 4216/1729/1545 4406/1733/1870
f 4216/1729/1545 4257/1734/1871 4406/1733/1870
f 4257/1734/1871 4216/1729/1545 4076/1727/1866
f 4257/1734/1871 4076/1727/1866 4049/1724/1865
f 4049/1724/1865 4042/1723/1864 4165/1735/1872
f 4042/1723/1864 4095/1736/1873 4165/1735/1872
f 4049/1724/1865 4165/1735/1872 4257/1734/1871
f 4165/1735/1872 4364/1737/1874 4257/1734/1871
s 0
f 4257/1734/1875 4364/1737/1876 4406/1733/1877
s 1
f 4438/1738/1878 4406/1733/1870 4364/1737/1879
f 4406/1733/1870 4438/1738/1878 4469/1739/1880
f 3878/1740/1881 4042/1723/1864 3953/1722/1863
f 3953/1722/1863 3576/1720/1861 3878/1740/1881
f 3576/1720/1861 3288/1719/1860 3405/1741/1882
f 3878/1740/1881 3576/1720/1861 3775/1742/1883
f 4364/1737/1879 4436/1743/1884 4438/1738/1878
f 4466/1744/1885 4469/1739/1880 4474/1745/1886
s 0
f 4434/1746/1887 4466/1744/1888 4474/1745/1889
s 1
f 4434/1746/1890 4410/1747/1891 4419/1748/1427
f 4466/1744/1885 4434/1746/1890 4419/1748/1427
f 4419/1748/1427 4475/1749/1421 4466/1744/1885
f 4466/1744/1885 4475/1749/1421 4490/1750/1420
f 4432/1751/1425 4387/1732/1582 4406/1733/1870
f 4469/1739/1880 4432/1751/1425 4406/1733/1870
f 4490/1750/1420 4486/1752/1419 4432/1751/1425
f 4490/1750/1420 4432/1751/1425 4469/1739/1880
f 4490/1750/1420 4469/1739/1880 4466/1744/1885
f 3620/1653/1437 3829/1753/1436 3745/1651/1797
f 3745/1651/1797 3829/1753/1436 3815/1754/1439
f 3791/1650/1796 3745/1651/1797 3815/1754/1439
f 3791/1650/1796 3815/1754/1439 4025/1755/1892
f 4133/1756/1432 3815/1754/1439 4080/1757/1429
f 3815/1754/1439 4133/1756/1432 4025/1755/1892
f 4157/1758/1893 4133/1756/1432 4271/1759/1431
f 4133/1756/1432 4157/1758/1893 4025/1755/1892
f 4367/1760/1894 4157/1758/1893 4271/1759/1431
f 4271/1759/1431 4392/1761/1426 4367/1760/1894
f 4367/1760/1894 4392/1761/1426 4419/1762/1427
f 4367/1760/1894 4419/1762/1427 4410/1763/1891
f 4367/1760/1894 4410/1763/1891 4379/1764/1895
f 4367/1760/1894 4379/1764/1895 4157/1758/1893
f 4157/1758/1893 4065/1765/1896 4025/1755/1892
f 4157/1758/1893 4379/1764/1895 4065/1765/1896
f 4303/1766/1897 4065/1765/1896 4379/1764/1895
f 4379/1764/1895 4410/1763/1891 4375/1767/1898
f 4303/1766/1897 4379/1764/1895 4375/1767/1898
f 4303/1766/1897 4184/1768/1899 4065/1765/1896
f 4025/1755/1892 4065/1765/1896 3967/1769/1900
f 3967/1769/1900 3608/1646/1792 3595/1647/1793
f 3967/1769/1900 3595/1647/1793 4025/1755/1892
f 4025/1755/1892 3595/1647/1793 3791/1650/1796
f 3967/1769/1900 4065/1765/1896 4051/1770/1901
f 4051/1770/1901 4065/1765/1896 4184/1768/1899
f 3967/1769/1900 3957/1771/1902 3608/1646/1792
f 3967/1769/1900 4051/1770/1901 3957/1771/1902
f 3957/1771/1902 3710/1772/1903 3608/1646/1792
f 3188/1640/1783 3332/1645/1791 3192/1638/1781
f 3332/1645/1791 3608/1646/1792 3710/1772/1903
f 3332/1645/1791 3710/1772/1903 3455/1773/1904
f 3455/1773/1904 3192/1638/1781 3332/1645/1791
f 3192/1638/1781 3455/1773/1904 3175/1774/1905
f 3192/1638/1781 3175/1774/1905 2852/1628/1771
f 2852/1628/1771 3175/1774/1905 2701/1625/1768
f 3242/1775/1906 2701/1625/1768 3175/1774/1905
f 2701/1625/1768 3242/1775/1906 3226/1627/1770
f 3226/1627/1770 3242/1775/1906 3463/1776/1907
f 3226/1627/1770 3463/1776/1907 3720/1777/1908
s 0
f 3463/1776/1909 3710/1772/1910 3720/1778/1911
f 3242/1775/1912 3175/1774/1913 3455/1773/1914
s 1
f 3242/1775/1906 3455/1773/1915 3463/1776/1907
s 0
f 3463/1776/1916 3455/1773/1917 3710/1772/1918
s 1
f 3720/1778/1908 3710/1772/1903 3957/1771/1902
f 4024/1779/1919 3720/1778/1908 3957/1771/1902
s 0
f 4024/1779/1920 4051/1770/1921 4108/1780/1922
f 4024/1779/1923 3957/1771/1924 4051/1770/1925
s 1
f 4169/1781/1926 4108/1780/1927 4051/1770/1901
f 4375/1767/1898 4169/1781/1926 4303/1766/1897
f 4184/1768/1899 4303/1766/1897 4169/1781/1926
f 4169/1781/1926 4051/1770/1901 4184/1768/1899
f 1099/1485/1612 1055/1705/1843 1414/1706/1844
f 1099/1485/1612 1414/1706/1844 1375/1782/1928
f 1055/1705/1843 1099/1485/1612 752/1481/1610
f 1099/1485/1612 1453/1783/1929 872/1503/1638
s 0
f 1099/1485/1930 1375/1782/1931 1453/1783/1932
s 1
f 872/1503/1638 1453/1783/1929 1156/1505/1640
f 1375/1782/1928 1414/1706/1844 1655/1708/1850
f 1375/1782/1928 1655/1708/1850 1587/1710/1852
f 1375/1782/1928 1587/1710/1852 1453/1783/1929
f 1453/1783/1929 1587/1710/1852 1601/1784/1933
f 1634/1785/1934 1587/1710/1852 1656/1709/1851
f 1587/1710/1852 1634/1785/1934 1601/1784/1933
f 1453/1783/1929 1601/1784/1933 1454/1786/1935
f 1601/1784/1933 1634/1785/1934 1651/1787/1936
f 1454/1786/1935 1601/1784/1933 1577/1788/1937
f 1453/1783/1929 1454/1786/1935 1156/1505/1640
f 1156/1505/1640 1454/1786/1935 1455/1506/1641
f 1072/1504/1639 1455/1506/1641 1264/1531/1675
f 1264/1531/1675 1455/1506/1641 1499/1543/1690
s 0
f 1137/1507/1938 1072/1504/1939 1264/1531/1940
s 1
f 1499/1543/1690 1455/1506/1641 1454/1786/1935
f 1499/1543/1690 1648/1533/1677 1579/1542/1689
f 1577/1788/1937 1499/1543/1690 1454/1786/1935
f 1499/1543/1690 1577/1788/1937 1648/1533/1677
f 1701/1789/1941 1648/1533/1677 1577/1788/1937
f 1701/1789/1941 1577/1788/1937 1651/1787/1936
f 1651/1787/1936 1577/1788/1937 1601/1784/1933
f 1872/1790/1942 1648/1533/1677 1701/1789/1941
f 1872/1790/1942 1701/1789/1941 1964/1791/1943
f 1701/1789/1941 1651/1787/1936 1632/1792/1944
f 1701/1789/1941 1632/1792/1944 1726/1793/1945
f 1701/1789/1941 1726/1793/1945 1964/1791/1943
f 1632/1792/1944 1651/1787/1936 1634/1785/1934
f 1632/1792/1944 1634/1785/1934 1650/1794/1946
f 1650/1794/1946 1634/1785/1934 1656/1709/1851
f 1650/1794/1946 1656/1709/1851 1710/1711/1853
f 1710/1711/1853 1595/1566/1702 1650/1794/1946
f 1650/1794/1946 1595/1566/1702 1632/1792/1944
f 1632/1792/1944 1595/1566/1702 1618/1795/1947
f 1595/1566/1702 1429/1567/1703 1566/1796/1948
f 1595/1566/1702 1566/1796/1948 1618/1795/1947
f 1632/1792/1944 1618/1795/1947 1726/1793/1945
f 1726/1793/1945 1618/1795/1947 1702/1797/1949
f 1702/1797/1949 1618/1795/1947 1627/1588/1724
f 1627/1588/1724 1618/1795/1947 1566/1796/1948
f 1829/1798/1950 1726/1793/1945 1702/1797/1949
f 1726/1793/1945 1829/1798/1950 1964/1791/1943
s 0
f 1829/1798/1951 1702/1797/1952 1855/1799/1953
s 1
f 1964/1791/1943 1829/1798/1950 1936/1541/1688
f 1964/1791/1943 1936/1541/1688 1872/1790/1942
f 1936/1541/1688 1829/1798/1950 2018/1538/1685
f 1829/1798/1950 1855/1799/1954 2018/1538/1685
f 2018/1538/1685 1855/1799/1954 2051/1539/1686
f 1714/1800/1955 1702/1797/1949 1627/1588/1724
f 1702/1797/1949 1714/1800/1955 1855/1799/1956
s 0
f 1855/1799/1957 1714/1800/1958 1810/1801/1959
s 1
f 1855/1799/1954 1810/1801/1960 2051/1539/1686
f 2051/1539/1686 1810/1801/1960 2036/1540/1687
f 1810/1801/1960 1644/1589/1725 2036/1540/1687
f 1644/1589/1725 1810/1801/1960 1714/1800/1955
f 1644/1589/1725 1714/1800/1955 1594/1578/1714
f 1594/1578/1714 1714/1800/1955 1627/1588/1724
f 1627/1588/1724 1566/1796/1948 1312/1573/1709
f 1312/1573/1709 1566/1796/1948 1429/1567/1703
f 2474/1492/1629 2406/1498/1631 2553/1495/1623
s 0
f 22/1491/1961 2244/1497/1962 2406/1498/1963
s 1
f 2835/1500/1635 2553/1495/1623 3042/1721/1862
f 3042/1721/1862 2553/1495/1623 2710/1802/1964
f 2710/1802/1964 2553/1495/1623 2542/1803/1965
f 2542/1803/1965 2553/1495/1623 2406/1498/1631
f 201/1509/1644 453/1496/1627 351/1512/1652
f 201/1509/1644 351/1512/1652 162/1514/1655
f 201/1509/1644 162/1514/1655 2332/1804/1966
f 162/1514/1655 2353/1805/1967 2332/1804/1966
f 2332/1804/1966 2631/1806/1968 2542/1803/1965
f 2542/1803/1965 2631/1806/1968 2866/1807/1969
f 2866/1807/1969 3003/1808/1970 3042/1721/1862
f 2542/1803/1965 2406/1498/1631 2332/1804/1966
f 2332/1804/1966 2406/1498/1631 2244/1497/1628
f 2332/1804/1966 2244/1497/1628 201/1509/1644
f 2710/1802/1964 2542/1803/1965 2866/1807/1969
f 2710/1802/1964 2866/1807/1969 3042/1721/1862
f 3405/1741/1882 3325/1809/1971 3775/1742/1883
f 3775/1742/1883 3325/1809/1971 3690/1810/1972
f 3962/1811/1973 4095/1736/1873 3878/1740/1881
s 0
f 3962/1811/1974 3878/1740/1975 3690/1810/1976
s 1
f 3690/1810/1972 3878/1740/1881 3775/1742/1883
f 3325/1809/1971 3405/1741/1882 3003/1808/1970
f 3042/1721/1862 3003/1808/1970 3194/1718/1859
f 3194/1718/1859 3003/1808/1970 3405/1741/1882
f 3962/1811/1973 4175/1812/1977 4095/1736/1873
f 4427/1813/1978 4375/1814/1898 4447/1815/1979
f 4362/1816/1980 4425/1817/1981 4436/1743/1884
f 4095/1736/1873 4175/1812/1977 4245/1818/1982
f 3775/1742/1883 3576/1720/1861 3405/1741/1882
f 3878/1740/1881 4095/1736/1873 4042/1723/1864
f 4095/1736/1873 4245/1818/1982 4165/1735/1872
s 0
f 4245/1818/1983 4364/1737/1984 4165/1735/1985
s 1
f 4364/1737/1879 4245/1818/1982 4362/1816/1980
f 4362/1816/1980 4436/1743/1884 4364/1737/1879
f 4438/1738/1878 4436/1743/1884 4461/1819/1986
f 4438/1738/1878 4461/1819/1986 4469/1739/1880
f 4469/1739/1880 4461/1819/1986 4471/1820/1987
f 4474/1745/1886 4469/1739/1880 4471/1820/1987
f 4410/1747/1891 4434/1746/1890 4447/1815/1979
f 4410/1747/1891 4447/1815/1979 4375/1814/1898
f 4447/1815/1979 4434/1746/1890 4474/1745/1988
f 3405/1741/1882 3288/1719/1860 3194/1718/1859
f 1648/1533/1677 1872/1790/1942 1816/1532/1676
f 1816/1532/1676 1872/1790/1942 1936/1541/1688
f 2036/1540/1687 1644/1589/1725 2083/1821/1989
f 2083/1821/1989 1644/1589/1725 1578/1590/1726
f 2083/1821/1989 1578/1590/1726 1942/1592/1728
f 1990/1596/1732 2004/1603/1746 2081/1537/1681
f 2081/1537/1681 1942/1592/1728 1990/1596/1732
s 0
f 1942/1592/1990 2081/1537/1991 2083/1821/1992
s 1
f 2083/1821/1989 2081/1537/1681 2086/1536/1680
f 2083/1821/1989 2086/1536/1680 2036/1540/1687
f 2086/1536/1680 2059/1527/1668 2036/1540/1687
f 1511/1822/1750 1279/1823/1749 817/1824/1751
f 1511/1822/1750 817/1824/1751 1246/1825/1993
f 817/1824/1751 547/1826/1752 469/1827/1753
f 341/1828/1994 817/1824/1751 469/1827/1753
f 2296/1829/1995 337/1830/1754 2279/1831/1764
f 2296/1829/1995 2279/1831/1764 2667/1832/1766
f 337/1830/1754 2296/1829/1995 49/1833/1996
f 337/1830/1754 49/1833/1996 469/1827/1753
f 469/1827/1753 49/1833/1996 341/1828/1994
f 817/1824/1751 341/1828/1994 1246/1825/1993
f 341/1828/1994 889/1834/1997 1246/1825/1993
f 1511/1822/1750 1659/1835/1998 1657/1836/1745
f 1511/1822/1750 1246/1825/1993 1420/1837/1999
f 1508/1838/2000 1511/1822/1750 1420/1837/1999
f 1511/1822/1750 1508/1838/2000 1659/1835/1998
f 1659/1835/1998 1508/1838/2000 1631/1839/2001
f 1631/1839/2001 1508/1838/2000 1400/1840/2002
f 1508/1838/2000 1420/1837/1999 1206/1841/2003
f 1508/1838/2000 1206/1841/2003 1400/1840/2002
f 1021/1842/2004 1206/1841/2003 1420/1837/1999
f 835/1843/2005 1420/1837/1999 1011/1844/2006
f 1420/1837/1999 835/1843/2005 1021/1842/2004
f 1206/1841/2003 1021/1842/2004 742/1845/2007
f 1405/1846/2008 1400/1840/2002 1180/1847/2009
f 1631/1839/2001 1400/1840/2002 1518/1848/2010
f 1518/1848/2010 1400/1840/2002 1405/1846/2008
f 1169/1849/2011 1405/1846/2008 1180/1847/2009
f 1180/1847/2009 1400/1840/2002 1206/1841/2003
f 1053/1850/2012 1169/1849/2011 1180/1847/2009
f 742/1845/2007 1180/1847/2009 1206/1841/2003
f 1053/1850/2012 1180/1847/2009 742/1845/2007
f 875/1851/2013 1169/1849/2011 1053/1850/2012
f 1169/1849/2011 875/1851/2013 1074/1852/2014
f 742/1845/2007 1021/1842/2004 835/1843/2005
f 1074/1852/2014 875/1851/2013 865/1853/2015
f 628/1854/2016 835/1843/2005 638/1855/2017
f 628/1854/2016 409/1856/2018 456/1857/2019
f 628/1854/2016 638/1855/2017 409/1856/2018
f 835/1843/2005 1011/1844/2006 638/1855/2017
f 1011/1844/2006 1420/1837/1999 889/1834/1997
f 889/1834/1997 1420/1837/1999 1246/1825/1993
f 1011/1844/2006 889/1834/1997 762/1858/2020
f 762/1858/2020 889/1834/1997 703/1859/2021
f 703/1859/2021 889/1834/1997 341/1828/1994
f 762/1858/2020 703/1859/2021 617/1860/2022
f 703/1859/2021 341/1828/1994 202/1861/2023
f 202/1861/2023 341/1828/1994 49/1833/1996
f 703/1859/2021 202/1861/2023 145/1862/2024
f 353/1863/2025 703/1859/2021 145/1862/2024
f 703/1859/2021 353/1863/2025 617/1860/2022
f 762/1858/2020 617/1860/2022 1011/1844/2006
s 0
f 1011/1844/2026 617/1860/2027 638/1855/2028
s 1
f 638/1855/2017 617/1860/2022 409/1856/2018
f 409/1856/2018 617/1860/2022 369/1864/2029
f 369/1864/2029 617/1860/2022 96/1865/2030
f 96/1865/2030 617/1860/2022 353/1863/2025
f 369/1864/2029 96/1865/2030 2352/1866/2031
f 369/1864/2029 2352/1866/2031 91/1867/2032
f 353/1863/2025 145/1862/2024 12/1868/2033
f 353/1863/2025 12/1868/2033 96/1865/2030
f 96/1865/2030 12/1868/2033 2469/1869/2034
f 2301/1870/2035 12/1868/2033 145/1862/2024
f 12/1868/2033 2301/1870/2035 2403/1871/2036
f 2489/1872/2037 2469/1869/2034 12/1868/2033
f 2489/1872/2037 12/1868/2033 2403/1871/2036
f 145/1862/2024 202/1861/2023 49/1833/1996
f 145/1862/2024 49/1833/1996 2306/1873/2038
f 2301/1870/2035 145/1862/2024 2306/1873/2038
f 2306/1873/2038 49/1833/1996 2296/1829/1995
f 2306/1873/2038 2659/1874/2039 2301/1870/2035
f 2306/1873/2038 2296/1829/1995 2662/1875/1769
f 2296/1829/1995 2667/1832/1766 2662/1875/1769
f 2659/1874/2039 2306/1873/2038 2662/1875/1769
f 2662/1875/1769 3226/1876/1770 2948/1877/2040
f 2662/1875/1769 2948/1877/2040 2659/1874/2039
f 3226/1876/1770 3476/1878/2041 2948/1877/2040
f 3476/1878/2041 3226/1876/1770 3720/1879/1908
f 2948/1877/2040 3476/1878/2041 3347/1880/2042
f 3476/1878/2041 3720/1879/1908 4024/1881/1919
f 3347/1880/2042 3476/1878/2041 4024/1881/1919
f 4024/1881/1919 3845/1882/2043 3347/1880/2042
f 4024/1881/1919 4108/1883/1927 3845/1882/2043
f 4108/1883/1927 4169/1884/1926 4308/1885/2044
f 4108/1883/1927 4308/1885/2044 3823/1886/2045
f 4399/1887/2046 4308/1885/2044 4169/1884/1926
f 4399/1887/2046 4169/1884/1926 4375/1888/1898
s 0
f 4427/1889/2047 4447/1890/2048 4474/1891/2049
s 1
f 4375/1888/1898 4427/1889/1978 4399/1887/2046
f 4427/1889/1978 4426/1892/2050 4399/1887/2046
f 4308/1885/2044 4399/1887/2046 4069/1893/2051
f 4308/1885/2044 4069/1893/2051 3823/1886/2045
f 3823/1886/2045 4069/1893/2051 3875/1894/2052
f 3295/1895/2053 3823/1886/2045 3875/1894/2052
f 4232/1896/2054 4069/1893/2051 4399/1887/2046
f 3875/1894/2052 4069/1893/2051 4232/1896/2054
f 4232/1896/2054 4399/1887/2046 4426/1892/2050
f 4440/1897/2055 4426/1892/2050 4427/1889/1978
f 4467/1898/2056 4427/1889/1978 4474/1891/1886
f 4467/1898/2056 4474/1891/1886 4488/1899/2057
f 4488/1899/2057 4474/1891/1886 4471/1900/1987
f 4471/1900/1987 4461/1901/1986 4488/1899/2057
f 4461/1901/1986 4436/1902/1884 4488/1899/2057
f 4456/1903/2058 4488/1899/2057 4436/1902/1884
f 4456/1903/2058 4436/1902/1884 4425/1904/1981
f 4427/1889/1978 4467/1898/2056 4440/1897/2055
f 4232/1896/2054 3849/1905/2059 3875/1894/2052
f 4232/1896/2054 4426/1892/2050 4383/1906/2060
f 4383/1906/2060 4426/1892/2050 4440/1897/2055
f 4464/1907/2061 4383/1906/2060 4440/1897/2055
f 4440/1897/2055 4467/1898/2056 4464/1907/2061
f 4383/1906/2060 4464/1907/2061 4384/1908/2062
f 4384/1908/2062 4464/1907/2061 4456/1903/2058
f 4383/1906/2060 4384/1908/2062 4089/1909/2063
f 4384/1908/2062 4456/1903/2058 4297/1910/2064
f 4089/1909/2063 3955/1911/2065 4383/1906/2060
f 3955/1911/2065 4089/1909/2063 3864/1912/2066
s 0
f 4383/1906/2067 3955/1911/2068 3849/1905/2069
s 1
f 4383/1906/2060 3849/1905/2059 4232/1896/2054
f 3849/1905/2070 3955/1911/2065 3746/1913/2071
s 0
f 3849/1905/2072 3746/1913/2073 3261/1914/2074
s 1
f 3746/1913/2071 3338/1915/2075 3261/1914/2076
f 3746/1913/2071 3564/1916/2077 3338/1915/2075
f 3849/1905/2059 3261/1914/2076 3649/1917/2078
f 3849/1905/2059 3649/1917/2078 3875/1894/2052
f 3649/1917/2078 3261/1914/2076 3377/1918/2079
f 3875/1894/2052 3649/1917/2078 3295/1895/2053
f 3649/1917/2078 3377/1918/2079 3164/1919/2080
f 3224/1920/2081 3649/1917/2078 3164/1919/2080
f 3649/1917/2078 3224/1920/2081 3295/1895/2053
f 3823/1886/2045 3295/1895/2053 3653/1921/2082
f 3164/1919/2080 3377/1918/2079 2665/1922/2083
f 2665/1922/2083 3377/1918/2079 2785/1923/2084
f 3261/1914/2076 2785/1923/2084 3377/1918/2079
f 2785/1923/2084 3261/1914/2076 3166/1924/2085
f 2785/1923/2084 3166/1924/2085 2943/1925/2086
f 2665/1922/2083 2785/1923/2084 2599/1926/2087
f 2599/1926/2087 2785/1923/2084 2943/1925/2086
f 2943/1925/2086 3092/1927/2088 2783/1928/2089
f 2783/1928/2089 3092/1927/2088 2913/1929/2090
f 2629/1930/2091 2943/1925/2086 2783/1928/2089
f 2943/1925/2086 2629/1930/2091 2622/1931/2092
f 2943/1925/2086 2622/1931/2092 2599/1926/2087
f 2729/1932/2093 2783/1928/2089 2913/1929/2090
f 2599/1926/2087 2622/1931/2092 2469/1869/2034
f 2489/1872/2037 2599/1926/2087 2469/1869/2034
f 2665/1922/2083 2599/1926/2087 2489/1872/2037
f 2665/1922/2083 2489/1872/2037 2403/1871/2036
f 96/1865/2030 2469/1869/2034 2352/1866/2031
f 2469/1869/2034 2622/1931/2092 2352/1866/2031
f 2352/1866/2031 2278/1933/2094 91/1867/2032
f 2352/1866/2031 2622/1931/2092 2278/1933/2094
f 2278/1933/2094 2622/1931/2092 2629/1930/2091
f 2629/1930/2091 2681/1934/2095 2278/1933/2094
f 2629/1930/2091 2783/1928/2089 2681/1934/2095
f 2681/1934/2095 2783/1928/2089 2729/1932/2093
f 2729/1932/2093 2840/1935/2096 2681/1934/2095
f 2681/1934/2095 2840/1935/2096 2277/1936/2097
f 2729/1932/2093 3132/1937/2098 2840/1935/2096
s 0
f 2840/1935/2099 2615/1938/2100 2277/1936/2101
s 1
f 2277/1936/2102 2342/1939/2103 46/1940/2104
s 0
f 2277/1936/2105 2615/1938/2106 2342/1939/2107
s 1
f 46/1940/2104 2342/1939/2103 15/1941/2108
f 46/1940/2104 301/1942/2109 409/1856/2018
f 46/1940/2104 409/1856/2018 58/1943/2110
s 0
f 46/1940/2111 58/1943/2112 2277/1936/2113
s 1
f 2681/1934/2095 2277/1936/2097 2278/1933/2094
f 2278/1933/2094 2277/1936/2097 58/1943/2110
f 456/1857/2019 409/1856/2018 301/1942/2109
f 628/1854/2016 456/1857/2019 574/1944/2114
f 835/1843/2005 628/1854/2016 742/1845/2007
f 742/1845/2007 628/1854/2016 690/1945/2115
f 875/1851/2013 742/1845/2007 690/1945/2115
f 742/1845/2007 875/1851/2013 1053/1850/2012
f 690/1945/2115 628/1854/2016 574/1944/2114
f 875/1851/2013 690/1945/2115 704/1946/2116
f 875/1851/2013 704/1946/2116 865/1853/2015
f 704/1946/2116 732/1947/2117 865/1853/2015
f 865/1853/2015 732/1947/2117 932/1948/2118
f 932/1948/2118 732/1947/2117 797/1949/2119
f 932/1948/2118 797/1949/2119 961/1950/2120
f 961/1950/2120 797/1949/2119 911/1951/2121
f 932/1948/2118 961/1950/2120 1236/1952/2122
f 932/1948/2118 1236/1952/2122 1138/1953/2123
f 1236/1952/2122 961/1950/2120 1145/1954/2124
f 1138/1953/2123 1236/1952/2122 1252/1955/2125
f 1252/1955/2125 1236/1952/2122 1357/1956/2126
f 1357/1956/2126 1236/1952/2122 1345/1957/2127
f 1345/1957/2127 1236/1952/2122 1145/1954/2124
f 1345/1957/2127 1145/1954/2124 1372/1958/2128
f 1145/1954/2124 961/1950/2120 911/1951/2121
f 1145/1954/2124 911/1951/2121 1372/1958/2128
f 1372/1958/2128 911/1951/2121 1111/1959/2129
f 1753/1960/2130 1372/1958/2128 1111/1959/2129
f 1753/1960/2130 1111/1959/2129 1395/1961/2131
f 902/1962/2132 1111/1959/2129 911/1951/2121
f 1111/1959/2129 902/1962/2132 849/1963/2133
f 1111/1959/2129 849/1963/2133 1395/1961/2131
f 902/1962/2132 911/1951/2121 808/1964/2134
f 808/1964/2134 911/1951/2121 797/1949/2119
f 808/1964/2134 797/1949/2119 600/1965/2135
f 797/1949/2119 732/1947/2117 600/1965/2135
f 601/1966/2136 732/1947/2117 704/1946/2116
f 600/1965/2135 732/1947/2117 601/1966/2136
s 0
f 600/1965/2137 601/1966/2138 267/1967/2139
s 1
f 600/1965/2135 267/1967/2140 208/1968/2141
f 267/1967/2140 601/1966/2136 243/1969/2142
f 574/1944/2114 601/1966/2136 704/1946/2116
f 601/1966/2136 574/1944/2114 243/1969/2142
f 574/1944/2114 704/1946/2116 690/1945/2115
f 574/1944/2114 419/1970/2143 243/1969/2142
f 419/1970/2143 574/1944/2114 456/1857/2019
f 419/1970/2143 456/1857/2019 301/1942/2109
f 301/1942/2109 46/1940/2104 419/1970/2143
f 46/1940/2104 15/1941/2108 419/1970/2143
f 419/1970/2143 15/1941/2108 129/1971/2144
f 243/1969/2142 419/1970/2143 129/1971/2144
f 129/1971/2144 267/1967/2140 243/1969/2142
f 267/1967/2140 129/1971/2144 16/1972/2145
f 129/1971/2144 15/1941/2108 2342/1939/2103
f 129/1971/2144 2342/1939/2103 2334/1973/2146
f 129/1971/2144 2334/1973/2146 16/1972/2145
f 2334/1973/2146 2342/1939/2103 2415/1974/2147
f 16/1972/2145 208/1968/2141 267/1967/2140
f 208/1968/2141 16/1972/2145 148/1975/2148
f 208/1968/2141 148/1975/2148 509/1976/2149
f 148/1975/2148 16/1972/2145 126/1977/2150
f 16/1972/2145 2334/1973/2146 2362/1978/2151
f 2415/1974/2147 2342/1939/2103 2615/1938/2152
f 2334/1973/2146 2415/1974/2147 2592/1979/2153
f 2334/1973/2146 2592/1979/2153 2362/1978/2151
f 2748/1980/2154 2415/1974/2147 2615/1938/2152
f 2592/1979/2153 2415/1974/2147 2748/1980/2154
f 2748/1980/2154 3085/1981/2155 2592/1979/2153
f 3055/1982/2156 2592/1979/2153 3085/1981/2155
f 2592/1979/2153 3055/1982/2156 2572/1983/2157
f 2592/1979/2153 2572/1983/2157 2362/1978/2151
f 2362/1978/2151 2572/1983/2157 2265/1984/2158
f 16/1972/2145 2362/1978/2151 126/1977/2150
f 126/1977/2150 2362/1978/2151 2265/1984/2158
f 191/1985/2159 126/1977/2150 2265/1984/2158
f 357/1986/2160 126/1977/2150 191/1985/2159
f 357/1986/2160 148/1975/2148 126/1977/2150
f 148/1975/2148 357/1986/2160 509/1976/2149
f 357/1986/2160 525/1987/2161 509/1976/2149
f 208/1968/2141 509/1976/2149 600/1965/2135
f 808/1964/2134 600/1965/2135 509/1976/2149
f 808/1964/2134 525/1987/2161 902/1962/2132
f 808/1964/2134 509/1976/2149 525/1987/2161
f 849/1963/2133 902/1962/2132 525/1987/2161
f 525/1987/2161 679/1988/2162 849/1963/2133
f 679/1988/2162 525/1987/2161 357/1986/2160
f 679/1988/2162 357/1986/2160 511/1989/2163
f 511/1989/2163 357/1986/2160 191/1985/2159
f 191/1985/2159 2265/1984/2158 2/1990/2164
f 191/1985/2159 2/1990/2164 4/1991/2165
f 191/1985/2159 4/1991/2165 511/1989/2163
f 511/1989/2163 4/1991/2165 488/1992/2166
f 511/1989/2163 488/1992/2166 683/1993/2167
f 511/1989/2163 683/1993/2167 679/1988/2162
f 1257/1994/2168 683/1993/2167 1018/1995/2169
f 1257/1994/2168 679/1988/2162 683/1993/2167
f 1018/1995/2169 1472/1996/2170 1257/1994/2168
f 1472/1996/2170 1616/1997/2171 1781/1998/2172
f 1257/1994/2168 1472/1996/2170 1622/1999/2173
f 1472/1996/2170 1781/1998/2172 1622/1999/2173
f 1781/1998/2172 1913/2000/2174 1622/1999/2173
f 1622/1999/2173 1913/2000/2174 1762/2001/2175
f 1611/2002/2176 1622/1999/2173 1762/2001/2175
f 1257/1994/2168 1622/1999/2173 1123/2003/2177
f 1257/1994/2168 1123/2003/2177 679/1988/2162
f 679/1988/2162 1123/2003/2177 849/1963/2133
f 1123/2003/2177 1622/1999/2173 1611/2002/2176
f 849/1963/2133 1123/2003/2177 1395/1961/2131
f 1395/1961/2131 1123/2003/2177 1611/2002/2176
f 1395/1961/2131 1611/2002/2176 1608/2004/2178
s 0
f 1762/2001/2179 1608/2004/2180 1611/2002/2181
s 1
f 1762/2001/2175 1913/2000/2174 1966/2005/2182
f 1762/2001/2175 1966/2005/2182 2049/2006/2183
s 0
f 1762/2001/2184 2049/2006/2185 1608/2004/2186
s 1
f 2049/2006/2187 2064/2007/2188 1999/2008/2189
f 1999/2008/2189 1608/2004/2178 2049/2006/2187
f 1395/1961/2131 1608/2004/2178 1753/1960/2130
f 1608/2004/2178 1999/2008/2189 1753/1960/2130
f 1740/2009/2190 1753/1960/2130 1999/2008/2189
f 1960/2010/2191 1999/2008/2189 2064/2007/2188
f 1960/2010/2191 2064/2007/2188 2028/2011/2192
f 2028/2011/2192 2064/2007/2188 2026/2012/2193
s 0
f 2064/2007/2194 2049/2006/2195 2038/2013/2196
s 1
f 2064/2007/2188 2038/2013/2197 2026/2012/2193
f 2049/2006/2183 1998/2014/2198 2038/2013/2199
f 2049/2006/2183 1966/2005/2182 1998/2014/2198
f 1718/2015/2200 1722/2016/2201 1593/2017/2202
f 1586/2018/2203 1718/2015/2200 1593/2017/2202
f 1593/2017/2202 1322/2019/2204 1240/2020/2205
f 1593/2017/2202 1240/2020/2205 1586/2018/2203
f 1240/2020/2205 1322/2019/2204 1022/2021/2206
f 429/2022/2207 1022/2021/2206 570/2023/2208
f 1240/2020/2205 1022/2021/2206 916/2024/2209
f 916/2024/2209 1022/2021/2206 791/2025/2210
f 916/2024/2209 791/2025/2210 472/2026/2211
f 472/2026/2211 791/2025/2210 514/2027/2212
f 472/2026/2211 514/2027/2212 448/2028/2213
f 448/2028/2213 514/2027/2212 217/2029/2214
f 424/2030/2215 472/2026/2211 448/2028/2213
f 472/2026/2211 424/2030/2215 801/2031/2216
f 472/2026/2211 801/2031/2216 916/2024/2209
s 0
f 916/2024/2217 904/2032/2218 1240/2020/2219
s 1
f 904/2032/2220 916/2024/2209 801/2031/2216
s 0
f 904/2032/2221 1239/2033/2222 1240/2020/2223
s 1
f 1239/2033/2224 1448/2034/2225 1586/2018/2203
f 1586/2018/2203 1448/2034/2225 1664/2035/2226
f 1239/2033/2224 1317/2036/2227 1448/2034/2225
f 1317/2036/2227 1239/2033/2224 904/2032/2220
f 1664/2035/2226 1448/2034/2225 1516/2037/2228
f 1516/2037/2228 1448/2034/2225 1317/2036/2227
f 1516/2037/2228 1317/2036/2227 1300/2038/2229
f 1516/2037/2228 1300/2038/2229 1297/2039/2230
f 1300/2038/2229 1317/2036/2227 1015/2040/2231
f 1015/2040/2231 1317/2036/2227 904/2032/2220
f 1516/2037/2228 1297/2039/2230 1491/2041/2232
f 1300/2038/2229 1118/2042/2233 1297/2039/2230
f 1297/2039/2230 1357/1956/2126 1491/2041/2232
f 1491/2041/2232 1357/1956/2126 1521/2043/2234
f 1491/2041/2232 1851/2044/2235 1516/2037/2228
f 1516/2037/2228 1851/2044/2235 1664/2035/2226
f 1688/2045/2236 1491/2041/2232 1521/2043/2234
f 1491/2041/2232 1688/2045/2236 1851/2044/2235
f 1851/2044/2235 1688/2045/2236 1960/2010/2191
f 1851/2044/2235 1960/2010/2191 1915/2046/2237
f 1858/2047/2238 1851/2044/2235 1915/2046/2237
f 1858/2047/2238 1915/2046/2237 1790/2048/2239
f 1915/2046/2237 2028/2011/2192 1965/2049/2240
f 1915/2046/2237 1965/2049/2240 1790/2048/2239
f 2028/2011/2192 2026/2012/2193 1965/2049/2240
f 1858/2047/2238 1790/2048/2239 1718/2015/2200
f 1240/2020/2205 1239/2033/2224 1586/2018/2203
f 1718/2015/2200 1586/2018/2203 1664/2035/2226
f 1718/2015/2200 1664/2035/2226 1858/2047/2238
f 1858/2047/2238 1664/2035/2226 1851/2044/2235
f 1973/2050/1748 1780/2051/1747 1869/2052/2241
f 1780/2051/1747 1657/1836/1745 1659/1835/1998
f 1869/2052/2241 1780/2051/1747 1776/2053/2242
f 1780/2051/1747 1659/1835/1998 1776/2053/2242
f 1776/2053/2242 1659/1835/1998 1631/1839/2001
f 1973/2050/1748 1869/2052/2241 1921/2054/2243
f 2017/2055/2244 1973/2050/1748 1921/2054/2243
f 1973/2050/1748 2017/2055/2244 2004/2056/1746
f 2004/2056/1746 2017/2055/2244 2040/2057/2245
f 2067/2058/1679 2004/2056/1746 2040/2057/2245
f 2004/2056/1746 2067/2058/1679 2081/2059/1681
f 1825/2060/2246 2089/2061/1666 2067/2058/1679
f 2089/2061/1666 1825/2060/2246 1835/2062/1664
f 1488/2063/1660 1835/2062/1664 1597/2064/2247
f 1597/2064/2247 1835/2062/1664 1825/2060/2246
f 1387/2065/2248 1488/2063/1660 1597/2064/2247
s 0
f 1488/2063/2249 1387/2065/2250 963/2066/2251
f 1597/2064/2252 1825/2060/2253 1387/2065/2254
s 1
f 1387/2065/2255 1825/2060/2246 1754/2067/2256
f 1387/2065/2255 1754/2067/2256 1262/2068/2257
f 1754/2067/2256 1825/2060/2246 2067/2058/1679
f 1754/2067/2256 2067/2058/1679 2040/2057/2245
f 2040/2057/2245 2017/2055/2244 1754/2067/2256
f 1754/2067/2256 2017/2055/2244 1765/2069/2258
f 2017/2055/2244 1921/2054/2243 1765/2069/2258
f 1765/2069/2258 1921/2054/2243 1801/2070/2259
f 1776/2053/2242 1801/2070/2259 1921/2054/2243
f 1776/2053/2242 1921/2054/2243 1869/2052/2241
f 1776/2053/2242 1631/1839/2001 1518/1848/2010
f 1801/2070/2259 1776/2053/2242 1518/1848/2010
s 0
f 1518/1848/2260 1405/1846/2261 1422/2071/2262
s 1
f 1801/2070/2259 1518/1848/2010 1422/2071/2263
f 1405/1846/2008 1271/2072/2264 1422/2071/2263
f 1271/2072/2264 1405/1846/2008 1169/1849/2011
f 1422/2071/2263 1271/2072/2264 1309/2073/2265
f 1422/2071/2263 1309/2073/2265 1333/2074/2266
f 1333/2074/2266 1309/2073/2265 1296/2075/2267
f 1801/2070/2259 1422/2071/2263 1397/2076/2268
f 1801/2070/2259 1397/2076/2268 1765/2069/2258
f 1397/2076/2268 1422/2071/2263 1333/2074/2266
f 1397/2076/2268 1333/2074/2266 1278/2077/2269
f 1278/2077/2269 1333/2074/2266 1296/2075/2267
f 1278/2077/2269 1296/2075/2267 1216/2078/2270
f 1068/2079/2271 1296/2075/2267 1271/2072/2264
f 1271/2072/2264 1296/2075/2267 1309/2073/2265
f 1271/2072/2264 1169/1849/2011 1074/1852/2014
f 1068/2079/2271 1271/2072/2264 1074/1852/2014
f 1074/1852/2014 865/1853/2015 1068/2079/2271
s 0
f 865/1853/2272 932/1948/2273 1068/2079/2274
s 1
f 1068/2079/2271 932/1948/2118 1138/1953/2123
f 1068/2079/2271 1138/1953/2123 1215/2080/2275
f 1138/1953/2123 1252/1955/2125 1215/2080/2275
f 1215/2080/2275 1252/1955/2125 1357/1956/2126
f 1215/2080/2275 1357/1956/2126 1297/2039/2230
f 1168/2081/2276 1215/2080/2275 1297/2039/2230
f 1521/2043/2234 1357/1956/2126 1345/1957/2127
f 1521/2043/2234 1345/1957/2127 1688/2045/2236
f 1345/1957/2127 1740/2009/2190 1688/2045/2236
f 1688/2045/2236 1740/2009/2190 1960/2010/2191
f 1960/2010/2191 1740/2009/2190 1999/2008/2189
f 1915/2046/2237 1960/2010/2191 2028/2011/2192
f 1740/2009/2190 1345/1957/2127 1753/1960/2130
f 1753/1960/2130 1345/1957/2127 1372/1958/2128
f 963/2066/1658 567/2082/1657 740/2083/1653
f 1387/2065/2255 920/2084/2277 804/2085/2278
f 920/2084/2277 1387/2065/2255 1262/2068/2257
f 1398/2086/2279 1262/2068/2257 1754/2067/2256
f 1398/2086/2279 1754/2067/2256 1765/2069/2258
f 1398/2086/2279 1765/2069/2258 1397/2076/2268
f 1398/2086/2279 1397/2076/2268 1295/2087/2280
f 1295/2087/2280 1397/2076/2268 1278/2077/2269
f 1262/2068/2257 1398/2086/2279 920/2084/2277
f 1398/2086/2279 1295/2087/2280 920/2084/2277
f 1295/2087/2280 1278/2077/2269 1216/2078/2270
f 1295/2087/2280 1216/2078/2270 737/2088/2281
f 1295/2087/2280 737/2088/2281 920/2084/2277
f 737/2088/2281 1216/2078/2270 1004/2089/2282
f 1004/2089/2282 1216/2078/2270 1118/2042/2233
f 1118/2042/2233 1216/2078/2270 1168/2081/2276
f 1168/2081/2276 1216/2078/2270 1296/2075/2267
f 805/2090/2283 1004/2089/2282 1118/2042/2233
f 474/2091/2284 1004/2089/2282 805/2090/2283
f 474/2091/2284 805/2090/2283 858/2092/2285
f 858/2092/2285 805/2090/2283 1015/2040/2231
f 474/2091/2284 858/2092/2285 279/2093/2286
f 801/2031/2216 858/2092/2285 904/2032/2220
f 1015/2040/2231 904/2032/2220 858/2092/2285
f 1300/2038/2229 1015/2040/2231 1118/2042/2233
f 1015/2040/2231 805/2090/2283 1118/2042/2233
f 1297/2039/2230 1118/2042/2233 1168/2081/2276
f 1215/2080/2275 1168/2081/2276 1068/2079/2271
f 1068/2079/2271 1168/2081/2276 1296/2075/2267
f 351/2094/1652 567/2082/1657 2378/2095/1656
f 2378/2095/1656 2353/2096/1967 162/2097/1655
s 0
f 567/2082/2287 963/2066/2288 2260/2098/2289
s 1
f 963/2066/2290 804/2085/2278 2260/2098/2291
f 804/2085/2278 963/2066/2290 1387/2065/2255
f 804/2085/2278 920/2084/2277 650/2099/2292
f 650/2099/2292 920/2084/2277 737/2088/2281
f 418/2100/2293 804/2085/2278 650/2099/2292
f 2260/2098/2291 804/2085/2278 418/2100/2293
f 650/2099/2292 432/2101/2294 418/2100/2293
f 418/2100/2293 432/2101/2294 144/2102/2295
f 2260/2098/2291 418/2100/2293 144/2102/2295
f 567/2082/1657 2260/2098/2291 2378/2095/1656
f 144/2102/2295 2400/2103/2296 2260/2098/2291
f 2400/2103/2296 144/2102/2295 2356/2104/2297
f 2260/2098/2291 2400/2103/2296 2378/2095/1656
s 0
f 2378/2095/2298 2455/2105/2299 2353/2096/2300
s 1
f 2455/2105/2301 2378/2095/1656 2400/2103/2296
f 2332/2106/1966 2353/2096/1967 2631/2107/1968
f 2631/2107/1968 2353/2096/1967 2455/2105/2301
f 2455/2105/2301 2610/2108/2302 2631/2107/1968
f 2610/2108/2302 2455/2105/2301 2400/2103/2296
f 2866/2109/1969 2631/2107/1968 2610/2108/2302
f 3003/2110/1970 2866/2109/1969 2723/2111/2303
s 0
f 2723/2111/2304 2866/2109/2305 2610/2108/2306
s 1
f 2577/2112/2307 2610/2108/2302 2400/2103/2296
f 2577/2112/2307 2400/2103/2296 2356/2104/2297
f 2723/2111/2303 3006/2113/2308 3003/2110/1970
f 2723/2111/2303 2610/2108/2302 2577/2112/2307
f 2723/2111/2303 2577/2112/2307 2460/2114/2309
f 2460/2114/2309 2577/2112/2307 2356/2104/2297
f 2356/2104/2297 124/2115/2310 2460/2114/2309
f 124/2115/2310 2356/2104/2297 144/2102/2295
s 0
f 124/2115/2311 144/2102/2312 432/2101/2313
s 1
f 432/2101/2294 650/2099/2292 737/2088/2281
f 432/2101/2294 737/2088/2281 1004/2089/2282
f 1004/2089/2282 474/2091/2284 432/2101/2294
s 0
f 124/2115/2314 432/2101/2315 474/2091/2316
s 1
f 124/2115/2310 474/2091/2284 10/2116/2317
f 178/2117/2318 474/2091/2284 279/2093/2286
f 124/2115/2310 10/2116/2317 2460/2114/2309
f 10/2116/2317 2518/2118/2319 2460/2114/2309
f 2723/2111/2303 2460/2114/2309 2518/2118/2319
f 2723/2111/2303 2518/2118/2319 2461/2119/2320
f 2678/2120/2321 2723/2111/2303 2461/2119/2320
f 3006/2113/2308 2723/2111/2303 2818/2121/2322
f 2723/2111/2303 2678/2120/2321 2818/2121/2322
f 3006/2113/2308 2818/2121/2322 2935/2122/2323
f 2935/2122/2323 2818/2121/2322 2831/2123/2324
f 2831/2123/2324 2720/2124/2325 2825/2125/2326
f 2831/2123/2324 2818/2121/2322 2678/2120/2321
f 2831/2123/2324 2678/2120/2321 2720/2124/2325
f 2720/2124/2325 2678/2120/2321 2606/2126/2327
f 2720/2124/2325 2606/2126/2327 2515/2127/2328
s 0
f 2515/2127/2329 2444/2128/2330 2364/2129/2331
s 1
f 2515/2127/2328 2606/2126/2327 2444/2128/2332
f 2713/2130/2333 2364/2129/2334 2499/2131/2335
f 2713/2130/2333 2499/2131/2335 2707/2132/2336
f 2707/2132/2336 2499/2131/2335 2479/2133/2337
f 2355/2134/2338 2499/2131/2335 2364/2129/2334
f 2479/2133/2337 2499/2131/2335 2355/2134/2338
f 2479/2133/2337 2355/2134/2338 79/2135/2339
f 2355/2134/2338 2364/2129/2334 2243/2136/2340
s 0
f 244/2137/2341 79/2135/2342 2355/2134/2343
s 1
f 244/2137/2344 2355/2134/2338 2243/2136/2340
f 79/2135/2339 244/2137/2344 429/2022/2207
f 429/2022/2207 244/2137/2344 514/2027/2212
f 514/2027/2212 244/2137/2344 2243/2136/2340
f 514/2027/2212 2243/2136/2340 2259/2138/2345
f 2444/2128/2332 2243/2136/2340 2364/2129/2334
f 2243/2136/2340 2444/2128/2332 2259/2138/2345
f 2444/2128/2332 2606/2126/2327 2397/2139/2346
f 2606/2126/2327 2678/2120/2321 2397/2139/2346
f 2259/2138/2345 2444/2128/2332 2397/2139/2346
f 514/2027/2212 2259/2138/2345 217/2029/2214
f 514/2027/2212 791/2025/2210 429/2022/2207
f 429/2022/2207 791/2025/2210 1022/2021/2206
f 429/2022/2207 570/2140/2208 79/2135/2339
f 3325/2141/1971 3003/2142/1970 3327/2143/2347
f 3327/2143/2347 3003/2142/1970 3133/2144/2348
f 3133/2144/2348 3003/2142/1970 3006/2145/2308
s 0
f 3133/2144/2349 3006/2145/2350 3257/2146/2351
s 1
f 3006/2145/2308 2935/2147/2323 3257/2146/2352
f 3011/2148/2353 2935/2147/2323 2831/2149/2324
f 3011/2148/2353 2831/2149/2324 2825/2150/2326
f 2825/2150/2326 2720/2151/2325 2894/2152/2354
f 2894/2152/2354 2720/2151/2325 2515/2153/2328
f 3121/2154/2355 2825/2150/2326 2894/2152/2354
f 2789/2155/2356 2515/2153/2328 2364/2156/2334
f 2894/2152/2354 2515/2153/2328 2789/2155/2356
f 2789/2155/2356 2364/2156/2334 2713/2157/2333
f 2713/2157/2333 2995/2158/2357 2789/2155/2356
f 2713/2157/2333 2707/2159/2336 2995/2158/2357
f 3157/2160/2358 3372/2161/2359 3614/2162/2360
f 2995/2158/2357 3157/2160/2358 3614/2162/2360
f 4026/2163/2361 3614/2162/2360 3782/2164/2362
f 3614/2162/2360 3423/2165/2363 2995/2158/2357
f 2995/2158/2357 3423/2165/2363 2789/2155/2356
f 3423/2165/2363 3614/2162/2360 3624/2166/2364
f 2789/2155/2356 3423/2165/2363 3334/2167/2365
f 2789/2155/2356 3334/2167/2365 2894/2152/2354
f 3624/2166/2364 3334/2167/2365 3423/2165/2363
f 3121/2154/2355 2894/2152/2354 3334/2167/2365
f 3304/2168/2366 3121/2154/2355 3334/2167/2365
f 3307/2169/2367 3121/2154/2355 3304/2168/2366
f 2825/2150/2326 3121/2154/2355 3307/2169/2367
f 2825/2150/2326 3307/2169/2367 3253/2170/2368
f 3011/2148/2353 2825/2150/2326 3246/2171/2369
f 2825/2150/2326 3253/2170/2368 3246/2171/2369
f 3011/2148/2353 3246/2171/2369 2935/2147/2323
f 3489/2172/2370 3246/2171/2369 3253/2170/2368
f 3246/2171/2369 3489/2172/2370 3488/2173/2371
f 3246/2171/2369 3488/2173/2371 3385/2174/2372
f 3246/2171/2369 3385/2174/2372 2935/2147/2323
f 3257/2146/2352 2935/2147/2323 3385/2174/2372
f 3257/2146/2352 3385/2174/2372 3133/2144/2348
f 3385/2174/2372 3488/2173/2371 3572/2175/2373
f 3385/2174/2372 3572/2175/2373 3133/2144/2348
f 3488/2173/2371 3489/2172/2370 3907/2176/2374
f 3572/2175/2373 3488/2173/2371 3901/2177/2375
f 3637/2178/2376 3907/2176/2374 3489/2172/2370
f 3489/2172/2370 3253/2170/2368 3637/2178/2376
f 3598/2179/2377 3637/2178/2376 3253/2170/2368
f 3253/2170/2368 3460/2180/2378 3598/2179/2377
f 3460/2180/2378 3253/2170/2368 3307/2169/2367
f 3753/2181/2379 3598/2179/2377 3757/2182/2380
f 3757/2182/2380 3598/2179/2377 3460/2180/2378
f 3460/2180/2378 3307/2169/2367 3732/2183/2381
f 3732/2183/2381 3307/2169/2367 3304/2168/2366
f 3478/2184/2382 3304/2168/2366 3334/2167/2365
f 3757/2182/2380 3460/2180/2378 3732/2183/2381
f 3478/2184/2382 3334/2167/2365 3624/2166/2364
f 4022/2185/2383 3624/2166/2364 3614/2162/2360
f 4022/2185/2383 3614/2162/2360 4026/2163/2361
f 4026/2163/2361 3782/2164/2362 4053/2186/2384
f 4026/2163/2361 4053/2186/2384 4293/2187/2385
f 4293/2187/2385 4197/2188/2386 4026/2163/2361
f 4293/2187/2385 4339/2189/2387 4197/2188/2386
f 4197/2188/2386 4339/2189/2387 4347/2190/2388
f 4347/2190/2388 4339/2189/2387 4349/2191/2389
f 4347/2190/2388 4349/2191/2389 4316/2192/2390
s 0
f 4347/2190/2391 4316/2192/2392 4346/2193/2393
s 1
f 4346/2193/2394 4316/2192/2390 4289/2194/2395
f 4233/2195/2396 4289/2194/2395 4255/2196/2397
f 4228/2197/2398 4233/2195/2396 4093/2198/2399
f 4228/2197/2398 4093/2198/2399 4055/2199/2400
f 4233/2195/2396 4228/2197/2398 4289/2194/2395
f 4092/2200/2401 4228/2197/2398 4055/2199/2400
f 4228/2197/2398 4279/2201/2402 4309/2202/2403
f 4309/2202/2403 4279/2201/2402 4346/2193/2394
f 4289/2194/2395 4228/2197/2398 4309/2202/2403
f 4289/2194/2395 4309/2202/2403 4346/2193/2394
f 4347/2190/2388 4195/2203/2404 4197/2188/2386
f 4195/2203/2404 4347/2190/2388 4099/2204/2405
f 4197/2188/2386 4195/2203/2404 4022/2185/2383
f 4195/2203/2404 4099/2204/2405 4022/2185/2383
f 4197/2188/2386 4022/2185/2383 4026/2163/2361
f 3624/2166/2364 4022/2185/2383 3827/2205/2406
f 3624/2166/2364 3827/2205/2406 3478/2184/2382
f 3827/2205/2406 4022/2185/2383 4099/2204/2405
f 3732/2183/2381 3827/2205/2406 4099/2204/2405
f 3478/2184/2382 3827/2205/2406 3732/2183/2381
f 3478/2184/2382 3732/2183/2381 3304/2168/2366
f 3924/2206/2407 3732/2183/2381 4099/2204/2405
f 3732/2183/2381 3924/2206/2407 3922/2207/2408
f 3924/2206/2407 4099/2204/2405 4137/2208/2409
f 4099/2204/2405 4347/2190/2388 4137/2208/2409
f 4137/2208/2409 4347/2190/2388 4346/2193/2394
f 3922/2207/2408 3924/2206/2407 4137/2208/2409
f 3732/2183/2381 3922/2207/2408 3757/2182/2380
f 3757/2182/2380 3922/2207/2408 3876/2209/2410
f 3753/2181/2379 3757/2182/2380 3876/2209/2410
f 4104/2210/2411 3922/2207/2408 4137/2208/2409
f 4104/2210/2411 4137/2208/2409 4346/2193/2394
f 4279/2201/2402 4104/2210/2411 4346/2193/2394
f 4104/2210/2411 4279/2201/2402 4092/2200/2401
f 4092/2200/2401 4279/2201/2402 4228/2197/2398
s 0
f 4059/2211/2412 4092/2200/2413 4055/2199/2414
s 1
f 4000/2212/2415 4059/2211/2416 3994/2213/2417
f 4059/2211/2416 4055/2199/2400 3994/2213/2417
f 4059/2211/2416 4000/2212/2415 4092/2200/2401
f 4092/2200/2401 4000/2212/2415 3971/2214/2418
f 4092/2200/2401 3971/2214/2418 3944/2215/2419
f 4092/2200/2401 3944/2215/2419 4104/2210/2411
f 4104/2210/2411 3944/2215/2419 3876/2209/2410
f 4104/2210/2411 3876/2209/2410 3922/2207/2408
f 3876/2209/2410 3944/2215/2419 3846/2216/2420
f 3753/2181/2379 3876/2209/2410 3846/2216/2420
f 3846/2216/2420 3944/2215/2419 3788/2217/2421
f 3739/2218/2422 3846/2216/2420 3788/2217/2421
f 3788/2217/2421 3944/2215/2419 3971/2214/2418
f 3736/2219/2423 3753/2181/2379 3846/2216/2420
f 3736/2219/2423 3846/2216/2420 3739/2218/2422
f 3723/2220/2424 3753/2181/2379 3736/2219/2423
f 3598/2179/2377 3753/2181/2379 3723/2220/2424
f 3637/2178/2376 3598/2179/2377 3723/2220/2424
f 3766/2221/2425 3637/2178/2376 3723/2220/2424
f 3723/2220/2424 3736/2219/2423 3706/2222/2426
f 3766/2221/2425 3723/2220/2424 3706/2222/2426
f 3706/2222/2426 3736/2219/2423 3552/2223/2427
f 3766/2221/2425 3706/2222/2426 3884/2224/2428
f 3707/2225/2429 3706/2222/2426 3552/2223/2427
f 3864/1912/2066 3884/2224/2428 3706/2222/2426
f 3864/1912/2066 3706/2222/2426 3713/2226/2430
f 3713/2226/2430 3706/2222/2426 3707/2225/2429
f 3955/1911/2065 3864/1912/2066 3713/2226/2430
f 3955/1911/2065 3713/2226/2430 3746/1913/2071
f 3713/2226/2430 3707/2225/2429 3564/1916/2077
f 3564/1916/2077 3746/1913/2071 3713/2226/2430
f 3707/2225/2429 3552/2223/2427 3564/1916/2077
f 3552/2223/2427 3736/2219/2423 3739/2218/2422
f 3166/1924/2085 3261/1914/2076 3338/1915/2075
f 3166/1924/2085 3338/1915/2075 3337/2227/2431
f 3337/2227/2431 3338/1915/2075 3564/1916/2077
f 3166/1924/2085 3407/2228/2432 2943/1925/2086
f 3407/2228/2432 3166/1924/2085 3337/2227/2431
f 2943/1925/2086 3407/2228/2432 3092/1927/2088
f 2913/1929/2090 3092/1927/2088 3311/2229/2433
f 3092/1927/2088 3407/2228/2432 3311/2229/2433
f 3337/2227/2431 3564/1916/2077 3552/2223/2427
f 3337/2227/2431 3552/2223/2427 3407/2228/2432
f 3407/2228/2432 3552/2223/2427 3635/2230/2434
f 3407/2228/2432 3635/2230/2434 3311/2229/2433
f 3635/2230/2434 3552/2223/2427 3739/2218/2422
f 3635/2230/2434 3739/2218/2422 3788/2217/2421
f 3635/2230/2434 3562/2231/2435 3311/2229/2433
f 3635/2230/2434 3788/2217/2421 3562/2231/2435
f 3562/2231/2435 3788/2217/2421 3971/2214/2418
f 3562/2231/2435 3971/2214/2418 3910/2232/2436
f 3910/2232/2436 3971/2214/2418 4000/2212/2415
f 3562/2231/2435 3910/2232/2436 3558/2233/2437
f 3910/2232/2436 4000/2212/2415 3857/2234/2438
f 3857/2234/2438 4000/2212/2415 3994/2213/2417
f 3857/2234/2438 3561/2235/2439 3558/2233/2437
f 3857/2234/2438 3558/2233/2437 3910/2232/2436
f 3558/2233/2437 3561/2235/2439 3415/2236/2440
f 3558/2233/2437 3453/2237/2441 3562/2231/2435
f 3558/2233/2437 3415/2236/2440 3453/2237/2441
f 3562/2231/2435 3453/2237/2441 3311/2229/2433
f 3311/2229/2433 3453/2237/2441 3278/2238/2442
f 3278/2238/2442 3453/2237/2441 3415/2236/2440
f 2913/1929/2090 3311/2229/2433 3278/2238/2442
f 3278/2238/2442 3415/2236/2440 3132/1937/2098
f 3132/1937/2098 3415/2236/2440 3008/2239/2443
f 3008/2239/2443 3415/2236/2440 3561/2235/2439
f 2840/1935/2096 3132/1937/2098 3008/2239/2443
f 3008/2239/2443 2748/1980/2154 2840/1935/2096
f 3569/2240/2444 3561/2235/2439 3857/2234/2438
f 3569/2240/2444 3857/2234/2438 3682/2241/2445
f 3561/2235/2439 3569/2240/2444 3213/2242/2446
f 3561/2235/2439 3213/2242/2446 3008/2239/2443
f 3213/2242/2446 2748/1980/2154 3008/2239/2443
f 3213/2242/2446 3085/1981/2155 2748/1980/2154
f 3085/1981/2155 3213/2242/2446 3055/1982/2156
f 3418/2243/2447 3055/1982/2156 3213/2242/2446
f 3418/2243/2447 3213/2242/2446 3569/2240/2444
f 3055/1982/2156 3418/2243/2447 2887/2244/2448
f 3055/1982/2156 2887/2244/2448 2572/1983/2157
f 2265/1984/2158 2572/1983/2157 2440/2245/2449
s 0
f 4175/2246/2450 3962/2247/2451 4101/2248/2452
s 1
f 4425/1904/1981 4362/2249/1980 4295/2250/2453
f 4362/2249/1980 4245/2251/1982 4295/2250/2453
f 4295/2250/2453 4245/2251/1982 4175/2246/1977
f 4467/1898/2056 4488/1899/2057 4464/1907/2061
f 4464/1907/2061 4488/1899/2057 4456/1903/2058
f 4425/1904/1981 4295/2250/2453 4297/1910/2064
f 4425/1904/1981 4297/1910/2064 4456/1903/2058
f 4175/2246/1977 4297/1910/2064 4295/2250/2453
f 4297/1910/2064 4175/2246/1977 4210/2252/2454
f 4175/2246/1977 4142/2253/2455 4210/2252/2454
s 0
f 4175/2246/2456 4101/2248/2457 4142/2253/2458
f 4101/2248/2459 3962/2247/2460 3690/2254/2461
s 1
f 4101/2248/2462 3690/2254/1972 3882/2255/2463
f 3882/2255/2463 3690/2254/1972 3692/2256/2464
f 3692/2256/2464 3690/2254/1972 3327/2143/2347
f 4101/2248/2462 3882/2255/2463 4041/2257/2465
s 0
f 4101/2248/2466 4041/2257/2467 4142/2253/2468
s 1
f 4159/2258/2469 4297/1910/2064 4210/2252/2454
f 4384/1908/2062 4297/1910/2064 4159/2258/2469
f 4089/1909/2063 4384/1908/2062 4159/2258/2469
f 4089/1909/2063 4159/2258/2469 3864/1912/2066
f 3884/2224/2428 3864/1912/2066 4159/2258/2469
f 3766/2221/2425 3884/2224/2428 3907/2176/2374
f 3637/2178/2376 3766/2221/2425 3907/2176/2374
f 3907/2176/2374 3884/2224/2428 4159/2258/2469
f 4159/2258/2469 4210/2252/2454 4041/2257/2465
f 4041/2257/2465 4210/2252/2454 4142/2253/2455
f 3907/2176/2374 4159/2258/2469 4041/2257/2465
f 3907/2176/2374 4041/2257/2465 3901/2177/2375
f 3907/2176/2374 3901/2177/2375 3488/2173/2371
f 4041/2257/2465 3882/2255/2463 3901/2177/2375
f 3901/2177/2375 3882/2255/2463 3692/2256/2464
s 0
f 3692/2256/2470 3327/2143/2471 3901/2177/2472
f 3327/2143/2473 3572/2175/2474 3901/2177/2475
s 1
f 3327/2143/2347 3133/2144/2348 3572/2175/2373
f 2659/1874/2039 2948/1877/2040 2999/2259/2476
f 2948/1877/2040 3347/1880/2042 2999/2259/2476
f 3347/1880/2042 3845/1882/2043 3653/1921/2082
f 3653/1921/2082 3845/1882/2043 3823/1886/2045
f 3845/1882/2043 4108/1883/1927 3823/1886/2045
f 3653/1921/2082 3295/1895/2053 3347/1880/2042
f 3347/1880/2042 3295/1895/2053 2999/2259/2476
f 2999/2259/2476 3295/1895/2053 3224/1920/2081
f 2999/2259/2476 3224/1920/2081 2403/1871/2036
f 2999/2259/2476 2403/1871/2036 2301/1870/2035
f 2999/2259/2476 2301/1870/2035 2659/1874/2039
f 2403/1871/2036 3224/1920/2081 3164/1919/2080
f 2403/1871/2036 3164/1919/2080 2665/1922/2083
f 3690/2254/1972 3325/2141/1971 3327/2143/2347
f 91/1867/2032 2278/1933/2094 58/1943/2110
f 369/1864/2029 91/1867/2032 58/1943/2110
f 369/1864/2029 58/1943/2110 409/1856/2018
f 10/2116/2317 474/2091/2284 178/2117/2318
f 2518/2118/2319 10/2116/2317 2258/2260/2477
f 2258/2260/2477 10/2116/2317 178/2117/2318
f 2518/2118/2319 2258/2260/2477 2461/2119/2320
f 2258/2260/2477 178/2117/2318 279/2093/2286
f 19/2261/2478 2258/2260/2477 279/2093/2286
f 279/2093/2286 448/2028/2213 19/2261/2478
f 2678/2120/2321 2461/2119/2320 2397/2139/2346
f 2259/2138/2345 2397/2139/2346 2461/2119/2320
f 2259/2138/2345 2461/2119/2320 2258/2260/2477
f 2259/2138/2345 2258/2260/2477 19/2261/2478
f 19/2261/2478 217/2029/2214 2259/2138/2345
f 2913/1929/2090 2923/2262/2479 2729/1932/2093
f 2729/1932/2093 2923/2262/2479 3132/1937/2098
f 2923/2262/2479 3278/2238/2442 3132/1937/2098
f 2923/2262/2479 2913/1929/2090 3278/2238/2442
f 2615/1938/2152 2840/1935/2096 2748/1980/2154
f 448/2028/2213 279/2093/2286 858/2092/2285
f 448/2028/2213 858/2092/2285 801/2031/2216
f 448/2028/2213 801/2031/2216 424/2030/2215
f 448/2028/2213 217/2029/2214 19/2261/2478
f 4055/2199/2400 4093/2198/2399 3994/2213/2417
f 3994/2213/2417 3852/2263/2480 3857/2234/2438
f 3682/2241/2445 3857/2234/2438 3852/2263/2480
f 3418/2243/2447 3569/2240/2444 3682/2241/2445
f 1616/2264/2171 1472/2265/2170 1512/2266/2481
f 1512/2266/2481 1472/2265/2170 1018/2267/2169
f 1018/2267/2169 639/2268/2482 1512/2266/2481
f 1018/2267/2169 683/2269/2167 488/2270/2166
f 1018/2267/2169 488/2270/2166 639/2268/2482
f 1393/2271/2483 639/2268/2482 644/2272/2484
f 1512/2266/2481 639/2268/2482 1393/2271/2483
f 1393/2271/2483 644/2272/2484 1130/2273/2485
f 1393/2271/2483 1130/2273/2485 1290/2274/2486
f 1393/2271/2483 1290/2274/2486 1501/2275/2487
f 1512/2266/2481 1393/2271/2483 1501/2275/2487
f 1512/2266/2481 1501/2275/2487 1661/2276/2488
f 1616/2264/2171 1512/2266/2481 1661/2276/2488
f 700/2277/2489 1130/2273/2485 644/2272/2484
f 644/2272/2484 459/2278/2490 700/2277/2489
f 1130/2273/2485 700/2277/2489 1177/2279/2491
s 0
f 488/2270/2492 644/2272/2493 639/2268/2494
s 1
f 4/2280/2165 2/2281/2164 2326/2282/2495
f 2/2281/2164 2265/2283/2158 2440/2284/2449
f 2/2281/2164 2440/2284/2449 2326/2282/2495
f 2440/2284/2449 2572/2285/2157 2887/2286/2448
f 2440/2284/2449 2887/2286/2448 3135/2287/2496
f 2440/2284/2449 3135/2287/2496 2562/2288/2497
f 3418/2289/2447 3217/2290/2498 2887/2286/2448
f 2887/2286/2448 3217/2290/2498 3135/2287/2496
s 0
f 3682/2291/2499 3217/2290/2500 3418/2292/2501
s 1
f 3217/2290/2498 3682/2291/2445 3135/2287/2496
f 3682/2291/2445 3852/2293/2480 3135/2287/2496
f 3911/2294/2502 3852/2293/2480 3994/2295/2417
f 3911/2294/2502 3994/2295/2417 4093/2296/2399
f 3326/2297/2503 3852/2293/2480 3911/2294/2502
f 3135/2287/2496 3852/2293/2480 3326/2297/2503
f 3135/2287/2496 2979/2298/2504 2562/2288/2497
f 2440/2284/2449 2562/2288/2497 2326/2282/2495
f 2562/2288/2497 2979/2298/2504 2843/2299/2505
f 2843/2299/2505 2979/2298/2504 2981/2300/2506
f 2562/2288/2497 2316/2301/2507 2326/2282/2495
f 2316/2301/2507 2562/2288/2497 2843/2299/2505
f 2582/2302/2508 2316/2301/2507 2843/2299/2505
f 2582/2302/2508 2843/2299/2505 2669/2303/2509
f 2669/2303/2509 2857/2304/2510 2854/2305/2511
f 2669/2303/2509 2843/2299/2505 2857/2304/2510
f 2854/2305/2511 2476/2306/2512 2669/2303/2509
f 2476/2306/2512 2854/2305/2511 2641/2307/2513
f 2476/2306/2512 2641/2307/2513 2619/2308/2514
f 2669/2303/2509 2476/2306/2512 2233/2309/2515
f 2669/2303/2509 2233/2309/2515 2582/2302/2508
f 292/2310/2516 2233/2309/2515 2476/2306/2512
f 292/2310/2516 2476/2306/2512 2262/2311/2517
f 292/2310/2516 2262/2311/2517 2238/2312/2518
f 2262/2311/2517 2476/2306/2512 2619/2308/2514
f 2238/2312/2518 2262/2311/2517 2451/2313/2519
f 2451/2313/2519 2262/2311/2517 2619/2308/2514
f 2238/2312/2518 2451/2313/2519 283/2314/2520
f 2451/2313/2519 45/2315/2521 283/2314/2520
f 2451/2313/2519 2619/2308/2514 2636/2316/2522
f 2619/2308/2514 2796/2317/2523 2636/2316/2522
f 2619/2308/2514 2641/2307/2513 2796/2317/2523
f 2796/2317/2523 2641/2307/2513 2890/2318/2524
f 2921/2319/2525 2890/2318/2524 2641/2307/2513
f 2921/2319/2525 2641/2307/2513 2854/2305/2511
f 2879/2320/2526 2636/2316/2522 2796/2317/2523
f 2712/2321/2527 2636/2316/2522 2772/2322/2528
f 2636/2316/2522 2712/2321/2527 2451/2313/2519
f 2451/2313/2519 2712/2321/2527 45/2315/2521
f 2846/2323/2529 2772/2322/2528 2636/2316/2522
f 2712/2321/2527 2772/2322/2528 2559/2324/2530
f 2712/2321/2527 2559/2324/2530 45/2315/2521
s 0
f 2772/2322/2531 2718/2325/2532 2559/2324/2533
s 1
f 2718/2325/2534 2772/2322/2528 2848/2326/2535
f 2848/2326/2535 2772/2322/2528 2931/2327/2536
f 2848/2326/2535 2931/2327/2536 3153/2328/2537
f 3153/2328/2537 2931/2327/2536 3201/2329/2538
f 3506/2330/2539 3153/2328/2537 3201/2329/2538
f 3201/2329/2538 2931/2327/2536 3061/2331/2540
f 2931/2327/2536 2846/2323/2529 3061/2331/2540
f 3201/2329/2538 3061/2331/2540 3409/2332/2541
f 2846/2323/2529 2931/2327/2536 2772/2322/2528
f 2846/2323/2529 2879/2320/2526 3061/2331/2540
f 2879/2320/2526 2846/2323/2529 2636/2316/2522
f 3065/2333/2542 2879/2320/2526 2796/2317/2523
f 2879/2320/2526 3065/2333/2542 3061/2331/2540
f 3065/2333/2542 2796/2317/2523 3128/2334/2543
f 3128/2334/2543 2796/2317/2523 2890/2318/2524
f 3128/2334/2543 2890/2318/2524 3309/2335/2544
f 3309/2335/2544 2890/2318/2524 2921/2319/2525
f 2921/2319/2525 2854/2305/2511 3359/2336/2545
f 2854/2305/2511 2857/2304/2510 3359/2336/2545
f 3309/2335/2544 2921/2319/2525 3359/2336/2545
s 0
f 3359/2336/2546 2857/2304/2547 3439/2337/2548
s 1
f 2857/2304/2510 2843/2299/2505 2981/2300/2506
f 3129/2338/2549 2857/2304/2510 2981/2300/2506
f 3439/2337/2550 2857/2304/2510 3129/2338/2549
f 3326/2297/2503 2981/2300/2506 2979/2298/2504
f 3129/2338/2549 2981/2300/2506 3326/2297/2503
f 3326/2297/2503 2979/2298/2504 3135/2287/2496
f 3842/2339/2551 3129/2338/2549 3326/2297/2503
s 0
f 3326/2297/2552 3911/2294/2553 3842/2339/2554
f 3842/2339/2555 3911/2294/2556 4011/2340/2557
s 1
f 3129/2338/2549 3842/2339/2551 3810/2341/2558
f 3129/2338/2549 3810/2341/2558 3439/2337/2550
f 3439/2337/2550 3810/2341/2558 3672/2342/2559
f 3672/2342/2559 3810/2341/2558 3799/2343/2560
f 3439/2337/2550 3672/2342/2559 3623/2344/2561
f 3439/2337/2550 3623/2344/2561 3359/2336/2545
f 3672/2342/2559 3799/2343/2560 4057/2345/2562
f 4057/2345/2562 3799/2343/2560 4149/2346/2563
f 3672/2342/2559 4057/2345/2562 3747/2347/2564
f 3672/2342/2559 3747/2347/2564 3623/2344/2561
f 3747/2347/2564 4057/2345/2562 4128/2348/2565
f 3623/2344/2561 3747/2347/2564 3359/2336/2545
f 3747/2347/2564 3309/2335/2544 3359/2336/2545
f 3381/2349/2566 3128/2334/2543 3309/2335/2544
f 3381/2349/2566 3309/2335/2544 3541/2350/2567
f 3541/2350/2567 3309/2335/2544 3747/2347/2564
f 3541/2350/2567 3747/2347/2564 3702/2351/2568
f 3541/2350/2567 3549/2352/2569 3381/2349/2566
f 3541/2350/2567 3702/2351/2568 3549/2352/2569
f 3381/2349/2566 3274/2353/2570 3128/2334/2543
f 3381/2349/2566 3549/2352/2569 3512/2354/2571
f 3274/2353/2570 3381/2349/2566 3462/2355/2572
f 3462/2355/2572 3381/2349/2566 3512/2354/2571
f 3512/2354/2571 3549/2352/2569 3738/2356/2573
f 3738/2356/2573 3549/2352/2569 3702/2351/2568
f 3512/2354/2571 3738/2356/2573 3785/2357/2574
f 3738/2356/2573 3702/2351/2568 4124/2358/2575
f 3702/2351/2568 3747/2347/2564 4128/2348/2565
f 4057/2345/2562 4149/2346/2563 4318/2359/2576
f 4149/2346/2563 3799/2343/2560 4037/2360/2577
f 4037/2360/2577 3799/2343/2560 3810/2341/2558
f 4037/2360/2577 3810/2341/2558 3842/2339/2551
f 4037/2360/2577 3842/2339/2551 4011/2340/2578
f 4011/2340/2578 4093/2296/2399 4037/2360/2577
f 4011/2340/2578 3911/2294/2502 4093/2296/2399
f 4093/2296/2399 4233/2361/2396 4037/2360/2577
s 0
f 4233/2361/2579 4255/2362/2580 4037/2360/2581
s 1
f 4037/2360/2577 4255/2362/2397 4149/2346/2563
f 4149/2346/2563 4255/2362/2397 4316/2363/2390
f 4318/2359/2576 4149/2346/2563 4316/2363/2390
f 4186/2364/2582 4318/2359/2576 4349/2365/2389
f 4339/2366/2387 4186/2364/2582 4349/2365/2389
f 4186/2364/2582 4339/2366/2387 4312/2367/2583
f 4349/2365/2389 4318/2359/2576 4316/2363/2390
f 4316/2363/2390 4255/2362/2397 4289/2368/2395
s 0
f 4339/2366/2584 4293/2369/2585 4275/2370/2586
s 1
f 4312/2367/2583 4339/2366/2387 4275/2370/2587
f 4312/2367/2583 4275/2370/2587 4267/2371/2588
f 4312/2367/2583 4267/2371/2588 4186/2364/2582
f 4124/2358/2575 4267/2371/2588 4155/2372/2589
f 4186/2364/2582 4267/2371/2588 4124/2358/2575
f 4128/2348/2565 4186/2364/2582 4124/2358/2575
f 4057/2345/2562 4318/2359/2576 4186/2364/2582
f 4057/2345/2562 4186/2364/2582 4128/2348/2565
f 4128/2348/2565 4124/2358/2575 3702/2351/2568
f 3738/2356/2573 4124/2358/2575 3923/2373/2590
f 3923/2373/2590 4124/2358/2575 4155/2372/2589
f 3738/2356/2573 3923/2373/2590 3785/2357/2574
f 3923/2373/2590 4155/2372/2589 4192/2374/2591
f 3923/2373/2590 4192/2374/2591 3975/2375/2592
f 3923/2373/2590 3975/2375/2592 3785/2357/2574
f 3785/2357/2574 3975/2375/2592 3754/2376/2593
f 3754/2376/2593 3516/2377/2594 3500/2378/2595
f 3754/2376/2593 3610/2379/2596 3785/2357/2574
f 3512/2354/2571 3785/2357/2574 3502/2380/2597
f 3502/2380/2597 3785/2357/2574 3610/2379/2596
f 3754/2376/2593 3500/2378/2595 3610/2379/2596
f 3448/2381/2598 3500/2378/2595 3349/2382/2599
f 3349/2382/2599 3277/2383/2600 3448/2381/2598
f 3500/2378/2595 3448/2381/2598 3610/2379/2596
f 3482/2384/2601 3448/2381/2598 3277/2383/2600
f 3277/2383/2600 3223/2385/2602 3342/2386/2603
f 3482/2384/2601 3277/2383/2600 3342/2386/2603
f 3342/2386/2603 3400/2387/2604 3759/2388/2605
f 3342/2386/2603 3223/2385/2602 3216/2389/2606
f 3342/2386/2603 3216/2389/2606 3400/2387/2604
f 3400/2387/2604 3216/2389/2606 3200/2390/2607
f 3400/2387/2604 3200/2390/2607 3712/2391/2608
f 3200/2390/2607 3577/2392/2609 3712/2391/2608
f 3400/2387/2604 3712/2391/2608 3759/2388/2605
f 3712/2391/2608 3577/2392/2609 3995/2393/2610
f 3995/2393/2610 3577/2392/2609 3986/2394/2611
f 3986/2394/2611 4310/2395/2612 4311/2396/2613
f 3986/2394/2611 4311/2396/2613 3995/2393/2610
f 4311/2396/2613 4319/2397/2614 4260/2398/2615
f 3712/2391/2608 3995/2393/2610 3759/2388/2605
f 3759/2388/2605 3995/2393/2610 3939/2399/2616
f 3342/2386/2603 3759/2388/2605 3731/2400/2617
f 3342/2386/2603 3731/2400/2617 3482/2384/2601
f 3759/2388/2605 3939/2399/2616 3731/2400/2617
f 3482/2384/2601 3731/2400/2617 3603/2401/2618
f 3731/2400/2617 3939/2399/2616 3822/2402/2619
f 3482/2384/2601 3603/2401/2618 3448/2381/2598
f 3603/2401/2618 3731/2400/2617 3656/2403/2620
f 3448/2381/2598 3603/2401/2618 3508/2404/2621
f 3448/2381/2598 3508/2404/2621 3610/2379/2596
f 3610/2379/2596 3508/2404/2621 3502/2380/2597
f 3508/2404/2621 3603/2401/2618 3501/2405/2622
f 3512/2354/2571 3502/2380/2597 3462/2355/2572
f 3502/2380/2597 3472/2406/2623 3462/2355/2572
f 3502/2380/2597 3508/2404/2621 3501/2405/2622
f 3502/2380/2597 3501/2405/2622 3472/2406/2623
f 3462/2355/2572 3472/2406/2623 3274/2353/2570
f 3472/2406/2623 3501/2405/2622 3466/2407/2624
f 3274/2353/2570 3472/2406/2623 3283/2408/2625
f 3283/2408/2625 3472/2406/2623 3466/2407/2624
f 3065/2333/2542 3274/2353/2570 3283/2408/2625
f 3274/2353/2570 3065/2333/2542 3128/2334/2543
f 3065/2333/2542 3283/2408/2625 3061/2331/2540
f 3061/2331/2540 3283/2408/2625 3409/2332/2541
f 3409/2332/2541 3283/2408/2625 3466/2407/2624
f 3201/2329/2538 3409/2332/2541 3666/2409/2626
f 3506/2330/2539 3201/2329/2538 3666/2409/2626
f 3666/2409/2626 3409/2332/2541 3466/2407/2624
f 3466/2407/2624 3652/2410/2627 3666/2409/2626
f 3466/2407/2624 3501/2405/2622 3652/2410/2627
f 3501/2405/2622 3581/2411/2628 3652/2410/2627
f 3501/2405/2622 3603/2401/2618 3581/2411/2628
f 3581/2411/2628 3603/2401/2618 3656/2403/2620
f 3581/2411/2628 3656/2403/2620 3652/2410/2627
f 3822/2402/2619 3656/2403/2620 3731/2400/2617
f 3858/2412/2629 3656/2403/2620 3822/2402/2619
f 3656/2403/2620 3858/2412/2629 3652/2410/2627
f 4035/2413/2630 3822/2402/2619 3939/2399/2616
f 4174/2414/2631 3822/2402/2619 4035/2413/2630
f 4174/2414/2631 4035/2413/2630 4274/2415/2632
f 4035/2413/2630 3939/2399/2616 3995/2393/2610
f 4035/2413/2630 3995/2393/2610 4311/2396/2613
f 4035/2413/2630 4311/2396/2613 4274/2415/2632
f 4274/2415/2632 4311/2396/2613 4260/2398/2615
f 4274/2415/2632 4214/2416/2633 4174/2414/2631
s 0
f 4214/2416/2634 4096/2417/2635 4110/2418/2636
s 1
f 4214/2416/2633 4110/2418/2637 4174/2414/2631
f 4174/2414/2631 4110/2418/2637 3909/2419/2638
f 4110/2418/2637 4096/2417/2639 3918/2420/2640
f 3760/2421/2641 3563/2422/2642 3436/2423/2643
f 3080/2424/2644 3058/2425/2645 2883/2426/2646
f 3000/2427/2647 3080/2424/2644 2883/2426/2646
f 3000/2427/2647 2883/2426/2646 2844/2428/2648
f 3436/2423/2643 3080/2424/2644 3284/2429/2649
f 2848/2326/2535 3000/2427/2647 2844/2428/2648
f 2690/2430/2650 2848/2326/2535 2844/2428/2648
f 2690/2430/2650 2844/2428/2648 2749/2431/2651
f 2749/2431/2651 2844/2428/2648 2883/2432/2646
f 2690/2430/2650 2749/2431/2651 2611/2433/2652
f 2560/2434/2653 2690/2430/2650 2611/2433/2652
f 2690/2430/2650 2718/2325/2534 2848/2326/2535
f 2690/2430/2650 2560/2434/2653 2718/2325/2534
f 2560/2434/2653 2307/2435/2654 2457/2436/2655
f 2560/2434/2653 2457/2436/2655 2718/2325/2534
f 2307/2435/2654 398/2437/2656 198/2438/2657
f 398/2437/2656 2307/2435/2654 2560/2434/2653
f 332/2439/2658 398/2437/2656 2560/2434/2653
f 285/2440/2659 2560/2434/2653 2611/2433/2652
s 0
f 332/2439/2660 2560/2434/2661 285/2440/2662
s 1
f 285/2440/2659 2611/2433/2652 2458/2441/2663
f 2458/2441/2663 2611/2433/2652 2726/2442/2664
f 2458/2441/2663 93/2443/2665 406/2444/2666
f 2458/2441/2663 406/2444/2666 285/2440/2659
f 406/2444/2666 93/2443/2665 294/2445/2667
f 406/2444/2666 294/2445/2667 479/2446/2668
f 406/2444/2666 479/2446/2668 465/2447/2669
f 406/2444/2666 465/2447/2669 285/2440/2659
f 398/2437/2656 332/2439/2658 450/2448/2670
f 332/2439/2658 285/2440/2659 401/2449/2671
f 401/2449/2671 285/2440/2659 465/2447/2669
f 450/2448/2670 332/2439/2658 401/2449/2671
f 450/2448/2670 401/2449/2671 763/2450/2672
f 768/2451/2673 479/2446/2668 736/2452/2674
f 1203/2453/2675 736/2452/2674 850/2454/2676
f 1203/2453/2675 1336/2455/2677 1378/2456/2678
f 1203/2453/2675 955/2457/2679 736/2452/2674
f 955/2457/2679 1203/2453/2675 1198/2458/2680
f 736/2452/2674 955/2457/2679 768/2451/2673
f 479/2446/2668 768/2451/2673 465/2447/2669
f 465/2447/2669 768/2451/2673 774/2459/2681
f 401/2449/2671 465/2447/2669 774/2459/2681
f 763/2450/2672 401/2449/2671 774/2459/2681
f 763/2450/2672 774/2459/2681 995/2460/2682
f 938/2461/2683 774/2459/2681 874/2462/2684
f 774/2459/2681 938/2461/2683 995/2460/2682
f 1273/2463/2685 874/2462/2684 999/2464/2686
s 0
f 999/2464/2687 874/2462/2688 774/2459/2689
s 1
f 999/2464/2686 774/2459/2681 768/2451/2673
f 999/2464/2686 768/2451/2673 955/2457/2679
f 999/2464/2686 955/2457/2679 1198/2458/2680
f 1208/2465/2690 999/2464/2686 1198/2458/2680
f 999/2464/2686 1208/2465/2690 1273/2463/2685
f 1378/2456/2678 1198/2458/2680 1203/2453/2675
f 1378/2456/2678 1336/2455/2677 1820/2466/2691
f 1820/2466/2691 1336/2455/2677 1749/2467/2692
f 1749/2467/2692 1940/2468/2693 1820/2466/2691
f 1820/2466/2691 1704/2469/2694 1378/2456/2678
f 1704/2469/2694 1820/2466/2691 1940/2468/2693
f 1378/2456/2678 1704/2469/2694 1198/2458/2680
f 1404/2470/2695 1198/2458/2680 1704/2469/2694
f 1198/2458/2680 1404/2470/2695 1208/2465/2690
f 1404/2470/2695 1704/2469/2694 1596/2471/2696
f 1596/2471/2696 1704/2469/2694 1773/2472/2697
f 1208/2465/2690 1404/2470/2695 1273/2463/2685
f 1273/2463/2685 1146/2473/2698 874/2462/2684
f 1249/2474/2699 1273/2463/2685 1404/2470/2695
f 1146/2473/2698 1273/2463/2685 1249/2474/2699
f 1146/2473/2698 1249/2474/2699 1158/2475/2700
f 1249/2474/2699 1404/2470/2695 1426/2476/2701
f 1426/2476/2701 1404/2470/2695 1596/2471/2696
f 1596/2471/2696 1535/2477/2702 1426/2476/2701
f 1249/2474/2699 1426/2476/2701 1176/2478/2703
f 1176/2478/2703 1426/2476/2701 1359/2479/2704
f 1359/2479/2704 1426/2476/2701 1540/2480/2705
f 1540/2480/2705 1426/2476/2701 1535/2477/2702
s 0
f 1535/2477/2706 1596/2471/2707 1905/2481/2708
s 1
f 1535/2477/2702 1905/2481/2709 1757/2482/2710
f 1905/2481/2709 1596/2471/2696 1773/2472/2697
f 1940/2468/2693 1773/2472/2697 1704/2469/2694
f 1905/2481/2709 1773/2472/2697 1923/2483/2711
f 1862/2484/2712 1905/2481/2709 1923/2483/2711
f 1905/2481/2709 1862/2484/2712 1743/2485/2713
f 1905/2481/2709 1743/2485/2713 1757/2482/2710
f 1893/2486/2714 1862/2484/2712 1923/2483/2711
f 1862/2484/2712 1893/2486/2714 1756/2487/2715
f 2003/2488/2716 1923/2483/2711 1940/2468/2693
f 1940/2468/2693 1923/2483/2711 1773/2472/2697
f 2057/2489/2717 2003/2488/2716 1940/2468/2693
f 349/2490/2718 79/2491/2339 570/2492/2208
f 79/2491/2339 349/2490/2718 2286/2493/2719
f 79/2491/2339 2286/2493/2719 2479/2494/2337
f 349/2490/2718 570/2492/2208 475/2495/2720
f 349/2490/2718 475/2495/2720 286/2496/2721
f 475/2495/2720 570/2492/2208 1294/2497/2722
f 570/2492/2208 1022/2498/2206 1322/2499/2204
f 1294/2497/2722 570/2492/2208 1322/2499/2204
f 1722/2500/2201 1718/2501/2200 1790/2502/2239
f 1593/2503/2202 1722/2500/2201 1575/2504/2723
f 1593/2503/2202 1575/2504/2723 1322/2499/2204
f 1575/2504/2723 1294/2497/2722 1322/2499/2204
f 1294/2497/2722 1575/2504/2723 1351/2505/2724
f 475/2495/2720 1294/2497/2722 1027/2506/2725
f 1027/2506/2725 1294/2497/2722 1351/2505/2724
f 475/2495/2720 1027/2506/2725 476/2507/2726
f 1027/2506/2725 1351/2505/2724 1505/2508/2727
f 1027/2506/2725 1505/2508/2727 1289/2509/2728
f 1351/2505/2724 1575/2504/2723 1505/2508/2727
f 1505/2508/2727 1575/2504/2723 1728/2510/2729
f 1728/2510/2729 1575/2504/2723 1722/2500/2201
f 1728/2510/2729 1722/2500/2201 1807/2511/2730
f 1505/2508/2727 1728/2510/2729 1807/2511/2730
f 1505/2508/2727 1807/2511/2730 1487/2512/2731
f 1289/2509/2728 1505/2508/2727 1487/2512/2731
f 1289/2509/2728 830/2513/2732 1027/2506/2725
f 1027/2506/2725 830/2513/2732 476/2507/2726
f 476/2507/2726 219/2514/2733 475/2495/2720
f 572/2515/2734 476/2507/2726 830/2513/2732
f 350/2516/2735 476/2507/2726 572/2515/2734
f 572/2515/2734 830/2513/2732 1066/2517/2736
f 1066/2517/2736 830/2513/2732 1154/2518/2737
f 1289/2509/2728 1154/2518/2737 830/2513/2732
f 1154/2518/2737 1289/2509/2728 1280/2519/2738
f 1154/2518/2737 1207/2520/2739 1066/2517/2736
f 1066/2517/2736 1207/2520/2739 910/2521/2740
f 1066/2517/2736 910/2521/2740 724/2522/2741
f 624/2523/2742 724/2522/2741 910/2521/2740
s 0
f 910/2521/2743 723/2524/2744 624/2523/2745
s 1
f 1066/2517/2736 724/2522/2741 572/2515/2734
f 624/2523/2742 723/2524/2746 844/2525/2747
f 723/2524/2746 910/2521/2740 957/2526/2748
f 957/2526/2748 910/2521/2740 1109/2527/2749
f 1109/2527/2749 910/2521/2740 1207/2520/2739
f 957/2526/2748 946/2528/2750 723/2524/2746
f 723/2524/2746 946/2528/2750 844/2525/2747
f 957/2526/2748 1151/2529/2751 946/2528/2750
f 844/2525/2747 946/2528/2750 952/2530/2752
f 844/2525/2747 952/2530/2752 755/2531/2753
f 952/2530/2752 946/2528/2750 1134/2532/2754
f 946/2528/2750 1151/2529/2751 1234/2533/2755
f 1134/2532/2754 946/2528/2750 1234/2533/2755
f 1109/2527/2749 1151/2529/2751 957/2526/2748
f 1234/2533/2755 1151/2529/2751 1409/2534/2756
s 0
f 1557/2535/2757 1151/2529/2758 1109/2527/2759
s 1
f 1151/2529/2751 1557/2535/2760 1409/2534/2756
f 1557/2535/2761 1109/2527/2749 1207/2520/2739
f 1557/2535/2761 1207/2520/2739 1675/2536/2762
f 1750/2537/2763 1207/2520/2739 1154/2518/2737
f 1207/2520/2739 1750/2537/2763 1675/2536/2762
f 1456/2538/2764 1154/2518/2737 1280/2519/2738
f 1750/2537/2763 1154/2518/2737 1456/2538/2764
f 2042/2539/2765 1750/2537/2763 1456/2538/2764
f 1280/2519/2738 1289/2509/2728 1487/2512/2731
f 1280/2519/2738 1487/2512/2731 1879/2540/2766
f 1487/2512/2731 1807/2511/2730 1879/2540/2766
f 1280/2519/2738 1879/2540/2766 1456/2538/2764
f 1879/2540/2766 1807/2511/2730 1790/2502/2239
f 1879/2540/2766 1790/2502/2239 1965/2541/2240
f 1790/2502/2239 1807/2511/2730 1722/2500/2201
f 1910/2542/2767 1998/2543/2198 1966/2544/2182
f 1910/2542/2767 1966/2544/2182 1913/2545/2174
f 1910/2542/2767 1913/2545/2174 1781/2546/2172
f 1910/2542/2767 1781/2546/2172 1831/2547/2768
f 1661/2276/2488 1781/2546/2172 1616/2264/2171
f 1781/2546/2172 1661/2276/2488 1831/2547/2768
s 0
f 1910/2542/2769 1831/2547/2770 1901/2548/2771
f 1998/2543/2772 1910/2542/2773 2000/2549/2774
s 1
f 1910/2542/2775 1901/2548/2776 2000/2549/2777
f 1969/2550/2778 2042/2539/2765 2045/2551/2779
f 2000/2549/2780 2045/2551/2781 1998/2543/2198
f 1879/2540/2766 2042/2539/2765 1456/2538/2764
f 2042/2539/2765 1969/2550/2778 1750/2537/2763
f 1750/2537/2763 1969/2550/2778 1675/2536/2762
s 0
f 1969/2550/2782 2045/2551/2783 1904/2552/2784
f 2045/2551/2785 2000/2549/2786 1904/2552/2787
f 1969/2550/2788 1904/2552/2789 1675/2536/2790
s 1
f 1904/2552/2791 2000/2549/2777 1961/2553/2792
s 0
f 1557/2535/2793 1675/2536/2794 1904/2552/2795
s 1
f 1560/2554/2796 1557/2535/2760 1904/2552/2791
f 1409/2534/2756 1557/2535/2760 1560/2554/2796
f 1409/2534/2756 1560/2554/2796 1474/2555/2797
f 1234/2533/2755 1409/2534/2756 1474/2555/2797
f 1251/2556/2798 1234/2533/2755 1474/2555/2797
f 1134/2532/2754 1234/2533/2755 1251/2556/2798
f 1134/2532/2754 1251/2556/2798 1139/2557/2799
f 1251/2556/2798 1171/2558/2800 1139/2557/2799
f 1171/2558/2800 1251/2556/2798 1224/2559/2801
f 1171/2558/2800 1224/2559/2801 1117/2560/2802
f 1171/2558/2800 1117/2560/2802 938/2461/2683
f 938/2461/2683 874/2462/2684 1158/2475/2700
f 938/2461/2683 1158/2475/2700 1171/2558/2800
f 1158/2475/2700 874/2462/2684 1146/2473/2698
f 995/2460/2682 938/2461/2683 1117/2560/2802
f 1158/2475/2700 1135/2561/2803 1171/2558/2800
f 763/2450/2672 995/2460/2682 803/2562/2804
f 803/2562/2804 995/2460/2682 927/2563/2805
f 763/2450/2672 803/2562/2804 626/2564/2806
f 626/2564/2806 803/2562/2804 761/2565/2807
f 763/2450/2672 626/2564/2806 450/2448/2670
f 398/2437/2656 450/2448/2670 626/2564/2806
f 198/2438/2657 398/2437/2656 402/2566/2808
f 402/2566/2808 398/2437/2656 581/2567/2809
f 581/2567/2809 398/2437/2656 626/2564/2806
s 0
f 581/2567/2810 626/2564/2811 761/2565/2812
s 1
f 581/2567/2809 761/2565/2807 798/2568/2813
f 402/2566/2808 437/2569/2814 198/2438/2657
f 402/2566/2808 581/2567/2809 437/2569/2814
s 0
f 2307/2435/2815 198/2438/2816 2457/2436/2817
s 1
f 437/2569/2814 581/2567/2809 798/2568/2813
f 437/2569/2814 625/2570/2818 283/2314/2520
f 625/2570/2818 437/2569/2814 798/2568/2813
f 625/2570/2818 798/2568/2813 883/2571/2819
f 883/2571/2819 798/2568/2813 854/2572/2820
f 987/2573/2821 883/2571/2819 854/2572/2820
f 1293/2574/2822 987/2573/2821 1310/2575/2823
f 987/2573/2821 1293/2574/2822 883/2571/2819
f 883/2571/2819 1293/2574/2822 1177/2279/2491
f 883/2571/2819 1177/2279/2491 770/2576/2824
f 770/2576/2824 637/2577/2825 386/2578/2826
f 637/2577/2825 770/2576/2824 1177/2279/2491
f 637/2577/2825 1177/2279/2491 556/2579/2827
f 1290/2274/2486 1177/2279/2491 1293/2574/2822
f 1177/2279/2491 1290/2274/2486 1130/2273/2485
f 1501/2275/2487 1290/2274/2486 1561/2580/2828
f 1661/2276/2488 1501/2275/2487 1561/2580/2828
f 1290/2274/2486 1293/2574/2822 1403/2581/2829
f 1290/2274/2486 1403/2581/2829 1561/2580/2828
f 1403/2581/2829 1293/2574/2822 1310/2575/2823
f 1303/2582/2830 1403/2581/2829 1291/2583/2831
f 1291/2583/2831 1403/2581/2829 1310/2575/2823
f 987/2573/2821 854/2572/2820 1310/2575/2823
f 1310/2575/2823 854/2572/2820 927/2563/2805
f 1310/2575/2823 927/2563/2805 1291/2583/2831
f 927/2563/2805 854/2572/2820 761/2565/2807
f 927/2563/2805 761/2565/2807 803/2562/2804
f 798/2568/2813 761/2565/2807 854/2572/2820
f 927/2563/2805 995/2460/2682 1117/2560/2802
f 927/2563/2805 1117/2560/2802 1224/2559/2801
f 927/2563/2805 1224/2559/2801 1291/2583/2831
f 1291/2583/2831 1224/2559/2801 1303/2582/2830
f 1303/2582/2830 1224/2559/2801 1251/2556/2798
f 1303/2582/2830 1251/2556/2798 1474/2555/2797
f 1303/2582/2830 1474/2555/2797 1524/2584/2832
f 1524/2584/2832 1474/2555/2797 1560/2554/2796
f 1560/2554/2796 1904/2552/2791 1524/2584/2832
f 1524/2584/2832 1904/2552/2791 1846/2585/2833
f 1961/2553/2792 1846/2585/2833 1904/2552/2791
f 1846/2585/2833 1719/2586/2834 1524/2584/2832
f 1524/2584/2832 1403/2581/2829 1303/2582/2830
f 1403/2581/2829 1524/2584/2832 1719/2586/2834
f 1403/2581/2829 1719/2586/2834 1561/2580/2828
f 1561/2580/2828 1719/2586/2834 1661/2276/2488
f 1719/2586/2834 1846/2585/2833 1852/2587/2835
f 1852/2587/2835 1846/2585/2833 1961/2553/2792
f 1719/2586/2834 1852/2587/2835 1661/2276/2488
f 1831/2547/2768 1852/2587/2835 1961/2553/2792
f 1831/2547/2768 1661/2276/2488 1852/2587/2835
f 1901/2548/2776 1961/2553/2792 2000/2549/2777
f 1961/2553/2792 1901/2548/2776 1831/2547/2768
f 3914/2588/2836 4053/2589/2384 3782/2590/2362
f 3372/2591/2359 3782/2590/2362 3614/2592/2360
f 3782/2590/2362 3372/2591/2359 3914/2588/2836
f 3372/2591/2359 3364/2593/2837 3914/2588/2836
f 3364/2593/2837 3372/2591/2359 3157/2594/2358
f 3914/2588/2836 3364/2593/2837 3429/2595/2838
f 2805/2596/2839 3364/2593/2837 3157/2594/2358
f 3140/2597/2840 3364/2593/2837 2805/2596/2839
f 2805/2596/2839 3157/2594/2358 2995/2598/2357
f 2805/2596/2839 2995/2598/2357 2707/2599/2336
f 2401/2600/2841 2707/2599/2336 2286/2493/2719
f 2707/2599/2336 2479/2494/2337 2286/2493/2719
f 2707/2599/2336 2401/2600/2841 2805/2596/2839
f 286/2496/2721 2286/2493/2719 349/2490/2718
f 2263/2601/2842 2401/2600/2841 2286/2493/2719
f 2263/2601/2842 2286/2493/2719 286/2496/2721
f 286/2496/2721 219/2514/2733 2263/2601/2842
f 286/2496/2721 475/2495/2720 219/2514/2733
f 2401/2600/2841 2263/2601/2842 2412/2602/2843
f 2263/2601/2842 219/2514/2733 2412/2602/2843
f 2412/2602/2843 219/2514/2733 2271/2603/2844
f 2271/2603/2844 219/2514/2733 476/2507/2726
f 2271/2603/2844 476/2507/2726 350/2516/2735
f 2271/2603/2844 350/2516/2735 110/2604/2845
s 0
f 350/2516/2846 572/2515/2847 379/2605/2848
s 1
f 379/2605/2849 572/2515/2734 724/2522/2741
f 350/2516/2735 379/2605/2849 110/2604/2845
f 379/2605/2849 724/2522/2741 397/2606/2850
f 397/2606/2850 110/2604/2845 379/2605/2849
f 397/2606/2850 724/2522/2741 624/2523/2742
f 397/2606/2850 624/2523/2742 455/2607/2851
f 442/2608/2852 455/2607/2851 624/2523/2742
f 442/2608/2852 624/2523/2742 603/2609/2853
f 603/2609/2853 624/2523/2742 844/2525/2747
f 844/2525/2747 755/2531/2753 603/2609/2853
f 603/2609/2853 755/2531/2753 561/2610/2854
f 925/2611/2855 755/2531/2753 952/2530/2752
f 738/2612/2856 755/2531/2753 925/2611/2855
f 755/2531/2753 738/2612/2856 561/2610/2854
f 1166/2613/2857 925/2611/2855 952/2530/2752
f 1166/2613/2857 952/2530/2752 1140/2614/2858
f 1140/2614/2858 952/2530/2752 1134/2532/2754
f 1140/2614/2858 1134/2532/2754 1139/2557/2799
f 1140/2614/2858 1139/2557/2799 1135/2561/2803
f 1140/2614/2858 1176/2478/2703 1166/2613/2857
f 1176/2478/2703 1140/2614/2858 1135/2561/2803
f 1166/2613/2857 1176/2478/2703 1359/2479/2704
f 1249/2474/2699 1176/2478/2703 1158/2475/2700
f 1135/2561/2803 1158/2475/2700 1176/2478/2703
f 1171/2558/2800 1135/2561/2803 1139/2557/2799
f 1540/2480/2705 1535/2477/2702 1757/2482/2710
f 1540/2480/2705 1757/2482/2710 1743/2485/2713
f 1558/2615/2859 1743/2485/2713 1862/2484/2712
f 1558/2615/2859 1862/2484/2712 1756/2487/2715
f 1743/2485/2713 1558/2615/2859 1419/2616/2860
f 1419/2616/2860 1558/2615/2859 1504/2617/2861
f 1419/2616/2860 1504/2617/2861 1363/2618/2862
f 1436/2619/2863 1743/2485/2713 1419/2616/2860
f 1743/2485/2713 1436/2619/2863 1540/2480/2705
f 1436/2619/2863 1419/2616/2860 1363/2618/2862
f 1540/2480/2705 1436/2619/2863 1359/2479/2704
f 1359/2479/2704 1436/2619/2863 1423/2620/2864
f 1166/2613/2857 1359/2479/2704 1423/2620/2864
f 1166/2613/2857 1423/2620/2864 1159/2621/2865
f 1166/2613/2857 1159/2621/2865 925/2611/2855
f 1159/2621/2865 1157/2622/2866 925/2611/2855
f 1159/2621/2865 1423/2620/2864 1157/2622/2866
f 1423/2620/2864 1436/2619/2863 1363/2618/2862
f 1423/2620/2864 1363/2618/2862 1157/2622/2866
f 1157/2622/2866 1363/2618/2862 959/2623/2867
f 959/2623/2867 1363/2618/2862 1504/2617/2861
f 959/2623/2867 1504/2617/2861 1191/2624/2868
f 1191/2624/2868 893/2625/2869 888/2626/2870
s 0
f 893/2625/2871 621/2627/2872 888/2626/2873
s 1
f 618/2628/2874 1191/2624/2868 888/2626/2870
f 959/2623/2867 1191/2624/2868 618/2628/2874
f 618/2628/2874 458/2629/2875 702/2630/2876
f 959/2623/2867 618/2628/2874 756/2631/2877
f 959/2623/2867 756/2631/2877 1157/2622/2866
f 1157/2622/2866 756/2631/2877 738/2612/2856
f 1157/2622/2866 738/2612/2856 925/2611/2855
f 702/2630/2876 756/2631/2877 618/2628/2874
f 756/2631/2877 702/2630/2876 738/2612/2856
f 738/2612/2856 702/2630/2876 563/2632/2878
f 561/2610/2854 738/2612/2856 563/2632/2878
f 603/2609/2853 561/2610/2854 442/2608/2852
f 442/2608/2852 561/2610/2854 392/2633/2879
f 392/2633/2879 561/2610/2854 563/2632/2878
f 392/2633/2879 563/2632/2878 284/2634/2880
f 534/2635/2881 563/2632/2878 702/2630/2876
f 284/2634/2880 563/2632/2878 534/2635/2881
f 392/2633/2879 284/2634/2880 158/2636/2882
f 392/2633/2879 30/2637/2883 442/2608/2852
f 30/2637/2883 392/2633/2879 158/2636/2882
f 30/2637/2883 158/2636/2882 2237/2638/2884
s 0
f 158/2636/2885 13/2639/2886 2237/2638/2887
f 2237/2638/2888 13/2639/2889 2337/2640/2890
s 1
f 2237/2638/2884 2337/2640/2891 2552/2641/2892
f 2552/2641/2892 2871/2642/2893 2868/2643/2894
f 2552/2641/2892 2734/2644/2895 2237/2638/2884
f 2734/2644/2895 2552/2641/2892 2868/2643/2894
f 2868/2643/2894 2871/2642/2893 3009/2645/2896
f 3009/2645/2896 2871/2642/2893 3156/2646/2897
f 2868/2643/2894 2990/2647/2898 2734/2644/2895
f 2990/2647/2898 2868/2643/2894 3009/2645/2896
f 3009/2645/2896 3033/2648/2899 2990/2647/2898
f 3033/2648/2899 3009/2645/2896 3573/2649/2900
f 3009/2645/2896 3156/2646/2897 3573/2649/2900
f 3156/2646/2897 3320/2650/2901 3573/2649/2900
f 3811/2651/2902 3594/2652/2903 3320/2650/2901
f 3320/2650/2901 3594/2652/2903 3573/2649/2900
f 3320/2650/2901 3505/2653/2904 3811/2651/2902
f 3312/2654/2905 3320/2650/2901 3156/2646/2897
f 3505/2653/2904 3320/2650/2901 3312/2654/2905
f 3811/2651/2902 3505/2653/2904 3888/2655/2906
f 3888/2655/2906 3505/2653/2904 3650/2656/2907
f 3516/2657/2594 3650/2656/2907 3505/2653/2904
f 3650/2656/2907 3516/2657/2594 3754/2658/2593
f 3650/2656/2907 3754/2658/2593 3888/2655/2906
f 3888/2655/2906 3754/2658/2593 3975/2659/2592
f 3888/2655/2906 3975/2659/2592 4073/2660/2908
f 3975/2659/2592 4192/2661/2591 4073/2660/2908
f 3888/2655/2906 4073/2660/2908 3811/2651/2902
f 3970/2662/2909 4073/2660/2908 4192/2661/2591
f 4073/2660/2908 3970/2662/2909 3811/2651/2902
f 4155/2663/2589 4267/2664/2588 4275/2665/2587
f 4192/2661/2591 4155/2663/2589 4275/2665/2587
f 4151/2666/2910 4192/2661/2591 4275/2665/2587
f 4151/2666/2910 4275/2665/2587 4240/2667/2911
f 4240/2667/2911 4275/2665/2587 4293/2668/2385
f 4053/2589/2384 4151/2666/2910 4240/2667/2911
f 4053/2589/2384 4240/2667/2911 4293/2668/2385
f 4045/2669/2912 4053/2589/2384 3914/2588/2836
f 4053/2589/2384 4045/2669/2912 3981/2670/2913
f 3981/2670/2913 4045/2669/2912 3914/2588/2836
f 4053/2589/2384 3981/2670/2913 4151/2666/2910
f 3981/2670/2913 3797/2671/2914 4151/2666/2910
f 4151/2666/2910 3970/2662/2909 4192/2661/2591
f 4151/2666/2910 3797/2671/2914 3970/2662/2909
f 3811/2651/2902 3970/2662/2909 3797/2671/2914
f 3594/2652/2903 3811/2651/2902 3797/2671/2914
f 2038/2672/2199 1998/2543/2198 2045/2551/2781
s 0
f 2042/2539/2915 2038/2672/2916 2045/2551/2917
f 2038/2672/2918 2042/2539/2919 2026/2673/2920
s 1
f 2026/2673/2193 2042/2539/2765 1965/2541/2240
f 1965/2541/2240 2042/2539/2765 1879/2540/2766
f 164/2674/2921 644/2272/2484 488/2270/2166
f 644/2272/2484 164/2674/2921 459/2278/2490
f 164/2674/2921 488/2270/2166 4/2280/2165
f 164/2674/2921 4/2280/2165 2326/2282/2495
f 33/2675/2922 459/2278/2490 164/2674/2921
f 33/2675/2922 164/2674/2921 2326/2282/2495
f 459/2278/2490 33/2675/2922 700/2277/2489
f 700/2277/2489 33/2675/2922 131/2676/2923
f 700/2277/2489 131/2676/2923 292/2310/2924
f 700/2277/2489 556/2579/2827 1177/2279/2491
s 0
f 700/2277/2925 292/2310/2926 556/2579/2927
s 1
f 2238/2312/2518 556/2579/2827 292/2310/2516
s 0
f 292/2310/2928 131/2676/2929 2233/2309/2930
s 1
f 2233/2309/2515 131/2676/2923 2582/2302/2508
f 2582/2302/2508 131/2676/2923 2316/2301/2507
f 2316/2301/2507 131/2676/2923 33/2675/2922
f 2316/2301/2507 33/2675/2922 2326/2282/2495
f 3429/2595/2838 3364/2593/2837 3140/2597/2840
f 3429/2595/2838 3140/2597/2840 3062/2677/2931
f 3140/2597/2840 2805/2596/2839 2786/2678/2932
f 3429/2595/2838 3062/2677/2931 3410/2679/2933
f 3062/2677/2931 3140/2597/2840 2786/2678/2932
f 2786/2678/2932 2805/2596/2839 2401/2600/2841
f 2786/2678/2932 2401/2600/2841 2412/2602/2843
f 2786/2678/2932 2412/2602/2843 2893/2680/2934
f 2786/2678/2932 2893/2680/2934 3062/2677/2931
f 2893/2680/2934 2412/2602/2843 2271/2603/2844
f 2893/2680/2934 2271/2603/2844 2590/2681/2935
f 2271/2603/2844 110/2604/2845 2590/2681/2935
f 2323/2682/2936 2590/2681/2935 110/2604/2845
f 2323/2682/2936 110/2604/2845 397/2606/2850
f 2323/2682/2936 397/2606/2850 118/2683/2937
f 118/2683/2937 397/2606/2850 455/2607/2851
f 2466/2684/2938 2323/2682/2936 118/2683/2937
f 118/2683/2937 455/2607/2851 442/2608/2852
f 118/2683/2937 442/2608/2852 30/2637/2883
f 118/2683/2937 30/2637/2883 2466/2684/2938
f 30/2637/2883 2237/2638/2884 2466/2684/2938
f 2466/2684/2938 2237/2638/2884 2734/2644/2895
f 2734/2644/2895 2990/2647/2898 2466/2684/2938
f 2769/2685/2939 2466/2684/2938 2990/2647/2898
f 2466/2684/2938 2769/2685/2939 2323/2682/2936
f 2323/2682/2936 2769/2685/2939 2590/2681/2935
f 2590/2681/2935 2769/2685/2939 2893/2680/2934
f 2893/2680/2934 2769/2685/2939 3033/2648/2899
f 2769/2685/2939 2990/2647/2898 3033/2648/2899
f 3062/2677/2931 2893/2680/2934 3033/2648/2899
f 3062/2677/2931 3033/2648/2899 3486/2686/2940
f 3062/2677/2931 3486/2686/2940 3410/2679/2933
f 3033/2648/2899 3573/2649/2900 3486/2686/2940
f 3573/2649/2900 3594/2652/2903 3486/2686/2940
f 3486/2686/2940 3607/2687/2941 3410/2679/2933
f 3410/2679/2933 3607/2687/2941 3429/2595/2838
f 3607/2687/2941 3486/2686/2940 3594/2652/2903
s 0
f 3429/2595/2942 3607/2687/2943 3797/2671/2944
s 1
f 3914/2588/2836 3429/2595/2838 3797/2671/2914
f 3914/2588/2836 3797/2671/2914 3981/2670/2913
f 3797/2671/2914 3607/2687/2941 3594/2652/2903
f 556/2579/2827 2238/2312/2518 386/2578/2826
f 556/2579/2827 386/2578/2826 637/2577/2825
f 386/2578/2826 2238/2312/2518 283/2314/2520
f 770/2576/2824 386/2578/2826 625/2570/2818
f 625/2570/2818 386/2578/2826 283/2314/2520
f 883/2571/2819 770/2576/2824 625/2570/2818
f 437/2569/2814 283/2314/2520 198/2438/2657
f 73/2688/2945 198/2438/2657 283/2314/2520
f 73/2688/2945 283/2314/2520 45/2315/2521
f 45/2315/2521 2559/2324/2530 73/2688/2945
f 2559/2324/2530 2718/2325/2534 2457/2436/2655
f 2559/2324/2530 2457/2436/2655 73/2688/2945
f 198/2438/2657 73/2688/2945 2457/2436/2655
f 2848/2326/2535 3153/2328/2537 3000/2427/2647
f 3000/2427/2647 3153/2328/2537 3080/2424/2644
f 3080/2424/2644 3153/2328/2537 3284/2429/2649
f 3284/2429/2649 3153/2328/2537 3506/2330/2539
s 0
f 3666/2409/2946 3284/2429/2947 3506/2330/2948
s 1
f 3436/2423/2643 3284/2429/2649 3666/2409/2949
s 0
f 3436/2423/2950 3666/2409/2951 3760/2421/2952
s 1
f 3760/2421/2641 3666/2409/2626 3741/2689/2953
f 3918/2420/2640 3760/2421/2641 3741/2689/2953
f 3918/2420/2640 3741/2689/2953 4110/2418/2637
f 3909/2419/2638 4110/2418/2637 3741/2689/2953
f 3909/2419/2638 3741/2689/2953 3866/2690/2954
f 3666/2409/2626 3652/2410/2627 3741/2689/2953
f 3652/2410/2627 3866/2690/2954 3741/2689/2953
f 3866/2690/2954 3652/2410/2627 3858/2412/2629
f 3909/2419/2638 3866/2690/2954 3858/2412/2629
f 3909/2419/2638 3858/2412/2629 4174/2414/2631
f 4174/2414/2631 3858/2412/2629 3822/2402/2619
f 2552/2641/2892 2532/2691/2955 2871/2642/2893
s 0
f 2532/2691/2956 2552/2641/2957 2337/2640/2958
s 1
f 284/2634/2880 13/2639/2959 158/2636/2882
f 298/2692/2960 284/2634/2880 534/2635/2881
f 298/2692/2960 534/2635/2881 458/2629/2875
f 458/2629/2875 534/2635/2881 702/2630/2876
s 0
f 284/2634/2961 298/2692/2962 13/2639/2963
s 1
f 2337/2640/2964 13/2639/2965 2264/2693/2966
s 0
f 2264/2693/2967 13/2639/2968 298/2692/2969
s 1
f 2532/2691/2955 2337/2640/2964 2264/2693/2966
f 2532/2691/2955 2752/2694/2970 2871/2642/2893
f 2752/2694/2970 2532/2691/2955 2614/2695/2971
f 2532/2691/2955 2264/2693/2966 2381/2696/2972
f 2532/2691/2955 2381/2696/2972 2614/2695/2971
f 2381/2696/2972 2264/2693/2966 100/2697/2973
f 100/2697/2973 2264/2693/2966 298/2692/2960
f 458/2629/2875 618/2628/2874 621/2627/2974
f 618/2628/2874 888/2626/2870 621/2627/2974
f 458/2629/2875 621/2627/2974 365/2698/2975
f 365/2698/2975 621/2627/2974 403/2699/2976
f 458/2629/2875 365/2698/2975 298/2692/2960
f 298/2692/2960 365/2698/2975 100/2697/2973
f 403/2699/2976 621/2627/2974 544/2700/2977
f 365/2698/2975 403/2699/2976 281/2701/2978
f 365/2698/2975 281/2701/2978 2485/2702/2979
f 100/2697/2973 365/2698/2975 2485/2702/2979
f 2485/2702/2979 281/2701/2978 2269/2703/2980
f 100/2697/2973 2485/2702/2979 2381/2696/2972
f 2269/2703/2980 2600/2704/2981 2485/2702/2979
f 2600/2704/2981 2269/2703/2980 2421/2705/2982
f 2421/2705/2982 2607/2706/2983 2600/2704/2981
f 2485/2702/2979 2600/2704/2981 2647/2707/2984
f 2485/2702/2979 2647/2707/2984 2381/2696/2972
f 2381/2696/2972 2647/2707/2984 2614/2695/2971
f 2614/2695/2971 2647/2707/2984 2750/2708/2985
f 2752/2694/2970 2614/2695/2971 2750/2708/2985
f 2750/2708/2985 2647/2707/2984 2732/2709/2986
f 2752/2694/2970 2750/2708/2985 2897/2710/2987
f 2750/2708/2985 2732/2709/2986 2897/2710/2987
f 2752/2694/2970 2897/2710/2987 3050/2711/2988
f 2897/2710/2987 2732/2709/2986 3102/2712/2989
f 2699/2713/2990 2732/2709/2986 2647/2707/2984
f 2699/2713/2990 2647/2707/2984 2600/2704/2981
f 2993/2714/2991 2732/2709/2986 2699/2713/2990
f 2699/2713/2990 2600/2704/2981 2607/2706/2983
f 2699/2713/2990 2607/2706/2983 2784/2715/2992
f 2699/2713/2990 2784/2715/2992 2993/2714/2991
f 2993/2714/2991 2784/2715/2992 3093/2716/2993
f 3093/2716/2993 2784/2715/2992 2932/2717/2994
f 3093/2716/2993 2932/2717/2994 3238/2718/2995
f 2993/2714/2991 3105/2719/2996 2732/2709/2986
s 0
f 2993/2714/2997 3093/2716/2998 3105/2719/2999
s 1
f 2732/2709/2986 3105/2719/2996 3102/2712/2989
f 3105/2719/2996 3093/2716/2993 3223/2720/2602
f 3105/2719/2996 3223/2720/2602 3277/2721/2600
f 3216/2722/2606 3223/2720/2602 3093/2716/2993
f 3200/2723/2607 3216/2722/2606 3093/2716/2993
f 3200/2723/2607 3093/2716/2993 3238/2718/2995
f 3200/2723/2607 3238/2718/2995 3577/2724/2609
f 3277/2721/2600 3349/2725/2599 3105/2719/2996
f 3105/2719/2996 3349/2725/2599 3102/2712/2989
f 3102/2712/2989 3349/2725/2599 3376/2726/3000
f 3102/2712/2989 3082/2727/3001 2897/2710/2987
f 3102/2712/2989 3376/2726/3000 3225/2728/3002
f 3102/2712/2989 3225/2728/3002 3082/2727/3001
f 2897/2710/2987 3082/2727/3001 3050/2711/2988
f 3050/2711/2988 3082/2727/3001 3155/2729/3003
f 3155/2729/3003 3082/2727/3001 3225/2728/3002
f 3376/2726/3000 3349/2725/2599 3500/2730/2595
f 3376/2726/3000 3500/2730/2595 3516/2657/2594
f 3376/2726/3000 3516/2657/2594 3225/2728/3002
f 3225/2728/3002 3516/2657/2594 3493/2731/3004
f 3493/2731/3004 3516/2657/2594 3505/2653/2904
f 3225/2728/3002 3493/2731/3004 3155/2729/3003
f 3155/2729/3003 3493/2731/3004 3312/2654/2905
f 3493/2731/3004 3505/2653/2904 3312/2654/2905
f 3155/2729/3003 3312/2654/2905 3050/2711/2988
f 3312/2654/2905 3156/2646/2897 3050/2711/2988
f 2752/2694/2970 3050/2711/2988 3156/2646/2897
f 2752/2694/2970 3156/2646/2897 2871/2642/2893
f 2057/2732/2717 1940/2733/2693 1749/2734/2692
f 1749/2734/2692 1336/2735/2677 1620/2736/3005
f 1892/2737/3006 1749/2734/2692 1727/2738/3007
f 1727/2738/3007 1749/2734/2692 1620/2736/3005
f 1892/2737/3006 1727/2738/3007 2016/2739/3008
f 1843/2740/3009 2016/2739/3008 1727/2738/3007
f 1336/2735/2677 1203/2741/2675 850/2742/2676
f 1336/2735/2677 850/2742/2676 1620/2736/3005
f 736/2743/2674 479/2744/2668 294/2745/2667
f 736/2743/2674 484/2746/3010 850/2742/2676
f 736/2743/2674 294/2745/2667 484/2746/3010
f 237/2747/3011 484/2746/3010 294/2745/2667
f 294/2745/2667 93/2748/2665 237/2747/3011
f 237/2747/3011 229/2749/3012 484/2746/3010
f 229/2749/3012 185/2750/3013 484/2746/3010
f 185/2750/3013 173/2751/3014 167/2752/3015
f 653/2753/3016 484/2746/3010 185/2750/3013
f 653/2753/3016 185/2750/3013 485/2754/3017
f 484/2746/3010 653/2753/3016 850/2742/2676
f 1030/2755/3018 850/2742/2676 653/2753/3016
f 850/2742/2676 1030/2755/3018 1620/2736/3005
f 819/2756/3019 1030/2755/3018 653/2753/3016
f 1620/2736/3005 1030/2755/3018 1408/2757/3020
f 1620/2736/3005 1408/2757/3020 1727/2738/3007
f 1408/2757/3020 1030/2755/3018 819/2756/3019
f 1408/2757/3020 1843/2740/3009 1727/2738/3007
f 1843/2740/3009 1408/2757/3020 1808/2758/3021
s 0
f 1808/2758/3022 1408/2757/3023 819/2756/3024
s 1
f 819/2756/3019 653/2753/3016 485/2754/3017
f 819/2756/3019 485/2754/3017 634/2759/3025
f 819/2756/3019 634/2759/3025 1276/2760/3026
f 485/2754/3017 185/2750/3013 167/2752/3015
f 634/2759/3025 810/2761/3027 1276/2760/3026
f 634/2759/3025 485/2754/3017 167/2752/3015
f 167/2752/3015 172/2762/3028 176/2763/3029
f 1098/2764/3030 176/2763/3029 322/2765/3031
f 167/2752/3015 176/2763/3029 1098/2764/3030
f 167/2752/3015 1098/2764/3030 634/2759/3025
f 634/2759/3025 1098/2764/3030 810/2761/3027
f 1098/2764/3030 322/2765/3031 701/2766/3032
f 322/2765/3031 355/2767/3033 701/2766/3032
f 355/2767/3033 322/2765/3031 138/2768/3034
f 89/2769/3035 138/2768/3034 113/2770/3036
f 355/2767/3033 138/2768/3034 89/2769/3035
f 614/2771/3037 355/2767/3033 89/2769/3035
f 614/2771/3037 89/2769/3035 258/2772/3038
f 89/2769/3035 6/2773/3039 2351/2774/3040
f 258/2772/3038 89/2769/3035 2351/2774/3040
f 2351/2774/3040 6/2773/3039 2252/2775/3041
s 0
f 258/2772/3042 2351/2774/3043 2228/2776/3044
s 1
f 306/2777/3045 258/2772/3038 2228/2776/3046
f 2351/2774/3040 2370/2778/3047 2228/2776/3046
f 2370/2778/3047 156/2779/3048 2228/2776/3046
f 2370/2778/3047 2347/2780/3049 156/2779/3048
f 451/2781/3050 2228/2776/3046 156/2779/3048
f 306/2777/3045 2228/2776/3046 451/2781/3050
f 614/2771/3037 258/2772/3038 306/2777/3045
f 355/2767/3033 614/2771/3037 701/2766/3032
f 701/2766/3032 614/2771/3037 1167/2782/3051
f 701/2766/3032 1167/2782/3051 1388/2783/3052
f 701/2766/3032 1388/2783/3052 1098/2764/3030
f 810/2761/3027 1098/2764/3030 1329/2784/3053
f 1329/2784/3053 1098/2764/3030 1388/2783/3052
f 810/2761/3027 1497/2785/3054 1276/2760/3026
f 810/2761/3027 1329/2784/3053 1497/2785/3054
f 1276/2760/3026 1497/2785/3054 1643/2786/3055
f 1276/2760/3026 1643/2786/3055 819/2756/3019
f 1808/2758/3021 819/2756/3019 1643/2786/3055
f 1643/2786/3055 1741/2787/3056 1808/2758/3021
f 1808/2758/3021 1826/2788/3057 1843/2740/3009
f 1956/2789/3058 1843/2740/3009 1826/2788/3057
f 2016/2739/3008 1843/2740/3009 1956/2789/3058
f 2016/2739/3008 2035/2790/3059 1892/2737/3006
f 2057/2732/2717 1892/2737/3006 2035/2790/3059
f 2035/2790/3059 2030/2791/3060 2057/2732/2717
f 2007/2792/3061 2035/2790/3059 2016/2739/3008
f 2030/2791/3060 2015/2793/3062 2003/2794/2716
s 0
f 2015/2793/3063 2030/2791/3064 2012/2795/3065
s 1
f 2003/2794/2716 2015/2793/3062 1928/2796/3066
s 0
f 2003/2794/3067 1928/2796/3068 1923/2797/3069
f 1893/2798/3070 1923/2797/3071 1928/2796/3072
s 1
f 1756/2799/2715 1893/2798/2714 1649/2800/3073
f 1893/2798/2714 1928/2796/3066 1649/2800/3073
f 1756/2799/2715 1649/2800/3073 1685/2801/3074
f 1698/2802/3075 1756/2799/2715 1685/2801/3074
f 1548/2803/3076 1698/2802/3075 1522/2804/3077
f 1698/2802/3075 1685/2801/3074 1522/2804/3077
f 1928/2796/3066 2015/2793/3062 1927/2805/3078
f 1928/2796/3066 1927/2805/3078 1649/2800/3073
f 1927/2805/3078 2015/2793/3062 2008/2806/3079
f 1927/2805/3078 2008/2806/3079 1779/2807/3080
f 2008/2806/3079 2015/2793/3062 2012/2795/3081
f 1927/2805/3078 1779/2807/3080 1630/2808/3082
f 1927/2805/3078 1630/2808/3082 1649/2800/3073
f 1649/2800/3073 1630/2808/3082 1685/2801/3074
f 1685/2801/3074 1630/2808/3082 1270/2809/3083
s 0
f 894/2810/3084 1270/2809/3085 1630/2808/3086
s 1
f 807/2811/3087 1270/2809/3083 894/2810/3088
f 969/2812/3089 1630/2808/3082 1779/2807/3080
f 1809/2813/3090 1779/2807/3080 2008/2806/3079
f 2008/2806/3079 2012/2795/3081 2044/2814/3091
f 2012/2795/3081 2034/2815/3092 2044/2814/3091
f 2012/2795/3081 2030/2791/3060 2035/2790/3059
f 2012/2795/3081 2035/2790/3059 2034/2815/3092
f 2034/2815/3092 2035/2790/3059 2007/2792/3061
f 1982/2816/3093 2007/2792/3061 1956/2789/3058
f 2007/2792/3061 1982/2816/3093 2034/2815/3092
f 2034/2815/3092 1982/2816/3093 2044/2814/3091
f 2008/2806/3079 2044/2814/3091 1809/2813/3090
f 1809/2813/3090 2044/2814/3091 1845/2817/3094
f 1992/2818/3095 1982/2816/3093 1956/2789/3058
f 1992/2818/3095 1956/2789/3058 1826/2788/3057
f 1795/2819/3096 1992/2818/3095 1826/2788/3057
f 1795/2819/3096 1826/2788/3057 1848/2820/3097
f 1848/2820/3097 1623/2821/3098 1758/2822/3099
f 1848/2820/3097 1758/2822/3099 1795/2819/3096
f 1992/2818/3095 1795/2819/3096 1845/2817/3094
f 1992/2818/3095 1845/2817/3094 1982/2816/3093
f 1845/2817/3094 1795/2819/3096 1792/2823/3100
f 1982/2816/3093 1845/2817/3094 2044/2814/3091
f 1845/2817/3094 1792/2823/3100 1467/2824/3101
f 1845/2817/3094 1467/2824/3101 1809/2813/3090
f 1809/2813/3090 1467/2824/3101 1355/2825/3102
f 1809/2813/3090 1355/2825/3102 1779/2807/3080
f 1779/2807/3080 1355/2825/3102 834/2826/3103
f 1779/2807/3080 834/2826/3103 969/2812/3089
f 1355/2825/3102 1228/2827/3104 834/2826/3103
f 933/2828/3105 834/2826/3103 1228/2827/3104
f 1228/2827/3104 1355/2825/3102 1467/2824/3101
f 1199/2829/3106 1228/2827/3104 1467/2824/3101
f 1199/2829/3106 1467/2824/3101 1412/2830/3107
f 1412/2830/3107 1467/2824/3101 1792/2823/3100
f 1199/2829/3106 1412/2830/3107 1386/2831/3108
f 1386/2831/3108 1412/2830/3107 1792/2823/3100
f 1386/2831/3108 1792/2823/3100 1580/2832/3109
f 1792/2823/3100 1795/2819/3096 1580/2832/3109
f 1795/2819/3096 1758/2822/3099 1766/2833/3110
s 0
f 1580/2832/3111 1795/2819/3112 1766/2833/3113
s 1
f 1386/2831/3108 1580/2832/3109 1441/2834/3114
f 1766/2833/3110 1628/2835/3115 1580/2832/3109
f 1441/2834/3114 1580/2832/3109 1628/2835/3115
f 1386/2831/3108 1441/2834/3114 1204/2836/3116
f 1386/2831/3108 1204/2836/3116 1243/2837/3117
f 1386/2831/3108 1243/2837/3117 1199/2829/3106
f 1243/2837/3117 1204/2836/3116 1179/2838/3118
f 1120/2839/3119 1179/2838/3118 1204/2836/3116
f 1199/2829/3106 1243/2837/3117 1092/2840/3120
f 1092/2840/3120 1243/2837/3117 1179/2838/3118
f 1059/2841/3121 1199/2829/3106 1092/2840/3120
f 1199/2829/3106 1059/2841/3121 1084/2842/3122
f 1199/2829/3106 1084/2842/3122 1228/2827/3104
f 1228/2827/3104 1084/2842/3122 933/2828/3105
f 933/2828/3105 1084/2842/3122 845/2843/3123
f 845/2843/3123 1084/2842/3122 851/2844/3124
f 933/2828/3105 754/2845/3125 834/2826/3103
f 754/2845/3125 933/2828/3105 845/2843/3123
f 834/2826/3103 695/2846/3126 969/2812/3089
f 834/2826/3103 754/2845/3125 695/2846/3126
f 1630/2808/3082 969/2812/3089 894/2810/3088
f 894/2810/3088 969/2812/3089 695/2846/3126
f 894/2810/3088 695/2846/3126 486/2847/3127
f 695/2846/3126 508/2848/3128 336/2849/3129
f 508/2848/3128 695/2846/3126 507/2850/3130
f 507/2850/3130 695/2846/3126 754/2845/3125
f 336/2849/3129 486/2847/3127 695/2846/3126
s 0
f 336/2849/3131 362/2851/3132 486/2847/3133
s 1
f 894/2810/3088 486/2847/3127 807/2811/3087
f 807/2811/3087 486/2847/3127 1001/2852/3134
f 1001/2852/3134 486/2847/3127 362/2851/3135
f 1001/2852/3134 362/2851/3135 317/2853/3136
f 317/2853/3136 362/2851/3135 216/2854/3137
f 317/2853/3136 216/2854/3137 81/2855/3138
f 2392/2856/3139 81/2855/3138 216/2854/3137
f 2392/2856/3139 216/2854/3137 2256/2857/3140
f 81/2855/3138 2392/2856/3139 2656/2858/3141
f 81/2855/3138 2656/2858/3141 2536/2859/3142
f 2392/2856/3139 2384/2860/3143 2656/2858/3141
f 2392/2856/3139 2256/2857/3140 2384/2860/3143
f 2519/2861/3144 2384/2860/3143 2256/2857/3140
f 2256/2857/3140 216/2854/3137 362/2851/3135
f 249/2862/3145 2256/2857/3140 362/2851/3135
f 2519/2861/3144 2256/2857/3140 249/2862/3145
f 2519/2861/3144 249/2862/3145 107/2863/3146
f 249/2862/3145 362/2851/3135 336/2849/3129
f 107/2863/3146 249/2862/3145 336/2849/3129
f 107/2863/3146 336/2849/3129 233/2864/3147
f 233/2864/3147 336/2849/3129 508/2848/3128
f 107/2863/3146 2229/2865/3148 2519/2861/3144
f 233/2864/3147 508/2848/3128 507/2850/3130
f 233/2864/3147 507/2850/3130 264/2866/3149
f 107/2863/3146 233/2864/3147 2229/2865/3148
f 2229/2865/3148 233/2864/3147 98/2867/3150
f 2229/2865/3148 2402/2868/3151 2534/2869/3152
s 0
f 2519/2861/3153 2229/2865/3154 2845/2870/3155
s 1
f 2845/2870/3156 2229/2865/3148 2534/2869/3152
s 0
f 2384/2860/3157 2519/2861/3158 2645/2871/3159
s 1
f 2845/2870/3156 2534/2869/3152 3108/2872/3160
f 2402/2868/3151 2229/2865/3148 98/2867/3150
f 2593/2873/3161 2402/2868/3151 2372/2874/3162
f 2402/2868/3151 2593/2873/3161 2775/2875/3163
f 2372/2874/3162 2402/2868/3151 133/2876/3164
f 133/2876/3164 2402/2868/3151 98/2867/3150
f 264/2866/3149 98/2867/3150 233/2864/3147
f 264/2866/3149 507/2850/3130 602/2877/3165
f 602/2877/3165 507/2850/3130 754/2845/3125
f 264/2866/3149 602/2877/3165 287/2878/3166
f 264/2866/3149 287/2878/3166 98/2867/3150
f 98/2867/3150 287/2878/3166 133/2876/3164
f 416/2879/3167 287/2878/3166 602/2877/3165
f 2372/2874/3162 133/2876/3164 2319/2880/3168
f 2372/2874/3162 2319/2880/3168 2465/2881/3169
f 2372/2874/3162 2465/2881/3169 2593/2873/3161
f 2767/2882/3170 2593/2873/3161 2465/2881/3169
f 2775/2875/3163 2593/2873/3161 2767/2882/3170
f 2402/2868/3151 2775/2875/3163 2534/2869/3152
f 2534/2869/3152 2775/2875/3163 3340/2883/3171
f 2534/2869/3152 3340/2883/3171 3108/2872/3160
f 3108/2872/3160 3019/2884/3172 2845/2870/3156
f 2519/2861/3173 2845/2870/3156 2645/2871/3174
f 2645/2871/3174 2845/2870/3156 3019/2884/3172
f 3445/2885/3175 3019/2884/3172 3108/2872/3160
f 2645/2871/3174 3019/2884/3172 3294/2886/3176
f 3445/2885/3175 3108/2872/3160 3340/2883/3171
f 3621/2887/3177 3019/2884/3172 3445/2885/3175
f 3294/2886/3176 3019/2884/3172 3621/2887/3177
f 3890/2888/3178 3621/2887/3177 3445/2885/3175
f 3890/2888/3178 3445/2885/3175 3871/2889/3179
f 3474/2890/3180 3445/2885/3175 3340/2883/3171
f 3871/2889/3179 3445/2885/3175 3588/2891/3181
s 0
f 3588/2891/3182 3445/2885/3183 3474/2890/3184
s 1
f 3340/2883/3171 2775/2875/3163 2965/2892/3185
f 2965/2892/3185 2775/2875/3163 2767/2882/3170
f 3474/2890/3180 3340/2883/3171 3104/2893/3186
f 3104/2893/3186 3340/2883/3171 2965/2892/3185
f 3871/2889/3179 3588/2891/3181 3784/2894/3187
f 3871/2889/3179 3784/2894/3187 3959/2895/3188
s 0
f 3959/2895/3189 3784/2894/3190 4006/2896/3191
s 1
f 3871/2889/3179 3959/2895/3188 3890/2888/3178
f 3621/2887/3177 3890/2888/3178 3854/2897/3192
f 3854/2897/3192 3890/2888/3178 3959/2895/3188
f 3621/2887/3177 3854/2897/3192 3294/2886/3176
f 3294/2886/3176 3854/2897/3192 3290/2898/3193
f 2941/2899/3194 3294/2886/3176 3290/2898/3193
f 3294/2886/3176 2941/2899/3194 2645/2871/3174
f 2645/2871/3174 2941/2899/3194 2656/2858/3141
f 2384/2860/3143 2645/2871/3174 2656/2858/3141
f 2656/2858/3141 2941/2899/3194 2946/2900/3195
f 2946/2900/3195 2941/2899/3194 3290/2898/3193
f 3290/2898/3193 3854/2897/3192 3982/2901/3196
f 3290/2898/3193 3982/2901/3196 3820/2902/3197
f 3854/2897/3192 3959/2895/3188 3982/2901/3196
f 3982/2901/3196 3959/2895/3188 4177/2903/3198
f 3959/2895/3188 4217/2904/3199 4177/2903/3198
f 4217/2904/3199 3959/2895/3188 4123/2905/3200
f 4123/2905/3200 3959/2895/3188 4006/2896/3201
f 4123/2905/3200 4222/2906/3202 4217/2904/3199
s 0
f 4217/2904/3203 4222/2906/3204 4278/2907/3205
s 1
f 4177/2903/3198 4217/2904/3199 4278/2907/3206
f 3982/2901/3196 4177/2903/3198 3820/2902/3197
f 4177/2903/3198 4075/2908/3207 3820/2902/3197
f 3820/2902/3197 3380/2909/3208 3290/2898/3193
f 2946/2900/3195 3290/2898/3193 3380/2909/3208
f 2946/2900/3195 2794/2910/3209 2656/2858/3141
f 2656/2858/3141 2794/2910/3209 2536/2859/3142
f 2536/2859/3142 2794/2910/3209 2538/2911/3210
f 2538/2911/3210 2794/2910/3209 2761/2912/3211
f 2538/2911/3210 2761/2912/3211 2607/2913/2983
f 2320/2914/3212 2538/2911/3210 2421/2915/2982
f 81/2855/3138 2536/2859/3142 128/2916/3213
f 128/2916/3213 2536/2859/3142 2320/2914/3212
f 2320/2914/3212 2536/2859/3142 2538/2911/3210
f 128/2916/3213 2320/2914/3212 325/2917/3214
f 2269/2918/2980 2320/2914/3212 2421/2915/2982
f 2607/2913/2983 2421/2915/2982 2538/2911/3210
f 2269/2918/2980 281/2919/2978 2320/2914/3212
f 2607/2913/2983 2761/2912/3211 2784/2920/2992
f 2784/2920/2992 2761/2912/3211 2932/2921/2994
f 2932/2921/2994 2761/2912/3211 3063/2922/3215
f 3063/2922/3215 2761/2912/3211 2794/2910/3209
f 3238/2923/2995 2932/2921/2994 3063/2922/3215
f 3063/2922/3215 2794/2910/3209 2946/2900/3195
f 3063/2922/3215 2946/2900/3195 3380/2909/3208
f 3063/2922/3215 3328/2924/3216 3238/2923/2995
f 3063/2922/3215 3380/2909/3208 3328/2924/3216
f 3577/2925/2609 3238/2923/2995 3328/2924/3216
f 3577/2925/2609 3328/2924/3216 3798/2926/3217
f 4010/2927/3218 3577/2925/2609 3798/2926/3217
f 3577/2925/2609 4010/2927/3218 3986/2928/2611
f 3328/2924/3216 4075/2908/3207 3798/2926/3217
f 3328/2924/3216 3380/2909/3208 4075/2908/3207
f 4075/2908/3207 3380/2909/3208 3820/2902/3197
f 3798/2926/3217 4075/2908/3207 4205/2929/3219
f 4205/2929/3219 4075/2908/3207 4177/2903/3198
f 3798/2926/3217 4205/2929/3219 4010/2927/3218
f 4205/2929/3219 4177/2903/3198 4278/2907/3206
f 3986/2928/2611 4010/2927/3218 4310/2930/2612
f 4310/2930/2612 4010/2927/3218 4205/2929/3219
f 4205/2929/3219 4278/2907/3206 4310/2930/2612
f 4310/2930/2612 4278/2907/3206 4328/2931/3220
f 4310/2930/2612 4328/2931/3220 4344/2932/3221
f 4310/2930/2612 4344/2932/3221 4311/2933/2613
f 4344/2932/3221 4328/2931/3220 4307/2934/3222
s 0
f 4344/2932/3223 4307/2934/3224 4319/2935/3225
s 1
f 4344/2932/3221 4319/2935/2614 4311/2933/2613
f 4274/2936/2632 4260/2937/2615 4214/2938/2633
f 4214/2938/2633 4171/2939/3226 4096/2940/2639
f 4214/2938/2633 4260/2937/2615 4171/2939/3226
f 3918/2941/2640 4096/2940/2639 3921/2942/3227
s 0
f 4260/2937/3228 4319/2935/3229 4286/2943/3230
f 4286/2943/3231 4319/2935/3232 4307/2934/3233
s 1
f 4328/2931/3220 4278/2907/3206 4264/2944/3234
s 0
f 4264/2944/3235 4278/2907/3236 4222/2906/3237
s 1
f 4328/2931/3220 4264/2944/3234 4307/2934/3222
f 4266/2945/3238 4264/2944/3234 4222/2906/3202
f 4307/2934/3222 4264/2944/3234 4315/2946/3239
f 4315/2946/3239 4287/2947/3240 4307/2934/3222
f 4315/2946/3239 4264/2944/3234 4266/2945/3238
f 4307/2934/3222 4287/2947/3240 4286/2943/3241
f 4286/2943/3241 4287/2947/3240 4259/2948/3242
f 4287/2947/3240 4262/2949/3243 4259/2948/3242
f 4262/2949/3243 4287/2947/3240 4212/2950/3244
f 4161/2951/3245 4262/2949/3243 4039/2952/3246
f 4262/2949/3243 4023/2953/3247 4039/2952/3246
f 4023/2953/3247 4262/2949/3243 4212/2950/3244
f 4212/2950/3244 4287/2947/3240 4315/2946/3239
f 4023/2953/3247 4212/2950/3244 3724/2954/3248
f 3724/2954/3248 4212/2950/3244 4150/2955/3249
f 4150/2955/3249 4212/2950/3244 4315/2946/3239
f 3724/2954/3248 4150/2955/3249 4158/2956/3250
f 4315/2946/3239 4266/2945/3238 4150/2955/3249
f 4150/2955/3249 4266/2945/3238 4158/2956/3250
f 4158/2956/3250 3965/2957/3251 3651/2958/3252
f 4118/2959/3253 4158/2956/3250 4266/2945/3238
f 3965/2957/3251 4158/2956/3250 4118/2959/3253
f 4258/2960/3254 4118/2959/3253 4266/2945/3238
f 3965/2957/3251 4118/2959/3253 3877/2961/3255
f 4166/2962/3256 4266/2945/3238 4222/2906/3202
f 4222/2906/3202 4123/2905/3200 4166/2962/3256
f 4166/2962/3256 4123/2905/3200 4117/2963/3257
f 4166/2962/3256 4258/2960/3254 4266/2945/3238
f 4258/2960/3254 4166/2962/3256 4146/2964/3258
f 4146/2964/3258 4166/2962/3256 4117/2963/3257
f 4006/2896/3201 4117/2963/3257 4123/2905/3200
f 4117/2963/3257 4006/2896/3201 4146/2964/3258
f 4006/2896/3201 4015/2965/3259 4146/2964/3258
f 4015/2965/3259 4006/2896/3201 3784/2894/3187
f 4015/2965/3259 3784/2894/3187 3777/2966/3260
f 4015/2965/3259 4017/2967/3261 4146/2964/3258
f 4118/2959/3253 4146/2964/3258 4017/2967/3261
f 4146/2964/3258 4118/2959/3253 4258/2960/3254
f 3877/2961/3255 4118/2959/3253 4017/2967/3261
f 3877/2961/3255 4017/2967/3261 3942/2968/3262
f 3877/2961/3255 3942/2968/3262 3661/2969/3263
f 3641/2970/3264 3661/2969/3263 3942/2968/3262
f 3942/2968/3262 4017/2967/3261 4015/2965/3259
s 0
f 3641/2970/3265 3942/2968/3266 3725/2971/3267
s 1
f 3725/2971/3268 3942/2968/3262 4015/2965/3259
f 3725/2971/3268 4015/2965/3259 3777/2966/3260
f 3695/2972/3269 3725/2971/3268 3777/2966/3260
s 0
f 3695/2972/3270 3777/2966/3271 3588/2891/3272
s 1
f 3588/2891/3181 3777/2966/3260 3784/2894/3187
f 3343/2973/3273 3695/2972/3269 3588/2891/3274
f 3343/2973/3273 3588/2891/3274 3474/2890/3180
f 3104/2893/3186 2965/2892/3185 3001/2974/3275
f 2658/2975/3276 2767/2882/3170 2465/2881/3169
s 0
f 3001/2974/3277 2965/2892/3278 2658/2975/3279
s 1
f 2658/2975/3276 2965/2892/3185 2767/2882/3170
f 3474/2890/3180 3104/2893/3186 3343/2973/3273
f 3104/2893/3186 3001/2974/3275 3343/2973/3273
f 3346/2976/3280 3343/2973/3273 3001/2974/3275
f 3695/2972/3269 3343/2973/3273 3497/2977/3281
f 3497/2977/3281 3343/2973/3273 3346/2976/3280
f 3497/2977/3281 3454/2978/3282 3695/2972/3269
f 3695/2972/3269 3454/2978/3282 3344/2979/3283
f 3695/2972/3269 3344/2979/3283 3725/2971/3268
f 3725/2971/3268 3344/2979/3283 3382/2980/3284
f 3382/2980/3284 3344/2979/3283 3260/2981/3285
f 3260/2981/3285 3344/2979/3283 3454/2978/3282
f 3382/2980/3284 3403/2982/3286 3487/2983/3287
f 3382/2980/3284 3487/2983/3287 3725/2971/3268
f 3725/2971/3268 3487/2983/3287 3641/2970/3264
f 3661/2969/3263 3641/2970/3264 3487/2983/3287
f 3518/2984/3288 3487/2983/3287 3458/2985/3289
f 3520/2986/3290 3487/2983/3287 3518/2984/3288
f 3661/2969/3263 3487/2983/3287 3520/2986/3290
s 0
f 3877/2961/3291 3661/2969/3292 3965/2957/3293
s 1
f 3965/2957/3251 3661/2969/3263 3651/2958/3252
f 3651/2958/3252 3661/2969/3263 3529/2987/3294
f 3529/2987/3294 3661/2969/3263 3520/2986/3290
f 4158/2956/3250 3651/2958/3252 3724/2954/3248
f 3724/2954/3248 3651/2958/3252 3171/2988/3295
f 3651/2958/3252 3530/2989/3296 3171/2988/3295
f 3530/2989/3296 3651/2958/3252 3529/2987/3294
f 3530/2989/3296 3529/2987/3294 3306/2990/3297
f 3530/2989/3296 3306/2990/3297 3111/2991/3298
f 3282/2992/3299 3171/2988/3295 3530/2989/3296
f 3282/2992/3299 3530/2989/3296 3111/2991/3298
f 3397/2993/3300 3306/2990/3297 3529/2987/3294
f 3529/2987/3294 3520/2986/3290 3397/2993/3300
f 3470/2994/3301 3397/2993/3300 3520/2986/3290
f 3520/2986/3290 3518/2984/3288 3470/2994/3301
f 3518/2984/3288 3458/2985/3289 3484/2995/3302
f 3458/2985/3289 3487/2983/3287 3403/2982/3286
f 3484/2995/3302 3470/2994/3301 3518/2984/3288
f 3451/2996/3303 3470/2994/3301 3484/2995/3302
f 3451/2996/3303 3484/2995/3302 3532/2997/3304
f 3484/2995/3302 3458/2985/3289 3378/2998/3305
f 3484/2995/3302 3378/2998/3305 3511/2999/3306
f 3511/2999/3306 3378/2998/3305 3540/3000/3307
f 3458/2985/3289 3403/2982/3286 3378/2998/3305
f 3249/3001/3308 3378/2998/3305 3403/2982/3286
f 3260/2981/3285 3403/2982/3286 3382/2980/3284
f 3403/2982/3286 3260/2981/3285 3249/3001/3308
f 3378/2998/3305 3249/3001/3308 3540/3000/3307
f 3540/3000/3307 3249/3001/3308 3414/3002/3309
f 3172/3003/3310 3249/3001/3308 3260/2981/3285
f 3540/3000/3307 3414/3002/3309 3592/3004/3311
f 3540/3000/3307 3592/3004/3311 3737/3005/3312
f 3540/3000/3307 3737/3005/3312 3511/2999/3306
f 3484/2995/3302 3511/2999/3306 3728/3006/3313
f 3728/3006/3313 3511/2999/3306 3737/3005/3312
f 3484/2995/3302 3728/3006/3313 3532/2997/3304
f 3951/3007/3314 3737/3005/3312 3985/3008/3315
f 3737/3005/3312 3951/3007/3314 3728/3006/3313
f 3583/3009/3316 3532/2997/3304 3728/3006/3313
f 3728/3006/3313 3758/3010/3317 3583/3009/3316
f 3728/3006/3313 3951/3007/3314 3758/3010/3317
f 3951/3007/3314 4064/3011/3318 3758/3010/3317
f 4064/3011/3318 3951/3007/3314 4105/3012/3319
f 3560/3013/3320 3913/3014/3321 3565/3015/3322
f 3565/3015/3322 3432/3016/3323 3560/3013/3320
f 3293/3017/3324 3432/3016/3323 3162/3018/3325
f 3560/3013/3320 3432/3016/3323 3420/3019/3326
f 3293/3017/3324 3420/3019/3326 3432/3016/3323
f 2565/3020/3327 2575/3021/3328 2347/3022/3049
f 2565/3020/3327 2347/3022/3049 2548/3023/3329
f 2548/3023/3329 2347/3022/3049 2370/3024/3047
f 2633/3025/3330 2565/3020/3327 2548/3023/3329
f 2565/3020/3327 2633/3025/3330 2791/3026/3331
f 2791/3026/3331 2633/3025/3330 2757/3027/3332
f 2757/3027/3332 2633/3025/3330 2649/3028/3333
f 2633/3025/3330 2548/3023/3329 2649/3028/3333
f 2548/3023/3329 2370/3024/3047 2649/3028/3333
f 2252/3029/3041 2370/3024/3047 2351/3030/3040
f 2649/3028/3333 2370/3024/3047 2252/3029/3041
f 2252/3029/3041 2755/3031/3334 2649/3028/3333
f 113/3032/3036 6/3033/3039 89/3034/3035
f 6/3033/3039 113/3032/3036 2563/3035/3335
f 2428/3036/3336 113/3032/3036 138/3037/3034
f 2563/3035/3335 113/3032/3036 2428/3036/3336
f 2561/3038/3337 138/3037/3034 322/3039/3031
f 2428/3036/3336 138/3037/3034 2561/3038/3337
f 2561/3038/3337 322/3039/3031 92/3040/3338
f 92/3040/3338 322/3039/3031 176/3041/3029
f 92/3040/3338 176/3041/3029 172/3042/3028
f 2427/3043/3339 92/3040/3338 172/3042/3028
f 172/3042/3028 167/3044/3015 173/3045/3014
f 2348/3046/3340 172/3042/3028 173/3045/3014
f 173/3045/3014 185/3047/3013 229/3048/3012
f 172/3042/3028 2348/3046/3340 2427/3043/3339
f 173/3045/3014 229/3048/3012 105/3049/3341
f 2348/3046/3340 173/3045/3014 105/3049/3341
f 105/3049/3341 229/3048/3012 237/3050/3011
f 105/3049/3341 237/3050/3011 2339/3051/3342
f 2339/3051/3342 237/3050/3011 93/3052/2665
f 2339/3051/3342 93/3052/2665 2458/3053/2663
f 2339/3051/3342 2458/3053/2663 2726/3054/2664
f 2726/3054/2664 2611/3055/2652 2749/3056/2651
f 2339/3051/3342 2746/3057/3343 105/3049/3341
f 2339/3051/3342 2726/3054/2664 2746/3057/3343
s 0
f 2883/3058/3344 2726/3054/3345 2749/3056/3346
s 1
f 2746/3057/3343 2726/3054/2664 2883/3058/2646
f 105/3049/3341 2746/3057/3343 2833/3059/3347
f 105/3049/3341 2833/3059/3347 2348/3046/3340
f 2833/3059/3347 2746/3057/3343 2781/3060/3348
f 2781/3060/3348 2746/3057/3343 2883/3058/2646
f 2781/3060/3348 2883/3058/2646 3058/3061/2645
f 3058/3061/2645 3080/3062/2644 3436/3063/2643
f 3760/3064/2641 3918/2941/2640 3921/2942/3227
f 3436/3063/2643 3563/3065/2642 3058/3061/2645
f 3563/3065/2642 3760/3064/2641 3762/3066/3349
f 3762/3066/3349 3760/3064/2641 3921/2942/3227
f 3762/3066/3349 3464/3067/3350 3563/3065/2642
f 3762/3066/3349 3921/2942/3227 3464/3067/3350
f 3921/2942/3227 4096/2940/2639 4013/3068/3351
f 3916/3069/3352 3921/2942/3227 4013/3068/3351
f 3821/3070/3353 3921/2942/3227 3916/3069/3352
f 3921/2942/3227 3821/3070/3353 3464/3067/3350
f 3464/3067/3350 3821/3070/3353 3434/3071/3354
f 3183/3072/3355 3464/3067/3350 3434/3071/3354
f 3464/3067/3350 3183/3072/3355 3251/3073/3356
f 3464/3067/3350 3251/3073/3356 3563/3065/2642
f 3563/3065/2642 3251/3073/3356 3058/3061/2645
f 3058/3061/2645 3251/3073/3356 2781/3060/3348
f 2781/3060/3348 3251/3073/3356 2833/3059/3347
f 2833/3059/3347 3251/3073/3356 3183/3072/3355
s 0
f 2833/3059/3357 3183/3072/3358 2808/3074/3359
s 1
f 2808/3074/3360 3183/3072/3355 2968/3075/3361
f 2968/3075/3361 3183/3072/3355 3434/3071/3354
f 2348/3046/3340 2833/3059/3347 2808/3074/3360
f 2348/3046/3340 2808/3074/3360 2427/3043/3339
f 2427/3043/3339 2808/3074/3360 2685/3076/3362
f 2685/3076/3362 2808/3074/3360 2968/3075/3361
f 2427/3043/3339 2685/3076/3362 92/3040/3338
f 2956/3077/3363 2685/3076/3362 2968/3075/3361
f 2968/3075/3361 3434/3071/3354 3629/3078/3364
f 2968/3075/3361 3629/3078/3364 2956/3077/3363
f 3434/3071/3354 3821/3070/3353 3629/3078/3364
f 3629/3078/3364 3821/3070/3353 3916/3069/3352
f 2956/3077/3363 2751/3079/3365 2685/3076/3362
f 2751/3079/3365 2956/3077/3363 3136/3080/3366
f 3136/3080/3366 2956/3077/3363 3629/3078/3364
s 0
f 3136/3080/3367 3629/3078/3368 3350/3081/3369
s 1
f 3350/3081/3370 3629/3078/3364 3916/3069/3352
f 3350/3081/3370 3916/3069/3352 4013/3068/3351
f 3597/3082/3371 3350/3081/3370 4013/3068/3351
f 3597/3082/3371 4013/3068/3351 4125/3083/3372
f 4171/2939/3226 4125/3083/3372 4013/3068/3351
f 4013/3068/3351 4096/2940/2639 4171/2939/3226
f 4171/2939/3226 4260/2937/2615 4259/2948/3242
s 0
f 4259/2948/3373 4260/2937/3374 4286/2943/3375
s 1
f 4259/2948/3242 4262/2949/3243 4161/2951/3245
f 4161/2951/3245 4171/2939/3226 4259/2948/3242
f 4171/2939/3226 4161/2951/3245 4125/3083/3372
f 4125/3083/3372 4161/2951/3245 3597/3082/3371
s 0
f 4161/2951/3376 4039/2952/3377 3597/3082/3378
s 1
f 3350/3081/3370 3597/3082/3371 3136/3080/3379
f 3597/3082/3371 3539/3084/3380 3136/3080/3379
f 3597/3082/3371 4039/2952/3246 3539/3084/3380
f 3136/3080/3379 3539/3084/3380 2973/3085/3381
s 0
f 3136/3080/3382 2973/3085/3383 2751/3079/3384
s 1
f 2973/3085/3381 2731/3086/3385 2751/3079/3365
f 2751/3079/3365 2561/3038/3337 2685/3076/3362
f 2751/3079/3365 2731/3086/3385 2561/3038/3337
f 2685/3076/3362 2561/3038/3337 92/3040/3338
f 2428/3036/3336 2561/3038/3337 2731/3086/3385
f 2563/3035/3335 2428/3036/3336 2731/3086/3385
f 2563/3035/3335 2731/3086/3385 2642/3087/3386
f 2563/3035/3335 2642/3087/3386 6/3033/3039
f 6/3033/3039 2642/3087/3386 2909/3088/3387
f 6/3033/3039 2909/3088/3387 2672/3089/3388
f 6/3033/3039 2672/3089/3388 2755/3031/3334
f 6/3033/3039 2755/3031/3334 2252/3029/3041
s 0
f 2757/3027/3389 2649/3028/3390 2755/3031/3391
s 1
f 2757/3027/3332 2940/3090/3392 2830/3091/3393
f 2757/3027/3332 2830/3091/3393 2791/3026/3331
f 2757/3027/3332 2755/3031/3334 2940/3090/3392
f 2755/3031/3334 2672/3089/3388 2975/3092/3394
f 2642/3087/3386 2731/3086/3385 2973/3085/3381
f 2642/3087/3386 2973/3085/3381 2909/3088/3387
f 2973/3085/3381 3078/3093/3395 2909/3088/3387
f 3078/3093/3395 2973/3085/3381 3539/3084/3380
f 2982/3094/3396 2909/3088/3387 3078/3093/3395
f 2909/3088/3387 2982/3094/3396 2672/3089/3388
f 2672/3089/3388 2982/3094/3396 2975/3092/3394
f 2982/3094/3396 3078/3093/3395 3282/2992/3299
f 3282/2992/3299 3078/3093/3395 3171/2988/3295
f 3282/2992/3299 3111/2991/3298 2982/3094/3396
f 2982/3094/3396 3111/2991/3298 2975/3092/3394
f 3171/2988/3295 3078/3093/3395 3539/3084/3380
f 3171/2988/3295 3539/3084/3380 3724/2954/3248
f 3539/3084/3380 4039/2952/3246 4023/2953/3247
f 3724/2954/3248 3539/3084/3380 4023/2953/3247
f 2057/2732/2717 1749/2734/2692 1892/2737/3006
f 2003/2794/2716 2057/2732/2717 2030/2791/3060
f 1698/2802/3075 1558/3095/2859 1756/2799/2715
f 1558/3095/2859 1698/2802/3075 1548/2803/3076
f 1504/3096/2861 1558/3095/2859 1548/2803/3076
f 1504/3096/2861 1548/2803/3076 1182/3097/3397
f 1548/2803/3076 772/3098/3398 1182/3097/3397
f 1548/2803/3076 1522/2804/3077 1001/2852/3134
f 772/3098/3398 1548/2803/3076 1001/2852/3134
f 807/2811/3087 1001/2852/3134 1522/2804/3077
f 807/2811/3087 1522/2804/3077 1270/2809/3083
f 1270/2809/3083 1522/2804/3077 1685/2801/3074
f 772/3098/3398 1001/2852/3134 430/3099/3399
f 430/3099/3399 1001/2852/3134 317/2853/3136
f 772/3098/3398 430/3099/3399 1182/3097/3397
f 430/3099/3399 317/2853/3136 81/2855/3138
f 81/2855/3138 128/2916/3213 430/3099/3399
f 430/3099/3399 325/2917/3214 1182/3097/3397
f 430/3099/3399 128/2916/3213 325/2917/3214
f 1182/3097/3397 325/2917/3214 893/3100/2869
f 325/2917/3214 2320/2914/3212 544/3101/2977
f 2320/2914/3212 281/2919/2978 544/3101/2977
f 281/2919/2978 403/3102/2976 544/3101/2977
f 325/2917/3214 544/3101/2977 893/3100/2869
f 544/3101/2977 621/3103/2974 893/3100/2869
f 1191/3104/2868 1182/3097/3397 893/3100/2869
s 0
f 1182/3097/3400 1191/3104/3401 1504/3096/3402
s 1
f 2007/2792/3061 2016/2739/3008 1956/2789/3058
f 1826/2788/3057 1808/2758/3021 1741/2787/3056
f 1848/2820/3097 1826/2788/3057 1741/2787/3056
f 1848/2820/3097 1741/2787/3056 1623/2821/3098
f 1623/2821/3098 1741/2787/3056 1555/3105/3403
f 1758/2822/3099 1623/2821/3098 1766/2833/3110
f 1628/2835/3115 1766/2833/3110 1623/2821/3098
f 1542/3106/3404 1623/2821/3098 1555/3105/3403
f 1628/2835/3115 1431/3107/3405 1441/2834/3114
f 1431/3107/3405 1628/2835/3115 1542/3106/3404
f 1542/3106/3404 1628/2835/3115 1623/2821/3098
f 1542/3106/3404 1555/3105/3403 1288/3108/3406
f 1288/3108/3406 1555/3105/3403 1391/3109/3407
f 1163/3110/3408 1391/3109/3407 1167/2782/3051
f 1288/3108/3406 1391/3109/3407 1163/3110/3408
s 0
f 1288/3108/3409 1163/3110/3410 1149/3111/3411
s 1
f 1542/3106/3404 1288/3108/3406 1431/3107/3405
f 1431/3107/3405 1288/3108/3406 1343/3112/3412
f 1313/3113/3413 1431/3107/3405 1343/3112/3412
f 1431/3107/3405 1313/3113/3413 1441/2834/3114
f 1441/2834/3114 1313/3113/3413 1204/2836/3116
f 1204/2836/3116 1313/3113/3413 1105/3114/3414
f 1313/3113/3413 923/3115/3415 1105/3114/3414
f 1120/2839/3119 1204/2836/3116 1105/3114/3414
f 1120/2839/3119 1105/3114/3414 965/3116/3416
f 1105/3114/3414 923/3115/3415 965/3116/3416
f 1313/3113/3413 1343/3112/3412 923/3115/3415
f 1149/3111/3417 1343/3112/3412 1288/3108/3406
f 1149/3111/3417 1163/3110/3408 743/3117/3418
f 1149/3111/3417 743/3117/3418 828/3118/3419
f 743/3117/3418 1163/3110/3408 1009/3119/3420
f 743/3117/3418 1009/3119/3420 451/2781/3050
f 828/3118/3419 743/3117/3418 593/3120/3421
f 743/3117/3418 451/2781/3050 593/3120/3421
f 593/3120/3421 451/2781/3050 420/3121/3422
f 1149/3111/3417 828/3118/3419 1343/3112/3412
f 1343/3112/3412 828/3118/3419 923/3115/3415
f 828/3118/3419 593/3120/3421 730/3122/3423
f 730/3122/3423 593/3120/3421 575/3123/3424
f 828/3118/3419 730/3122/3423 923/3115/3415
f 730/3122/3423 575/3123/3424 591/3124/3425
f 730/3122/3423 859/3125/3426 923/3115/3415
f 923/3115/3415 859/3125/3426 965/3116/3416
f 859/3125/3426 730/3122/3423 591/3124/3425
f 859/3125/3426 753/3126/3427 965/3116/3416
f 965/3116/3416 753/3126/3427 929/3127/3428
f 965/3116/3416 929/3127/3428 1120/2839/3119
f 1120/2839/3119 929/3127/3428 1076/3128/3429
f 1114/3129/3430 1076/3128/3429 1102/3130/3431
f 1076/3128/3429 929/3127/3428 950/3131/3432
f 1076/3128/3429 950/3131/3432 1102/3130/3431
f 950/3131/3432 929/3127/3428 884/3132/3433
f 884/3132/3433 929/3127/3428 753/3126/3427
f 950/3131/3432 884/3132/3433 871/3133/3434
f 884/3132/3433 753/3126/3427 548/3134/3435
f 753/3126/3427 619/3135/3436 548/3134/3435
f 753/3126/3427 859/3125/3426 619/3135/3436
f 619/3135/3436 859/3125/3426 591/3124/3425
f 462/3136/3437 619/3135/3436 591/3124/3425
f 269/3137/3438 619/3135/3436 462/3136/3437
f 591/3124/3425 575/3123/3424 462/3136/3437
f 462/3136/3437 575/3123/3424 539/3138/3439
f 420/3121/3422 462/3136/3437 539/3138/3439
f 539/3138/3439 575/3123/3424 593/3120/3421
f 420/3121/3422 539/3138/3439 593/3120/3421
f 420/3121/3422 451/2781/3050 137/3139/3440
f 420/3121/3422 137/3139/3440 235/3140/3441
f 420/3121/3422 235/3140/3441 462/3136/3437
f 235/3140/3441 137/3139/3440 143/3141/3442
f 462/3136/3437 235/3140/3441 269/3137/3438
f 235/3140/3441 143/3141/3442 2225/3142/3443
f 9/3143/3444 143/3141/3442 137/3139/3440
f 9/3143/3444 2225/3144/3443 143/3141/3442
f 2575/3145/3328 9/3143/3444 2347/2780/3049
f 2347/2780/3049 9/3143/3444 156/2779/3048
f 156/2779/3048 9/3143/3444 137/3139/3440
f 137/3139/3440 451/2781/3050 156/2779/3048
f 451/2781/3050 1009/3119/3420 306/2777/3045
f 306/2777/3045 1009/3119/3420 614/2771/3037
f 1009/3119/3420 1163/3110/3408 1167/2782/3051
f 614/2771/3037 1009/3119/3420 1167/2782/3051
f 1167/2782/3051 1391/3109/3407 1388/2783/3052
f 1388/2783/3052 1391/3109/3407 1555/3105/3403
f 1329/2784/3053 1388/2783/3052 1555/3105/3403
f 1497/2785/3054 1329/2784/3053 1555/3105/3403
f 1741/2787/3056 1497/2785/3054 1555/3105/3403
f 1741/2787/3056 1643/2786/3055 1497/2785/3054
f 754/2845/3125 845/2843/3123 602/2877/3165
f 845/2843/3123 851/2844/3124 602/2877/3165
f 851/2844/3124 1084/2842/3122 1059/2841/3121
f 851/2844/3124 1059/2841/3121 714/3146/3445
f 1096/3147/3446 1059/2841/3121 1092/2840/3120
f 1096/3147/3446 1092/2840/3120 1179/2838/3118
f 1179/2838/3118 1120/2839/3119 1076/3128/3429
f 1179/2838/3118 1076/3128/3429 1096/3147/3446
f 1096/3147/3446 1076/3128/3429 1114/3129/3430
f 1096/3147/3446 1114/3129/3430 1184/3148/3447
f 1114/3129/3430 1141/3149/3448 1184/3148/3447
f 1141/3149/3448 1114/3129/3430 1102/3130/3431
f 1141/3149/3448 1102/3130/3431 1227/3150/3449
f 1184/3148/3447 1141/3149/3448 1574/3151/3450
f 1141/3149/3448 1416/3152/3451 1574/3151/3450
f 1416/3152/3451 1141/3149/3448 1227/3150/3449
f 1416/3152/3451 1227/3150/3449 1449/3153/3452
f 1227/3150/3449 1102/3130/3431 950/3131/3432
f 1227/3150/3449 950/3131/3432 1306/3154/3453
f 1306/3154/3453 950/3131/3432 871/3133/3434
f 1227/3150/3449 1306/3154/3453 1449/3153/3452
f 1449/3153/3452 1306/3154/3453 1551/3155/3454
f 1449/3153/3452 1551/3155/3454 1788/3156/3455
f 1416/3152/3451 1449/3153/3452 1744/3157/3456
f 1744/3157/3456 1449/3153/3452 1788/3156/3455
f 1788/3156/3455 1551/3155/3454 1729/3158/3457
f 1788/3156/3455 1894/3159/3458 1744/3157/3456
f 1744/3157/3456 1894/3159/3458 1850/3160/3459
f 1744/3157/3456 1574/3151/3450 1416/3152/3451
f 1184/3148/3447 1574/3151/3450 1194/3161/3460
f 1194/3161/3460 1574/3151/3450 1308/3162/3461
f 1096/3147/3446 1184/3148/3447 1194/3161/3460
f 1096/3147/3446 1194/3161/3460 909/3163/3462
f 1124/3164/3463 1194/3161/3460 1308/3162/3461
f 1308/3162/3461 1574/3151/3450 1434/3165/3464
s 0
f 1308/3162/3465 1366/3166/3466 1124/3164/3467
s 1
f 1434/3165/3464 1574/3151/3450 1607/3167/3468
f 1366/3166/3469 1308/3162/3461 1434/3165/3464
f 1366/3166/3469 1434/3165/3464 1283/3168/3470
f 1366/3166/3469 885/3169/3471 1012/3170/3472
f 1366/3166/3469 1012/3170/3472 1124/3164/3463
f 1124/3164/3463 1012/3170/3472 870/3171/3473
f 1124/3164/3463 870/3171/3473 1194/3161/3460
f 870/3171/3473 1012/3170/3472 734/3172/3474
f 1194/3161/3460 870/3171/3473 837/3173/3475
s 0
f 734/3172/3476 1012/3170/3477 885/3169/3478
s 1
f 1194/3161/3460 837/3173/3475 909/3163/3462
f 734/3172/3474 885/3169/3471 404/3174/3479
f 404/3174/3479 885/3169/3471 655/3175/3480
f 236/3176/3481 404/3174/3479 655/3175/3480
f 2309/3177/3482 236/3176/3481 2236/3178/3483
f 2309/3177/3482 2236/3178/3483 2251/3179/3484
f 2251/3179/3484 2380/3180/3485 2509/3181/3486
f 2727/3182/3487 2309/3177/3482 2251/3179/3484
f 2251/3179/3484 2509/3181/3486 2727/3182/3487
f 2509/3181/3486 2688/3183/3488 2727/3182/3487
f 2688/3183/3488 2742/3184/3489 2891/3185/3490
f 2688/3183/3488 2891/3185/3490 2898/3186/3491
f 236/3176/3481 2309/3177/3482 23/3187/3492
f 260/3188/3493 236/3176/3481 23/3187/3492
f 2309/3177/3482 2727/3182/3487 2465/2881/3169
f 2309/3177/3482 2465/2881/3169 2344/3189/3494
f 2309/3177/3482 2344/3189/3494 23/3187/3492
f 236/3176/3481 260/3188/3493 404/3174/3479
f 734/3172/3474 404/3174/3479 636/3190/3495
f 636/3190/3495 404/3174/3479 260/3188/3493
f 636/3190/3495 260/3188/3493 309/3191/3496
f 636/3190/3495 309/3191/3496 698/3192/3497
f 260/3188/3493 23/3187/3492 309/3191/3496
f 42/3193/3498 23/3187/3492 2344/3189/3494
f 309/3191/3496 23/3187/3492 42/3193/3498
f 309/3191/3496 42/3193/3498 133/2876/3164
s 0
f 309/3191/3499 133/2876/3500 287/2878/3501
s 1
f 309/3191/3496 287/2878/3166 416/2879/3167
f 549/3194/3502 309/3191/3496 416/2879/3167
f 309/3191/3496 549/3194/3502 698/3192/3497
f 698/3192/3497 549/3194/3502 714/3146/3445
f 837/3173/3475 698/3192/3497 714/3146/3445
f 870/3171/3473 698/3192/3497 837/3173/3475
f 870/3171/3473 636/3190/3495 698/3192/3497
f 636/3190/3495 870/3171/3473 734/3172/3474
f 1096/3147/3446 909/3163/3462 1059/2841/3121
f 714/3146/3445 909/3163/3462 837/3173/3475
f 909/3163/3462 714/3146/3445 1059/2841/3121
f 714/3146/3445 416/2879/3167 851/2844/3124
f 851/2844/3124 416/2879/3167 602/2877/3165
f 714/3146/3445 549/3194/3502 416/2879/3167
f 133/2876/3164 42/3193/3498 2319/2880/3168
f 2319/2880/3168 42/3193/3498 2344/3189/3494
f 2319/2880/3168 2344/3189/3494 2465/2881/3169
f 2658/2975/3276 2465/2881/3169 2727/3182/3487
f 2823/3195/3503 3001/2974/3275 2658/2975/3276
f 3001/2974/3275 2823/3195/3503 3346/2976/3280
f 2658/2975/3276 2727/3182/3487 2823/3195/3503
f 2823/3195/3503 2727/3182/3487 2688/3183/3488
f 2823/3195/3503 2688/3183/3488 2898/3186/3491
f 3346/2976/3280 2898/3186/3491 3100/3196/3504
s 0
f 3100/3196/3505 2898/3186/3506 2891/3185/3507
s 1
f 3100/3196/3504 2891/3185/3490 2911/3197/3508
f 3100/3196/3504 2911/3197/3508 3172/3003/3310
f 3172/3003/3310 3260/2981/3285 3100/3196/3504
f 3100/3196/3504 3260/2981/3285 3454/2978/3282
f 3100/3196/3504 3454/2978/3282 3346/2976/3280
f 3346/2976/3280 3454/2978/3282 3497/2977/3281
f 2898/3186/3491 3346/2976/3280 2823/3195/3503
f 3154/3198/3509 2975/3092/3394 3111/2991/3298
f 2755/3031/3334 2975/3092/3394 2940/3090/3392
f 3154/3198/3509 3111/2991/3298 3306/2990/3297
f 3154/3198/3509 3306/2990/3297 3397/2993/3300
f 2975/3092/3394 3154/3198/3509 3123/3199/3510
f 2975/3092/3394 3123/3199/3510 2940/3090/3392
f 3090/3200/3511 2940/3090/3392 3123/3199/3510
f 2940/3090/3392 3090/3200/3511 2830/3091/3393
f 3406/3201/3512 3123/3199/3510 3154/3198/3509
f 3090/3200/3511 3123/3199/3510 3273/3202/3513
f 3406/3201/3512 3154/3198/3509 3397/2993/3300
f 3123/3199/3510 3406/3201/3512 3273/3202/3513
f 3451/2996/3303 3397/2993/3300 3470/2994/3301
f 3406/3201/3512 3397/2993/3300 3451/2996/3303
f 3451/2996/3303 3532/2997/3304 3583/3009/3316
f 3451/2996/3303 3583/3009/3316 3406/3201/3512
f 3406/3201/3512 3583/3009/3316 3273/3202/3513
f 3758/3010/3317 4064/3011/3318 3913/3014/3321
f 3758/3010/3317 3560/3013/3320 3583/3009/3316
f 3758/3010/3317 3913/3014/3321 3560/3013/3320
f 3583/3009/3316 3560/3013/3320 3611/3203/3514
f 3583/3009/3316 3611/3203/3514 3273/3202/3513
f 3273/3202/3513 3611/3203/3514 3267/3204/3515
f 3090/3200/3511 3273/3202/3513 3267/3204/3515
f 3267/3204/3515 3611/3203/3514 3420/3019/3326
f 3090/3200/3511 3267/3204/3515 3293/3017/3324
f 3021/3205/3516 3090/3200/3511 3293/3017/3324
f 3420/3019/3326 3611/3203/3514 3560/3013/3320
f 3293/3017/3324 3267/3204/3515 3420/3019/3326
f 3021/3205/3516 3293/3017/3324 3162/3018/3325
f 3162/3018/3325 2847/3206/3517 2791/3026/3331
f 2791/3026/3331 2847/3206/3517 2565/3020/3327
f 3162/3018/3325 2791/3026/3331 2917/3207/3518
f 3162/3018/3325 2917/3207/3518 3021/3205/3516
f 2917/3207/3518 2791/3026/3331 2830/3091/3393
f 3021/3205/3516 2917/3207/3518 2830/3091/3393
f 3021/3205/3516 2830/3091/3393 3090/3200/3511
f 1607/3167/3468 1574/3151/3450 1744/3157/3456
f 1744/3157/3456 1850/3160/3459 1607/3167/3468
f 1607/3167/3468 1850/3160/3459 1482/3208/3519
f 1850/3160/3459 1802/3209/3520 1482/3208/3519
f 1607/3167/3468 1482/3208/3519 1389/3210/3521
f 1434/3165/3464 1607/3167/3468 1389/3210/3521
f 1434/3165/3464 1389/3210/3521 1283/3168/3470
f 1366/3166/3469 1283/3168/3470 885/3169/3471
s 0
f 1894/3211/3522 1788/3212/3523 1729/3213/3524
s 1
f 1933/3214/3525 1894/3211/3458 1729/3213/3457
f 1933/3214/3525 1729/3213/3457 1725/3215/3526
f 1729/3213/3457 1551/3216/3454 1350/3217/3527
f 1551/3216/3454 1306/3218/3453 1350/3217/3527
f 1350/3217/3527 1306/3218/3453 1222/3219/3528
f 1350/3217/3527 1725/3215/3526 1729/3213/3457
f 1350/3217/3527 1439/3220/3529 1725/3215/3526
f 1725/3215/3526 1439/3220/3529 1602/3221/3530
f 1439/3220/3529 1350/3217/3527 721/3222/3531
f 823/3223/3532 1439/3220/3529 721/3222/3531
f 721/3222/3531 1350/3217/3527 1222/3219/3528
f 1222/3219/3528 1306/3224/3453 871/3225/3434
f 1222/3219/3528 871/3225/3434 721/3222/3531
f 721/3222/3531 871/3225/3434 884/3226/3433
f 721/3222/3531 884/3226/3433 578/3227/3533
f 578/3227/3533 884/3226/3433 548/3228/3435
f 726/3229/3534 721/3222/3531 578/3227/3533
f 823/3223/3532 721/3222/3531 726/3229/3534
f 823/3223/3532 1197/3230/3535 1439/3220/3529
f 1439/3220/3529 1197/3230/3535 1402/3231/3536
f 1439/3220/3529 1402/3231/3536 1602/3221/3530
f 1725/3215/3526 1602/3221/3530 2027/3232/3537
f 2027/3232/3537 1602/3221/3530 1943/3233/3538
f 1933/3214/3525 1725/3215/3526 2027/3232/3537
f 1933/3214/3525 2027/3232/3537 2013/3234/3539
s 0
f 1972/3235/3540 1933/3214/3541 2013/3234/3542
s 1
f 1894/3211/3458 1933/3214/3525 1885/3236/3543
f 1850/3237/3459 1894/3211/3458 1802/3238/3520
f 1802/3238/3520 1894/3211/3458 1885/3236/3543
f 1735/3239/3544 1802/3238/3520 1885/3236/3543
f 1735/3239/3544 1885/3236/3543 1811/3240/3545
f 1847/3241/3546 1811/3240/3545 1885/3236/3543
f 1624/3242/3547 1811/3240/3545 1970/3243/3548
f 1970/3243/3548 1811/3240/3545 1847/3241/3546
s 0
f 1970/3243/3549 1847/3241/3550 1885/3236/3551
s 1
f 1885/3236/3552 1972/3235/3553 1970/3243/3548
f 1970/3243/3548 1972/3235/3553 2020/3244/3554
s 0
f 1885/3236/3555 1933/3214/3556 1972/3235/3557
s 1
f 1972/3235/3553 2013/3234/3539 2020/3244/3554
f 2013/3234/3539 2027/3232/3537 1943/3233/3538
f 2013/3234/3539 1943/3233/3538 2005/3245/3558
f 2005/3245/3558 1943/3233/3538 1979/3246/3559
f 2005/3245/3558 1994/3247/3560 2013/3234/3539
f 1929/3248/3561 2005/3245/3558 1979/3246/3559
f 1929/3248/3561 1979/3246/3559 1914/3249/3562
f 1929/3248/3561 1914/3249/3562 1838/3250/3563
f 1914/3249/3562 1798/3251/3564 1838/3250/3563
f 1838/3250/3563 1798/3251/3564 1682/3252/3565
f 1838/3250/3563 1682/3252/3565 1799/3253/3566
f 1682/3252/3565 1798/3251/3564 1684/3254/3567
f 1684/3254/3567 1479/3255/3568 1682/3252/3565
f 1479/3255/3568 1684/3254/3567 1100/3256/3569
f 1100/3256/3569 1684/3254/3567 1063/3257/3570
f 1684/3254/3567 1480/3258/3571 616/3259/3572
f 1063/3257/3570 1684/3254/3567 616/3259/3572
s 0
f 616/3259/3573 1480/3258/3574 1023/3260/3575
s 1
f 1480/3258/3571 1684/3254/3567 1798/3251/3564
f 1690/3261/3576 1798/3251/3564 1914/3249/3562
f 1690/3261/3576 1480/3258/3571 1798/3251/3564
f 1023/3260/3577 1480/3258/3571 1690/3261/3576
f 1690/3261/3576 1914/3249/3562 1860/3262/3578
f 1860/3262/3578 1914/3249/3562 1979/3246/3559
f 1979/3246/3559 1943/3233/3538 1860/3262/3578
f 1943/3233/3538 1602/3221/3530 1860/3262/3578
f 1860/3262/3578 1602/3221/3530 1402/3231/3536
f 1860/3262/3578 1402/3231/3536 1690/3261/3576
f 1690/3261/3576 1402/3231/3536 1064/3263/3579
f 1690/3261/3576 1064/3263/3579 1023/3260/3577
f 1023/3260/3577 1064/3263/3579 809/3264/3580
f 1023/3260/3577 809/3264/3580 468/3265/3581
f 1097/3266/3582 809/3264/3580 1064/3263/3579
f 1023/3260/3577 468/3265/3581 616/3259/3583
f 809/3264/3580 1097/3266/3582 503/3267/3584
f 1097/3266/3582 1064/3263/3579 1402/3231/3536
f 1097/3266/3582 1402/3231/3536 1197/3230/3535
f 1097/3266/3582 1197/3230/3535 823/3223/3532
f 726/3229/3534 1097/3266/3582 823/3223/3532
f 1097/3266/3582 726/3229/3534 503/3267/3584
f 559/3268/3585 726/3229/3534 578/3227/3533
f 726/3229/3534 559/3268/3585 390/3269/3586
f 503/3267/3584 726/3229/3534 390/3269/3586
s 0
f 809/3264/3587 503/3267/3588 293/3270/3589
s 1
f 293/3270/3590 503/3267/3584 290/3271/3591
f 290/3271/3591 503/3267/3584 390/3269/3586
f 290/3271/3591 390/3269/3586 253/3272/3592
f 390/3269/3586 559/3268/3585 154/3273/3593
f 390/3269/3586 154/3273/3593 253/3272/3592
f 290/3271/3591 253/3272/3592 94/3274/3594
f 293/3270/3590 290/3271/3591 193/3275/3595
f 193/3275/3595 290/3271/3591 94/3274/3594
f 809/3264/3580 293/3270/3590 468/3265/3581
f 468/3265/3581 293/3270/3590 193/3275/3595
s 0
f 468/3265/3596 449/3276/3597 616/3259/3598
s 1
f 468/3265/3581 193/3275/3595 304/3277/3599
f 468/3265/3581 304/3277/3599 449/3276/3600
f 1063/3257/3570 616/3259/3572 620/3278/3601
f 620/3278/3601 616/3259/3572 449/3276/3602
f 1100/3256/3569 1063/3257/3570 620/3278/3601
f 1100/3256/3569 620/3278/3601 825/3279/3603
f 1086/3280/3604 1100/3256/3569 825/3279/3603
f 1479/3255/3568 1100/3256/3569 1086/3280/3604
f 1086/3280/3604 1153/3281/3605 1479/3255/3568
f 1682/3252/3565 1479/3255/3568 1681/3282/3606
f 1838/3250/3563 1799/3253/3566 1924/3283/3607
f 1929/3248/3561 1838/3250/3563 1924/3283/3607
f 1799/3253/3566 1682/3252/3565 1796/3284/3608
f 1796/3284/3608 1889/3285/3609 1799/3253/3566
f 1799/3253/3566 1889/3285/3609 1924/3283/3607
f 1924/3283/3607 1889/3285/3609 1951/3286/3610
f 1924/3283/3607 1951/3286/3610 1929/3248/3561
f 1929/3248/3561 1951/3286/3610 1994/3247/3560
f 2005/3245/3558 1929/3248/3561 1994/3247/3560
f 2013/3234/3539 1994/3247/3560 2020/3244/3554
f 1945/3287/3611 1994/3247/3560 1951/3286/3610
f 1945/3287/3611 1963/3288/3612 1994/3247/3560
f 1945/3287/3611 1951/3286/3610 1861/3289/3613
f 1945/3287/3611 1861/3289/3613 1723/3290/3614
f 1963/3288/3612 1945/3287/3611 1821/3291/3615
f 1945/3287/3611 1723/3290/3614 1821/3291/3615
f 1723/3290/3614 1861/3289/3613 1680/3292/3616
f 1680/3292/3616 1861/3289/3613 1546/3293/3617
f 1546/3293/3617 1861/3289/3613 1746/3294/3618
f 1861/3289/3613 1951/3286/3610 1746/3294/3618
f 1746/3294/3618 1951/3286/3610 1889/3285/3609
f 1746/3294/3618 1889/3285/3609 1796/3284/3608
s 0
f 1568/3295/3619 1746/3294/3620 1796/3284/3621
s 1
f 1746/3294/3618 1568/3295/3622 1546/3293/3617
f 1428/3296/3623 1546/3293/3617 1568/3295/3622
f 1546/3293/3617 1428/3296/3623 1411/3297/3624
f 1428/3296/3623 1568/3295/3622 1406/3298/3625
f 1568/3295/3622 1796/3284/3608 1681/3282/3606
f 1681/3282/3606 1796/3284/3608 1682/3252/3565
f 1479/3255/3568 1569/3299/3626 1681/3282/3606
f 1153/3281/3605 1569/3299/3626 1479/3255/3568
f 891/3300/3627 1153/3281/3605 1086/3280/3604
f 1153/3281/3605 891/3300/3627 765/3301/3628
f 891/3300/3627 692/3302/3629 765/3301/3628
f 718/3303/3630 692/3302/3629 891/3300/3627
f 273/3304/3631 692/3302/3629 165/3305/3632
f 692/3302/3629 718/3303/3630 165/3305/3632
s 0
f 718/3303/3633 891/3300/3634 895/3306/3635
s 1
f 891/3300/3627 1086/3280/3604 895/3306/3636
f 895/3306/3636 1086/3280/3604 825/3279/3603
f 718/3303/3630 895/3306/3636 192/3307/3637
f 895/3306/3636 825/3279/3603 192/3307/3637
f 825/3279/3603 620/3278/3601 449/3276/3602
f 825/3279/3603 449/3276/3602 37/3308/3638
f 825/3279/3603 37/3308/3638 192/3307/3637
s 0
f 449/3276/3639 304/3277/3640 2315/3309/3641
s 1
f 304/3277/3599 193/3275/3595 54/3310/3642
f 304/3277/3599 54/3310/3642 2315/3309/3643
f 449/3276/3602 2315/3309/3643 37/3308/3638
f 37/3308/3638 5/3311/3644 192/3307/3637
f 718/3303/3630 192/3307/3637 75/3312/3645
f 718/3303/3630 75/3312/3645 165/3305/3632
f 75/3312/3645 192/3307/3637 5/3311/3644
f 2471/3313/3646 75/3312/3645 5/3311/3644
f 165/3305/3632 75/3312/3645 2299/3314/3647
f 2365/3315/3648 165/3305/3632 2299/3314/3647
f 273/3304/3631 165/3305/3632 2365/3315/3648
f 2471/3313/3646 2299/3314/3647 75/3312/3645
f 2471/3313/3646 5/3311/3644 2653/3316/3649
f 2471/3313/3646 2653/3316/3649 2634/3317/3650
f 2653/3316/3649 5/3311/3644 2325/3318/3651
f 2325/3318/3651 5/3311/3644 37/3308/3638
f 2325/3318/3651 37/3308/3638 2315/3309/3643
f 2325/3318/3651 2568/3319/3652 2653/3316/3649
f 2568/3319/3652 2325/3318/3651 2315/3309/3643
f 2634/3317/3650 2653/3316/3649 2716/3320/3653
f 2471/3313/3646 2634/3317/3650 2640/3321/3654
f 2640/3321/3654 2634/3317/3650 2716/3320/3653
f 2299/3314/3647 2471/3313/3646 2490/3322/3655
f 2490/3322/3655 2471/3313/3646 2640/3321/3654
f 2299/3314/3647 2490/3322/3655 2365/3315/3648
f 2365/3315/3648 2490/3322/3655 2472/3323/3656
f 2365/3315/3648 2472/3323/3656 2449/3324/3657
s 0
f 82/3325/3658 2365/3315/3659 2449/3324/3660
s 1
f 273/3304/3631 2365/3315/3648 82/3325/3661
f 692/3302/3629 273/3304/3631 323/3326/3662
f 273/3304/3631 82/3325/3661 323/3326/3662
f 323/3326/3662 82/3325/3661 215/3327/3663
f 82/3325/3661 135/3328/3664 215/3327/3663
f 323/3326/3662 215/3327/3663 321/3329/3665
f 321/3329/3665 215/3327/3663 288/3330/3666
f 765/3301/3628 321/3329/3665 663/3331/3667
f 663/3331/3667 321/3329/3665 288/3330/3666
f 663/3331/3667 288/3330/3666 573/3332/3668
f 108/3333/3669 215/3327/3663 135/3328/3664
f 2246/3334/3670 108/3333/3669 135/3328/3664
f 2535/3335/3671 2856/3336/3672 2837/3337/3673
f 2585/3338/3674 2246/3334/3670 135/3328/3664
f 2246/3334/3670 2585/3338/3674 2535/3335/3671
f 82/3325/3661 2449/3324/3657 135/3328/3664
f 135/3328/3664 2449/3324/3657 2585/3338/3674
f 2585/3338/3674 2449/3324/3657 2573/3339/3675
f 2585/3338/3674 2573/3339/3675 2800/3340/3676
f 2585/3338/3674 2800/3340/3676 2856/3336/3672
f 2585/3338/3674 2856/3336/3672 2535/3335/3671
f 2980/3341/3677 2837/3337/3673 2856/3336/3672
f 3117/3342/3678 2980/3341/3677 3017/3343/3679
f 3241/3344/3680 3329/3345/3681 3117/3342/3678
f 3329/3345/3681 3241/3344/3680 3357/3346/3682
f 3357/3346/3682 3241/3344/3680 3755/3347/3683
f 3369/3348/3684 3755/3347/3683 3241/3344/3680
f 3369/3348/3684 3241/3344/3680 3259/3349/3685
f 3369/3348/3684 3427/3350/3686 3545/3351/3687
f 3503/3352/3688 3545/3351/3687 3498/3353/3689
f 3498/3353/3689 3545/3351/3687 3427/3350/3686
f 3498/3353/3689 3427/3350/3686 3431/3354/3690
f 3504/3355/3691 3498/3353/3689 3431/3354/3690
f 3503/3352/3688 3498/3353/3689 3384/3356/3692
f 3384/3356/3692 3498/3353/3689 3507/3357/3693
f 3384/3356/3692 3507/3357/3693 3358/3358/3694
f 3358/3358/3694 3507/3357/3693 3230/3359/3695
f 3230/3359/3695 3507/3357/3693 3533/3360/3696
f 3507/3357/3693 3580/3361/3697 3943/3362/3698
f 3507/3357/3693 3943/3362/3698 3533/3360/3696
f 3580/3361/3697 3507/3357/3693 3498/3353/3689
f 3580/3361/3697 3498/3353/3689 3640/3363/3699
f 3640/3363/3699 3498/3353/3689 3504/3355/3691
f 3640/3363/3699 3504/3355/3691 3421/3364/3700
f 3669/3365/3701 3640/3363/3699 3421/3364/3700
f 3504/3355/3691 3431/3354/3690 3421/3364/3700
f 3421/3364/3700 3431/3354/3690 3231/3366/3702
f 3231/3366/3702 3431/3354/3690 3427/3350/3686
f 3421/3364/3700 3231/3366/3702 3449/3367/3703
f 3279/3368/3704 3427/3350/3686 3369/3348/3684
f 3231/3366/3702 3427/3350/3686 3279/3368/3704
f 3279/3368/3704 3369/3348/3684 3259/3349/3685
f 3231/3366/3702 3279/3368/3704 3049/3369/3705
f 3279/3368/3704 3259/3349/3685 3099/3370/3706
f 3049/3369/3705 3279/3368/3704 3099/3370/3706
f 3099/3370/3706 3259/3349/3685 3241/3344/3680
f 3049/3369/3705 3099/3370/3706 2961/3371/3707
f 3049/3369/3705 2961/3371/3707 2930/3372/3708
f 3049/3369/3705 3047/3373/3709 3231/3366/3702
f 3049/3369/3705 2930/3372/3708 3047/3373/3709
f 2964/3374/3710 3047/3373/3709 2930/3372/3708
f 3047/3373/3709 2964/3374/3710 3236/3375/3711
f 2930/3372/3708 2778/3376/3712 2640/3321/3654
f 2930/3372/3708 2640/3321/3654 2964/3374/3710
f 2640/3321/3654 2778/3376/3712 2490/3322/3655
f 2964/3374/3710 2640/3321/3654 3074/3377/3713
f 2490/3322/3655 2778/3376/3712 2472/3323/3656
f 2472/3323/3656 2778/3376/3712 2802/3378/3714
f 2778/3376/3712 2930/3372/3708 2961/3371/3707
f 2778/3376/3712 2961/3371/3707 2802/3378/3714
f 2800/3340/3676 2802/3378/3714 2961/3371/3707
f 2961/3371/3707 3099/3370/3706 2957/3379/3715
f 2802/3378/3714 2800/3340/3676 2573/3339/3675
f 2961/3371/3707 2957/3379/3715 2800/3340/3676
f 2802/3378/3714 2573/3339/3675 2449/3324/3657
f 2802/3378/3714 2449/3324/3657 2472/3323/3656
s 0
f 2640/3321/3716 2716/3320/3717 3074/3377/3718
f 3074/3377/3719 2716/3320/3720 2872/3380/3721
s 1
f 2872/3380/3722 2716/3320/3653 2653/3316/3649
f 2872/3380/3722 2653/3316/3649 2568/3319/3652
f 2872/3380/3722 2568/3319/3652 2992/3381/3723
f 2872/3380/3722 2992/3381/3723 3170/3382/3724
f 2872/3380/3722 3170/3382/3724 3074/3377/3713
f 2964/3374/3710 3074/3377/3713 3236/3375/3711
f 3789/3383/3725 3074/3377/3713 3170/3382/3724
f 3789/3383/3725 3170/3382/3724 3371/3384/3726
f 3170/3382/3724 2992/3381/3723 3371/3384/3726
f 3371/3384/3726 2992/3381/3723 3591/3385/3727
f 3114/3386/3728 2992/3381/3723 2568/3319/3652
f 3591/3385/3727 2992/3381/3723 3114/3386/3728
f 3114/3386/3728 2568/3319/3652 2839/3387/3729
f 2839/3387/3729 2568/3319/3652 2315/3309/3643
f 2839/3387/3729 2315/3309/3643 2432/3388/3730
f 2839/3387/3729 2432/3388/3730 2625/3389/3731
f 54/3310/3642 2432/3388/3730 2315/3309/3643
f 94/3274/3594 2432/3388/3730 54/3310/3642
f 94/3274/3594 54/3310/3642 193/3275/3595
f 94/3274/3594 253/3272/3592 2358/3390/3732
f 2358/3390/3732 253/3272/3592 154/3273/3593
f 2358/3390/3732 154/3273/3593 2488/3391/3733
f 2481/3392/3734 2358/3390/3732 2488/3391/3733
f 2358/3390/3732 2481/3392/3734 94/3274/3594
f 2432/3388/3730 94/3274/3594 2625/3389/3731
f 2625/3389/3731 94/3274/3594 2481/3392/3734
f 2625/3389/3731 2481/3392/3734 2910/3393/3735
f 2481/3392/3734 2488/3391/3733 2910/3393/3735
f 2839/3387/3729 2625/3389/3731 3039/3394/3736
f 2839/3387/3729 2977/3395/3737 3114/3386/3728
f 2839/3387/3729 3039/3394/3736 2977/3395/3737
f 3114/3386/3728 2977/3395/3737 3660/3396/3738
f 3660/3396/3738 2977/3395/3737 3628/3397/3739
f 3114/3386/3728 3660/3396/3738 3591/3385/3727
s 0
f 3660/3396/3740 3863/3398/3741 3591/3385/3742
s 1
f 3863/3398/3743 3660/3396/3738 3628/3397/3739
f 3591/3385/3727 3863/3398/3743 3840/3399/3744
f 3371/3384/3726 3591/3385/3727 3813/3400/3745
f 3813/3400/3745 3591/3385/3727 3840/3399/3744
f 3840/3399/3744 3863/3398/3743 3999/3401/3746
f 3840/3399/3744 3999/3401/3746 4179/3402/3747
f 3840/3399/3744 4179/3402/3747 4194/3403/3748
f 4194/3403/3748 4179/3402/3747 4213/3404/3749
f 3999/3401/3746 3863/3398/3743 3628/3397/3739
f 4290/3405/3750 4304/3406/3751 4302/3407/3752
f 4213/3404/3749 4290/3405/3750 4176/3408/3753
f 4176/3408/3753 4290/3405/3750 4302/3407/3752
f 4213/3404/3749 4176/3408/3753 4194/3403/3748
f 4302/3407/3752 4304/3406/3751 4322/3409/3754
f 4176/3408/3753 4302/3407/3752 4120/3410/3755
f 4302/3407/3752 4112/3411/3756 4120/3410/3755
f 4112/3411/3756 4302/3407/3752 4322/3409/3754
f 4120/3410/3755 4112/3411/3756 4239/3412/3757
f 4112/3411/3756 4322/3409/3754 4239/3412/3757
f 4239/3412/3757 4322/3409/3754 4070/3413/3758
f 4070/3413/3758 4322/3409/3754 4296/3414/3759
f 4322/3409/3754 4304/3406/3751 4300/3415/3760
f 4322/3409/3754 4300/3415/3760 4296/3414/3759
f 4296/3414/3759 4300/3415/3760 4167/3416/3761
f 4167/3416/3761 4300/3415/3760 4288/3417/3762
f 4300/3415/3760 4304/3406/3751 4288/3417/3762
f 4288/3417/3762 4304/3406/3751 4352/3418/3763
f 4288/3417/3762 4352/3418/3763 4282/3419/3764
f 4213/3404/3749 4306/3420/3765 4290/3405/3750
f 3999/3401/3746 3915/3421/3766 4064/3422/3318
s 0
f 3915/3421/3767 3999/3401/3768 3628/3397/3769
s 1
f 4206/3423/3770 4179/3402/3747 3999/3401/3746
f 4206/3423/3770 3999/3401/3746 4064/3422/3318
f 3915/3421/3771 3628/3397/3739 3456/3424/3772
f 3456/3424/3772 3628/3397/3739 2977/3395/3737
f 3456/3424/3772 2977/3395/3737 3039/3394/3736
f 3456/3424/3772 3039/3394/3736 3180/3425/3773
f 3456/3424/3772 3374/3426/3774 3565/3427/3322
f 3374/3426/3774 3432/3428/3323 3565/3427/3322
f 3915/3421/3771 3456/3424/3772 3565/3427/3322
f 3915/3421/3771 3565/3427/3322 3913/3429/3321
f 4206/3423/3770 4064/3422/3318 4105/3430/3319
s 0
f 3913/3429/3775 4064/3422/3776 3915/3421/3777
s 1
f 4179/3402/3747 4206/3423/3770 4268/3431/3778
f 4179/3402/3747 4268/3431/3778 4213/3404/3749
f 4268/3431/3778 4306/3420/3765 4213/3404/3749
f 4306/3420/3765 4335/3432/3779 4290/3405/3750
f 4352/3418/3763 4335/3432/3779 4342/3433/3780
f 4290/3405/3750 4335/3432/3779 4352/3418/3763
f 4290/3405/3750 4352/3418/3763 4304/3406/3751
f 4352/3418/3763 4342/3433/3780 4282/3419/3764
f 4342/3433/3780 4335/3432/3779 4136/3434/3781
f 4335/3432/3779 4306/3420/3765 4126/3435/3782
f 4335/3432/3779 4126/3435/3782 4136/3434/3781
f 4306/3420/3765 4268/3431/3778 4126/3435/3782
f 4268/3431/3778 4206/3423/3770 4105/3430/3319
f 4268/3431/3778 4105/3430/3319 4126/3435/3782
f 4136/3434/3781 4126/3435/3782 3867/3436/3783
f 4126/3435/3782 3985/3437/3315 3867/3436/3783
s 0
f 3985/3437/3784 3737/3438/3785 3592/3439/3786
s 1
f 4105/3430/3319 3985/3437/3315 4126/3435/3782
f 3985/3437/3315 4105/3430/3319 3951/3440/3314
f 3985/3437/3315 3592/3439/3311 3622/3441/3787
f 3985/3437/3315 3622/3441/3787 3867/3436/3783
f 3592/3439/3311 3414/3442/3309 3622/3441/3787
f 3414/3442/3309 3249/3443/3308 3189/3444/3788
f 3414/3442/3309 3189/3444/3788 3442/3445/3789
f 3414/3442/3309 3442/3445/3789 3622/3441/3787
f 3622/3441/3787 3442/3445/3789 3631/3446/3790
f 3622/3441/3787 3631/3446/3790 3867/3436/3783
f 4136/3434/3781 3867/3436/3783 3559/3447/3791
f 4136/3434/3781 3559/3447/3791 4342/3433/3780
f 3867/3436/3783 3631/3446/3790 3559/3447/3791
f 4342/3433/3780 3559/3447/3791 3801/3448/3792
f 4282/3419/3764 4342/3433/3780 4001/3449/3793
f 4001/3449/3793 4342/3433/3780 3801/3448/3792
f 4196/3450/3794 4282/3419/3764 4001/3449/3793
f 4288/3417/3762 4282/3419/3764 4196/3450/3794
f 4288/3417/3762 4196/3450/3794 4181/3451/3795
f 4196/3450/3794 4054/3452/3796 4181/3451/3795
f 4288/3417/3762 4181/3451/3795 4167/3416/3761
f 4167/3416/3761 4016/3453/3797 4121/3454/3798
f 4002/3455/3799 4121/3454/3798 4016/3453/3797
s 0
f 4002/3455/3800 3769/3456/3801 3946/3457/3802
f 3946/3457/3803 3769/3456/3804 3699/3458/3805
s 1
f 4002/3455/3799 3946/3457/3806 4153/3459/3807
f 3946/3457/3806 4018/3460/3808 4153/3459/3807
f 3806/3461/3809 3946/3457/3806 3699/3458/3810
f 4018/3460/3808 3946/3457/3806 3930/3462/3811
f 3930/3462/3811 3946/3457/3806 3943/3362/3698
f 3943/3362/3698 3946/3457/3806 3806/3461/3809
f 3930/3462/3811 3943/3362/3698 3580/3361/3697
f 3930/3462/3811 3580/3361/3697 3640/3363/3699
f 4018/3460/3808 3930/3462/3811 4153/3459/3807
f 3930/3462/3811 3640/3363/3699 3669/3365/3701
f 3930/3462/3811 3669/3365/3701 3865/3463/3812
f 3930/3462/3811 3865/3463/3812 4153/3459/3807
f 4153/3459/3807 3865/3463/3812 4070/3413/3758
f 4239/3412/3757 4070/3413/3758 3865/3463/3812
f 4121/3454/3798 4296/3414/3759 4167/3416/3761
f 4296/3414/3759 4121/3454/3798 4070/3413/3758
f 4070/3413/3758 4121/3454/3798 4153/3459/3807
f 4153/3459/3807 4121/3454/3798 4002/3455/3799
f 578/3227/3533 548/3228/3435 559/3268/3585
f 548/3228/3435 619/3464/3436 269/3465/3438
f 559/3268/3585 548/3228/3435 270/3466/3813
f 548/3228/3435 269/3465/3438 270/3466/3813
f 559/3268/3585 270/3466/3813 154/3273/3593
f 154/3273/3593 270/3466/3813 2361/3467/3814
f 270/3466/3813 269/3465/3438 140/3468/3815
f 270/3466/3813 140/3468/3815 2361/3467/3814
f 154/3273/3593 2361/3467/3814 2488/3391/3733
f 2361/3467/3814 140/3468/3815 2426/3469/3816
f 2488/3391/3733 2361/3467/3814 2426/3469/3816
f 2488/3391/3733 2426/3469/3816 2623/3470/3817
f 2569/3471/3818 2426/3469/3816 140/3468/3815
f 2569/3471/3818 140/3468/3815 2225/3472/3443
f 2225/3472/3443 140/3468/3815 269/3465/3438
f 269/3465/3438 235/3473/3441 2225/3472/3443
f 2225/3472/3443 9/3474/3444 2569/3471/3818
f 2569/3471/3818 9/3474/3444 2575/3475/3328
f 2847/3476/3517 2575/3475/3328 2565/3477/3327
f 2569/3471/3818 2575/3475/3328 2847/3476/3517
f 3162/3478/3325 3432/3428/3323 3150/3479/3819
f 3162/3478/3325 3150/3479/3819 3048/3480/3820
s 0
f 3048/3480/3821 2488/3391/3822 2623/3470/3823
s 1
f 2910/3393/3735 2488/3391/3733 3048/3480/3820
f 3180/3425/3773 3048/3480/3820 3150/3479/3819
f 2910/3393/3735 3048/3480/3820 3180/3425/3773
f 2910/3393/3735 3180/3425/3773 2625/3389/3731
f 2625/3389/3731 3180/3425/3773 3039/3394/3736
f 3180/3425/3773 3374/3426/3774 3456/3424/3772
f 3432/3428/3323 3374/3426/3774 3150/3479/3819
f 3150/3479/3819 3374/3426/3774 3180/3425/3773
f 2911/3481/3508 2891/3482/3490 2613/3483/3824
f 2613/3483/3824 2891/3482/3490 2742/3484/3489
f 2742/3484/3489 2688/3485/3488 2509/3486/3486
f 2613/3483/3824 2742/3484/3489 2500/3487/3825
f 2500/3487/3825 2742/3484/3489 2509/3486/3486
s 0
f 2500/3487/3826 2509/3486/3827 2380/3488/3828
s 1
f 2236/3489/3483 2380/3488/3485 2251/3490/3484
f 2500/3487/3825 2380/3488/3485 2236/3489/3483
f 28/3491/3829 2500/3487/3825 2236/3489/3483
s 0
f 28/3491/3830 2236/3489/3831 315/3492/3832
s 1
f 2500/3487/3825 28/3491/3829 2584/3493/3833
f 2500/3487/3825 2584/3493/3833 2613/3483/3824
f 2613/3483/3824 2584/3493/3833 2763/3494/3834
f 2613/3483/3824 2763/3494/3834 2911/3481/3508
f 2911/3481/3508 2763/3494/3834 2899/3495/3835
f 3172/3496/3310 2911/3481/3508 3043/3497/3836
f 3172/3496/3310 3043/3497/3836 3249/3443/3308
f 3043/3497/3836 2911/3481/3508 2899/3495/3835
f 3249/3443/3308 3043/3497/3836 3189/3444/3788
f 3189/3444/3788 3043/3497/3836 3088/3498/3837
f 3043/3497/3836 2899/3495/3835 3088/3498/3837
f 3189/3444/3788 3088/3498/3837 3442/3445/3789
f 3442/3445/3789 3088/3498/3837 3401/3499/3838
f 3631/3446/3790 3442/3445/3789 3401/3499/3838
f 3559/3447/3791 3631/3446/3790 3401/3499/3838
f 3559/3447/3791 3401/3499/3838 3468/3500/3839
f 3559/3447/3791 3543/3501/3840 3801/3448/3792
f 3559/3447/3791 3468/3500/3839 3543/3501/3840
f 3543/3501/3840 3468/3500/3839 3322/3502/3841
f 3801/3448/3792 3543/3501/3840 4001/3449/3793
f 4001/3449/3793 3543/3501/3840 3787/3503/3842
f 4001/3449/3793 3787/3503/3842 4196/3450/3794
f 4196/3450/3794 3787/3503/3842 4054/3452/3796
f 3787/3503/3842 3543/3501/3840 3585/3504/3843
f 3124/3505/3844 3787/3503/3842 3585/3504/3843
f 3585/3504/3843 3543/3501/3840 3322/3502/3841
f 3322/3502/3841 2960/3506/3845 3585/3504/3843
f 3468/3500/3839 3401/3499/3838 3088/3498/3837
f 3585/3504/3843 2960/3506/3845 3124/3505/3844
f 3468/3500/3839 3088/3498/3837 2782/3507/3846
f 2782/3507/3846 3088/3498/3837 2899/3495/3835
f 3468/3500/3839 2782/3507/3846 2934/3508/3847
s 0
f 3468/3500/3848 2934/3508/3849 3322/3502/3850
s 1
f 2899/3495/3835 2763/3494/3834 2782/3507/3846
f 2782/3507/3846 2763/3494/3834 2584/3493/3833
f 2782/3507/3846 2418/3509/3851 2934/3508/3847
f 3322/3502/3841 2934/3508/3847 2960/3506/3845
f 2934/3508/3847 2418/3509/3851 2546/3510/3852
f 2546/3510/3852 2960/3506/3845 2934/3508/3847
f 2960/3506/3845 2546/3510/3852 2795/3511/3853
f 2960/3506/3845 2795/3511/3853 3124/3505/3844
f 3124/3505/3844 3639/3512/3854 3787/3503/3842
f 3787/3503/3842 3639/3512/3854 4054/3452/3796
f 4054/3452/3796 3639/3512/3854 3860/3513/3855
f 4181/3451/3795 4054/3452/3796 4016/3453/3797
f 4054/3452/3796 3860/3513/3855 4016/3453/3797
f 4181/3451/3795 4016/3453/3797 4167/3416/3761
f 4016/3453/3797 3925/3514/3856 4002/3455/3799
f 3471/3515/3857 4016/3453/3797 3860/3513/3855
f 4016/3453/3797 3471/3515/3857 3925/3514/3856
f 4002/3455/3799 3925/3514/3856 3769/3456/3858
f 3769/3456/3858 3925/3514/3856 3780/3516/3859
f 3681/3517/3860 3769/3456/3858 3780/3516/3859
f 3681/3517/3860 3780/3516/3859 3245/3518/3861
f 3681/3517/3860 3699/3458/3862 3769/3456/3858
s 0
f 3699/3458/3863 3681/3517/3864 3324/3519/3865
s 1
f 3324/3519/3866 3681/3517/3860 3245/3518/3861
f 3699/3458/3810 3324/3519/3866 3719/3520/3867
f 3699/3458/3810 3719/3520/3867 3806/3461/3809
f 3943/3362/3698 3719/3520/3867 3533/3360/3696
f 3943/3362/3698 3806/3461/3809 3719/3520/3867
f 3533/3360/3696 3719/3520/3867 3275/3521/3868
f 3719/3520/3867 3324/3519/3866 3333/3522/3869
f 3719/3520/3867 3333/3522/3869 3214/3523/3870
f 3719/3520/3867 3214/3523/3870 3275/3521/3868
f 3214/3523/3870 3333/3522/3869 3179/3524/3871
s 0
f 3179/3524/3872 3181/3525/3873 2836/3526/3874
s 1
f 3179/3524/3871 3333/3522/3869 3181/3525/3875
f 3181/3525/3875 3333/3522/3869 3324/3519/3866
f 3181/3525/3875 3324/3519/3866 3116/3527/3876
f 2836/3526/3877 3181/3525/3875 2806/3528/3878
f 2531/3529/3879 2836/3526/3877 2806/3528/3878
f 2836/3526/3877 2531/3529/3879 2849/3530/3880
s 0
f 2395/3531/3881 2531/3529/3882 2437/3532/3883
s 1
f 2395/3531/3884 2437/3532/3885 2257/3533/3886
f 177/3534/3887 2257/3533/3886 2437/3532/3885
f 389/3535/3888 2257/3533/3886 177/3534/3887
f 319/3536/3889 389/3535/3888 177/3534/3887
f 319/3536/3889 473/3537/3890 786/3538/3891
f 1025/3539/3892 786/3538/3891 1424/3540/3893
f 1424/3540/3893 786/3538/3891 857/3541/3894
f 1095/3542/3895 1424/3540/3893 857/3541/3894
f 1340/3543/3896 1095/3542/3895 1006/3544/3897
f 1095/3542/3895 857/3541/3894 1006/3544/3897
f 1340/3543/3896 1006/3544/3897 1172/3545/3898
f 1058/3546/3899 1172/3545/3898 1006/3544/3897
f 1047/3547/3900 1058/3546/3899 1006/3544/3897
f 935/3548/3901 1047/3547/3900 1006/3544/3897
f 1058/3546/3899 1047/3547/3900 949/3549/3902
f 1047/3547/3900 945/3550/3903 949/3549/3902
f 1047/3547/3900 935/3548/3901 945/3550/3903
f 941/3551/3904 949/3549/3902 945/3550/3903
f 1274/3552/3905 941/3551/3904 897/3553/3906
s 0
f 1274/3552/3907 897/3553/3908 1468/3554/3909
s 1
f 897/3553/3906 941/3551/3904 766/3555/3910
f 1468/3554/3911 897/3553/3906 913/3556/3912
f 913/3556/3912 897/3553/3906 799/3557/3913
f 799/3557/3913 897/3553/3906 766/3555/3910
f 913/3556/3912 1024/3558/3914 1250/3559/3915
f 1024/3558/3914 913/3556/3912 886/3560/3916
f 1250/3559/3915 1024/3558/3914 1161/3561/3917
f 1255/3562/3918 1624/3563/3547 1161/3561/3917
f 1624/3563/3547 1255/3562/3918 1811/3564/3545
f 1014/3565/3919 1255/3562/3918 1161/3561/3917
f 1014/3565/3919 1161/3561/3917 1024/3558/3914
f 669/3566/3920 1014/3565/3919 1024/3558/3914
f 1255/3562/3918 1014/3565/3919 820/3567/3921
f 669/3566/3920 1024/3558/3914 886/3560/3916
f 580/3568/3922 886/3560/3916 913/3556/3912
f 580/3568/3922 913/3556/3912 799/3557/3913
f 799/3557/3913 766/3555/3910 523/3569/3923
f 945/3550/3903 766/3555/3910 941/3551/3904
f 766/3555/3910 391/3570/3924 523/3569/3923
f 766/3555/3910 945/3550/3903 764/3571/3925
f 391/3570/3924 766/3555/3910 764/3571/3925
f 764/3571/3925 945/3550/3903 935/3548/3901
f 857/3541/3894 935/3548/3901 1006/3544/3897
f 764/3571/3925 935/3548/3901 706/3572/3926
f 935/3548/3901 857/3541/3894 706/3572/3926
f 857/3541/3894 748/3573/3927 706/3572/3926
f 748/3573/3927 857/3541/3894 786/3538/3891
f 786/3538/3891 473/3537/3890 426/3574/3928
f 786/3538/3891 426/3574/3928 748/3573/3927
f 473/3537/3890 319/3536/3889 177/3534/3887
f 426/3574/3928 473/3537/3890 177/3534/3887
f 748/3573/3927 426/3574/3928 541/3575/3929
f 748/3573/3927 541/3575/3929 706/3572/3926
f 706/3572/3926 541/3575/3929 764/3571/3925
f 764/3571/3925 541/3575/3929 391/3570/3924
f 541/3575/3929 426/3574/3928 305/3576/3930
f 305/3576/3930 426/3574/3928 177/3534/3887
f 541/3575/3929 305/3576/3930 381/3577/3931
f 381/3577/3931 305/3576/3930 190/3578/3932
f 391/3570/3924 541/3575/3929 381/3577/3931
f 523/3569/3923 580/3568/3922 799/3557/3913
f 886/3560/3916 580/3568/3922 312/3579/3933
f 886/3560/3916 312/3579/3933 232/3580/3934
f 886/3560/3916 232/3580/3934 669/3566/3920
f 580/3568/3922 523/3569/3923 312/3579/3933
f 523/3569/3923 391/3570/3924 276/3581/3935
f 276/3581/3935 391/3570/3924 381/3577/3931
s 0
f 312/3579/3936 523/3569/3937 276/3581/3938
s 1
f 139/3582/3939 312/3579/3933 276/3581/3940
f 232/3580/3934 312/3579/3933 139/3582/3939
f 232/3580/3934 221/3583/3941 669/3566/3920
s 0
f 669/3566/3942 221/3583/3943 543/3584/3944
s 1
f 669/3566/3945 543/3584/3946 820/3567/3921
s 0
f 669/3566/3947 820/3567/3948 1014/3565/3949
s 1
f 313/3585/3950 543/3584/3946 221/3583/3941
f 313/3585/3950 820/3567/3921 543/3584/3946
f 822/3586/3951 820/3567/3921 313/3585/3950
f 1255/3562/3918 820/3567/3921 822/3586/3951
f 1527/3587/3952 1255/3562/3918 822/3586/3951
f 1811/3564/3545 1255/3562/3918 1527/3587/3952
f 1811/3564/3545 1527/3587/3952 1735/3588/3544
f 1735/3588/3544 1527/3587/3952 1493/3589/3953
f 822/3586/3951 584/3590/3954 1527/3587/3952
f 584/3590/3954 822/3586/3951 313/3585/3950
f 1527/3587/3952 584/3590/3954 901/3591/3955
f 901/3591/3955 1493/3589/3953 1527/3587/3952
f 1802/3592/3520 1735/3588/3544 1482/3593/3519
f 1735/3588/3544 1493/3589/3953 1482/3593/3519
f 1301/3594/3956 1283/3595/3470 1389/3596/3521
f 885/3597/3471 1283/3595/3470 1040/3598/3957
f 1283/3595/3470 1301/3594/3956 1040/3598/3957
f 1040/3598/3957 655/3599/3480 885/3597/3471
f 1040/3598/3957 623/3600/3958 655/3599/3480
f 302/3601/3959 655/3599/3480 623/3600/3958
f 623/3600/3958 537/3602/3960 302/3601/3959
f 302/3601/3959 537/3602/3960 236/3603/3481
f 236/3603/3481 537/3602/3960 2236/3489/3483
f 302/3601/3959 236/3604/3481 655/3599/3480
f 2847/3476/3517 3162/3478/3325 3048/3480/3820
f 2847/3476/3517 2623/3470/3817 2569/3471/3818
f 2623/3470/3817 2847/3476/3517 3048/3480/3820
f 2569/3471/3818 2623/3470/3817 2426/3469/3816
f 315/3492/3961 2236/3489/3483 537/3602/3960
f 537/3602/3960 554/3605/3962 315/3492/3961
f 28/3491/3829 315/3492/3961 296/3606/3963
f 315/3492/3961 554/3605/3962 296/3606/3963
f 28/3491/3829 2241/3607/3964 2584/3493/3833
f 2241/3607/3964 28/3491/3829 296/3606/3963
f 2782/3507/3846 2584/3493/3833 2418/3509/3851
f 2418/3509/3851 2584/3493/3833 2241/3607/3964
f 2418/3509/3851 2434/3608/3965 2546/3510/3852
f 2434/3608/3965 2418/3509/3851 2241/3607/3964
f 186/3609/3966 2241/3607/3964 296/3606/3963
f 2434/3608/3965 2241/3607/3964 186/3609/3966
f 2546/3510/3852 2434/3608/3965 41/3610/3967
f 2417/3611/3968 2546/3510/3852 41/3610/3967
f 2795/3511/3853 2546/3510/3852 2300/3612/3969
f 3124/3505/3844 2795/3511/3853 3131/3613/3970
f 2813/3614/3971 2795/3511/3853 2300/3612/3969
f 2795/3511/3853 2813/3614/3971 3131/3613/3970
f 3124/3505/3844 3131/3613/3970 3639/3512/3854
f 3860/3513/3855 3639/3512/3854 3471/3515/3857
f 3471/3515/3857 3639/3512/3854 3131/3613/3970
f 3925/3514/3856 3471/3515/3857 3780/3516/3859
f 3780/3516/3859 3471/3515/3857 3193/3615/3972
f 3193/3615/3972 3471/3515/3857 3131/3613/3970
f 3780/3516/3859 3193/3615/3972 3245/3518/3861
f 3131/3613/3970 2813/3614/3971 3193/3615/3972
f 3193/3615/3972 2813/3614/3971 2821/3616/3973
f 2813/3614/3971 2663/3617/3974 2821/3616/3973
f 2813/3614/3971 2300/3612/3969 2663/3617/3974
f 2300/3612/3969 2546/3510/3852 2417/3611/3968
f 2663/3617/3974 2706/3618/3975 2821/3616/3973
f 2706/3618/3975 2663/3617/3974 2274/3619/3976
f 2274/3619/3976 2663/3617/3974 2300/3612/3969
f 2274/3619/3976 2300/3612/3969 55/3620/3977
f 66/3621/3978 2274/3619/3976 221/3583/3941
s 0
f 2274/3619/3979 66/3621/3980 2261/3622/3981
s 1
f 2274/3619/3976 2261/3622/3982 2706/3618/3975
f 2706/3618/3975 2261/3622/3982 2725/3623/3983
f 2725/3623/3983 2261/3622/3982 2591/3624/3984
f 2591/3624/3984 2261/3622/3982 2363/3625/3985
f 2363/3625/3985 2261/3622/3982 66/3621/3978
f 2363/3625/3985 66/3621/3978 139/3582/3939
f 232/3580/3934 139/3582/3939 66/3621/3978
f 232/3580/3934 66/3621/3978 221/3583/3941
f 55/3620/3977 221/3583/3941 2274/3619/3976
f 221/3583/3941 55/3620/3977 313/3585/3950
f 55/3620/3977 51/3626/3986 313/3585/3950
f 51/3626/3986 55/3620/3977 2300/3612/3969
f 313/3585/3950 174/3627/3987 584/3590/3954
f 174/3627/3987 313/3585/3950 51/3626/3986
s 0
f 174/3627/3988 536/3628/3989 584/3590/3990
s 1
f 584/3590/3954 536/3628/3991 901/3591/3955
f 901/3591/3955 536/3628/3991 915/3629/3992
s 0
f 901/3591/3993 1301/3594/3994 1493/3589/3995
s 1
f 1389/3596/3521 1482/3593/3519 1301/3594/3956
f 1301/3594/3956 1482/3593/3519 1493/3589/3953
f 1301/3594/3956 901/3591/3955 915/3629/3992
f 1301/3594/3956 915/3629/3992 1040/3598/3957
f 1040/3598/3957 915/3629/3992 623/3600/3958
f 623/3600/3958 915/3629/3992 537/3602/3960
f 537/3602/3960 915/3629/3992 554/3605/3962
f 554/3605/3962 915/3629/3992 536/3628/3991
f 296/3606/3963 554/3605/3962 536/3628/3991
f 296/3606/3963 536/3628/3991 186/3609/3966
f 186/3609/3966 536/3628/3991 174/3627/3987
f 2434/3608/3965 186/3609/3966 41/3610/3967
f 186/3609/3966 174/3627/3987 41/3610/3967
f 41/3610/3967 174/3627/3987 51/3626/3986
f 2417/3611/3968 41/3610/3967 51/3626/3986
f 2300/3612/3969 2417/3611/3968 51/3626/3986
f 2020/3244/3554 1994/3247/3560 1963/3288/3612
f 1970/3243/3548 1963/3288/3612 1821/3291/3615
f 1963/3288/3612 1970/3243/3548 2020/3244/3554
f 1970/3243/3548 1821/3291/3615 1624/3242/3547
f 1624/3242/3547 1821/3291/3615 1161/3630/3917
f 1161/3630/3917 1821/3291/3615 1723/3290/3614
s 0
f 1161/3630/3996 1723/3290/3997 1250/3631/3998
s 1
f 1723/3290/3614 1680/3292/3616 1250/3631/3915
f 1250/3631/3915 1680/3292/3616 913/3632/3912
f 913/3632/3912 1680/3292/3616 1468/3633/3911
f 1468/3633/3911 1680/3292/3616 1546/3293/3617
f 1468/3633/3911 1546/3293/3617 1411/3297/3624
f 1274/3634/3905 1468/3633/3911 1411/3297/3624
f 1411/3297/3624 1428/3296/3623 1274/3634/3905
f 941/3635/3904 1274/3634/3905 1233/3636/3999
f 941/3635/3904 1233/3636/3999 949/3637/3902
f 949/3637/3902 1233/3636/3999 1132/3638/4000
f 1233/3636/3999 1274/3634/3905 1428/3296/3623
f 949/3637/3902 1132/3638/4000 1058/3639/3899
f 1233/3636/3999 1428/3296/3623 1406/3298/3625
f 1406/3298/3625 1267/3640/4001 1233/3636/3999
f 1233/3636/3999 1267/3640/4001 1132/3638/4000
f 1090/3641/4002 1132/3638/4000 1267/3640/4001
f 1132/3638/4000 1090/3641/4002 1058/3639/3899
f 1090/3641/4002 1267/3640/4001 861/3642/4003
f 1267/3640/4001 1104/3643/4004 948/3644/4005
f 1406/3298/3625 1568/3295/3622 1569/3299/3626
f 1267/3640/4001 1406/3298/3625 1104/3643/4004
f 1104/3643/4004 1406/3298/3625 1320/3645/4006
f 1320/3645/4006 1406/3298/3625 1569/3299/3626
f 1569/3299/3626 1568/3295/3622 1681/3282/3606
f 1320/3645/4006 1569/3299/3626 1153/3281/3605
f 1320/3645/4006 1153/3281/3605 1031/3646/4007
f 1153/3281/3605 765/3301/3628 1031/3646/4007
f 323/3326/3662 765/3301/3628 692/3302/3629
f 765/3301/3628 323/3326/3662 321/3329/3665
f 1031/3646/4007 1129/3647/4008 1320/3645/4006
f 1031/3646/4007 765/3301/3628 663/3331/3667
f 1031/3646/4007 663/3331/3667 906/3648/4009
f 1031/3646/4007 906/3648/4009 1129/3647/4008
f 663/3331/3667 750/3649/4010 906/3648/4009
f 750/3649/4010 663/3331/3667 573/3332/3668
f 750/3649/4010 573/3332/3668 694/3650/4011
f 750/3649/4010 989/3651/4012 906/3648/4009
f 989/3651/4012 750/3649/4010 694/3650/4011
f 1129/3647/4008 906/3648/4009 989/3651/4012
f 989/3651/4012 694/3650/4011 948/3644/4005
f 1129/3647/4008 1104/3643/4004 1320/3645/4006
f 1104/3643/4004 1129/3647/4008 989/3651/4012
f 948/3644/4005 1104/3643/4004 989/3651/4012
f 1267/3640/4001 948/3644/4005 861/3642/4003
f 948/3644/4005 694/3650/4011 861/3642/4003
f 861/3642/4003 694/3650/4011 739/3652/4013
f 861/3642/4003 907/3653/4014 962/3654/4015
f 1090/3641/4002 861/3642/4003 962/3654/4015
f 1058/3639/3899 1090/3641/4002 962/3654/4015
f 1058/3639/3899 962/3654/4015 1071/3655/4016
f 1058/3639/3899 1071/3655/4016 1172/3656/3898
f 1172/3656/3898 1071/3655/4016 1201/3657/4017
f 2706/3618/3975 2725/3623/3983 2821/3616/3973
s 0
f 3193/3615/4018 2821/3616/4019 3059/3658/4020
s 1
f 3059/3658/4021 2821/3616/3973 2725/3623/3983
f 3245/3518/3861 3193/3615/3972 3059/3658/4021
f 3245/3518/3861 3059/3658/4021 3116/3527/3876
f 3245/3518/3861 3116/3527/3876 3324/3519/3866
f 3181/3525/3875 3116/3527/3876 3012/3659/4022
f 2766/3660/4023 3181/3525/3875 3012/3659/4022
f 2806/3528/3878 3181/3525/3875 2766/3660/4023
f 2806/3528/3878 2766/3660/4023 2555/3661/4024
f 2806/3528/3878 2555/3661/4024 2531/3529/3879
f 2437/3532/3885 2531/3529/3879 2555/3661/4024
f 11/3662/4025 2437/3532/3885 2555/3661/4024
f 177/3534/3887 2437/3532/3885 11/3662/4025
f 177/3534/3887 34/3663/4026 305/3576/3930
f 177/3534/3887 11/3662/4025 34/3663/4026
f 305/3576/3930 34/3663/4026 190/3578/3932
f 381/3577/3931 190/3578/3932 53/3664/4027
f 381/3577/3931 53/3664/4027 276/3581/3935
f 11/3662/4025 190/3578/3932 34/3663/4026
s 0
f 276/3581/4028 53/3664/4029 139/3582/4030
s 1
f 139/3582/3939 53/3664/4027 2363/3625/3985
f 2363/3625/3985 53/3664/4027 2591/3624/3984
f 53/3664/4027 190/3578/3932 2373/3665/4031
f 53/3664/4027 2373/3665/4031 2591/3624/3984
f 2373/3665/4031 190/3578/3932 11/3662/4025
f 11/3662/4025 2555/3661/4024 2373/3665/4031
f 2591/3624/3984 2373/3665/4031 2555/3661/4024
s 0
f 2591/3624/4032 2555/3661/4033 2904/3666/4034
s 1
f 2904/3666/4035 2555/3661/4024 2766/3660/4023
f 2591/3624/3984 2904/3666/4035 2725/3623/3983
f 2904/3666/4035 2766/3660/4023 3012/3659/4022
f 2725/3623/3983 2904/3666/4035 3059/3658/4021
f 3059/3658/4021 2904/3666/4035 3012/3659/4022
f 3116/3527/3876 3059/3658/4021 3012/3659/4022
f 3840/3399/3744 4194/3403/3748 3813/3400/3745
f 4003/3667/4036 3371/3384/3726 3813/3400/3745
f 4003/3667/4036 3813/3400/3745 4194/3403/3748
f 4194/3403/3748 4176/3408/3753 4003/3667/4036
f 4003/3667/4036 4176/3408/3753 4120/3410/3755
f 3371/3384/3726 4003/3667/4036 3789/3383/3725
f 3789/3383/3725 4003/3667/4036 4120/3410/3755
f 3789/3383/3725 4120/3410/3755 3734/3668/4037
f 3734/3668/4037 4120/3410/3755 4239/3412/3757
f 3789/3383/3725 3236/3375/3711 3074/3377/3713
f 3789/3383/3725 3734/3668/4037 3236/3375/3711
f 3763/3669/4038 3734/3668/4037 4239/3412/3757
f 4239/3412/3757 3865/3463/3812 3763/3669/4038
f 3763/3669/4038 3865/3463/3812 3669/3365/3701
f 3669/3365/3701 3421/3364/3700 3449/3367/3703
f 3449/3367/3703 3763/3669/4038 3669/3365/3701
f 3763/3669/4038 3449/3367/3703 3426/3670/4039
f 3449/3367/3703 3231/3366/3702 3426/3670/4039
f 3426/3670/4039 3231/3366/3702 3047/3373/3709
f 3763/3669/4038 3426/3670/4039 3734/3668/4037
f 3734/3668/4037 3426/3670/4039 3236/3375/3711
f 3426/3670/4039 3047/3373/3709 3236/3375/3711
f 2856/3336/3672 2800/3340/3676 2957/3379/3715
f 2980/3341/3677 2856/3336/3672 3017/3343/3679
f 3017/3343/3679 2856/3336/3672 2957/3379/3715
f 2957/3379/3715 3099/3370/3706 3241/3344/3680
f 2957/3379/3715 3241/3344/3680 3017/3343/3679
f 3017/3343/3679 3241/3344/3680 3117/3342/3678
f 1095/3671/3895 1340/3672/3896 1697/3673/4040
f 1532/3674/4041 1095/3671/3895 1697/3673/4040
s 0
f 1697/3673/4042 1340/3672/4043 1365/3675/4044
s 1
f 1340/3672/3896 1172/3676/3898 1201/3677/4017
f 1365/3675/4045 1340/3672/3896 1201/3677/4017
f 1365/3675/4045 1201/3677/4017 1339/3678/4046
f 1339/3678/4046 1674/3679/4047 1365/3675/4045
f 1674/3679/4047 1339/3678/4046 1342/3680/4048
f 1339/3678/4046 1201/3677/4017 1210/3681/4049
f 1339/3678/4046 1210/3681/4049 1342/3680/4048
f 1210/3681/4049 1201/3677/4017 877/3682/4050
f 877/3682/4050 1201/3677/4017 1071/3683/4016
f 877/3682/4050 1071/3683/4016 962/3684/4015
f 877/3682/4050 962/3684/4015 907/3685/4014
f 907/3685/4014 861/3686/4003 739/3687/4013
f 907/3685/4014 739/3687/4013 741/3688/4051
f 428/3689/4052 739/3687/4013 694/3690/4011
f 428/3689/4052 694/3690/4011 573/3691/3668
f 739/3687/4013 428/3689/4052 579/3692/4053
f 428/3689/4052 573/3691/3668 288/3693/3666
f 288/3693/3666 215/3694/3663 39/3695/4054
f 39/3695/4054 215/3694/3663 108/3696/3669
s 0
f 39/3695/4055 108/3696/4056 2246/3697/4057
s 1
f 39/3695/4054 2246/3697/3670 2404/3698/4058
f 2404/3698/4058 2246/3697/3670 2535/3699/3671
f 2535/3699/3671 2837/3700/3673 2677/3701/4059
s 0
f 2837/3700/4060 3024/3702/4061 2677/3701/4062
s 1
f 2404/3698/4058 2535/3699/3671 2677/3701/4059
f 2677/3701/4059 2624/3703/4063 2404/3698/4058
f 2677/3701/4059 3024/3702/4064 2810/3704/4065
f 2624/3703/4063 2677/3701/4059 2810/3704/4065
f 2404/3698/4058 2624/3703/4063 2382/3705/4066
f 2404/3698/4058 2382/3705/4066 2303/3706/4067
f 2404/3698/4058 2303/3706/4067 64/3707/4068
f 2404/3698/4058 64/3707/4068 39/3695/4054
f 104/3708/4069 64/3707/4068 2303/3706/4067
f 104/3708/4069 2303/3706/4067 2382/3705/4066
f 104/3708/4069 2382/3705/4066 122/3709/4070
f 2382/3705/4066 2624/3703/4063 2705/3710/4071
f 2705/3710/4071 2624/3703/4063 2810/3704/4065
f 2382/3705/4066 2705/3710/4071 2396/3711/4072
f 2705/3710/4071 2810/3704/4065 2892/3712/4073
f 2602/3713/4074 2705/3710/4071 2892/3712/4073
f 2705/3710/4071 2602/3713/4074 2396/3711/4072
f 2382/3705/4066 2396/3711/4072 2340/3714/4075
f 2340/3714/4075 2396/3711/4072 2602/3713/4074
f 2382/3705/4066 2340/3714/4075 122/3709/4070
f 122/3709/4070 2340/3714/4075 410/3715/4076
f 410/3715/4076 2340/3714/4075 152/3716/4077
f 2450/3717/4078 2340/3714/4075 2602/3713/4074
f 152/3716/4077 2340/3714/4075 2450/3717/4078
f 2602/3713/4074 2892/3712/4073 2889/3718/4079
f 2602/3713/4074 2889/3718/4079 2450/3717/4078
f 2551/3719/4080 2889/3718/4079 2842/3720/4081
f 2450/3717/4078 2889/3718/4079 2551/3719/4080
f 2450/3717/4078 26/3721/4082 152/3716/4077
f 26/3721/4082 2450/3717/4078 2324/3722/4083
f 152/3716/4077 26/3721/4082 184/3723/4084
f 423/3724/4085 152/3716/4077 184/3723/4084
f 410/3715/4076 152/3716/4077 423/3724/4085
f 184/3723/4084 445/3725/4086 423/3724/4085
f 423/3724/4085 586/3726/4087 410/3715/4076
f 586/3726/4087 423/3724/4085 668/3727/4088
f 668/3727/4088 423/3724/4085 445/3725/4086
f 445/3725/4086 184/3723/4084 606/3728/4089
f 161/3729/4090 184/3723/4084 26/3721/4082
f 161/3729/4090 26/3721/4082 2324/3722/4083
f 171/3730/4091 161/3729/4090 2324/3722/4083
f 184/3723/4084 161/3729/4090 1287/3731/4092
f 1287/3731/4092 161/3729/4090 295/3732/4093
f 184/3723/4084 1287/3731/4092 606/3728/4089
f 295/3732/4093 161/3729/4090 171/3730/4091
f 295/3732/4093 171/3730/4091 331/3733/4094
f 1287/3731/4092 295/3732/4093 331/3733/4094
f 1287/3731/4092 331/3733/4094 1335/3734/4095
f 289/3735/4096 478/3736/4097 331/3733/4094
f 478/3736/4097 289/3735/4096 540/3737/4098
f 289/3735/4096 331/3733/4094 171/3730/4091
f 289/3735/4096 171/3730/4091 2281/3738/4099
f 2281/3738/4099 171/3730/4091 2687/3739/4100
f 171/3730/4091 2324/3722/4083 2687/3739/4100
f 2687/3739/4100 2324/3722/4083 2522/3740/4101
f 2551/3719/4080 2324/3722/4083 2450/3717/4078
f 2522/3740/4101 2324/3722/4083 2551/3719/4080
f 2551/3719/4080 2842/3720/4081 2811/3741/4102
f 2801/3742/4103 2551/3719/4080 2811/3741/4102
f 2551/3719/4080 2801/3742/4103 2522/3740/4101
f 2801/3742/4103 2687/3739/4100 2522/3740/4101
f 2687/3739/4100 2801/3742/4103 2962/3743/4104
f 2687/3739/4100 2962/3743/4104 2564/3744/4105
f 2564/3744/4105 2962/3743/4104 3018/3745/4106
f 2564/3744/4105 3018/3745/4106 2914/3746/4107
f 2759/3747/4108 2914/3746/4107 3068/3748/4109
f 2790/3749/4110 2759/3747/4108 3068/3748/4109
f 2790/3749/4110 3072/3750/4111 2955/3751/4112
f 2463/3752/4113 2790/3749/4110 2955/3751/4112
f 3040/3753/4114 2919/3754/4115 2955/3751/4112
f 2919/3754/4115 2907/3755/4116 2576/3756/4117
f 2576/3756/4117 2907/3755/4116 2770/3757/4118
f 2955/3751/4112 2919/3754/4115 2463/3752/4113
f 2919/3754/4115 2576/3756/4117 2463/3752/4113
f 2790/3749/4110 2463/3752/4113 2391/3758/4119
f 2790/3749/4110 2391/3758/4119 2759/3747/4108
f 2369/3759/4120 2391/3758/4119 2463/3752/4113
f 2369/3759/4120 2463/3752/4113 2576/3756/4117
f 2369/3759/4120 2272/3760/4121 130/3761/4122
f 2369/3759/4120 2576/3756/4117 2438/3762/4123
s 0
f 2272/3760/4124 2369/3759/4125 2438/3762/4126
s 1
f 2576/3756/4117 2770/3757/4118 2438/3762/4123
f 2272/3760/4121 199/3763/4127 214/3764/4128
f 214/3764/4128 199/3763/4127 463/3765/4129
f 130/3761/4122 2272/3760/4121 214/3764/4128
f 2369/3759/4120 130/3761/4122 1/3766/4130
f 2369/3759/4120 1/3766/4130 2391/3758/4119
f 2391/3758/4119 1/3766/4130 2254/3767/4131
f 2391/3758/4119 2254/3767/4131 2759/3747/4108
f 2759/3747/4108 2254/3767/4131 2443/3768/4132
f 2759/3747/4108 2443/3768/4132 2914/3746/4107
f 2914/3746/4107 2443/3768/4132 2564/3744/4105
f 2443/3768/4132 2254/3767/4131 2226/3769/4133
f 2443/3768/4132 2226/3769/4133 2564/3744/4105
f 2281/3738/4099 2564/3744/4105 2226/3769/4133
f 2687/3739/4100 2564/3744/4105 2281/3738/4099
f 2281/3738/4099 2226/3769/4133 521/3770/4134
f 1/3766/4130 2226/3769/4133 2254/3767/4131
f 521/3770/4134 2226/3769/4133 1/3766/4130
s 0
f 521/3770/4135 1/3766/4136 388/3771/4137
s 1
f 388/3771/4138 1/3766/4130 130/3761/4122
f 463/3765/4129 130/3761/4122 214/3764/4128
f 388/3771/4138 130/3761/4122 463/3765/4129
f 540/3737/4098 521/3770/4134 388/3771/4138
f 2281/3738/4099 521/3770/4134 540/3737/4098
f 2281/3738/4099 540/3737/4098 289/3735/4096
f 540/3737/4098 388/3771/4138 814/3772/4139
f 478/3736/4097 540/3737/4098 814/3772/4139
f 1093/3773/4140 478/3736/4097 814/3772/4139
f 478/3736/4097 1093/3773/4140 331/3733/4094
f 1335/3734/4095 331/3733/4094 1093/3773/4140
f 1287/3731/4092 1335/3734/4095 1653/3774/4141
f 1335/3734/4095 1093/3773/4140 1421/3775/4142
f 1421/3775/4142 1093/3773/4140 1034/3776/4143
f 1034/3776/4143 1093/3773/4140 814/3772/4139
f 814/3772/4139 388/3771/4138 771/3777/4144
f 814/3772/4139 771/3777/4144 1034/3776/4143
f 652/3778/4145 771/3777/4144 388/3771/4138
f 1034/3776/4143 771/3777/4144 767/3779/4146
f 1034/3776/4143 767/3779/4146 1032/3780/4147
f 1034/3776/4143 1032/3780/4147 1202/3781/4148
f 652/3778/4145 767/3779/4146 771/3777/4144
f 652/3778/4145 463/3765/4129 199/3763/4127
f 463/3765/4129 652/3778/4145 388/3771/4138
f 1532/3674/4041 1424/3782/3893 1095/3671/3895
f 1025/3783/3892 1424/3782/3893 1019/3784/4149
f 1025/3783/3892 1019/3784/4149 786/3785/3891
f 786/3785/3891 1019/3784/4149 319/3786/3889
f 319/3786/3889 1019/3784/4149 654/3787/4150
f 319/3786/3889 654/3787/4150 492/3788/4151
f 319/3786/3889 492/3788/4151 389/3789/3888
f 1417/3790/4152 1019/3784/4149 1424/3782/3893
f 1013/3791/4153 1019/3784/4149 1417/3790/4152
f 1417/3790/4152 1424/3782/3893 1582/3792/4154
f 1424/3782/3893 1532/3674/4041 1582/3792/4154
f 1582/3792/4154 1532/3674/4041 1697/3673/4040
f 1582/3792/4154 1697/3673/4040 1715/3793/4155
f 1697/3673/4040 1695/3794/4156 1715/3793/4155
f 1417/3790/4152 1582/3792/4154 1432/3795/4157
f 1582/3792/4154 1478/3796/4158 1432/3795/4157
f 1478/3796/4158 1582/3792/4154 1668/3797/4159
f 1668/3797/4159 1715/3793/4155 1867/3798/4160
f 1668/3797/4159 1867/3798/4160 1841/3799/4161
f 1692/3800/4162 1668/3797/4159 1841/3799/4161
f 1668/3797/4159 1692/3800/4162 1519/3801/4163
f 1478/3796/4158 1668/3797/4159 1519/3801/4163
s 0
f 1841/3799/4164 1919/3802/4165 1989/3803/4166
s 1
f 1919/3802/4167 1841/3799/4161 1867/3798/4160
f 2058/3804/4168 1919/3802/4167 1941/3805/4169
f 2055/3806/4170 2058/3804/4168 2073/3807/4171
f 1989/3803/4172 1919/3802/4167 2058/3804/4168
s 0
f 2039/3808/4173 2058/3804/4174 2055/3806/4175
s 1
f 1989/3803/4172 2058/3804/4168 2039/3808/4176
f 2055/3806/4170 2073/3807/4171 2031/3809/4177
f 1902/3810/4178 1997/3811/4179 2010/3812/4180
f 1997/3811/4179 2031/3809/4177 2010/3812/4180
f 2031/3809/4177 2073/3807/4171 2032/3813/4181
f 2031/3809/4177 2032/3813/4181 2010/3812/4180
f 1997/3811/4179 1902/3810/4178 1922/3814/4182
f 1902/3810/4178 2010/3812/4180 1909/3815/4183
f 1673/3816/4184 1902/3810/4178 1909/3815/4183
s 0
f 1909/3815/4185 2010/3812/4186 1935/3817/4187
s 1
f 1909/3815/4183 1935/3817/4188 1854/3818/4189
f 1854/3818/4189 1935/3817/4188 1654/3819/4190
s 0
f 1854/3818/4191 1654/3819/4192 1506/3820/4193
s 1
f 1654/3819/4190 1447/3821/4194 1254/3822/4195
f 668/3727/4088 1447/3821/4194 1311/3823/4196
s 0
f 1447/3821/4197 668/3727/4198 606/3728/4199
f 606/3728/4200 668/3727/4201 445/3725/4202
s 1
f 1447/3821/4194 606/3728/4089 1254/3822/4195
f 1254/3822/4195 606/3728/4089 1287/3731/4092
s 0
f 1254/3822/4203 1287/3731/4204 1653/3774/4205
s 1
f 1254/3822/4195 1506/3820/4206 1654/3819/4190
f 1254/3822/4195 1653/3774/4141 1506/3820/4206
f 1506/3820/4206 1653/3774/4141 1854/3818/4189
f 1653/3774/4141 1673/3816/4184 1854/3818/4189
f 1909/3815/4183 1854/3818/4189 1673/3816/4184
f 1653/3774/4141 1335/3734/4095 1673/3816/4184
f 1421/3775/4142 1673/3816/4184 1335/3734/4095
f 1421/3775/4142 1034/3776/4143 1202/3781/4148
f 1421/3775/4142 1202/3781/4148 1442/3824/4207
f 1442/3824/4207 1663/3825/4208 1421/3775/4142
f 1673/3816/4184 1663/3825/4208 1706/3826/4209
f 1663/3825/4208 1374/3827/4210 1476/3828/4211
f 1476/3828/4211 1374/3827/4210 1354/3829/4212
f 1706/3826/4209 1663/3825/4208 1476/3828/4211
f 1706/3826/4209 1476/3828/4211 1513/3830/4213
f 1513/3830/4213 1476/3828/4211 1354/3829/4212
f 1706/3826/4209 1513/3830/4213 1761/3831/4214
f 1353/3832/4215 1513/3830/4213 1354/3829/4212
f 1353/3832/4215 1354/3829/4212 1196/3833/4216
f 1513/3830/4213 1353/3832/4215 1520/3834/4217
f 1761/3831/4214 1513/3830/4213 1520/3834/4217
f 1220/3835/4218 1353/3832/4215 1196/3833/4216
f 1220/3835/4218 1196/3833/4216 1142/3836/4219
f 1142/3836/4219 1196/3833/4216 1067/3837/4220
f 1220/3835/4218 1142/3836/4219 896/3838/4221
f 896/3838/4221 1142/3836/4219 976/3839/4222
f 976/3839/4222 831/3840/4223 793/3841/4224
f 976/3839/4222 793/3841/4224 896/3838/4221
f 918/3842/4225 896/3838/4221 793/3841/4224
f 896/3838/4221 918/3842/4225 1220/3835/4218
f 1220/3835/4218 918/3842/4225 1380/3843/4226
f 1380/3843/4226 918/3842/4225 928/3844/4227
f 918/3842/4225 793/3841/4224 818/3845/4228
f 928/3844/4227 918/3842/4225 818/3845/4228
f 1265/3846/4229 1380/3843/4226 928/3844/4227
f 1265/3846/4229 928/3844/4227 1170/3847/4230
f 759/3848/4231 928/3844/4227 818/3845/4228
f 928/3844/4227 759/3848/4231 1170/3847/4230
f 759/3848/4231 818/3845/4228 542/3849/4232
f 818/3845/4228 793/3841/4224 542/3849/4232
f 542/3849/4232 793/3841/4224 831/3840/4223
f 747/3850/4233 831/3840/4223 953/3851/4234
f 831/3840/4223 747/3850/4233 571/3852/4235
f 733/3853/4236 433/3854/4237 747/3850/4233
f 831/3840/4223 571/3852/4235 542/3849/4232
f 571/3852/4235 747/3850/4233 452/3855/4238
f 571/3852/4235 452/3855/4238 542/3849/4232
f 435/3856/4239 542/3849/4232 452/3855/4238
f 759/3848/4231 542/3849/4232 435/3856/4239
f 596/3857/4240 759/3848/4231 435/3856/4239
f 596/3857/4240 696/3858/4241 759/3848/4231
f 596/3857/4240 435/3856/4239 153/3859/4242
f 596/3857/4240 153/3859/4242 342/3860/4243
f 234/3861/4244 452/3855/4238 747/3850/4233
f 234/3861/4244 747/3850/4233 433/3854/4237
f 433/3854/4237 396/3862/4245 149/3863/4246
f 433/3854/4237 149/3863/4246 234/3861/4244
f 206/3864/4247 396/3862/4245 370/3865/4248
f 149/3863/4246 396/3862/4245 206/3864/4247
f 452/3855/4238 234/3861/4244 2234/3866/4249
f 234/3861/4244 149/3863/4246 2234/3866/4249
f 2357/3867/4250 149/3863/4246 206/3864/4247
f 206/3864/4247 163/3868/4251 2416/3869/4252
f 206/3864/4247 2416/3869/4252 2357/3867/4250
f 2416/3869/4252 2398/3870/4253 2571/3871/4254
f 149/3863/4246 2357/3867/4250 2366/3872/4255
f 149/3863/4246 2366/3872/4255 2234/3866/4249
f 2234/3866/4249 24/3873/4256 452/3855/4238
f 452/3855/4238 24/3873/4256 435/3856/4239
f 153/3859/4242 435/3856/4239 24/3873/4256
f 596/3857/4240 342/3860/4243 696/3858/4241
f 342/3860/4243 555/3874/4257 696/3858/4241
f 759/3848/4231 696/3858/4241 1170/3847/4230
f 1170/3847/4230 696/3858/4241 1469/3875/4258
f 1469/3875/4258 696/3858/4241 1259/3876/4259
f 1259/3876/4259 696/3858/4241 555/3874/4257
f 502/3877/4260 1259/3876/4259 555/3874/4257
f 555/3874/4257 342/3860/4243 358/3878/4261
f 502/3877/4260 555/3874/4257 358/3878/4261
f 489/3879/4262 502/3877/4260 358/3878/4261
f 1259/3876/4259 502/3877/4260 1263/3880/4263
f 1259/3876/4259 1263/3880/4263 1525/3881/4264
f 1525/3881/4264 1263/3880/4263 1692/3800/4162
f 1692/3800/4162 1263/3880/4263 1519/3801/4163
f 1525/3881/4264 1692/3800/4162 1841/3799/4161
f 1519/3801/4163 1263/3880/4263 1478/3796/4158
f 1263/3880/4263 502/3877/4260 489/3879/4262
f 489/3879/4262 1089/3882/4265 1263/3880/4263
f 1263/3880/4263 1089/3882/4265 1478/3796/4158
f 1089/3882/4265 1432/3795/4157 1478/3796/4158
f 1417/3790/4152 1432/3795/4157 1013/3791/4153
f 1432/3795/4157 1089/3882/4265 876/3883/4266
f 1089/3882/4265 633/3884/4267 876/3883/4266
f 1089/3882/4265 489/3879/4262 633/3884/4267
f 633/3884/4267 489/3879/4262 480/3885/4268
f 1432/3795/4157 876/3883/4266 712/3886/4269
f 1432/3795/4157 712/3886/4269 1013/3791/4153
f 876/3883/4266 633/3884/4267 242/3887/4270
f 242/3887/4270 633/3884/4267 480/3885/4268
f 480/3885/4268 489/3879/4262 358/3878/4261
f 480/3885/4268 358/3878/4261 246/3888/4271
f 480/3885/4268 246/3888/4271 242/3887/4270
f 876/3883/4266 242/3887/4270 95/3889/4272
f 242/3887/4270 102/3890/4273 95/3889/4272
f 102/3890/4273 242/3887/4270 2255/3891/4274
f 2255/3891/4274 242/3887/4270 246/3888/4271
f 2255/3891/4274 246/3888/4271 2239/3892/4275
f 2239/3892/4275 246/3888/4271 240/3893/4276
f 240/3893/4276 246/3888/4271 358/3878/4261
f 240/3893/4276 358/3878/4261 342/3860/4243
f 240/3893/4276 2508/3894/4277 2239/3892/4275
f 240/3893/4276 342/3860/4243 142/3895/4278
f 142/3895/4278 342/3860/4243 153/3859/4242
f 142/3895/4278 153/3859/4242 2492/3896/4279
f 2492/3896/4279 153/3859/4242 24/3873/4256
f 2346/3897/4280 142/3895/4278 2492/3896/4279
f 142/3895/4278 2346/3897/4280 240/3893/4276
f 2360/3898/4281 2492/3896/4279 24/3873/4256
f 2360/3898/4281 24/3873/4256 2234/3866/4249
s 0
f 2360/3898/4282 2234/3866/4283 2366/3872/4284
s 1
f 2549/3899/4285 2360/3898/4281 2366/3872/4255
f 2492/3896/4279 2360/3898/4281 2549/3899/4285
f 2346/3897/4280 2492/3896/4279 2533/3900/4286
f 240/3893/4276 2346/3897/4280 2533/3900/4286
f 2508/3894/4277 240/3893/4276 2533/3900/4286
f 2508/3894/4277 2505/3901/4287 2239/3892/4275
f 2533/3900/4286 2505/3901/4287 2508/3894/4277
f 2505/3901/4287 2533/3900/4286 2664/3902/4288
f 2505/3901/4287 2664/3902/4288 2657/3903/4289
f 2505/3901/4287 2657/3903/4289 2809/3904/4290
f 2505/3901/4287 2809/3904/4290 2239/3892/4275
f 2239/3892/4275 2809/3904/4290 2255/3891/4274
f 102/3890/4273 2255/3891/4274 2478/3905/4291
f 2359/3906/4292 102/3890/4273 2478/3905/4291
f 102/3890/4273 2359/3906/4292 95/3889/4272
f 2478/3905/4291 2255/3891/4274 2827/3907/4293
f 2255/3891/4274 2809/3904/4290 2827/3907/4293
f 2657/3903/4289 2798/3908/4294 2809/3904/4290
f 2657/3903/4289 2797/3909/4295 2798/3908/4294
f 3190/3910/4296 2809/3904/4290 2798/3908/4294
f 2809/3904/4290 3190/3910/4296 2827/3907/4293
f 3396/3911/4297 2798/3908/4294 2797/3909/4295
f 3396/3911/4297 2797/3909/4295 3134/3912/4298
f 3851/3913/4299 3396/3911/4297 3134/3912/4298
f 2798/3908/4294 3396/3911/4297 3190/3910/4296
f 3851/3913/4299 3134/3912/4298 3647/3914/4300
f 3134/3912/4298 3538/3915/4301 3647/3914/4300
f 3935/3916/4302 3647/3914/4300 3538/3915/4301
f 3851/3913/4299 3647/3914/4300 3935/3916/4302
f 3396/3911/4297 3851/3913/4299 3599/3917/4303
f 3396/3911/4297 3599/3917/4303 3602/3918/4304
f 3190/3910/4296 3396/3911/4297 3363/3919/4305
f 2827/3907/4293 3190/3910/4296 2812/3920/4306
f 2812/3920/4306 3190/3910/4296 2938/3921/4307
f 2827/3907/4293 2812/3920/4306 2620/3922/4308
f 2827/3907/4293 2620/3922/4308 2478/3905/4291
s 0
f 2478/3905/4309 2620/3922/4310 2359/3906/4311
s 1
f 2620/3922/4308 2812/3920/4306 2684/3923/4312
f 2620/3922/4308 2539/3924/4313 2359/3906/4292
f 2620/3922/4308 2684/3923/4312 2539/3924/4313
f 2359/3906/4292 2539/3924/4313 2330/3925/4314
f 2359/3906/4292 2330/3925/4314 95/3889/4272
f 95/3889/4272 2330/3925/4314 291/3926/4315
f 95/3889/4272 291/3926/4315 876/3883/4266
f 876/3883/4266 291/3926/4315 712/3886/4269
f 291/3926/4315 378/3927/4316 592/3928/4317
f 712/3886/4269 291/3926/4315 592/3928/4317
f 1019/3784/4149 1013/3791/4153 712/3886/4269
f 1019/3784/4149 712/3886/4269 592/3928/4317
f 1019/3784/4149 592/3928/4317 654/3787/4150
f 654/3787/4150 592/3928/4317 492/3788/4151
f 492/3788/4151 592/3928/4317 378/3927/4316
f 378/3927/4316 227/3929/4318 492/3788/4151
f 227/3929/4318 378/3927/4316 114/3930/4319
f 492/3788/4151 227/3929/4318 389/3789/3888
f 227/3929/4318 2257/3931/3886 389/3789/3888
f 2395/3932/3884 2257/3931/3886 227/3929/4318
f 2395/3932/3884 227/3929/4318 2504/3933/4320
f 2504/3933/4320 227/3929/4318 2379/3934/4321
f 2531/3935/3879 2395/3932/3884 2849/3936/3880
f 2849/3936/3880 2768/3937/4322 2836/3938/3877
f 2768/3937/4322 2849/3936/3880 2504/3933/4320
f 2504/3933/4320 2849/3936/3880 2395/3932/3884
f 2504/3933/4320 2771/3939/4323 2768/3937/4322
f 2771/3939/4323 2504/3933/4320 2587/3940/4324
f 2587/3940/4324 2504/3933/4320 2379/3934/4321
f 2587/3940/4324 2379/3934/4321 2491/3941/4325
f 114/3930/4319 2379/3934/4321 227/3929/4318
f 2379/3934/4321 114/3930/4319 2491/3941/4325
f 114/3930/4319 378/3927/4316 2330/3925/4314
f 2330/3925/4314 378/3927/4316 291/3926/4315
f 2330/3925/4314 2491/3941/4325 114/3930/4319
f 2330/3925/4314 2539/3924/4313 2491/3941/4325
s 0
f 2539/3924/4326 2643/3942/4327 2491/3941/4328
s 1
f 2643/3942/4329 2539/3924/4313 2684/3923/4312
f 2587/3940/4324 2491/3941/4325 2643/3942/4330
s 0
f 2587/3940/4331 2643/3942/4332 2735/3943/4333
s 1
f 2771/3939/4323 2587/3940/4324 2735/3943/4334
f 2945/3944/4335 2735/3943/4334 2643/3942/4329
f 2945/3944/4335 2643/3942/4329 2882/3945/4336
f 2882/3945/4336 2643/3942/4329 2684/3923/4312
f 2684/3923/4312 2812/3920/4306 2882/3945/4336
f 2812/3920/4306 2938/3921/4307 2882/3945/4336
f 2945/3944/4335 2882/3945/4336 3096/3946/4337
f 2945/3944/4335 3096/3946/4337 2735/3943/4334
f 3034/3947/4338 2735/3943/4334 3096/3946/4337
f 2735/3943/4334 3034/3947/4338 2771/3939/4323
f 2771/3939/4323 3034/3947/4338 2768/3937/4322
f 2958/3948/4339 2768/3937/4322 3034/3947/4338
f 2768/3937/4322 2958/3948/4339 2836/3938/3877
f 2958/3948/4339 3034/3947/4338 3032/3949/4340
f 3179/3950/3871 2836/3938/3877 3214/3951/3870
f 3214/3951/3870 2836/3938/3877 2958/3948/4339
f 3214/3951/3870 2958/3948/4339 3032/3949/4340
f 3214/3951/3870 3032/3949/4340 3275/3952/3868
f 3275/3952/3868 3032/3949/4340 3230/3953/3695
f 3533/3954/3696 3275/3952/3868 3230/3953/3695
f 3230/3953/3695 3032/3949/4340 3034/3947/4338
f 3230/3953/3695 3139/3955/4341 3358/3956/3694
f 3230/3953/3695 3034/3947/4338 3139/3955/4341
f 3139/3955/4341 3034/3947/4338 3096/3946/4337
f 3139/3955/4341 3096/3946/4337 3229/3957/4342
f 3139/3955/4341 3229/3957/4342 3308/3958/4343
f 3186/3959/4344 3229/3957/4342 3096/3946/4337
f 3186/3959/4344 3096/3946/4337 2882/3945/4336
f 3139/3955/4341 3308/3958/4343 3384/3960/3692
f 3139/3955/4341 3384/3960/3692 3358/3956/3694
f 3503/3961/3688 3384/3960/3692 3477/3962/4345
f 3477/3962/4345 3384/3960/3692 3308/3958/4343
f 3555/3963/4346 3503/3961/3688 3477/3962/4345
f 3503/3961/3688 3555/3963/4346 3545/3964/3687
f 3545/3964/3687 3555/3963/4346 3664/3965/4347
f 3369/3966/3684 3545/3964/3687 3755/3967/3683
f 3545/3964/3687 3664/3965/4347 3755/3967/3683
f 3755/3967/3683 3733/3968/4348 3357/3969/3682
f 3357/3969/3682 3733/3968/4348 3329/3970/3681
f 3755/3967/3683 3841/3971/4349 3733/3968/4348
f 3828/3972/4350 3733/3968/4348 3841/3971/4349
f 2980/3973/3677 3117/3974/3678 3375/3975/4351
f 3117/3974/3678 3329/3970/3681 3375/3975/4351
f 2980/3973/3677 3375/3975/4351 3024/3976/4064
f 2980/3973/3677 3024/3976/4064 2837/3977/3673
f 3375/3975/4351 3329/3970/3681 3744/3978/4352
f 3329/3970/3681 3733/3968/4348 3744/3978/4352
f 3733/3968/4348 3828/3972/4350 3744/3978/4352
f 3912/3979/4353 3744/3978/4352 3828/3972/4350
f 3828/3972/4350 3841/3971/4349 4102/3980/4354
f 3841/3971/4349 3755/3967/3683 3819/3981/4355
f 3819/3981/4355 3755/3967/3683 3664/3965/4347
f 4102/3980/4354 3841/3971/4349 3819/3981/4355
f 3819/3981/4355 4141/3982/4356 4102/3980/4354
f 3917/3983/4357 3819/3981/4355 3664/3965/4347
f 3819/3981/4355 3917/3983/4357 4141/3982/4356
f 3917/3983/4357 3664/3965/4347 3701/3984/4358
f 3701/3984/4358 3664/3965/4347 3555/3963/4346
f 3555/3963/4346 3477/3962/4345 3701/3984/4358
s 0
f 3477/3962/4359 3308/3958/4360 3229/3957/4361
s 1
f 3477/3962/4345 3229/3957/4342 3435/3985/4362
f 3477/3962/4345 3435/3985/4362 3701/3984/4358
f 3435/3985/4362 3229/3957/4342 3186/3959/4344
f 3435/3985/4362 3186/3959/4344 3589/3986/4363
f 3186/3959/4344 2882/3945/4336 3101/3987/4364
f 3101/3987/4364 2882/3945/4336 2938/3921/4307
f 3101/3987/4364 2938/3921/4307 3158/3988/4365
f 3101/3987/4364 3748/3989/4366 3186/3959/4344
f 3158/3988/4365 2938/3921/4307 3190/3910/4296
f 3748/3989/4366 3101/3987/4364 3158/3988/4365
f 3186/3959/4344 3748/3989/4366 3589/3986/4363
f 3363/3919/4305 3158/3988/4365 3190/3910/4296
f 3363/3919/4305 3991/3990/4367 3158/3988/4365
f 3602/3918/4304 3363/3919/4305 3396/3911/4297
f 3363/3919/4305 3602/3918/4304 3991/3990/4367
f 4208/3991/4368 3602/3918/4304 3599/3917/4303
f 4208/3991/4368 3599/3917/4303 3851/3913/4299
f 4208/3991/4368 3851/3913/4299 4094/3992/4369
f 4238/3993/4370 4208/3991/4368 4094/3992/4369
f 4094/3992/4369 3851/3913/4299 3935/3916/4302
f 4094/3992/4369 3935/3916/4302 3984/3994/4371
f 3984/3994/4371 3935/3916/4302 3900/3995/4372
f 3900/3995/4372 3935/3916/4302 3538/3915/4301
f 4094/3992/4369 4147/3996/4373 4238/3993/4370
f 4094/3992/4369 3984/3994/4371 4147/3996/4373
f 4147/3996/4373 3984/3994/4371 3958/3997/4374
f 4147/3996/4373 4236/3998/4375 4238/3993/4370
f 4238/3993/4370 4236/3998/4375 4277/3999/4376
f 4208/3991/4368 4238/3993/4370 4277/3999/4376
f 4208/3991/4368 4277/3999/4376 4338/4000/4377
f 4208/3991/4368 4338/4000/4377 3991/3990/4367
f 4208/3991/4368 3991/3990/4367 3602/3918/4304
f 3748/3989/4366 3158/3988/4365 3730/4001/4378
f 3730/4001/4378 3158/3988/4365 3991/3990/4367
f 3748/3989/4366 3703/4002/4379 3589/3986/4363
f 3435/3985/4362 3589/3986/4363 3703/4002/4379
f 3435/3985/4362 3703/4002/4379 3701/3984/4358
f 3859/4003/4380 3701/3984/4358 3703/4002/4379
f 3701/3984/4358 3859/4003/4380 3917/3983/4357
f 3917/3983/4357 3859/4003/4380 4160/4004/4381
f 4160/4004/4381 3859/4003/4380 4115/4005/4382
f 4115/4005/4382 3859/4003/4380 4107/4006/4383
f 3917/3983/4357 4160/4004/4381 4141/3982/4356
f 3828/3972/4350 4102/3980/4354 3912/3979/4353
f 3912/3979/4353 4102/3980/4354 4090/4007/4384
f 4090/4007/4384 4102/3980/4354 4141/3982/4356
f 4090/4007/4384 4141/3982/4356 4160/4004/4381
f 4090/4007/4384 4160/4004/4381 4115/4005/4382
f 4090/4007/4384 4115/4005/4382 4084/4008/4385
f 4090/4007/4384 4084/4008/4385 3912/3979/4353
f 3744/3978/4352 3912/3979/4353 3438/4009/4386
f 3912/3979/4353 3817/4010/4387 3438/4009/4386
f 3912/3979/4353 4084/4008/4385 3983/4011/4388
f 3912/3979/4353 3983/4011/4388 3817/4010/4387
f 4152/4012/4389 4084/4008/4385 4115/4005/4382
f 4115/4005/4382 4202/4013/4390 4256/4014/4391
f 4152/4012/4389 4115/4005/4382 4256/4014/4391
f 4084/4008/4385 4152/4012/4389 3983/4011/4388
f 4256/4014/4391 4269/4015/4392 4152/4012/4389
f 3983/4011/4388 4152/4012/4389 4131/4016/4393
f 3983/4011/4388 4131/4016/4393 3838/4017/4394
s 0
f 3817/4010/4395 3983/4011/4396 3838/4017/4397
s 1
f 3348/4018/4398 3838/4017/4394 3355/4019/4399
f 3838/4017/4394 3348/4018/4398 2959/4020/4400
f 3838/4017/4394 2959/4020/4400 3817/4010/4387
f 2801/4021/4103 3348/4018/4398 2962/4022/4104
f 3348/4018/4398 2801/4021/4103 2959/4020/4400
f 2959/4020/4400 2801/4021/4103 2811/4023/4102
f 2959/4020/4400 3438/4009/4386 3817/4010/4387
f 3438/4009/4386 2959/4020/4400 2811/4023/4102
f 3438/4009/4386 2811/4023/4102 3119/4024/4401
f 2811/4023/4102 2842/4025/4081 3119/4024/4401
f 2842/4025/4081 2889/4026/4079 3002/4027/4402
f 2842/4025/4081 3002/4027/4402 3119/4024/4401
f 3002/4027/4402 2889/4026/4079 2892/4028/4073
f 3002/4027/4402 2892/4028/4073 2810/4029/4065
f 3002/4027/4402 2810/4029/4065 3160/4030/4403
f 3160/4030/4403 2810/4029/4065 3024/3976/4064
f 3024/3976/4064 3375/3975/4351 3160/4030/4403
f 3375/3975/4351 3263/4031/4404 3160/4030/4403
f 3263/4031/4404 3375/3975/4351 3744/3978/4352
s 0
f 3160/4030/4405 3263/4031/4406 3002/4027/4407
s 1
f 3002/4027/4402 3263/4031/4404 3119/4024/4401
f 3119/4024/4401 3263/4031/4404 3744/3978/4352
f 3744/3978/4352 3438/4009/4386 3119/4024/4401
f 741/3688/4051 739/3687/4013 579/3692/4053
f 582/4032/4408 741/3688/4051 579/3692/4053
f 579/3692/4053 428/3689/4052 64/3707/4068
f 64/3707/4068 428/3689/4052 39/3695/4054
f 428/3689/4052 288/3693/3666 39/3695/4054
f 64/3707/4068 104/3708/4069 579/3692/4053
f 579/3692/4053 274/4033/4409 582/4032/4408
f 579/3692/4053 104/3708/4069 274/4033/4409
f 274/4033/4409 104/3708/4069 122/3709/4070
f 274/4033/4409 122/3709/4070 412/4034/4410
f 412/4034/4410 122/3709/4070 410/3715/4076
s 0
f 412/4034/4411 410/3715/4412 586/3726/4413
s 1
f 274/4033/4409 412/4034/4410 813/4035/4414
f 274/4033/4409 813/4035/4414 582/4032/4408
f 412/4034/4410 586/3726/4087 813/4035/4414
f 586/3726/4087 668/3727/4088 1311/3823/4196
f 586/3726/4087 1311/3823/4196 813/4035/4414
f 1039/4036/4415 813/4035/4414 1311/3823/4196
f 1039/4036/4415 1311/3823/4196 1338/4037/4416
f 1039/4036/4415 1338/4037/4416 1268/4038/4417
f 813/4035/4414 1039/4036/4415 1268/4038/4417
f 967/4039/4418 813/4035/4414 1268/4038/4417
f 582/4032/4408 813/4035/4414 967/4039/4418
f 582/4032/4408 967/4039/4418 741/3688/4051
f 1094/4040/4419 967/4039/4418 1268/4038/4417
f 877/3682/4050 741/3688/4051 967/4039/4418
f 741/3688/4051 877/3682/4050 907/3685/4014
f 1210/3681/4049 877/3682/4050 967/4039/4418
f 967/4039/4418 1094/4040/4419 1210/3681/4049
f 1210/3681/4049 1094/4040/4419 1342/3680/4048
f 1094/4040/4419 1268/4038/4417 1338/4037/4416
f 1342/3680/4048 1676/4041/4420 1674/3679/4047
f 1365/3675/4045 1674/3679/4047 1695/3794/4156
f 1365/3675/4045 1695/3794/4156 1697/3673/4040
f 1857/4042/4421 1695/3794/4156 1674/3679/4047
f 1868/4043/4422 1695/3794/4156 1857/4042/4421
f 1695/3794/4156 1868/4043/4422 1715/3793/4155
f 1868/4043/4422 1857/4042/4421 1958/4044/4423
f 1868/4043/4422 1867/3798/4160 1715/3793/4155
f 1582/3792/4154 1715/3793/4155 1668/3797/4159
f 1919/3802/4167 1867/3798/4160 1941/3805/4169
s 0
f 1941/3805/4424 1867/3798/4425 1868/4043/4426
s 1
f 1941/3805/4169 1868/4043/4422 1958/4044/4423
f 1941/3805/4169 1958/4044/4423 2043/4045/4427
f 1941/3805/4169 2043/4045/4427 2058/3804/4168
f 2058/3804/4168 2043/4045/4427 2080/4046/4428
f 2080/4046/4428 1996/4047/4429 2032/3813/4181
f 1731/4048/4430 1996/4047/4429 2080/4046/4428
f 2080/4046/4428 1782/4049/4431 1731/4048/4430
f 2080/4046/4428 2043/4045/4427 1782/4049/4431
f 1731/4048/4430 1782/4049/4431 1544/4050/4432
f 1544/4050/4432 1782/4049/4431 1676/4041/4420
f 1676/4041/4420 1782/4049/4431 2043/4045/4427
f 1676/4041/4420 2043/4045/4427 1958/4044/4423
f 1674/3679/4047 1676/4041/4420 1958/4044/4423
f 1674/3679/4047 1958/4044/4423 1857/4042/4421
f 1094/4040/4419 1676/4041/4420 1342/3680/4048
f 1676/4041/4420 1094/4040/4419 1544/4050/4432
f 1544/4050/4432 1094/4040/4419 1338/4037/4416
f 1731/4048/4430 1544/4050/4432 1619/4051/4433
f 1460/4052/4434 1544/4050/4432 1338/4037/4416
f 1619/4051/4433 1544/4050/4432 1460/4052/4434
f 1996/4047/4429 1731/4048/4430 1959/4053/4435
f 1959/4053/4435 1731/4048/4430 1619/4051/4433
f 2032/3813/4181 1996/4047/4429 1959/4053/4435
f 2010/3812/4436 1959/4053/4435 1935/3817/4188
s 0
f 1959/4053/4437 2010/3812/4438 2032/3813/4439
s 1
f 1935/3817/4188 1959/4053/4435 1619/4051/4433
f 1935/3817/4188 1619/4051/4433 1654/3819/4190
f 1654/3819/4190 1619/4051/4433 1447/3821/4194
f 1447/3821/4194 1619/4051/4433 1460/4052/4434
f 1311/3823/4196 1447/3821/4194 1460/4052/4434
f 1311/3823/4196 1460/4052/4434 1338/4037/4416
f 4107/4006/4383 3859/4003/4380 3847/4054/4440
f 3847/4054/4440 3859/4003/4380 3703/4002/4379
f 3847/4054/4440 3703/4002/4379 3748/3989/4366
f 3847/4054/4440 3748/3989/4366 3730/4001/4378
f 3847/4054/4440 3730/4001/4378 4292/4055/4441
f 3847/4054/4440 4292/4055/4441 4107/4006/4383
f 4107/4006/4383 4292/4055/4441 4202/4013/4390
f 4115/4005/4382 4107/4006/4383 4202/4013/4390
f 4292/4055/4441 3730/4001/4378 3989/4056/4442
f 3989/4056/4442 3730/4001/4378 3991/3990/4367
f 4338/4000/4377 4292/4055/4441 3989/4056/4442
f 3989/4056/4442 3991/3990/4367 4338/4000/4377
f 4292/4055/4441 4345/4057/4443 4202/4013/4390
s 0
f 4292/4055/4444 4338/4000/4445 4345/4057/4446
s 1
f 4338/4000/4377 4277/3999/4376 4337/4058/4447
f 4338/4000/4377 4337/4058/4447 4345/4057/4443
f 4202/4013/4390 4345/4057/4443 4332/4059/4448
f 4202/4013/4390 4332/4059/4448 4256/4014/4391
f 4350/4060/4449 4345/4057/4443 4337/4058/4447
f 4332/4059/4448 4345/4057/4443 4350/4060/4449
f 4256/4014/4391 4332/4059/4448 4269/4015/4392
s 0
f 4269/4015/4450 4248/4061/4451 4152/4012/4452
s 1
f 4152/4012/4389 4248/4061/4453 4131/4016/4393
f 4269/4015/4392 4332/4059/4448 4343/4062/4454
f 4269/4015/4392 4343/4062/4454 4248/4061/4453
f 4343/4062/4454 4332/4059/4448 4370/4063/4455
f 4370/4063/4455 4332/4059/4448 4350/4060/4449
f 4236/3998/4375 4313/4064/4456 4277/3999/4376
f 4236/3998/4375 4147/3996/4373 4145/4065/4457
f 4350/4060/4449 4337/4058/4447 4313/4064/4456
f 4313/4064/4456 4337/4058/4447 4277/3999/4376
f 4145/4065/4457 4147/3996/4373 3958/3997/4374
f 4313/4064/4456 4236/3998/4375 4341/4066/4458
f 4350/4060/4449 4313/4064/4456 4370/4063/4455
f 4370/4063/4455 4313/4064/4456 4341/4066/4458
f 4370/4063/4455 4341/4066/4458 4354/4067/4459
f 4341/4066/4458 4236/3998/4375 4237/4068/4460
f 4237/4068/4460 4236/3998/4375 4145/4065/4457
f 3883/4069/4461 3958/3997/4374 3900/3995/4372
s 0
f 4145/4065/4462 3958/3997/4463 4086/4070/4464
s 1
f 3958/3997/4374 3883/4069/4461 3908/4071/4465
f 3709/4072/4466 3883/4069/4461 3900/3995/4372
f 3900/3995/4372 3958/3997/4374 3984/3994/4371
f 3452/4073/4467 3709/4072/4466 3900/3995/4372
f 3452/4073/4467 3900/3995/4372 3538/3915/4301
f 3452/4073/4467 3538/3915/4301 2664/3902/4288
f 2664/3902/4288 3538/3915/4301 3134/3912/4298
f 3134/3912/4298 2797/3909/4295 2664/3902/4288
f 2797/3909/4295 2657/3903/4289 2664/3902/4288
f 2664/3902/4288 3220/4074/4468 3452/4073/4467
f 2664/3902/4288 2533/3900/4286 2853/4075/4469
f 2664/3902/4288 2853/4075/4469 3220/4074/4468
f 2853/4075/4469 2533/3900/4286 2492/3896/4279
f 2853/4075/4469 2492/3896/4279 2549/3899/4285
f 2969/4076/4470 2549/3899/4285 2543/4077/4471
f 2543/4077/4471 2549/3899/4285 2366/3872/4255
f 2366/3872/4255 2357/3867/4250 2543/4077/4471
f 2543/4077/4471 2357/3867/4250 2416/3869/4252
f 2416/3869/4252 2571/3871/4254 2543/4077/4471
f 2543/4077/4471 2571/3871/4254 2776/4078/4472
f 2543/4077/4471 2776/4078/4472 3004/4079/4473
f 2776/4078/4472 3005/4080/4474 3004/4079/4473
f 2543/4077/4471 3004/4079/4473 2969/4076/4470
f 3219/4081/4475 3005/4080/4474 3103/4082/4476
f 3883/4069/4461 3805/4083/4477 3908/4071/4465
f 3908/4071/4465 4068/4084/4478 3958/3997/4374
f 3494/4085/4479 3883/4069/4461 3709/4072/4466
f 3219/4081/4475 3494/4085/4479 3709/4072/4466
f 3005/4080/4474 3219/4081/4475 3004/4079/4473
f 3004/4079/4473 3219/4081/4475 3220/4074/4468
f 3004/4079/4473 3220/4074/4468 2969/4076/4470
f 3220/4074/4468 3219/4081/4475 3709/4072/4466
f 3220/4074/4468 3709/4072/4466 3452/4073/4467
f 3220/4074/4468 2853/4075/4469 2969/4076/4470
f 2969/4076/4470 2853/4075/4469 2549/3899/4285
f 2073/3807/4171 2080/4046/4428 2032/3813/4181
f 2080/4046/4428 2073/3807/4171 2058/3804/4168
f 3355/4019/4399 3838/4017/4394 4131/4016/4393
f 3809/4086/4480 3355/4019/4399 4131/4016/4393
f 3348/4018/4398 3355/4019/4399 3207/4087/4481
f 3348/4018/4398 3207/4087/4481 2962/4022/4104
f 2962/4022/4104 3207/4087/4481 3018/4088/4106
f 3370/4089/4482 3207/4087/4481 3355/4019/4399
f 3207/4087/4481 3370/4089/4482 3018/4088/4106
f 2914/4090/4107 3018/4088/4106 3081/4091/4483
f 3018/4088/4106 3370/4089/4482 3081/4091/4483
f 2914/4090/4107 3081/4091/4483 3068/4092/4109
s 0
f 2790/4093/4484 3068/4092/4485 3072/4094/4486
s 1
f 3151/4095/4487 3068/4092/4109 3081/4091/4483
f 3068/4092/4109 3151/4095/4487 3072/4094/4111
f 3072/4094/4111 3054/4096/4488 2955/4097/4112
f 3040/4098/4114 2955/4097/4112 3054/4096/4488
f 3054/4096/4488 3072/4094/4111 3365/4099/4489
f 3054/4096/4488 3365/4099/4489 3265/4100/4490
f 3072/4094/4111 3250/4101/4491 3365/4099/4489
f 3250/4101/4491 3072/4094/4111 3151/4095/4487
f 3750/4102/4492 3151/4095/4487 3081/4091/4483
f 3388/4103/4493 3081/4091/4483 3370/4089/4482
f 3750/4102/4492 3081/4091/4483 3388/4103/4493
f 3809/4086/4480 3370/4089/4482 3355/4019/4399
f 3370/4089/4482 3809/4086/4480 3388/4103/4493
f 3388/4103/4493 3809/4086/4480 4009/4104/4494
f 3809/4086/4480 4131/4016/4393 4009/4104/4494
f 4009/4104/4494 4131/4016/4393 4248/4061/4453
f 4248/4061/4453 4343/4062/4454 4009/4104/4494
f 4009/4104/4494 4343/4062/4454 3949/4105/4495
f 3388/4103/4493 4009/4104/4494 3861/4106/4496
f 3388/4103/4493 3861/4106/4496 3750/4102/4492
f 3949/4105/4495 3861/4106/4496 4009/4104/4494
f 3750/4102/4492 3861/4106/4496 3949/4105/4495
f 3750/4102/4492 3949/4105/4495 3843/4107/4497
f 3151/4095/4487 3750/4102/4492 3522/4108/4498
f 3151/4095/4487 3522/4108/4498 3250/4101/4491
f 3522/4108/4498 3750/4102/4492 3715/4109/4499
f 3365/4099/4489 3250/4101/4491 3582/4110/4500
f 3582/4110/4500 3250/4101/4491 3715/4109/4499
f 3250/4101/4491 3522/4108/4498 3715/4109/4499
f 3582/4110/4500 3715/4109/4499 3768/4111/4501
f 3768/4111/4501 3715/4109/4499 3952/4112/4502
f 3715/4109/4499 3950/4113/4503 3952/4112/4502
f 3843/4107/4497 3715/4109/4499 3750/4102/4492
f 3950/4113/4503 3715/4109/4499 3843/4107/4497
s 0
f 4207/4114/4504 3843/4107/4505 4354/4067/4506
f 4354/4067/4507 3843/4107/4508 3949/4105/4509
s 1
f 3949/4105/4495 4343/4062/4454 4354/4067/4459
f 4354/4067/4459 4343/4062/4454 4370/4063/4455
f 4207/4114/4510 4354/4067/4459 4341/4066/4458
f 3843/4107/4497 4207/4114/4510 3950/4113/4503
f 3950/4113/4503 4207/4114/4510 4143/4115/4511
f 4207/4114/4510 4341/4066/4458 4143/4115/4511
f 3952/4112/4502 3950/4113/4503 4143/4115/4511
f 3952/4112/4502 4143/4115/4511 4086/4070/4512
f 3952/4112/4502 4086/4070/4512 3992/4116/4513
f 4086/4070/4512 4143/4115/4511 4237/4068/4460
f 4237/4068/4460 4143/4115/4511 4341/4066/4458
f 4237/4068/4460 4145/4065/4457 4086/4070/4512
f 4086/4070/4512 3958/3997/4374 4068/4084/4478
f 1827/4117/4514 1841/3799/4161 1989/3803/4172
f 1827/4117/4514 1525/3881/4264 1841/3799/4161
f 1827/4117/4514 1989/3803/4172 1813/4118/4515
f 1525/3881/4264 1469/3875/4258 1259/3876/4259
f 1525/3881/4264 1827/4117/4514 1469/3875/4258
f 1469/3875/4258 1827/4117/4514 1458/4119/4516
f 1170/3847/4230 1469/3875/4258 1458/4119/4516
f 1458/4119/4516 1827/4117/4514 1813/4118/4515
f 1265/3846/4229 1170/3847/4230 1458/4119/4516
f 1700/4120/4517 1265/3846/4229 1458/4119/4516
f 1700/4120/4517 1458/4119/4516 1813/4118/4515
f 1265/3846/4229 1700/4120/4517 1520/3834/4217
f 2039/3808/4176 1813/4118/4515 1989/3803/4172
f 2055/3806/4518 1813/4118/4515 2039/3808/4176
f 1813/4118/4515 2055/3806/4518 1944/4121/4519
f 1813/4118/4515 1944/4121/4519 1700/4120/4517
s 0
f 1944/4121/4520 2055/3806/4521 2031/3809/4522
s 1
f 1520/3834/4217 1700/4120/4517 1944/4121/4519
f 1944/4121/4523 2031/3809/4177 1997/3811/4179
f 1520/3834/4217 1944/4121/4519 1761/3831/4214
s 0
f 1761/3831/4524 1944/4121/4525 1997/3811/4526
s 1
f 1761/3831/4214 1997/3811/4179 1922/3814/4182
f 1761/3831/4214 1922/3814/4182 1706/3826/4209
f 1922/3814/4182 1902/3810/4178 1706/3826/4209
f 1706/3826/4209 1902/3810/4178 1673/3816/4184
f 1663/3825/4208 1673/3816/4184 1421/3775/4142
f 1265/3846/4229 1520/3834/4217 1380/3843/4226
f 1380/3843/4226 1520/3834/4217 1353/3832/4215
f 1380/3843/4226 1353/3832/4215 1220/3835/4218
f 370/4122/4248 396/4123/4245 422/4124/4527
f 422/4124/4527 396/4123/4245 715/4125/4528
f 715/4125/4528 396/4123/4245 733/4126/4236
f 733/4126/4236 396/4123/4245 433/4127/4237
f 715/4125/4528 733/4126/4236 971/4128/4529
f 715/4125/4528 971/4128/4529 944/4129/4530
f 780/4130/4531 715/4125/4528 944/4129/4530
f 715/4125/4528 780/4130/4531 422/4124/4527
f 324/4131/4532 422/4124/4527 613/4132/4533
f 613/4132/4533 422/4124/4527 780/4130/4531
f 370/4122/4248 422/4124/4527 324/4131/4532
f 613/4132/4533 642/4133/4534 324/4131/4532
f 324/4131/4532 642/4133/4534 487/4134/4535
f 487/4134/4535 642/4133/4534 710/4135/4536
f 710/4135/4536 642/4133/4534 1077/4136/4537
f 954/4137/4538 710/4135/4536 1077/4136/4537
f 954/4137/4538 1077/4136/4537 1241/4138/4539
f 1241/4138/4539 1247/4139/4540 954/4137/4538
f 1155/4140/4541 1247/4139/4540 1241/4138/4539
f 1567/4141/4542 1155/4140/4541 1427/4142/4543
f 1427/4142/4543 1155/4140/4541 1241/4138/4539
f 1567/4141/4542 1427/4142/4543 1705/4143/4544
s 0
f 642/4133/4545 787/4144/4546 1077/4136/4547
s 1
f 787/4144/4548 642/4133/4534 613/4132/4533
f 787/4144/4548 613/4132/4533 780/4130/4531
f 1077/4136/4537 787/4144/4548 1241/4138/4539
f 787/4144/4548 1327/4145/4549 1241/4138/4539
f 1327/4145/4549 787/4144/4548 1195/4146/4550
f 1241/4138/4539 1327/4145/4549 1473/4147/4551
f 1241/4138/4539 1473/4147/4551 1427/4142/4543
f 1427/4142/4543 1473/4147/4551 1705/4143/4544
f 1705/4143/4544 1473/4147/4551 1543/4148/4552
f 1733/4149/4553 1705/4143/4544 1543/4148/4552
f 1768/4150/4554 1705/4143/4544 1733/4149/4553
f 1856/4151/4555 1733/4149/4553 1562/4152/4556
f 1733/4149/4553 1543/4148/4552 1562/4152/4556
f 1562/4152/4556 1543/4148/4552 1435/4153/4557
f 1562/4152/4556 1435/4153/4557 1382/4154/4558
f 1385/4155/4559 1562/4152/4556 1358/4156/4560
f 1358/4156/4560 1562/4152/4556 1382/4154/4558
f 1116/4157/4561 1382/4154/4558 1435/4153/4557
f 1082/4158/4562 1382/4154/4558 1116/4157/4561
f 1435/4153/4557 1543/4148/4552 1473/4147/4551
f 1435/4153/4557 1473/4147/4551 1200/4159/4563
f 1200/4159/4563 1473/4147/4551 1327/4145/4549
f 1327/4145/4549 1195/4146/4550 1136/4160/4564
s 0
f 1200/4159/4565 1327/4145/4566 1136/4160/4567
s 1
f 1435/4153/4557 1200/4159/4563 1108/4161/4568
f 1200/4159/4563 971/4128/4529 1108/4161/4568
f 1435/4153/4557 1108/4161/4568 1116/4157/4561
f 1116/4157/4561 1108/4161/4568 1046/4162/4569
f 1045/4163/4570 1116/4157/4561 1046/4162/4569
f 1116/4157/4561 1045/4163/4570 1028/4164/4571
f 1116/4157/4561 1028/4164/4571 1082/4158/4562
f 1082/4158/4562 1028/4164/4571 1000/4165/4572
f 1358/4156/4560 1382/4154/4558 1082/4158/4562
f 1358/4156/4560 1082/4158/4562 1175/4166/4573
f 1175/4166/4573 1082/4158/4562 1000/4165/4572
f 1385/4155/4559 1358/4156/4560 1175/4166/4573
f 1562/4152/4556 1385/4155/4559 1591/4167/4574
s 0
f 1562/4152/4575 1591/4167/4576 1856/4151/4577
s 1
f 1856/4151/4555 1591/4167/4574 2025/4168/4578
f 2025/4168/4578 1591/4167/4574 1770/4169/4579
f 1770/4169/4579 1591/4167/4574 1590/4170/4580
f 1590/4170/4580 1591/4167/4574 1371/4171/4581
f 1371/4171/4581 1591/4167/4574 1385/4155/4559
f 1770/4169/4579 1590/4170/4580 1510/4172/4582
f 1510/4172/4582 1590/4170/4580 1371/4171/4581
f 1770/4169/4579 1977/4173/4583 2025/4168/4578
f 2025/4168/4578 1977/4173/4583 2052/4174/4584
f 2052/4174/4584 1977/4173/4583 1793/4175/4585
f 1925/4176/4586 2025/4168/4578 2052/4174/4584
f 1925/4176/4586 1886/4177/4587 2025/4168/4578
f 2025/4168/4578 1886/4177/4587 1856/4151/4555
f 1733/4149/4553 1856/4151/4555 1886/4177/4587
f 1768/4150/4554 1733/4149/4553 1886/4177/4587
f 1671/4178/4588 1705/4143/4544 1768/4150/4554
f 1671/4178/4588 1768/4150/4554 1763/4179/4589
f 1705/4143/4544 1671/4178/4588 1567/4141/4542
f 1567/4141/4542 1337/4180/4590 1155/4140/4541
f 1567/4141/4542 1671/4178/4588 1337/4180/4590
f 1337/4180/4590 1671/4178/4588 1315/4181/4591
f 1337/4180/4590 1103/4182/4592 1155/4140/4541
f 1337/4180/4590 1315/4181/4591 1103/4182/4592
f 1103/4182/4592 1315/4181/4591 811/4183/4593
f 1155/4140/4541 856/4184/4594 1247/4139/4540
f 856/4184/4594 1155/4140/4541 1103/4182/4592
f 1247/4139/4540 856/4184/4594 954/4137/4538
f 710/4135/4536 954/4137/4538 856/4184/4594
f 710/4135/4536 320/4185/4595 487/4134/4535
f 710/4135/4536 856/4184/4594 320/4185/4595
f 320/4185/4595 856/4184/4594 70/4186/4596
f 70/4186/4596 856/4184/4594 303/4187/4597
f 303/4187/4597 856/4184/4594 1103/4182/4592
f 303/4187/4597 1103/4182/4592 811/4183/4593
f 303/4187/4597 811/4183/4593 513/4188/4598
f 811/4183/4593 1315/4181/4591 1502/4189/4599
f 806/4190/4600 811/4183/4593 1502/4189/4599
f 811/4183/4593 806/4190/4600 513/4188/4598
f 372/4191/4601 513/4188/4598 682/4192/4602
f 513/4188/4598 806/4190/4600 682/4192/4602
f 372/4191/4601 682/4192/4602 446/4193/4603
f 446/4193/4603 682/4192/4602 853/4194/4604
f 446/4193/4603 853/4194/4604 527/4195/4605
f 329/4196/4606 520/4197/4607 376/4198/4608
f 520/4197/4607 527/4195/4605 608/4199/4609
f 608/4199/4609 527/4195/4605 853/4194/4604
f 594/4200/4610 520/4197/4607 608/4199/4609
f 773/4201/4611 608/4199/4609 846/4202/4612
f 846/4202/4612 608/4199/4609 853/4194/4604
f 773/4201/4611 846/4202/4612 943/4203/4613
f 846/4202/4612 1212/4204/4614 1173/4205/4615
f 1212/4204/4614 846/4202/4612 1347/4206/4616
f 1212/4204/4614 1598/4207/4617 1570/4208/4618
s 0
f 1570/4208/4619 1598/4207/4620 1805/4209/4621
s 1
f 1985/4210/4622 1805/4209/4623 1598/4207/4617
f 1805/4209/4623 1985/4210/4622 1946/4211/4624
f 1817/4212/4625 1985/4210/4622 1598/4207/4617
f 1817/4212/4625 1598/4207/4617 1538/4213/4626
f 1538/4213/4626 1598/4207/4617 1347/4206/4616
f 1347/4206/4616 1598/4207/4617 1212/4204/4614
f 1817/4212/4625 1538/4213/4626 1891/4214/4627
f 1891/4214/4627 1538/4213/4626 1823/4215/4628
f 1061/4216/4629 1347/4206/4616 846/4202/4612
f 1538/4213/4626 1347/4206/4616 1394/4217/4630
f 1394/4217/4630 1347/4206/4616 1061/4216/4629
f 1061/4216/4629 846/4202/4612 853/4194/4604
f 853/4194/4604 682/4192/4602 806/4190/4600
f 1054/4218/4631 853/4194/4604 806/4190/4600
f 1061/4216/4629 853/4194/4604 1054/4218/4631
f 1394/4217/4630 1061/4216/4629 1054/4218/4631
f 1054/4218/4631 806/4190/4600 1502/4189/4599
f 1394/4217/4630 1054/4218/4631 1502/4189/4599
f 1394/4217/4630 1502/4189/4599 1686/4219/4632
f 1538/4213/4626 1394/4217/4630 1823/4215/4628
f 1823/4215/4628 1394/4217/4630 1686/4219/4632
f 1686/4219/4632 1502/4189/4599 1763/4179/4589
f 1823/4215/4628 1686/4219/4632 1837/4220/4633
f 1823/4215/4628 1837/4220/4633 1891/4214/4627
f 1837/4220/4633 1962/4221/4634 1891/4214/4627
f 1962/4221/4634 1837/4220/4633 1925/4176/4586
f 1837/4220/4633 1886/4177/4587 1925/4176/4586
f 1962/4221/4634 2052/4174/4584 2006/4222/4635
f 2052/4174/4584 1983/4223/4636 2006/4222/4635
f 2052/4174/4584 1962/4221/4634 1925/4176/4586
f 1983/4223/4636 2052/4174/4584 2048/4224/4637
s 0
f 1793/4175/4638 2048/4224/4639 2052/4174/4640
s 1
f 1793/4175/4585 1977/4173/4583 1770/4169/4579
f 1793/4175/4585 1770/4169/4579 1615/4225/4641
f 1615/4225/4641 1770/4169/4579 1510/4172/4582
f 1793/4175/4585 1603/4226/4642 2048/4224/4637
f 2048/4224/4637 1603/4226/4642 1934/4227/4643
f 1603/4226/4642 1793/4175/4585 1615/4225/4641
f 1603/4226/4642 1615/4225/4641 1451/4228/4644
f 1510/4172/4582 1371/4171/4581 921/4229/4645
f 921/4229/4645 1371/4171/4581 1237/4230/4646
f 1237/4230/4646 1371/4171/4581 1385/4155/4559
f 1237/4230/4646 1385/4155/4559 1175/4166/4573
f 869/4231/4647 1175/4166/4573 1000/4165/4572
f 1237/4230/4646 1175/4166/4573 878/4232/4648
f 1175/4166/4573 869/4231/4647 878/4232/4648
f 1000/4165/4572 1028/4164/4571 991/4233/4649
f 1000/4165/4572 991/4233/4649 998/4234/4650
f 991/4233/4649 1028/4164/4571 1016/4235/4651
f 1000/4165/4572 998/4234/4650 869/4231/4647
f 869/4231/4647 998/4234/4650 729/4236/4652
f 659/4237/4653 998/4234/4650 882/4238/4654
f 882/4238/4654 998/4234/4650 1085/4239/4655
f 882/4238/4654 1085/4239/4655 986/4240/4656
f 882/4238/4654 986/4240/4656 550/4241/4657
f 550/4241/4657 986/4240/4656 977/4242/4658
f 550/4241/4657 977/4242/4658 788/4243/4659
f 788/4243/4659 977/4242/4658 931/4244/4660
f 931/4244/4660 977/4242/4658 1202/4245/4148
f 977/4242/4658 986/4240/4656 1181/4246/4661
f 1181/4246/4661 986/4240/4656 1085/4239/4655
f 1202/4245/4148 1032/4247/4147 931/4244/4660
f 1442/4248/4207 1202/4245/4148 1374/4249/4210
f 1374/4249/4210 1202/4245/4148 977/4242/4658
f 977/4242/4658 1181/4246/4661 1374/4249/4210
f 1354/4250/4212 1374/4249/4210 1181/4246/4661
f 1663/4251/4208 1442/4248/4207 1374/4249/4210
f 1354/4250/4212 1181/4246/4661 1196/4252/4216
f 1181/4246/4661 1085/4239/4655 1065/4253/4662
f 1065/4253/4662 1085/4239/4655 998/4234/4650
f 1065/4253/4662 998/4234/4650 991/4233/4649
f 1065/4253/4662 991/4233/4649 1067/4254/4220
f 1067/4254/4220 991/4233/4649 1016/4235/4651
f 1016/4235/4651 1028/4164/4571 1045/4163/4570
f 1016/4235/4651 1045/4163/4570 976/4255/4222
f 1065/4253/4662 1067/4254/4220 1181/4246/4661
f 1196/4252/4216 1181/4246/4661 1067/4254/4220
f 1142/4256/4219 1067/4254/4220 1016/4235/4651
f 1142/4256/4219 1016/4235/4651 976/4255/4222
f 976/4255/4222 1045/4163/4570 953/4257/4234
f 1045/4163/4570 1046/4162/4569 953/4257/4234
f 976/4255/4222 953/4257/4234 831/4258/4223
f 747/4259/4233 953/4257/4234 1046/4162/4569
f 733/4126/4236 747/4259/4233 1046/4162/4569
f 733/4126/4236 1046/4162/4569 971/4128/4529
f 1046/4162/4569 1108/4161/4568 971/4128/4529
f 971/4128/4529 1200/4159/4563 1136/4160/4564
f 944/4129/4530 971/4128/4529 1136/4160/4564
f 944/4129/4530 1136/4160/4564 1195/4146/4550
f 944/4129/4530 1195/4146/4550 780/4130/4531
f 780/4130/4531 1195/4146/4550 787/4144/4548
f 1032/4247/4147 767/4260/4146 931/4244/4660
f 931/4244/4660 767/4260/4146 646/4261/4663
f 646/4261/4663 767/4260/4146 652/4262/4145
f 931/4244/4660 646/4261/4663 788/4243/4659
f 788/4243/4659 646/4261/4663 604/4263/4664
f 788/4243/4659 604/4263/4664 550/4241/4657
f 604/4263/4664 421/4264/4665 550/4241/4657
f 604/4263/4664 646/4261/4663 530/4265/4666
f 550/4241/4657 577/4266/4667 882/4238/4654
f 577/4266/4667 550/4241/4657 444/4267/4668
f 444/4267/4668 550/4241/4657 421/4264/4665
f 882/4238/4654 577/4266/4667 659/4237/4653
f 577/4266/4667 443/4268/4669 659/4237/4653
f 659/4237/4653 729/4236/4652 998/4234/4650
f 729/4236/4652 659/4237/4653 443/4268/4669
f 869/4231/4647 729/4236/4652 792/4269/4670
f 878/4232/4648 869/4231/4647 792/4269/4670
f 1237/4230/4646 878/4232/4648 815/4270/4671
f 1237/4230/4646 815/4270/4671 921/4229/4645
f 878/4232/4648 792/4269/4670 815/4270/4671
f 921/4229/4645 917/4271/4672 1510/4172/4582
f 921/4229/4645 815/4270/4671 595/4272/4673
f 921/4229/4645 595/4272/4673 917/4271/4672
f 1510/4172/4582 917/4271/4672 1615/4225/4641
f 1615/4225/4641 821/4273/4674 1451/4228/4644
f 1615/4225/4641 917/4271/4672 821/4273/4674
f 673/4274/4675 917/4271/4672 595/4272/4673
f 917/4271/4672 673/4274/4675 821/4273/4674
f 595/4272/4673 815/4270/4671 589/4275/4676
f 815/4270/4671 792/4269/4670 598/4276/4677
f 815/4270/4671 598/4276/4677 589/4275/4676
f 792/4269/4670 729/4236/4652 598/4276/4677
f 598/4276/4677 729/4236/4652 443/4268/4669
f 595/4272/4673 589/4275/4676 384/4277/4678
f 673/4274/4675 595/4272/4673 384/4277/4678
f 443/4268/4669 577/4266/4667 444/4267/4668
f 443/4268/4669 44/4278/4679 598/4276/4677
f 598/4276/4677 44/4278/4679 63/4279/4680
f 44/4278/4679 443/4268/4669 444/4267/4668
f 44/4278/4679 444/4267/4668 77/4280/4681
f 203/4281/4682 444/4267/4668 421/4264/4665
f 203/4281/4682 421/4264/4665 530/4265/4666
f 421/4264/4665 604/4263/4664 530/4265/4666
f 32/4282/4683 530/4265/4666 199/4283/4127
s 0
f 530/4265/4684 646/4261/4685 652/4262/4686
f 199/4283/4687 530/4265/4688 652/4262/4689
f 2430/4284/4690 2272/4285/4691 2438/4286/4692
s 1
f 2438/4286/4123 2770/4287/4118 2430/4284/4693
f 2430/4284/4693 2770/4287/4118 2618/4288/4694
f 2873/4289/4695 2770/4287/4118 2907/4290/4116
f 3086/4291/4696 2873/4289/4695 2907/4290/4116
f 3071/4292/4697 2907/4290/4116 2919/4293/4115
f 3086/4291/4696 2907/4290/4116 3071/4292/4697
f 3071/4292/4697 2919/4293/4115 3040/4294/4114
f 3071/4292/4697 3040/4294/4114 3270/4295/4698
f 3040/4294/4114 3054/4296/4488 3232/4297/4699
f 3040/4294/4114 3232/4297/4699 3270/4295/4698
f 3054/4298/4488 3265/4299/4490 3232/4297/4699
f 3071/4292/4697 3270/4295/4698 3425/4300/4700
f 3262/4301/4701 3071/4292/4697 3425/4300/4700
f 3071/4292/4697 3262/4301/4701 3086/4291/4696
f 3408/4302/4702 3262/4301/4701 3425/4300/4700
f 2873/4289/4695 3086/4291/4696 3149/4303/4703
f 3086/4291/4696 3262/4301/4701 3149/4303/4703
f 3149/4303/4703 3262/4301/4701 3310/4304/4704
f 3149/4303/4703 3169/4305/4705 2859/4306/4706
f 3169/4305/4705 3149/4303/4703 3310/4304/4704
f 3169/4305/4705 2870/4307/4707 2859/4306/4706
f 2870/4307/4707 3169/4305/4705 3091/4308/4708
f 2870/4307/4707 3091/4308/4708 2863/4309/4709
f 3091/4308/4708 3169/4305/4705 3205/4310/4710
f 3205/4310/4710 3169/4305/4705 3310/4304/4704
f 3321/4311/4711 3205/4310/4710 3310/4304/4704
f 3321/4311/4711 3310/4304/4704 3774/4312/4712
f 3774/4312/4712 3310/4304/4704 3550/4313/4713
f 3774/4312/4712 3550/4313/4713 3920/4314/4714
f 3920/4314/4714 3550/4313/4713 3756/4315/4715
f 3756/4315/4715 3804/4316/4716 4005/4317/4717
f 3756/4315/4715 4005/4317/4717 3920/4314/4714
f 3613/4318/4718 3756/4315/4715 3550/4313/4713
f 3613/4318/4718 3550/4313/4713 3262/4301/4701
f 3262/4301/4701 3550/4313/4713 3310/4304/4704
f 3613/4318/4718 3262/4301/4701 3408/4302/4702
f 3408/4302/4702 3425/4300/4700 3613/4318/4718
f 3446/4319/4719 3425/4300/4700 3270/4295/4698
f 3446/4319/4719 3270/4295/4698 3232/4297/4699
f 3613/4318/4718 3626/4320/4720 3756/4315/4715
f 3626/4320/4720 3613/4318/4718 3425/4300/4700
f 3626/4320/4720 3425/4300/4700 3446/4319/4719
f 3446/4319/4719 3521/4321/4721 3626/4320/4720
f 3626/4320/4720 3677/4322/4722 3804/4316/4716
f 3626/4320/4720 3804/4316/4716 3756/4315/4715
f 3792/4323/4723 3804/4316/4716 3677/4322/4722
f 3804/4316/4716 4031/4324/4724 4005/4317/4717
f 3804/4316/4716 3792/4323/4723 4031/4324/4724
f 3677/4322/4722 3626/4320/4720 3521/4321/4721
f 3677/4322/4722 3521/4321/4721 3499/4325/4725
f 3521/4321/4721 3446/4319/4719 3383/4326/4726
f 3383/4326/4726 3446/4319/4719 3232/4297/4699
f 3383/4326/4726 3232/4297/4699 3265/4299/4490
f 3383/4326/4726 3265/4299/4490 3517/4327/4727
f 3365/4328/4489 3582/4329/4500 3265/4299/4490
f 3265/4299/4490 3582/4329/4500 3531/4330/4728
f 3265/4299/4490 3531/4330/4728 3517/4327/4727
f 3582/4329/4500 3768/4331/4501 3531/4330/4728
f 3531/4330/4728 3768/4331/4501 3691/4332/4729
f 3768/4331/4501 3952/4333/4502 3992/4334/4513
f 3691/4332/4729 3768/4331/4501 3992/4334/4513
f 3691/4332/4729 3992/4334/4513 3689/4335/4730
f 3535/4336/4731 3531/4330/4728 3691/4332/4729
f 3992/4334/4513 4086/4337/4512 4068/4338/4478
f 3992/4334/4513 3940/4339/4732 3704/4340/4733
f 3992/4334/4513 3704/4340/4733 3689/4335/4730
f 3940/4339/4732 3992/4334/4513 4068/4338/4478
f 3704/4340/4733 3940/4339/4732 3908/4341/4465
f 3908/4341/4465 3940/4339/4732 4068/4338/4478
f 3704/4340/4733 3908/4341/4465 3483/4342/4734
f 3805/4343/4477 3883/4344/4461 3494/4345/4479
s 0
f 3219/4346/4735 3103/4347/4736 3336/4348/4737
f 3219/4346/4738 3336/4348/4739 3494/4345/4740
s 1
f 3103/4347/4476 3005/4349/4474 2952/4350/4741
f 2666/4351/4742 3005/4349/4474 2776/4352/4472
f 2952/4350/4741 3005/4349/4474 2666/4351/4742
f 2776/4352/4472 2571/4353/4254 2666/4351/4742
f 2398/4354/4253 2416/4355/4252 212/4356/4743
s 0
f 212/4356/4744 2416/4355/4745 163/4357/4746
s 1
f 370/4358/4248 163/4357/4251 206/4359/4247
f 163/4357/4251 370/4358/4248 212/4356/4747
s 0
f 212/4356/4748 370/4358/4749 324/4360/4750
s 1
f 2240/4361/4751 212/4356/4743 324/4360/4532
f 324/4360/4532 210/4362/4752 2240/4361/4751
f 210/4362/4752 324/4360/4532 487/4363/4535
f 123/4364/4753 210/4362/4752 487/4363/4535
f 8/4365/4754 487/4363/4535 320/4366/4595
f 8/4365/4754 320/4366/4595 2283/4367/4755
f 303/4368/4597 513/4369/4598 239/4370/4756
f 303/4368/4597 239/4370/4756 2276/4371/4757
f 239/4370/4756 513/4369/4598 372/4372/4601
f 239/4370/4756 372/4372/4601 2248/4373/4758
f 239/4370/4756 2248/4373/4758 2394/4374/4759
f 238/4375/4760 2248/4373/4758 372/4372/4601
f 238/4375/4760 372/4372/4601 446/4376/4603
f 238/4375/4760 446/4376/4603 527/4377/4605
f 329/4378/4606 527/4377/4605 520/4379/4607
f 2249/4380/4761 527/4377/4605 329/4378/4606
f 329/4378/4606 132/4381/4762 2249/4380/4761
f 527/4377/4605 2249/4380/4761 238/4375/4760
f 2249/4380/4761 132/4381/4762 2343/4382/4763
f 2343/4382/4763 132/4381/4762 2227/4383/4764
f 2343/4382/4763 2570/4384/4765 2249/4380/4761
f 2249/4380/4761 2570/4384/4765 2388/4385/4766
f 2249/4380/4761 2388/4385/4766 238/4375/4760
f 238/4375/4760 2388/4385/4766 2385/4386/4767
f 238/4375/4760 2385/4386/4767 2248/4373/4758
f 2248/4373/4758 2385/4386/4767 2503/4387/4768
f 2394/4374/4759 2248/4373/4758 2503/4387/4768
f 2503/4387/4768 2385/4386/4767 2829/4388/4769
f 2829/4388/4769 2385/4386/4767 2388/4385/4766
f 2570/4384/4765 2829/4388/4769 2388/4385/4766
f 2829/4388/4769 2570/4384/4765 3031/4389/4770
f 2905/4390/4771 2570/4384/4765 2343/4382/4763
f 2841/4391/4772 2343/4382/4763 2486/4392/4773
f 2905/4390/4771 2343/4382/4763 2841/4391/4772
f 2841/4391/4772 2933/4393/4774 2905/4390/4771
f 2933/4393/4774 2996/4394/4775 3168/4395/4776
f 2905/4390/4771 3168/4395/4776 2570/4384/4765
f 2905/4390/4771 2933/4393/4774 3168/4395/4776
f 2570/4384/4765 3168/4395/4776 3031/4389/4770
f 3031/4389/4770 3168/4395/4776 3228/4396/4777
f 2829/4388/4769 2787/4397/4778 2503/4387/4768
f 2787/4397/4778 2829/4388/4769 3118/4398/4779
f 2503/4387/4768 2787/4397/4778 2654/4399/4780
f 2787/4397/4778 3098/4400/4781 2654/4399/4780
f 3118/4398/4779 2829/4388/4769 3031/4389/4770
f 3098/4400/4781 2787/4397/4778 3095/4401/4782
f 3095/4401/4782 2787/4397/4778 3118/4398/4779
s 0
f 3118/4398/4783 3031/4389/4784 3228/4396/4785
s 1
f 3228/4396/4777 3579/4402/4786 3118/4398/4779
f 3579/4402/4786 3228/4396/4777 3281/4403/4787
f 3793/4404/4788 3118/4398/4779 3579/4402/4786
f 3793/4404/4788 3513/4405/4789 3118/4398/4779
f 3118/4398/4779 3513/4405/4789 3095/4401/4782
f 3868/4406/4790 3793/4404/4788 3579/4402/4786
f 3793/4404/4788 3868/4406/4790 4014/4407/4791
f 3868/4406/4790 3579/4402/4786 3934/4408/4792
f 3793/4404/4788 4014/4407/4791 3513/4405/4789
f 3513/4405/4789 4014/4407/4791 3570/4409/4793
f 3095/4401/4782 3513/4405/4789 3098/4400/4781
f 3299/4410/4794 3098/4400/4781 3513/4405/4789
f 3299/4410/4794 3513/4405/4789 3570/4409/4793
f 3098/4400/4781 2950/4411/4795 2654/4399/4780
f 2950/4411/4795 3098/4400/4781 3299/4410/4794
f 2654/4399/4780 2950/4411/4795 2675/4412/4796
f 2503/4387/4768 2654/4399/4780 2394/4374/4759
f 2394/4374/4759 2654/4399/4780 2675/4412/4796
f 239/4370/4756 2394/4374/4759 2276/4371/4757
f 2394/4374/4759 2675/4412/4796 2276/4371/4757
f 2276/4371/4757 2675/4412/4796 2436/4413/4797
f 303/4368/4597 2276/4371/4757 70/4414/4596
f 70/4414/4596 2276/4371/4757 2436/4413/4797
f 2317/4415/4798 70/4414/4596 2436/4413/4797
f 70/4414/4596 2317/4415/4798 320/4366/4595
f 320/4366/4595 2317/4415/4798 2283/4367/4755
f 2436/4413/4797 2675/4412/4796 2567/4416/4799
f 2436/4413/4797 2567/4416/4799 2317/4415/4798
f 2317/4415/4798 2567/4416/4799 2626/4417/4800
f 2589/4418/4801 2317/4415/4798 2626/4417/4800
f 2317/4415/4798 2589/4418/4801 2283/4367/4755
f 2407/4419/4802 2283/4367/4755 2589/4418/4801
f 2283/4367/4755 2407/4419/4802 8/4365/4754
f 487/4363/4535 8/4365/4754 123/4364/4753
f 8/4365/4754 2407/4419/4802 2297/4420/4803
f 123/4364/4753 8/4365/4754 2297/4420/4803
f 123/4364/4753 2470/4421/4804 2240/4361/4751
f 123/4364/4753 2297/4420/4803 2470/4421/4804
f 2407/4419/4802 2589/4418/4801 2621/4422/4805
f 2621/4422/4805 2589/4418/4801 2660/4423/4806
f 2660/4423/4806 2589/4418/4801 2626/4417/4800
f 2691/4424/4807 2621/4422/4805 2660/4423/4806
f 2407/4419/4802 2621/4422/4805 2608/4425/4808
f 2297/4420/4803 2407/4419/4802 2608/4425/4808
f 2297/4420/4803 2608/4425/4808 2470/4421/4804
f 2470/4421/4804 2511/4426/4809 2240/4361/4751
f 2470/4421/4804 2736/4427/4810 2511/4426/4809
f 2470/4421/4804 2608/4425/4808 2741/4428/4811
f 2470/4421/4804 2741/4428/4811 2736/4427/4810
f 2820/4429/4812 2736/4427/4810 2741/4428/4811
s 0
f 2820/4429/4813 2741/4428/4814 2916/4430/4815
s 1
f 2944/4431/4816 2741/4428/4811 2608/4425/4808
f 2741/4428/4811 2944/4431/4816 2916/4430/4817
f 2944/4431/4816 2608/4425/4808 2621/4422/4805
f 2944/4431/4816 2621/4422/4805 2691/4424/4807
f 2987/4432/4818 2691/4424/4807 2660/4423/4806
f 2884/4433/4819 2660/4423/4806 2626/4417/4800
f 2626/4417/4800 2567/4416/4799 2884/4433/4819
f 2567/4416/4799 2950/4411/4795 2884/4433/4819
f 2567/4416/4799 2675/4412/4796 2950/4411/4795
s 0
f 2660/4423/4820 2884/4433/4821 2987/4432/4822
s 1
f 2987/4432/4818 3143/4434/4823 2691/4424/4807
f 3362/4435/4824 2987/4432/4818 2884/4433/4819
f 2884/4433/4819 2950/4411/4795 3115/4436/4825
f 3115/4436/4825 2950/4411/4795 3299/4410/4794
f 3115/4436/4825 3299/4410/4794 3824/4437/4826
f 3299/4410/4794 3570/4409/4793 3824/4437/4826
f 3824/4437/4826 3570/4409/4793 4030/4438/4827
f 4030/4438/4827 3570/4409/4793 4014/4407/4791
f 4030/4438/4827 4014/4407/4791 4178/4439/4828
f 4178/4439/4828 4014/4407/4791 4056/4440/4829
f 4178/4439/4828 4056/4440/4829 4180/4441/4830
f 4014/4407/4791 3868/4406/4790 4056/4440/4829
f 4178/4439/4828 4180/4441/4830 4276/4442/4831
f 4030/4438/4827 4178/4439/4828 3824/4437/4826
f 3824/4437/4826 4178/4439/4828 3678/4443/4832
f 3678/4443/4832 4178/4439/4828 4276/4442/4831
f 4234/4444/4833 4276/4442/4831 4301/4445/4834
f 4301/4445/4834 4276/4442/4831 4180/4441/4830
f 4359/4446/4835 4234/4444/4833 4301/4445/4834
f 4234/4444/4833 4359/4446/4835 4382/4447/4836
f 4359/4446/4835 4363/4448/4837 4382/4447/4836
s 0
f 4156/4449/4838 4241/4450/4839 4122/4451/4840
s 1
f 4122/4451/4841 4241/4450/4842 4138/4452/4843
f 4066/4453/4844 4122/4451/4841 4138/4452/4843
f 4138/4452/4843 4241/4450/4842 4036/4454/4845
f 4122/4451/4841 4050/4455/4846 4156/4449/4847
f 3920/4314/4714 4050/4455/4846 4122/4451/4841
f 4156/4449/4847 4050/4455/4846 4047/4456/4848
f 4156/4449/4847 4047/4456/4848 4244/4457/4849
f 4244/4457/4849 4047/4456/4848 4061/4458/4850
f 4005/4317/4717 4047/4456/4848 4050/4455/4846
f 4005/4317/4717 4050/4455/4846 3920/4314/4714
f 4005/4317/4717 4031/4324/4724 4047/4456/4848
f 3848/4459/4851 4031/4324/4724 3792/4323/4723
f 4047/4456/4848 4031/4324/4724 3848/4459/4851
f 4061/4458/4850 4047/4456/4848 3848/4459/4851
f 3848/4459/4851 3792/4323/4723 3665/4460/4852
f 3665/4460/4852 3792/4323/4723 3677/4322/4722
f 3665/4460/4852 3677/4322/4722 3527/4461/4853
f 3527/4461/4853 3677/4322/4722 3499/4325/4725
s 0
f 3848/4459/4854 3665/4460/4855 3663/4462/4856
s 1
f 3665/4460/4852 3527/4461/4853 3663/4462/4857
f 3663/4462/4857 3527/4461/4853 3617/4463/4858
f 3617/4463/4858 3527/4461/4853 3523/4464/4859
f 3523/4464/4859 3527/4461/4853 3450/4465/4860
f 3848/4459/4851 3663/4462/4857 3836/4466/4861
f 3848/4459/4851 3836/4466/4861 4061/4458/4850
f 4061/4458/4850 3836/4466/4861 3835/4467/4862
f 3636/4468/4863 3836/4466/4861 3663/4462/4857
f 3469/4469/4864 3663/4462/4857 3617/4463/4858
f 3663/4462/4857 3469/4469/4864 3636/4468/4863
f 3469/4469/4864 3617/4463/4858 3523/4464/4859
f 3469/4469/4864 3523/4464/4859 3298/4470/4865
f 3298/4470/4865 3523/4464/4859 3354/4471/4866
f 3354/4471/4866 3523/4464/4859 3450/4465/4860
f 3469/4469/4864 3417/4472/4867 3636/4468/4863
f 3636/4468/4863 3835/4467/4862 3836/4466/4861
f 3286/4473/4868 3417/4472/4867 3469/4469/4864
f 3286/4473/4868 3469/4469/4864 3298/4470/4865
f 3835/4467/4862 3636/4468/4863 3657/4474/4869
f 3657/4474/4869 3636/4468/4863 3417/4472/4867
f 3657/4474/4869 3417/4472/4867 3465/4475/4870
f 3465/4475/4870 3417/4472/4867 3300/4476/4871
f 3465/4475/4870 3300/4476/4871 3362/4435/4824
f 3644/4477/4872 3657/4474/4869 3465/4475/4870
f 3657/4474/4869 3644/4477/4872 3936/4478/4873
f 3657/4474/4869 3936/4478/4873 3835/4467/4862
f 3835/4467/4862 3936/4478/4873 4361/4479/4874
f 3835/4467/4862 4361/4479/4874 4061/4458/4850
f 4361/4479/4874 3936/4478/4873 4355/4480/4875
f 4061/4458/4850 4361/4479/4874 4244/4457/4849
f 3936/4478/4873 3644/4477/4872 3978/4481/4876
f 4355/4480/4875 3936/4478/4873 3978/4481/4876
f 4355/4480/4875 3978/4481/4876 4234/4444/4833
f 4114/4482/4877 4234/4444/4833 3978/4481/4876
f 3978/4481/4876 3678/4443/4832 4114/4482/4877
f 3978/4481/4876 3644/4477/4872 3568/4483/4878
f 3978/4481/4876 3568/4483/4878 3678/4443/4832
f 4114/4482/4877 4276/4442/4831 4234/4444/4833
f 4276/4442/4831 4114/4482/4877 3678/4443/4832
f 3824/4437/4826 3678/4443/4832 3115/4436/4825
f 3115/4436/4825 3678/4443/4832 3568/4483/4878
f 3115/4436/4825 3568/4483/4878 2884/4433/4819
f 2884/4433/4819 3568/4483/4878 3362/4435/4824
f 3568/4483/4878 3644/4477/4872 3362/4435/4824
f 3362/4435/4824 3644/4477/4872 3465/4475/4870
f 2987/4432/4818 3362/4435/4824 3143/4434/4823
f 3362/4435/4824 3300/4476/4871 3143/4434/4823
f 3143/4434/4823 3300/4476/4871 3286/4473/4868
f 3300/4476/4871 3417/4472/4867 3286/4473/4868
f 3143/4434/4823 3286/4473/4868 2691/4424/4807
f 2944/4431/4816 2691/4424/4807 3286/4473/4868
f 2944/4431/4816 3286/4473/4868 3173/4484/4879
f 2916/4430/4817 2944/4431/4816 3173/4484/4879
f 3173/4484/4879 3286/4473/4868 3298/4470/4865
f 3298/4470/4865 3354/4471/4866 3173/4484/4879
f 3173/4484/4879 3354/4471/4866 3291/4485/4880
f 3461/4486/4881 3354/4471/4866 3450/4465/4860
f 3291/4485/4880 3354/4471/4866 3461/4486/4881
f 3173/4484/4879 3291/4485/4880 3107/4487/4882
f 3173/4484/4879 3107/4487/4882 2916/4430/4817
f 2916/4430/4817 3107/4487/4882 2820/4429/4812
f 2820/4429/4812 3107/4487/4882 3056/4488/4883
f 3204/4489/4884 3107/4487/4882 3291/4485/4880
f 3056/4488/4883 3107/4487/4882 3204/4489/4884
f 3056/4488/4883 3204/4489/4884 3252/4490/4885
f 3204/4489/4884 3336/4348/4886 3252/4490/4885
f 3204/4489/4884 3291/4485/4880 3395/4491/4887
f 3204/4489/4884 3395/4491/4887 3336/4348/4886
f 3395/4491/4887 3291/4485/4880 3483/4342/4734
f 3483/4342/4734 3291/4485/4880 3461/4486/4881
f 3395/4491/4887 3483/4342/4734 3727/4492/4888
f 3395/4491/4887 3727/4492/4888 3336/4348/4886
f 3536/4493/4889 3483/4342/4734 3461/4486/4881
f 3483/4342/4734 3536/4493/4889 3704/4340/4733
f 3483/4342/4734 3908/4341/4465 3727/4492/4888
f 3727/4492/4888 3908/4341/4465 3805/4343/4477
f 3727/4492/4888 3805/4343/4477 3336/4348/4886
s 0
f 3805/4343/4890 3494/4345/4891 3336/4348/4892
s 1
f 3336/4348/4886 3103/4347/4476 3252/4490/4885
f 3252/4490/4885 3103/4347/4476 2952/4350/4741
f 3252/4490/4885 2952/4350/4741 3056/4488/4883
f 3056/4488/4883 2952/4350/4741 2820/4429/4812
f 2820/4429/4812 2952/4350/4741 2666/4351/4742
f 2820/4429/4812 2666/4351/4742 2736/4427/4810
f 2736/4427/4810 2666/4351/4742 2511/4426/4809
f 2398/4354/4253 2240/4361/4751 2511/4426/4809
f 2240/4361/4751 2398/4354/4253 212/4356/4743
f 2571/4353/4254 2398/4354/4253 2511/4426/4809
f 2571/4353/4254 2511/4426/4809 2666/4351/4742
f 2770/4287/4118 2873/4289/4695 2859/4306/4706
f 2859/4306/4706 2873/4289/4695 3149/4303/4703
f 2618/4288/4694 2770/4287/4118 2859/4306/4706
f 2618/4288/4694 2859/4306/4706 2870/4307/4707
f 2272/4285/4121 2430/4284/4693 2308/4494/4893
f 2272/4285/4121 2308/4494/4893 199/4283/4127
f 199/4283/4127 2308/4494/4893 32/4282/4683
f 530/4265/4666 32/4282/4683 203/4281/4682
f 77/4280/4681 203/4281/4682 32/4282/4683
f 203/4281/4682 77/4280/4681 444/4267/4668
s 0
f 77/4280/4894 32/4282/4895 2308/4494/4896
s 1
f 77/4280/4681 2308/4494/4893 2374/4495/4897
f 77/4280/4681 2374/4495/4897 44/4278/4679
f 44/4278/4679 2374/4495/4897 2304/4496/4898
f 44/4278/4679 2304/4496/4898 63/4279/4680
f 63/4279/4680 2304/4496/4898 119/4497/4899
f 119/4497/4899 2304/4496/4898 2598/4498/4900
s 0
f 2598/4498/4901 2304/4496/4902 2374/4495/4903
s 1
f 2374/4495/4897 2308/4494/4893 2556/4499/4904
f 2920/4500/4905 2374/4495/4897 2556/4499/4904
f 2920/4500/4905 2556/4499/4904 2863/4309/4709
f 2374/4495/4897 2920/4500/4905 2598/4498/4900
f 2753/4501/4906 2598/4498/4900 2920/4500/4905
f 2598/4498/4900 2329/4502/4907 119/4497/4899
f 2329/4502/4907 2598/4498/4900 2753/4501/4906
f 119/4497/4899 2329/4502/4907 256/4503/4908
f 119/4497/4899 256/4503/4908 373/4504/4909
f 589/4275/4676 119/4497/4899 373/4504/4909
f 63/4279/4680 119/4497/4899 589/4275/4676
f 63/4279/4680 589/4275/4676 598/4276/4677
f 589/4275/4676 373/4504/4909 384/4277/4678
f 384/4277/4678 373/4504/4909 256/4503/4908
f 384/4277/4678 552/4505/4910 673/4274/4675
f 673/4274/4675 552/4505/4910 821/4273/4674
f 827/4506/4911 821/4273/4674 552/4505/4910
f 347/4507/4912 552/4505/4910 384/4277/4678
f 471/4508/4913 552/4505/4910 347/4507/4912
f 552/4505/4910 471/4508/4913 827/4506/4911
f 821/4273/4674 827/4506/4911 1373/4509/4914
f 821/4273/4674 1373/4509/4914 1451/4228/4644
s 0
f 1603/4226/4915 1451/4228/4916 1828/4510/4917
s 1
f 1603/4226/4642 1828/4510/4918 1934/4227/4643
f 1828/4510/4918 1451/4228/4644 1784/4511/4919
f 2048/4224/4637 1934/4227/4643 1983/4223/4636
f 1983/4223/4636 1934/4227/4643 1907/4512/4920
f 1934/4227/4643 1828/4510/4918 1842/4513/4921
s 0
f 1934/4227/4922 1842/4513/4923 1907/4512/4924
s 1
f 1842/4513/4921 1828/4510/4918 1784/4511/4919
f 1842/4513/4921 1784/4511/4919 1678/4514/4925
f 2006/4222/4635 1983/4223/4636 1985/4210/4622
f 2006/4222/4635 1985/4210/4622 1817/4212/4625
s 0
f 2006/4222/4926 1817/4212/4927 1962/4221/4928
s 1
f 1962/4221/4634 1817/4212/4625 1891/4214/4627
f 3383/4326/4726 3517/4327/4727 3521/4321/4721
f 3521/4321/4721 3517/4327/4727 3499/4325/4725
f 3531/4330/4728 3535/4336/4731 3517/4327/4727
f 3499/4325/4725 3517/4327/4727 3527/4461/4853
f 3517/4327/4727 3535/4336/4731 3527/4461/4853
f 3527/4461/4853 3535/4336/4731 3450/4465/4860
f 3535/4336/4731 3536/4493/4889 3450/4465/4860
f 3535/4336/4731 3691/4332/4729 3689/4335/4730
f 3535/4336/4731 3689/4335/4730 3536/4493/4889
f 3536/4493/4889 3689/4335/4730 3704/4340/4733
f 3536/4493/4889 3461/4486/4881 3450/4465/4860
f 2308/4494/4893 2430/4284/4693 2556/4499/4904
f 2430/4284/4693 2618/4288/4694 2556/4499/4904
f 2556/4499/4904 2618/4288/4694 2863/4309/4709
f 2863/4309/4709 2618/4288/4694 2870/4307/4707
f 2920/4500/4905 2863/4309/4709 3091/4308/4708
f 2753/4501/4906 2920/4500/4905 2925/4515/4929
f 2925/4515/4929 2920/4500/4905 3091/4308/4708
f 3091/4308/4708 3205/4310/4710 3237/4516/4930
f 2925/4515/4929 3091/4308/4708 3237/4516/4930
s 0
f 2925/4515/4931 3237/4516/4932 2867/4517/4933
s 1
f 2925/4515/4929 2867/4517/4934 2753/4501/4906
f 2393/4518/4935 2753/4501/4906 2867/4517/4934
f 2753/4501/4906 2393/4518/4935 2329/4502/4907
f 2329/4502/4907 2393/4518/4935 256/4503/4908
f 256/4503/4908 2393/4518/4935 347/4507/4912
f 347/4507/4912 2393/4518/4935 2537/4519/4936
f 2544/4520/4937 2393/4518/4935 2867/4517/4934
f 2393/4518/4935 2544/4520/4937 2537/4519/4936
s 0
f 2544/4520/4938 2867/4517/4939 3015/4521/4940
s 1
f 2544/4520/4937 3015/4521/4941 2680/4522/4942
f 3015/4521/4941 2867/4517/4943 3237/4516/4930
f 3015/4521/4941 3237/4516/4930 3457/4523/4944
f 3237/4516/4930 3321/4311/4711 3457/4523/4944
f 3321/4311/4711 3237/4516/4930 3205/4310/4710
f 3774/4312/4712 3920/4314/4714 3941/4524/4945
f 3920/4314/4714 4122/4451/4841 4066/4453/4844
f 3941/4524/4945 3920/4314/4714 4066/4453/4844
f 4036/4454/4845 4241/4450/4842 4273/4525/4946
f 4273/4525/4946 4241/4450/4842 4333/4526/4947
f 4395/4527/4948 4273/4525/4946 4333/4526/4947
f 4333/4526/4947 4363/4448/4837 4395/4527/4948
s 0
f 4395/4527/4949 4363/4448/4950 4359/4446/4951
s 1
f 4395/4527/4948 4299/4528/4952 4273/4525/4946
s 0
f 4395/4527/4953 4359/4446/4954 4397/4529/4955
s 1
f 4359/4446/4835 4301/4445/4834 4397/4529/4956
f 4397/4529/4956 4301/4445/4834 4386/4530/4957
f 4301/4445/4834 4180/4441/4830 4265/4531/4958
f 4301/4445/4834 4265/4531/4958 4386/4530/4957
f 4280/4532/4959 4265/4531/4958 4180/4441/4830
f 4386/4530/4957 4305/4533/4960 4397/4529/4956
f 4386/4530/4957 4317/4534/4961 4305/4533/4960
f 4305/4533/4960 4079/4535/4962 4021/4536/4963
f 4305/4533/4960 4021/4536/4963 4140/4537/4964
f 4395/4527/4948 4397/4529/4956 4305/4533/4960
f 4395/4527/4948 4305/4533/4960 4299/4528/4952
f 4299/4528/4952 4305/4533/4960 4140/4537/4964
f 4273/4525/4946 4299/4528/4952 4140/4537/4964
f 3301/4538/4965 4273/4525/4946 4140/4537/4964
f 4036/4454/4845 4273/4525/4946 3796/4539/4966
f 4273/4525/4946 3301/4538/4965 3796/4539/4966
f 3654/4540/4967 4140/4537/4964 4021/4536/4963
f 3301/4538/4965 4140/4537/4964 3428/4541/4968
f 3428/4541/4968 4140/4537/4964 3654/4540/4967
f 3428/4541/4968 3174/4542/4969 3301/4538/4965
f 3428/4541/4968 3218/4543/4970 3174/4542/4969
f 3218/4543/4970 3053/4544/4971 2670/4545/4972
f 3174/4542/4969 3218/4543/4970 2670/4545/4972
f 3174/4542/4969 2670/4545/4972 2865/4546/4973
f 2670/4545/4972 3053/4544/4971 2908/4547/4974
f 2482/4548/4975 2908/4547/4974 2758/4549/4976
f 2865/4546/4973 2670/4545/4972 2652/4550/4977
f 2865/4546/4973 2652/4550/4977 2860/4551/4978
f 3007/4552/4979 3174/4542/4969 2865/4546/4973
f 3301/4538/4965 3174/4542/4969 3007/4552/4979
f 3007/4552/4979 2865/4546/4973 2860/4551/4978
f 3330/4553/4980 3301/4538/4965 3007/4552/4979
f 3330/4553/4980 3007/4552/4979 2963/4554/4981
f 2824/4555/4982 3007/4552/4979 2860/4551/4978
f 3007/4552/4979 2824/4555/4982 2963/4554/4981
f 3330/4553/4980 2963/4554/4981 3630/4556/4983
f 3457/4523/4944 2963/4554/4981 2680/4522/4942
f 2963/4554/4981 2824/4555/4982 2680/4522/4942
f 2680/4522/4942 2824/4555/4982 2537/4519/4936
f 2680/4522/4942 2537/4519/4936 2544/4520/4937
f 2574/4557/4984 2537/4519/4936 2824/4555/4982
f 2574/4557/4984 2824/4555/4982 2860/4551/4978
f 2537/4519/4936 2574/4557/4984 2302/4558/4985
f 2574/4557/4984 2860/4551/4978 2579/4559/4986
f 2302/4558/4985 2574/4557/4984 2454/4560/4987
f 2302/4558/4985 2454/4560/4987 311/4561/4988
f 2454/4560/4987 2318/4562/4989 311/4561/4988
f 2454/4560/4987 2574/4557/4984 2579/4559/4986
s 0
f 2454/4560/4990 2579/4559/4991 2318/4562/4992
s 1
f 2318/4562/4989 2579/4559/4986 2383/4563/4993
f 2383/4563/4993 2579/4559/4986 2652/4550/4977
f 2579/4559/4986 2860/4551/4978 2652/4550/4977
f 2557/4564/4994 2652/4550/4977 2670/4545/4972
f 2383/4563/4993 2652/4550/4977 2557/4564/4994
f 2318/4562/4989 2383/4563/4993 36/4565/4995
f 2383/4563/4993 2310/4566/4996 36/4565/4995
f 2318/4562/4989 36/4565/4995 170/4567/4997
f 2318/4562/4989 170/4567/4997 311/4561/4988
f 335/4568/4998 170/4567/4997 36/4565/4995
f 335/4568/4998 36/4565/4995 2310/4566/4996
f 864/4569/4999 335/4568/4998 649/4570/5000
f 197/4571/5001 335/4568/4998 2310/4566/4996
f 335/4568/4998 197/4571/5001 649/4570/5000
f 197/4571/5001 354/4572/5002 649/4570/5000
f 354/4572/5002 197/4571/5001 101/4573/5003
f 354/4572/5002 101/4573/5003 80/4574/5004
f 354/4572/5002 467/4575/5005 649/4570/5000
f 467/4575/5005 635/4576/5006 649/4570/5000
f 649/4570/5000 635/4576/5006 864/4569/4999
f 635/4576/5006 1144/4577/5007 1269/4578/5008
f 635/4576/5006 1269/4578/5008 864/4569/4999
f 864/4569/4999 1269/4578/5008 1125/4579/5009
f 1125/4579/5009 1269/4578/5008 1369/4580/5010
f 1369/4580/5010 1269/4578/5008 1379/4581/5011
f 1369/4580/5010 1379/4581/5011 1534/4582/5012
f 864/4569/4999 1125/4579/5009 335/4568/4998
f 934/4583/5013 1125/4579/5009 1369/4580/5010
f 335/4568/4998 1125/4579/5009 934/4583/5013
f 335/4568/4998 934/4583/5013 170/4567/4997
f 170/4567/4997 934/4583/5013 629/4584/5014
s 0
f 170/4567/5015 629/4584/5016 311/4561/5017
f 311/4561/5018 629/4584/5019 631/4585/5020
s 1
f 311/4561/4988 631/4585/5021 2302/4558/4985
f 631/4585/5021 629/4584/5014 824/4586/5022
f 2302/4558/4985 631/4585/5021 340/4587/5023
f 631/4585/5021 471/4508/4913 340/4587/5023
f 340/4587/5023 471/4508/4913 347/4507/4912
f 2537/4519/4936 2302/4558/4985 347/4507/4912
f 2302/4558/4985 340/4587/5023 347/4507/4912
f 256/4503/4908 347/4507/4912 384/4277/4678
f 2240/4361/4751 210/4362/4752 123/4364/4753
f 4156/4449/4847 4244/4457/4849 4329/4588/5024
f 4329/4588/5024 4244/4457/4849 4361/4479/4874
f 4156/4449/4847 4329/4588/5024 4333/4526/4947
f 4156/4449/4847 4333/4526/4947 4241/4450/4842
f 4382/4447/4836 4361/4479/4874 4355/4480/4875
f 4329/4588/5024 4361/4479/4874 4333/4526/4947
f 4382/4447/4836 4355/4480/4875 4234/4444/4833
f 4333/4526/4947 4361/4479/4874 4363/4448/4837
f 4363/4448/4837 4361/4479/4874 4382/4447/4836
f 1768/4150/4554 1886/4177/4587 1763/4179/4589
f 1886/4177/4587 1837/4220/4633 1763/4179/4589
f 1837/4220/4633 1686/4219/4632 1763/4179/4589
f 1671/4178/4588 1763/4179/4589 1502/4189/4599
f 1671/4178/4588 1502/4189/4599 1315/4181/4591
f 1275/4589/5025 1784/4511/4919 1451/4228/4644
f 1275/4589/5025 1451/4228/4644 1373/4509/4914
f 1275/4589/5025 1373/4509/4914 827/4506/4911
f 1275/4589/5025 1605/4590/5026 1784/4511/4919
f 1364/4591/5027 1605/4590/5026 1275/4589/5025
f 1364/4591/5027 1275/4589/5025 824/4586/5022
f 824/4586/5022 1275/4589/5025 827/4506/4911
f 824/4586/5022 827/4506/4911 471/4508/4913
f 471/4508/4913 631/4585/5021 824/4586/5022
f 824/4586/5022 629/4584/5014 934/4583/5013
f 824/4586/5022 934/4583/5013 1369/4580/5010
f 1364/4591/5027 824/4586/5022 1369/4580/5010
f 1364/4591/5027 1369/4580/5010 1500/4592/5028
f 1605/4590/5026 1364/4591/5027 1500/4592/5028
f 1784/4511/4919 1605/4590/5026 1678/4514/4925
f 1534/4582/5012 1605/4590/5026 1500/4592/5028
f 1605/4590/5026 1534/4582/5012 1678/4514/4925
f 1534/4582/5012 1500/4592/5028 1369/4580/5010
f 1983/4223/4636 1907/4512/4920 1985/4210/4622
f 1985/4210/4622 1907/4512/4920 1946/4211/4624
f 1946/4211/4624 1907/4512/4920 1842/4513/4921
f 1713/4593/5029 1946/4211/4624 1842/4513/4921
f 1842/4513/4921 1678/4514/4925 1713/4593/5029
s 0
f 1600/4594/5030 1678/4514/5031 1534/4582/5032
s 1
f 3321/4311/4711 3774/4312/4712 3457/4523/4944
f 3015/4521/4941 3457/4523/4944 2680/4522/4942
f 3774/4312/4712 3941/4524/4945 3457/4523/4944
f 3457/4523/4944 3941/4524/4945 2963/4554/4981
f 3941/4524/4945 3630/4556/4983 2963/4554/4981
f 3630/4556/4983 3941/4524/4945 4066/4453/4844
f 3630/4556/4983 4066/4453/4844 3330/4553/4980
f 3330/4553/4980 4066/4453/4844 4138/4452/4843
s 0
f 3330/4553/5033 4138/4452/5034 3796/4539/5035
s 1
f 4138/4452/4843 4036/4454/4845 3796/4539/4966
f 3301/4538/4965 3330/4553/4980 3796/4539/4966
f 3228/4396/4777 3168/4395/4776 3281/4403/4787
f 3168/4395/4776 3524/4595/5036 3281/4403/4787
f 3524/4595/5036 3646/4596/5037 3281/4403/4787
f 4056/4440/4829 4280/4532/4959 4180/4441/4830
f 3934/4408/4792 4056/4440/4829 3868/4406/4790
f 3646/4596/5037 3934/4408/4792 3579/4402/4786
f 3646/4596/5037 3579/4402/4786 3281/4403/4787
f 2557/4564/4994 2310/4566/4996 2383/4563/4993
f 2310/4566/4996 2557/4564/4994 2431/4597/5038
s 0
f 2310/4566/5039 2431/4597/5040 197/4571/5041
f 197/4571/5042 2431/4597/5043 2288/4598/5044
s 1
f 197/4571/5001 2288/4598/5045 101/4573/5003
f 2288/4598/5045 2431/4597/5038 2482/4548/4975
f 2288/4598/5045 2482/4548/4975 2452/4599/5046
f 2431/4597/5038 2557/4564/4994 2482/4548/4975
f 2908/4547/4974 2482/4548/4975 2670/4545/4972
f 2482/4548/4975 2557/4564/4994 2670/4545/4972
f 354/4600/5002 80/4601/5004 207/4602/5047
f 354/4600/5002 207/4602/5047 467/4603/5005
f 467/4603/5005 207/4602/5047 275/4604/5048
s 0
f 466/4605/5049 635/4606/5050 467/4603/5051
s 1
f 466/4605/5052 467/4603/5005 275/4604/5048
s 0
f 635/4606/5053 466/4605/5054 936/4607/5055
f 936/4607/5056 466/4605/5057 599/4608/5058
s 1
f 599/4608/5059 466/4605/5052 405/4609/5060
f 405/4609/5060 466/4605/5052 300/4610/5061
f 300/4610/5061 466/4605/5052 150/4611/5062
f 150/4611/5062 466/4605/5052 275/4604/5048
f 159/4612/5063 125/4613/5064 2224/4614/5065
f 159/4612/5063 150/4611/5062 125/4613/5064
f 21/4615/5066 2242/4616/5067 2377/4617/5068
f 21/4615/5066 2377/4617/5068 2270/4618/5069
f 2270/4618/5069 2377/4617/5068 2475/4619/5070
f 2270/4618/5069 2475/4619/5070 2409/4620/5071
f 2520/4621/5072 2409/4620/5071 2475/4619/5070
f 2321/4622/5073 2409/4620/5071 2540/4623/5074
f 2321/4622/5073 2540/4623/5074 2448/4624/5075
f 2409/4620/5071 2520/4621/5072 2540/4623/5074
f 2566/4625/5076 2448/4624/5075 2686/4626/5077
f 2686/4626/5077 2448/4624/5075 2540/4623/5074
f 2695/4627/5078 2566/4625/5076 2686/4626/5077
f 2638/4628/5079 2566/4625/5076 2695/4627/5078
f 2566/4625/5076 2638/4628/5079 2442/4629/5080
f 2442/4629/5080 2494/4630/5081 2313/4631/5082
f 2442/4629/5080 2638/4628/5079 2494/4630/5081
f 2487/4632/5083 2285/4633/5084 2494/4630/5081
f 2487/4632/5083 2494/4630/5081 2788/4634/5085
f 2788/4634/5085 2494/4630/5081 2834/4635/5086
f 2834/4635/5086 2494/4630/5081 2638/4628/5079
f 2788/4634/5085 2834/4635/5086 3163/4636/5087
f 3163/4636/5087 2834/4635/5086 3122/4637/5088
f 2834/4635/5086 2638/4628/5079 3122/4637/5088
f 2638/4628/5079 2695/4627/5078 3122/4637/5088
f 3122/4637/5088 2695/4627/5078 3038/4638/5089
f 3038/4638/5089 2695/4627/5078 2686/4626/5077
f 3122/4637/5088 3038/4638/5089 3341/4639/5090
f 3587/4640/5091 3341/4639/5090 3038/4638/5089
f 3587/4640/5091 3038/4638/5089 3601/4641/5092
f 3127/4642/5093 3038/4638/5089 2686/4626/5077
f 2686/4626/5077 2682/4643/5094 3127/4642/5093
f 2682/4643/5094 2686/4626/5077 2540/4623/5074
f 2682/4643/5094 2540/4623/5074 2520/4621/5072
f 2682/4643/5094 2520/4621/5072 2777/4644/5095
f 2777/4644/5095 2520/4621/5072 2475/4619/5070
f 2722/4645/5096 2777/4644/5095 2475/4619/5070
f 2475/4619/5070 2377/4617/5068 2722/4645/5096
f 2586/4646/5097 2377/4617/5068 2242/4616/5067
f 2722/4645/5096 2377/4617/5068 2586/4646/5097
f 2586/4646/5097 2242/4616/5067 2224/4614/5065
f 2586/4646/5097 2224/4614/5065 125/4613/5064
f 2322/4647/5098 125/4613/5064 35/4648/5099
f 35/4648/5099 125/4613/5064 150/4611/5062
f 2322/4647/5098 35/4648/5099 2292/4649/5100
f 35/4648/5099 150/4611/5062 275/4604/5048
f 2322/4647/5098 2292/4649/5100 2694/4650/5101
f 2694/4650/5101 2292/4649/5100 2709/4651/5102
f 2709/4651/5102 2855/4652/5103 2694/4650/5101
f 2694/4650/5101 2586/4646/5097 2322/4647/5098
f 2694/4650/5101 2855/4652/5103 2876/4653/5104
f 2694/4650/5101 2876/4653/5104 2722/4645/5096
f 2694/4650/5101 2722/4645/5096 2586/4646/5097
f 2322/4647/5098 2586/4646/5097 125/4613/5064
f 2722/4645/5096 2876/4653/5104 2912/4654/5105
f 2983/4655/5106 2876/4653/5104 2855/4652/5103
f 3544/4656/5107 2983/4655/5106 3292/4657/5108
f 2983/4655/5106 2855/4652/5103 2994/4658/5109
f 3292/4657/5108 2983/4655/5106 2994/4658/5109
f 2858/4659/5110 2994/4658/5109 2855/4652/5103
f 2858/4659/5110 2855/4652/5103 2709/4651/5102
f 3292/4657/5108 3412/4660/5111 3544/4656/5107
f 3412/4660/5111 3292/4657/5108 3248/4661/5112
f 3642/4662/5113 3544/4656/5107 3412/4660/5111
f 3642/4662/5113 3412/4660/5111 3419/4663/5114
f 3642/4662/5113 3419/4663/5114 3402/4664/5115
f 3642/4662/5113 3648/4665/5116 3933/4666/5117
f 3648/4665/5116 3642/4662/5113 3402/4664/5115
f 3402/4664/5115 3419/4663/5114 3165/4667/5118
f 3419/4663/5114 3412/4660/5111 3052/4668/5119
f 3419/4663/5114 3052/4668/5119 3165/4667/5118
f 3412/4660/5111 3248/4661/5112 3052/4668/5119
f 3248/4661/5112 3292/4657/5108 2994/4658/5109
f 3248/4661/5112 2994/4658/5109 3052/4668/5119
f 3052/4668/5119 2994/4658/5109 2900/4669/5120
f 2900/4669/5120 2994/4658/5109 2728/4670/5121
f 2728/4670/5121 2994/4658/5109 2858/4659/5110
f 2733/4671/5122 2900/4669/5120 2728/4670/5121
f 2733/4671/5122 2728/4670/5121 2452/4672/5046
s 0
f 2554/4673/5123 2728/4670/5124 2858/4659/5125
s 1
f 2858/4659/5110 2709/4651/5102 2554/4673/5126
f 2709/4651/5102 2292/4649/5100 2554/4673/5126
f 52/4674/5127 2292/4649/5100 35/4648/5099
f 2554/4673/5126 2292/4649/5100 52/4674/5127
f 52/4674/5127 35/4648/5099 275/4604/5048
f 275/4604/5048 207/4602/5047 52/4674/5127
f 52/4674/5127 80/4601/5004 2554/4673/5126
f 207/4602/5047 80/4601/5004 52/4674/5127
f 101/4675/5003 2288/4676/5045 80/4601/5004
f 80/4601/5004 2288/4676/5045 2452/4672/5046
f 2554/4673/5126 80/4601/5004 2452/4672/5046
f 2728/4670/5121 2554/4673/5126 2452/4672/5046
f 2452/4672/5046 2758/4677/4976 2733/4671/5122
f 2758/4677/4976 2452/4672/5046 2482/4678/4975
f 3076/4679/5128 2758/4677/4976 2908/4680/4974
f 2733/4671/5122 2758/4677/4976 3076/4679/5128
f 3076/4679/5128 2908/4680/4974 3053/4681/4971
f 3053/4681/4971 3218/4682/4970 3510/4683/5129
f 3076/4679/5128 3053/4681/4971 3389/4684/5130
f 3389/4684/5130 3053/4681/4971 3510/4683/5129
f 3510/4683/5129 3218/4682/4970 3428/4685/4968
f 3510/4683/5129 3428/4685/4968 3654/4686/4967
f 3510/4683/5129 3654/4686/4967 3714/4687/5131
f 3510/4683/5129 3714/4687/5131 3547/4688/5132
f 3714/4687/5131 3654/4686/4967 4021/4689/4963
f 3714/4687/5131 4021/4689/4963 3891/4690/5133
f 3510/4683/5129 3547/4688/5132 3389/4684/5130
f 3076/4679/5128 3389/4684/5130 3165/4667/5118
f 3076/4679/5128 2900/4669/5120 2733/4671/5122
f 2900/4669/5120 3076/4679/5128 3165/4667/5118
f 3052/4668/5119 2900/4669/5120 3165/4667/5118
f 3165/4667/5118 3606/4691/5134 3402/4664/5115
f 3402/4664/5115 3606/4691/5134 3648/4665/5116
f 3606/4691/5134 3165/4667/5118 3605/4692/5135
f 3605/4692/5135 3165/4667/5118 3389/4684/5130
f 3605/4692/5135 3389/4684/5130 3590/4693/5136
s 0
f 3590/4693/5137 3389/4684/5138 3519/4694/5139
s 1
f 3519/4694/5140 3389/4684/5130 3547/4688/5132
f 3519/4694/5140 3547/4688/5132 3698/4695/5141
f 3698/4695/5141 3547/4688/5132 3714/4687/5131
f 3698/4695/5141 3714/4687/5131 3891/4690/5133
f 3919/4696/5142 3698/4695/5141 3891/4690/5133
f 3891/4690/5133 4021/4697/4963 4079/4698/4962
f 4079/4698/4962 4305/4699/4960 4317/4700/4961
f 3891/4690/5133 4079/4698/4962 3919/4696/5142
f 4317/4700/4961 4386/4701/4957 4340/4702/5143
f 4340/4702/5143 4386/4701/4957 4265/4703/4958
f 4317/4700/4961 4340/4702/5143 4079/4698/4962
f 4340/4702/5143 4130/4704/5144 4079/4698/4962
f 4079/4698/4962 4130/4704/5144 3919/4696/5142
f 3698/4695/5141 3919/4696/5142 3519/4694/5140
f 3590/4693/5136 3519/4694/5140 3693/4705/5145
f 3605/4692/5135 3590/4693/5136 3693/4705/5145
f 3605/4692/5135 3693/4705/5145 3696/4706/5146
f 3625/4707/5147 3605/4692/5135 3696/4706/5146
f 3606/4691/5134 3605/4692/5135 3625/4707/5147
f 3648/4665/5116 3606/4691/5134 3659/4708/5148
f 3659/4708/5148 3606/4691/5134 3625/4707/5147
f 3659/4708/5148 3625/4707/5147 3662/4709/5149
f 3648/4665/5116 3825/4710/5150 3933/4666/5117
f 3825/4710/5150 3648/4665/5116 3659/4708/5148
f 3642/4662/5113 3933/4666/5117 3686/4711/5151
f 3642/4662/5113 3686/4711/5151 3544/4656/5107
f 2876/4653/5104 2983/4655/5106 3125/4712/5152
f 2983/4655/5106 3544/4656/5107 3125/4712/5152
f 3544/4656/5107 3586/4713/5153 3125/4712/5152
f 3586/4713/5153 3544/4656/5107 3686/4711/5151
f 3776/4714/5154 3686/4711/5151 3853/4715/5155
f 3853/4715/5155 4127/4716/5156 3776/4714/5154
f 4127/4716/5156 3853/4715/5155 4154/4717/5157
f 3933/4666/5117 3853/4715/5155 3686/4711/5151
f 3853/4715/5155 3933/4666/5117 3974/4718/5158
f 3974/4718/5158 4154/4717/5157 3853/4715/5155
f 4004/4719/5159 3974/4718/5158 3933/4666/5117
f 3974/4718/5158 4218/4720/5160 4154/4717/5157
f 3974/4718/5158 4004/4719/5159 4218/4720/5160
f 3825/4710/5150 4004/4719/5159 3933/4666/5117
f 3693/4705/5145 3519/4694/5140 3893/4721/5161
f 3893/4721/5161 3519/4694/5140 3919/4696/5142
f 3696/4706/5146 3693/4705/5145 3764/4722/5162
f 3764/4722/5162 3693/4705/5145 3893/4721/5161
f 3893/4721/5161 3919/4696/5142 4130/4704/5144
f 4119/4723/5163 3893/4721/5161 4130/4704/5144
f 4280/4724/4959 4130/4704/5144 4340/4702/5143
f 4119/4723/5163 4130/4704/5144 4280/4724/4959
f 4119/4723/5163 4280/4724/4959 4204/4725/5164
f 3893/4721/5161 4119/4723/5163 3899/4726/5165
f 3893/4721/5161 3899/4726/5165 3764/4722/5162
f 3696/4706/5146 3764/4722/5162 3694/4727/5166
f 3696/4706/5146 3694/4727/5166 3670/4728/5167
f 3696/4706/5146 3670/4728/5167 3625/4707/5147
f 3625/4707/5147 3670/4728/5167 3600/4729/5168
f 3670/4728/5167 3694/4727/5166 3609/4730/5169
f 3694/4727/5166 3548/4731/5170 3609/4730/5169
f 3694/4727/5166 3764/4722/5162 3899/4726/5165
f 3694/4727/5166 3899/4726/5165 3897/4732/5171
f 3548/4731/5170 3694/4727/5166 3675/4733/5172
f 3694/4727/5166 3897/4732/5171 3675/4733/5172
f 3675/4733/5172 3897/4732/5171 3830/4734/5173
f 3897/4732/5171 3899/4726/5165 4135/4735/5174
f 4135/4735/5174 3899/4726/5165 4119/4723/5163
f 4135/4735/5174 4119/4723/5163 4204/4725/5164
f 3830/4734/5173 3897/4732/5171 4135/4735/5174
f 4265/4703/4958 4280/4724/4959 4340/4702/5143
f 4280/4724/4959 4056/4736/4829 4204/4725/5164
f 4204/4725/5164 4056/4736/4829 4135/4735/5174
f 4135/4735/5174 4056/4736/4829 3934/4737/4792
f 4135/4735/5174 3934/4737/4792 3830/4734/5173
f 3830/4734/5173 3934/4737/4792 3646/4738/5037
f 3627/4739/5175 3830/4734/5173 3646/4738/5037
f 3830/4734/5173 3627/4739/5175 3584/4740/5176
f 3675/4733/5172 3444/4741/5177 3548/4731/5170
f 3675/4733/5172 3830/4734/5173 3584/4740/5176
f 3675/4733/5172 3584/4740/5176 3444/4741/5177
f 3444/4741/5177 3584/4740/5176 3393/4742/5178
f 3444/4741/5177 3393/4742/5178 3302/4743/5179
f 3548/4731/5170 3444/4741/5177 3443/4744/5180
f 3609/4730/5169 3548/4731/5170 3443/4744/5180
f 3609/4730/5169 3600/4729/5168 3670/4728/5167
f 3480/4745/5181 3609/4730/5169 3443/4744/5180
f 3600/4729/5168 3609/4730/5169 3480/4745/5181
f 3600/4729/5168 3480/4745/5181 3679/4746/5182
f 3480/4745/5181 3443/4744/5180 3222/4747/5183
f 3268/4748/5184 3443/4744/5180 3444/4741/5177
f 3222/4747/5183 3443/4744/5180 3268/4748/5184
f 3480/4745/5181 3222/4747/5183 3234/4749/5185
s 0
f 3268/4748/5186 3444/4741/5187 3302/4743/5188
s 1
f 3036/4750/5189 3268/4748/5184 3302/4743/5179
f 3271/4751/5190 3302/4743/5179 3393/4742/5178
f 3036/4750/5189 3302/4743/5179 3271/4751/5190
f 3036/4750/5189 3271/4751/5190 2984/4752/5191
f 3268/4748/5184 3036/4750/5189 3222/4747/5183
f 3222/4747/5183 3036/4750/5189 3087/4753/5192
f 3222/4747/5183 3087/4753/5192 3234/4749/5185
f 3234/4749/5185 3087/4753/5192 2888/4754/5193
f 3234/4749/5185 2888/4754/5193 3177/4755/5194
f 3087/4753/5192 3036/4750/5189 2953/4756/5195
f 2953/4756/5195 3036/4750/5189 2985/4757/5196
f 2985/4757/5196 3036/4750/5189 2984/4752/5191
f 2936/4758/5197 2985/4757/5196 2984/4752/5191
s 0
f 2953/4756/5198 2985/4757/5199 2936/4758/5200
s 1
f 2953/4756/5195 2936/4758/5197 2527/4759/5201
f 2527/4759/5201 2601/4760/5202 2953/4756/5195
f 2953/4756/5195 2696/4761/5203 3087/4753/5192
f 2953/4756/5195 2601/4760/5202 2696/4761/5203
f 3087/4753/5192 2696/4761/5203 2888/4754/5193
f 2696/4761/5203 2745/4762/5204 2888/4754/5193
f 2696/4761/5203 2601/4760/5202 106/4763/5205
f 2601/4760/5202 2527/4759/5201 86/4764/5206
f 106/4763/5205 2601/4760/5202 86/4764/5206
f 106/4763/5205 2250/4765/5207 2696/4761/5203
f 2696/4761/5203 2250/4765/5207 2745/4762/5204
f 2745/4762/5204 2250/4765/5207 2648/4766/5208
f 2745/4762/5204 2915/4767/5209 2888/4754/5193
f 2915/4767/5209 2745/4762/5204 2816/4768/5210
f 2915/4767/5209 2816/4768/5210 3070/4769/5211
f 2888/4754/5193 2915/4767/5209 3177/4755/5194
f 3177/4755/5194 2915/4767/5209 3070/4769/5211
f 3177/4755/5194 3070/4769/5211 3596/4770/5212
f 3596/4770/5212 3070/4769/5211 3437/4771/5213
f 3070/4769/5211 2816/4768/5210 2924/4772/5214
f 2648/4766/5208 2816/4768/5210 2745/4762/5204
f 2523/4773/5215 2816/4768/5210 2648/4766/5208
f 2523/4773/5215 2924/4772/5214 2816/4768/5210
f 2371/4774/5216 2648/4766/5208 2250/4765/5207
f 2648/4766/5208 2371/4774/5216 2523/4773/5215
f 2371/4774/5216 2250/4765/5207 318/4775/5217
f 318/4775/5217 2250/4765/5207 50/4776/5218
f 50/4776/5218 2250/4765/5207 106/4763/5205
f 50/4776/5218 106/4763/5205 228/4777/5219
f 228/4777/5219 106/4763/5205 86/4764/5206
f 2371/4774/5216 318/4775/5217 84/4778/5220
f 2371/4774/5216 84/4778/5220 2523/4773/5215
f 2523/4773/5215 84/4778/5220 2581/4779/5221
f 84/4778/5220 182/4780/5222 2581/4779/5221
f 272/4781/5223 84/4778/5220 318/4775/5217
f 84/4778/5220 272/4781/5223 182/4780/5222
f 182/4780/5222 2282/4782/5224 2581/4779/5221
f 182/4780/5222 657/4783/5225 2282/4782/5224
f 182/4780/5222 272/4781/5223 657/4783/5225
f 399/4784/5226 272/4781/5223 318/4775/5217
s 0
f 399/4784/5227 318/4775/5228 50/4776/5229
f 399/4784/5230 50/4776/5231 228/4777/5232
s 1
f 533/4785/5233 399/4784/5226 228/4777/5219
f 399/4784/5226 533/4785/5233 899/4786/5234
f 272/4781/5223 399/4784/5226 722/4787/5235
f 399/4784/5226 899/4786/5234 722/4787/5235
s 0
f 272/4781/5236 722/4787/5237 657/4783/5238
s 1
f 657/4783/5225 866/4788/5239 346/4789/5240
f 657/4783/5225 722/4787/5235 1036/4790/5241
f 866/4788/5239 657/4783/5225 1036/4790/5241
f 1036/4790/5241 722/4787/5235 899/4786/5234
f 1036/4790/5241 1498/4791/5242 866/4788/5239
f 866/4788/5239 1498/4791/5242 1073/4792/5243
f 1775/4793/5244 1498/4791/5242 1399/4794/5245
f 1775/4793/5244 1399/4794/5245 1759/4795/5246
f 1498/4791/5242 1775/4793/5244 1492/4796/5247
f 1775/4793/5244 1759/4795/5246 1804/4797/5248
s 0
f 1775/4793/5249 1804/4797/5250 1492/4796/5251
s 1
f 1804/4797/5248 1282/4798/5252 1492/4796/5247
f 1492/4796/5247 1282/4799/5252 838/4800/5253
f 1492/4796/5247 838/4800/5253 1073/4792/5243
f 1492/4796/5247 1073/4792/5243 1498/4791/5242
f 1073/4792/5243 346/4789/5240 866/4788/5239
f 1073/4792/5243 838/4800/5253 346/4789/5240
f 838/4800/5253 565/4801/5254 346/4789/5240
f 346/4789/5240 565/4801/5254 226/4802/5255
f 226/4802/5255 565/4801/5254 241/4803/5256
f 226/4802/5255 241/4803/5256 112/4804/5257
f 657/4783/5225 346/4789/5240 2282/4782/5224
f 2282/4782/5224 346/4789/5240 226/4802/5255
f 226/4802/5255 112/4804/5257 2282/4782/5224
f 2282/4782/5224 112/4804/5257 2528/4805/5258
f 2282/4782/5224 2528/4805/5258 2683/4806/5259
f 2528/4805/5258 112/4804/5257 2477/4807/5260
f 2477/4807/5260 3010/4808/5261 2528/4805/5258
f 2815/4809/5262 2528/4805/5258 3010/4808/5261
f 2528/4805/5258 2815/4809/5262 2683/4806/5259
f 3010/4808/5261 3051/4810/5263 3195/4811/5264
f 3010/4808/5261 3687/4812/5265 2815/4809/5262
f 3687/4812/5265 3010/4808/5261 3195/4811/5264
f 3195/4811/5264 3394/4813/5266 3837/4814/5267
f 3394/4813/5266 3802/4815/5268 3837/4814/5267
f 3837/4814/5267 3802/4815/5268 3862/4816/5269
f 3862/4816/5269 4028/4817/5270 4083/4818/5271
f 4083/4818/5271 4028/4817/5270 4189/4819/5272
s 0
f 4189/4819/5273 4028/4817/5274 4139/4820/5275
s 1
f 3862/4816/5269 4083/4818/5271 3856/4821/5276
f 3687/4812/5265 3837/4814/5267 3862/4816/5269
f 3837/4814/5267 3687/4812/5265 3195/4811/5264
f 3687/4812/5265 3862/4816/5269 3684/4822/5277
f 2815/4809/5262 3687/4812/5265 3684/4822/5277
f 3684/4822/5277 3862/4816/5269 3856/4821/5276
f 3684/4822/5277 3029/4823/5278 2815/4809/5262
f 2815/4809/5262 3029/4823/5278 2683/4806/5259
f 3029/4823/5278 2924/4772/5214 2683/4806/5259
f 2683/4806/5259 2581/4779/5221 2282/4782/5224
f 2523/4773/5215 2581/4779/5221 2683/4806/5259
f 2523/4773/5215 2683/4806/5259 2924/4772/5214
f 2924/4772/5214 3145/4824/5279 3070/4769/5211
f 2924/4772/5214 3029/4823/5278 3145/4824/5279
f 3145/4824/5279 3029/4823/5278 3367/4825/5280
f 3029/4823/5278 3684/4822/5277 3367/4825/5280
f 3795/4826/5281 3070/4769/5211 3145/4824/5279
f 3070/4769/5211 3795/4826/5281 3437/4771/5213
f 3145/4824/5279 3367/4825/5280 3781/4827/5282
f 3684/4822/5277 3856/4821/5276 3367/4825/5280
f 3367/4825/5280 3856/4821/5276 4029/4828/5283
f 3856/4821/5276 4134/4829/5284 4029/4828/5283
f 3856/4821/5276 4083/4818/5271 4134/4829/5284
f 3781/4827/5282 3367/4825/5280 4029/4828/5283
f 3781/4827/5282 3795/4826/5281 3145/4824/5279
f 3437/4771/5213 3795/4826/5281 3667/4830/5285
f 3437/4771/5213 3667/4830/5285 3596/4770/5212
f 3553/4831/5286 3177/4755/5194 3596/4770/5212
f 3177/4755/5194 3553/4831/5286 3528/4832/5287
f 3177/4755/5194 3528/4832/5287 3234/4749/5185
f 3234/4749/5185 3528/4832/5287 3480/4745/5181
f 3480/4745/5181 3528/4832/5287 3638/4833/5288
f 3638/4833/5288 3528/4832/5287 3553/4831/5286
f 3480/4745/5181 3638/4833/5288 3765/4834/5289
f 3667/4830/5285 3553/4831/5286 3596/4770/5212
f 3480/4745/5181 3765/4834/5289 3679/4746/5182
f 3826/4835/5290 3638/4833/5288 3553/4831/5286
f 3638/4833/5288 3826/4835/5290 3844/4836/5291
f 3638/4833/5288 3844/4836/5291 3765/4834/5289
f 3679/4746/5182 3765/4834/5289 3850/4837/5292
f 3850/4837/5292 3765/4834/5289 3844/4836/5291
f 3679/4746/5182 3850/4837/5292 3761/4838/5293
f 3679/4746/5182 3761/4838/5293 3600/4729/5168
f 3600/4729/5168 3761/4838/5293 3625/4707/5147
f 3625/4707/5147 3761/4838/5293 3662/4709/5149
f 3662/4709/5149 3761/4838/5293 3659/4708/5148
f 3761/4838/5293 3818/4839/5294 3659/4708/5148
f 3761/4838/5293 3850/4837/5292 3818/4839/5294
f 3659/4708/5148 3818/4839/5294 3825/4710/5150
f 3825/4710/5150 3818/4839/5294 3980/4840/5295
f 3825/4710/5150 3980/4840/5295 4004/4719/5159
f 3818/4839/5294 3850/4837/5292 3980/4840/5295
f 4004/4719/5159 3980/4840/5295 4218/4720/5160
f 3980/4840/5295 3850/4837/5292 4020/4841/5296
f 3980/4840/5295 4020/4841/5296 4218/4720/5160
f 3850/4837/5292 3844/4836/5291 4020/4841/5296
f 4020/4841/5296 3844/4836/5291 3973/4842/5297
f 3844/4836/5291 3826/4835/5290 3973/4842/5297
f 4020/4841/5296 3973/4842/5297 4334/4843/5298
f 3973/4842/5297 3826/4835/5290 4052/4844/5299
f 3826/4835/5290 3553/4831/5286 3667/4830/5285
f 4008/4845/5300 3667/4830/5285 3795/4826/5281
f 3826/4835/5290 3667/4830/5285 4008/4845/5300
f 3826/4835/5290 4008/4845/5300 4052/4844/5299
f 4008/4845/5300 3795/4826/5281 3781/4827/5282
f 4008/4845/5300 3781/4827/5282 4324/4846/5301
f 4324/4846/5301 3781/4827/5282 4193/4847/5302
s 0
f 4215/4848/5303 4193/4847/5304 3781/4827/5305
s 1
f 4215/4848/5306 3781/4827/5282 4134/4829/5284
f 4134/4829/5284 3781/4827/5282 4029/4828/5283
f 4134/4829/5284 4083/4818/5271 4189/4819/5272
s 0
f 4215/4848/5307 4134/4829/5308 4189/4819/5309
s 1
f 4336/4849/5310 4227/4850/5311 4252/4851/5312
s 0
f 4336/4849/5313 4252/4851/5314 4348/4852/5315
f 4336/4849/5316 4348/4852/5317 4314/4853/5318
s 1
f 4314/4853/5319 4348/4852/5320 4298/4854/5321
f 4336/4849/5322 4314/4853/5319 4283/4855/5323
f 4298/4854/5321 3993/4856/5324 4221/4857/5325
f 3993/4856/5324 3633/4858/5326 4221/4857/5325
f 3587/4640/5091 4221/4857/5325 3633/4858/5326
f 3633/4858/5326 3485/4859/5327 3341/4639/5090
f 3341/4639/5090 3485/4859/5327 3163/4636/5087
f 4027/4860/5328 4221/4857/5325 3587/4640/5091
f 3341/4639/5090 3163/4636/5087 3122/4637/5088
f 3633/4858/5326 3341/4639/5090 3587/4640/5091
f 4027/4860/5328 3587/4640/5091 3601/4641/5092
f 3601/4641/5092 3038/4638/5089 3776/4714/5329
s 0
f 3776/4714/5330 3038/4638/5331 3127/4642/5332
s 1
f 3398/4861/5333 3776/4714/5154 3127/4642/5093
f 3398/4861/5333 3127/4642/5093 2682/4643/5094
f 3398/4861/5333 2682/4643/5094 3586/4713/5153
f 3586/4713/5153 2682/4643/5094 2777/4644/5095
f 2777/4644/5095 2912/4654/5105 3586/4713/5153
f 3125/4712/5152 3586/4713/5153 2912/4654/5105
f 2912/4654/5105 2777/4644/5095 2722/4645/5096
f 2912/4654/5105 2876/4653/5104 3125/4712/5152
f 2841/4862/4772 2486/4863/4773 2616/4864/5334
f 2227/4865/4764 2486/4863/4773 2343/4866/4763
f 2486/4863/4773 2386/4867/5335 2616/4864/5334
f 2486/4863/4773 2227/4865/4764 2245/4868/5336
f 2486/4863/4773 2245/4868/5336 2386/4867/5335
f 2227/4865/4764 132/4869/4762 180/4870/5337
f 2245/4868/5336 2227/4865/4764 251/4871/5338
f 2245/4868/5336 251/4871/5338 116/4872/5339
f 116/4872/5339 251/4871/5338 268/4873/5340
f 116/4872/5339 268/4873/5340 168/4874/5341
f 251/4871/5338 2227/4865/4764 180/4870/5337
f 361/4875/5342 168/4874/5341 268/4873/5340
f 2331/4876/5343 116/4872/5339 168/4874/5341
f 168/4874/5341 361/4875/5342 282/4877/5344
f 168/4874/5341 282/4877/5344 74/4878/5345
f 2331/4876/5343 74/4878/5345 2419/4879/5346
f 2717/4880/5347 2331/4876/5343 2419/4879/5346
f 2419/4879/5346 2826/4881/5348 2717/4880/5347
s 0
f 2331/4876/5349 2717/4880/5350 2386/4867/5351
s 1
f 2419/4879/5346 2936/4758/5197 2826/4881/5348
f 2826/4881/5348 2936/4758/5197 2984/4752/5191
f 2936/4758/5197 2419/4879/5346 2527/4759/5201
f 2527/4759/5201 2419/4879/5346 86/4764/5206
f 86/4764/5206 2419/4879/5346 74/4878/5345
f 86/4764/5206 74/4878/5345 282/4877/5344
f 86/4764/5206 282/4877/5344 228/4777/5219
f 228/4777/5219 282/4877/5344 360/4882/5352
f 228/4777/5219 360/4882/5352 533/4785/5233
f 533/4785/5233 781/4883/5353 899/4786/5234
f 899/4786/5234 781/4883/5353 1043/4884/5354
f 781/4883/5353 533/4785/5233 641/4885/5355
f 641/4885/5355 533/4785/5233 360/4882/5352
f 360/4882/5352 282/4877/5344 641/4885/5355
f 282/4877/5344 361/4875/5342 515/4886/5356
f 641/4885/5355 282/4877/5344 515/4886/5356
f 641/4885/5355 515/4886/5356 725/4887/5357
s 0
f 641/4885/5358 725/4887/5359 1122/4888/5360
s 1
f 725/4887/5357 515/4886/5356 647/4889/5361
f 1119/4890/5362 725/4887/5357 647/4889/5361
f 647/4889/5361 515/4886/5356 439/4891/5363
f 647/4889/5361 919/4892/5364 1119/4890/5362
f 439/4891/5363 515/4886/5356 361/4875/5342
f 647/4889/5361 439/4891/5363 919/4892/5364
s 0
f 439/4891/5365 361/4875/5366 268/4873/5367
s 1
f 314/4893/5368 439/4891/5363 268/4873/5340
f 439/4891/5363 314/4893/5368 919/4892/5364
f 314/4893/5368 268/4873/5340 251/4871/5338
f 314/4893/5368 251/4871/5338 180/4870/5337
f 562/4894/5369 314/4893/5368 180/4870/5337
f 180/4870/5337 132/4869/4762 376/4895/4608
f 132/4869/4762 329/4896/4606 376/4895/4608
f 376/4895/4608 520/4897/4607 594/4898/4610
f 376/4895/4608 594/4898/4610 562/4894/5369
f 180/4870/5337 376/4895/4608 562/4894/5369
f 594/4898/4610 608/4899/4609 773/4900/4611
f 314/4893/5368 562/4894/5369 687/4901/5370
f 314/4893/5368 687/4901/5370 919/4892/5364
f 919/4892/5364 687/4901/5370 1002/4902/5371
f 1002/4902/5371 687/4901/5370 958/4903/5372
f 713/4904/5373 687/4901/5370 562/4894/5369
f 958/4903/5372 687/4901/5370 713/4904/5373
f 713/4904/5373 562/4894/5369 699/4905/5374
f 699/4905/5374 562/4894/5369 594/4898/4610
f 699/4905/5374 594/4898/4610 943/4906/4613
f 943/4906/4613 594/4898/4610 773/4900/4611
f 699/4905/5374 943/4906/4613 982/4907/5375
f 699/4905/5374 982/4907/5375 713/4904/5373
f 943/4906/4613 846/4908/4612 1173/4909/4615
f 1173/4909/4615 1212/4910/4614 1570/4911/4618
f 943/4906/4613 1173/4909/4615 982/4907/5375
f 1173/4909/4615 1570/4911/4618 1381/4912/5376
f 1211/4913/5377 1173/4909/4615 1381/4912/5376
f 982/4907/5375 1173/4909/4615 1211/4913/5377
f 713/4904/5373 982/4907/5375 879/4914/5378
f 713/4904/5373 879/4914/5378 958/4903/5372
f 879/4914/5378 980/4915/5379 958/4903/5372
f 879/4914/5378 982/4907/5375 1211/4913/5377
f 879/4914/5378 1211/4913/5377 1221/4916/5380
f 879/4914/5378 1221/4916/5380 980/4915/5379
f 1430/4917/5381 1211/4913/5377 1381/4912/5376
f 1381/4912/5376 1570/4911/4618 1805/4918/4623
f 1381/4912/5376 1433/4919/5382 1430/4917/5381
f 1381/4912/5376 1805/4918/4623 1712/4920/5383
f 1381/4912/5376 1712/4920/5383 1433/4919/5382
f 1805/4918/4623 1946/4921/4624 1712/4920/5383
f 1946/4921/4624 1713/4922/5029 1712/4920/5383
f 1713/4922/5029 1678/4923/4925 1600/4924/5384
f 1712/4920/5383 1713/4922/5029 1600/4924/5384
f 1464/4925/5385 1534/4926/5012 1379/4927/5011
f 1379/4927/5011 1269/4928/5008 1144/4929/5007
f 635/4930/5006 936/4931/5386 1188/4932/5387
f 599/4933/5059 405/4934/5060 588/4935/5388
f 855/4936/5389 599/4933/5059 588/4935/5388
f 356/4937/5390 405/4934/5060 300/4938/5061
f 599/4933/5059 855/4936/5389 936/4931/5386
f 588/4935/5388 405/4934/5060 356/4937/5390
f 356/4937/5390 300/4938/5061 150/4939/5062
f 356/4937/5390 150/4939/5062 159/4940/5063
f 461/4941/5391 356/4937/5390 159/4940/5063
f 159/4940/5063 2224/4942/5065 438/4943/5392
f 461/4941/5391 159/4940/5063 438/4943/5392
f 438/4943/5392 2224/4942/5065 2242/4944/5067
f 438/4943/5392 2242/4944/5067 21/4945/5066
f 157/4946/5393 21/4945/5066 2270/4947/5069
f 2270/4947/5069 2409/4948/5071 157/4946/5393
f 157/4946/5393 2409/4948/5071 146/4949/5394
f 146/4949/5394 2409/4948/5071 2321/4950/5073
f 157/4946/5393 146/4949/5394 517/4951/5395
f 517/4951/5395 146/4949/5394 2321/4950/5073
f 2448/4952/5075 2566/4953/5076 27/4954/5396
f 2321/4950/5073 2448/4952/5075 27/4954/5396
f 299/4955/5397 2321/4950/5073 27/4954/5396
f 27/4954/5396 2566/4953/5076 2442/4956/5080
f 299/4955/5397 27/4954/5396 460/4957/5398
f 460/4957/5398 27/4954/5396 175/4958/5399
f 2321/4950/5073 299/4955/5397 597/4959/5400
f 2321/4950/5073 597/4959/5400 517/4951/5395
f 597/4959/5400 299/4955/5397 674/4960/5401
f 517/4951/5395 597/4959/5400 960/4961/5402
f 597/4959/5400 1017/4962/5403 960/4961/5402
s 0
f 1017/4962/5404 597/4959/5405 674/4960/5406
s 1
f 960/4961/5402 1017/4962/5403 1035/4963/5407
f 960/4961/5402 689/4964/5408 517/4951/5395
f 517/4951/5395 689/4964/5408 157/4946/5393
f 417/4965/5409 157/4946/5393 689/4964/5408
f 157/4946/5393 417/4965/5409 21/4945/5066
f 21/4945/5066 417/4965/5409 438/4943/5392
f 438/4943/5392 417/4965/5409 551/4966/5410
f 438/4943/5392 551/4966/5410 661/4967/5411
f 438/4943/5392 661/4967/5411 461/4941/5391
f 461/4941/5391 684/4968/5412 356/4937/5390
f 461/4941/5391 661/4967/5411 684/4968/5412
f 551/4966/5410 417/4965/5409 783/4969/5413
f 783/4969/5413 417/4965/5409 689/4964/5408
f 689/4964/5408 749/4970/5414 783/4969/5413
f 749/4970/5414 689/4964/5408 960/4961/5402
f 749/4970/5414 960/4961/5402 1528/4971/5415
f 1528/4971/5415 960/4961/5402 1035/4963/5407
f 1035/4963/5407 1017/4962/5403 1666/4972/5416
f 1666/4972/5416 1017/4962/5403 939/4973/5417
f 939/4973/5417 1017/4962/5403 674/4960/5418
f 939/4973/5417 674/4960/5418 460/4957/5398
f 939/4973/5417 460/4957/5398 1307/4974/5419
s 0
f 460/4957/5420 674/4960/5421 299/4955/5422
s 1
f 1812/4975/5423 939/4973/5417 1307/4974/5419
f 939/4973/5417 1812/4975/5423 1666/4972/5416
s 0
f 1307/4974/5424 1730/4976/5425 1812/4975/5426
s 1
f 1730/4976/5427 1307/4974/5419 1563/4977/5428
f 1563/4977/5428 1307/4974/5419 1038/4978/5429
f 1038/4978/5429 1307/4974/5419 460/4957/5398
f 460/4957/5398 175/4958/5399 1038/4978/5429
f 1038/4978/5429 175/4958/5399 662/4979/5430
f 1038/4978/5429 662/4979/5430 1362/4980/5431
f 1362/4980/5431 662/4979/5430 1115/4981/5432
f 1563/4977/5428 1038/4978/5429 1362/4980/5431
s 0
f 1563/4977/5433 1641/4982/5434 1730/4976/5435
s 1
f 1812/4975/5423 1730/4976/5436 1815/4983/5437
f 1812/4975/5423 1815/4983/5437 1920/4984/5438
f 1666/4972/5416 1812/4975/5423 1818/4985/5439
f 1666/4972/5416 1818/4985/5439 1035/4963/5407
f 1035/4963/5407 1818/4985/5439 1613/4986/5440
f 1613/4986/5440 1818/4985/5439 1986/4987/5441
f 1986/4987/5441 1818/4985/5439 1812/4975/5423
f 1986/4987/5441 1812/4975/5423 1920/4984/5438
f 1986/4987/5441 1920/4984/5438 2014/4988/5442
f 2022/4989/5443 1986/4987/5441 2014/4988/5442
f 1986/4987/5441 2056/4990/5444 1613/4986/5440
f 2056/4990/5444 1986/4987/5441 2022/4989/5443
f 1613/4986/5440 2056/4990/5444 1822/4991/5445
f 1613/4986/5440 1822/4991/5445 1528/4971/5415
f 1613/4986/5440 1528/4971/5415 1035/4963/5407
s 0
f 1528/4971/5446 1822/4991/5447 1541/4992/5448
s 1
f 1528/4971/5415 1377/4993/5449 749/4970/5414
f 1377/4993/5449 1528/4971/5415 1541/4992/5450
f 749/4970/5414 1377/4993/5449 970/4994/5451
s 0
f 749/4970/5452 970/4994/5453 783/4969/5454
s 1
f 775/4995/5455 783/4969/5413 970/4994/5451
f 551/4966/5410 783/4969/5413 775/4995/5455
f 1189/4996/5456 970/4994/5451 1377/4993/5449
f 551/4966/5410 775/4995/5455 751/4997/5457
f 551/4966/5410 751/4997/5457 661/4967/5411
f 1189/4996/5456 1377/4993/5449 1541/4992/5450
f 684/4968/5412 661/4967/5411 716/4998/5458
f 716/4998/5458 661/4967/5411 751/4997/5457
f 356/4937/5390 684/4968/5412 588/4935/5388
f 855/4936/5389 588/4935/5388 684/4968/5412
f 855/4936/5389 684/4968/5412 716/4998/5458
f 855/4936/5389 716/4998/5458 942/4999/5459
f 942/4999/5459 716/4998/5458 951/5000/5460
f 855/4936/5389 942/4999/5459 936/4931/5386
f 936/4931/5386 942/4999/5459 1188/4932/5387
f 942/4999/5459 1160/5001/5461 1188/4932/5387
f 1160/5001/5461 942/4999/5459 1148/5002/5462
f 1148/5002/5462 942/4999/5459 951/5000/5460
f 635/4930/5006 1188/4932/5387 1144/4929/5007
f 1379/4927/5011 1144/4929/5007 1188/4932/5387
f 1534/4926/5012 1464/4925/5385 1600/4924/5384
f 1188/4932/5387 1160/5001/5461 1379/4927/5011
f 1379/4927/5011 1160/5001/5461 1464/4925/5385
f 1464/4925/5385 1160/5001/5461 1304/5003/5463
f 1160/5001/5461 1148/5002/5462 1304/5003/5463
f 1304/5003/5463 1600/4924/5384 1464/4925/5385
f 1304/5003/5463 1148/5002/5462 1192/5004/5464
f 1304/5003/5463 1192/5004/5464 1433/4919/5382
f 1192/5004/5464 1148/5002/5462 951/5000/5460
f 1600/4924/5384 1304/5003/5463 1712/4920/5383
f 1304/5003/5463 1433/4919/5382 1712/4920/5383
f 1433/4919/5382 1192/5004/5464 1430/4917/5381
f 1192/5004/5464 1221/4916/5380 1430/4917/5381
f 1211/4913/5377 1430/4917/5381 1221/4916/5380
f 1088/5005/5465 1221/4916/5380 1192/5004/5464
f 1221/4916/5380 1088/5005/5465 980/4915/5379
f 1088/5005/5465 1192/5004/5464 951/5000/5460
f 1088/5005/5465 951/5000/5460 978/5006/5466
f 1088/5005/5465 978/5006/5466 980/4915/5379
f 978/5006/5466 951/5000/5460 863/5007/5467
f 863/5007/5467 951/5000/5460 716/4998/5458
f 978/5006/5466 863/5007/5467 964/5008/5468
f 863/5007/5467 716/4998/5458 751/4997/5457
f 751/4997/5457 852/5009/5469 863/5007/5467
f 751/4997/5457 775/4995/5455 852/5009/5469
f 863/5007/5467 852/5009/5469 964/5008/5468
f 852/5009/5469 775/4995/5455 997/5010/5470
f 775/4995/5455 1152/5011/5471 997/5010/5470
f 1152/5011/5471 775/4995/5455 970/4994/5451
f 1152/5011/5471 970/4994/5451 1189/4996/5456
f 1189/4996/5456 1541/4992/5450 1760/5012/5472
f 1760/5012/5472 1541/4992/5450 2019/5013/5473
f 1822/4991/5445 2019/5013/5473 1541/4992/5450
f 1822/4991/5445 2056/4990/5444 2019/5013/5473
s 0
f 2056/4990/5474 2022/4989/5475 2021/5014/5476
s 1
f 2056/4990/5444 2021/5014/5477 2019/5013/5473
f 2019/5013/5473 2021/5014/5477 1984/5015/5478
f 2019/5013/5473 1984/5015/5478 1980/5016/5479
f 1980/5016/5479 1984/5015/5478 1895/5017/5480
f 1895/5017/5480 1759/4795/5246 1708/5018/5481
f 1759/4795/5246 1895/5017/5480 1804/4797/5248
f 1399/4794/5245 1498/4791/5242 1036/4790/5241
f 1399/4794/5245 1036/4790/5241 1043/4884/5354
f 1895/5017/5480 1708/5018/5481 1875/5019/5482
f 1895/5017/5480 1875/5019/5482 1980/5016/5479
f 1906/5020/5483 1980/5016/5479 1875/5019/5482
f 2019/5013/5473 1980/5016/5479 1760/5012/5472
f 1760/5012/5472 1980/5016/5479 1906/5020/5483
f 1760/5012/5472 1392/5021/5484 1189/4996/5456
f 1392/5021/5484 1760/5012/5472 1703/5022/5485
f 1189/4996/5456 1392/5021/5484 1152/5011/5471
f 1152/5011/5471 1392/5021/5484 1209/5023/5486
f 1152/5011/5471 1209/5023/5486 997/5010/5470
f 1007/5024/5487 997/5010/5470 1209/5023/5486
f 852/5009/5469 997/5010/5470 1007/5024/5487
f 852/5009/5469 1007/5024/5487 964/5008/5468
f 964/5008/5468 1007/5024/5487 985/5025/5488
f 964/5008/5468 985/5025/5488 978/5006/5466
f 978/5006/5466 985/5025/5488 980/4915/5379
f 980/4915/5379 985/5025/5488 958/4903/5372
f 958/4903/5372 985/5025/5488 994/5026/5489
f 1002/4902/5371 958/4903/5372 994/5026/5489
f 1002/4902/5371 1110/5027/5490 919/4892/5364
s 0
f 1002/4902/5491 994/5026/5492 1112/5028/5493
s 1
f 1110/5027/5490 1002/4902/5371 1112/5028/5494
f 1119/4890/5362 919/4892/5364 1110/5027/5490
f 725/4887/5357 1119/4890/5362 1122/4888/5495
f 1122/4888/5495 1119/4890/5362 1231/5029/5496
f 1122/4888/5495 1231/5029/5496 1277/5030/5497
f 1122/4888/5495 1277/5030/5497 641/4885/5355
f 1231/5029/5496 1119/4890/5362 1110/5027/5490
f 1550/5031/5498 1231/5029/5496 1110/5027/5490
s 0
f 1550/5031/5499 1110/5027/5500 1526/5032/5501
s 1
f 1110/5027/5490 1112/5028/5494 1526/5032/5502
f 1526/5032/5502 1112/5028/5494 1147/5033/5503
f 1112/5028/5494 994/5026/5489 1147/5033/5503
f 994/5026/5489 985/5025/5488 1007/5024/5487
f 1147/5033/5503 994/5026/5489 1007/5024/5487
f 1007/5024/5487 1209/5023/5486 1147/5033/5503
f 1547/5034/5504 1147/5033/5503 1209/5023/5486
f 1147/5033/5503 1547/5034/5504 1526/5032/5502
f 1547/5034/5504 1209/5023/5486 1392/5021/5484
f 1392/5021/5484 1703/5022/5485 1547/5034/5504
f 1736/5035/5505 1526/5032/5502 1547/5034/5504
f 1736/5035/5505 1547/5034/5504 1703/5022/5485
f 1526/5032/5502 1736/5035/5505 1550/5031/5498
f 1550/5031/5498 1477/5036/5506 1231/5029/5496
f 1477/5036/5506 1550/5031/5498 1736/5035/5505
f 1477/5036/5506 1277/5030/5497 1231/5029/5496
f 781/4883/5353 641/4885/5355 1277/5030/5497
f 781/4883/5353 1277/5030/5497 1043/4884/5354
f 1399/4794/5245 1043/4884/5354 1277/5030/5497
f 1399/4794/5245 1277/5030/5497 1477/5036/5506
f 1399/4794/5245 1477/5036/5506 1736/5035/5505
f 1399/4794/5245 1736/5035/5505 1708/5018/5481
f 1736/5035/5505 1875/5019/5482 1708/5018/5481
f 1399/4794/5245 1708/5018/5481 1759/4795/5246
f 899/4786/5234 1043/4884/5354 1036/4790/5241
f 2841/4862/4772 2616/4864/5334 2996/5037/4775
f 2933/5038/4774 2841/4862/4772 2996/5037/4775
f 2996/5037/4775 3243/5039/5507 3168/5040/4776
f 3524/5041/5036 3168/5040/4776 3243/5039/5507
f 3646/4738/5037 3524/5041/5036 3627/4739/5175
f 3627/4739/5175 3524/5041/5036 3584/4740/5176
f 3360/5042/5508 3584/4740/5176 3524/5041/5036
f 3584/4740/5176 3360/5042/5508 3393/4742/5178
f 3271/4751/5190 3393/4742/5178 3360/5042/5508
f 3271/4751/5190 3360/5042/5508 2984/4752/5191
f 3360/5042/5508 2991/5043/5509 2984/4752/5191
f 3360/5042/5508 3524/5041/5036 3243/5039/5507
f 3360/5042/5508 3243/5039/5507 2991/5043/5509
f 2991/5043/5509 2826/4881/5348 2984/4752/5191
f 2991/5043/5509 2717/4880/5347 2826/4881/5348
f 2996/5037/4775 2991/5043/5509 3243/5039/5507
s 0
f 2717/4880/5510 2991/5043/5511 2616/4864/5512
s 1
f 2991/5043/5509 2996/5037/4775 2616/4864/5334
f 2616/4864/5334 2386/4867/5335 2717/4880/5513
f 2245/4868/5336 116/4872/5339 2331/4876/5343
s 0
f 2245/4868/5514 2331/4876/5515 2386/4867/5516
s 1
f 2331/4876/5343 168/4874/5341 74/4878/5345
f 1736/5035/5505 1703/5022/5485 1875/5019/5482
f 1703/5022/5485 1760/5012/5472 1906/5020/5483
f 1703/5022/5485 1906/5020/5483 1875/5019/5482
f 4218/4720/5160 4226/5044/5517 4154/4717/5157
f 4154/4717/5157 4226/5044/5517 4127/4716/5156
f 4226/5044/5517 4218/4720/5160 4334/4843/5518
f 4226/5044/5517 4334/4843/5518 4235/5045/5519
f 4127/4716/5156 4226/5044/5517 4235/5045/5519
f 4235/5045/5519 4221/4857/5325 4127/4716/5156
f 4127/4716/5156 4027/4860/5328 3601/4641/5092
f 4027/4860/5328 4127/4716/5156 4221/4857/5325
s 0
f 4127/4716/5520 3601/4641/5521 3776/4714/5522
s 1
f 3686/4711/5151 3776/4714/5154 3398/4861/5333
f 3686/4711/5151 3398/4861/5333 3586/4713/5153
s 0
f 4334/4843/5523 4218/4720/5524 4020/4841/5525
s 1
f 4334/4843/5298 3973/4842/5297 4163/5046/5526
f 4369/5047/5527 4334/4843/5298 4163/5046/5526
f 4163/5046/5526 3973/4842/5297 4052/4844/5299
f 4163/5046/5526 4052/4844/5299 4190/5048/5528
f 4371/5049/5529 4163/5046/5526 4190/5048/5528
f 4190/5048/5528 4052/4844/5299 4008/4845/5300
f 4008/4845/5300 4324/4846/5301 4190/5048/5528
f 4190/5048/5528 4324/4846/5301 4371/5049/5529
f 4371/5049/5529 4324/4846/5301 4284/5050/5530
s 0
f 4371/5049/5531 4284/5050/5532 4283/4855/5533
s 1
f 4284/5050/5530 4324/4846/5301 4193/4847/5302
f 4284/5050/5530 4193/4847/5302 4215/4848/5534
s 0
f 4215/4848/5535 4189/4819/5536 4227/4850/5537
f 4284/5050/5538 4215/4848/5539 4227/4850/5540
f 4227/4850/5541 4336/4849/5542 4284/5050/5543
s 1
f 4284/5050/5544 4336/4849/5322 4283/4855/5323
f 4283/4855/5323 4235/5045/5519 4369/5047/5527
f 4283/4855/5323 4369/5047/5527 4163/5046/5526
f 4283/4855/5323 4163/5046/5526 4371/5049/5529
s 0
f 4369/5047/5545 4235/5045/5546 4334/4843/5547
s 1
f 2022/4989/5443 2014/4988/5442 2021/5014/5477
f 2014/4988/5442 1920/4984/5438 2011/5051/5548
f 2014/4988/5442 2011/5051/5548 2024/5052/5549
f 2021/5014/5477 2014/4988/5442 2024/5052/5549
f 1984/5015/5478 2024/5052/5549 1993/5053/5550
f 1993/5053/5550 1834/5054/5551 1984/5015/5478
f 1895/5017/5480 1834/5054/5551 1804/4797/5248
f 1984/5015/5478 1834/5054/5551 1895/5017/5480
f 1984/5015/5478 2021/5014/5477 2024/5052/5549
f 175/4958/5399 27/4954/5396 2442/4956/5080
f 189/5055/5552 175/4958/5399 2442/4956/5080
f 175/4958/5399 189/5055/5552 518/5056/5553
f 175/4958/5399 518/5056/5553 662/4979/5430
f 189/5055/5552 2442/4956/5080 2313/5057/5082
f 189/5055/5552 2313/5057/5082 518/5056/5553
f 2313/5057/5082 2494/5058/5081 2285/5059/5084
f 2313/5057/5082 2285/5059/5084 200/5060/5554
s 0
f 200/5060/5555 2285/5059/5556 147/5061/5557
s 1
f 518/5056/5553 2313/5057/5082 200/5060/5554
f 518/5056/5553 200/5060/5554 528/5062/5558
f 528/5062/5558 1115/4981/5432 518/5056/5553
f 528/5062/5558 898/5063/5559 1115/4981/5432
f 1115/4981/5432 662/4979/5430 518/5056/5553
f 4221/4857/5325 4235/5045/5519 4283/4855/5323
f 4298/4854/5321 4221/4857/5325 4283/4855/5323
f 4314/4853/5319 4298/4854/5321 4283/4855/5323
f 1993/5064/5550 2024/5065/5549 1739/5066/5560
f 1920/5067/5438 1815/5068/5437 1896/5069/5561
f 1920/5067/5438 1896/5069/5561 1884/5070/5562
f 1815/5068/5437 1641/5071/5563 1896/5069/5561
f 1641/5071/5563 1815/5068/5437 1730/5072/5436
f 1641/5071/5563 1563/5073/5428 1401/5074/5564
f 1401/5074/5564 1563/5073/5428 1362/5075/5431
f 1190/5076/5565 1115/5077/5432 898/5078/5559
f 1115/5077/5432 1190/5076/5565 1362/5075/5431
f 1362/5075/5431 1190/5076/5565 1401/5074/5564
f 816/5079/5566 1190/5076/5565 898/5078/5559
f 816/5079/5566 898/5078/5559 568/5080/5567
f 413/5081/5568 330/5082/5569 568/5080/5567
s 0
f 413/5081/5570 141/5083/5571 330/5082/5572
s 1
f 141/5083/5573 230/5084/5574 330/5082/5569
f 330/5082/5569 271/5085/5575 590/5086/5576
f 330/5082/5569 230/5084/5574 271/5085/5575
f 816/5079/5566 984/5087/5577 1069/5088/5578
f 590/5086/5576 984/5087/5577 816/5079/5566
f 330/5082/5569 590/5086/5576 568/5080/5567
f 568/5080/5567 590/5086/5576 816/5079/5566
f 816/5079/5566 1069/5088/5578 1190/5076/5565
f 1588/5089/5579 1190/5076/5565 1069/5088/5578
f 1588/5089/5579 1401/5074/5564 1190/5076/5565
f 1401/5074/5564 1588/5089/5579 1640/5090/5580
f 1401/5074/5564 1640/5090/5580 1641/5071/5563
f 1641/5071/5563 1640/5090/5580 1896/5069/5561
f 1640/5090/5580 1724/5091/5581 1896/5069/5561
f 1724/5091/5581 1589/5092/5582 1660/5093/5583
f 1396/5094/5584 1589/5092/5582 1640/5090/5580
f 1640/5090/5580 1589/5092/5582 1724/5091/5581
f 1589/5092/5582 1396/5094/5584 1348/5095/5585
f 1396/5094/5584 1178/5096/5586 1348/5095/5585
f 1396/5094/5584 1126/5097/5587 1178/5096/5586
f 1178/5096/5586 1126/5097/5587 1052/5098/5588
f 1165/5099/5589 1348/5095/5585 1178/5096/5586
f 1165/5099/5589 1162/5100/5590 1348/5095/5585
f 1033/5101/5591 1178/5096/5586 1052/5098/5588
f 1178/5096/5586 1033/5101/5591 1165/5099/5589
f 1165/5099/5589 1033/5101/5591 1041/5102/5592
f 1041/5102/5592 1033/5101/5591 979/5103/5593
f 1033/5101/5591 1052/5098/5588 744/5104/5594
f 1052/5098/5588 843/5105/5595 744/5104/5594
f 843/5105/5595 1052/5098/5588 990/5106/5596
f 1033/5101/5591 744/5104/5594 979/5103/5593
f 979/5103/5593 744/5104/5594 848/5107/5597
f 848/5107/5597 744/5104/5594 728/5108/5598
f 744/5104/5594 678/5109/5599 728/5108/5598
f 728/5108/5598 678/5109/5599 583/5110/5600
f 728/5108/5598 583/5110/5600 612/5111/5601
f 612/5111/5601 583/5110/5600 519/5112/5602
f 612/5111/5601 519/5112/5602 697/5113/5603
f 440/5114/5604 583/5110/5600 678/5109/5599
f 519/5112/5602 583/5110/5600 263/5115/5605
f 583/5110/5600 111/5116/5606 263/5115/5605
f 111/5116/5606 583/5110/5600 440/5114/5604
f 393/5117/5607 440/5114/5604 678/5109/5599
f 678/5109/5599 744/5104/5594 843/5105/5595
f 607/5118/5608 678/5109/5599 843/5105/5595
f 607/5118/5608 393/5117/5607 678/5109/5599
f 607/5118/5608 843/5105/5595 760/5119/5609
f 393/5117/5607 607/5118/5608 760/5119/5609
f 760/5119/5609 843/5105/5595 990/5106/5596
f 760/5119/5609 990/5106/5596 746/5120/5610
f 746/5120/5610 990/5106/5596 937/5121/5611
f 746/5120/5610 937/5121/5611 984/5087/5577
f 984/5087/5577 937/5121/5611 1121/5122/5612
f 746/5120/5610 984/5087/5577 590/5086/5576
f 746/5120/5610 590/5086/5576 477/5123/5613
f 477/5123/5613 590/5086/5576 271/5085/5575
f 746/5120/5610 477/5123/5613 414/5124/5614
f 760/5119/5609 746/5120/5610 414/5124/5614
f 393/5117/5607 760/5119/5609 414/5124/5614
f 440/5114/5604 393/5117/5607 2368/5125/5615
f 440/5114/5604 2368/5125/5615 111/5116/5606
s 0
f 2399/5126/5616 393/5117/5617 414/5124/5618
s 1
f 230/5084/5574 414/5124/5614 271/5085/5575
f 271/5085/5575 414/5124/5614 477/5123/5613
f 230/5084/5574 2273/5127/5619 414/5124/5614
f 414/5124/5614 2273/5127/5619 2399/5126/5620
f 2273/5127/5619 2314/5128/5621 2605/5129/5622
f 2605/5129/5622 2399/5126/5620 2273/5127/5619
f 2399/5126/5620 2605/5129/5622 2595/5130/5623
f 393/5117/5607 2399/5126/5620 2368/5125/5615
f 2368/5125/5615 2497/5131/5624 111/5116/5606
f 2497/5131/5624 3/5132/5625 111/5116/5606
f 263/5115/5605 111/5116/5606 65/5133/5626
f 111/5116/5606 3/5132/5625 65/5133/5626
f 263/5115/5605 348/5134/5627 519/5112/5602
f 348/5134/5627 263/5115/5605 265/5135/5628
f 265/5135/5628 263/5115/5605 65/5133/5626
f 697/5113/5603 519/5112/5602 348/5134/5627
f 707/5136/5629 697/5113/5603 348/5134/5627
f 348/5134/5627 265/5135/5628 605/5137/5630
f 348/5134/5627 605/5137/5630 707/5136/5629
f 265/5135/5628 65/5133/5626 2327/5138/5631
f 3/5132/5625 2497/5131/5624 2693/5139/5632
f 2693/5139/5632 2497/5131/5624 2738/5140/5633
f 2497/5131/5624 2368/5125/5615 2595/5130/5623
f 2595/5130/5623 2368/5125/5615 2399/5126/5620
f 2595/5130/5623 2738/5140/5633 2497/5131/5624
f 2738/5140/5633 2895/5141/5634 2693/5139/5632
f 3/5132/5625 2693/5139/5632 2617/5142/5635
f 2693/5139/5632 2895/5141/5634 2902/5143/5636
f 2617/5142/5635 2693/5139/5632 2902/5143/5636
f 2902/5143/5636 2895/5141/5634 3035/5144/5637
f 3/5132/5625 2617/5142/5635 2447/5145/5638
f 3/5132/5625 2447/5145/5638 65/5133/5626
f 2902/5143/5636 2780/5146/5639 2617/5142/5635
f 2617/5142/5635 2459/5147/5640 2447/5145/5638
f 2447/5145/5638 2459/5147/5640 2327/5138/5631
f 65/5133/5626 2447/5145/5638 2327/5138/5631
f 265/5135/5628 2327/5138/5631 169/5148/5641
f 265/5135/5628 169/5148/5641 605/5137/5630
f 2327/5138/5631 2459/5147/5640 83/5149/5642
f 2459/5147/5640 2617/5142/5635 2583/5150/5643
f 2583/5150/5643 2617/5142/5635 2780/5146/5639
f 83/5149/5642 2459/5147/5640 2253/5151/5644
f 2253/5151/5644 2459/5147/5640 2583/5150/5643
f 2583/5150/5643 2714/5152/5645 2253/5151/5644
f 2780/5146/5639 2881/5153/5646 2583/5150/5643
f 2881/5153/5646 2780/5146/5639 2902/5143/5636
f 2714/5152/5645 2583/5150/5643 2881/5153/5646
f 3142/5154/5647 2881/5153/5646 2902/5143/5636
f 2881/5153/5646 3142/5154/5647 3235/5155/5648
f 3142/5154/5647 2902/5143/5636 3035/5144/5637
f 3235/5155/5648 3142/5154/5647 3467/5156/5649
f 3467/5156/5649 3616/5157/5650 2998/5158/5651
f 3020/5159/5652 3235/5155/5648 3467/5156/5649
f 3020/5159/5652 3467/5156/5649 2998/5158/5651
f 3235/5155/5648 3020/5159/5652 2881/5153/5646
f 2998/5158/5651 2861/5160/5653 2674/5161/5654
f 2998/5158/5651 2674/5161/5654 3020/5159/5652
f 2881/5153/5646 3020/5159/5652 2714/5152/5645
f 2714/5152/5645 3020/5159/5652 2674/5161/5654
f 2714/5152/5645 2674/5161/5654 2425/5162/5655
f 2714/5152/5645 2425/5162/5655 2253/5151/5644
f 2425/5162/5655 2674/5161/5654 2387/5163/5656
f 257/5164/5657 2253/5151/5644 2425/5162/5655
f 2253/5151/5644 257/5164/5657 254/5165/5658
f 254/5165/5658 257/5164/5657 387/5166/5659
f 222/5167/5660 254/5165/5658 387/5166/5659
f 83/5149/5642 254/5165/5658 222/5167/5660
f 2253/5151/5644 254/5165/5658 83/5149/5642
f 83/5149/5642 222/5167/5660 2327/5138/5631
f 2327/5138/5631 222/5167/5660 169/5148/5641
f 169/5148/5641 222/5167/5660 605/5137/5630
f 605/5137/5630 222/5167/5660 1037/5168/5661
f 1037/5168/5661 222/5167/5660 387/5166/5659
f 779/5169/5662 605/5137/5630 1037/5168/5661
f 707/5136/5629 605/5137/5630 779/5169/5662
f 707/5136/5629 779/5169/5662 1244/5170/5663
f 779/5169/5662 1037/5168/5661 1299/5171/5664
f 1244/5170/5663 779/5169/5662 1299/5171/5664
f 707/5136/5629 1244/5170/5663 1229/5172/5665
f 697/5113/5603 707/5136/5629 908/5173/5666
f 612/5111/5601 697/5113/5603 908/5173/5666
f 908/5173/5666 707/5136/5629 1229/5172/5665
f 612/5111/5601 908/5173/5666 993/5174/5667
f 612/5111/5601 993/5174/5667 728/5108/5598
f 993/5174/5667 908/5173/5666 1143/5175/5668
f 728/5108/5598 993/5174/5667 975/5176/5669
f 975/5176/5669 993/5174/5667 1113/5177/5670
f 1113/5177/5670 993/5174/5667 1143/5175/5668
f 728/5108/5598 975/5176/5669 848/5107/5597
f 848/5107/5597 975/5176/5669 1281/5178/5671
f 848/5107/5597 1281/5178/5671 1008/5179/5672
f 848/5107/5597 1008/5179/5672 979/5103/5593
f 1008/5179/5672 1281/5178/5671 1101/5180/5673
f 1281/5178/5671 975/5176/5669 1113/5177/5670
f 1281/5178/5671 1113/5177/5670 1583/5181/5674
f 1637/5182/5675 1113/5177/5670 1143/5175/5668
f 1113/5177/5670 1637/5182/5675 1583/5181/5674
f 1143/5175/5668 1459/5183/5676 1658/5184/5677
f 1143/5175/5668 908/5173/5666 1459/5183/5676
f 1459/5183/5676 908/5173/5666 1229/5172/5665
f 1459/5183/5676 1229/5172/5665 1490/5185/5678
f 1490/5185/5678 1229/5172/5665 1244/5170/5663
f 1459/5183/5676 1490/5185/5678 1791/5186/5679
f 1490/5185/5678 1244/5170/5663 1299/5171/5664
f 1490/5185/5678 1299/5171/5664 1635/5187/5680
f 1299/5171/5664 1509/5188/5681 1635/5187/5680
f 1490/5185/5678 1635/5187/5680 1642/5189/5682
f 1490/5185/5678 1642/5189/5682 1791/5186/5679
f 1299/5171/5664 1037/5168/5661 1509/5188/5681
f 1037/5168/5661 1302/5190/5683 1509/5188/5681
f 1037/5168/5661 1131/5191/5684 1302/5190/5683
f 1131/5191/5684 1037/5168/5661 387/5166/5659
f 1131/5191/5684 387/5166/5659 711/5192/5685
f 387/5166/5659 257/5164/5657 711/5192/5685
f 257/5164/5657 2425/5162/5655 367/5193/5686
f 367/5193/5686 2425/5162/5655 2387/5163/5656
f 367/5193/5686 2387/5163/5656 261/5194/5687
f 261/5194/5687 2387/5163/5656 2496/5195/5688
f 2496/5195/5688 2232/5196/5689 261/5194/5687
f 261/5194/5687 408/5197/5690 531/5198/5691
f 261/5194/5687 531/5198/5691 367/5193/5686
f 367/5193/5686 531/5198/5691 257/5164/5657
f 257/5164/5657 531/5198/5691 711/5192/5685
f 890/5199/5692 711/5192/5685 531/5198/5691
f 711/5192/5685 890/5199/5692 1131/5191/5684
f 1131/5191/5684 890/5199/5692 1302/5190/5683
f 1418/5200/5693 1302/5190/5683 1368/5201/5694
f 1302/5190/5683 1418/5200/5693 1509/5188/5681
f 1635/5187/5680 1509/5188/5681 1418/5200/5693
f 1635/5187/5680 1418/5200/5693 1642/5189/5682
f 1642/5189/5682 1346/5202/5695 1791/5186/5679
s 0
f 1642/5189/5696 1418/5200/5697 1368/5201/5698
f 1642/5189/5699 1368/5201/5700 1346/5202/5701
f 1346/5202/5702 1368/5201/5703 867/5203/5704
s 1
f 1346/5202/5695 867/5203/5705 880/5204/5706
f 1368/5201/5694 1302/5190/5683 890/5199/5692
f 867/5203/5705 1368/5201/5694 890/5199/5692
f 867/5203/5705 890/5199/5692 531/5198/5691
f 531/5198/5691 408/5197/5690 672/5205/5707
f 867/5203/5705 531/5198/5691 672/5205/5707
f 880/5204/5706 867/5203/5705 672/5205/5707
f 1346/5202/5695 880/5204/5706 1693/5206/5708
f 1346/5202/5695 1693/5206/5708 1791/5186/5679
f 1693/5206/5708 880/5204/5706 1677/5207/5709
f 1791/5186/5679 1658/5184/5677 1459/5183/5676
f 1658/5184/5677 1791/5186/5679 1794/5208/5710
f 1658/5184/5677 1794/5208/5710 1637/5182/5675
f 1794/5208/5710 1791/5186/5679 1677/5207/5709
f 1677/5207/5709 1791/5186/5679 1693/5206/5708
f 1658/5184/5677 1637/5182/5675 1143/5175/5668
f 1794/5208/5710 1617/5209/5711 1751/5210/5712
f 1637/5182/5675 1794/5208/5710 1751/5210/5712
f 1637/5182/5675 1751/5210/5712 1583/5181/5674
f 1751/5210/5712 1617/5209/5711 1689/5211/5713
f 1689/5211/5713 1617/5209/5711 1470/5212/5714
f 1583/5181/5674 1751/5210/5712 1689/5211/5713
f 1383/5213/5715 1689/5211/5713 1553/5214/5716
f 1689/5211/5713 1383/5213/5715 1583/5181/5674
f 1553/5214/5716 1326/5215/5717 1183/5216/5718
f 1383/5213/5715 1553/5214/5716 1214/5217/5719
f 1553/5214/5716 1183/5216/5718 1214/5217/5719
f 1281/5178/5671 1583/5181/5674 1383/5213/5715
f 1281/5178/5671 1383/5213/5715 1214/5217/5719
f 1281/5178/5671 1214/5217/5719 1101/5180/5673
f 1214/5217/5719 1183/5216/5718 1101/5180/5673
f 1008/5179/5672 1101/5180/5673 1044/5218/5720
f 1101/5180/5673 1183/5216/5718 1026/5219/5721
f 1101/5180/5673 1026/5219/5721 1044/5218/5720
f 1044/5218/5720 1026/5219/5721 940/5220/5722
f 1026/5219/5721 983/5221/5723 940/5220/5722
f 1044/5218/5720 940/5220/5722 973/5222/5724
f 1044/5218/5720 973/5222/5724 1041/5102/5592
f 1041/5102/5592 979/5103/5593 1044/5218/5720
f 1044/5218/5720 979/5103/5593 1008/5179/5672
f 1165/5099/5589 1041/5102/5592 973/5222/5724
f 1162/5100/5590 1165/5099/5589 973/5222/5724
f 1348/5095/5585 1162/5100/5590 1344/5223/5725
f 1348/5095/5585 1660/5093/5583 1589/5092/5582
f 1348/5095/5585 1344/5223/5725 1660/5093/5583
f 1187/5224/5726 1344/5223/5725 1162/5100/5590
f 1660/5093/5583 1344/5223/5725 1174/5225/5727
f 1174/5225/5727 1344/5223/5725 1187/5224/5726
f 1187/5224/5726 1162/5100/5590 1029/5226/5728
f 1029/5226/5728 1162/5100/5590 973/5222/5724
f 1514/5227/5729 1660/5093/5583 1174/5225/5727
f 1514/5227/5729 1174/5225/5727 1341/5228/5730
f 1660/5093/5583 1514/5227/5729 1769/5229/5731
f 1660/5093/5583 1769/5229/5731 1884/5070/5562
f 1660/5093/5583 1884/5070/5562 1724/5091/5581
f 1884/5070/5562 1896/5069/5561 1724/5091/5581
f 1769/5229/5731 1514/5227/5729 1549/5230/5732
f 2011/5231/5548 1884/5070/5562 1769/5229/5731
f 2011/5231/5548 1769/5229/5731 1968/5232/5733
f 1769/5229/5731 1549/5230/5732 1968/5232/5733
f 1549/5230/5732 1514/5227/5729 1341/5228/5730
f 1549/5230/5732 1739/5066/5560 1968/5232/5733
f 1549/5230/5732 1341/5228/5730 1425/5233/5734
f 1549/5230/5732 1425/5233/5734 1739/5066/5560
f 1425/5233/5734 1638/5234/5735 1739/5066/5560
f 1739/5066/5560 1638/5234/5735 1993/5064/5550
f 1638/5234/5735 1834/5235/5551 1993/5064/5550
f 1834/5235/5551 1638/5234/5735 1804/5236/5248
f 1804/5236/5248 1638/5234/5735 1282/5237/5252
f 1282/5237/5252 1638/5234/5735 1425/5233/5734
f 996/5238/5736 1282/5237/5252 1425/5233/5734
f 996/5238/5736 1425/5233/5734 1341/5228/5730
f 1341/5228/5730 1174/5225/5727 1020/5239/5737
f 1020/5239/5737 1174/5225/5727 1187/5224/5726
f 1020/5239/5737 1187/5224/5726 1029/5226/5728
f 1029/5226/5728 973/5222/5724 873/5240/5738
f 973/5222/5724 940/5220/5722 873/5240/5738
f 1029/5226/5728 873/5240/5738 708/5241/5739
f 873/5240/5738 940/5220/5722 731/5242/5740
f 731/5242/5740 940/5220/5722 983/5221/5723
f 873/5240/5738 731/5242/5740 708/5241/5739
f 983/5221/5723 720/5243/5741 731/5242/5740
f 720/5243/5741 983/5221/5723 988/5244/5742
s 0
f 731/5242/5743 720/5243/5744 560/5245/5745
f 560/5245/5746 720/5243/5747 425/5246/5748
s 1
f 425/5246/5749 720/5243/5741 610/5247/5750
f 610/5247/5750 720/5243/5741 988/5244/5742
f 610/5247/5750 988/5244/5742 727/5248/5751
f 727/5248/5751 988/5244/5742 860/5249/5752
f 727/5248/5751 585/5250/5753 610/5247/5750
f 610/5247/5750 585/5250/5753 395/5251/5754
f 425/5246/5749 610/5247/5750 395/5251/5754
f 731/5242/5740 560/5245/5755 545/5252/5756
f 731/5242/5740 545/5252/5756 708/5241/5739
f 248/5253/5757 545/5252/5756 560/5245/5755
f 248/5253/5757 560/5245/5755 425/5246/5749
f 545/5252/5756 248/5253/5757 259/5254/5758
f 248/5253/5757 425/5246/5749 395/5251/5754
f 585/5250/5753 278/5255/5759 395/5251/5754
f 278/5255/5759 48/5256/5760 395/5251/5754
f 248/5253/5757 395/5251/5754 127/5257/5761
f 248/5253/5757 127/5257/5761 259/5254/5758
f 259/5254/5758 181/5258/5762 545/5252/5756
f 545/5252/5756 181/5258/5762 611/5259/5763
f 181/5258/5762 383/5260/5764 611/5259/5763
f 181/5258/5762 259/5254/5758 2268/5261/5765
f 2268/5261/5765 259/5254/5758 127/5257/5761
f 127/5257/5761 395/5251/5754 2446/5262/5766
f 2446/5262/5766 395/5251/5754 48/5256/5760
f 2446/5262/5766 48/5256/5760 14/5263/5767
f 2446/5262/5766 14/5263/5767 2700/5264/5768
f 2700/5264/5768 14/5263/5767 2612/5265/5769
f 2446/5262/5766 2700/5264/5768 127/5257/5761
f 127/5257/5761 2700/5264/5768 2484/5266/5770
f 2901/5267/5771 2612/5265/5769 3014/5268/5772
f 2901/5267/5771 3014/5268/5772 3044/5269/5773
f 127/5257/5761 2484/5266/5770 2268/5261/5765
f 2268/5261/5765 2484/5266/5770 2410/5270/5774
f 181/5258/5762 2268/5261/5765 71/5271/5775
f 2268/5261/5765 2410/5270/5774 71/5271/5775
f 181/5258/5762 71/5271/5775 383/5260/5764
f 383/5260/5764 71/5271/5775 371/5272/5776
f 383/5260/5764 693/5273/5777 611/5259/5763
f 693/5273/5777 383/5260/5764 371/5272/5776
f 611/5259/5763 693/5273/5777 812/5274/5778
f 545/5252/5756 611/5259/5763 708/5241/5739
f 708/5241/5739 611/5259/5763 1020/5239/5737
f 611/5259/5763 812/5274/5778 1020/5239/5737
f 1020/5239/5737 812/5274/5778 1341/5228/5730
f 708/5241/5739 1020/5239/5737 1029/5226/5728
f 1341/5228/5730 812/5274/5778 996/5238/5736
f 812/5274/5778 693/5273/5777 757/5275/5779
f 996/5238/5736 812/5274/5778 757/5275/5779
f 1282/5237/5252 996/5238/5736 757/5275/5779
f 1282/5237/5252 757/5275/5779 838/5276/5253
f 838/5276/5253 757/5275/5779 565/5277/5254
f 565/5277/5254 757/5275/5779 693/5273/5777
f 565/5277/5254 693/5273/5777 371/5272/5776
f 565/5277/5254 371/5272/5776 241/5278/5256
f 241/5278/5256 371/5272/5776 71/5271/5775
f 29/5279/5780 241/5278/5256 71/5271/5775
f 241/5278/5256 29/5279/5780 112/5280/5257
f 29/5279/5780 71/5271/5775 2410/5270/5774
f 112/5280/5257 29/5279/5780 2477/5281/5260
f 2477/5281/5260 29/5279/5780 2410/5270/5774
f 2506/5282/5781 2410/5270/5774 2484/5266/5770
f 2477/5281/5260 2410/5270/5774 2506/5282/5781
f 2477/5281/5260 2506/5282/5781 3051/5283/5263
f 2506/5282/5781 2484/5266/5770 2901/5267/5771
f 2901/5267/5771 2484/5266/5770 2700/5264/5768
f 2901/5267/5771 2700/5264/5768 2612/5265/5769
f 2901/5267/5771 3051/5283/5263 2506/5282/5781
f 3051/5283/5263 2901/5267/5771 3044/5269/5773
f 2477/5281/5260 3051/5283/5263 3010/5284/5261
f 3195/5285/5264 3051/5283/5263 3394/5286/5266
f 3394/5286/5266 3051/5283/5263 3044/5269/5773
f 528/5287/5558 568/5288/5567 898/5289/5559
f 413/5290/5568 568/5288/5567 482/5291/5782
f 413/5290/5568 482/5291/5782 141/5292/5573
f 482/5291/5782 568/5288/5567 147/5293/5783
f 147/5293/5783 568/5288/5567 528/5287/5558
f 141/5292/5573 482/5291/5782 136/5294/5784
f 43/5295/5785 7/5296/5786 141/5292/5573
f 43/5295/5785 141/5292/5573 136/5294/5784
f 141/5292/5573 7/5296/5786 115/5297/5787
f 115/5297/5787 7/5296/5786 2333/5298/5788
f 141/5292/5573 115/5297/5787 230/5299/5574
f 2367/5300/5789 115/5297/5787 2333/5298/5788
f 230/5299/5574 115/5297/5787 2314/5301/5621
f 230/5299/5574 2314/5301/5621 2273/5302/5619
f 115/5297/5787 2367/5300/5789 2314/5301/5621
f 2314/5301/5621 2367/5300/5789 2814/5303/5790
f 2814/5303/5790 2367/5300/5789 2715/5304/5791
f 2367/5300/5789 2333/5298/5788 2719/5305/5792
f 2715/5304/5791 2367/5300/5789 2719/5305/5792
f 2333/5298/5788 2495/5306/5793 2719/5305/5792
f 2333/5298/5788 7/5296/5786 43/5295/5785
s 0
f 2333/5298/5794 43/5295/5795 2495/5306/5796
s 1
f 2483/5307/5797 43/5295/5785 136/5294/5784
s 0
f 43/5295/5798 2483/5307/5799 2495/5306/5800
s 1
f 2495/5306/5793 2760/5308/5801 2719/5305/5792
s 0
f 2760/5308/5802 2495/5306/5803 2483/5307/5804
s 1
f 2715/5304/5791 2719/5305/5792 2850/5309/5805
f 2850/5309/5805 2719/5305/5792 2760/5308/5801
f 2715/5304/5791 2850/5309/5805 2970/5310/5806
f 2814/5303/5790 2715/5304/5791 2970/5310/5806
s 0
f 2814/5303/5807 2970/5310/5808 3331/5311/5809
s 1
f 2314/5301/5621 2814/5303/5790 2605/5312/5622
f 2595/5313/5623 2605/5312/5622 2779/5314/5810
f 2595/5313/5623 2779/5314/5810 2738/5315/5633
f 2779/5314/5810 2605/5312/5622 2814/5303/5790
f 2779/5314/5810 2814/5303/5790 3331/5311/5811
f 2738/5315/5633 2819/5316/5812 2895/5317/5634
f 2819/5316/5812 2738/5315/5633 2779/5314/5810
f 2819/5316/5812 2779/5314/5810 3331/5311/5811
f 3331/5311/5811 3740/5318/5813 2819/5316/5812
f 3740/5318/5813 3735/5319/5814 2819/5316/5812
f 2819/5316/5812 3735/5319/5814 3184/5320/5815
f 2895/5317/5634 2819/5316/5812 3184/5320/5815
f 3740/5318/5813 3906/5321/5816 3735/5319/5814
f 3735/5319/5814 4058/5322/5817 3546/5323/5818
f 3735/5319/5814 3546/5323/5818 3184/5320/5815
f 3035/5324/5637 2895/5317/5634 3184/5320/5815
f 3184/5320/5815 3546/5323/5818 3035/5325/5637
f 3035/5325/5637 3546/5323/5818 3142/5326/5647
f 4058/5322/5817 3735/5319/5814 3947/5327/5819
f 3947/5327/5819 3735/5319/5814 3906/5321/5816
f 4058/5322/5817 4060/5328/5820 3546/5323/5818
f 4060/5328/5820 4058/5322/5817 4044/5329/5821
f 3546/5323/5818 4060/5328/5820 3772/5330/5822
f 4060/5328/5820 3898/5331/5823 3772/5330/5822
f 3898/5331/5823 4060/5328/5820 3987/5332/5824
f 3546/5323/5818 3772/5330/5822 3467/5333/5649
f 3546/5323/5818 3467/5333/5649 3142/5326/5647
f 3467/5333/5649 3772/5330/5822 3873/5334/5825
f 3467/5333/5649 3873/5334/5825 3616/5335/5650
f 3873/5334/5825 3772/5330/5822 3898/5331/5823
f 3616/5335/5650 3873/5334/5825 3808/5336/5826
f 3873/5334/5825 3898/5331/5823 3808/5336/5826
f 3083/5337/5827 3808/5336/5826 3898/5331/5823
f 4044/5329/5821 3987/5332/5824 4060/5328/5820
f 3987/5332/5824 4044/5329/5821 3632/5338/5828
f 4058/5322/5817 3889/5339/5829 4044/5329/5821
f 4058/5322/5817 3947/5327/5819 3889/5339/5829
f 4044/5329/5821 3889/5339/5829 3424/5340/5830
f 3889/5339/5829 3947/5327/5819 3960/5341/5831
f 3767/5342/5832 3889/5339/5829 3960/5341/5831
f 3767/5342/5832 3960/5341/5831 3874/5343/5833
f 3874/5343/5833 3960/5341/5831 3927/5344/5834
f 3767/5342/5832 3874/5343/5833 3491/5345/5835
f 3874/5343/5833 3554/5346/5836 3491/5345/5835
f 3554/5346/5836 3874/5343/5833 3475/5347/5837
f 3767/5342/5832 3491/5345/5835 3889/5339/5829
f 3889/5339/5829 3491/5345/5835 3404/5348/5838
f 3889/5339/5829 3404/5348/5838 3424/5340/5830
f 4044/5329/5821 3424/5340/5830 3632/5338/5828
f 3404/5348/5838 3276/5349/5839 3424/5340/5830
f 3276/5349/5839 3404/5348/5838 3285/5350/5840
f 3424/5340/5830 3276/5349/5839 3264/5351/5841
f 3285/5350/5840 3404/5348/5838 3491/5345/5835
f 3285/5350/5840 3491/5345/5835 3287/5352/5842
f 3276/5349/5839 3285/5350/5840 3067/5353/5843
f 3067/5353/5843 3285/5350/5840 3077/5354/5844
f 3276/5349/5839 3067/5353/5843 2951/5355/5845
f 2951/5355/5845 3069/5356/5846 3276/5349/5839
s 0
f 3276/5349/5847 3069/5356/5848 3264/5351/5849
s 1
f 3264/5351/5841 3069/5356/5850 3258/5357/5851
f 3424/5340/5830 3264/5351/5841 3632/5338/5828
f 3632/5338/5828 3264/5351/5841 3258/5357/5851
f 3987/5332/5824 3632/5338/5828 3258/5357/5851
f 3987/5332/5824 3258/5357/5851 3898/5331/5823
s 0
f 3898/5331/5852 3258/5357/5853 3373/5358/5854
s 1
f 3898/5331/5823 3373/5358/5855 3083/5337/5827
f 3373/5358/5855 3258/5357/5851 3254/5359/5856
f 3373/5358/5855 3254/5359/5856 3089/5360/5857
f 3083/5337/5827 3373/5358/5855 3089/5360/5857
f 3808/5336/5826 3083/5337/5827 3616/5335/5650
f 3616/5335/5650 3083/5337/5827 2998/5361/5651
f 2998/5361/5651 3083/5337/5827 2861/5362/5653
f 2861/5362/5653 3083/5337/5827 3089/5360/5857
f 2861/5362/5653 3089/5360/5857 2514/5363/5858
s 0
f 2906/5364/5859 3254/5359/5860 3069/5356/5861
s 1
f 3069/5356/5850 3254/5359/5856 3258/5357/5851
f 3069/5356/5846 2951/5355/5845 2906/5364/5862
f 3089/5360/5857 3254/5359/5856 2906/5364/5862
f 2886/5365/5863 2906/5364/5862 2951/5355/5845
f 2886/5365/5863 2951/5355/5845 3067/5353/5843
f 2929/5366/5864 3067/5353/5843 3077/5354/5844
f 3067/5353/5843 2929/5366/5864 2390/5367/5865
f 3067/5353/5843 2390/5367/5865 2886/5365/5863
f 3285/5350/5840 3178/5368/5866 3077/5354/5844
f 2929/5366/5864 3077/5354/5844 2937/5369/5867
f 3077/5354/5844 3178/5368/5866 3079/5370/5868
f 3079/5370/5868 3178/5368/5866 3198/5371/5869
f 2929/5366/5864 2937/5369/5867 2765/5372/5870
f 2937/5369/5867 3077/5354/5844 3079/5370/5868
f 2390/5367/5865 2929/5366/5864 2480/5373/5871
f 2480/5373/5871 2929/5366/5864 2765/5372/5870
f 2480/5373/5871 2765/5372/5870 117/5374/5872
f 117/5374/5872 2765/5372/5870 2493/5375/5873
f 2765/5372/5870 2578/5376/5874 2493/5375/5873
f 2578/5376/5874 2765/5372/5870 2937/5369/5867
f 2942/5377/5875 2578/5376/5874 2937/5369/5867
f 2942/5377/5875 2937/5369/5867 3079/5370/5868
s 0
f 2942/5377/5876 3079/5370/5877 3084/5378/5878
s 1
f 2942/5377/5875 3084/5378/5879 2578/5376/5874
f 2578/5376/5874 3084/5378/5879 2864/5379/5880
f 2578/5376/5874 2864/5379/5880 2493/5375/5873
f 2864/5379/5880 2689/5380/5881 2512/5381/5882
f 2405/5382/5883 2512/5381/5882 2408/5383/5884
f 25/5384/5885 2512/5381/5882 2405/5382/5883
f 25/5384/5885 2405/5382/5883 31/5385/5886
f 31/5385/5886 2405/5382/5883 88/5386/5887
f 31/5385/5886 88/5386/5887 481/5387/5888
f 88/5386/5887 2405/5382/5883 2408/5383/5884
s 0
f 59/5388/5889 88/5386/5890 2408/5383/5891
s 1
f 2530/5389/5892 2408/5383/5884 2512/5381/5882
f 2530/5389/5892 2512/5381/5882 2689/5380/5881
f 2689/5380/5881 2793/5390/5893 2530/5389/5892
f 59/5388/5894 2408/5383/5884 2414/5391/5895
f 88/5386/5887 59/5388/5894 481/5387/5888
f 278/5392/5759 59/5388/5894 2414/5391/5895
f 585/5393/5753 481/5387/5888 59/5388/5894
f 59/5388/5894 278/5392/5759 585/5393/5753
f 2414/5391/5895 2408/5383/5884 2526/5394/5896
f 278/5392/5759 2414/5391/5895 14/5395/5767
f 278/5392/5759 14/5395/5767 48/5396/5760
f 481/5387/5888 585/5393/5753 727/5397/5751
f 481/5387/5888 727/5397/5751 622/5398/5897
f 622/5398/5897 727/5397/5751 860/5399/5752
f 717/5400/5898 622/5398/5897 860/5399/5752
f 622/5398/5897 717/5400/5898 454/5401/5899
f 622/5398/5897 454/5401/5899 481/5387/5888
f 800/5402/5900 717/5400/5898 860/5399/5752
f 800/5402/5900 860/5399/5752 1081/5403/5901
f 1150/5404/5902 800/5402/5900 1323/5405/5903
f 1314/5406/5904 1150/5404/5902 1323/5405/5903
f 1150/5404/5902 1314/5406/5904 1193/5407/5905
f 1193/5407/5905 1314/5406/5904 1470/5408/5714
f 1314/5406/5904 1323/5405/5903 1462/5409/5906
f 1553/5410/5716 1462/5409/5906 1323/5405/5903
f 1462/5409/5906 1553/5410/5716 1689/5411/5713
f 1462/5409/5906 1689/5411/5713 1470/5408/5714
f 1553/5410/5716 1323/5405/5903 1326/5412/5717
f 1323/5405/5903 800/5402/5900 1081/5403/5901
f 1323/5405/5903 1081/5403/5901 1128/5413/5907
f 1323/5405/5903 1128/5413/5907 1326/5412/5717
f 1326/5412/5717 1128/5413/5907 1183/5414/5718
f 1026/5415/5721 1183/5414/5718 983/5416/5723
f 983/5416/5723 1183/5414/5718 1128/5413/5907
f 1128/5413/5907 1081/5403/5901 988/5417/5742
f 983/5416/5723 1128/5413/5907 988/5417/5742
f 988/5417/5742 1081/5403/5901 860/5399/5752
f 147/5293/5783 528/5287/5558 200/5418/5554
f 20/5419/5908 482/5291/5782 147/5293/5783
f 482/5291/5782 20/5419/5908 136/5294/5784
f 136/5294/5784 2349/5420/5909 2483/5307/5797
f 136/5294/5784 20/5419/5908 2349/5420/5909
f 2349/5420/5909 20/5419/5908 2517/5421/5910
f 2517/5421/5910 20/5419/5908 2285/5422/5084
f 2285/5422/5084 20/5419/5908 147/5293/5783
f 2517/5421/5910 2285/5422/5084 2487/5423/5083
f 2487/5423/5083 2788/5424/5085 2773/5425/5911
f 2788/5424/5085 3163/5426/5087 3025/5427/5912
s 0
f 2773/5425/5913 2788/5424/5914 3025/5427/5915
s 1
f 3485/5428/5327 3633/5429/5326 3993/5430/5324
f 3163/5426/5087 3485/5428/5327 3025/5427/5912
f 3025/5427/5912 3485/5428/5327 3094/5431/5916
f 3025/5427/5912 3094/5431/5916 3075/5432/5917
f 3025/5427/5912 2928/5433/5918 2773/5425/5911
f 2644/5434/5919 2928/5433/5918 2792/5435/5920
s 0
f 2928/5433/5921 3016/5436/5922 2792/5435/5923
s 1
f 2928/5433/5918 3025/5427/5912 3075/5432/5917
f 2928/5433/5918 3075/5432/5917 3016/5436/5924
f 3016/5436/5924 3075/5432/5917 3113/5437/5925
f 3016/5436/5924 3113/5437/5925 2939/5438/5926
s 0
f 3016/5436/5927 2939/5438/5928 2792/5435/5929
s 1
f 2792/5435/5920 2650/5439/5930 2644/5434/5919
f 2928/5433/5918 2644/5434/5919 2773/5425/5911
f 2773/5425/5911 2644/5434/5919 2517/5421/5910
f 2773/5425/5911 2517/5421/5910 2487/5423/5083
f 2517/5421/5910 2644/5434/5919 2349/5420/5909
f 2349/5420/5909 2644/5434/5919 2650/5439/5930
f 2349/5420/5909 2650/5439/5930 2483/5307/5797
f 2764/5440/5931 2483/5307/5797 2650/5439/5930
f 2764/5440/5931 2650/5439/5930 2792/5435/5920
f 2483/5307/5797 2764/5440/5931 2760/5308/5801
f 2760/5308/5801 2764/5440/5931 2927/5441/5932
f 2764/5440/5931 2792/5435/5920 2927/5441/5932
f 2927/5441/5932 2792/5435/5920 2939/5438/5933
s 0
f 3064/5442/5934 2927/5441/5935 2939/5438/5936
s 1
f 3097/5443/5937 2927/5441/5932 3064/5442/5938
f 3064/5442/5938 2939/5438/5926 3113/5437/5925
f 3064/5442/5938 3113/5437/5925 3210/5444/5939
f 3113/5437/5925 3313/5445/5940 3210/5444/5939
f 3097/5443/5937 3064/5442/5938 3233/5446/5941
f 3233/5446/5941 3064/5442/5938 3210/5444/5939
f 2927/5441/5932 3097/5443/5937 2760/5308/5801
f 2760/5308/5801 3097/5443/5937 3211/5447/5942
f 3356/5448/5943 3097/5443/5937 3233/5446/5941
f 3097/5443/5937 3356/5448/5943 3211/5447/5942
f 2760/5308/5801 3211/5447/5942 2850/5309/5805
f 2850/5309/5805 3211/5447/5942 3240/5449/5944
s 0
f 2850/5309/5945 3240/5449/5946 2970/5310/5947
s 1
f 3240/5449/5944 3211/5447/5942 3356/5448/5943
f 3331/5311/5948 2970/5310/5949 3240/5449/5944
s 0
f 3331/5311/5950 3726/5450/5951 3740/5318/5952
s 1
f 3331/5311/5948 3240/5449/5944 3726/5450/5953
f 3379/5451/5954 3356/5448/5943 3233/5446/5941
f 3356/5448/5943 3379/5451/5954 3726/5450/5953
f 3356/5448/5943 3726/5450/5953 3240/5449/5944
f 3475/5347/5837 3379/5451/5954 3233/5446/5941
f 3256/5452/5955 3233/5446/5941 3210/5444/5939
f 3272/5453/5956 3256/5452/5955 3210/5444/5939
f 3233/5446/5941 3256/5452/5955 3475/5347/5837
f 3379/5451/5954 3475/5347/5837 3751/5454/5957
f 3379/5451/5954 3751/5454/5957 3726/5450/5953
f 3475/5347/5837 3874/5343/5833 3751/5454/5957
f 3751/5454/5957 3874/5343/5833 3927/5344/5834
f 3833/5455/5958 3726/5450/5953 3751/5454/5957
f 3833/5455/5958 3751/5454/5957 3927/5344/5834
f 3740/5318/5813 3726/5450/5953 3833/5455/5958
f 3740/5318/5813 3833/5455/5958 3906/5321/5816
f 3947/5327/5819 3906/5321/5816 3960/5341/5831
f 3960/5341/5831 3906/5321/5816 3927/5344/5834
f 3927/5344/5834 3906/5321/5816 3833/5455/5958
f 3044/5456/5773 3109/5457/5959 3394/5458/5266
f 3394/5458/5266 3109/5457/5959 3339/5459/5960
f 3109/5457/5959 3044/5456/5773 3014/5460/5772
f 3014/5460/5772 2612/5461/5769 2673/5462/5961
f 2612/5461/5769 2526/5394/5896 2673/5462/5961
f 2526/5394/5896 2612/5461/5769 14/5395/5767
f 2526/5394/5896 14/5395/5767 2414/5391/5895
f 3014/5460/5772 2673/5462/5961 3060/5463/5962
f 3060/5463/5962 2673/5462/5961 2807/5464/5963
f 3109/5457/5959 3014/5460/5772 3112/5465/5964
f 3112/5465/5964 3014/5460/5772 3060/5463/5962
f 3339/5459/5960 3109/5457/5959 3112/5465/5964
f 3339/5459/5960 3112/5465/5964 3318/5466/5965
f 2530/5389/5892 2673/5462/5961 2526/5394/5896
f 2530/5389/5892 2526/5394/5896 2408/5383/5884
s 0
f 2673/5462/5966 2530/5389/5967 2807/5464/5968
s 1
f 3060/5463/5962 2807/5464/5963 2896/5467/5969
f 2896/5467/5969 2807/5464/5963 2793/5390/5893
f 2793/5390/5893 2807/5464/5963 2530/5389/5892
f 2864/5379/5880 2896/5467/5969 2793/5390/5893
f 2896/5467/5969 2864/5379/5880 3084/5378/5879
f 2864/5379/5880 2793/5390/5893 2689/5380/5881
f 2896/5467/5969 3084/5378/5879 3416/5468/5970
f 2896/5467/5969 3416/5468/5970 3060/5463/5962
f 3112/5465/5964 3060/5463/5962 3416/5468/5970
s 0
f 3416/5468/5971 3084/5378/5972 3495/5469/5973
f 3495/5469/5974 3084/5378/5975 3537/5470/5976
s 1
f 3537/5470/5977 3084/5378/5978 3079/5370/5868
f 3537/5470/5977 3079/5370/5868 3239/5471/5979
f 3239/5471/5979 3079/5370/5868 3198/5371/5869
f 3239/5471/5979 3198/5371/5869 3305/5472/5980
f 3239/5471/5979 3305/5472/5980 3387/5473/5981
f 3305/5472/5980 3198/5371/5869 3178/5368/5866
f 3305/5472/5980 3178/5368/5866 3289/5474/5982
f 3178/5368/5866 3287/5352/5842 3289/5474/5982
f 3178/5368/5866 3285/5350/5840 3287/5352/5842
f 3287/5352/5842 3491/5345/5835 3554/5346/5836
f 3287/5352/5842 3554/5346/5836 3303/5475/5983
f 3554/5346/5836 3475/5347/5837 3256/5452/5955
f 3554/5346/5836 3256/5452/5955 3303/5475/5983
f 3287/5352/5842 3303/5475/5983 3289/5474/5982
f 3303/5475/5983 3256/5452/5955 3272/5453/5956
f 3289/5474/5982 3303/5475/5983 3305/5472/5980
f 3353/5476/5984 3305/5472/5980 3303/5475/5983
f 3305/5472/5980 3353/5476/5984 3387/5473/5981
f 3387/5473/5981 3353/5476/5984 3473/5477/5985
f 3353/5476/5984 3303/5475/5983 3272/5453/5956
f 3473/5477/5985 3353/5476/5984 3366/5478/5986
f 3353/5476/5984 3272/5453/5956 3366/5478/5986
f 3473/5477/5985 3680/5479/5987 3387/5473/5981
f 3387/5473/5981 3680/5479/5987 3717/5480/5988
f 3680/5479/5987 3778/5481/5989 3717/5480/5988
f 3239/5471/5979 3387/5473/5981 3537/5470/5977
f 3537/5470/5977 3387/5473/5981 3717/5480/5988
f 3537/5470/5977 3668/5482/5990 3495/5469/5991
f 3668/5482/5990 3537/5470/5977 3717/5480/5988
f 3495/5469/5991 3668/5482/5990 3509/5483/5992
f 3668/5482/5990 3717/5480/5988 3961/5484/5993
f 3961/5484/5993 3717/5480/5988 3778/5481/5989
f 3961/5484/5993 3778/5481/5989 4074/5485/5994
f 3778/5481/5989 4144/5486/5995 4074/5485/5994
f 3954/5487/5996 3778/5481/5989 3680/5479/5987
f 3680/5479/5987 3473/5477/5985 3492/5488/5997
f 3492/5488/5997 3473/5477/5985 3366/5478/5986
f 3492/5488/5997 3366/5478/5986 3313/5445/5940
f 3479/5489/5998 3492/5488/5997 3313/5445/5940
f 3655/5490/5999 3492/5488/5997 3479/5489/5998
f 3492/5488/5997 3655/5490/5999 3680/5479/5987
f 3680/5479/5987 3655/5490/5999 3954/5487/5996
f 3655/5490/5999 3479/5489/5998 3683/5491/6000
f 3954/5487/5996 3655/5490/5999 3683/5491/6000
f 4144/5486/5995 3954/5487/5996 3683/5491/6000
f 3954/5487/5996 4144/5486/5995 3778/5481/5989
f 4074/5485/5994 4144/5486/5995 4201/5492/6001
f 4074/5485/5994 4201/5492/6001 4028/5493/5270
f 4144/5486/5995 3683/5491/6000 4148/5494/6002
f 4144/5486/5995 4148/5494/6002 4201/5492/6001
f 4148/5494/6002 3683/5491/6000 3895/5495/6003
f 4148/5494/6002 3895/5495/6003 3742/5496/6004
f 3742/5496/6004 3895/5495/6003 3676/5497/6005
f 3676/5497/6005 3895/5495/6003 3683/5491/6000
f 3526/5498/6006 3676/5497/6005 3683/5491/6000
f 3526/5498/6006 3683/5491/6000 3479/5489/5998
f 3479/5489/5998 3313/5445/5940 3113/5437/5925
f 3479/5489/5998 3113/5437/5925 3075/5432/5917
f 3526/5498/6006 3479/5489/5998 3075/5432/5917
f 3094/5431/5916 3526/5498/6006 3075/5432/5917
f 3526/5498/6006 3094/5431/5916 3676/5497/6005
f 3094/5431/5916 3485/5428/5327 3534/5499/6007
f 3094/5431/5916 3534/5499/6007 3676/5497/6005
f 3676/5497/6005 3534/5499/6007 3742/5496/6004
f 4185/5500/6008 3534/5499/6007 3485/5428/5327
f 3534/5499/6007 4185/5500/6008 3742/5496/6004
s 0
f 4185/5500/6009 3485/5428/6010 3993/5430/6011
s 1
f 4185/5500/6008 3993/5430/5324 4348/5501/5320
f 4348/5501/5320 3993/5430/5324 4298/5502/5321
f 4348/5501/5320 4252/5503/5312 4185/5500/6008
f 4227/5504/5311 4243/5505/6012 4252/5503/5312
f 4227/5504/5311 4189/5506/6013 4139/5507/6014
f 4227/5504/5311 4139/5507/6014 4243/5505/6012
f 4252/5503/5312 4243/5505/6012 4148/5494/6002
f 4148/5494/6002 4243/5505/6012 4201/5492/6001
f 4201/5492/6001 4243/5505/6012 4139/5507/6014
f 4201/5492/6001 4139/5507/6014 4028/5493/5270
f 3802/5508/5268 4028/5493/5270 3862/5509/5269
f 3802/5508/5268 3394/5458/5266 3578/5510/6015
f 3394/5458/5266 3339/5459/5960 3578/5510/6015
f 4028/5493/5270 3802/5508/5268 4074/5485/5994
s 0
f 4074/5485/6016 3802/5508/6017 3961/5484/6018
s 1
f 3961/5484/5993 3802/5508/5268 3578/5510/6015
f 3578/5510/6015 3339/5459/5960 3509/5483/5992
f 3578/5510/6015 3509/5483/5992 3961/5484/5993
f 3961/5484/5993 3509/5483/5992 3668/5482/5990
f 3509/5483/5992 3339/5459/5960 3318/5466/5965
f 3495/5469/5991 3509/5483/5992 3416/5468/5970
f 3416/5468/5970 3509/5483/5992 3318/5466/5965
f 3112/5465/5964 3416/5468/5970 3318/5466/5965
f 2011/5231/5548 1968/5232/5733 2024/5065/5549
f 2011/5231/5548 1920/5067/5438 1884/5070/5562
f 1739/5066/5560 2024/5065/5549 1968/5232/5733
f 3742/5496/6004 4185/5500/6008 4252/5503/5312
f 3742/5496/6004 4252/5503/5312 4148/5494/6002
f 1069/5088/5578 984/5087/5577 1121/5122/5612
f 1069/5088/5578 1121/5122/5612 1588/5089/5579
f 1121/5122/5612 937/5121/5611 1133/5511/6019
f 1121/5122/5612 1133/5511/6019 1588/5089/5579
f 1133/5511/6019 937/5121/5611 990/5106/5596
f 1133/5511/6019 990/5106/5596 1126/5097/5587
f 1133/5511/6019 1126/5097/5587 1396/5094/5584
f 1133/5511/6019 1396/5094/5584 1640/5090/5580
f 1133/5511/6019 1640/5090/5580 1588/5089/5579
f 3313/5445/5940 3366/5478/5986 3210/5444/5939
f 3210/5444/5939 3366/5478/5986 3272/5453/5956
f 1126/5097/5587 990/5106/5596 1052/5098/5588
f 31/5385/5886 481/5387/5888 454/5401/5899
f 121/5512/6020 31/5385/5886 454/5401/5899
f 454/5401/5899 717/5400/5898 121/5512/6020
s 0
f 862/5513/6021 717/5400/6022 800/5402/6023
s 1
f 800/5402/5900 1150/5404/5902 862/5513/6024
f 862/5513/6024 1150/5404/5902 1193/5407/5905
f 1390/5514/6025 1193/5407/5905 1470/5408/5714
f 1617/5515/5711 1390/5514/6025 1470/5408/5714
f 1677/5516/5709 1617/5515/5711 1794/5517/5710
f 1470/5408/5714 1314/5406/5904 1462/5409/5906
f 2512/5381/5882 25/5384/5885 2864/5379/5880
f 2864/5379/5880 25/5384/5885 18/5518/6026
f 2864/5379/5880 18/5518/6026 2493/5375/5873
f 2493/5375/5873 18/5518/6026 117/5374/5872
f 117/5374/5872 328/5519/6027 2480/5373/5871
f 2390/5367/5865 2480/5373/5871 2230/5520/6028
f 2230/5520/6028 2480/5373/5871 328/5519/6027
f 117/5374/5872 364/5521/6029 328/5519/6027
f 364/5521/6029 117/5374/5872 266/5522/6030
f 266/5522/6030 117/5374/5872 18/5518/6026
f 2230/5520/6028 328/5519/6027 204/5523/6031
f 2230/5520/6028 204/5523/6031 2267/5524/6032
f 2390/5367/5865 2230/5520/6028 2267/5524/6032
f 2637/5525/6033 2886/5365/5863 2390/5367/5865
f 2906/5364/5862 2886/5365/5863 2637/5525/6033
f 2906/5364/5862 2637/5525/6033 3089/5360/5857
f 2637/5525/6033 2390/5367/5865 2267/5524/6032
f 2514/5363/5858 3089/5360/5857 2637/5525/6033
f 2674/5526/5654 2861/5362/5653 2496/5527/5688
f 2496/5527/5688 2861/5362/5653 2514/5363/5858
f 2674/5526/5654 2496/5527/5688 2387/5528/5656
s 0
f 2496/5527/6034 2514/5363/6035 2637/5525/6036
s 1
f 2496/5527/5688 2637/5525/6033 2267/5524/6032
f 2232/5529/5689 2496/5527/5688 2267/5524/6032
f 261/5530/5687 2232/5529/5689 204/5523/6031
f 2232/5529/5689 2267/5524/6032 204/5523/6031
f 204/5523/6031 408/5531/5690 261/5530/5687
f 672/5532/5707 408/5531/5690 464/5533/6037
f 408/5531/5690 204/5523/6031 464/5533/6037
f 464/5533/6037 364/5521/6029 564/5534/6038
f 364/5521/6029 464/5533/6037 204/5523/6031
f 204/5523/6031 328/5519/6027 364/5521/6029
f 364/5521/6029 415/5535/6039 645/5536/6040
f 415/5535/6039 364/5521/6029 266/5522/6030
s 0
f 1390/5514/6041 645/5536/6042 1193/5407/6043
s 1
f 1193/5407/5905 645/5536/6040 862/5513/6024
f 645/5536/6040 415/5535/6039 862/5513/6024
f 862/5513/6024 415/5535/6039 266/5522/6030
f 862/5513/6024 266/5522/6030 717/5400/5898
f 121/5512/6020 717/5400/5898 266/5522/6030
f 266/5522/6030 18/5518/6026 121/5512/6020
f 121/5512/6020 18/5518/6026 25/5384/5885
f 121/5512/6020 25/5384/5885 31/5385/5886
s 0
f 1390/5537/6044 1677/5207/6045 880/5204/6046
s 1
f 1677/5207/5709 1390/5537/6025 1617/5538/5711
f 1390/5537/6047 880/5204/5706 1164/5539/6048
f 1164/5539/6048 880/5204/5706 672/5205/5707
s 0
f 645/5540/6049 1390/5537/6050 1164/5539/6051
f 1164/5539/6052 672/5205/6053 645/5540/6054
s 1
f 645/5540/6040 672/5205/5707 564/5541/6038
f 672/5205/5707 464/5542/6037 564/5541/6038
f 645/5540/6040 564/5541/6038 364/5543/6029
