# Blender 5.1.0
# www.blender.org
mtllib tool_241.mtl
o tool_241_tripo_normalized
v 44.139561 2.006975 52.747627
v 44.062286 2.106411 37.671165
v 44.163578 2.339673 34.943974
v 44.148396 -2.354509 34.934044
v 44.161404 2.000154 46.067131
v 43.457832 8.662863 -13.868472
v 43.776844 7.273297 5.096119
v 44.068153 -8.593554 -6.472886
v 44.141144 3.265353 -16.146061
v 44.426868 7.042728 -38.250790
v 44.138020 -3.254060 -16.530764
v 43.866776 7.047190 -51.340519
v 43.603100 4.957161 10.159874
v 44.157288 -2.433275 28.344374
v 44.187683 5.450381 -27.798384
v 44.124546 3.845586 -27.751583
v 44.528320 -5.449063 -27.827911
v 44.591408 3.835596 -27.748201
v 44.217278 -2.157350 40.277088
v 44.009632 -8.568723 -9.746383
v 44.587051 2.123069 37.371990
v 44.074226 -3.236091 -21.231153
v 43.991486 3.271726 -16.170269
v 44.021343 6.082054 7.874608
v 43.788174 5.802025 8.591430
v 44.310574 -2.447025 33.507999
v 44.364761 2.434459 22.442976
v 44.232723 2.452399 33.564388
v 44.267162 2.437226 14.324984
v 44.774307 -1.844002 48.288807
v 44.566425 1.942475 52.695007
v 44.645977 -7.024521 -38.753304
v 44.383022 2.413581 27.375866
v 44.440414 2.447972 12.175135
v 44.132572 7.031142 -45.180481
v 44.291531 8.718784 2.135080
v 45.067066 -5.015280 10.110108
v 44.021580 6.272218 -52.117344
v 44.727642 1.906872 50.806267
v 44.537399 2.250406 36.220051
v 44.714962 -8.613576 -7.132127
v 44.199226 -2.232258 38.697376
v 44.535446 2.354831 34.353519
v 44.519520 -2.359087 34.270432
v 44.564510 -8.698220 1.375435
v 44.515892 -2.112496 36.482174
v 44.727730 2.064122 38.279171
v 44.576649 -2.167109 35.027767
v 44.721291 5.387260 9.619253
v 44.123207 6.880838 6.137198
v 44.118954 5.583858 9.164429
v 43.936642 3.760373 10.101656
v 44.755535 2.398008 12.945892
v 44.865551 3.273873 -27.747753
v 44.571003 -2.413703 12.139791
v 44.087006 2.756962 12.179759
v 44.860771 -2.368465 33.135902
v 44.830864 3.262032 -16.248531
v 44.999077 -6.995061 -51.326256
v 44.278370 -5.091201 10.099608
v 44.655277 -2.428679 21.710909
v 44.384548 -5.445248 -33.686367
v 44.202213 8.667040 1.372366
v 44.696533 -1.858464 52.676174
v 44.356270 -3.237745 -16.146828
v 44.705479 -2.411647 31.965319
v 44.532791 8.153024 -14.410601
v 44.479038 -8.652550 -13.249185
v 44.970600 -3.289683 12.203287
v 44.721394 2.072664 35.235088
v 44.836605 2.379547 32.624660
v 44.816032 -5.424868 -14.872184
v 44.737679 1.994585 37.149040
v 44.746883 -3.399623 -16.182470
v 44.769173 1.983351 40.693615
v 44.704292 5.423780 -16.219645
v 45.272575 1.031731 51.363792
v 44.911377 5.401661 -27.707052
v 44.901443 -5.424661 -16.364746
v 44.699886 -3.228824 -27.743399
v 44.786011 1.891912 46.470127
v 44.918919 -7.724126 3.984568
v 44.733711 5.423644 -27.761139
v 44.966434 3.262354 -20.817694
v 44.812145 -1.833116 44.790848
v 44.987270 3.263140 -23.577936
v 44.962498 -3.239655 -19.551912
v 44.621647 8.699844 -13.870684
v 44.868408 4.858088 -16.275379
v 44.782482 -1.924127 36.900558
v 44.973526 -3.222062 -22.471104
v 44.975262 5.772853 8.534135
v 44.812309 -1.899732 42.291481
v 44.632088 8.640013 -7.454990
v 44.818710 -1.905697 34.374710
v 44.293289 8.624815 -1.449332
v 44.111050 5.959443 8.261017
v 44.843773 -5.104616 -16.275574
v 44.765663 6.600186 6.671276
v 44.804989 1.925534 43.650562
v 44.735939 7.279128 5.066111
v 45.330959 -6.956773 -34.959110
v 44.942516 -3.239743 -16.262693
v 44.912342 5.398552 -16.537079
v 45.126839 -8.168637 2.956831
v 44.769592 2.384714 23.598640
v 45.129406 -6.966022 -45.486923
v 45.171177 -3.505451 11.156774
v 44.731380 -8.618869 -10.441330
v 45.439304 -8.568073 -5.669144
v 44.910488 -6.373753 -35.020325
v 44.800251 -8.111355 -14.448873
v 44.967770 -3.217921 -27.606178
v 45.268940 -1.050816 50.486748
v 44.743740 -7.034293 5.614295
v 45.374531 -8.560624 -2.450435
v 44.544209 5.416183 -33.684277
v 45.153522 -1.151398 52.743282
v 44.348637 7.685830 4.183377
v 44.892635 2.336979 33.120445
v 44.875378 -8.623952 -13.065934
v 44.948463 3.266122 -16.443041
v 44.932892 -2.365463 24.624498
v 43.523373 7.023559 -34.957897
v 44.831848 -2.409802 13.178655
v 44.928875 5.376234 -14.886277
v 45.038105 2.304481 30.368799
v 44.522915 3.334893 12.126274
v 45.245956 -8.588596 2.168700
v 44.905876 -5.420492 -27.723476
v 44.952541 5.317474 -18.611448
v 45.126575 -6.459851 -51.828285
v 44.829906 7.009118 -47.478962
v 44.941582 5.283538 -25.377407
v 44.964764 -3.774193 -27.536915
v 44.986374 -5.414112 -17.249529
v 44.946529 5.286120 -20.718559
v 44.963120 3.265573 -18.965561
v 44.954372 -5.430387 -19.219404
v 44.960106 3.837651 -27.687603
v 44.943790 5.292416 -22.680525
v 44.965187 5.409655 -27.260559
v 44.977238 3.270216 -17.431129
v 44.970692 3.265490 -22.516827
v 44.975674 5.406232 -17.386236
v 44.983200 4.210140 -17.343733
v 44.819191 -1.903697 39.561935
v 44.975178 -3.216544 -25.604607
v 44.960354 5.430868 -23.619352
v 44.977676 -5.438022 -20.783665
v 44.973198 3.264273 -27.635695
v 44.975445 -5.447386 -25.368839
v 44.983402 -4.551056 -22.204439
v 45.336590 -1.040281 34.683136
v 44.989891 -3.238133 -17.227184
v 44.530895 3.191144 12.226676
v 44.837875 -8.643416 0.386170
v 45.176823 1.104674 52.738605
v 45.115986 5.344935 -33.688690
v 45.083496 -1.390151 35.621967
v 44.868492 -5.552980 9.147824
v 44.789303 8.648793 -12.461593
v 45.150002 8.643670 -10.259731
v 45.441589 -1.590214 32.903854
v 44.806747 -6.813027 6.145982
v 44.915375 7.002042 -41.689461
v 44.965408 -5.411282 -27.353359
v 44.993916 -2.331556 12.158441
v 45.605667 3.555910 10.120384
v 44.839947 -5.964447 8.253815
v 45.232861 -5.395985 -22.558136
v 45.018837 2.319599 12.173823
v 45.444344 -8.617930 -13.828947
v 45.089424 3.678114 10.122731
v 45.341526 5.348973 -23.257463
v 44.871326 -5.407346 -29.744091
v 44.948673 8.671762 2.155601
v 45.189800 -8.614154 0.690578
v 44.424526 8.237572 2.988092
v 44.744373 6.397700 -35.008015
v 45.381599 1.114025 34.923164
v 44.968147 2.322015 27.345552
v 45.010681 1.526785 48.674656
v 45.025784 2.318853 18.574808
v 44.846428 7.028057 -51.337128
v 45.168789 -5.355853 -33.694809
v 45.300877 -1.023559 45.666500
v 45.291023 -2.248772 21.201216
v 45.300575 -1.058424 40.676746
v 44.956963 6.555266 -14.693637
v 45.279266 -2.222778 29.099001
v 44.999653 1.588772 44.332157
v 44.226196 -7.124006 -14.604665
v 45.332466 1.066502 39.942848
v 45.063221 1.497674 37.654743
v 45.195656 -2.244502 32.404179
v 45.483643 -8.555875 -11.026121
v 44.590763 -5.777615 8.764915
v 44.749168 2.210542 34.082825
v 44.839329 5.555677 9.145895
v 45.300743 -1.070421 37.718994
v 45.299591 -1.037584 35.967766
v 45.169605 6.896103 5.925590
v 45.326546 6.962916 -34.952473
v 45.420925 2.141462 19.279484
v 44.651947 7.425382 4.775240
v 45.342743 1.089635 37.337456
v 45.538319 6.909207 -41.510460
v 45.652294 -6.245411 -35.027340
v 45.341587 -1.095319 52.702377
v 44.812431 -3.767964 10.094343
v 45.244740 -1.057261 52.273327
v 45.564423 -5.291958 -25.960030
v 45.419197 -8.635093 1.317947
v 45.300156 -1.032913 48.098644
v 44.922359 -6.181306 7.638054
v 44.676479 -8.611173 -2.995616
v 45.690434 -6.878906 -51.326305
v 45.461464 -5.316015 -19.441458
v 45.028282 4.997407 10.164489
v 45.978565 7.947679 -14.423879
v 45.008644 5.610807 -52.735115
v 45.250259 -2.263185 13.180728
v 45.715706 -3.025240 12.187455
v 46.240414 -7.866090 -14.445540
v 44.848171 -6.383956 7.188040
v 45.498844 8.641473 2.079523
v 45.326134 -1.031858 42.570042
v 45.308132 2.220648 32.058872
v 45.375797 -0.084736 52.707771
v 45.702534 -3.219539 11.602006
v 45.242603 8.626455 -7.911164
v 45.576344 8.606661 -0.674812
v 45.847393 6.609954 6.275245
v 45.057751 8.621164 -2.387043
v 45.656380 -8.542989 -0.911262
v 45.959953 -6.478549 6.451293
v 45.227886 -6.603970 6.479449
v 45.439751 2.124413 12.164576
v 45.465363 -7.306184 4.796586
v 45.876999 -1.188055 51.718475
v 45.418461 2.879751 12.221295
v 45.611008 -1.130157 52.233368
v 45.284729 5.341089 -27.692883
v 45.361340 1.032837 42.220303
v 46.083527 5.094448 -14.892103
v 45.321922 -1.019835 39.032742
v 45.427155 2.125899 28.996172
v 45.667553 1.110436 33.415318
v 47.907574 4.423149 -52.745651
v 45.351250 1.126320 52.666962
v 45.372005 1.029010 44.295540
v 45.834408 -5.214594 -14.857647
v 45.430847 -5.327407 -14.859322
v 45.893394 -3.477964 10.125839
v 45.343372 1.023723 49.679001
v 45.560486 -2.043447 31.673086
v 45.843815 -1.108443 32.521889
v 45.372562 3.173400 12.210174
v 45.952477 5.497556 8.734166
v 45.429707 -2.129870 12.154195
v 46.046738 -8.498258 -12.826820
v 45.684467 6.390614 6.829284
v 45.211296 -5.278459 9.708507
v 45.992542 8.555477 -7.799041
v 45.589027 -1.082533 33.573338
v 45.786354 1.872586 19.767138
v 45.888981 -4.155429 10.110007
v 45.441868 8.645207 -13.858248
v 45.698685 1.958500 31.330626
v 45.766273 -6.906527 5.565002
v 45.410519 1.112406 34.555294
v 45.461185 6.928327 -48.075645
v 45.233517 7.994221 3.402157
v 45.902161 1.104259 32.508358
v 46.137688 -7.364978 4.281476
v 45.596436 -6.891085 -46.534794
v 45.875603 -5.176850 -28.372261
v 45.489342 5.299155 -17.131950
v 46.002071 -5.149806 -18.970278
v 45.681675 -5.436666 -52.745373
v 45.905918 5.172040 -24.823114
v 45.573956 -2.075032 13.346916
v 45.743359 1.914935 12.174137
v 45.353867 1.014362 45.968456
v 45.664082 -2.025491 21.433075
v 46.387592 -1.333464 36.166519
v 46.088585 -8.495025 2.118980
v 45.880409 -1.802098 12.155184
v 46.230709 -8.440283 -10.814649
v 46.208557 -8.008104 2.913201
v 45.872139 1.206538 51.743717
v 46.232155 -8.488910 1.418833
v 45.967468 1.690386 27.897432
v 45.829697 -1.834915 31.060459
v 45.910645 -1.822369 21.250013
v 45.729000 1.909951 28.103920
v 45.626911 8.603465 -13.111556
v 45.795319 -7.662608 3.854660
v 46.043049 6.791953 -48.400898
v 45.832935 5.426448 -52.744820
v 45.481098 -6.928184 -40.982468
v 45.744381 6.239037 -35.011162
v 46.026546 -5.153348 -23.576435
v 45.688972 6.904500 -51.336433
v 46.109570 -1.575990 27.946413
v 45.710323 5.214312 -32.959709
v 46.178123 -1.129589 31.000868
v 45.870251 -5.176230 -33.681965
v 46.334309 -1.266930 39.154507
v 46.477676 -5.164851 -52.739281
v 46.035137 -8.488455 -7.244177
v 45.642677 5.957777 7.777879
v 46.214088 -3.052837 11.183835
v 46.112217 -1.555084 12.158318
v 45.750355 5.347102 9.192528
v 46.110542 -6.766481 -45.693031
v 46.161377 1.143570 31.082363
v 45.679909 -5.475640 8.958669
v 46.038506 1.629097 20.569103
v 45.806187 8.089548 2.975274
v 46.236580 1.396921 16.320402
v 46.619320 -6.563648 5.777133
v 46.102303 1.604673 30.397274
v 46.340267 8.437705 -13.863685
v 46.316189 -1.324290 37.271595
v 46.002918 -6.802438 -36.969719
v 46.319981 1.312352 40.187946
v 45.651363 5.227676 9.590076
v 46.402836 -1.337194 47.722626
v 46.554485 -1.372945 36.446396
v 46.300262 1.310274 42.308411
v 46.098999 6.778625 -42.080753
v 45.998020 6.818784 -34.963123
v 46.245975 -8.446684 -4.896108
v 46.183670 5.074787 -23.822987
v 46.090229 5.104390 -28.901478
v 46.420441 -4.954168 -33.677837
v 46.260983 1.292000 39.266636
v 45.483307 7.512348 4.339257
v 46.296314 -1.312588 35.097672
v 46.511036 -6.647163 -51.324043
v 46.371277 1.330991 45.489208
v 46.310326 6.733914 -34.952072
v 45.890049 -4.801634 10.099841
v 46.101219 -1.584512 30.559593
v 46.102436 -1.620282 16.792679
v 46.170753 2.751511 12.214887
v 45.849934 4.833356 10.139378
v 46.051823 1.624380 12.174000
v 45.783947 -5.759536 8.251816
v 46.333591 -1.257299 12.160536
v 46.227737 1.406078 24.244450
v 46.281628 -1.384084 18.819086
v 46.285645 0.740224 42.371136
v 46.753120 -7.958629 2.733152
v 46.341995 1.236971 28.646458
v 45.879181 7.143385 4.983946
v 46.284126 -0.664356 38.096363
v 46.242382 6.096450 7.111972
v 46.394997 -5.479413 8.422156
v 46.329350 1.330003 38.058887
v 46.669479 2.295845 12.212025
v 46.301098 1.333717 36.209961
v 46.421669 -1.342690 45.456085
v 46.312073 -1.294150 28.323343
v 46.281567 -1.287106 42.351501
v 46.385349 -1.212423 30.159525
v 46.950134 -1.978445 12.191440
v 46.571087 5.142927 -52.743679
v 45.935081 8.569885 -10.742855
v 46.666271 -1.378444 50.227417
v 46.342285 -1.321462 44.460114
v 46.270855 -8.418817 -2.050478
v 46.476303 1.385225 37.891788
v 46.352184 -0.593327 40.165745
v 46.250652 -1.289137 43.333492
v 46.288368 1.286882 48.905342
v 46.456650 -1.352892 43.577435
v 46.407406 -1.348160 35.304012
v 46.256008 1.290681 43.358002
v 46.263027 1.298717 46.600952
v 46.711948 4.826575 -14.890711
v 46.399525 1.345045 41.275024
v 46.419342 6.700499 -51.339634
v 46.278149 -0.571519 39.236702
v 46.323948 -1.308916 40.140560
v 46.316452 -1.307097 46.557549
v 46.340385 1.328416 42.445576
v 46.461071 -1.379592 34.861229
v 45.888756 8.568852 -4.396074
v 46.303921 8.507729 -0.345827
v 46.251259 0.715933 39.246326
v 46.057835 3.009925 11.589510
v 46.286469 -1.287636 45.602406
v 46.621937 -1.388354 40.503654
v 47.187889 -4.802690 -52.745049
v 46.376308 -1.196573 37.256935
v 46.415749 1.103063 12.179231
v 46.578278 -1.386242 47.502598
v 46.356277 5.479964 8.380308
v 46.319870 0.969927 35.130943
v 46.382366 0.209744 40.202175
v 46.412666 -0.334853 37.218220
v 46.299171 1.164384 46.645477
v 46.386173 0.901481 47.721569
v 46.349049 1.191237 29.757084
v 46.415142 -1.336952 41.250233
v 46.423424 -0.248629 45.485500
v 46.360249 -1.119298 47.701931
v 46.601074 -3.077907 10.124606
v 46.573868 1.385587 38.316711
v 46.283340 -1.284271 38.081715
v 46.644356 1.399242 49.226646
v 46.327965 -1.311423 46.607830
v 46.400242 -1.304000 39.288383
v 46.469589 -1.008301 29.491096
v 46.398094 -1.328150 44.548912
v 46.465858 1.151411 29.628281
v 46.302811 -0.679353 42.370605
v 46.514133 -0.896225 12.165978
v 46.341301 -1.037501 41.303463
v 46.321964 1.301638 45.604427
v 46.042168 -6.151914 7.167506
v 46.451855 1.037946 23.278774
v 46.493744 -5.966890 -35.006641
v 46.366920 -1.165750 36.209541
v 46.438992 0.861956 34.243259
v 46.454712 1.378909 37.175331
v 46.605949 1.421457 39.952591
v 46.438469 1.093801 27.868793
v 46.403076 1.308643 47.711170
v 46.520039 -1.376485 43.081947
v 46.748043 4.801734 -27.151604
v 46.610889 -8.298841 -2.494293
v 46.339817 1.306201 36.216568
v 46.360786 0.162608 36.250645
v 46.527584 1.370491 48.625763
v 46.662132 -1.389725 45.892147
v 46.557899 1.373047 34.007996
v 46.708363 -1.403604 39.858803
v 46.459278 -1.334650 34.157181
v 46.314781 -0.298272 35.147484
v 46.628082 -8.317110 -8.515082
v 46.629120 1.398598 40.498631
v 46.887062 1.477000 44.016201
v 46.637280 -8.319515 -4.498626
v 46.931431 -6.092755 6.578975
v 46.484871 -0.110678 34.160042
v 46.343857 -0.088340 43.371536
v 46.440102 -0.800907 34.215061
v 46.422665 0.793128 37.208622
v 46.481182 -1.021877 19.260574
v 46.621735 -5.858060 7.349834
v 45.347973 1.026086 47.854328
v 46.524220 0.858281 12.183614
v 46.556343 6.635220 -37.465145
v 46.627243 -8.327510 -10.485429
v 46.024162 5.089767 -33.686291
v 46.399094 0.094817 47.731003
v 46.564274 -6.623169 -37.478333
v 46.561035 0.774588 22.079433
v 46.648273 -6.588075 -46.706985
v 46.550289 1.411540 35.345619
v 46.768021 0.125913 39.855907
v 46.303898 1.163422 43.375816
v 46.796577 -1.392328 49.343910
v 46.857048 -1.403735 38.619297
v 46.547138 1.402962 36.498009
v 46.869095 -1.455314 44.018551
v 46.948334 0.556415 46.138260
v 46.455322 1.354165 46.842049
v 46.302277 0.746053 38.086002
v 46.276604 -5.063376 -14.848120
v 46.606277 -0.602697 29.250154
v 46.555717 0.802087 29.085386
v 46.328423 6.393285 -14.669699
v 46.476410 -2.506545 12.189898
v 46.107750 -5.018927 9.659981
v 46.812775 0.792281 37.614780
v 46.367451 1.033168 41.299850
v 46.529011 1.397195 34.336159
v 46.895203 0.426228 42.864906
v 46.566883 -0.782149 25.383450
v 46.470711 1.357094 39.010929
v 46.855125 1.507497 42.833637
v 46.625790 -0.593624 18.526482
v 46.695339 -8.332870 0.546124
v 46.864094 -1.448777 44.995243
v 46.621674 -8.321457 -0.763757
v 46.308872 -1.201945 48.872406
v 46.553970 -1.167859 30.825249
v 46.878128 -1.381473 46.093349
v 46.574112 1.249433 30.966686
v 46.892281 -0.612938 42.858818
v 46.515236 -4.948910 -23.829302
v 46.641415 0.475975 12.192518
v 46.550983 -4.927814 -18.514940
v 46.818592 -8.337963 1.621779
v 46.362598 -0.087635 45.605152
v 46.657265 0.666697 31.004374
v 46.745728 -1.442907 34.528439
v 46.524872 1.362608 44.665062
v 46.612038 -1.234178 31.483925
v 46.383850 -0.076167 46.635269
v 46.873848 1.492669 41.723408
v 46.356541 -1.187461 44.462494
v 46.392872 1.379056 35.068279
v 46.641781 0.323606 29.459793
v 46.881222 -0.337287 36.751610
v 46.868938 1.473327 38.604454
v 46.445572 3.108477 10.120705
v 46.783642 1.517812 34.630207
v 46.619801 -1.398598 42.637947
v 46.659416 -0.229933 29.776037
v 46.372452 0.572361 44.500061
v 46.272865 -1.279074 48.889614
v 46.511040 1.388642 50.561447
v 46.872185 -0.368798 38.631809
v 46.746471 -1.124568 39.835831
v 46.377254 -1.162165 47.729172
v 46.784328 0.565783 34.611629
v 46.482872 -2.759662 11.560182
v 46.641129 -8.326277 -6.832823
v 46.421783 -8.435201 -13.797778
v 46.871536 1.001851 48.214714
v 46.870842 -1.448052 41.811291
v 46.687546 -0.176336 12.179369
v 46.693153 -0.123121 21.558208
v 46.675995 -0.327529 25.621460
v 46.664921 0.418763 25.393265
v 46.837429 1.473183 44.943352
v 46.701595 0.072660 25.489031
v 46.688660 0.125157 12.157763
v 46.642441 -0.466016 12.154459
v 46.543026 8.466617 -5.837557
v 46.842793 1.158850 44.971523
v 46.894493 -0.246423 41.808975
v 46.896412 -1.447145 47.258209
v 46.886284 -8.296995 2.128999
v 46.425762 4.838043 9.774941
v 46.783241 -1.426273 37.613506
v 47.074055 -0.139780 49.615978
v 46.395294 1.204499 44.461090
v 46.440582 1.339015 44.406250
v 46.822929 -1.439904 35.786221
v 46.569397 8.441822 -9.942868
v 46.333424 -0.028226 48.891338
v 47.034874 2.619714 10.123860
v 46.701145 -0.363243 31.163082
v 46.644730 -4.884920 9.409779
v 46.661766 8.429958 -3.714774
v 46.540253 -7.482420 3.814769
v 46.948250 1.486225 35.766975
v 46.553913 7.924128 2.953230
v 46.849812 1.514500 37.608284
v 46.289818 7.457338 4.093645
v 46.832123 -1.367378 39.754044
v 46.641266 1.423436 46.332706
v 47.297974 -6.931957 4.342241
v 46.849434 -0.264074 33.539886
v 46.870686 -1.449389 48.229839
v 46.834118 1.461558 39.771801
v 46.734695 2.529879 11.506836
v 47.111946 -5.691775 -34.998287
v 46.822186 -0.285472 37.641777
v 46.962204 -0.366831 40.807842
v 46.980186 -2.746680 10.132645
v 46.772099 -1.389269 33.624260
v 46.548523 -1.363165 41.493462
v 46.710072 4.818717 -17.957239
v 46.584385 6.622212 -48.368820
v 46.856773 -1.449880 36.707432
v 46.843399 -4.422395 10.039875
v 46.674133 6.593456 -42.722534
v 46.816338 1.491754 36.736191
v 46.876244 1.473119 47.272671
v 46.909897 0.920951 47.263714
v 46.867996 -0.073211 45.014801
v 46.805473 1.400442 33.586273
v 46.764244 1.069472 39.678135
v 46.541183 5.985651 -34.999870
v 46.646393 1.441524 43.030476
v 46.455772 8.458675 2.079323
v 46.758484 1.386506 33.245026
v 47.051178 -4.624691 -33.674820
v 46.959484 -0.405966 46.137844
v 46.793148 1.085669 39.799419
v 46.483818 -6.661337 -41.003017
v 46.824181 0.312964 39.715286
v 46.460285 -6.688919 -34.957924
v 46.793823 -0.869590 39.717091
v 46.958496 -2.381217 11.353663
v 46.528263 4.905126 -32.929779
v 46.597702 -8.340663 -11.679316
v 46.872311 -4.773059 -14.850539
v 47.177742 -8.208913 -0.943860
v 46.863556 1.451779 48.200497
v 47.064678 -8.240622 -7.984318
v 46.845104 -1.399084 42.834599
v 46.894276 -0.727435 48.239151
v 46.899948 -1.463893 40.825275
v 46.354355 -0.138600 50.871010
v 47.420753 -6.273146 -51.320175
v 47.133263 8.338665 0.908618
v 47.000809 8.313733 -13.776560
v 47.120686 8.322880 -13.126974
v 46.944611 -0.226304 44.020451
v 47.154003 -4.879608 8.878143
v 46.595055 5.193926 8.846719
v 47.058502 -4.658475 -24.337585
v 46.901028 1.475772 40.776920
v 46.929020 0.316271 35.787052
v 46.960690 0.229608 40.797871
v 47.228798 7.382098 3.596116
v 47.030876 -8.290174 -12.776507
v 46.850822 -0.051107 11.752820
v 46.925655 1.478189 46.106976
v 46.956345 -0.445638 47.246479
v 47.150764 6.399636 -51.348076
v 46.885429 0.159228 12.195436
v 47.047459 1.494932 49.634686
v 46.775459 -0.348483 11.669941
v 47.020008 8.342366 -12.674990
v 46.754921 -0.319868 12.067888
v 47.202885 -6.363013 -37.220592
v 47.126595 1.650614 12.206731
v 47.037151 8.331846 -4.693903
v 47.027695 -1.417836 49.603539
v 46.355850 -6.647006 -14.619186
v 46.821545 4.767548 -24.368811
v 46.967236 -0.334992 11.014986
v 46.675159 -4.843095 -28.940046
v 47.055431 8.336637 -7.274539
v 47.227619 -8.243693 -0.238634
v 47.084297 0.153121 11.346578
v 47.155704 -8.172321 -2.328801
v 47.148636 -4.115802 10.105805
v 47.046192 -6.531820 5.456075
v 47.047745 1.086331 49.632538
v 46.913998 -8.327111 -13.277192
v 46.726040 5.482851 8.056939
v 47.065647 8.325301 -1.040187
v 47.008835 8.330977 -8.987313
v 47.016693 8.319242 -11.223257
v 47.051376 2.160865 11.504550
v 46.827221 5.652335 7.581717
v 47.332481 4.449878 -23.954626
v 47.269810 -8.259691 1.457159
v 46.993904 -7.373923 3.719032
v 47.109463 -7.606792 -14.451143
v 47.298630 -4.471525 -32.515163
v 46.495975 6.658892 5.741584
v 47.043850 5.759918 -34.996460
v 48.171261 -5.829683 -51.363373
v 47.428738 -1.100284 12.207777
v 47.096230 6.421442 -44.303806
v 47.077572 4.613096 -28.027159
v 48.214848 -3.131711 10.141337
v 47.589607 0.185017 12.213400
v 47.186455 -8.195447 -5.494914
v 47.252419 -8.160854 -9.671955
v 47.313126 -8.162301 -10.519090
v 47.287148 0.153960 10.806430
v 47.130257 -0.334738 10.727963
v 47.359825 -1.698641 11.608165
v 47.171177 -8.216277 -10.871673
v 47.385654 -5.080273 8.197594
v 46.939568 -0.487155 12.192523
v 47.277176 -8.160800 -7.108208
v 47.464970 2.085677 10.149175
v 47.177143 -8.192153 -3.674492
v 47.051598 5.837070 6.967123
v 47.439342 8.209405 -6.589782
v 47.436707 8.213675 -5.457994
v 47.167519 8.303123 -4.290142
v 47.462658 8.213643 -10.019985
v 47.411327 8.199851 -10.739923
v 47.326115 8.230145 -1.179213
v 47.332996 8.210054 -7.411650
v 47.197838 6.721442 4.966080
v 47.088791 -8.247818 -13.754349
v 47.342518 -0.335515 10.299706
v 47.543903 -7.989117 -13.853031
v 47.519787 -2.105440 10.134734
v 47.044514 6.450078 -34.927250
v 47.375046 4.091722 10.043028
v 47.162441 -6.390084 -41.265179
v 47.773529 -7.785064 -8.051636
v 47.775871 -7.849934 -4.031183
v 47.935688 -6.905446 3.781784
v 47.237560 -8.214552 -12.136677
v 47.757622 -7.901456 -12.173442
v 47.262310 -6.337164 -46.754639
v 47.803043 -7.750077 -3.426286
v 47.391613 8.179543 -12.088884
v 47.552830 0.134060 10.257306
v 47.309990 -8.150852 -8.990096
v 48.103256 -5.096989 -35.007339
v 47.725521 -7.765233 -10.030002
v 47.448055 -0.656850 -22.312614
v 47.428150 -0.670440 -21.159182
v 47.641685 -3.886142 9.998989
v 47.439636 0.624006 -16.248652
v 47.442287 0.033037 -23.832497
v 47.924995 5.125103 -52.093887
v 47.444733 0.436223 -16.150887
v 47.440105 0.720775 -21.278793
v 47.437851 0.719053 -24.957493
v 47.448265 0.701039 -27.643393
v 47.452881 0.025257 -19.808447
v 47.312077 -0.411545 12.189810
v 47.456928 0.696723 -16.915033
v 47.467258 0.104630 -27.665445
v 46.774097 4.424094 10.132164
v 47.293259 4.466099 -32.960285
v 47.663204 -7.775351 -6.698532
v 46.784607 3.084409 10.111350
v 47.548660 -7.832732 -13.299666
v 47.431686 0.844601 12.234850
v 47.525414 5.125289 7.883590
v 47.667347 -4.222737 -24.378563
v 47.209549 -5.566904 7.368722
v 47.775818 -7.871683 -11.166374
v 47.802650 -0.980358 11.016717
v 47.667187 -6.127950 -45.053040
v 47.549129 0.741642 -22.801594
v 47.375217 8.210779 -3.457508
v 47.305962 4.959963 8.505603
v 47.438950 -0.619510 -27.581551
v 47.342300 7.527622 -14.438282
v 47.341064 8.214755 -2.204935
v 47.505531 8.025422 -13.860503
v 47.070820 8.230357 2.126223
v 47.484211 4.335811 -27.653521
v 47.729942 0.922332 11.274305
v 47.458950 8.050723 -12.528447
v 47.674133 -7.487163 2.930934
v 47.292469 4.477422 -16.597366
v 47.587818 -7.752477 -9.661023
v 48.219547 -4.150689 -52.744244
v 47.621582 -0.440626 12.170344
v 47.480267 5.528180 -35.004032
v 47.494835 -4.401291 9.321991
v 47.532291 6.213815 -34.941284
v 47.550743 7.922874 -13.464644
v 47.483116 6.238333 -46.045944
v 47.412361 -4.424133 -18.614773
v 47.370651 -4.465815 -14.854319
v 47.754559 -4.122420 -33.678810
v 47.852535 7.832654 -12.928010
v 47.510902 -6.247738 -34.937511
v 47.160099 4.537033 -33.686382
v 47.836643 -7.842922 -5.054206
v 47.483135 1.613263 11.208868
v 47.778374 6.084353 -51.362419
v 47.758041 -0.272675 10.124474
v 47.660477 7.822360 -11.586595
v 48.258381 6.210169 4.774041
v 47.472683 8.177218 -8.661606
v 47.897305 -7.645353 -13.298432
v 47.657383 8.215158 -0.053467
v 47.852139 -7.661422 -9.806514
v 47.876381 4.025499 -16.450846
v 47.826710 7.743886 -12.252407
v 47.275890 7.011567 4.300658
v 47.838207 -7.777275 -7.399152
v 47.899178 -5.014735 7.589336
v 48.095470 -7.841684 2.050647
v 48.002148 7.825292 -13.861206
v 47.415497 4.454091 9.364259
v 47.948257 -3.912329 9.534160
v 47.718369 1.664705 10.158931
v 47.693657 7.910774 -2.453361
v 47.624306 7.961653 -4.406461
v 47.872562 7.774530 -13.429321
v 47.898586 -7.743873 -0.227967
v 47.826115 -7.893219 0.496925
v 47.973511 5.199009 -35.016754
v 47.798683 7.912507 -3.291416
v 47.812099 -7.861681 -0.964980
v 47.891785 -4.049085 -14.865579
v 47.701591 -6.111532 -36.697514
v 48.158760 -7.734531 -10.465436
v 47.439293 -0.631301 -25.743151
v 47.939949 0.174980 11.035087
v 47.892696 -1.335707 10.128295
v 48.127941 -7.107745 -14.465341
v 47.426109 -0.645246 -17.315859
v 47.939957 -4.427884 8.654460
v 47.454998 -0.058310 -16.153540
v 48.054951 4.743683 7.879874
v 47.982143 -3.949285 -17.893396
v 47.830944 -7.849507 -1.586313
v 48.085827 -3.463180 9.993522
v 47.412006 -6.168412 5.877272
v 47.945187 -0.379907 11.049871
v 47.704014 -8.080063 1.312590
v 47.825584 7.843962 -6.618513
v 47.856133 -7.667500 -6.661351
v 47.893433 3.907749 9.655005
v 47.808308 7.780104 -10.443936
v 47.797852 7.810991 -7.977307
v 47.915394 8.041742 1.333160
v 47.808189 7.801016 -9.316804
v 48.146404 6.781137 3.893580
v 47.760571 7.899667 -5.238384
v 48.123524 -5.848580 -44.618343
v 47.614403 5.820425 6.380417
v 47.662170 7.594399 2.801649
v 48.187538 -3.747265 -23.064026
v 47.908749 -6.084835 5.471481
v 47.790092 -5.774189 6.276617
v 48.266113 -4.517048 -52.387157
v 47.837337 8.089957 0.756604
v 48.111233 -3.788745 -33.676865
v 47.680408 5.426502 7.092301
v 47.892376 6.006644 -45.694218
v 47.918709 3.980904 -27.319525
v 47.739712 -5.300091 -14.726788
v 48.109928 0.125886 10.138722
v 48.161526 -5.830748 -37.213425
v 47.896133 4.001779 -21.928223
v 48.182274 -7.725041 -6.058119
v 48.208530 -7.697426 -3.515389
v 48.181267 -7.726595 -13.850420
v 48.064026 7.799938 -2.555441
v 48.206371 -5.834085 -34.938713
v 48.241776 -7.725157 -9.558954
v 47.900101 7.912787 -0.508647
v 48.122143 -7.755517 0.326300
v 48.138340 7.688930 -10.445621
v 48.186909 -7.724248 -11.870466
v 48.445423 7.687757 -11.460607
v 48.305138 -4.011610 8.778546
v 48.235615 7.699906 0.602922
v 48.223793 -7.681490 -7.196821
v 47.906769 3.983504 -32.946342
v 48.106052 -0.348089 10.129305
v 48.242107 3.668667 -16.258959
v 47.979969 0.970212 10.163840
v 48.051880 7.825888 2.093152
v 48.167606 -3.737073 -27.928263
v 48.462040 -3.486398 9.340663
v 48.406693 -5.826737 5.320707
v 48.170422 3.778823 -14.874959
v 48.197517 7.719243 -4.861983
v 48.135033 7.686210 -7.148697
v 48.206306 -7.713510 -0.625951
v 48.799286 -6.756237 3.098634
v 47.997078 3.506622 10.064203
v 48.650810 7.681192 -13.687762
v 47.357693 4.460056 -14.888403
v 48.254723 3.640303 -21.872864
v 47.858677 -7.820985 -9.046221
v 47.550343 0.740142 -26.035284
v 47.748287 5.536517 -14.704835
v 48.099831 4.106266 8.990102
v 48.444965 -3.446254 -18.336290
v 48.447109 5.652830 -51.386059
v 48.283466 7.681026 -13.442048
v 48.192810 -7.571612 -13.425112
v 48.426029 3.425715 -33.700829
v 48.305405 7.694545 -12.816838
v 48.263916 7.681056 -8.050886
v 48.210922 7.677302 -9.119369
v 48.204605 7.701047 -6.191678
v 48.447659 -7.671024 -12.158019
v 48.474045 -7.628009 -3.465203
v 48.194614 7.708963 -3.976196
v 48.238007 7.691043 -2.155369
v 48.440163 7.682922 1.194604
v 48.464962 -7.626364 -7.257565
v 48.415707 -7.621004 -12.864922
v 48.123024 5.868992 -34.946667
v 48.576939 -5.518143 -44.743935
v 48.073986 3.803164 -33.675011
v 48.531090 0.198495 -27.658773
v 48.948002 4.585467 -51.944679
v 49.017944 -4.854862 -14.647961
v 48.607502 -2.873719 9.936605
v 48.633797 5.284834 -14.640180
v 48.989201 -6.590348 -14.449975
v 47.442921 -0.642979 -18.796152
v 48.636665 -7.682831 -13.555621
v 48.767117 -2.358565 10.128060
v 48.642616 -3.185179 -24.058516
v 48.118851 5.916248 5.588074
v 48.484104 -7.652653 1.047781
v 48.194458 3.826626 9.277252
v 48.408401 2.882548 10.133978
v 48.653893 7.680180 -13.042082
v 48.505791 3.332315 -23.294926
v 48.572701 -7.616104 -11.059494
v 48.637451 -6.551529 3.673868
v 48.432526 -3.426181 -33.683979
v 48.613205 7.656959 0.766021
v 48.674744 -5.447891 -36.954979
v 49.036373 -4.240178 -35.015236
v 48.651783 -7.661921 -12.859153
v 48.355011 -5.083611 6.832597
v 47.423248 -0.591881 -16.249311
v 48.375507 3.510620 -26.891794
v 49.220764 0.683994 -27.619089
v 48.616222 3.212934 -16.623524
v 48.357437 5.700457 -44.878128
v 49.682571 0.728730 -18.442434
v 48.544598 -3.284139 -28.100565
v 48.391117 -3.539577 -14.866558
v 48.816746 5.353058 -34.956131
v 48.498959 -5.590500 -51.384403
v 48.882389 3.101221 9.123960
v 48.746983 -5.416707 -34.949253
v 48.630665 6.841239 -14.435613
v 48.491875 3.179544 9.726087
v 48.698280 -3.907770 8.265807
v 48.642662 -7.617210 1.127108
v 48.587612 -7.568245 -1.164842
v 48.602943 -7.573060 -2.556494
v 48.834538 2.943316 -14.873680
v 48.550774 -7.613907 2.029634
v 48.934807 5.253138 -51.408878
v 48.318535 5.105163 6.823740
v 48.679173 -7.653289 -13.692914
v 48.856155 2.854256 -27.087124
v 48.576736 -7.594481 -5.226661
v 48.949383 -5.213603 -51.420986
v 48.617626 -7.565266 -7.759166
v 49.243084 0.644880 -16.235945
v 48.544960 -4.665583 7.232619
v 48.990032 -7.320086 2.064672
v 49.113708 0.411145 -16.107689
v 48.463596 7.082846 2.932116
v 48.976761 -5.456932 5.171665
v 48.740299 -3.041788 -18.519707
v 48.370941 0.152433 -16.077625
v 48.856659 -5.131756 5.949141
v 48.594654 7.589288 -8.838027
v 48.624306 7.593279 -7.453830
v 48.583645 7.589344 -5.658054
v 49.665028 -0.634681 -22.631001
v 49.102203 2.488765 9.403600
v 48.628563 7.543396 -1.679480
v 48.641693 7.594289 -4.610562
v 47.424835 -0.676478 -23.243494
v 48.861885 2.815353 -32.897945
v 49.019550 -2.352532 9.717299
v 48.943493 -5.207322 -44.165260
v 49.213577 -7.154164 -10.895546
v 48.776337 2.256179 10.130829
v 48.853569 7.555471 0.839299
v 48.976402 -5.180131 -37.127556
v 49.043282 2.523102 -17.254005
v 48.672291 7.596809 -12.078520
v 48.988422 -3.999418 -52.355686
v 48.710644 3.845588 -52.742409
v 49.645870 -6.834561 2.074370
v 48.955364 -2.645553 -27.715279
v 48.798767 -2.901083 -33.686886
v 48.656425 3.532125 8.958889
v 48.759899 5.476222 5.513609
v 48.844402 2.852774 -23.124807
v 48.795498 4.536316 7.110964
v 48.908401 2.294145 9.850123
v 48.555550 7.556132 2.116359
v 49.159367 -7.246861 1.529893
v 49.468433 6.342717 2.954891
v 49.042145 -1.745817 10.117986
v 49.675312 0.703983 -16.954107
v 48.856506 7.534777 1.573481
v 48.051167 -0.607265 -27.584595
v 49.277176 -7.119704 -3.281241
v 49.670486 -0.630690 -20.277031
v 48.945415 -2.699542 -20.492830
v 49.142128 -4.026924 7.225328
v 49.024239 7.299611 -7.774809
v 48.972363 -2.871517 9.191425
v 49.377956 3.161084 8.082333
v 48.889133 5.267033 -46.716488
v 49.405609 6.965869 -13.181831
v 49.253212 -3.360368 8.028751
v 49.082542 1.432807 10.153331
v 49.151394 2.286551 -21.786215
v 49.130531 2.334507 -31.429527
v 49.158527 -2.249289 -25.614807
v 48.793503 3.992374 7.992678
v 49.449001 6.957606 -13.849490
v 49.255856 -1.044696 10.089004
v 49.523609 -3.622081 -35.017262
v 49.259502 -7.129452 -13.811200
v 49.277111 -7.096523 -0.544064
v 49.268093 -7.122892 -5.257493
v 49.183399 -7.177985 -7.998717
v 48.784180 2.919242 -33.695919
v 50.144096 -2.027674 -52.744724
v 48.913746 5.257840 -37.274242
v 49.400948 -4.753823 -40.160797
v 49.169964 7.181550 -5.362134
v 49.199268 -6.039180 3.854738
v 49.401093 -4.760409 -47.775047
v 49.226429 -4.955451 -34.983421
v 49.187935 2.286199 -14.865376
v 49.452171 6.950310 -9.205221
v 49.291527 -1.965914 -18.637417
v 49.081734 -2.424188 -31.959934
v 48.914036 -2.799150 -14.865683
v 49.652012 0.707453 -27.515882
v 49.204140 -2.226245 -14.862723
v 49.669563 -0.561266 -16.398933
v 49.658104 -6.517455 2.471290
v 49.147808 -7.264176 -12.740865
v 49.500484 6.909750 -11.937236
v 49.371857 3.705430 7.363201
v 49.347748 1.817766 -29.167030
v 49.502033 6.908892 -6.417134
v 49.292580 1.932598 -33.706612
v 49.519558 4.651938 -37.388599
v 49.357651 -2.306233 9.030086
v 49.204693 1.585675 9.837793
v 49.457832 -1.562776 -14.861875
v 49.498070 -4.658972 -51.493206
v 49.280392 -1.986051 -33.701912
v 49.510426 -6.925318 1.329261
v 49.541618 6.968480 1.482907
v 49.664513 -4.742249 5.224516
v 49.263020 5.063521 5.439082
v 49.153103 -4.400074 6.704206
v 49.302299 -0.343561 10.132957
v 49.330128 1.881844 -17.086920
v 49.429394 1.651133 -26.136961
v 49.338203 -1.811479 -25.459702
v 49.257671 0.704406 10.138722
v 49.300514 1.948972 -21.276478
v 49.106281 -0.606607 -27.586788
v 49.431698 4.744935 -43.157585
v 49.497028 -3.903932 6.783634
v 49.621178 -4.210825 6.134372
v 49.353275 0.731866 9.895144
v 49.488407 1.319796 -33.710564
v 49.752506 -3.119969 7.264357
v 49.040325 6.299363 3.679407
v 49.478767 4.683163 -46.907928
v 49.486530 1.397670 -14.876318
v 49.672333 0.722911 -22.003340
v 49.536922 1.188239 -28.579418
v 49.630035 -4.498632 -34.961815
v 49.664371 0.593486 -16.201620
v 49.505463 4.703239 -34.945892
v 49.749542 -2.510411 8.000253
v 49.379101 -1.620066 9.583747
v 49.538700 -1.175012 -28.049383
v 49.666916 -4.447263 -43.469414
v 49.423958 7.018549 2.049598
v 49.524403 -1.247973 -20.294575
v 49.464020 -1.451145 -33.694370
v 49.506020 -0.336334 9.757717
v 49.673374 0.540497 -27.691977
v 49.667442 -0.614346 -17.298363
v 49.460594 2.261050 8.947013
v 49.410942 1.663533 9.522607
v 49.654114 -0.539670 -27.582979
v 49.668114 0.701680 -27.203787
v 49.548649 -0.899112 9.596854
v 50.061352 -3.933798 -51.623066
v 49.546246 -1.188348 -25.156687
v 49.427456 4.756106 -51.485416
v 49.527004 1.314324 -19.458216
v 49.852589 3.110276 -35.014786
v 49.575417 -0.983005 -33.701733
v 49.545013 0.737285 9.661205
v 49.573196 0.949751 -32.496716
v 49.232285 4.516047 6.363518
v 49.676384 -0.628844 -25.284327
v 49.693768 0.062637 -27.687828
v 49.679157 -0.641542 -19.369081
v 49.650894 -0.754301 -14.867182
v 49.777611 -5.993330 -14.435924
v 49.627777 0.496578 -33.694321
v 49.680096 -0.411649 -14.879618
v 50.256512 5.476336 -14.425548
v 49.674774 0.730399 -22.983498
v 49.660404 0.437370 -14.879644
v 49.657242 -0.228657 -33.695488
v 49.448395 6.944607 -2.553473
v 49.945538 -3.448803 6.514500
v 49.654537 -0.621772 -27.292273
v 49.669434 0.228864 -30.183138
v 49.674011 -0.345540 -27.651976
v 49.643845 6.084358 -14.437731
v 49.481220 6.927920 -0.791401
v 49.472752 3.991236 6.736359
v 49.489399 6.897465 -4.264637
v 49.424309 3.159370 -52.742100
v 49.678246 0.723163 -24.657652
v 49.694042 -0.499730 -16.203981
v 49.687248 0.763094 -22.693529
v 49.788208 -6.704080 -6.043128
v 49.693710 0.764135 -25.517651
v 49.701263 0.099143 -16.106886
v 49.695984 0.739090 -20.086813
v 49.057064 4.206995 -35.001274
v 49.746841 0.579426 9.208072
v 49.785263 -6.728985 -13.818525
v 49.867138 -1.696007 8.423551
v 49.653748 2.601116 8.137161
v 49.908226 -2.979786 -35.013176
v 49.851814 3.466664 6.714906
v 49.837883 -6.672722 -4.495776
v 49.853188 4.241265 -41.559959
v 49.752552 -0.199376 9.258821
v 49.725243 -0.925453 9.173189
v 49.564445 -1.625969 9.161891
v 49.728813 1.481854 8.952032
v 49.658104 -6.809417 -12.697107
v 49.817997 -6.655992 -1.056866
v 49.858284 -6.649751 -9.807256
v 50.164890 6.406744 -13.817759
v 50.989914 4.536453 -14.428579
v 49.969906 -4.055907 -34.966763
v 49.728153 3.072342 7.476581
v 49.922955 -4.118412 -46.085274
v 50.069736 3.975740 -34.949615
v 49.549652 -5.611493 4.032829
v 50.112846 -3.829021 5.691974
v 50.158119 -4.211914 5.084418
v 49.355598 -3.186176 -52.739750
v 49.961143 -1.080779 8.549762
v 49.857582 -6.659139 -8.045472
v 50.467442 6.395201 0.969371
v 49.449570 5.410712 4.544814
v 49.948071 0.508745 8.829393
v 49.835567 -6.648211 -3.970686
v 49.896225 -6.602624 0.977380
v 50.106544 -6.372241 -5.091717
v 50.508339 -6.215601 -13.702751
v 49.875225 1.631088 8.467970
v 49.985344 -0.065708 8.802444
v 50.112118 -6.351090 -4.273114
v 49.847450 4.246659 -51.584198
v 50.393482 -1.846958 -35.009090
v 50.109417 -3.854176 -40.819935
v 50.425312 5.489501 2.873829
v 49.651554 -3.659383 -14.693630
v 50.367065 -5.390716 -14.425941
v 50.089336 2.191299 -52.742310
v 50.144867 -6.438377 0.966161
v 50.009537 3.998554 -45.531433
v 50.158779 -6.429488 -9.653722
v 50.059010 -6.415690 -0.588585
v 50.148808 -6.387427 -2.988147
v 50.283569 -2.913820 6.398084
v 50.722828 1.996772 -14.646816
v 50.175888 -6.416021 -6.664624
v 50.295551 1.246354 7.739177
v 50.190609 -0.533007 8.271405
v 50.282135 -3.567667 -36.656265
v 50.104610 2.189454 7.550405
v 49.953411 3.885550 5.953997
v 50.163925 6.461523 -4.403260
v 49.978477 5.468737 3.666472
v 50.202717 3.723011 -51.677692
v 50.157303 -5.000808 3.958343
v 49.752239 4.561189 5.420894
v 49.877953 -5.897419 3.096936
v 50.250854 6.472619 -10.823958
v 50.122246 2.877950 6.828594
v 50.191471 -1.870104 7.575011
v 50.384487 -6.286563 -5.599307
v 50.627953 -0.742996 -35.005119
v 50.465771 1.297981 -52.744518
v 50.510250 6.242312 -13.713677
v 50.169399 6.482996 -6.621525
v 50.139591 6.500424 -2.537352
v 49.630363 3.597730 -14.704413
v 50.258148 -6.343042 2.033718
v 50.058990 3.947691 -37.410042
v 49.698711 -2.745464 -52.744179
v 50.159523 0.660826 8.287757
v 50.456123 -3.279589 -51.685867
v 50.305668 -6.292669 -1.148281
v 50.356388 -3.416568 -45.577507
v 50.183281 -6.359693 -10.896073
v 50.095116 -6.396628 -11.540677
v 50.534569 -1.018846 -52.736843
v 50.290836 6.415087 -7.681889
v 50.271191 6.422977 -3.605000
v 50.304024 6.415960 -1.249977
v 50.147552 6.433360 -13.192202
v 50.351460 -6.267908 -4.451530
v 50.308113 6.405227 -4.836511
v 50.659569 2.894884 -34.955940
v 50.447884 -6.259602 -3.346067
v 50.366138 3.484526 -34.957424
v 50.655258 0.594328 -35.012287
v 50.544987 -3.103999 -40.830772
v 50.393105 -6.266204 -2.398803
v 50.489971 -6.279387 -0.337104
v 50.420692 2.189575 6.807891
v 50.338840 3.465452 -44.888439
v 50.312988 6.294880 2.042070
v 50.208309 6.488383 -12.377265
v 50.456768 -2.286423 6.600513
v 50.451252 6.321270 1.639679
v 50.274952 6.452349 -8.961089
v 50.462856 -6.273699 -6.653255
v 50.225132 3.898082 5.446183
v 50.582645 -4.498865 3.921952
v 50.383408 -6.308952 -7.652403
v 50.264561 3.639029 -41.545048
v 50.478962 -6.264894 -8.754738
v 50.559288 3.087193 -51.740589
v 50.457703 -6.256549 -11.366746
v 50.499657 -6.273442 -12.108876
v 50.487923 -6.278735 -8.159960
v 50.332100 -1.362743 7.580471
v 50.490662 -6.268646 -9.336822
v 50.436359 -6.237612 -1.347631
v 50.591473 3.033204 -43.257828
v 50.521446 -6.059362 -7.582255
v 50.473995 6.312058 -6.732806
v 50.493656 6.346381 -0.127183
v 50.467941 6.357581 -9.818376
v 50.559196 -5.625222 2.508002
v 50.495064 6.231781 -1.095661
v 50.292553 2.117339 -35.013344
v 50.504250 6.234067 -5.883848
v 50.502823 -6.068131 -4.644071
v 50.473907 -6.283730 -10.548790
v 50.506302 -6.281018 -11.444788
v 50.507061 -6.074563 -2.452280
v 50.556568 -6.000697 -5.803429
v 50.489887 -6.283609 0.906541
v 50.428917 -3.281744 -44.082172
v 50.580460 -6.009072 -8.093446
v 50.488651 -3.217183 -34.964752
v 50.519321 -6.100530 -12.281920
v 50.551060 -6.064768 -9.459874
v 50.562943 -5.950346 -11.316056
v 50.508785 -6.303915 -9.960717
v 50.519505 6.338974 -12.874352
v 50.545139 -6.062101 -8.796571
v 50.600380 -3.032341 5.612985
v 50.481667 -6.272854 -12.652798
v 50.671753 2.386682 6.043452
v 50.666153 1.550119 6.637611
v 50.599335 -6.005486 -6.597210
v 50.614113 -2.762479 -45.234661
v 50.515987 3.174486 -38.135590
v 50.490845 0.401242 7.534240
v 50.495506 6.292340 -10.984159
v 50.707306 -2.254472 6.074514
v 50.499340 6.268629 -3.371546
v 50.498726 6.194288 -4.485556
v 50.611652 -2.933194 -46.502590
v 50.397648 3.115729 5.968844
v 50.710789 -5.869267 -0.895823
v 50.645351 -2.805930 -44.551132
v 50.557903 3.067656 -46.049332
v 50.618542 -2.906307 -43.037868
v 50.542442 -6.050265 -10.577121
v 50.839092 -5.774329 1.994239
v 50.504917 -0.421659 7.520910
v 50.689255 -2.661889 -45.601837
v 50.741550 -2.486268 -46.006752
v 50.697327 2.759267 -44.432762
v 51.044815 5.466317 2.050805
v 50.788723 5.830205 -13.747339
v 50.906940 -5.565365 -11.393200
v 50.959991 -3.543393 4.330611
v 50.835388 0.747182 6.571383
v 50.780701 -2.592345 -34.962414
v 50.759628 5.901627 1.381942
v 51.262398 0.328860 -14.609901
v 50.753498 2.551254 -45.902985
v 50.653442 -0.132031 -52.742741
v 50.625942 0.675949 -52.738987
v 50.711449 -5.878233 -3.754103
v 50.773952 2.601825 -46.760635
v 51.076050 1.728364 -34.965012
v 50.930096 -5.630597 -13.784553
v 50.704151 -5.871099 -9.764732
v 50.720879 -1.435974 6.590171
v 50.903999 -5.551005 -12.129741
v 50.263435 4.467934 4.535576
v 50.586048 -5.147419 3.052365
v 50.828186 5.659227 -11.786093
v 50.490826 6.234113 -7.714473
v 50.845364 5.667155 -4.504969
v 50.827751 -0.618173 6.672850
v 50.947247 -5.500561 -6.103519
v 50.943653 -5.505764 -9.041862
v 50.942616 1.583672 5.999405
v 50.788658 2.569281 -51.801510
v 50.778278 2.587781 -40.234840
v 50.969532 -5.500403 -1.172701
v 50.814381 -2.466026 -42.046135
v 50.924473 -2.101081 -42.867741
v 50.972477 -2.073370 -51.796654
v 51.294502 -4.110462 -14.429893
v 50.985634 -2.017730 -34.964825
v 50.904732 2.271245 -43.145920
v 50.910381 -2.163775 -46.495190
v 51.022713 -0.332660 6.281132
v 51.221722 -4.150866 3.171657
v 51.273006 -5.282121 -13.726203
v 50.956017 2.172236 -42.998302
v 51.017738 -1.875065 -41.765980
v 51.247795 4.401118 2.876359
v 50.963146 -1.111891 6.217450
v 50.793205 -2.553870 -51.765587
v 50.947548 2.160740 -34.966434
v 50.702431 4.603350 3.648056
v 50.960751 5.518872 -6.905521
v 50.818565 -5.800344 1.289862
v 51.138004 2.300261 5.082385
v 50.934727 -5.538397 0.434577
v 50.946369 -2.104356 -46.840881
v 50.960529 2.107206 -51.842930
v 50.990665 -1.950612 -42.706692
v 51.131283 5.383325 -13.808293
v 51.120510 -1.029197 5.838604
v 51.031906 0.699129 6.181942
v 50.861134 5.663941 -9.962951
v 50.786842 3.123396 5.155967
v 51.018810 1.880617 -40.340885
v 51.127274 1.528737 -51.893127
v 51.075439 -1.673952 -39.221718
v 51.091183 -5.376907 -12.113057
v 51.126629 -1.489490 -34.953686
v 51.097572 -1.616712 -48.675827
v 51.002460 -5.458374 -13.119118
v 51.095005 1.633238 -42.492393
v 51.105732 -1.549915 -47.029491
v 51.125538 -5.279015 -0.338524
v 51.133694 -5.254574 -6.945395
v 51.137814 -5.250762 -9.316336
v 51.002228 1.973050 -47.483452
v 51.067181 -2.925546 4.731659
v 51.187412 -5.171902 1.077203
v 51.151722 -5.360026 -13.234324
v 51.206039 -1.055959 -38.721539
v 51.199215 -1.132847 -42.143406
v 51.209957 -1.164716 -47.244488
v 51.214226 0.213823 5.794870
v 50.896679 5.576961 -1.089310
v 51.151932 -2.289725 5.050958
v 51.096748 -5.334655 -2.125708
v 51.099041 -5.347174 -3.830297
v 51.247326 0.946358 -51.904934
v 51.132233 -5.250094 -5.644089
v 52.322060 -2.811905 -44.790482
v 51.065525 5.434584 0.823774
v 50.726929 2.654603 -43.923603
v 51.096443 -1.878952 -46.784412
v 51.193115 1.076563 -42.117340
v 50.727413 3.731321 4.577758
v 51.203213 -1.192147 -51.850872
v 51.193794 1.216846 -34.964390
v 51.257267 -5.022726 -10.238702
v 51.328819 -4.718942 -12.259058
v 51.290585 -0.464472 -34.957066
v 51.240749 0.729436 -42.003693
v 51.281788 -1.175621 5.461037
v 51.256260 -0.639032 -41.986622
v 51.284313 1.237630 5.436894
v 51.099728 -1.615805 -14.593807
v 51.312065 -4.615915 -5.748642
v 51.276093 -0.293596 -41.932690
v 51.383762 -2.428202 4.462922
v 51.009945 5.427381 -8.417876
v 51.280704 0.159619 -41.921707
v 51.314476 -4.608647 -7.505089
v 51.308990 0.347728 -51.899040
v 51.344460 -4.686524 -6.434463
v 51.028160 5.397471 -3.768904
v 51.293140 0.431786 -34.961426
v 51.017761 5.435613 -12.964397
v 51.347290 -4.873902 -2.950711
v 51.318920 -0.277035 -47.454021
v 51.276966 -0.736464 -47.388145
v 51.307953 -0.393021 -51.861610
v 51.333195 -4.712990 -10.644309
v 51.311138 0.270236 -47.456470
v 51.344418 -4.672042 -8.646316
v 51.472263 -4.597841 -9.333166
v 51.382256 -1.247838 5.144862
v 51.230808 -5.164738 2.114431
v 51.541309 -4.396429 -13.187137
v 51.483700 -4.604503 -2.778736
v 51.123981 3.885994 3.689667
v 51.460571 0.459728 5.181970
v 51.361034 5.116520 1.975509
v 51.324078 -4.634948 -4.960117
v 51.510368 -4.624472 -1.649167
v 51.468212 4.883004 -12.574421
v 51.508888 -4.630786 -0.627709
v 51.236607 5.110474 -11.251381
v 51.510704 4.774545 -9.688685
v 51.351440 3.213174 3.889432
v 51.539593 -4.469626 -6.968892
v 51.494099 -4.504703 -10.486592
v 51.467636 -4.557949 -12.394698
v 51.302689 -4.577735 -4.027800
v 51.447136 -0.176523 5.261328
v 51.501171 4.844504 -5.873542
v 51.837067 4.627810 1.588106
v 51.859970 -2.593657 3.328523
v 51.491009 -4.727492 0.901021
v 51.508236 4.746608 -3.685732
v 51.624767 -4.594817 -13.825367
v 51.430386 1.046706 5.117051
v 51.808697 -3.877022 2.510142
v 51.582546 -4.503350 -7.987326
v 51.597031 -4.781698 2.021129
v 51.738232 -4.376926 -1.357168
v 51.888096 -4.283605 -13.783004
v 50.865967 2.486459 -43.512398
v 50.832123 -2.357603 -43.184124
v 51.606434 1.716255 4.428277
v 51.744595 -4.396313 0.282215
v 51.100349 1.581428 -46.942020
v 51.061832 1.878251 -42.689091
v 51.641758 2.687539 3.737893
v 51.755722 4.540919 -4.492613
v 51.741840 -4.375419 -4.924049
v 51.645889 -4.445852 -4.547864
v 51.528030 -4.830647 1.557950
v 51.693645 -4.249161 -13.368320
v 52.039337 -0.687373 3.820225
v 51.418903 -0.112358 -47.459827
v 51.763992 -4.368763 -2.239516
v 51.966972 4.474374 0.812041
v 51.801495 -4.345683 -9.660721
v 51.738255 -4.304331 -12.829523
v 51.742207 -4.377965 -7.763420
v 51.779324 -4.363867 -0.412859
v 51.699997 4.594067 -2.698743
v 51.765205 -4.358563 -6.570743
v 51.726791 4.584460 -10.717736
v 51.733776 -4.612533 1.053764
v 52.002514 2.677850 -14.405045
v 51.747295 4.576066 -6.341679
v 51.530758 3.620790 -14.427708
v 51.706772 4.596780 -0.971554
v 52.034172 -1.764149 3.411376
v 51.726627 4.618426 -12.082623
v 51.610550 -3.362481 3.227105
v 51.713264 4.687733 0.009127
v 51.103283 -1.523449 -42.374355
v 51.741508 -4.373018 -3.449850
v 51.924274 -4.400784 1.633411
v 51.971176 1.448694 3.744462
v 51.936169 -4.227084 0.979525
v 51.785000 -4.381000 -11.039592
v 52.072426 -4.310282 -13.048059
v 52.072891 -4.227385 -13.657009
v 51.922787 4.413750 -5.241591
v 51.929745 4.432152 -2.350017
v 51.812138 4.552403 -13.703810
v 51.947136 4.510192 -0.018992
v 51.965710 4.401840 -4.249381
v 51.969902 4.448437 -3.225491
v 51.942741 4.503136 -10.715670
v 51.940155 4.538625 -12.347137
v 51.913055 -2.907651 -14.416573
v 51.910271 4.426631 -1.035241
v 51.959190 -4.350361 -4.485955
v 51.952827 4.340962 0.926921
v 51.963726 -4.337369 -6.762431
v 51.948322 4.174284 0.628399
v 52.064484 -4.175719 0.788142
v 52.051186 -4.319113 -8.962736
v 51.978195 -4.324034 -0.023980
v 51.965389 -4.354152 -11.473270
v 52.000061 4.227061 -0.174287
v 53.486950 -2.410053 -43.266052
v 52.018742 4.372477 -0.020204
v 51.995464 4.457335 -9.131701
v 52.039547 4.433260 -10.309505
v 52.439983 -3.033901 2.094697
v 52.007263 4.451473 -7.468235
v 51.216358 1.101103 -47.227600
v 51.982273 4.209325 -10.665812
v 54.437790 -1.960513 -46.708786
v 52.074833 3.975380 -0.962511
v 52.014915 4.427448 -13.338840
v 52.057255 4.131130 -13.728087
v 52.020027 4.169005 -12.443063
v 52.060577 4.106665 1.970129
v 51.942005 4.429375 -6.323008
v 52.068268 4.058053 -7.459569
v 52.065758 4.383216 -11.413041
v 52.034630 -3.081517 -4.332723
v 52.061123 -3.741730 -13.261075
v 52.047623 -3.202821 -5.367855
v 52.043716 4.079437 -10.213485
v 52.065598 4.427767 -12.497159
v 52.049511 -3.096669 -1.038621
v 51.810822 3.095296 3.104927
v 52.110283 -2.859499 -5.704462
v 52.085880 -3.784916 -6.079990
v 52.133858 -2.967149 -2.035307
v 52.355785 -3.132649 -13.848577
v 52.093594 -3.409537 -6.764784
v 52.095844 -2.816344 -4.320345
v 52.112537 -2.833431 -1.084422
v 52.043598 -4.153092 1.450744
v 52.104355 3.931148 -9.114611
v 52.125820 -3.526947 -1.952143
v 52.096386 -3.230936 -3.382195
v 52.143169 -2.853725 -11.762637
v 52.127712 -2.806622 -5.030642
v 52.136879 -3.225617 -13.018991
v 52.120361 3.940328 -2.017734
v 52.076183 -2.988684 -12.184767
v 52.142277 -2.834118 -11.016441
v 52.151802 -3.584118 -13.839797
v 52.143074 -3.026038 -6.738930
v 52.194420 -4.235309 -3.523481
v 52.090336 -3.720119 -7.391687
v 52.125248 4.084977 -8.280726
v 52.119473 -3.690202 -10.876341
v 52.108353 -2.995353 -7.824006
v 52.080185 -3.571883 -1.002620
v 51.798233 3.847004 2.538518
v 52.075447 2.187469 3.164277
v 52.028023 0.308886 3.900796
v 52.145706 -3.135229 -0.312134
v 52.198963 -4.147208 -1.888693
v 52.176556 -2.797143 -1.752602
v 52.163574 -4.246309 -0.094710
v 52.418713 -0.171072 -14.420208
v 52.132854 -2.969397 -3.387841
v 52.390347 0.768161 -14.417511
v 52.171326 -4.110903 -0.050479
v 52.179882 -4.149883 -3.058222
v 52.157196 -3.244134 -8.469603
v 52.180977 -3.183334 -10.040616
v 52.150742 -4.242849 -13.085495
v 52.149837 -4.228854 -6.670260
v 52.185589 -4.240102 -1.722985
v 50.717445 2.690051 -45.348354
v 52.246258 -2.841198 -3.461040
v 52.192360 -4.266305 -8.945974
v 52.090595 3.939395 -5.689729
v 52.165779 -4.022808 -9.753606
v 52.196205 -4.266315 -5.331144
v 52.196346 -4.274799 -11.907746
v 52.321045 3.544266 -8.411605
v 52.216755 -2.830710 -8.846233
v 52.170609 -4.070840 0.848731
v 52.287777 -0.860993 3.214882
v 52.328949 3.526851 -7.043410
v 50.708965 -2.547997 -43.525288
v 52.194424 -4.119959 -11.794736
v 52.256119 -2.827904 -8.257853
v 52.644936 -2.305825 2.078615
v 52.104317 3.727131 -10.931808
v 52.181129 -4.228108 -10.634924
v 52.098438 3.899595 -2.702661
v 52.196545 -4.071573 -8.398993
v 52.282738 3.815856 0.776167
v 52.091743 -4.114703 1.975733
v 53.718014 1.867442 -46.733574
v 52.202961 -4.111054 -5.179796
v 52.370060 3.451086 -5.721735
v 51.252731 0.825114 -47.326618
v 52.330627 0.271348 3.210965
v 52.271397 -3.529423 2.092298
v 52.340405 3.578562 1.694474
v 52.176167 -2.996570 -0.368044
v 52.212635 -3.113945 0.723406
v 52.284081 1.123440 3.161432
v 52.197086 -4.020828 1.315519
v 52.116035 3.698331 -12.589099
v 52.215733 3.598426 -13.837975
v 52.268059 -2.889015 -6.755417
v 52.326988 -2.946675 -13.160208
v 52.311279 2.892194 2.421973
v 52.267548 3.862218 -0.067706
v 52.156734 -2.855585 -7.605855
v 52.218197 3.988370 -4.956282
v 52.252052 1.734894 -14.407930
v 52.165085 3.654999 -11.694183
v 52.274822 3.524468 -10.051008
v 52.321789 -2.845097 -9.983916
v 52.314266 -2.839771 0.991431
v 52.369297 -2.853966 -0.169365
v 50.874985 2.512389 -45.848434
v 52.351185 3.506043 -2.609202
v 52.137260 -2.888089 -12.474745
v 52.321819 -3.478969 1.664630
v 52.423080 3.139411 -6.448502
v 50.682858 -2.715906 -43.971653
v 52.430660 3.551990 0.734023
v 52.381306 3.489419 -3.477967
v 50.897682 2.260587 -46.272396
v 52.417812 3.073012 -11.428108
v 52.386116 3.074388 -6.970797
v 52.406506 3.049723 -12.837735
v 52.342377 3.580237 -0.920808
v 52.298203 3.480099 2.126580
v 52.456070 3.102379 -9.544615
v 52.389656 -2.316029 -46.285450
v 52.352100 3.609144 -1.659593
v 52.427109 3.060168 -10.220336
v 52.413506 3.180794 -0.385674
v 52.462227 3.215950 -1.518497
v 52.521332 3.138039 0.878274
v 52.594460 -2.772067 -4.775056
v 52.473454 2.978558 -13.837125
v 52.593395 -2.778546 -1.319127
v 52.617878 -2.795723 -8.310172
v 52.461739 -2.854769 -6.361040
v 52.608429 -2.802996 -2.904871
v 52.641365 -2.781616 -10.721894
v 52.274796 -1.465963 -14.419020
v 52.419331 3.219726 -3.501060
v 52.454113 3.190472 -4.877697
v 52.452518 3.046281 -8.051354
v 52.631493 2.730668 -13.749843
v 52.616100 2.971547 -10.153763
v 52.566532 -2.735626 1.865048
v 52.956738 -0.435753 2.065975
v 52.881912 -1.162819 2.058453
v 50.681076 2.756777 -44.960358
v 52.585621 2.973386 -7.515092
v 52.581966 3.009917 -6.085669
v 52.586460 2.975788 -1.161649
v 52.611511 2.850371 1.673295
v 52.604221 2.989691 0.335781
v 52.556622 2.915007 -12.670561
v 52.581810 2.971152 -3.724004
v 52.596989 2.672858 -12.538862
v 52.586212 -2.860596 -12.367265
v 52.600719 2.390170 -13.251917
v 51.168079 1.540473 -42.403946
v 52.616726 -2.793951 -13.720987
v 52.592236 2.992222 -11.661900
v 52.796513 0.388614 -47.441029
v 52.660149 -2.064466 -12.887095
v 52.641266 2.834613 -7.817053
v 52.623997 -2.783972 1.063236
v 52.631474 -2.619629 -1.232152
v 52.704025 -1.799722 -10.083533
v 52.610699 -2.806176 -12.560002
v 52.726650 2.167267 -10.707866
v 52.675293 -2.531890 -13.748290
v 52.636459 -2.638376 -4.220403
v 52.669147 2.424871 2.057847
v 52.671085 2.140214 -12.344131
v 52.695156 2.231449 0.911655
v 52.672913 2.376775 -5.550965
v 52.734509 -1.261867 -10.441971
v 52.714603 -1.459431 -12.242127
v 52.726742 -1.751062 0.848792
v 52.731140 -1.451406 -8.499346
v 52.739887 -1.488474 -6.233016
v 52.719021 -1.609763 -2.702429
v 52.797195 -1.199198 -1.828666
v 52.685341 2.168594 -13.845427
v 52.773876 -1.175498 -11.394444
v 52.833401 1.512754 -12.375861
v 56.288525 2.728111 -44.283554
v 52.867889 1.525611 0.809015
v 52.870350 1.361170 -9.979762
v 52.937428 -1.033401 -13.785467
v 52.841770 -0.945804 -8.181752
v 52.867653 -0.980582 -9.721422
v 52.863419 -0.891545 0.002770
v 52.822662 1.692406 2.069264
v 53.641983 1.199073 -47.182144
v 52.886398 -1.076476 -12.680432
v 52.830334 -1.641131 -13.778097
v 52.819916 1.636825 -4.687470
v 52.845139 1.484195 -7.400775
v 52.876251 -0.914958 -2.385983
v 52.895306 0.791600 -3.014002
v 52.904682 -1.010534 -11.283795
v 52.851803 -0.736481 -12.771720
v 52.858044 -0.934202 -4.788852
v 52.891472 -0.522151 -4.364281
v 52.881897 0.880068 -8.541365
v 52.882122 -0.545400 -8.925706
v 52.879345 1.054110 -12.387641
v 52.843971 1.544581 -1.075930
v 52.900650 0.800552 -6.727485
v 52.901081 -0.600379 -12.268435
v 52.913918 0.505993 0.515394
v 52.866367 1.513242 -13.782045
v 52.925274 -0.374150 -11.191166
v 52.941895 -0.579366 -13.187988
v 52.900646 0.586800 -12.452808
v 52.891922 0.721642 -13.364151
v 52.910706 -0.743443 -13.447599
v 52.957890 1.101354 -13.720318
v 52.952900 0.887799 2.017621
v 53.019409 -0.423849 -13.757843
v 53.004501 0.544774 -13.765589
v 53.013031 2.359872 -46.144733
v 53.177021 0.285553 -41.932358
v 54.753574 -1.550269 -42.373955
v 54.123375 1.712608 -42.533276
v 53.819283 -1.176393 -42.169827
v 54.186283 -1.209431 -47.223900
v 52.532112 1.291043 -42.252827
v 50.945541 2.103533 -46.475155
v 54.052696 -0.535252 -47.435818
v 55.072529 -0.139639 -47.485245
v 55.529804 2.077065 -42.880508
v 54.161224 -2.190361 -42.954575
v 53.682682 -0.852291 -47.355530
v 53.133232 2.206447 -43.043785
v 54.801502 2.759220 -44.710758
v 55.255825 2.646435 -43.914875
v 55.424541 1.262560 -42.238743
v 52.940212 -0.763847 -42.022446
v 54.481060 -1.805201 -42.563141
v 54.535038 -1.589951 -47.009865
v 52.959995 0.858962 -42.064659
v 56.028404 -2.770891 -44.237415
v 54.018120 -2.507129 -45.964218
v 54.132580 1.563120 -46.977150
v 53.721268 2.636895 -45.517075
v 56.045479 -1.958359 -42.698524
v 55.615009 2.725248 -45.122292
v 56.043343 2.481653 -45.899635
v 56.492645 0.024660 -41.923756
v 55.844997 2.079717 -46.512459
v 60.275833 2.482733 -43.489017
v 55.117931 -2.684026 -45.524208
v 57.280258 0.483567 -41.965897
v 55.625839 -2.253936 -46.375591
v 55.161366 0.791270 -47.365734
v 59.879597 -2.511772 -45.969425
v 58.990555 0.892174 -47.331398
v 58.156540 -2.507691 -43.446178
v 56.029976 -0.448689 -41.957550
v 56.433910 -2.783125 -45.098408
v 55.055695 0.248406 -47.472569
v 57.726982 -1.199942 -47.235138
v 59.397358 -1.755161 -42.527874
v 60.388191 -2.818862 -44.703178
v 57.699543 -0.688413 -47.415398
v 57.647045 -1.161607 -42.166508
v 56.059673 -2.671069 -43.839355
v 60.528240 2.077968 -42.886536
v 61.118298 2.642506 -43.885780
v 57.644398 0.842561 -42.054470
v 59.922207 1.287797 -42.247425
v 58.623585 1.719056 -42.531937
v 55.875237 2.273486 -46.258759
v 61.858833 -2.693825 -45.522778
v 57.627750 -0.729490 -42.016689
v 62.394928 2.765066 -44.716038
v 59.524563 1.598797 -46.961700
v 63.011669 2.300689 -46.217552
v 58.014839 0.416204 -47.456467
v 56.758301 1.291544 -47.153942
v 62.978310 -0.153577 -47.491882
v 60.903507 0.442778 -41.955742
v 61.548695 0.874493 -42.065075
v 62.762211 -1.525519 -42.357937
v 63.479286 -2.670021 -43.820217
v 62.027061 -1.592683 -47.013165
v 62.841534 -0.563686 -47.443317
v 61.213982 -1.250675 -47.213112
v 60.658169 -0.309875 -41.935661
v 64.770851 -0.854883 -47.370609
v 59.324230 2.289663 -43.159966
v 60.206253 2.008496 -46.593739
v 62.391510 -1.886257 -46.782917
v 65.656082 -1.210568 -47.233452
v 60.129280 -2.157725 -42.915863
v 65.755440 -2.508757 -45.965683
v 61.935860 -2.076968 -46.596329
v 61.031010 -2.260117 -46.373722
v 68.532166 -2.612349 -43.663124
v 68.235100 -2.736274 -44.060631
v 62.421383 -2.401566 -43.253441
v 63.252041 0.285400 -47.477898
v 65.753151 -2.222113 -42.990921
v 63.712471 1.304539 -47.149082
v 63.620007 0.597933 -47.423626
v 63.156322 2.738904 -44.294495
v 64.550171 1.725771 -46.871017
v 62.493256 1.775891 -42.583210
v 60.665657 0.091025 -41.918556
v 64.088600 -0.578866 -41.979679
v 64.792664 -1.188713 -42.174381
v 65.057297 0.567033 -41.980194
v 67.397415 -0.300744 -41.935825
v 66.301483 1.826962 -42.635693
v 64.545685 -1.940961 -42.681278
v 64.836868 -2.782154 -45.116016
v 64.352074 -2.802280 -44.448917
v 65.525177 2.079238 -42.888969
v 64.875336 2.091510 -46.508244
v 66.162285 0.876636 -42.069130
v 62.911827 2.731972 -45.121838
v 65.985344 1.260387 -42.237316
v 69.848961 -1.176383 -42.170410
v 63.059238 1.525247 -42.395855
v 67.959999 2.634101 -43.876251
v 67.641365 0.005727 -41.917603
v 70.612457 -2.690176 -45.519924
v 66.948479 0.988301 -47.304180
v 62.893208 2.640184 -45.511040
v 66.565285 -1.572280 -42.388527
v 67.729332 2.268400 -43.128109
v 69.274071 2.284997 -46.245758
v 67.287094 -0.763042 -42.021149
v 63.625008 2.492248 -45.886444
v 68.844788 -1.960490 -42.700031
v 71.621635 -2.782421 -45.118671
v 73.334839 -2.801702 -44.469151
v 67.354660 -2.253862 -46.378738
v 65.840904 -1.590396 -47.013832
v 69.477364 -2.248491 -43.022541
v 67.470436 1.755876 -46.852821
v 69.221886 2.759066 -44.730347
v 70.274673 2.508872 -45.851631
v 67.597435 -0.605867 -47.436516
v 68.107613 2.691622 -45.293892
v 69.886055 -0.374200 -47.474102
v 66.751572 -1.943253 -46.730251
v 69.167870 0.062197 -47.492657
v 72.214897 -1.593085 -47.017708
v 68.110954 2.472312 -43.469879
v 68.196701 0.487468 -47.444645
v 69.726723 0.769240 -42.031654
v 69.796219 0.311757 -41.940491
v 69.538895 1.273046 -42.242016
v 70.400932 -0.862968 -47.367104
v 73.385262 1.262686 -42.235123
v 73.249565 -0.728359 -42.016323
v 72.480392 -1.586595 -42.403751
v 71.641342 1.615260 -46.956593
v 70.380554 -1.195797 -47.240631
v 69.429482 1.418565 -47.085403
v 71.647217 0.051441 -41.922825
v 74.097725 -2.746053 -44.118599
v 70.048828 2.046605 -46.556095
v 71.310310 2.097542 -42.906307
v 72.121712 1.861516 -42.660698
v 71.817024 -2.808982 -44.795845
v 73.242096 -2.191216 -42.965359
v 70.388283 -2.423764 -43.290649
v 72.463036 1.639389 -42.474564
v 72.469841 1.861369 -46.754406
v 70.324585 2.735056 -44.323700
v 74.488762 -2.267255 -46.366199
v 75.490410 -2.668486 -43.824902
v 73.864120 -1.935724 -42.681065
v 73.465965 -1.154894 -42.163815
v 71.714722 -2.512279 -45.965862
v 73.437965 2.296803 -46.240623
v 75.792488 2.481497 -45.922421
v 74.016556 2.092605 -46.512791
v 72.418480 0.693225 -47.398926
v 73.869041 -0.422480 -41.955490
v 72.494225 -0.147024 -47.492069
v 75.652550 2.272797 -43.134621
v 72.951294 2.730032 -45.106655
v 80.011642 -2.592846 -43.610451
v 72.598862 1.186805 -47.218151
v 73.149216 0.896086 -42.075214
v 73.468468 2.639393 -45.512352
v 74.216255 -1.953299 -46.724865
v 73.698784 -0.675462 -47.424118
v 76.408340 -1.213052 -47.230896
v 76.780579 0.370594 -41.944359
v 77.900772 -1.184081 -42.174530
v 74.342247 2.637134 -43.879581
v 77.814064 -1.574114 -42.387531
v 80.015724 -2.173349 -42.934341
v 75.604439 -2.439592 -43.319405
v 80.033318 -2.824799 -44.573372
v 76.652176 -2.525975 -45.957645
v 77.299469 0.811179 -42.047451
v 77.554718 1.274757 -42.245586
v 77.892448 -1.951997 -42.690845
v 77.029701 1.628042 -42.468830
v 79.975967 2.629730 -43.883251
v 77.719872 -1.958188 -46.726074
v 78.255501 -0.799125 -42.034897
v 75.612556 1.642730 -46.932220
v 77.806938 0.681759 -47.402115
v 75.019394 0.395256 -47.458195
v 77.301468 2.470675 -43.486107
v 77.785347 -1.602910 -47.012344
v 77.386063 -0.575366 -47.439438
v 77.542168 1.991451 -42.789131
v 77.288078 1.175252 -47.223331
v 77.776535 -2.703167 -45.503609
v 80.026131 -1.739813 -42.517998
v 77.752037 -2.272256 -46.370670
v 78.347145 0.247118 -47.482094
v 80.000832 -0.684758 -42.012962
v 77.831551 -0.209120 -41.932835
v 80.038719 -1.570228 -47.049095
v 80.028633 2.758268 -44.653080
v 80.036705 -1.368887 -42.273773
v 80.033424 2.728869 -45.117779
v 78.460281 -0.152451 -47.493980
v 80.024330 0.093344 -41.938541
v 80.029701 -2.734699 -44.022663
v 80.040260 -2.048084 -46.644043
v 80.015533 1.778896 -46.849548
v 80.035355 2.718188 -44.254768
v 80.031281 1.227763 -42.236664
v 80.040977 0.688448 -42.031151
v 80.031471 2.519719 -45.859501
v 80.044258 -2.814461 -44.932621
v 80.030609 1.291545 -47.176220
v 80.052635 -1.160580 -47.269142
v 80.006813 -0.683878 -47.430790
v 81.317245 -0.842451 -42.570652
v 80.012360 1.555377 -42.433514
v 80.035545 2.287473 -46.277222
v 80.047867 2.654273 -45.478523
v 80.050842 0.225341 -47.499763
v 80.026291 1.893050 -42.714344
v 80.028931 -2.382047 -43.221218
v 80.020103 -2.410138 -46.174782
v 80.037903 2.047505 -46.583466
v 80.032501 0.946280 -47.332790
v 80.377754 -0.460737 -47.349697
v 80.030060 2.223465 -43.086369
v 80.030472 2.473634 -43.496315
v 80.040260 -2.765079 -45.274887
v 81.305435 -1.374741 -42.850414
v 80.021149 -2.635846 -45.720177
v 81.336967 2.090748 -43.872742
v 81.347954 2.090930 -45.579529
v 81.353249 -2.061789 -45.744049
v 81.343689 1.602834 -46.317780
v 81.363602 -2.206865 -45.340885
v 81.344673 -0.569877 -46.937508
v 81.330353 -1.714557 -43.165470
v 81.387749 0.977252 -42.674095
v 81.330818 1.873768 -45.985188
v 81.326981 2.253491 -44.909966
v 81.325493 -1.045110 -46.761578
v 81.373161 -2.280911 -44.903908
v 81.346115 -0.037769 -47.010811
v 81.328125 0.532699 -42.485641
v 81.340866 1.249292 -42.831966
v 81.331207 -1.531357 -46.431549
v 81.332382 1.349585 -46.545681
v 81.316681 0.495781 -46.949383
v 81.324310 1.032987 -46.740334
v 81.375229 -2.278146 -44.516941
v 83.343925 -1.564449 -43.034115
v 81.321747 -1.927772 -45.993416
v 81.356094 -2.021833 -43.641579
v 81.317032 1.605691 -43.124180
v 81.376846 -2.185700 -44.053940
v 81.326630 1.871713 -43.455379
v 83.343071 0.901119 -42.603371
v 83.332123 -1.224091 -46.657310
v 81.321167 0.065853 -42.426304
v 81.329018 2.213827 -44.290936
v 83.353386 2.122646 -43.873657
v 83.329285 -0.318942 -46.982044
v 83.201218 1.337727 -46.536747
v 81.320091 -0.348843 -42.450752
v 83.349724 -0.733397 -42.544605
v 83.349922 1.287752 -42.820980
v 82.504295 -2.286528 -44.675205
v 82.526955 -0.993190 -42.654510
v 83.351608 0.376506 -42.446461
v 83.340279 -2.261417 -45.136536
v 83.347122 1.635551 -43.129993
v 83.362503 2.085497 -45.633831
v 83.343933 -1.250322 -42.797146
v 83.338516 -1.898695 -43.433472
v 83.349701 -2.298017 -44.503334
v 83.368576 2.255382 -45.003551
v 83.347168 1.894513 -43.452526
v 83.205933 1.928898 -45.903255
v 83.361984 -0.199061 -42.427883
v 83.336662 1.731098 -46.186821
v 83.336220 -2.123792 -45.626865
v 83.343636 -0.851824 -46.846233
v 83.346664 -2.131518 -43.847614
v 83.339195 0.326206 -46.968586
v 83.325752 -1.557239 -46.400051
v 83.343590 0.779012 -46.847919
v 83.373116 1.327590 -46.579414
v 83.362427 2.253914 -44.373104
v 83.331345 -1.888844 -46.027271
v 83.588219 -2.232959 -43.183941
v 83.593994 -0.277681 -42.040764
v 83.578575 -1.964460 -42.847759
v 83.572624 2.264472 -46.081741
v 83.589035 1.999144 -46.455967
v 83.551399 1.334826 -47.032124
v 83.569244 -0.805157 -47.323689
v 83.589951 -2.410685 -43.479015
v 83.558922 -1.922268 -46.633862
v 83.607407 -2.719152 -44.710487
v 83.578423 2.584608 -45.279892
v 83.506371 0.385664 -47.319611
v 83.612282 -2.677095 -45.205956
v 83.590317 0.006649 -42.042519
v 83.524742 -1.413649 -42.487995
v 83.574997 -1.488948 -47.005619
v 83.605232 1.182608 -42.319534
v 83.593002 -0.725452 -42.125511
v 83.588448 2.435060 -45.745201
v 83.607010 2.645147 -44.886055
v 83.605812 -2.184181 -46.337666
v 83.609917 -2.675912 -44.245613
v 83.604919 1.565777 -46.879219
v 83.609589 0.673501 -42.122120
v 83.677315 -2.591436 -43.900162
v 83.611237 -1.161828 -47.192406
v 83.632370 0.121968 -47.418205
v 83.641174 -1.334976 -42.361107
v 83.628624 -1.764307 -42.660469
v 83.643021 -0.382530 -47.408436
v 83.654205 0.773054 -47.292839
v 83.718750 2.592773 -44.092445
v 85.826126 -2.023926 -46.540390
v 83.564560 2.176593 -43.190578
v 83.578255 -2.555685 -45.637104
v 83.609436 2.646805 -44.471081
v 85.725418 -1.768179 -46.791683
v 86.700073 -0.066979 -47.437023
v 83.594727 1.646919 -42.607510
v 86.192574 2.095670 -46.354263
v 83.568977 2.469811 -43.730591
v 83.699715 1.965531 -42.903347
v 85.915390 0.749942 -47.309193
v 85.841751 2.264369 -43.299610
v 83.606644 -2.431232 -45.937511
v 87.898743 -0.574939 -47.383369
v 87.853783 2.659601 -44.911713
v 85.706802 1.756132 -46.730747
v 87.879570 -1.493166 -47.010567
v 87.855026 -2.001744 -42.896088
v 86.266655 1.144882 -47.147739
v 84.260612 0.277081 -42.033875
v 87.881020 -2.447032 -45.934856
v 87.921967 -2.250556 -46.257977
v 85.483475 1.507901 -42.494244
v 87.871246 2.490080 -43.751331
v 85.843147 -1.017079 -42.218590
v 87.875481 -2.465451 -43.560177
v 87.916107 -2.738767 -44.819641
v 87.899033 2.503346 -45.614254
v 87.895149 1.889152 -46.602642
v 87.853546 -1.758297 -42.667969
v 85.232925 1.056181 -42.244331
v 86.386917 0.278034 -47.412346
v 87.815453 -0.485678 -42.067707
v 87.810112 -0.255887 -47.438812
v 87.877541 2.330045 -45.998386
v 87.922150 -1.881715 -46.696331
v 87.873108 -1.345257 -42.378021
v 87.915131 -2.648165 -44.045906
v 87.866356 1.477032 -46.963264
v 87.854073 -2.253106 -43.200916
v 87.905922 0.042312 -42.032528
v 87.825096 0.472029 -42.069374
v 87.828506 -2.728930 -44.469803
v 87.915459 0.804946 -42.153275
v 87.841980 1.028273 -47.228859
v 87.819801 1.899605 -42.832664
v 87.870071 0.418153 -47.409775
v 87.898132 -1.053360 -47.239910
v 87.840538 2.657454 -44.413048
v 87.920784 2.581990 -45.361938
v 87.977928 -0.094023 -47.387585
v 88.000572 -2.405593 -43.632374
v 87.953812 -0.833403 -42.219086
v 88.013153 2.187931 -46.046051
v 87.917160 -2.664907 -45.351936
v 88.074432 1.111670 -47.006065
v 88.023048 -1.096021 -47.133904
v 87.910347 1.330189 -42.380196
v 87.920502 2.224345 -43.264282
v 87.980682 1.713612 -42.730045
v 88.000092 2.565809 -44.452297
v 88.390411 -1.047266 -42.837666
v 88.418175 -2.062831 -44.336182
v 88.274567 -0.205245 -42.433727
v 88.391457 1.755518 -45.821686
v 88.126007 -1.726470 -42.916183
v 88.375275 -1.980260 -45.576900
v 88.399681 -0.936625 -46.649464
v 88.342964 -2.208853 -44.855686
v 88.417801 -1.894892 -43.829182
v 88.392166 1.397615 -46.283394
v 88.108757 2.300881 -43.809612
v 88.398865 0.632570 -46.746624
v 88.400024 -1.616007 -46.124279
v 88.359863 2.078628 -44.204781
v 88.350037 -0.152735 -46.942581
v 88.402626 1.092886 -42.924175
v 88.374634 2.064459 -45.166927
v 88.414253 -1.209885 -43.026142
v 88.401367 -0.080262 -45.335152
v 88.401619 1.661888 -43.462761
v 88.385719 0.507458 -42.652298
v 88.402779 0.153799 -44.090122
v 44.211277 2.078998 39.941044
v 44.194695 -1.986851 52.154568
v 44.209236 -2.260980 36.239174
v 44.031139 -8.594303 -4.080599
v 43.484734 3.264618 -19.417704
v 44.082119 -3.233720 -27.750460
v 44.365067 -8.639125 0.275562
v 44.382904 -2.451431 13.304350
v 44.001846 5.436511 -16.193140
v 44.152100 1.999501 51.373119
v 44.000961 5.423236 -33.683372
v 44.659309 -5.632486 -52.747696
v 43.950760 6.417755 -35.007107
v 44.031219 2.459641 12.231528
v 44.746063 -7.243489 5.129496
v 44.056080 -6.202294 7.695269
v 44.026775 -2.259583 35.740074
v 43.901001 7.037520 -38.094730
v 43.530479 -7.013254 -51.314838
v 44.227798 -5.461732 -27.835169
v 44.408432 -7.025574 -45.372135
v 44.426632 -5.458613 -16.203953
v 44.489651 -7.039287 -41.524498
v 44.357601 -7.040184 -51.323822
v 44.176350 -2.448478 21.802879
v 44.632359 -8.672986 2.120065
v 44.531010 7.050617 -34.972317
v 44.214050 -1.987104 52.745934
v 44.192371 -2.037165 47.907150
v 43.843498 6.615365 6.682524
v 43.987473 2.414201 26.755495
v 44.189709 -2.142121 42.007832
v 44.158928 5.335748 9.775275
v 44.464195 2.414302 17.871101
v 44.217525 -2.101443 42.925243
v 43.525551 -3.240178 -20.587530
v 44.025829 -8.561454 -2.130078
v 44.074673 -8.591522 -8.150646
v 43.819092 1.935048 52.702660
v 43.843628 3.263093 -27.749687
v 43.794796 -3.223766 -16.165524
v 44.316051 -6.691671 6.474438
v 43.223587 -1.100737 52.739628
v 44.333755 -3.632045 11.142859
v 44.312386 -8.722020 -13.827032
v 44.018539 -2.434762 14.174633
v 43.885319 -2.358056 34.198399
v 43.817486 2.058426 37.450115
v 43.308304 6.703463 -14.658501
v 43.571606 8.617510 -4.661103
v 43.854679 -5.448195 -14.880211
v 44.177711 2.034916 42.446266
v 43.705120 7.014391 -46.334995
v 43.959763 -8.561081 -12.168578
v 44.314110 -7.911606 3.659021
v 43.859306 2.332833 34.647945
v 44.177948 -8.232325 2.936106
v 43.751816 2.431571 12.190068
v 43.702808 5.427810 -27.749828
v 43.714256 -7.013267 -45.622742
v 44.172958 -6.504568 -51.846733
v 43.869171 2.232771 36.272839
v 44.286194 -5.502167 9.428019
v 43.994717 2.443708 30.018446
v 44.271343 -7.053644 -34.966240
v 43.621372 2.370314 17.868389
v 44.182003 -2.068073 44.893459
v 43.850960 3.333097 12.142512
v 43.932510 2.427053 22.052174
v 43.553417 3.202487 12.254891
v 43.575058 3.256112 -22.903440
v 43.615463 1.864940 36.911510
v 43.859650 -2.168699 35.259434
v 43.674988 1.900375 48.964378
v 43.644760 1.924818 41.565037
v 43.633591 1.893814 45.457035
v 43.621181 -2.367132 28.106441
v 43.668713 -8.595341 -10.868096
v 43.605038 5.395036 -33.684631
v 44.054302 -8.647770 2.168937
v 43.567142 8.202701 2.988769
v 44.135208 -5.247023 9.935605
v 43.352631 6.880332 5.960902
v 43.593903 -5.069380 -16.250252
v 43.756001 -5.986391 8.266071
v 43.700268 -5.419762 -33.694199
v 43.762424 -2.417528 22.012125
v 43.607597 2.375120 25.238871
v 44.093254 -6.429907 -35.020611
v 43.688297 -8.602304 -2.819518
v 43.775352 2.402900 32.942005
v 43.602348 -1.922743 41.445560
v 43.897987 -5.443281 -29.839167
v 43.677979 1.985770 38.769764
v 44.090210 5.420423 -14.886659
v 43.286972 2.708113 12.224474
v 43.704418 -8.611610 0.038129
v 43.707874 -5.441977 -27.749454
v 44.130856 -3.372428 12.204215
v 43.659550 -8.592039 -13.072124
v 43.594711 4.787934 -16.240749
v 43.534950 1.415635 52.740925
v 43.757168 -1.901621 52.729012
v 43.553497 5.390495 -16.403227
v 43.637180 -1.887990 49.797119
v 43.335983 -1.379063 49.448597
v 43.633804 -1.963494 38.036583
v 43.576900 -3.211378 -16.225285
v 43.495747 3.262421 -17.825539
v 43.825375 -2.392186 12.138037
v 43.572937 3.252903 -24.910801
v 43.307537 -2.259956 32.582314
v 43.556751 -4.939404 -27.634649
v 43.562542 -3.236566 -17.632309
v 43.490349 3.260249 -23.776546
v 43.568459 3.252238 -16.270639
v 43.694042 -8.606941 -9.322287
v 43.528225 -3.217973 -23.165901
v 43.208282 8.618042 -11.651985
v 43.566132 -3.212400 -27.625484
v 43.354301 8.607813 -6.995374
v 43.509949 5.318550 -16.580370
v 43.535667 3.347311 -27.681978
v 43.495895 -3.218769 -16.364683
v 43.522728 5.420521 -25.556499
v 44.038391 -6.401657 7.257644
v 43.586834 -2.377861 15.097094
v 43.525848 -5.419331 -16.381044
v 43.531139 4.956380 -27.675659
v 43.471161 3.261416 -16.940224
v 43.448250 3.248174 -27.051596
v 43.502602 -2.367514 21.122543
v 43.025043 5.544007 8.958183
v 43.520802 4.000791 -25.739168
v 43.582268 -1.941900 42.328510
v 43.487923 -3.370782 -27.442617
v 43.493355 3.263050 -26.215710
v 43.988529 5.675965 -52.739330
v 43.472420 -5.324153 -27.143297
v 43.503536 5.417534 -21.855684
v 44.054607 0.314231 52.744007
v 43.552853 2.328650 33.082840
v 43.748207 -2.415606 32.005894
v 43.499638 3.304007 -24.739962
v 43.504864 3.292928 -22.262304
v 43.582706 -1.936407 39.444729
v 43.893082 -3.782840 10.089095
v 43.491722 -5.425817 -21.961637
v 43.655155 -8.606786 -5.938231
v 43.504284 -3.322539 -17.778820
v 43.495586 -5.423538 -26.123995
v 43.492962 5.319400 -21.710192
v 43.727077 -5.439848 -16.246115
v 43.282055 5.593945 -52.729660
v 43.495373 5.315050 -18.484003
v 43.025696 6.314990 -35.003098
v 43.483147 -5.328784 -16.667704
v 43.500172 -3.311998 -21.582748
v 43.497837 3.734587 -20.980970
v 43.460186 -5.323648 -20.639980
v 43.490063 -5.406551 -22.491449
v 43.311077 7.406055 4.725824
v 44.068188 -7.414972 4.763515
v 43.495949 -3.220172 -24.838999
v 43.491032 3.271850 -18.663177
v 43.449188 1.487787 50.680618
v 43.496086 -5.417707 -24.894033
v 43.482658 -5.333159 -23.650759
v 43.291126 6.991426 -51.337715
v 43.745541 -7.024275 -39.857216
v 43.492481 -3.213626 -24.525358
v 43.513969 -5.772107 8.682331
v 43.482944 -3.217745 -23.277206
v 43.494755 5.416816 -26.362329
v 43.247925 -6.963740 -44.035400
v 43.444302 5.388447 -16.658289
v 43.484234 -3.251812 -20.624689
v 43.496746 3.289021 -22.966599
v 43.474796 3.247750 -27.601530
v 43.488411 5.403550 -27.457560
v 43.493416 -3.213769 -25.270807
v 43.480217 3.255182 -21.653027
v 43.073174 8.675652 2.113706
v 43.473263 5.298066 -17.198341
v 43.472042 -3.230821 -17.343847
v 43.464790 -3.215783 -27.092882
v 43.423771 1.555220 47.485847
v 43.363304 1.482476 41.392635
v 43.440269 -5.422817 -24.793158
v 43.488976 -5.433297 -18.076439
v 43.500618 -5.436246 -25.859089
v 43.444862 -5.432123 -22.553707
v 43.231159 -6.984708 -34.954952
v 43.431446 -5.425509 -21.856642
v 43.453491 -1.788449 34.352497
v 43.444241 -5.404137 -17.229961
v 43.597771 -1.890916 46.365532
v 43.089359 -1.053470 40.034943
v 43.524147 -1.805415 35.127769
v 43.320477 2.280323 26.246340
v 43.559242 1.796711 35.340969
v 43.437828 -2.304130 12.220404
v 43.267174 -2.256654 28.309156
v 42.810863 3.545762 10.133730
v 43.404575 2.330549 12.230666
v 43.421329 -7.214808 5.139046
v 43.534729 -6.812059 6.151274
v 43.336578 1.158578 52.734467
v 43.375854 -6.626514 6.522523
v 43.601151 -3.519478 11.366404
v 43.514145 -5.419860 -27.472076
v 43.468418 5.358891 9.565166
v 43.735767 -5.508729 9.352221
v 43.067490 -6.171345 7.489722
v 43.944710 5.082607 10.128110
v 43.223099 -1.097129 51.829762
v 43.030140 -3.590248 10.102528
v 43.447273 -5.429628 -26.278730
v 43.681870 7.704891 4.098649
v 43.383045 2.118220 33.199207
v 43.168350 5.998477 7.880257
v 43.079487 3.158321 12.197161
v 43.444267 5.411401 -21.721941
v 43.247032 2.228795 32.261284
v 43.485359 -5.429962 -18.772093
v 43.220600 5.315498 -14.889469
v 43.541767 2.369572 29.573729
v 43.159115 2.231814 22.721788
v 43.114208 -1.895497 32.812187
v 43.053963 -1.135558 52.730389
v 43.314873 -3.244204 12.178680
v 43.110474 1.043367 50.545593
v 43.159225 -2.206213 12.161530
v 43.145931 -8.675032 -12.404997
v 43.199471 5.343468 -29.030502
v 43.425800 8.607007 -1.181984
v 43.069199 1.061382 47.604668
v 43.236294 3.673440 10.125308
v 43.064011 1.045807 42.064095
v 42.944115 -2.080493 31.866364
v 43.066711 1.076046 39.509495
v 43.774105 -7.061283 5.604073
v 43.099545 -1.082410 35.322720
v 43.167294 -8.696087 -13.779840
v 42.778652 5.235952 -33.684586
v 42.957737 2.123878 12.179757
v 43.223614 2.248651 17.922039
v 42.873226 -7.374063 4.578876
v 43.346382 6.985927 -39.991146
v 42.927376 6.330882 7.028201
v 42.970390 2.123082 29.395592
v 42.571777 -7.624627 3.941792
v 43.751652 -7.667636 4.136937
v 42.325695 7.430288 4.235143
v 42.739773 7.702832 3.854757
v 43.186852 -2.256251 23.687347
v 43.198860 -6.343028 -35.010632
v 42.984936 5.309855 -25.527168
v 43.169346 -2.241519 15.830885
v 43.081230 -1.059841 38.532921
v 43.083725 -1.074000 41.994560
v 43.031342 1.102144 52.737541
v 43.257637 -6.972889 -37.644958
v 42.989532 -5.316140 -14.886942
v 42.675018 5.757002 8.272310
v 43.193565 1.045740 51.830410
v 43.077026 -8.626507 -7.448585
v 42.771435 8.572150 -1.038071
v 43.000553 0.094498 52.717960
v 43.058666 -8.657123 1.253903
v 42.780178 1.115277 33.498749
v 42.691090 8.568295 -8.120417
v 42.246170 -2.744043 12.209939
v 43.113197 -1.088018 45.262390
v 42.775772 1.985545 25.024622
v 42.726379 1.964931 20.989355
v 43.425327 -8.079297 -14.458928
v 42.992744 5.134571 9.902776
v 42.607334 4.832235 10.128403
v 43.238518 -5.223282 9.813601
v 43.328495 -8.159853 3.006423
v 42.498611 6.649086 6.113471
v 43.270748 -5.022162 10.087576
v 43.106480 -1.069188 48.241966
v 42.984818 -8.662024 -11.572370
v 42.636795 5.172999 -14.889796
v 42.685341 -5.940830 7.831422
v 43.011135 6.950803 -34.948784
v 42.576828 -6.785357 -14.634236
v 41.503681 6.524187 -14.631846
v 42.874500 -1.070081 33.750084
v 42.702675 1.915974 31.197094
v 43.079529 1.089988 36.410141
v 42.908730 -3.372071 11.152771
v 42.651905 -6.866196 -34.952507
v 42.944012 -5.299189 -28.071733
v 42.917713 5.290394 -18.792706
v 42.286312 2.754172 12.208856
v 42.827381 -2.040792 15.136770
v 43.011608 -5.330050 -23.152393
v 42.613621 2.963413 12.194209
v 42.902435 -8.675337 -13.749003
v 42.767231 -8.562583 -7.504050
v 42.908554 8.009845 -14.409573
v 42.628952 -5.033873 9.855956
v 43.063278 -8.632279 -3.082545
v 43.216114 -8.614065 2.120892
v 42.903534 8.620516 -13.840792
v 43.033466 -8.628556 -0.883742
v 42.519978 -6.936011 5.451713
v 42.611897 1.860546 18.563454
v 42.696968 8.157617 2.825621
v 42.730473 -5.513051 8.890321
v 43.333996 -5.591990 -52.747169
v 42.590015 -6.201490 -35.004375
v 42.435047 5.136867 -28.005999
v 42.938068 6.916463 -45.178482
v 42.784523 -2.025796 25.082659
v 42.500290 -1.771482 16.198538
v 43.022591 -5.306576 -33.685101
v 42.955837 -6.301199 -51.940937
v 42.961044 -6.926830 -46.258312
v 42.364574 6.808041 -34.954876
v 41.920719 -1.326736 44.416950
v 42.517170 -1.792819 12.175559
v 42.582603 1.203579 51.873550
v 43.037323 -1.067501 34.523113
v 42.264782 5.879755 7.618425
v 42.329716 1.240296 39.324665
v 42.541157 -5.187095 -19.400578
v 43.078812 1.079909 37.785366
v 42.481659 5.256267 9.208904
v 42.641315 1.900827 29.369795
v 42.803444 -1.170197 52.289986
v 42.516899 1.135181 32.318432
v 42.085945 1.302743 43.425369
v 42.194389 8.501258 2.110617
v 42.191635 8.244051 2.486491
v 42.124828 7.151724 4.748610
v 42.103214 5.477898 8.495116
v 42.357391 1.630682 30.501673
v 43.011959 1.102055 34.832111
v 42.979000 -7.824761 3.644996
v 42.396423 1.644183 25.466709
v 42.299538 -8.490466 -13.030931
v 42.697395 -6.341987 6.925661
v 42.461071 5.152472 -19.604477
v 42.389278 8.575559 1.248893
v 42.211765 -4.692845 10.091125
v 41.848438 1.363037 47.925831
v 41.825283 1.374828 33.948551
v 42.392075 -3.355808 10.112915
v 42.736618 -6.773956 5.932904
v 43.096870 -1.059775 42.794518
v 41.934315 -1.337306 47.885204
v 42.122498 1.314778 48.885052
v 42.156883 1.267750 37.991306
v 43.096745 -1.053252 36.841820
v 43.076496 1.051640 44.768509
v 42.509964 -1.798153 25.813599
v 41.784481 4.502337 10.113968
v 42.609398 -1.846630 31.211491
v 42.408592 -8.462715 -4.047279
v 42.265343 8.506997 -1.431722
v 42.589676 1.860313 12.184433
v 42.417683 1.686203 21.302902
v 42.276512 6.768109 -48.041908
v 42.256920 -8.446404 2.133745
v 42.405163 -8.439395 -0.818537
v 42.348881 -1.633377 21.944448
v 41.872692 -1.360012 50.482574
v 41.948929 1.357742 50.643261
v 42.349545 8.523873 -5.672217
v 42.027901 -8.412272 2.120798
v 41.898911 5.035696 9.202807
v 41.733555 7.705833 -14.446242
v 42.270782 3.308776 10.145668
v 42.122658 -6.721962 -34.953526
v 42.074398 6.063260 -35.005444
v 42.192005 1.431667 29.777906
v 41.860996 -5.799548 7.504443
v 42.506828 6.849640 -51.336418
v 42.061348 -5.789202 -34.691689
v 43.083294 -1.056023 46.562706
v 42.504143 -2.928170 12.191045
v 41.916752 4.927957 -19.976706
v 42.517933 -1.104658 32.273685
v 42.082943 -1.297797 35.269386
v 42.458145 -8.484213 -10.852727
v 42.469849 -8.478931 -7.767863
v 42.396233 -5.112620 -33.673607
v 41.632809 6.555562 -51.339020
v 42.649433 -6.872778 -51.330513
v 42.118664 1.292654 45.626366
v 41.654163 1.420254 36.704540
v 42.187267 1.272552 42.357616
v 42.335777 5.355839 -52.730778
v 41.995842 1.337716 45.771160
v 42.131905 -1.341185 17.608168
v 42.049900 1.307843 43.518513
v 42.242760 -1.148461 31.000818
v 42.142147 -1.366665 27.907763
v 42.479454 -5.175787 -14.889731
v 42.303421 -5.105798 -24.856924
v 42.527679 -6.829436 -43.016384
v 42.180279 1.390009 13.922188
v 42.146557 -1.367089 12.187159
v 42.659008 -1.079874 32.906857
v 42.032372 -8.324232 0.612986
v 41.918602 6.504338 6.018436
v 42.162003 1.135753 30.873978
v 42.175091 0.687373 38.037502
v 42.219376 1.438960 24.329876
v 42.030224 1.194696 30.082294
v 41.898369 7.808221 3.178434
v 42.267399 -1.538016 30.549196
v 41.917183 -6.382689 6.275764
v 41.925625 2.747326 11.459086
v 42.073494 -0.120044 48.949791
v 42.262691 0.797872 39.277962
v 41.986134 1.303428 39.570614
v 41.899010 -8.275534 -4.573586
v 42.364288 1.628359 12.168324
v 41.730499 5.703096 7.560974
v 42.079311 1.280807 36.333511
v 42.073524 1.297163 42.475380
v 41.958286 4.941381 -27.927879
v 42.111256 -1.284999 39.292866
v 42.227131 6.749513 -43.823853
v 42.067745 -1.295222 46.659443
v 42.239357 6.756720 -36.994274
v 42.085442 -0.279890 46.661835
v 42.087315 1.084072 40.239407
v 42.043560 1.321526 46.794174
v 42.071514 1.322821 46.686668
v 42.510555 -1.197641 49.527237
v 41.925873 -6.652709 -43.763145
v 41.995239 -1.301554 36.255257
v 42.269238 -6.769469 -48.580067
v 41.954433 -8.322612 -11.942822
v 42.073818 -1.181283 42.362076
v 42.073330 -1.298818 43.414429
v 41.778854 -1.366652 36.546478
v 41.998718 1.088515 15.774857
v 41.867630 1.383402 48.588413
v 42.080788 -1.183840 48.961220
v 42.074299 0.363330 36.270653
v 42.071449 -1.203724 38.094471
v 41.557159 1.450684 46.183998
v 41.939251 1.346094 34.279106
v 42.009548 1.342482 49.072258
v 42.117710 -0.163041 42.358208
v 42.111599 0.678580 46.682919
v 42.020718 1.324882 40.231537
v 42.013695 0.308158 36.334267
v 41.848743 -1.236014 30.978132
v 41.904316 -6.664799 -51.330421
v 42.134079 -0.566603 39.247097
v 42.163948 0.062496 39.247719
v 41.999752 1.326511 35.322952
v 41.670883 1.390168 38.592400
v 42.026211 -1.103903 41.284081
v 40.788975 3.730299 10.124531
v 42.020088 -1.206565 30.146687
v 41.917892 6.683761 -34.953754
v 41.981571 -0.479205 36.232616
v 42.014797 -1.134531 44.542027
v 42.027420 -0.302262 41.281956
v 42.111427 -0.288952 38.059406
v 42.018215 -0.044257 35.149418
v 42.003319 -0.240889 44.494465
v 42.007690 -1.331427 40.239929
v 42.012733 -1.115610 47.780590
v 41.974625 -1.348473 45.615917
v 41.933571 1.338404 37.162262
v 42.056721 4.969822 -33.665947
v 42.039711 -1.057885 45.640121
v 41.883129 -8.258143 -7.987764
v 42.059582 1.128987 35.257370
v 41.593529 1.432245 41.694046
v 41.930923 -0.983419 28.012859
v 42.197605 -5.492727 8.523330
v 42.008110 -1.145222 36.324993
v 41.965084 -1.334984 41.333565
v 41.934376 8.444476 -13.803725
v 41.903278 8.422084 -2.286937
v 41.983887 -7.303222 4.233635
v 41.733688 8.412042 -7.594613
v 41.994640 0.863043 47.801796
v 42.130825 8.493283 -9.394966
v 41.965378 1.320073 41.332085
v 41.943607 -1.337114 44.611450
v 41.930805 -1.319052 47.669132
v 41.966976 1.050915 29.440350
v 42.086487 -1.289393 38.095387
v 41.996578 1.064964 25.180756
v 42.039562 1.113485 41.282143
v 42.110928 -1.289559 48.987782
v 42.064011 1.288225 38.193466
v 42.095901 -1.318189 42.390285
v 41.955235 -1.030379 19.465422
v 42.053474 -1.110787 40.238346
v 42.010265 0.879965 34.270092
v 41.989983 -0.438972 47.776089
v 41.939026 -8.263145 -2.141481
v 41.984867 -1.321845 39.057846
v 41.538719 -1.440213 35.761593
v 41.912315 -1.342105 34.077984
v 42.203033 -8.097235 2.751879
v 41.836163 -4.905241 -25.866486
v 41.992546 -0.855478 34.223705
v 42.076279 0.244089 35.297474
v 42.007381 0.860850 37.247589
v 42.091724 4.978584 -14.896945
v 41.951149 1.318316 44.579556
v 41.769905 6.592373 -45.739174
v 41.946484 -1.112238 30.075527
v 41.950153 -8.281183 -9.582612
v 41.956184 1.033293 12.170756
v 41.805996 -1.378836 35.546364
v 41.503754 0.060228 35.767666
v 41.754250 1.390427 37.541630
v 41.672699 -0.810130 34.617603
v 41.844509 0.689015 24.881409
v 41.967449 -0.763066 37.223446
v 41.530209 -1.401633 49.483349
v 41.997494 -0.201796 34.257957
v 41.558079 1.438676 42.898853
v 41.824249 -8.434217 1.653259
v 41.832340 0.683727 29.538050
v 41.852589 1.255784 31.331133
v 41.932476 -1.306303 37.223011
v 41.506992 6.497892 -37.341373
v 42.102257 -0.228269 43.415134
v 41.738132 1.368086 32.930920
v 41.801201 1.360648 41.017456
v 41.526585 -0.054044 46.127884
v 41.910004 -4.907398 -33.661293
v 41.573692 0.904161 39.722607
v 41.857410 -0.801805 12.750589
v 41.768482 -1.382806 43.782658
v 41.406124 0.011736 49.691013
v 41.895313 1.162106 30.506895
v 41.972939 -0.595591 36.339729
v 41.520237 -0.605643 40.799847
v 41.884777 -1.360306 34.325615
v 42.681011 4.528446 -52.745720
v 41.831787 -0.721270 23.966303
v 41.674442 -1.429715 34.658596
v 42.021843 1.065239 44.526802
v 42.068382 -0.050804 40.221462
v 41.653622 -1.385052 33.654270
v 41.534557 0.105735 39.682507
v 41.940609 -4.951227 -14.882371
v 41.831810 0.711586 19.319315
v 41.985359 -1.088872 12.200938
v 41.540813 -0.421846 41.775162
v 41.618633 -0.481271 33.618912
v 41.794468 -1.369737 46.971302
v 41.530472 -0.769453 39.716599
v 41.798542 2.358711 12.180105
v 41.968464 -0.517036 44.577507
v 41.793098 1.362117 47.635685
v 41.555779 -1.445356 48.222431
v 41.753746 -0.482590 12.196637
v 41.787029 -0.555869 19.412573
v 41.720570 1.395409 43.854439
v 41.801907 -0.630898 29.760143
v 41.546116 -0.866620 46.126713
v 41.731232 0.235469 13.253051
v 41.912895 8.440299 -6.131415
v 41.686447 0.533067 34.655865
v 41.745838 0.307050 19.512854
v 41.743103 0.184266 30.179300
v 41.740559 -0.207390 30.127241
v 41.556164 0.839664 42.860992
v 41.525631 -0.874680 42.868900
v 41.744534 0.259536 26.592297
v 41.935028 -8.441273 -13.751533
v 41.731705 -0.131169 22.434603
v 41.884438 -8.290976 -6.500997
v 41.722759 -0.113222 16.918898
v 41.536926 1.413208 44.058964
v 41.928879 -8.251695 -10.955235
v 41.907116 -8.218432 -0.919426
v 41.712399 -8.278040 0.500835
v 41.168915 -5.573503 7.289560
v 41.165916 5.638478 -34.985428
v 41.815247 -7.500765 3.772440
v 41.714645 -0.335313 12.138719
v 41.581593 0.591892 36.700233
v 41.562271 4.739583 -32.619766
v 41.808609 -2.703362 11.225605
v 41.901669 8.446432 0.933490
v 42.041756 4.768659 9.973757
v 42.289040 -5.655316 8.292723
v 41.685326 1.440201 34.719841
v 41.705360 0.142336 12.163037
v 41.782883 -1.402897 42.620380
v 41.128326 7.161988 3.985694
v 41.729153 -1.302785 32.354362
v 41.401474 1.449211 49.668854
v 41.531055 -0.897143 36.749184
v 41.400887 4.659970 -18.529039
v 41.583557 1.430784 40.779430
v 41.620831 8.327762 -0.911541
v 41.519356 0.620004 40.779598
v 41.648689 8.319321 -2.854892
v 41.618652 0.066886 37.600414
v 41.616081 0.227981 38.604572
v 41.554237 -1.464333 41.760757
v 41.502449 1.431885 35.774818
v 41.652874 0.973095 37.582867
v 41.543617 -1.463685 45.001492
v 41.778610 -1.401514 45.880222
v 41.651569 1.402111 39.825928
v 42.013969 -4.991403 9.474261
v 41.615505 -1.437402 38.607395
v 41.510525 -0.305112 44.037731
v 41.538136 1.442660 48.198574
v 41.640766 2.906768 10.144867
v 41.436050 -2.348251 11.160446
v 41.850876 -4.913254 -21.085785
v 41.508575 1.435077 47.325554
v 41.548553 -1.449627 46.147301
v 41.680397 0.770608 33.002888
v 41.594078 1.336318 36.716194
v 41.825432 -1.349200 41.082550
v 41.617283 1.411257 33.603519
v 42.169628 8.499826 -12.744616
v 41.483082 0.930542 49.574879
v 41.484886 1.284036 35.782070
v 41.216343 6.385415 -34.938450
v 41.536037 8.306707 0.961495
v 41.589455 -1.402536 37.619205
v 41.601028 0.936126 33.557213
v 41.716316 -1.402760 39.553745
v 41.526566 -0.882803 44.047047
v 41.486420 0.024229 48.224640
v 41.548042 0.835564 46.143475
v 41.532394 6.899772 4.877216
v 41.413609 -1.405956 49.621334
v 41.525017 -1.434312 44.054878
v 41.462227 1.927802 12.220716
v 41.130909 5.090281 8.308373
v 41.813705 0.626490 12.179217
v 41.476601 -4.436140 9.945098
v 41.606331 -0.354637 11.666749
v 41.601082 1.413510 44.950726
v 41.513779 -0.706869 48.258774
v 41.532463 -0.873516 40.811092
v 41.478771 -0.369419 11.207755
v 41.547264 -1.439312 40.789780
v 41.545769 -1.460061 36.752525
v 41.539165 -0.338941 45.029228
v 41.524437 -1.429931 47.286282
v 41.404202 2.237102 11.470235
v 41.325710 6.078904 6.393794
v 41.670105 8.348628 -9.311477
v 41.834057 -8.276191 -3.084838
v 42.070240 -8.379173 -13.123909
v 41.704765 -8.268638 -9.534985
v 41.348866 -8.255238 -13.724776
v 41.697601 -2.263150 12.189165
v 41.502899 0.498163 47.292000
v 41.513756 -0.634491 47.276001
v 41.815239 -2.994368 10.121299
v 41.331367 -4.634917 -25.493250
v 41.302799 -6.036507 6.464488
v 41.511795 -1.461906 42.924023
v 41.493847 -1.453953 39.798870
v 41.648647 0.098534 12.157212
v 41.443161 1.453697 49.737144
v 41.693069 -6.717680 5.340609
v 41.244030 4.551634 -22.057648
v 41.454426 -8.324762 -11.478368
v 41.683285 -5.814797 -52.035542
v 41.137684 2.403078 10.142864
v 41.531322 -4.725859 -30.544584
v 41.485832 4.692251 -14.903240
v 41.386173 -0.252786 49.611828
v 41.804707 8.408123 -11.872017
v 41.225044 4.514565 -33.654720
v 41.067913 -0.382085 12.224120
v 41.222527 4.299927 9.893954
v 41.220314 1.491058 12.226700
v 41.196827 8.183076 -5.130983
v 41.624531 -6.540729 -34.946381
v 41.226368 8.212083 -13.820796
v 41.160007 6.334252 -42.386288
v 41.257824 -8.267145 -4.716522
v 41.193489 8.220630 -6.544747
v 41.390118 -8.278693 -1.297080
v 41.221188 8.240100 -13.026900
v 41.199673 6.365061 -51.338673
v 41.225540 -8.325846 -10.324167
v 41.441551 -0.259239 11.361369
v 41.314556 8.279614 1.940491
v 41.453228 -8.328796 0.923816
v 41.451488 -8.335201 -13.114015
v 41.370808 -8.322813 1.806984
v 41.300167 -5.160076 8.344066
v 41.275314 -2.471189 10.125328
v 41.957642 -5.183076 -52.745594
v 41.243317 0.118689 11.373886
v 41.007278 -4.394909 -29.893141
v 41.308125 -4.619817 -18.787321
v 41.505905 -5.778809 -34.986412
v 40.899685 5.247564 7.614689
v 41.055752 1.705033 11.492306
v 41.057137 4.432343 -32.646740
v 41.230305 -8.303818 0.193920
v 41.242191 -8.326142 -9.362093
v 41.190033 8.195686 -8.918468
v 41.232548 -8.313516 -7.766211
v 41.141895 -8.240312 -1.277491
v 41.558937 -5.033103 8.908891
v 41.026257 8.262288 1.149598
v 40.791508 6.163445 -34.931957
v 41.251648 -8.296067 -6.419342
v 41.131634 -0.355611 10.298126
v 41.222668 -8.259414 -2.630093
v 41.480274 -4.295607 10.103696
v 41.205173 8.261247 -0.209164
v 41.134937 -6.324606 -36.886631
v 41.217957 -8.335687 -12.169815
v 41.331882 -1.762944 12.218834
v 41.017273 0.089296 10.572554
v 41.285328 -0.368759 10.742289
v 40.810143 3.924943 10.001618
v 40.817379 7.342759 -14.469064
v 41.750481 -7.721039 -14.458352
v 41.089214 8.131914 -12.206042
v 41.155369 -4.523258 9.422522
v 40.720432 7.791907 -7.898117
v 40.721134 7.861045 -13.276621
v 40.691246 4.313166 9.152586
v 40.643959 -8.114539 1.506915
v 41.314991 -7.068758 4.235538
v 40.793606 4.249291 -18.463188
v 41.208088 -7.806777 2.724897
v 41.245892 -6.383713 -45.820824
v 41.282997 -6.414914 -51.343513
v 40.553135 5.173738 -14.755732
v 40.764385 1.068466 11.461198
v 41.302803 -8.239935 2.070879
v 41.005943 0.948895 12.244415
v 41.087894 -6.455746 5.347012
v 41.070995 8.181551 -0.479446
v 40.717392 -4.481515 8.911405
v 40.889847 -8.106573 -5.650431
v 41.317589 -4.620048 -14.888288
v 40.950302 -0.570870 -16.262472
v 40.549709 -5.531146 6.636702
v 41.208153 8.188260 -2.621446
v 40.608521 7.713206 -4.692895
v 41.161217 8.190241 -10.390169
v 40.998741 -1.048875 12.219538
v 40.951183 -0.645756 -20.230650
v 40.946678 -0.649910 -27.641478
v 40.945171 0.717615 -21.162128
v 40.936390 0.096832 -26.103119
v 40.941391 -0.110017 -16.128780
v 40.928848 0.208794 -23.627966
v 40.925270 -0.258188 -27.697754
v 40.872818 -6.207955 -34.948902
v 40.813240 0.231103 12.181917
v 40.832371 -1.335003 11.269217
v 40.908493 -1.988084 10.118827
v 40.994335 7.773088 2.629417
v 40.871624 0.752931 -20.917164
v 40.828861 4.248811 -14.903030
v 40.867493 0.475359 -27.700535
v 40.942451 0.703773 -27.643120
v 40.947075 6.465341 5.247275
v 40.545727 5.437145 6.844832
v 40.939983 0.680166 -16.369192
v 40.345325 5.887186 -51.351665
v 41.341072 4.895217 -52.740154
v 40.847294 -0.430379 -16.184069
v 41.025341 8.095263 2.143318
v 40.243404 -7.066375 -14.458177
v 40.662338 -5.899335 5.989069
v 40.815838 -8.088860 -12.488460
v 40.768105 -0.399558 12.126307
v 40.549694 7.953312 1.766502
v 40.761333 -3.885171 9.971975
v 40.952820 -4.373853 -22.701466
v 40.751438 -4.216021 -14.884474
v 41.023777 -8.133194 -2.463164
v 40.863834 0.107251 10.305677
v 40.875301 -8.116496 -0.355167
v 40.858795 -8.103786 -4.725346
v 40.795540 -8.129057 -12.060004
v 40.932095 -8.150877 0.534458
v 40.536037 4.428194 -52.739292
v 40.571980 -6.042463 -51.350021
v 40.892578 -8.107053 -3.701893
v 40.706142 7.716870 -2.407148
v 40.402607 3.845848 9.544313
v 40.838028 -8.131707 -7.367743
v 40.631001 7.067156 3.724455
v 40.824345 -8.128949 -8.658394
v 40.814259 -8.148380 -7.515702
v 40.898613 -8.014952 -13.400233
v 40.826931 -8.144225 -9.677452
v 40.928356 4.333599 -22.708727
v 40.784626 -8.155191 -10.893239
v 40.468998 3.969546 -18.213394
v 40.466099 0.166077 11.014527
v 40.609402 7.584307 -10.090057
v 40.419815 -7.792079 -13.848647
v 40.221634 4.987425 -34.986271
v 40.658516 -1.494106 10.126320
v 40.440975 4.465189 8.548833
v 40.436569 7.806584 -13.891203
v 40.275387 5.796655 5.731141
v 40.963284 -0.648482 -17.437796
v 40.945839 -0.660906 -22.291832
v 40.311909 5.861210 -42.269974
v 40.304668 5.873025 -34.926941
v 40.845123 -6.186204 -44.333145
v 41.022610 -5.252084 7.776548
v 40.568913 -6.025972 -40.134357
v 40.610474 4.077916 -23.576880
v 40.956886 -0.613909 -16.463896
v 40.581898 -8.124715 1.091602
v 40.458321 -7.723556 -12.696748
v 40.763554 -4.228567 -26.139467
v 40.882526 -5.431736 -34.996239
v 40.850479 -7.079609 3.847561
v 40.309681 -4.988328 7.326140
v 40.437096 7.619576 -2.208552
v 40.388790 7.625249 -1.010916
v 40.734676 6.126570 -48.272213
v 40.534218 -0.300131 10.149280
v 40.625362 7.493489 -12.118122
v 40.489906 7.650541 -8.213946
v 40.589233 7.643803 -5.930190
v 40.675514 7.367763 3.125611
v 40.388786 4.854677 7.711505
v 40.339722 3.823614 -28.849585
v 40.492558 -7.677235 -2.329422
v 40.312538 3.435922 9.980317
v 40.456371 -7.632415 -3.939996
v 40.483959 -7.682816 -6.096989
v 40.478420 -7.784673 0.848842
v 40.442623 -0.368877 10.895811
v 40.463116 -7.608814 -7.974983
v 40.444408 -7.632875 -0.259337
v 40.577446 -4.062149 -21.339939
v 40.151001 -4.955684 7.204879
v 40.452618 7.731001 0.171773
v 40.418907 7.729417 0.636490
v 40.400204 7.550982 -12.729182
v 40.385773 0.841411 10.139717
v 40.403934 7.539949 -10.969497
v 40.603573 1.565279 10.148535
v 40.117828 7.699104 2.120375
v 40.434212 7.602749 -3.135410
v 40.200111 5.790601 -47.393162
v 40.451332 -0.930108 10.133419
v 40.409245 -7.548575 -10.900649
v 40.599812 -4.038651 9.498049
v 40.955456 0.569231 -16.186737
v 40.167400 3.641564 -23.541433
v 40.504147 3.999118 -32.961777
v 40.142181 -7.345155 2.638758
v 40.499649 3.978447 -33.658302
v 40.802849 1.939566 10.145817
v 40.680218 -4.490810 -52.743969
v 40.437717 7.574096 -9.953574
v 40.352482 7.652550 -5.187320
v 39.020626 0.691567 -27.575872
v 39.948997 2.707013 10.125621
v 40.311863 -0.344386 10.132074
v 40.400108 -7.536253 -8.970072
v 40.395218 -7.521583 -8.371854
v 40.403465 -7.521388 -10.076541
v 40.397461 -7.528439 -8.096104
v 40.402649 -7.518685 -11.410333
v 40.271473 7.636858 -13.212062
v 40.225601 7.812858 1.154807
v 40.296581 -7.593001 -0.764672
v 40.289707 -7.621400 -2.342039
v 40.386063 -7.580283 -7.304894
v 40.283867 -7.619765 -6.004491
v 40.299904 -7.597767 -4.210200
v 40.186539 7.697140 -6.735350
v 40.403019 -7.560652 -11.998288
v 40.365948 7.630507 -7.179247
v 40.187790 7.695313 -5.557892
v 39.013912 3.130733 -52.745594
v 39.983276 5.636827 -37.214951
v 40.306858 0.121423 10.128963
v 39.953083 -7.703371 -13.750607
v 40.333385 7.648451 -8.742286
v 41.066696 -4.425140 -33.653793
v 40.193748 -3.684381 -21.175562
v 40.169579 7.701254 -10.739771
v 40.206837 -7.623360 1.284484
v 40.195766 -7.578048 -13.016401
v 40.480045 -5.082924 -52.111526
v 39.974228 3.599211 9.209441
v 40.163891 -3.625270 -33.670670
v 40.264229 -7.805607 2.068911
v 40.062973 3.550767 -18.167679
v 40.158318 7.680171 -7.876762
v 39.782722 4.765066 6.998631
v 40.959152 -0.656311 -21.012056
v 40.170967 7.694501 -1.029586
v 40.224380 -3.712454 -28.210676
v 40.507118 -4.758993 8.052558
v 40.450878 -6.146480 5.292830
v 40.390560 -7.531581 -9.733091
v 40.031559 -7.688901 -6.696411
v 40.196918 -7.625745 0.550237
v 39.866959 3.867136 8.621320
v 40.162251 -7.685162 1.612641
v 39.978096 3.415246 -29.187191
v 40.347900 -4.419872 8.435987
v 40.230083 7.659216 -11.292456
v 39.999374 7.757819 0.154403
v 40.198700 7.664204 -2.216949
v 39.723339 7.622287 0.619134
v 40.189331 7.698617 -5.901237
v 40.030766 3.503760 -33.657867
v 40.189392 7.698134 -3.834810
v 39.739079 3.848778 -52.743900
v 40.217274 -3.728329 -14.873892
v 40.353790 3.832756 -14.892083
v 40.207844 -3.705183 9.409829
v 40.029724 -7.661896 -2.149010
v 39.800671 -7.719081 -13.682110
v 40.013359 -7.640431 -12.675838
v 40.041870 -7.639920 -1.029162
v 39.336555 -0.568962 -16.257071
v 40.030357 -5.214910 6.503623
v 39.442539 -0.201599 -16.132963
v 39.855755 4.322593 7.841144
v 40.270153 -5.844769 -34.991596
v 40.247898 -5.824213 -47.321514
v 39.826336 3.222455 -22.275854
v 39.348404 -0.591418 -27.634390
v 40.863762 0.741972 -25.787210
v 39.984100 5.480281 5.917485
v 39.588051 4.825942 6.523246
v 40.394516 -3.317336 10.133629
v 39.877857 -4.279722 7.916490
v 39.895313 7.629916 -10.765723
v 39.682098 6.697460 -14.465003
v 39.968838 -7.707905 0.938687
v 39.368248 -4.470098 6.769603
v 39.998966 7.726007 -13.756388
v 39.776543 5.472672 -43.558193
v 40.000687 -7.688841 -4.527595
v 39.986198 -7.713620 -11.396263
v 39.782780 -7.725813 -4.715866
v 39.637463 -5.316542 5.710793
v 39.782055 -7.716645 0.253911
v 39.830540 2.757316 10.006123
v 39.885853 -3.298017 -31.982399
v 39.972370 7.704467 -12.092665
v 39.801838 7.519004 -8.290731
v 39.954613 -7.708942 -8.003269
v 39.797672 7.526952 -5.730550
v 39.819031 3.219378 -14.880166
v 39.265259 -4.053391 -35.010838
v 39.913147 7.337923 2.443213
v 40.081173 -6.774084 3.619968
v 38.716095 0.036215 -16.075037
v 40.292957 -6.612417 4.153643
v 38.754276 -0.656660 -20.630320
v 39.625507 2.970825 -19.255796
v 39.824566 -3.845389 -52.745869
v 40.003418 -5.643102 -37.919399
v 40.853336 0.735211 -23.503878
v 39.782303 -7.700436 -0.781286
v 39.756470 -7.779104 -12.436139
v 40.509079 -3.978633 -33.666550
v 39.762238 -7.718106 1.260284
v 39.394695 -3.735178 7.938097
v 39.602142 2.891498 -29.908491
v 39.970253 -3.032215 10.024010
v 39.313950 3.336349 8.400008
v 39.646370 5.389806 -34.934418
v 39.744560 3.132940 -33.666481
v 39.388355 1.580193 10.145831
v 39.777142 -6.055004 4.593035
v 39.675571 7.540608 -12.272018
v 39.813129 -3.205715 -20.151529
v 39.765575 -7.733229 -8.113433
v 39.447083 -4.861341 6.218854
v 39.768845 -7.734338 -10.691839
v 39.762115 -3.169167 -14.874468
v 39.584629 -7.595419 -6.442860
v 39.501530 5.244805 -36.862965
v 39.874176 -7.695892 1.969766
v 39.801582 5.499861 -51.367676
v 39.274517 4.912258 5.837506
v 39.895393 -3.691628 8.934358
v 39.405327 2.557147 9.479184
v 39.788395 7.651528 -13.704285
v 39.767151 -3.817062 8.506773
v 39.363441 -6.552239 -14.443976
v 39.876633 7.561750 -2.007211
v 39.021523 -3.701497 -14.720537
v 39.788494 -3.229910 9.385097
v 40.055847 6.405347 4.355152
v 39.819771 -5.748806 5.230820
v 39.088261 4.054060 6.939688
v 40.478245 -5.288240 -14.718636
v 39.667114 -2.963349 -33.676819
v 39.979130 -5.642248 -51.382660
v 39.647038 7.541057 1.785030
v 39.759468 6.637683 3.590790
v 39.426701 2.591856 -22.305424
v 39.469315 -5.202674 -37.364613
v 39.693150 -5.405861 -46.912167
v 39.052040 -5.193233 5.021079
v 39.536510 -7.533517 -10.854743
v 39.529007 -7.476223 -0.433311
v 39.263336 5.034940 -51.405159
v 39.384899 -2.507694 -25.643599
v 39.793530 7.712327 -13.072876
v 39.492542 -1.985584 10.128083
v 39.576946 -2.845073 -32.063972
v 39.811447 -5.521161 -34.940945
v 39.125240 3.587377 7.669518
v 39.550484 6.691145 3.189755
v 39.518002 -4.288837 7.315515
v 39.458984 -2.191317 10.000257
v 39.346149 2.481369 -19.115547
v 39.501129 5.236969 -46.242405
v 40.529015 0.396435 -16.101801
v 39.642792 0.499611 -27.653688
v 39.462341 -5.211110 -51.414055
v 38.737000 0.704161 -17.034227
v 40.953373 -0.665986 -25.200249
v 39.307869 5.442585 5.047606
v 38.353661 -5.766690 -14.425579
v 40.932678 0.717613 -17.340424
v 39.221554 7.150630 -6.622511
v 39.738888 -7.676608 -3.773763
v 39.239418 7.183289 -11.983696
v 39.481445 -2.655582 -20.664223
v 39.544182 -7.574067 -9.238843
v 39.573772 -7.543000 -2.175608
v 39.499123 -7.530487 1.744667
v 39.294014 -3.159835 8.559434
v 39.583920 -7.693319 -12.456648
v 38.972385 5.725649 4.038157
v 39.423145 1.989906 10.027225
v 39.167236 1.578057 9.814888
v 39.466438 2.973551 9.114740
v 39.820454 -4.648702 -35.005775
v 39.611107 7.420645 2.108458
v 39.342800 2.445510 -14.887551
v 39.481636 2.695911 -33.673298
v 39.185791 -2.046777 -20.944471
v 38.561058 4.218437 -51.572567
v 39.221180 -2.161682 -33.708046
v 38.993057 7.016374 -13.813285
v 39.386387 -2.528947 -18.558411
v 39.325706 -7.313588 -13.239364
v 39.131279 4.879749 -37.416561
v 38.357517 2.161702 -52.744640
v 39.004295 7.008980 0.386671
v 38.508984 5.858178 -14.411909
v 39.038822 -6.899106 -12.229001
v 39.196167 -7.233753 1.501320
v 39.304111 2.366622 -32.301693
v 39.381351 -5.124539 -43.319736
v 39.226410 -6.452994 3.138588
v 38.312954 -3.234780 -14.651984
v 39.047741 -7.048375 2.043588
v 39.304768 -2.416711 -14.890771
v 38.915066 3.715902 -14.710227
v 39.123646 0.645496 -16.259426
v 39.259701 -6.866053 2.501680
v 39.119400 1.989800 -18.236408
v 38.773445 0.544577 -27.634548
v 39.170467 0.684588 10.135120
v 38.759869 0.722796 -26.904018
v 38.840660 6.847136 -11.851871
v 38.959671 -1.437694 9.511101
v 39.067574 -6.940021 -2.340884
v 39.110676 4.849100 -47.149506
v 39.132076 1.956390 -33.691845
v 39.437805 4.227838 -34.975994
v 38.852810 -4.101686 6.366624
v 39.054314 -6.957111 -6.602155
v 39.143448 1.165002 10.028812
v 39.120125 -7.103044 -13.809875
v 39.016315 -4.760707 -51.475380
v 39.151264 -1.995885 -27.669764
v 38.959393 -1.465551 -16.423283
v 39.108204 -1.064924 10.015818
v 38.775528 -3.399585 -35.004883
v 39.309071 7.190101 -2.664683
v 39.145283 -0.552957 10.110836
v 39.037930 1.847548 9.379380
v 38.945766 2.679305 8.451292
v 38.999146 -6.950928 0.772060
v 39.007954 -1.649418 -14.906021
v 39.230377 -5.982938 3.963562
v 39.228390 -4.991342 -34.950012
v 39.123936 1.951700 -23.732279
v 39.048954 1.720632 -14.890633
v 39.291431 -2.503939 9.292327
v 39.053894 -6.922813 -10.216545
v 39.040131 -1.732114 -18.726118
v 38.990078 -2.736687 -34.317150
v 39.026932 0.272902 10.021073
v 39.262218 -2.838857 8.895230
v 37.590591 4.766219 -14.427772
v 38.905338 1.225798 -33.693138
v 39.082012 4.871874 -34.915638
v 39.083694 -6.981268 -4.760506
v 39.029274 6.989503 -0.845940
v 39.038929 -1.637645 -33.693409
v 38.920483 1.440954 -17.084709
v 38.705933 3.263784 -34.987427
v 39.015129 6.978144 2.073816
v 38.840324 0.940723 -14.905475
v 38.903072 1.331869 -24.646637
v 38.797260 4.528582 -51.492847
v 39.550392 -4.337831 -52.155834
v 38.919067 0.602817 9.723640
v 39.007339 -1.627597 -32.513382
v 38.279449 2.433835 -34.989750
v 38.992008 0.026884 -27.692667
v 38.614841 4.341490 -34.913311
v 38.909164 6.951851 -13.355989
v 38.924698 1.331886 -28.454300
v 38.917450 -1.331514 -26.914333
v 39.020947 -5.644022 4.202308
v 38.872944 -2.997171 7.891895
v 38.516586 -2.451359 -52.745632
v 38.699299 -4.409850 -34.968536
v 38.897293 -1.193394 -28.938908
v 38.806423 -3.459140 7.187813
v 38.832443 -0.892937 -32.089848
v 38.886967 -0.309337 9.714890
v 38.985790 -4.728599 -44.353451
v 38.665237 0.708661 9.164390
v 38.909065 -6.880568 -13.063342
v 38.774899 0.730557 -27.522697
v 38.780857 -0.462706 -28.920551
v 38.636364 6.706148 -3.874658
v 38.897034 -6.858119 -10.577523
v 38.894001 -6.871035 -7.554182
v 38.836906 -1.056524 -20.054825
v 38.795849 0.547540 -33.703129
v 38.752293 0.558245 -16.148375
v 39.029610 -6.917467 -0.767495
v 39.084213 7.062696 -9.413771
v 38.726467 0.728364 -18.655258
v 38.773235 -0.268877 -33.699528
v 38.763493 -0.593800 -27.502571
v 38.600830 0.108890 9.131970
v 38.816525 -0.860769 -14.920468
v 38.768135 -0.495148 -27.694393
v 38.760498 0.127863 -32.321224
v 38.750031 -0.650694 -17.372530
v 38.739037 0.037006 -14.914402
v 38.753983 -0.638235 -26.560886
v 38.747837 -0.556409 -16.191431
v 38.746723 0.725419 -25.779331
v 38.513866 3.762969 6.221573
v 38.747238 -0.666083 -24.386246
v 38.753811 0.238612 -27.709515
v 39.064293 -3.169365 -52.745758
v 38.680641 4.376220 -37.417847
v 38.713783 -4.364253 5.732174
v 38.729610 0.335093 -16.072382
v 38.734196 0.727538 -23.621725
v 38.719784 0.729699 -19.972626
v 38.723694 0.737117 -21.537664
v 38.660030 -4.340046 -49.605282
v 38.860256 -6.951222 1.674730
v 38.670441 6.047354 3.070657
v 38.267651 -4.250298 5.060172
v 38.791531 -6.772293 -3.605576
v 38.681488 -0.962615 9.103925
v 38.382576 6.286367 2.361552
v 38.722374 -6.742771 -13.126289
v 38.699959 -2.367019 8.214934
v 38.271290 -2.441751 -35.000751
v 38.805866 -6.799579 -1.707084
v 38.671829 -6.706185 -7.522965
v 38.775772 4.494599 -41.082100
v 38.498772 -2.487062 7.622513
v 38.253242 6.453701 -1.724189
v 38.873375 1.407628 9.303301
v 38.904922 -4.632223 -37.822014
v 38.533978 6.628622 -10.811022
v 38.794430 -1.976850 8.728961
v 38.399487 6.577939 -8.461093
v 38.645157 2.630789 7.830877
v 38.657585 6.758060 2.012720
v 38.202496 4.032798 5.271284
v 38.212067 -5.043654 3.880068
v 38.380558 3.978667 -49.171650
v 38.428349 6.469507 -11.931912
v 38.907291 2.221339 8.829055
v 38.285965 2.776365 6.946461
v 38.522316 -5.701908 3.383912
v 38.294445 6.474098 -12.874535
v 38.341930 -3.893026 -37.526741
v 38.318077 6.463420 -2.705683
v 38.775242 4.704466 5.340925
v 38.772339 -6.785646 -4.917866
v 38.553024 -6.599069 -0.808960
v 38.664623 -6.699738 -10.283738
v 38.405830 -1.646420 8.095490
v 38.805645 -6.897753 -13.783050
v 37.758118 -0.322098 -35.026962
v 38.549282 -4.197494 -45.180355
v 38.215202 -6.451272 0.966076
v 38.417149 -0.343153 8.659427
v 38.212898 3.792187 -34.918182
v 38.534660 3.394369 6.784854
v 38.007385 4.540079 4.207271
v 38.669922 4.350509 -45.078156
v 38.246178 -4.862030 4.139501
v 38.265141 1.564806 7.879191
v 38.513557 -1.140457 8.637233
v 38.372784 3.968892 -41.257095
v 38.347374 6.518932 -6.728645
v 38.436096 -4.052033 -51.581291
v 38.866676 -0.976622 -33.695190
v 38.367542 -6.403490 -2.707227
v 38.365341 -6.424700 -5.971438
v 38.225338 -6.295538 -4.210436
v 38.321568 -6.328649 -12.325778
v 38.483368 -6.619256 2.004006
v 38.182430 -3.646046 -51.639565
v 38.200218 -6.331406 -5.208902
v 38.339039 -6.386841 -11.217288
v 38.066483 -6.323935 1.926923
v 38.281158 -3.846087 -34.954689
v 38.125603 -2.871680 6.419602
v 38.104778 -3.309173 5.909797
v 38.068756 -1.722814 7.276777
v 38.183987 3.663006 -51.642551
v 38.174435 -3.645589 -47.410385
v 38.162964 1.085322 7.865307
v 38.359383 -2.744155 7.074310
v 38.293510 -6.327662 -9.143161
v 38.172165 -6.300450 -11.421154
v 38.159821 3.610260 -45.016354
v 38.284805 6.495101 -10.224940
v 38.186863 -0.460458 8.097683
v 38.108356 -6.287672 -13.796214
v 38.218475 -6.319584 -2.990017
v 37.962273 3.307485 -40.961407
v 38.099777 6.423647 -0.373585
v 37.979546 3.329050 -48.452770
v 38.227192 -6.308996 -7.797279
v 38.228748 -6.356215 -6.672140
v 37.974140 1.551160 -35.001976
v 38.239792 -6.337855 -10.093049
v 38.293877 -6.348676 -13.109438
v 37.468758 -1.513434 -14.619501
v 38.175213 3.655308 -37.029350
v 37.958103 2.907264 6.036920
v 38.174221 -1.834397 -52.745251
v 37.705318 3.169721 5.268198
v 38.071198 6.333861 1.923174
v 38.184616 0.392447 8.128450
v 38.271931 6.456446 -4.045347
v 37.945049 -2.099092 6.723918
v 38.336071 -5.981463 2.667542
v 38.099613 -3.501362 -44.492184
v 38.156693 -6.352984 -0.846885
v 37.983006 -3.364355 -34.962269
v 37.921993 6.289272 -10.987370
v 37.925049 6.289195 -8.318700
v 37.918900 6.335120 -12.934267
v 37.555058 -5.089898 2.682533
v 37.784531 2.940258 -36.483364
v 38.113064 6.444785 1.003815
v 37.952034 6.193462 -13.742492
v 38.067127 1.921168 7.168005
v 37.857159 3.057009 -46.478401
v 37.727345 -2.782294 -45.199467
v 37.776703 2.982815 -34.929703
v 37.901215 -6.244203 1.757205
v 38.110794 5.088817 3.658366
v 37.853699 3.056969 -43.374180
v 37.918114 6.307186 1.294821
v 37.911655 -6.317266 -3.671691
v 37.913921 6.370251 0.177880
v 37.936623 -6.291658 -12.878254
v 37.921307 -6.338145 -11.454180
v 38.108402 5.477788 3.064913
v 37.928555 -6.371430 -10.182887
v 37.930405 -6.319206 -7.854146
v 37.920403 -1.414074 -35.013630
v 37.969719 6.288591 -3.781202
v 37.923428 -6.285954 -4.646521
v 37.953991 6.302901 -6.883806
v 37.938629 6.249636 -2.207103
v 37.962574 6.278471 -5.409125
v 37.844303 -3.047345 -46.121994
v 37.908741 -6.297899 -1.548535
v 37.756260 1.161386 6.833542
v 37.690182 -4.098536 4.152333
v 37.684334 5.846733 2.049258
v 37.954479 -5.138876 3.304107
v 37.703243 0.391727 6.914053
v 37.726746 -0.504496 6.976275
v 37.894230 -6.355220 -0.496274
v 37.832447 -6.262304 -11.824306
v 37.830860 -2.999143 -51.722374
v 37.784893 0.667236 -35.013725
v 37.777042 2.134966 6.334979
v 37.726311 2.803247 -51.737312
v 37.967785 -3.273463 -37.149467
v 37.869026 -3.085934 -43.105808
v 37.711899 2.691019 -43.794735
v 37.744816 2.706801 -45.648575
v 37.438213 5.541996 -13.837340
v 37.679905 -1.320643 6.602830
v 37.899258 -6.335169 -6.612537
v 37.690517 -2.645078 -43.657864
v 37.721169 2.807109 -44.763699
v 37.633667 2.594226 -42.431297
v 37.857929 -6.248597 -8.052425
v 37.649792 -5.839827 -12.435235
v 37.369747 4.187348 3.504630
v 37.592430 5.833230 -10.067759
v 37.914162 -6.406334 1.146337
v 37.594250 2.396045 5.705795
v 37.831268 -0.954246 -52.746170
v 37.630672 5.917065 0.078058
v 37.547131 2.369483 -47.008831
v 37.620426 -2.547724 -42.544495
v 37.694889 -2.651448 -45.717308
v 37.081654 -4.474409 2.626204
v 37.916019 -6.124025 -13.790895
v 37.720695 -6.016450 -1.300568
v 37.700790 -5.990557 -3.246615
v 37.403721 -1.978518 -51.819515
v 37.831287 -6.269333 -9.836516
v 37.565510 5.758606 -6.349425
v 37.877045 1.111981 -52.745239
v 37.724228 -6.127185 0.566723
v 37.350834 -5.358041 2.108524
v 37.663811 -2.194501 6.003541
v 37.453289 2.091717 -34.944878
v 37.389324 -0.897468 6.068173
v 37.624355 -2.512111 -38.723053
v 37.496788 2.679412 -44.016708
v 37.454662 2.125016 -51.812820
v 37.591469 -2.482339 -46.781952
v 37.631325 -2.560954 -51.762348
v 37.725040 0.181103 -52.752777
v 37.493431 2.151186 -46.505436
v 37.255524 5.376945 2.018277
v 37.154823 0.634533 -34.959679
v 37.268383 -1.424097 -34.959343
v 37.385212 -5.394250 -8.080690
v 37.213196 5.277660 -7.156498
v 37.205147 5.264625 -0.090591
v 37.568474 -2.423688 -34.954815
v 37.370571 1.870440 -46.730698
v 37.431694 -5.532440 -13.791148
v 37.244343 2.989385 4.452230
v 37.402267 1.912324 -42.721336
v 37.586563 5.770525 -2.137521
v 37.590858 -3.185771 5.014605
v 37.548252 2.477788 -45.946243
v 37.404438 -1.927729 -47.272102
v 37.404812 -5.436430 -6.084620
v 37.415691 -5.453785 -1.193055
v 37.234970 -2.911195 4.480680
v 37.421127 -5.429402 -9.732882
v 37.311314 -5.374281 1.223568
v 37.273178 5.296232 -12.738853
v 37.325470 1.620619 -39.543125
v 37.398521 -5.428645 -3.817798
v 37.317299 1.556522 -42.417553
v 37.301571 -3.465194 4.078928
v 37.388721 -4.396158 -14.422652
v 37.302036 1.581923 -46.970001
v 37.333416 -5.370873 -13.241080
v 37.389153 -5.375997 -12.314768
v 37.373940 -1.857464 -46.784637
v 37.396248 -0.170875 6.238784
v 37.399174 0.692539 6.178907
v 37.241646 2.136147 5.155123
v 37.387775 -1.815383 -38.465126
v 37.250202 1.407034 -51.878239
v 37.335121 1.428988 5.759842
v 37.214760 5.297830 -9.175553
v 37.272663 1.377092 -34.955326
v 37.315708 -1.585426 -42.397480
v 37.357010 3.588608 4.111948
v 37.221092 -1.081145 -36.621719
v 37.225933 1.251732 -47.185177
v 37.415916 4.581352 3.078047
v 37.562851 2.405443 -43.359089
v 37.308350 -1.592172 -46.987362
v 37.152470 -2.203933 4.868354
v 37.225040 -5.186980 -8.500794
v 37.210300 -1.149215 5.603305
v 37.328274 2.096493 -46.502182
v 37.260162 -5.229002 -1.711804
v 37.253822 -1.398213 -51.857960
v 37.219872 -1.201514 -49.989635
v 37.206551 5.255024 -4.870996
v 37.232967 -5.216942 -6.225645
v 37.233063 -5.227262 -10.171103
v 37.317242 2.306006 -46.229939
v 37.180294 0.837693 -42.036278
v 37.237072 -1.339768 -47.142494
v 37.177406 5.116913 -10.250414
v 37.114689 0.622045 -51.897503
v 37.207714 1.060070 -37.859032
v 37.190430 -0.878785 -41.033581
v 37.125710 -0.689884 -47.394028
v 37.202579 5.228352 -2.757048
v 37.118790 0.526771 -50.200245
v 37.143028 0.459507 -39.245426
v 37.143700 -0.761472 -51.876591
v 37.134403 -0.229538 -41.928596
v 37.128010 -0.328348 -34.960072
v 37.273067 -5.291104 -12.159714
v 37.115490 4.741676 -10.974856
v 37.289173 5.055680 2.384734
v 37.081299 0.143669 -47.738785
v 37.098850 -0.237406 -51.882454
v 36.688835 3.413601 3.007664
v 37.139091 0.444678 -41.943256
v 37.037216 1.799325 4.903995
v 36.892151 3.289701 3.545063
v 36.924080 0.879318 5.042852
v 37.207867 -5.170626 -4.259881
v 37.111519 4.896848 -11.750096
v 37.065941 4.807674 -9.861179
v 37.158741 0.146318 5.717080
v 36.897320 -4.599734 -6.923371
v 36.830231 -3.459952 -14.416816
v 36.864315 4.816123 -13.748985
v 36.959431 -0.996399 5.064675
v 37.721928 -2.831483 -44.807247
v 37.476433 2.129204 -42.958042
v 37.057972 -5.014703 1.211572
v 36.890987 0.071638 5.097030
v 37.193398 -5.324328 -13.731538
v 37.573158 -2.390784 -43.191380
v 36.938255 4.639657 -4.532701
v 37.128262 5.063863 -12.610368
v 36.887291 4.759809 0.128028
v 36.933918 4.619505 -7.979327
v 36.941746 4.590649 -11.223005
v 36.942577 4.644558 -1.574979
v 36.926163 -2.923235 3.844967
v 36.917709 -4.594182 -2.853654
v 36.914738 -4.581400 -7.539893
v 36.915386 4.731120 -6.336171
v 36.894718 -4.607584 -1.842551
v 36.922836 -4.705276 -8.473210
v 36.905159 4.812618 1.075489
v 36.879627 -4.604921 -9.236322
v 36.881351 -4.606546 -0.846356
v 36.820206 -4.778828 1.984310
v 36.869404 3.553055 -14.431368
v 36.790211 4.572466 -4.956738
v 36.769291 4.622132 -6.457322
v 36.388523 3.637118 2.347232
v 36.839310 -3.919673 2.778422
v 36.875603 4.660402 -12.101063
v 37.526707 2.685602 -45.425201
v 37.306530 2.770837 -44.814163
v 36.874874 4.892107 2.009933
v 36.813362 -1.207968 4.623757
v 36.873970 -4.603559 -10.559752
v 36.921505 -4.632074 -5.327280
v 37.250305 1.238680 -42.212952
v 36.716888 -4.495711 -3.577800
v 36.887573 -4.640789 -11.812361
v 36.899521 -4.575723 -12.992258
v 36.643448 4.494244 -1.311787
v 36.678276 4.641415 0.639252
v 36.696648 -4.562910 -13.746193
v 36.690899 4.534188 -11.497187
v 36.782715 -4.631609 0.604498
v 36.789909 4.572972 -2.181706
v 36.778454 4.589178 -3.508716
v 36.924850 4.620554 -10.028223
v 36.720577 -4.478103 -7.814222
v 36.744946 0.289734 4.712754
v 36.620377 2.286534 3.704784
v 36.765694 4.552539 -7.978101
v 36.527763 4.386508 -2.770370
v 36.678623 4.551590 -10.191763
v 36.665592 -4.459715 -8.643650
v 36.463753 4.325552 -6.022651
v 36.890999 -4.533575 -4.112167
v 36.714832 -4.459106 -2.597263
v 36.485718 -3.128091 2.816989
v 36.499676 1.046595 3.977140
v 37.495785 -2.161121 -46.485683
v 35.681454 0.800947 -42.032516
v 37.029900 -0.162706 -47.480106
v 36.571682 -1.959178 3.770137
v 36.623817 -4.523340 0.469712
v 36.508350 4.366378 1.989442
v 36.550217 -4.433687 -13.687805
v 36.664120 -4.495391 -7.262665
v 36.693909 -4.471798 -5.828631
v 36.387638 4.255925 -4.083441
v 36.621536 -4.534821 -11.712888
v 37.438496 0.460044 -14.658398
v 36.675533 -4.517697 -10.333795
v 36.589436 -4.519733 -12.877056
v 36.690800 -4.504583 -0.661759
v 36.570831 -3.404184 0.558054
v 36.667526 -4.683778 1.311564
v 36.263546 4.205482 -11.170584
v 36.507553 -3.628775 0.466667
v 37.642780 2.033019 -14.646961
v 36.524975 3.641284 -12.817110
v 36.473106 4.383046 0.918980
v 36.360619 -2.357209 -14.407197
v 36.129356 3.385995 -13.815730
v 36.564907 -3.430207 -11.739128
v 36.464375 -4.404594 -2.042904
v 36.403347 4.253538 -13.668887
v 36.517323 3.642748 -1.042557
v 36.463699 -4.437617 -0.231712
v 36.444675 3.614341 -1.442739
v 36.462181 3.476608 -13.045548
v 36.474194 -3.562619 -5.215477
v 36.511162 3.643698 -1.354631
v 36.445953 -4.427577 -7.520535
v 36.488537 -4.354716 0.759605
v 36.529537 -3.409681 0.298956
v 36.497990 -4.534516 -12.511332
v 36.439655 -4.451492 -10.565287
v 36.434895 -3.575718 -12.453415
v 36.393147 3.695810 -0.476100
v 36.457172 4.293526 -7.530550
v 36.446644 -3.532886 -13.071433
v 36.494366 4.382966 -9.413815
v 36.392731 -3.766309 -12.463341
v 36.440678 -3.746729 -5.474076
v 36.417618 -4.388300 -13.618653
v 36.420532 3.696965 -2.800846
v 36.293758 -3.824614 -10.940226
v 36.404324 -3.933890 -13.453769
v 36.125458 -1.158508 -14.417264
v 36.403599 3.738352 0.775789
v 36.254608 3.951201 -12.760325
v 36.673206 4.580469 -12.896720
v 37.037315 0.372664 -47.455055
v 36.422104 -3.524676 -8.566637
v 36.450466 -4.430608 -5.925564
v 36.415245 -0.848719 3.847757
v 36.330517 4.233790 1.920712
v 36.378132 -3.693118 0.808612
v 36.382141 -3.731016 -0.940899
v 36.427280 -3.506917 -1.262437
v 36.373463 2.358745 3.112011
v 36.374508 -3.755054 -1.976434
v 36.366814 -3.696765 -4.400795
v 36.459797 -4.433226 -4.688078
v 36.348667 -3.350146 -1.840494
v 36.356396 -3.359688 -4.610299
v 36.514099 -4.424126 1.935392
v 36.427818 3.649121 0.568787
v 36.337513 3.558023 0.165346
v 36.356739 -3.695473 -9.479455
v 36.271832 -4.320250 -12.623843
v 36.342880 -3.422186 -9.664708
v 36.449558 -4.420233 -8.401691
v 36.387150 -3.750930 -0.619824
v 36.409531 3.630167 -12.106535
v 36.313236 -3.614759 -5.851140
v 36.335396 4.033483 -13.483241
v 36.227688 -4.019183 -12.743879
v 36.359982 -3.186501 0.396287
v 36.360512 3.627681 -11.552607
v 36.187965 -3.954371 -5.744028
v 36.410007 2.509755 -14.431133
v 36.411736 3.692099 0.275161
v 36.323078 -3.147906 1.133685
v 36.477600 3.502763 -12.729147
v 36.329582 -3.686368 -7.847822
v 36.368050 -3.389946 -5.487493
v 36.264366 3.822908 -0.352526
v 36.362106 -3.201470 -5.095797
v 36.163269 -4.224300 -11.386608
v 36.397991 -3.781763 -8.582463
v 36.241608 -4.205577 1.293714
v 36.513424 3.687596 -13.259181
v 36.189552 3.424363 -0.803598
v 36.249847 -3.521702 -4.293767
v 36.330593 3.587795 -2.900053
v 36.320454 -3.597782 -2.112709
v 36.197353 -4.019167 -8.530333
v 36.333160 -3.744441 -10.945850
v 36.367111 0.011839 3.851429
v 36.358791 -3.733626 -10.188990
v 36.337116 -3.231777 -12.451477
v 36.183773 2.945178 -12.468541
v 36.293064 -3.092774 -11.455416
v 36.351742 -3.748479 -3.574935
v 36.338448 -3.391040 -1.099891
v 36.270878 -3.846586 -6.380361
v 36.163155 -4.014972 -12.026741
v 36.289192 -3.790522 -9.075625
v 36.229771 3.801209 -3.769671
v 36.275803 -3.580773 -3.429674
v 36.024242 -3.015044 2.131629
v 33.953732 2.688466 -45.358288
v 36.296387 3.805130 -2.871127
v 36.270241 4.212456 1.068515
v 36.224899 4.208066 -2.222810
v 36.252682 3.811795 -4.839715
v 36.215271 4.156302 -11.012377
v 36.234085 3.900560 1.112649
v 36.235970 -3.876304 -4.275982
v 36.301266 -3.711692 -13.800257
v 36.249786 -4.285303 -6.797939
v 36.341255 -3.391649 -8.099826
v 36.232254 -3.779369 -2.523861
v 36.151329 -3.931902 -7.488578
v 36.210777 -3.653363 -7.204679
v 36.220028 3.525842 -5.837531
v 36.219227 -3.698440 -10.615865
v 36.184086 3.520888 -13.685693
v 36.240627 -3.872656 -4.593549
v 36.172806 3.378678 -3.671772
v 36.186260 -3.788752 1.596067
v 36.199974 -3.316117 -5.813807
v 36.098068 -3.982764 -1.767297
v 36.243511 -4.219133 0.145600
v 36.239094 -4.172899 0.580905
v 36.188560 3.773526 -9.658321
v 36.192070 -2.979716 -11.271933
v 36.205345 4.111955 -4.526576
v 36.193130 3.838228 -8.415709
v 36.216099 4.178256 -6.141698
v 36.235538 3.510524 -4.996152
v 36.265720 -2.987316 -12.062374
v 36.129143 -3.505413 1.958270
v 36.186867 -4.166573 -12.446671
v 36.225243 -4.196110 -4.554108
v 36.228664 -4.186169 -8.325442
v 36.184647 4.220510 -13.031085
v 36.208542 -3.852363 -3.288872
v 36.227531 -4.210690 -2.289442
v 36.120422 3.629256 1.615561
v 36.249512 -3.544368 1.369581
v 36.210285 1.689782 3.128392
v 36.228012 -3.620180 -4.055692
v 36.361340 -3.690164 -6.688963
v 36.217098 -4.205273 -5.774130
v 36.204018 3.250906 -11.647791
v 36.329868 -3.212611 0.709878
v 36.362137 -3.585574 -6.411153
v 36.179836 4.014909 1.026365
v 36.152443 3.794520 -6.071778
v 36.202339 -4.150733 -7.563396
v 36.200413 4.211453 0.111438
v 36.234894 4.172082 -7.996994
v 36.216778 -4.265991 -10.278495
v 36.188347 -3.191620 -11.207926
v 36.195915 -3.194294 -4.577670
v 36.205166 4.203503 -9.421055
v 36.314201 -3.600767 -13.542905
v 36.134212 -3.988693 1.009339
v 36.173019 -4.161510 -10.723311
v 36.177898 3.262727 -2.723066
v 36.139969 3.001050 -5.912296
v 36.151276 -4.007936 -6.361604
v 36.215340 3.415100 -1.761854
v 36.185085 3.768567 -10.639113
v 36.164402 3.936252 -10.640528
v 36.128262 -3.998952 -9.661858
v 36.229271 3.782281 -9.208059
v 36.123623 -3.999782 -4.800094
v 36.127060 1.264370 -14.446589
v 36.145641 3.930722 -9.688184
v 36.118523 -2.984332 -10.519149
v 36.185085 -3.160006 -1.788980
v 36.003082 2.836688 -11.809558
v 36.135136 3.948266 -3.292872
v 36.166908 3.937814 -4.773447
v 36.156532 3.994796 -1.379243
v 36.229973 -3.007167 -5.518369
v 36.176762 -3.282805 -7.965631
v 36.135735 3.937467 0.205494
v 36.134399 -3.999992 0.688717
v 36.103317 3.959994 -6.024300
v 36.127949 -3.298000 -2.438967
v 36.135311 3.930490 -7.391170
v 36.101070 -3.189589 -3.115480
v 36.130730 -3.250611 -0.933515
v 36.191895 -3.801824 -7.507348
v 36.072865 3.168324 0.740403
v 36.083542 2.952618 -4.627412
v 36.128712 -4.003122 -4.458112
v 36.121304 -4.002604 0.126643
v 36.087719 -3.418198 -10.763258
v 36.223385 -2.984058 -4.775821
v 36.063934 3.014311 -3.494859
v 36.149170 -3.096344 -8.285784
v 36.095531 -3.967302 -3.021717
v 36.131268 3.586776 1.182827
v 36.137154 -3.022614 -12.834104
v 36.175209 -2.981002 -7.199232
v 36.201263 -2.972800 -8.702304
v 36.057274 3.006189 -6.923506
v 36.030800 2.983310 -1.369874
v 36.116726 -3.107442 -0.259711
v 36.111481 2.997960 -9.336102
v 36.144329 -2.993728 -2.215675
v 36.026215 -2.965923 -7.578697
v 36.029163 3.034634 0.066415
v 36.040211 2.940922 -10.974563
v 36.306015 -3.201977 -0.010063
v 36.006336 -3.024517 -2.865574
v 36.150364 -2.955005 -10.905121
v 36.074314 2.994585 -8.319814
v 36.134449 -3.156661 -9.226161
v 36.084721 2.954646 -2.723050
v 36.047691 -3.420100 -7.508472
v 36.031826 3.004027 -10.053716
v 36.141586 3.147754 0.214406
v 36.245892 -2.408917 2.838777
v 36.049622 -2.987056 -8.290900
v 36.041809 -3.115156 -10.099926
v 36.008850 -2.910468 -0.990205
v 36.105663 0.743079 3.186434
v 36.100208 3.238237 2.143626
v 36.088306 -3.039815 0.961348
v 35.615059 0.291988 -41.933990
v 35.976078 2.834406 -6.623339
v 36.102089 -1.366048 3.029199
v 35.993805 -2.979250 -1.088503
v 36.010330 -2.992410 -0.279610
v 35.881763 2.741877 -2.970049
v 36.000546 2.834086 -8.241882
v 35.972355 -2.631251 -2.157928
v 35.985676 -2.644661 -12.619138
v 36.030537 -3.047210 -6.062941
v 36.004936 -2.982492 -3.883812
v 36.030212 -0.015063 3.108553
v 36.061897 -3.125234 1.447930
v 36.035442 3.044562 -13.244081
v 35.888672 -2.937323 -5.268573
v 36.028393 -3.021605 -6.883641
v 35.841084 -2.996910 -3.418749
v 35.989147 -2.972377 -1.768546
v 35.966007 -2.916947 -12.551360
v 35.912853 2.965679 1.272809
v 35.946720 -3.025944 -9.502202
v 35.877781 2.784420 -1.079514
v 35.858418 -2.934566 -8.234694
v 35.968494 -2.968160 -4.188182
v 35.969028 -2.835636 -12.941260
v 35.935448 -2.788947 -1.082477
v 35.855694 -2.915373 -4.012409
v 35.930904 -3.010986 1.722738
v 35.777870 -2.254289 2.101365
v 35.914639 -2.832741 -4.473406
v 35.918163 -2.590235 -5.507119
v 35.526245 0.618401 2.210458
v 35.863270 -2.944922 -11.914296
v 35.882214 2.649914 -7.111979
v 35.862724 -2.978774 -0.046419
v 35.920628 2.994179 0.629473
v 35.923145 -2.687471 -9.326113
v 35.870251 -2.930300 -7.340142
v 35.863026 -2.923528 -0.517441
v 35.909367 -2.999885 0.755226
v 35.806328 -2.538049 -13.749171
v 35.958225 2.848512 -12.525159
v 35.868858 -2.812606 -7.912183
v 35.866203 -2.356313 -9.672901
v 35.848507 -2.501390 -7.883236
v 35.842346 -2.438005 -11.240266
v 35.863155 -2.947153 -5.320722
v 35.818001 -2.830561 -10.511230
v 35.573532 -0.595295 2.262655
v 35.867249 -2.942834 -2.012422
v 35.845585 -2.980277 -6.658456
v 35.827801 -2.986770 -3.038391
v 35.828739 -2.966726 -9.325011
v 35.862350 -2.603302 0.608346
v 35.912361 -2.350273 -12.667263
v 35.860340 -2.612326 -11.268044
v 35.921745 -2.427532 -2.496997
v 35.702644 2.159551 1.294885
v 37.432671 -2.044673 -42.766354
v 35.809631 -2.983634 -10.070441
v 35.878311 2.939823 0.018797
v 35.898376 -2.571931 -4.373297
v 35.885799 2.695635 -11.451059
v 35.893852 2.685661 -9.811812
v 35.869778 -2.368919 -5.752976
v 35.697926 2.040490 -8.437780
v 35.848808 -0.726639 -9.704230
v 35.762772 -1.720815 -8.415460
v 35.775639 -0.819019 -11.011514
v 35.727608 2.204313 2.094513
v 35.810337 2.840271 -13.709833
v 35.718182 -2.201821 -11.027242
v 37.148602 -0.589804 -41.980000
v 35.790657 -1.596148 -9.478841
v 35.898666 2.689085 -4.392947
v 35.779022 -1.714110 -2.885574
v 35.750698 -2.178151 -13.208347
v 35.809338 -1.861371 -9.552198
v 35.768677 -1.508608 -2.924103
v 35.699139 2.280173 -13.767963
v 35.753799 -2.246215 -4.550500
v 35.755672 -1.937324 -12.455417
v 35.742428 -2.203780 -6.550390
v 35.785175 -1.945415 -8.199386
v 35.764454 -0.731592 -1.955608
v 35.802795 -2.318809 -1.358625
v 35.743603 -1.674048 -7.548376
v 35.694084 -1.666202 -10.747812
v 35.693996 -2.152542 -12.318933
v 35.677132 -1.585677 -12.099891
v 35.658714 -2.132780 -10.637544
v 35.728989 2.103970 -0.485781
v 35.685368 -0.685335 -9.604606
v 35.685467 -1.666300 -12.867267
v 35.813103 -2.311479 0.398046
v 35.695122 -1.948920 -10.152577
v 35.697483 -2.003133 -6.738320
v 35.722340 -2.068329 -7.926722
v 35.755016 2.199095 -12.648917
v 35.778488 -0.741752 -12.469063
v 35.697800 -0.835537 -9.576288
v 35.726765 -1.884625 -2.086427
v 35.705410 -1.581145 -12.639233
v 35.664211 -2.143616 -9.294815
v 35.746208 -1.876988 -10.865722
v 35.694874 -2.094023 -5.836616
v 35.697201 -1.543973 -1.852621
v 35.688034 -2.018561 -1.339755
v 35.671749 -1.884323 -5.109315
v 35.665451 -1.746334 -4.074690
v 35.676064 -2.087062 -3.406887
v 35.731453 2.020418 -11.688312
v 35.651680 -2.150160 -12.452745
v 35.626995 1.709698 -12.816442
v 35.631237 -0.666684 -2.263692
v 35.687901 -1.749609 -5.733587
v 35.725834 2.108345 -5.141881
v 35.598122 -1.609652 -11.703403
v 35.699268 -2.167705 1.551843
v 35.789207 -0.757035 -10.979322
v 35.640865 -0.854122 -2.192575
v 35.661701 -0.842621 -1.789335
v 35.621658 -2.132433 -9.931617
v 35.634079 -0.847452 -3.812010
v 35.507030 -0.974550 -12.759116
v 35.640041 -1.601193 2.125906
v 35.396248 -0.377141 -13.726230
v 35.618252 -0.826302 -5.647656
v 35.625378 -0.704459 -7.717630
v 35.589882 1.741607 -4.910729
v 35.567696 -1.581633 1.377270
v 34.028481 2.275668 -43.129818
v 35.607773 -0.697931 -5.506690
v 35.652405 -1.971633 -0.223176
v 35.526917 1.475074 -0.767276
v 35.616646 -0.699660 -3.951265
v 35.524490 1.570679 -7.858238
v 35.553665 -1.409437 -12.802597
v 35.458714 1.332569 0.471069
v 35.657566 -1.596163 -6.711615
v 35.588238 0.081081 -12.037733
v 33.899345 -0.251280 -41.934906
v 35.687103 -0.846756 -8.455994
v 34.220650 0.965067 -42.093014
v 35.563187 -0.192807 -10.919233
v 35.671741 -1.630896 -4.077844
v 35.598148 -0.173131 -9.230429
v 35.573544 0.941243 1.017046
v 35.523193 -1.023713 -9.769271
v 35.548313 -0.824985 0.075265
v 35.548008 -1.027525 -4.516778
v 35.581619 0.764156 -12.040131
v 35.511086 0.243374 -13.096063
v 35.499172 -1.272057 -9.528082
v 35.560165 -0.150698 -12.362970
v 35.545212 0.924313 -9.879720
v 35.536659 -0.849289 1.407045
v 35.565041 1.733230 -9.006211
v 35.571171 -0.233762 -8.042652
v 35.630642 -0.691833 -1.746016
v 35.549023 0.815029 -2.718132
v 35.544144 0.914428 -7.162843
v 35.581619 0.251576 -9.699596
v 35.615898 -1.574099 -1.325569
v 35.552711 1.021317 -0.372514
v 35.524620 -0.698916 1.671174
v 35.518497 -1.098173 -1.649615
v 35.537777 0.815170 0.346978
v 35.538998 -1.142436 -8.498045
v 35.557186 0.782587 -9.819985
v 35.537930 -0.009435 0.835774
v 35.534885 0.346466 -11.465716
v 35.547062 1.320995 2.121248
v 35.540562 0.281031 -1.135614
v 35.481129 -1.456361 -0.127716
v 35.508175 0.837266 1.881324
v 35.500023 1.234445 -1.931923
v 35.487019 -0.131912 -3.428597
v 35.609764 -0.833620 -7.135298
v 35.544147 0.902143 -4.642638
v 35.522701 -0.135453 -1.301258
v 35.517330 0.332903 -3.777886
v 35.570869 0.886452 -8.229539
v 35.528038 0.382451 -7.197302
v 35.505123 -0.149173 -7.075724
v 35.434143 1.282828 0.964050
v 35.492619 1.437987 -5.317997
v 35.452110 -0.646136 -13.757665
v 35.602436 1.891756 -13.769729
v 35.499222 -1.037797 -2.771455
v 35.502914 0.584820 -6.287437
v 35.504433 0.512576 -0.470676
v 35.469261 -0.996252 -6.091265
v 35.487633 0.661040 0.426928
v 36.034172 0.107801 -14.435987
v 35.480984 0.517379 -9.449462
v 35.413353 -0.973979 -13.690248
v 35.492310 0.527754 -2.668098
v 35.469574 1.257460 1.546329
v 35.586308 1.652374 -11.797955
v 35.493313 -1.235749 2.004991
v 35.523918 -1.373682 -13.724066
v 35.495884 1.212327 0.278493
v 35.496956 -1.263724 -3.302108
v 35.466297 1.225494 -5.676269
v 35.488575 -1.354178 -5.308166
v 35.397705 -0.543278 -9.141828
v 35.392246 -0.548440 -6.890043
v 35.526245 -1.340550 -8.639631
v 35.453770 -0.546397 0.203419
v 35.433651 -0.526867 -1.137527
v 35.460205 -1.334216 -7.008653
v 35.387840 0.592440 2.043313
v 35.508526 0.014376 1.468072
v 35.425941 0.739163 2.041580
v 35.507702 -0.136800 -5.436404
v 35.460281 1.333659 -9.697646
v 35.402908 -0.535754 -10.870377
v 35.414810 -1.314893 0.811504
v 35.500420 0.628100 -10.713445
v 35.481358 -0.169916 -0.138018
v 35.599407 0.735468 -12.810516
v 35.514301 0.783058 -13.432914
v 35.619240 -0.702438 -13.065113
v 35.498024 -1.301147 -2.002918
v 35.416538 1.334313 -8.900683
v 35.407047 1.319075 -12.935420
v 35.437954 1.208499 -13.711709
v 35.439236 -0.450396 -0.131548
v 35.509495 -0.257477 -13.180691
v 35.450932 1.322031 -8.015591
v 35.423729 0.534755 -12.320831
v 35.394241 -0.490892 2.016966
v 35.385162 -0.478231 -13.150169
v 35.384007 0.514735 -13.040747
v 35.429016 -0.541935 -1.861273
v 35.398579 -1.341565 -10.563186
v 35.451309 0.796292 -13.766674
v 35.461311 1.317692 -11.553315
v 35.425266 -0.527150 -4.662457
v 35.385132 -1.333191 -11.180348
v 35.419510 -0.400141 -11.415373
v 35.432114 -0.559364 -3.881404
v 35.411411 -0.525001 -8.105030
v 35.393856 -0.497279 -2.849718
v 35.392303 -1.129902 -13.148341
v 35.418240 -0.417996 -9.232323
v 35.383564 -0.554797 -5.762070
v 35.402653 -0.538103 -12.003078
v 35.364319 0.511429 -13.700647
v 35.396858 -1.331675 -11.769358
v 35.378098 -0.536656 1.446703
v 37.208870 -1.134118 -42.146484
v 37.743721 -2.790697 -44.227558
v 34.730900 -0.482626 -47.448071
v 37.136440 0.751572 -47.382267
v 35.202312 1.016471 -47.288677
v 36.057583 -1.883272 -42.616600
v 34.389061 -0.152012 -47.482925
v 34.744926 -1.601696 -47.001122
v 37.595387 -2.527326 -45.955311
v 34.670338 -1.963341 -46.713299
v 34.632668 -2.130497 -42.872452
v 34.393101 2.486215 -43.491371
v 34.348671 -0.753837 -42.024986
v 32.004242 2.637990 -43.862640
v 34.591324 1.642833 -42.473370
v 35.330902 -2.472862 -43.355377
v 34.394833 1.298204 -42.248283
v 35.423916 -2.680856 -43.838367
v 35.065655 1.603423 -46.957703
v 33.975666 2.003925 -42.793224
v 29.997555 0.057223 -41.921951
v 30.790905 0.620328 -41.990044
v 29.790237 -0.896883 -47.360672
v 30.165766 -2.231729 -43.010105
v 34.154537 -0.824539 -47.372578
v 30.618462 -1.656883 -46.974380
v 34.507576 1.294202 -47.154625
v 32.717316 -1.940697 -42.679188
v 33.953709 -1.594097 -42.403793
v 34.799351 -2.262893 -46.374844
v 33.742607 -1.197658 -47.234932
v 34.954346 2.104644 -46.497093
v 30.703068 2.532864 -45.818844
v 34.913158 -2.686569 -45.541527
v 33.343845 -2.810401 -44.681183
v 33.566074 -2.780105 -45.109962
v 28.980755 2.201611 -46.380882
v 33.287029 2.340502 -46.186028
v 33.368401 1.875633 -46.743484
v 28.363396 2.735619 -45.110847
v 29.987152 1.937764 -42.720356
v 33.684963 0.363352 -47.464115
v 37.028198 2.756592 -44.465458
v 29.953367 -2.674915 -43.849171
v 29.244850 -2.480222 -43.395985
v 29.618795 0.915016 -47.327061
v 32.622108 2.719980 -44.208126
v 29.221321 -1.203704 -47.242123
v 30.961271 -2.269571 -46.361481
v 29.166950 0.603680 -47.417709
v 30.732811 -0.473267 -41.956497
v 33.056713 -1.080232 -42.127861
v 30.694983 1.208570 -42.199856
v 31.013662 -2.773189 -44.256794
v 27.592621 0.840797 -42.054882
v 28.666235 -1.996789 -46.678707
v 30.415739 2.258632 -43.099628
v 29.310331 1.282496 -47.163811
v 27.202620 1.822266 -46.789494
v 29.893116 -0.572281 -47.444878
v 29.731668 1.612878 -46.956299
v 30.929987 -1.346395 -42.250469
v 27.929588 0.440353 -41.957497
v 27.885448 1.256416 -42.233608
v 28.036627 -2.608692 -45.748924
v 26.326763 2.317055 -43.189739
v 30.500597 1.640772 -42.470451
v 27.546579 -1.593302 -47.007343
v 29.259296 -0.155292 -47.492054
v 28.151588 -1.765669 -42.531837
v 29.367025 2.489403 -43.488178
v 25.914621 0.202313 -47.482281
v 24.456814 1.965722 -42.757763
v 25.715485 -2.240321 -43.013805
v 25.001627 0.674219 -47.397190
v 30.393478 -2.508394 -45.972084
v 24.627382 -1.965569 -42.704048
v 22.714283 -0.831895 -42.036980
v 23.933531 -1.207320 -47.231503
v 23.426313 -1.941902 -46.729103
v 24.480219 -0.889640 -47.353104
v 26.472095 -2.260028 -46.366402
v 26.474874 2.763369 -44.521969
v 24.684925 1.899164 -46.707535
v 28.103470 2.764388 -44.814362
v 23.869675 2.331915 -46.172714
v 24.502724 -1.579050 -42.391579
v 25.076874 1.514432 -47.020123
v 27.787451 -0.924455 -42.068180
v 25.335457 2.640693 -45.512402
v 24.052887 2.110082 -46.479805
v 25.256912 2.485191 -45.904232
v 15.897681 2.757612 -44.758987
v 25.491093 1.704303 -42.517563
v 24.738548 1.208492 -42.200733
v 19.797213 1.294867 -47.158405
v 25.837070 2.706161 -44.110981
v 23.309994 2.562052 -43.660496
v 21.611727 1.687864 -42.508064
v 24.990955 1.050046 -47.272579
v 25.110525 -2.613138 -43.667694
v 21.264372 -0.126927 -47.492153
v 20.043369 0.253767 -47.479584
v 18.767330 2.750825 -44.386173
v 26.627024 -2.688925 -45.522919
v 24.270620 -0.549002 -47.441940
v 17.682365 2.637488 -45.513618
v 19.900066 -2.693710 -45.522060
v 17.965918 -1.205641 -47.238903
v 22.172935 -2.518216 -45.956425
v 20.455940 2.365746 -43.265099
v 20.260960 2.731053 -45.116642
v 20.383425 -2.684985 -43.872051
v 24.743130 -1.271757 -42.216080
v 23.543167 -1.594261 -47.011124
v 20.389589 -2.268240 -46.359089
v 19.018938 -2.141789 -42.897903
v 19.683344 -2.455904 -43.345211
v 22.829046 2.136047 -42.948147
v 22.311348 -0.213445 -41.923244
v 20.232033 1.599329 -46.965652
v 20.226986 0.612886 -47.414822
v 20.093014 -0.695053 -47.423416
v 20.769276 0.912631 -47.327755
v 19.691582 0.929838 -42.080540
v 18.227016 2.485062 -45.908718
v 20.038008 -1.910164 -42.658962
v 21.057987 1.293992 -42.248108
v 16.853827 2.093637 -46.510193
v 17.957390 2.295807 -46.239449
v 18.408966 -0.106954 -41.921478
v 21.294128 0.285684 -41.930931
v 16.443016 2.261963 -43.116035
v 18.036959 1.971962 -42.764465
v 19.125626 -1.916165 -46.756252
v 19.200121 1.876416 -46.740753
v 16.489227 1.643261 -42.479778
v 18.882502 0.597121 -41.983467
v 21.718487 -2.787283 -45.107967
v 18.195164 -1.254716 -42.206825
v 17.993160 -1.577976 -47.023403
v 22.684326 -2.806643 -44.479462
v 16.848318 -0.659693 -47.429253
v 15.970670 0.906313 -47.334278
v 22.799473 -2.813387 -44.793537
v 15.132037 2.478426 -43.489803
v 16.506935 1.271602 -42.244469
v 18.411533 -1.579918 -42.392616
v 15.168061 2.725617 -44.290005
v 15.970994 -2.616554 -43.672504
v 17.528910 -0.960451 -42.082050
v 17.682739 -0.557080 -41.973557
v 15.858496 2.637893 -43.891823
v 17.080647 0.273631 -41.937897
v 14.380355 1.139042 -47.239178
v 13.309422 1.630535 -46.946648
v 14.622017 -0.741069 -42.016773
v 21.238657 -2.760144 -44.166050
v 13.785285 1.868230 -46.747765
v 13.021523 1.382767 -47.113403
v 15.951864 -1.905906 -46.772205
v 15.878712 -0.155746 -47.496655
v 15.587543 -2.404451 -43.248821
v 14.797793 2.019354 -42.814518
v 13.942133 0.746275 -42.024303
v 12.347310 -0.113750 -41.923595
v 13.648949 -2.556438 -45.885830
v 15.159730 2.723798 -45.129173
v 10.376501 0.878355 -42.068501
v 11.480994 -1.204835 -47.242363
v 14.759465 0.423167 -47.465748
v 14.209312 -1.577137 -47.028851
v 13.094982 -2.263482 -46.370998
v 11.811298 2.341071 -46.169281
v 13.063147 2.557679 -45.743500
v 11.254048 -1.169063 -42.166050
v 10.759089 0.588835 -47.425056
v 12.606780 -2.006822 -42.742233
v 13.368450 -1.636110 -42.425945
v 10.594236 1.295788 -42.252190
v 12.512697 -0.563023 -47.447578
v 10.265253 -0.871945 -47.374218
v 13.009221 -1.952942 -46.724396
v 11.412514 -2.815208 -44.663349
v 10.931412 0.375322 -41.948174
v 8.488708 2.734424 -45.122078
v 10.163820 -1.572032 -42.390408
v 10.960979 2.231373 -43.060295
v 8.372757 2.490849 -45.906288
v 8.404479 2.649742 -43.902138
v 10.923946 -2.491196 -43.414581
v 11.771270 -2.746109 -45.322369
v 8.415173 1.913375 -42.706818
v 10.384982 -0.563416 -41.975979
v 8.381712 2.493865 -43.508053
v 10.211649 2.085089 -46.525879
v 8.410787 1.637805 -42.476547
v 8.412979 0.036612 -47.497593
v 11.574669 -2.781202 -44.270947
v 8.368669 2.254619 -43.112457
v 8.392396 2.740285 -44.305069
v 8.361195 -2.730322 -45.361038
v 11.077553 -2.244740 -43.027817
v 8.416814 -2.803092 -44.942028
v 9.799830 -1.937075 -42.686741
v 8.395516 -2.791434 -44.448727
v 8.413722 -0.602016 -47.446941
v 8.404614 -1.134186 -47.280647
v 8.426634 -1.554010 -47.053143
v 8.398386 1.058589 -47.271702
v 8.338175 1.931455 -46.699833
v 8.382303 -2.718367 -44.020653
v 8.449921 0.369621 -41.942051
v 8.397676 -0.376821 -41.943398
v 8.413278 -0.292371 -47.489635
v 8.419404 -2.665433 -43.822437
v 8.382002 1.238969 -42.224979
v 8.380073 2.643993 -45.513210
v 8.407539 -2.655025 -45.646114
v 8.387508 -2.161767 -42.934193
v 8.377598 -2.446641 -43.352093
v 8.378100 0.780485 -42.037113
v 8.367252 0.564144 -47.427288
v 8.407076 -0.787354 -42.028164
v 8.415711 -1.233541 -42.192211
v 8.371011 -2.437380 -46.109154
v 8.376058 -2.207114 -46.444214
v 7.032339 -2.075257 -45.735317
v 7.092683 1.752295 -43.255074
v 8.363898 2.313190 -46.222439
v 8.369115 1.387355 -47.102581
v 8.387350 2.766641 -44.727402
v 7.055529 -2.293203 -44.846935
v 8.379588 0.158270 -41.922806
v 7.079090 0.950702 -42.645283
v 7.116541 1.914105 -45.947468
v 7.091048 2.145658 -45.457420
v 7.083574 -1.306557 -46.611870
v 7.073317 -1.595741 -43.078445
v 8.356001 1.742064 -46.865723
v 7.082395 -1.106249 -42.701389
v 7.084986 -0.544256 -42.494240
v 7.066271 -0.108501 -42.436459
v 7.109464 1.560630 -46.380539
v 8.405158 -1.735755 -42.503883
v 7.050132 -2.245603 -44.218349
v 8.393024 -1.958162 -46.720402
v 7.038335 -1.984777 -43.572765
v 7.089856 2.251361 -44.954529
v 7.086688 2.237345 -44.292076
v 7.036374 -2.213871 -45.345951
v 7.058820 0.442182 -42.475376
v 7.082100 1.253811 -46.612469
v 7.106642 2.016008 -43.643707
v 7.058755 -0.776568 -46.872276
v 7.033972 -1.736866 -46.235302
v 7.110682 1.430592 -42.926510
v 5.069501 0.772582 -42.577896
v 5.080387 -1.321168 -42.819164
v 7.065001 -0.312041 -46.978664
v 7.069716 0.462043 -46.934429
v 5.363198 2.082744 -45.536907
v 5.083898 -2.053570 -43.677448
v 5.062062 1.924397 -43.527058
v 7.065660 0.119895 -46.987469
v 5.084432 2.245872 -44.913998
v 5.082305 -2.215057 -44.071915
v 5.076109 -2.153596 -45.573830
v 5.161090 0.520952 -42.500111
v 5.074128 -0.383859 -42.462719
v 5.070205 -2.282663 -45.086102
v 5.059918 1.295339 -42.869217
v 5.072288 0.049335 -42.436432
v 5.081387 -2.304919 -44.533581
v 7.051219 0.901213 -46.787460
v 5.516850 1.554996 -46.327530
v 5.048149 1.628978 -43.140690
v 5.084222 -1.924900 -46.018642
v 5.098719 -1.771429 -43.247425
v 5.071685 2.208873 -44.274590
v 5.075344 1.978138 -45.773178
v 5.048481 0.677021 -46.898479
v 5.078121 -0.822254 -42.573441
v 5.067111 -0.806342 -46.867622
v 5.060984 1.704864 -46.194038
v 5.065149 -0.134496 -47.006901
v 5.067254 2.100733 -43.881859
v 5.085010 -1.592215 -46.386345
v 5.065605 -1.250576 -46.641727
v 4.858843 2.126585 -43.158813
v 5.034659 1.352986 -46.512421
v 4.821456 1.586477 -46.851414
v 4.880033 1.566136 -42.630905
v 4.811188 2.614689 -45.203922
v 4.801035 2.621060 -44.207005
v 4.919899 -1.708238 -46.740242
v 4.854106 -1.085591 -47.201950
v 4.837088 -0.641313 -42.109024
v 4.921619 -1.543832 -42.586388
v 4.813285 0.709689 -47.307682
v 4.803674 0.297109 -42.057053
v 4.813546 2.204344 -46.194832
v 4.789343 2.462269 -43.695538
v 4.792920 -1.024095 -42.224422
v 4.805374 0.203539 -47.406555
v 4.774611 -0.225643 -42.041058
v 4.725687 2.272037 -43.319561
v 4.781145 1.626505 -42.592850
v 4.744293 1.896851 -46.589188
v 4.706396 2.663050 -44.711613
v 4.772569 -2.681061 -44.241070
v 4.822238 -2.224304 -46.267193
v 4.775229 -2.711332 -44.998894
v 4.824293 1.061017 -42.267590
v 4.814449 -2.431551 -45.924221
v 4.777607 1.233133 -47.103142
v 4.716730 -2.610363 -45.474823
v 4.732546 -1.410732 -42.412079
v 4.783303 -1.921565 -46.637836
v 4.785714 -2.406861 -43.469013
v 4.255170 -2.560261 -43.811745
v 2.127266 1.820502 -42.772404
v 4.782477 -1.880373 -42.762417
v 4.791780 2.495850 -45.616955
v 1.907561 0.176853 -42.033047
v 4.810583 -2.224213 -43.168144
v 4.734875 0.711693 -42.132645
v 4.816466 -0.512080 -47.379379
v 4.743113 2.056967 -43.017876
v 3.793397 -0.065223 -47.423027
v 4.822079 -1.470859 -47.002060
v 0.490552 -0.966562 -42.196869
v 2.840815 1.088043 -47.165859
v 0.571336 2.206354 -43.213039
v 2.678626 1.415458 -42.454063
v 2.487024 -1.983990 -42.871506
v 2.346177 1.059776 -42.257854
v 0.523890 0.667616 -42.102001
v 2.458664 -0.994730 -47.247272
v 0.612845 -2.154752 -43.061348
v 0.485917 2.243882 -46.131634
v 2.325809 -1.772984 -46.775555
v 1.562975 -2.693514 -45.100872
v 2.576410 -2.718863 -44.671223
v 2.687271 1.719483 -46.751732
v 0.577369 1.927994 -46.560009
v 0.507820 -1.229443 -42.313488
v 0.507166 2.587610 -44.081924
v 0.531655 0.399829 -42.043255
v 0.576359 1.133538 -42.265026
v 0.596125 -1.520787 -42.478775
v 0.532672 -1.813458 -42.705307
v 0.545284 1.654752 -42.603615
v 0.523517 -0.220064 -47.430378
v 0.545056 0.817893 -47.293667
v 0.585051 -1.380011 -47.080860
v 0.598337 -2.740979 -44.665115
v 0.516664 2.470474 -43.713238
v 0.579754 2.657043 -44.911236
v 0.593148 -0.360274 -42.044369
v 0.457935 2.194920 -43.285107
v 0.474839 1.750502 -46.697021
v 0.504640 2.433813 -45.793781
v 0.544812 -2.226554 -46.286610
v 0.458641 -2.674863 -44.906971
v 0.502333 -0.729862 -47.349895
v 0.560093 -2.482429 -43.587135
v 0.494883 2.661649 -44.588390
v 0.405729 0.819023 -42.209335
v 0.453172 -0.209750 -42.074516
v 0.512149 0.275821 -47.413681
v 0.267659 1.708124 -42.978909
v 0.503180 2.595609 -45.296036
v 0.443767 -1.411462 -47.004604
v 0.493530 -1.957945 -46.612495
v 0.494715 -2.404800 -45.997581
v 0.243391 1.345094 -42.691135
v 0.508053 1.423630 -46.986641
v 0.516703 -2.644103 -45.399887
v 0.423281 -2.180660 -43.246407
v 0.043315 2.045967 -44.185558
v 0.141944 2.248519 -45.008064
v 0.147768 -0.065716 -42.458378
v 0.498751 -2.653959 -44.095322
v 0.033715 1.782305 -43.578945
v 0.027608 0.706490 -42.769711
v 0.047664 1.862483 -45.793701
v 0.147138 0.779288 -46.872684
v 0.173158 -1.245314 -46.728020
v 0.035472 -1.766803 -45.984974
v 0.131516 -0.160303 -47.023357
v 0.151326 -2.025396 -43.645844
v 0.235739 -1.571414 -42.873344
v 0.084112 -2.194788 -44.595058
v 0.029162 -0.208768 -45.427925
v 0.039645 1.383574 -46.341000
v 0.016870 -0.840066 -46.653183
v 0.020488 0.490577 -46.709606
v 0.013387 -0.808129 -42.777622
v 0.012380 -1.777283 -43.669090
v 0.034267 -0.011849 -44.166954
v 0.001401 -1.996408 -45.300426
vn 0.6305 -0.7112 0.3109
vn 0.2768 -0.7153 0.6416
vn 0.5583 0.0314 0.8290
vn 0.0399 -0.9868 0.1570
vn 0.8889 -0.0090 0.4580
vn 0.8889 -0.0092 0.4580
vn 0.8889 -0.0093 0.4580
vn 0.5109 0.7869 0.3461
vn 0.8758 -0.0126 0.4826
vn 0.8828 -0.0183 0.4694
vn 0.8561 -0.1547 0.4931
vn 0.3206 0.8955 0.3087
vn 0.4350 0.7371 0.5172
vn 0.4140 0.5293 0.7406
vn 0.0184 -0.0025 0.9998
vn 0.0191 0.0020 0.9998
vn 0.0034 0.0020 1.0000
vn 0.3367 0.9416 0.0009
vn 0.5778 0.8158 0.0232
vn -0.2867 0.9577 -0.0226
vn -0.2873 0.9576 -0.0203
vn -0.2872 0.9576 -0.0214
vn 0.8277 0.5611 0.0077
vn 0.5496 0.8352 0.0185
vn 0.3857 0.7202 0.5767
vn -0.0264 -0.0028 0.9996
vn -0.7618 0.5517 0.3396
vn -0.4356 0.7094 0.5541
vn 0.0016 -0.0030 1.0000
vn -0.0034 0.0034 1.0000
vn -0.0029 0.0027 1.0000
vn 0.0131 0.8467 0.5320
vn 0.0105 0.0044 0.9999
vn -0.0317 0.9995 0.0025
vn -0.4237 0.7541 0.5017
vn -0.8187 0.5730 0.0389
vn -0.8295 0.5570 0.0398
vn -0.0699 0.9975 0.0073
vn -0.3337 0.9424 0.0226
vn -0.5812 0.7471 0.3227
vn 0.0130 0.0337 0.9993
vn -0.0039 0.0199 0.9998
vn 0.0039 0.0099 0.9999
vn -0.2787 -0.0031 0.9604
vn -0.0380 0.0034 0.9993
vn -0.0064 -0.0215 0.9997
vn -0.0023 -0.0148 0.9999
vn -0.0019 -0.0020 1.0000
vn -0.0703 0.0390 0.9968
vn -0.0689 0.0320 0.9971
vn -0.0693 0.0402 0.9968
vn -0.3669 -0.7930 0.4864
vn -0.8976 -0.0148 0.4406
vn -0.9010 -0.0085 0.4338
vn -0.8988 -0.0036 0.4384
vn -0.1319 -0.9772 0.1661
vn -0.8905 0.0038 0.4549
vn -0.8873 0.0034 0.4612
vn -0.8869 0.0027 0.4620
vn 0.1266 0.9865 0.1035
vn 0.2497 -0.9604 -0.1237
vn 0.2611 -0.1745 0.9494
vn 0.5125 -0.3558 0.7815
vn -0.0360 0.0319 0.9988
vn -0.0254 0.0307 0.9992
vn -0.0301 0.0370 0.9989
vn -0.0508 -0.9987 -0.0082
vn -0.1967 -0.9805 -0.0032
vn -0.1839 -0.9829 0.0012
vn -0.2179 -0.9759 0.0135
vn -0.8485 -0.5283 0.0326
vn -0.8485 -0.5282 0.0328
vn -0.8485 -0.5282 0.0327
vn 0.2186 -0.9747 0.0464
vn 0.2476 -0.9688 0.0070
vn 0.3277 -0.9445 0.0237
vn -0.2688 -0.9630 -0.0161
vn -0.2348 -0.9720 0.0058
vn -0.2277 -0.9737 0.0042
vn -0.2276 -0.9737 0.0039
vn -0.2277 -0.9737 -0.0025
vn -0.2292 -0.9734 -0.0021
vn -0.2280 -0.9737 -0.0024
vn -0.2416 -0.9703 -0.0129
vn 0.2688 -0.9632 -0.0079
vn 0.4795 -0.8776 -0.0027
vn -0.2044 -0.9789 -0.0060
vn -0.2067 -0.9784 -0.0080
vn -0.1978 -0.9802 -0.0094
vn 0.8114 -0.5595 -0.1690
vn 0.9543 -0.2986 0.0140
vn 0.6675 -0.2791 -0.6903
vn -0.2548 -0.9669 0.0159
vn -0.2565 -0.9665 0.0141
vn -0.2623 -0.9647 0.0232
vn 0.7036 -0.7094 -0.0414
vn 0.4611 -0.8871 -0.0197
vn 0.9958 0.0419 -0.0819
vn 0.9331 0.2128 -0.2899
vn 0.3173 -0.7661 0.5589
vn 0.3084 -0.9513 0.0008
vn 0.3342 -0.9303 0.1513
vn 0.8239 -0.5667 -0.0058
vn 0.8315 -0.5554 0.0114
vn 0.8317 -0.5551 0.0112
vn 0.8276 -0.5610 0.0206
vn -0.2501 -0.9682 0.0070
vn -0.2190 -0.9757 -0.0026
vn -0.2475 -0.9689 0.0078
vn -0.8536 -0.5205 0.0208
vn -0.8591 -0.5118 -0.0049
vn -0.8796 -0.4688 -0.0805
vn 0.3133 -0.9497 0.0039
vn 0.2024 -0.9792 -0.0098
vn -0.5135 -0.8547 0.0761
vn -0.1573 -0.9872 0.0264
vn 0.2230 -0.9748 0.0059
vn -0.2623 -0.9649 0.0092
vn -0.2657 -0.9639 0.0143
vn -0.2668 -0.9638 0.0054
vn 0.3539 -0.9353 0.0059
vn 0.5661 -0.8241 0.0209
vn 0.3030 -0.9530 0.0074
vn 0.3099 -0.9507 0.0105
vn 0.3083 -0.9512 0.0094
vn 0.3692 -0.9293 0.0014
vn 0.2258 -0.9737 0.0313
vn 0.1521 -0.9878 0.0325
vn -0.0277 -0.9884 -0.1496
vn 0.7114 -0.7017 0.0386
vn 0.9021 0.0388 -0.4297
vn 0.6768 -0.0845 0.7313
vn 0.6778 -0.0810 0.7308
vn 0.6835 -0.0804 0.7255
vn 0.8424 -0.0259 -0.5382
vn 0.4427 -0.8160 -0.3717
vn 0.8936 0.1764 -0.4128
vn 0.6192 -0.0136 0.7851
vn 0.6171 -0.0246 0.7865
vn 0.6277 -0.0178 0.7783
vn 0.1206 -0.9443 0.3063
vn -0.4022 -0.9152 -0.0235
vn -0.8343 -0.5513 -0.0029
vn -0.3185 -0.9271 0.1977
vn -0.4273 -0.8288 -0.3613
vn -0.6048 -0.6422 -0.4709
vn -0.7777 -0.6198 -0.1053
vn 0.2587 -0.9659 -0.0057
vn 0.2488 -0.9685 -0.0066
vn 0.2233 -0.9745 -0.0230
vn -0.8891 -0.0024 0.4577
vn -0.8860 -0.0031 0.4637
vn -0.4614 0.8825 0.0916
vn 0.2314 0.9729 -0.0027
vn -0.8432 0.5372 0.0216
vn -0.8168 0.5769 0.0019
vn -0.6889 0.7248 0.0063
vn -0.8226 0.5684 0.0137
vn -0.8216 0.5700 0.0093
vn -0.8252 0.5645 0.0161
vn 0.2541 0.9672 0.0006
vn 0.2528 0.9675 -0.0006
vn 0.2522 0.9677 -0.0019
vn 0.2385 0.9711 0.0083
vn 0.2379 0.9712 0.0092
vn 0.2459 0.9692 0.0115
vn 0.2435 0.9698 -0.0123
vn 0.2294 0.9733 -0.0131
vn 0.2419 0.9702 -0.0105
vn -0.7926 0.6096 0.0151
vn -0.7984 0.6017 0.0231
vn -0.8007 0.5987 0.0185
vn -0.1333 0.9389 0.3173
vn -0.8141 0.3053 -0.4940
vn -0.3743 0.7901 -0.4853
vn -0.8373 0.4929 -0.2367
vn -0.4476 0.8806 0.1559
vn -0.7526 -0.0073 -0.6584
vn -0.9973 0.0236 -0.0689
vn -0.9886 -0.0029 -0.1505
vn -0.7651 0.0424 0.6425
vn -0.7655 0.0402 0.6422
vn -0.7516 0.0351 0.6586
vn -0.9992 -0.0337 -0.0213
vn -0.9977 -0.0319 -0.0597
vn -0.9977 0.0186 -0.0648
vn -0.6849 -0.7222 -0.0970
vn -0.8823 -0.0286 -0.4699
vn -0.7662 -0.2945 0.5711
vn -0.5542 -0.6437 0.5277
vn -0.8034 -0.0746 0.5907
vn -0.8082 -0.0945 0.5813
vn -0.7974 -0.0730 0.5990
vn -0.8590 -0.1484 -0.4900
vn -0.9724 0.0027 -0.2332
vn -0.9767 0.0089 0.2145
vn -0.8663 -0.0089 0.4995
vn -0.8715 0.0167 0.4901
vn -0.8738 0.0168 0.4859
vn -0.8723 0.0170 0.4886
vn 0.6495 -0.7579 -0.0606
vn 1.0000 -0.0002 -0.0007
vn 0.2332 0.9431 0.2370
vn 0.7157 0.6938 -0.0801
vn -0.2385 0.9709 -0.0218
vn -0.2649 0.9643 -0.0030
vn 0.4097 0.9043 -0.1201
vn 0.2742 0.9616 -0.0139
vn -0.1979 0.9802 0.0034
vn -0.1932 0.9811 0.0016
vn -0.1965 0.9805 -0.0043
vn 0.5372 0.8434 0.0087
vn 0.1663 0.9860 0.0098
vn -0.2047 0.9788 0.0027
vn -0.2048 0.9788 0.0026
vn -0.2018 0.9794 0.0036
vn 0.6808 0.0004 -0.7325
vn 0.7054 0.0078 -0.7088
vn 0.6788 0.0216 -0.7340
vn 0.9740 0.0172 0.2258
vn 0.9997 0.0021 0.0247
vn 0.3948 0.7699 0.5014
vn 0.8265 0.5630 0.0047
vn 0.8271 0.5620 0.0069
vn 0.8368 0.5474 0.0065
vn 0.6492 0.7601 -0.0275
vn 0.2513 0.9566 0.1473
vn 0.3449 0.7131 -0.6104
vn 0.9983 0.0467 0.0359
vn 0.9943 0.1059 0.0116
vn 0.0139 0.9978 0.0641
vn 0.9957 -0.0234 0.0898
vn 0.9986 -0.0158 0.0508
vn 0.9993 0.0281 0.0228
vn 0.7044 0.7071 -0.0612
vn 0.3595 0.8151 0.4543
vn 0.3274 0.9402 -0.0944
vn 0.9793 -0.0379 -0.1986
vn 0.1655 0.9367 0.3085
vn 0.7935 -0.0265 0.6080
vn 0.9919 -0.0101 -0.1267
vn 0.9983 -0.0489 0.0316
vn 0.3736 -0.8592 -0.3495
vn 0.7719 -0.6143 0.1640
vn 0.3443 -0.7676 -0.5406
vn 0.9992 -0.0102 0.0380
vn 0.6479 0.7380 -0.1886
vn 0.9908 0.1353 0.0077
vn 0.6645 0.0244 0.7469
vn 0.6665 0.0092 0.7455
vn 0.6679 0.0098 0.7442
vn 0.6666 0.0173 0.7452
vn 0.0209 0.9912 -0.1308
vn 0.1690 0.9638 0.2060
vn 0.9599 -0.1526 -0.2353
vn 0.2068 0.9783 0.0109
vn 0.3817 0.8031 -0.4575
vn 0.8283 0.5531 0.0892
vn 0.8898 0.1083 -0.4433
vn 0.8661 0.0111 0.4997
vn 0.8669 0.0187 0.4982
vn 0.9319 -0.0338 -0.3612
vn 0.6947 0.0148 -0.7192
vn -0.5864 0.6653 0.4621
vn -0.6131 0.6411 0.4616
vn -0.5939 0.6697 0.4459
vn 0.2133 -0.9768 0.0170
vn 0.2199 -0.9755 0.0069
vn 0.2130 -0.9770 0.0063
vn 0.2237 -0.9746 -0.0104
vn 0.2237 -0.9746 -0.0108
vn 0.2237 -0.9746 -0.0113
vn 0.1483 -0.9841 -0.0979
vn 0.1346 -0.9855 -0.1030
vn 0.1347 -0.9875 -0.0813
vn -0.2894 -0.9568 -0.0261
vn -0.4333 -0.8060 -0.4033
vn -0.0590 -0.9967 0.0565
vn -0.7920 -0.5956 0.1344
vn -0.3266 -0.9424 -0.0725
vn -0.9277 -0.0421 -0.3709
vn -0.7614 -0.0015 0.6483
vn -0.7236 -0.0222 0.6899
vn -0.7119 -0.0057 0.7023
vn -0.8991 0.0225 0.4372
vn -0.7082 -0.0348 0.7051
vn -0.9639 0.0874 0.2514
vn -0.6582 0.0291 -0.7523
vn -0.2556 0.8177 -0.5157
vn -0.6963 -0.0152 0.7176
vn -0.6966 0.0003 0.7174
vn -0.6728 -0.0081 0.7398
vn -0.9942 -0.0071 -0.1072
vn -0.9448 0.0243 -0.3267
vn -0.9208 0.2552 0.2950
vn -0.6446 0.7490 0.1533
vn -0.6891 0.7200 -0.0823
vn -0.6845 0.0245 -0.7286
vn -0.6843 0.0325 -0.7284
vn -0.6978 0.0090 -0.7162
vn -0.9999 0.0089 0.0054
vn -0.8033 -0.0340 -0.5946
vn -0.9305 -0.1068 0.3503
vn -0.7110 -0.0018 -0.7032
vn -0.7430 0.0018 -0.6693
vn -0.7321 0.0136 -0.6811
vn -0.3070 0.8543 0.4194
vn -0.7846 0.6084 -0.1197
vn -0.4248 0.9028 -0.0668
vn -0.3866 0.7711 -0.5059
vn -0.4286 0.8083 -0.4036
vn 0.2266 0.9740 -0.0030
vn -0.8047 0.5309 -0.2657
vn -0.9971 0.0128 -0.0757
vn -0.7164 -0.0058 0.6976
vn -0.7162 -0.0116 0.6978
vn -0.7324 -0.0088 0.6808
vn -0.9778 0.1209 -0.1714
vn -0.2374 -0.9673 0.0891
vn -0.7745 0.0522 -0.6304
vn -0.7170 -0.0451 0.6956
vn -0.7074 -0.0322 0.7061
vn -0.7085 -0.0395 0.7046
vn -0.1617 0.7854 -0.5975
vn 0.2502 0.9681 -0.0147
vn -0.2053 0.7784 -0.5933
vn -0.8301 0.5559 -0.0436
vn 0.2407 0.9706 -0.0072
vn 0.2486 0.9686 -0.0000
vn 0.2473 0.9689 -0.0075
vn 0.2418 0.9703 -0.0027
vn 0.2493 0.9684 -0.0040
vn 0.2496 0.9683 -0.0041
vn 0.2478 0.9688 -0.0060
vn 0.2505 0.9681 0.0011
vn 0.2484 0.9686 -0.0061
vn 0.2323 0.9726 0.0096
vn 0.2400 0.9707 0.0102
vn 0.2320 0.9727 0.0101
vn 0.2196 0.9756 -0.0029
vn -0.3950 0.7977 0.4557
vn -0.8635 0.3661 -0.3469
vn -0.6885 0.7199 -0.0879
vn -0.5679 0.8169 0.1008
vn -0.1838 0.7771 -0.6019
vn -0.8888 0.1628 -0.4283
vn -0.9847 0.0516 -0.1664
vn -0.9949 0.0055 -0.1012
vn -0.7080 -0.0059 0.7061
vn -0.7000 0.0014 0.7142
vn -0.6999 -0.0216 0.7140
vn -0.9952 0.0885 0.0420
vn -0.9928 0.0746 -0.0935
vn -0.9133 -0.4036 -0.0555
vn -0.5276 -0.5533 -0.6446
vn -0.8160 -0.5734 0.0735
vn 0.2335 -0.9723 -0.0110
vn -0.1302 -0.9610 -0.2440
vn 0.2514 -0.9679 -0.0038
vn 0.2451 -0.9693 -0.0190
vn 0.2535 -0.9673 0.0034
vn 0.2485 -0.9679 0.0371
vn -0.6437 -0.2420 0.7260
vn -0.6899 -0.7180 0.0922
vn -0.9903 0.0057 -0.1387
vn -0.9652 -0.0797 -0.2491
vn -0.9998 0.0208 0.0011
vn -0.6602 0.7324 0.1664
vn -0.9576 0.0324 -0.2864
vn -0.9784 0.0182 -0.2059
vn -0.7298 0.6835 -0.0116
vn -0.9989 -0.0432 0.0158
vn -0.6992 0.0436 0.7136
vn -0.7160 0.0424 0.6968
vn -0.7059 0.0485 0.7067
vn -0.9980 0.0027 0.0639
vn -0.9977 0.0610 0.0311
vn -0.9620 -0.1090 -0.2502
vn -0.0130 -0.9390 -0.3436
vn -0.7584 -0.1315 -0.6384
vn -0.8054 -0.5878 0.0764
vn 0.2471 -0.9683 0.0363
vn 0.2525 -0.9674 0.0213
vn 0.2502 -0.9678 0.0288
vn -0.5655 -0.8247 0.0041
vn 0.2365 -0.9715 -0.0169
vn 0.2434 -0.9699 -0.0016
vn -0.9995 0.0054 -0.0327
vn 0.2702 -0.9624 -0.0279
vn 0.2927 -0.9560 -0.0177
vn 0.2687 -0.9629 -0.0262
vn -0.8206 0.4285 -0.3782
vn -0.7191 0.0257 0.6944
vn -0.6773 0.0099 0.7356
vn -0.6756 0.0034 0.7373
vn -0.9467 0.0011 0.3221
vn -0.2445 0.7789 -0.5776
vn -0.9974 -0.0680 -0.0234
vn -0.9763 -0.0237 0.2151
vn -0.8521 -0.5233 0.0057
vn -0.9914 0.0206 0.1291
vn -0.5200 0.7544 0.4007
vn -0.7796 0.6021 -0.1726
vn -0.6428 0.6332 -0.4311
vn -0.7392 -0.0076 -0.6734
vn -0.7335 0.0105 -0.6796
vn -0.7404 -0.0003 -0.6722
vn -0.7358 -0.0115 -0.6771
vn 0.9988 0.0492 0.0005
vn 0.9857 0.0805 0.1478
vn 0.6261 -0.7632 0.1596
vn 0.9985 0.0555 -0.0027
vn 0.5457 0.8310 -0.1081
vn -0.8252 0.5648 0.0079
vn -0.2046 0.9788 0.0109
vn -0.2050 0.9787 0.0112
vn -0.1815 0.9828 0.0332
vn 0.5990 0.8007 0.0091
vn 0.8542 0.5199 0.0100
vn 0.3488 0.9372 0.0048
vn 0.7389 0.0305 0.6731
vn 0.7300 0.0169 0.6832
vn 0.7242 0.0424 0.6883
vn -0.4115 -0.9114 0.0037
vn -0.3791 -0.8594 -0.3431
vn -0.4787 -0.8709 -0.1111
vn -0.7113 -0.6987 -0.0767
vn -0.9901 -0.0745 -0.1193
vn -0.9777 0.0775 0.1954
vn -0.9994 0.0322 0.0093
vn -0.9991 -0.0018 0.0420
vn -0.4362 -0.8241 0.3615
vn -0.4538 0.8524 -0.2597
vn -0.7728 -0.5295 0.3499
vn -0.6882 -0.7255 -0.0055
vn -0.2623 -0.9649 0.0104
vn -0.2556 -0.9666 0.0170
vn -0.2582 -0.9661 0.0096
vn 0.6917 -0.7006 0.1751
vn -0.8681 -0.4964 0.0045
vn -0.8713 -0.4907 0.0080
vn -0.8710 -0.4912 0.0081
vn -0.5941 -0.8039 0.0263
vn -0.5196 -0.8544 -0.0060
vn -0.8674 -0.4974 0.0143
vn 0.2187 -0.9757 -0.0110
vn 0.2197 -0.9756 -0.0037
vn 0.2269 -0.9738 -0.0116
vn 0.2799 -0.9544 -0.1035
vn 0.2801 -0.9545 -0.1028
vn 0.2776 -0.9556 -0.0985
vn 0.8542 -0.5199 0.0084
vn -0.8609 -0.5087 0.0010
vn -0.8615 -0.5078 0.0031
vn -0.8610 -0.5086 0.0021
vn -0.1617 -0.9862 0.0350
vn 0.0309 -0.9987 0.0410
vn 0.3443 -0.9384 0.0299
vn -0.2503 -0.9681 0.0130
vn -0.2570 -0.9663 0.0162
vn -0.2519 -0.9676 0.0152
vn 0.1355 -0.9906 0.0180
vn 0.7316 -0.6814 -0.0209
vn 0.2946 -0.7492 0.5933
vn 0.8378 0.5460 0.0023
vn 0.8320 0.5548 0.0053
vn 0.8379 0.5457 0.0049
vn 0.2355 0.9718 -0.0128
vn 0.2340 0.9722 -0.0075
vn 0.2279 0.9737 -0.0065
vn -0.8325 0.5541 -0.0013
vn -0.7652 0.6320 -0.1225
vn -0.5895 0.8067 -0.0426
vn -0.8279 0.5608 -0.0095
vn -0.2213 0.9752 0.0102
vn -0.4503 0.8927 0.0172
vn -0.8233 0.5670 0.0267
vn -0.1352 0.9898 0.0438
vn -0.4797 0.8759 0.0517
vn 0.6024 0.7938 0.0834
vn 0.0348 0.9992 0.0195
vn 0.6315 0.7748 -0.0317
vn 0.2656 0.9629 -0.0487
vn 0.2505 0.9681 0.0036
vn 0.2356 0.7273 0.6447
vn 0.8286 0.5040 0.2435
vn 0.1408 0.9674 0.2106
vn 0.8979 -0.0090 -0.4401
vn 0.9408 0.0717 0.3313
vn 0.9931 -0.0632 -0.0987
vn 0.8096 -0.0347 0.5860
vn 0.7602 0.0698 0.6460
vn 0.9651 -0.0849 0.2477
vn 0.9730 0.0651 -0.2213
vn 0.6542 -0.7553 0.0392
vn 0.2944 -0.9555 0.0158
vn 0.5852 -0.0085 0.8108
vn 0.5741 -0.0114 0.8187
vn 0.5841 -0.0102 0.8117
vn 0.1309 -0.9907 -0.0361
vn 0.7001 -0.0637 -0.7112
vn -0.2525 -0.9669 -0.0357
vn 0.3938 -0.9192 0.0029
vn 0.3772 -0.9261 0.0018
vn 0.1005 -0.9949 0.0104
vn 0.1553 -0.9346 -0.3199
vn 0.3480 -0.9211 0.1746
vn 0.4012 -0.7611 -0.5097
vn 0.6571 -0.7455 0.1115
vn 0.9971 0.0404 0.0648
vn 0.9104 -0.1433 -0.3882
vn 0.9837 0.0221 0.1785
vn 0.7198 0.0011 -0.6942
vn 0.7165 0.0217 -0.6973
vn 0.7226 0.0105 -0.6912
vn 0.9400 0.1168 0.3207
vn 0.3433 0.7689 -0.5394
vn 0.6153 0.7837 -0.0845
vn 0.9992 -0.0356 0.0174
vn 0.9891 0.0077 -0.1469
vn 0.2538 0.9632 -0.0883
vn -0.1865 0.9824 0.0059
vn 0.8561 0.5169 -0.0045
vn 0.8509 0.5254 -0.0062
vn 0.8480 0.5301 0.0039
vn 0.8363 0.5483 0.0022
vn 0.8356 0.5493 -0.0079
vn 0.8351 0.5501 -0.0086
vn 0.1376 0.9904 0.0137
vn 0.1347 0.9907 0.0171
vn 0.1444 0.9893 0.0221
vn 0.1487 0.9888 0.0110
vn 0.1461 0.9891 0.0197
vn 0.1450 0.9892 0.0214
vn 0.1539 0.9880 0.0130
vn 0.3532 -0.9353 0.0216
vn 0.3554 -0.9346 0.0141
vn 0.3529 -0.9354 0.0213
vn 0.3397 -0.9403 0.0227
vn 0.3435 -0.9387 0.0289
vn 0.3408 -0.9397 0.0292
vn 0.8318 -0.5550 0.0013
vn 0.8426 -0.5383 0.0126
vn 0.8487 -0.5288 0.0130
vn 0.8428 -0.5381 0.0109
vn 0.2495 0.8346 -0.4910
vn 0.4016 0.8945 0.1965
vn 0.8335 0.5525 -0.0055
vn 0.8665 0.4991 0.0026
vn 0.8099 -0.5793 -0.0921
vn 0.9993 -0.0376 0.0049
vn 0.9632 0.0928 0.2523
vn 0.2912 0.8278 0.4795
vn 0.6211 0.7693 -0.1497
vn 0.6722 0.7376 -0.0633
vn 0.9737 0.0652 0.2185
vn 0.6890 0.0128 0.7246
vn 0.6901 -0.0023 0.7237
vn 0.6829 -0.0106 0.7304
vn 0.6873 -0.0178 0.7262
vn -0.0140 -0.9595 0.2815
vn 0.8470 -0.0128 -0.5314
vn 0.3274 -0.8427 -0.4275
vn 0.6405 -0.0024 -0.7679
vn 0.6359 0.0027 -0.7718
vn 0.6328 0.0006 -0.7743
vn 0.7126 -0.0155 -0.7014
vn 0.7126 -0.0147 -0.7014
vn 0.7116 -0.0188 -0.7023
vn 0.6783 -0.7348 0.0068
vn -0.0035 -0.9999 0.0095
vn 0.3610 -0.9325 0.0094
vn 0.3580 -0.9336 0.0161
vn 0.3578 -0.9337 0.0162
vn 0.0236 -0.9997 -0.0076
vn 0.9235 0.0454 -0.3808
vn -0.4245 -0.9034 -0.0603
vn -0.4072 -0.9124 -0.0416
vn -0.3988 -0.9162 -0.0385
vn 0.9916 0.0081 0.1294
vn 0.7179 -0.0277 0.6956
vn 0.7111 -0.0303 0.7024
vn 0.7149 -0.0162 0.6991
vn 0.9912 0.1257 0.0405
vn -0.0484 -0.9812 0.1870
vn 0.7029 -0.7113 0.0027
vn 0.9899 -0.0021 -0.1416
vn 0.9869 -0.0632 0.1488
vn 0.2201 -0.9705 0.0985
vn -0.2222 -0.9741 0.0423
vn -0.2506 -0.9680 -0.0153
vn -0.2508 -0.9679 -0.0153
vn -0.2506 -0.9678 -0.0236
vn -0.2640 -0.9645 -0.0074
vn -0.2642 -0.9644 -0.0081
vn -0.2558 -0.9665 -0.0203
vn 0.3935 -0.9127 -0.1105
vn 0.6227 -0.7655 0.1620
vn 0.3679 -0.7652 -0.5283
vn 0.7350 -0.6774 -0.0300
vn 0.2594 -0.1217 -0.9581
vn 0.9990 0.0051 0.0454
vn 0.9999 -0.0118 0.0018
vn 0.7454 -0.6642 -0.0568
vn 0.9762 -0.0235 0.2154
vn 0.7149 -0.0015 -0.6992
vn 0.9996 0.0234 0.0125
vn 0.5128 -0.8585 0.0078
vn 0.4003 -0.7903 -0.4638
vn 0.6563 -0.7426 0.1336
vn 0.7987 -0.6017 0.0022
vn 0.9939 -0.0070 -0.1099
vn 0.9889 -0.0484 -0.1407
vn 0.6527 -0.0224 0.7573
vn 0.6343 -0.0225 0.7727
vn 0.6446 -0.0266 0.7640
vn 0.9998 -0.0047 -0.0191
vn 0.5498 0.8323 0.0710
vn 0.7581 0.0240 -0.6517
vn 0.6944 0.0330 -0.7189
vn 0.7352 0.0567 -0.6754
vn 0.9968 0.0792 -0.0125
vn 0.9965 0.0406 0.0724
vn 0.8597 0.0070 0.5108
vn 0.9933 -0.0910 0.0706
vn 0.6886 -0.0033 0.7251
vn 0.9956 0.0596 0.0723
vn 0.6113 0.7750 0.1604
vn 0.6767 0.0041 -0.7363
vn 0.6857 -0.0061 -0.7279
vn 0.6826 -0.0066 -0.7308
vn 0.3593 0.7369 -0.5726
vn 0.6924 0.2596 0.6732
vn 0.6511 0.0171 -0.7588
vn 0.6479 0.0244 -0.7614
vn 0.6502 0.0201 -0.7595
vn -0.2801 0.9598 0.0188
vn -0.2769 0.9608 0.0168
vn -0.2848 0.9585 0.0153
vn 0.4467 0.8947 0.0075
vn -0.2524 0.9674 0.0208
vn 0.8390 0.5441 -0.0022
vn -0.0148 0.9989 0.0443
vn 0.0498 0.9969 0.0602
vn 0.0258 0.9972 0.0697
vn 0.3961 0.9181 0.0154
vn 0.7557 0.6548 0.0089
vn -0.2837 0.9570 0.0597
vn -0.2749 0.9593 0.0648
vn -0.2752 0.9593 0.0640
vn 0.8776 -0.4793 0.0139
vn 0.7726 -0.6348 -0.0134
vn 0.7950 -0.6066 0.0059
vn 0.7948 -0.6067 0.0155
vn 0.7161 -0.6979 0.0070
vn 0.8217 -0.5018 -0.2701
vn 0.8459 -0.5331 0.0158
vn 0.0205 -0.9998 0.0078
vn 0.8598 -0.5094 0.0367
vn 0.8588 -0.5117 0.0246
vn 0.8510 -0.5243 0.0310
vn 0.4634 -0.8769 0.1277
vn 0.8077 -0.5532 0.2041
vn 0.1536 -0.9838 0.0928
vn 0.8137 -0.5371 0.2223
vn 0.8104 -0.5394 0.2286
vn 0.8142 -0.5363 0.2225
vn 0.8256 -0.5146 0.2317
vn 0.3609 -0.9286 0.0865
vn 0.5364 -0.8370 0.1083
vn 0.5707 -0.8140 -0.1082
vn 0.4479 -0.8856 0.1232
vn 0.6454 -0.7515 -0.1364
vn 0.6823 -0.7308 -0.0199
vn 0.9087 -0.4127 -0.0629
vn 0.8102 -0.5705 0.1346
vn 0.7189 -0.6824 0.1323
vn 0.6346 -0.7566 0.1576
vn 0.4339 -0.9009 -0.0062
vn 0.7014 -0.6836 0.2017
vn 0.7791 -0.6160 0.1162
vn 0.4843 -0.8622 0.1484
vn 0.8085 -0.5753 0.1240
vn 0.6012 -0.7944 0.0868
vn 0.0721 -0.9869 0.1444
vn 0.1769 -0.9819 0.0672
vn 0.1957 -0.9807 0.0011
vn 0.1927 -0.9811 0.0181
vn 0.1405 -0.9896 0.0293
vn -0.1079 -0.9930 0.0484
vn -0.1091 -0.9924 0.0567
vn -0.1626 -0.9846 0.0648
vn -0.1906 -0.9817 -0.0038
vn -0.1495 -0.9880 0.0398
vn -0.6381 -0.7595 0.1267
vn -0.5505 -0.8141 0.1846
vn -0.2937 -0.9559 -0.0041
vn -0.8119 -0.5379 0.2270
vn -0.7984 -0.5539 0.2362
vn -0.5277 -0.8328 0.1671
vn -0.8059 -0.5798 0.1199
vn -0.8039 -0.5931 0.0451
vn -0.7142 -0.6968 0.0653
vn -0.3941 -0.9142 0.0945
vn 0.1441 -0.9854 0.0908
vn 0.4811 -0.8761 0.0306
vn -0.5798 -0.8148 -0.0054
vn -0.3869 -0.9218 -0.0221
vn -0.2782 -0.9567 0.0861
vn -0.2346 -0.9694 0.0722
vn -0.4399 -0.7695 0.4629
vn -0.8672 0.0214 -0.4974
vn -0.9895 0.0856 -0.1166
vn -0.9836 0.1473 -0.1037
vn -0.6288 0.7596 -0.1662
vn -0.3627 0.9298 -0.0625
vn -0.7480 0.0264 0.6632
vn -0.7438 0.0416 0.6671
vn -0.7512 0.0253 0.6596
vn -0.7693 -0.0136 0.6388
vn -0.7761 -0.0083 0.6305
vn -0.7699 -0.0051 0.6382
vn -0.2162 -0.9354 -0.2798
vn -0.7269 0.0264 -0.6862
vn -0.9887 -0.1496 0.0107
vn -0.9938 0.0567 0.0957
vn -0.9928 0.0797 -0.0898
vn -0.6997 0.0272 0.7139
vn -0.7275 0.0296 0.6854
vn -0.7185 0.0364 0.6946
vn -0.3642 -0.8078 -0.4635
vn -0.2514 -0.9621 -0.1055
vn -0.3264 -0.9405 0.0951
vn -0.4821 -0.6454 -0.5925
vn -0.5063 -0.8616 -0.0375
vn -0.4148 -0.9098 0.0145
vn -0.5223 -0.8509 0.0561
vn 0.2100 -0.9758 -0.0606
vn -0.7319 -0.6800 -0.0446
vn -0.9762 0.1163 -0.1830
vn -0.8858 0.0681 0.4590
vn -0.8960 -0.0398 -0.4423
vn -0.9969 0.0273 -0.0735
vn -0.9957 -0.0211 -0.0897
vn -0.7250 0.0683 -0.6853
vn -0.6512 -0.7348 -0.1897
vn -0.9978 0.0656 -0.0114
vn -0.9979 0.0355 -0.0536
vn -0.9969 0.0791 0.0011
vn -0.3910 0.8015 -0.4524
vn -0.6961 0.6828 0.2218
vn -0.8821 0.4601 0.1005
vn -0.9958 0.0884 0.0240
vn -0.4701 0.8786 0.0836
vn -0.9781 0.1695 -0.1210
vn -0.4728 0.8733 -0.1175
vn -0.9788 0.2023 0.0326
vn -0.9616 -0.0173 0.2739
vn -0.9908 0.0009 -0.1356
vn -0.9694 0.0893 0.2288
vn -0.6826 0.7308 0.0049
vn -0.6368 -0.0147 -0.7709
vn -0.6342 -0.0151 -0.7730
vn -0.6423 -0.0204 -0.7662
vn -0.3754 0.8899 -0.2590
vn -0.2800 0.9513 0.1287
vn 0.1960 0.9806 -0.0034
vn 0.2159 0.9764 0.0038
vn 0.2234 0.9747 0.0027
vn 0.2159 0.9764 0.0039
vn -0.8333 0.5527 -0.0014
vn -0.8333 0.5528 -0.0004
vn -0.8452 0.5342 0.0174
vn -0.6162 -0.7876 0.0075
vn -0.3257 0.9455 0.0012
vn -0.8615 -0.5073 0.0219
vn -0.7939 0.6079 0.0151
vn -0.3615 0.9306 0.0581
vn -0.8210 0.5689 0.0484
vn -0.5395 0.8310 0.1359
vn -0.4456 0.8881 0.1128
vn -0.5919 0.7962 0.1255
vn 0.5059 0.8525 0.1312
vn 0.7962 0.6036 0.0416
vn 0.4499 0.8894 0.0812
vn -0.0077 0.9985 0.0545
vn -0.0617 0.9945 0.0845
vn -0.0081 0.9973 0.0726
vn -0.0085 0.9974 0.0715
vn 0.7207 0.6917 0.0462
vn -0.2046 0.9787 -0.0163
vn -0.2028 0.9791 -0.0170
vn -0.2012 0.9794 -0.0195
vn -0.2451 0.9695 0.0015
vn -0.2565 0.9665 -0.0048
vn -0.2601 0.9656 -0.0054
vn -0.2637 0.9646 -0.0009
vn -0.2681 0.9634 -0.0055
vn -0.2480 0.9688 -0.0005
vn -0.2480 0.9688 -0.0004
vn -0.3164 0.9483 -0.0259
vn -0.3094 0.9506 0.0253
vn -0.3377 0.9407 0.0332
vn 0.6439 0.2615 -0.7191
vn 0.8607 0.0417 0.5074
vn 0.3506 0.9343 0.0642
vn 0.9145 0.3751 0.1518
vn 0.7058 0.6665 0.2400
vn 0.4724 0.7264 -0.4991
vn 0.9856 0.0224 -0.1678
vn 0.7765 0.6064 0.1710
vn -0.2659 0.9637 0.0231
vn -0.2669 0.9634 0.0236
vn -0.2659 0.9638 0.0176
vn 0.6690 0.7380 0.0878
vn 0.3466 0.9326 0.1009
vn 0.7518 0.6387 0.1637
vn 0.6948 0.6571 0.2923
vn -0.2570 0.9619 -0.0929
vn -0.2571 0.9619 -0.0925
vn -0.2648 0.9600 -0.0915
vn 0.3621 0.9197 0.1518
vn 0.5745 0.8114 -0.1074
vn 0.4663 0.8833 0.0485
vn 0.4822 0.8718 0.0862
vn 0.7267 0.6828 0.0753
vn 0.8083 0.5395 0.2357
vn 0.8089 0.5400 0.2327
vn 0.7988 0.5543 0.2336
vn 0.2457 0.9691 0.0224
vn 0.0327 0.9984 0.0468
vn -0.2868 0.9578 0.0203
vn -0.5308 0.8437 0.0801
vn 0.3802 0.9247 -0.0195
vn 0.4639 0.8754 0.1362
vn 0.8236 0.5584 0.0988
vn 0.5183 0.8543 -0.0396
vn 0.9904 0.1226 -0.0639
vn 0.9895 0.1392 -0.0384
vn 0.9994 0.0262 -0.0225
vn 0.9985 0.0507 -0.0212
vn 0.9992 0.0274 -0.0275
vn 0.9998 0.0012 -0.0221
vn 0.9997 0.0008 -0.0231
vn 0.9988 0.0212 -0.0433
vn 0.9880 -0.1392 -0.0674
vn 0.9951 -0.0985 -0.0004
vn 0.9977 0.0307 -0.0603
vn 0.9977 0.0296 -0.0612
vn 0.9971 0.0364 -0.0665
vn 0.9951 -0.0789 -0.0588
vn 0.8533 -0.0379 0.5200
vn 0.8640 -0.0125 0.5033
vn 0.8590 -0.0140 0.5118
vn 0.9865 0.1320 -0.0972
vn 0.5329 -0.8383 -0.1154
vn 0.8428 -0.0003 0.5383
vn 0.9710 0.0496 0.2337
vn 0.9942 -0.0004 -0.1079
vn 0.7055 -0.7079 -0.0324
vn 0.9428 -0.0087 -0.3333
vn 0.3041 -0.7763 0.5522
vn 0.7482 0.0401 0.6622
vn 0.7478 0.0110 0.6639
vn 0.7506 0.0145 0.6606
vn 0.6256 0.7770 -0.0698
vn -0.2733 0.9616 -0.0260
vn 0.6704 0.5904 -0.4495
vn 0.6886 0.7108 0.1436
vn 0.2096 0.9763 0.0538
vn 0.2247 0.9709 0.0823
vn 0.2120 0.9747 0.0711
vn -0.4232 -0.9031 0.0729
vn -0.8445 -0.4888 0.2186
vn -0.8486 -0.4798 0.2226
vn -0.8492 -0.4797 0.2207
vn -0.8331 -0.5128 0.2075
vn -0.8338 -0.5122 0.2061
vn -0.8340 -0.5142 0.2002
vn 0.0921 -0.9957 0.0052
vn 0.2467 -0.9679 -0.0479
vn 0.2552 -0.9662 -0.0356
vn 0.2537 -0.9666 -0.0353
vn -0.7186 -0.6482 0.2520
vn -0.6462 -0.7430 0.1743
vn -0.7553 -0.6409 0.1370
vn -0.4765 -0.8734 0.1007
vn -0.6878 -0.7233 -0.0611
vn -0.5486 -0.8347 -0.0476
vn 0.2478 -0.9687 -0.0107
vn 0.2421 -0.9701 -0.0148
vn 0.2416 -0.9703 -0.0149
vn 0.2633 -0.9647 -0.0017
vn 0.2345 -0.9720 0.0149
vn 0.2455 -0.9691 0.0250
vn -0.8974 -0.1321 -0.4210
vn -0.6061 -0.7670 0.2108
vn -0.9980 0.0502 -0.0375
vn -0.9915 -0.0263 -0.1278
vn -0.9959 0.0155 -0.0890
vn -0.8880 -0.0187 0.4594
vn -0.9971 -0.0087 -0.0762
vn -0.9522 0.0236 -0.3047
vn -0.5005 0.8553 0.1337
vn -0.7949 0.6064 -0.0207
vn -0.9834 -0.1355 -0.1204
vn -0.8343 -0.0272 0.5506
vn -0.8401 -0.0383 0.5411
vn -0.8425 -0.0153 0.5384
vn -0.2674 -0.9626 -0.0426
vn -0.2878 -0.9553 -0.0678
vn -0.2893 -0.9542 -0.0765
vn -0.2868 -0.9571 0.0415
vn -0.2880 -0.9548 0.0728
vn -0.2946 -0.9545 0.0466
vn -0.7685 0.6137 0.1812
vn -0.5065 0.7982 0.3260
vn -0.7910 0.5835 0.1841
vn -0.7129 0.6887 0.1319
vn -0.5569 0.8248 0.0984
vn -0.5281 0.8485 0.0344
vn -0.1432 0.9896 -0.0121
vn -0.1301 0.9915 -0.0039
vn -0.1179 0.9913 0.0582
vn -0.2266 0.9739 -0.0124
vn -0.0611 0.9981 -0.0096
vn 0.1772 0.9842 -0.0024
vn 0.1426 0.9894 -0.0279
vn 0.1751 0.9845 0.0039
vn 0.2995 0.9541 -0.0102
vn 0.3013 0.9535 0.0112
vn 0.3433 0.9392 -0.0054
vn 0.4831 0.8756 0.0025
vn 0.3212 0.9470 0.0095
vn -0.1391 0.9903 0.0004
vn -0.3648 0.9311 0.0028
vn -0.4735 0.8808 -0.0026
vn -0.4236 0.9059 -0.0023
vn -0.6126 0.7904 -0.0024
vn -0.6699 0.7424 -0.0006
vn -0.5665 0.8240 -0.0038
vn -0.6781 0.7349 0.0078
vn -0.7062 0.7079 -0.0133
vn -0.7084 0.7058 -0.0039
vn -0.9009 0.4339 0.0045
vn -0.8965 0.4431 0.0037
vn -0.9309 0.3651 0.0098
vn -0.8605 0.5095 -0.0011
vn -0.8130 0.5822 0.0024
vn -0.7664 0.6423 -0.0084
vn -0.7656 0.6433 0.0070
vn -0.7419 0.6705 -0.0091
vn -0.7768 0.6164 0.1291
vn -0.7616 0.6480 0.0022
vn 0.0541 0.9985 -0.0049
vn -0.0509 0.9987 -0.0030
vn -0.8919 0.4116 0.1871
vn -0.9598 -0.0361 0.2782
vn -0.9925 -0.1144 -0.0427
vn -0.9995 -0.0034 -0.0306
vn -0.9997 -0.0014 -0.0260
vn -0.9990 0.0175 -0.0404
vn -0.9992 0.0251 -0.0303
vn -0.9993 0.0255 -0.0268
vn -0.9986 0.0424 -0.0330
vn -0.9782 -0.2064 -0.0223
vn -0.8666 -0.4910 -0.0888
vn -0.7498 -0.6597 -0.0506
vn -0.8257 -0.5447 0.1469
vn -0.6777 -0.7353 0.0012
vn -0.7514 -0.6598 -0.0055
vn -0.8432 -0.5376 0.0010
vn -1.0000 0.0016 -0.0097
vn -1.0000 -0.0016 0.0037
vn -0.9993 0.0372 0.0054
vn -0.9776 0.2104 0.0037
vn -0.9647 0.2628 -0.0182
vn -0.9999 0.0108 -0.0026
vn -0.9979 0.0638 -0.0121
vn -0.9134 -0.4069 -0.0055
vn -0.9907 0.0590 -0.1228
vn -0.9908 -0.0999 0.0917
vn 0.2410 0.9701 -0.0278
vn 0.2392 0.9708 -0.0200
vn 0.2432 0.9696 -0.0285
vn -0.3772 0.9251 0.0441
vn -0.6851 0.7278 -0.0326
vn -0.4476 0.8920 0.0628
vn -0.6068 0.7947 0.0119
vn -0.5837 0.8118 0.0171
vn -0.5378 0.8431 0.0057
vn -0.6562 0.7543 0.0188
vn -0.4266 0.9044 0.0066
vn -0.4252 0.9050 0.0147
vn -0.3879 0.9217 0.0038
vn -0.9910 0.1327 -0.0194
vn -0.9904 0.1362 -0.0248
vn -0.9853 0.1690 -0.0261
vn -0.6525 0.7495 -0.1120
vn 0.2545 0.9663 -0.0380
vn 0.2543 0.9664 -0.0382
vn 0.2539 0.9665 -0.0385
vn 0.2448 0.9684 -0.0469
vn 0.2496 0.9667 -0.0562
vn 0.2475 0.9673 -0.0558
vn -0.9891 0.0750 -0.1266
vn -0.9833 0.1731 -0.0565
vn 0.6003 0.7997 -0.0040
vn 0.6677 0.7122 -0.2167
vn 0.7692 0.6365 0.0564
vn -0.4360 -0.9000 0.0020
vn -0.4706 -0.8822 0.0170
vn -0.4305 -0.9025 -0.0104
vn -0.6276 -0.7785 0.0093
vn -0.5031 -0.8642 -0.0026
vn -0.4581 -0.8889 0.0020
vn -0.4624 -0.8864 0.0216
vn -0.4483 -0.8935 0.0267
vn -0.4525 -0.8918 0.0004
vn -0.3993 -0.9168 0.0033
vn -0.1997 -0.9798 0.0048
vn -0.0629 -0.9980 -0.0051
vn 0.9723 -0.2336 -0.0096
vn 0.9875 -0.1577 -0.0040
vn 0.9995 -0.0138 0.0283
vn 0.9968 0.0728 0.0331
vn 0.9972 0.0735 0.0129
vn 0.9903 0.1385 -0.0110
vn 0.9970 0.0747 0.0184
vn 0.9757 0.2186 -0.0139
vn 0.9721 0.2334 -0.0229
vn 0.9838 0.1731 0.0459
vn 0.8047 0.5937 -0.0069
vn 0.7447 0.6673 -0.0105
vn 0.8740 0.4858 -0.0060
vn 0.9833 0.1761 -0.0471
vn 0.9832 0.1711 -0.0635
vn 0.9915 0.1277 -0.0259
vn 0.7355 0.6775 0.0032
vn 0.6708 0.7415 -0.0125
vn 0.6853 0.7282 -0.0025
vn 0.6866 0.7269 -0.0096
vn 0.8448 -0.5350 -0.0084
vn 0.9502 -0.3116 0.0072
vn 0.9103 -0.4139 0.0089
vn 0.6955 -0.7185 -0.0066
vn 0.5738 -0.8190 0.0067
vn 0.7608 -0.6490 -0.0046
vn 0.1037 -0.9946 0.0045
vn 0.1414 -0.9899 -0.0048
vn 0.0581 -0.9982 0.0153
vn 0.0570 -0.9983 -0.0095
vn 0.2742 -0.9616 -0.0143
vn 0.2717 -0.9624 -0.0004
vn 0.4252 -0.9051 -0.0043
vn 0.8939 0.4483 -0.0025
vn 0.6876 0.7261 0.0035
vn 0.6770 0.7360 0.0054
vn 0.5971 0.8021 -0.0118
vn 0.5845 0.8111 0.0241
vn 0.5970 0.8022 -0.0121
vn 0.7368 0.6760 0.0093
vn 0.9986 -0.0511 -0.0092
vn 0.9710 -0.2389 -0.0079
vn 0.9403 0.3402 -0.0112
vn 0.9406 0.2094 0.2673
vn 0.8319 -0.5549 -0.0023
vn -0.0202 -0.9998 0.0037
vn 0.5030 0.8643 -0.0054
vn -0.5941 0.8043 -0.0071
vn -0.7755 0.6313 0.0070
vn -0.7433 0.6689 0.0100
vn -0.7372 0.6755 -0.0131
vn -0.9041 -0.4274 -0.0055
vn -0.9486 -0.3166 -0.0059
vn -0.9904 -0.1379 -0.0007
vn -0.9895 -0.1443 -0.0056
vn -0.1412 -0.9900 0.0004
vn -0.2774 -0.9607 -0.0136
vn -0.0942 0.9955 0.0015
vn 0.0607 0.9981 0.0040
vn 0.1871 0.9823 0.0047
vn 0.2947 0.9556 0.0056
vn 0.5889 0.8082 -0.0069
vn 0.1550 0.9876 0.0263
vn 0.2892 0.4353 0.8526
vn 0.2839 0.9587 0.0198
vn -0.0290 0.9995 0.0088
vn -0.0294 0.9996 0.0047
vn -0.0671 0.9976 0.0147
vn -0.0631 0.9980 -0.0089
vn -0.0704 0.9975 -0.0051
vn -0.0329 0.9993 -0.0162
vn -0.2932 0.9559 -0.0143
vn -0.3914 0.9202 -0.0030
vn -0.6664 0.7455 0.0094
vn -0.6551 0.7555 0.0053
vn -0.6765 0.7357 -0.0330
vn -0.2440 0.6507 0.7190
vn -0.4791 0.5864 0.6532
vn -0.8874 0.4610 -0.0047
vn -0.8187 0.5742 -0.0057
vn -0.3187 0.2950 0.9008
vn -0.7467 0.6649 0.0183
vn -0.7839 0.6208 -0.0033
vn -0.7908 0.6121 0.0055
vn -0.9480 0.3182 0.0037
vn -0.9982 0.0589 0.0093
vn -0.9996 0.0249 -0.0119
vn -0.9998 0.0205 0.0024
vn -0.2663 0.9637 0.0207
vn -0.3358 0.9418 -0.0169
vn -0.3330 0.9429 0.0088
vn -0.3983 -0.9173 -0.0068
vn -0.9999 0.0109 -0.0061
vn -0.9989 0.0465 0.0095
vn -0.9991 0.0416 -0.0000
vn -0.8224 -0.5688 -0.0074
vn -0.7129 -0.7012 0.0060
vn -0.5133 -0.8580 -0.0180
vn -0.9377 -0.3472 0.0123
vn -0.4047 -0.9144 -0.0079
vn 0.0092 -1.0000 0.0014
vn 0.2088 -0.9776 -0.0263
vn 0.4104 -0.9118 -0.0093
vn 0.7591 -0.4657 0.4549
vn 0.6196 0.2853 0.7312
vn 0.9783 -0.0133 0.2067
vn 0.7184 -0.0962 0.6889
vn 0.6442 -0.2902 0.7077
vn 0.7522 -0.6589 0.0006
vn 0.5784 -0.8157 -0.0019
vn -0.9766 0.2147 0.0134
vn -0.9639 0.2663 -0.0006
vn -0.9753 0.2210 -0.0021
vn -0.9797 0.1997 0.0147
vn -0.9780 0.2085 -0.0019
vn -0.9629 -0.2697 -0.0075
vn -0.9736 -0.2279 0.0085
vn -0.9768 -0.2114 0.0332
vn -0.9905 -0.1376 0.0041
vn -0.9921 0.1254 0.0089
vn -0.6532 0.1714 0.7375
vn -0.0539 -0.9985 -0.0057
vn -0.2291 -0.9734 0.0003
vn -0.7571 -0.3759 0.5343
vn -0.9857 -0.1668 -0.0255
vn -0.9844 -0.1755 0.0077
vn -0.9936 -0.1127 0.0052
vn -0.9517 -0.3069 -0.0050
vn -0.3723 -0.0262 0.9277
vn -0.8150 -0.5794 0.0034
vn -0.6505 -0.7595 0.0038
vn -0.6486 -0.7611 -0.0090
vn -0.6134 -0.7897 0.0126
vn -0.3065 -0.9418 -0.1379
vn -0.2103 -0.4807 0.8513
vn -0.1314 -0.9913 -0.0036
vn -0.1789 -0.9838 -0.0085
vn -0.1781 -0.9835 -0.0321
vn -0.7572 -0.6531 0.0089
vn -0.9751 -0.2215 0.0091
vn -0.9593 -0.2821 0.0085
vn -0.9767 -0.2139 0.0184
vn -0.7058 0.3642 0.6076
vn -0.7076 0.7066 0.0095
vn -0.7214 0.6920 -0.0265
vn -0.7064 0.7077 0.0048
vn -0.2217 0.3273 0.9186
vn -0.0703 0.9975 0.0057
vn -0.0691 0.9975 0.0174
vn -0.0250 0.9997 0.0013
vn 0.0589 0.9980 0.0241
vn 0.0714 0.9969 -0.0330
vn 0.0622 0.9980 0.0151
vn 0.6900 0.7238 -0.0021
vn 0.6842 0.7283 0.0377
vn 0.6897 0.7241 -0.0013
vn 0.4519 0.3951 0.7998
vn 0.3500 0.6186 0.7034
vn 0.8086 0.5884 -0.0019
vn 0.6419 0.3730 0.6700
vn 0.8535 -0.3178 0.4129
vn -0.7165 0.5294 0.4543
vn -0.9989 0.0456 0.0060
vn 0.6375 -0.6160 0.4627
vn 0.0480 0.9988 -0.0018
vn 0.1139 0.9933 0.0209
vn -0.2187 0.6119 0.7601
vn 0.1708 0.8874 0.4282
vn 0.2838 0.9589 0.0062
vn 0.3949 0.9186 0.0170
vn 0.4377 0.8982 -0.0402
vn 0.4069 0.9134 0.0035
vn -0.2260 0.8000 0.5558
vn 0.5869 -0.4476 0.6747
vn 0.7312 0.3798 0.5666
vn -0.0584 0.3288 0.9426
vn -0.0494 0.0161 0.9986
vn -0.0541 0.0160 0.9984
vn -0.0258 -0.0013 0.9997
vn -0.0321 0.0131 0.9994
vn -0.0254 0.0020 0.9997
vn -0.0178 -0.0130 0.9998
vn -0.0194 -0.0023 0.9998
vn 0.8896 -0.3695 0.2686
vn 0.8415 -0.4661 0.2734
vn 0.9341 -0.2798 0.2218
vn -0.0068 0.0837 0.9965
vn 0.0243 0.5962 0.8024
vn -0.0977 0.7721 0.6280
vn 0.9368 -0.2473 0.2474
vn 0.9300 -0.2631 0.2565
vn 0.9371 -0.2396 0.2540
vn 0.9692 0.0501 0.2410
vn 0.7771 -0.5567 0.2938
vn 0.7296 -0.6293 0.2679
vn 0.5285 -0.6646 0.5283
vn 0.6003 -0.7530 0.2696
vn 0.6882 -0.4501 0.5690
vn -0.0205 0.0217 0.9996
vn -0.0159 0.0132 0.9998
vn -0.0244 0.0153 0.9996
vn -0.0236 0.0284 0.9993
vn -0.0307 0.0318 0.9990
vn -0.0238 0.0285 0.9993
vn 0.2535 -0.4966 0.8301
vn 0.1799 -0.6448 0.7429
vn 0.0792 -0.4472 0.8909
vn 0.1556 -0.7609 0.6299
vn 0.2005 -0.6423 0.7398
vn 0.0008 0.0648 0.9979
vn -0.0071 0.0570 0.9984
vn -0.0059 0.0728 0.9973
vn -0.0294 -0.7469 0.6643
vn 0.6024 -0.7980 -0.0165
vn 0.5598 -0.8278 -0.0364
vn 0.5974 -0.8014 -0.0296
vn 0.9260 -0.2195 0.3072
vn -0.0327 -0.9269 0.3739
vn -0.0371 -0.0090 0.9993
vn -0.0414 -0.0374 0.9984
vn -0.0274 -0.0188 0.9994
vn 0.4991 0.4578 0.7357
vn 0.1870 0.9823 -0.0057
vn 0.2466 0.9689 -0.0214
vn 0.1832 0.9829 -0.0178
vn 0.0309 -0.0010 0.9995
vn -0.0021 -0.0274 0.9996
vn 0.0398 0.3622 0.9313
vn 0.0037 -0.0162 0.9999
vn 0.1633 0.8316 0.5309
vn -0.0316 0.2139 0.9763
vn 0.3617 0.4623 0.8096
vn 0.1175 0.0869 0.9893
vn 0.1388 0.0772 0.9873
vn 0.1482 0.0816 0.9856
vn -0.0434 -0.0163 0.9989
vn -0.0569 -0.0080 0.9983
vn -0.0663 -0.0192 0.9976
vn -0.0180 -0.0387 0.9991
vn -0.0196 -0.0306 0.9993
vn -0.0261 -0.0552 0.9981
vn 0.0288 -0.9995 -0.0086
vn 0.6991 -0.6522 0.2930
vn 0.9052 0.3307 0.2670
vn 0.9220 0.3352 0.1938
vn 0.9243 0.2346 0.3009
vn 0.8426 0.4483 0.2984
vn 0.8702 0.4272 0.2455
vn 0.9419 0.1861 0.2795
vn 0.9393 0.1755 0.2948
vn 0.9480 0.1522 0.2795
vn 0.8001 0.5612 0.2120
vn 0.7755 0.5780 0.2541
vn 0.6644 0.7096 0.2347
vn 0.6754 0.6682 0.3120
vn 0.8763 0.4273 0.2226
vn 0.9099 0.3461 0.2286
vn 0.9531 0.1964 0.2302
vn 0.9567 0.1787 0.2299
vn 0.9611 0.1940 0.1964
vn 0.9716 0.1465 0.1857
vn 0.5017 -0.8559 0.1254
vn 0.3689 -0.3704 0.8525
vn 0.0243 -0.9997 0.0097
vn 0.0253 -0.9995 0.0195
vn 0.0289 -0.9996 0.0071
vn 0.0224 -0.9996 0.0159
vn 0.0257 -0.9996 0.0091
vn 0.0257 -0.9996 0.0088
vn 0.4099 -0.6458 0.6441
vn 0.6534 -0.7235 0.2226
vn 0.1517 0.2987 0.9422
vn 0.0112 -0.0236 0.9997
vn 0.0402 -0.0762 0.9963
vn 0.0202 -0.0244 0.9995
vn -0.0057 -0.0086 0.9999
vn 0.0020 -0.0072 1.0000
vn -0.0042 -0.0065 1.0000
vn 0.0785 -0.0027 0.9969
vn 0.0731 0.0028 0.9973
vn 0.0777 0.0005 0.9970
vn 0.0072 0.0177 0.9998
vn 0.0124 0.0211 0.9997
vn 0.0055 0.0136 0.9999
vn -0.0000 0.0231 0.9997
vn 0.0028 0.0157 0.9999
vn 0.0045 0.0177 0.9998
vn -0.0058 0.0296 0.9995
vn -0.0077 0.0212 0.9997
vn -0.0097 0.0213 0.9997
vn -0.0725 -0.0261 0.9970
vn -0.0895 -0.0138 0.9959
vn -0.0814 -0.0073 0.9967
vn 0.3658 0.5648 0.7398
vn 0.4988 0.8391 0.2171
vn 0.0266 0.0441 0.9987
vn -0.0156 -0.0141 0.9998
vn -0.0221 -0.0091 0.9997
vn -0.0217 -0.0088 0.9997
vn 0.3391 0.9113 0.2334
vn -0.0012 -0.0164 0.9999
vn -0.0012 -0.0163 0.9999
vn -0.0010 -0.0167 0.9999
vn -0.0009 -0.0095 1.0000
vn 0.0011 -0.0175 0.9998
vn -0.0069 -0.0201 0.9998
vn 0.0102 -0.0307 0.9995
vn 0.0099 -0.0300 0.9995
vn 0.0025 -0.0266 0.9996
vn 0.1961 0.5183 0.8324
vn 0.1740 0.8162 0.5509
vn 0.4541 0.7299 0.5110
vn -0.0044 -0.0266 0.9996
vn -0.0010 -0.0338 0.9994
vn -0.0009 -0.0337 0.9994
vn 0.0428 0.8392 0.5422
vn 0.0734 0.8249 0.5604
vn 0.0642 0.8423 0.5352
vn 0.2121 0.8772 0.4307
vn 0.0975 0.9166 0.3878
vn 0.3865 0.7904 0.4753
vn 0.5239 0.4610 0.7163
vn 0.4754 0.5841 0.6579
vn 0.6313 0.6627 0.4027
vn 0.7209 0.4371 0.5378
vn 0.7297 0.5179 0.4463
vn 0.6590 0.6349 0.4033
vn 0.7605 0.4945 0.4208
vn 0.5265 0.7515 0.3975
vn 0.4874 0.7880 0.3760
vn 0.6188 0.6696 0.4107
vn 0.5813 0.7171 0.3846
vn 0.3495 0.8504 0.3934
vn 0.3568 0.8500 0.3876
vn 0.3214 0.8651 0.3850
vn 0.4120 0.8399 0.3533
vn 0.2470 0.9028 0.3521
vn 0.1007 0.9290 0.3560
vn 0.2515 0.8857 0.3903
vn -0.0244 0.8845 0.4658
vn -0.0165 0.9343 0.3561
vn -0.0778 0.9277 0.3651
vn 0.1254 0.9261 0.3559
vn 0.0024 0.9258 0.3781
vn 0.2041 0.8977 0.3903
vn 0.3209 0.8874 0.3310
vn 0.2957 0.9042 0.3081
vn 0.3343 0.8975 0.2877
vn 0.3638 0.8633 0.3497
vn 0.6841 0.5899 0.4290
vn 0.7858 0.4195 0.4544
vn 0.6781 0.6309 0.3770
vn 0.7683 0.5270 0.3634
vn 0.7526 0.5376 0.3802
vn 0.7449 0.5544 0.3712
vn 0.7615 0.5259 0.3788
vn 0.7144 0.5216 0.4664
vn 0.7525 0.5040 0.4240
vn 0.7420 0.4943 0.4528
vn 0.8136 0.4548 0.3624
vn 0.7894 0.4592 0.4074
vn 0.8416 0.3612 0.4016
vn 0.8088 0.4538 0.3740
vn 0.8216 0.4238 0.3814
vn 0.8034 0.4326 0.4090
vn 0.8489 0.3689 0.3786
vn 0.7439 0.5553 0.3717
vn 0.8113 0.4383 0.3870
vn 0.8637 0.3157 0.3928
vn 0.8792 0.3212 0.3518
vn 0.8604 0.3253 0.3922
vn 0.8632 0.3493 0.3644
vn 0.7851 0.4890 0.3801
vn 0.8479 0.3843 0.3653
vn 0.8536 0.3783 0.3583
vn 0.8565 0.3533 0.3762
vn 0.8244 0.4155 0.3842
vn 0.8934 0.2610 0.3656
vn 0.8682 0.3072 0.3898
vn 0.8338 0.3864 0.3944
vn 0.7752 0.5071 0.3766
vn 0.7611 0.5107 0.3999
vn 0.8742 0.2820 0.3952
vn 0.9037 0.2057 0.3755
vn 0.8847 0.2255 0.4080
vn 0.9025 0.1393 0.4077
vn 0.9046 0.1629 0.3938
vn 0.9168 0.1312 0.3772
vn 0.8875 0.2224 0.4036
vn 0.8967 0.0888 0.4336
vn 0.9503 0.1569 0.2689
vn 0.9537 0.1376 0.2676
vn 0.9522 0.1298 0.2765
vn 0.9208 0.0146 0.3898
vn 0.9299 -0.0620 0.3625
vn 0.8913 -0.0305 0.4524
vn 0.8932 0.0625 0.4452
vn 0.8345 0.3533 0.4228
vn 0.7894 0.4675 0.3977
vn 0.7415 0.5603 0.3691
vn 0.7371 0.5405 0.4056
vn 0.8034 0.4334 0.4083
vn 0.7404 0.5279 0.4161
vn 0.8499 0.2915 0.4390
vn 0.8976 0.1620 0.4100
vn 0.9200 0.0604 0.3871
vn 0.9152 -0.1066 0.3887
vn 0.9039 -0.1536 0.3991
vn 0.9142 0.0422 0.4030
vn 0.9176 0.0193 0.3970
vn 0.9186 0.0209 0.3946
vn 0.9237 -0.0049 0.3831
vn 0.9209 -0.0276 0.3887
vn 0.9207 -0.0357 0.3886
vn 0.9115 -0.1068 0.3971
vn 0.9137 -0.1667 0.3707
vn 0.8884 -0.1013 0.4478
vn 0.8926 0.0291 0.4499
vn 0.8822 0.1131 0.4570
vn 0.8612 0.2171 0.4595
vn 0.8802 -0.1927 0.4337
vn 0.9373 -0.0609 0.3432
vn 0.9384 0.1007 0.3304
vn 0.9611 -0.1528 0.2300
vn 0.9862 -0.1653 -0.0106
vn 0.9995 0.0130 -0.0292
vn 0.9993 0.0307 -0.0235
vn 0.9992 0.0309 -0.0263
vn 0.9811 0.1932 -0.0086
vn 0.9874 0.1581 -0.0052
vn 0.9892 0.1449 0.0236
vn 0.8522 0.5233 -0.0036
vn 0.9604 0.2634 0.0909
vn 0.9730 0.2307 -0.0037
vn 0.9810 0.1935 -0.0118
vn 0.9796 0.2006 -0.0151
vn 0.9177 0.2137 0.3348
vn 0.9457 0.3251 0.0066
vn 0.9331 0.3593 0.0174
vn 0.9192 0.3932 -0.0225
vn 0.8609 0.5073 -0.0370
vn 0.8168 0.5758 0.0357
vn 0.9346 0.3557 0.0092
vn 0.9526 0.3038 -0.0159
vn 0.9966 0.0806 0.0167
vn 0.9862 0.1632 -0.0290
vn 0.7335 0.6774 -0.0554
vn 0.9105 0.3820 0.1582
vn 0.6659 0.7442 -0.0526
vn 0.7674 0.6400 -0.0383
vn 0.7746 0.6318 -0.0275
vn 0.7420 0.6704 -0.0074
vn 0.8076 0.5890 -0.0298
vn 0.8206 0.5713 -0.0143
vn 0.8310 0.5560 0.0161
vn 0.7070 0.7048 -0.0587
vn 0.5824 0.8124 -0.0307
vn 0.7069 0.7051 0.0559
vn 0.6015 0.7982 0.0314
vn 0.5193 0.8545 -0.0102
vn 0.2668 0.9637 0.0104
vn 0.4447 0.8905 -0.0968
vn 0.4175 0.9067 0.0598
vn 0.5040 0.8637 -0.0110
vn 0.5879 0.8054 -0.0752
vn 0.4592 0.8805 0.1174
vn 0.6957 0.7001 0.1609
vn 0.7391 0.5970 0.3121
vn 0.7534 0.5839 0.3025
vn 0.6664 0.5974 0.4461
vn 0.6322 0.6799 0.3716
vn 0.5817 0.7609 0.2876
vn 0.7459 0.5021 0.4377
vn 0.8440 0.5316 0.0714
vn 0.7586 0.4096 0.5067
vn 0.8424 0.4482 0.2991
vn 0.9212 0.3734 0.1090
vn 0.8428 0.3636 0.3969
vn 0.8151 0.2802 0.5071
vn 0.8273 0.3270 0.4568
vn 0.9483 0.1764 0.2638
vn 0.9996 0.0039 -0.0279
vn 0.9995 0.0118 -0.0290
vn 0.9996 -0.0038 -0.0264
vn 0.9991 -0.0182 -0.0390
vn 0.9988 -0.0250 -0.0428
vn 0.9989 -0.0287 -0.0360
vn -0.3232 -0.5337 0.7815
vn -0.1647 -0.6081 0.7766
vn -0.1811 -0.9623 0.2031
vn -0.1166 -0.5125 0.8507
vn 0.0584 0.0023 0.9983
vn -0.3796 -0.6490 0.6593
vn 0.0522 0.0207 0.9984
vn 0.0517 0.0021 0.9987
vn 0.0580 0.0162 0.9982
vn -0.5407 -0.4914 0.6828
vn 0.0342 0.0195 0.9992
vn -0.6003 -0.3378 0.7250
vn -0.5684 -0.4916 0.6597
vn 0.0479 -0.0166 0.9987
vn 0.0489 -0.0164 0.9987
vn 0.0415 -0.0168 0.9990
vn -0.5573 -0.1656 0.8137
vn -0.1237 0.7204 0.6825
vn -0.6364 -0.7414 0.2129
vn -0.7536 -0.6216 0.2136
vn -0.5359 -0.8119 0.2316
vn -0.5788 -0.7834 0.2267
vn -0.5698 -0.7914 0.2214
vn -0.3450 -0.9140 0.2135
vn -0.4527 -0.7687 0.4518
vn 0.0246 -0.9805 0.1950
vn -0.0806 -0.8540 0.5140
vn -0.2267 -0.9605 0.1613
vn 0.0177 0.0101 0.9998
vn 0.0161 0.0109 0.9998
vn 0.0268 0.0072 0.9996
vn -0.3207 -0.9339 0.1581
vn -0.3374 -0.9282 0.1567
vn -0.3613 -0.9187 0.1594
vn -0.4287 -0.3647 0.8265
vn -0.4938 -0.4767 0.7273
vn -0.3314 -0.2990 0.8948
vn 0.0084 -0.0124 0.9999
vn 0.0049 -0.0194 0.9998
vn 0.0047 -0.0191 0.9998
vn 0.0072 -0.0099 0.9999
vn 0.0045 -0.0209 0.9998
vn 0.0065 -0.0199 0.9998
vn -0.0152 -0.0101 0.9998
vn -0.0209 -0.0143 0.9997
vn -0.0148 -0.0098 0.9998
vn 0.0051 -0.0203 0.9998
vn 0.0077 -0.0087 0.9999
vn 0.0051 -0.0190 0.9998
vn 0.0079 -0.0167 0.9998
vn 0.0126 -0.0096 0.9999
vn 0.0091 -0.0150 0.9998
vn -0.7134 0.0443 0.6994
vn -0.6807 0.4923 0.5425
vn -0.6888 0.6002 0.4065
vn -0.8958 -0.3816 0.2281
vn -0.7332 -0.4322 0.5251
vn -0.4880 -0.3108 0.8157
vn -0.8117 -0.2943 0.5045
vn -0.7862 0.5989 0.1521
vn -0.7864 0.5545 0.2724
vn -0.6755 0.5964 0.4336
vn -0.5674 0.5066 0.6492
vn -0.8083 -0.4745 0.3485
vn -0.5335 -0.8151 0.2260
vn -0.6029 -0.7537 0.2616
vn -0.2775 0.6034 0.7476
vn -0.4271 -0.6628 0.6150
vn -0.7776 -0.5875 0.2240
vn -0.4218 -0.2836 0.8612
vn -0.3395 0.2704 0.9009
vn -0.0134 -0.0130 0.9998
vn -0.0133 -0.0125 0.9998
vn -0.0135 -0.0141 0.9998
vn -0.0056 -0.0138 0.9999
vn -0.0023 -0.0064 1.0000
vn -0.0022 -0.0065 1.0000
vn 0.0338 -0.0199 0.9992
vn 0.0161 -0.0028 0.9999
vn 0.0337 -0.0202 0.9992
vn -0.6220 -0.2486 0.7425
vn 0.0053 0.0150 0.9999
vn -0.0006 0.0181 0.9998
vn 0.0058 0.0148 0.9999
vn 0.0120 -0.0103 0.9999
vn -0.0142 0.0095 0.9999
vn -0.0171 0.0167 0.9997
vn -0.0064 0.0116 0.9999
vn -0.0233 -0.0075 0.9997
vn -0.0256 -0.0018 0.9997
vn -0.0177 -0.0111 0.9998
vn -0.0148 0.0088 0.9999
vn 0.5042 -0.8301 0.2384
vn 0.3632 -0.9006 0.2390
vn 0.4883 -0.8336 0.2584
vn 0.5108 -0.8169 0.2679
vn 0.4973 -0.8246 0.2695
vn 0.5815 -0.5807 0.5697
vn 0.5538 -0.7974 0.2397
vn -0.0129 -0.0034 0.9999
vn -0.0076 -0.0146 0.9999
vn -0.0222 -0.0101 0.9997
vn -0.0056 -0.0038 1.0000
vn -0.0035 -0.0246 0.9997
vn -0.0083 -0.0192 0.9998
vn -0.0086 -0.0191 0.9998
vn 0.0044 -0.0242 0.9997
vn 0.0048 -0.0167 0.9998
vn 0.0035 -0.0242 0.9997
vn 0.0041 -0.0214 0.9998
vn 0.0146 -0.0238 0.9996
vn 0.0069 -0.0230 0.9997
vn 0.3222 -0.7414 0.5887
vn 0.2337 -0.9482 0.2152
vn -0.0265 -0.0299 0.9992
vn 0.1437 -0.7667 0.6257
vn -0.0158 0.0137 0.9998
vn -0.0038 0.0161 0.9999
vn -0.0083 0.0088 0.9999
vn -0.0186 0.0176 0.9997
vn -0.0186 0.0177 0.9997
vn -0.0176 0.0185 0.9997
vn 0.0220 -0.9468 0.3210
vn 0.0038 -0.8171 0.5764
vn -0.0894 -0.9093 0.4064
vn 0.0914 -0.9192 0.3830
vn -0.1241 -0.9180 0.3767
vn 0.1542 -0.9187 0.3635
vn 0.0313 -0.8885 0.4577
vn 0.0284 -0.8817 0.4710
vn 0.0695 -0.8789 0.4719
vn -0.0922 -0.9223 0.3754
vn -0.0255 -0.9351 0.3534
vn 0.1434 -0.9131 0.3817
vn 0.1553 -0.9141 0.3746
vn 0.0677 -0.9101 0.4089
vn 0.0575 -0.9048 0.4218
vn 0.0618 -0.9619 0.2663
vn 0.0259 -0.9619 0.2720
vn 0.0379 -0.9612 0.2731
vn -0.1405 -0.9057 0.3999
vn 0.0096 -0.9077 0.4195
vn 0.0368 -0.9351 0.3525
vn 0.0395 -0.9425 0.3318
vn -0.0137 -0.9504 0.3108
vn 0.0272 -0.9482 0.3165
vn -0.0905 -0.9107 0.4030
vn -0.0454 -0.9162 0.3981
vn 0.1025 -0.9090 0.4039
vn -0.0107 -0.9398 0.3415
vn -0.0204 -0.9213 0.3883
vn -0.0269 -0.9345 0.3549
vn 0.0836 -0.9279 0.3634
vn 0.0738 -0.9237 0.3761
vn -0.0987 -0.9214 0.3759
vn -0.0120 -0.9165 0.3998
vn 0.1450 -0.9236 0.3549
vn 0.1961 -0.8981 0.3936
vn 0.2296 -0.8960 0.3801
vn 0.1735 -0.9180 0.3566
vn 0.1994 -0.9121 0.3582
vn 0.1811 -0.9031 0.3893
vn 0.1224 -0.9066 0.4039
vn 0.1776 -0.9012 0.3953
vn 0.0302 -0.9336 0.3570
vn 0.0652 -0.9358 0.3465
vn 0.0574 -0.9423 0.3298
vn 0.1834 -0.8610 0.4743
vn 0.2565 -0.8898 0.3774
vn 0.2363 -0.8965 0.3749
vn 0.2412 -0.8849 0.3984
vn 0.1504 -0.9049 0.3981
vn 0.3210 -0.8637 0.3885
vn 0.3868 -0.8373 0.3864
vn 0.3006 -0.8917 0.3383
vn 0.3142 -0.8888 0.3336
vn 0.3174 -0.8758 0.3636
vn 0.3471 -0.8534 0.3887
vn 0.3310 -0.8537 0.4021
vn 0.3439 -0.8223 0.4534
vn 0.1314 -0.8098 0.5718
vn 0.2207 -0.6982 0.6810
vn 0.0549 -0.7640 0.6429
vn 0.1322 0.7488 0.6494
vn 0.1509 0.9682 0.1994
vn -0.0262 0.9787 0.2034
vn -0.0658 0.8134 0.5780
vn -0.0154 -0.0569 0.9983
vn -0.0258 -0.0469 0.9986
vn -0.0223 -0.0540 0.9983
vn -0.0241 -0.0113 0.9996
vn -0.1290 0.4230 0.8969
vn -0.1220 -0.0950 0.9880
vn -0.3828 0.5216 0.7625
vn -0.5559 0.4240 0.7150
vn 0.0768 -0.0090 0.9970
vn 0.0549 -0.0135 0.9984
vn 0.0403 -0.0188 0.9990
vn 0.0819 0.0052 0.9966
vn 0.0717 0.0200 0.9972
vn 0.0713 0.0036 0.9975
vn -0.6552 0.2376 0.7172
vn -0.3746 -0.3392 0.8629
vn -0.5761 -0.4572 0.6775
vn -0.9141 0.2895 0.2839
vn -0.8738 0.3925 0.2870
vn -0.8401 0.4670 0.2758
vn -0.6368 0.2632 0.7248
vn -0.7630 0.5932 0.2568
vn -0.5730 0.5870 0.5719
vn -0.5631 0.7863 0.2543
vn -0.5219 0.8238 0.2215
vn -0.1811 0.9607 0.2102
vn -0.1744 0.9627 0.2070
vn -0.2097 0.9516 0.2245
vn -0.1119 0.9724 0.2046
vn 0.0293 -0.0400 0.9988
vn 0.0359 -0.0208 0.9991
vn 0.0453 -0.0317 0.9985
vn 0.0422 -0.0294 0.9987
vn 0.0194 -0.0253 0.9995
vn 0.0105 -0.0247 0.9996
vn -0.0246 0.0012 0.9997
vn -0.0323 0.0001 0.9995
vn -0.0572 0.4873 0.8713
vn 0.0179 0.7262 0.6873
vn -0.0071 0.6045 0.7966
vn -0.1957 0.8250 0.5302
vn -0.1466 0.9064 0.3962
vn -0.2172 0.9095 0.3546
vn -0.2223 0.7380 0.6371
vn -0.0054 0.0082 1.0000
vn -0.0047 0.0083 1.0000
vn -0.0044 0.0083 1.0000
vn 0.0019 0.0530 0.9986
vn 0.0002 0.0536 0.9986
vn -0.0015 0.0532 0.9986
vn -0.0124 0.0111 0.9999
vn -0.0116 0.0106 0.9999
vn -0.0119 0.0108 0.9999
vn -0.0220 0.0164 0.9996
vn -0.0261 0.0123 0.9996
vn -0.0197 0.0054 0.9998
vn -0.0486 0.0702 0.9964
vn -0.0451 0.0707 0.9965
vn -0.0554 0.0798 0.9953
vn -0.5292 0.6156 0.5839
vn -0.4926 0.5282 0.6917
vn -0.4295 0.7010 0.5693
vn -0.4829 0.7426 0.4641
vn -0.3498 0.7802 0.5186
vn -0.6110 0.4998 0.6138
vn -0.6436 0.6574 0.3920
vn -0.5815 0.7032 0.4090
vn -0.3178 0.8888 0.3302
vn -0.3914 0.8286 0.4003
vn -0.3326 0.8603 0.3864
vn -0.4855 0.7848 0.3853
vn -0.6653 0.6238 0.4102
vn -0.5856 0.7047 0.4006
vn -0.6528 0.4121 0.6357
vn -0.4719 0.3389 0.8139
vn -0.7291 0.3159 0.6071
vn -0.8260 0.4142 0.3823
vn -0.7636 0.5078 0.3988
vn -0.7519 0.5263 0.3970
vn -0.7499 0.5450 0.3750
vn -0.7426 0.5161 0.4270
vn -0.7562 0.4921 0.4313
vn -0.7220 0.5718 0.3896
vn -0.7116 0.5932 0.3765
vn -0.6978 0.5827 0.4165
vn -0.7599 0.5213 0.3884
vn -0.8091 0.4385 0.3914
vn -0.8694 0.2616 0.4192
vn -0.5000 0.1826 0.8465
vn -0.8467 0.3316 0.4162
vn -0.8844 0.2217 0.4107
vn -0.8347 0.3558 0.4203
vn -0.8296 0.4043 0.3851
vn -0.8390 0.3902 0.3792
vn -0.8399 0.3797 0.3878
vn -0.7878 0.4761 0.3907
vn -0.7749 0.5059 0.3789
vn -0.8257 0.4169 0.3801
vn -0.7592 0.5128 0.4008
vn -0.8395 0.3553 0.4112
vn -0.7934 0.4380 0.4227
vn -0.7261 0.5487 0.4144
vn -0.7839 0.4744 0.4006
vn -0.7519 0.5299 0.3923
vn -0.6494 0.6511 0.3928
vn -0.6549 0.6433 0.3964
vn -0.5615 0.7273 0.3946
vn -0.4856 0.7815 0.3917
vn -0.7112 0.5909 0.3808
vn -0.6209 0.6919 0.3685
vn -0.5007 0.7735 0.3886
vn -0.4194 0.8174 0.3950
vn -0.4196 0.8125 0.4048
vn -0.4432 0.8254 0.3497
vn -0.4437 0.8279 0.3431
vn -0.4102 0.8425 0.3492
vn -0.3441 0.8583 0.3807
vn -0.2989 0.8758 0.3790
vn -0.2137 0.8608 0.4619
vn -0.1388 0.9081 0.3951
vn -0.2144 0.9188 0.3314
vn -0.2244 0.9245 0.3083
vn -0.2039 0.9249 0.3209
vn -0.1896 0.8948 0.4042
vn -0.5014 0.7665 0.4013
vn -0.6331 0.6824 0.3655
vn -0.6942 0.6031 0.3929
vn -0.6898 0.5863 0.4247
vn -0.8053 0.4020 0.4358
vn -0.8349 0.3666 0.4105
vn -0.7481 0.5023 0.4337
vn -0.7639 0.3696 0.5291
vn -0.6917 0.5101 0.5112
vn -0.8070 0.5278 0.2651
vn -0.6936 0.5934 0.4084
vn -0.7776 0.5524 0.3002
vn -0.6999 0.7121 -0.0549
vn -0.7271 0.6864 0.0150
vn -0.8704 0.4896 -0.0529
vn -0.5937 0.8007 -0.0803
vn -0.7353 0.6019 0.3115
vn -0.7339 0.5271 0.4284
vn -0.7320 0.5293 0.4289
vn -0.7437 0.5186 0.4219
vn -0.6657 0.5965 0.4485
vn -0.6898 0.6159 0.3805
vn -0.6415 0.6503 0.4070
vn -0.6244 0.6694 0.4026
vn -0.6389 0.6612 0.3932
vn -0.5749 0.7210 0.3869
vn -0.6389 0.6263 0.4468
vn -0.5719 0.7212 0.3909
vn -0.5760 0.6937 0.4325
vn -0.5684 0.7094 0.4167
vn -0.5684 0.7003 0.4320
vn -0.5818 0.7133 0.3907
vn -0.5007 0.7786 0.3783
vn -0.5420 0.7483 0.3823
vn -0.5648 0.7072 0.4253
vn -0.5800 0.6902 0.4326
vn -0.5654 0.7069 0.4249
vn -0.5803 0.6635 0.4722
vn -0.6309 0.7204 0.2881
vn -0.5436 0.7915 0.2793
vn -0.5528 0.6952 0.4595
vn -0.5635 0.6891 0.4557
vn -0.5707 0.6799 0.4605
vn -0.4859 0.7533 0.4432
vn -0.5681 0.7770 0.2713
vn -0.5391 0.7278 0.4238
vn -0.5560 0.7284 0.4003
vn -0.5570 0.7228 0.4091
vn -0.4152 0.8083 0.4175
vn -0.3036 0.8617 0.4065
vn -0.3767 0.8391 0.3925
vn -0.3669 0.8416 0.3964
vn -0.3647 0.8471 0.3866
vn -0.0918 0.9272 0.3632
vn -0.0544 0.9107 0.4094
vn -0.2288 0.8871 0.4009
vn -0.3259 0.8599 0.3929
vn -0.2580 0.8830 0.3921
vn -0.1856 0.8848 0.4275
vn -0.1641 0.8884 0.4286
vn -0.1770 0.8932 0.4132
vn -0.1414 0.9059 0.3992
vn -0.1113 0.9124 0.3938
vn -0.0081 0.9162 0.4006
vn -0.0353 0.9262 0.3754
vn -0.2220 0.8884 0.4017
vn -0.1200 0.9215 0.3695
vn -0.0651 0.9052 0.4199
vn -0.1521 0.8917 0.4264
vn -0.3363 0.8539 0.3972
vn -0.4002 0.8218 0.4056
vn -0.4603 0.7815 0.4211
vn -0.4575 0.8078 0.3715
vn -0.4358 0.8191 0.3731
vn -0.4388 0.8050 0.3993
vn -0.3677 0.8264 0.4266
vn -0.4357 0.7501 0.4975
vn -0.3226 0.8169 0.4782
vn -0.2775 0.8656 0.4168
vn -0.4182 0.8481 0.3253
vn -0.3324 0.8659 0.3738
vn -0.5135 0.7685 0.3817
vn -0.5159 0.8506 0.1018
vn -0.2362 0.9693 -0.0679
vn -0.4219 0.9013 0.0979
vn -0.3340 0.9205 0.2030
vn -0.1495 0.8715 0.4671
vn -0.0635 0.9778 0.1995
vn -0.0325 0.9116 0.4098
vn -0.0090 0.9059 0.4234
vn -0.0082 0.9067 0.4216
vn -0.0437 0.9077 0.4174
vn 0.0126 0.8910 0.4539
vn -0.2296 0.8292 0.5096
vn -0.1928 0.9101 0.3668
vn -0.1665 0.8653 0.4729
vn -0.1832 0.8640 0.4690
vn -0.1733 0.8775 0.4472
vn -0.3587 0.9326 -0.0402
vn -0.2404 0.9702 -0.0301
vn -0.2633 0.9513 -0.1601
vn -0.5214 0.8533 0.0078
vn -0.2516 0.9664 -0.0524
vn -0.6128 0.7903 0.0028
vn -0.5392 0.8413 0.0389
vn -0.5960 0.8025 -0.0267
vn 0.0776 0.9951 -0.0612
vn -0.6247 0.7797 -0.0423
vn -0.5558 0.8295 -0.0555
vn -0.2763 0.9606 -0.0301
vn -0.1738 0.9019 0.3955
vn -0.3164 0.9485 -0.0155
vn -0.2650 0.9642 0.0065
vn -0.2700 0.9628 0.0097
vn -0.2761 0.9611 0.0075
vn -0.2680 0.9623 0.0460
vn -0.2041 0.9784 0.0326
vn 0.0621 0.9860 0.1550
vn 0.0048 0.9982 -0.0592
vn -0.0135 0.9996 -0.0240
vn -0.0220 0.9986 -0.0474
vn -0.0132 0.9994 -0.0323
vn -0.1192 0.9927 -0.0173
vn -0.0977 0.9948 -0.0274
vn -0.0983 0.9948 -0.0285
vn -0.0206 0.9997 -0.0146
vn -0.0204 0.9997 -0.0157
vn -0.0283 0.9995 -0.0159
vn -0.0523 0.9986 -0.0061
vn -0.0683 0.9976 -0.0060
vn -0.0545 0.9984 -0.0136
vn -0.2870 0.9577 -0.0204
vn 0.6619 0.7435 0.0952
vn 0.0065 0.9438 0.3305
vn 0.7620 0.5553 0.3332
vn 0.7263 0.2018 0.6571
vn 0.8582 -0.0717 0.5083
vn 0.1909 0.1581 0.9688
vn 0.0880 0.9954 0.0386
vn 0.0731 0.9966 0.0381
vn 0.0812 0.9952 0.0547
vn 0.0266 0.9985 0.0471
vn 0.0305 0.9987 0.0413
vn 0.0139 0.9990 0.0415
vn 0.7574 -0.1754 0.6290
vn 0.0108 0.0177 0.9998
vn 0.0120 0.0169 0.9998
vn 0.0054 0.0129 0.9999
vn 0.0115 0.0119 0.9999
vn 0.0110 0.0108 0.9999
vn 0.0117 0.0128 0.9999
vn 0.0086 0.0098 0.9999
vn 0.0108 0.0100 0.9999
vn 0.0137 0.0090 0.9999
vn 0.4479 -0.1153 0.8866
vn 0.6347 -0.0096 0.7727
vn 0.6586 -0.1698 0.7331
vn 0.8816 -0.1393 0.4509
vn 0.8931 -0.0175 0.4495
vn 0.8695 -0.2564 0.4222
vn 0.8450 -0.2915 0.4483
vn 0.8364 -0.3190 0.4456
vn 0.8474 -0.2944 0.4419
vn 0.7975 -0.3572 0.4862
vn 0.7813 -0.3823 0.4934
vn 0.7867 -0.3761 0.4896
vn 0.6873 -0.4905 0.5358
vn 0.8793 -0.2790 0.3860
vn 0.8607 -0.3925 0.3243
vn 0.7889 -0.4851 0.3773
vn 0.7852 -0.3763 0.4918
vn 0.9113 -0.1510 0.3831
vn 0.8876 -0.2549 0.3836
vn 0.7961 -0.4635 0.3892
vn 0.8034 -0.4520 0.3876
vn 0.7884 -0.4737 0.3925
vn 0.7071 -0.5878 0.3930
vn 0.6937 -0.6082 0.3859
vn 0.8015 -0.4520 0.3916
vn 0.8589 -0.3232 0.3973
vn 0.8562 -0.3508 0.3793
vn 0.8511 -0.3477 0.3933
vn 0.9112 -0.1741 0.3734
vn 0.9106 0.0007 0.4133
vn 0.9123 -0.0965 0.3979
vn 0.8732 -0.3494 0.3398
vn 0.9015 -0.2081 0.3794
vn 0.8139 -0.4403 0.3792
vn 0.7986 -0.4612 0.3868
vn 0.8092 -0.4500 0.3778
vn 0.8038 -0.4580 0.3797
vn 0.8610 -0.2822 0.4231
vn 0.8662 -0.3053 0.3955
vn 0.8220 -0.3958 0.4095
vn 0.7846 -0.4774 0.3956
vn 0.8633 -0.3491 0.3645
vn 0.8555 -0.3632 0.3690
vn 0.8525 -0.3514 0.3868
vn 0.7784 -0.5028 0.3758
vn 0.8315 -0.3928 0.3928
vn 0.8636 -0.3102 0.3974
vn 0.8796 -0.2474 0.4064
vn 0.8980 -0.1291 0.4206
vn 0.8951 -0.2329 0.3802
vn 0.9235 -0.0693 0.3773
vn 0.9212 0.0750 0.3818
vn 0.9159 0.1141 0.3849
vn 0.9109 0.1864 0.3681
vn 0.8943 -0.0145 0.4473
vn 0.9051 0.0898 0.4155
vn 0.9061 0.0963 0.4120
vn 0.9009 0.2399 0.3618
vn 0.8447 0.0923 0.5272
vn 0.8242 0.2791 0.4927
vn 0.8322 0.0886 0.5473
vn 0.9263 0.0903 0.3658
vn 0.8001 0.2717 0.5347
vn 0.8894 0.2639 0.3733
vn 0.7892 0.3780 0.4841
vn 0.8548 0.2404 0.4600
vn 0.5452 0.3157 0.7766
vn 0.0123 0.0199 0.9997
vn 0.0186 0.0247 0.9995
vn 0.0053 0.0163 0.9999
vn -0.7011 0.6711 0.2410
vn -0.6723 0.7039 0.2292
vn -0.6725 0.7039 0.2287
vn -0.6908 0.6872 0.2250
vn -0.6808 0.6681 0.3001
vn -0.8261 0.5096 0.2405
vn -0.0114 0.0180 0.9998
vn -0.0117 0.0179 0.9998
vn -0.0044 0.0174 0.9998
vn -0.0124 0.0164 0.9998
vn -0.0118 0.0165 0.9998
vn -0.0053 0.0123 0.9999
vn -0.8087 0.1206 0.5757
vn -0.0073 0.0144 0.9999
vn -0.0079 0.0151 0.9999
vn -0.0092 0.0159 0.9998
vn -0.4716 0.8306 0.2961
vn -0.4099 0.8861 0.2163
vn -0.4009 0.8880 0.2251
vn -0.3777 0.9036 0.2024
vn -0.3860 0.8927 0.2326
vn -0.3623 0.9074 0.2130
vn -0.3628 0.9075 0.2117
vn -0.2685 0.9399 0.2108
vn -0.2781 0.9392 0.2015
vn -0.2778 0.9346 0.2219
vn -0.8590 0.1483 0.4900
vn -0.7589 0.0857 0.6455
vn -0.0118 0.0086 0.9999
vn 0.6211 -0.4954 0.6073
vn 0.6004 -0.5839 0.5464
vn 0.5042 -0.5908 0.6299
vn 0.3168 -0.4840 0.8157
vn 0.6432 -0.6821 0.3480
vn 0.5609 -0.7210 0.4069
vn 0.6249 -0.6691 0.4022
vn 0.5921 -0.6983 0.4022
vn 0.6915 -0.6166 0.3764
vn 0.6801 -0.6068 0.4115
vn 0.6779 -0.6179 0.3983
vn 0.4700 -0.7926 0.3885
vn 0.3555 -0.6077 0.7101
vn 0.4045 -0.8176 0.4097
vn 0.4727 -0.7689 0.4305
vn 0.4718 -0.7588 0.4490
vn 0.4848 -0.7569 0.4382
vn 0.0131 -0.0131 0.9998
vn 0.0200 -0.0164 0.9997
vn 0.0141 -0.0121 0.9998
vn -0.0086 -0.0115 0.9999
vn -0.1456 -0.7820 0.6060
vn -0.1572 -0.8335 0.5297
vn -0.2573 -0.8107 0.5259
vn -0.3569 -0.7789 0.5157
vn -0.3046 -0.8581 0.4134
vn -0.1815 -0.9005 0.3953
vn -0.2078 -0.8972 0.3896
vn -0.1750 -0.9084 0.3797
vn -0.2770 -0.8989 0.3395
vn -0.3379 -0.8380 0.4285
vn -0.2390 -0.8998 0.3650
vn -0.1671 -0.9124 0.3737
vn -0.0867 -0.9076 0.4109
vn -0.1069 -0.9089 0.4032
vn -0.1099 -0.9046 0.4119
vn -0.1491 -0.9111 0.3843
vn -0.1872 -0.9147 0.3582
vn -0.1986 -0.8940 0.4017
vn -0.3722 -0.8470 0.3796
vn -0.2390 -0.8909 0.3863
vn -0.2190 -0.8927 0.3939
vn -0.1649 -0.9000 0.4036
vn -0.0435 -0.9149 0.4013
vn -0.0995 -0.9041 0.4155
vn 0.0100 -0.9032 0.4292
vn -0.2141 -0.9004 0.3787
vn -0.0991 -0.8915 0.4422
vn -0.1280 -0.9065 0.4023
vn -0.0641 -0.9141 0.4005
vn -0.1345 -0.9083 0.3962
vn -0.2828 -0.8611 0.4226
vn -0.1197 -0.9012 0.4166
vn -0.1244 -0.8983 0.4213
vn -0.1541 -0.8981 0.4120
vn -0.3206 -0.8692 0.3765
vn -0.2876 -0.8680 0.4047
vn -0.2856 -0.8765 0.3876
vn -0.2762 -0.8801 0.3862
vn -0.3930 -0.8337 0.3880
vn -0.3635 -0.8461 0.3899
vn -0.4043 -0.8296 0.3852
vn -0.3525 -0.8533 0.3843
vn -0.3751 -0.8424 0.3868
vn -0.3659 -0.8443 0.3915
vn -0.4878 -0.7774 0.3970
vn -0.4388 -0.7993 0.4106
vn -0.4557 -0.8112 0.3664
vn -0.4736 -0.8006 0.3672
vn -0.4723 -0.8025 0.3645
vn -0.5272 -0.7618 0.3765
vn -0.5802 -0.7238 0.3735
vn -0.5711 -0.6815 0.4575
vn -0.4770 -0.8010 0.3619
vn -0.5074 -0.7339 0.4515
vn -0.3752 -0.8220 0.4283
vn -0.4585 -0.7210 0.5195
vn -0.4312 -0.6641 0.6108
vn -0.5324 -0.5980 0.5991
vn -0.6007 -0.4466 0.6631
vn -0.6524 -0.6377 0.4095
vn -0.7424 -0.5360 0.4019
vn -0.8220 -0.4049 0.4004
vn -0.7493 -0.3475 0.5637
vn -0.7810 -0.1339 0.6100
vn -0.8881 -0.2290 0.3986
vn -0.8637 -0.3009 0.4044
vn -0.7942 -0.4596 0.3976
vn -0.8974 -0.1317 0.4211
vn -0.9007 -0.1852 0.3929
vn -0.6828 -0.6166 0.3918
vn -0.6393 -0.7248 0.2568
vn -0.5242 -0.7458 0.4111
vn -0.4354 -0.8123 0.3882
vn -0.5803 -0.7111 0.3970
vn -0.4646 -0.8043 0.3705
vn -0.5658 -0.7198 0.4023
vn -0.6077 -0.6952 0.3839
vn -0.6893 -0.6152 0.3826
vn -0.7636 -0.5060 0.4011
vn -0.6499 -0.6500 0.3940
vn -0.7291 -0.5647 0.3867
vn -0.5300 -0.7601 0.3761
vn -0.4983 -0.7666 0.4050
vn -0.5265 -0.7543 0.3922
vn -0.6094 -0.6908 0.3891
vn -0.6962 -0.5979 0.3973
vn -0.6189 -0.6741 0.4033
vn -0.6120 -0.6940 0.3792
vn -0.6306 -0.6740 0.3849
vn -0.6783 -0.6250 0.3864
vn -0.4638 -0.7833 0.4140
vn -0.2963 -0.8486 0.4383
vn -0.3356 -0.8484 0.4094
vn -0.5645 -0.7185 0.4064
vn -0.6028 -0.6929 0.3957
vn -0.5481 -0.7422 0.3856
vn -0.6536 -0.6590 0.3722
vn -0.6461 -0.6486 0.4023
vn -0.6326 -0.6662 0.3950
vn -0.7183 -0.5719 0.3963
vn -0.5824 -0.6985 0.4158
vn -0.4600 -0.7905 0.4043
vn -0.3690 -0.8181 0.4411
vn -0.1832 -0.8762 0.4458
vn -0.1982 -0.8703 0.4509
vn -0.1818 -0.8832 0.4323
vn -0.4921 -0.7615 0.4219
vn -0.5458 -0.7225 0.4245
vn -0.3284 -0.8251 0.4597
vn -0.2639 -0.8530 0.4503
vn -0.1435 -0.8802 0.4525
vn -0.1058 -0.9562 0.2728
vn -0.1695 -0.8666 0.4694
vn -0.1657 -0.8594 0.4837
vn -0.1560 -0.8705 0.4667
vn -0.1550 -0.9196 0.3610
vn -0.0589 -0.9517 0.3013
vn -0.0456 -0.9098 0.4124
vn -0.0302 -0.8778 0.4781
vn -0.0457 -0.8761 0.4799
vn -0.0303 -0.8779 0.4779
vn -0.1203 -0.9897 0.0780
vn 0.0501 -0.9982 -0.0334
vn 0.0393 -0.9992 -0.0078
vn 0.0327 -0.9994 -0.0070
vn 0.0620 -0.9979 -0.0207
vn 0.0747 -0.9968 -0.0267
vn 0.0530 -0.9982 -0.0289
vn -0.2263 -0.9713 -0.0731
vn -0.2054 -0.9767 -0.0621
vn -0.1070 -0.9940 -0.0212
vn -0.2788 -0.9603 -0.0024
vn -0.2841 -0.9585 -0.0221
vn -0.2559 -0.9667 -0.0056
vn -0.2906 -0.9568 -0.0062
vn -0.3489 -0.9371 -0.0104
vn -0.0276 -0.9996 -0.0088
vn -0.0160 -0.9954 -0.0942
vn -0.2188 -0.9755 0.0229
vn -0.0412 -0.9991 0.0123
vn -0.2247 -0.8510 0.4746
vn -0.2367 -0.8433 0.4825
vn -0.2295 -0.8574 0.4606
vn -0.3043 -0.8896 0.3406
vn -0.4327 -0.7562 0.4909
vn -0.4457 -0.7865 0.4274
vn -0.4357 -0.7899 0.4315
vn -0.4485 -0.7794 0.4375
vn -0.2505 -0.9569 0.1472
vn -0.1671 -0.9835 -0.0701
vn -0.5303 -0.8477 -0.0105
vn -0.5384 -0.8420 -0.0349
vn -0.7396 -0.6677 0.0844
vn -0.4384 -0.8508 0.2896
vn -0.5197 -0.6997 0.4903
vn -0.3846 -0.8848 0.2629
vn -0.6234 -0.7236 0.2964
vn -0.6000 -0.7816 0.1706
vn -0.2367 -0.9707 -0.0424
vn -0.0491 -0.9908 -0.1258
vn 0.1998 -0.9793 -0.0337
vn -0.3576 -0.9054 -0.2290
vn -0.6492 -0.7391 -0.1797
vn -0.0999 -0.9910 -0.0894
vn -0.5304 -0.8441 -0.0790
vn -0.0102 -0.9993 -0.0364
vn 0.1858 -0.9825 -0.0147
vn -0.2793 -0.9602 0.0019
vn -0.7075 -0.7065 -0.0202
vn -0.6565 -0.7542 -0.0135
vn -0.5019 -0.8649 0.0052
vn -0.5461 -0.8377 -0.0096
vn -0.3906 -0.9203 -0.0193
vn -0.3226 -0.9457 -0.0397
vn -0.5091 -0.8565 0.0852
vn -0.2731 -0.9610 -0.0432
vn -0.8385 -0.5445 0.0195
vn -0.6131 -0.7158 0.3343
vn -0.7224 -0.6468 0.2445
vn -0.8283 -0.5599 0.0207
vn -0.7492 -0.5790 0.3215
vn -0.8761 -0.4817 -0.0224
vn -0.8828 -0.4695 -0.0149
vn -0.8818 -0.4713 -0.0185
vn -0.8093 -0.5873 -0.0133
vn -0.8612 -0.5081 -0.0140
vn -0.7054 -0.7087 -0.0126
vn -0.7730 -0.6322 -0.0541
vn -0.6046 -0.6424 0.4710
vn -0.7055 -0.5330 0.4670
vn -0.5639 -0.7550 0.3348
vn -0.7445 -0.6675 -0.0129
vn -0.5251 -0.8491 -0.0576
vn -0.6285 -0.6491 0.4286
vn -0.7046 -0.5730 0.4185
vn -0.6873 -0.6099 0.3944
vn -0.6815 -0.6020 0.4161
vn -0.6797 -0.6136 0.4019
vn -0.7222 -0.4909 0.4872
vn -0.6744 -0.5850 0.4504
vn -0.6863 -0.5762 0.4438
vn -0.7397 -0.5390 0.4029
vn -0.7453 -0.5542 0.3707
vn -0.7567 -0.5365 0.3737
vn -0.7457 -0.5431 0.3860
vn -0.7375 -0.5572 0.3816
vn -0.7992 -0.4540 0.3939
vn -0.7453 -0.5149 0.4237
vn -0.8042 -0.4980 0.3246
vn -0.7480 -0.6038 0.2757
vn -0.7072 -0.7052 -0.0507
vn -0.7835 -0.4079 0.4688
vn -0.8808 -0.4646 0.0919
vn -0.7919 -0.4288 0.4347
vn -0.7905 -0.4378 0.4283
vn -0.7864 -0.4350 0.4385
vn -0.8200 -0.3992 0.4102
vn -0.7750 -0.4725 0.4197
vn -0.8374 -0.4259 0.3425
vn -0.8314 -0.4243 0.3589
vn -0.8265 -0.4348 0.3575
vn -0.7820 -0.4227 0.4580
vn -0.8489 -0.3362 0.4078
vn -0.8037 -0.4011 0.4396
vn -0.8325 -0.3519 0.4279
vn -0.8164 -0.3438 0.4640
vn -0.9137 -0.3113 0.2611
vn -0.8833 -0.2875 0.3703
vn -0.7165 -0.6966 -0.0385
vn -0.6039 -0.7967 -0.0222
vn -0.6350 -0.7645 -0.1113
vn -0.5556 -0.8303 -0.0434
vn -0.7646 -0.6425 0.0510
vn -0.7852 -0.6176 0.0456
vn -0.9987 0.0057 0.0511
vn -0.9959 0.0850 -0.0324
vn -0.9950 -0.0479 -0.0876
vn -0.8818 0.3524 -0.3134
vn -0.9361 0.0235 -0.3509
vn -0.7924 -0.5623 -0.2365
vn -0.8433 -0.2596 0.4706
vn -0.8642 -0.2866 0.4136
vn -0.8541 -0.2774 0.4400
vn -0.8626 -0.2715 0.4269
vn -0.8488 -0.2992 0.4359
vn -0.8815 -0.2125 0.4216
vn -0.8724 -0.2729 0.4055
vn -0.9064 -0.1394 0.3987
vn -0.8640 -0.3007 0.4039
vn -0.8546 -0.3466 0.3866
vn -0.8467 -0.3671 0.3852
vn -0.8413 -0.3653 0.3984
vn -0.8777 -0.2853 0.3850
vn -0.8861 -0.2752 0.3729
vn -0.8589 -0.3461 0.3775
vn -0.8108 -0.4380 0.3882
vn -0.7700 -0.5061 0.3884
vn -0.8027 -0.4560 0.3844
vn -0.8518 -0.3574 0.3830
vn -0.8584 -0.3516 0.3736
vn -0.8341 -0.3941 0.3860
vn -0.8480 -0.3537 0.3948
vn -0.8479 -0.3538 0.3948
vn -0.8576 -0.3423 0.3839
vn -0.8887 -0.2349 0.3939
vn -0.8898 -0.2356 0.3907
vn -0.9003 -0.1834 0.3948
vn -0.9209 -0.1191 0.3713
vn -0.9000 0.0022 0.4359
vn -0.9031 -0.0828 0.4213
vn -0.9120 -0.0709 0.4040
vn -0.9196 0.0558 0.3890
vn -0.9184 -0.0177 0.3952
vn -0.9265 0.0017 0.3763
vn -0.9279 0.0003 0.3727
vn -0.9116 -0.1044 0.3976
vn -0.9108 -0.1373 0.3893
vn -0.9199 -0.1135 0.3755
vn -0.9166 -0.1082 0.3850
vn -0.8694 -0.2037 0.4502
vn -0.8790 -0.1926 0.4362
vn -0.8721 -0.1960 0.4485
vn -0.9304 -0.0081 0.3663
vn -0.9228 0.0159 0.3849
vn -0.9066 -0.0931 0.4116
vn -0.9187 -0.0000 0.3950
vn -0.9113 0.0938 0.4009
vn -0.8965 0.1936 0.3984
vn -0.9146 0.0981 0.3923
vn -0.9098 0.1536 0.3856
vn -0.9207 -0.0301 0.3892
vn -0.9144 0.0690 0.3990
vn -0.9249 0.1164 0.3620
vn -0.9236 0.1009 0.3697
vn -0.9231 0.0941 0.3729
vn -0.9085 0.1640 0.3843
vn -0.9291 0.0104 0.3697
vn -0.9290 0.0182 0.3696
vn -0.9267 -0.0136 0.3756
vn -0.8984 0.1202 0.4224
vn -0.8893 0.2483 0.3841
vn -0.8803 0.2718 0.3889
vn -0.8822 0.2845 0.3752
vn -0.8843 0.1326 0.4477
vn -0.7208 0.0353 0.6922
vn -0.8146 -0.0473 0.5780
vn -0.9412 -0.0257 0.3368
vn -0.9308 -0.0016 0.3655
vn -0.9368 0.0276 0.3489
vn 0.5012 -0.7775 0.3799
vn 0.5494 -0.7399 0.3882
vn 0.6382 -0.6624 0.3922
vn 0.7569 -0.5266 0.3871
vn 0.7168 -0.5740 0.3958
vn 0.7382 -0.5128 0.4382
vn 0.6873 -0.6004 0.4088
vn 0.7226 -0.5744 0.3846
vn 0.8723 -0.2866 0.3961
vn 0.8511 -0.3660 0.3764
vn 0.8063 -0.4402 0.3950
vn 0.7469 -0.5278 0.4045
vn 0.6889 -0.6054 0.3985
vn 0.6121 -0.6896 0.3870
vn 0.6460 -0.6475 0.4043
vn 0.6382 -0.6510 0.4110
vn 0.6407 -0.6613 0.3901
vn 0.5695 -0.7225 0.3920
vn 0.9207 -0.1332 0.3667
vn 0.8484 -0.2805 0.4489
vn 0.8754 -0.2787 0.3950
vn 0.9138 -0.2486 0.3213
vn 0.9118 -0.2363 0.3360
vn 0.8988 -0.2712 0.3445
vn 0.9311 0.0894 0.3538
vn 0.9297 0.0623 0.3630
vn 0.9252 0.0827 0.3703
vn 0.3449 0.8488 0.4008
vn 0.5172 0.7571 0.3991
vn 0.4130 0.8211 0.3939
vn 0.4569 0.8014 0.3860
vn 0.4071 0.8132 0.4159
vn 0.3324 0.8587 0.3901
vn 0.0944 0.9071 0.4102
vn 0.1935 0.8894 0.4141
vn 0.3104 0.8590 0.4071
vn 0.2191 0.8956 0.3873
vn 0.1411 0.9096 0.3907
vn 0.0810 0.9179 0.3884
vn 0.2133 0.8950 0.3918
vn 0.3053 0.8682 0.3913
vn 0.0783 0.9079 0.4119
vn 0.0910 0.9113 0.4016
vn 0.1461 0.9000 0.4108
vn 0.3163 0.8615 0.3972
vn 0.2302 0.8769 0.4220
vn 0.1327 0.9066 0.4005
vn 0.3348 0.8490 0.4087
vn 0.3533 0.8343 0.4233
vn 0.1644 0.8828 0.4400
vn 0.2445 0.8602 0.4474
vn 0.2931 0.8626 0.4123
vn 0.2845 0.8620 0.4196
vn 0.2978 0.8591 0.4163
vn 0.3935 0.8464 0.3588
vn 0.4533 0.8090 0.3742
vn 0.4327 0.8127 0.3902
vn 0.4462 0.8116 0.3770
vn 0.5118 0.7689 0.3831
vn 0.6382 0.6714 0.3766
vn 0.7578 0.5619 0.3319
vn 0.7448 0.5553 0.3699
vn 0.7100 0.5662 0.4187
vn 0.7245 0.5680 0.3905
vn 0.7234 0.5524 0.4143
vn 0.6638 0.6191 0.4197
vn 0.6334 0.6571 0.4088
vn 0.7490 0.4560 0.4807
vn 0.7546 0.4707 0.4573
vn 0.7607 0.4496 0.4682
vn 0.4366 -0.8079 0.3959
vn 0.4307 -0.8240 0.3683
vn 0.4260 -0.8239 0.3738
vn 0.4132 -0.8249 0.3856
vn 0.4192 -0.8312 0.3652
vn 0.2470 -0.8786 0.4088
vn 0.2930 -0.9082 0.2990
vn 0.3039 -0.8982 0.3176
vn 0.3067 -0.9024 0.3027
vn 0.3627 -0.8475 0.3876
vn 0.4698 -0.7994 0.3744
vn 0.3559 -0.8385 0.4126
vn 0.4332 -0.8028 0.4098
vn 0.3345 -0.8353 0.4364
vn 0.5419 -0.7450 0.3889
vn 0.4984 -0.7775 0.3836
vn 0.4869 -0.7710 0.4105
vn 0.3799 -0.8030 0.4593
vn 0.4786 -0.7466 0.4621
vn 0.6087 -0.6883 0.3946
vn 0.5748 -0.7043 0.4167
vn 0.5399 -0.7312 0.4170
vn 0.5241 -0.7412 0.4194
vn 0.5307 -0.7356 0.4210
vn 0.5736 -0.7244 0.3824
vn 0.5743 -0.7154 0.3979
vn 0.5916 -0.7098 0.3823
vn 0.6330 -0.6368 0.4403
vn 0.5681 -0.6571 0.4955
vn 0.6445 -0.6451 0.4104
vn 0.6456 -0.5871 0.4883
vn 0.6215 -0.7267 0.2925
vn 0.5965 -0.7641 0.2457
vn 0.4845 -0.8468 0.2195
vn 0.1295 -0.3427 0.9305
vn 0.2681 -0.8523 0.4492
vn 0.2620 -0.8333 0.4867
vn 0.2397 -0.8508 0.4677
vn 0.2818 -0.8732 0.3977
vn 0.2971 -0.8650 0.4045
vn 0.2817 -0.8731 0.3979
vn 0.1690 -0.8832 0.4374
vn 0.1685 -0.8856 0.4329
vn 0.1114 -0.8870 0.4482
vn 0.0806 -0.9072 0.4129
vn 0.0460 -0.9070 0.4186
vn 0.0366 -0.9130 0.4063
vn 0.0540 -0.9091 0.4131
vn 0.2737 -0.9158 0.2938
vn 0.3396 -0.8601 0.3806
vn 0.4160 -0.7783 0.4704
vn 0.4158 -0.7622 0.4962
vn 0.4154 -0.7742 0.4776
vn 0.6332 -0.7723 0.0512
vn 0.3957 -0.9182 0.0201
vn 0.6393 -0.7689 0.0095
vn 0.5949 -0.8038 -0.0115
vn 0.2757 -0.9610 -0.0222
vn 0.4216 -0.9062 -0.0313
vn 0.4721 -0.8766 0.0928
vn 0.4805 -0.8766 0.0274
vn 0.4484 -0.8938 0.0113
vn 0.4228 -0.9053 0.0409
vn 0.4247 -0.9000 0.0984
vn 0.4044 -0.9128 0.0565
vn 0.3408 -0.9347 -0.1004
vn 0.4056 -0.9068 -0.1152
vn 0.4224 -0.9038 -0.0688
vn 0.4646 -0.8712 -0.1584
vn 0.3555 -0.9338 -0.0418
vn 0.2637 -0.9641 0.0306
vn 0.3690 -0.9289 -0.0303
vn 0.6529 -0.7572 -0.0198
vn 0.6434 -0.7654 -0.0159
vn 0.6537 -0.7567 -0.0072
vn 0.5007 -0.8651 -0.0301
vn 0.5805 -0.8128 -0.0490
vn 0.5459 -0.8379 -0.0022
vn 0.6048 -0.7936 -0.0668
vn 0.8349 -0.5504 0.0032
vn 0.6689 -0.7430 0.0226
vn 0.8447 -0.5349 -0.0181
vn 0.7940 -0.6077 0.0136
vn 0.7936 -0.6084 -0.0056
vn 0.8320 -0.5547 -0.0036
vn 0.7543 -0.5984 0.2699
vn 0.6939 -0.5600 0.4527
vn 0.7764 -0.5629 0.2833
vn 0.8201 -0.5700 -0.0513
vn 0.7153 -0.6958 -0.0649
vn 0.6996 -0.7019 -0.1339
vn 0.8489 -0.5286 -0.0021
vn 0.7990 -0.6013 -0.0057
vn 0.6257 -0.7799 -0.0160
vn 0.7097 -0.6961 -0.1089
vn 0.7355 -0.6030 0.3089
vn 0.8420 -0.5394 -0.0092
vn 0.8487 -0.4348 0.3010
vn 0.7361 -0.6741 -0.0607
vn 0.7532 -0.6561 -0.0466
vn 0.8547 -0.5151 -0.0648
vn 0.8669 -0.4985 -0.0023
vn 0.5909 -0.8046 0.0595
vn 0.4553 -0.8876 0.0701
vn 0.8854 -0.4100 0.2190
vn 0.5743 0.7239 0.3823
vn 0.4527 0.7947 0.4044
vn 0.3973 0.8191 0.4138
vn 0.3572 0.8169 0.4530
vn 0.4366 0.7994 0.4128
vn 0.4317 0.8049 0.4072
vn 0.4467 0.8009 0.3988
vn 0.5214 0.7370 0.4301
vn 0.4969 0.7569 0.4245
vn 0.5427 0.7303 0.4149
vn 0.4113 0.8069 0.4240
vn 0.3984 0.8229 0.4051
vn 0.4121 0.8137 0.4100
vn 0.5063 0.7601 0.4072
vn 0.4588 0.7879 0.4107
vn 0.5273 0.7589 0.3821
vn 0.4532 0.8067 0.3793
vn 0.4472 0.8087 0.3822
vn 0.4375 0.8130 0.3841
vn 0.6419 0.6634 0.3845
vn 0.6936 0.5993 0.3997
vn 0.6815 0.6054 0.4111
vn 0.6849 0.6161 0.3890
vn 0.6409 0.6527 0.4040
vn 0.6604 0.6352 0.4005
vn 0.6636 0.6333 0.3981
vn 0.6714 0.6272 0.3948
vn 0.6744 0.6263 0.3912
vn 0.5773 0.7206 0.3840
vn 0.6200 0.6809 0.3900
vn 0.6280 0.6648 0.4045
vn 0.6202 0.6804 0.3903
vn 0.6913 -0.5980 0.4056
vn 0.7342 -0.5415 0.4096
vn 0.8320 -0.3544 0.4268
vn 0.8251 -0.3731 0.4244
vn 0.8271 -0.3787 0.4154
vn 0.8051 -0.3787 0.4566
vn 0.8098 -0.4267 0.4028
vn 0.7626 -0.4671 0.4476
vn 0.7648 -0.4914 0.4166
vn 0.7731 -0.4769 0.4182
vn 0.7561 -0.4056 0.5137
vn -0.8677 0.3078 0.3903
vn -0.8788 0.2700 0.3934
vn -0.8837 0.2666 0.3848
vn -0.9529 0.2968 0.0619
vn -0.9224 0.3113 -0.2285
vn -0.7862 -0.0724 -0.6137
vn -0.9438 0.3304 0.0103
vn -0.8776 0.2516 0.4081
vn -0.8567 0.2567 0.4474
vn -0.8740 0.1661 0.4566
vn -0.8237 0.2980 0.4825
vn -0.8307 0.3028 0.4672
vn -0.8293 0.2872 0.4793
vn -0.9335 0.2544 0.2529
vn -0.9702 0.2418 0.0170
vn -0.9409 0.3353 0.0470
vn -0.9895 -0.1190 -0.0821
vn -0.9699 -0.2370 -0.0552
vn -0.9538 0.3004 -0.0098
vn -0.9753 0.2209 -0.0064
vn -0.9528 0.3031 -0.0166
vn -0.9538 0.3000 -0.0182
vn -0.9524 0.3038 -0.0248
vn -0.8186 0.5742 -0.0112
vn -0.9812 0.1919 -0.0223
vn -0.6612 0.7498 0.0252
vn -0.7858 0.6182 0.0166
vn -0.7925 0.6099 -0.0002
vn -0.7762 -0.6256 -0.0779
vn -0.9414 0.3197 0.1080
vn -0.9527 -0.3009 0.0436
vn -0.9725 0.2207 -0.0742
vn -0.9853 -0.0944 -0.1427
vn -0.8187 0.5648 -0.1041
vn -0.8789 0.2188 0.4238
vn -0.9049 0.1542 0.3966
vn -0.9047 0.1775 0.3873
vn -0.9035 0.1516 0.4009
vn -0.9111 0.1105 0.3970
vn -0.9140 0.0045 0.4057
vn -0.8875 0.0958 0.4508
vn -0.8918 -0.0257 0.4517
vn -0.8620 0.0210 0.5065
vn -0.8620 0.0446 0.5049
vn -0.8627 0.0443 0.5038
vn -0.8870 -0.1036 0.4500
vn -0.8405 -0.0597 0.5385
vn -0.8278 0.0842 0.5547
vn -0.9414 0.1562 0.2990
vn -0.9732 -0.1008 0.2067
vn -0.9459 -0.1933 0.2604
vn -0.9311 -0.2430 0.2719
vn -0.9482 -0.2832 -0.1441
vn -0.9587 -0.2777 0.0613
vn -0.9971 -0.0713 -0.0260
vn -0.8709 -0.1145 0.4779
vn -0.8685 -0.1297 0.4784
vn -0.8700 -0.1222 0.4777
vn -0.9319 -0.2283 0.2819
vn -0.9539 -0.2961 0.0483
vn -0.9407 -0.3329 -0.0656
vn -0.9862 -0.1641 -0.0229
vn -0.9485 -0.3168 -0.0005
vn -0.7844 -0.6202 -0.0011
vn -0.2793 -0.9585 -0.0565
vn -0.9425 -0.3340 -0.0082
vn -0.9968 0.0798 0.0083
vn -0.9706 0.2346 -0.0530
vn -0.8540 -0.5052 -0.1247
vn -0.8806 -0.4738 0.0026
vn -0.9926 0.1209 0.0108
vn -0.9994 -0.0334 0.0078
vn -0.9407 -0.3356 0.0506
vn -0.9935 0.1133 -0.0101
vn -0.9460 -0.3205 -0.0479
vn -0.9967 0.0394 -0.0712
vn -0.9935 0.1028 -0.0498
vn -0.9999 -0.0115 0.0031
vn -0.9923 -0.1231 -0.0171
vn -0.9741 0.2259 -0.0119
vn -0.9984 0.0239 0.0505
vn -0.9357 0.2179 0.2775
vn -0.9307 0.3577 -0.0768
vn -0.9994 -0.0295 0.0175
vn -0.9639 0.2645 0.0301
vn -0.9637 0.2613 0.0545
vn -0.9639 0.2646 0.0299
vn -0.8664 0.1093 0.4872
vn -0.8839 -0.2117 0.4170
vn -0.8886 -0.2188 0.4031
vn -0.8926 -0.1911 0.4083
vn -0.8492 -0.2108 0.4841
vn 0.0468 0.9080 0.4164
vn 0.0431 0.8988 0.4362
vn 0.0677 0.9015 0.4275
vn 0.1579 0.9284 0.3364
vn 0.2299 0.9366 0.2646
vn 0.0871 0.8970 0.4334
vn 0.3255 0.8901 0.3190
vn 0.4138 0.8612 0.2950
vn 0.4226 0.8685 0.2590
vn 0.4097 0.7689 0.4908
vn 0.4676 0.8812 0.0693
vn 0.4770 0.8776 -0.0465
vn 0.2645 0.9639 -0.0300
vn 0.2576 0.9655 0.0376
vn 0.1796 0.9837 -0.0085
vn 0.1363 0.9907 0.0001
vn 0.0089 0.9999 -0.0144
vn 0.0167 0.9997 -0.0154
vn 0.0154 0.9997 -0.0189
vn 0.0217 0.9996 -0.0196
vn 0.0286 0.9995 -0.0162
vn 0.0361 0.9993 -0.0137
vn 0.0390 0.9991 -0.0158
vn 0.0384 0.9992 -0.0130
vn 0.0618 0.9980 -0.0097
vn 0.9606 -0.2022 0.1907
vn 0.8387 -0.2419 0.4879
vn 0.8510 -0.2229 0.4755
vn 0.8410 -0.2440 0.4830
vn 0.8828 -0.3088 0.3540
vn 0.9032 -0.3467 0.2531
vn 0.6005 0.6939 0.3974
vn 0.6137 0.6819 0.3980
vn 0.6138 0.6817 0.3981
vn 0.5655 0.6936 0.4463
vn 0.0839 -0.9583 0.2733
vn 0.2568 -0.9513 0.1704
vn 0.1387 -0.8490 0.5098
vn 0.1371 -0.8546 0.5008
vn 0.1222 -0.8557 0.5029
vn 0.0370 -0.9682 0.2476
vn 0.0324 -0.8721 0.4883
vn -0.0297 -0.9627 0.2691
vn -0.0195 -0.9998 -0.0016
vn -0.0347 -0.9985 0.0414
vn 0.2037 -0.9782 0.0410
vn 0.2563 -0.9657 -0.0418
vn 0.2313 -0.9723 -0.0333
vn 0.2571 -0.9659 -0.0317
vn 0.1951 -0.9798 0.0443
vn 0.1731 -0.9845 -0.0285
vn 0.2483 -0.9686 -0.0127
vn 0.1720 -0.9849 -0.0182
vn 0.1722 -0.9849 -0.0179
vn -0.0039 -0.9995 -0.0315
vn 0.0516 -0.9982 -0.0297
vn 0.0145 -0.9997 0.0208
vn -0.0799 -0.9963 -0.0320
vn -0.0779 -0.9963 -0.0349
vn -0.0061 -1.0000 -0.0050
vn 0.4804 0.7324 0.4825
vn 0.4803 0.7328 0.4820
vn 0.4962 0.7255 0.4768
vn 0.9885 -0.1505 -0.0170
vn 0.7544 -0.6538 0.0590
vn 0.9868 -0.1613 -0.0123
vn 0.5869 -0.8093 0.0243
vn 0.6736 -0.7307 -0.1112
vn 0.9052 -0.4061 0.1250
vn 0.9659 -0.2583 -0.0171
vn 0.9818 -0.1659 -0.0920
vn 0.8901 -0.4358 -0.1334
vn 0.4423 -0.8948 -0.0605
vn 0.5278 -0.8332 -0.1650
vn 0.5515 -0.8196 -0.1552
vn 0.5355 -0.8296 -0.1580
vn -0.6699 0.7386 0.0758
vn -0.8394 0.5434 -0.0102
vn -0.8437 0.5367 -0.0115
vn -0.8396 0.5431 -0.0111
vn -0.7349 0.6761 -0.0528
vn -0.8703 0.4910 -0.0385
vn -0.5319 0.8466 -0.0202
vn -0.8313 0.5557 -0.0032
vn -0.8451 0.5345 -0.0030
vn -0.3393 0.9399 -0.0388
vn -0.6347 0.7680 -0.0862
vn -0.8205 -0.5103 -0.2575
vn -0.7185 -0.6739 -0.1723
vn -0.9177 -0.2419 -0.3150
vn -0.8007 -0.5958 -0.0626
vn -0.5407 -0.8412 -0.0046
vn -0.6730 -0.7204 0.1676
vn -0.9440 -0.2898 0.1574
vn -0.8728 0.4823 -0.0743
vn -0.9927 0.1158 -0.0343
vn -0.9629 0.2588 0.0768
vn -0.9846 -0.0591 0.1644
vn -0.8311 0.5525 -0.0631
vn -0.9539 -0.2927 0.0669
vn 0.6572 -0.6146 0.4362
vn 0.9985 -0.0039 -0.0550
vn 0.9980 0.0122 -0.0620
vn 0.9954 0.0148 -0.0951
vn 0.4423 -0.8969 0.0034
vn 0.8086 -0.5881 -0.0164
vn 0.5409 -0.8407 -0.0257
vn 0.8267 -0.5623 -0.0203
vn 0.8152 -0.5792 -0.0059
vn 0.6238 -0.7809 -0.0331
vn 0.4043 -0.9126 -0.0604
vn 0.7097 -0.7045 -0.0025
vn 0.6367 -0.7711 -0.0035
vn 0.6252 -0.7805 -0.0011
vn 0.6365 -0.7713 0.0020
vn 0.4588 -0.8885 0.0048
vn 0.6028 -0.7979 -0.0023
vn 0.5742 -0.8187 0.0059
vn 0.4442 -0.8959 -0.0054
vn 0.3942 -0.9190 0.0052
vn 0.3872 -0.9217 0.0226
vn 0.3501 -0.9367 0.0039
vn 0.6796 -0.7334 -0.0174
vn 0.5595 -0.8288 0.0026
vn 0.5282 -0.8489 -0.0212
vn 0.6318 -0.7751 0.0086
vn 0.6832 -0.7302 0.0043
vn 0.8015 -0.5980 0.0044
vn 0.6791 -0.7304 0.0737
vn 0.6540 -0.7562 0.0202
vn 0.6903 -0.7220 -0.0477
vn 0.6992 0.7141 -0.0344
vn 0.8002 0.5921 -0.0955
vn 0.8958 0.4441 -0.0170
vn 0.9395 0.3421 -0.0175
vn 0.9293 0.3690 -0.0114
vn 0.9071 0.4208 0.0115
vn 0.9106 0.4132 -0.0082
vn 0.9923 0.1221 -0.0204
vn 0.9915 0.1269 -0.0290
vn 0.9916 0.1292 0.0005
vn 0.9755 0.2179 -0.0288
vn 0.9869 0.1612 0.0085
vn 0.9863 0.1649 0.0010
vn 0.9854 0.1699 0.0062
vn 0.9872 0.1592 -0.0064
vn 0.9309 0.3652 -0.0060
vn 0.9846 -0.1745 -0.0096
vn 0.9946 -0.1039 0.0051
vn 0.9758 -0.2185 0.0054
vn 0.9638 -0.2667 0.0053
vn 0.9761 -0.2168 -0.0146
vn 0.6588 -0.7520 -0.0198
vn 0.5917 -0.8057 0.0259
vn 0.9856 -0.1283 -0.1099
vn 0.9978 0.0600 -0.0292
vn 0.9945 0.0081 -0.1045
vn 0.9939 -0.0983 -0.0496
vn 0.6978 -0.7044 -0.1297
vn 0.9874 -0.1570 0.0195
vn 0.9059 -0.4173 -0.0720
vn 0.4540 -0.8880 -0.0737
vn 0.9994 -0.0213 -0.0289
vn 0.9976 0.0557 0.0409
vn 0.9995 -0.0232 0.0213
vn 0.7084 -0.7045 -0.0439
vn 0.4466 -0.8947 0.0048
vn 0.9955 0.0943 -0.0014
vn 0.8206 -0.5707 0.0302
vn 0.7106 -0.7033 -0.0204
vn 0.9977 -0.0601 -0.0299
vn 0.0828 -0.9962 -0.0263
vn 0.0687 -0.9976 0.0054
vn 0.0772 -0.9970 -0.0083
vn 0.2578 -0.9660 -0.0198
vn 0.3372 -0.9410 -0.0275
vn 0.3255 -0.9450 0.0335
vn 0.5349 -0.8446 0.0245
vn 0.7755 -0.6054 -0.1794
vn 0.9968 0.0720 -0.0337
vn 0.9999 -0.0168 -0.0021
vn 0.9926 0.1178 -0.0298
vn 0.7163 -0.6960 0.0509
vn 0.3437 -0.9277 0.1460
vn 0.7523 -0.6554 -0.0666
vn 0.9852 -0.1698 -0.0246
vn 0.2696 -0.9618 0.0468
vn 0.9387 -0.3427 0.0388
vn 0.4672 -0.8840 -0.0149
vn 0.9989 -0.0460 0.0069
vn 0.8700 -0.4922 -0.0291
vn 0.2767 -0.9609 -0.0131
vn 0.3297 -0.9440 -0.0113
vn 0.9965 0.0753 0.0362
vn 0.3976 -0.9175 -0.0132
vn 0.7774 -0.6288 0.0165
vn 0.4955 -0.8685 -0.0104
vn 0.5122 -0.8588 -0.0150
vn 0.4952 -0.8688 0.0048
vn 0.8985 -0.4387 0.0190
vn 0.8929 -0.4503 0.0051
vn 0.7702 -0.6377 -0.0083
vn 0.8940 -0.4471 -0.0288
vn 0.7989 -0.6015 -0.0027
vn 0.7987 -0.6017 -0.0093
vn 0.9114 -0.4099 -0.0365
vn 0.6336 -0.7736 0.0084
vn 0.8397 -0.5430 -0.0063
vn 0.5864 -0.8094 -0.0320
vn 0.7754 -0.6312 -0.0176
vn 0.6543 -0.7558 0.0264
vn 0.8212 -0.5705 0.0161
vn 0.8885 -0.4588 0.0113
vn 0.8583 -0.5127 0.0213
vn 0.7130 -0.7009 -0.0219
vn 0.7749 -0.6320 -0.0033
vn 0.9489 -0.2886 0.1281
vn 0.5222 -0.8526 0.0209
vn 0.8408 -0.5412 0.0130
vn 0.8553 -0.5180 0.0132
vn 0.8182 -0.5750 -0.0039
vn 0.8829 -0.4682 -0.0350
vn 0.5174 -0.8555 -0.0193
vn 0.7714 -0.6364 0.0070
vn 0.7741 -0.6325 0.0263
vn 0.5463 -0.8373 0.0233
vn 0.2389 -0.9710 -0.0079
vn 0.6868 -0.7147 -0.1328
vn 1.0000 -0.0059 0.0002
vn 0.9441 -0.3196 0.0805
vn 0.9970 -0.0758 0.0139
vn 0.9970 0.0265 0.0720
vn 0.9968 0.0425 0.0678
vn 0.9963 0.0427 0.0750
vn 0.6198 -0.7823 -0.0627
vn 0.6193 -0.7846 0.0301
vn 0.3683 -0.9297 -0.0058
vn 0.9880 -0.1543 0.0041
vn 0.9961 -0.0870 -0.0110
vn 0.9967 -0.0811 -0.0066
vn 0.9960 -0.0884 -0.0102
vn 0.5877 -0.8082 -0.0388
vn 0.9973 -0.0729 0.0073
vn 0.3891 -0.9211 -0.0130
vn 0.4976 -0.8674 0.0002
vn 0.9829 -0.1812 -0.0320
vn 0.6471 -0.7587 0.0748
vn 0.8795 -0.4758 -0.0119
vn 0.9968 0.0718 -0.0353
vn 0.9980 0.0625 0.0017
vn 0.9964 -0.0845 0.0032
vn 0.9964 -0.0848 0.0030
vn 0.9957 -0.0922 0.0050
vn 0.9794 -0.2017 0.0097
vn 0.9851 -0.1718 0.0099
vn 0.9898 -0.1421 -0.0136
vn 0.9906 0.1365 0.0042
vn 0.9973 0.0735 -0.0028
vn 0.9970 0.0772 -0.0027
vn 0.9877 0.1561 0.0038
vn 0.9827 -0.1852 0.0080
vn 0.9800 -0.1987 -0.0131
vn 0.9814 -0.1846 0.0519
vn 0.9613 -0.2749 -0.0148
vn 0.9592 -0.2790 0.0451
vn 0.9600 -0.2799 -0.0030
vn 0.9957 -0.0931 -0.0021
vn 0.9956 -0.0933 -0.0028
vn 0.9980 -0.0619 -0.0109
vn 0.9974 0.0718 -0.0036
vn 0.9974 0.0716 -0.0038
vn 0.9982 0.0598 0.0068
vn 1.0000 0.0055 -0.0079
vn 1.0000 0.0042 -0.0089
vn 1.0000 0.0061 -0.0069
vn 0.9995 -0.0319 0.0075
vn 0.9988 -0.0480 -0.0018
vn 0.9987 -0.0499 0.0049
vn 0.9997 -0.0252 0.0057
vn 0.9995 -0.0325 0.0061
vn 0.9997 -0.0240 0.0034
vn 0.7778 0.6283 -0.0180
vn 0.6172 0.7868 0.0072
vn 0.7133 0.7008 0.0064
vn 0.7805 0.6165 -0.1038
vn 0.5956 0.8030 0.0204
vn 0.8992 0.4361 -0.0351
vn 0.9145 0.4032 -0.0326
vn 0.9013 0.4332 0.0007
vn 0.4640 0.8858 -0.0067
vn 0.4635 0.8860 -0.0124
vn 0.4621 0.8865 0.0264
vn 0.9623 0.2695 0.0356
vn 0.9048 0.4232 0.0469
vn 0.7920 0.6097 -0.0325
vn 0.6300 0.7766 -0.0028
vn 0.8964 0.4394 -0.0574
vn 0.7900 0.6131 0.0048
vn 0.8067 0.5909 0.0012
vn 0.8069 0.5907 -0.0005
vn 0.8142 0.5806 0.0055
vn 0.8350 0.5503 0.0042
vn 0.7354 0.6766 -0.0368
vn 0.5134 0.8582 -0.0042
vn 0.5786 0.8156 0.0010
vn 0.5797 0.8139 -0.0385
vn 0.6053 0.7960 -0.0006
vn 0.5317 0.8469 0.0041
vn 0.5240 0.8517 0.0011
vn 0.5241 0.8517 0.0013
vn 0.4907 0.8709 -0.0262
vn 0.4416 0.8971 -0.0100
vn 0.5950 0.8037 -0.0039
vn 0.4372 0.8993 -0.0106
vn 0.4597 0.8881 -0.0045
vn 0.5879 0.8089 0.0020
vn 0.6486 0.7611 -0.0011
vn 0.6467 0.7627 0.0011
vn 0.6436 0.7653 0.0072
vn 0.5178 0.8555 0.0100
vn 0.3846 0.9231 -0.0038
vn 0.3936 0.9190 0.0227
vn 0.4028 0.9152 0.0146
vn 0.7292 0.6843 0.0021
vn 0.7193 0.6947 0.0025
vn 0.6078 0.7940 -0.0160
vn 0.7989 0.6011 0.0209
vn 0.8208 0.5712 -0.0041
vn 0.7708 0.6369 -0.0158
vn 0.8160 0.5781 -0.0059
vn 0.5715 0.8195 0.0424
vn 0.7003 0.7125 -0.0434
vn 0.5634 0.8262 0.0002
vn 0.6074 0.7943 -0.0120
vn 0.4300 0.9027 -0.0170
vn 0.3133 0.9495 -0.0194
vn 0.2686 0.9631 -0.0149
vn 0.4149 0.9098 -0.0088
vn 0.2450 0.9694 -0.0134
vn 0.4706 -0.8823 -0.0082
vn 0.3737 -0.9274 0.0150
vn 0.3119 -0.9498 -0.0252
vn 0.3616 -0.9323 -0.0082
vn 0.2571 -0.9657 0.0363
vn 0.4360 -0.8999 -0.0066
vn 0.3978 -0.9170 -0.0293
vn 0.3257 -0.9446 -0.0407
vn 0.2514 -0.9675 -0.0275
vn 0.1957 -0.9806 -0.0084
vn 0.1696 -0.9853 -0.0203
vn 0.3567 -0.9339 -0.0227
vn 0.2666 -0.9638 0.0017
vn 0.2771 -0.9574 -0.0808
vn 0.2828 -0.9577 -0.0536
vn 0.2711 -0.9618 -0.0392
vn 0.3468 -0.9373 0.0338
vn 0.3767 -0.9258 0.0321
vn 0.2026 -0.9788 0.0303
vn 0.2547 -0.9669 0.0128
vn 0.2669 -0.9634 0.0251
vn 0.2475 -0.9688 -0.0138
vn 0.2679 -0.9633 0.0187
vn 0.3817 -0.9242 -0.0127
vn 0.1680 -0.9849 -0.0412
vn 0.2945 -0.9556 -0.0125
vn 0.4246 -0.9047 0.0354
vn 0.3798 -0.9249 -0.0196
vn 0.2583 -0.9660 0.0130
vn 0.1591 -0.9873 -0.0023
vn 0.0262 -0.9989 -0.0398
vn 0.0252 -0.9991 -0.0352
vn 0.0149 -0.9995 -0.0274
vn 0.0949 -0.9954 -0.0113
vn 0.0945 -0.9955 -0.0115
vn 0.0960 -0.9953 -0.0111
vn 0.0026 -0.9996 -0.0289
vn 0.0102 -0.9996 -0.0270
vn -0.0046 -0.9995 -0.0301
vn -0.0047 -0.9999 -0.0122
vn -0.0288 -0.9996 -0.0082
vn -0.0416 -0.9988 -0.0263
vn 0.1072 -0.9942 -0.0064
vn 0.0989 -0.9951 -0.0075
vn 0.0996 -0.9950 -0.0123
vn 0.0883 -0.9960 -0.0099
vn 0.0882 -0.9961 -0.0097
vn 0.0631 -0.9976 -0.0289
vn -0.0088 -0.9999 0.0073
vn -0.0864 -0.9962 0.0062
vn 0.0095 -0.9999 0.0053
vn 0.2492 -0.9684 -0.0084
vn 0.1331 -0.9910 0.0158
vn 0.1373 -0.9905 0.0096
vn 0.1450 -0.9893 0.0132
vn 0.0108 -0.9999 -0.0036
vn 0.1188 -0.9928 0.0127
vn -0.1838 -0.9829 -0.0073
vn -0.2908 -0.9568 0.0065
vn -0.1271 -0.9918 0.0165
vn 0.0484 -0.9988 0.0023
vn 0.0425 -0.9991 0.0054
vn 0.0409 -0.9992 -0.0003
vn -0.2264 -0.9740 0.0032
vn -0.2639 -0.9643 0.0197
vn -0.2064 -0.9784 0.0061
vn -0.5952 -0.8035 0.0120
vn -0.1965 -0.9804 0.0099
vn -0.5848 -0.8107 0.0293
vn -0.5207 -0.8504 0.0753
vn -0.6519 -0.7560 -0.0589
vn -0.0186 -0.9991 0.0377
vn -0.5752 -0.8179 -0.0147
vn -0.2259 -0.9741 0.0137
vn -0.0559 -0.9984 0.0027
vn -0.2774 -0.9608 -0.0020
vn -0.2799 -0.9600 0.0118
vn -0.3041 -0.9526 0.0047
vn -0.2700 -0.9629 0.0052
vn 0.0400 -0.9992 0.0026
vn 0.0405 -0.9992 -0.0023
vn 0.0368 -0.9993 -0.0087
vn 0.0390 -0.9992 0.0132
vn -0.0316 -0.9995 -0.0019
vn -0.0380 -0.9993 0.0021
vn -0.0236 -0.9997 -0.0092
vn 0.0673 -0.9977 0.0093
vn 0.0830 -0.9965 -0.0117
vn 0.0935 -0.9956 -0.0076
vn 0.0902 -0.9958 -0.0157
vn 0.2446 -0.9695 -0.0138
vn 0.1403 -0.9901 0.0055
vn 0.2316 -0.9728 -0.0072
vn 0.2272 -0.9734 -0.0293
vn 0.1677 -0.9853 0.0312
vn 0.3888 -0.9209 0.0279
vn 0.5660 -0.8243 0.0118
vn 0.4845 -0.8745 0.0234
vn 0.2710 -0.9626 -0.0043
vn 0.2305 -0.9731 0.0036
vn 0.3944 -0.9188 0.0157
vn 0.4570 -0.8875 -0.0588
vn 0.3213 -0.9441 -0.0736
vn 0.2188 -0.9758 -0.0010
vn 0.2953 -0.9554 -0.0074
vn 0.5919 -0.8060 0.0058
vn 0.5952 -0.8035 0.0121
vn 0.1218 -0.9925 0.0044
vn 0.4870 -0.8460 0.2169
vn 0.1763 -0.9833 -0.0461
vn 0.4344 0.9007 -0.0084
vn 0.4102 0.9101 -0.0591
vn 0.4254 0.9048 0.0199
vn 0.4878 0.8729 -0.0098
vn 0.5587 0.8287 -0.0349
vn 0.4013 0.9153 -0.0344
vn 0.2192 0.9757 -0.0038
vn 0.4713 0.8816 0.0269
vn 0.2958 0.9552 0.0034
vn 0.4627 0.8865 0.0024
vn 0.3190 0.9477 -0.0067
vn 0.2078 0.9777 -0.0317
vn 0.5333 0.8454 -0.0311
vn 0.5107 0.8597 0.0128
vn 0.5256 0.8507 -0.0057
vn 0.5949 0.8036 0.0179
vn 0.5120 0.8576 -0.0491
vn 0.3110 0.9499 -0.0314
vn 0.5528 0.8332 -0.0126
vn 0.2419 0.9701 -0.0190
vn 0.2108 0.9775 0.0065
vn 0.1668 0.9860 0.0014
vn 0.1023 0.9948 -0.0018
vn 0.0664 0.9978 0.0087
vn 0.0488 0.9988 -0.0013
vn 0.1411 0.9900 0.0021
vn 0.1926 0.9812 -0.0104
vn 0.1741 0.9847 -0.0083
vn 0.1699 0.9855 -0.0035
vn 0.1837 0.9828 0.0159
vn 0.2481 0.9687 0.0012
vn 0.5436 0.8389 -0.0275
vn 0.1707 0.9851 0.0229
vn 0.6387 0.7695 -0.0034
vn 0.5306 0.8463 -0.0472
vn 0.2763 0.9608 0.0207
vn 0.0609 0.9981 -0.0024
vn 0.0613 0.9981 -0.0072
vn 0.0379 0.9993 -0.0071
vn 0.0951 0.9955 0.0059
vn 0.3128 0.9498 -0.0010
vn 0.6151 0.7880 -0.0277
vn 0.2714 0.9622 0.0241
vn 0.3799 0.9249 0.0145
vn 0.6619 0.7468 -0.0648
vn 0.3911 0.9201 -0.0205
vn 0.3853 0.9205 -0.0642
vn 0.5701 0.8211 0.0276
vn 0.3389 0.8513 -0.4006
vn 0.3398 0.9228 -0.1819
vn 0.2794 0.6885 -0.6692
vn 0.2226 0.6732 -0.7052
vn 0.2191 0.6818 -0.6980
vn 0.2132 0.6867 -0.6950
vn 0.1965 0.6764 -0.7098
vn 0.2010 0.6714 -0.7133
vn 0.1983 0.6764 -0.7093
vn 0.0261 0.1654 -0.9859
vn 0.1164 0.2559 -0.9597
vn 0.0117 0.1646 -0.9863
vn 0.0908 0.1410 -0.9858
vn 0.0451 0.1598 -0.9861
vn 0.3350 0.6721 -0.6604
vn 0.4304 0.6091 -0.6662
vn 0.5605 0.8281 -0.0086
vn 0.4599 0.8880 -0.0002
vn 0.2100 0.5106 -0.8338
vn 0.0499 0.5899 -0.8059
vn 0.1910 0.9815 0.0159
vn 0.1911 0.9814 0.0182
vn -0.4536 0.8756 -0.1661
vn 0.2499 0.9681 0.0192
vn 0.2541 0.9671 0.0120
vn 0.2259 0.9733 0.0396
vn -0.0353 0.7112 -0.7021
vn 0.0577 0.5162 -0.8545
vn 0.4025 0.8118 -0.4231
vn -0.1409 0.7467 -0.6501
vn -0.2118 0.9773 0.0080
vn -0.2821 0.5568 -0.7813
vn 0.2169 0.9719 0.0910
vn 0.9340 0.3020 -0.1907
vn 0.9554 0.2875 0.0674
vn 0.9989 -0.0152 -0.0452
vn 0.9971 -0.0126 -0.0754
vn 0.9967 0.0023 -0.0811
vn -0.9999 0.0074 -0.0116
vn -0.9995 -0.0061 -0.0303
vn -0.9998 -0.0100 -0.0187
vn -0.4974 0.8400 -0.2170
vn 0.0031 0.9999 0.0099
vn 0.1576 0.4947 -0.8547
vn -0.3995 0.6092 -0.6851
vn 0.0131 0.6834 -0.7300
vn -0.6957 0.0090 -0.7182
vn -0.9974 -0.0217 -0.0688
vn -0.9979 -0.0189 -0.0612
vn -0.9972 -0.0196 -0.0716
vn -0.1505 0.6943 -0.7038
vn 0.0414 0.9990 0.0150
vn 0.0557 0.9982 0.0206
vn -0.0152 0.9999 0.0068
vn 0.9403 0.3122 -0.1356
vn 0.5846 0.6667 -0.4624
vn 0.6601 0.0059 -0.7512
vn 0.2708 0.9626 -0.0046
vn 0.5887 0.8076 -0.0345
vn 0.5924 0.8047 -0.0396
vn 0.5615 0.8258 -0.0537
vn 0.5338 0.8456 0.0094
vn 0.4613 0.8833 -0.0829
vn 0.4323 0.9011 -0.0317
vn 0.4505 0.8923 -0.0284
vn 0.5072 0.8613 0.0294
vn 0.0449 0.9990 0.0008
vn 0.0464 0.9989 0.0014
vn 0.0493 0.9985 -0.0233
vn 0.0076 1.0000 -0.0033
vn 0.0140 0.9999 0.0034
vn 0.0084 1.0000 -0.0035
vn 0.0113 0.9999 -0.0028
vn 0.0097 0.9999 -0.0033
vn 0.0020 1.0000 0.0030
vn 0.0669 0.9978 0.0009
vn 0.0827 0.9966 -0.0008
vn 0.0683 0.9977 -0.0005
vn 0.0280 0.9996 -0.0007
vn 0.0275 0.9996 -0.0015
vn 0.0219 0.9998 -0.0036
vn -0.0172 0.9999 -0.0013
vn -0.0211 0.9998 -0.0047
vn -0.0161 0.9999 0.0027
vn -0.0203 0.9998 -0.0014
vn -0.0280 0.9996 -0.0026
vn -0.0207 0.9998 0.0004
vn -0.0690 0.9976 0.0049
vn -0.0616 0.9981 0.0075
vn -0.0607 0.9981 0.0046
vn -0.1542 0.9880 0.0032
vn -0.2094 0.9778 -0.0053
vn -0.2720 0.9623 -0.0070
vn -0.1344 0.9909 -0.0039
vn -0.2500 0.9682 0.0069
vn -0.0638 0.9980 -0.0018
vn -0.0657 0.9978 0.0001
vn -0.0660 0.9978 0.0022
vn -0.0464 0.9989 -0.0027
vn -0.0694 0.9976 -0.0017
vn -0.0680 0.9977 0.0061
vn -0.1220 0.9923 -0.0194
vn -0.1638 0.9865 0.0025
vn -0.2813 0.9596 -0.0007
vn -0.3272 0.9450 0.0005
vn 0.0260 0.9996 0.0081
vn 0.0030 1.0000 0.0038
vn -0.0183 0.9998 0.0066
vn -0.0250 0.9997 -0.0018
vn -0.0253 0.9997 0.0066
vn -0.0184 0.9998 0.0028
vn -0.0174 0.9998 0.0019
vn -0.0172 0.9999 0.0014
vn -0.0059 0.9998 0.0195
vn -0.0120 0.9998 0.0155
vn -0.0131 0.9998 0.0166
vn -0.0345 0.9987 0.0368
vn -0.0281 0.9988 0.0408
vn -0.0281 0.9988 0.0405
vn 0.0765 0.9962 0.0421
vn 0.0937 0.9953 0.0253
vn 0.0933 0.9953 0.0249
vn 0.0820 0.9960 0.0364
vn 0.0576 0.9980 0.0253
vn 0.0744 0.9966 0.0340
vn 0.0177 0.6990 -0.7149
vn 0.0560 0.6965 -0.7154
vn -0.0097 0.6955 -0.7185
vn -0.0615 0.6742 -0.7360
vn 0.0084 0.1748 -0.9846
vn -0.0196 0.1669 -0.9858
vn -0.0151 0.1814 -0.9833
vn -0.0147 0.1901 -0.9817
vn -0.0134 0.1896 -0.9818
vn -0.1232 0.4906 -0.8626
vn -0.1122 0.6786 -0.7259
vn -0.1497 0.6681 -0.7289
vn -0.1141 0.4006 -0.9091
vn -0.1709 0.9840 -0.0506
vn -0.1739 0.9847 -0.0084
vn -0.1596 0.9864 -0.0400
vn -0.3380 0.9407 0.0275
vn -0.4617 0.8869 -0.0145
vn -0.2188 0.9758 0.0036
vn -0.2790 0.9603 0.0065
vn -0.5494 0.8355 0.0085
vn -0.7222 0.6911 0.0292
vn -0.3085 0.9512 -0.0011
vn -0.3965 0.9172 -0.0383
vn -0.5209 0.8531 0.0287
vn 0.3134 0.9468 -0.0729
vn 0.2149 0.9765 0.0171
vn -0.3673 0.9298 -0.0256
vn 0.1794 0.9831 -0.0372
vn 0.3165 0.9485 0.0109
vn -0.6274 0.7784 0.0228
vn -0.5820 0.8131 -0.0092
vn -0.6573 0.7536 -0.0036
vn -0.5553 0.8315 0.0138
vn -0.5548 0.8318 0.0137
vn -0.5610 0.8277 0.0149
vn -0.4792 0.8776 0.0120
vn -0.5355 0.8445 0.0027
vn -0.5664 0.8241 0.0002
vn -0.5769 0.8168 -0.0013
vn -0.5787 0.8155 0.0045
vn -0.5788 0.8155 0.0043
vn -0.5430 0.8397 0.0056
vn -0.5344 0.8452 0.0110
vn -0.6692 0.7429 -0.0153
vn -0.6891 0.7246 0.0089
vn -0.8117 0.5841 0.0101
vn -0.7643 0.6437 0.0389
vn -0.8622 0.5066 -0.0079
vn -0.6751 0.7362 -0.0481
vn -0.8648 0.5022 0.0017
vn -0.6801 0.7329 0.0184
vn -0.6639 0.7476 0.0186
vn -0.8018 0.5976 0.0017
vn -0.5356 0.8442 0.0234
vn -0.5771 0.8166 0.0117
vn -0.6459 0.7633 -0.0137
vn -0.5201 0.8540 -0.0123
vn -0.5558 0.8311 -0.0183
vn -0.5656 0.8247 0.0013
vn -0.4163 0.9091 -0.0147
vn -0.4706 0.8823 0.0027
vn -0.0338 0.9994 0.0001
vn -0.1192 0.9899 -0.0771
vn -0.5577 0.8291 -0.0391
vn -0.2754 0.9611 0.0204
vn -0.2341 0.9722 -0.0086
vn -0.2307 0.9727 -0.0251
vn -0.1202 0.9926 -0.0149
vn -0.0580 0.9983 0.0035
vn -0.0500 0.9987 -0.0031
vn -0.0523 0.9986 -0.0041
vn -0.4886 0.8724 -0.0132
vn -0.1061 0.9941 -0.0208
vn -0.4932 0.8699 -0.0042
vn -0.4908 0.8712 -0.0113
vn -0.0132 0.9979 0.0631
vn 0.0094 0.9997 -0.0220
vn -0.4018 0.9141 -0.0547
vn -0.1162 0.9931 0.0148
vn -0.1610 0.9869 0.0034
vn -0.0191 0.9989 -0.0433
vn 0.0221 0.9984 -0.0512
vn -0.4914 0.8707 0.0205
vn -0.6124 0.7904 -0.0166
vn -0.3015 0.9534 -0.0128
vn -0.0544 0.9985 -0.0107
vn -0.0830 0.9962 0.0281
vn 0.2271 0.9735 -0.0249
vn -0.0859 0.9962 0.0129
vn -0.0759 0.9971 0.0047
vn -0.0860 0.9962 0.0121
vn 0.0293 -0.9996 -0.0064
vn 0.0364 -0.9993 -0.0055
vn 0.0276 -0.9996 -0.0053
vn 0.1312 -0.9893 -0.0643
vn 0.0496 -0.9987 -0.0076
vn 0.0555 -0.9985 -0.0032
vn 0.0469 -0.9989 -0.0013
vn -0.1550 -0.9879 0.0025
vn -0.4260 -0.9047 -0.0009
vn -0.6405 -0.7670 -0.0399
vn -0.3336 -0.9421 0.0337
vn -0.8709 -0.4901 -0.0350
vn -0.8709 -0.4902 -0.0347
vn -0.8722 -0.4883 -0.0276
vn -0.4227 -0.9063 0.0036
vn -0.7373 -0.6753 -0.0198
vn -0.8755 -0.4831 -0.0081
vn -0.8649 -0.5016 -0.0198
vn -0.8493 -0.5279 0.0025
vn -0.8350 -0.5476 -0.0549
vn -0.8272 -0.5619 -0.0072
vn -0.7953 -0.6002 -0.0844
vn -0.3969 -0.9177 0.0170
vn -0.4538 -0.8911 0.0107
vn -0.3324 -0.9430 -0.0183
vn -0.7942 -0.6074 0.0210
vn -0.8618 -0.5048 -0.0502
vn -0.4670 -0.8843 -0.0063
vn -0.6099 -0.7907 -0.0536
vn -0.9914 0.0570 -0.1181
vn -0.9869 0.1584 -0.0317
vn -0.9860 0.1408 -0.0897
vn -0.8734 0.4855 -0.0380
vn -0.9398 0.3068 0.1505
vn -0.9344 0.2109 -0.2869
vn -0.9257 -0.1981 -0.3223
vn -0.9894 0.1206 0.0808
vn -0.9021 -0.3476 -0.2559
vn -0.8367 -0.4044 -0.3692
vn -0.9335 -0.3576 -0.0276
vn -0.6495 -0.7458 -0.1483
vn -0.6107 -0.7692 0.1880
vn -0.8079 -0.5886 -0.0276
vn -0.9505 -0.2461 0.1894
vn -0.9371 0.3018 0.1755
vn -0.9927 -0.0959 0.0736
vn -0.9000 -0.4357 0.0138
vn -0.3772 -0.9261 -0.0072
vn -0.8071 -0.5900 -0.0211
vn -0.4614 -0.8867 0.0291
vn -0.9536 0.2998 0.0283
vn -0.9840 0.1723 0.0446
vn -0.8577 0.5132 -0.0307
vn -0.9826 -0.0641 0.1741
vn -0.9159 -0.3306 0.2278
vn -0.9971 -0.0730 -0.0213
vn -0.6558 -0.7535 0.0465
vn -0.9478 -0.0782 0.3092
vn -0.9475 -0.3041 -0.0985
vn -0.6993 -0.6900 -0.1867
vn -0.9889 0.1108 0.0988
vn -0.9664 0.0869 -0.2417
vn -0.9469 -0.3032 -0.1073
vn -0.7923 -0.6094 -0.0302
vn -0.5385 -0.8423 -0.0256
vn -0.9831 -0.0108 -0.1825
vn -0.9502 -0.0056 -0.3115
vn -0.9737 -0.0944 0.2074
vn -0.9866 -0.1519 0.0598
vn -0.8804 -0.4691 -0.0700
vn -0.8942 -0.3654 -0.2586
vn -0.8716 -0.3718 -0.3194
vn -0.7396 -0.6715 0.0467
vn -0.8341 -0.5293 -0.1553
vn -0.4684 -0.8720 -0.1420
vn -0.7022 -0.7118 0.0175
vn -0.8482 -0.5288 -0.0302
vn -0.8861 -0.4573 0.0758
vn -0.5147 -0.8569 0.0276
vn -0.8791 -0.4662 0.0992
vn -0.9113 -0.4095 -0.0430
vn -0.7916 -0.6069 -0.0711
vn -0.9913 0.1297 -0.0225
vn -0.9952 0.0938 0.0291
vn -0.8613 -0.5050 -0.0561
vn -0.6785 -0.7251 -0.1176
vn -0.9563 -0.2908 -0.0303
vn -0.8784 -0.2161 -0.4263
vn -0.7610 -0.6282 -0.1620
vn -0.7200 -0.6802 -0.1375
vn -0.9517 0.0287 -0.3057
vn -0.9799 -0.1765 0.0934
vn -0.9925 0.0153 0.1211
vn -0.9960 0.0608 -0.0654
vn -0.9278 -0.3728 0.0141
vn -0.9794 0.1854 -0.0800
vn -0.9822 0.1777 -0.0603
vn -0.9804 0.1733 0.0936
vn -0.9836 -0.1780 0.0307
vn -0.9020 0.4269 0.0648
vn -0.9800 0.1978 -0.0237
vn -0.9044 -0.4263 -0.0171
vn -0.4976 -0.8672 -0.0192
vn -0.8278 -0.5608 0.0122
vn -0.9103 0.3824 -0.1586
vn -0.8691 -0.4501 -0.2052
vn -0.9968 -0.0189 -0.0774
vn -0.9472 0.3152 -0.0580
vn -0.9417 -0.3345 -0.0362
vn -0.9807 -0.1852 -0.0626
vn -0.8260 -0.5473 -0.1348
vn -0.8959 0.4424 -0.0395
vn -0.9983 0.0528 0.0250
vn -0.9125 -0.3862 0.1346
vn -0.9406 0.2605 -0.2178
vn -0.5798 -0.8082 0.1033
vn -1.0000 0.0062 0.0070
vn -0.5902 -0.8006 -0.1031
vn -0.9468 -0.3218 0.0007
vn -0.7441 -0.6588 0.1106
vn -0.9976 -0.0695 0.0057
vn -0.8765 -0.4798 0.0386
vn -0.9744 -0.2229 0.0286
vn -0.9621 -0.2615 0.0770
vn -0.9020 -0.3091 0.3013
vn -0.9458 -0.3245 0.0152
vn -0.9626 0.2051 0.1770
vn -0.9754 -0.2148 0.0488
vn -0.9191 -0.3855 0.0812
vn -0.8657 -0.4992 -0.0377
vn -0.9974 -0.0331 0.0636
vn -0.8393 -0.5425 0.0364
vn -0.8976 -0.4397 0.0304
vn -0.9736 -0.2216 0.0548
vn -0.8303 0.5571 0.0135
vn -0.9418 -0.3360 -0.0088
vn -0.9997 -0.0058 0.0241
vn -0.9779 -0.2082 0.0175
vn -0.9957 -0.0895 0.0254
vn -0.9621 0.2729 -0.0032
vn -0.9885 0.1501 -0.0157
vn -0.9261 -0.3764 0.0275
vn -0.8927 -0.4506 0.0115
vn -0.9450 -0.3261 -0.0247
vn -0.9505 -0.3098 -0.0253
vn -0.9821 -0.1849 -0.0370
vn -0.9550 -0.2918 -0.0537
vn -0.9371 -0.3432 -0.0638
vn -0.9749 -0.2203 0.0323
vn -0.9777 0.2088 0.0235
vn -0.8760 -0.4750 0.0832
vn -0.9675 -0.2333 0.0976
vn -0.9607 0.2775 0.0105
vn -0.8803 0.4743 0.0076
vn -0.8949 -0.4451 0.0323
vn -0.9981 0.0458 -0.0402
vn -0.9459 0.3245 0.0080
vn -0.9392 0.3420 0.0315
vn -0.9372 -0.3487 0.0064
vn -0.9310 -0.3649 0.0014
vn -0.9654 0.2608 -0.0024
vn -0.9993 -0.0103 -0.0358
vn -0.9978 0.0207 -0.0635
vn -0.9970 0.0378 -0.0668
vn -0.8598 0.5001 -0.1034
vn -0.8407 0.5344 -0.0872
vn -0.8734 0.4766 -0.0996
vn -0.9660 0.2582 0.0096
vn -0.9883 0.1429 -0.0528
vn -0.9907 -0.1359 -0.0006
vn -0.8963 -0.4418 -0.0388
vn -0.9851 -0.1716 0.0074
vn -0.9411 0.3373 -0.0237
vn -0.9979 -0.0636 0.0159
vn -0.9761 0.2170 0.0070
vn -0.9485 0.3168 -0.0068
vn -0.9111 -0.4100 0.0418
vn -0.8455 -0.5337 0.0157
vn -0.9231 0.3838 0.0231
vn -0.6089 -0.7636 -0.2151
vn -0.9255 -0.3647 -0.1021
vn -0.8479 -0.2080 -0.4876
vn -0.9115 0.4096 -0.0374
vn -0.8857 0.4592 -0.0692
vn -0.9929 -0.0716 -0.0949
vn -0.7142 -0.6899 -0.1180
vn -0.9192 -0.3913 -0.0452
vn -0.9802 -0.1959 -0.0283
vn -0.9785 -0.1732 0.1119
vn -0.8294 0.5513 0.0903
vn -0.9988 -0.0389 -0.0312
vn -0.9721 -0.2169 0.0898
vn -0.9693 0.2329 0.0794
vn -0.9454 0.0125 -0.3256
vn -0.9122 -0.0774 -0.4024
vn -0.9680 0.0898 -0.2344
vn -0.7296 -0.0077 -0.6838
vn -0.1527 -0.0147 -0.9882
vn -0.1531 -0.0148 -0.9881
vn -0.1517 -0.0223 -0.9882
vn -0.1557 -0.0188 -0.9876
vn -0.1563 -0.0264 -0.9873
vn -0.1562 -0.0265 -0.9874
vn -0.1738 -0.0513 -0.9834
vn -0.1956 -0.0257 -0.9804
vn -0.7156 -0.0552 -0.6963
vn -0.9988 0.0298 0.0386
vn -0.9983 0.0588 -0.0003
vn -0.9995 0.0150 0.0263
vn -0.9105 -0.0469 -0.4109
vn -0.8324 0.0461 -0.5523
vn -0.7576 -0.1332 -0.6389
vn -0.7212 -0.2378 -0.6506
vn -0.4767 -0.1440 -0.8672
vn -0.1589 -0.0726 -0.9846
vn -0.1312 -0.1033 -0.9860
vn -0.3849 -0.2562 -0.8867
vn -0.3458 -0.3337 -0.8770
vn -0.1009 -0.1231 -0.9873
vn -0.3315 -0.4594 -0.8240
vn -0.0910 -0.1294 -0.9874
vn -0.0796 -0.1304 -0.9883
vn -0.0797 -0.1298 -0.9883
vn -0.6281 -0.4609 -0.6269
vn -0.5105 -0.4720 -0.7187
vn -0.3918 -0.6426 -0.6584
vn -0.2542 -0.4846 -0.8370
vn -0.5269 -0.8499 -0.0053
vn -0.3775 -0.9260 -0.0010
vn -0.3778 -0.9259 -0.0001
vn -0.3926 -0.9197 0.0031
vn -0.1501 -0.7306 -0.6661
vn 0.3326 -0.8527 -0.4027
vn 0.1491 -0.5409 -0.8278
vn -0.0372 -0.1544 -0.9873
vn -0.1605 -0.5259 -0.8353
vn -0.2433 -0.4787 -0.8436
vn -0.1180 -0.2806 -0.9525
vn -0.0464 -0.7009 -0.7117
vn -0.0142 -0.9999 -0.0027
vn -0.0459 -0.9989 -0.0092
vn -0.0090 -0.9999 0.0051
vn -0.0507 -0.5580 -0.8283
vn -0.3924 -0.8396 -0.3755
vn 0.0905 -0.7533 -0.6514
vn 0.1697 -0.7320 -0.6599
vn 0.0090 -0.1604 -0.9870
vn 0.0313 -0.1645 -0.9859
vn 0.2647 -0.8608 -0.4347
vn 0.0590 -0.1427 -0.9880
vn 0.0589 -0.1421 -0.9881
vn 0.0633 -0.1285 -0.9897
vn 0.0612 -0.1284 -0.9898
vn 0.0679 -0.1206 -0.9904
vn 0.0676 -0.1163 -0.9909
vn 0.0562 -0.1158 -0.9917
vn 0.0651 -0.1168 -0.9910
vn 0.4006 -0.7695 -0.4973
vn 0.0594 -0.1319 -0.9895
vn 0.3757 -0.9064 -0.1929
vn 0.4193 -0.9078 -0.0027
vn 0.3336 -0.9427 -0.0046
vn -0.1827 -0.9829 -0.0243
vn -0.5418 0.8403 -0.0196
vn -0.5399 0.8413 -0.0261
vn -0.5482 0.8361 -0.0206
vn -0.5420 0.8402 -0.0169
vn -0.5489 0.8356 -0.0236
vn -0.5489 0.8356 -0.0237
vn -0.8361 0.5484 -0.0117
vn -0.8248 0.5653 -0.0110
vn -0.8062 0.5914 -0.0144
vn -0.8236 0.5671 -0.0113
vn -0.9176 0.3975 -0.0022
vn -0.7171 0.6955 -0.0445
vn -0.8277 0.5612 0.0019
vn -0.8182 0.5748 0.0067
vn -0.8279 0.5609 0.0035
vn -0.7429 0.6694 0.0051
vn -0.5653 0.8247 0.0178
vn -0.4946 0.8691 -0.0062
vn -0.6188 0.7852 -0.0239
vn -0.6024 0.7982 0.0006
vn -0.6292 0.7770 -0.0166
vn -0.9816 -0.1826 -0.0564
vn -0.9931 0.0190 -0.1155
vn -0.8195 0.5715 -0.0418
vn -0.8822 0.4663 -0.0655
vn -0.8796 0.4731 -0.0501
vn -0.8279 0.5609 -0.0042
vn -0.9217 0.3879 0.0003
vn -0.3440 0.9388 -0.0169
vn -0.9509 -0.2282 0.2090
vn -0.9975 -0.0302 0.0637
vn -0.8293 -0.5379 0.1517
vn -0.8029 0.5905 -0.0817
vn -0.9567 -0.1921 -0.2187
vn -0.5793 0.8150 -0.0080
vn -0.5891 0.8080 -0.0128
vn -0.5877 0.8090 -0.0095
vn -0.5416 0.8406 -0.0066
vn -0.4793 0.8776 -0.0024
vn -0.8210 0.5694 -0.0430
vn -0.9837 -0.1742 -0.0450
vn -0.9647 0.2085 -0.1610
vn -0.9787 0.1849 -0.0892
vn -0.9206 -0.2222 -0.3212
vn -0.9660 -0.2551 -0.0424
vn -0.9849 -0.1728 0.0111
vn -0.7219 -0.6901 -0.0503
vn -0.8764 -0.4790 0.0488
vn -0.8076 -0.5702 -0.1505
vn -0.9878 -0.1464 0.0537
vn -0.9980 -0.0557 -0.0283
vn -0.9813 -0.1921 0.0128
vn -0.7840 -0.6095 -0.1178
vn -0.8093 -0.5196 0.2741
vn -0.8994 -0.4324 -0.0640
vn -0.7855 -0.5649 -0.2526
vn -0.9801 -0.1876 -0.0644
vn -0.8928 0.4223 0.1566
vn -0.9105 -0.3891 0.1398
vn -0.9477 -0.1928 0.2544
vn -0.7880 -0.6157 0.0023
vn -0.9325 -0.3517 0.0822
vn -0.8940 -0.4462 0.0404
vn -0.4399 -0.8927 -0.0981
vn -0.8720 -0.4894 -0.0027
vn -0.9692 -0.2432 -0.0387
vn -0.9436 -0.3283 -0.0415
vn -0.9410 -0.3255 -0.0925
vn -0.9473 -0.3061 -0.0939
vn -0.9624 -0.2674 -0.0467
vn -0.8882 -0.4581 -0.0360
vn -0.9991 0.0384 -0.0180
vn -0.8913 -0.4522 -0.0315
vn -0.5572 -0.8291 -0.0447
vn -0.8394 -0.5208 -0.1552
vn -0.6614 -0.7397 0.1242
vn -0.9427 -0.3310 0.0407
vn -0.9345 -0.3539 -0.0385
vn -0.9744 -0.2212 0.0395
vn -0.9987 0.0427 0.0273
vn -0.9963 0.0856 0.0026
vn -0.9696 0.2366 0.0624
vn -0.9801 -0.1884 0.0631
vn -0.9055 -0.4151 0.0886
vn -0.9269 -0.3594 -0.1085
vn -0.9580 0.2865 0.0106
vn -0.9378 0.3029 -0.1696
vn -0.9446 -0.3250 0.0463
vn -0.9372 -0.3417 -0.0696
vn -0.9917 0.1286 -0.0088
vn -0.9898 0.1418 -0.0112
vn -0.9927 -0.1202 -0.0107
vn -0.7021 -0.7119 -0.0149
vn -0.8951 0.1859 -0.4053
vn -0.9395 0.3400 0.0416
vn -0.9402 0.3406 -0.0049
vn -0.7554 -0.6549 -0.0235
vn -0.9032 -0.4140 -0.1128
vn -0.9571 0.2898 0.0004
vn -0.9544 -0.2983 -0.0108
vn -0.9593 0.2823 -0.0082
vn -0.8862 0.4632 0.0113
vn -0.8658 0.4991 0.0356
vn -0.9778 0.2094 -0.0105
vn -0.9767 0.2139 -0.0151
vn -0.9764 0.2145 -0.0233
vn -0.9485 0.3166 0.0047
vn -0.9445 0.3286 0.0008
vn -0.9979 -0.0653 -0.0049
vn -0.9988 -0.0452 0.0176
vn -0.9974 -0.0711 -0.0088
vn -0.9793 0.2023 0.0101
vn -0.9958 0.0901 -0.0148
vn -0.9990 0.0130 -0.0437
vn -0.9992 -0.0240 -0.0317
vn -0.9983 -0.0317 -0.0493
vn -0.9989 -0.0461 -0.0130
vn -0.9998 0.0184 -0.0064
vn -0.9997 0.0219 -0.0078
vn -0.9728 0.2316 0.0045
vn -0.9991 0.0409 -0.0057
vn -0.9996 0.0201 -0.0221
vn -0.9998 0.0174 0.0034
vn -0.9992 0.0398 -0.0095
vn -0.9996 0.0263 0.0080
vn -0.9991 0.0418 -0.0019
vn -0.9997 0.0202 0.0145
vn -0.9993 -0.0352 -0.0152
vn -0.9982 -0.0585 0.0106
vn -0.9959 0.0867 0.0273
vn -0.9196 0.3927 -0.0098
vn -0.9344 -0.3563 0.0006
vn -0.9851 0.1716 0.0102
vn -0.9807 0.1897 -0.0468
vn -0.9867 -0.1621 0.0100
vn -0.9974 0.0609 0.0388
vn -0.9992 0.0402 -0.0062
vn -0.9309 0.3651 -0.0138
vn -0.9270 0.3748 -0.0102
vn -0.9309 0.3645 0.0239
vn -0.9000 0.4354 -0.0224
vn -0.9434 0.3314 0.0127
vn -0.9474 0.3196 0.0159
vn -0.9986 0.0466 -0.0247
vn -0.9996 0.0293 -0.0011
vn -0.9997 0.0183 0.0173
vn -0.9258 0.3773 -0.0225
vn -0.9014 0.4330 -0.0018
vn -0.8791 0.4734 0.0551
vn -0.8731 0.4873 0.0187
vn -0.9321 0.3590 0.0471
vn -0.9627 0.2697 -0.0197
vn -0.9520 0.3026 0.0454
vn -0.8975 0.4369 -0.0600
vn -0.9765 -0.2156 -0.0013
vn -0.9974 -0.0392 0.0601
vn -0.9948 0.0860 -0.0544
vn -0.9996 0.0253 -0.0152
vn -0.9934 0.1150 0.0021
vn -0.7494 0.6616 -0.0261
vn -0.8314 0.5521 0.0627
vn -0.5727 0.8195 0.0198
vn -0.5731 0.8195 0.0022
vn -0.5182 0.8551 0.0152
vn -0.4930 0.8683 0.0546
vn -0.9964 -0.0294 -0.0791
vn -0.9171 0.3587 -0.1741
vn -0.8411 0.5258 -0.1269
vn -0.9125 0.3989 -0.0908
vn -0.5517 0.8338 0.0198
vn -0.8883 0.4590 -0.0145
vn -0.9910 0.1258 -0.0451
vn -0.9819 0.1812 -0.0548
vn -0.9888 0.1423 -0.0451
vn -0.9708 0.2380 0.0312
vn -0.9709 0.2377 0.0292
vn -0.9789 -0.1842 0.0887
vn -0.7516 0.6585 0.0382
vn -0.9904 0.0416 0.1315
vn -0.9036 0.4280 0.0172
vn -0.9949 -0.0043 0.1009
vn -0.8800 0.4737 -0.0344
vn -0.8169 0.5768 -0.0008
vn -0.5791 0.8152 -0.0003
vn -0.5334 0.8450 -0.0384
vn -0.5951 0.8028 -0.0373
vn -0.4976 0.8673 0.0105
vn -0.4530 0.8902 -0.0478
vn -0.6307 0.7760 -0.0098
vn -0.5762 0.8148 0.0644
vn -0.6057 0.7938 0.0547
vn -0.5695 0.8196 0.0625
vn -0.4366 0.8991 -0.0309
vn -0.5337 0.7609 -0.3690
vn -0.3371 0.9414 0.0090
vn -0.5562 0.8284 0.0669
vn -0.5522 0.8225 -0.1362
vn -0.2295 0.3230 -0.9181
vn -0.3763 0.6043 -0.7023
vn -0.3896 0.6064 -0.6932
vn -0.3766 0.6054 -0.7012
vn -0.3367 0.3470 -0.8753
vn -0.3387 0.6102 -0.7162
vn -0.3426 0.6047 -0.7190
vn -0.3429 0.6048 -0.7188
vn -0.1765 0.9843 -0.0091
vn -0.2089 0.9758 0.0640
vn 0.0318 0.9842 0.1741
vn -0.5287 0.8452 0.0776
vn -0.1502 0.9824 0.1113
vn -0.3362 0.8297 -0.4457
vn -0.4278 0.8452 -0.3203
vn -0.1457 0.3694 -0.9178
vn -0.2061 0.6691 -0.7140
vn -0.2128 0.6685 -0.7126
vn -0.1980 0.6695 -0.7160
vn -0.0507 0.1477 -0.9877
vn -0.0998 0.1352 -0.9858
vn -0.2859 0.6986 -0.6560
vn -0.3091 0.9510 0.0044
vn -0.3022 0.9532 0.0078
vn -0.2859 0.9582 0.0090
vn -0.3849 0.9229 -0.0025
vn -0.1374 0.5349 -0.8337
vn -0.4517 0.8922 0.0016
vn -0.4950 0.8688 0.0098
vn -0.5656 0.8246 0.0084
vn -0.5515 0.8342 0.0037
vn -0.5659 0.8245 0.0074
vn -0.6599 0.7513 0.0074
vn -0.6549 0.7557 -0.0030
vn -0.6838 0.7296 0.0110
vn -0.5860 0.5711 -0.5748
vn -0.6603 0.3354 -0.6720
vn -0.6038 0.4015 -0.6887
vn -0.8322 0.5545 -0.0034
vn -0.7583 0.6519 0.0046
vn -0.5702 0.8214 0.0087
vn -0.5469 0.8372 0.0038
vn -0.5474 0.8369 0.0013
vn -0.5363 -0.8421 -0.0562
vn 0.1894 -0.9819 -0.0090
vn -0.0526 -0.9979 -0.0384
vn -0.7030 -0.7111 -0.0079
vn -0.4790 -0.8778 0.0020
vn -0.4757 -0.8796 -0.0064
vn -0.5063 -0.8623 0.0113
vn -0.7555 -0.6550 -0.0117
vn 0.1894 -0.9818 0.0150
vn -0.5942 -0.8043 0.0047
vn -0.4978 -0.8672 -0.0078
vn -0.6307 -0.7760 -0.0083
vn -0.5706 -0.8212 -0.0048
vn -0.5361 -0.8384 -0.0979
vn -0.2262 -0.9741 -0.0059
vn -0.6284 -0.7777 0.0156
vn -0.5772 -0.8166 -0.0035
vn -0.6398 -0.7685 0.0084
vn -0.6438 -0.7651 0.0152
vn -0.6207 -0.7832 0.0358
vn -0.6007 -0.7981 0.0468
vn -0.5632 -0.8240 -0.0626
vn -0.5745 -0.8184 -0.0118
vn -0.6363 -0.7714 -0.0058
vn -0.1184 -0.9914 0.0563
vn -0.0258 -0.9997 -0.0052
vn -0.5763 -0.8144 0.0687
vn -0.5223 -0.8527 -0.0053
vn -0.1869 -0.9817 -0.0352
vn -0.0944 -0.9953 0.0197
vn -0.0941 -0.9953 0.0217
vn -0.1175 -0.9928 0.0234
vn -0.7944 -0.6070 0.0226
vn -0.0833 -0.9961 -0.0302
vn -0.3216 -0.9455 -0.0511
vn -0.3146 -0.9489 -0.0256
vn -0.8093 -0.5868 -0.0262
vn -0.8473 -0.5307 -0.0190
vn -0.8459 -0.5331 -0.0135
vn -0.8686 -0.4955 -0.0024
vn -0.8309 -0.5564 0.0004
vn -0.8336 -0.5522 -0.0166
vn -0.3694 -0.9292 0.0075
vn -0.6294 -0.7771 -0.0071
vn -0.2536 -0.9672 -0.0169
vn -0.6723 -0.7402 0.0150
vn -0.7056 -0.7086 -0.0026
vn 0.8280 -0.5585 -0.0500
vn 0.6846 -0.7288 -0.0136
vn 0.6854 -0.7281 -0.0048
vn 0.6563 -0.7542 -0.0195
vn -0.2638 -0.9645 0.0137
vn -0.2822 -0.9592 0.0202
vn -0.6073 -0.7943 0.0161
vn -0.2124 -0.9760 0.0483
vn -0.2027 -0.9775 -0.0590
vn -0.0078 -0.9998 -0.0168
vn 0.2241 -0.9745 -0.0129
vn -0.6126 -0.7901 -0.0235
vn 0.2300 -0.9731 -0.0096
vn -0.1892 -0.9802 -0.0578
vn -0.5926 -0.8045 0.0390
vn -0.1920 -0.9811 -0.0241
vn -0.0497 -0.9988 -0.0053
vn -0.3470 -0.9377 -0.0182
vn -0.8887 -0.4492 -0.0916
vn -0.1808 -0.9763 -0.1191
vn -0.6363 -0.7629 0.1147
vn -0.6240 -0.7813 -0.0092
vn -0.1737 -0.9845 -0.0220
vn -0.2989 -0.9531 0.0487
vn 0.0361 -0.9993 -0.0083
vn -0.1986 -0.9801 -0.0058
vn -0.3601 -0.9329 0.0037
vn -0.3688 -0.9295 0.0037
vn -0.3549 -0.9349 0.0048
vn -0.3011 -0.9534 0.0172
vn 0.0568 -0.9984 0.0031
vn 0.0569 -0.9983 0.0090
vn 0.0573 -0.9983 0.0080
vn 0.0280 -0.9996 -0.0027
vn 0.0331 -0.9995 -0.0019
vn 0.0343 -0.9994 -0.0015
vn 0.1155 -0.9931 -0.0208
vn 0.0459 -0.9989 -0.0005
vn 0.0292 -0.9996 -0.0035
vn 0.0569 -0.9984 0.0002
vn -0.0253 -0.9997 -0.0004
vn -0.0322 -0.9995 0.0026
vn -0.0342 -0.9994 0.0022
vn -0.0096 -0.9999 0.0097
vn -0.0331 -0.9994 0.0026
vn 0.0633 -0.9980 -0.0027
vn 0.0914 -0.9958 0.0047
vn 0.0884 -0.9960 0.0124
vn 0.0916 -0.9958 0.0053
vn 0.0818 -0.9966 0.0059
vn 0.1495 -0.9888 0.0042
vn 0.2022 -0.9793 0.0024
vn 0.2711 -0.9625 0.0065
vn 0.2432 -0.9699 -0.0087
vn 0.2712 -0.9625 0.0063
vn 0.4366 -0.8994 0.0218
vn 0.2847 -0.9577 0.0423
vn 0.4135 -0.9104 -0.0126
vn 0.3695 -0.9292 -0.0075
vn 0.4487 -0.8908 -0.0719
vn 0.3953 -0.9169 -0.0543
vn 0.5197 -0.8534 0.0409
vn 0.4123 -0.8938 -0.1765
vn 0.4516 -0.8565 0.2500
vn 0.4038 -0.9149 -0.0000
vn 0.2532 -0.7196 -0.6466
vn 0.2598 -0.7164 -0.6475
vn 0.2679 -0.7107 -0.6505
vn 0.2216 -0.7152 -0.6629
vn 0.1974 -0.9155 -0.3504
vn 0.1750 -0.7123 -0.6798
vn 0.2374 -0.9713 0.0147
vn 0.1990 -0.9798 0.0179
vn 0.5075 -0.8609 0.0360
vn 0.5005 -0.8655 0.0183
vn 0.5124 -0.8584 0.0260
vn 0.0701 -0.9975 -0.0069
vn 0.0932 -0.9955 0.0156
vn 0.0661 -0.9978 0.0020
vn -0.0146 -0.9980 0.0619
vn -0.0803 -0.9967 0.0097
vn 0.0230 -0.9996 0.0135
vn 0.0686 -0.9974 -0.0212
vn 0.0557 -0.9975 0.0425
vn -0.0729 -0.9973 -0.0104
vn -0.0820 -0.9966 -0.0040
vn -0.0726 -0.9971 -0.0218
vn 0.9849 0.1700 -0.0327
vn 0.9870 0.1594 -0.0213
vn 0.9866 0.1626 0.0101
vn -0.0240 0.9997 0.0038
vn -0.0163 0.9999 -0.0033
vn -0.0190 0.9998 -0.0043
vn -0.8083 0.5881 -0.0296
vn -0.7970 0.6036 -0.0229
vn -0.8075 0.5891 -0.0298
vn -0.9680 -0.2275 0.1057
vn -0.9762 0.1998 0.0842
vn -0.6715 -0.7366 0.0802
vn -0.8644 -0.4918 -0.1047
vn 0.9430 0.3327 0.0068
vn 0.9965 0.0838 0.0060
vn 1.0000 0.0030 -0.0013
vn 1.0000 0.0035 0.0016
vn 1.0000 -0.0044 0.0014
vn 0.9968 -0.0770 0.0235
vn 0.9955 -0.0905 -0.0268
vn 1.0000 -0.0090 -0.0011
vn 0.9999 -0.0146 -0.0065
vn 1.0000 -0.0091 -0.0010
vn 0.9940 -0.1053 0.0294
vn 0.9964 -0.0834 0.0156
vn 0.9995 -0.0316 -0.0005
vn 0.9972 0.0744 -0.0060
vn 0.9977 0.0668 -0.0090
vn 0.9967 0.0809 -0.0024
vn 0.9999 0.0032 -0.0101
vn 1.0000 -0.0019 -0.0039
vn 0.9999 0.0029 -0.0102
vn 0.9998 -0.0032 0.0195
vn 0.9998 -0.0106 0.0159
vn 0.9998 -0.0101 0.0150
vn 0.9247 -0.3796 -0.0302
vn 0.9994 0.0346 -0.0020
vn 0.9997 0.0261 0.0010
vn 0.9995 0.0327 -0.0034
vn 0.9993 0.0375 0.0028
vn 0.9993 0.0374 0.0010
vn 0.9997 0.0261 0.0018
vn 0.9987 0.0510 0.0008
vn 0.9991 0.0404 -0.0103
vn 0.9987 0.0516 -0.0004
vn 0.9958 0.0916 -0.0054
vn 0.9958 0.0910 -0.0075
vn 0.9945 0.1043 -0.0013
vn 0.9989 0.0263 -0.0383
vn 0.9884 0.1363 0.0664
vn 0.9981 0.0548 0.0283
vn 0.9454 0.0445 -0.3230
vn 0.9699 -0.2294 0.0819
vn 0.9707 0.1542 -0.1842
vn 0.9025 0.1764 -0.3929
vn 0.9919 0.1171 0.0493
vn 0.9714 0.2365 0.0200
vn 0.9675 0.2523 0.0152
vn 0.9713 0.2373 0.0152
vn 0.9698 0.2417 -0.0318
vn 0.9676 0.2507 -0.0286
vn 0.9680 0.2469 -0.0447
vn 0.9664 0.2312 -0.1122
vn 0.9928 0.1163 -0.0303
vn 0.9913 0.1229 -0.0468
vn 0.7266 0.6816 -0.0868
vn 0.8565 0.5140 -0.0480
vn 0.7116 0.7024 -0.0182
vn 0.8276 0.5609 -0.0218
vn 0.7335 0.6795 -0.0172
vn 0.9869 0.1602 -0.0195
vn 0.9868 0.1611 -0.0160
vn 0.9868 0.1613 -0.0144
vn 0.9854 0.1700 -0.0041
vn 0.9863 0.1649 0.0022
vn 0.9854 0.1702 -0.0035
vn 0.7497 0.6617 0.0092
vn 0.8221 0.5692 0.0103
vn 0.9296 0.3652 -0.0505
vn 0.9453 0.3255 -0.0219
vn 0.9431 0.3325 -0.0029
vn 0.7490 0.6626 0.0030
vn 0.7331 0.6801 0.0106
vn 0.9533 0.3018 0.0072
vn 0.9523 0.3008 0.0517
vn 0.9502 0.3117 -0.0062
vn 0.7359 0.6602 0.1504
vn 0.7765 0.6254 0.0772
vn 0.8490 0.5282 -0.0177
vn 0.7542 0.6512 -0.0839
vn 0.7799 0.6257 -0.0153
vn 0.9687 0.2479 0.0110
vn 0.9880 0.1543 0.0032
vn 0.9882 0.1531 0.0007
vn 0.9826 0.1856 -0.0007
vn 0.9832 0.1823 -0.0049
vn 0.9817 0.1905 -0.0043
vn 0.9833 0.1819 -0.0008
vn 0.9882 0.1529 0.0051
vn 0.9858 0.1675 0.0133
vn 0.9846 0.1746 0.0102
vn 0.9021 0.4311 -0.0166
vn 0.9423 0.3334 -0.0301
vn 0.8936 0.4449 -0.0592
vn 0.7513 0.6597 -0.0178
vn 0.6373 0.7695 0.0418
vn 0.7662 0.6424 0.0148
vn 0.7352 0.6708 -0.0970
vn 0.7648 0.6441 -0.0144
vn 0.7284 0.6850 -0.0109
vn 0.7365 0.6751 0.0436
vn 0.7272 0.6862 -0.0160
vn 0.9486 0.3153 0.0264
vn 0.5212 0.8530 0.0259
vn -0.7247 -0.6890 0.0087
vn -0.7322 -0.6811 -0.0015
vn -0.7281 -0.6854 -0.0029
vn -0.9075 0.4200 -0.0038
vn -0.9698 0.2361 0.0619
vn -0.8884 0.4580 -0.0319
vn -0.9911 0.1193 -0.0594
vn -0.9473 -0.3148 -0.0595
vn -0.9878 -0.1544 0.0216
vn -0.9807 0.1952 0.0151
vn -0.9817 0.1901 0.0060
vn -0.9826 0.1858 -0.0051
vn -0.9832 -0.1799 0.0318
vn -0.9429 0.2039 0.2635
vn -0.8671 -0.4982 -0.0019
vn -0.7923 -0.6100 -0.0167
vn -0.8350 -0.5501 -0.0054
vn -0.8582 -0.5133 0.0032
vn 0.0244 -0.9987 -0.0454
vn 0.0085 -0.9990 -0.0433
vn -0.0036 -0.9992 -0.0391
vn 0.7806 0.6249 0.0112
vn 0.0684 -0.9977 0.0026
vn -0.9572 0.2887 -0.0204
vn -0.9889 -0.1459 -0.0284
vn -0.9718 -0.2358 0.0019
vn -0.9653 0.2558 -0.0523
vn -0.8779 -0.4705 -0.0884
vn -0.9386 -0.3423 -0.0442
vn -0.8420 -0.5394 -0.0098
vn -0.9540 -0.2829 -0.0998
vn -0.9776 -0.2075 -0.0351
vn -0.9753 -0.2204 -0.0168
vn -0.9248 -0.3781 -0.0433
vn 0.6495 -0.7601 0.0201
vn 0.5735 -0.8191 0.0074
vn 0.6294 -0.7769 0.0142
vn 0.6242 -0.7812 -0.0031
vn 0.6153 -0.7883 0.0046
vn 0.6247 -0.7808 0.0047
vn 0.4674 -0.8840 0.0098
vn 0.5113 0.8589 -0.0301
vn 0.5604 0.8281 0.0117
vn 0.3899 0.9208 0.0104
vn 0.3456 0.9384 -0.0060
vn 0.3587 0.9334 0.0115
vn 0.3841 0.9233 0.0047
vn -0.6941 -0.7198 -0.0132
vn -0.8245 -0.5657 -0.0123
vn -0.3665 -0.9292 -0.0465
vn -0.1642 -0.9851 -0.0513
vn -0.8865 -0.4509 -0.1038
vn -0.4592 -0.8877 -0.0335
vn -0.3797 -0.9251 -0.0069
vn -0.4884 -0.8726 0.0076
vn -0.7020 -0.7119 -0.0206
vn -0.8051 -0.5927 -0.0202
vn -0.8262 -0.5633 -0.0016
vn -0.8004 -0.5983 0.0375
vn -0.5129 0.8580 -0.0280
vn 0.6079 -0.7940 -0.0077
vn 0.6331 -0.7741 0.0005
vn 0.6111 -0.7915 -0.0024
vn 0.6110 -0.7916 -0.0022
vn 0.6043 -0.7967 0.0007
vn 0.6080 -0.7936 -0.0216
vn 0.6061 -0.7954 0.0048
vn 0.4213 -0.9069 0.0064
vn 0.3110 -0.9496 -0.0396
vn 0.1362 -0.9904 -0.0223
vn -0.0456 -0.9954 -0.0839
vn 0.0736 -0.9925 0.0977
vn 0.3476 -0.9338 0.0845
vn 0.3053 -0.9326 -0.1927
vn 0.2862 -0.9576 0.0329
vn 0.4894 -0.7884 -0.3726
vn 0.6510 -0.7591 0.0039
vn 0.5619 -0.7304 -0.3884
vn 0.6171 -0.7869 0.0064
vn 0.5853 -0.7132 -0.3858
vn 0.6681 -0.6617 -0.3402
vn 0.7214 -0.6907 0.0502
vn 0.5208 -0.8531 0.0306
vn 0.8011 -0.5905 0.0975
vn 0.9499 -0.1325 0.2831
vn 0.7500 -0.6405 0.1650
vn 0.8909 -0.4482 0.0741
vn 0.8750 -0.4832 -0.0309
vn 0.7619 -0.6472 0.0266
vn 0.7559 -0.6206 -0.2084
vn 0.7313 -0.6820 0.0060
vn 0.7444 -0.6676 -0.0134
vn 0.8887 -0.4579 -0.0224
vn 0.6545 -0.7561 -0.0051
vn 0.6650 -0.7381 -0.1139
vn 0.4511 -0.8925 -0.0000
vn 0.4953 -0.8686 0.0117
vn 0.7782 -0.6268 0.0396
vn 0.2394 -0.9709 0.0078
vn 0.7291 -0.6838 0.0290
vn 0.7309 -0.6825 -0.0048
vn 0.8918 -0.4525 -0.0004
vn 0.8874 -0.4570 0.0604
vn 0.8217 -0.5699 -0.0000
vn 0.8599 -0.5104 0.0073
vn 0.7633 -0.6455 0.0261
vn 0.3432 -0.9392 -0.0145
vn 0.6790 -0.7285 -0.0910
vn 0.9000 -0.4351 -0.0277
vn 0.8909 -0.4496 -0.0644
vn 0.2362 -0.9708 -0.0405
vn 0.3199 -0.9473 0.0195
vn 0.9987 0.0492 -0.0151
vn 0.9972 -0.0424 -0.0619
vn 0.9986 -0.0396 -0.0348
vn 0.9957 -0.0508 -0.0773
vn 0.9698 -0.2433 -0.0186
vn 0.7610 -0.6448 0.0712
vn 0.8746 -0.4848 0.0080
vn 0.6940 -0.7182 -0.0498
vn 0.6807 -0.7253 0.1028
vn 0.7913 -0.6100 0.0406
vn 0.9073 -0.3987 0.1335
vn 0.9194 -0.3745 0.1201
vn 0.8969 -0.4121 0.1603
vn 0.7362 -0.4595 -0.4969
vn 0.8137 -0.4858 -0.3193
vn 0.6581 -0.7462 0.1003
vn -0.3243 -0.9424 -0.0823
vn -0.6395 -0.7688 -0.0008
vn -0.3823 -0.9238 -0.0219
vn 0.2880 -0.9576 -0.0041
vn -0.6038 -0.7966 -0.0299
vn -0.4796 -0.8775 -0.0053
vn -0.3122 -0.9500 -0.0026
vn -0.7359 -0.6771 -0.0052
vn -0.5100 -0.8597 -0.0283
vn -0.3194 -0.9476 0.0064
vn -0.6005 -0.7996 -0.0087
vn -0.3701 -0.9289 -0.0163
vn -0.8282 -0.5593 0.0349
vn -0.2651 -0.9638 -0.0270
vn -0.1563 -0.9873 -0.0275
vn -0.7665 -0.6319 -0.1145
vn -0.8680 -0.4964 -0.0117
vn -0.7496 -0.6612 0.0320
vn -0.5340 -0.8424 -0.0717
vn -0.4646 -0.8855 -0.0009
vn -0.4518 -0.8919 0.0190
vn -0.6584 -0.7515 0.0420
vn -0.5779 -0.8149 0.0448
vn -0.6622 -0.7493 -0.0021
vn -0.0560 -0.9959 -0.0708
vn -0.2806 -0.9555 -0.0910
vn -0.2586 -0.9630 0.0759
vn -0.6379 -0.7700 0.0157
vn -0.0702 -0.9959 0.0574
vn -0.7618 -0.6456 -0.0542
vn -0.4536 -0.8902 0.0434
vn 0.3499 -0.9352 -0.0553
vn -0.4672 -0.8842 -0.0016
vn -0.4714 -0.8819 -0.0086
vn -0.4287 -0.9031 -0.0267
vn -0.2031 -0.9783 -0.0413
vn -0.1440 -0.9894 -0.0179
vn 0.0483 -0.9982 0.0345
vn 0.9987 0.0506 0.0077
vn 0.9990 0.0429 0.0087
vn 0.9984 0.0572 0.0026
vn 0.9842 0.1773 0.0019
vn -0.6643 -0.7473 0.0149
vn -0.3353 -0.9419 0.0177
vn -0.6406 -0.7679 -0.0028
vn -0.3661 -0.9297 -0.0392
vn -0.2832 -0.9579 -0.0462
vn -0.6368 -0.7710 -0.0003
vn -0.5871 -0.6113 -0.5307
vn -0.7336 -0.5632 -0.3803
vn -0.7190 -0.6941 -0.0367
vn -0.7319 -0.5901 -0.3407
vn -0.7471 0.6647 -0.0034
vn -0.4629 0.8864 0.0032
vn -0.4821 0.8753 -0.0365
vn -0.4731 0.8810 0.0003
vn -0.8151 0.5791 -0.0165
vn -0.8249 0.5652 -0.0101
vn -0.8202 0.5721 -0.0005
vn -0.8370 0.5470 0.0182
vn -0.6332 0.7685 -0.0926
vn -0.6260 0.6611 -0.4137
vn -0.3860 0.2696 -0.8822
vn -0.6899 0.5783 -0.4355
vn -0.7446 0.5292 -0.4069
vn -0.8119 0.5725 0.1142
vn -0.7427 0.6696 0.0097
vn -0.7335 0.6791 0.0296
vn -0.7408 0.6706 0.0381
vn -0.6674 0.7411 0.0734
vn -0.6681 0.7437 0.0235
vn -0.8640 0.4998 0.0606
vn -0.5456 0.8374 0.0340
vn -0.8676 0.4963 0.0317
vn -0.9974 -0.0551 0.0465
vn 0.8496 0.5275 0.0012
vn -0.1402 -0.9900 0.0164
vn -0.3652 -0.9309 -0.0015
vn -0.4024 -0.9153 0.0169
vn -0.2866 -0.9580 -0.0088
vn -0.2823 -0.9592 -0.0128
vn -0.2656 -0.9640 0.0100
vn -0.3104 -0.9506 0.0079
vn 0.0335 -0.9993 0.0168
vn 0.0497 -0.9988 0.0010
vn 0.0390 -0.9985 0.0390
vn 0.0152 -0.9944 0.1049
vn 0.0157 -0.9517 -0.3066
vn -0.0113 -0.9878 -0.1552
vn -0.2839 -0.9586 0.0215
vn -0.3074 -0.9512 0.0270
vn -0.3071 -0.9515 0.0191
vn -0.1838 -0.9456 -0.2685
vn -0.3471 -0.9365 0.0495
vn -0.1195 -0.7095 -0.6944
vn -0.1431 -0.7062 -0.6934
vn -0.1272 -0.7073 -0.6954
vn -0.0295 -0.7244 -0.6888
vn 0.1403 -0.8891 -0.4357
vn 0.0614 -0.9977 0.0285
vn 0.0773 -0.9969 0.0144
vn 0.0540 -0.9985 -0.0071
vn 0.0837 -0.7557 -0.6496
vn 0.0345 -0.1400 -0.9895
vn 0.0341 -0.1436 -0.9891
vn 0.0330 -0.1360 -0.9902
vn 0.0042 -0.1585 -0.9873
vn 0.0031 -0.1585 -0.9873
vn 0.0126 -0.1590 -0.9872
vn -0.0166 -0.1367 -0.9905
vn -0.0119 -0.1428 -0.9897
vn -0.0059 -0.1378 -0.9904
vn -0.1755 -0.7334 -0.6567
vn -0.2391 -0.7536 -0.6124
vn -0.0345 -0.1556 -0.9872
vn -0.0255 -0.1498 -0.9884
vn -0.0301 -0.1492 -0.9883
vn -0.2206 -0.9267 -0.3041
vn 0.0295 -0.1475 -0.9886
vn 0.0368 -0.1469 -0.9885
vn 0.0377 -0.1467 -0.9885
vn 0.0492 -0.1375 -0.9893
vn 0.0556 -0.1332 -0.9895
vn 0.0548 -0.1350 -0.9893
vn 0.0554 -0.1342 -0.9894
vn 0.0544 -0.1354 -0.9893
vn 0.9569 0.2887 -0.0313
vn 0.9050 0.4253 -0.0055
vn 0.9792 0.1945 -0.0585
vn 0.9997 0.0074 -0.0240
vn 0.9336 0.3582 -0.0114
vn 0.5187 0.8547 -0.0200
vn 0.5227 0.8525 -0.0099
vn 0.9809 0.1937 -0.0202
vn 0.5036 0.8631 -0.0385
vn 0.9991 0.0409 0.0103
vn 0.9548 0.2971 -0.0038
vn 0.8403 0.3539 -0.4108
vn 0.8572 0.4913 -0.1540
vn 0.8578 0.3475 -0.3788
vn 0.8448 0.3898 -0.3666
vn 0.4583 0.1472 -0.8765
vn 0.3946 0.2350 -0.8883
vn 0.9529 0.2930 0.0786
vn 0.6884 0.1901 -0.7000
vn 0.6937 0.1859 -0.6959
vn 0.6862 0.1970 -0.7002
vn 0.9912 0.1312 0.0160
vn 0.9481 0.1143 -0.2968
vn 0.4790 0.0972 -0.8724
vn 0.4788 0.0468 -0.8767
vn 0.6081 -0.0124 -0.7938
vn 0.9664 -0.1037 -0.2351
vn 0.9048 -0.1180 -0.4091
vn 0.1559 0.0511 -0.9865
vn 0.3829 0.2658 -0.8847
vn 0.1320 0.0884 -0.9873
vn 0.1109 0.1156 -0.9871
vn 0.4625 0.3411 -0.8184
vn 0.5288 0.1970 -0.8256
vn 0.7034 0.1895 -0.6851
vn 0.9378 0.3472 -0.0001
vn 0.7548 0.0765 -0.6515
vn 0.7871 0.0064 -0.6168
vn 0.7745 0.0038 -0.6326
vn 0.8875 0.1369 -0.4400
vn 0.8385 -0.2765 -0.4696
vn 0.6721 -0.7355 -0.0855
vn -0.0175 -0.7411 -0.6712
vn 0.9670 0.2548 0.0071
vn 0.9687 0.2482 0.0042
vn 0.9667 0.2560 0.0044
vn 0.9633 0.2685 0.0070
vn 0.9619 0.2732 0.0093
vn 0.9628 0.2699 0.0095
vn 0.7381 0.6747 -0.0076
vn 0.6691 0.7432 0.0021
vn 0.6603 0.7510 -0.0071
vn 0.5336 0.8457 0.0001
vn 0.9304 -0.3656 0.0276
vn 0.9983 -0.0590 -0.0033
vn 0.8170 -0.5755 -0.0351
vn 0.9958 -0.0890 0.0222
vn 0.9957 -0.0894 0.0244
vn 0.9967 -0.0762 0.0297
vn 0.9992 -0.0332 0.0215
vn 0.9989 -0.0453 0.0087
vn 0.9996 -0.0235 0.0139
vn 0.8895 -0.4551 0.0414
vn 0.9955 -0.0929 0.0170
vn 0.9989 -0.0457 -0.0145
vn 0.9994 -0.0302 -0.0170
vn 0.9997 -0.0221 -0.0091
vn 0.9975 -0.0624 -0.0343
vn 0.9847 -0.1742 -0.0100
vn 0.9995 -0.0139 -0.0287
vn 0.9999 -0.0015 -0.0171
vn 0.9999 -0.0020 -0.0170
vn 0.9988 0.0202 0.0446
vn 0.9986 -0.0521 0.0085
vn 0.9988 -0.0031 0.0483
vn 0.9861 -0.1188 0.1159
vn 0.9769 -0.2036 0.0654
vn 0.9795 -0.1669 0.1130
vn 0.9787 -0.1788 0.1008
vn 0.9814 -0.1696 0.0895
vn 0.8460 -0.1613 -0.5083
vn 0.9807 -0.1681 0.0995
vn 0.8758 -0.1841 -0.4462
vn 0.8565 -0.5158 -0.0181
vn 0.9647 -0.2631 -0.0058
vn 0.2973 -0.9544 -0.0266
vn 0.6747 -0.7214 0.1558
vn 0.7830 -0.6126 0.1082
vn 0.6767 -0.7301 -0.0950
vn 0.9257 -0.3273 0.1898
vn 0.9984 -0.0505 0.0271
vn 0.9293 -0.3693 -0.0064
vn 0.2914 -0.9564 -0.0219
vn 0.2487 -0.9640 -0.0936
vn 0.4629 -0.8842 0.0631
vn 0.6108 -0.7569 -0.2327
vn 0.7017 -0.5720 -0.4248
vn 0.9217 -0.2378 -0.3064
vn 0.8446 -0.4275 -0.3222
vn 0.7699 0.6380 0.0146
vn 0.7729 0.6334 -0.0381
vn 0.5392 0.8420 -0.0158
vn 0.8523 0.5230 -0.0001
vn 0.8040 0.5946 -0.0103
vn 0.8118 0.5837 -0.0123
vn 0.8151 0.5793 -0.0068
vn 0.7652 0.6438 0.0082
vn 0.8221 0.5691 0.0158
vn 0.7429 0.6691 0.0188
vn 0.7268 0.5332 -0.4330
vn 0.7447 0.5394 -0.3929
vn 0.3500 0.2984 -0.8880
vn 0.6034 0.7539 -0.2597
vn 0.3092 0.3485 -0.8848
vn 0.7039 0.4919 0.5124
vn 0.5262 0.7507 -0.3993
vn 0.6015 0.7377 -0.3065
vn 0.2573 0.3875 -0.8852
vn 0.4684 0.8655 -0.1775
vn 0.2716 0.9621 -0.0225
vn 0.3287 0.6262 -0.7070
vn 0.3179 0.6393 -0.7002
vn 0.3312 0.6261 -0.7059
vn 0.3036 0.9495 0.0795
vn 0.5216 0.8531 0.0116
vn 0.4593 0.8823 0.1030
vn 0.1201 0.9927 0.0140
vn 0.1132 0.9857 0.1250
vn 0.5625 0.8251 0.0531
vn 0.5643 0.8255 -0.0106
vn 0.6332 0.7739 -0.0149
vn 0.6366 0.7709 -0.0210
vn 0.6357 0.7717 -0.0201
vn 0.4488 0.8926 -0.0429
vn 0.6849 0.7258 -0.0643
vn 0.4869 0.8714 -0.0598
vn -0.1305 0.9914 0.0077
vn -0.0479 0.9988 0.0111
vn 0.9980 -0.0622 -0.0129
vn 0.9980 -0.0628 -0.0096
vn 0.9981 -0.0620 -0.0072
vn 0.9968 -0.0791 -0.0130
vn 0.9967 -0.0797 -0.0149
vn 0.9967 -0.0796 -0.0149
vn 0.9756 -0.2160 0.0384
vn 0.9975 -0.0693 -0.0119
vn 0.9977 -0.0662 -0.0155
vn 0.9975 -0.0696 -0.0105
vn 0.9988 -0.0490 0.0057
vn 0.9960 -0.0889 0.0128
vn 0.9961 -0.0880 0.0040
vn 0.5069 -0.8615 0.0293
vn 0.0391 -0.9981 0.0483
vn 0.0693 -0.9961 0.0545
vn 0.0525 -0.9983 0.0247
vn 0.7089 0.7053 0.0047
vn 0.6985 0.7154 0.0153
vn 0.7377 0.6751 0.0064
vn -0.2426 -0.9695 0.0344
vn -0.3042 -0.9473 0.1000
vn 0.0508 -0.9962 0.0711
vn 0.0698 -0.9962 0.0530
vn 0.0495 -0.9979 0.0416
vn -0.2683 -0.9632 -0.0189
vn -0.3764 -0.9044 -0.2010
vn -0.2822 -0.6143 -0.7369
vn -0.3524 -0.8904 -0.2880
vn -0.2723 -0.6991 -0.6612
vn -0.2633 -0.7051 -0.6584
vn -0.2309 -0.7480 -0.6223
vn -0.4768 -0.8790 0.0046
vn -0.2875 -0.9177 -0.2743
vn -0.0958 -0.9796 0.1767
vn -0.5863 -0.8100 0.0129
vn -0.5918 -0.8015 -0.0861
vn -0.7453 -0.6663 -0.0237
vn -0.5763 -0.7232 -0.3806
vn -0.5856 -0.7550 -0.2951
vn -0.5978 -0.7266 -0.3387
vn -0.6742 -0.6329 -0.3806
vn -0.6265 -0.7790 -0.0264
vn -0.7141 -0.6100 -0.3436
vn -0.4317 -0.2044 -0.8785
vn -0.6016 -0.1011 -0.7924
vn -0.9470 -0.0060 -0.3213
vn -0.8988 -0.2441 -0.3640
vn -0.8912 -0.3285 -0.3128
vn -0.8622 -0.3346 -0.3804
vn -0.9041 -0.3584 0.2329
vn -0.8325 -0.5538 0.0144
vn -0.9987 0.0128 -0.0496
vn -0.4984 0.8667 0.0211
vn -0.8008 0.4009 -0.4450
vn -0.3495 0.2125 -0.9125
vn -0.9028 0.3644 -0.2284
vn -0.9965 0.0826 0.0087
vn -0.9644 0.2502 -0.0855
vn -0.9322 0.2654 0.2461
vn -0.9541 -0.0111 0.2992
vn -0.9018 -0.4311 -0.0281
vn -0.9547 -0.2745 -0.1152
vn -0.9821 -0.1186 -0.1462
vn -0.9162 0.3799 -0.1277
vn -0.8641 0.4752 0.1661
vn -0.7299 0.6835 0.0081
vn -0.9883 0.1033 -0.1117
vn -0.8188 0.5735 -0.0245
vn -0.7715 0.6330 0.0640
vn -0.7801 0.5990 0.1807
vn -0.9044 0.3416 -0.2558
vn -0.1506 0.0563 -0.9870
vn -0.1345 0.0967 -0.9862
vn -0.7730 0.2663 -0.5758
vn -0.9395 0.3425 -0.0063
vn -0.9026 0.4304 0.0077
vn -0.9021 0.4315 0.0040
vn -0.9126 0.4088 0.0075
vn -0.9525 0.3043 0.0112
vn -0.1893 0.0739 -0.9791
vn -0.1978 0.0722 -0.9776
vn -0.1972 0.0725 -0.9777
vn -0.1621 0.0316 -0.9863
vn -0.1613 0.0308 -0.9864
vn -0.1676 0.0218 -0.9856
vn -0.1672 0.0215 -0.9857
vn -0.9294 0.1638 -0.3307
vn -0.9766 0.1100 0.1850
vn -0.9725 0.2146 0.0907
vn -0.7216 0.1090 -0.6837
vn -0.9574 0.0303 -0.2872
vn -0.9164 0.2432 -0.3179
vn -0.1385 0.0062 -0.9903
vn -0.1322 0.0078 -0.9912
vn -0.1373 -0.0007 -0.9905
vn -0.1535 0.0420 -0.9873
vn -0.1539 0.0420 -0.9872
vn -0.1583 0.0475 -0.9862
vn -0.1466 0.0663 -0.9870
vn -0.6987 0.2024 -0.6862
vn -0.9008 0.2298 -0.3684
vn -0.9361 0.3512 0.0202
vn -0.9958 0.0499 -0.0766
vn -0.9573 0.2868 0.0366
vn -0.7706 0.3860 -0.5071
vn -0.9916 0.1248 0.0328
vn 0.2883 0.9574 0.0186
vn 0.3136 0.9494 0.0194
vn 0.2902 0.9569 0.0070
vn 0.1977 0.9802 0.0043
vn 0.1897 0.9817 -0.0161
vn 0.1819 0.9832 -0.0175
vn 0.1738 0.9848 -0.0062
vn 0.1958 0.9514 -0.2378
vn 0.2117 0.9772 -0.0185
vn 0.2220 0.9298 -0.2936
vn 0.1530 0.6873 -0.7101
vn 0.1011 0.6662 -0.7389
vn 0.1083 0.6661 -0.7380
vn 0.0836 0.6636 -0.7434
vn 0.0288 -0.1481 -0.9886
vn 0.0283 -0.1484 -0.9885
vn 0.0655 -0.9976 0.0212
vn 0.0305 -0.9994 0.0143
vn 0.0634 -0.9979 0.0113
vn -0.9496 -0.2906 0.1178
vn -0.9942 -0.0742 0.0783
vn -0.7571 -0.5922 -0.2758
vn 0.4069 -0.4330 -0.8044
vn 0.4211 -0.5918 -0.6873
vn 0.3427 -0.6404 -0.6874
vn 0.3043 -0.6842 -0.6628
vn 0.2824 -0.7051 -0.6505
vn 0.2817 -0.6985 -0.6579
vn 0.3155 -0.6557 -0.6860
vn 0.3530 -0.3073 -0.8837
vn 0.5821 -0.4495 -0.6776
vn 0.5742 -0.4586 -0.6782
vn 0.5742 -0.4585 -0.6783
vn 0.4356 -0.3100 -0.8451
vn 0.1267 -0.0920 -0.9877
vn 0.1171 -0.1046 -0.9876
vn 0.1103 -0.1066 -0.9882
vn 0.1013 -0.1136 -0.9883
vn 0.1002 -0.1054 -0.9894
vn 0.1042 -0.1138 -0.9880
vn 0.1052 -0.1160 -0.9877
vn 0.1048 -0.1148 -0.9878
vn 0.0883 -0.1210 -0.9887
vn 0.0898 -0.1196 -0.9887
vn 0.0878 -0.1221 -0.9886
vn 0.7288 -0.1220 -0.6738
vn 0.1529 -0.0409 -0.9874
vn 0.1528 -0.0410 -0.9874
vn 0.1445 -0.0213 -0.9893
vn 0.1602 -0.0316 -0.9866
vn 0.1638 0.0059 -0.9865
vn 0.1539 -0.0271 -0.9877
vn 0.1504 -0.0262 -0.9883
vn 0.1588 -0.0196 -0.9871
vn 0.7183 -0.2285 -0.6571
vn 0.7261 -0.1498 -0.6711
vn 0.6873 -0.3020 -0.6606
vn 0.6405 -0.3856 -0.6641
vn 0.1372 -0.0590 -0.9888
vn 0.1342 -0.0512 -0.9896
vn 0.1380 -0.0590 -0.9887
vn 0.1381 -0.0594 -0.9886
vn 0.1388 -0.0585 -0.9886
vn 0.1400 -0.0578 -0.9885
vn 0.6894 -0.3064 -0.6564
vn 0.6527 -0.3385 -0.6778
vn 0.6557 -0.3217 -0.6830
vn 0.6477 -0.3321 -0.6857
vn 0.7003 -0.1627 -0.6951
vn 0.6969 -0.2469 -0.6734
vn 0.6941 -0.2305 -0.6820
vn 0.7037 -0.2110 -0.6784
vn 0.9542 0.1994 -0.2232
vn 0.0131 0.0247 -0.9996
vn 0.0684 0.2495 -0.9660
vn -0.0085 -0.2679 -0.9634
vn 0.1857 -0.2257 -0.9563
vn 0.0054 -0.9999 -0.0141
vn 0.0091 -0.9998 -0.0180
vn 0.0086 -0.9998 -0.0194
vn 0.9673 -0.2537 -0.0043
vn 0.9732 -0.1616 0.1636
vn 0.9466 -0.3224 -0.0039
vn 0.8728 -0.4881 0.0036
vn 0.8277 -0.5612 -0.0075
vn 0.5758 -0.4796 -0.6622
vn 0.5439 -0.5905 -0.5962
vn 0.1079 -0.1198 -0.9869
vn 0.0775 -0.1214 -0.9896
vn 0.0791 -0.1147 -0.9902
vn 0.0699 -0.1211 -0.9902
vn 0.9608 -0.2773 -0.0046
vn 0.5645 -0.8254 0.0009
vn 0.6931 -0.7208 -0.0026
vn 0.5770 -0.8167 -0.0051
vn 0.7714 -0.6363 0.0048
vn -0.6530 0.2732 -0.7063
vn -0.6574 0.2881 -0.6963
vn -0.6320 0.2912 -0.7181
vn 0.5413 0.5143 -0.6652
vn 0.7450 0.6670 -0.0001
vn 0.8054 0.5927 -0.0069
vn 0.8195 0.5730 0.0012
vn 0.8474 0.5310 -0.0039
vn 0.9144 0.4046 -0.0112
vn 0.9429 0.3330 -0.0024
vn 0.8863 0.4631 0.0072
vn 0.8724 0.4888 -0.0098
vn 0.8723 0.4889 -0.0087
vn -0.1310 0.1239 -0.9836
vn -0.1224 0.1218 -0.9850
vn -0.1232 0.1228 -0.9848
vn -0.0842 0.1338 -0.9874
vn -0.1556 -0.0905 -0.9837
vn -0.1618 -0.0956 -0.9822
vn -0.1466 -0.1035 -0.9838
vn -0.6385 -0.3852 -0.6663
vn -0.7950 -0.4776 -0.3741
vn -0.8778 -0.4791 -0.0044
vn -0.9386 -0.3450 0.0002
vn -0.9382 -0.3460 0.0067
vn -0.9458 -0.3244 0.0121
vn -0.9662 -0.2577 0.0076
vn -0.5362 -0.2245 -0.8137
vn -0.9794 0.2010 -0.0168
vn -0.9646 -0.2636 0.0025
vn -0.6733 -0.7394 -0.0012
vn 0.3033 -0.9529 0.0010
vn -0.0918 -0.9946 -0.0481
vn 0.9972 -0.0030 -0.0749
vn 0.9983 -0.0149 -0.0565
vn 0.9984 -0.0240 -0.0502
vn 0.9995 -0.0050 -0.0327
vn 0.9993 0.0097 -0.0358
vn 0.9999 -0.0090 -0.0101
vn -0.0454 -0.9990 0.0011
vn -0.0511 -0.9987 -0.0038
vn -0.0378 -0.9991 0.0166
vn -0.3962 -0.7708 -0.4989
vn -0.0056 -1.0000 0.0042
vn 0.0182 -0.9998 0.0006
vn -0.9989 0.0044 -0.0477
vn -0.9989 0.0040 -0.0472
vn -0.9988 0.0045 -0.0479
vn 0.0501 -0.5603 -0.8268
vn -0.2084 -0.0883 -0.9741
vn -0.0606 -0.9982 0.0030
vn -0.0389 -0.9991 0.0164
vn -0.0654 -0.9977 0.0201
vn 0.4215 -0.7063 -0.5687
vn 0.7650 -0.5999 -0.2343
vn -0.0349 -0.9984 0.0445
vn 0.0767 -0.6074 -0.7907
vn -0.0336 -0.9979 0.0550
vn -0.0196 -0.9988 0.0446
vn -0.0172 -0.9985 0.0524
vn 0.9948 0.0576 -0.0837
vn 0.5107 0.1128 -0.8523
vn -0.1843 0.0239 -0.9826
vn -0.1870 0.0165 -0.9822
vn -0.1751 0.0303 -0.9841
vn -0.9925 0.1075 0.0583
vn -0.9817 0.1890 0.0233
vn -0.9842 0.1755 0.0217
vn -0.9951 0.0899 0.0413
vn -0.9922 0.1238 0.0161
vn -0.9952 0.0897 0.0394
vn -0.0119 -0.2292 -0.9733
vn 0.0431 -0.1317 -0.9903
vn 0.1816 -0.6674 -0.7222
vn 0.0193 0.0340 -0.9992
vn -0.2808 0.1910 -0.9406
vn 0.0412 -0.8514 -0.5230
vn -0.1077 -0.5387 -0.8356
vn -0.9968 0.0171 0.0783
vn -0.9942 0.0566 0.0915
vn -0.9954 0.0454 0.0846
vn -0.8124 0.0988 -0.5746
vn -1.0000 0.0001 0.0042
vn -0.4116 0.6763 -0.6110
vn -0.9999 -0.0079 0.0094
vn -0.9259 -0.3776 0.0086
vn -0.9693 0.2457 0.0063
vn 0.0185 -0.9958 -0.0894
vn -0.0053 -0.9973 -0.0732
vn -0.0083 -0.9977 -0.0668
vn 0.0171 -0.9983 -0.0563
vn 0.0232 -0.9982 -0.0551
vn 0.0160 -0.9993 -0.0328
vn -0.0815 -0.8685 -0.4889
vn 0.1796 -0.9706 -0.1601
vn -0.9696 0.2405 0.0446
vn -0.9764 0.2099 0.0514
vn -0.9766 0.2047 0.0666
vn -0.0101 0.2800 -0.9600
vn 0.0137 0.6653 -0.7464
vn 0.0116 0.2132 -0.9769
vn 0.0405 0.1917 -0.9806
vn -0.0479 0.1609 -0.9858
vn -0.0965 0.3083 -0.9464
vn -0.9490 0.3076 -0.0694
vn -0.9011 -0.1125 0.4187
vn 0.0060 0.9990 -0.0445
vn -0.0015 0.9990 -0.0442
vn -0.0027 0.9990 -0.0442
vn 0.0160 0.9973 -0.0721
vn 0.0141 0.9961 -0.0876
vn 0.0120 0.9962 -0.0867
vn 0.2635 0.2250 -0.9380
vn 0.9998 0.0171 0.0116
vn 0.9999 0.0067 0.0076
vn 0.9998 0.0183 -0.0021
vn 0.9980 -0.0603 0.0212
vn 0.9984 -0.0572 0.0045
vn 0.9986 -0.0486 0.0185
vn -0.0112 0.9978 -0.0646
vn -0.0175 0.9982 -0.0581
vn -0.0195 0.9985 -0.0504
vn -0.0176 0.9979 -0.0630
vn -0.0142 0.9988 -0.0473
vn -0.0169 0.9978 -0.0637
vn -0.0188 0.9998 -0.0004
vn -0.0429 0.9989 -0.0193
vn -0.0198 0.9998 -0.0000
vn 0.9972 -0.0740 0.0052
vn 0.9979 -0.0646 0.0086
vn 0.9982 -0.0546 0.0239
vn 1.0000 -0.0031 0.0001
vn 1.0000 -0.0047 -0.0013
vn 1.0000 -0.0027 -0.0016
vn 0.0117 -0.9972 -0.0741
vn 0.0078 -0.9975 -0.0698
vn -0.0251 -0.9958 -0.0875
vn 0.0237 -0.9954 -0.0933
vn 0.0474 -0.8164 -0.5756
vn 0.9998 0.0157 0.0078
vn 0.9992 0.0265 0.0288
vn 0.9996 0.0043 0.0294
vn -0.5143 0.1125 -0.8502
vn -0.9155 -0.4023 -0.0024
vn 0.3720 0.9282 0.0023
vn 0.5083 0.8612 0.0009
vn 0.3734 0.9276 -0.0126
vn 0.3715 0.9284 -0.0102
vn 0.2745 0.9616 -0.0006
vn 0.2972 0.9548 -0.0079
vn 0.2810 0.9597 -0.0064
vn 0.2230 0.9747 -0.0145
vn -0.2039 0.9790 0.0077
vn -0.4958 0.8679 0.0314
vn -0.9895 0.1447 -0.0009
vn 0.2074 0.9782 -0.0038
vn -0.9933 0.1147 -0.0127
vn -0.9998 -0.0185 -0.0011
vn -0.9999 -0.0172 0.0004
vn -0.9997 -0.0247 0.0085
vn -0.9999 -0.0102 0.0088
vn -0.9998 -0.0141 -0.0155
vn -0.9998 -0.0142 -0.0156
vn -0.9997 -0.0215 -0.0140
vn -0.9999 -0.0144 -0.0065
vn -0.9999 -0.0145 -0.0064
vn -0.9999 -0.0148 0.0013
vn -0.9999 -0.0111 -0.0033
vn -0.9999 -0.0120 0.0045
vn -0.9999 -0.0119 0.0046
vn -0.6080 0.7861 -0.1113
vn 0.3149 0.9491 0.0066
vn 0.3156 0.9489 -0.0032
vn 0.2932 0.9560 -0.0042
vn 0.3278 0.9447 0.0047
vn 0.3280 0.9447 -0.0007
vn 0.3050 0.9524 -0.0009
vn 0.2145 0.9767 0.0038
vn 0.2140 0.9768 -0.0006
vn 0.1905 0.9817 0.0053
vn -0.9855 0.1691 -0.0131
vn -0.9854 0.1696 0.0127
vn -0.9999 -0.0055 0.0099
vn -1.0000 -0.0041 -0.0019
vn -1.0000 -0.0042 -0.0022
vn -0.9999 -0.0120 -0.0027
vn 0.0033 1.0000 0.0019
vn -0.0612 0.9979 0.0219
vn 0.0018 1.0000 0.0001
vn -1.0000 -0.0063 0.0034
vn -0.9998 0.0016 0.0199
vn -0.9998 -0.0088 0.0159
vn -0.9999 -0.0025 0.0126
vn -0.9952 -0.0180 0.0959
vn -0.9963 0.0058 0.0852
vn -0.9952 -0.0070 0.0980
vn -0.9985 -0.0092 -0.0535
vn -0.9989 -0.0036 -0.0461
vn -0.9970 -0.0172 -0.0754
vn 0.2602 -0.9656 -0.0019
vn 0.2550 -0.9667 0.0200
vn -0.9999 -0.0027 0.0149
vn -0.9998 0.0078 0.0198
vn -0.9998 0.0004 0.0203
vn 0.0062 -1.0000 0.0026
vn 0.8962 -0.4432 -0.0223
vn 0.2753 -0.9541 -0.1182
vn 0.6306 -0.7714 0.0852
vn 0.9976 -0.0249 0.0650
vn 0.9972 -0.0183 0.0731
vn 0.9977 -0.0178 0.0653
vn 0.2025 -0.9477 0.2466
vn 0.9999 -0.0041 -0.0103
vn 0.9999 -0.0017 -0.0100
vn 0.9999 -0.0046 -0.0106
vn 0.1105 -0.9938 -0.0094
vn 0.9918 -0.1059 0.0712
vn -0.0483 -0.9985 -0.0246
vn -0.2226 -0.9749 0.0001
vn 0.9998 -0.0125 0.0179
vn 0.9996 -0.0119 0.0257
vn 0.9996 -0.0126 0.0253
vn 0.9999 -0.0087 -0.0064
vn 0.5728 -0.8115 0.1161
vn 0.0086 -1.0000 -0.0004
vn 0.0011 -1.0000 -0.0037
vn 0.9756 -0.2111 0.0604
vn 0.9998 -0.0025 0.0180
vn 0.9998 -0.0102 0.0193
vn 0.9999 -0.0024 0.0110
vn 1.0000 -0.0035 -0.0042
vn 1.0000 -0.0007 0.0035
vn 1.0000 -0.0024 0.0040
vn -0.1610 -0.9423 0.2934
vn -0.2941 -0.9558 0.0035
vn -0.2730 -0.9620 -0.0074
vn -0.2705 -0.9627 0.0011
vn -0.4747 -0.8802 -0.0009
vn -0.3858 -0.9226 0.0070
vn -0.3657 -0.9307 -0.0047
vn -0.3701 -0.9290 0.0012
vn -0.3797 -0.9251 0.0035
vn -0.3799 -0.9250 -0.0035
vn -0.3645 -0.9312 -0.0034
vn -0.2650 -0.9642 0.0027
vn 0.9987 -0.0089 0.0509
vn 0.9988 -0.0163 0.0460
vn 0.9987 -0.0178 0.0477
vn 1.0000 -0.0002 -0.0099
vn -0.0036 1.0000 -0.0046
vn -0.0008 1.0000 -0.0057
vn -0.0019 1.0000 -0.0056
vn 0.0029 1.0000 0.0014
vn 0.0039 1.0000 0.0006
vn -0.0042 1.0000 -0.0043
vn -0.0046 1.0000 0.0018
vn 0.0033 1.0000 0.0028
vn 0.0038 1.0000 0.0024
vn 0.9916 -0.1292 0.0022
vn 0.9793 -0.2024 0.0074
vn 0.9915 -0.1293 -0.0170
vn -0.0256 0.9997 -0.0020
vn -0.0261 0.9997 -0.0017
vn -0.0238 0.9997 -0.0023
vn -0.0172 0.9998 0.0026
vn -0.0166 0.9999 0.0008
vn -0.0241 0.9997 0.0043
vn 0.9997 0.0057 0.0246
vn 0.9997 0.0043 0.0236
vn 0.9997 0.0041 0.0236
vn 0.9990 -0.0440 -0.0039
vn 0.9986 -0.0523 -0.0107
vn 0.9990 -0.0439 -0.0015
vn -0.0676 0.9977 0.0028
vn -0.0632 0.9979 -0.0131
vn -0.0686 0.9976 0.0021
vn 0.9757 0.1515 -0.1583
vn 0.9990 -0.0438 0.0047
vn 0.9070 0.0612 -0.4167
vn 0.9999 0.0007 0.0161
vn 0.9998 0.0014 0.0202
vn 0.9998 0.0007 0.0184
vn 1.0000 0.0007 0.0032
vn 1.0000 -0.0026 -0.0043
vn 1.0000 -0.0027 -0.0044
vn 0.9302 0.3562 -0.0892
vn 0.2264 0.9713 0.0733
vn -0.6274 0.7787 -0.0066
vn -0.5593 0.8288 -0.0181
vn -0.5576 0.8301 0.0011
vn -0.5583 0.8297 0.0033
vn -0.5021 0.8648 -0.0036
vn -0.5669 0.8238 -0.0027
vn 1.0000 0.0060 0.0058
vn 1.0000 0.0047 0.0061
vn 1.0000 0.0041 -0.0018
vn 1.0000 -0.0000 0.0009
vn 1.0000 0.0011 -0.0023
vn 1.0000 -0.0013 -0.0000
vn 0.8768 0.4629 0.1306
vn 1.0000 0.0012 -0.0025
vn -0.7421 -0.6703 0.0058
vn -0.8217 -0.5700 0.0016
vn -0.8714 -0.4905 -0.0010
vn -0.8958 -0.4442 -0.0122
vn -0.6017 -0.7987 -0.0034
vn -0.9227 -0.3854 -0.0051
vn -0.9209 -0.3895 -0.0133
vn -0.9143 -0.4049 0.0054
vn -0.9563 -0.2923 0.0017
vn -0.1307 0.9863 0.1007
vn -0.9535 -0.3015 -0.0045
vn -0.9585 -0.2850 -0.0080
vn -0.9100 -0.4146 -0.0029
vn -0.9195 -0.3931 0.0066
vn -0.9195 -0.3932 -0.0038
vn -0.9682 -0.2502 -0.0021
vn 0.0005 1.0000 -0.0017
vn -0.0033 1.0000 -0.0084
vn 0.0005 1.0000 -0.0019
vn -0.0024 1.0000 -0.0009
vn -0.0026 1.0000 -0.0013
vn -0.0022 1.0000 -0.0006
vn 0.0038 1.0000 -0.0092
vn -0.0047 0.9999 -0.0146
vn -0.0058 0.9999 -0.0097
vn -0.0021 1.0000 -0.0009
vn -0.7360 0.6770 -0.0025
vn -0.6936 0.7203 -0.0010
vn -0.8151 0.5793 0.0012
vn -0.8714 0.4904 -0.0091
vn -0.8954 0.4449 -0.0190
vn -0.8706 0.4919 0.0049
vn -0.3838 0.9234 -0.0011
vn -0.3683 0.9297 0.0048
vn -0.3674 0.9301 0.0010
vn -0.3936 0.9193 -0.0070
vn -0.3938 0.9192 -0.0067
vn -0.3825 0.9239 0.0092
vn -0.2822 0.9593 -0.0067
vn -0.2210 0.9753 -0.0012
vn 0.3709 0.9287 0.0049
vn 0.7728 0.6325 0.0529
vn 0.8839 0.3399 0.3212
vn 0.0278 0.9995 -0.0156
vn 0.9980 -0.0166 0.0612
vn 0.9980 -0.0070 0.0622
vn 0.9980 -0.0069 0.0625
vn -0.0138 0.9999 -0.0029
vn -0.0139 0.9999 -0.0022
vn -0.0138 0.9999 -0.0028
vn 0.3248 0.9396 0.1083
vn 0.8827 0.4655 0.0645
vn 0.9995 -0.0290 -0.0105
vn -0.0263 0.9996 -0.0068
vn -0.0264 0.9996 -0.0071
vn -0.0252 0.9997 -0.0059
vn 0.3891 0.9211 0.0146
vn 0.0274 0.9996 -0.0025
vn 0.5030 0.8505 0.1536
vn 0.7542 0.6263 -0.1974
vn 0.9991 0.0044 -0.0413
vn 0.9997 0.0033 -0.0257
vn 0.9997 0.0022 -0.0257
vn -0.0003 1.0000 0.0015
vn -0.0002 1.0000 0.0016
vn -0.0005 1.0000 0.0014
vn 0.0081 0.9999 0.0067
vn 0.0060 1.0000 0.0061
vn 0.0061 1.0000 0.0062
vn -0.2617 0.8920 0.3685
vn 0.0017 1.0000 0.0024
vn -0.9999 -0.0127 -0.0053
vn -0.9995 -0.0263 0.0160
vn -0.9999 -0.0123 -0.0052
vn -0.9737 -0.2277 0.0077
vn -0.9746 -0.2234 -0.0152
vn -0.9729 -0.2313 0.0039
vn -0.9999 -0.0081 -0.0065
vn -1.0000 -0.0014 -0.0037
vn -1.0000 -0.0016 -0.0047
vn -0.7447 -0.6649 0.0574
vn -0.4261 -0.8733 -0.2361
vn -0.2286 -0.9735 -0.0031
vn 0.0040 -0.9999 -0.0143
vn 0.0041 -0.9999 -0.0143
vn 0.0043 -0.9999 -0.0143
vn 0.0033 -0.9999 -0.0125
vn 0.0045 -0.9999 -0.0135
vn 0.0041 -0.9999 -0.0132
vn -0.9985 0.0541 0.0033
vn -0.0076 -1.0000 -0.0035
vn 0.0085 -1.0000 -0.0043
vn 0.0038 -1.0000 0.0016
vn 0.0014 -1.0000 -0.0015
vn 0.1297 -0.9915 -0.0047
vn 0.0036 -1.0000 0.0076
vn 0.0041 -1.0000 0.0083
vn 0.0039 -1.0000 0.0081
vn -0.9597 0.2811 -0.0007
vn -0.9517 0.3069 -0.0098
vn -0.9419 0.3358 -0.0082
vn -0.9576 0.2878 0.0153
vn -0.9083 0.4184 -0.0035
vn -0.9162 0.4006 -0.0048
vn -0.9160 0.4010 -0.0066
vn -0.9999 0.0070 0.0078
vn -0.9999 0.0071 0.0156
vn -0.9999 0.0076 0.0154
vn 0.0075 -0.9999 -0.0081
vn -0.0006 -1.0000 -0.0059
vn 0.0062 -0.9999 -0.0079
vn 0.0463 -0.9944 -0.0950
vn 0.2252 -0.9737 0.0338
vn 1.0000 -0.0040 -0.0085
vn 1.0000 0.0031 -0.0054
vn 1.0000 0.0044 -0.0067
vn -0.0098 -0.9999 -0.0119
vn -1.0000 -0.0065 -0.0025
vn -0.9999 -0.0132 -0.0075
vn -1.0000 -0.0072 -0.0019
vn 0.2705 -0.9626 -0.0151
vn 0.2954 -0.9553 0.0074
vn 0.1949 -0.9808 -0.0059
vn 0.0231 -0.9934 -0.1122
vn 0.3148 -0.9470 0.0641
vn -1.0000 0.0014 -0.0022
vn -1.0000 0.0066 0.0071
vn -1.0000 0.0033 -0.0046
vn -0.0174 -0.9998 -0.0056
vn -0.5429 -0.8398 -0.0002
vn -0.5420 -0.8404 -0.0011
vn -0.5487 -0.8357 0.0210
vn 0.9688 0.0172 0.2471
vn 0.9900 0.1408 0.0068
vn 1.0000 -0.0043 0.0070
vn 1.0000 -0.0045 0.0086
vn 1.0000 -0.0044 0.0075
vn 1.0000 0.0016 -0.0064
vn 1.0000 0.0015 -0.0065
vn 1.0000 0.0016 -0.0065
vn 1.0000 -0.0014 -0.0012
vn 1.0000 -0.0013 -0.0011
vn 0.9999 0.0043 -0.0104
vn 1.0000 0.0058 0.0040
vn 1.0000 -0.0018 0.0057
vn 1.0000 -0.0017 0.0060
vn 0.9998 0.0089 -0.0201
vn 0.9998 0.0094 -0.0198
vn 0.9998 0.0098 -0.0184
vn 0.9999 -0.0019 0.0144
vn 1.0000 -0.0029 0.0066
vn 1.0000 -0.0024 0.0065
vn 0.1261 -0.9917 0.0250
vn -0.1402 -0.9896 0.0326
vn 0.2564 -0.9634 0.0778
vn -0.2098 -0.9777 -0.0001
vn -0.2094 -0.9778 0.0006
vn -0.2094 -0.9778 0.0002
vn -0.2991 -0.9542 -0.0047
vn -0.2985 -0.9544 0.0027
vn -0.3075 -0.9516 -0.0040
vn -0.6675 -0.7446 0.0013
vn -0.7341 -0.6791 0.0058
vn -0.7921 -0.6103 -0.0097
vn -0.9315 -0.3637 -0.0078
vn -0.9440 -0.3301 0.0008
vn -0.9996 -0.0278 -0.0031
vn -0.9999 -0.0114 -0.0034
vn -0.9999 -0.0131 -0.0086
vn -0.9993 -0.0356 -0.0061
vn -0.9996 -0.0282 -0.0013
vn -0.9999 -0.0131 0.0010
vn -1.0000 -0.0047 0.0010
vn -0.9998 -0.0203 0.0024
vn -1.0000 -0.0057 0.0074
vn -0.4337 -0.9009 0.0149
vn -0.4300 -0.9028 -0.0002
vn -0.4366 -0.8995 0.0179
vn -1.0000 0.0023 0.0041
vn -1.0000 0.0030 0.0051
vn -1.0000 0.0033 0.0059
vn 0.9102 0.4141 0.0020
vn 0.9172 0.3984 0.0013
vn 0.9172 0.3985 -0.0015
vn 0.9296 0.3686 0.0018
vn 0.7390 -0.6653 0.1060
vn 1.0000 0.0025 -0.0025
vn 1.0000 -0.0064 0.0038
vn 0.9999 -0.0150 0.0019
vn -0.0080 0.9999 -0.0146
vn -0.0081 0.9999 -0.0145
vn -0.0067 1.0000 -0.0071
vn 0.0020 0.9999 0.0137
vn 0.0013 0.9999 0.0133
vn 0.0022 0.9999 0.0137
vn 0.9267 -0.3757 -0.0067
vn 0.9389 -0.3440 0.0045
vn 0.9272 -0.3746 0.0040
vn 0.8872 -0.4612 -0.0153
vn 0.9263 -0.3768 0.0019
vn 0.9387 -0.3446 -0.0047
vn 0.7853 -0.6191 -0.0001
vn 0.7322 -0.6810 -0.0013
vn 0.1670 0.9727 0.1608
vn 0.9858 0.1650 -0.0319
vn -0.0203 0.9998 -0.0013
vn -0.0203 0.9998 -0.0012
vn -0.0139 0.9999 -0.0055
vn 0.7903 0.6128 0.0045
vn 0.9130 0.4079 0.0023
vn 0.9141 0.4054 0.0130
vn 0.8808 0.4735 0.0035
vn 0.8874 0.4610 -0.0064
vn 0.8791 0.4767 -0.0005
vn 0.8514 0.5245 -0.0060
vn 0.8677 0.4969 0.0153
vn 0.7659 0.6430 0.0013
vn 0.8215 0.5700 0.0152
vn 0.8122 0.5833 -0.0078
vn 0.8115 0.5844 -0.0057
vn 0.9036 0.4283 -0.0011
vn 0.9384 0.3455 -0.0023
vn 0.9451 0.3267 -0.0019
vn 0.6386 0.7696 -0.0005
vn 0.6458 0.7634 -0.0082
vn 0.6315 0.7754 0.0026
vn 0.7396 0.5903 0.3234
vn 0.8674 0.4970 -0.0241
vn 0.9135 0.2261 0.3382
vn 0.9913 0.1319 0.0028
vn 0.9003 0.1191 0.4188
vn 0.9984 0.0498 -0.0273
vn 0.9997 0.0244 0.0003
vn 0.9997 0.0227 -0.0040
vn 0.9941 -0.1085 -0.0011
vn 0.9960 -0.0874 -0.0201
vn 0.8096 0.3034 0.5025
vn 0.7547 0.0785 0.6514
vn 0.9999 -0.0096 -0.0065
vn 0.8071 -0.4951 0.3216
vn 0.8664 -0.3730 0.3320
vn 0.8876 -0.4605 -0.0055
vn 0.7148 -0.6746 0.1841
vn 0.7442 -0.5875 0.3179
vn 0.7212 -0.6926 0.0077
vn 0.8600 -0.5104 -0.0009
vn 0.7854 -0.6190 -0.0006
vn 0.5584 -0.8296 -0.0001
vn 0.6349 -0.7726 -0.0062
vn 0.7757 -0.6311 -0.0040
vn 0.7618 -0.6478 -0.0069
vn 0.7754 -0.6315 -0.0068
vn -0.9999 0.0009 -0.0136
vn -0.9999 0.0005 -0.0138
vn -0.9999 0.0002 -0.0142
vn 0.9999 -0.0154 0.0003
vn 0.9997 -0.0228 -0.0097
vn 0.9997 -0.0234 -0.0013
vn 0.9999 0.0165 0.0036
vn 1.0000 0.0085 -0.0010
vn 0.9998 0.0198 -0.0017
vn 0.0097 -0.9999 -0.0085
vn 0.0016 -1.0000 -0.0073
vn 0.0098 -0.9999 -0.0084
vn 0.1079 -0.9941 -0.0127
vn 0.2912 -0.9496 -0.1160
vn 0.1442 -0.9895 0.0054
vn 1.0000 0.0049 -0.0058
vn 0.9998 0.0188 -0.0114
vn 1.0000 0.0047 -0.0044
vn 0.9978 -0.0624 0.0201
vn 0.9975 -0.0689 0.0145
vn 0.9975 -0.0687 0.0144
vn -0.0112 0.9999 -0.0076
vn -0.0168 0.9998 -0.0129
vn -0.0117 0.9999 -0.0074
vn 0.9982 -0.0321 -0.0514
vn 0.9983 -0.0374 -0.0444
vn 0.9803 -0.1409 0.1381
vn -0.0067 -1.0000 0.0025
vn -0.0071 -1.0000 0.0027
vn 0.9159 -0.3171 0.2462
vn -0.0037 -1.0000 0.0039
vn -0.0038 -1.0000 0.0037
vn -0.0038 -1.0000 0.0036
vn -0.0104 -0.9999 -0.0053
vn -0.0109 -0.9999 -0.0085
vn -0.0093 -0.9999 -0.0039
vn 0.9254 -0.3729 0.0686
vn 0.9588 0.2839 0.0056
vn 0.9595 0.2816 -0.0018
vn 0.9594 0.2821 -0.0021
vn 0.4730 -0.8811 0.0018
vn 0.4013 -0.9159 -0.0046
vn 0.4022 -0.9155 0.0007
vn 0.3794 -0.9252 -0.0025
vn 0.3295 -0.9441 0.0079
vn -1.0000 -0.0012 -0.0084
vn -1.0000 -0.0051 -0.0077
vn -1.0000 -0.0031 -0.0045
vn 0.2903 -0.9569 0.0061
vn 0.2839 -0.9588 0.0090
vn 0.3053 -0.9523 -0.0023
vn -1.0000 0.0011 0.0031
vn -1.0000 0.0003 0.0001
vn -1.0000 -0.0023 0.0042
vn -1.0000 -0.0071 -0.0016
vn -1.0000 -0.0073 -0.0017
vn -1.0000 -0.0069 -0.0015
vn 0.0029 -1.0000 -0.0064
vn 0.1548 -0.9835 -0.0938
vn 0.4448 -0.8454 -0.2958
vn 0.8874 -0.4528 -0.0869
vn -0.8981 -0.4398 0.0085
vn -0.9059 -0.4235 0.0018
vn -0.9059 -0.4236 0.0015
vn -0.8603 -0.5097 -0.0023
vn -0.4306 -0.9026 0.0015
vn -0.0113 -0.9999 0.0004
vn -0.0114 -0.9999 0.0005
vn 0.5070 -0.8598 -0.0614
vn 0.9998 0.0208 0.0034
vn 1.0000 -0.0023 -0.0004
vn 0.9998 0.0213 -0.0016
vn 1.0000 -0.0062 -0.0011
vn 0.9998 0.0155 -0.0116
vn 1.0000 -0.0064 -0.0017
vn 0.9990 -0.0408 -0.0188
vn 0.9992 -0.0365 -0.0133
vn 0.9985 -0.0476 -0.0276
vn -0.0083 0.9999 0.0096
vn -0.0075 0.9999 0.0097
vn -0.0088 0.9999 0.0096
vn -0.0171 0.9996 -0.0207
vn -0.0247 0.9996 -0.0131
vn -0.0181 0.9997 -0.0169
vn -0.0162 0.9999 0.0018
vn -0.0162 0.9999 0.0023
vn -0.0163 0.9999 0.0012
vn 0.9717 -0.2363 -0.0014
vn 0.9552 -0.2958 0.0058
vn 0.9633 -0.2683 0.0004
vn 0.9851 -0.1704 -0.0240
vn 0.9792 -0.2027 -0.0012
vn 0.9785 -0.2061 -0.0093
vn 0.0325 0.4611 0.8867
vn 0.6243 0.7605 0.1784
vn 0.0056 0.1097 0.9940
vn 0.4944 0.0188 0.8690
vn -0.0200 0.9887 0.1488
vn -0.0178 0.9887 0.1489
vn -0.0235 0.9881 0.1521
vn 0.0020 0.9986 0.0525
vn 0.0018 0.9986 0.0532
vn -0.0008 1.0000 0.0082
vn -0.0028 1.0000 -0.0018
vn -0.0075 1.0000 0.0033
vn -0.0005 0.9999 0.0127
vn -0.0003 0.9999 0.0127
vn -0.0053 1.0000 0.0083
vn -0.0092 0.9999 0.0136
vn -0.0019 0.9998 0.0219
vn -0.0094 0.9997 0.0213
vn 0.9993 -0.0374 -0.0030
vn 0.9998 -0.0207 -0.0013
vn 0.9994 -0.0356 0.0041
vn 0.3756 0.0452 0.9257
vn 0.7277 -0.1487 0.6696
vn 0.2101 -0.9775 -0.0208
vn 0.9188 0.3946 -0.0067
vn 0.9685 0.2491 -0.0048
vn -0.0180 -0.9998 0.0114
vn -0.0187 -0.9998 0.0096
vn -0.0037 -1.0000 0.0047
vn -0.0269 -0.9992 -0.0295
vn -0.0163 -0.9997 -0.0159
vn -0.0253 -0.9997 -0.0059
vn 0.9761 -0.1335 0.1713
vn 0.6468 -0.7626 0.0032
vn 0.6299 -0.7767 0.0018
vn 0.6467 -0.7627 -0.0011
vn 0.8980 -0.4400 -0.0028
vn 0.8896 -0.4567 -0.0041
vn 0.8913 -0.4533 -0.0104
vn 0.8605 -0.5095 -0.0060
vn 0.8609 -0.5088 -0.0020
vn 0.8520 -0.5235 -0.0067
vn 0.8430 -0.5379 -0.0065
vn 0.4234 0.9060 -0.0010
vn 0.4457 0.8952 -0.0009
vn 0.4242 0.9056 -0.0048
vn 0.4876 0.8730 -0.0078
vn 0.4967 0.8679 -0.0046
vn 0.4954 0.8687 -0.0066
vn 0.5316 0.8470 -0.0054
vn 0.5759 0.8175 0.0013
vn 0.6158 0.7879 -0.0039
vn 0.6156 0.7880 -0.0037
vn 0.6177 0.7863 0.0164
vn 0.6843 0.7292 0.0039
vn -1.0000 -0.0100 -0.0008
vn -0.9998 0.0197 0.0052
vn -0.9154 -0.1537 0.3720
vn -0.2637 -0.9633 -0.0504
vn 0.0046 -1.0000 0.0022
vn 0.0022 -1.0000 0.0020
vn -0.0008 -1.0000 -0.0038
vn 0.0061 -1.0000 0.0012
vn 0.0057 -0.9999 0.0090
vn 0.0061 -1.0000 0.0011
vn -0.9520 0.3053 -0.0234
vn -0.9663 0.2572 -0.0059
vn -0.7241 0.6897 0.0057
vn -0.2191 0.9757 -0.0067
vn -0.3945 -0.9189 0.0048
vn -0.5828 -0.8126 0.0011
vn -0.4817 -0.8763 -0.0014
vn -0.4818 -0.8763 -0.0003
vn -0.4684 -0.8835 -0.0059
vn 0.9999 -0.0134 0.0022
vn 0.9998 -0.0214 0.0066
vn 1.0000 -0.0071 -0.0024
vn 0.9998 -0.0189 -0.0009
vn 0.9997 -0.0240 0.0054
vn 0.9998 0.0174 0.0106
vn 0.9998 0.0206 0.0038
vn 0.9996 0.0271 -0.0007
vn 1.0000 -0.0045 0.0080
vn 1.0000 -0.0045 0.0078
vn 1.0000 -0.0045 0.0081
vn 0.0805 -0.6229 0.7781
vn -0.1044 -0.9944 -0.0166
vn 0.6331 0.7741 0.0005
vn 0.4111 0.9116 0.0021
vn 0.3961 0.9182 -0.0055
vn 0.3939 0.9191 0.0036
vn -0.7100 -0.7042 -0.0000
vn -0.9090 -0.4167 0.0020
vn -0.9560 -0.2933 -0.0021
vn -0.9729 -0.2311 -0.0115
vn -0.9871 -0.1603 -0.0044
vn -0.9961 -0.0879 -0.0050
vn -0.9488 -0.1143 0.2943
vn -0.8610 -0.5085 0.0003
vn -0.9681 0.2126 0.1329
vn -0.7145 -0.0309 0.6989
vn -0.9999 0.0112 -0.0061
vn -0.8434 0.1921 0.5018
vn -0.0526 -0.0048 0.9986
vn 0.0187 -0.1869 0.9822
vn -0.7646 -0.1395 0.6292
vn -0.0744 -0.6777 0.7315
vn -0.2615 -0.2817 0.9232
vn 0.0034 -0.9987 0.0501
vn 0.0051 -0.9989 0.0459
vn 0.0038 -0.9989 0.0477
vn 0.0022 -0.9997 0.0228
vn -0.0043 -0.9999 0.0140
vn -0.0023 -0.9999 0.0135
vn -0.6252 0.7786 -0.0532
vn -0.9125 -0.3102 0.2666
vn -0.2263 -0.9741 0.0007
vn -0.2212 -0.9752 -0.0006
vn -0.2238 -0.9746 -0.0031
vn 0.0108 -0.9999 0.0037
vn 0.0112 -0.9999 0.0031
vn 0.0114 -0.9999 0.0025
vn 0.0095 0.9999 0.0061
vn 0.0093 0.9999 0.0058
vn 0.0094 0.9999 0.0059
vn 0.0255 0.9985 0.0481
vn 0.0255 0.9985 0.0477
vn 0.0256 0.9986 0.0465
vn -1.0000 -0.0001 -0.0016
vn -0.9998 -0.0165 0.0058
vn -1.0000 0.0025 0.0049
vn -0.7670 0.0558 0.6392
vn -0.9985 -0.0540 -0.0004
vn -0.5787 0.0723 0.8123
vn -0.9999 0.0117 -0.0004
vn -0.9999 0.0111 0.0009
vn -0.9998 0.0192 -0.0014
vn -0.0499 0.4468 0.8932
vn -0.2493 -0.1226 0.9606
vn 0.0188 -0.0193 0.9996
vn 0.0150 -0.0173 0.9997
vn 0.0078 0.0273 0.9996
vn -0.5309 0.2461 0.8109
vn 0.0092 0.9999 0.0142
vn 0.0022 0.9999 0.0109
vn 0.0017 0.9999 0.0119
vn 0.0282 0.9842 0.1749
vn 0.0322 0.9824 0.1838
vn 0.0086 0.9824 0.1868
vn -0.4487 -0.8936 -0.0123
vn 0.2474 -0.9689 -0.0094
vn -0.2909 -0.6289 0.7210
vn -0.2179 -0.4963 0.8403
vn -0.0604 -0.5883 0.8064
vn -0.9902 0.0064 0.1393
vn -0.9748 0.0254 0.2214
vn -0.9925 0.0183 0.1208
vn -1.0000 -0.0035 0.0081
vn -1.0000 -0.0005 0.0077
vn -1.0000 -0.0006 0.0076
vn -1.0000 -0.0001 0.0078
vn 0.5011 -0.8653 -0.0124
vn 0.5018 -0.8650 -0.0000
vn 0.0280 -0.9996 -0.0065
vn 0.0448 -0.9990 0.0019
vn 0.0344 -0.9994 -0.0030
vn -0.0310 -0.9995 -0.0112
vn -0.0391 -0.9992 0.0016
vn -0.0388 -0.9992 0.0040
vn 0.8382 -0.5420 -0.0605
vn 0.4153 -0.6847 0.5989
vn 0.9698 -0.0672 0.2346
vn 0.9923 0.1016 0.0704
vn 0.8580 -0.0109 0.5135
vn 0.9997 -0.0005 -0.0227
vn 0.9998 -0.0005 -0.0217
vn 0.9997 -0.0001 -0.0242
vn 0.9999 0.0125 -0.0099
vn 0.9999 0.0038 -0.0162
vn 0.1420 -0.9800 -0.1396
vn 0.1198 -0.9916 0.0479
vn -0.2879 -0.9551 -0.0699
vn -0.2279 -0.9737 -0.0032
vn -0.2053 -0.9787 -0.0095
vn -0.2916 -0.9565 -0.0009
vn -0.2932 -0.9561 0.0025
vn -0.3155 -0.9489 -0.0038
vn 0.7080 -0.6862 0.1672
vn 0.2955 -0.6521 0.6982
vn 0.0679 -0.0312 0.9972
vn 0.2170 -0.9761 0.0073
vn 0.1913 -0.9814 -0.0174
vn 0.1827 -0.9831 -0.0111
vn 0.2652 -0.9642 -0.0057
vn 0.2373 -0.9714 0.0083
vn 0.2656 -0.9641 -0.0041
vn 0.2689 -0.9632 -0.0062
vn 0.2386 -0.9711 0.0030
vn 0.2381 -0.9712 0.0011
vn 0.1377 -0.8983 0.4172
vn 0.0988 -0.9951 -0.0076
vn 0.0996 -0.9950 -0.0067
vn 0.0858 -0.3784 0.9217
vn 0.0504 -0.3835 0.9222
vn 0.0080 -0.6714 0.7411
vn 0.1241 -0.6767 0.7257
vn 0.0022 -0.3738 0.9275
vn -0.0136 -0.3715 0.9283
vn 0.0564 -0.9128 0.4044
vn 0.0579 -0.9982 -0.0127
vn 0.0189 -0.9997 -0.0154
vn 0.0190 -0.9996 -0.0189
vn -0.0165 -0.9998 -0.0081
vn -0.0471 -0.9989 -0.0002
vn -0.0178 -0.9998 -0.0119
vn -0.0791 -0.9969 -0.0001
vn -0.0285 -0.9996 0.0044
vn -0.1176 -0.9014 0.4168
vn -0.2192 -0.9196 0.3260
vn -0.2284 -0.9735 -0.0068
vn -0.2215 -0.9752 -0.0029
vn -0.2002 -0.9797 0.0049
vn -0.2969 -0.9549 0.0020
vn -0.3206 -0.8915 0.3199
vn -0.1079 -0.4010 0.9097
vn -0.0516 -0.3901 0.9193
vn -0.0650 -0.9978 -0.0149
vn -0.0201 -0.9998 -0.0006
vn -0.0213 -0.9998 0.0031
vn -0.5696 -0.8219 -0.0032
vn -0.5932 -0.8051 0.0013
vn -0.5707 -0.8211 -0.0078
vn -0.6246 -0.7809 -0.0062
vn -0.6224 -0.7826 -0.0118
vn -0.6067 -0.7949 -0.0038
vn -0.4226 -0.8514 0.3108
vn -0.4930 -0.8700 -0.0052
vn -0.4814 -0.8765 -0.0060
vn -0.5409 -0.8410 -0.0057
vn -0.7852 0.6192 0.0043
vn -0.8450 0.5347 0.0012
vn -0.9109 0.4127 -0.0012
vn -0.9006 0.4347 0.0039
vn -0.9007 0.4345 -0.0018
vn -0.8685 0.4956 0.0020
vn -0.9027 0.3030 0.3054
vn -0.7856 0.5391 0.3035
vn -0.9220 0.2201 0.3185
vn -0.9288 0.1241 0.3492
vn -0.0107 0.9950 0.0990
vn -0.0111 0.9950 0.0990
vn -0.0104 0.9950 0.0990
vn -0.0571 0.9980 -0.0257
vn -0.0676 0.9976 -0.0129
vn -0.0625 0.9979 -0.0181
vn 0.9987 -0.0071 -0.0497
vn 0.9982 -0.0096 -0.0592
vn 0.9988 0.0021 -0.0484
vn 0.9990 -0.0020 -0.0444
vn 0.9987 -0.0059 -0.0513
vn 0.2179 0.9570 0.1917
vn 0.9999 -0.0150 0.0052
vn 0.9997 -0.0256 0.0067
vn 0.9998 -0.0188 -0.0096
vn 0.9485 0.3149 0.0348
vn 0.7643 0.5711 0.2994
vn 0.7615 0.0300 0.6474
vn 0.4720 0.0873 0.8773
vn 0.0652 -0.0101 0.9978
vn 0.0769 0.6039 0.7933
vn 0.0263 0.0371 0.9990
vn -0.0283 0.0279 0.9992
vn -0.0303 0.0117 0.9995
vn -0.0803 -0.0157 0.9966
vn -0.2032 0.9083 0.3656
vn -0.0617 0.5373 0.8412
vn -0.0504 0.0004 0.9987
vn 0.0888 0.0138 0.9960
vn -0.3991 -0.0648 0.9146
vn 0.2783 0.9605 -0.0087
vn 0.2733 0.9617 -0.0226
vn 0.2771 0.9608 -0.0051
vn -0.3166 0.0951 0.9438
vn -0.8494 0.1492 0.5062
vn -0.9997 -0.0192 0.0116
vn -0.9999 -0.0153 0.0041
vn -0.9997 -0.0233 0.0046
vn -0.9999 0.0089 -0.0133
vn -1.0000 0.0065 -0.0011
vn -0.9999 0.0084 -0.0139
vn -0.3134 0.9496 0.0044
vn -0.2906 0.9569 0.0010
vn -0.3131 0.9497 -0.0072
vn -0.2121 0.9772 -0.0049
vn -0.4760 0.8793 -0.0138
vn -0.4532 0.8914 0.0026
vn -0.4385 0.8987 -0.0039
vn -0.4535 0.8912 -0.0032
vn -0.3806 0.9247 -0.0065
vn -0.3045 0.9525 -0.0064
vn -0.3923 0.8748 0.2842
vn 0.2040 0.9276 0.3129
vn 0.0301 0.9994 -0.0150
vn -0.0408 0.9782 0.2036
vn -0.0226 0.9997 -0.0068
vn 0.1243 0.9413 0.3140
vn 0.0420 0.2298 0.9723
vn 0.9737 -0.2278 -0.0052
vn 0.9681 -0.2507 0.0014
vn 0.9680 -0.2509 -0.0028
vn 0.8840 -0.2919 0.3651
vn 0.9847 -0.1742 -0.0053
vn 0.9947 0.1028 -0.0104
vn 0.4745 -0.8803 0.0015
vn 0.4606 -0.8876 -0.0046
vn 0.4619 -0.8869 -0.0087
vn 0.3824 -0.9240 -0.0026
vn 0.3778 -0.9259 -0.0076
vn 0.3862 -0.9224 -0.0095
vn 0.3807 -0.9246 -0.0148
vn 0.3717 -0.9284 -0.0041
vn 0.3716 -0.9284 -0.0042
vn 0.5601 -0.8284 0.0008
vn 0.6028 -0.7635 0.2317
vn 0.4928 -0.8701 -0.0069
vn 0.8826 -0.4702 0.0010
vn 0.8857 -0.4642 0.0014
vn 0.8902 -0.4554 0.0066
vn 0.0001 -0.9997 0.0245
vn 0.0001 -0.9997 0.0243
vn -0.0165 -0.6953 0.7185
vn 0.0197 0.1222 0.9923
vn 0.0139 -0.0214 0.9997
vn 0.6097 -0.1465 0.7790
vn 0.9979 0.0647 0.0002
vn 0.9998 0.0187 -0.0094
vn 0.9995 0.0275 -0.0128
vn 0.8794 0.3551 0.3170
vn 0.9773 0.2117 0.0022
vn 0.9791 0.2034 0.0056
vn 0.9773 0.2104 -0.0249
vn -0.9968 0.0108 0.0788
vn -0.8448 -0.0831 0.5287
vn -1.0000 0.0054 0.0005
vn 0.1700 0.2616 0.9501
vn -0.5681 0.8229 -0.0009
vn -0.6399 0.7685 -0.0049
vn -0.6253 0.7804 0.0051
vn -0.6405 0.7680 -0.0015
vn -0.6717 0.7408 -0.0113
vn -0.5694 0.8221 0.0006
vn -0.7231 0.6236 0.2971
vn -0.9179 0.3968 0.0048
vn -0.9201 0.3916 -0.0068
vn -0.9176 0.3974 0.0033
vn 0.5639 0.8258 -0.0055
vn 0.6774 0.7354 -0.0169
vn 0.4512 0.8922 -0.0180
vn 0.4606 0.8875 -0.0118
vn 0.4210 0.9071 0.0016
vn 0.3463 0.9381 -0.0031
vn 0.3483 0.9374 -0.0006
vn 0.3624 0.9318 -0.0207
vn -0.0742 0.9972 -0.0046
vn -0.0279 0.9996 0.0012
vn -0.0657 0.9978 -0.0096
vn 0.0602 0.9982 -0.0068
vn 0.0648 0.9978 -0.0145
vn 0.0382 0.9992 0.0137
vn -0.1258 0.9384 0.3220
vn -0.2445 0.9147 0.3219
vn 0.3793 -0.9253 -0.0033
vn 0.3916 -0.9201 -0.0071
vn 0.3850 -0.9229 0.0011
vn 0.3865 -0.9223 0.0018
vn 0.3862 -0.9224 0.0042
vn 0.3703 -0.9289 0.0006
vn 0.4763 -0.8150 0.3299
vn -0.7588 -0.6237 0.1876
vn -0.5941 -0.7346 0.3277
vn -0.5380 -0.7874 0.3008
vn 0.5241 0.7982 0.2968
vn 0.6666 0.6626 0.3415
vn 0.8120 0.5149 0.2748
vn 0.3317 0.1835 0.9254
vn 0.6893 0.0747 0.7206
vn 0.4023 0.1383 0.9050
vn 0.2443 0.2993 0.9224
vn 0.2127 0.3199 0.9233
vn 0.1994 0.3237 0.9249
vn 0.3264 0.8918 0.3133
vn 0.0824 0.3676 0.9263
vn 0.1297 0.3495 0.9279
vn 0.1921 0.7095 0.6780
vn -0.0521 -0.0728 0.9960
vn 0.0285 0.8432 0.5368
vn 0.2571 0.9664 0.0051
vn 0.2551 0.9669 0.0042
vn 0.2629 0.9646 -0.0203
vn 0.1739 0.3652 0.9145
vn 0.2224 0.5458 0.8079
vn -0.0402 0.0011 0.9992
vn 0.3591 0.9333 -0.0056
vn 0.3440 0.9390 0.0014
vn 0.3673 0.9301 -0.0062
vn 0.2854 0.2557 0.9237
vn 0.4773 0.4358 0.7630
vn 0.3901 -0.8225 0.4138
vn 0.2376 -0.1337 0.9621
vn 0.1284 -0.2047 0.9704
vn 0.5479 -0.5947 0.5884
vn 0.5564 -0.5934 0.5816
vn 0.5615 -0.5842 0.5860
vn 0.5416 -0.6015 0.5873
vn 0.5418 -0.5973 0.5914
vn 0.5567 -0.5888 0.5860
vn 0.1765 -0.3628 0.9150
vn 0.2843 -0.4787 0.8307
vn 0.3461 -0.6577 0.6690
vn 0.1664 -0.2335 0.9580
vn 0.5181 -0.8553 -0.0106
vn 0.2154 -0.6641 0.7160
vn 0.4078 -0.9130 0.0048
vn 0.3413 -0.9399 0.0060
vn 0.2611 -0.9653 0.0024
vn 0.1364 -0.3859 0.9124
vn 0.2470 -0.7715 0.5864
vn -0.8750 -0.4837 -0.0200
vn -0.8689 -0.4948 -0.0098
vn -0.8691 -0.4946 -0.0090
vn -0.9390 -0.3433 -0.0200
vn -0.9475 -0.3192 -0.0182
vn -0.9472 -0.3196 -0.0265
vn -0.7437 -0.5116 0.4303
vn -0.7262 -0.3129 0.6122
vn -0.7029 -0.3691 0.6080
vn -0.8705 -0.2499 0.4241
vn -0.3486 -0.1209 0.9294
vn -0.6547 -0.4658 0.5954
vn -0.8270 -0.5622 -0.0033
vn -0.8175 -0.5758 -0.0086
vn -0.8173 -0.5762 -0.0054
vn -0.6472 -0.4803 0.5919
vn -0.6030 -0.5573 0.5709
vn -0.5999 -0.5635 0.5680
vn -0.5754 -0.5744 0.5822
vn -0.5889 -0.5678 0.5751
vn -0.5911 -0.5676 0.5731
vn -0.6031 -0.5578 0.5702
vn -0.1393 -0.1753 0.9746
vn -0.2764 -0.4234 0.8628
vn -0.3711 -0.7168 0.5903
vn -0.2804 -0.7570 0.5902
vn 0.0512 -0.9987 -0.0012
vn -0.0597 -0.9982 0.0092
vn -0.0523 -0.9986 -0.0009
vn -0.0521 -0.9986 0.0008
vn -0.0676 -0.9976 0.0122
vn -0.1526 -0.9883 -0.0033
vn -0.2327 -0.9725 0.0088
vn -0.1660 -0.6762 0.7178
vn -0.1458 -0.7058 0.6933
vn -0.2827 -0.7915 0.5419
vn -0.2752 -0.7815 0.5599
vn -0.2986 -0.8021 0.5172
vn -0.3229 -0.8786 0.3519
vn 0.0366 0.0479 0.9982
vn 0.0462 0.0609 0.9971
vn 0.0371 0.0636 0.9973
vn 0.0174 0.0550 0.9983
vn 0.4190 -0.0921 0.9033
vn -0.0169 0.1577 0.9873
vn 0.0280 0.0534 0.9982
vn 0.0274 0.0527 0.9982
vn 0.0291 0.0482 0.9984
vn -0.3763 -0.6284 0.6808
vn -0.5565 -0.5404 0.6310
vn -0.5501 -0.3885 0.7392
vn -0.7102 -0.3879 0.5875
vn -0.7096 -0.3783 0.5944
vn -0.7259 -0.3687 0.5806
vn -0.9292 -0.1809 0.3222
vn -0.9999 0.0124 -0.0086
vn -0.9999 0.0140 -0.0063
vn -0.9986 0.0385 -0.0361
vn -0.7982 0.0149 0.6022
vn -0.7944 0.0472 0.6055
vn -0.7990 0.0158 0.6011
vn -0.4329 0.1747 0.8843
vn -0.9040 0.4270 -0.0206
vn -0.8446 0.4546 0.2828
vn 0.7761 -0.1760 0.6055
vn 0.7772 -0.1638 0.6076
vn 0.7785 -0.1556 0.6081
vn 0.7940 0.0145 0.6078
vn 0.7843 -0.0939 0.6132
vn 0.7879 -0.0681 0.6120
vn 0.7945 -0.1076 0.5976
vn -0.8782 0.4782 -0.0040
vn -0.8766 0.4811 0.0105
vn -0.8787 0.4774 -0.0030
vn -0.6272 0.7179 0.3021
vn -0.3446 0.3047 0.8879
vn -0.5135 0.8009 0.3080
vn -0.0579 0.2480 0.9670
vn -0.0696 0.3900 0.9182
vn -0.3125 0.7409 0.5945
vn -0.3336 0.7259 0.6015
vn -0.3251 0.7296 0.6017
vn -0.1388 0.2160 0.9665
vn -0.3325 0.4163 0.8463
vn -0.4565 0.4055 0.7920
vn -0.5165 0.6718 0.5310
vn 0.0601 -0.0498 0.9969
vn 0.0536 -0.0261 0.9982
vn 0.0587 -0.0429 0.9974
vn -0.3015 0.2179 0.9282
vn -0.7702 0.2047 0.6040
vn 0.0620 -0.0283 0.9977
vn 0.0681 -0.0287 0.9973
vn 0.0663 -0.0350 0.9972
vn 0.0821 -0.0341 0.9960
vn -0.2959 0.2075 0.9324
vn -0.3346 0.2004 0.9208
vn -0.4112 0.2013 0.8890
vn -0.2726 0.2570 0.9272
vn -0.8136 0.5812 -0.0124
vn -0.7970 0.6040 -0.0062
vn -0.8034 0.5952 -0.0149
vn -0.8494 0.5277 -0.0089
vn -0.9034 0.4288 -0.0034
vn -0.7942 0.6076 -0.0043
vn -0.9329 0.3601 -0.0023
vn -0.9417 0.3365 0.0007
vn -0.9694 0.2453 0.0087
vn -0.9698 0.2437 0.0050
vn -0.9650 0.2621 -0.0077
vn -0.0241 0.2277 0.9734
vn 0.0401 0.7976 0.6018
vn 0.0158 0.8002 0.5995
vn 0.0313 0.7972 0.6029
vn 0.0196 0.7945 0.6069
vn 0.0054 0.7963 0.6049
vn -0.0021 0.7961 0.6052
vn -0.3298 -0.0245 0.9437
vn -0.3781 -0.0744 0.9228
vn -0.4516 0.0375 0.8914
vn -0.3986 0.0644 0.9149
vn -0.6879 -0.1156 0.7166
vn -0.5519 -0.0848 0.8296
vn -0.9989 0.0464 -0.0037
vn -0.9999 0.0163 0.0051
vn -0.9989 0.0471 -0.0001
vn -0.9978 0.0663 0.0024
vn -0.9871 0.1604 -0.0034
vn -0.8872 0.1339 0.4415
vn 0.0675 -0.0405 0.9969
vn 0.0664 -0.0320 0.9973
vn 0.0701 -0.0407 0.9967
vn 0.0694 -0.0346 0.9970
vn 0.0623 -0.0281 0.9977
vn 0.0691 -0.0340 0.9970
vn -0.9799 0.1994 -0.0083
vn -0.9736 0.2278 -0.0114
vn -0.9744 0.2248 -0.0055
vn -0.9678 0.2514 0.0101
vn -0.9373 0.3483 -0.0149
vn -0.9432 0.3321 -0.0120
vn -0.9373 0.3484 -0.0142
vn 0.6278 -0.3163 0.7112
vn 0.3198 -0.2238 0.9207
vn -0.1724 0.3986 0.9008
vn -0.1619 0.6532 0.7397
vn 0.7568 -0.2423 0.6071
vn -0.0740 0.0217 0.9970
vn -0.0751 0.0139 0.9971
vn -0.0673 0.0184 0.9976
vn -0.0499 -0.0189 0.9986
vn -0.0912 -0.0052 0.9958
vn -0.0919 -0.0065 0.9957
vn -0.0842 -0.0088 0.9964
vn -0.0825 -0.0019 0.9966
vn -0.0815 -0.0103 0.9966
vn -0.0928 -0.0068 0.9957
vn -0.0707 -0.0068 0.9975
vn -0.0743 -0.0032 0.9972
vn -0.0742 -0.0031 0.9972
vn 0.8048 -0.0213 0.5932
vn -0.0722 0.0047 0.9974
vn -0.0855 0.0081 0.9963
vn -0.0694 -0.0005 0.9976
vn -0.0879 -0.0333 0.9956
vn -0.3678 0.1195 0.9222
vn -0.0506 -0.0023 0.9987
vn -0.0641 -0.0202 0.9977
vn -0.0639 -0.0194 0.9978
vn 0.0348 -0.0011 0.9994
vn 0.0241 0.0004 0.9997
vn 0.0351 -0.0007 0.9994
vn 0.3317 0.2373 0.9131
vn 0.6294 0.3951 0.6692
vn 0.1222 -0.2962 0.9473
vn -0.0795 0.0304 0.9964
vn -0.0669 0.0202 0.9976
vn -0.0711 0.0244 0.9972
vn -0.1926 0.6531 0.7324
vn -0.2731 0.6063 0.7469
vn -0.2453 0.6572 0.7127
vn -0.1314 0.3362 0.9326
vn -0.2316 0.4184 0.8782
vn -0.6291 0.7773 -0.0046
vn -0.6398 0.7686 -0.0027
vn -0.3471 0.9377 -0.0139
vn -0.6414 0.7672 0.0063
vn -0.6435 0.7653 -0.0124
vn -0.5935 0.8048 0.0072
vn -0.5339 0.8456 -0.0013
vn -0.4471 0.8945 0.0042
vn -0.4209 0.9071 -0.0036
vn -0.3626 0.9319 0.0003
vn -0.2754 0.9613 0.0048
vn -0.2673 0.9636 -0.0033
vn -0.1739 0.9848 -0.0002
vn -0.0859 0.9963 -0.0021
vn -0.0725 0.9974 0.0058
vn -0.0687 0.9976 -0.0006
vn -0.5649 0.8252 0.0074
vn -0.4879 0.8729 -0.0018
vn -0.7145 0.6996 0.0004
vn -0.7049 0.7093 0.0015
vn -0.7399 0.6727 0.0072
vn -0.7662 0.6427 -0.0013
vn -0.7888 0.6147 0.0035
vn -0.7028 0.7114 -0.0022
vn -0.8241 0.5665 0.0023
vn -0.8533 0.5213 -0.0140
vn -0.8802 0.4745 -0.0006
vn -0.9086 0.4176 -0.0023
vn -0.9017 0.4324 0.0051
vn -0.9004 0.4351 -0.0011
vn -0.9466 0.3225 -0.0009
vn -0.7002 0.3197 0.6384
vn -0.7123 -0.0620 0.6992
vn -0.9917 -0.1283 0.0035
vn -0.9875 -0.1579 0.0024
vn -0.7143 0.1346 0.6868
vn -0.7036 -0.1933 0.6838
vn -0.2128 0.7188 0.6619
vn -0.8013 0.4798 0.3574
vn -0.8727 0.3298 0.3600
vn -0.0007 0.2894 0.9572
vn -0.0169 0.0766 0.9969
vn 0.0124 -0.0535 0.9985
vn 0.0162 -0.1879 0.9821
vn 0.0145 0.6224 0.7826
vn 0.0054 0.5548 0.8319
vn -0.0045 0.4227 0.9062
vn 0.0029 0.3586 0.9335
vn 0.0271 0.5425 0.8396
vn 0.0023 0.5216 0.8532
vn 0.0074 0.5347 0.8450
vn -0.9433 0.3318 0.0095
vn -0.9457 0.3243 0.0209
vn -0.9443 0.3284 0.0200
vn -0.4246 0.7628 0.4877
vn -0.9300 0.3671 -0.0195
vn -0.4600 0.8192 0.3426
vn -0.8892 0.4574 -0.0082
vn -0.8832 0.4687 -0.0171
vn -0.8891 0.4577 -0.0060
vn -0.9181 0.3954 -0.0265
vn -0.7791 0.6252 0.0447
vn -0.0978 0.9675 0.2331
vn -0.0065 0.9947 0.1030
vn -0.4428 0.8964 -0.0193
vn -0.0393 0.9965 -0.0735
vn -0.1353 0.9595 -0.2471
vn -0.0002 0.9551 0.2964
vn 0.0100 0.8964 0.4430
vn -0.0048 0.8202 0.5720
vn 0.0037 0.7242 0.6896
vn -0.7558 0.6548 -0.0070
vn -0.7540 0.6568 -0.0080
vn -0.7533 0.6576 -0.0055
vn -0.7395 0.6730 -0.0137
vn -0.6970 0.7169 -0.0156
vn -0.6980 0.7160 -0.0132
vn -0.6896 0.7241 -0.0124
vn 0.8015 -0.2463 0.5448
vn -0.0894 -0.0068 0.9960
vn 0.9125 -0.2433 0.3287
vn -0.0503 0.0126 0.9987
vn -0.0647 0.0184 0.9977
vn -0.0662 0.0196 0.9976
vn -0.0717 0.0391 0.9967
vn 0.6777 -0.1517 0.7196
vn 0.5887 -0.3685 0.7195
vn 0.8682 -0.4214 0.2620
vn 0.9698 -0.2439 -0.0021
vn 0.9857 -0.1683 -0.0058
vn 0.9875 -0.1575 -0.0006
vn 0.8543 -0.5198 0.0048
vn 0.8501 -0.5266 0.0105
vn 0.8491 -0.5279 0.0164
vn 0.4340 -0.4535 0.7784
vn 0.7771 -0.1718 0.6055
vn 0.8989 0.4380 -0.0090
vn 0.8995 0.4370 -0.0040
vn 0.8913 0.4533 0.0033
vn 0.8276 0.5613 0.0008
vn 0.7943 0.6075 -0.0015
vn 0.3353 0.5013 0.7977
vn 0.6652 -0.5227 0.5332
vn 0.8593 0.5115 -0.0006
vn 0.9676 0.2522 0.0140
vn 0.9846 0.1748 -0.0085
vn 0.7629 0.3062 0.5694
vn 0.8524 0.2359 0.4667
vn 0.9606 0.2779 -0.0068
vn 0.9595 0.2816 -0.0038
vn 0.9302 0.3669 0.0114
vn 0.9332 0.3594 -0.0006
vn 0.9354 0.3535 -0.0048
vn 0.9474 0.3200 0.0031
vn 0.9795 0.2010 0.0112
vn 0.9855 0.1691 0.0120
vn 0.9799 0.1995 0.0059
vn 0.3872 0.7768 0.4967
vn 0.9132 0.4075 -0.0056
vn 0.9061 0.4230 -0.0055
vn 0.9126 0.4090 0.0025
vn 0.8288 0.5595 0.0047
vn 0.5968 0.8024 0.0008
vn 0.7663 0.6424 -0.0044
vn 0.7657 0.6432 -0.0016
vn 0.7729 0.6345 -0.0011
vn 0.7108 0.7034 -0.0037
vn 0.7061 0.7081 -0.0010
vn 0.7069 0.7073 0.0073
vn 0.6495 0.7604 -0.0043
vn 0.6580 0.7530 -0.0031
vn 0.6508 0.7592 -0.0078
vn 0.5537 0.8327 -0.0038
vn 0.5453 0.8382 -0.0024
vn 0.5456 0.8381 0.0012
vn 0.5120 0.8589 -0.0066
vn 0.5012 0.8653 0.0054
vn 0.5135 0.8581 -0.0034
vn 0.3636 0.9316 0.0011
vn 0.4045 0.9145 -0.0019
vn 0.3521 0.9359 0.0014
vn -0.1372 0.9905 -0.0016
vn -0.0581 0.9983 -0.0016
vn -0.0209 0.9997 0.0120
vn -0.0438 0.9990 -0.0078
vn -0.0378 0.9993 -0.0017
vn 0.0051 1.0000 -0.0002
vn -0.0207 0.9997 -0.0140
vn 0.0038 1.0000 0.0045
vn 0.0730 0.9973 -0.0013
vn 0.1461 0.9893 0.0024
vn -0.3166 0.9486 -0.0018
vn -0.3184 0.9479 -0.0085
vn -0.3330 0.9429 -0.0004
vn -0.5890 0.8081 -0.0062
vn -0.5819 0.8132 0.0002
vn -0.5897 0.8076 -0.0047
vn -0.4154 -0.9096 0.0061
vn -0.4162 -0.9093 0.0037
vn -0.4004 -0.9163 0.0095
vn -0.5219 -0.8342 0.1780
vn -0.6470 -0.7625 -0.0091
vn -0.6447 -0.7642 -0.0160
vn -0.6470 -0.7624 -0.0107
vn -0.5767 -0.8170 -0.0019
vn -0.7059 -0.7083 -0.0079
vn -0.7721 -0.6355 0.0006
vn -0.3819 -0.5161 0.7667
vn 0.0435 0.0381 0.9983
vn 0.0509 0.0524 0.9973
vn 0.0524 0.0539 0.9972
vn 0.0578 0.0724 0.9957
vn 0.0488 0.0482 0.9976
vn -0.7223 -0.4749 0.5027
vn -0.6339 -0.3754 0.6762
vn 0.4880 -0.1255 0.8638
vn 0.0465 0.0322 0.9984
vn 0.0451 0.0303 0.9985
vn 0.0238 0.0279 0.9993
vn -0.1567 -0.1187 0.9805
vn 0.0931 0.1922 0.9769
vn -0.9199 -0.3920 -0.0083
vn -0.9129 -0.4081 -0.0099
vn -0.9129 -0.4080 -0.0096
vn -0.9072 -0.4208 -0.0027
vn -0.9143 -0.4050 -0.0020
vn -0.9140 -0.4057 -0.0084
vn -0.9498 -0.3129 -0.0034
vn -0.8589 -0.5122 -0.0019
vn -0.8657 -0.5004 -0.0093
vn -0.8058 -0.5921 -0.0076
vn -0.8058 -0.5921 -0.0074
vn -0.8006 -0.5992 0.0047
vn -0.7951 -0.6065 -0.0017
vn -0.8994 -0.4371 -0.0028
vn -0.9124 -0.4094 -0.0033
vn -0.9474 -0.3201 0.0013
vn -0.7766 -0.6300 -0.0014
vn -0.7161 -0.6980 -0.0025
vn -0.7167 -0.6973 0.0019
vn -0.7163 -0.6978 0.0044
vn -0.4743 -0.8804 -0.0012
vn -0.5655 -0.8247 -0.0129
vn -0.5763 -0.8173 -0.0011
vn -0.5759 -0.8175 -0.0005
vn -0.4475 -0.8943 0.0017
vn -0.3250 -0.9457 -0.0028
vn -0.4549 -0.8905 0.0008
vn -0.4351 -0.9004 -0.0070
vn -0.4321 -0.9018 -0.0016
vn -0.5158 -0.8567 -0.0004
vn -0.4035 -0.9150 0.0007
vn -0.3703 -0.9289 -0.0003
vn -0.6417 -0.7669 0.0064
vn -0.6344 -0.7730 -0.0000
vn -0.6260 -0.7798 -0.0026
vn -0.6692 -0.7430 0.0027
vn -0.6739 -0.7388 0.0051
vn -0.6824 -0.7310 -0.0029
vn -0.7625 -0.6470 0.0029
vn -0.7110 -0.7032 0.0006
vn -0.8727 -0.4883 0.0042
vn -0.6271 -0.7756 0.0714
vn -0.6266 -0.7786 -0.0340
vn -0.5551 -0.8241 -0.1129
vn -0.8681 -0.4964 0.0053
vn -0.8232 -0.5677 -0.0045
vn -0.8324 -0.5541 0.0022
vn -0.8323 -0.5544 -0.0032
vn -0.9120 -0.4095 0.0250
vn -0.6326 -0.7556 -0.1701
vn 0.6861 0.7275 0.0033
vn 0.7033 0.7107 -0.0171
vn 0.7124 0.7018 0.0032
vn 0.7162 0.6978 -0.0075
vn 0.2977 0.9547 -0.0051
vn 0.3045 0.9525 0.0012
vn 0.3199 0.9475 0.0039
vn 0.2233 0.9747 0.0016
vn 0.1873 0.9822 0.0140
vn 0.3063 0.9519 0.0027
vn 0.6412 -0.7673 -0.0079
vn 0.6758 -0.7371 0.0012
vn 0.6892 -0.7246 -0.0003
vn 0.7006 -0.7133 -0.0173
vn 0.7027 -0.7114 -0.0140
vn 0.7083 -0.7059 -0.0002
vn 0.4698 -0.8825 -0.0211
vn 0.4563 -0.8898 -0.0092
vn 0.4546 -0.8904 -0.0235
vn 0.5475 -0.8367 -0.0080
vn 0.3700 -0.9290 0.0030
vn 0.4481 -0.8940 -0.0000
vn 0.3188 -0.9478 0.0060
vn 0.9302 -0.3670 -0.0010
vn 0.8947 -0.4467 0.0007
vn 0.8529 -0.5220 0.0008
vn 1.0000 0.0009 -0.0030
vn 0.7388 -0.0229 0.6736
vn 0.8987 0.0239 0.4380
vn 0.3639 0.6683 0.6488
vn 0.0428 0.6272 0.7777
vn -0.1656 0.5224 0.8365
vn 0.9977 -0.0682 0.0037
vn 0.9976 -0.0698 -0.0001
vn 0.9992 -0.0384 -0.0074
vn -0.4596 0.8881 -0.0061
vn -0.4609 0.8875 -0.0055
vn -0.4619 0.8866 -0.0237
vn 0.9985 0.0549 -0.0050
vn 0.8354 -0.5496 -0.0039
vn 0.8341 -0.5516 -0.0021
vn 0.7713 -0.6365 0.0093
vn 0.7604 -0.6494 -0.0051
vn 0.7595 -0.6505 -0.0024
vn 0.8010 -0.5986 0.0044
vn 0.8947 -0.4465 0.0096
vn 0.9252 -0.3784 -0.0288
vn 0.6185 -0.7858 0.0051
vn 0.5520 -0.8339 0.0036
vn 0.5206 -0.8538 -0.0030
vn 0.6712 -0.7413 0.0064
vn 0.3743 -0.9273 0.0010
vn 0.2705 -0.9627 0.0009
vn 0.4513 -0.8924 0.0065
vn 0.4494 -0.8933 -0.0004
vn 0.4651 -0.8853 -0.0015
vn 0.1966 -0.9804 0.0138
vn 0.1898 -0.9818 0.0023
vn 0.1221 -0.9925 -0.0027
vn 0.0423 -0.9991 0.0049
vn 0.4653 -0.8852 -0.0033
vn 0.4659 -0.8848 0.0009
vn 0.4507 -0.8927 0.0027
vn 0.5928 -0.8054 -0.0020
vn 0.5848 -0.8111 -0.0068
vn 0.5970 -0.8022 0.0036
vn -0.1467 -0.9892 0.0015
vn -0.0622 -0.9980 -0.0064
vn 0.0387 -0.9992 -0.0084
vn -0.5369 -0.8436 0.0028
vn -0.6114 -0.7913 -0.0024
vn -0.5980 -0.8015 -0.0016
vn -0.5979 -0.8016 0.0004
vn -0.5575 -0.8302 0.0054
vn -0.5453 -0.8382 -0.0006
vn -0.5461 -0.8377 -0.0038
vn -0.7127 -0.7015 0.0044
vn -0.7085 -0.7056 0.0082
vn -0.7135 -0.7007 -0.0003
vn 0.9658 -0.2594 -0.0043
vn 0.5059 -0.2572 0.8233
vn 0.6838 -0.4131 0.6015
vn 0.6415 -0.5473 0.5375
vn 0.6227 -0.6421 0.4472
vn 0.0017 -0.3203 0.9473
vn -0.0179 -0.4089 0.9124
vn 0.8376 -0.5252 0.1503
vn 0.5479 -0.7831 0.2942
vn 0.0004 -0.7786 0.6276
vn 0.0005 -0.5911 0.8066
vn 0.0114 -0.5388 0.8424
vn 0.0009 -0.8536 0.5209
vn 0.7220 -0.6694 0.1747
vn 0.4802 -0.8548 0.1967
vn 0.0055 -0.9533 0.3018
vn -0.6177 -0.6591 0.4291
vn -0.7017 -0.5414 0.4631
vn -0.8753 -0.3053 0.3750
vn -0.9753 -0.2181 0.0349
vn -0.9689 -0.2472 -0.0039
vn -0.9707 -0.2402 -0.0011
vn -0.9719 -0.2347 0.0182
vn -0.9033 -0.4289 -0.0028
vn -0.9123 -0.4094 0.0047
vn -0.9123 -0.4095 0.0064
vn 0.8776 0.4795 0.0014
vn 0.8746 0.4848 0.0034
vn 0.8770 0.4803 -0.0124
vn 0.9143 0.4050 -0.0005
vn 0.9217 0.3878 0.0021
vn 0.9150 0.4034 -0.0023
vn 0.9175 0.3976 0.0060
vn 0.9187 0.3948 0.0090
vn 0.9236 0.3833 -0.0045
vn 0.9259 0.3766 -0.0306
vn 0.6133 0.7433 0.2671
vn -0.3622 0.8284 0.4274
vn 0.5822 0.8018 0.1347
vn -0.3575 0.5862 0.7270
vn 0.8222 0.5692 0.0044
vn 0.9433 -0.3320 0.0063
vn 0.9422 -0.3350 0.0014
vn 0.9491 -0.3148 -0.0112
vn 0.4623 0.8867 -0.0026
vn 0.5153 0.8570 -0.0009
vn 0.6932 0.7207 0.0040
vn 0.6973 0.7167 0.0064
vn 0.6918 0.7221 -0.0005
vn 0.6329 0.7742 0.0015
vn 0.6288 0.7775 0.0035
vn 0.6244 0.7811 -0.0001
vn 0.7651 0.6439 0.0013
vn 0.7821 0.6231 -0.0050
vn 0.7608 0.6489 0.0062
vn 0.5716 0.8205 0.0083
vn 0.8793 0.4763 -0.0063
vn 0.8701 0.4929 -0.0021
vn 0.8719 0.4896 0.0007
vn 0.8765 0.4809 -0.0224
vn 0.8496 0.5274 0.0065
vn 0.8550 0.5186 -0.0093
vn 0.8236 0.5672 -0.0023
vn 0.8299 0.5578 -0.0045
vn 0.8330 0.5532 -0.0078
vn 0.0107 -0.1566 0.9876
vn -0.0029 0.0003 1.0000
vn 0.0187 0.2387 0.9709
vn 0.0116 0.2342 0.9721
vn 0.0002 0.1589 0.9873
vn -0.0028 0.1669 0.9860
vn -0.0207 0.1078 0.9940
vn 0.0249 0.4368 0.8992
vn 0.0505 0.3783 0.9243
vn 0.0150 0.4347 0.9004
vn 0.0110 0.5478 0.8365
vn 0.0051 0.6294 0.7770
vn -0.0001 0.7332 0.6800
vn 0.0443 0.9990 0.0076
vn 0.0642 0.9979 -0.0041
vn 0.0394 0.9992 -0.0017
vn -0.0123 0.9999 -0.0045
vn -0.0103 0.9999 0.0024
vn -0.0138 0.9998 0.0133
vn -0.9329 -0.3599 -0.0135
vn -0.6702 -0.6445 0.3681
vn 0.0048 -0.3206 0.9472
vn -0.0060 -0.2736 0.9618
vn 0.0013 -0.3210 0.9471
vn 0.5320 -0.0257 0.8464
vn 0.8283 -0.0611 0.5569
vn 0.9213 0.1096 0.3730
vn 0.5300 -0.2920 0.7962
vn 0.2257 -0.1678 0.9596
vn 0.2578 -0.4434 0.8584
vn 0.0020 -0.3474 0.9377
vn -0.2892 -0.4225 0.8590
vn -0.2513 -0.5602 0.7893
vn 0.3310 -0.6009 0.7276
vn -0.4976 -0.6320 0.5941
vn 0.3453 -0.6960 0.6295
vn -0.7514 -0.3364 0.5676
vn -0.4877 -0.7160 0.4995
vn 0.3509 -0.7618 0.5445
vn 0.9235 -0.1690 0.3442
vn 0.7369 -0.3226 0.5941
vn 0.7025 -0.3359 0.6275
vn 0.6995 -0.3978 0.5936
vn 0.7383 -0.4951 0.4580
vn 0.7018 -0.6399 0.3131
vn 0.9533 -0.2129 0.2142
vn 0.9304 -0.3231 0.1729
vn 0.2754 -0.8528 0.4436
vn 0.4128 -0.8850 0.2152
vn 0.1100 -0.9901 0.0870
vn -0.5064 -0.8623 0.0018
vn 0.4330 -0.9007 -0.0367
vn -0.6321 -0.7561 0.1697
vn 0.8712 -0.4897 -0.0356
vn 0.9218 -0.3791 0.0805
vn -0.4859 -0.0719 0.8710
vn -0.5001 -0.2475 0.8298
vn -0.0161 0.1030 0.9946
vn -0.0066 0.1276 0.9918
vn 0.0211 0.0542 0.9983
vn 0.0007 0.1212 0.9926
vn 0.4174 0.4379 0.7963
vn -0.0062 0.4063 0.9137
vn 0.4204 0.2615 0.8689
vn 0.2264 0.1751 0.9582
vn 0.8777 0.2473 0.4106
vn 0.5771 0.5276 0.6234
vn 0.1774 0.7259 0.6645
vn 0.9014 0.3574 0.2445
vn 0.4264 0.7611 0.4887
vn -0.1333 0.7377 0.6619
vn 0.0042 0.8530 0.5218
vn -0.0115 0.5781 0.8159
vn -0.4735 0.5295 0.7038
vn -0.5129 0.6910 0.5093
vn 0.3130 0.8882 0.3363
vn 0.2790 0.9512 0.1316
vn -0.1225 0.9665 0.2256
vn 0.7322 0.6386 0.2369
vn 0.9082 0.4130 0.0685
vn 0.6692 0.7405 0.0618
vn 0.9266 0.3689 -0.0728
vn 0.4378 0.8723 -0.2179
vn 0.2759 0.9566 -0.0935
vn -0.5265 0.8282 -0.1920
vn -0.5529 0.8290 0.0843
vn -0.3759 0.9250 -0.0551
vn -0.5120 0.8536 0.0958
vn -0.5724 0.7394 0.3543
vn 0.2417 0.9463 0.2145
vn 0.1237 0.9268 0.3546
vn -0.5099 0.7154 0.4777
vn 0.1375 0.8078 0.5732
vn -0.6051 0.5961 0.5277
vn 0.0047 0.6382 0.7698
vn -0.0293 0.6770 0.7354
vn -0.0309 0.6760 0.7363
vn 0.1901 0.5809 0.7915
vn 0.1840 0.7016 0.6884
vn 0.1444 0.4402 0.8862
vn -0.6307 0.3984 0.6660
vn 0.1740 0.4447 0.8786
vn 0.2287 0.2804 0.9322
vn 0.1892 0.6782 0.7101
vn 0.1965 0.7866 0.5854
vn 0.1844 0.9661 0.1809
vn 0.3510 0.8391 0.4156
vn 0.3619 0.8323 0.4199
vn 0.3843 0.8029 0.4558
vn 0.1719 0.8858 0.4311
vn 0.1792 0.5615 0.8078
vn 0.1899 0.2548 0.9482
vn 0.1839 0.0373 0.9822
vn 0.2249 0.0019 0.9744
vn 0.1816 -0.1540 0.9712
vn 0.1732 -0.3433 0.9231
vn 0.1829 -0.2252 0.9570
vn 0.0107 -0.0260 0.9996
vn 0.0036 -0.2941 0.9558
vn 0.1807 -0.4576 0.8706
vn 0.0210 -0.4119 0.9110
vn -0.0016 -0.5489 0.8359
vn 0.1821 -0.6199 0.7632
vn 0.0001 0.1160 0.9933
vn 0.2136 0.9331 0.2892
vn -0.0032 0.8994 0.4372
vn 0.0072 0.7235 0.6903
vn 0.0053 0.5943 0.8042
vn 0.0059 0.4769 0.8789
vn 0.0134 0.3109 0.9503
vn -0.5059 0.0717 0.8596
vn -0.4860 0.2380 0.8409
vn -0.4968 0.1512 0.8546
vn -0.5126 -0.0812 0.8548
vn -0.4970 0.4011 0.7695
vn -0.4394 0.4194 0.7943
vn -0.5016 -0.1995 0.8418
vn -0.0000 -0.4371 0.8994
vn -0.5153 -0.4701 0.7166
vn 0.0089 0.0944 0.9955
vn 0.0197 0.0836 0.9963
vn -0.0404 0.1422 0.9890
vn -0.0037 -0.7811 0.6245
vn -0.0114 -0.8684 0.4957
vn 0.1849 -0.7373 0.6498
vn -0.0046 -0.6860 0.7276
vn -0.0031 -0.6771 0.7359
vn -0.0015 -0.5476 0.8367
vn 0.0133 -0.4077 0.9130
vn 0.0054 -0.3336 0.9427
vn 0.0008 -0.0034 1.0000
vn 0.0048 0.3186 0.9479
vn -0.0006 0.4107 0.9118
vn 0.0172 0.8267 0.5623
vn -0.0000 0.9568 0.2906
vn 0.1861 0.9824 0.0151
vn -0.0009 0.9910 0.1342
vn -0.0061 0.9996 -0.0273
vn 0.1836 0.9752 -0.1235
vn -0.0064 0.9579 -0.2869
vn 0.1864 0.9485 -0.2561
vn 0.0042 0.9051 -0.4253
vn -0.0066 0.9901 -0.1400
vn -0.0097 0.8976 0.4408
vn -0.0012 0.7594 0.6506
vn 0.0022 0.6448 0.7644
vn -0.0017 -0.1420 0.9899
vn 0.0191 -0.1916 0.9813
vn -0.0029 -0.1423 0.9898
vn -0.0008 -0.2247 0.9744
vn 0.0143 -0.2215 0.9751
vn -0.0122 -0.1737 0.9847
vn -0.0208 -0.4132 0.9104
vn 0.0112 0.0271 0.9996
vn -0.0250 0.0824 0.9963
vn 0.0246 0.0243 0.9994
vn -0.0002 0.1589 0.9873
vn 0.0099 0.2942 0.9557
vn -0.0039 -0.6824 0.7310
vn 0.1750 -0.9036 0.3911
vn 0.0022 -0.9414 0.3372
vn 0.0024 -0.8618 0.5073
vn 0.0099 -0.9250 0.3798
vn 0.0205 -0.9728 0.2308
vn 0.0003 -0.7522 0.6590
vn -0.0021 0.6495 0.7603
vn 0.0098 0.7076 0.7065
vn 0.0072 0.7067 0.7075
vn -0.0229 0.7122 0.7016
vn -0.0054 0.8272 0.5619
vn -0.0025 0.9098 -0.4149
vn 0.0038 0.8414 -0.5404
vn -0.0043 0.4300 -0.9028
vn -0.0048 0.4308 -0.9024
vn 0.0013 0.2832 -0.9591
vn 0.0051 0.5651 -0.8250
vn -0.0101 0.5915 -0.8062
vn -0.0054 0.6770 -0.7359
vn -0.0097 0.0855 -0.9963
vn -0.0058 0.1471 -0.9891
vn 0.0205 0.0906 -0.9957
vn 0.0148 -0.0458 -0.9988
vn -0.0455 0.1057 -0.9934
vn -0.0057 0.0136 -0.9999
vn -0.0169 0.3083 -0.9512
vn 0.1885 0.8938 -0.4069
vn -0.0078 0.5244 0.8514
vn 0.0117 0.5594 0.8288
vn -0.0035 0.5520 0.8338
vn -0.0125 0.4609 0.8873
vn 0.0002 0.5348 0.8450
vn -0.0007 -0.3454 0.9384
vn -0.0004 -0.6157 0.7880
vn 0.0010 -0.9876 0.1573
vn -0.0041 -0.9954 0.0955
vn -0.0066 -0.1212 0.9926
vn 0.0179 -0.0637 0.9978
vn -0.0061 -0.0672 0.9977
vn 0.0168 0.0554 0.9983
vn -0.0077 -0.2178 0.9760
vn 0.0234 -0.1744 0.9844
vn -0.0028 -0.2189 0.9757
vn 0.0070 -0.0865 0.9962
vn -0.0019 -0.0319 0.9995
vn -0.0042 -0.0863 0.9963
vn 0.0053 -0.1501 0.9887
vn 0.0024 -0.1497 0.9887
vn -0.0102 -0.2021 0.9793
vn -0.0023 -0.7384 0.6743
vn 0.0121 -0.8346 0.5508
vn -0.0168 -0.8242 0.5660
vn -0.0119 -0.8230 0.5679
vn -0.0069 -0.9765 0.2154
vn -0.0173 -0.9755 0.2191
vn 0.0086 -0.9655 0.2604
vn 0.1901 -0.9797 0.0636
vn 0.1884 -0.9795 -0.0708
vn -0.0039 -0.9889 -0.1485
vn 0.1856 -0.9590 -0.2144
vn -0.0022 -0.9564 -0.2922
vn -0.0054 -0.9559 -0.2936
vn -0.0032 -0.8888 -0.4583
vn -0.0136 -0.7945 -0.6071
vn -0.0143 -0.8022 -0.5969
vn 0.0021 -0.9996 -0.0294
vn -0.0045 0.7528 0.6582
vn -0.0053 0.7218 0.6921
vn -0.0187 0.9530 0.3024
vn -0.0043 0.6343 0.7731
vn 0.0079 0.5657 0.8246
vn -0.0146 0.6591 0.7519
vn 0.0225 0.6440 0.7647
vn -0.0057 0.6481 0.7615
vn 0.0123 0.6840 0.7294
vn 0.0055 0.6826 0.7308
vn -0.0082 0.7120 0.7022
vn -0.0074 0.4571 0.8894
vn -0.0044 0.3440 0.9390
vn 0.0124 0.2743 0.9616
vn -0.0313 0.0880 0.9956
vn 0.0242 0.0651 0.9976
vn 0.0246 0.0555 0.9982
vn 0.0003 0.1100 0.9939
vn 0.0070 0.9903 0.1389
vn -0.0030 1.0000 -0.0066
vn -0.0009 0.9873 -0.1588
vn 0.0082 0.9759 -0.2181
vn -0.0105 0.9682 -0.2499
vn 0.0153 0.8282 -0.5602
vn -0.0038 0.7525 -0.6585
vn 0.0073 0.6351 -0.7724
vn -0.0040 0.5204 -0.8539
vn -0.0004 0.7891 -0.6143
vn -0.0014 0.4525 -0.8917
vn -0.0003 0.2481 -0.9687
vn -0.0162 0.3007 -0.9536
vn 0.0059 0.3022 -0.9532
vn -0.0187 -0.0598 -0.9980
vn -0.0093 -0.0179 -0.9998
vn 0.0113 0.0909 -0.9958
vn -0.0049 0.0901 -0.9959
vn -0.0002 0.1520 -0.9884
vn -0.0369 -0.1205 -0.9920
vn -0.0000 -0.1479 -0.9890
vn 0.0059 -0.1536 -0.9881
vn 0.0026 0.1834 -0.9830
vn -0.0373 0.1368 -0.9899
vn 0.0057 0.1904 -0.9817
vn 0.0088 -0.2584 -0.9660
vn 0.0129 -0.2867 -0.9579
vn -0.0003 -0.3181 -0.9480
vn 0.0074 -0.4327 -0.9015
vn 0.0046 -0.4263 -0.9046
vn 0.0013 -0.5725 -0.8199
vn 0.0069 -0.4699 0.8827
vn -0.0045 -0.4696 0.8829
vn -0.0059 -0.4988 0.8667
vn 0.0106 -0.6771 0.7358
vn 0.0457 -0.1678 0.9848
vn -0.0039 -0.1896 0.9818
vn -0.0020 -0.1908 0.9816
vn 0.0272 0.1286 0.9913
vn -0.0244 0.1567 0.9873
vn -0.0198 0.1597 0.9870
vn -0.0192 -0.3402 0.9402
vn -0.0050 0.6605 0.7508
vn -0.0101 0.9536 0.3009
vn 0.0009 0.6831 -0.7303
vn -0.0122 0.7119 -0.7022
vn 0.0111 0.6853 -0.7282
vn -0.0140 0.1904 -0.9816
vn 0.0347 0.0960 -0.9948
vn -0.0125 0.1421 -0.9898
vn -0.0067 0.3267 -0.9451
vn -0.0097 0.2945 -0.9556
vn 0.0017 0.4485 -0.8938
vn -0.0088 0.4677 -0.8838
vn 0.0015 0.6625 -0.7491
vn -0.0082 0.5570 -0.8305
vn 0.0079 0.6713 -0.7412
vn 0.0152 0.8225 -0.5686
vn 0.0134 0.8462 -0.5327
vn -0.0017 0.9105 -0.4134
vn 0.6168 0.6524 -0.4403
vn 0.0043 0.7932 -0.6090
vn 0.0061 0.0789 0.9969
vn -0.0053 0.1486 0.9889
vn -0.0060 0.0714 0.9974
vn -0.0065 -0.0643 0.9979
vn 0.0029 -0.0464 0.9989
vn 0.0198 -0.1006 0.9947
vn 0.0022 -0.8873 0.4612
vn -0.0034 -0.8873 0.4612
vn 0.0108 -0.9484 0.3170
vn -0.0035 -0.9853 0.1709
vn -0.0016 -0.8317 0.5553
vn -0.0011 -0.7139 0.7003
vn 0.0076 -0.8378 0.5460
vn -0.0121 -0.8146 0.5799
vn -0.0056 -0.8397 0.5431
vn -0.0045 -0.9878 -0.1558
vn 0.0013 -1.0000 -0.0000
vn -0.0010 -0.9997 -0.0252
vn -0.0011 -0.8016 -0.5978
vn 0.0040 -0.8899 -0.4561
vn -0.0034 -0.8927 -0.4506
vn -0.0049 -0.5661 -0.8243
vn -0.0015 -0.6534 -0.7570
vn 0.0030 -0.6953 -0.7187
vn -0.0115 -0.4166 -0.9090
vn 0.0059 -0.4103 -0.9119
vn 0.0115 -0.3295 -0.9441
vn 0.0034 -0.2419 -0.9703
vn -0.0109 -0.2296 -0.9732
vn -0.0187 -0.1796 0.9836
vn 0.0110 -0.2144 0.9767
vn 0.0049 -0.2166 0.9763
vn -0.0058 -0.3198 0.9475
vn -0.0104 -0.2088 0.9779
vn -0.0101 -0.6991 0.7149
vn -0.0068 -0.6594 0.7518
vn 0.0259 -0.6890 0.7243
vn -0.0129 -0.6611 0.7502
vn 0.5538 -0.8084 -0.1993
vn -0.0001 -0.9574 -0.2887
vn 0.0036 -0.8575 -0.5145
vn -0.0031 0.3180 0.9481
vn -0.0036 0.4145 0.9101
vn -0.0030 0.7507 0.6606
vn 0.0022 0.8335 0.5525
vn 0.0051 0.9013 0.4332
vn -0.0046 0.6328 0.7743
vn -0.0065 0.9896 0.1434
vn -0.0021 0.6126 -0.7904
vn 0.0103 0.7298 -0.6836
vn -0.0161 0.8351 -0.5499
vn -0.0051 0.5513 -0.8343
vn 0.0465 0.2779 -0.9595
vn -0.0161 0.2768 -0.9608
vn -0.0103 0.2816 -0.9595
vn -0.0047 0.4529 -0.8915
vn -0.0140 0.9013 -0.4330
vn 0.0150 0.8654 -0.5008
vn 0.0113 0.8547 -0.5190
vn 0.0028 0.8532 -0.5215
vn -0.0179 0.8718 -0.4895
vn -0.0031 0.9418 -0.3363
vn 0.0059 0.9245 -0.3812
vn -0.0023 0.9240 -0.3825
vn 0.0022 0.9535 0.3014
vn 0.0010 1.0000 -0.0020
vn -0.0072 0.9891 -0.1468
vn 0.0153 0.9532 -0.3018
vn 0.0012 0.7418 0.6706
vn -0.0003 0.5575 0.8302
vn -0.0118 0.5647 0.8252
vn -0.0000 0.5282 0.8491
vn -0.0074 0.3151 0.9490
vn 0.0017 0.2476 0.9688
vn -0.0034 0.4664 0.8846
vn -0.0038 0.2426 0.9701
vn 0.0036 0.0563 0.9984
vn 0.0040 0.1341 0.9910
vn -0.0070 0.1341 0.9909
vn -0.0024 -0.1418 0.9899
vn 0.0119 -0.2140 0.9768
vn -0.0018 -0.2305 0.9731
vn 0.0486 -0.2276 0.9725
vn 0.0022 -0.5575 0.8302
vn -0.0157 -0.4912 0.8709
vn -0.0304 -0.4729 0.8806
vn -0.0130 -0.3606 0.9326
vn 0.0250 -0.3235 0.9459
vn -0.0067 -0.3628 0.9318
vn -0.0250 -0.3395 0.9403
vn 0.0132 -0.3027 0.9530
vn 0.0048 -0.2999 0.9540
vn -0.0049 -0.6447 0.7644
vn -0.0121 -0.4638 0.8859
vn 0.0108 -0.4522 0.8918
vn 0.0132 -0.4537 0.8911
vn -0.0184 -0.1623 0.9866
vn 0.0050 -0.2114 0.9774
vn 0.0064 -0.1577 0.9875
vn -0.0390 -0.0845 0.9957
vn 0.0003 -0.0857 0.9963
vn -0.0026 -0.0679 0.9977
vn -0.0004 0.1252 0.9921
vn -0.0165 0.0567 0.9983
vn 0.0071 0.0476 0.9988
vn 0.0141 -0.3308 0.9436
vn 0.0413 -0.1752 0.9837
vn -0.0101 -0.1740 0.9847
vn -0.0120 -0.1726 0.9849
vn 0.0136 0.8675 0.4972
vn -0.0031 0.8697 0.4935
vn -0.0028 0.8519 0.5237
vn -0.0069 0.0450 0.9990
vn -0.0121 0.0468 0.9988
vn 0.0272 0.1036 0.9943
vn 0.0063 -0.1076 0.9942
vn 0.0109 -0.0378 0.9992
vn -0.0069 -0.0381 0.9992
vn 0.0372 0.0059 0.9993
vn -0.0068 0.4149 0.9098
vn -0.0035 0.3675 0.9300
vn -0.0008 0.4065 0.9137
vn 0.5207 0.8526 -0.0447
vn -0.0100 -0.1793 0.9837
vn -0.0035 -0.1228 0.9924
vn -0.0117 -0.1739 0.9847
vn 0.0016 -0.2450 0.9695
vn -0.0112 -0.2677 0.9634
vn -0.0351 -0.2495 0.9677
vn -0.0082 -0.1460 0.9892
vn -0.0040 -0.2000 0.9798
vn 0.0054 -0.1462 0.9892
vn 0.0084 0.5748 0.8182
vn -0.0062 0.5452 0.8383
vn 0.0026 0.5612 0.8276
vn -0.0059 0.9999 -0.0148
vn -0.0032 0.9978 0.0656
vn 0.0025 0.9989 -0.0458
vn 0.0019 0.9889 -0.1485
vn -0.0057 0.9565 -0.2917
vn 0.0025 0.9865 -0.1639
vn 0.0027 0.9666 -0.2564
vn 0.0032 0.4668 -0.8843
vn -0.0072 0.5874 -0.8092
vn 0.0038 0.5524 -0.8336
vn 0.0025 0.3448 -0.9387
vn 0.0015 0.3949 -0.9187
vn 0.0113 0.4695 -0.8829
vn -0.0017 0.8508 -0.5254
vn -0.0027 0.8737 -0.4864
vn 0.0153 0.8525 -0.5224
vn -0.0010 0.8027 -0.5964
vn -0.0028 0.7363 -0.6766
vn -0.0024 0.7689 -0.6394
vn -0.0081 0.6768 -0.7361
vn 0.0011 0.6787 -0.7344
vn 0.0036 0.5850 -0.8110
vn 0.0047 0.2470 -0.9690
vn -0.0029 0.3881 -0.9216
vn -0.0090 0.2712 -0.9625
vn -0.0001 -0.3180 -0.9481
vn -0.0016 -0.2539 -0.9672
vn 0.0053 -0.1766 -0.9843
vn 0.0056 -0.1315 -0.9913
vn 0.0084 -0.1308 -0.9914
vn -0.0237 -0.0878 -0.9959
vn 0.0111 -0.2881 -0.9575
vn -0.5361 -0.3385 -0.7733
vn -0.5513 -0.1907 -0.8122
vn 0.0101 0.0161 -0.9998
vn -0.5364 0.2820 -0.7955
vn -0.0151 0.1497 -0.9886
vn -0.7343 0.2968 -0.6105
vn 0.0014 0.3551 -0.9348
vn -0.6512 0.4632 -0.6012
vn -0.6402 0.5662 -0.5192
vn -0.0056 0.4824 -0.8759
vn -0.0533 0.6700 -0.7405
vn -0.0182 0.8282 -0.5601
vn -0.6405 0.6927 -0.3317
vn -0.5958 0.7776 -0.2007
vn -0.7219 0.6918 0.0182
vn -0.0037 0.7603 -0.6495
vn -0.5702 0.6682 -0.4778
vn -0.0075 0.5833 -0.8122
vn 0.0013 0.0366 -0.9993
vn -0.0131 -0.0725 -0.9973
vn 0.0234 -0.1031 -0.9944
vn -0.0145 -0.0733 -0.9972
vn 0.0062 0.2520 -0.9677
vn -0.0055 0.6770 -0.7359
vn 0.0112 0.8427 -0.5382
vn -0.0005 0.9396 -0.3424
vn -0.0029 0.9843 0.1766
vn -0.0001 0.9761 -0.2174
vn -0.0010 0.9777 0.2098
vn -0.0048 0.9240 0.3822
vn -0.0049 0.8988 0.4384
vn 0.0024 0.8294 0.5586
vn -0.0028 0.8552 0.5183
vn -0.0039 0.6669 0.7451
vn 0.0086 0.6551 0.7555
vn -0.0090 0.6983 0.7157
vn 0.0109 0.5458 0.8378
vn -0.0022 0.5253 0.8509
vn -0.0067 0.5168 0.8561
vn -0.0072 0.3535 0.9354
vn 0.0080 0.3187 0.9478
vn -0.0127 0.4014 0.9158
vn -0.0022 0.1300 0.9915
vn 0.0122 0.2407 0.9705
vn -0.0028 0.2724 0.9622
vn -0.0199 -0.0710 0.9973
vn -0.0007 0.0525 0.9986
vn 0.0114 0.0192 0.9998
vn -0.0029 0.1293 0.9916
vn -0.0084 0.0601 0.9982
vn 0.0192 0.0627 0.9978
vn -0.0007 -0.0941 0.9956
vn 0.0006 0.3297 0.9441
vn -0.0054 0.4541 0.8909
vn 0.0062 0.7546 0.6562
vn -0.0058 0.7614 0.6482
vn 0.0066 0.1608 0.9870
vn 0.0104 0.1596 0.9871
vn -0.0277 0.1023 0.9944
vn 0.0053 0.5240 0.8517
vn 0.0021 0.5621 0.8271
vn -0.0042 0.5617 0.8274
vn 0.0166 0.0922 0.9956
vn 0.0048 0.1595 0.9872
vn -0.0169 0.1544 0.9879
vn 0.0063 0.4328 0.9015
vn -0.0126 0.5602 0.8283
vn -0.0056 0.6631 0.7485
vn 0.0040 0.6306 0.7761
vn 0.0046 0.6644 0.7474
vn 0.0089 0.8148 0.5797
vn -0.0024 0.7191 0.6949
vn 0.0026 0.6122 0.7907
vn -0.0146 0.4798 0.8772
vn 0.0028 0.6732 0.7395
vn -0.0019 -0.1742 0.9847
vn 0.0176 -0.1484 0.9888
vn 0.0089 -0.1794 0.9837
vn -0.0014 0.0394 0.9992
vn 0.0027 0.1254 0.9921
vn 0.0085 0.1940 0.9810
vn -0.0137 0.1277 0.9917
vn 0.0363 0.1019 0.9941
vn -0.0022 0.5432 0.8396
vn -0.0096 0.4760 0.8794
vn 0.0005 0.7160 0.6981
vn -0.0104 0.9570 0.2898
vn 0.0026 0.9925 0.1220
vn 0.0126 0.8268 -0.5624
vn -0.0006 0.7600 -0.6500
vn -0.0039 0.6871 -0.7266
vn 0.0042 -0.0353 -0.9994
vn -0.0032 -0.1834 -0.9830
vn -0.0007 -0.3264 -0.9452
vn -0.0150 0.8750 -0.4839
vn 0.0115 0.8566 -0.5158
vn 0.0013 0.8553 -0.5181
vn -0.0027 0.9206 -0.3905
vn -0.0041 0.8827 -0.4699
vn -0.0044 0.9400 -0.3412
vn 0.0029 0.9425 -0.3342
vn 0.0038 0.9251 -0.3798
vn -0.0093 0.8705 -0.4921
vn -0.0139 -0.4970 0.8676
vn 0.0089 -0.3743 0.9273
vn 0.0073 -0.3885 0.9214
vn 0.0056 -0.6929 0.7210
vn 0.0115 -0.5627 0.8266
vn 0.0019 -0.6751 0.7378
vn 0.0019 -0.4510 0.8925
vn 0.0029 -0.2388 0.9711
vn 0.0016 -0.2386 0.9711
vn -0.0190 -0.2893 0.9571
vn -0.0167 -0.1232 0.9922
vn 0.0073 -0.0677 0.9977
vn 0.0127 -0.0693 0.9975
vn -0.0033 -0.5627 0.8266
vn 0.0041 -0.7469 0.6649
vn 0.0026 -0.8108 0.5853
vn 0.0033 -0.8649 0.5019
vn -0.0051 -0.9163 0.4004
vn 0.0038 -0.8986 0.4387
vn 0.0017 -0.8935 0.4492
vn -0.0039 -0.8479 0.5302
vn -0.0045 -0.5657 0.8246
vn -0.0076 -0.7094 0.7047
vn 0.0209 -0.7260 0.6874
vn -0.0172 -0.7416 0.6706
vn -0.0196 -0.7404 0.6719
vn 0.0094 -0.9786 0.2056
vn -0.0001 -0.9623 0.2720
vn -0.0118 -0.9862 0.1654
vn -0.1721 -0.9199 0.3523
vn -0.0036 -0.9574 0.2889
vn 0.0178 -0.9557 0.2938
vn -0.0037 -0.9420 0.3357
vn 0.0028 -0.8815 0.4721
vn -0.0057 -0.7988 0.6015
vn 0.0079 -0.5555 0.8315
vn 0.0146 -0.4117 0.9112
vn -0.1151 -0.2560 0.9598
vn -0.0033 -0.3131 0.9497
vn -0.0103 -0.2303 0.9731
vn 0.0050 -0.2447 0.9696
vn 0.0057 -0.1917 0.9814
vn -0.0181 -0.1959 0.9805
vn 0.0063 -0.1477 0.9890
vn 0.0047 -0.0859 0.9963
vn -0.0152 -0.1449 0.9893
vn 0.0095 -0.0869 0.9962
vn -0.0063 -0.0859 0.9963
vn -0.0012 -0.1481 0.9890
vn 0.0042 -0.2540 0.9672
vn -0.0193 -0.3588 0.9332
vn 0.0215 -0.3842 0.9230
vn -0.0212 -0.3599 0.9327
vn 0.0007 -0.2607 0.9654
vn -0.0060 0.8220 0.5695
vn 0.0014 0.7739 0.6333
vn -0.0084 0.8994 0.4371
vn -0.0008 0.9887 0.1502
vn 0.0028 0.9870 -0.1608
vn 0.0035 0.6798 -0.7334
vn -0.0023 0.6046 -0.7965
vn -0.0107 0.5021 -0.8647
vn -0.0266 0.4450 -0.8952
vn 0.0094 0.4411 -0.8974
vn 0.0130 0.4429 -0.8965
vn 0.0081 0.8194 -0.5732
vn -0.0195 0.9195 -0.3926
vn -0.0004 0.7746 -0.6325
vn -0.1802 0.3713 -0.9109
vn -0.0062 0.3517 -0.9361
vn -0.0055 0.3206 -0.9472
vn -0.1752 -0.5442 -0.8205
vn -0.0079 -0.6187 -0.7856
vn 0.0081 -0.6905 -0.7233
vn 0.0083 -0.8056 -0.5924
vn -0.1763 -0.7766 -0.6049
vn -0.1859 -0.8528 -0.4881
vn -0.0075 -0.9085 -0.4178
vn 0.0063 -0.4404 -0.8978
vn -0.0095 0.2897 0.9571
vn 0.0076 0.0500 0.9987
vn 0.0230 0.1429 0.9895
vn 0.0015 0.4065 0.9137
vn -0.0115 0.3151 0.9490
vn 0.0036 0.6408 0.7677
vn 0.0077 0.6461 0.7632
vn 0.0007 0.6630 0.7486
vn 0.0007 0.5576 0.8301
vn -0.0036 0.5338 0.8456
vn 0.0160 0.5677 0.8231
vn -0.0157 0.6872 0.7263
vn 0.0028 0.6524 0.7579
vn 0.0048 0.6886 0.7251
vn 0.0046 -0.6856 0.7280
vn 0.0069 -0.9737 -0.2276
vn -0.1651 -0.9286 -0.3324
vn -0.1964 -0.9591 -0.2040
vn -0.1662 -0.9843 -0.0598
vn -0.2219 -0.8499 -0.4780
vn -0.1703 -0.6707 -0.7219
vn -0.1753 -0.7278 -0.6630
vn -0.2200 -0.9532 -0.2072
vn 0.6544 -0.6939 -0.3004
vn -0.0025 -0.9350 -0.3546
vn -0.0035 -0.9347 -0.3554
vn 0.0472 -0.9481 -0.3145
vn 0.4865 -0.8223 -0.2953
vn 0.4914 -0.7190 -0.4914
vn 0.4505 -0.8378 -0.3086
vn 0.4824 -0.8705 -0.0980
vn 0.5249 -0.8505 -0.0343
vn 0.4676 -0.8754 0.1227
vn -0.1749 -0.9838 -0.0390
vn -0.1747 -0.9586 0.2247
vn -0.1786 -0.9803 0.0846
vn -0.2206 -0.9483 0.2280
vn -0.1694 -0.8464 0.5049
vn -0.1814 -0.8558 0.4845
vn -0.1797 -0.7543 0.6314
vn -0.1908 -0.6840 0.7041
vn 0.4779 -0.8367 0.2675
vn 0.4339 -0.8137 0.3868
vn 0.5197 -0.6302 0.5769
vn -0.1339 -0.5116 0.8487
vn 0.5341 -0.4639 0.7068
vn 0.4791 -0.2858 0.8299
vn 0.4096 -0.6985 0.5869
vn 0.3893 -0.8814 0.2676
vn 0.3831 -0.9139 0.1344
vn -0.0001 -1.0000 -0.0034
vn 0.2212 -0.9366 -0.2717
vn -0.2172 -0.7978 -0.5624
vn 0.2436 -0.7002 -0.6711
vn -0.4439 -0.6492 -0.6177
vn -0.4205 -0.8140 -0.4007
vn -0.0051 -0.9918 -0.1275
vn -0.4553 -0.8619 0.2235
vn 0.0248 -0.9406 0.3386
vn -0.2212 -0.7701 0.5984
vn -0.0036 -0.7403 0.6723
vn 0.3687 -0.6475 0.6669
vn -0.3847 -0.6205 0.6833
vn 0.2136 -0.5038 0.8370
vn -0.1420 -0.5501 0.8229
vn 0.5921 -0.3901 0.7051
vn 0.6789 -0.4360 0.5907
vn -0.1337 0.2228 0.9656
vn 0.4512 0.0558 0.8907
vn -0.1834 0.2007 0.9623
vn -0.1914 -0.0434 0.9805
vn 0.4443 -0.0948 0.8908
vn -0.1390 -0.2136 0.9670
vn 0.4527 0.2932 0.8421
vn -0.1874 0.4248 0.8857
vn 0.5989 0.4657 0.6515
vn -0.1392 0.5801 0.8026
vn 0.4579 0.3855 0.8011
vn 0.4995 0.1439 0.8543
vn 0.8471 -0.1057 0.5208
vn 0.5140 -0.0178 0.8576
vn 0.0241 0.0640 0.9977
vn 0.2053 0.2501 0.9462
vn -0.4204 -0.4395 0.7938
vn -0.5734 -0.3127 0.7573
vn -0.0020 -0.3043 0.9526
vn 0.0392 -0.2726 0.9613
vn -0.0060 -0.3027 0.9531
vn 0.0353 -0.1741 0.9841
vn -0.0083 -0.1167 0.9931
vn -0.0187 -0.1210 0.9925
vn -0.6279 -0.6491 0.4293
vn -0.7990 -0.3857 0.4614
vn -0.8876 -0.1782 0.4248
vn 0.0082 -0.2051 0.9787
vn -0.0247 -0.2505 0.9678
vn 0.0158 -0.2077 0.9781
vn -0.2209 -0.0595 0.9735
vn -0.5673 -0.0255 0.8231
vn -0.9037 -0.3626 0.2277
vn -0.8244 -0.5105 0.2445
vn -0.3607 -0.8401 0.4051
vn -0.8866 -0.4614 0.0320
vn -0.6015 -0.7963 -0.0634
vn -0.2002 -0.9798 -0.0008
vn -0.4259 -0.8754 -0.2288
vn -0.9137 -0.3930 -0.1032
vn -0.9072 -0.3320 -0.2585
vn -0.1131 0.1838 0.9764
vn 0.0158 -0.1716 0.9850
vn 0.0062 -0.1030 0.9947
vn -0.0086 -0.1145 0.9934
vn -0.1688 -0.1071 0.9798
vn -0.2023 0.0536 0.9778
vn -0.1695 0.4597 0.8717
vn -0.1970 0.2965 0.9345
vn -0.1322 -0.4600 0.8780
vn -0.3794 -0.2902 0.8786
vn -0.3671 -0.3415 0.8652
vn -0.3494 -0.3018 0.8870
vn -0.3753 -0.3018 0.8764
vn -0.3538 -0.3407 0.8711
vn -0.3604 -0.3498 0.8647
vn -0.1802 -0.6146 0.7680
vn -0.1950 0.5300 0.8253
vn -0.1615 0.7420 0.6506
vn -0.1793 0.7942 0.5806
vn -0.2060 0.8072 0.5532
vn -0.3523 0.5934 0.7237
vn -0.3291 0.6330 0.7007
vn -0.3529 0.5935 0.7233
vn -0.3486 0.6541 0.6712
vn -0.3907 0.6715 0.6297
vn -0.3527 0.6559 0.6673
vn -0.0243 0.7025 0.7112
vn 0.6816 0.4839 0.5489
vn 0.7883 0.3534 0.5037
vn 0.2814 0.6087 0.7419
vn 0.5889 0.6639 0.4609
vn -0.0042 0.5428 0.8399
vn 0.0102 0.6855 0.7280
vn 0.0005 0.4166 0.9091
vn -0.3365 0.1173 0.9343
vn -0.2701 0.2627 0.9263
vn -0.2819 0.4329 0.8562
vn -0.8493 -0.0088 0.5278
vn -1.0000 0.0066 -0.0072
vn -0.9096 0.1322 0.3939
vn -0.6093 0.2650 0.7474
vn -0.7712 0.3618 0.5239
vn -0.9023 0.3601 0.2370
vn -0.7447 0.4837 0.4599
vn -0.3277 0.5980 0.7314
vn 0.2090 -0.5689 0.7954
vn 0.1850 -0.7404 0.6462
vn 0.1932 -0.8328 0.5187
vn 0.1935 -0.9518 0.2379
vn 0.1942 -0.9653 0.1744
vn 0.1871 -0.9390 0.2886
vn 0.1933 -0.8705 0.4527
vn -0.0004 -0.6467 0.7627
vn 0.0004 -0.5197 0.8544
vn 0.0021 -0.4741 0.8805
vn -0.0058 -0.5040 0.8637
vn 0.0017 -0.5400 0.8416
vn -0.0099 -0.7651 0.6439
vn -0.0012 -0.8577 0.5141
vn -0.6782 -0.7276 0.1034
vn -0.0094 -0.9200 0.3919
vn -0.0267 -0.9035 0.4277
vn -0.0081 -0.9273 0.3744
vn -0.0045 -0.9575 0.2884
vn -0.0126 -0.2873 0.9578
vn -0.0049 -0.2813 0.9596
vn 0.0076 -0.3548 0.9349
vn -0.0267 -0.3593 0.9329
vn 0.0010 -0.4155 0.9096
vn 0.0072 -0.3342 0.9425
vn -0.0226 -0.3377 0.9410
vn 0.0009 -0.3891 0.9212
vn -0.0079 -0.9079 0.4192
vn 0.0041 -0.9742 -0.2254
vn 0.0046 -0.9883 -0.1526
vn 0.0078 -0.9727 -0.2321
vn -0.0043 -0.8045 -0.5940
vn -0.0049 -0.7009 -0.7132
vn -0.0123 -0.8043 -0.5941
vn 0.0045 -0.5757 -0.8176
vn -0.0100 -0.4293 -0.9031
vn -0.0115 -0.5823 -0.8129
vn 0.0344 0.1179 -0.9924
vn 0.0241 0.1014 -0.9946
vn -0.0180 0.1411 -0.9898
vn 0.0024 0.1834 -0.9830
vn 0.0033 0.1909 -0.9816
vn 0.0071 0.2807 -0.9598
vn -0.0068 -0.1270 -0.9919
vn 0.0247 -0.0723 -0.9971
vn 0.0002 -0.1204 -0.9927
vn 0.0001 -0.2953 -0.9554
vn -0.0153 -0.3807 -0.9246
vn 0.0061 -0.6962 -0.7178
vn 0.0005 -0.8447 -0.5353
vn 0.0142 -0.9258 -0.3778
vn -0.0071 -0.9454 -0.3259
vn -0.0067 -0.9311 -0.3646
vn -0.0158 -0.5357 0.8443
vn 0.0043 -0.4712 0.8820
vn 0.0001 -0.7984 0.6021
vn 0.0013 -0.6790 0.7342
vn -0.0080 -0.9527 0.3038
vn -0.0068 -0.9854 0.1703
vn -0.0041 -1.0000 0.0001
vn -0.0035 -0.9739 -0.2269
vn -0.0008 -0.9906 -0.1370
vn 0.0267 -0.9266 -0.3752
vn -0.0177 -0.9391 -0.3431
vn 0.0202 -0.9329 -0.3595
vn -0.0051 -0.6095 0.7928
vn 0.0011 -0.3886 0.9214
vn -0.0056 -0.8574 0.5147
vn 0.0033 -0.8331 0.5531
vn -0.0047 -0.8336 0.5523
vn 0.0082 -0.8517 0.5239
vn -0.0066 -0.8284 0.5601
vn -0.0021 -0.8526 0.5226
vn 0.0002 -0.9999 0.0164
vn -0.4495 0.8604 0.2400
vn 0.0120 -0.8330 0.5532
vn -0.0167 -0.8129 0.5822
vn -0.0089 -0.8107 0.5854
vn -0.0005 -0.9941 0.1089
vn -0.0026 -0.9877 -0.1561
vn -0.0042 -0.8586 -0.5127
vn 0.0014 -0.8047 -0.5937
vn 0.0138 -0.9141 -0.4054
vn 0.0090 -0.9134 -0.4071
vn -0.0045 -0.9292 -0.3695
vn -0.8632 0.5049 -0.0003
vn -0.0278 -0.4813 0.8761
vn -0.4171 -0.7756 -0.4738
vn 0.0017 -0.9335 -0.3586
vn -0.0154 -0.9188 -0.3944
vn 0.0055 -0.9180 -0.3966
vn -0.6885 -0.6857 -0.2363
vn -0.0012 -0.8037 -0.5950
vn 0.0112 -0.6904 -0.7234
vn 0.0114 -0.6904 -0.7233
vn 0.0305 -0.7256 -0.6874
vn -0.0052 -0.6939 -0.7200
vn -0.7518 -0.5199 -0.4056
vn -0.0053 -0.5637 -0.8259
vn -0.7787 -0.5095 -0.3661
vn 0.0150 -0.5148 -0.8572
vn 0.0158 -0.5425 -0.8399
vn 0.0094 -0.5439 -0.8391
vn -0.8535 -0.3516 -0.3846
vn -0.0064 -0.4235 -0.9059
vn 0.0037 0.6636 0.7481
vn 0.0002 0.8597 0.5107
vn -0.1860 0.8895 0.4174
vn -0.1830 0.9379 0.2946
vn -0.1800 0.9834 -0.0237
vn -0.1849 0.9732 0.1370
vn -0.1188 0.9783 -0.1700
vn -0.1976 0.9376 -0.2860
vn 0.0063 0.7650 0.6440
vn -0.0077 0.7372 0.6756
vn 0.0023 0.7366 0.6763
vn -0.0086 0.6663 0.7456
vn 0.1835 0.7512 0.6341
vn -0.2248 0.7978 0.5594
vn 0.2363 0.8082 0.5395
vn 0.7152 0.6136 0.3346
vn -0.0447 0.8021 0.5955
vn 0.0004 0.7828 0.6222
vn -0.0103 0.7798 0.6260
vn -0.1954 0.8730 0.4469
vn 0.5116 0.7902 0.3375
vn -0.2097 0.9617 0.1765
vn -0.1844 0.9775 -0.1021
vn -0.1970 0.9249 -0.3252
vn -0.1890 0.8920 -0.4107
vn -0.2539 0.7122 -0.6544
vn -0.2327 0.5624 -0.7934
vn 0.0046 0.6676 -0.7445
vn 0.0079 0.6664 -0.7455
vn -0.0280 0.6484 -0.7608
vn -0.0056 -0.2291 -0.9734
vn 0.0153 -0.3006 -0.9536
vn -0.1839 -0.2093 -0.9604
vn -0.1962 -0.0843 -0.9769
vn -0.1554 -0.3845 -0.9099
vn -0.0126 0.0925 -0.9956
vn -0.0018 0.1535 -0.9881
vn 0.0008 0.1458 -0.9893
vn -0.2103 0.2942 -0.9323
vn -0.1867 0.3757 -0.9078
vn -0.1823 0.4956 -0.8492
vn -0.2089 0.5257 -0.8246
vn -0.1889 0.8142 -0.5490
vn -0.2097 0.6775 -0.7050
vn -0.2159 0.8246 -0.5230
vn 1.0000 0.0022 0.0016
vn 0.9998 0.0182 -0.0044
vn 0.9998 0.0183 -0.0029
vn 0.9998 0.0178 -0.0060
vn -0.5791 -0.4733 0.6638
vn -0.5144 -0.7175 0.4696
vn -0.5434 -0.8139 0.2054
vn -0.5170 -0.7621 0.3898
vn -0.2050 -0.8987 0.3877
vn -0.0335 -0.9718 0.2333
vn 0.0086 -0.9650 0.2622
vn 0.0045 -0.9645 0.2640
vn -0.3234 0.9463 0.0005
vn -0.3236 0.9462 0.0021
vn -0.3008 0.9537 0.0075
vn -0.8239 0.5667 -0.0031
vn -0.5847 0.6905 0.4259
vn -0.9999 0.0132 0.0031
vn -0.9325 0.3484 0.0954
vn -0.8438 -0.1875 -0.5029
vn -0.8188 -0.2900 -0.4954
vn -0.5751 -0.4501 -0.6832
vn -0.1900 -0.5041 -0.8425
vn -0.5441 -0.2567 -0.7988
vn 0.0013 -0.6340 -0.7733
vn 0.4403 -0.4715 -0.7641
vn 0.7151 -0.4244 -0.5554
vn 0.7251 -0.3793 -0.5748
vn 0.5626 -0.3816 -0.7334
vn 0.0074 -0.7582 -0.6519
vn 0.0118 -0.7587 -0.6513
vn 0.0033 -0.7237 -0.6901
vn 0.5701 -0.2293 -0.7889
vn 0.5110 -0.3697 -0.7760
vn 0.0124 -0.3113 -0.9502
vn 0.0083 -0.4608 -0.8875
vn -0.0132 -0.4551 -0.8903
vn 0.0095 -0.4130 -0.9107
vn -0.5230 -0.0015 -0.8523
vn -0.8528 -0.0237 -0.5217
vn -0.9999 0.0111 0.0049
vn -0.9999 0.0118 0.0088
vn -1.0000 0.0038 0.0054
vn -0.9392 0.1020 -0.3279
vn -1.0000 0.0086 0.0015
vn -0.8452 0.5302 -0.0676
vn -0.8819 0.4100 -0.2328
vn -1.0000 0.0017 0.0093
vn -0.9990 0.0429 -0.0115
vn -0.9996 0.0291 0.0015
vn -0.9998 0.0197 0.0090
vn -0.8487 0.3570 -0.3903
vn -0.8143 0.2265 -0.5345
vn -0.4162 0.1337 -0.8994
vn -0.3520 0.3095 -0.8834
vn -0.4196 0.5178 -0.7456
vn -0.5107 0.5889 -0.6264
vn 0.5172 -0.1376 -0.8447
vn 0.0013 -0.0163 -0.9999
vn 0.0141 -0.1232 -0.9923
vn 0.0014 -0.1762 -0.9844
vn 0.0082 -0.1074 -0.9942
vn 0.0008 0.4259 -0.9048
vn 0.5081 0.2295 -0.8302
vn 0.4974 0.0615 -0.8654
vn 0.3979 0.4522 -0.7982
vn -0.0049 0.6335 -0.7737
vn -0.4333 0.7601 -0.4843
vn -0.1588 0.7406 -0.6530
vn 1.0000 0.0004 0.0039
vn 1.0000 -0.0026 0.0021
vn 1.0000 -0.0010 0.0035
vn 0.8805 0.4040 -0.2479
vn 1.0000 0.0025 -0.0042
vn -0.5155 -0.8523 0.0890
vn -0.6165 -0.7868 -0.0292
vn -0.5157 -0.8475 -0.1253
vn -0.0017 -0.9990 -0.0452
vn 0.1106 -0.9880 -0.1079
vn 0.0159 -0.9991 -0.0389
vn 0.0017 -0.9980 -0.0628
vn -0.0425 -0.9991 0.0066
vn -0.0047 -1.0000 0.0046
vn -0.0189 -0.9998 0.0070
vn -0.1756 -0.9845 0.0019
vn 0.0017 0.3836 -0.9235
vn -0.0094 0.2441 -0.9697
vn 0.0053 0.2969 -0.9549
vn 0.0010 0.2494 -0.9684
vn -0.0203 0.3171 -0.9482
vn 0.0026 0.3149 -0.9491
vn 0.0108 0.2628 -0.9648
vn 0.0092 -0.5138 -0.8579
vn 0.0047 -0.5153 -0.8570
vn -0.0151 -0.4934 -0.8697
vn 0.0015 -0.3300 -0.9440
vn -0.0007 -0.3299 -0.9440
vn -0.0007 -0.5881 -0.8088
vn 0.0048 -0.6866 -0.7270
vn 0.0058 -0.6875 -0.7262
vn -0.0096 0.0503 -0.9987
vn 0.0302 0.0631 -0.9975
vn -0.0045 0.1619 -0.9868
vn 0.0148 -0.0899 -0.9958
vn 0.0003 -0.1347 -0.9909
vn -0.0063 -0.0802 -0.9968
vn 0.0070 -0.1509 -0.9885
vn -0.0315 -0.1031 -0.9942
vn 0.0019 -0.1442 -0.9896
vn -0.0071 0.8885 0.4588
vn -0.0060 0.8800 0.4750
vn 0.0037 0.9004 0.4351
vn 0.6278 0.7429 0.2322
vn 0.4474 0.8896 0.0918
vn 0.4636 0.8714 -0.1604
vn 0.5593 0.8249 0.0823
vn -0.0101 0.9743 0.2252
vn -0.0185 0.9579 0.2866
vn -0.0024 0.9741 0.2261
vn -0.0349 0.9455 -0.3239
vn -0.1274 0.2635 -0.9562
vn -0.3671 0.1825 -0.9121
vn -0.3653 0.1754 -0.9142
vn -0.3741 0.1065 -0.9212
vn -0.1426 0.0315 -0.9893
vn -0.3495 0.0907 -0.9326
vn -0.2183 0.0279 -0.9755
vn -0.1398 -0.5739 -0.8069
vn -0.3591 -0.4134 -0.8367
vn -0.3703 -0.4483 -0.8136
vn -0.3487 -0.4087 -0.8434
vn -0.1383 -0.2853 -0.9484
vn 0.5075 -0.0299 -0.8611
vn -0.1924 -0.1182 -0.9742
vn 0.5069 0.2906 -0.8115
vn 0.5302 0.5203 -0.6695
vn -0.0048 0.7289 -0.6846
vn 0.3890 0.7596 -0.5213
vn 0.5221 0.6486 -0.5538
vn 0.5060 0.6928 -0.5139
vn 0.4928 0.7978 -0.3472
vn 0.4447 0.5254 -0.7254
vn 0.2512 0.6951 -0.6736
vn -0.4152 0.8402 -0.3489
vn -0.4244 0.8792 -0.2167
vn -0.4231 0.8820 0.2076
vn -0.4223 0.8351 0.3525
vn 0.1750 0.9846 -0.0019
vn -0.4338 0.8998 0.0475
vn -0.1203 0.9890 -0.0858
vn 0.1346 -0.8463 -0.5154
vn 0.0896 -0.9960 0.0030
vn 0.0888 -0.9960 0.0073
vn 0.0595 -0.9982 -0.0033
vn 0.3258 -0.9454 0.0051
vn 0.3095 -0.9509 0.0014
vn 0.3122 -0.9500 -0.0045
vn 0.3008 -0.8726 -0.3847
vn 0.4079 -0.9130 -0.0004
vn 0.4043 -0.8345 -0.3743
vn 0.2001 -0.9144 -0.3519
vn 0.0859 -0.6989 -0.7101
vn 0.0273 0.9996 0.0068
vn 0.0269 0.9996 0.0062
vn 0.0295 0.9995 -0.0132
vn 0.1788 0.9837 0.0170
vn 0.5835 0.7927 -0.1765
vn 0.2076 0.9053 -0.3705
vn 0.7402 0.5457 -0.3929
vn 0.7054 0.6112 -0.3591
vn 0.6546 0.5554 -0.5129
vn 0.0140 -0.9550 -0.2962
vn 0.0013 -0.1969 -0.9804
vn -0.0078 0.0175 -0.9998
vn 0.0278 0.1121 -0.9933
vn 0.0100 -0.0781 -0.9969
vn 0.0014 -0.1322 -0.9912
vn -0.0059 -0.1387 -0.9903
vn -0.0013 -0.7346 -0.6785
vn 0.0017 -0.8093 -0.5874
vn 0.4959 -0.7783 -0.3852
vn 0.5752 -0.6581 -0.4859
vn 0.6996 -0.7146 -0.0002
vn 0.1804 -0.6725 -0.7178
vn 0.2846 -0.6542 -0.7008
vn 0.0145 -0.6856 -0.7278
vn 0.0086 -0.7112 -0.7029
vn -0.1054 -0.8600 -0.4992
vn -0.0465 -0.9989 0.0091
vn -0.0480 -0.9988 0.0058
vn -0.0165 -0.9999 -0.0020
vn -0.0057 -0.9390 0.3438
vn -0.0056 -0.9545 0.2981
vn 0.0143 -0.9536 0.3008
vn 0.0018 -0.9995 -0.0309
vn -0.0022 -0.9964 0.0850
vn 0.0031 -0.9132 -0.4076
vn 0.0004 -0.8500 -0.5267
vn 0.0148 0.8750 -0.4840
vn -0.0011 0.8898 -0.4564
vn 0.0035 0.8952 -0.4456
vn -0.9999 0.0103 -0.0034
vn -0.9998 0.0160 -0.0114
vn -0.9999 0.0130 -0.0044
vn -0.9998 0.0188 -0.0022
vn -0.9999 0.0131 -0.0049
vn -0.9998 0.0126 -0.0127
vn -0.9999 0.0117 -0.0127
vn -1.0000 0.0076 -0.0031
vn -0.9999 0.0087 0.0066
vn -0.9999 0.0101 0.0082
vn -0.9999 -0.0034 -0.0107
vn -1.0000 -0.0055 -0.0069
vn -1.0000 -0.0056 -0.0050
vn -0.1257 0.9921 0.0011
vn -0.0428 0.9991 0.0019
vn -0.0586 0.9983 0.0020
vn -0.0565 0.9984 0.0094
vn -0.2523 0.9676 0.0114
vn 0.5289 0.8307 -0.1738
vn 0.8461 -0.5330 0.0015
vn 0.8941 -0.4477 0.0107
vn 0.5195 -0.8458 -0.1212
vn 0.6124 -0.7615 -0.2124
vn 0.7753 -0.6314 -0.0144
vn 0.7852 -0.6193 -0.0005
vn 0.7853 -0.6191 -0.0034
vn 0.7632 -0.6461 0.0014
vn 0.7713 -0.6364 0.0109
vn 0.7649 -0.6441 -0.0049
vn 0.7645 -0.6446 -0.0040
vn 0.6619 -0.6488 -0.3754
vn 0.7687 -0.5607 -0.3078
vn 0.4123 -0.5884 -0.6956
vn 0.4871 -0.7066 -0.5132
vn 0.0262 -0.4044 -0.9142
vn -0.1063 -0.6904 -0.7156
vn 0.0086 0.0009 -1.0000
vn 0.0008 -0.0002 -1.0000
vn -0.0185 0.0222 -0.9996
vn -0.0914 0.4554 -0.8856
vn -0.0216 0.4146 -0.9098
vn 0.0649 0.4279 -0.9015
vn -0.0142 0.7114 -0.7027
vn -0.0353 0.7027 -0.7106
vn 0.0999 0.8595 -0.5012
vn 0.0158 0.9998 0.0090
vn 0.0303 0.9995 -0.0109
vn 0.0130 0.9999 0.0067
vn 0.1336 0.9910 0.0019
vn 0.1959 0.9091 -0.3675
vn 0.2513 0.9679 0.0074
vn -0.0654 0.9978 -0.0091
vn -0.0601 0.9982 -0.0037
vn -0.0507 0.9985 0.0181
vn 0.1924 0.8186 -0.5411
vn 0.0005 0.1434 -0.9897
vn -0.0188 0.1487 -0.9887
vn 0.0097 0.1956 -0.9806
vn 0.1908 0.0748 -0.9788
vn 0.0029 -0.0419 -0.9991
vn 0.0057 -0.3389 -0.9408
vn 0.0041 -0.1081 -0.9941
vn 0.1590 -0.2248 -0.9614
vn 0.0085 -0.4134 -0.9105
vn 0.2029 -0.3889 -0.8986
vn -0.0090 -0.5571 -0.8304
vn -0.0030 -0.6942 -0.7197
vn 0.1897 -0.5401 -0.8200
vn 0.1059 -0.6976 -0.7086
vn 0.1436 -0.8504 -0.5062
vn 0.1866 -0.9150 -0.3577
vn 0.1062 0.7559 -0.6460
vn 0.2035 0.8571 -0.4733
vn 0.1783 0.9204 -0.3478
vn 0.3627 0.7388 -0.5681
vn 0.3525 0.7463 -0.5646
vn 0.3921 0.7068 -0.5888
vn 0.1970 0.4828 -0.8533
vn 0.1032 0.6060 -0.7887
vn 0.3528 0.6260 -0.6955
vn 0.3421 0.6628 -0.6660
vn 0.3774 0.6361 -0.6731
vn 0.2004 0.5160 -0.8328
vn 0.2007 0.4333 -0.8786
vn 0.3520 0.6182 -0.7028
vn 0.3546 0.6165 -0.7030
vn 0.3516 0.6143 -0.7065
vn 0.0102 0.6442 -0.7648
vn -0.0034 0.6886 -0.7251
vn 0.0064 0.6439 -0.7651
vn 0.0007 0.7619 -0.6477
vn 0.0050 0.7796 -0.6262
vn 0.0058 0.7796 -0.6263
vn 0.0420 0.8582 -0.5116
vn -0.5731 0.7960 -0.1947
vn 0.2366 0.9629 -0.1299
vn -0.0101 0.9996 0.0257
vn -0.0401 0.9926 0.1144
vn -0.0046 0.9994 0.0356
vn -0.4921 0.8647 -0.1008
vn 0.0014 0.8158 -0.5783
vn 0.0014 0.8183 -0.5748
vn -0.0447 0.7945 -0.6057
vn -0.0588 0.5862 -0.8080
vn 0.1917 0.3248 -0.9262
vn 0.2073 0.2391 -0.9486
vn -0.5376 0.2384 -0.8088
vn 0.0104 0.6630 -0.7486
vn -0.5607 0.5944 -0.5765
vn -0.5426 0.4604 -0.7025
vn -0.4983 0.4237 -0.7565
vn -0.6928 0.0864 -0.7159
vn -0.5874 0.0536 -0.8075
vn -0.5239 0.6523 -0.5478
vn 0.0017 0.6925 -0.7215
vn -0.3225 0.6025 -0.7300
vn -0.5110 0.6937 -0.5075
vn 0.0041 0.7552 -0.6555
vn 0.3477 0.5441 -0.7636
vn -0.0069 0.4449 -0.8956
vn -0.2300 0.2866 -0.9300
vn 0.0020 0.2848 -0.9586
vn -0.0013 0.1325 -0.9912
vn 0.4054 0.6724 -0.6193
vn 0.3706 0.4112 -0.8328
vn 0.7062 0.3328 -0.6249
vn 0.4908 0.1033 -0.8651
vn 0.8971 0.2950 -0.3288
vn 0.8994 0.1077 -0.4236
vn 0.3367 0.8138 -0.4737
vn 0.6964 0.6098 -0.3783
vn 0.3632 0.8768 -0.3150
vn 0.9999 0.0125 -0.0034
vn 0.9999 0.0108 -0.0071
vn 1.0000 0.0047 -0.0021
vn 0.9999 0.0063 -0.0106
vn 1.0000 0.0018 0.0020
vn 0.9998 0.0083 -0.0194
vn 0.8961 -0.3397 -0.2857
vn 0.9085 -0.3907 -0.1484
vn 0.4402 -0.8680 -0.2295
vn -0.0050 -0.9729 -0.2312
vn -0.0262 -0.9520 -0.3051
vn 0.0032 -0.9726 -0.2323
vn 0.3905 -0.8312 -0.3958
vn -0.6507 -0.6986 -0.2976
vn 0.4184 -0.7465 -0.5174
vn -0.4212 -0.7683 -0.4819
vn 0.0025 -0.7472 -0.6646
vn -0.5144 -0.7412 -0.4313
vn 0.3367 -0.5171 -0.7869
vn -0.0019 -0.6572 -0.7537
vn -0.5133 -0.4874 -0.7064
vn 0.2745 -0.3462 -0.8971
vn -0.3383 -0.3867 -0.8579
vn -0.5114 -0.6196 -0.5954
vn -0.6651 -0.2334 -0.7094
vn -0.5889 -0.3098 -0.7465
vn -0.5485 -0.4689 -0.6922
vn -0.4757 -0.0974 -0.8742
vn 0.1952 -0.0118 -0.9807
vn 0.1889 -0.2490 -0.9499
vn -0.5691 -0.5624 -0.5999
vn -0.5009 -0.7067 -0.4998
vn -0.5442 -0.7938 -0.2714
vn 0.1736 -0.8967 -0.4072
vn 0.1792 -0.6405 -0.7468
vn 0.1793 -0.4518 -0.8739
vn 0.1869 -0.7945 -0.5778
vn 0.1822 -0.9449 -0.2720
vn 0.3552 -0.9342 -0.0331
vn 0.3924 -0.9197 0.0124
vn 0.3590 -0.9324 -0.0420
vn 0.3722 -0.7623 -0.5295
vn 0.3912 -0.7276 -0.5635
vn 0.3918 -0.7276 -0.5631
vn -0.0096 -0.8889 -0.4580
vn 0.0076 -0.5622 -0.8270
vn -0.0012 -0.4351 -0.9004
vn 0.0038 -0.6464 -0.7630
vn 0.0117 -0.7492 -0.6622
vn -0.0229 -0.7251 -0.6883
vn -0.0151 -0.7307 -0.6826
vn -0.4091 0.8302 -0.3787
vn -0.2318 -0.9727 0.0075
vn -0.3179 -0.8350 -0.4491
vn -0.7948 -0.6068 -0.0031
vn -0.4171 -0.7590 -0.5000
vn -0.2639 -0.9645 -0.0050
vn -0.2730 -0.9617 -0.0225
vn -0.2662 -0.9639 0.0024
vn -0.1412 -0.9295 -0.3409
vn -0.1370 -0.7061 -0.6948
vn -0.1724 -0.6738 -0.7186
vn -0.1867 -0.6686 -0.7198
vn -0.1827 -0.6787 -0.7113
vn 0.5757 -0.7665 -0.2848
vn 0.5542 -0.7525 -0.3558
vn 0.9374 -0.3439 0.0554
vn 0.0078 -0.8234 -0.5674
vn 0.0120 -0.8220 -0.5693
vn -0.0304 -0.7954 -0.6053
vn 0.0059 -0.9340 -0.3573
vn -0.0118 -0.9195 -0.3929
vn 0.0069 -0.9186 -0.3952
vn -0.0004 -0.9293 -0.3693
vn -0.5527 0.7813 -0.2900
vn -0.0029 0.8478 -0.5303
vn 0.0100 0.8517 -0.5239
vn -0.0085 0.8228 -0.5682
vn 0.7943 0.6074 -0.0111
vn 0.9074 0.4198 0.0225
vn 0.9196 0.3925 0.0155
vn 0.8250 0.4467 -0.3462
vn 0.8119 0.4852 -0.3247
vn 0.6503 0.6297 -0.4250
vn 0.6930 0.6396 -0.3327
vn 0.5670 0.6494 -0.5066
vn 0.4539 0.5724 -0.6829
vn 0.5005 0.5419 -0.6752
vn 0.5065 0.5296 -0.6804
vn 0.4332 0.5972 -0.6750
vn 0.4340 0.6049 -0.6677
vn 0.4236 0.6070 -0.6723
vn 0.3926 0.5967 -0.6999
vn 0.4211 0.6126 -0.6689
vn 0.3485 0.6116 -0.7103
vn 0.3552 0.6214 -0.6984
vn 0.3537 0.6161 -0.7037
vn 0.3742 0.6221 -0.6877
vn 0.3734 0.6220 -0.6882
vn 0.3787 0.6216 -0.6857
vn 0.4645 0.7070 -0.5332
vn 0.3797 0.8669 -0.3229
vn 0.4406 0.8067 -0.3938
vn 0.7039 0.7103 0.0006
vn 0.6951 0.7189 0.0010
vn 0.7030 0.7112 0.0084
vn 0.7035 0.7107 0.0087
vn 0.6398 0.7684 0.0133
vn 0.6421 0.7665 0.0097
vn 0.6281 0.7781 -0.0043
vn 0.3030 0.9530 0.0028
vn 0.3158 0.9488 0.0096
vn 0.3023 0.9532 0.0020
vn 0.3109 0.9504 0.0065
vn 0.3120 0.9501 0.0032
vn 0.2977 0.9547 -0.0030
vn 0.3471 0.9378 0.0079
vn 0.5464 0.8375 -0.0038
vn 0.6299 0.7766 0.0054
vn 0.6296 0.7769 0.0022
vn 0.6470 0.7625 -0.0018
vn 0.3017 0.8771 -0.3738
vn 0.0358 0.9994 0.0013
vn 0.0361 0.9993 0.0098
vn 0.0587 0.9983 0.0042
vn 0.4154 -0.6296 -0.6566
vn 0.6682 -0.3011 -0.6804
vn 0.8287 -0.2942 -0.4761
vn 0.4331 -0.2121 -0.8760
vn 0.0174 -0.1592 -0.9871
vn -0.0308 -0.2067 -0.9779
vn 0.0085 -0.1557 -0.9878
vn 0.0104 -0.1287 -0.9916
vn -0.0062 -0.1292 -0.9916
vn -0.0045 -0.0520 -0.9986
vn -0.0103 0.0533 -0.9985
vn -0.5490 -0.0894 -0.8310
vn -0.3494 0.0228 -0.9367
vn 1.0000 -0.0032 -0.0084
vn 1.0000 -0.0052 -0.0072
vn 1.0000 -0.0053 -0.0071
vn 1.0000 -0.0052 0.0039
vn 1.0000 0.0004 -0.0016
vn 0.8865 -0.0485 -0.4602
vn 0.5587 0.0041 -0.8294
vn 0.1070 -0.0818 -0.9909
vn -0.0133 0.3262 -0.9452
vn -0.0131 0.3266 -0.9451
vn 0.0107 0.2432 -0.9699
vn -0.0014 0.7586 -0.6515
vn 0.0013 0.0841 -0.9965
vn -0.0110 0.1372 -0.9905
vn 0.0073 0.1461 -0.9892
vn -0.0244 0.2021 -0.9791
vn -0.0571 0.2005 -0.9780
vn 0.0086 -0.5604 -0.8282
vn 0.0023 -0.6896 -0.7242
vn 0.0029 -0.1964 -0.9805
vn 0.0097 -0.1337 -0.9910
vn 0.0026 -0.1272 -0.9919
vn -0.0004 -0.0800 -0.9968
vn 0.0031 -0.8134 -0.5817
vn 0.0078 -0.5847 -0.8112
vn 0.0093 -0.9059 -0.4235
vn 0.0058 -0.9224 -0.3862
vn -0.0104 -0.9282 -0.3718
vn -0.0214 -0.5251 -0.8508
vn -0.0035 -0.4996 -0.8663
vn -0.0081 -0.5326 -0.8463
vn -0.0008 0.8777 -0.4792
vn 0.0027 0.8556 -0.5176
vn -0.0125 0.8553 -0.5179
vn -0.0007 0.9236 -0.3833
vn 0.0078 0.8649 -0.5018
vn 0.0136 0.3142 -0.9493
vn 0.0064 0.3157 -0.9488
vn -0.0094 0.2650 -0.9642
vn -0.0051 0.1807 -0.9835
vn 0.0198 0.1320 -0.9911
vn -0.0073 0.1269 -0.9919
vn 0.0044 -0.5096 -0.8604
vn -0.0114 -0.4723 -0.8814
vn 0.0051 -0.4800 -0.8772
vn -0.0001 -0.1321 -0.9912
vn 0.0173 -0.0966 -0.9952
vn 0.0018 -0.1404 -0.9901
vn -0.0031 -0.1510 -0.9885
vn -0.0046 -0.1049 -0.9945
vn 0.0208 -0.0932 -0.9954
vn -0.0395 0.1243 -0.9915
vn 0.0055 0.1655 -0.9862
vn 0.0008 0.1672 -0.9859
vn 0.0015 0.2623 -0.9650
vn 0.9657 0.2596 0.0074
vn 0.7335 0.0740 -0.6757
vn 0.8732 0.2176 -0.4361
vn -0.0232 0.1485 -0.9886
vn 0.8338 0.3969 -0.3837
vn 0.9059 0.2451 -0.3454
vn 0.7714 -0.1817 -0.6099
vn -0.0120 -0.0151 -0.9998
vn 0.7231 -0.4545 -0.5202
vn 0.4378 -0.4321 -0.7885
vn 0.4875 -0.6669 -0.5636
vn 0.8831 -0.4656 -0.0575
vn 0.9688 -0.2473 0.0186
vn 0.9600 -0.2797 0.0109
vn 0.9629 -0.2698 -0.0055
vn 0.9302 -0.3671 0.0020
vn 0.9239 -0.3825 0.0092
vn 0.9300 -0.3676 0.0012
vn 0.8776 -0.3526 -0.3248
vn 0.9369 -0.3495 -0.0020
vn 0.8528 -0.3922 -0.3450
vn 0.8926 -0.4509 0.0025
vn 0.8844 -0.4667 0.0042
vn 0.8848 -0.4660 0.0009
vn 0.8067 -0.4703 -0.3578
vn 0.9070 -0.4211 -0.0003
vn 0.9554 -0.2954 0.0056
vn 0.9554 -0.2952 0.0001
vn 0.9602 -0.2794 0.0001
vn 0.7197 -0.2516 -0.6472
vn 0.9461 -0.0785 -0.3142
vn 0.9271 -0.1921 -0.3218
vn 0.9707 -0.2403 0.0018
vn 0.9367 -0.2563 -0.2385
vn 0.6621 -0.3774 -0.6474
vn 0.5990 -0.4230 -0.6799
vn 0.2782 -0.2599 -0.9247
vn 0.7135 -0.2933 -0.6363
vn 0.7214 -0.2846 -0.6314
vn 0.7184 -0.2693 -0.6413
vn 0.7794 -0.1411 -0.6104
vn 0.7871 -0.0364 -0.6157
vn 0.9430 0.0503 -0.3289
vn 0.7725 0.1091 -0.6256
vn 0.9318 0.1471 -0.3318
vn 0.7266 0.2422 -0.6430
vn 0.0613 -0.0011 -0.9981
vn 0.0674 0.0030 -0.9977
vn 0.0605 0.0067 -0.9981
vn -0.0143 -0.0089 -0.9999
vn -0.0127 -0.0023 -0.9999
vn -0.0193 0.0039 -0.9998
vn 0.0243 -0.0168 -0.9996
vn 0.0265 -0.0095 -0.9996
vn 0.0214 -0.0018 -0.9998
vn 0.0005 -0.0000 -1.0000
vn 0.0147 0.0148 -0.9998
vn 0.0224 0.0167 -0.9996
vn 0.0059 0.0043 -1.0000
vn 0.0136 0.0060 -0.9999
vn 0.5656 0.4848 -0.6671
vn 0.5412 0.4974 -0.6781
vn 0.5442 0.4950 -0.6774
vn 0.6174 0.4194 -0.6655
vn 0.6637 0.3603 -0.6555
vn 0.8536 0.3826 -0.3535
vn 0.8800 0.3290 -0.3426
vn -0.9482 -0.3172 0.0157
vn -0.9528 -0.3034 0.0045
vn -0.8540 -0.5203 -0.0033
vn -0.7603 -0.4500 -0.4684
vn -0.7833 -0.5099 -0.3555
vn -0.8771 -0.4802 -0.0045
vn -0.9127 -0.4086 -0.0007
vn -0.9022 -0.4313 0.0039
vn -0.9056 -0.4241 0.0051
vn -0.8117 -0.3749 -0.4479
vn -0.9863 -0.1648 0.0046
vn -0.9894 0.0661 -0.1292
vn -0.9981 0.0604 -0.0100
vn -0.9621 0.0205 -0.2720
vn -0.9995 -0.0302 0.0034
vn -0.9977 -0.0676 -0.0080
vn -0.9976 -0.0697 -0.0025
vn -0.9968 -0.0775 -0.0194
vn -0.9735 -0.1439 -0.1778
vn -0.9213 -0.2164 -0.3232
vn -0.8905 -0.3193 -0.3241
vn -0.9919 0.1268 0.0047
vn -0.9873 0.1591 -0.0032
vn -0.9878 0.1553 -0.0095
vn -0.9050 0.2400 -0.3512
vn -0.9421 0.0993 -0.3204
vn -0.7484 -0.2412 -0.6179
vn -0.3579 0.1079 -0.9275
vn -0.7304 0.2134 -0.6488
vn -0.7914 -0.0604 -0.6082
vn -0.7854 -0.0508 -0.6169
vn -0.7830 -0.0922 -0.6151
vn -0.7901 -0.0627 -0.6098
vn -0.7864 -0.0953 -0.6103
vn -0.7869 -0.1031 -0.6084
vn -0.6994 -0.3270 -0.6356
vn -0.6384 -0.4099 -0.6515
vn -0.7310 -0.5840 -0.3530
vn -0.5619 -0.4847 -0.6703
vn -0.4796 -0.5492 -0.6844
vn -0.4798 -0.5471 -0.6859
vn -0.4810 -0.5447 -0.6870
vn -0.4573 -0.5596 -0.6912
vn -0.6631 -0.6456 -0.3787
vn -0.3997 -0.5759 -0.7131
vn -0.6350 -0.6024 -0.4836
vn -0.9375 0.3477 0.0142
vn -0.8507 0.5257 0.0028
vn -0.6549 0.6389 -0.4036
vn -0.9103 0.4140 0.0010
vn -0.9102 0.4141 0.0003
vn -0.9141 0.4055 0.0041
vn -0.9062 0.4227 0.0044
vn -0.8823 0.3840 -0.2720
vn -0.7446 0.6673 -0.0192
vn -0.5648 0.7397 -0.3658
vn -0.6518 0.7584 -0.0006
vn -0.7002 0.7139 0.0090
vn -0.7079 0.7063 0.0014
vn -0.7079 0.7063 0.0083
vn -0.7655 0.5851 -0.2677
vn -0.7296 0.5390 -0.4209
vn -0.8798 0.3389 -0.3334
vn 0.0149 -0.0908 -0.9958
vn -0.0024 -0.1428 -0.9898
vn -0.0077 -0.0884 -0.9961
vn 0.0072 -0.1411 -0.9900
vn 0.0034 -0.1343 -0.9909
vn -0.0408 -0.1363 -0.9898
vn -0.0038 0.7234 -0.6904
vn 0.0028 0.7235 -0.6903
vn 0.0103 0.6936 -0.7203
vn 0.0022 0.2752 -0.9614
vn -0.0087 0.2795 -0.9601
vn 0.0164 0.2823 -0.9592
vn -0.0078 0.5811 -0.8138
vn 0.0022 0.5539 -0.8326
vn -0.0047 0.5441 -0.8390
vn -0.0159 0.5497 -0.8352
vn 0.3309 -0.1596 -0.9301
vn 0.0198 0.5596 -0.8285
vn -0.0231 0.5429 -0.8395
vn 0.0173 0.5501 -0.8350
vn -0.0010 0.7285 -0.6850
vn 0.0050 0.6974 -0.7167
vn -0.0207 0.7006 -0.7133
vn -0.0101 -0.1032 -0.9946
vn -0.6718 -0.7407 0.0092
vn -0.6731 -0.7396 -0.0014
vn -0.6568 -0.7541 0.0001
vn -0.6396 -0.7687 -0.0014
vn -0.6473 -0.7622 -0.0050
vn -0.6311 -0.7757 -0.0009
vn -0.4283 -0.5781 -0.6946
vn -0.4303 -0.5859 -0.6867
vn -0.3985 -0.5994 -0.6941
vn -0.6000 -0.8000 0.0087
vn -0.6010 -0.7993 0.0007
vn -0.5982 -0.8013 0.0019
vn -0.5508 -0.8346 0.0006
vn -0.5598 -0.8286 -0.0087
vn -0.5508 -0.8347 -0.0003
vn -0.4300 -0.9028 -0.0043
vn -0.4363 -0.8997 0.0118
vn -0.4309 -0.9024 -0.0052
vn -0.3843 -0.8350 -0.3937
vn -0.2888 -0.6519 -0.7012
vn -0.2721 -0.6513 -0.7084
vn -0.0101 -0.0050 -0.9999
vn -0.0000 0.0002 -1.0000
vn -0.0001 0.0001 -1.0000
vn 0.0001 -0.0001 -1.0000
vn -0.0102 -0.0164 -0.9998
vn 0.0002 -0.0003 -1.0000
vn -0.0002 0.0005 -1.0000
vn 0.0536 0.0141 -0.9985
vn -0.6886 0.3191 -0.6512
vn -0.8831 0.4690 -0.0087
vn -0.8801 0.4747 -0.0076
vn -0.8832 0.4689 -0.0085
vn -0.4871 0.7909 -0.3705
vn -0.5786 0.7094 -0.4025
vn -0.3327 0.8590 -0.3891
vn -0.2322 0.9013 -0.3657
vn -0.5195 0.5206 -0.6775
vn -0.5764 0.4691 -0.6691
vn -0.6327 0.4068 -0.6590
vn -0.6367 0.4129 -0.6513
vn -0.6373 0.4120 -0.6512
vn -0.0003 0.0007 -1.0000
vn -0.0004 0.0028 -1.0000
vn -0.0000 -0.0025 -1.0000
vn 0.0013 0.0142 -0.9999
vn -0.0026 0.0209 -0.9998
vn -0.0024 0.0212 -0.9998
vn -0.2386 0.6673 -0.7056
vn -0.2096 0.4008 -0.8919
vn 0.0066 0.0100 -0.9999
vn -0.2230 0.3353 -0.9153
vn -0.3527 0.4916 -0.7962
vn 0.0002 -0.0011 -1.0000
vn -0.8712 -0.4909 -0.0001
vn -0.8711 -0.4911 0.0018
vn -0.8788 -0.4772 -0.0054
vn -0.9083 -0.4182 -0.0039
vn -0.9083 -0.4184 0.0005
vn -0.9147 -0.4042 0.0040
vn 0.0062 0.3552 -0.9348
vn 0.0100 0.3544 -0.9350
vn -0.0265 0.3231 -0.9460
vn -0.0059 -0.2325 -0.9726
vn 0.0014 -0.2309 -0.9730
vn -0.0006 -0.2778 -0.9606
vn -0.0054 -0.5037 -0.8639
vn -0.0012 -0.1360 -0.9907
vn -0.0094 -0.0742 -0.9972
vn 0.0027 -0.1281 -0.9918
vn -0.2810 -0.9597 0.0057
vn -0.2737 -0.9618 0.0031
vn -0.2912 -0.9566 -0.0048
vn 0.9363 0.3511 -0.0022
vn 0.9446 0.3283 0.0061
vn 0.9375 0.3479 -0.0079
vn -0.1355 0.8557 -0.4994
vn -0.0951 0.9955 -0.0026
vn -0.0844 0.9964 0.0039
vn -0.0844 0.9964 0.0028
vn 0.6426 -0.7662 -0.0050
vn 0.6302 -0.7764 0.0075
vn 0.6376 -0.7703 0.0013
vn 0.8335 0.5525 0.0022
vn 0.8335 0.5525 -0.0004
vn 0.8242 0.5663 -0.0024
vn 0.3545 -0.6252 -0.6953
vn 0.4604 -0.5513 -0.6957
vn 0.4541 -0.6021 -0.6567
vn 0.0420 -0.0879 -0.9952
vn 0.0479 -0.0988 -0.9940
vn 0.0374 -0.0877 -0.9954
vn 0.0003 -0.0001 -1.0000
vn -0.0032 -0.0072 -1.0000
vn 0.0009 -0.0001 -1.0000
vn -0.0006 -0.0004 -1.0000
vn 0.4903 -0.5463 -0.6791
vn 0.5153 -0.5404 -0.6652
vn 0.5012 -0.5333 -0.6815
vn -0.0002 -0.0080 -1.0000
vn 0.0002 -0.0002 -1.0000
vn -0.0017 -0.0078 -1.0000
vn 0.1792 0.6170 -0.7663
vn -0.0000 0.0009 -1.0000
vn 0.0091 0.0196 -0.9998
vn 0.2565 0.6632 -0.7031
vn -0.0076 0.0077 -0.9999
vn 0.0544 0.0420 -0.9976
vn -0.0073 0.0075 -0.9999
vn -0.4883 0.5562 -0.6724
vn -0.4828 0.5629 -0.6709
vn -0.4875 0.5570 -0.6724
vn -0.6160 0.4212 -0.6656
vn -0.0010 0.0006 -1.0000
vn 0.0071 0.0055 -1.0000
vt 0.165841 0.966313
vt 0.163627 0.968054
vt 0.153062 0.958908
vt 0.159223 0.972490
vt 0.153519 0.978037
vt 0.134846 0.957658
vt 0.136351 0.977104
vt 0.140092 0.992256
vt 0.122325 0.964115
vt 0.145263 0.950762
vt 0.146289 0.948580
vt 0.162048 0.944169
vt 0.131489 0.948560
vt 0.110588 0.948290
vt 0.101937 0.961191
vt 0.102145 0.939496
vt 0.124947 0.935395
vt 0.144860 0.937232
vt 0.154672 0.929771
vt 0.158936 0.929217
vt 0.147215 0.932998
vt 0.133258 0.929490
vt 0.148644 0.930394
vt 0.135931 0.918261
vt 0.116971 0.920911
vt 0.143920 0.916487
vt 0.152150 0.920580
vt 0.160811 0.927986
vt 0.170225 0.935138
vt 0.181082 0.954831
vt 0.179215 0.947012
vt 0.180231 0.944738
vt 0.159495 0.918377
vt 0.183785 0.939971
vt 0.182343 0.921285
vt 0.189131 0.927996
vt 0.251375 0.189529
vt 0.256759 0.187204
vt 0.253016 0.190430
vt 0.242210 0.184137
vt 0.246358 0.185722
vt 0.238520 0.181865
vt 0.247093 0.179923
vt 0.262836 0.155930
vt 0.237820 0.169518
vt 0.282262 0.140913
vt 0.275265 0.174928
vt 0.266727 0.185746
vt 0.259449 0.188363
vt 0.286708 0.180632
vt 0.298200 0.169150
vt 0.295569 0.152920
vt 0.295888 0.176005
vt 0.299937 0.171238
vt 0.308901 0.157143
vt 0.306028 0.163934
vt 0.312539 0.169914
vt 0.310531 0.158576
vt 0.311576 0.154635
vt 0.313450 0.125277
vt 0.317554 0.142961
vt 0.285464 0.148035
vt 0.287769 0.123127
vt 0.260126 0.148780
vt 0.249248 0.143863
vt 0.265457 0.136782
vt 0.259414 0.135621
vt 0.302887 0.108974
vt 0.308864 0.111435
vt 0.330863 0.088033
vt 0.335613 0.099289
vt 0.329753 0.113167
vt 0.334197 0.101764
vt 0.334589 0.105974
vt 0.349752 0.114441
vt 0.331791 0.113953
vt 0.356665 0.127070
vt 0.330313 0.115748
vt 0.334130 0.094257
vt 0.230255 0.177543
vt 0.228525 0.176445
vt 0.230118 0.171605
vt 0.236205 0.148635
vt 0.250504 0.137330
vt 0.240955 0.138668
vt 0.238429 0.140706
vt 0.018148 0.761615
vt 0.021915 0.747780
vt 0.044212 0.761406
vt 0.013311 0.758313
vt 0.025408 0.725221
vt 0.010998 0.744038
vt 0.006396 0.708300
vt 0.007144 0.744117
vt 0.002992 0.726235
vt 0.011551 0.709881
vt 0.000471 0.698239
vt 0.005834 0.686676
vt 0.020995 0.695794
vt 0.024829 0.711720
vt 0.025647 0.720892
vt 0.025374 0.728078
vt 0.026270 0.736132
vt 0.025095 0.737569
vt 0.031114 0.735967
vt 0.044726 0.726150
vt 0.043206 0.715159
vt 0.026086 0.715564
vt 0.047589 0.705375
vt 0.051443 0.714299
vt 0.055215 0.704876
vt 0.059546 0.713762
vt 0.058838 0.706543
vt 0.057993 0.702924
vt 0.059578 0.726426
vt 0.058059 0.726302
vt 0.045819 0.736834
vt 0.060712 0.736758
vt 0.060110 0.739198
vt 0.041852 0.738885
vt 0.060127 0.750212
vt 0.127262 0.993162
vt 0.120256 0.986344
vt 0.111377 0.970683
vt 0.097656 0.952393
vt 0.093471 0.924832
vt 0.089610 0.917711
vt 0.092861 0.931185
vt 0.294615 0.179006
vt 0.308717 0.186675
vt 0.316024 0.182554
vt 0.326404 0.171243
vt 0.335540 0.194374
vt 0.336888 0.191101
vt 0.352789 0.178599
vt 0.347709 0.190161
vt 0.359003 0.184278
vt 0.345791 0.172691
vt 0.342220 0.178567
vt 0.349803 0.166718
vt 0.341194 0.169335
vt 0.349953 0.161555
vt 0.351628 0.161703
vt 0.324872 0.159477
vt 0.334188 0.153911
vt 0.346250 0.148675
vt 0.354884 0.152748
vt 0.353771 0.156043
vt 0.360261 0.147676
vt 0.341225 0.136367
vt 0.360656 0.144010
vt 0.338828 0.133925
vt 0.343835 0.128940
vt 0.332877 0.142825
vt 0.318189 0.144890
vt 0.323479 0.136910
vt 0.323470 0.134386
vt 0.360539 0.111056
vt 0.372066 0.126165
vt 0.376840 0.120827
vt 0.365491 0.130813
vt 0.378347 0.122112
vt 0.368997 0.131974
vt 0.379670 0.139216
vt 0.367184 0.134412
vt 0.364893 0.137077
vt 0.361692 0.135404
vt 0.113805 0.974745
vt 0.106487 0.966524
vt 0.106679 0.979329
vt 0.871631 0.105605
vt 0.881353 0.098681
vt 0.875244 0.106689
vt 0.882252 0.105219
vt 0.901114 0.097674
vt 0.876438 0.100466
vt 0.884887 0.095618
vt 0.891357 0.092041
vt 0.896022 0.089190
vt 0.900961 0.084572
vt 0.904980 0.083921
vt 0.899894 0.075763
vt 0.890921 0.066724
vt 0.896229 0.059813
vt 0.907383 0.077898
vt 0.897465 0.033078
vt 0.893236 0.042744
vt 0.886981 0.046267
vt 0.885892 0.032932
vt 0.891473 0.033886
vt 0.900312 0.033851
vt 0.913279 0.064017
vt 0.920317 0.064847
vt 0.917257 0.038571
vt 0.910297 0.034275
vt 0.924058 0.033817
vt 0.916295 0.033542
vt 0.926542 0.033132
vt 0.932061 0.032305
vt 0.911231 0.023136
vt 0.934822 0.032633
vt 0.936610 0.058700
vt 0.943900 0.039093
vt 0.946502 0.066523
vt 0.939661 0.075613
vt 0.942559 0.031473
vt 0.948947 0.029712
vt 0.951707 0.029729
vt 0.951553 0.018037
vt 0.967247 0.026623
vt 0.986093 0.010271
vt 0.972086 0.025660
vt 0.989828 0.021066
vt 0.983099 0.023329
vt 0.991909 0.018117
vt 0.991383 0.028618
vt 0.991798 0.043535
vt 0.985523 0.049965
vt 0.984242 0.027837
vt 0.984955 0.069019
vt 0.991204 0.061628
vt 0.991275 0.071604
vt 0.993573 0.072660
vt 0.983886 0.072804
vt 0.985315 0.082747
vt 0.994141 0.076660
vt 0.972887 0.071856
vt 0.977073 0.070838
vt 0.977043 0.058897
vt 0.976929 0.038399
vt 0.975893 0.025412
vt 0.953685 0.053464
vt 0.961889 0.056709
vt 0.961690 0.027879
vt 0.968237 0.030163
vt 0.954664 0.071587
vt 0.969609 0.054573
vt 0.970412 0.068635
vt 0.954493 0.074053
vt 0.949534 0.072927
vt 0.946420 0.072563
vt 0.948852 0.084168
vt 0.969380 0.072275
vt 0.963389 0.071110
vt 0.976815 0.063595
vt 0.032109 0.708349
vt 0.048379 0.696122
vt 0.057274 0.695944
vt 0.034148 0.699746
vt 0.024957 0.708247
vt 0.023699 0.703592
vt 0.020529 0.697870
vt 0.042246 0.687745
vt 0.057242 0.692136
vt 0.056059 0.687282
vt 0.333146 0.183773
vt 0.311647 0.159518
vt 0.314493 0.152563
vt 0.336536 0.177177
vt 0.338594 0.186521
vt 0.028399 0.691931
vt 0.397116 0.178490
vt 0.391290 0.176773
vt 0.400391 0.172341
vt 0.392578 0.159180
vt 0.389902 0.167398
vt 0.381638 0.170814
vt 0.382315 0.166250
vt 0.371612 0.171880
vt 0.386569 0.149293
vt 0.383045 0.146667
vt 0.365110 0.159121
vt 0.918243 0.092019
vt 0.890678 0.103049
vt 0.909957 0.104342
vt 0.922736 0.078926
vt 0.909068 0.082919
vt 0.916123 0.079736
vt 0.922841 0.075517
vt 0.920634 0.060110
vt 0.929008 0.069697
vt 0.928548 0.060668
vt 0.925342 0.077886
vt 0.933367 0.076037
vt 0.929512 0.075688
vt 0.959156 0.094850
vt 0.927593 0.105194
vt 0.961366 0.083672
vt 0.992676 0.087158
vt 0.991549 0.093429
vt 0.970516 0.093268
vt 0.964795 0.100493
vt 0.953296 0.101930
vt 0.962599 0.107343
vt 0.323996 0.130191
vt 0.329290 0.120400
vt 0.325477 0.126902
vt 0.064860 0.575295
vt 0.021746 0.583375
vt 0.060547 0.570645
vt 0.029928 0.577081
vt 0.026547 0.590494
vt 0.061451 0.582862
vt 0.037438 0.594197
vt 0.009364 0.590470
vt 0.001928 0.577406
vt 0.003540 0.595712
vt 0.002109 0.593324
vt 0.002441 0.601318
vt 0.008118 0.601255
vt 0.014197 0.606516
vt 0.002444 0.627925
vt 0.008244 0.617496
vt 0.006704 0.631479
vt 0.004014 0.632800
vt 0.010804 0.630405
vt 0.003711 0.636594
vt 0.004794 0.636570
vt 0.004186 0.646082
vt 0.006332 0.649076
vt 0.006834 0.665415
vt 0.010775 0.656874
vt 0.005377 0.662711
vt 0.005757 0.668584
vt 0.013527 0.666670
vt 0.007632 0.669179
vt 0.006836 0.675049
vt 0.026775 0.677683
vt 0.008789 0.679443
vt 0.051016 0.676303
vt 0.047794 0.664276
vt 0.057862 0.664990
vt 0.035824 0.667011
vt 0.031354 0.666884
vt 0.018538 0.666609
vt 0.023121 0.667073
vt 0.031127 0.662309
vt 0.021174 0.653511
vt 0.017042 0.645357
vt 0.010227 0.645793
vt 0.015721 0.631916
vt 0.020031 0.633049
vt 0.028072 0.634302
vt 0.038126 0.650384
vt 0.027585 0.629653
vt 0.039871 0.615213
vt 0.057055 0.602209
vt 0.052830 0.598261
vt 0.062901 0.587305
vt 0.932935 0.109524
vt 0.982970 0.116508
vt 0.961414 0.117991
vt 0.944053 0.116956
vt 0.045852 0.625395
vt 0.055646 0.610454
vt 0.054950 0.617913
vt 0.043070 0.625531
vt 0.060543 0.664221
vt 0.055968 0.662994
vt 0.060507 0.642345
vt 0.054886 0.651585
vt 0.058704 0.622037
vt 0.053640 0.637520
vt 0.054934 0.624041
vt 0.053289 0.625300
vt 0.035420 0.630441
vt 0.045603 0.632898
vt 0.047925 0.654322
vt 0.040116 0.666203
vt 0.053427 0.663940
vt 0.995592 0.107677
vt 0.987499 0.099611
vt 0.996791 0.099713
vt 0.795425 0.165993
vt 0.790771 0.168649
vt 0.794702 0.162409
vt 0.788611 0.155508
vt 0.788849 0.146168
vt 0.795410 0.170654
vt 0.789343 0.169090
vt 0.779053 0.138550
vt 0.780823 0.155263
vt 0.784675 0.171342
vt 0.776026 0.162471
vt 0.776208 0.175066
vt 0.772258 0.190022
vt 0.790105 0.183518
vt 0.765696 0.180650
vt 0.751304 0.197928
vt 0.751619 0.184465
vt 0.755172 0.183369
vt 0.771012 0.176264
vt 0.765267 0.177000
vt 0.768108 0.159171
vt 0.762615 0.162964
vt 0.759331 0.182041
vt 0.756734 0.165335
vt 0.748105 0.161072
vt 0.752194 0.180896
vt 0.739689 0.188909
vt 0.736804 0.189187
vt 0.746573 0.186054
vt 0.739924 0.163930
vt 0.734863 0.175806
vt 0.755606 0.150205
vt 0.746636 0.148750
vt 0.750025 0.145164
vt 0.761375 0.148857
vt 0.765763 0.144966
vt 0.756291 0.145017
vt 0.758879 0.140907
vt 0.760025 0.139257
vt 0.768503 0.139352
vt 0.764319 0.139317
vt 0.770670 0.135438
vt 0.780437 0.134939
vt 0.772951 0.132937
vt 0.777498 0.132532
vt 0.772478 0.121743
vt 0.747096 0.131500
vt 0.749696 0.122405
vt 0.753791 0.114034
vt 0.770436 0.112129
vt 0.744378 0.110009
vt 0.767447 0.105746
vt 0.763672 0.090332
vt 0.753479 0.101090
vt 0.759067 0.085390
vt 0.742346 0.116582
vt 0.740923 0.120418
vt 0.795410 0.174805
vt 0.474086 0.272394
vt 0.467529 0.275879
vt 0.465994 0.264642
vt 0.508963 0.245152
vt 0.484822 0.264654
vt 0.492313 0.245695
vt 0.507269 0.251537
vt 0.522486 0.245470
vt 0.520716 0.234685
vt 0.536868 0.242384
vt 0.541785 0.232355
vt 0.548811 0.238968
vt 0.545068 0.249990
vt 0.565244 0.240718
vt 0.568814 0.234374
vt 0.574735 0.235934
vt 0.579129 0.231241
vt 0.589934 0.229848
vt 0.572898 0.227512
vt 0.555550 0.224154
vt 0.545226 0.223769
vt 0.583117 0.209421
vt 0.534916 0.223668
vt 0.565294 0.225986
vt 0.520276 0.226239
vt 0.511918 0.230757
vt 0.511405 0.224711
vt 0.527945 0.219531
vt 0.547727 0.216479
vt 0.517408 0.218112
vt 0.543089 0.206218
vt 0.533787 0.204025
vt 0.582204 0.184210
vt 0.539239 0.195004
vt 0.528345 0.200932
vt 0.529363 0.187859
vt 0.511498 0.210700
vt 0.503344 0.217696
vt 0.504838 0.222488
vt 0.501010 0.228750
vt 0.496359 0.233973
vt 0.495900 0.239051
vt 0.469845 0.251320
vt 0.473304 0.240331
vt 0.459804 0.248284
vt 0.479295 0.218620
vt 0.461910 0.232601
vt 0.459855 0.217243
vt 0.450315 0.238699
vt 0.449986 0.225734
vt 0.447563 0.228765
vt 0.443436 0.230130
vt 0.439657 0.223501
vt 0.437595 0.227380
vt 0.429724 0.220353
vt 0.433319 0.217224
vt 0.425582 0.210967
vt 0.421631 0.213623
vt 0.426300 0.198476
vt 0.420283 0.207618
vt 0.418032 0.209558
vt 0.416748 0.207764
vt 0.438816 0.209419
vt 0.452184 0.220446
vt 0.458644 0.216670
vt 0.448542 0.208304
vt 0.450489 0.199600
vt 0.461914 0.210636
vt 0.467537 0.208672
vt 0.478225 0.202074
vt 0.474093 0.203215
vt 0.489842 0.195784
vt 0.495938 0.209007
vt 0.504040 0.202830
vt 0.485518 0.196734
vt 0.482041 0.196325
vt 0.475962 0.200294
vt 0.471343 0.192479
vt 0.471150 0.194502
vt 0.456407 0.186301
vt 0.468721 0.199883
vt 0.463854 0.184241
vt 0.471121 0.203368
vt 0.462001 0.203514
vt 0.447495 0.187701
vt 0.438808 0.198621
vt 0.431382 0.193368
vt 0.433645 0.191722
vt 0.439355 0.185794
vt 0.442146 0.190200
vt 0.444464 0.182339
vt 0.449832 0.178177
vt 0.449128 0.177116
vt 0.463845 0.182990
vt 0.474037 0.184266
vt 0.478258 0.178200
vt 0.463191 0.169890
vt 0.462445 0.168483
vt 0.468944 0.165852
vt 0.455747 0.174076
vt 0.757533 0.076985
vt 0.743801 0.077906
vt 0.749730 0.074132
vt 0.742335 0.088283
vt 0.724698 0.095978
vt 0.733034 0.106125
vt 0.725890 0.078900
vt 0.721472 0.083711
vt 0.713641 0.080457
vt 0.706696 0.099286
vt 0.708538 0.085441
vt 0.715136 0.108695
vt 0.690179 0.101291
vt 0.707549 0.117970
vt 0.727692 0.112633
vt 0.729407 0.120027
vt 0.740617 0.107317
vt 0.717926 0.129219
vt 0.707141 0.127224
vt 0.712821 0.120839
vt 0.719696 0.140985
vt 0.738330 0.148270
vt 0.712917 0.146034
vt 0.742572 0.148168
vt 0.739013 0.149878
vt 0.734703 0.154572
vt 0.728561 0.153857
vt 0.727618 0.158394
vt 0.725102 0.153476
vt 0.702395 0.149099
vt 0.706443 0.130951
vt 0.712124 0.158505
vt 0.716160 0.157083
vt 0.691852 0.154487
vt 0.703373 0.163181
vt 0.681446 0.142499
vt 0.693044 0.134342
vt 0.674847 0.151498
vt 0.686189 0.135012
vt 0.695905 0.125811
vt 0.687310 0.122601
vt 0.688438 0.119030
vt 0.660210 0.146278
vt 0.676161 0.163385
vt 0.666125 0.161874
vt 0.676816 0.169456
vt 0.679457 0.177430
vt 0.663069 0.185172
vt 0.684556 0.191021
vt 0.667626 0.192132
vt 0.680052 0.203620
vt 0.689600 0.201938
vt 0.715498 0.196874
vt 0.711480 0.182121
vt 0.719340 0.177846
vt 0.722180 0.186561
vt 0.722685 0.194132
vt 0.716591 0.164386
vt 0.728254 0.193126
vt 0.723147 0.166864
vt 0.732671 0.192077
vt 0.720171 0.157783
vt 0.707515 0.161941
vt 0.741606 0.079583
vt 0.735347 0.077025
vt 0.730791 0.079548
vt 0.512438 0.197766
vt 0.521127 0.191593
vt 0.503416 0.189464
vt 0.501457 0.188908
vt 0.508257 0.185857
vt 0.544727 0.187803
vt 0.540298 0.183778
vt 0.523915 0.182144
vt 0.536146 0.179029
vt 0.496329 0.190507
vt 0.492979 0.185265
vt 0.497320 0.184095
vt 0.490865 0.177990
vt 0.481604 0.180570
vt 0.480369 0.165626
vt 0.481131 0.171728
vt 0.476103 0.160667
vt 0.473326 0.162025
vt 0.471281 0.167949
vt 0.736783 0.202147
vt 0.727599 0.203911
vt 0.723877 0.196045
vt 0.687814 0.115506
vt 0.692066 0.088183
vt 0.696036 0.088351
vt 0.675004 0.102205
vt 0.662449 0.113326
vt 0.676714 0.116979
vt 0.641905 0.123085
vt 0.652556 0.133760
vt 0.644699 0.131083
vt 0.626382 0.156233
vt 0.626389 0.149364
vt 0.649083 0.156328
vt 0.616040 0.142138
vt 0.610947 0.138177
vt 0.607739 0.135957
vt 0.606040 0.129537
vt 0.608360 0.122763
vt 0.640255 0.118953
vt 0.653067 0.110733
vt 0.638310 0.105522
vt 0.599365 0.114258
vt 0.604152 0.109703
vt 0.600926 0.115913
vt 0.602472 0.119316
vt 0.643846 0.108736
vt 0.620922 0.145039
vt 0.701764 0.084629
vt 0.693908 0.083510
vt 0.686378 0.086928
vt 0.680454 0.063267
vt 0.683500 0.067599
vt 0.679238 0.063837
vt 0.678600 0.071585
vt 0.674016 0.064363
vt 0.687795 0.073503
vt 0.660685 0.067682
vt 0.639236 0.087166
vt 0.642893 0.093057
vt 0.675807 0.083590
vt 0.633145 0.085259
vt 0.643312 0.073105
vt 0.634794 0.079130
vt 0.634651 0.076960
vt 0.638889 0.070761
vt 0.635070 0.066997
vt 0.633196 0.071017
vt 0.629999 0.068789
vt 0.607640 0.078718
vt 0.591553 0.086182
vt 0.609854 0.084338
vt 0.597900 0.103027
vt 0.605340 0.103827
vt 0.637485 0.100389
vt 0.613128 0.088210
vt 0.685297 0.083576
vt 0.679589 0.090810
vt 0.656331 0.103128
vt 0.646507 0.104443
vt 0.650751 0.100950
vt 0.660830 0.098110
vt 0.639554 0.166388
vt 0.662351 0.170765
vt 0.661441 0.173838
vt 0.588097 0.177778
vt 0.595287 0.171630
vt 0.604837 0.174680
vt 0.588290 0.187456
vt 0.587605 0.192396
vt 0.665979 0.197769
vt 0.670145 0.202534
vt 0.630992 0.203631
vt 0.628805 0.198879
vt 0.631156 0.193348
vt 0.655971 0.180060
vt 0.626566 0.182058
vt 0.649613 0.175050
vt 0.641642 0.180820
vt 0.638718 0.172860
vt 0.600247 0.220715
vt 0.623111 0.222730
vt 0.601231 0.230098
vt 0.625593 0.218845
vt 0.624965 0.214129
vt 0.618811 0.205394
vt 0.614085 0.202679
vt 0.600147 0.217352
vt 0.608809 0.189779
vt 0.604814 0.196484
vt 0.611585 0.196974
vt 0.249044 0.437296
vt 0.262193 0.437249
vt 0.178133 0.463015
vt 0.217775 0.422118
vt 0.255127 0.413086
vt 0.252848 0.415705
vt 0.252930 0.405518
vt 0.227765 0.412719
vt 0.245154 0.404083
vt 0.172494 0.421779
vt 0.247977 0.398887
vt 0.246975 0.393205
vt 0.183075 0.423394
vt 0.242708 0.423388
vt 0.246714 0.426860
vt 0.201620 0.443080
vt 0.248040 0.431255
vt 0.167724 0.460420
vt 0.204687 0.430146
vt 0.102997 0.464401
vt 0.261613 0.442317
vt 0.173514 0.469090
vt 0.262151 0.446634
vt 0.206638 0.477454
vt 0.208116 0.471203
vt 0.261947 0.459240
vt 0.244574 0.470060
vt 0.268049 0.465665
vt 0.215399 0.483275
vt 0.268092 0.473485
vt 0.217647 0.488552
vt 0.165141 0.418510
vt 0.244777 0.385435
vt 0.223823 0.361768
vt 0.174657 0.377434
vt 0.224353 0.355952
vt 0.211695 0.355576
vt 0.178224 0.371960
vt 0.224093 0.312265
vt 0.226001 0.318167
vt 0.145193 0.342429
vt 0.199677 0.329762
vt 0.228607 0.322728
vt 0.146595 0.348828
vt 0.183489 0.343154
vt 0.230074 0.326893
vt 0.166977 0.304534
vt 0.212796 0.285911
vt 0.216272 0.290471
vt 0.163186 0.301279
vt 0.157460 0.310739
vt 0.218415 0.294092
vt 0.224881 0.375675
vt 0.237826 0.376008
vt 0.192227 0.389677
vt 0.198423 0.393125
vt 0.242666 0.380687
vt 0.213180 0.394152
vt 0.155256 0.415818
vt 0.149163 0.409410
vt 0.096602 0.439936
vt 0.093520 0.432251
vt 0.102355 0.421714
vt 0.141976 0.401746
vt 0.197282 0.376598
vt 0.141099 0.395640
vt 0.145526 0.385443
vt 0.081755 0.399793
vt 0.086817 0.413793
vt 0.086327 0.408270
vt 0.109124 0.382407
vt 0.090039 0.392780
vt 0.220627 0.347645
vt 0.150487 0.364590
vt 0.150574 0.358130
vt 0.118806 0.362400
vt 0.215883 0.343868
vt 0.248202 0.411152
vt 0.233531 0.368216
vt 0.188705 0.305255
vt 0.227579 0.333586
vt 0.122473 0.343942
vt 0.172104 0.324640
vt 0.211702 0.309964
vt 0.104304 0.344214
vt 0.205618 0.306156
vt 0.090171 0.341494
vt 0.076708 0.365781
vt 0.096033 0.333804
vt 0.118445 0.516484
vt 0.117477 0.510344
vt 0.114425 0.504982
vt 0.113398 0.486913
vt 0.099052 0.456058
vt 0.107096 0.471316
vt 0.110225 0.476002
vt 0.105282 0.484338
vt 0.151265 0.480806
vt 0.114816 0.500277
vt 0.204704 0.467324
vt 0.079378 0.380035
vt 0.076605 0.384717
vt 0.074092 0.330239
vt 0.103403 0.319529
vt 0.084925 0.333202
vt 0.072261 0.364119
vt 0.078029 0.370876
vt 0.070185 0.361015
vt 0.068916 0.353273
vt 0.063179 0.340318
vt 0.062206 0.332060
vt 0.062633 0.336527
vt 0.072838 0.373742
vt 0.079895 0.390439
vt 0.084934 0.403666
vt 0.086328 0.418392
vt 0.097704 0.450585
vt 0.099696 0.443388
vt 0.134276 0.442668
vt 0.100292 0.462471
vt 0.119107 0.464847
vt 0.112960 0.495948
vt 0.089553 0.427241
vt 0.087423 0.422425
vt 0.093408 0.434990
vt 0.108149 0.493169
vt 0.451641 0.510965
vt 0.451817 0.513632
vt 0.450246 0.511736
vt 0.453309 0.517873
vt 0.449998 0.515237
vt 0.454111 0.523076
vt 0.445427 0.529166
vt 0.454630 0.527873
vt 0.455639 0.531435
vt 0.445171 0.521532
vt 0.438394 0.525379
vt 0.433153 0.517201
vt 0.446824 0.516375
vt 0.444896 0.517095
vt 0.433813 0.512867
vt 0.437673 0.532445
vt 0.447013 0.535340
vt 0.440746 0.537877
vt 0.426109 0.528468
vt 0.457446 0.536414
vt 0.459375 0.540771
vt 0.449800 0.542970
vt 0.453068 0.549077
vt 0.461295 0.544445
vt 0.457321 0.555278
vt 0.465939 0.549085
vt 0.468144 0.543112
vt 0.465689 0.539656
vt 0.463591 0.535457
vt 0.462401 0.532651
vt 0.447696 0.508095
vt 0.452211 0.506064
vt 0.454895 0.502702
vt 0.451392 0.504306
vt 0.453138 0.484275
vt 0.456482 0.499150
vt 0.461032 0.489625
vt 0.458309 0.494687
vt 0.474008 0.481160
vt 0.468242 0.479990
vt 0.471288 0.476773
vt 0.474742 0.473248
vt 0.472822 0.470663
vt 0.463504 0.476351
vt 0.468186 0.469127
vt 0.465828 0.467157
vt 0.473145 0.465576
vt 0.464557 0.484176
vt 0.456323 0.479095
vt 0.462809 0.486555
vt 0.448531 0.496182
vt 0.450455 0.490027
vt 0.447525 0.500288
vt 0.442874 0.504872
vt 0.438125 0.495550
vt 0.440220 0.489555
vt 0.435235 0.501032
vt 0.433424 0.480998
vt 0.445025 0.484305
vt 0.447177 0.479944
vt 0.436067 0.476165
vt 0.430894 0.486838
vt 0.428352 0.494073
vt 0.426850 0.502899
vt 0.436952 0.504685
vt 0.431251 0.504932
vt 0.428149 0.507108
vt 0.418382 0.489441
vt 0.414760 0.506302
vt 0.416264 0.496237
vt 0.422954 0.474149
vt 0.436754 0.470118
vt 0.440116 0.470075
vt 0.452270 0.473996
vt 0.434032 0.456440
vt 0.446354 0.461909
vt 0.450899 0.456552
vt 0.445782 0.445146
vt 0.439843 0.449301
vt 0.454445 0.449077
vt 0.449079 0.436397
vt 0.444303 0.437635
vt 0.438005 0.442866
vt 0.433691 0.449662
vt 0.425507 0.467811
vt 0.429476 0.460839
vt 0.423519 0.462609
vt 0.419789 0.470977
vt 0.418579 0.462946
vt 0.412624 0.470359
vt 0.424199 0.455687
vt 0.418726 0.447245
vt 0.417053 0.459303
vt 0.408636 0.449761
vt 0.426229 0.444113
vt 0.433905 0.439801
vt 0.440144 0.433493
vt 0.429083 0.437425
vt 0.444424 0.429654
vt 0.441433 0.426160
vt 0.434800 0.429391
vt 0.437225 0.422538
vt 0.424673 0.428002
vt 0.424024 0.438427
vt 0.412932 0.466080
vt 0.413318 0.477169
vt 0.405744 0.459369
vt 0.401706 0.468691
vt 0.396214 0.461797
vt 0.394639 0.468074
vt 0.406582 0.479512
vt 0.399882 0.474969
vt 0.387903 0.469548
vt 0.393026 0.477449
vt 0.385350 0.476110
vt 0.388293 0.463171
vt 0.378715 0.466183
vt 0.377240 0.472441
vt 0.370670 0.464648
vt 0.376439 0.457048
vt 0.382473 0.457367
vt 0.367766 0.473152
vt 0.382192 0.481789
vt 0.375448 0.480973
vt 0.379058 0.490260
vt 0.368521 0.483911
vt 0.362993 0.483283
vt 0.359020 0.477279
vt 0.374889 0.490219
vt 0.370408 0.494144
vt 0.374314 0.499914
vt 0.364380 0.497591
vt 0.364322 0.490678
vt 0.357614 0.461726
vt 0.366954 0.457025
vt 0.379464 0.449245
vt 0.369000 0.448519
vt 0.357523 0.454884
vt 0.359937 0.446550
vt 0.354184 0.467537
vt 0.351834 0.478756
vt 0.351619 0.489541
vt 0.369612 0.506338
vt 0.365467 0.507295
vt 0.349461 0.499467
vt 0.361970 0.508052
vt 0.342305 0.501172
vt 0.344293 0.489695
vt 0.344686 0.481617
vt 0.346913 0.471087
vt 0.344097 0.510416
vt 0.331543 0.494853
vt 0.331663 0.481280
vt 0.329507 0.501831
vt 0.313729 0.496453
vt 0.317239 0.484123
vt 0.313673 0.473488
vt 0.322089 0.472681
vt 0.323879 0.466612
vt 0.319161 0.456243
vt 0.332638 0.462023
vt 0.335339 0.466439
vt 0.325279 0.457631
vt 0.325352 0.453195
vt 0.319791 0.451225
vt 0.319651 0.447764
vt 0.326554 0.450418
vt 0.326463 0.445526
vt 0.320729 0.443636
vt 0.330396 0.444633
vt 0.323443 0.442270
vt 0.321988 0.440305
vt 0.329632 0.443017
vt 0.324230 0.438150
vt 0.335799 0.431165
vt 0.346537 0.435574
vt 0.330480 0.423128
vt 0.342488 0.428044
vt 0.332900 0.418223
vt 0.335168 0.411479
vt 0.342128 0.421865
vt 0.349628 0.414321
vt 0.340820 0.402100
vt 0.349479 0.404315
vt 0.350620 0.401311
vt 0.350865 0.397310
vt 0.355705 0.401388
vt 0.355466 0.393446
vt 0.346680 0.391357
vt 0.356933 0.407465
vt 0.347756 0.424507
vt 0.343876 0.439338
vt 0.356325 0.435572
vt 0.351141 0.425897
vt 0.356600 0.416531
vt 0.351234 0.447875
vt 0.337801 0.444001
vt 0.344287 0.453632
vt 0.339065 0.450562
vt 0.335059 0.455405
vt 0.338657 0.457046
vt 0.340879 0.463759
vt 0.348128 0.462019
vt 0.334464 0.474986
vt 0.817500 0.935823
vt 0.822069 0.936004
vt 0.823934 0.938668
vt 0.818516 0.930832
vt 0.818591 0.927899
vt 0.810319 0.922346
vt 0.809319 0.927523
vt 0.799522 0.922163
vt 0.807538 0.935353
vt 0.807745 0.939963
vt 0.817549 0.944181
vt 0.817989 0.953175
vt 0.808016 0.956544
vt 0.807535 0.948406
vt 0.818575 0.957781
vt 0.809466 0.963504
vt 0.819648 0.964545
vt 0.813062 0.968425
vt 0.795072 0.945145
vt 0.794838 0.950648
vt 0.796500 0.929838
vt 0.782842 0.934633
vt 0.794458 0.918158
vt 0.785119 0.918106
vt 0.783636 0.926805
vt 0.774732 0.912403
vt 0.782477 0.942891
vt 0.782085 0.951059
vt 0.768525 0.952124
vt 0.768843 0.936638
vt 0.769537 0.928280
vt 0.771346 0.917550
vt 0.832863 0.980423
vt 0.837795 0.980028
vt 0.836027 0.983185
vt 0.827914 0.969947
vt 0.825534 0.975058
vt 0.822566 0.971728
vt 0.819765 0.967478
vt 0.821154 0.959810
vt 0.809610 0.969321
vt 0.816297 0.972749
vt 0.796787 0.962809
vt 0.782571 0.957185
vt 0.783737 0.964781
vt 0.786032 0.972847
vt 0.795778 0.975352
vt 0.803370 0.979898
vt 0.810655 0.977140
vt 0.798259 0.981970
vt 0.813978 0.976382
vt 0.814082 0.979229
vt 0.801506 0.983197
vt 0.790369 0.981309
vt 0.796474 0.983917
vt 0.804242 0.985066
vt 0.791062 0.985373
vt 0.788258 0.978812
vt 0.785781 0.989052
vt 0.776378 0.982945
vt 0.778822 0.994535
vt 0.778309 0.992446
vt 0.770596 0.969900
vt 0.439112 0.542323
vt 0.443970 0.545806
vt 0.427709 0.536423
vt 0.428804 0.541600
vt 0.415509 0.535524
vt 0.419479 0.548265
vt 0.428821 0.554835
vt 0.431743 0.549021
vt 0.442901 0.552055
vt 0.451362 0.561290
vt 0.446771 0.558645
vt 0.436864 0.558744
vt 0.431678 0.572187
vt 0.427842 0.567207
vt 0.425671 0.578372
vt 0.430877 0.575586
vt 0.428955 0.580322
vt 0.417686 0.580975
vt 0.425146 0.582042
vt 0.421067 0.586506
vt 0.420485 0.575973
vt 0.416624 0.587959
vt 0.411179 0.590726
vt 0.411923 0.581800
vt 0.405594 0.584507
vt 0.405811 0.593125
vt 0.403040 0.595762
vt 0.401502 0.587166
vt 0.397678 0.595012
vt 0.396313 0.599424
vt 0.391811 0.593094
vt 0.389705 0.602118
vt 0.382446 0.599085
vt 0.388672 0.604980
vt 0.386525 0.596121
vt 0.386475 0.606445
vt 0.380403 0.606938
vt 0.393258 0.587379
vt 0.381304 0.588335
vt 0.389267 0.581888
vt 0.423546 0.569391
vt 0.413233 0.570247
vt 0.407165 0.573789
vt 0.395322 0.577515
vt 0.375677 0.594358
vt 0.379175 0.577981
vt 0.386110 0.571587
vt 0.394915 0.571387
vt 0.405871 0.566779
vt 0.419026 0.562275
vt 0.424012 0.560890
vt 0.461487 0.473067
vt 0.456142 0.452070
vt 0.463474 0.458038
vt 0.540218 0.123910
vt 0.538574 0.125977
vt 0.534942 0.123163
vt 0.537748 0.118297
vt 0.543052 0.122964
vt 0.542114 0.120227
vt 0.541390 0.116666
vt 0.541216 0.114546
vt 0.532212 0.114572
vt 0.532406 0.118748
vt 0.531341 0.110902
vt 0.539729 0.106942
vt 0.531492 0.099796
vt 0.539549 0.102292
vt 0.540395 0.096725
vt 0.532095 0.095249
vt 0.533147 0.089921
vt 0.541620 0.090191
vt 0.542284 0.086557
vt 0.540499 0.085332
vt 0.534300 0.084186
vt 0.525899 0.089246
vt 0.525327 0.080917
vt 0.524726 0.095127
vt 0.512901 0.090155
vt 0.524844 0.101595
vt 0.530907 0.104835
vt 0.523960 0.107961
vt 0.512744 0.115817
vt 0.534126 0.125316
vt 0.515714 0.128299
vt 0.536377 0.126953
vt 0.517469 0.133852
vt 0.506753 0.134688
vt 0.514357 0.122603
vt 0.502694 0.128003
vt 0.508186 0.140812
vt 0.505832 0.138986
vt 0.501125 0.132712
vt 0.502760 0.141789
vt 0.499380 0.137893
vt 0.495942 0.144274
vt 0.491759 0.136309
vt 0.490103 0.144232
vt 0.500709 0.107271
vt 0.511788 0.108041
vt 0.511975 0.101646
vt 0.501181 0.119395
vt 0.499013 0.108785
vt 0.498157 0.114382
vt 0.499310 0.123254
vt 0.498928 0.101903
vt 0.494656 0.105371
vt 0.490445 0.110334
vt 0.494066 0.130386
vt 0.492158 0.124462
vt 0.485701 0.128577
vt 0.483013 0.119380
vt 0.490840 0.101027
vt 0.483906 0.109780
vt 0.499705 0.093822
vt 0.501297 0.094273
vt 0.501024 0.086510
vt 0.494572 0.089743
vt 0.490458 0.092387
vt 0.482715 0.094286
vt 0.484528 0.102526
vt 0.483590 0.087053
vt 0.499312 0.083023
vt 0.503927 0.083472
vt 0.495291 0.083928
vt 0.492676 0.082520
vt 0.488669 0.084280
vt 0.477793 0.085824
vt 0.460034 0.083754
vt 0.469919 0.083942
vt 0.466712 0.089257
vt 0.460429 0.091751
vt 0.451676 0.083377
vt 0.450825 0.091486
vt 0.446083 0.083211
vt 0.439784 0.084035
vt 0.440181 0.094130
vt 0.433995 0.087651
vt 0.475685 0.095228
vt 0.476609 0.105088
vt 0.475584 0.112529
vt 0.475916 0.119764
vt 0.467899 0.097834
vt 0.468174 0.107072
vt 0.466672 0.117297
vt 0.463995 0.127622
vt 0.475351 0.127065
vt 0.477369 0.133694
vt 0.484250 0.135013
vt 0.481885 0.141120
vt 0.472944 0.141804
vt 0.455521 0.119208
vt 0.463372 0.107117
vt 0.451163 0.101629
vt 0.434264 0.098766
vt 0.429196 0.082407
vt 0.433500 0.082094
vt 0.427676 0.090380
vt 0.422722 0.083030
vt 0.421470 0.093303
vt 0.416482 0.081500
vt 0.416922 0.083429
vt 0.417120 0.088839
vt 0.404398 0.085678
vt 0.407335 0.082774
vt 0.408551 0.080381
vt 0.408607 0.088453
vt 0.416828 0.095138
vt 0.428051 0.101453
vt 0.417319 0.101312
vt 0.437826 0.107886
vt 0.448395 0.108604
vt 0.456765 0.105587
vt 0.458118 0.113847
vt 0.428407 0.109002
vt 0.442155 0.120857
vt 0.430066 0.119585
vt 0.433991 0.120141
vt 0.420680 0.108899
vt 0.414858 0.107109
vt 0.417152 0.113737
vt 0.417792 0.118042
vt 0.451485 0.127626
vt 0.461406 0.135018
vt 0.487589 0.145993
vt 0.484176 0.148187
vt 0.472752 0.150585
vt 0.462766 0.141009
vt 0.449120 0.134773
vt 0.449139 0.141808
vt 0.451373 0.153232
vt 0.444368 0.145425
vt 0.463808 0.148466
vt 0.467717 0.155260
vt 0.457175 0.155983
vt 0.446085 0.158044
vt 0.441703 0.151373
vt 0.439882 0.136481
vt 0.436228 0.129478
vt 0.430193 0.132386
vt 0.422932 0.126228
vt 0.425487 0.137679
vt 0.433840 0.142778
vt 0.419393 0.130288
vt 0.421160 0.139752
vt 0.418779 0.124887
vt 0.416089 0.126278
vt 0.410393 0.132903
vt 0.416379 0.136155
vt 0.418885 0.143586
vt 0.432049 0.154150
vt 0.435564 0.160993
vt 0.449264 0.162699
vt 0.454117 0.160947
vt 0.442023 0.166451
vt 0.436383 0.167412
vt 0.426904 0.150164
vt 0.425210 0.160141
vt 0.412323 0.142254
vt 0.410794 0.146635
vt 0.405820 0.135161
vt 0.404925 0.128403
vt 0.401650 0.131000
vt 0.402760 0.118759
vt 0.407200 0.108512
vt 0.397838 0.123862
vt 0.399170 0.134033
vt 0.401391 0.136920
vt 0.402471 0.142843
vt 0.401746 0.145240
vt 0.422923 0.151670
vt 0.411312 0.150305
vt 0.415676 0.154449
vt 0.428788 0.170219
vt 0.416713 0.172454
vt 0.405506 0.160107
vt 0.409922 0.174751
vt 0.408727 0.167760
vt 0.402948 0.149137
vt 0.820859 0.972476
vt 0.818865 0.979640
vt 0.446638 0.510610
vt 0.440510 0.508934
vt 0.432712 0.507784
vt 0.436705 0.508328
vt 0.426156 0.508391
vt 0.425347 0.519045
vt 0.413480 0.526103
vt 0.413784 0.520016
vt 0.413497 0.513210
vt 0.408676 0.510912
vt 0.410583 0.505780
vt 0.408183 0.517983
vt 0.409142 0.525762
vt 0.412289 0.531713
vt 0.403313 0.518213
vt 0.403893 0.530041
vt 0.402283 0.524757
vt 0.403498 0.510056
vt 0.395304 0.517612
vt 0.407276 0.538173
vt 0.395675 0.541835
vt 0.391645 0.524651
vt 0.397935 0.510907
vt 0.400784 0.501644
vt 0.394809 0.505249
vt 0.387011 0.512321
vt 0.392541 0.534354
vt 0.384126 0.530084
vt 0.386989 0.517817
vt 0.377398 0.518794
vt 0.374447 0.526564
vt 0.376483 0.532956
vt 0.370501 0.519299
vt 0.368036 0.536170
vt 0.366517 0.527732
vt 0.373116 0.507875
vt 0.378025 0.510813
vt 0.386957 0.503232
vt 0.388424 0.495063
vt 0.396314 0.493800
vt 0.391676 0.487433
vt 0.406283 0.503408
vt 0.407130 0.495687
vt 0.402218 0.496166
vt 0.404828 0.486759
vt 0.411283 0.495358
vt 0.411761 0.485921
vt 0.414191 0.495504
vt 0.415354 0.487405
vt 0.400421 0.485024
vt 0.417680 0.480408
vt 0.420365 0.481176
vt 0.512360 0.094543
vt 0.515361 0.083322
vt 0.519078 0.080078
vt 0.503475 0.079783
vt 0.505127 0.078613
vt 0.441671 0.565429
vt 0.414525 0.538931
vt 0.415908 0.545027
vt 0.410471 0.543950
vt 0.410230 0.550589
vt 0.401991 0.543302
vt 0.402296 0.549722
vt 0.406809 0.556677
vt 0.419361 0.552851
vt 0.414175 0.558944
vt 0.450569 0.440930
vt 0.062744 0.220215
vt 0.067486 0.216632
vt 0.064183 0.221821
vt 0.069100 0.220080
vt 0.068597 0.225534
vt 0.073676 0.215010
vt 0.075423 0.210033
vt 0.073408 0.230708
vt 0.074489 0.235122
vt 0.085294 0.226857
vt 0.078593 0.223803
vt 0.083367 0.223611
vt 0.084492 0.232145
vt 0.083418 0.239044
vt 0.076407 0.240921
vt 0.079967 0.244429
vt 0.089344 0.241170
vt 0.086719 0.248024
vt 0.082535 0.251757
vt 0.087635 0.252514
vt 0.089745 0.258715
vt 0.094378 0.249657
vt 0.092846 0.230736
vt 0.098709 0.241494
vt 0.099226 0.253637
vt 0.094067 0.260491
vt 0.100860 0.262227
vt 0.093215 0.266026
vt 0.097186 0.271379
vt 0.105584 0.271612
vt 0.098186 0.276928
vt 0.106844 0.266547
vt 0.106123 0.278616
vt 0.110047 0.259564
vt 0.106612 0.248233
vt 0.102857 0.235486
vt 0.111236 0.243978
vt 0.110308 0.235189
vt 0.099302 0.228387
vt 0.107208 0.228269
vt 0.112931 0.225734
vt 0.107629 0.219938
vt 0.097617 0.222061
vt 0.104908 0.219663
vt 0.080384 0.214069
vt 0.082414 0.205846
vt 0.080958 0.204176
vt 0.087605 0.199077
vt 0.090155 0.192888
vt 0.094094 0.190103
vt 0.099074 0.180101
vt 0.095297 0.199242
vt 0.099002 0.194613
vt 0.103215 0.187897
vt 0.099737 0.182562
vt 0.104853 0.172662
vt 0.107772 0.177318
vt 0.112613 0.185615
vt 0.106179 0.192488
vt 0.113893 0.175020
vt 0.117477 0.178419
vt 0.100423 0.200497
vt 0.091356 0.201752
vt 0.087224 0.207842
vt 0.087161 0.215699
vt 0.093737 0.208992
vt 0.092020 0.219485
vt 0.099977 0.215152
vt 0.099307 0.210343
vt 0.104074 0.204010
vt 0.108022 0.197287
vt 0.106287 0.211282
vt 0.110269 0.204900
vt 0.112478 0.212478
vt 0.116487 0.216555
vt 0.115913 0.239981
vt 0.114316 0.263301
vt 0.114774 0.255102
vt 0.121187 0.235113
vt 0.119456 0.228861
vt 0.125016 0.241116
vt 0.118871 0.222159
vt 0.128490 0.229785
vt 0.133498 0.235708
vt 0.127274 0.219451
vt 0.132883 0.241752
vt 0.123386 0.247825
vt 0.120649 0.256172
vt 0.115822 0.274632
vt 0.127594 0.252461
vt 0.137369 0.248563
vt 0.123321 0.268952
vt 0.111340 0.286306
vt 0.120698 0.279849
vt 0.118737 0.281738
vt 0.106936 0.289358
vt 0.101492 0.282417
vt 0.117234 0.292706
vt 0.117188 0.303945
vt 0.124778 0.300880
vt 0.129764 0.291218
vt 0.129504 0.296650
vt 0.137451 0.293457
vt 0.132228 0.290916
vt 0.138063 0.289950
vt 0.124843 0.281958
vt 0.126350 0.275670
vt 0.132205 0.261545
vt 0.127453 0.278468
vt 0.131252 0.285700
vt 0.133990 0.276683
vt 0.138824 0.285185
vt 0.135942 0.279986
vt 0.133809 0.269106
vt 0.140182 0.256263
vt 0.138626 0.267072
vt 0.144417 0.259507
vt 0.142134 0.265706
vt 0.142927 0.271424
vt 0.138079 0.271334
vt 0.144114 0.275470
vt 0.140037 0.274356
vt 0.140612 0.279481
vt 0.145154 0.279894
vt 0.146147 0.284076
vt 0.148682 0.284180
vt 0.150635 0.281738
vt 0.150181 0.278519
vt 0.151423 0.275299
vt 0.160889 0.270508
vt 0.148314 0.260191
vt 0.162420 0.267592
vt 0.158038 0.259402
vt 0.165430 0.264899
vt 0.159578 0.255903
vt 0.166889 0.263885
vt 0.165081 0.257182
vt 0.152418 0.252222
vt 0.154701 0.250885
vt 0.164842 0.246638
vt 0.158234 0.241999
vt 0.173204 0.254793
vt 0.173861 0.252085
vt 0.178134 0.248757
vt 0.167681 0.243200
vt 0.147044 0.245751
vt 0.153402 0.236886
vt 0.148804 0.254655
vt 0.146238 0.264930
vt 0.153426 0.267389
vt 0.141774 0.240566
vt 0.146530 0.234918
vt 0.158850 0.231185
vt 0.141664 0.232122
vt 0.140351 0.229357
vt 0.135024 0.220238
vt 0.145290 0.222205
vt 0.123065 0.214114
vt 0.132939 0.208457
vt 0.166207 0.232926
vt 0.163756 0.236476
vt 0.169451 0.238618
vt 0.160419 0.225058
vt 0.173149 0.234187
vt 0.149134 0.217208
vt 0.142247 0.210441
vt 0.148764 0.209932
vt 0.155228 0.212629
vt 0.163887 0.218755
vt 0.171130 0.224586
vt 0.171859 0.219651
vt 0.175532 0.239496
vt 0.176692 0.242803
vt 0.174297 0.243934
vt 0.181157 0.244377
vt 0.182179 0.240597
vt 0.178788 0.238161
vt 0.178942 0.236003
vt 0.176476 0.233905
vt 0.173041 0.228885
vt 0.179988 0.232215
vt 0.176053 0.228501
vt 0.177839 0.223670
vt 0.167591 0.211788
vt 0.159921 0.204083
vt 0.148780 0.201373
vt 0.155704 0.194110
vt 0.137159 0.198811
vt 0.130227 0.202328
vt 0.130405 0.194831
vt 0.119461 0.205054
vt 0.115216 0.198252
vt 0.115560 0.190843
vt 0.121122 0.193654
vt 0.124899 0.198075
vt 0.126843 0.189022
vt 0.120087 0.184364
vt 0.135397 0.187725
vt 0.124877 0.174661
vt 0.117449 0.165463
vt 0.111081 0.167317
vt 0.120060 0.171279
vt 0.127567 0.166897
vt 0.135216 0.179609
vt 0.146718 0.190075
vt 0.151487 0.190668
vt 0.142131 0.186180
vt 0.155790 0.181067
vt 0.160068 0.180557
vt 0.163297 0.193989
vt 0.150003 0.178283
vt 0.158229 0.174012
vt 0.153407 0.165929
vt 0.146735 0.171103
vt 0.142274 0.164535
vt 0.143772 0.178635
vt 0.139638 0.171383
vt 0.132388 0.161188
vt 0.119187 0.159638
vt 0.132916 0.154613
vt 0.141416 0.155821
vt 0.149286 0.157880
vt 0.144038 0.149927
vt 0.154005 0.151116
vt 0.134790 0.149019
vt 0.125651 0.148637
vt 0.119828 0.152728
vt 0.114915 0.149904
vt 0.119084 0.147853
vt 0.113388 0.158895
vt 0.109685 0.160825
vt 0.112068 0.152251
vt 0.109356 0.155922
vt 0.104755 0.168476
vt 0.101562 0.174316
vt 0.399913 0.557971
vt 0.391285 0.555837
vt 0.387340 0.548949
vt 0.384859 0.541802
vt 0.380172 0.539147
vt 0.379977 0.545315
vt 0.373713 0.541636
vt 0.361810 0.518703
vt 0.357257 0.524143
vt 0.353794 0.530203
vt 0.362292 0.539810
vt 0.364730 0.547367
vt 0.374648 0.552777
vt 0.383022 0.554491
vt 0.378630 0.504038
vt 0.342610 0.519233
vt 0.354615 0.518767
vt 0.418641 0.438548
vt 0.412813 0.444043
vt 0.414270 0.435516
vt 0.434895 0.419936
vt 0.421715 0.413817
vt 0.425548 0.408859
vt 0.416272 0.420363
vt 0.421045 0.405740
vt 0.414151 0.427767
vt 0.410867 0.417857
vt 0.412995 0.410186
vt 0.410291 0.401758
vt 0.400904 0.408738
vt 0.402003 0.418612
vt 0.407347 0.398099
vt 0.405083 0.392091
vt 0.397448 0.400401
vt 0.391034 0.417902
vt 0.390453 0.405429
vt 0.393576 0.391581
vt 0.385806 0.414056
vt 0.381094 0.408234
vt 0.387109 0.392507
vt 0.380209 0.397526
vt 0.408097 0.433083
vt 0.404983 0.439861
vt 0.398360 0.451911
vt 0.391184 0.456930
vt 0.389362 0.450575
vt 0.364612 0.437134
vt 0.375080 0.438541
vt 0.391961 0.563958
vt 0.378095 0.569159
vt 0.367865 0.590478
vt 0.373849 0.575496
vt 0.372111 0.567234
vt 0.363945 0.580365
vt 0.356139 0.576996
vt 0.357971 0.584827
vt 0.368407 0.561488
vt 0.380458 0.563135
vt 0.352866 0.568735
vt 0.349375 0.582862
vt 0.347095 0.569808
vt 0.365366 0.555428
vt 0.353057 0.560854
vt 0.344179 0.556720
vt 0.339190 0.563747
vt 0.352448 0.554100
vt 0.336618 0.551777
vt 0.332549 0.558996
vt 0.334732 0.566842
vt 0.337638 0.579951
vt 0.336635 0.574694
vt 0.361293 0.589267
vt 0.350465 0.593459
vt 0.356340 0.597010
vt 0.364763 0.596056
vt 0.360593 0.607508
vt 0.370961 0.603697
vt 0.370505 0.611829
vt 0.364701 0.614878
vt 0.344159 0.595629
vt 0.339031 0.584800
vt 0.331327 0.574469
vt 0.328661 0.581029
vt 0.328337 0.570992
vt 0.318804 0.575186
vt 0.328641 0.583665
vt 0.333753 0.590568
vt 0.336931 0.594295
vt 0.322100 0.587712
vt 0.325136 0.591284
vt 0.323456 0.598228
vt 0.320069 0.591857
vt 0.322959 0.565748
vt 0.322859 0.563023
vt 0.313946 0.564717
vt 0.311035 0.559570
vt 0.317165 0.552217
vt 0.321896 0.559549
vt 0.324071 0.552643
vt 0.310708 0.551065
vt 0.311285 0.546291
vt 0.331063 0.551884
vt 0.342271 0.546798
vt 0.331106 0.544548
vt 0.320744 0.546162
vt 0.324577 0.541528
vt 0.318350 0.541431
vt 0.310059 0.540771
vt 0.311758 0.537063
vt 0.319929 0.538273
vt 0.329689 0.539740
vt 0.325352 0.535945
vt 0.327989 0.532097
vt 0.322921 0.533041
vt 0.318546 0.534240
vt 0.321538 0.530504
vt 0.317533 0.531020
vt 0.316351 0.532963
vt 0.308940 0.534424
vt 0.308907 0.531983
vt 0.398716 0.444149
vt 0.399488 0.433308
vt 0.377990 0.418603
vt 0.372874 0.405853
vt 0.368066 0.413917
vt 0.371136 0.425951
vt 0.383727 0.427424
vt 0.390821 0.432123
vt 0.382403 0.442652
vt 0.386528 0.437875
vt 0.351669 0.547481
vt 0.350147 0.540554
vt 0.342238 0.526993
vt 0.342179 0.534741
vt 0.333823 0.530441
vt 0.461426 0.159424
vt 0.455566 0.161377
vt 0.155953 0.157444
vt 0.162172 0.151759
vt 0.160603 0.161108
vt 0.169314 0.155834
vt 0.172932 0.151724
vt 0.178653 0.156602
vt 0.177629 0.151303
vt 0.189743 0.157987
vt 0.196453 0.154033
vt 0.192457 0.162435
vt 0.198087 0.160602
vt 0.201958 0.161251
vt 0.203979 0.155639
vt 0.203125 0.158203
vt 0.199719 0.167736
vt 0.183577 0.157194
vt 0.173998 0.165683
vt 0.180575 0.167243
vt 0.178333 0.173947
vt 0.190216 0.172579
vt 0.197254 0.175343
vt 0.198390 0.183899
vt 0.203027 0.185332
vt 0.204011 0.186850
vt 0.209784 0.178921
vt 0.208501 0.183864
vt 0.210950 0.171269
vt 0.210582 0.169534
vt 0.206145 0.168366
vt 0.210352 0.167174
vt 0.214600 0.162109
vt 0.212179 0.163444
vt 0.211470 0.161669
vt 0.208873 0.161336
vt 0.206963 0.160310
vt 0.205017 0.165967
vt 0.162267 0.165885
vt 0.169377 0.175906
vt 0.167289 0.185839
vt 0.175775 0.182424
vt 0.173532 0.189457
vt 0.184706 0.187286
vt 0.169795 0.201509
vt 0.179788 0.197894
vt 0.186720 0.187771
vt 0.183271 0.197331
vt 0.180364 0.204604
vt 0.177558 0.207603
vt 0.185500 0.200966
vt 0.184665 0.209797
vt 0.190546 0.208962
vt 0.175538 0.212987
vt 0.180549 0.214293
vt 0.188594 0.219561
vt 0.185955 0.221194
vt 0.175593 0.221541
vt 0.183886 0.224360
vt 0.181571 0.225112
vt 0.193314 0.216649
vt 0.187485 0.202666
vt 0.199083 0.206033
vt 0.199350 0.206041
vt 0.196665 0.203236
vt 0.200224 0.200197
vt 0.200798 0.204059
vt 0.188206 0.199400
vt 0.195703 0.196696
vt 0.196499 0.213414
vt 0.188994 0.194376
vt 0.201129 0.192318
vt 0.202888 0.197144
vt 0.205582 0.190370
vt 0.201212 0.190380
vt 0.196839 0.187302
vt 0.187197 0.185891
vt 0.188447 0.185615
vt 0.192978 0.182508
vt 0.187871 0.180709
vt 0.375786 0.610804
vt 0.395135 0.383698
vt 0.381261 0.383087
vt 0.375239 0.389143
vt 0.385906 0.379577
vt 0.389391 0.376357
vt 0.371413 0.395403
vt 0.365313 0.402841
vt 0.362172 0.407914
vt 0.360589 0.397200
vt 0.350601 0.387901
vt 0.347900 0.390137
vt 0.351562 0.384277
vt 0.360787 0.386912
vt 0.363177 0.379816
vt 0.364554 0.370455
vt 0.383634 0.371942
vt 0.372356 0.364117
vt 0.329570 0.513358
vt 0.329354 0.520252
vt 0.329205 0.525971
vt 0.362210 0.425317
vt 0.352293 0.610758
vt 0.348025 0.603114
vt 0.355103 0.616038
vt 0.360327 0.619350
vt 0.338886 0.616983
vt 0.343439 0.612056
vt 0.340991 0.604659
vt 0.340136 0.598906
vt 0.330669 0.603000
vt 0.325897 0.604847
vt 0.329737 0.614588
vt 0.339864 0.626157
vt 0.339131 0.619284
vt 0.348617 0.620145
vt 0.356038 0.622735
vt 0.348389 0.627441
vt 0.318281 0.506979
vt 0.319181 0.516720
vt 0.310097 0.513804
vt 0.310481 0.516074
vt 0.318895 0.519488
vt 0.326648 0.516739
vt 0.324584 0.524729
vt 0.316464 0.522372
vt 0.309171 0.519634
vt 0.308798 0.518585
vt 0.410483 0.105678
vt 0.400336 0.094945
vt 0.400039 0.088020
vt 0.397705 0.085449
vt 0.400039 0.101983
vt 0.397922 0.108734
vt 0.401013 0.106174
vt 0.179351 0.226890
vt 0.182950 0.228691
vt 0.183757 0.231750
vt 0.190243 0.227196
vt 0.186053 0.230459
vt 0.189875 0.231827
vt 0.186095 0.233103
vt 0.183456 0.233972
vt 0.183340 0.239749
vt 0.186196 0.237438
vt 0.406738 0.077881
vt 0.406758 0.079138
vt 0.403564 0.076454
vt 0.400525 0.079901
vt 0.400193 0.078191
vt 0.398193 0.076660
vt 0.400148 0.075964
vt 0.961534 0.248827
vt 0.961691 0.247758
vt 0.962130 0.250085
vt 0.961997 0.239110
vt 0.959257 0.239057
vt 0.959010 0.252722
vt 0.962497 0.252313
vt 0.957279 0.256271
vt 0.948590 0.256236
vt 0.949984 0.253968
vt 0.959509 0.261694
vt 0.963623 0.267090
vt 0.955463 0.268989
vt 0.952973 0.264716
vt 0.960625 0.272319
vt 0.963379 0.270264
vt 0.963263 0.273422
vt 0.961297 0.274833
vt 0.951494 0.272545
vt 0.953452 0.273808
vt 0.957789 0.276467
vt 0.963623 0.277588
vt 0.954898 0.279524
vt 0.964005 0.280976
vt 0.958093 0.285216
vt 0.938190 0.290740
vt 0.936004 0.286411
vt 0.918614 0.286108
vt 0.919225 0.292725
vt 0.928711 0.292969
vt 0.930091 0.280028
vt 0.927129 0.276833
vt 0.937918 0.275985
vt 0.943041 0.273472
vt 0.942369 0.271525
vt 0.953156 0.167914
vt 0.959138 0.158445
vt 0.960241 0.167171
vt 0.952735 0.170363
vt 0.960183 0.169492
vt 0.960248 0.170654
vt 0.959495 0.172116
vt 0.953137 0.174056
vt 0.960445 0.175301
vt 0.953904 0.179070
vt 0.961426 0.181261
vt 0.958090 0.181768
vt 0.961961 0.182120
vt 0.948683 0.181630
vt 0.951631 0.183083
vt 0.947586 0.178288
vt 0.960043 0.190330
vt 0.960324 0.193487
vt 0.952162 0.196586
vt 0.930444 0.184014
vt 0.960854 0.216679
vt 0.961428 0.225924
vt 0.945510 0.220490
vt 0.939220 0.223438
vt 0.950851 0.232048
vt 0.943235 0.218181
vt 0.937418 0.233291
vt 0.950854 0.233956
vt 0.947274 0.236852
vt 0.960242 0.235906
vt 0.958623 0.237540
vt 0.953957 0.243453
vt 0.953246 0.239539
vt 0.952894 0.237275
vt 0.944855 0.238544
vt 0.933737 0.238045
vt 0.933119 0.236747
vt 0.933823 0.240172
vt 0.945628 0.242760
vt 0.946039 0.248249
vt 0.947754 0.249516
vt 0.943366 0.253180
vt 0.936148 0.248199
vt 0.931298 0.247334
vt 0.926369 0.238012
vt 0.926025 0.240079
vt 0.920216 0.237476
vt 0.921800 0.234276
vt 0.924878 0.251815
vt 0.934078 0.254472
vt 0.921195 0.254108
vt 0.924455 0.254963
vt 0.917644 0.250010
vt 0.918597 0.248676
vt 0.916692 0.241526
vt 0.911326 0.245615
vt 0.914635 0.237754
vt 0.926134 0.232182
vt 0.908888 0.235012
vt 0.905836 0.238623
vt 0.905589 0.237200
vt 0.905863 0.241990
vt 0.906617 0.249325
vt 0.907286 0.253578
vt 0.905794 0.251140
vt 0.900436 0.245144
vt 0.897548 0.253211
vt 0.920939 0.258108
vt 0.914105 0.257750
vt 0.914550 0.263168
vt 0.928855 0.257824
vt 0.931192 0.264153
vt 0.911414 0.265737
vt 0.931536 0.270247
vt 0.937194 0.259623
vt 0.935178 0.273451
vt 0.944468 0.262547
vt 0.925724 0.274285
vt 0.923905 0.272376
vt 0.915942 0.274130
vt 0.914140 0.271056
vt 0.908076 0.257898
vt 0.907399 0.270871
vt 0.907318 0.273265
vt 0.899481 0.272099
vt 0.898732 0.274170
vt 0.906607 0.276517
vt 0.895144 0.271261
vt 0.881030 0.269912
vt 0.887343 0.265694
vt 0.904428 0.262447
vt 0.904144 0.255442
vt 0.899803 0.257611
vt 0.890120 0.257917
vt 0.895726 0.255254
vt 0.887560 0.251319
vt 0.887692 0.249721
vt 0.892284 0.248023
vt 0.896970 0.239737
vt 0.891616 0.241315
vt 0.898767 0.237885
vt 0.892818 0.237405
vt 0.893247 0.234724
vt 0.909854 0.221856
vt 0.891041 0.222625
vt 0.878949 0.237274
vt 0.877435 0.226029
vt 0.873085 0.234290
vt 0.871219 0.238071
vt 0.878128 0.240315
vt 0.888313 0.237537
vt 0.873757 0.249314
vt 0.880960 0.247357
vt 0.872071 0.244985
vt 0.893385 0.218421
vt 0.921853 0.217948
vt 0.922331 0.195381
vt 0.936277 0.202866
vt 0.904609 0.202936
vt 0.914921 0.190004
vt 0.924438 0.213009
vt 0.960297 0.201913
vt 0.960897 0.207155
vt 0.959214 0.149206
vt 0.952115 0.156474
vt 0.951967 0.150887
vt 0.951308 0.148445
vt 0.930490 0.165730
vt 0.941688 0.170246
vt 0.938919 0.168309
vt 0.944097 0.174846
vt 0.939339 0.179152
vt 0.934252 0.170505
vt 0.923483 0.168492
vt 0.931699 0.177986
vt 0.938766 0.174934
vt 0.924658 0.170962
vt 0.919502 0.175026
vt 0.928414 0.160122
vt 0.923419 0.156213
vt 0.932761 0.150384
vt 0.939816 0.146865
vt 0.940396 0.139342
vt 0.930901 0.147921
vt 0.925559 0.139988
vt 0.953692 0.140450
vt 0.943792 0.133545
vt 0.921958 0.131669
vt 0.916197 0.136510
vt 0.914169 0.131311
vt 0.923938 0.147430
vt 0.907613 0.140810
vt 0.906550 0.146623
vt 0.920237 0.148784
vt 0.904863 0.150375
vt 0.897717 0.147859
vt 0.911919 0.150805
vt 0.903747 0.156543
vt 0.896417 0.150670
vt 0.890748 0.158540
vt 0.887038 0.147359
vt 0.882957 0.150044
vt 0.887313 0.139387
vt 0.896663 0.136015
vt 0.899123 0.131375
vt 0.907294 0.128880
vt 0.894746 0.128302
vt 0.889068 0.131222
vt 0.887317 0.127522
vt 0.818661 0.875411
vt 0.817834 0.884049
vt 0.814323 0.874980
vt 0.818604 0.869873
vt 0.814247 0.862391
vt 0.814627 0.885309
vt 0.810629 0.880613
vt 0.811919 0.885829
vt 0.808470 0.884356
vt 0.806835 0.877567
vt 0.802827 0.884185
vt 0.806608 0.870191
vt 0.799753 0.878449
vt 0.795704 0.880316
vt 0.795166 0.888672
vt 0.791311 0.887779
vt 0.791265 0.869292
vt 0.785591 0.879961
vt 0.799861 0.865259
vt 0.794764 0.863829
vt 0.805641 0.853855
vt 0.799401 0.852006
vt 0.808965 0.852651
vt 0.811794 0.852715
vt 0.810949 0.836187
vt 0.804750 0.837664
vt 0.807812 0.827820
vt 0.808719 0.817876
vt 0.805139 0.847795
vt 0.799114 0.833533
vt 0.793311 0.845227
vt 0.782521 0.866053
vt 0.782664 0.888580
vt 0.779736 0.889880
vt 0.776538 0.882393
vt 0.770054 0.870722
vt 0.772894 0.889503
vt 0.767615 0.886230
vt 0.774698 0.861860
vt 0.788852 0.841700
vt 0.780198 0.836107
vt 0.769012 0.852340
vt 0.766546 0.864363
vt 0.747331 0.850022
vt 0.753027 0.853635
vt 0.748069 0.863717
vt 0.756667 0.859908
vt 0.764780 0.834460
vt 0.754538 0.820232
vt 0.758757 0.820364
vt 0.737429 0.848030
vt 0.741465 0.848197
vt 0.737713 0.858070
vt 0.731619 0.856250
vt 0.731198 0.835801
vt 0.730033 0.853697
vt 0.737031 0.839375
vt 0.740484 0.832522
vt 0.746985 0.830640
vt 0.751577 0.818046
vt 0.773879 0.821750
vt 0.767843 0.828876
vt 0.785274 0.818568
vt 0.792096 0.822445
vt 0.804859 0.822576
vt 0.807488 0.816494
vt 0.803562 0.814982
vt 0.802719 0.821820
vt 0.798337 0.817871
vt 0.794815 0.810180
vt 0.790741 0.805551
vt 0.801756 0.807538
vt 0.806394 0.807580
vt 0.796968 0.800242
vt 0.802364 0.797484
vt 0.788865 0.785754
vt 0.792512 0.780394
vt 0.795586 0.792318
vt 0.799821 0.792168
vt 0.802122 0.790258
vt 0.799884 0.788472
vt 0.803807 0.793275
vt 0.210757 0.217082
vt 0.216431 0.213846
vt 0.225659 0.215509
vt 0.211808 0.220816
vt 0.230857 0.218562
vt 0.213273 0.222908
vt 0.217482 0.226197
vt 0.224092 0.230698
vt 0.214235 0.230266
vt 0.222688 0.234324
vt 0.235055 0.219720
vt 0.234353 0.223568
vt 0.233275 0.227110
vt 0.252348 0.224111
vt 0.248282 0.231782
vt 0.222083 0.241473
vt 0.241860 0.220680
vt 0.248241 0.214528
vt 0.244767 0.224867
vt 0.247397 0.210378
vt 0.255613 0.212273
vt 0.260733 0.207986
vt 0.269055 0.209450
vt 0.277218 0.207530
vt 0.277832 0.205322
vt 0.272714 0.212090
vt 0.285537 0.208872
vt 0.283631 0.204763
vt 0.293788 0.203447
vt 0.281312 0.215352
vt 0.292098 0.211194
vt 0.305136 0.208511
vt 0.280112 0.218894
vt 0.298166 0.205671
vt 0.296545 0.215804
vt 0.267738 0.227579
vt 0.255798 0.235934
vt 0.287142 0.226536
vt 0.289921 0.234457
vt 0.312607 0.230318
vt 0.314533 0.221472
vt 0.306058 0.217767
vt 0.309608 0.203896
vt 0.306096 0.201878
vt 0.320558 0.203172
vt 0.312873 0.208249
vt 0.317219 0.212106
vt 0.337343 0.218765
vt 0.332869 0.228437
vt 0.332320 0.210475
vt 0.326548 0.205492
vt 0.319092 0.200684
vt 0.327320 0.200781
vt 0.331620 0.202852
vt 0.336495 0.201190
vt 0.337710 0.206325
vt 0.341029 0.201980
vt 0.345300 0.202380
vt 0.344379 0.207154
vt 0.354421 0.203378
vt 0.358931 0.202194
vt 0.344999 0.213385
vt 0.354218 0.214986
vt 0.369611 0.223717
vt 0.370728 0.200321
vt 0.369210 0.211215
vt 0.381447 0.205350
vt 0.382358 0.199395
vt 0.392543 0.201199
vt 0.394861 0.206260
vt 0.381126 0.210929
vt 0.381323 0.224164
vt 0.394270 0.217512
vt 0.397989 0.219488
vt 0.394575 0.222896
vt 0.382376 0.233947
vt 0.393038 0.233733
vt 0.395095 0.237168
vt 0.383403 0.242761
vt 0.400287 0.243384
vt 0.384840 0.249503
vt 0.397268 0.238515
vt 0.397018 0.237592
vt 0.401988 0.237125
vt 0.409843 0.226640
vt 0.408682 0.214803
vt 0.407284 0.218717
vt 0.403485 0.216790
vt 0.407594 0.224191
vt 0.407382 0.219906
vt 0.406966 0.222978
vt 0.396983 0.224218
vt 0.392472 0.226286
vt 0.408155 0.225493
vt 0.398423 0.233295
vt 0.213510 0.235833
vt 0.256574 0.225177
vt 0.224392 0.248707
vt 0.252766 0.219905
vt 0.262343 0.219422
vt 0.240198 0.250127
vt 0.233166 0.259161
vt 0.286619 0.242247
vt 0.263322 0.258746
vt 0.284962 0.254030
vt 0.296282 0.257517
vt 0.327844 0.245220
vt 0.275344 0.267349
vt 0.308939 0.260081
vt 0.294065 0.268714
vt 0.278360 0.272489
vt 0.233906 0.275108
vt 0.237421 0.278818
vt 0.246080 0.280486
vt 0.251702 0.281423
vt 0.348128 0.235428
vt 0.347589 0.227455
vt 0.346188 0.220702
vt 0.354962 0.227624
vt 0.370655 0.240004
vt 0.357177 0.242930
vt 0.349124 0.243040
vt 0.350484 0.251624
vt 0.359726 0.253615
vt 0.339655 0.252678
vt 0.345476 0.259021
vt 0.330949 0.256680
vt 0.320331 0.267475
vt 0.337468 0.263747
vt 0.309438 0.265110
vt 0.337657 0.269991
vt 0.319418 0.275144
vt 0.327663 0.275286
vt 0.318369 0.277770
vt 0.326728 0.280356
vt 0.326599 0.277799
vt 0.331446 0.276645
vt 0.341111 0.284513
vt 0.321842 0.292533
vt 0.340085 0.289830
vt 0.305207 0.287900
vt 0.292184 0.298512
vt 0.312004 0.302220
vt 0.295817 0.308391
vt 0.311644 0.308673
vt 0.298914 0.311529
vt 0.294680 0.318916
vt 0.299217 0.331071
vt 0.304743 0.324232
vt 0.314329 0.327840
vt 0.285834 0.330162
vt 0.284957 0.315882
vt 0.271336 0.319737
vt 0.259341 0.331260
vt 0.272252 0.316152
vt 0.269559 0.312975
vt 0.257194 0.324506
vt 0.251486 0.323499
vt 0.260673 0.319405
vt 0.256830 0.307922
vt 0.249163 0.303130
vt 0.282504 0.294305
vt 0.242096 0.314434
vt 0.239861 0.302410
vt 0.250786 0.298981
vt 0.233585 0.309081
vt 0.232891 0.305694
vt 0.229708 0.302669
vt 0.239066 0.300355
vt 0.231025 0.300437
vt 0.232835 0.293506
vt 0.250558 0.293576
vt 0.226279 0.285124
vt 0.225980 0.281995
vt 0.234374 0.286767
vt 0.232147 0.268582
vt 0.230113 0.291769
vt 0.250888 0.286442
vt 0.249608 0.296845
vt 0.273535 0.281081
vt 0.270589 0.288216
vt 0.257217 0.294541
vt 0.275808 0.289831
vt 0.281745 0.286137
vt 0.264419 0.295116
vt 0.279838 0.290736
vt 0.282911 0.289761
vt 0.293823 0.284880
vt 0.286388 0.277808
vt 0.299465 0.279409
vt 0.302717 0.280906
vt 0.290210 0.287647
vt 0.300508 0.284983
vt 0.308034 0.281477
vt 0.760284 0.883154
vt 0.749661 0.883962
vt 0.754889 0.883994
vt 0.750151 0.890831
vt 0.747809 0.890422
vt 0.744255 0.880210
vt 0.743517 0.891675
vt 0.741079 0.881185
vt 0.739314 0.889275
vt 0.739630 0.892761
vt 0.733277 0.889098
vt 0.729136 0.883548
vt 0.726599 0.893074
vt 0.726394 0.886030
vt 0.731467 0.885960
vt 0.729558 0.892214
vt 0.723037 0.887646
vt 0.715188 0.887184
vt 0.718994 0.893799
vt 0.715726 0.893792
vt 0.714844 0.893420
vt 0.697754 0.893320
vt 0.693342 0.883381
vt 0.704316 0.891373
vt 0.681867 0.888230
vt 0.684031 0.886566
vt 0.683105 0.894531
vt 0.681678 0.894531
vt 0.683607 0.877090
vt 0.690511 0.878376
vt 0.699224 0.882041
vt 0.693254 0.859208
vt 0.683211 0.867734
vt 0.681441 0.869827
vt 0.678791 0.875362
vt 0.681074 0.860717
vt 0.675627 0.872945
vt 0.674519 0.851341
vt 0.677971 0.850290
vt 0.682723 0.855061
vt 0.672862 0.852576
vt 0.672852 0.866079
vt 0.669809 0.860796
vt 0.670944 0.854209
vt 0.671875 0.850997
vt 0.669262 0.852431
vt 0.667399 0.853702
vt 0.672848 0.849023
vt 0.665907 0.850679
vt 0.663444 0.850891
vt 0.664250 0.845755
vt 0.661977 0.848662
vt 0.662411 0.841077
vt 0.658647 0.843668
vt 0.665937 0.841962
vt 0.669238 0.842590
vt 0.667595 0.844894
vt 0.674438 0.839709
vt 0.680288 0.839013
vt 0.682478 0.844107
vt 0.677417 0.838397
vt 0.672335 0.840910
vt 0.672434 0.834102
vt 0.670654 0.833970
vt 0.668357 0.838659
vt 0.665266 0.838757
vt 0.668065 0.833194
vt 0.662303 0.836019
vt 0.658749 0.842719
vt 0.660599 0.829938
vt 0.661732 0.828102
vt 0.669111 0.830647
vt 0.671840 0.823339
vt 0.673350 0.822211
vt 0.675255 0.830136
vt 0.676200 0.823775
vt 0.669813 0.823330
vt 0.669065 0.819196
vt 0.668224 0.826481
vt 0.665717 0.822890
vt 0.662037 0.825470
vt 0.666275 0.816831
vt 0.664760 0.818227
vt 0.661939 0.821900
vt 0.662916 0.814837
vt 0.661377 0.814698
vt 0.662336 0.810446
vt 0.659668 0.815153
vt 0.660134 0.803695
vt 0.661331 0.802434
vt 0.663128 0.805581
vt 0.660493 0.796334
vt 0.663110 0.796829
vt 0.658953 0.792559
vt 0.657070 0.803788
vt 0.662123 0.792342
vt 0.662338 0.787709
vt 0.666317 0.790539
vt 0.664532 0.785878
vt 0.659678 0.777397
vt 0.662701 0.784766
vt 0.669440 0.788333
vt 0.669044 0.792039
vt 0.669341 0.796377
vt 0.673824 0.791418
vt 0.666294 0.801079
vt 0.668693 0.803365
vt 0.672207 0.801733
vt 0.669817 0.807525
vt 0.667458 0.812486
vt 0.669551 0.812175
vt 0.672113 0.812635
vt 0.673972 0.814913
vt 0.676782 0.813819
vt 0.675123 0.796139
vt 0.670790 0.788766
vt 0.664072 0.782761
vt 0.667086 0.779950
vt 0.672654 0.778156
vt 0.674306 0.785029
vt 0.674502 0.773974
vt 0.676060 0.772408
vt 0.670355 0.772947
vt 0.668797 0.772791
vt 0.665651 0.772175
vt 0.673274 0.770799
vt 0.663399 0.775496
vt 0.657259 0.784047
vt 0.661980 0.771623
vt 0.661845 0.766428
vt 0.663841 0.768367
vt 0.659246 0.769272
vt 0.656933 0.768720
vt 0.655270 0.783622
vt 0.654513 0.771978
vt 0.653650 0.770224
vt 0.656225 0.763601
vt 0.651997 0.770059
vt 0.651272 0.764789
vt 0.649678 0.767825
vt 0.648789 0.773197
vt 0.649786 0.786406
vt 0.653378 0.785808
vt 0.654028 0.799924
vt 0.651942 0.789573
vt 0.650172 0.794283
vt 0.651732 0.796978
vt 0.658903 0.818351
vt 0.656018 0.818082
vt 0.651823 0.803766
vt 0.651437 0.817287
vt 0.650146 0.814447
vt 0.652686 0.830671
vt 0.654071 0.838240
vt 0.647414 0.819922
vt 0.647641 0.811685
vt 0.650946 0.828424
vt 0.644083 0.809114
vt 0.646984 0.800802
vt 0.644063 0.799408
vt 0.649122 0.800244
vt 0.647532 0.788031
vt 0.644360 0.788659
vt 0.642216 0.810217
vt 0.641196 0.796775
vt 0.637963 0.817345
vt 0.639401 0.810064
vt 0.639099 0.823463
vt 0.640576 0.834301
vt 0.635068 0.813057
vt 0.634463 0.825086
vt 0.631498 0.822438
vt 0.629150 0.819336
vt 0.632188 0.813118
vt 0.631795 0.801512
vt 0.628941 0.809042
vt 0.635848 0.803018
vt 0.629172 0.795119
vt 0.632108 0.782838
vt 0.632419 0.769549
vt 0.635393 0.766192
vt 0.634566 0.777811
vt 0.635402 0.783579
vt 0.637151 0.771320
vt 0.633888 0.802055
vt 0.637500 0.798347
vt 0.637572 0.784423
vt 0.637927 0.796952
vt 0.640696 0.783885
vt 0.638963 0.798561
vt 0.644950 0.782507
vt 0.648361 0.777890
vt 0.645783 0.776499
vt 0.641048 0.767811
vt 0.642394 0.760884
vt 0.644435 0.764913
vt 0.640590 0.759431
vt 0.635994 0.757587
vt 0.639035 0.758286
vt 0.642674 0.753605
vt 0.644957 0.754352
vt 0.639167 0.752165
vt 0.643687 0.744217
vt 0.649374 0.733988
vt 0.664278 0.735170
vt 0.653128 0.746386
vt 0.659846 0.720511
vt 0.660890 0.712203
vt 0.662432 0.711727
vt 0.667047 0.712029
vt 0.667450 0.722944
vt 0.675212 0.724555
vt 0.663398 0.749744
vt 0.682269 0.738218
vt 0.691474 0.735634
vt 0.684630 0.751879
vt 0.699690 0.753636
vt 0.713283 0.737604
vt 0.712300 0.753080
vt 0.721409 0.752646
vt 0.699993 0.727747
vt 0.706999 0.727243
vt 0.716876 0.727100
vt 0.724829 0.726892
vt 0.713337 0.709623
vt 0.726335 0.707536
vt 0.730375 0.726043
vt 0.736229 0.725218
vt 0.738477 0.711509
vt 0.740829 0.712432
vt 0.739832 0.737249
vt 0.736756 0.750957
vt 0.745083 0.723121
vt 0.747551 0.711087
vt 0.752356 0.708732
vt 0.755382 0.720358
vt 0.758841 0.719028
vt 0.757181 0.736232
vt 0.774515 0.729434
vt 0.764929 0.717239
vt 0.781181 0.721460
vt 0.770816 0.714312
vt 0.774908 0.712923
vt 0.779057 0.710224
vt 0.766628 0.702988
vt 0.758789 0.702722
vt 0.754748 0.702793
vt 0.236694 0.323078
vt 0.241356 0.327463
vt 0.234620 0.317756
vt 0.240972 0.329537
vt 0.243895 0.341560
vt 0.241488 0.334712
vt 0.265794 0.335086
vt 0.257426 0.344430
vt 0.283549 0.336521
vt 0.287541 0.336468
vt 0.274449 0.340764
vt 0.282239 0.344284
vt 0.298481 0.337612
vt 0.300719 0.333048
vt 0.244998 0.347851
vt 0.256883 0.349128
vt 0.244377 0.350709
vt 0.247106 0.359116
vt 0.248988 0.355922
vt 0.259026 0.354882
vt 0.250740 0.360229
vt 0.249270 0.362915
vt 0.252283 0.361001
vt 0.249438 0.367453
vt 0.255993 0.363869
vt 0.251708 0.369887
vt 0.263222 0.366154
vt 0.252095 0.370907
vt 0.261347 0.369632
vt 0.264670 0.360757
vt 0.273819 0.358898
vt 0.261031 0.359467
vt 0.272565 0.354567
vt 0.260103 0.359366
vt 0.273055 0.353253
vt 0.265791 0.350576
vt 0.246730 0.354876
vt 0.257518 0.360625
vt 0.247139 0.352739
vt 0.269735 0.345802
vt 0.263523 0.344390
vt 0.286389 0.344890
vt 0.276056 0.350043
vt 0.679651 0.892504
vt 0.668994 0.889611
vt 0.668572 0.894097
vt 0.664667 0.893783
vt 0.674315 0.894279
vt 0.669910 0.885696
vt 0.673269 0.877912
vt 0.677054 0.893819
vt 0.671384 0.863429
vt 0.668310 0.862049
vt 0.668429 0.856560
vt 0.661804 0.857553
vt 0.664743 0.864237
vt 0.660550 0.854667
vt 0.658928 0.851607
vt 0.656197 0.840875
vt 0.655880 0.852564
vt 0.659472 0.823772
vt 0.662641 0.891974
vt 0.664413 0.885527
vt 0.666404 0.884140
vt 0.668059 0.882641
vt 0.670077 0.875971
vt 0.666605 0.877132
vt 0.668744 0.874456
vt 0.664135 0.877094
vt 0.661101 0.883792
vt 0.660446 0.884926
vt 0.661096 0.891780
vt 0.659672 0.889506
vt 0.659302 0.893614
vt 0.657102 0.890211
vt 0.659264 0.883472
vt 0.655142 0.888911
vt 0.654142 0.880843
vt 0.649513 0.890712
vt 0.645164 0.892040
vt 0.646317 0.881696
vt 0.643367 0.892404
vt 0.643072 0.874303
vt 0.638229 0.891457
vt 0.651092 0.880789
vt 0.654686 0.870167
vt 0.657158 0.873531
vt 0.659869 0.874753
vt 0.661200 0.877036
vt 0.659815 0.856397
vt 0.662678 0.873283
vt 0.660834 0.865511
vt 0.652662 0.850470
vt 0.651079 0.861235
vt 0.648040 0.854657
vt 0.649251 0.873130
vt 0.647584 0.865942
vt 0.646347 0.855048
vt 0.645625 0.865458
vt 0.646128 0.875928
vt 0.640912 0.877576
vt 0.637970 0.876089
vt 0.636527 0.876425
vt 0.634750 0.882371
vt 0.634058 0.875146
vt 0.635742 0.891702
vt 0.631068 0.889741
vt 0.630840 0.880160
vt 0.634359 0.891291
vt 0.631095 0.859181
vt 0.633546 0.864884
vt 0.636230 0.870976
vt 0.636963 0.874200
vt 0.638180 0.871755
vt 0.640192 0.866295
vt 0.635160 0.855129
vt 0.637345 0.854699
vt 0.638854 0.856084
vt 0.642715 0.861174
vt 0.640856 0.849580
vt 0.259449 0.377116
vt 0.278034 0.363133
vt 0.275146 0.361086
vt 0.298849 0.363204
vt 0.298644 0.366932
vt 0.263355 0.382686
vt 0.299549 0.375305
vt 0.275097 0.381139
vt 0.307274 0.369850
vt 0.303404 0.368283
vt 0.282948 0.382485
vt 0.262424 0.387866
vt 0.259201 0.386882
vt 0.259715 0.390607
vt 0.260040 0.392393
vt 0.265391 0.393226
vt 0.264338 0.397869
vt 0.271183 0.392116
vt 0.272839 0.394858
vt 0.286369 0.389725
vt 0.284529 0.385565
vt 0.294496 0.383325
vt 0.295492 0.386143
vt 0.310664 0.380276
vt 0.324783 0.371947
vt 0.319769 0.377372
vt 0.315226 0.372878
vt 0.344812 0.363088
vt 0.322438 0.366725
vt 0.348152 0.364802
vt 0.347125 0.359298
vt 0.356009 0.357270
vt 0.364259 0.356353
vt 0.370771 0.355605
vt 0.371715 0.351278
vt 0.367825 0.350415
vt 0.347003 0.357115
vt 0.361169 0.347827
vt 0.343650 0.355040
vt 0.362221 0.344371
vt 0.336224 0.354252
vt 0.339680 0.343231
vt 0.354863 0.337235
vt 0.328951 0.352453
vt 0.325751 0.359520
vt 0.336680 0.357932
vt 0.332009 0.363773
vt 0.328184 0.360975
vt 0.314833 0.351856
vt 0.290430 0.359412
vt 0.309712 0.350950
vt 0.324205 0.346211
vt 0.333786 0.341329
vt 0.324391 0.344323
vt 0.340338 0.339111
vt 0.348905 0.336540
vt 0.329865 0.335132
vt 0.333741 0.333815
vt 0.343684 0.330880
vt 0.333666 0.332530
vt 0.322229 0.336841
vt 0.330117 0.330656
vt 0.316395 0.334959
vt 0.329064 0.327759
vt 0.312235 0.333524
vt 0.314937 0.328678
vt 0.335255 0.323316
vt 0.342321 0.329292
vt 0.344786 0.327080
vt 0.346220 0.324623
vt 0.353522 0.332083
vt 0.334062 0.321107
vt 0.330700 0.319595
vt 0.311830 0.348749
vt 0.312573 0.338908
vt 0.301034 0.344671
vt 0.300867 0.339970
vt 0.300439 0.343002
vt 0.302548 0.351670
vt 0.299692 0.347559
vt 0.323589 0.317579
vt 0.328810 0.309836
vt 0.327723 0.300282
vt 0.332482 0.295401
vt 0.342865 0.293766
vt 0.335640 0.301111
vt 0.354606 0.284086
vt 0.351748 0.292228
vt 0.358428 0.281261
vt 0.348928 0.274690
vt 0.342533 0.279587
vt 0.354664 0.273259
vt 0.365311 0.274743
vt 0.354273 0.270637
vt 0.368188 0.288985
vt 0.362067 0.263088
vt 0.339376 0.276400
vt 0.343975 0.270261
vt 0.347022 0.264871
vt 0.348918 0.269992
vt 0.354861 0.266281
vt 0.352322 0.258324
vt 0.372997 0.258183
vt 0.380546 0.271073
vt 0.385770 0.255927
vt 0.404041 0.248536
vt 0.387551 0.262670
vt 0.405223 0.253216
vt 0.407321 0.255753
vt 0.391013 0.271928
vt 0.402723 0.261519
vt 0.410517 0.261511
vt 0.411068 0.267193
vt 0.411042 0.269616
vt 0.392138 0.278099
vt 0.399987 0.295321
vt 0.395977 0.286998
vt 0.418457 0.279541
vt 0.413869 0.273210
vt 0.416584 0.277893
vt 0.256836 0.385254
vt 0.732769 0.871004
vt 0.728487 0.873227
vt 0.730799 0.871247
vt 0.723071 0.873225
vt 0.715704 0.871708
vt 0.713191 0.878352
vt 0.726847 0.851266
vt 0.711790 0.860108
vt 0.706948 0.869244
vt 0.709992 0.886300
vt 0.705619 0.886429
vt 0.703350 0.879850
vt 0.704785 0.866028
vt 0.705124 0.854035
vt 0.711359 0.848085
vt 0.714431 0.849137
vt 0.704372 0.844967
vt 0.705858 0.838554
vt 0.708889 0.822770
vt 0.701582 0.850519
vt 0.711450 0.822709
vt 0.703919 0.831138
vt 0.700637 0.832008
vt 0.700767 0.819722
vt 0.703407 0.820475
vt 0.698998 0.818297
vt 0.692084 0.836361
vt 0.690775 0.817820
vt 0.703780 0.807788
vt 0.707616 0.797152
vt 0.722818 0.816661
vt 0.721711 0.832830
vt 0.719967 0.806292
vt 0.938961 0.256641
vt 0.749009 0.872075
vt 0.741770 0.867927
vt 0.739276 0.869730
vt 0.724236 0.858449
vt 0.724764 0.849219
vt 0.729323 0.836750
vt 0.726505 0.830354
vt 0.714285 0.831675
vt 0.725680 0.817877
vt 0.730023 0.825098
vt 0.736464 0.823558
vt 0.740543 0.819375
vt 0.746868 0.816708
vt 0.730071 0.817961
vt 0.729243 0.816729
vt 0.736412 0.821964
vt 0.736145 0.811058
vt 0.739837 0.803857
vt 0.729141 0.813786
vt 0.744328 0.801220
vt 0.746192 0.800866
vt 0.754249 0.779684
vt 0.763162 0.801317
vt 0.766799 0.810620
vt 0.770711 0.789654
vt 0.777169 0.782133
vt 0.784422 0.783122
vt 0.795058 0.783821
vt 0.800486 0.783164
vt 0.798374 0.776383
vt 0.791766 0.767296
vt 0.796183 0.765366
vt 0.789821 0.762021
vt 0.792446 0.753745
vt 0.787065 0.750540
vt 0.790149 0.747529
vt 0.786464 0.755049
vt 0.784858 0.740216
vt 0.781751 0.751416
vt 0.777959 0.742045
vt 0.787502 0.773650
vt 0.780313 0.762502
vt 0.770902 0.762049
vt 0.762802 0.771898
vt 0.765500 0.796666
vt 0.760614 0.785876
vt 0.665489 0.871351
vt 0.670459 0.870666
vt 0.662626 0.867069
vt 0.660698 0.862208
vt 0.931982 0.181443
vt 0.899513 0.196873
vt 0.887944 0.212368
vt 0.880511 0.218500
vt 0.890053 0.202795
vt 0.868096 0.213615
vt 0.875973 0.198416
vt 0.858307 0.206749
vt 0.858143 0.203240
vt 0.858571 0.199473
vt 0.850467 0.206331
vt 0.847887 0.208591
vt 0.853351 0.216408
vt 0.847635 0.204187
vt 0.847860 0.201929
vt 0.858452 0.193331
vt 0.871613 0.192177
vt 0.858392 0.190187
vt 0.865075 0.187669
vt 0.859666 0.187765
vt 0.866266 0.185227
vt 0.860840 0.186035
vt 0.875634 0.183509
vt 0.877961 0.186888
vt 0.881229 0.183078
vt 0.879512 0.178814
vt 0.884846 0.175009
vt 0.890947 0.178304
vt 0.898666 0.183946
vt 0.893780 0.183018
vt 0.902319 0.179346
vt 0.898438 0.173748
vt 0.891670 0.173870
vt 0.898513 0.170486
vt 0.908163 0.170771
vt 0.907107 0.182132
vt 0.902772 0.182583
vt 0.910457 0.184304
vt 0.896097 0.185500
vt 0.920387 0.182068
vt 0.913235 0.178656
vt 0.913304 0.174666
vt 0.917038 0.170543
vt 0.907996 0.168990
vt 0.911917 0.165400
vt 0.884997 0.170652
vt 0.882516 0.165380
vt 0.882080 0.170654
vt 0.882944 0.167434
vt 0.281084 0.358646
vt 0.281371 0.354439
vt 0.290720 0.356186
vt 0.292509 0.349442
vt 0.290313 0.347265
vt 0.289174 0.345909
vt 0.280562 0.350385
vt 0.274072 0.354918
vt 0.698280 0.864038
vt 0.701912 0.860134
vt 0.687927 0.854743
vt 0.923338 0.151013
vt 0.634648 0.847626
vt 0.630954 0.839509
vt 0.644427 0.842247
vt 0.649071 0.844639
vt 0.638902 0.838424
vt 0.637494 0.839702
vt 0.634965 0.836913
vt 0.688643 0.835556
vt 0.643983 0.825972
vt 0.647844 0.837998
vt 0.650784 0.837392
vt 0.647020 0.828294
vt 0.925445 0.280383
vt 0.918739 0.276512
vt 0.912378 0.280212
vt 0.898307 0.291047
vt 0.909756 0.294151
vt 0.895954 0.287155
vt 0.273761 0.216536
vt 0.260073 0.215541
vt 0.682448 0.829429
vt 0.688174 0.813551
vt 0.679135 0.825432
vt 0.679363 0.820550
vt 0.681708 0.822897
vt 0.679471 0.812451
vt 0.678942 0.795561
vt 0.677231 0.793123
vt 0.681462 0.806790
vt 0.687696 0.797568
vt 0.691376 0.801831
vt 0.682329 0.813976
vt 0.308155 0.271273
vt 0.895819 0.280046
vt 0.880690 0.280052
vt 0.871125 0.287048
vt 0.871173 0.293767
vt 0.883765 0.296111
vt 0.887169 0.297601
vt 0.902283 0.294416
vt 0.893066 0.297363
vt 0.880445 0.298686
vt 0.876633 0.297322
vt 0.864231 0.297339
vt 0.869559 0.299680
vt 0.861577 0.295331
vt 0.860637 0.301251
vt 0.856196 0.296430
vt 0.851411 0.298261
vt 0.852396 0.300869
vt 0.855469 0.302490
vt 0.851267 0.303618
vt 0.848149 0.297890
vt 0.847900 0.303955
vt 0.851253 0.295440
vt 0.848897 0.294346
vt 0.856685 0.288765
vt 0.848498 0.287031
vt 0.858002 0.282828
vt 0.848346 0.282595
vt 0.848692 0.274163
vt 0.857992 0.274980
vt 0.866599 0.278745
vt 0.862304 0.274430
vt 0.867546 0.274136
vt 0.868331 0.274162
vt 0.860928 0.273124
vt 0.868588 0.271484
vt 0.862465 0.267673
vt 0.848034 0.268184
vt 0.853318 0.267286
vt 0.870613 0.267660
vt 0.874620 0.271763
vt 0.880068 0.274092
vt 0.875042 0.273692
vt 0.872228 0.276218
vt 0.882342 0.276249
vt 0.884657 0.273214
vt 0.856556 0.294508
vt 0.910889 0.128906
vt 0.894240 0.273434
vt 0.889723 0.273149
vt 0.889155 0.271695
vt 0.883743 0.271496
vt 0.862334 0.265102
vt 0.885097 0.262699
vt 0.885000 0.257330
vt 0.881592 0.253867
vt 0.875186 0.256247
vt 0.876690 0.260464
vt 0.873942 0.258458
vt 0.867207 0.252402
vt 0.870563 0.253471
vt 0.864744 0.249728
vt 0.861163 0.240327
vt 0.863746 0.251093
vt 0.860945 0.259789
vt 0.860124 0.257975
vt 0.852615 0.265500
vt 0.853223 0.257672
vt 0.848015 0.263909
vt 0.847257 0.256304
vt 0.729300 0.808425
vt 0.735392 0.801260
vt 0.728676 0.800907
vt 0.723945 0.784557
vt 0.712453 0.797023
vt 0.710617 0.793400
vt 0.721906 0.791828
vt 0.719430 0.790440
vt 0.712385 0.777179
vt 0.703193 0.798406
vt 0.704709 0.787470
vt 0.700258 0.797403
vt 0.698458 0.799535
vt 0.699951 0.785137
vt 0.702172 0.785377
vt 0.698730 0.781400
vt 0.695116 0.775276
vt 0.690198 0.776353
vt 0.699490 0.770948
vt 0.703166 0.776500
vt 0.703065 0.768961
vt 0.708566 0.768412
vt 0.710481 0.768944
vt 0.719917 0.774835
vt 0.722132 0.774955
vt 0.728004 0.784449
vt 0.728337 0.789643
vt 0.734712 0.789533
vt 0.728552 0.797611
vt 0.734039 0.777564
vt 0.727705 0.778366
vt 0.724393 0.772274
vt 0.737651 0.776033
vt 0.739396 0.794241
vt 0.741121 0.782767
vt 0.681586 0.793179
vt 0.679287 0.781697
vt 0.681992 0.780873
vt 0.677868 0.773852
vt 0.679190 0.770328
vt 0.682189 0.769155
vt 0.679206 0.761664
vt 0.681517 0.761105
vt 0.688723 0.777616
vt 0.689238 0.761861
vt 0.355158 0.306355
vt 0.353801 0.295426
vt 0.361187 0.292841
vt 0.373294 0.300859
vt 0.365144 0.300547
vt 0.366508 0.307620
vt 0.354764 0.309825
vt 0.360498 0.313823
vt 0.351953 0.315013
vt 0.347627 0.313131
vt 0.344349 0.317857
vt 0.340918 0.316691
vt 0.333325 0.316065
vt 0.882275 0.153239
vt 0.745481 0.787546
vt 0.749898 0.787926
vt 0.756484 0.771702
vt 0.758394 0.764432
vt 0.765585 0.760275
vt 0.763634 0.755102
vt 0.754257 0.758047
vt 0.747483 0.766408
vt 0.750842 0.758383
vt 0.753111 0.747888
vt 0.773441 0.753170
vt 0.765449 0.745394
vt 0.742769 0.759677
vt 0.785972 0.732621
vt 0.287561 0.521033
vt 0.290021 0.525133
vt 0.287647 0.537219
vt 0.283678 0.535780
vt 0.285036 0.528949
vt 0.284795 0.520653
vt 0.287021 0.516227
vt 0.282593 0.524371
vt 0.282328 0.519831
vt 0.279634 0.530118
vt 0.279959 0.522900
vt 0.277360 0.520442
vt 0.271834 0.534443
vt 0.273522 0.540104
vt 0.272674 0.537832
vt 0.275852 0.540729
vt 0.279179 0.544980
vt 0.282749 0.550966
vt 0.269794 0.552294
vt 0.269318 0.547901
vt 0.273832 0.557242
vt 0.278418 0.560858
vt 0.275287 0.567722
vt 0.267533 0.564033
vt 0.281553 0.561204
vt 0.284739 0.564744
vt 0.285285 0.551345
vt 0.287974 0.551641
vt 0.290264 0.553346
vt 0.286216 0.558849
vt 0.289825 0.569799
vt 0.282274 0.574389
vt 0.293006 0.572373
vt 0.296506 0.577432
vt 0.289026 0.581316
vt 0.294746 0.587874
vt 0.302355 0.584310
vt 0.305782 0.589467
vt 0.270805 0.583757
vt 0.259541 0.558047
vt 0.254959 0.575222
vt 0.241484 0.563431
vt 0.251458 0.585047
vt 0.257329 0.589661
vt 0.264190 0.595977
vt 0.243879 0.606382
vt 0.270595 0.602586
vt 0.263883 0.613087
vt 0.276732 0.608945
vt 0.267691 0.617537
vt 0.259706 0.610624
vt 0.252889 0.612967
vt 0.257196 0.613757
vt 0.237662 0.616096
vt 0.238384 0.619891
vt 0.235771 0.589723
vt 0.219227 0.601557
vt 0.229961 0.588543
vt 0.215332 0.600098
vt 0.227092 0.585439
vt 0.874606 0.221487
vt 0.867770 0.219424
vt 0.867002 0.221495
vt 0.856736 0.220499
vt 0.859195 0.216811
vt 0.855840 0.217918
vt 0.847479 0.216239
vt 0.850342 0.218992
vt 0.848134 0.221932
vt 0.854746 0.228938
vt 0.847456 0.226496
vt 0.848011 0.233810
vt 0.848294 0.236478
vt 0.857798 0.235356
vt 0.852862 0.238504
vt 0.858605 0.239559
vt 0.859338 0.235855
vt 0.853767 0.242371
vt 0.852115 0.246562
vt 0.853896 0.251167
vt 0.854092 0.252269
vt 0.856026 0.255218
vt 0.851285 0.255026
vt 0.848023 0.252724
vt 0.849079 0.251097
vt 0.847929 0.246145
vt 0.847615 0.240140
vt 0.282929 0.513654
vt 0.279328 0.510864
vt 0.269481 0.522660
vt 0.273428 0.506099
vt 0.266832 0.508640
vt 0.258563 0.514559
vt 0.262211 0.504064
vt 0.256450 0.511961
vt 0.261398 0.525590
vt 0.259782 0.538585
vt 0.266744 0.537433
vt 0.258333 0.547421
vt 0.266683 0.550278
vt 0.251543 0.554696
vt 0.250837 0.542632
vt 0.245136 0.551395
vt 0.254460 0.544569
vt 0.247970 0.542688
vt 0.241665 0.540744
vt 0.236023 0.547757
vt 0.234142 0.536030
vt 0.228067 0.545074
vt 0.234419 0.563568
vt 0.229490 0.537084
vt 0.226399 0.536805
vt 0.227361 0.532318
vt 0.228937 0.531800
vt 0.241481 0.533591
vt 0.234933 0.528619
vt 0.232339 0.525376
vt 0.231915 0.532573
vt 0.229145 0.526029
vt 0.230154 0.518249
vt 0.236932 0.511576
vt 0.233816 0.504199
vt 0.236817 0.500120
vt 0.240561 0.491802
vt 0.237990 0.518287
vt 0.243462 0.493237
vt 0.237061 0.493164
vt 0.251753 0.497270
vt 0.245183 0.520323
vt 0.250911 0.527351
vt 0.261113 0.499629
vt 0.252746 0.533633
vt 0.248314 0.536294
vt 0.860285 0.224122
vt 0.865258 0.238778
vt 0.744462 0.777355
vt 0.744503 0.765450
vt 0.739180 0.766496
vt 0.736824 0.760556
vt 0.723145 0.761911
vt 0.727508 0.760381
vt 0.732597 0.764604
vt 0.721092 0.762795
vt 0.725995 0.768783
vt 0.729043 0.771856
vt 0.733487 0.773399
vt 0.715676 0.767085
vt 0.714058 0.762402
vt 0.709656 0.761949
vt 0.701520 0.762412
vt 0.698996 0.761945
vt 0.689970 0.767021
vt 0.692118 0.761631
vt 0.674346 0.751154
vt 0.647464 0.756201
vt 0.650883 0.756770
vt 0.660933 0.757814
vt 0.672090 0.759265
vt 0.670901 0.761810
vt 0.648188 0.765640
vt 0.646635 0.761315
vt 0.347311 0.318577
vt 0.368519 0.314052
vt 0.378451 0.312310
vt 0.373990 0.320672
vt 0.368400 0.317373
vt 0.363061 0.317821
vt 0.372262 0.320509
vt 0.367916 0.320743
vt 0.361667 0.321249
vt 0.363804 0.323571
vt 0.357411 0.326108
vt 0.363437 0.325168
vt 0.366573 0.324100
vt 0.363354 0.330562
vt 0.351906 0.328354
vt 0.357462 0.334036
vt 0.364057 0.331956
vt 0.370474 0.327245
vt 0.375683 0.326695
vt 0.394378 0.314269
vt 0.387666 0.293127
vt 0.404434 0.303024
vt 0.415795 0.291503
vt 0.414408 0.287245
vt 0.418132 0.297854
vt 0.407852 0.308640
vt 0.403915 0.323869
vt 0.392559 0.340245
vt 0.384149 0.341311
vt 0.385009 0.344035
vt 0.384766 0.347900
vt 0.380645 0.349348
vt 0.381305 0.343266
vt 0.375338 0.346684
vt 0.389574 0.331301
vt 0.381626 0.338609
vt 0.380297 0.333563
vt 0.383551 0.321744
vt 0.377869 0.330823
vt 0.371142 0.339266
vt 0.374184 0.342271
vt 0.367943 0.336364
vt 0.359609 0.341542
vt 0.378849 0.347836
vt 0.669440 0.766547
vt 0.673896 0.763518
vt 0.677810 0.762576
vt 0.323561 0.644003
vt 0.331390 0.639808
vt 0.332025 0.647970
vt 0.325418 0.651638
vt 0.333063 0.653231
vt 0.336345 0.660256
vt 0.327509 0.659501
vt 0.335318 0.663380
vt 0.336133 0.667743
vt 0.331037 0.665302
vt 0.329020 0.634178
vt 0.321083 0.636804
vt 0.327757 0.629556
vt 0.324132 0.622919
vt 0.316015 0.622845
vt 0.323454 0.619297
vt 0.303463 0.629897
vt 0.310531 0.640708
vt 0.312450 0.650352
vt 0.309317 0.594708
vt 0.314396 0.601727
vt 0.302162 0.598736
vt 0.310081 0.610957
vt 0.294237 0.608520
vt 0.283376 0.593506
vt 0.283716 0.619361
vt 0.279961 0.613761
vt 0.288865 0.623541
vt 0.292883 0.628692
vt 0.323607 0.617332
vt 0.318964 0.612877
vt 0.316940 0.608407
vt 0.316030 0.604060
vt 0.267518 0.619456
vt 0.255728 0.620988
vt 0.250976 0.628932
vt 0.258195 0.615315
vt 0.248602 0.625825
vt 0.243988 0.626140
vt 0.260689 0.636460
vt 0.264770 0.626459
vt 0.268568 0.639718
vt 0.273574 0.644744
vt 0.278365 0.644881
vt 0.298054 0.636255
vt 0.302065 0.642145
vt 0.304335 0.646151
vt 0.264366 0.637767
vt 0.290217 0.655320
vt 0.286187 0.652123
vt 0.294752 0.655268
vt 0.282065 0.647748
vt 0.235185 0.575115
vt 0.243249 0.579510
vt 0.223815 0.603198
vt 0.240750 0.594215
vt 0.227784 0.608123
vt 0.239249 0.603496
vt 0.683318 0.726327
vt 0.692580 0.727419
vt 0.688052 0.708883
vt 0.681303 0.705318
vt 0.675441 0.715156
vt 0.669982 0.703748
vt 0.674010 0.700880
vt 0.705609 0.708174
vt 0.717773 0.706050
vt 0.734619 0.703857
vt 0.736753 0.704971
vt 0.737619 0.707401
vt 0.744143 0.692581
vt 0.745322 0.694762
vt 0.744385 0.690918
vt 0.748857 0.691030
vt 0.751726 0.693189
vt 0.755833 0.690456
vt 0.749173 0.694200
vt 0.750407 0.694599
vt 0.746093 0.694583
vt 0.746880 0.694869
vt 0.741147 0.709065
vt 0.411504 0.315436
vt 0.418184 0.306897
vt 0.418231 0.309226
vt 0.432916 0.312235
vt 0.419386 0.310986
vt 0.436410 0.313537
vt 0.421571 0.307729
vt 0.436135 0.312833
vt 0.436561 0.312478
vt 0.440875 0.314020
vt 0.438579 0.310870
vt 0.428467 0.299072
vt 0.423255 0.302470
vt 0.662090 0.706916
vt 0.664247 0.707730
vt 0.655925 0.696174
vt 0.657247 0.697068
vt 0.656968 0.696043
vt 0.657001 0.695839
vt 0.657424 0.693097
vt 0.249905 0.627094
vt 0.247896 0.625294
vt 0.249250 0.634688
vt 0.249295 0.639928
vt 0.234919 0.635779
vt 0.750284 0.707141
vt 0.514156 0.813020
vt 0.602883 0.816829
vt 0.521417 0.819580
vt 0.500402 0.807042
vt 0.483822 0.815674
vt 0.522879 0.801109
vt 0.478304 0.799303
vt 0.476842 0.793306
vt 0.516601 0.793018
vt 0.483641 0.790813
vt 0.530752 0.788752
vt 0.515386 0.760510
vt 0.479893 0.759347
vt 0.533372 0.760245
vt 0.560405 0.759360
vt 0.569508 0.785501
vt 0.612786 0.792544
vt 0.612506 0.803019
vt 0.613830 0.809497
vt 0.592258 0.789797
vt 0.591887 0.760453
vt 0.582365 0.736038
vt 0.610628 0.759953
vt 0.612962 0.773984
vt 0.615967 0.784668
vt 0.596994 0.272520
vt 0.617638 0.276772
vt 0.595187 0.282609
vt 0.616378 0.292944
vt 0.585065 0.291394
vt 0.595586 0.266002
vt 0.606396 0.262939
vt 0.619529 0.262568
vt 0.616654 0.299895
vt 0.591094 0.301279
vt 0.614624 0.332247
vt 0.584110 0.333569
vt 0.612963 0.346752
vt 0.610281 0.356960
vt 0.612600 0.355262
vt 0.615245 0.356542
vt 0.605029 0.389425
vt 0.566893 0.355862
vt 0.594731 0.389097
vt 0.565305 0.388757
vt 0.611007 0.398589
vt 0.546567 0.390161
vt 0.525970 0.396244
vt 0.544685 0.389147
vt 0.566181 0.356554
vt 0.559202 0.346421
vt 0.551816 0.357383
vt 0.536704 0.388846
vt 0.582021 0.405825
vt 0.602822 0.415058
vt 0.588799 0.425607
vt 0.556555 0.417562
vt 0.501784 0.408327
vt 0.613281 0.402588
vt 0.614494 0.388561
vt 0.614356 0.750685
vt 0.594402 0.735968
vt 0.606893 0.736149
vt 0.613046 0.735513
vt 0.613758 0.705713
vt 0.560387 0.727818
vt 0.527716 0.737520
vt 0.547955 0.736016
vt 0.596624 0.704302
vt 0.545997 0.702592
vt 0.612586 0.703630
vt 0.588684 0.695513
vt 0.578193 0.686641
vt 0.573901 0.677663
vt 0.611403 0.680184
vt 0.598685 0.649450
vt 0.597661 0.658046
vt 0.534206 0.659131
vt 0.542947 0.664083
vt 0.595079 0.668165
vt 0.536864 0.735968
vt 0.545946 0.704093
vt 0.553393 0.440659
vt 0.609198 0.448203
vt 0.557000 0.448764
vt 0.606101 0.459512
vt 0.595738 0.470534
vt 0.572732 0.461231
vt 0.565110 0.468279
vt 0.560500 0.478596
vt 0.531485 0.433122
vt 0.611217 0.438135
vt 0.593781 0.484627
vt 0.606879 0.489224
vt 0.573975 0.493281
vt 0.607483 0.504354
vt 0.561832 0.505046
vt 0.506260 0.503170
vt 0.486566 0.492730
vt 0.497696 0.473507
vt 0.489799 0.479064
vt 0.494988 0.500647
vt 0.492135 0.530357
vt 0.539064 0.534910
vt 0.559073 0.534636
vt 0.570589 0.536378
vt 0.610587 0.535979
vt 0.598984 0.641684
vt 0.516776 0.644226
vt 0.519092 0.651227
vt 0.586103 0.629723
vt 0.538225 0.633869
vt 0.537735 0.622761
vt 0.520049 0.612895
vt 0.587844 0.620768
vt 0.497932 0.677152
vt 0.494688 0.684469
vt 0.500992 0.694132
vt 0.543550 0.703160
vt 0.526527 0.736047
vt 0.486672 0.703413
vt 0.513870 0.736661
vt 0.484243 0.722654
vt 0.496251 0.737212
vt 0.480010 0.741463
vt 0.480727 0.736725
vt 0.498965 0.735799
vt 0.480228 0.705932
vt 0.609471 0.541768
vt 0.608149 0.558677
vt 0.556053 0.557429
vt 0.607016 0.575837
vt 0.560112 0.557974
vt 0.606689 0.584961
vt 0.595879 0.591730
vt 0.575316 0.591821
vt 0.549907 0.591260
vt 0.521658 0.559512
vt 0.604965 0.602602
vt 0.596106 0.613595
vt 0.502935 0.600738
vt 0.518045 0.590980
vt 0.607907 0.626052
vt 0.538092 0.333068
vt 0.525373 0.354981
vt 0.523746 0.355511
vt 0.542518 0.310994
vt 0.496227 0.286865
vt 0.521765 0.280689
vt 0.537511 0.293685
vt 0.496849 0.298273
vt 0.564424 0.299334
vt 0.500415 0.355405
vt 0.504951 0.355401
vt 0.498687 0.388766
vt 0.516108 0.385591
vt 0.494506 0.354954
vt 0.484825 0.388943
vt 0.482422 0.375488
vt 0.500491 0.389692
vt 0.488351 0.434444
vt 0.485468 0.443204
vt 0.485352 0.453857
vt 0.518110 0.547790
vt 0.485728 0.547753
vt 0.140024 0.027163
vt 0.145601 0.078597
vt 0.138833 0.049242
vt 0.166415 0.017493
vt 0.168945 0.016783
vt 0.170870 0.041068
vt 0.171143 0.017552
vt 0.175579 0.026929
vt 0.182741 0.015781
vt 0.181152 0.027900
vt 0.209224 0.021111
vt 0.211426 0.008789
vt 0.214820 0.013056
vt 0.235237 0.022626
vt 0.226318 0.011963
vt 0.235250 0.030087
vt 0.239300 0.082735
vt 0.247769 0.020076
vt 0.251936 0.019435
vt 0.253726 0.037530
vt 0.235959 0.081147
vt 0.241370 0.032206
vt 0.258887 0.024860
vt 0.253076 0.072732
vt 0.260117 0.064956
vt 0.263976 0.024292
vt 0.232480 0.053688
vt 0.215805 0.032823
vt 0.155119 0.049744
vt 0.157594 0.021153
vt 0.160464 0.064363
vt 0.151051 0.052379
vt 0.150181 0.019559
vt 0.167034 0.045720
vt 0.162656 0.026459
vt 0.163984 0.061492
vt 0.178671 0.096870
vt 0.171067 0.097905
vt 0.189940 0.129257
vt 0.184021 0.087602
vt 0.194827 0.109773
vt 0.166425 0.100360
vt 0.172323 0.120587
vt 0.162902 0.104214
vt 0.183564 0.130782
vt 0.187151 0.134047
vt 0.199776 0.146723
vt 0.201468 0.136507
vt 0.204260 0.146754
vt 0.207915 0.114436
vt 0.208954 0.146794
vt 0.213195 0.146988
vt 0.215300 0.096160
vt 0.212397 0.096680
vt 0.226714 0.148493
vt 0.223466 0.147746
vt 0.225688 0.132702
vt 0.239014 0.129883
vt 0.235151 0.131195
vt 0.248191 0.105583
vt 0.235739 0.101679
vt 0.231387 0.128592
vt 0.240962 0.105822
vt 0.273650 0.028871
vt 0.279174 0.029553
vt 0.269777 0.078470
vt 0.262578 0.077376
vt 0.199926 0.011291
vt 0.202078 0.035146
vt 0.200636 0.049265
vt 0.214746 0.044440
vt 0.180884 0.052608
vt 0.185649 0.080978
vt 0.183651 0.071998
vt 0.200336 0.077918
vt 0.181425 0.055293
vt 0.181467 0.045866
vt 0.621338 0.269775
vt 0.577271 0.267578
vt 0.520420 0.273670
vt 0.553927 0.269481
vt 0.491000 0.331106
vt 0.535631 0.390137
vt 0.495547 0.417331
vt 0.201839 0.067005
vt 0.208516 0.056432
vt 0.215294 0.052333
vt 0.230592 0.078476
vt 0.221403 0.101029
vt 0.234769 0.078415
vt 0.218594 0.094398
vt 0.215417 0.094326
vt 0.214708 0.090996
vt 0.209052 0.096550
vt 0.212161 0.089305
vt 0.214335 0.072821
vt 0.207891 0.090407
vt 0.203578 0.089593
vt 0.197085 0.093794
vt 0.197997 0.104275
vt 0.200044 0.095774
vt 0.270329 0.022613
vt 0.148946 0.073905
vt 0.142129 0.079275
vt 0.152821 0.102026
vt 0.160142 0.106745
vt 0.484014 0.556641
vt 0.491146 0.561753
vt 0.485555 0.591160
vt 0.483271 0.605225
vt 0.485824 0.647217
vt 0.479219 0.702184
vt 0.491071 0.423504
vt 0.483398 0.349121
vt 0.154144 0.110228
vt 0.147851 0.100099
vt 0.416921 0.049840
vt 0.411874 0.042350
vt 0.407331 0.017880
vt 0.381539 0.006995
vt 0.388597 0.052853
vt 0.377025 0.007974
vt 0.375304 0.044257
vt 0.367947 0.012838
vt 0.367853 0.045461
vt 0.362247 0.013855
vt 0.389093 0.007542
vt 0.397695 0.060413
vt 0.410758 0.065061
vt 0.395482 0.011428
vt 0.384596 0.062655
vt 0.382402 0.065934
vt 0.373543 0.061011
vt 0.360815 0.061571
vt 0.357622 0.012631
vt 0.370719 0.060249
vt 0.364237 0.063096
vt 0.363113 0.071057
vt 0.357179 0.062972
vt 0.356843 0.066103
vt 0.364251 0.081760
vt 0.351359 0.070970
vt 0.353710 0.088192
vt 0.355209 0.064225
vt 0.344564 0.082047
vt 0.346360 0.051761
vt 0.346469 0.084017
vt 0.385466 0.085227
vt 0.374973 0.079335
vt 0.371539 0.079162
vt 0.371399 0.093979
vt 0.372590 0.065435
vt 0.365812 0.080611
vt 0.390566 0.071323
vt 0.859169 0.044920
vt 0.847247 0.051514
vt 0.854760 0.043440
vt 0.859471 0.038760
vt 0.840081 0.042300
vt 0.843994 0.055014
vt 0.866133 0.057697
vt 0.842051 0.059354
vt 0.861559 0.054369
vt 0.876325 0.048618
vt 0.880670 0.051908
vt 0.867160 0.054937
vt 0.865986 0.063642
vt 0.882812 0.067871
vt 0.875643 0.072078
vt 0.867999 0.069885
vt 0.866176 0.067574
vt 0.865991 0.069311
vt 0.846698 0.075657
vt 0.847806 0.071648
vt 0.856197 0.083179
vt 0.871132 0.075269
vt 0.854858 0.082782
vt 0.858334 0.085250
vt 0.855742 0.088988
vt 0.835871 0.079662
vt 0.853856 0.097431
vt 0.844109 0.074540
vt 0.841778 0.070988
vt 0.841692 0.064362
vt 0.819408 0.052577
vt 0.780659 0.040991
vt 0.773131 0.043472
vt 0.754508 0.038705
vt 0.753507 0.042659
vt 0.746143 0.040185
vt 0.746760 0.037304
vt 0.747090 0.041201
vt 0.754487 0.047861
vt 0.772194 0.052497
vt 0.817276 0.065491
vt 0.771884 0.060269
vt 0.771706 0.066716
vt 0.769797 0.075620
vt 0.765975 0.070448
vt 0.761789 0.060860
vt 0.759401 0.056512
vt 0.851721 0.108337
vt 0.846316 0.114805
vt 0.810274 0.102732
vt 0.778011 0.104569
vt 0.770443 0.083959
vt 0.847912 0.101146
vt 0.803745 0.093582
vt 0.318090 0.077568
vt 0.320524 0.043127
vt 0.327278 0.035807
vt 0.335668 0.071405
vt 0.328973 0.074284
vt 0.332447 0.015605
vt 0.336657 0.013545
vt 0.319163 0.007632
vt 0.344211 0.011939
vt 0.351090 0.013172
vt 0.341240 0.081396
vt 0.321836 0.079114
vt 0.313426 0.079276
vt 0.317033 0.047578
vt 0.102352 0.039173
vt 0.092914 0.043949
vt 0.103405 0.038477
vt 0.085562 0.043885
vt 0.081451 0.039285
vt 0.078435 0.048826
vt 0.080392 0.061065
vt 0.092519 0.066966
vt 0.086029 0.069567
vt 0.089376 0.044693
vt 0.094364 0.063002
vt 0.090492 0.045410
vt 0.097382 0.048927
vt 0.097250 0.067796
vt 0.102069 0.046067
vt 0.103753 0.065136
vt 0.112133 0.058516
vt 0.109602 0.061210
vt 0.105390 0.044164
vt 0.114201 0.054143
vt 0.118334 0.059221
vt 0.126414 0.067778
vt 0.145128 0.113013
vt 0.124266 0.045587
vt 0.119086 0.041593
vt 0.073481 0.065213
vt 0.090224 0.086648
vt 0.099861 0.085068
vt 0.067224 0.073632
vt 0.106856 0.131593
vt 0.071546 0.082151
vt 0.084000 0.086144
vt 0.115918 0.138809
vt 0.145979 0.123374
vt 0.140849 0.124495
vt 0.136450 0.126451
vt 0.147969 0.140916
vt 0.217521 0.147608
vt 0.274615 0.080083
vt 0.258972 0.113335
vt 0.271620 0.099993
vt 0.265535 0.114538
vt 0.251850 0.121530
vt 0.242678 0.126304
vt 0.202179 0.095101
vt 0.206817 0.094225
vt 0.203139 0.096936
vt 0.194097 0.147595
vt 0.299037 0.076531
vt 0.299072 0.049832
vt 0.301731 0.041645
vt 0.308683 0.075312
vt 0.302965 0.071021
vt 0.307568 0.005096
vt 0.305239 0.021340
vt 0.314499 0.006084
vt 0.609651 0.045066
vt 0.587393 0.061053
vt 0.606140 0.039661
vt 0.587919 0.063464
vt 0.613456 0.051957
vt 0.585444 0.070117
vt 0.589540 0.073965
vt 0.611930 0.060918
vt 0.590315 0.049641
vt 0.592605 0.043454
vt 0.130850 0.130638
vt 0.123107 0.135775
vt 0.286512 0.925563
vt 0.294398 0.924030
vt 0.282830 0.956584
vt 0.278030 0.956387
vt 0.271973 0.955071
vt 0.272783 0.945311
vt 0.260797 0.951660
vt 0.270203 0.932517
vt 0.265250 0.953622
vt 0.782845 0.115911
vt 0.780877 0.110694
vt 0.798931 0.109839
vt 0.774847 0.094687
vt 0.607176 0.027481
vt 0.615890 0.041732
vt 0.610329 0.033034
vt 0.598950 0.028519
vt 0.597895 0.024387
vt 0.604379 0.023718
vt 0.599293 0.016817
vt 0.605895 0.013835
vt 0.594971 0.009700
vt 0.591399 0.004370
vt 0.593011 0.001010
vt 0.602731 0.011427
vt 0.627181 0.032672
vt 0.629744 0.037010
vt 0.631981 0.040795
vt 0.620897 0.051537
vt 0.616976 0.057565
vt 0.626496 0.055773
vt 0.637005 0.051632
vt 0.633811 0.045528
vt 0.643919 0.052680
vt 0.641144 0.046802
vt 0.642720 0.049974
vt 0.650118 0.040384
vt 0.645683 0.040005
vt 0.638325 0.041107
vt 0.636282 0.037014
vt 0.633717 0.032033
vt 0.619115 0.023179
vt 0.630501 0.026019
vt 0.612616 0.018444
vt 0.255041 0.963605
vt 0.255539 0.949880
vt 0.264278 0.967796
vt 0.275310 0.969927
vt 0.272521 0.976487
vt 0.266048 0.975423
vt 0.260748 0.973439
vt 0.270297 0.982597
vt 0.281197 0.978091
vt 0.275391 0.988525
vt 0.279564 0.990978
vt 0.285108 0.991585
vt 0.280635 0.970341
vt 0.286285 0.973012
vt 0.286729 0.958246
vt 0.103701 0.636314
vt 0.102590 0.644280
vt 0.094244 0.642507
vt 0.095746 0.632788
vt 0.103884 0.631967
vt 0.108634 0.640987
vt 0.117350 0.637157
vt 0.116170 0.645024
vt 0.093944 0.647764
vt 0.101379 0.650452
vt 0.115679 0.652260
vt 0.100178 0.655864
vt 0.113846 0.658361
vt 0.099103 0.661220
vt 0.111070 0.668163
vt 0.109746 0.673982
vt 0.097462 0.667754
vt 0.095267 0.664394
vt 0.105503 0.676020
vt 0.096591 0.674115
vt 0.107526 0.682081
vt 0.101812 0.697129
vt 0.103539 0.692961
vt 0.111608 0.690192
vt 0.144549 0.710161
vt 0.110564 0.703483
vt 0.109108 0.696862
vt 0.155590 0.705648
vt 0.137473 0.697638
vt 0.174520 0.698614
vt 0.112977 0.686101
vt 0.114335 0.682401
vt 0.105723 0.687329
vt 0.115517 0.678284
vt 0.116943 0.673234
vt 0.119428 0.664308
vt 0.120696 0.658731
vt 0.104132 0.626992
vt 0.093009 0.626054
vt 0.104142 0.619915
vt 0.096025 0.618408
vt 0.103836 0.614725
vt 0.118206 0.620320
vt 0.115459 0.598359
vt 0.103174 0.608542
vt 0.102315 0.601816
vt 0.094548 0.599456
vt 0.100449 0.595232
vt 0.234712 0.942794
vt 0.227731 0.943630
vt 0.231678 0.941260
vt 0.220577 0.939672
vt 0.221671 0.937504
vt 0.226221 0.939396
vt 0.091587 0.595712
vt 0.100320 0.591824
vt 0.092730 0.582416
vt 0.097208 0.581879
vt 0.098803 0.588884
vt 0.111322 0.581849
vt 0.091663 0.576749
vt 0.095232 0.574933
vt 0.091878 0.572130
vt 0.093455 0.568816
vt 0.103242 0.558508
vt 0.092954 0.561428
vt 0.093361 0.557219
vt 0.101026 0.550844
vt 0.106960 0.565006
vt 0.109668 0.573361
vt 0.114548 0.567083
vt 0.116335 0.572116
vt 0.117651 0.577427
vt 0.117005 0.605030
vt 0.122590 0.601285
vt 0.121350 0.594005
vt 0.113891 0.590527
vt 0.119962 0.587210
vt 0.119020 0.582231
vt 0.140804 0.577756
vt 0.138647 0.584843
vt 0.136296 0.591639
vt 0.180640 0.591804
vt 0.160557 0.602501
vt 0.183549 0.598806
vt 0.134260 0.138870
vt 0.141643 0.137064
vt 0.118186 0.628810
vt 0.118066 0.612032
vt 0.123522 0.612213
vt 0.124095 0.628508
vt 0.124288 0.620063
vt 0.158586 0.611737
vt 0.147885 0.607994
vt 0.123647 0.606812
vt 0.244180 0.955171
vt 0.244520 0.945891
vt 0.250125 0.947683
vt 0.250497 0.959363
vt 0.986404 0.176941
vt 0.985394 0.165445
vt 0.990868 0.169220
vt 0.985364 0.158906
vt 0.993609 0.163305
vt 0.992697 0.157994
vt 0.991201 0.157352
vt 0.991141 0.136207
vt 0.989851 0.129728
vt 0.997978 0.134375
vt 0.993832 0.125083
vt 0.999756 0.123047
vt 0.045166 0.328857
vt 0.043695 0.339238
vt 0.039950 0.325141
vt 0.032789 0.327735
vt 0.037065 0.342834
vt 0.040044 0.352993
vt 0.048093 0.352116
vt 0.052799 0.344030
vt 0.044213 0.361541
vt 0.031056 0.316878
vt 0.032160 0.324416
vt 0.034711 0.334575
vt 0.039315 0.279511
vt 0.050775 0.268364
vt 0.046376 0.280840
vt 0.041178 0.288448
vt 0.034113 0.289380
vt 0.022533 0.281701
vt 0.035772 0.222683
vt 0.038502 0.230033
vt 0.032040 0.234054
vt 0.029563 0.224221
vt 0.098274 0.544880
vt 0.107283 0.547111
vt 0.109042 0.551270
vt 0.110432 0.554318
vt 0.112179 0.559230
vt 0.113276 0.562715
vt 0.136079 0.564098
vt 0.135139 0.569563
vt 0.133834 0.549508
vt 0.182284 0.561029
vt 0.182478 0.564459
vt 0.174884 0.555754
vt 0.175633 0.547532
vt 0.179590 0.541334
vt 0.176276 0.536483
vt 0.129031 0.546431
vt 0.171147 0.532121
vt 0.151090 0.531373
vt 0.134652 0.531307
vt 0.173293 0.522503
vt 0.188424 0.555667
vt 0.187089 0.549500
vt 0.139506 0.572554
vt 0.192720 0.566143
vt 0.169900 0.575201
vt 0.193579 0.573049
vt 0.171027 0.579514
vt 0.195715 0.580144
vt 0.169962 0.586617
vt 0.186442 0.587210
vt 0.179831 0.608992
vt 0.179214 0.617576
vt 0.172522 0.623246
vt 0.138460 0.626387
vt 0.179367 0.612358
vt 0.179836 0.621526
vt 0.181868 0.602251
vt 0.180719 0.605057
vt 0.189654 0.610556
vt 0.189720 0.613715
vt 0.195042 0.616669
vt 0.195622 0.619255
vt 0.195654 0.605293
vt 0.193996 0.607530
vt 0.195925 0.609853
vt 0.185094 0.595874
vt 0.187063 0.593527
vt 0.189347 0.589469
vt 0.191339 0.589901
vt 0.193562 0.589068
vt 0.195052 0.585790
vt 0.195721 0.587021
vt 0.199318 0.584325
vt 0.195228 0.595295
vt 0.195407 0.597953
vt 0.195798 0.600943
vt 0.195289 0.602806
vt 0.046851 0.367316
vt 0.052145 0.362190
vt 0.049231 0.372929
vt 0.052494 0.378956
vt 0.022967 0.371187
vt 0.025813 0.363633
vt 0.017226 0.238404
vt 0.026476 0.228339
vt 0.036700 0.239898
vt 0.043600 0.236075
vt 0.054608 0.357405
vt 0.048133 0.304111
vt 0.044908 0.313570
vt 0.035966 0.304901
vt 0.026960 0.300684
vt 0.019711 0.289541
vt 0.012967 0.288607
vt 0.042644 0.246635
vt 0.041915 0.246802
vt 0.044685 0.241185
vt 0.348540 0.990232
vt 0.339565 0.976937
vt 0.348270 0.981117
vt 0.326211 0.994835
vt 0.322686 0.996363
vt 0.311487 0.974107
vt 0.316694 0.991005
vt 0.315632 0.963602
vt 0.333269 0.993167
vt 0.333200 0.981301
vt 0.321548 0.960541
vt 0.301754 0.942804
vt 0.304829 0.934967
vt 0.327780 0.941538
vt 0.386708 0.989860
vt 0.380531 0.995093
vt 0.353693 0.924998
vt 0.335220 0.922148
vt 0.359522 0.979768
vt 0.334926 0.939343
vt 0.368167 0.975255
vt 0.357267 0.917850
vt 0.391640 0.981848
vt 0.372483 0.912527
vt 0.393320 0.979020
vt 0.369696 0.920676
vt 0.394419 0.960129
vt 0.289307 0.974121
vt 0.289170 0.978801
vt 0.105975 0.543714
vt 0.103555 0.536928
vt 0.134623 0.526228
vt 0.105398 0.530475
vt 0.140009 0.521319
vt 0.134275 0.679435
vt 0.118782 0.669451
vt 0.141970 0.664791
vt 0.145156 0.669581
vt 0.144677 0.656132
vt 0.122220 0.653421
vt 0.122319 0.648141
vt 0.122826 0.643836
vt 0.123605 0.635960
vt 0.141518 0.645399
vt 0.154782 0.638978
vt 0.152951 0.632691
vt 0.144928 0.650264
vt 0.185766 0.643532
vt 0.193657 0.658251
vt 0.184463 0.666865
vt 0.161738 0.677952
vt 0.179883 0.692218
vt 0.181529 0.683134
vt 0.182571 0.686879
vt 0.191126 0.671524
vt 0.190517 0.662422
vt 0.194183 0.649605
vt 0.192196 0.643763
vt 0.195303 0.645340
vt 0.197754 0.646885
vt 0.202250 0.656919
vt 0.201174 0.650924
vt 0.200270 0.648126
vt 0.374852 0.999105
vt 0.379911 0.914514
vt 0.406676 0.962140
vt 0.404973 0.954345
vt 0.386517 0.913930
vt 0.391143 0.909278
vt 0.044456 0.253758
vt 0.040519 0.259487
vt 0.032636 0.262653
vt 0.026445 0.262103
vt 0.015896 0.263952
vt 0.948197 0.874553
vt 0.956787 0.866943
vt 0.950452 0.877615
vt 0.950617 0.864245
vt 0.939172 0.877215
vt 0.928366 0.879194
vt 0.936610 0.925580
vt 0.958484 0.883983
vt 0.947150 0.925341
vt 0.965380 0.884084
vt 0.960964 0.871719
vt 0.867307 0.919066
vt 0.878654 0.863227
vt 0.883596 0.862748
vt 0.880243 0.906140
vt 0.889609 0.867531
vt 0.894450 0.872361
vt 0.853271 0.863281
vt 0.840828 0.909598
vt 0.835828 0.907672
vt 0.819315 0.902863
vt 0.825195 0.904789
vt 0.817304 0.903499
vt 0.858119 0.866599
vt 0.844366 0.911900
vt 0.010284 0.347368
vt 0.011167 0.354204
vt 0.901123 0.873535
vt 0.890833 0.907879
vt 0.905066 0.884080
vt 0.908089 0.906424
vt 0.893400 0.935418
vt 0.874546 0.945400
vt 0.871082 0.934005
vt 0.910987 0.951595
vt 0.918529 0.950062
vt 0.926333 0.944216
vt 0.905091 0.947832
vt 0.938001 0.956475
vt 0.946626 0.949478
vt 0.929188 0.947386
vt 0.950946 0.957420
vt 0.957509 0.929052
vt 0.955792 0.957271
vt 0.973306 0.904769
vt 0.965977 0.939534
vt 0.926699 0.878299
vt 0.972459 0.888735
vt 0.173015 0.703608
vt 0.179721 0.708846
vt 0.178500 0.712354
vt 0.164492 0.713372
vt 0.191408 0.677742
vt 0.190023 0.663080
vt 0.199989 0.667439
vt 0.866715 0.883059
vt 0.859660 0.915354
vt 0.860968 0.881065
vt 0.850220 0.916530
vt 0.854324 0.920838
vt 0.858839 0.924856
vt 0.837338 0.923048
vt 0.837772 0.929110
vt 0.861593 0.929678
vt 0.864074 0.934769
vt 0.844459 0.943083
vt 0.840866 0.938172
vt 0.838867 0.937500
vt 0.849064 0.945416
vt 0.867060 0.939280
vt 0.865370 0.948134
vt 0.842773 0.956787
vt 0.184215 0.634431
vt 0.182190 0.630128
vt 0.181296 0.626173
vt 0.182739 0.639076
vt 0.312673 0.927760
vt 0.305141 0.932493
vt 0.305908 0.927979
vt 0.306701 0.924960
vt 0.303501 0.938506
vt 0.357811 0.902424
vt 0.339636 0.911361
vt 0.326416 0.912598
vt 0.305664 0.920166
vt 0.316282 0.921464
vt 0.319443 0.919550
vt 0.826301 0.916940
vt 0.822040 0.912081
vt 0.829857 0.906005
vt 0.816425 0.910631
vt 0.807788 0.911704
vt 0.815187 0.902847
vt 0.811058 0.902738
vt 0.806092 0.901399
vt 0.801711 0.908243
vt 0.804044 0.901699
vt 0.798908 0.900460
vt 0.160087 0.518189
vt 0.186499 0.638104
vt 0.197436 0.620620
vt 0.400335 0.662686
vt 0.395920 0.654625
vt 0.408639 0.651079
vt 0.386959 0.661692
vt 0.391635 0.664156
vt 0.379298 0.663531
vt 0.385504 0.694313
vt 0.382931 0.727624
vt 0.374689 0.728220
vt 0.372405 0.663539
vt 0.371063 0.729228
vt 0.368161 0.663058
vt 0.381187 0.730074
vt 0.366064 0.729450
vt 0.363438 0.662733
vt 0.382118 0.653421
vt 0.370877 0.657795
vt 0.357555 0.658341
vt 0.377802 0.649844
vt 0.360469 0.648224
vt 0.358518 0.662469
vt 0.351490 0.660534
vt 0.346361 0.660907
vt 0.345316 0.731210
vt 0.343690 0.659620
vt 0.351888 0.730135
vt 0.347984 0.646562
vt 0.352149 0.647206
vt 0.395460 0.727032
vt 0.390310 0.726865
vt 0.405822 0.717178
vt 0.405542 0.663806
vt 0.420065 0.661597
vt 0.416802 0.702871
vt 0.411070 0.662220
vt 0.418037 0.650099
vt 0.426547 0.659711
vt 0.429404 0.662414
vt 0.431594 0.648562
vt 0.436090 0.659652
vt 0.432190 0.725407
vt 0.439274 0.692784
vt 0.423448 0.700277
vt 0.425175 0.726476
vt 0.436047 0.727271
vt 0.444307 0.659838
vt 0.451354 0.658461
vt 0.449680 0.725458
vt 0.442585 0.654368
vt 0.443973 0.647761
vt 0.451186 0.655002
vt 0.451105 0.642583
vt 0.459181 0.654354
vt 0.456869 0.657073
vt 0.463900 0.687006
vt 0.458641 0.725690
vt 0.454128 0.727010
vt 0.450993 0.733792
vt 0.442735 0.733702
vt 0.450168 0.761689
vt 0.443767 0.761946
vt 0.435150 0.733879
vt 0.437266 0.762507
vt 0.427950 0.734780
vt 0.421671 0.734274
vt 0.423227 0.763094
vt 0.430233 0.762496
vt 0.418084 0.762270
vt 0.421177 0.782986
vt 0.411170 0.763399
vt 0.432618 0.782241
vt 0.438885 0.781594
vt 0.454273 0.780966
vt 0.444913 0.781050
vt 0.426702 0.782661
vt 0.414131 0.783124
vt 0.404599 0.784039
vt 0.404628 0.763954
vt 0.397462 0.764154
vt 0.389490 0.764773
vt 0.394326 0.784425
vt 0.401148 0.814306
vt 0.392035 0.810641
vt 0.384788 0.783786
vt 0.385822 0.813027
vt 0.379829 0.810704
vt 0.377156 0.784214
vt 0.409099 0.820856
vt 0.450969 0.781753
vt 0.448739 0.814369
vt 0.436644 0.815191
vt 0.430629 0.819089
vt 0.423944 0.817759
vt 0.416678 0.821876
vt 0.401533 0.727404
vt 0.410856 0.726899
vt 0.407044 0.734342
vt 0.398611 0.734256
vt 0.415625 0.733772
vt 0.417619 0.726677
vt 0.389853 0.735108
vt 0.386218 0.747105
vt 0.381236 0.735824
vt 0.920114 0.623486
vt 0.952570 0.616516
vt 0.974602 0.623551
vt 0.929152 0.628697
vt 0.973254 0.627535
vt 0.970978 0.635354
vt 0.909447 0.635787
vt 0.967652 0.642625
vt 0.924083 0.643291
vt 0.920073 0.649694
vt 0.971524 0.648497
vt 0.897454 0.662249
vt 0.971307 0.656092
vt 0.963421 0.664618
vt 0.919280 0.673815
vt 0.973516 0.671998
vt 0.922643 0.679589
vt 0.968346 0.686722
vt 0.970889 0.679114
vt 0.955847 0.699323
vt 0.976074 0.700439
vt 0.971507 0.704880
vt 0.935706 0.712364
vt 0.975596 0.709961
vt 0.965113 0.716356
vt 0.972893 0.725433
vt 0.879560 0.719876
vt 0.863480 0.727716
vt 0.972112 0.729379
vt 0.925241 0.737523
vt 0.976335 0.736154
vt 0.955959 0.743052
vt 0.917270 0.730961
vt 0.850119 0.707991
vt 0.967735 0.692623
vt 0.893389 0.695689
vt 0.905049 0.691134
vt 0.929580 0.653910
vt 0.871523 0.643184
vt 0.871156 0.665905
vt 0.869881 0.672654
vt 0.856797 0.630030
vt 0.963325 0.612833
vt 0.947598 0.608904
vt 0.878718 0.618124
vt 0.854284 0.612792
vt 0.849349 0.607103
vt 0.865762 0.622939
vt 0.909665 0.687798
vt 0.845838 0.700985
vt 0.879143 0.744497
vt 0.924957 0.748996
vt 0.912750 0.770753
vt 0.974001 0.768765
vt 0.910810 0.779495
vt 0.955156 0.762323
vt 0.899264 0.763940
vt 0.911150 0.759696
vt 0.864020 0.789121
vt 0.948494 0.782741
vt 0.975501 0.785402
vt 0.911940 0.792203
vt 0.970297 0.777589
vt 0.977157 0.740578
vt 0.867906 0.680788
vt 0.837940 0.651270
vt 0.825035 0.637699
vt 0.931131 0.604775
vt 0.920987 0.599268
vt 0.840123 0.662161
vt 0.840083 0.656751
vt 0.820868 0.625278
vt 0.972881 0.596228
vt 0.972980 0.590739
vt 0.896162 0.590055
vt 0.966123 0.587875
vt 0.967589 0.584131
vt 0.881602 0.583746
vt 0.962145 0.575072
vt 0.970138 0.571045
vt 0.930824 0.571405
vt 0.899347 0.594736
vt 0.830183 0.696317
vt 0.846432 0.714049
vt 0.826495 0.692007
vt 0.821732 0.687504
vt 0.829179 0.681208
vt 0.827205 0.675808
vt 0.824076 0.669888
vt 0.820118 0.719965
vt 0.815045 0.726674
vt 0.815223 0.732822
vt 0.848721 0.734525
vt 0.816273 0.740668
vt 0.865020 0.749956
vt 0.876014 0.755542
vt 0.839682 0.762399
vt 0.867633 0.767975
vt 0.821150 0.755937
vt 0.836853 0.775845
vt 0.849632 0.782564
vt 0.874063 0.796802
vt 0.823177 0.794781
vt 0.821664 0.788372
vt 0.842120 0.799846
vt 0.817287 0.782687
vt 0.881899 0.802854
vt 0.824662 0.803463
vt 0.825368 0.810305
vt 0.881747 0.808162
vt 0.824445 0.814567
vt 0.818868 0.643669
vt 0.821275 0.629511
vt 0.812294 0.654618
vt 0.812500 0.668213
vt 0.084485 0.819399
vt 0.086085 0.823245
vt 0.075195 0.821777
vt 0.104320 0.792290
vt 0.081324 0.788504
vt 0.109465 0.789114
vt 0.084523 0.784756
vt 0.077391 0.772088
vt 0.103955 0.768108
vt 0.123883 0.772483
vt 0.079234 0.755042
vt 0.105642 0.753965
vt 0.104993 0.758416
vt 0.088856 0.736076
vt 0.086386 0.741805
vt 0.074971 0.737277
vt 0.103846 0.723580
vt 0.133700 0.722656
vt 0.160064 0.723607
vt 0.146897 0.726784
vt 0.187055 0.726711
vt 0.189743 0.730939
vt 0.170191 0.731451
vt 0.140997 0.735668
vt 0.186690 0.735694
vt 0.190983 0.738914
vt 0.179279 0.746195
vt 0.196244 0.747903
vt 0.177440 0.750769
vt 0.196777 0.742676
vt 0.179380 0.742969
vt 0.078002 0.809011
vt 0.125979 0.805288
vt 0.128316 0.809382
vt 0.078879 0.812500
vt 0.089871 0.833196
vt 0.075035 0.831543
vt 0.077360 0.828830
vt 0.075874 0.841664
vt 0.109877 0.841188
vt 0.079959 0.844579
vt 0.154612 0.843707
vt 0.099487 0.847897
vt 0.173991 0.853822
vt 0.080037 0.849974
vt 0.085328 0.837009
vt 0.133915 0.836811
vt 0.175942 0.848273
vt 0.172232 0.862416
vt 0.131043 0.858292
vt 0.192896 0.858081
vt 0.178507 0.877949
vt 0.136298 0.872981
vt 0.192613 0.872630
vt 0.186088 0.887282
vt 0.109665 0.883422
vt 0.184542 0.881830
vt 0.187597 0.892589
vt 0.158698 0.892606
vt 0.188509 0.895843
vt 0.190910 0.899679
vt 0.158671 0.898780
vt 0.204346 0.850098
vt 0.210242 0.828909
vt 0.190546 0.828272
vt 0.199323 0.824110
vt 0.208878 0.814218
vt 0.207745 0.819274
vt 0.177058 0.815605
vt 0.160137 0.818586
vt 0.194926 0.837830
vt 0.176833 0.834348
vt 0.206612 0.834756
vt 0.193338 0.831622
vt 0.197115 0.841390
vt 0.200389 0.845460
vt 0.198393 0.863770
vt 0.183099 0.867306
vt 0.195866 0.877011
vt 0.087099 0.803106
vt 0.079282 0.800198
vt 0.119229 0.800351
vt 0.136372 0.795911
vt 0.080391 0.796838
vt 0.130106 0.784554
vt 0.142681 0.781221
vt 0.079293 0.782620
vt 0.080659 0.775983
vt 0.132745 0.776465
vt 0.150069 0.790345
vt 0.110485 0.763236
vt 0.170552 0.768347
vt 0.133646 0.740412
vt 0.104140 0.745713
vt 0.096977 0.731449
vt 0.087781 0.727539
vt 0.098985 0.749878
vt 0.184499 0.772576
vt 0.198905 0.777493
vt 0.201373 0.784200
vt 0.188707 0.763647
vt 0.181210 0.759275
vt 0.192448 0.754739
vt 0.182604 0.785804
vt 0.160471 0.801637
vt 0.183618 0.796641
vt 0.163965 0.805495
vt 0.128561 0.813907
vt 0.092477 0.816480
vt 0.106349 0.828299
vt 0.160146 0.823215
vt 0.141340 0.830349
vt 0.172646 0.810277
vt 0.205853 0.801352
vt 0.206762 0.807762
vt 0.207243 0.796295
vt 0.198893 0.760205
vt 0.652484 0.984886
vt 0.656923 0.981301
vt 0.680460 0.984198
vt 0.710616 0.985906
vt 0.742853 0.985854
vt 0.744197 0.982338
vt 0.744432 0.966326
vt 0.742456 0.968636
vt 0.723296 0.965242
vt 0.745296 0.943507
vt 0.715694 0.945748
vt 0.702529 0.942780
vt 0.744048 0.940668
vt 0.744204 0.938467
vt 0.700462 0.939873
vt 0.724168 0.936829
vt 0.744855 0.920654
vt 0.744147 0.922119
vt 0.727274 0.921402
vt 0.743342 0.917012
vt 0.744835 0.918661
vt 0.728575 0.917562
vt 0.693319 0.918352
vt 0.734434 0.931157
vt 0.724895 0.933828
vt 0.695836 0.928522
vt 0.734514 0.928181
vt 0.710203 0.924145
vt 0.730221 0.925488
vt 0.689905 0.921624
vt 0.713379 0.913330
vt 0.690856 0.914870
vt 0.694478 0.912522
vt 0.687924 0.900466
vt 0.688467 0.903020
vt 0.649801 0.903374
vt 0.691317 0.906443
vt 0.654260 0.900748
vt 0.630824 0.900575
vt 0.631181 0.904867
vt 0.652475 0.906190
vt 0.631577 0.909020
vt 0.658217 0.909752
vt 0.630371 0.912308
vt 0.645943 0.915345
vt 0.629677 0.916349
vt 0.629107 0.919714
vt 0.651395 0.918046
vt 0.628634 0.925044
vt 0.628712 0.927799
vt 0.627154 0.925750
vt 0.627019 0.929401
vt 0.625488 0.931152
vt 0.628865 0.935376
vt 0.647705 0.926089
vt 0.628889 0.922608
vt 0.646794 0.920739
vt 0.660437 0.923753
vt 0.661048 0.930029
vt 0.681852 0.933405
vt 0.637187 0.944526
vt 0.666008 0.947319
vt 0.655525 0.937656
vt 0.670886 0.950335
vt 0.719675 0.948423
vt 0.733870 0.953615
vt 0.692202 0.954307
vt 0.716517 0.957551
vt 0.744407 0.956170
vt 0.731647 0.962617
vt 0.729365 0.969177
vt 0.745040 0.973189
vt 0.706104 0.972799
vt 0.744633 0.978411
vt 0.703235 0.976374
vt 0.743680 0.975820
vt 0.686407 0.978952
vt 0.680132 0.973985
vt 0.703812 0.969273
vt 0.733926 0.959779
vt 0.652761 0.976843
vt 0.650388 0.973696
vt 0.654472 0.971336
vt 0.652873 0.967940
vt 0.650198 0.964569
vt 0.682598 0.965253
vt 0.654245 0.956991
vt 0.641846 0.955322
vt 0.651658 0.953466
vt 0.637607 0.946942
vt 0.632556 0.940851
vt 0.680926 0.969212
vt 0.687040 0.961954
vt 0.656197 0.960570
vt 0.683667 0.957889
vt 0.856001 0.495411
vt 0.867903 0.499907
vt 0.813591 0.500244
vt 0.815225 0.491743
vt 0.836717 0.490260
vt 0.824520 0.475265
vt 0.813739 0.470362
vt 0.844125 0.468478
vt 0.829701 0.483676
vt 0.812905 0.480228
vt 0.816419 0.523850
vt 0.820838 0.513989
vt 0.885642 0.516516
vt 0.875039 0.510618
vt 0.833729 0.506478
vt 0.893898 0.504293
vt 0.901293 0.481687
vt 0.901600 0.488088
vt 0.879216 0.476423
vt 0.821063 0.463271
vt 0.816026 0.455778
vt 0.909376 0.455453
vt 0.859660 0.449646
vt 0.815283 0.450154
vt 0.908386 0.442764
vt 0.844797 0.406903
vt 0.808123 0.413128
vt 0.806396 0.409668
vt 0.877839 0.420386
vt 0.817168 0.425259
vt 0.810189 0.417700
vt 0.893805 0.415155
vt 0.860902 0.411854
vt 0.830196 0.380493
vt 0.806973 0.375097
vt 0.845005 0.372035
vt 0.874430 0.426357
vt 0.882326 0.432756
vt 0.816686 0.430290
vt 0.816393 0.433277
vt 0.819543 0.529845
vt 0.888054 0.522702
vt 0.818540 0.541591
vt 0.817392 0.534850
vt 0.852769 0.540907
vt 0.878992 0.527888
vt 0.875859 0.533765
vt 0.815770 0.549445
vt 0.867598 0.545456
vt 0.858410 0.552592
vt 0.850721 0.561786
vt 0.818511 0.560414
vt 0.911405 0.556446
vt 0.917071 0.549334
vt 0.948189 0.531643
vt 0.959238 0.537401
vt 0.844553 0.566272
vt 0.968960 0.560941
vt 0.969724 0.556260
vt 0.965753 0.549310
vt 0.967560 0.542808
vt 0.976318 0.533203
vt 0.976074 0.527588
vt 0.964087 0.523049
vt 0.972415 0.517688
vt 0.929233 0.518385
vt 0.971415 0.513319
vt 0.961702 0.506722
vt 0.901541 0.468350
vt 0.925233 0.473330
vt 0.919916 0.461123
vt 0.918937 0.449055
vt 0.845176 0.439802
vt 0.918581 0.436863
vt 0.936872 0.408161
vt 0.943005 0.403719
vt 0.850759 0.401241
vt 0.945285 0.398089
vt 0.928315 0.396478
vt 0.958507 0.418133
vt 0.947922 0.426269
vt 0.970589 0.412054
vt 0.971179 0.391846
vt 0.962905 0.386746
vt 0.966310 0.351464
vt 0.929371 0.353628
vt 0.946288 0.346074
vt 0.944599 0.339586
vt 0.969482 0.340088
vt 0.969480 0.335933
vt 0.937422 0.331640
vt 0.964504 0.358160
vt 0.938410 0.494893
vt 0.967715 0.499624
vt 0.971010 0.486363
vt 0.973043 0.492029
vt 0.969599 0.473460
vt 0.966667 0.478339
vt 0.653437 0.284917
vt 0.660127 0.290432
vt 0.638081 0.297582
vt 0.650394 0.299957
vt 0.652820 0.344886
vt 0.661101 0.335447
vt 0.693291 0.327695
vt 0.696380 0.333865
vt 0.692878 0.321894
vt 0.690076 0.317561
vt 0.712758 0.322681
vt 0.699633 0.344307
vt 0.698374 0.339448
vt 0.714619 0.329511
vt 0.710781 0.316437
vt 0.738843 0.318524
vt 0.736042 0.310935
vt 0.745605 0.317582
vt 0.744798 0.312538
vt 0.734876 0.303973
vt 0.741924 0.300822
vt 0.732805 0.295841
vt 0.708350 0.309266
vt 0.705270 0.299174
vt 0.688312 0.311546
vt 0.686938 0.306021
vt 0.684278 0.301156
vt 0.702101 0.289328
vt 0.684072 0.295912
vt 0.681609 0.288925
vt 0.699105 0.280238
vt 0.730646 0.289566
vt 0.729042 0.282707
vt 0.726006 0.274708
vt 0.695752 0.270030
vt 0.723453 0.265857
vt 0.721203 0.256732
vt 0.734553 0.275589
vt 0.737092 0.280099
vt 0.739952 0.290633
vt 0.771761 0.287964
vt 0.744147 0.306318
vt 0.809517 0.297356
vt 0.748896 0.320897
vt 0.813396 0.299946
vt 0.808290 0.292687
vt 0.788058 0.288828
vt 0.798511 0.270083
vt 0.744533 0.283242
vt 0.791161 0.254234
vt 0.764768 0.259631
vt 0.732894 0.268367
vt 0.791248 0.248662
vt 0.731289 0.262153
vt 0.788593 0.243262
vt 0.729146 0.256201
vt 0.728282 0.264718
vt 0.714008 0.238026
vt 0.717137 0.244205
vt 0.689265 0.246629
vt 0.691734 0.254699
vt 0.719359 0.250825
vt 0.693428 0.261165
vt 0.713870 0.234588
vt 0.686748 0.238716
vt 0.711214 0.226987
vt 0.684218 0.230709
vt 0.718827 0.228499
vt 0.723018 0.237415
vt 0.726269 0.250251
vt 0.725275 0.243831
vt 0.761709 0.225961
vt 0.722220 0.233245
vt 0.788177 0.237309
vt 0.786145 0.231912
vt 0.783063 0.225358
vt 0.795937 0.255427
vt 0.796517 0.243942
vt 0.798959 0.230937
vt 0.785846 0.223032
vt 0.806435 0.253942
vt 0.803023 0.256864
vt 0.794851 0.262221
vt 0.810189 0.271133
vt 0.804031 0.279202
vt 0.800060 0.277578
vt 0.804202 0.285929
vt 0.817178 0.280725
vt 0.819859 0.290795
vt 0.638123 0.256842
vt 0.627930 0.257080
vt 0.640840 0.249704
vt 0.669133 0.250295
vt 0.629621 0.267359
vt 0.646888 0.270415
vt 0.673015 0.260800
vt 0.672492 0.253616
vt 0.639944 0.243255
vt 0.667620 0.238388
vt 0.668872 0.244665
vt 0.674347 0.265880
vt 0.676109 0.272130
vt 0.648983 0.279790
vt 0.678435 0.280620
vt 0.665388 0.231590
vt 0.664455 0.227298
vt 0.666026 0.224934
vt 0.682540 0.224908
vt 0.707883 0.220615
vt 0.715484 0.222046
vt 0.717219 0.220842
vt 0.715576 0.218018
vt 0.746661 0.211377
vt 0.756249 0.204211
vt 0.752771 0.214421
vt 0.782286 0.216898
vt 0.781399 0.212419
vt 0.779724 0.205995
vt 0.792791 0.220050
vt 0.818173 0.228472
vt 0.793607 0.207529
vt 0.783718 0.209344
vt 0.786391 0.200958
vt 0.793945 0.196533
vt 0.789017 0.197626
vt 0.778460 0.200151
vt 0.380372 0.765002
vt 0.373498 0.764912
vt 0.371068 0.784937
vt 0.372951 0.814319
vt 0.362098 0.824559
vt 0.364867 0.784826
vt 0.357684 0.784881
vt 0.353890 0.820355
vt 0.348559 0.818721
vt 0.352866 0.784516
vt 0.345952 0.785041
vt 0.344108 0.782784
vt 0.352172 0.765221
vt 0.358371 0.764847
vt 0.365080 0.765030
vt 0.197190 0.791097
vt 0.189808 0.628835
vt 0.196486 0.623970
vt 0.194193 0.628889
vt 0.193821 0.633368
vt 0.188985 0.641459
vt 0.195077 0.637156
vt 0.522276 0.071488
vt 0.501397 0.073015
vt 0.513359 0.068729
vt 0.470974 0.072643
vt 0.496077 0.067896
vt 0.431172 0.074883
vt 0.446442 0.070728
vt 0.445762 0.063890
vt 0.429443 0.063477
vt 0.429766 0.062175
vt 0.453625 0.060112
vt 0.429406 0.056838
vt 0.448606 0.053950
vt 0.481967 0.054902
vt 0.460021 0.037266
vt 0.440152 0.041626
vt 0.432684 0.039203
vt 0.431559 0.030697
vt 0.436706 0.026486
vt 0.458240 0.029121
vt 0.439742 0.022477
vt 0.437612 0.018606
vt 0.466536 0.021124
vt 0.428544 0.007585
vt 0.450876 0.006908
vt 0.430457 0.010735
vt 0.462595 0.009448
vt 0.440059 0.013120
vt 0.444278 0.003885
vt 0.427834 0.004982
vt 0.428290 0.002656
vt 0.442289 0.001852
vt 0.454629 0.004409
vt 0.456718 0.002920
vt 0.470206 0.011797
vt 0.484130 0.013594
vt 0.441604 0.015764
vt 0.479668 0.016638
vt 0.475721 0.024575
vt 0.437697 0.033992
vt 0.471131 0.034795
vt 0.520141 0.064086
vt 0.529105 0.052744
vt 0.530351 0.047591
vt 0.489517 0.058047
vt 0.524959 0.058403
vt 0.510070 0.061127
vt 0.487270 0.050266
vt 0.532970 0.043943
vt 0.495130 0.047042
vt 0.514402 0.041993
vt 0.526482 0.033817
vt 0.515775 0.037799
vt 0.473484 0.065031
vt 0.444770 0.067880
vt 0.653329 0.305859
vt 0.655069 0.320073
vt 0.659793 0.323625
vt 0.443823 0.727333
vt 0.813325 0.639648
vt 0.811768 0.622314
vt 0.815157 0.611980
vt 0.819525 0.601101
vt 0.818013 0.592284
vt 0.897068 0.576473
vt 0.839292 0.573063
vt 0.200729 0.582151
vt 0.201918 0.578585
vt 0.528729 0.061440
vt 0.527100 0.066831
vt 0.545788 0.033675
vt 0.548640 0.029854
vt 0.547487 0.027456
vt 0.541099 0.040318
vt 0.490006 0.031279
vt 0.546572 0.022932
vt 0.524950 0.025515
vt 0.524372 0.022206
vt 0.545351 0.019451
vt 0.524494 0.018219
vt 0.544894 0.016896
vt 0.544089 0.013524
vt 0.516286 0.014899
vt 0.543536 0.010759
vt 0.520011 0.012078
vt 0.968422 0.466714
vt 0.972214 0.461767
vt 0.972149 0.453026
vt 0.970762 0.440979
vt 0.952686 0.445814
vt 0.969024 0.436026
vt 0.970822 0.430098
vt 0.554155 0.950457
vt 0.514129 0.939551
vt 0.577501 0.941592
vt 0.515001 0.933469
vt 0.514559 0.945805
vt 0.512278 0.937750
vt 0.511316 0.944898
vt 0.505981 0.939417
vt 0.507568 0.944092
vt 0.506465 0.933409
vt 0.479438 0.936635
vt 0.479768 0.930610
vt 0.507153 0.928055
vt 0.480026 0.920625
vt 0.461045 0.932609
vt 0.461926 0.938837
vt 0.460735 0.927492
vt 0.460792 0.921698
vt 0.460834 0.916326
vt 0.479979 0.911416
vt 0.461539 0.906116
vt 0.480102 0.902888
vt 0.420818 0.935745
vt 0.420368 0.925838
vt 0.459463 0.910878
vt 0.419822 0.910813
vt 0.419557 0.903170
vt 0.461195 0.900399
vt 0.435875 0.888828
vt 0.419331 0.884381
vt 0.461619 0.888498
vt 0.462119 0.883495
vt 0.421937 0.879379
vt 0.430701 0.845993
vt 0.441774 0.842751
vt 0.463464 0.848682
vt 0.463141 0.852648
vt 0.464794 0.840853
vt 0.462760 0.857399
vt 0.463248 0.863970
vt 0.433913 0.862743
vt 0.462442 0.871156
vt 0.481924 0.873528
vt 0.462311 0.876741
vt 0.480702 0.879646
vt 0.421683 0.873209
vt 0.461803 0.894590
vt 0.426146 0.895986
vt 0.480262 0.886403
vt 0.480217 0.895026
vt 0.403633 0.629976
vt 0.358398 0.628174
vt 0.375040 0.736942
vt 0.367634 0.736738
vt 0.360046 0.737179
vt 0.360859 0.729543
vt 0.355372 0.728159
vt 0.444092 0.825928
vt 0.021079 0.815411
vt 0.037398 0.785167
vt 0.034815 0.801918
vt 0.004150 0.771484
vt 0.007054 0.772746
vt 0.003345 0.773181
vt 0.460039 0.942474
vt 0.427067 0.943202
vt 0.580172 0.951254
vt 0.579679 0.941215
vt 0.585607 0.945790
vt 0.583030 0.951112
vt 0.611310 0.908558
vt 0.589638 0.939464
vt 0.589165 0.928525
vt 0.598877 0.843994
vt 0.594907 0.851786
vt 0.591816 0.845475
vt 0.584290 0.843251
vt 0.581561 0.842854
vt 0.583512 0.835983
vt 0.580974 0.849884
vt 0.554057 0.833359
vt 0.516421 0.831697
vt 0.516347 0.837780
vt 0.513470 0.834708
vt 0.513281 0.825606
vt 0.508775 0.826890
vt 0.508813 0.833391
vt 0.509012 0.840213
vt 0.484671 0.830612
vt 0.509068 0.848094
vt 0.516216 0.845038
vt 0.550711 0.844444
vt 0.579682 0.856881
vt 0.588967 0.860839
vt 0.610332 0.879189
vt 0.591166 0.872780
vt 0.585407 0.915921
vt 0.585989 0.901773
vt 0.588197 0.887948
vt 0.585932 0.875317
vt 0.579281 0.864784
vt 0.577745 0.873296
vt 0.577652 0.882241
vt 0.578194 0.888764
vt 0.516396 0.853133
vt 0.530879 0.857072
vt 0.544174 0.875172
vt 0.515834 0.868782
vt 0.516792 0.861055
vt 0.517586 0.876134
vt 0.546034 0.886297
vt 0.577444 0.899722
vt 0.576439 0.891041
vt 0.450219 0.635723
vt 0.349983 0.738024
vt 0.341619 0.733240
vt 0.342769 0.739088
vt 0.348471 0.749969
vt 0.345797 0.759812
vt 0.347545 0.766186
vt 0.001809 0.386209
vt 0.004031 0.392564
vt 0.001465 0.398438
vt 0.013901 0.380329
vt 0.009516 0.398697
vt 0.008514 0.383595
vt 0.905359 0.392780
vt 0.922588 0.384967
vt 0.844129 0.390835
vt 0.836764 0.395766
vt 0.809975 0.358991
vt 0.874674 0.355808
vt 0.875649 0.362333
vt 0.891792 0.369497
vt 0.903773 0.348978
vt 0.858529 0.350036
vt 0.842623 0.343227
vt 0.906103 0.376613
vt 0.847198 0.385584
vt 0.513997 0.930005
vt 0.513908 0.923425
vt 0.507294 0.912172
vt 0.507352 0.922015
vt 0.503761 0.903294
vt 0.481839 0.866839
vt 0.482538 0.860625
vt 0.482982 0.839417
vt 0.466119 0.834638
vt 0.467898 0.830147
vt 0.483088 0.832709
vt 0.483112 0.847013
vt 0.509035 0.858287
vt 0.482874 0.853778
vt 0.509442 0.870924
vt 0.508996 0.883499
vt 0.502457 0.887225
vt 0.508148 0.898452
vt 0.508994 0.890424
vt 0.515285 0.896074
vt 0.515519 0.902730
vt 0.515496 0.883363
vt 0.516774 0.888442
vt 0.576692 0.907152
vt 0.577182 0.912557
vt 0.577387 0.929376
vt 0.577645 0.935153
vt 0.515922 0.916902
vt 0.577111 0.922751
vt 0.575921 0.919175
vt 0.649658 0.390649
vt 0.672234 0.398076
vt 0.668373 0.405794
vt 0.746734 0.437456
vt 0.677676 0.415392
vt 0.752834 0.434718
vt 0.671570 0.426746
vt 0.667750 0.417460
vt 0.731681 0.447253
vt 0.668420 0.433592
vt 0.723775 0.453994
vt 0.653424 0.434255
vt 0.740717 0.441605
vt 0.756284 0.445530
vt 0.678132 0.671545
vt 0.651367 0.679321
vt 0.695588 0.656725
vt 0.648504 0.670362
vt 0.645221 0.667450
vt 0.695943 0.647965
vt 0.652763 0.658533
vt 0.637312 0.589825
vt 0.635676 0.583667
vt 0.638504 0.579139
vt 0.630894 0.593763
vt 0.632320 0.586966
vt 0.620809 0.579885
vt 0.619921 0.575940
vt 0.621961 0.571719
vt 0.624850 0.569094
vt 0.641779 0.573494
vt 0.642508 0.574549
vt 0.644217 0.568675
vt 0.629069 0.563641
vt 0.645492 0.565963
vt 0.627769 0.555341
vt 0.647741 0.557551
vt 0.619628 0.558350
vt 0.619141 0.559814
vt 0.619106 0.564798
vt 0.088113 0.861632
vt 0.115437 0.866910
vt 0.073530 0.866611
vt 0.076350 0.858398
vt 0.091669 0.855094
vt 0.103279 0.903738
vt 0.105107 0.899378
vt 0.182004 0.904179
vt 0.104112 0.907866
vt 0.156283 0.910237
vt 0.186208 0.908577
vt 0.185995 0.911235
vt 0.114512 0.880573
vt 0.123939 0.877412
vt 0.644295 0.445073
vt 0.646764 0.438155
vt 0.717533 0.461565
vt 0.640568 0.450189
vt 0.709849 0.473006
vt 0.663856 0.468827
vt 0.763143 0.461121
vt 0.753053 0.465650
vt 0.767300 0.440667
vt 0.761573 0.430712
vt 0.709631 0.407557
vt 0.432669 0.052649
vt 0.438518 0.049934
vt 0.439611 0.044717
vt 0.436492 0.047081
vt 0.972407 0.422852
vt 0.831756 0.264991
vt 0.828895 0.291914
vt 0.810512 0.205785
vt 0.782662 0.906254
vt 0.786996 0.903354
vt 0.794033 0.900215
vt 0.787809 0.907581
vt 0.058457 0.771870
vt 0.050774 0.792826
vt 0.047555 0.785335
vt 0.056764 0.785819
vt 0.045660 0.777446
vt 0.515567 0.910214
vt 0.636477 0.455874
vt 0.648399 0.475894
vt 0.635006 0.465888
vt 0.639279 0.464621
vt 0.642097 0.484288
vt 0.632700 0.470288
vt 0.634222 0.476874
vt 0.630769 0.479871
vt 0.634033 0.483296
vt 0.638336 0.487576
vt 0.627908 0.492191
vt 0.640680 0.491837
vt 0.706633 0.479792
vt 0.703699 0.489656
vt 0.730134 0.478726
vt 0.714379 0.467518
vt 0.774556 0.455653
vt 0.788543 0.453053
vt 0.740074 0.594369
vt 0.792352 0.604079
vt 0.791707 0.613127
vt 0.783563 0.613121
vt 0.771299 0.612467
vt 0.773746 0.624977
vt 0.780143 0.627891
vt 0.762302 0.637801
vt 0.750768 0.635348
vt 0.742400 0.631698
vt 0.695592 0.642330
vt 0.718933 0.660230
vt 0.642530 0.420990
vt 0.809082 0.453369
vt 0.224373 0.886259
vt 0.228170 0.884052
vt 0.228587 0.919855
vt 0.248997 0.878173
vt 0.254921 0.876684
vt 0.258345 0.914565
vt 0.294736 0.892028
vt 0.297558 0.910972
vt 0.289159 0.898215
vt 0.288583 0.867880
vt 0.299745 0.889112
vt 0.316169 0.905790
vt 0.307774 0.895289
vt 0.299928 0.865197
vt 0.318398 0.895839
vt 0.307046 0.861878
vt 0.323776 0.888840
vt 0.330467 0.890340
vt 0.313470 0.860788
vt 0.321807 0.858082
vt 0.337449 0.886096
vt 0.345866 0.891695
vt 0.329606 0.855006
vt 0.336124 0.853318
vt 0.349515 0.879768
vt 0.261309 0.874616
vt 0.252946 0.857475
vt 0.246439 0.859141
vt 0.259663 0.855264
vt 0.282450 0.907252
vt 0.275822 0.910739
vt 0.272401 0.872009
vt 0.267407 0.874807
vt 0.264155 0.854332
vt 0.269718 0.852833
vt 0.257472 0.828977
vt 0.244771 0.832513
vt 0.241369 0.832045
vt 0.242754 0.879454
vt 0.236646 0.862043
vt 0.238237 0.881098
vt 0.229189 0.864625
vt 0.233360 0.882208
vt 0.224518 0.837943
vt 0.230903 0.834561
vt 0.249604 0.828496
vt 0.278217 0.871001
vt 0.278640 0.850311
vt 0.266186 0.823780
vt 0.257518 0.825832
vt 0.259005 0.819383
vt 0.271169 0.815990
vt 0.272952 0.821429
vt 0.247519 0.822081
vt 0.241530 0.790200
vt 0.254539 0.818993
vt 0.242491 0.824043
vt 0.232609 0.784366
vt 0.236919 0.756470
vt 0.248617 0.779068
vt 0.267355 0.814137
vt 0.256238 0.782785
vt 0.260880 0.773402
vt 0.229877 0.757560
vt 0.244033 0.755163
vt 0.241340 0.751391
vt 0.252934 0.752523
vt 0.230812 0.745413
vt 0.244992 0.742117
vt 0.221934 0.759961
vt 0.221651 0.756148
vt 0.220586 0.746542
vt 0.216566 0.760152
vt 0.212242 0.747962
vt 0.212993 0.755654
vt 0.225939 0.724638
vt 0.257306 0.720374
vt 0.295771 0.714644
vt 0.286106 0.728917
vt 0.295913 0.724863
vt 0.305192 0.720650
vt 0.306767 0.733662
vt 0.312276 0.731796
vt 0.327654 0.798285
vt 0.323397 0.799146
vt 0.317753 0.802841
vt 0.299407 0.737373
vt 0.294199 0.738744
vt 0.307716 0.804056
vt 0.298372 0.771986
vt 0.313268 0.802334
vt 0.282162 0.743857
vt 0.294389 0.774289
vt 0.296163 0.807004
vt 0.274889 0.745551
vt 0.290486 0.808153
vt 0.302663 0.806457
vt 0.285864 0.810041
vt 0.290642 0.816592
vt 0.297490 0.814806
vt 0.282043 0.818858
vt 0.287910 0.846579
vt 0.294550 0.845318
vt 0.302569 0.813821
vt 0.308982 0.812378
vt 0.316748 0.809324
vt 0.323602 0.836442
vt 0.310480 0.841082
vt 0.301912 0.843166
vt 0.319157 0.838892
vt 0.329327 0.834549
vt 0.324183 0.807687
vt 0.335090 0.832780
vt 0.341328 0.837807
vt 0.345561 0.849747
vt 0.341657 0.851088
vt 0.820464 0.578082
vt 0.811279 0.582764
vt 0.078449 0.872067
vt 0.076740 0.876400
vt 0.087454 0.891797
vt 0.113499 0.887074
vt 0.122169 0.891605
vt 0.088223 0.895895
vt 0.077843 0.886634
vt 0.075711 0.882121
vt 0.074078 0.900183
vt 0.019123 0.809730
vt 0.037706 0.771482
vt 0.022200 0.799069
vt 0.018843 0.389294
vt 0.013671 0.417866
vt 0.013935 0.436579
vt 0.024633 0.399411
vt 0.045570 0.406297
vt 0.051708 0.402876
vt 0.050213 0.404968
vt 0.027678 0.392820
vt 0.032062 0.410307
vt 0.028809 0.423584
vt 0.008170 0.439171
vt 0.002032 0.437051
vt 0.004360 0.445804
vt 0.007258 0.443089
vt 0.001710 0.450577
vt 0.616619 0.492997
vt 0.617219 0.499363
vt 0.622171 0.503279
vt 0.643516 0.496300
vt 0.623972 0.507018
vt 0.645607 0.502867
vt 0.634313 0.506932
vt 0.647933 0.494359
vt 0.623999 0.512740
vt 0.625412 0.516358
vt 0.815168 0.315451
vt 0.834121 0.309782
vt 0.955546 0.305994
vt 0.955689 0.310682
vt 0.835491 0.318843
vt 0.966051 0.314546
vt 0.830621 0.323927
vt 0.947081 0.322079
vt 0.821629 0.337778
vt 0.847063 0.328838
vt 0.812841 0.351502
vt 0.804892 0.332971
vt 0.805647 0.370361
vt 0.806512 0.365088
vt 0.236911 0.825346
vt 0.231599 0.827025
vt 0.211640 0.761000
vt 0.635150 0.604816
vt 0.643051 0.595948
vt 0.653610 0.607240
vt 0.644009 0.579914
vt 0.647664 0.570960
vt 0.700236 0.571186
vt 0.703667 0.580837
vt 0.705331 0.587223
vt 0.707876 0.595056
vt 0.710222 0.600805
vt 0.721296 0.593883
vt 0.730697 0.587008
vt 0.724662 0.577351
vt 0.730091 0.604224
vt 0.754066 0.604664
vt 0.727008 0.621138
vt 0.715581 0.607728
vt 0.721286 0.614736
vt 0.637061 0.611681
vt 0.654492 0.612831
vt 0.225922 0.829076
vt 0.030292 0.771946
vt 0.020616 0.787529
vt 0.648783 0.652720
vt 0.690584 0.637473
vt 0.653389 0.643123
vt 0.648663 0.624514
vt 0.654606 0.630288
vt 0.659308 0.634707
vt 0.734664 0.626775
vt 0.287255 0.740868
vt 0.274033 0.742322
vt 0.271380 0.733805
vt 0.267039 0.747554
vt 0.279946 0.810604
vt 0.264596 0.767689
vt 0.274410 0.812745
vt 0.258901 0.739649
vt 0.259674 0.748411
vt 0.261658 0.751551
vt 0.933251 0.753839
vt 0.908332 0.813980
vt 0.831256 0.822212
vt 0.937522 0.820902
vt 0.840826 0.828991
vt 0.941654 0.827267
vt 0.963833 0.806404
vt 0.929545 0.799383
vt 0.494327 0.027530
vt 0.491213 0.019918
vt 0.705175 0.910113
vt 0.819942 0.745893
vt 0.817404 0.750617
vt 0.962616 0.363587
vt 0.950731 0.369284
vt 0.969050 0.372909
vt 0.965737 0.377777
vt 0.652153 0.561936
vt 0.626789 0.551339
vt 0.650780 0.539201
vt 0.649864 0.545416
vt 0.637313 0.539451
vt 0.649418 0.550165
vt 0.698782 0.554970
vt 0.650801 0.531375
vt 0.649711 0.536031
vt 0.628713 0.519699
vt 0.648910 0.513622
vt 0.649948 0.518898
vt 0.646876 0.508126
vt 0.648489 0.506136
vt 0.663374 0.514546
vt 0.699697 0.506848
vt 0.697839 0.514207
vt 0.701036 0.498522
vt 0.649984 0.524834
vt 0.696909 0.532327
vt 0.697446 0.524037
vt 0.717017 0.512554
vt 0.721820 0.501029
vt 0.724012 0.495548
vt 0.713672 0.524547
vt 0.712176 0.535930
vt 0.697322 0.540362
vt 0.711780 0.545499
vt 0.698076 0.547119
vt 0.714611 0.552313
vt 0.718141 0.563746
vt 0.700759 0.565962
vt 0.699492 0.560692
vt 0.668416 0.369974
vt 0.697133 0.357583
vt 0.682200 0.368513
vt 0.698547 0.350139
vt 0.660213 0.360882
vt 0.659260 0.353619
vt 0.093429 0.474149
vt 0.095355 0.476437
vt 0.094482 0.479004
vt 0.091163 0.480287
vt 0.092534 0.482404
vt 0.090791 0.485807
vt 0.088082 0.485492
vt 0.089773 0.488279
vt 0.088599 0.490653
vt 0.086563 0.468181
vt 0.055015 0.476997
vt 0.054449 0.472345
vt 0.055471 0.480722
vt 0.087263 0.496431
vt 0.070516 0.492256
vt 0.085160 0.503951
vt 0.086606 0.501512
vt 0.086670 0.505859
vt 0.086821 0.509722
vt 0.068648 0.506933
vt 0.056686 0.500673
vt 0.056815 0.495855
vt 0.056787 0.491860
vt 0.055753 0.486181
vt 0.087753 0.514095
vt 0.055704 0.513443
vt 0.056407 0.507339
vt 0.046559 0.494432
vt 0.047631 0.503700
vt 0.046334 0.511139
vt 0.044545 0.487258
vt 0.042539 0.481789
vt 0.052941 0.467987
vt 0.039691 0.475645
vt 0.034844 0.469352
vt 0.042142 0.464870
vt 0.071241 0.463630
vt 0.051573 0.461984
vt 0.047290 0.453951
vt 0.051104 0.458893
vt 0.093998 0.528800
vt 0.091111 0.531323
vt 0.093018 0.526855
vt 0.090978 0.523857
vt 0.087313 0.524536
vt 0.090993 0.535469
vt 0.075790 0.532730
vt 0.088770 0.537944
vt 0.072249 0.538591
vt 0.052447 0.541011
vt 0.084434 0.545650
vt 0.089845 0.520445
vt 0.091064 0.521973
vt 0.055033 0.525521
vt 0.088739 0.517366
vt 0.050301 0.545549
vt 0.076757 0.550146
vt 0.047977 0.549969
vt 0.073419 0.553247
vt 0.074951 0.556885
vt 0.052556 0.536746
vt 0.053609 0.533004
vt 0.055564 0.519323
vt 0.973148 0.748447
vt 0.976957 0.753188
vt 0.973639 0.756853
vt 0.972381 0.790157
vt 0.974202 0.795789
vt 0.974967 0.826775
vt 0.976703 0.819482
vt 0.972530 0.812358
vt 0.817762 0.771247
vt 0.820252 0.766161
vt 0.819712 0.300439
vt 0.823033 0.297324
vt 0.295509 0.859485
vt 0.622028 0.538655
vt 0.622801 0.543679
vt 0.625481 0.534727
vt 0.626681 0.531074
vt 0.630622 0.547748
vt 0.620117 0.549316
vt 0.041796 0.400752
vt 0.041944 0.410543
vt 0.037193 0.407926
vt 0.088412 0.464666
vt 0.078958 0.449058
vt 0.045420 0.449483
vt 0.036098 0.458582
vt 0.028869 0.463670
vt 0.073487 0.446725
vt 0.086170 0.455776
vt 0.071094 0.444078
vt 0.061279 0.441162
vt 0.061117 0.442518
vt 0.040061 0.446135
vt 0.028539 0.451269
vt 0.036039 0.442804
vt 0.020069 0.457071
vt 0.006797 0.490514
vt 0.043608 0.520009
vt 0.044821 0.553895
vt 0.068629 0.559041
vt 0.073125 0.557850
vt 0.060413 0.562907
vt 0.041987 0.557460
vt 0.037798 0.560699
vt 0.039307 0.565186
vt 0.034310 0.563198
vt 0.035882 0.534605
vt 0.039990 0.528159
vt 0.014325 0.541206
vt 0.025385 0.544034
vt 0.018978 0.548733
vt 0.030519 0.539591
vt 0.092952 0.468999
vt 0.630662 0.527579
vt 0.625815 0.524906
vt 0.072021 0.904785
vt 0.019320 0.431625
vt 0.031613 0.829448
vt 0.040222 0.819601
vt 0.027046 0.827735
vt 0.034449 0.830020
vt 0.032540 0.833602
vt 0.027834 0.842024
vt 0.746551 0.473113
vt 0.723510 0.486406
vt 0.736416 0.483494
vt 0.762200 0.608819
vt 0.025635 0.560791
vt 0.013006 0.550970
vt 0.009766 0.549316
vt 0.019877 0.445651
vt 0.011897 0.452189
s 1
usemtl tripo_mat_f51609ae
f 118/1/1 210/2/2 230/3/3
f 230/3/3 210/2/2 243/4/4
s 0
f 230/3/5 243/4/6 241/5/7
s 1
f 292/6/8 230/3/3 603/7/9
f 603/7/9 230/3/3 241/5/10
f 241/5/10 372/8/11 603/7/9
f 603/7/9 518/9/12 292/6/8
f 251/10/13 230/3/3 292/6/8
f 118/1/1 230/3/3 158/11/14
s 0
f 118/1/15 158/11/16 2248/12/17
s 1
f 230/3/3 251/10/13 158/11/14
f 251/10/13 292/6/8 158/11/14
f 158/11/14 292/6/8 77/13/18
f 77/13/18 518/9/12 256/14/19
f 292/6/8 518/9/12 77/13/18
s 0
f 518/9/20 378/15/21 256/14/22
s 1
f 256/14/19 183/16/23 77/13/18
f 39/17/24 77/13/18 183/16/23
f 158/11/14 77/13/18 31/18/25
f 2248/12/26 2209/19/27 2315/20/28
s 0
f 1/21/29 2209/19/30 2248/12/31
s 1
f 1/21/32 2248/12/33 158/11/14
f 1/21/32 158/11/14 31/18/25
f 31/18/25 77/13/18 39/17/24
f 31/18/25 39/17/24 1/21/32
f 1/21/32 39/17/24 2117/22/34
f 1/21/32 2146/23/35 2209/19/27
f 2146/23/35 1/21/32 2117/22/34
f 2209/19/27 2146/23/35 2273/24/36
f 2146/23/35 2117/22/34 2181/25/37
f 2146/23/35 2181/25/37 2273/24/36
f 2209/19/27 2273/24/36 2315/20/28
f 2339/26/38 2373/27/39 2273/24/36
f 2273/24/36 2373/27/39 2315/20/28
f 2315/20/28 2373/27/39 2369/28/40
s 0
f 2315/20/41 2369/28/42 2248/12/43
s 1
f 2369/28/40 2376/29/44 2248/12/45
s 0
f 2210/30/46 118/1/47 2150/31/47
f 2150/31/48 118/1/48 2248/12/48
f 2337/32/49 2150/31/50 2248/12/51
s 1
f 2337/32/52 2248/12/45 2376/29/44
s 0
f 2376/29/53 2433/33/54 2441/34/55
s 1
f 2376/29/44 2441/34/56 2337/32/52
s 0
f 2479/35/57 2478/36/58 2441/34/59
s 1
f 2433/33/60 2376/29/44 2369/28/40
f 2433/33/60 2369/28/40 2373/27/39
f 118/37/1 212/38/61 210/39/2
f 2135/40/62 64/41/63 118/37/1
s 0
f 118/37/64 2210/42/65 2135/40/66
s 1
f 2109/43/67 2135/40/68 2210/42/69
f 2210/42/69 2212/44/70 2109/43/67
s 0
f 2212/44/71 2210/42/72 2323/45/73
s 1
f 2109/43/67 2212/44/70 2136/46/74
f 2109/43/67 2136/46/74 64/41/75
f 118/37/1 64/41/63 114/47/76
f 212/38/61 118/37/1 114/47/76
f 212/38/61 114/47/76 241/48/77
f 210/39/2 212/38/61 243/49/4
f 243/49/4 212/38/61 241/48/77
s 0
f 372/50/78 241/48/79 114/47/80
f 114/47/81 517/51/82 372/50/83
s 1
f 517/51/84 114/47/85 215/52/86
s 0
f 372/50/87 517/51/88 467/53/89
s 1
f 517/51/90 491/54/91 467/53/92
s 0
f 517/51/93 215/52/94 330/55/95
s 1
f 562/56/96 517/51/90 330/55/97
f 601/57/98 517/51/90 562/56/96
f 491/54/91 517/51/90 601/57/98
f 601/57/98 562/56/96 521/58/99
f 521/58/99 562/56/96 330/55/97
f 330/55/97 400/59/100 521/58/99
f 330/55/97 187/60/101 388/61/102
f 187/60/101 330/55/97 215/52/86
f 215/52/86 114/47/85 30/62/103
s 0
f 30/62/104 114/47/105 64/41/106
f 2304/63/107 2136/46/108 2212/44/109
s 1
f 2213/64/110 2304/63/111 2212/44/112
f 2136/46/74 30/62/113 64/41/75
f 2543/65/114 2391/66/115 2323/45/116
f 2462/67/117 2391/66/115 2543/65/114
f 2213/64/110 2391/66/115 2304/63/111
f 2304/63/118 2174/68/119 2136/46/120
f 2174/68/121 85/69/122 30/62/103
s 0
f 2136/46/123 2174/68/124 30/62/125
s 1
f 85/69/122 187/60/101 215/52/86
f 30/62/103 85/69/122 215/52/86
f 187/60/101 228/70/126 377/71/127
f 187/60/101 377/71/127 373/72/128
f 373/72/128 379/73/129 470/74/130
f 373/72/128 470/74/130 608/75/131
s 0
f 507/76/132 373/72/133 608/75/134
s 1
f 516/77/135 418/78/136 507/76/137
s 0
f 516/77/138 507/76/139 608/75/140
s 1
f 470/74/130 379/73/129 377/71/127
f 377/71/127 379/73/129 373/72/128
f 228/70/126 433/79/141 377/71/127
f 2150/80/142 2323/45/116 2210/42/143
f 2150/80/142 2337/81/52 2441/82/56
f 2150/80/142 2441/82/56 2323/45/116
f 2543/65/114 2441/82/56 2478/83/144
f 2441/82/56 2543/65/114 2323/45/116
f 2213/64/110 2323/45/116 2391/66/115
f 2213/64/110 2212/44/112 2323/45/116
f 2605/84/145 2543/65/114 2633/85/146
f 2749/86/147 2633/85/146 2478/83/144
f 2478/83/144 2633/85/146 2543/65/114
s 0
f 64/41/148 2135/40/149 2109/43/150
f 2433/87/151 2479/88/152 2441/89/151
s 1
f 2433/87/60 2373/90/39 2463/91/153
f 2463/91/153 2373/90/39 2339/92/38
f 2433/87/60 2463/91/153 2479/88/154
f 2294/93/155 2273/94/36 2181/95/37
f 2294/93/156 2344/96/157 2339/92/38
s 0
f 2181/95/158 2183/97/159 2294/93/160
f 2466/98/161 2542/99/162 2344/96/163
f 2542/99/164 2457/100/165 2344/96/166
f 2344/96/167 2457/100/168 2463/91/169
f 2339/92/170 2273/94/171 2294/93/172
s 1
f 2463/91/153 2339/92/38 2344/96/157
f 2552/101/173 2463/91/153 2457/100/174
f 2463/91/153 2558/102/175 2479/88/154
f 2558/102/175 2709/103/176 2780/104/177
f 2558/102/175 2780/104/177 2479/88/154
f 2738/105/178 2709/103/176 2558/102/175
f 2558/102/175 2463/91/153 2526/106/179
f 2746/107/180 2526/106/179 2552/101/173
f 2552/101/173 2526/106/179 2463/91/153
s 0
f 2746/107/181 2552/101/182 2727/108/183
s 1
f 2746/107/180 2611/109/184 2757/110/185
f 2580/111/186 2757/110/185 2611/109/184
f 2757/110/185 2580/111/186 2671/112/187
f 2462/113/188 2671/112/187 2580/111/186
f 2462/113/188 2580/111/186 2600/114/189
f 2757/110/185 2671/112/187 2605/115/190
s 0
f 2757/110/191 2605/115/192 2553/116/193
s 1
f 2526/106/179 2757/110/185 2553/116/194
f 2757/110/185 2526/106/179 2746/107/180
f 2526/106/179 2553/116/194 2788/117/195
f 2553/116/194 2605/115/145 2633/118/146
f 2749/119/147 2553/116/194 2633/118/146
f 2553/116/194 2749/119/147 2788/117/195
f 2649/120/196 2749/119/147 2478/121/144
f 2649/120/196 2788/117/195 2749/119/147
f 2738/105/178 2788/117/195 2649/120/196
f 2478/121/144 2479/88/197 2649/120/196
s 0
f 2649/120/198 2479/88/199 2780/104/200
s 1
f 2649/120/196 2780/104/177 2709/103/176
f 603/7/9 372/8/11 629/122/201
f 629/122/201 543/123/202 603/7/9
f 518/9/203 622/124/204 378/15/205
f 256/14/206 378/15/207 455/125/208
s 0
f 5/126/209 2183/127/210 2181/25/211
s 1
f 81/128/212 5/126/213 39/17/24
s 0
f 2181/25/214 2117/22/215 5/126/216
s 1
f 5/126/213 2117/22/34 39/17/24
f 183/16/23 81/128/212 39/17/24
f 629/129/201 467/53/92 543/130/202
s 0
f 548/131/217 543/130/218 491/54/219
s 1
f 543/130/202 467/53/92 491/54/91
f 548/131/220 491/54/91 601/57/98
f 460/132/221 601/57/98 521/58/99
f 378/133/207 548/131/220 438/134/222
f 378/133/207 438/134/222 455/135/208
s 0
f 256/136/223 455/135/224 183/137/225
s 1
f 577/138/226 455/135/208 432/139/227
f 455/135/208 577/138/226 472/140/228
f 578/141/229 577/138/226 432/139/227
f 472/140/228 577/138/226 578/141/229
f 405/142/230 472/140/228 578/141/229
f 382/143/231 472/140/228 405/142/230
f 578/141/229 460/132/221 619/144/232
f 578/141/229 619/144/232 505/145/233
f 578/141/229 505/145/233 405/142/230
f 405/142/230 505/145/233 471/146/234
f 405/142/230 471/146/234 618/147/235
f 405/142/230 618/147/235 559/148/236
f 618/147/235 471/146/234 423/149/237
f 471/146/234 500/150/238 423/149/237
f 343/151/239 423/149/237 500/150/238
f 343/151/239 500/150/238 409/152/240
f 343/151/239 409/152/240 579/153/241
f 587/154/242 471/146/234 505/145/233
f 505/145/233 415/155/243 388/61/102
f 587/154/242 505/145/233 388/61/102
f 587/154/242 388/61/102 493/156/244
f 493/156/244 388/61/102 439/157/245
f 587/154/242 493/156/244 439/157/245
f 587/154/242 439/157/245 500/150/238
f 471/146/234 587/154/242 500/150/238
f 579/153/241 418/78/136 516/77/135
f 608/75/131 470/74/130 377/71/127
f 608/75/131 377/71/127 450/158/246
f 608/75/131 450/158/246 446/159/247
f 446/159/247 450/158/246 466/160/248
f 608/75/131 446/159/247 516/77/249
s 0
f 516/77/250 446/159/251 544/161/252
s 1
f 466/160/248 381/162/253 446/159/247
f 446/159/247 545/163/254 544/161/255
f 252/164/256 446/159/247 381/162/253
f 545/163/254 446/159/247 252/164/256
f 252/164/256 503/165/257 545/163/254
f 532/166/258 503/165/257 343/151/239
f 537/167/259 532/166/258 343/151/239
f 503/165/257 532/166/258 537/167/259
f 503/165/257 544/161/255 545/163/254
f 503/165/257 537/167/259 579/153/241
f 544/161/255 503/165/257 516/77/135
f 503/165/257 579/153/241 516/77/135
s 0
f 518/9/260 603/7/261 640/168/260
s 1
f 518/9/203 640/168/262 622/124/204
f 640/168/262 603/7/9 543/123/202
f 640/168/262 543/123/202 414/169/263
f 414/169/263 543/123/202 548/170/220
f 548/170/220 378/15/207 414/169/263
s 0
f 414/169/264 378/15/265 622/124/266
s 1
f 640/168/262 414/169/263 622/124/204
f 2709/103/176 2738/105/178 2649/120/196
f 2788/117/195 2738/105/178 2558/102/175
f 2788/117/195 2558/102/175 2526/106/179
f 467/53/92 629/129/201 372/50/11
s 0
f 2605/171/267 2462/172/268 2543/173/269
f 2391/174/270 2462/172/271 2491/175/272
s 1
f 2462/172/188 2605/171/190 2671/176/187
s 0
f 2462/172/273 2600/177/274 2491/175/275
s 1
f 2491/175/276 2600/177/189 2666/178/277
f 2491/175/276 2666/178/277 2537/179/278
f 2491/175/276 2537/179/278 2732/180/279
f 2491/175/276 2732/180/279 2722/181/280
f 2732/180/279 2537/179/278 2676/182/281
f 2722/181/280 2732/180/279 2676/182/281
s 0
f 2537/179/282 2539/183/283 2676/182/284
s 1
f 2676/182/281 2539/183/285 2644/184/286
f 2676/182/281 2644/184/286 2722/181/280
f 2584/185/287 2644/184/288 2505/186/289
s 0
f 2747/187/290 2644/184/291 2560/188/292
s 1
f 2560/188/293 2644/184/286 2539/183/285
f 2747/187/294 2560/188/293 2542/189/295
f 2747/187/294 2542/189/295 2556/190/296
f 2556/190/296 2542/189/295 2505/186/289
f 2747/187/294 2556/190/296 2505/186/289
f 2644/184/288 2747/187/294 2505/186/289
f 2505/186/289 2501/191/297 2584/185/287
s 0
f 2644/184/298 2584/185/299 2722/181/300
s 1
f 2584/185/287 2501/191/297 2762/192/301
f 2669/193/302 2762/192/301 2657/194/303
s 0
f 2657/194/304 2762/192/305 2756/195/306
s 1
f 2756/195/307 2762/192/301 2501/191/297
f 2690/196/308 2657/194/303 2622/197/309
f 2674/198/310 2690/196/308 2622/197/309
f 2674/198/310 2622/197/309 2507/199/311
f 2507/199/311 2622/197/309 2466/200/312
f 2507/199/311 2466/200/312 2443/201/313
f 2674/198/310 2507/199/311 2641/202/314
f 2507/199/311 2443/201/313 2641/202/314
s 0
f 2641/202/315 2443/201/316 2683/203/317
s 1
f 2641/202/314 2684/204/318 2549/205/319
f 2683/203/320 2684/204/318 2641/202/314
s 0
f 2683/203/321 2443/201/322 2635/206/323
s 1
f 2635/206/324 2443/201/325 2533/207/326
f 2443/201/325 2503/208/327 2533/207/326
s 0
f 2503/208/328 2443/201/329 2346/209/330
f 2346/209/331 2443/201/332 2466/200/333
f 2346/209/334 2598/210/335 2503/208/336
f 2598/210/337 2346/209/338 2348/211/339
s 1
f 2348/211/340 2643/212/341 2598/210/342
f 2348/211/340 2723/213/343 2561/214/344
f 2723/213/343 2348/211/340 2528/215/345
f 2646/216/346 2723/213/343 2528/215/345
f 2660/217/347 2658/218/348 2646/216/346
s 0
f 2646/216/349 2658/218/350 2540/219/351
s 1
f 2658/218/348 2660/217/347 2609/220/352
f 2609/220/352 2660/217/347 2667/221/353
f 2667/221/353 2778/222/354 2609/220/352
f 2778/222/354 2667/221/353 2744/223/355
f 2778/222/354 2744/223/355 2579/224/356
f 2609/220/352 2778/222/354 2579/224/356
f 2305/225/357 2744/223/355 2535/226/358
s 0
f 2579/224/359 2744/223/360 2305/225/361
s 1
f 2305/225/362 2735/227/363 2579/224/356
f 2579/224/356 2735/227/363 2760/228/364
f 2609/220/352 2579/224/356 2760/228/364
f 2658/218/348 2609/220/352 2652/229/365
f 2646/216/346 2540/219/366 2723/213/343
f 2561/214/344 2723/213/343 2540/219/366
f 2540/219/366 2658/218/348 2714/230/367
f 2714/230/367 2658/218/348 2652/229/365
f 2540/219/366 2714/230/367 2712/231/368
f 2540/219/366 2712/231/368 2561/214/344
f 2712/231/368 2714/230/367 2643/212/341
f 2712/231/368 2643/212/341 2561/214/344
f 2561/214/344 2643/212/341 2348/211/340
f 2635/206/324 2533/207/326 2683/203/320
f 2683/203/320 2533/207/326 2503/208/327
f 2683/203/320 2503/208/327 2559/232/369
f 2683/203/320 2559/232/369 2684/204/318
f 2559/232/369 2503/208/327 2664/233/370
f 2503/208/327 2587/234/371 2664/233/370
f 2598/210/342 2587/234/371 2503/208/327
f 2598/210/342 2604/235/372 2587/234/371
s 0
f 2559/232/373 2664/233/374 2548/236/375
s 1
f 2664/233/370 2587/234/371 2604/235/372
f 2604/235/372 2598/210/342 2643/212/341
f 2575/237/376 2604/235/372 2714/230/367
f 2664/233/370 2604/235/372 2575/237/376
f 2664/233/370 2575/237/376 2569/238/377
f 2548/236/378 2664/233/370 2607/239/379
f 2559/232/369 2548/236/378 2706/240/380
f 2684/204/318 2559/232/369 2706/240/380
f 2684/204/318 2777/241/381 2549/205/319
f 2777/241/381 2684/204/318 2706/240/380
s 0
f 2777/241/382 2706/240/383 2461/242/384
s 1
f 2461/242/385 2549/205/319 2777/241/381
f 2706/240/380 2548/236/378 2607/239/379
f 2706/240/380 2607/239/379 2461/242/386
f 2607/239/379 2591/243/387 2461/242/386
f 2718/244/388 2607/239/379 2664/233/370
s 0
f 2607/239/389 2718/244/390 2591/243/391
s 1
f 2718/244/388 2664/233/370 2569/238/377
f 2718/244/388 2569/238/377 2591/243/392
f 2569/238/377 2575/237/376 2652/229/365
s 0
f 2569/238/393 2652/229/394 2758/245/395
s 1
f 2569/238/377 2758/245/396 2735/227/363
f 2569/238/377 2735/227/363 2591/243/392
f 2760/228/364 2735/227/363 2758/245/396
f 2609/220/352 2760/228/364 2652/229/365
f 2760/228/364 2758/245/396 2652/229/365
f 2714/230/367 2652/229/365 2575/237/376
f 2643/212/341 2714/230/367 2604/235/372
f 2552/101/173 2457/100/174 2727/108/397
f 2727/108/397 2457/100/174 2596/246/398
f 2727/108/397 2596/246/398 2746/107/180
f 2746/107/180 2596/246/398 2611/109/184
f 2600/114/189 2580/111/186 2611/109/184
f 2773/247/399 2600/114/189 2611/109/184
f 2600/114/189 2773/247/399 2763/248/400
f 2773/247/399 2611/109/184 2772/249/401
f 2611/109/184 2596/246/398 2772/249/401
f 2772/249/401 2596/246/398 2670/250/402
f 2772/249/401 2670/250/402 2731/251/403
f 2670/250/402 2596/246/398 2457/100/174
f 2772/249/401 2541/252/404 2539/253/285
s 0
f 2773/247/405 2772/249/406 2539/253/407
s 1
f 2666/254/277 2773/247/399 2539/253/408
f 2539/253/408 2537/255/278 2666/254/277
f 2763/248/400 2773/247/399 2666/254/277
f 2600/114/189 2763/248/400 2666/254/277
f 526/256/409 548/131/220 601/57/98
f 526/256/409 601/57/98 460/132/221
f 410/257/410 460/132/221 521/58/99
f 460/132/221 410/257/410 619/144/232
f 410/257/410 521/58/99 400/59/100
f 410/257/410 400/59/100 619/144/232
f 619/144/232 400/59/100 539/258/411
f 539/258/411 400/59/100 415/155/243
f 415/155/243 400/59/100 330/55/97
f 415/155/243 330/55/97 388/61/102
f 505/145/233 619/144/232 415/155/243
f 460/132/221 578/141/229 406/259/412
f 406/259/412 578/141/229 432/139/227
f 526/256/409 460/132/221 406/259/412
f 526/256/409 406/259/412 432/139/227
f 526/256/409 432/139/227 598/260/413
f 526/256/409 598/260/413 548/131/220
f 548/131/220 598/260/413 438/134/222
f 438/134/222 598/260/413 455/135/208
f 455/135/208 598/260/413 432/139/227
f 2457/100/174 2542/99/295 2541/252/404
f 2541/252/404 2542/99/295 2560/261/293
f 2457/100/174 2541/252/404 2670/250/402
f 2731/251/403 2670/250/402 2541/252/404
f 2772/249/401 2731/251/403 2541/252/404
f 2541/252/404 2560/261/293 2539/253/285
f 2344/262/157 2294/263/156 2466/264/414
s 0
f 2159/265/415 2183/266/416 5/267/417
s 1
f 5/268/213 81/269/212 100/270/418
f 100/270/418 81/269/212 192/271/419
f 285/272/420 81/269/212 183/137/23
f 285/272/420 183/137/23 455/135/208
f 382/143/231 285/272/420 455/135/208
f 382/143/231 455/135/208 472/140/228
f 382/143/231 405/142/230 559/148/236
f 285/272/420 382/143/231 423/149/237
f 343/151/239 285/272/420 423/149/237
f 285/272/420 343/151/239 252/164/256
f 343/151/239 503/165/257 252/164/256
s 0
f 537/167/421 343/151/422 579/153/423
s 1
f 2491/175/276 2381/273/424 2391/274/115
f 2391/274/115 2381/273/424 2304/275/111
f 2304/275/111 2381/273/424 2461/242/385
f 2599/276/425 2381/273/424 2491/175/276
f 2491/175/276 2722/181/280 2581/277/426
f 2722/181/280 2584/185/287 2581/277/426
f 2599/276/425 2491/175/276 2581/277/426
f 2581/277/426 2584/185/287 2721/278/427
f 2721/278/427 2584/185/287 2762/192/301
f 2581/277/426 2721/278/427 2599/276/425
f 2721/278/427 2762/192/301 2599/276/425
f 2762/192/301 2669/193/302 2599/276/425
f 2599/276/425 2669/193/302 2574/279/428
f 2574/279/428 2669/193/302 2578/280/429
f 2574/279/428 2578/280/429 2745/281/430
f 2726/282/431 2745/281/430 2578/280/429
f 2431/283/432 2574/279/428 2745/281/430
f 2669/193/302 2657/194/303 2578/280/429
f 2578/280/429 2657/194/303 2726/282/431
f 2726/282/431 2657/194/303 2690/196/308
f 2690/196/308 2674/198/310 2641/202/314
f 2690/196/308 2641/202/314 2726/282/431
f 2726/282/431 2641/202/314 2648/284/433
f 2648/284/433 2641/202/314 2549/205/319
f 2726/282/431 2648/284/433 2745/281/430
f 2431/283/432 2745/281/430 2750/285/434
f 2750/285/434 2745/281/430 2648/284/433
f 2574/279/428 2431/283/432 2599/276/425
f 2750/285/434 2648/284/433 2549/205/319
f 2431/283/432 2750/285/434 2549/205/319
f 2431/283/432 2549/205/319 2461/242/385
f 2431/283/432 2461/242/385 2381/273/424
f 2381/273/424 2599/276/425 2431/283/432
f 2461/242/385 2242/286/435 2304/275/111
s 0
f 2304/275/436 2242/286/437 2174/287/438
s 1
f 2368/288/439 2461/242/386 2591/243/387
s 0
f 2305/225/440 2367/289/441 2253/290/442
s 1
f 2253/290/443 2199/291/444 2305/225/445
s 0
f 2735/227/446 2305/225/447 2368/288/448
f 2591/243/449 2735/227/450 2368/288/451
s 1
f 2461/242/386 2368/288/439 2305/225/452
s 0
f 2461/242/453 2305/225/454 2199/291/455
s 1
f 2242/286/435 2199/291/444 2139/292/456
f 2242/286/435 2139/292/456 2142/293/457
f 93/294/458 2142/293/457 2139/292/456
s 0
f 2142/293/459 2174/287/460 2242/286/461
s 1
f 2242/286/435 2461/242/385 2199/291/444
f 619/144/232 539/258/411 415/155/243
f 439/157/245 388/61/102 395/295/462
f 395/295/462 388/61/102 187/60/101
f 373/72/128 395/295/462 187/60/101
f 373/72/128 507/76/137 418/78/136
f 489/296/463 418/78/136 579/153/241
f 489/296/463 579/153/241 365/297/464
f 579/153/241 409/152/240 365/297/464
f 409/152/240 500/150/238 395/295/462
f 500/150/238 439/157/245 395/295/462
f 409/152/240 395/295/462 365/297/464
f 489/296/463 365/297/464 418/78/136
f 418/78/136 365/297/464 373/72/128
f 373/72/128 365/297/464 395/295/462
f 559/148/236 618/147/235 423/149/237
f 559/148/236 423/149/237 382/143/231
f 285/272/420 252/164/256 81/269/212
s 0
f 81/269/465 252/164/466 192/271/467
s 1
f 2505/186/289 2542/189/295 2501/191/297
s 0
f 2542/189/468 2466/200/469 2501/191/470
s 1
f 2501/191/297 2466/200/312 2622/197/309
f 2622/197/309 2657/194/303 2756/195/307
f 2622/197/309 2756/195/307 2501/191/297
f 2294/298/156 2295/299/471 2466/300/414
f 2346/301/472 2466/300/414 2295/299/471
f 2182/302/473 2183/303/474 2159/304/475
f 2295/299/471 2183/303/474 2182/302/473
f 2295/299/471 2182/302/473 2201/305/476
f 2346/301/472 2295/299/471 2348/306/477
f 2/307/478 2201/305/476 2159/304/475
f 2155/308/479 2201/305/476 2/307/478
f 47/309/480 2108/310/481 75/311/482
f 339/312/483 194/313/484 430/314/485
f 339/312/483 430/314/485 563/315/486
f 430/314/485 194/313/484 328/316/487
f 581/317/488 563/315/486 588/318/489
f 590/319/490 581/317/488 588/318/489
f 590/319/490 588/318/489 465/320/491
f 520/321/492 465/320/491 376/322/493
f 592/323/494 590/319/490 465/320/491
f 592/323/494 465/320/491 520/321/492
f 592/323/494 520/321/492 558/324/495
f 520/321/492 376/322/493 387/325/496
s 0
f 520/321/497 387/325/498 441/326/499
s 1
f 558/324/495 441/326/500 416/327/501
f 416/327/501 441/326/500 387/325/502
f 387/325/496 189/328/503 247/329/504
f 228/330/126 367/331/505 433/332/141
f 367/331/505 228/330/126 189/328/503
f 367/331/505 189/328/503 570/333/506
f 570/333/506 189/328/503 408/334/507
f 408/334/507 189/328/503 396/335/508
f 396/335/508 189/328/503 387/325/496
f 408/334/507 396/335/508 602/336/509
f 602/336/509 422/337/510 408/334/507
f 602/336/509 567/338/511 422/337/510
f 614/339/512 567/338/511 602/336/509
f 396/335/508 614/339/512 602/336/509
f 614/339/512 396/335/508 376/322/493
f 396/335/508 387/325/496 376/322/493
s 0
f 376/322/513 403/340/514 614/339/515
s 1
f 376/322/493 465/320/491 403/340/516
f 403/340/516 465/320/491 328/316/487
f 430/314/485 588/318/489 563/315/486
f 465/320/491 588/318/489 430/314/485
f 465/320/491 430/314/485 328/316/487
f 403/340/516 328/316/487 445/341/517
f 614/339/512 403/340/516 445/341/517
f 614/339/512 445/341/517 612/342/518
f 567/338/511 614/339/512 481/343/519
f 422/337/510 567/338/511 481/343/519
f 408/334/507 422/337/510 570/333/506
f 538/344/520 570/333/506 422/337/510
f 538/344/520 422/337/510 481/343/519
f 481/343/519 614/339/512 384/345/521
f 384/345/521 614/339/512 612/342/518
f 445/341/517 328/316/487 384/345/521
f 445/341/517 384/345/521 612/342/518
f 384/345/521 328/316/487 194/313/484
f 194/313/484 245/346/522 384/345/521
s 0
f 75/311/523 192/347/524 194/313/525
f 194/313/526 192/347/527 245/346/528
f 100/348/529 75/311/530 2159/304/531
f 2159/304/532 75/311/533 2108/310/534
s 1
f 2159/304/475 2108/310/481 2/307/478
f 2182/302/473 2159/304/475 2201/305/476
f 2159/304/535 5/349/213 100/348/418
f 2294/298/156 2183/303/474 2295/299/471
s 0
f 2142/293/536 85/350/537 2174/287/538
f 85/350/539 2142/293/540 93/294/541
s 1
f 189/351/503 228/352/126 93/294/542
f 93/294/542 228/352/126 187/353/101
s 0
f 93/294/543 187/353/544 85/350/545
s 1
f 389/354/546 252/355/256 381/356/253
f 389/354/546 245/346/522 252/355/256
f 245/346/522 389/354/546 332/357/547
f 245/346/522 192/347/548 252/355/256
f 192/347/419 75/311/549 100/348/418
f 377/358/127 433/332/141 600/359/550
f 377/358/127 600/359/550 450/360/246
f 600/359/550 495/361/551 450/360/246
f 466/362/248 450/360/246 483/363/552
f 466/362/248 583/364/553 381/356/253
f 583/364/553 466/362/248 483/363/552
f 381/356/253 583/364/553 389/354/546
f 389/354/546 583/364/553 486/365/554
f 384/345/521 245/346/522 332/357/547
f 506/366/555 538/344/520 481/343/519
f 506/366/555 481/343/519 384/345/521
f 384/345/521 332/357/547 506/366/555
f 355/367/556 332/357/547 389/354/546
f 506/366/555 332/357/547 355/367/556
f 538/344/520 506/366/555 355/367/556
f 538/344/520 355/367/556 420/368/557
s 0
f 538/344/558 420/368/559 527/369/560
s 1
f 527/369/561 420/368/562 367/331/505
f 420/368/562 495/361/551 367/331/505
f 367/331/505 495/361/551 514/370/563
f 495/361/551 600/359/550 514/370/563
f 367/331/505 514/370/563 433/332/141
f 433/332/141 514/370/563 600/359/550
f 450/360/246 495/361/551 483/363/552
f 483/363/552 495/361/551 420/368/562
s 0
f 483/363/564 420/368/565 355/367/566
s 1
f 483/363/552 355/367/556 389/354/546
f 483/363/552 389/354/546 486/365/554
f 486/365/554 583/364/553 483/363/552
s 0
f 538/344/567 527/369/568 570/333/569
s 1
f 570/333/506 527/369/561 367/331/505
f 189/351/503 93/294/542 147/371/570
f 147/371/570 93/294/542 19/372/571
s 0
f 93/294/572 2139/292/573 19/372/574
s 1
f 19/372/571 2199/291/444 2253/290/443
f 19/372/571 2253/290/443 42/373/575
f 19/372/571 42/373/575 147/371/570
f 19/372/571 2139/292/456 2199/291/444
f 558/324/495 520/321/492 441/326/500
f 558/374/495 416/375/501 592/376/494
f 592/376/494 416/375/501 386/377/576
f 592/376/494 386/377/576 590/378/490
s 0
f 416/375/577 387/379/578 310/380/579
s 1
f 590/378/490 386/377/576 393/381/580
s 0
f 519/382/581 386/377/582 310/380/583
s 1
f 386/377/576 416/375/501 310/380/584
f 310/380/585 468/383/586 519/382/587
f 519/382/587 468/383/586 359/384/588
f 359/384/588 468/383/586 413/385/589
f 413/385/589 468/383/586 310/380/585
f 201/386/590 413/385/589 247/387/504
s 0
f 326/388/591 201/386/592 202/389/593
f 326/388/594 202/389/595 287/390/596
s 1
f 326/388/597 287/390/598 331/391/599
f 201/386/590 326/388/597 542/392/600
f 201/386/590 542/392/600 413/385/589
f 542/392/600 326/388/597 398/393/601
f 542/392/600 566/394/602 413/385/589
f 542/392/600 398/393/601 404/395/603
f 542/392/600 404/395/603 566/394/602
f 404/395/603 398/393/601 326/388/597
f 326/388/597 331/391/599 573/396/604
f 326/388/597 573/396/604 510/397/605
f 326/388/597 510/397/605 404/395/603
f 573/396/604 331/391/599 510/397/605
f 437/398/606 510/397/605 331/391/599
f 427/399/607 437/398/606 331/391/599
f 427/399/607 331/391/599 287/390/598
f 287/390/598 202/389/608 380/400/609
f 380/400/609 202/389/608 341/401/610
f 287/390/598 380/400/609 546/402/611
f 287/390/598 546/402/611 427/399/607
f 427/399/607 546/402/611 613/403/612
f 546/402/611 380/400/609 613/403/612
f 380/400/609 341/401/610 443/404/613
f 380/400/609 443/404/613 613/403/612
s 0
f 613/403/614 437/398/615 427/399/616
s 1
f 452/405/617 510/397/605 576/406/618
f 510/397/605 452/405/617 404/395/603
s 0
f 510/397/619 437/398/620 576/406/621
s 1
f 576/406/618 429/407/622 452/405/617
f 404/395/603 452/405/617 480/408/623
f 480/408/623 566/394/602 404/395/603
f 566/394/602 359/384/588 413/385/589
f 359/384/588 566/394/602 473/409/624
f 556/410/625 480/408/623 452/405/617
f 556/410/625 452/405/617 429/407/622
f 480/408/623 473/409/624 566/394/602
f 473/409/624 480/408/623 375/411/626
f 362/412/627 473/409/624 375/411/626
f 386/377/576 519/382/587 393/381/580
f 511/413/628 519/382/587 359/384/588
s 0
f 511/413/629 359/384/630 473/409/631
s 1
f 473/409/624 412/414/632 511/413/628
f 473/409/624 362/412/627 412/414/632
f 393/381/580 511/413/628 485/415/633
f 519/382/587 511/413/628 393/381/580
s 0
f 590/378/634 393/381/635 581/416/636
s 1
f 393/381/580 339/417/483 581/416/488
f 393/381/580 485/415/633 339/417/483
f 581/416/488 339/417/483 563/418/486
s 0
f 362/412/637 339/417/638 485/415/639
s 1
f 194/419/484 339/417/483 207/420/640
f 207/420/640 339/417/483 362/412/641
f 195/421/642 194/419/484 207/420/640
f 195/421/642 47/422/480 75/423/482
f 195/421/642 75/423/482 194/419/484
f 2/424/478 2108/425/481 47/422/480
f 2295/426/471 2201/427/476 2348/428/477
s 0
f 2/424/643 47/422/644 21/429/645
s 1
f 21/429/646 47/422/480 73/430/647
f 73/430/647 47/422/480 195/421/642
s 0
f 207/420/648 362/412/649 375/411/650
s 1
f 362/412/627 485/415/633 412/414/632
f 511/413/628 412/414/632 485/415/633
f 310/380/585 387/431/496 247/387/504
f 413/385/589 310/380/585 247/387/504
f 247/432/504 189/433/503 147/434/570
f 247/432/504 147/434/570 160/435/651
s 0
f 201/436/652 247/432/653 160/435/654
s 1
f 160/435/651 147/434/570 90/437/655
f 201/436/656 160/435/657 202/438/608
f 202/438/608 160/435/657 154/439/658
s 0
f 160/435/659 95/440/660 154/439/661
s 1
f 154/439/662 95/440/663 266/441/664
s 0
f 95/440/665 164/442/666 266/441/667
s 1
f 266/441/664 164/442/668 258/443/669
f 258/443/669 569/444/670 266/441/664
f 258/443/669 504/445/671 569/444/670
f 504/445/671 258/443/669 308/446/672
f 308/446/672 492/447/673 504/445/671
f 492/447/673 308/446/672 368/448/674
f 492/447/673 368/448/674 417/449/675
f 368/448/674 308/446/672 346/450/676
f 257/451/677 196/452/678 191/453/679
f 191/453/679 196/452/678 57/454/680
f 295/455/681 346/450/676 308/446/672
f 257/451/677 295/455/681 308/446/672
f 257/451/677 308/446/672 164/442/668
f 164/442/668 308/446/672 258/443/669
f 257/451/677 164/442/668 196/452/678
f 44/456/682 164/442/668 95/440/683
f 164/442/668 44/456/682 57/454/680
f 95/440/683 48/457/684 44/456/682
f 44/456/682 48/457/684 4/458/685
f 44/456/682 4/458/685 26/459/686
f 44/456/682 26/459/686 57/454/680
f 164/442/668 57/454/680 196/452/678
s 0
f 66/460/687 57/454/688 26/459/689
f 26/459/690 4/458/691 2154/461/692
s 1
f 2250/462/693 26/459/694 2154/461/695
f 2250/462/693 2154/461/695 2219/463/696
f 2250/462/693 2219/463/696 2310/464/697
f 2347/465/698 2336/466/699 2494/467/700
f 2347/465/698 2219/463/696 2336/466/699
f 2219/463/696 2154/461/695 2336/466/699
f 2336/466/699 2154/461/695 2302/468/701
f 2302/468/701 2154/461/695 2306/469/702
f 2306/469/702 2154/461/695 2180/470/703
f 2180/470/703 2154/461/695 2124/471/704
f 2124/471/704 2154/461/695 4/458/685
f 2124/471/704 4/458/685 2110/472/705
f 46/473/706 2110/472/705 4/458/685
f 46/473/706 4/458/685 48/457/684
f 90/437/655 48/457/684 95/440/683
f 90/437/655 95/440/683 160/435/651
f 46/473/706 48/457/684 90/437/655
f 42/474/575 90/437/655 147/434/570
f 90/437/655 42/474/575 46/473/706
f 46/473/706 42/474/575 2110/472/705
f 2124/471/704 2110/472/705 42/474/575
f 2124/471/704 42/474/575 2180/470/703
f 2180/470/703 42/474/575 2214/475/707
f 2253/476/443 2214/475/707 42/474/575
f 2465/477/708 2367/478/709 2602/479/710
f 2305/480/357 2602/479/710 2367/478/709
f 2602/479/710 2305/480/357 2613/481/711
f 2613/481/711 2305/480/357 2535/482/358
f 2535/482/358 2744/483/355 2565/484/712
f 2565/484/712 2744/483/355 2667/485/353
f 2535/482/358 2565/484/712 2613/481/711
f 2565/484/712 2667/485/353 2660/486/347
f 2565/484/712 2660/486/347 2566/487/713
f 2566/487/713 2660/486/347 2527/488/714
f 2527/488/714 2660/486/347 2646/489/346
f 2566/487/713 2568/490/715 2565/484/712
f 2527/488/714 2646/489/346 2436/491/716
f 2436/491/716 2646/489/346 2528/492/345
f 2436/491/716 2528/492/345 2348/493/340
f 2436/491/716 2568/490/715 2527/488/714
f 2566/487/713 2527/488/714 2568/490/715
s 0
f 2565/484/717 2568/490/718 2717/494/719
f 2717/494/720 2725/495/721 2565/484/722
s 1
f 2565/484/712 2725/495/723 2613/481/711
f 2613/481/711 2725/495/723 2602/479/710
f 2725/495/723 2717/494/724 2602/479/710
f 2602/479/710 2717/494/724 2555/496/725
f 2576/497/726 2555/496/725 2717/494/724
f 2555/496/725 2576/497/726 2716/498/727
s 0
f 2555/496/728 2716/498/729 2742/499/730
s 1
f 2555/496/725 2742/499/731 2602/479/710
f 2602/479/710 2742/499/731 2639/500/732
f 2639/500/732 2742/499/731 2716/498/727
f 2602/479/710 2639/500/732 2465/477/708
f 2545/501/733 2465/477/708 2639/500/732
f 2550/502/734 2545/501/733 2639/500/732
f 2545/501/733 2495/503/735 2465/477/708
f 2465/477/708 2495/503/735 2350/504/736
f 2434/505/737 2350/504/736 2495/503/735
f 2495/503/735 2545/501/733 2627/506/738
f 2614/507/739 2545/501/733 2590/508/740
f 2545/501/733 2614/507/739 2627/506/738
f 2614/507/739 2590/508/740 2573/509/741
f 2651/510/742 2573/509/741 2590/508/740
f 2698/511/743 2651/510/742 2710/512/744
f 2651/510/742 2562/513/745 2573/509/741
f 2562/513/745 2651/510/742 2698/511/743
f 2710/512/744 2651/510/742 2590/508/740
f 2710/512/744 2590/508/740 2550/502/734
f 2761/514/746 2710/512/744 2550/502/734
f 2550/502/734 2590/508/740 2545/501/733
f 2710/512/744 2761/514/746 2639/500/732
f 2639/500/732 2761/514/746 2550/502/734
f 2639/500/732 2632/515/747 2710/512/744
f 2632/515/747 2639/500/732 2716/498/727
f 2710/512/744 2632/515/747 2698/511/743
f 2620/516/748 2632/515/747 2716/498/727
f 2519/517/749 2576/497/726 2717/494/724
f 2568/490/715 2606/518/750 2717/494/724
f 2717/494/724 2606/518/750 2519/517/749
f 2606/518/750 2464/519/751 2519/517/749
f 2464/519/751 2629/520/752 2720/521/753
f 2464/519/751 2720/521/753 2716/498/727
f 2464/519/751 2716/498/727 2519/517/749
f 2519/517/749 2716/498/727 2576/497/726
f 2716/498/727 2720/521/753 2620/516/748
f 2620/516/748 2698/511/743 2632/515/747
f 2629/520/752 2620/516/748 2720/521/753
f 2620/516/748 2629/520/752 2582/522/754
f 2734/523/755 2582/522/754 2502/524/756
f 2582/522/754 2734/523/755 2698/511/743
f 2582/522/754 2698/511/743 2620/516/748
f 2562/513/745 2554/525/757 2573/509/741
f 2628/526/758 2573/509/741 2554/525/757
f 2573/509/741 2628/526/758 2614/507/739
f 2614/507/739 2628/526/758 2619/527/759
f 2614/507/739 2619/527/759 2495/503/735
f 2614/507/739 2495/503/735 2627/506/738
f 2628/526/758 2554/525/757 2739/528/760
f 2554/525/757 2719/529/761 2739/528/760
s 0
f 2628/526/762 2739/528/763 2619/527/764
s 1
f 2619/527/759 2739/528/760 2567/530/765
f 2739/528/760 2719/529/761 2567/530/765
f 2532/531/766 2719/529/761 2554/525/757
f 2532/531/766 2554/525/757 2562/513/745
f 2532/531/766 2562/513/745 2698/511/743
f 2698/511/743 2734/523/755 2532/531/766
f 2532/531/766 2734/523/755 2502/524/756
f 2436/532/716 2606/533/750 2568/534/715
f 2606/533/750 2436/532/716 2438/535/767
s 0
f 2436/532/768 2348/428/769 2438/535/770
f 2201/427/771 2400/536/772 2348/428/773
s 1
f 2348/428/774 2400/536/775 2438/535/776
f 2400/536/775 2201/427/476 2179/537/777
f 2400/536/775 2502/538/756 2438/535/776
f 2502/538/756 2400/536/775 2532/539/766
f 2532/539/766 2400/536/775 2719/540/761
f 2449/541/778 2719/540/761 2400/536/775
f 2719/540/761 2449/541/778 2567/542/765
f 2308/543/779 2400/536/775 2179/537/777
f 2400/536/775 2308/543/779 2449/541/778
f 2378/544/780 2449/541/778 2163/545/781
f 2449/541/778 2308/543/779 2163/545/781
f 2308/543/779 2179/537/777 2169/546/782
f 40/547/783 2169/546/782 21/429/646
f 21/429/646 2169/546/782 2/424/478
f 2/424/478 2169/546/782 2155/548/479
f 21/429/646 73/430/647 40/547/783
f 73/430/647 195/421/642 70/549/784
f 73/430/647 70/549/784 40/547/783
f 40/547/783 70/549/784 43/550/785
f 40/547/783 43/550/785 3/551/786
s 0
f 2169/546/787 40/547/788 3/551/789
s 1
f 195/421/642 207/420/640 70/549/784
f 70/549/784 207/420/640 181/552/790
s 0
f 181/552/791 364/553/792 272/554/793
s 1
f 364/553/794 181/552/790 207/420/640
f 429/407/795 364/553/794 207/420/640
s 0
f 364/553/796 429/407/797 469/555/798
f 375/411/799 429/407/800 207/420/800
f 429/407/801 375/411/802 556/410/803
s 1
f 556/410/625 375/411/626 480/408/623
f 429/407/622 576/406/618 469/555/804
f 469/555/804 576/406/618 437/398/805
f 364/553/806 469/555/804 436/556/807
f 364/553/806 554/557/808 464/558/809
f 364/553/806 436/556/807 554/557/808
f 613/403/612 554/557/808 436/556/807
f 436/556/807 437/398/805 613/403/612
f 613/403/612 443/404/613 464/558/809
f 464/558/809 443/404/613 402/559/810
f 554/557/808 613/403/612 464/558/809
f 364/553/806 464/558/809 508/560/811
s 0
f 364/553/812 508/560/813 272/554/814
s 1
f 272/554/815 249/561/816 199/562/817
f 272/554/815 199/562/817 181/552/790
f 199/562/817 70/549/784 181/552/790
f 70/549/784 199/562/817 43/550/785
f 272/554/815 440/563/818 249/561/816
s 0
f 272/554/819 482/564/820 440/563/821
s 1
f 249/561/816 440/563/818 275/565/822
f 275/565/822 440/563/818 585/566/823
f 199/562/817 249/561/816 229/567/824
f 199/562/817 229/567/824 120/568/825
f 249/561/816 275/565/822 270/569/826
s 0
f 249/561/827 270/569/828 229/567/829
s 1
f 120/568/825 71/570/830 43/550/785
f 43/550/785 71/570/830 28/571/831
f 199/562/817 120/568/825 43/550/785
f 28/571/831 3/551/786 43/550/785
f 3/551/786 28/571/831 2163/545/781
f 2163/545/781 28/571/831 2198/572/832
f 2163/545/781 2198/572/832 2249/573/833
f 71/570/830 120/568/825 229/567/824
f 71/570/830 229/567/824 127/574/834
f 275/565/822 318/575/835 270/569/826
f 270/569/826 318/575/835 324/576/836
f 318/575/835 585/566/823 494/577/837
f 585/566/823 318/575/835 275/565/822
f 494/577/837 501/578/838 509/579/839
s 0
f 509/579/840 501/578/841 550/580/842
f 550/580/843 515/581/844 509/579/845
s 1
f 492/582/673 550/580/846 504/583/671
f 515/581/847 550/580/846 492/582/673
f 504/583/671 550/580/846 569/584/670
s 0
f 561/585/848 550/580/849 501/578/850
s 1
f 569/584/670 550/580/846 561/585/851
s 0
f 569/584/852 561/585/853 449/586/854
s 1
f 569/584/670 451/587/855 442/588/856
f 569/584/670 449/586/857 451/587/855
f 585/566/823 501/578/838 494/577/837
f 501/578/838 585/566/823 561/585/858
f 449/586/857 428/589/859 451/587/855
f 502/590/860 451/587/855 522/591/861
f 451/587/855 502/590/860 442/588/856
f 502/590/860 341/401/610 390/592/862
f 341/401/610 502/590/860 443/404/613
f 443/404/613 502/590/860 522/591/861
s 0
f 402/559/863 443/404/864 522/591/865
s 1
f 428/589/859 522/591/861 451/587/855
f 402/559/810 508/560/811 464/558/809
f 402/559/810 522/591/861 508/560/811
f 508/560/811 522/591/861 513/593/866
f 272/554/867 508/560/811 513/593/866
f 482/564/868 272/554/867 513/593/866
f 482/564/868 513/593/866 428/589/859
f 428/589/859 513/593/866 522/591/861
f 482/564/868 428/589/859 440/563/818
f 449/586/857 561/585/858 580/594/869
f 580/594/869 428/589/859 449/586/857
f 428/589/859 580/594/869 440/563/818
f 580/594/869 561/585/858 585/566/823
f 580/594/869 585/566/823 440/563/818
f 2606/533/750 2438/535/767 2464/595/751
f 2629/596/752 2438/535/776 2582/597/754
f 2582/597/754 2438/535/776 2502/538/756
s 0
f 2629/596/870 2464/595/871 2438/535/872
s 1
f 2179/537/777 2201/427/476 2155/548/479
f 2179/537/777 2155/548/479 2169/546/782
f 2306/469/702 2214/475/707 2253/476/443
f 2465/477/708 2306/469/702 2253/476/443
f 2367/478/709 2465/477/708 2253/476/443
f 2465/477/708 2350/504/736 2306/469/702
f 2180/470/703 2214/475/707 2306/469/702
f 2434/505/737 2302/468/701 2350/504/736
f 2350/504/736 2302/468/701 2306/469/702
f 2302/468/701 2434/505/737 2398/598/873
s 0
f 2336/466/874 2302/468/875 2494/467/876
f 2494/467/877 2302/468/878 2515/599/879
s 1
f 2515/599/880 2302/468/701 2398/598/873
s 0
f 2615/600/881 2434/505/882 2653/601/883
s 1
f 2398/598/873 2434/505/737 2615/600/884
f 2659/602/885 2398/598/873 2615/600/884
f 2469/603/886 2347/465/698 2494/467/700
f 2469/603/886 2494/467/700 2508/604/887
f 2708/605/888 2563/606/889 2508/604/887
f 2508/604/887 2494/467/700 2708/605/888
s 0
f 2708/605/890 2494/467/891 2515/599/892
s 1
f 2659/602/885 2708/605/888 2515/599/880
f 2515/599/880 2398/598/873 2659/602/885
s 0
f 2495/503/893 2653/601/894 2434/505/895
s 1
f 2653/601/896 2495/503/735 2656/607/897
f 2653/601/896 2656/607/897 2630/608/898
f 2653/601/896 2630/608/898 2618/609/899
f 2618/609/899 2630/608/898 2634/610/900
f 2630/608/898 2656/607/897 2495/503/735
f 2630/608/898 2495/503/735 2577/611/901
f 2634/610/900 2630/608/898 2610/612/902
f 2619/527/759 2577/611/901 2495/503/735
f 2630/608/898 2577/611/901 2679/613/903
f 2630/608/898 2679/613/903 2610/612/902
f 2557/614/904 2610/612/902 2704/615/905
f 2610/612/902 2679/613/903 2704/615/905
f 2704/615/905 2586/616/906 2567/530/765
f 2704/615/905 2679/613/903 2586/616/906
s 0
f 2586/616/907 2679/613/908 2577/611/909
s 1
f 2577/611/901 2619/527/759 2586/616/906
f 2586/616/906 2619/527/759 2567/530/765
f 437/398/805 436/556/807 469/555/804
f 202/389/608 154/617/658 341/401/610
f 154/617/662 266/618/664 569/619/670
f 442/588/856 154/617/662 569/619/670
s 0
f 390/592/910 154/617/911 442/588/912
s 1
f 502/590/860 390/592/862 442/588/856
s 0
f 390/592/913 341/401/914 154/617/915
s 1
f 2169/546/782 3/551/786 2163/545/781
f 2169/546/782 2163/545/781 2308/543/779
f 2249/573/833 2327/620/916 2163/545/781
f 2378/544/780 2163/545/781 2327/620/916
f 2449/541/778 2458/621/917 2557/622/904
f 2458/621/917 2449/541/778 2378/544/780
f 2442/623/918 2378/544/780 2399/624/919
f 2399/624/919 2378/544/780 2327/620/916
f 2399/624/919 2327/620/916 2331/625/920
f 2358/626/921 2399/624/919 2331/625/920
f 2331/625/920 2249/573/833 2198/572/832
s 0
f 2171/627/922 2198/572/923 28/571/924
s 1
f 2327/620/916 2249/573/833 2331/625/920
f 2334/628/925 2331/625/920 2198/572/832
f 2334/628/925 2198/572/832 2171/627/926
s 0
f 182/629/927 33/630/928 71/570/929
f 182/629/930 71/570/931 127/574/932
s 1
f 127/574/834 248/631/933 182/629/934
f 2195/632/935 2307/633/936 2334/628/925
f 2358/626/937 2307/633/936 2335/634/938
f 2335/634/938 2382/635/939 2358/626/937
f 2382/635/939 2451/636/940 2440/637/941
s 0
f 2440/637/942 2451/636/943 2448/638/944
s 1
f 2601/639/945 2603/640/946 2631/641/947
f 2603/642/946 2601/639/945 2520/643/948
f 2520/643/948 2601/639/945 2487/644/949
s 0
f 2520/643/950 2487/644/951 2451/636/952
s 1
f 2448/638/953 2451/636/954 2487/644/949
f 2358/626/937 2382/635/939 2440/637/941
f 33/630/955 2138/645/956 2171/627/926
f 2334/628/925 2171/627/926 2138/645/956
f 2334/628/925 2138/645/956 2195/632/935
f 2334/628/925 2307/633/936 2358/626/937
f 2704/646/905 2567/542/765 2449/541/778
f 2704/646/905 2449/541/778 2557/622/904
f 2557/622/904 2458/621/917 2610/647/902
f 2458/621/917 2736/648/957 2610/647/902
f 2653/649/896 2618/650/899 2615/651/884
f 2618/650/899 2665/652/958 2615/651/884
f 2659/653/885 2615/651/884 2665/652/958
f 2634/654/900 2665/652/958 2618/650/899
f 2659/653/885 2665/652/958 2708/655/888
f 2708/655/888 2665/652/958 2682/656/959
s 0
f 2682/656/960 2665/652/961 2681/657/962
f 2681/657/963 2665/652/964 2733/658/965
s 1
f 2708/655/888 2682/656/959 2675/659/966
f 2708/655/888 2675/659/966 2563/660/889
f 2563/660/889 2675/659/966 2624/661/967
f 2563/660/889 2624/661/967 2571/662/968
f 2508/663/887 2563/660/889 2571/662/968
f 2469/664/886 2508/663/887 2523/665/969
f 2523/665/969 2508/663/887 2571/662/968
f 2469/666/886 2523/665/969 2467/667/970
f 2467/667/970 2523/665/969 2477/668/971
f 2477/668/971 2523/665/969 2509/669/972
s 0
f 2687/670/973 2682/656/974 2685/671/975
s 1
f 2631/641/947 2685/671/976 2637/672/977
f 2601/639/945 2631/641/947 2637/672/977
f 2685/671/976 2682/656/978 2681/657/979
f 2509/669/972 2571/662/968 2588/673/980
f 2733/658/981 2743/674/982 2736/648/957
f 2736/648/957 2743/674/982 2665/652/958
f 2634/654/900 2610/647/902 2736/648/957
f 2634/654/900 2736/648/957 2665/652/958
f 2665/652/958 2743/674/982 2733/658/981
f 2458/621/917 2378/544/780 2736/648/957
s 0
f 2642/675/983 2736/648/984 2378/544/985
s 1
f 2442/623/918 2399/624/919 2518/676/986
f 2518/676/986 2399/624/919 2448/638/953
f 2521/677/987 2518/676/986 2448/638/953
f 2650/678/988 2518/676/986 2521/677/987
f 2650/678/988 2521/677/987 2601/639/945
f 2487/644/949 2521/677/987 2448/638/953
s 0
f 2440/637/989 2399/624/990 2358/626/991
s 1
f 2448/638/953 2399/624/919 2440/637/992
s 0
f 2358/626/993 2331/625/994 2334/628/995
s 1
f 2487/644/949 2601/639/945 2521/677/987
s 0
f 2637/672/996 2681/657/997 2650/678/998
s 1
f 2601/639/945 2637/672/977 2650/678/988
f 2650/678/988 2638/679/999 2518/676/986
f 2442/623/918 2518/676/986 2638/679/999
s 0
f 2442/623/1000 2642/675/1001 2378/544/1002
f 2642/675/1003 2442/623/1004 2638/679/1005
s 1
f 2736/648/957 2642/675/1006 2733/658/981
f 2642/675/1006 2638/679/999 2733/658/981
f 2638/679/999 2650/678/988 2733/658/981
f 2733/658/981 2650/678/988 2681/657/1007
f 2624/661/967 2675/659/966 2588/673/980
f 2681/657/979 2637/672/977 2685/671/976
f 248/631/933 229/567/824 270/569/826
f 248/631/933 270/569/826 297/680/1008
f 297/680/1008 270/569/826 324/576/836
f 324/576/836 318/575/835 407/681/1009
f 407/681/1009 318/575/835 494/577/837
f 494/577/837 419/682/1010 407/681/1009
f 229/567/824 248/631/933 127/574/834
f 33/630/955 28/571/831 71/570/830
f 28/571/831 33/630/955 2171/627/926
s 0
f 2219/463/1011 2347/465/1012 2310/464/1013
s 1
f 2469/603/886 2425/683/1014 2347/465/698
f 2425/683/1014 2469/603/886 2467/684/970
s 0
f 2425/683/1015 2363/685/1016 2347/465/1017
f 2347/465/1018 2363/685/1019 2310/464/1020
s 1
f 2310/464/697 2184/686/1021 2250/462/693
f 2250/462/693 14/687/1022 26/459/694
f 2624/661/967 2588/673/980 2571/662/968
f 2509/669/972 2523/665/969 2571/662/968
f 475/688/1023 515/581/847 492/582/673
f 492/582/673 417/689/675 475/688/1023
f 475/688/1023 530/690/1024 515/581/847
f 530/690/1024 533/691/1025 515/581/847
f 515/581/847 533/691/1025 509/579/1026
s 0
f 533/691/1027 531/692/1028 509/579/1029
s 1
f 531/692/1030 476/693/1031 509/579/1032
f 353/694/1033 357/695/1034 431/696/1035
s 0
f 476/693/1036 494/577/1037 509/579/1038
s 1
f 494/577/837 476/693/1031 419/682/1010
f 407/681/1009 419/682/1010 357/695/1034
f 419/682/1010 476/693/1031 431/696/1035
f 431/696/1035 357/695/1034 419/682/1010
f 357/695/1034 294/697/1039 324/576/836
s 0
f 297/680/1040 324/576/1041 294/697/1042
s 1
f 407/681/1009 357/695/1034 324/576/836
f 366/698/1043 417/449/675 368/448/674
f 530/699/1024 475/700/1023 484/701/1044
f 484/701/1044 475/700/1023 417/449/675
f 366/698/1043 453/702/1045 417/449/675
f 296/703/1046 257/451/677 286/704/1047
f 296/703/1046 306/705/1048 295/455/681
f 296/703/1046 295/455/681 257/451/677
f 366/698/1043 368/448/674 306/705/1048
f 306/705/1048 368/448/674 346/450/676
f 346/450/676 295/455/681 306/705/1048
f 286/704/1047 257/451/677 191/453/679
f 26/459/694 14/687/1022 61/706/1049
s 0
f 66/460/1050 26/459/1051 61/706/1052
s 1
f 2184/686/1021 14/687/1022 2250/462/693
f 123/707/1053 191/453/679 57/454/680
f 57/454/680 66/460/1054 123/707/1053
f 191/453/679 123/707/1053 188/708/1055
f 484/709/1044 417/710/675 453/711/1045
f 425/712/1056 431/713/1035 476/714/1031
f 357/715/1034 353/716/1033 294/717/1039
f 294/717/1039 267/718/1057 297/719/1058
s 0
f 267/718/1059 248/720/1060 297/719/1061
s 1
f 294/717/1039 320/721/1062 267/718/1057
f 320/721/1062 294/717/1039 353/716/1033
f 531/722/1030 533/723/1025 529/724/1063
f 529/724/1063 530/725/1024 487/726/1064
f 533/723/1025 530/725/1024 529/724/1063
f 462/727/1065 531/722/1030 497/728/1066
f 453/711/1045 487/726/1064 484/709/1044
f 453/711/1045 366/729/1043 354/730/1067
f 306/731/1048 354/730/1067 366/729/1043
f 188/732/1055 286/733/1047 191/734/679
f 487/726/1064 530/725/1024 484/709/1044
f 123/735/1053 66/736/1054 61/737/1049
f 61/737/1049 14/738/1022 2132/739/1068
f 248/720/933 205/740/1069 182/741/934
f 2382/742/939 2383/743/1070 2451/744/940
s 0
f 2520/745/1071 2451/744/1072 2473/746/1073
s 1
f 2509/747/972 2588/748/980 2608/749/1074
f 2608/749/1074 2588/748/980 2655/750/1075
f 2655/750/1075 2588/748/980 2675/751/966
f 2673/752/1076 2655/750/1075 2675/751/966
f 2673/752/1076 2675/751/966 2687/753/1077
f 2687/753/1077 2675/751/966 2682/754/959
f 2194/755/1078 14/756/1022 2184/757/1021
f 14/756/1022 2194/755/1078 2132/758/1068
f 2239/759/1079 2194/755/1078 2184/757/1021
f 2239/759/1079 2184/757/1021 2310/760/697
f 2195/761/935 2138/762/956 2176/763/1080
f 27/764/1081 2138/762/956 33/765/955
f 27/764/1081 33/765/955 106/766/1082
f 182/741/934 106/766/1082 33/765/955
f 184/767/1083 182/741/934 205/740/1069
f 248/720/933 267/718/1084 205/740/1069
f 106/766/1082 182/741/934 184/767/1083
f 2141/768/1085 27/764/1081 106/766/1082
f 106/766/1082 184/767/1083 2141/768/1085
f 205/740/1069 267/718/1084 239/769/1086
f 184/767/1083 205/740/1069 239/769/1086
f 2141/768/1085 184/767/1083 53/770/1087
s 0
f 2141/768/1088 29/771/1089 2173/772/1090
f 2173/772/1091 2176/763/1092 2141/768/1093
s 1
f 27/764/1081 2141/768/1085 2176/763/1080
f 2335/773/938 2173/772/1094 2354/774/1095
f 2473/746/1096 2418/775/1097 2530/776/1098
f 2354/774/1095 2173/772/1094 2312/777/1099
f 2418/775/1097 2383/743/1070 2353/778/1100
f 2551/779/1101 2520/745/948 2513/780/1102
f 2530/776/1103 2513/780/1102 2520/745/948
s 0
f 2473/746/1104 2530/776/1105 2520/745/1106
s 1
f 2383/743/1070 2418/775/1097 2473/746/1096
f 2520/745/948 2551/779/1101 2603/781/946
f 2603/781/946 2551/779/1101 2662/782/1107
s 0
f 2680/783/1108 2689/784/1109 2687/753/1110
s 1
f 2662/782/1107 2631/785/947 2603/781/946
f 2473/746/1096 2451/744/940 2383/743/1070
f 2383/743/1070 2335/773/938 2354/774/1095
f 531/722/1030 462/727/1065 476/714/1031
f 476/714/1031 462/727/1065 425/712/1056
f 353/716/1033 431/786/1035 425/712/1056
f 2176/763/1080 2138/762/956 27/764/1081
f 2335/773/938 2195/761/935 2173/772/1094
s 0
f 2195/761/1111 2335/773/1112 2307/787/1113
s 1
f 2239/759/1079 2310/760/697 2363/788/1114
s 0
f 2687/753/1115 2685/789/1116 2680/783/1117
s 1
f 2509/747/972 2506/790/1118 2477/791/971
f 2608/749/1074 2506/790/1118 2509/747/972
f 2467/792/970 2477/791/971 2426/793/1119
f 2467/792/970 2426/793/1119 2425/794/1014
f 2426/793/1119 2406/795/1120 2425/794/1014
f 2647/796/1121 2608/749/1074 2655/750/1075
f 2366/797/1122 2363/788/1114 2406/795/1120
f 2406/795/1120 2363/788/1114 2425/794/1014
f 61/737/1049 2132/739/1068 2115/798/1123
f 2115/798/1123 125/799/1124 61/737/1049
f 125/799/1124 223/800/1125 188/732/1055
f 61/737/1049 125/799/1124 123/735/1053
f 123/735/1053 125/799/1124 188/732/1055
f 354/730/1067 352/801/1126 453/711/1045
f 425/712/1056 462/727/1065 399/802/1127
f 529/724/1063 487/726/1064 528/803/1128
f 528/803/1128 487/726/1064 535/804/1129
f 453/711/1045 421/805/1130 487/726/1064
f 354/730/1067 347/806/1131 352/801/1126
f 223/800/1125 283/807/1132 286/733/1047
f 283/807/1132 296/808/1046 286/733/1047
f 223/800/1125 286/733/1047 188/732/1055
s 0
f 2685/789/1133 2631/785/1134 2662/782/1135
s 1
f 2680/783/1136 2685/789/1137 2662/782/1107
s 0
f 2647/796/1138 2655/750/1139 2673/752/1140
s 1
f 2687/753/1077 2689/784/1141 2673/752/1076
f 2680/783/1136 2662/782/1107 2677/809/1142
f 2677/809/1142 2662/782/1107 2753/810/1143
f 2239/759/1079 2363/788/1114 2366/797/1122
f 2132/758/1068 2194/755/1078 2153/811/1144
f 2132/758/1068 2153/811/1144 2115/812/1123
f 2153/811/1144 2194/755/1078 2234/813/1145
f 2663/814/1146 2608/749/1074 2647/796/1121
s 0
f 2672/815/1147 2673/752/1148 2689/784/1149
s 1
f 2673/752/1150 2672/815/1151 2647/796/1121
f 2506/790/1118 2663/814/1146 2514/816/1152
s 0
f 2426/793/1153 2432/817/1154 2406/795/1155
s 1
f 2234/813/1145 2366/797/1122 2309/818/1156
f 2115/819/1123 2153/811/1144 2217/820/1157
s 0
f 2153/811/1158 2234/813/1159 2217/820/1160
s 1
f 2217/820/1157 2234/813/1145 2309/818/1156
f 2426/793/1119 2506/790/1118 2514/816/1152
f 2426/793/1119 2514/816/1152 2432/817/1161
s 0
f 2697/821/1162 2672/815/1163 2689/784/1164
s 1
f 2626/822/1165 2551/779/1101 2513/780/1102
f 2626/822/1165 2753/810/1143 2551/779/1101
s 0
f 2472/823/1166 2530/776/1167 2418/775/1168
s 1
f 2383/743/1070 2354/774/1095 2353/778/1100
f 2354/774/1095 2312/777/1099 2353/778/1100
f 2353/778/1100 2472/823/1169 2418/775/1097
s 0
f 2165/824/1170 2173/772/1171 29/771/1172
f 2141/768/1173 53/770/1174 29/771/1175
f 267/718/1176 320/721/1177 350/825/1178
s 1
f 267/718/1084 350/825/1179 284/826/1180
f 267/718/1084 284/826/1180 239/769/1086
f 320/721/1062 322/827/1181 350/825/1179
f 399/802/1127 350/825/1179 322/827/1181
f 497/728/1066 456/828/1182 462/727/1065
f 456/828/1182 399/802/1127 462/727/1065
f 534/829/1183 497/728/1066 531/722/1030
f 534/829/1183 531/722/1030 529/724/1063
f 322/827/1181 320/721/1062 353/716/1033
f 2382/742/939 2335/773/938 2383/743/1070
f 2176/763/1080 2173/772/1094 2195/761/935
f 306/731/1048 296/808/1046 347/806/1131
f 399/802/1127 322/827/1181 353/716/1033
f 399/802/1127 353/716/1033 425/712/1056
f 354/730/1067 306/731/1048 347/806/1131
f 2194/755/1078 2239/759/1079 2234/813/1145
f 2234/813/1145 2239/759/1079 2366/797/1122
f 2663/814/1146 2506/790/1118 2608/749/1074
f 2506/790/1118 2426/793/1119 2477/791/971
f 2753/810/1143 2662/782/1107 2551/779/1101
f 2697/821/1184 2689/784/1185 2677/809/1142
f 2677/809/1142 2689/784/1185 2680/783/1136
f 534/829/1183 529/724/1063 528/803/1128
f 289/830/1186 347/806/1131 296/808/1046
f 352/801/1126 421/805/1130 453/711/1045
f 535/804/1129 487/726/1064 421/805/1130
f 29/771/1187 53/770/1188 34/831/1189
f 29/771/1187 34/831/1189 2121/832/1190
f 53/770/1087 184/767/1083 172/833/1191
s 0
f 184/767/1192 239/769/1193 172/833/1194
s 1
f 2173/772/1094 2165/824/1195 2312/777/1099
f 2121/832/1190 2165/824/1195 29/771/1187
f 315/834/1196 347/806/1131 289/830/1186
f 315/834/1196 352/801/1126 347/806/1131
f 283/807/1132 289/830/1186 296/808/1046
f 528/835/1128 535/836/1129 625/837/1197
f 535/836/1129 421/838/1130 669/839/1198
f 535/836/1129 669/839/1198 625/837/1197
f 669/839/1198 421/838/1130 352/840/1126
s 0
f 669/839/1199 352/840/1200 369/841/1201
s 1
f 369/841/1202 352/840/1126 315/842/1196
f 289/843/1186 369/841/1202 315/842/1196
s 0
f 669/839/1203 369/841/1204 656/844/1205
s 1
f 656/844/1206 666/845/1207 725/846/1208
f 669/839/1198 656/844/1209 712/847/1210
f 712/847/1210 656/844/1209 742/848/1211
f 669/839/1198 712/847/1210 625/837/1197
s 0
f 742/848/1212 656/844/1213 797/849/1214
s 1
f 797/849/1215 656/844/1206 725/846/1208
f 666/845/1207 656/844/1206 369/841/1216
f 593/850/1217 369/841/1216 478/851/1218
f 593/850/1217 666/845/1207 369/841/1216
f 523/852/1219 593/850/1217 478/851/1218
f 593/850/1217 685/853/1220 666/845/1207
s 0
f 289/843/1221 478/851/1222 369/841/1223
f 478/851/1224 289/843/1225 261/854/1226
s 1
f 261/854/1227 168/855/1228 478/851/1218
f 478/851/1218 168/855/1228 224/856/1229
f 224/856/1229 168/855/1228 69/857/1230
f 55/858/1231 69/857/1230 168/855/1228
s 0
f 2206/859/1232 69/857/1233 55/858/1234
s 1
f 2206/859/1235 55/858/1231 2217/860/1157
f 2217/860/1157 55/858/1231 2115/861/1123
f 55/858/1231 168/855/1228 125/862/1124
f 168/855/1228 261/854/1227 223/863/1125
f 223/863/1125 261/854/1227 283/864/1132
f 168/855/1228 223/863/1125 125/862/1124
s 0
f 283/864/1236 261/854/1237 289/843/1238
s 1
f 528/835/1128 625/837/1197 617/865/1239
f 528/835/1128 617/865/1239 534/866/1183
f 497/867/1066 534/866/1183 621/868/1240
s 0
f 363/869/1241 497/867/1242 621/868/1243
s 1
f 497/867/1066 363/869/1244 456/870/1182
f 350/871/1179 399/872/1127 363/869/1244
s 0
f 53/873/1245 172/874/1246 34/875/1247
s 1
f 2121/876/1190 34/875/1189 56/877/1248
f 56/877/1248 242/878/1249 156/879/1250
f 56/877/1248 34/875/1189 242/878/1249
f 242/878/1249 34/875/1189 172/874/1251
f 128/880/1252 2177/881/1253 156/879/1250
f 172/874/1251 239/882/1086 242/878/1249
f 348/883/1254 242/878/1249 239/882/1086
f 348/883/1254 239/882/1086 284/884/1180
f 348/883/1254 284/884/1180 350/871/1179
f 348/883/1254 350/871/1179 363/869/1244
f 363/869/1244 399/872/1127 456/870/1182
s 0
f 363/869/1255 720/885/1256 627/886/1257
f 720/885/1258 363/869/1259 621/868/1260
f 660/887/1261 720/885/1262 621/868/1263
s 1
f 660/887/1264 621/868/1240 636/888/1265
f 736/889/1266 720/885/1267 660/887/1268
f 627/886/1269 720/885/1267 736/889/1266
f 755/890/1270 627/886/1269 736/889/1266
s 0
f 736/889/1271 660/887/1272 786/891/1273
s 1
f 755/890/1270 671/892/1274 646/893/1275
f 564/894/1276 646/893/1275 549/895/1277
f 646/893/1275 671/892/1274 549/895/1277
f 671/892/1274 755/890/1270 773/896/1278
f 773/896/1278 755/890/1270 736/889/1266
f 773/896/1278 736/889/1266 841/897/1279
s 0
f 736/889/1280 786/891/1281 841/897/1282
s 1
f 841/897/1283 786/891/1284 821/898/1285
s 0
f 636/888/1286 786/891/1287 660/887/1288
f 664/899/1289 786/891/1290 636/888/1291
s 1
f 821/898/1285 786/891/1284 697/900/1292
f 786/891/1284 664/899/1293 697/900/1292
f 757/901/1294 821/898/1285 697/900/1292
s 0
f 982/902/1295 841/897/1296 821/898/1297
f 982/902/1298 821/898/1299 1028/903/1300
f 982/902/1301 1028/903/1302 1032/904/1303
f 773/896/1304 841/897/1305 891/905/1306
f 773/896/1307 891/905/1308 671/892/1309
f 671/892/1310 891/905/1311 718/906/1312
f 718/906/1313 549/895/1314 671/892/1315
s 1
f 549/895/1277 512/907/1316 564/894/1276
f 363/869/1244 646/893/1275 564/894/1276
f 646/893/1275 627/886/1269 755/890/1270
f 646/893/1275 363/869/1244 627/886/1269
f 363/869/1244 564/894/1276 348/883/1254
f 394/908/1317 348/883/1254 564/894/1276
f 394/908/1317 564/894/1276 512/907/1316
f 512/907/1316 549/895/1277 718/906/1318
s 0
f 718/906/1319 891/905/1320 715/909/1321
s 1
f 718/906/1318 169/910/1322 512/907/1316
s 0
f 169/910/1323 718/906/1324 715/909/1325
f 715/909/1326 174/911/1327 169/910/1328
f 174/911/1329 715/909/1330 220/912/1331
s 1
f 349/913/1332 220/912/1333 715/909/1334
s 0
f 220/912/1335 13/914/1336 174/911/1337
f 2140/915/1338 220/912/1339 49/916/1340
s 1
f 220/912/1333 329/917/1341 49/916/1342
f 220/912/1333 349/913/1332 329/917/1341
f 349/913/1332 541/918/1343 329/917/1341
f 541/918/1343 349/913/1332 715/909/1334
f 851/919/1344 687/920/1345 715/909/1334
f 687/920/1345 851/919/1344 801/921/1346
f 851/919/1344 715/909/1334 891/905/1347
f 851/919/1344 915/922/1348 801/921/1346
f 915/922/1348 851/919/1344 891/905/1347
f 801/921/1346 915/922/1348 890/923/1349
f 890/923/1349 915/922/1348 912/924/1350
f 801/921/1346 890/923/1349 771/925/1351
f 687/920/1345 801/921/1346 771/925/1351
f 715/909/1334 687/920/1345 771/925/1351
f 541/918/1343 715/909/1334 771/925/1351
f 729/926/1352 541/918/1343 771/925/1351
f 858/927/1353 771/925/1351 890/923/1349
f 858/927/1353 792/928/1354 771/925/1351
f 771/925/1351 792/928/1354 729/926/1352
s 0
f 541/918/1355 610/929/1356 329/917/1357
s 1
f 329/917/1341 610/929/1358 316/930/1359
f 49/916/1342 329/917/1341 200/931/1360
f 329/917/1341 316/930/1359 200/931/1360
f 316/930/1359 260/932/1361 200/931/1360
f 49/916/1342 200/931/1360 2140/915/1362
f 51/933/1363 2140/915/1362 200/931/1360
f 51/933/1363 200/931/1360 25/934/1364
f 200/931/1360 92/935/1365 25/934/1364
f 97/936/1366 25/934/1364 92/935/1365
f 92/935/1365 200/931/1360 260/932/1361
f 92/935/1365 313/937/1367 97/936/1366
f 313/937/1367 92/935/1365 260/932/1361
s 0
f 313/937/1368 260/932/1369 401/938/1370
s 1
f 260/932/1361 316/930/1359 610/929/1358
f 610/929/1358 541/918/1343 729/926/1352
f 260/932/1361 610/929/1358 401/938/1371
f 401/938/1371 610/929/1358 729/926/1352
f 858/927/1353 890/923/1349 960/939/1372
f 960/939/1372 890/923/1349 912/924/1350
f 912/924/1350 915/922/1348 942/940/1373
f 960/939/1372 986/941/1374 858/927/1353
f 986/941/1374 960/939/1372 978/942/1375
s 0
f 978/942/1376 960/939/1377 912/924/1378
f 1013/943/1379 986/941/1380 1120/944/1381
s 1
f 1120/944/1382 986/941/1374 978/942/1375
f 978/942/1383 912/924/1350 1059/945/1384
f 1059/945/1384 912/924/1350 942/940/1373
s 0
f 1059/945/1385 1105/946/1386 978/942/1387
s 1
f 1120/944/1382 978/942/1375 1105/946/1388
f 1013/943/1389 1120/944/1382 1166/947/1390
f 1120/944/1382 1157/948/1391 1166/947/1390
f 1120/944/1382 1105/946/1388 1157/948/1391
s 0
f 1157/948/1392 1198/949/1393 1166/947/1394
s 1
f 1166/947/1390 1107/950/1395 1013/943/1389
s 0
f 1255/951/1396 1166/947/1397 1198/949/1398
s 1
f 1107/950/1395 1166/947/1390 1255/951/1399
f 1255/951/1399 1198/949/1400 1244/952/1401
f 1255/951/1399 1324/953/1402 1206/954/1403
f 1158/955/1404 1255/951/1399 1206/954/1403
f 1255/951/1399 1158/955/1404 1107/950/1395
f 1255/951/1399 1244/952/1401 1324/953/1402
f 1324/953/1402 1244/952/1401 1315/956/1405
f 1245/957/1406 1244/952/1401 1198/949/1400
f 1292/958/1407 1244/952/1401 1245/957/1406
f 1245/957/1406 1270/959/1408 1292/958/1407
f 1244/952/1401 1292/958/1407 1315/956/1405
f 1315/956/1405 1292/958/1407 1365/960/1409
f 1315/956/1405 1411/961/1410 1419/962/1411
f 1411/961/1410 1315/956/1405 1365/960/1409
f 1322/963/1412 1292/958/1407 1270/959/1408
s 0
f 1322/963/1413 1344/964/1414 1292/958/1415
s 1
f 1344/964/1416 1322/963/1412 1303/965/1417
f 1344/964/1416 1365/960/1409 1292/958/1407
f 1365/960/1409 1344/964/1416 1404/966/1418
f 1365/960/1409 1391/967/1419 1411/961/1410
f 1315/956/1405 1419/962/1411 1399/968/1420
f 1315/956/1405 1399/968/1420 1324/953/1402
f 1356/969/1421 1324/953/1402 1399/968/1420
f 1324/953/1402 1356/969/1421 1206/954/1403
f 1206/954/1403 1356/969/1421 1163/970/1422
f 1284/971/1423 1163/970/1422 1356/969/1421
f 1390/972/1424 1356/969/1421 1399/968/1420
f 1356/969/1421 1390/972/1424 1284/971/1423
f 1312/973/1425 1284/971/1423 1390/972/1424
f 1423/974/1426 1399/968/1420 1419/962/1411
f 1423/974/1426 1419/962/1411 1452/975/1427
f 1452/975/1427 1419/962/1411 1411/961/1410
f 1452/975/1427 1411/961/1410 1527/976/1428
f 1411/961/1410 1391/967/1419 1527/976/1428
f 1391/967/1419 1365/960/1409 1404/966/1418
f 1404/966/1418 1344/964/1416 1321/977/1429
f 1404/966/1418 1321/977/1429 1363/978/1430
s 0
f 1391/967/1431 1404/966/1432 1527/976/1433
f 1527/976/1434 1404/966/1435 1429/979/1436
s 1
f 1429/979/1437 1404/966/1418 1386/980/1438
f 1429/979/1437 1552/981/1439 1568/982/1440
f 1527/976/1428 1429/979/1437 1568/982/1440
f 1452/975/1427 1527/976/1428 1568/982/1440
f 1452/975/1427 1568/982/1440 1573/983/1441
f 1423/974/1426 1452/975/1427 1526/984/1442
f 1452/975/1427 1573/983/1441 1526/984/1442
f 1552/981/1439 1429/979/1437 1445/985/1443
f 1552/981/1439 1624/986/1444 1568/982/1440
f 1573/983/1441 1568/982/1440 1697/987/1445
f 1697/987/1445 1568/982/1440 1624/986/1444
f 1625/988/1446 1552/981/1439 1445/985/1443
f 1625/988/1446 1624/986/1444 1552/981/1439
f 1625/988/1446 1670/989/1447 1624/986/1444
s 0
f 1689/990/1448 1686/991/1449 1697/987/1450
s 1
f 1697/987/1445 1686/991/1451 1665/992/1452
f 1652/993/1453 1631/994/1454 1630/995/1455
s 0
f 1665/992/1456 1652/993/1457 1650/996/1458
s 1
f 1650/996/1459 1652/993/1453 1630/995/1455
f 1630/995/1455 1631/994/1454 1609/997/1460
f 1595/998/1461 1609/997/1460 1601/999/1462
f 1595/998/1461 1601/999/1462 1580/1000/1463
f 1595/998/1461 1580/1000/1463 1562/1001/1464
f 1562/1001/1464 1580/1000/1463 1470/1002/1465
f 1470/1002/1465 1580/1000/1463 1475/1003/1466
f 1468/1004/1467 1470/1002/1465 1475/1003/1466
f 1475/1003/1466 1477/1005/1468 1468/1004/1467
f 1460/1006/1469 1432/1007/1470 1477/1005/1468
f 1477/1005/1468 1432/1007/1470 1468/1004/1467
f 1460/1006/1469 1448/1008/1471 1432/1007/1470
s 0
f 1352/1009/1472 1266/1010/1473 1448/1008/1474
s 1
f 1352/1009/1475 1345/1011/1476 1272/1012/1477
f 1345/1011/1476 1221/1013/1478 1272/1012/1477
f 1221/1013/1478 1090/1014/1479 1129/1015/1480
f 1129/1015/1480 1090/1014/1479 1024/1016/1481
f 1024/1016/1481 1090/1017/1479 951/1018/1482
f 897/1019/1483 836/1020/1484 872/1021/1485
f 815/1022/1486 836/1020/1484 830/1023/1487
f 897/1019/1483 970/1024/1488 951/1018/1482
f 1024/1016/1481 951/1018/1482 970/1024/1488
f 1203/1025/1489 1129/1015/1480 1024/1016/1481
f 1221/1013/1478 1129/1015/1480 1272/1012/1477
f 1272/1012/1477 1129/1015/1480 1203/1025/1489
f 1272/1012/1477 1203/1025/1489 1266/1010/1490
f 1352/1009/1475 1272/1012/1477 1266/1010/1490
f 1392/1026/1491 1266/1010/1490 1142/1027/1492
f 1142/1027/1492 1266/1010/1490 1200/1028/1493
f 1200/1028/1493 1266/1010/1490 1203/1025/1489
f 1203/1025/1489 1024/1016/1481 1053/1029/1494
f 1200/1028/1493 1203/1025/1489 1053/1029/1494
f 1142/1027/1492 1308/1030/1495 1392/1026/1491
f 1392/1026/1491 1406/1031/1496 1266/1010/1490
f 1448/1008/1471 1266/1010/1490 1406/1031/1496
f 1392/1026/1491 1525/1032/1497 1489/1033/1498
f 1525/1032/1497 1392/1026/1491 1308/1030/1495
f 1489/1033/1498 1406/1031/1496 1392/1026/1491
f 1406/1031/1496 1432/1007/1470 1448/1008/1471
f 1468/1004/1467 1432/1007/1470 1406/1031/1496
f 1468/1004/1467 1406/1031/1496 1489/1033/1498
f 1468/1004/1467 1489/1033/1498 1470/1002/1465
f 1562/1001/1464 1470/1002/1465 1489/1033/1498
f 1595/998/1461 1562/1001/1464 1570/1034/1499
f 1570/1034/1499 1562/1001/1464 1489/1033/1498
f 1570/1034/1499 1489/1033/1498 1602/1035/1500
f 1570/1034/1499 1609/997/1460 1595/998/1461
f 1570/1034/1499 1630/995/1455 1609/997/1460
f 1630/995/1455 1570/1034/1499 1602/1035/1500
f 1630/995/1455 1602/1035/1500 1650/996/1459
f 1650/996/1459 1602/1035/1500 1579/1036/1501
f 1579/1036/1501 1602/1035/1500 1525/1032/1497
f 1579/1036/1501 1525/1032/1497 1499/1037/1502
f 1499/1037/1502 1525/1032/1497 1399/968/1420
f 1390/972/1424 1399/968/1420 1308/1030/1495
f 1399/968/1420 1423/974/1426 1499/1037/1502
f 1526/984/1442 1499/1037/1502 1423/974/1426
f 1526/984/1442 1573/983/1441 1671/1038/1503
f 1671/1038/1503 1573/983/1441 1697/987/1445
f 1526/984/1442 1671/1038/1503 1579/1036/1501
f 1499/1037/1502 1526/984/1442 1579/1036/1501
f 1650/996/1459 1579/1036/1501 1671/1038/1503
f 1671/1038/1503 1697/987/1445 1665/992/1452
f 1650/996/1459 1671/1038/1503 1665/992/1452
s 0
f 1689/990/1504 1697/987/1505 1624/986/1506
f 1624/986/1507 1670/989/1508 1689/990/1509
s 1
f 125/862/1124 2115/861/1123 55/858/1231
f 2340/1039/1510 2366/1040/1122 2406/1041/1120
f 2309/1042/1156 2366/1040/1122 2340/1039/1510
f 2217/1043/1157 2309/1042/1156 2340/1039/1510
f 2206/1044/1235 2217/1043/1157 2340/1039/1510
f 2206/1044/1235 2338/1045/1511 2317/1046/1512
f 2338/1045/1511 2206/1044/1235 2340/1039/1510
f 2338/1045/1511 2340/1039/1510 2492/1047/1513
f 2492/1047/1513 2340/1039/1510 2380/1048/1514
f 2432/1049/1515 2380/1048/1514 2340/1039/1510
s 0
f 2380/1048/1516 2432/1049/1517 2514/1050/1518
s 1
f 2380/1048/1519 2514/1050/1520 2834/1051/1521
f 2380/1048/1519 2834/1051/1521 2771/1052/1522
s 0
f 2514/1050/1523 2663/1053/1524 2834/1051/1525
s 1
f 2834/1051/1521 2663/1053/1146 2865/1054/1526
f 2663/1053/1146 2672/1055/1151 2865/1054/1526
f 2865/1054/1526 2672/1055/1151 2791/1056/1527
f 2771/1052/1522 2700/1057/1528 2380/1048/1519
f 2771/1052/1522 2729/1058/1529 2700/1057/1528
f 2729/1058/1529 2771/1052/1522 2834/1051/1521
s 0
f 2492/1047/1530 2380/1048/1531 2700/1057/1532
s 1
f 2401/1059/1533 2338/1045/1511 2492/1047/1513
f 2338/1045/1511 2401/1059/1533 2317/1046/1512
f 2401/1059/1533 2492/1047/1513 2459/1060/1534
f 2151/1061/1535 2317/1046/1512 2254/1062/1536
f 2254/1062/1536 2317/1046/1512 2324/1063/1537
f 2324/1063/1537 2317/1046/1512 2401/1059/1533
s 0
f 60/1064/1538 2254/1062/1539 2324/1063/1540
f 2324/1063/1541 2401/1059/1542 2459/1060/1543
s 1
f 2492/1047/1513 2700/1057/1528 2774/1065/1544
f 2700/1057/1528 2729/1058/1529 2810/1066/1545
f 2700/1057/1528 2810/1066/1545 2774/1065/1544
f 3055/1067/1546 2774/1065/1544 2810/1066/1545
s 0
f 2324/1063/1547 2830/1068/1548 2456/1069/1549
f 2324/1063/1550 2456/1069/1551 2390/1070/1552
f 2324/1063/1553 2390/1070/1554 60/1064/1555
f 2830/1068/1556 2324/1063/1557 3055/1067/1558
f 2324/1063/1559 2459/1060/1560 3055/1067/1561
s 1
f 2774/1065/1544 3055/1067/1546 2459/1060/1534
f 2459/1060/1534 2492/1047/1513 2774/1065/1544
f 2626/1071/1165 2513/1072/1102 2530/1073/1103
f 2677/1074/1142 2753/1075/1143 2705/1076/1562
f 2697/1077/1184 2677/1074/1142 2705/1076/1562
f 2663/1053/1146 2647/1078/1121 2672/1055/1151
f 2672/1055/1151 2697/1077/1184 2791/1056/1527
f 2892/1079/1563 2791/1056/1527 2697/1077/1184
f 2892/1079/1563 2697/1077/1184 2755/1080/1564
f 2892/1079/1563 2865/1054/1526 2791/1056/1527
f 2875/1081/1565 2865/1054/1526 2892/1079/1563
f 2834/1051/1521 2865/1054/1526 2875/1081/1565
f 2876/1082/1566 2729/1058/1529 2834/1051/1521
f 2876/1082/1566 2834/1051/1521 2875/1081/1565
f 2921/1083/1567 2876/1082/1566 2875/1081/1565
f 2921/1083/1567 2875/1081/1565 2969/1084/1568
f 2875/1081/1565 2892/1079/1563 2955/1085/1569
f 2875/1081/1565 2955/1085/1569 2969/1084/1568
f 2955/1085/1569 2892/1079/1563 2755/1080/1564
f 2955/1085/1569 2755/1080/1564 2836/1086/1570
f 2759/1087/1571 2836/1086/1570 2755/1080/1564
f 2955/1085/1569 2836/1086/1570 2828/1088/1572
f 2836/1086/1570 2759/1087/1571 2804/1089/1573
f 2836/1086/1570 2804/1089/1573 2812/1090/1574
f 2836/1086/1570 2812/1090/1574 2835/1091/1575
f 2828/1088/1572 2943/1092/1576 2955/1085/1569
f 2835/1091/1575 2828/1088/1572 2836/1086/1570
f 2898/1093/1577 2828/1088/1572 2835/1091/1575
f 2828/1088/1572 2898/1093/1577 2943/1092/1576
f 2898/1093/1577 2835/1091/1575 2917/1094/1578
f 2835/1091/1575 2812/1090/1574 2917/1094/1578
f 2898/1093/1577 2917/1094/1578 3002/1095/1579
f 2898/1093/1577 3002/1095/1579 2943/1092/1576
f 2943/1092/1576 2983/1096/1580 2955/1085/1569
f 2983/1096/1580 2969/1084/1568 2955/1085/1569
f 2983/1096/1580 2943/1092/1576 3002/1095/1579
s 0
f 3002/1095/1581 2963/1097/1582 3208/1098/1583
f 3208/1098/1584 2963/1097/1585 3095/1099/1586
f 3208/1098/1587 3095/1099/1588 3190/1100/1589
s 1
f 3133/1101/1590 3055/1067/1546 2810/1066/1545
s 0
f 3133/1101/1591 2810/1066/1592 2876/1082/1593
s 1
f 2921/1083/1567 3133/1101/1594 2876/1082/1566
f 3133/1101/1594 2921/1083/1567 2969/1084/1568
s 0
f 3133/1101/1595 2969/1084/1596 3208/1098/1597
f 2969/1084/1598 2983/1096/1599 3208/1098/1600
s 1
f 3208/1098/1601 2983/1096/1580 3002/1095/1579
f 2406/1041/1120 2432/1049/1515 2340/1039/1510
f 478/851/1218 224/856/1229 523/852/1219
f 314/1102/1602 523/852/1219 231/1103/1603
s 0
f 231/1103/1604 523/852/1605 224/856/1606
s 1
f 523/852/1219 568/1104/1607 593/850/1217
f 411/1105/1608 568/1104/1607 523/852/1219
f 523/852/1219 314/1102/1602 411/1105/1608
s 0
f 568/1104/1609 411/1105/1610 659/1106/1611
s 1
f 568/1104/1607 659/1106/1612 685/853/1220
s 0
f 659/1106/1613 411/1105/1614 638/1107/1615
f 638/1107/1616 411/1105/1617 268/1108/1618
f 411/1105/1619 255/1109/1620 268/1108/1621
s 1
f 255/1109/1622 411/1105/1608 314/1102/1602
f 255/1109/1622 314/1102/1602 231/1103/1603
f 69/857/1230 231/1103/1603 224/856/1229
f 231/1103/1603 69/857/1230 108/1110/1623
f 2206/859/1235 2317/1111/1512 2151/1112/1535
f 2206/859/1235 2151/1112/1535 69/857/1230
f 108/1110/1623 69/857/1230 2151/1112/1535
f 108/1110/1623 255/1109/1622 231/1103/1603
f 268/1108/1624 255/1109/1622 211/1113/1625
s 0
f 268/1108/1626 211/1113/1627 60/1114/1628
f 60/1114/1629 37/1115/1630 268/1108/1631
s 1
f 2170/1116/1632 2189/1117/1633 2320/1118/1634
f 198/1119/1635 2320/1120/1634 2279/1121/1636
f 2170/1116/1632 2320/1120/1634 161/1122/1637
s 0
f 2320/1120/1638 198/1119/1639 161/1122/1640
s 1
f 198/1119/1635 2279/1121/1636 2192/1123/1641
f 2192/1123/1641 2123/1124/1642 170/1125/1643
f 216/1126/1644 2123/1124/1645 2233/1127/1646
s 0
f 2233/1127/1647 2316/1128/1648 226/1129/1649
s 1
f 2316/1128/1650 2149/1130/1651 226/1129/1652
s 0
f 2149/1130/1653 2314/1131/1654 165/1132/1655
s 1
f 2314/1131/1656 2349/1133/1657 165/1132/1658
s 0
f 2122/1134/1659 2349/1133/1660 2313/1135/1661
s 1
f 2349/1133/1657 2122/1134/1662 115/1136/1663
f 2122/1134/1662 2313/1137/1664 2270/1138/1665
f 2349/1133/1657 115/1136/1663 165/1132/1658
f 238/1139/1666 2149/1130/1651 165/1132/1658
f 165/1132/1658 115/1136/1663 271/1140/1667
f 165/1132/1658 271/1140/1667 237/1141/1668
f 238/1139/1666 165/1132/1658 237/1141/1668
s 0
f 238/1139/1669 237/1141/1670 226/1129/1671
s 1
f 238/1139/1666 226/1129/1652 2149/1130/1651
f 216/1126/1644 226/1129/1672 237/1141/1673
f 2233/1127/1646 226/1129/1672 216/1126/1644
s 0
f 2123/1124/1674 216/1126/1675 170/1125/1676
s 1
f 2192/1123/1641 170/1125/1643 198/1119/1635
f 161/1122/1637 264/1142/1677 2170/1116/1632
f 264/1142/1677 161/1122/1637 319/1143/1678
f 319/1143/1678 161/1122/1637 198/1119/1635
f 198/1119/1635 170/1125/1643 351/1144/1679
f 319/1143/1678 198/1119/1635 351/1144/1679
f 351/1144/1679 170/1125/1643 216/1126/1644
f 424/1145/1680 216/1126/1644 237/1141/1673
f 351/1144/1679 216/1126/1644 424/1145/1680
f 115/1136/1663 2122/1134/1662 271/1140/1667
f 2122/1134/1662 240/1146/1681 271/1140/1667
f 271/1140/1667 323/1147/1682 237/1141/1668
f 448/1148/1683 237/1141/1668 323/1147/1682
s 0
f 237/1141/1684 448/1148/1685 424/1145/1686
s 1
f 424/1145/1680 454/1149/1687 351/1144/1679
f 351/1144/1679 361/1150/1688 319/1143/1678
f 264/1142/1677 319/1143/1678 479/1151/1689
f 37/1115/1690 264/1142/1677 345/1152/1691
f 264/1142/1677 37/1115/1690 60/1114/1692
f 264/1142/1677 60/1114/1692 2189/1117/1633
f 2189/1117/1633 2170/1116/1632 264/1142/1677
f 348/883/1254 394/908/1317 259/1153/1693
f 242/878/1249 348/883/1254 259/1153/1693
f 242/878/1249 259/1153/1693 156/879/1250
f 156/879/1250 259/1153/1693 128/880/1252
f 128/880/1252 259/1153/1693 174/911/1694
f 394/908/1317 512/907/1316 169/910/1322
f 394/908/1317 169/910/1322 259/1153/1693
f 174/911/1694 52/1154/1695 128/880/1252
f 128/880/1252 52/1154/1695 2175/1155/1696
s 0
f 13/914/1697 52/1154/1698 174/911/1699
s 1
f 174/911/1694 259/1153/1693 169/910/1322
f 56/1156/1248 156/1157/1250 2177/1158/1253
f 56/1156/1248 2177/1158/1253 2203/1159/1700
f 2121/1160/1190 56/1156/1248 2165/1161/1195
f 2165/1161/1195 56/1156/1248 2203/1159/1700
f 2165/1161/1195 2203/1159/1700 2312/1162/1099
f 2312/1162/1099 2203/1159/1700 2353/1163/1100
f 2408/1164/1701 2203/1159/1700 2329/1165/1702
f 2203/1159/1700 2408/1164/1701 2405/1166/1703
f 2353/1163/1100 2203/1159/1700 2405/1166/1703
f 2353/1163/1100 2405/1166/1703 2472/1167/1169
f 2751/1168/1704 2530/1169/1103 2472/1167/1169
f 2751/1168/1704 2472/1167/1169 2405/1166/1703
f 2530/1169/1103 2751/1168/1704 2626/1170/1165
s 0
f 2626/1170/1705 2751/1168/1706 2793/1171/1707
f 2626/1170/1708 2793/1171/1709 2854/1172/1710
s 1
f 2753/1173/1143 2626/1170/1165 2854/1172/1711
f 2705/1174/1562 2753/1173/1143 2779/1175/1712
f 2779/1175/1712 2753/1173/1143 2854/1172/1711
f 2874/1176/1713 2779/1175/1712 2854/1172/1711
f 2852/1177/1714 2917/1178/1578 2874/1176/1713
f 2852/1177/1714 2874/1176/1713 2854/1172/1711
f 2854/1172/1711 2793/1171/1715 2852/1177/1714
f 2852/1177/1714 2793/1171/1715 2817/1179/1716
f 2852/1177/1714 2817/1179/1716 2965/1180/1717
f 2764/1181/1718 2817/1179/1716 2751/1168/1704
f 2751/1168/1704 2817/1179/1716 2793/1171/1715
f 2751/1168/1704 2405/1166/1703 2668/1182/1719
f 2764/1181/1718 2751/1168/1704 2668/1182/1719
f 2764/1181/1718 2668/1182/1719 2525/1183/1720
f 2525/1183/1720 2668/1182/1719 2405/1166/1703
f 2525/1183/1720 2405/1166/1703 2408/1164/1701
f 2525/1183/1720 2408/1164/1701 2484/1184/1721
s 0
f 2175/1185/1722 2345/1186/1723 2329/1165/1724
s 1
f 2177/1158/1253 2329/1165/1702 2203/1159/1700
f 2329/1165/1702 2177/1158/1253 2175/1185/1696
f 2175/1185/1696 2177/1158/1253 128/1187/1252
f 2175/1185/1696 52/1188/1695 2345/1186/1725
s 0
f 52/1188/1726 13/1189/1727 2345/1186/1728
f 2345/1186/1729 13/1189/1730 2311/1190/1731
f 2311/1190/1732 13/1189/1732 2386/1191/1733
s 1
f 13/1189/1734 220/1192/1735 2322/1193/1736
f 2385/1194/1737 2322/1193/1736 2140/1195/1362
f 2319/1196/1738 2140/1195/1362 51/1197/1363
f 2140/1195/1362 2319/1196/1738 2385/1194/1737
f 2240/1198/1739 51/1197/1363 25/1199/1364
f 51/1197/1363 2240/1198/1739 2319/1196/1738
f 13/1189/1734 2322/1193/1736 2386/1191/1740
f 2386/1191/1740 2322/1193/1736 2385/1194/1737
s 0
f 2311/1190/1741 2386/1191/1742 2570/1200/1743
f 2484/1184/1744 2311/1190/1745 2570/1200/1746
f 2484/1184/1747 2570/1200/1748 2728/1201/1749
f 2785/1202/1750 2728/1201/1751 2570/1200/1752
f 2570/1200/1753 2386/1191/1754 2468/1203/1755
s 1
f 2837/1204/1756 2570/1200/1757 2468/1203/1758
f 2837/1204/1756 2468/1203/1758 2792/1205/1759
f 2468/1203/1758 2702/1206/1760 2792/1205/1759
f 2570/1200/1757 2837/1204/1756 2951/1207/1761
f 2951/1207/1761 2837/1204/1756 2907/1208/1762
f 2907/1208/1762 2837/1204/1756 2844/1209/1763
f 2837/1204/1756 2792/1205/1759 2844/1209/1763
f 2702/1206/1760 2468/1203/1758 2386/1191/1740
f 2702/1206/1760 2386/1191/1740 2385/1194/1737
f 2439/1210/1764 2385/1194/1737 2319/1196/1738
f 2439/1210/1764 2319/1196/1738 2240/1198/1739
f 2439/1210/1764 2240/1198/1739 2482/1211/1765
f 2385/1194/1737 2439/1210/1764 2702/1206/1760
f 2702/1206/1760 2439/1210/1764 2482/1211/1765
f 2447/1212/1766 2482/1211/1765 2240/1198/1739
f 2482/1211/1765 2447/1212/1766 2752/1213/1767
f 2482/1211/1765 2752/1213/1767 2792/1205/1759
f 2702/1206/1760 2482/1211/1765 2792/1205/1759
f 2907/1208/1762 2844/1209/1763 3011/1214/1768
f 2792/1205/1759 2922/1215/1769 2844/1209/1763
f 2922/1215/1769 2792/1205/1759 2752/1213/1767
f 2951/1207/1761 2907/1208/1762 3011/1214/1768
f 2951/1207/1761 3011/1214/1768 3068/1216/1770
f 2951/1207/1761 3068/1216/1770 2982/1217/1771
f 2951/1207/1761 2982/1217/1771 2570/1200/1757
f 3068/1216/1770 3160/1218/1772 2982/1217/1771
f 3068/1216/1770 3109/1219/1773 3160/1218/1772
s 0
f 3109/1219/1774 3068/1216/1775 3011/1214/1776
s 1
f 3109/1219/1773 3011/1214/1777 3162/1220/1778
s 0
f 3092/1221/1779 3011/1214/1780 3025/1222/1781
s 1
f 3011/1214/1777 3092/1221/1782 3162/1220/1778
f 3162/1220/1778 3092/1221/1782 3210/1223/1783
f 3160/1218/1772 3109/1219/1773 3161/1224/1784
f 3160/1218/1772 3095/1225/1785 2982/1217/1771
f 3209/1226/1786 3161/1224/1784 3109/1219/1773
f 3302/1227/1787 3209/1226/1786 3313/1228/1788
f 3209/1226/1786 3109/1219/1773 3162/1220/1778
f 3209/1226/1786 3162/1220/1778 3313/1228/1788
f 3313/1228/1788 3210/1223/1783 3307/1229/1789
f 3374/1230/1790 3314/1231/1791 3330/1232/1792
f 3374/1230/1790 3330/1232/1792 3277/1233/1793
f 3374/1230/1790 3277/1233/1793 3376/1234/1794
f 3376/1234/1794 3309/1235/1795 3477/1236/1796
f 3477/1236/1796 3309/1235/1795 3507/1237/1797
f 3507/1237/1797 3331/1238/1798 3439/1239/1799
f 3331/1238/1798 3507/1237/1797 3309/1235/1795
f 3309/1235/1795 3376/1234/1794 3277/1233/1793
f 3330/1232/1792 3314/1231/1791 3136/1240/1800
f 3136/1240/1800 3314/1231/1791 3307/1229/1789
f 3136/1240/1800 3307/1229/1789 3092/1221/1782
f 3092/1221/1782 3307/1229/1789 3210/1223/1783
f 3162/1220/1778 3210/1223/1783 3313/1228/1788
f 3047/1241/1801 3136/1240/1800 3025/1222/1802
f 3025/1222/1802 3136/1240/1800 3092/1221/1782
f 3025/1222/1802 3011/1214/1768 2844/1209/1763
f 3025/1222/1802 2844/1209/1763 2922/1215/1769
f 3025/1222/1802 2922/1215/1769 3047/1241/1801
f 3047/1241/1801 2922/1215/1769 2948/1242/1803
f 2922/1215/1769 2752/1213/1767 2948/1242/1803
f 2752/1213/1767 2816/1243/1804 2948/1242/1803
f 3047/1241/1801 3118/1244/1805 3136/1240/1800
f 3016/1245/1806 3118/1244/1805 3047/1241/1801
f 3016/1245/1806 3047/1241/1801 2948/1242/1803
f 3016/1245/1806 2948/1242/1803 2883/1246/1807
f 2948/1242/1803 2816/1243/1804 2883/1246/1807
f 2816/1243/1804 2765/1247/1808 2883/1246/1807
f 2765/1247/1808 2816/1243/1804 2531/1248/1809
s 0
f 2816/1243/1810 2752/1213/1811 2531/1248/1812
s 1
f 2531/1248/1813 2752/1213/1767 2447/1212/1766
f 2435/1249/1814 2531/1248/1813 2447/1212/1766
f 2435/1249/1814 2447/1212/1766 2372/1250/1815
f 2447/1212/1766 2240/1198/1739 25/1199/1364
f 2447/1212/1766 25/1199/1364 2372/1250/1815
f 2372/1250/1815 25/1199/1364 2328/1251/1816
s 0
f 2435/1249/1817 2372/1250/1818 2328/1251/1819
s 1
f 2357/1252/1820 2435/1249/1814 2328/1251/1816
f 2924/1253/1821 2883/1246/1807 2765/1247/1808
f 3016/1245/1806 2883/1246/1807 3054/1254/1822
f 3016/1245/1806 3054/1254/1822 3118/1244/1805
f 3330/1232/1792 3136/1240/1800 3118/1244/1805
f 3330/1232/1792 3118/1244/1805 3277/1233/1793
f 3331/1238/1798 3309/1235/1795 3319/1255/1823
f 3331/1238/1798 3397/1256/1824 3439/1239/1799
f 3542/1257/1825 3545/1258/1826 3439/1239/1799
f 3542/1257/1825 3439/1239/1799 3510/1259/1827
f 3542/1257/1825 3510/1259/1827 3580/1260/1828
f 3510/1259/1827 3539/1261/1829 3580/1260/1828
f 3670/1262/1830 3580/1260/1828 3618/1263/1831
f 3618/1263/1831 3580/1260/1828 3585/1264/1832
f 3539/1261/1829 3585/1264/1832 3580/1260/1828
f 3585/1264/1832 3594/1265/1833 3618/1263/1831
f 3618/1263/1831 3594/1265/1833 3634/1266/1834
f 3618/1263/1831 3634/1266/1834 3670/1262/1830
f 3728/1267/1835 3670/1262/1830 3634/1266/1834
f 3573/1268/1836 3594/1265/1833 3585/1264/1832
f 3585/1264/1832 3468/1269/1837 3573/1268/1836
s 0
f 3439/1239/1838 3397/1256/1839 3510/1259/1840
s 1
f 3397/1256/1824 3404/1270/1841 3510/1259/1827
f 3539/1261/1829 3510/1259/1827 3404/1270/1841
f 3417/1271/1842 3539/1261/1829 3404/1270/1841
f 3331/1238/1798 3319/1255/1823 3159/1272/1843
f 3159/1272/1843 3319/1255/1823 3147/1273/1844
f 3309/1235/1795 3277/1233/1793 3319/1255/1823
f 3319/1255/1823 3277/1233/1793 3118/1244/1805
f 3107/1274/1845 3319/1255/1823 3118/1244/1805
f 3118/1244/1805 3054/1254/1822 3107/1274/1845
f 2883/1246/1807 3053/1275/1846 3054/1254/1822
f 3054/1254/1822 3053/1275/1846 3107/1274/1845
f 3147/1273/1844 3319/1255/1823 3107/1274/1845
f 3331/1238/1798 3159/1272/1843 3397/1256/1824
f 3397/1256/1824 3159/1272/1843 3289/1276/1847
f 3397/1256/1824 3289/1276/1847 3404/1270/1841
f 3116/1277/1848 3159/1272/1843 3147/1273/1844
s 0
f 3159/1272/1849 3137/1278/1850 3289/1276/1851
s 1
f 3159/1272/1852 3123/1279/1853 3137/1278/1854
s 0
f 3123/1279/1855 3159/1272/1856 3116/1277/1857
s 1
f 3404/1270/1841 3289/1276/1847 3417/1271/1842
f 3289/1276/1847 3293/1280/1858 3417/1271/1842
f 3377/1281/1859 3417/1271/1842 3293/1280/1858
f 3293/1280/1858 3308/1282/1860 3377/1281/1859
s 0
f 3137/1278/1861 3293/1280/1862 3289/1276/1863
s 1
f 3293/1280/1858 3137/1278/1864 3231/1283/1865
s 0
f 2924/1253/1866 3116/1277/1867 3147/1273/1868
s 1
f 3147/1273/1844 3107/1274/1845 3053/1275/1846
f 2924/1253/1821 3053/1275/1846 2883/1246/1807
f 2924/1253/1821 2765/1247/1808 2882/1284/1869
f 2517/1285/1870 2882/1284/1869 2765/1247/1808
s 0
f 2765/1247/1871 2531/1248/1872 2517/1285/1873
s 1
f 2517/1285/1870 2531/1248/1813 2435/1249/1814
f 2517/1285/1870 2435/1249/1814 2357/1252/1820
f 2328/1251/1816 25/1199/1364 97/1286/1366
f 2328/1251/1816 97/1286/1366 24/1287/1874
f 24/1287/1874 2137/1288/1875 2328/1251/1816
f 2328/1251/1816 2137/1288/1875 2357/1252/1820
f 2389/1289/1876 2357/1252/1820 2137/1288/1875
f 2357/1252/1820 2389/1289/1876 2517/1285/1870
f 2882/1284/1869 2517/1285/1870 2748/1290/1877
f 2748/1290/1877 2517/1285/1870 2446/1291/1878
f 2446/1291/1878 2517/1285/1870 2389/1289/1876
s 0
f 2446/1291/1879 2269/1292/1880 2361/1293/1881
s 1
f 2446/1291/1878 2190/1294/1882 2269/1292/1883
f 2190/1294/1882 2446/1291/1878 2389/1289/1876
f 2190/1294/1882 50/1295/1884 7/1296/1885
f 2190/1294/1882 7/1296/1885 2269/1292/1883
f 2361/1293/1886 2269/1292/1887 2326/1297/1888
f 2362/1298/1889 2361/1293/1886 2326/1297/1888
f 2446/1291/1878 2361/1293/1886 2707/1299/1890
f 2748/1290/1877 2446/1291/1878 2707/1299/1890
f 2748/1290/1877 2707/1299/1890 2909/1300/1891
f 2882/1284/1869 2748/1290/1877 2909/1300/1891
f 2882/1284/1869 3116/1277/1892 2924/1253/1821
f 3147/1273/1844 3053/1275/1846 2924/1253/1821
f 2909/1300/1891 3116/1277/1892 2882/1284/1869
f 3123/1279/1853 3116/1277/1892 2909/1300/1891
f 3123/1279/1853 2909/1300/1891 3137/1278/1854
s 0
f 3137/1278/1893 2909/1300/1894 2947/1301/1895
s 1
f 3137/1278/1864 2947/1301/1896 3076/1302/1897
f 3137/1278/1864 3076/1302/1897 3231/1283/1865
f 3076/1302/1897 2947/1301/1896 2877/1303/1898
f 2707/1299/1890 2947/1301/1896 2909/1300/1891
f 2947/1301/1896 2707/1299/1890 2522/1304/1899
f 3076/1302/1897 2877/1303/1898 2966/1305/1900
f 2966/1305/1900 2877/1303/1898 2888/1306/1901
f 3076/1302/1897 2966/1305/1900 3164/1307/1902
f 3076/1302/1897 3164/1307/1902 3231/1283/1865
f 3122/1308/1903 3164/1307/1902 2966/1305/1900
f 2990/1309/1904 3122/1308/1903 2966/1305/1900
f 2966/1305/1900 2893/1310/1905 2990/1309/1904
f 2893/1310/1905 2966/1305/1900 2888/1306/1901
f 2893/1310/1905 2888/1306/1901 2805/1311/1906
f 2877/1303/1898 2947/1301/1896 2522/1304/1899
f 2522/1304/1899 2707/1299/1890 2361/1293/1886
f 2522/1304/1899 2361/1293/1886 2362/1298/1889
f 2419/1312/1907 2522/1304/1899 2362/1298/1889
f 2419/1312/1907 2362/1298/1889 2188/1313/1908
f 2188/1313/1908 2362/1298/1889 2326/1297/1888
f 119/1314/1909 2326/1297/1888 2269/1292/1887
s 0
f 206/1315/1910 119/1314/1911 2269/1292/1912
s 1
f 2188/1313/1908 2326/1297/1888 119/1316/1909
f 119/1316/1909 179/1317/1913 2188/1313/1908
f 2419/1312/1907 2188/1313/1908 179/1317/1913
f 2445/1318/1914 2419/1312/1907 2290/1319/1915
s 0
f 2419/1312/1916 2445/1318/1917 2522/1304/1918
s 1
f 2877/1303/1898 2522/1304/1899 2445/1318/1914
f 2888/1306/1901 2877/1303/1898 2445/1318/1914
f 2805/1311/1906 2825/1320/1919 2893/1310/1905
f 2825/1320/1919 2805/1311/1906 2741/1321/1920
f 2893/1310/1905 2961/1322/1921 2990/1309/1904
f 2990/1309/1904 3032/1323/1922 3122/1308/1903
f 3032/1323/1922 2990/1309/1904 3030/1324/1923
f 3164/1307/1902 3122/1308/1903 3231/1283/1865
f 3122/1308/1903 3032/1323/1922 3175/1325/1924
f 3122/1308/1903 3175/1325/1924 3231/1283/1865
f 3231/1283/1865 3175/1325/1924 3308/1282/1860
f 3293/1280/1858 3231/1283/1865 3308/1282/1860
f 3390/1326/1925 3308/1282/1860 3175/1325/1924
f 3175/1325/1924 3032/1323/1922 3227/1327/1926
f 3030/1324/1923 2990/1309/1904 3018/1328/1927
f 3018/1328/1927 2990/1309/1904 2961/1322/1921
f 2960/1329/1928 2825/1320/1919 2856/1330/1929
f 2831/1331/1930 2856/1330/1929 2825/1320/1919
f 2960/1329/1928 2961/1322/1921 2893/1310/1905
f 2825/1320/1919 2960/1329/1928 2893/1310/1905
f 2831/1331/1930 2825/1320/1919 2741/1321/1920
f 2805/1311/1906 2888/1306/1901 2444/1332/1931
f 2444/1332/1931 2888/1306/1901 2445/1318/1914
f 2701/1333/1932 2741/1321/1920 2805/1311/1906
f 2701/1333/1932 2805/1311/1906 2455/1334/1933
s 0
f 2455/1334/1934 2805/1311/1935 2444/1332/1936
s 1
f 2444/1332/1931 2445/1318/1914 2290/1319/1915
f 2444/1332/1931 2290/1319/1915 2455/1334/1937
f 2290/1319/1915 2419/1312/1907 179/1317/1913
f 179/1317/1913 36/1335/1938 2290/1319/1915
f 63/1336/1939 2290/1319/1915 36/1335/1938
s 0
f 2375/1337/1940 2290/1319/1941 63/1336/1942
f 2455/1334/1943 2290/1319/1944 2375/1337/1945
f 63/1336/1946 96/1338/1947 2343/1339/1948
f 2343/1339/1949 2375/1337/1950 63/1336/1951
s 1
f 2713/1340/1952 2831/1331/1930 2741/1321/1920
f 2741/1321/1920 2701/1333/1932 2713/1340/1952
f 2697/1077/1184 2705/1076/1562 2779/1341/1712
f 2697/1077/1184 2779/1341/1712 2755/1080/1564
f 2755/1080/1564 2779/1341/1712 2804/1089/1573
f 2755/1080/1564 2804/1089/1573 2759/1087/1571
f 2812/1090/1574 2804/1089/1573 2779/1341/1712
f 2812/1090/1574 2779/1341/1712 2874/1342/1713
f 2812/1090/1574 2874/1342/1713 2917/1094/1578
f 623/1343/1953 625/837/1197 712/847/1210
f 712/847/1210 742/848/1211 797/849/1954
f 712/847/1210 632/1344/1955 623/1343/1953
f 625/837/1197 623/1343/1953 617/865/1239
f 623/1343/1953 632/1344/1955 617/865/1239
f 617/865/1239 632/1344/1955 636/888/1265
f 617/865/1239 636/888/1265 534/866/1183
f 621/868/1240 534/866/1183 636/888/1265
f 697/900/1292 683/1345/1956 757/901/1294
f 697/900/1292 664/899/1293 683/1345/1956
f 683/1345/1956 664/899/1293 665/1346/1957
f 821/898/1285 757/901/1294 839/1347/1958
f 839/1347/1958 757/901/1294 683/1345/1956
f 665/1346/1957 664/899/1293 632/1344/1955
f 664/899/1293 636/888/1265 632/1344/1955
f 665/1346/1957 632/1344/1955 712/847/1210
s 0
f 665/1346/1959 712/847/1960 683/1345/1961
f 683/1345/1962 712/847/1963 797/849/1964
s 1
f 683/1345/1956 797/849/1215 839/1347/1958
f 725/846/1208 666/845/1207 787/1348/1965
f 787/1348/1965 666/845/1207 685/853/1220
f 685/853/1220 593/850/1217 568/1104/1607
s 0
f 886/1349/1966 685/853/1967 659/1106/1968
f 886/1349/1969 968/1350/1970 685/853/1971
f 968/1350/1972 787/1348/1973 685/853/1974
s 1
f 725/846/1208 839/1347/1958 797/849/1215
f 725/846/1208 787/1348/1965 839/1347/1958
f 787/1348/1965 968/1350/1975 839/1347/1958
f 821/898/1285 839/1347/1958 968/1350/1975
f 1028/903/1976 821/898/1285 968/1350/1975
f 1028/903/1976 968/1350/1975 988/1351/1977
f 988/1351/1977 1063/1352/1978 1056/1353/1979
f 1063/1352/1978 988/1351/1977 1050/1354/1980
f 988/1351/1977 968/1350/1975 1050/1354/1980
s 0
f 968/1350/1981 947/1355/1982 1050/1354/1983
s 1
f 968/1350/1984 886/1349/1985 947/1355/1986
f 947/1355/1986 886/1349/1985 881/1356/1987
f 1112/1357/1988 947/1355/1989 977/1358/1990
f 1050/1354/1980 947/1355/1989 1112/1357/1988
f 1112/1357/1988 977/1358/1990 1018/1359/1991
f 1050/1354/1980 1112/1357/1988 1111/1360/1992
f 1112/1357/1988 1018/1359/1991 1104/1361/1993
s 0
f 977/1358/1994 947/1355/1995 881/1356/1996
s 1
f 977/1358/1990 881/1356/1987 844/1362/1997
f 977/1358/1990 844/1362/1997 916/1363/1998
f 1018/1359/1991 977/1358/1990 1049/1364/1999
s 0
f 1104/1361/2000 1018/1359/2001 1049/1364/2002
s 1
f 1112/1357/1988 1104/1361/1993 1127/1365/2003
f 1111/1360/1992 1112/1357/1988 1127/1365/2003
f 1050/1354/1980 1111/1360/1992 1063/1352/1978
f 1111/1360/1992 1127/1365/2003 1137/1366/2004
f 1137/1366/2004 1127/1365/2003 1155/1367/2005
f 1155/1367/2005 1127/1365/2003 1104/1361/1993
f 1104/1361/1993 1049/1364/2006 1215/1368/2007
s 0
f 1049/1364/2008 981/1369/2009 1040/1370/2010
s 1
f 1049/1364/2006 1040/1370/2011 1167/1371/2012
f 1040/1370/2011 1202/1372/2013 1167/1371/2012
f 1040/1370/2011 1151/1373/2014 1202/1372/2013
f 1151/1373/2014 1040/1370/2011 1085/1374/2015
s 0
f 1202/1372/2016 1151/1373/2017 1251/1375/2018
s 1
f 1085/1374/2015 1124/1376/2019 1242/1377/2020
f 1151/1373/2014 1085/1374/2015 1242/1377/2020
f 1151/1373/2014 1242/1377/2020 1251/1375/2021
f 1251/1375/2022 1309/1378/2023 1202/1372/2013
f 1202/1372/2013 1282/1379/2024 1215/1368/2007
f 1202/1372/2013 1215/1368/2007 1167/1371/2012
f 1049/1364/2006 1167/1371/2012 1215/1368/2007
f 1104/1361/1993 1215/1368/2007 1155/1367/2005
f 1262/1380/2025 1155/1367/2005 1215/1368/2007
f 1262/1380/2025 1249/1381/2026 1155/1367/2005
f 1155/1367/2005 1249/1381/2026 1178/1382/2027
f 1178/1382/2027 1249/1381/2026 1154/1383/2028
f 1137/1366/2004 1155/1367/2005 1178/1382/2027
f 1137/1366/2004 1110/1384/2029 1111/1360/1992
f 1111/1360/1992 1110/1384/2029 1063/1352/1978
f 988/1351/1977 1056/1353/1979 1028/903/1976
f 1056/1353/1979 1063/1352/1978 1110/1384/2029
f 1110/1384/2029 1102/1385/2030 1056/1353/1979
f 1110/1384/2029 1137/1366/2004 1131/1386/2031
f 1110/1384/2029 1131/1386/2031 1102/1385/2030
f 1102/1385/2030 1131/1386/2031 1113/1387/2032
f 1102/1385/2030 1113/1387/2032 1070/1388/2033
f 1070/1388/2033 1113/1387/2032 1060/1389/2034
f 1102/1385/2030 1070/1388/2033 1056/1353/1979
f 1070/1388/2033 1038/1390/2035 1056/1353/1979
f 1056/1353/1979 1038/1390/2035 1028/903/1976
f 1038/1390/2035 1032/904/2036 1028/903/1976
f 1019/1391/2037 1038/1390/2035 1070/1388/2033
f 1038/1390/2035 1019/1391/2037 1032/904/2036
f 1070/1388/2033 1060/1389/2034 1019/1391/2037
f 1059/945/1384 1060/1389/2034 1113/1387/2032
f 1113/1387/2032 1131/1386/2031 1136/1392/2038
f 1131/1386/2031 1137/1366/2004 1178/1382/2027
f 1136/1392/2038 1131/1386/2031 1178/1382/2027
f 1060/1389/2034 1059/945/1384 942/940/1373
f 1060/1389/2034 942/940/1373 964/1393/2039
f 1019/1391/2037 1060/1389/2034 964/1393/2039
f 1019/1391/2037 982/902/2040 1032/904/2036
f 982/902/2040 1019/1391/2037 950/1394/2041
f 950/1394/2041 1019/1391/2037 964/1393/2039
f 891/905/1347 982/902/2040 950/1394/2041
s 0
f 982/902/2042 891/905/2043 841/897/2044
s 1
f 891/905/1347 950/1394/2041 915/922/1348
f 964/1393/2039 915/922/1348 950/1394/2041
f 915/922/1348 964/1393/2039 942/940/1373
s 0
f 2764/1181/2045 2525/1183/2046 2728/1201/2047
s 1
f 2728/1201/2048 2785/1202/2049 2764/1181/1718
f 2977/1395/2050 2817/1179/1716 2764/1181/1718
f 2764/1181/1718 2785/1202/2049 2977/1395/2050
s 0
f 2977/1395/2051 2785/1202/2052 2982/1217/2053
f 2965/1180/2054 2977/1395/2055 2982/1217/2056
s 1
f 2965/1180/1717 2982/1217/1771 3095/1225/1785
f 2965/1180/1717 3095/1225/1785 2963/1396/2057
s 0
f 2785/1202/2058 2570/1200/2059 2982/1217/2060
s 1
f 2525/1183/1720 2484/1184/1721 2728/1201/2061
s 0
f 2484/1184/2062 2408/1164/2063 2311/1190/2064
f 2408/1164/2065 2329/1165/2066 2311/1190/2067
s 1
f 2311/1190/2068 2329/1165/2069 2345/1186/2070
f 3002/1397/1579 2917/1178/1578 2963/1396/2057
f 2917/1178/1578 2852/1177/1714 2963/1396/2057
f 2963/1396/2057 2852/1177/1714 2965/1180/1717
f 2977/1395/2050 2965/1180/1717 2817/1179/1716
f 3160/1218/1772 3161/1224/1784 3200/1398/2071
f 3200/1398/2071 3095/1225/1785 3160/1218/1772
f 3095/1225/1785 3200/1398/2071 3190/1399/2072
f 2876/1082/1566 2810/1066/1545 2729/1058/1529
f 211/1113/1625 2151/1112/1535 2254/1400/1536
f 2254/1400/1536 60/1114/2073 211/1113/1625
f 211/1113/1625 255/1109/1622 108/1110/1623
f 211/1113/1625 108/1110/1623 2151/1112/1535
f 886/1349/1985 659/1106/2074 881/1356/1987
f 881/1356/1987 659/1106/2074 795/1401/2075
f 881/1356/1987 795/1401/2075 844/1362/1997
f 795/1401/2075 659/1106/2074 703/1402/2076
f 703/1402/2076 659/1106/2074 638/1107/2077
f 844/1362/1997 795/1401/2075 703/1402/2076
f 844/1362/1997 703/1402/2076 772/1403/2078
f 844/1362/1997 772/1403/2078 744/1404/2079
f 744/1404/2079 772/1403/2078 703/1402/2076
f 844/1362/1997 744/1404/2079 835/1405/2080
f 744/1404/2079 790/1406/2081 835/1405/2080
s 0
f 916/1363/2082 844/1362/2083 835/1405/2084
s 1
f 835/1405/2080 790/1406/2081 916/1363/1998
f 609/1407/2085 790/1406/2081 744/1404/2079
f 744/1404/2079 703/1402/2076 574/1408/2086
f 703/1402/2076 638/1107/2077 574/1408/2086
f 574/1408/2086 551/1409/2087 744/1404/2079
s 0
f 744/1404/2088 551/1409/2089 609/1407/2090
s 1
f 319/1143/1678 551/1409/2087 479/1151/1689
f 479/1151/1689 345/1152/1691 264/1142/1677
f 479/1151/1689 551/1409/2087 574/1408/2086
f 345/1152/1691 479/1151/1689 574/1408/2086
s 0
f 37/1115/2091 345/1152/2092 268/1108/2093
s 1
f 268/1108/2094 345/1152/1691 638/1107/2077
f 638/1107/2077 345/1152/1691 574/1408/2086
f 2322/1410/1736 220/912/1735 2140/915/1362
f 60/1411/1692 2390/1412/2095 2189/1413/1633
f 2189/1413/1633 2390/1412/2095 2387/1414/2096
f 2189/1413/1633 2387/1414/2096 2320/1415/1634
f 2387/1414/2096 2390/1412/2095 2412/1416/2097
f 2390/1412/2095 2456/1417/2098 2412/1416/2097
f 2320/1415/1634 2387/1414/2096 2279/1418/1636
f 2192/1419/1641 2279/1418/1636 2703/1420/2099
s 0
f 2387/1414/2100 2420/1421/2101 2279/1418/2102
s 1
f 2420/1421/2103 2387/1414/2096 2412/1416/2097
f 2279/1418/1636 2420/1421/2103 2589/1422/2104
f 2703/1420/2099 2394/1423/2105 2192/1419/1641
f 2321/1424/2106 2192/1419/1641 2394/1423/2105
f 2192/1419/1641 2321/1424/2106 2123/1425/1642
s 0
f 2123/1425/2107 2321/1424/2108 2233/1426/2109
s 1
f 2233/1426/2110 2453/1427/2111 2316/1428/1650
f 2453/1427/2111 2233/1426/2110 2321/1424/2106
f 2149/1429/1651 2316/1428/1650 2314/1430/1656
f 2349/1431/1657 2314/1430/1656 2460/1432/2112
f 2314/1430/1656 2316/1428/1650 2460/1432/2112
f 2321/1424/2106 2394/1423/2105 2453/1427/2111
f 2453/1427/2111 2394/1423/2105 2488/1433/2113
f 2453/1427/2111 2524/1434/2114 2316/1428/1650
f 2316/1428/1650 2524/1434/2114 2460/1432/2112
f 2460/1432/2112 2417/1435/2115 2349/1431/1657
f 2313/1436/1664 2355/1437/2116 2270/1438/1665
f 2360/1439/2117 2270/1438/1665 2355/1437/2116
f 2360/1439/2117 2450/1440/2118 2162/1441/2119
f 2360/1439/2117 2359/1442/2120 2450/1440/2118
f 2162/1441/2119 2450/1440/2118 2388/1443/2121
s 0
f 2355/1437/2122 2359/1442/2123 2360/1439/2124
s 1
f 2594/1444/2125 2355/1437/2116 2417/1435/2115
f 2417/1435/2115 2355/1437/2116 2313/1436/1664
s 0
f 2313/1436/2126 2349/1431/2127 2417/1435/2128
s 1
f 2417/1435/2115 2460/1432/2112 2524/1434/2114
f 2524/1434/2114 2781/1445/2129 2417/1435/2115
s 0
f 2488/1433/2130 2524/1434/2131 2453/1427/2132
s 1
f 2488/1433/2113 2776/1446/2133 2524/1434/2134
f 2524/1434/2134 2776/1446/2133 2855/1447/2135
s 0
f 2781/1445/2136 2524/1434/2137 2855/1447/2138
s 1
f 2855/1447/2135 2776/1446/2133 2890/1448/2139
f 2776/1446/2133 2488/1433/2113 2694/1449/2140
s 0
f 2776/1446/2141 2694/1449/2142 2861/1450/2143
s 1
f 2776/1446/2133 2861/1450/2144 2890/1448/2139
f 3045/1451/2145 2890/1448/2139 2861/1450/2144
f 2861/1450/2144 2694/1449/2140 2959/1452/2146
f 2694/1449/2140 2930/1453/2147 2939/1454/2148
f 2930/1453/2147 2694/1449/2140 2488/1433/2113
f 2703/1420/2099 2488/1433/2113 2394/1423/2105
f 2589/1422/2104 2703/1420/2099 2279/1418/1636
f 2724/1455/2149 2420/1421/2103 2412/1416/2097
f 2754/1456/2150 2412/1416/2097 2456/1417/2098
f 2412/1416/2097 2754/1456/2150 2724/1455/2149
f 2754/1456/2150 2456/1417/2098 2830/1457/2151
f 2830/1457/2151 2894/1458/2152 2754/1456/2150
f 2830/1457/2151 3055/1459/1546 2894/1458/2152
f 3055/1459/1546 3091/1460/2153 2894/1458/2152
f 3091/1460/2153 3055/1459/1546 3133/1461/1590
f 3039/1462/2154 3091/1460/2153 3115/1463/2155
f 3115/1463/2155 3091/1460/2153 3217/1464/2156
f 3091/1460/2153 3139/1465/2157 3217/1464/2156
f 3091/1460/2153 3133/1461/1590 3139/1465/2157
f 3133/1461/1590 3205/1466/2158 3139/1465/2157
f 3139/1465/2157 3205/1466/2158 3193/1467/2159
f 3139/1465/2157 3193/1467/2159 3217/1464/2156
f 3305/1468/2160 3217/1464/2156 3193/1467/2159
f 3222/1469/2161 3217/1464/2156 3305/1468/2160
f 3305/1468/2160 3193/1467/2159 3292/1470/2162
f 3292/1470/2162 3335/1471/2163 3305/1468/2160
f 3115/1463/2155 3217/1464/2156 3222/1469/2161
f 3115/1463/2155 3222/1469/2161 3108/1472/2164
f 3091/1460/2153 3039/1462/2154 2894/1458/2152
f 2894/1458/2152 3039/1462/2154 2971/1473/2165
f 2894/1458/2152 2971/1473/2165 2754/1456/2150
f 2754/1456/2150 2971/1473/2165 2841/1474/2166
f 2754/1456/2150 2841/1474/2166 2724/1455/2149
f 2724/1455/2149 2824/1475/2167 2420/1421/2103
f 2420/1421/2103 2824/1475/2167 2589/1422/2104
f 2824/1475/2167 2724/1455/2149 2841/1474/2166
f 2857/1476/2168 2824/1475/2167 2841/1474/2166
f 2809/1477/2169 2824/1475/2167 2857/1476/2168
f 2824/1475/2167 2809/1477/2169 2589/1422/2104
f 2809/1477/2169 2703/1420/2099 2589/1422/2104
f 2488/1433/2113 2703/1420/2099 2809/1477/2169
f 2488/1433/2113 2809/1477/2169 2930/1453/2147
f 2809/1477/2169 3020/1478/2170 2930/1453/2147
f 2809/1477/2169 2857/1476/2168 3028/1479/2171
f 3020/1478/2170 2809/1477/2169 3028/1479/2171
f 2857/1476/2168 2841/1474/2166 3039/1462/2154
f 3039/1462/2154 2841/1474/2166 2971/1473/2165
f 3039/1462/2154 3115/1463/2155 3108/1472/2164
f 3039/1462/2154 3108/1472/2164 2857/1476/2168
f 2857/1476/2168 3108/1472/2164 3111/1480/2172
f 3028/1479/2171 2857/1476/2168 3111/1480/2172
f 3108/1472/2164 3157/1481/2173 3111/1480/2172
f 3157/1481/2173 3108/1472/2164 3222/1469/2161
f 3111/1480/2172 3056/1482/2174 3028/1479/2171
f 3111/1480/2172 3089/1483/2175 3056/1482/2174
f 3028/1479/2171 3056/1482/2174 3020/1478/2170
s 0
f 2939/1454/2176 2930/1453/2177 3020/1478/2178
s 1
f 2694/1449/2140 2939/1454/2148 2959/1452/2146
f 2939/1454/2179 3020/1478/2170 3056/1482/2174
f 2959/1452/2146 2939/1454/2148 3138/1484/2180
s 0
f 3138/1484/2181 2939/1454/2182 3056/1482/2183
s 1
f 3056/1482/2174 3089/1483/2175 3138/1484/2180
f 2959/1452/2146 3060/1485/2184 3045/1451/2145
f 2959/1452/2146 3045/1451/2145 2861/1450/2144
f 2890/1448/2139 3021/1486/2185 2855/1447/2135
f 2359/1442/2120 2355/1437/2116 2594/1444/2125
f 2450/1440/2118 2359/1442/2120 2696/1487/2186
f 2846/1488/2187 2594/1444/2125 2417/1435/2115
f 2846/1488/2187 2417/1435/2115 2781/1445/2129
f 3021/1486/2185 2890/1448/2139 3117/1489/2188
f 3117/1489/2188 2890/1448/2139 3066/1490/2189
f 3066/1490/2189 2890/1448/2139 3045/1451/2145
f 3021/1486/2185 3117/1489/2188 3096/1491/2190
f 3100/1492/2191 3066/1490/2189 3045/1451/2145
f 3096/1491/2190 3117/1489/2188 3127/1493/2192
f 3096/1491/2190 3127/1493/2192 3244/1494/2193
f 3127/1493/2192 3117/1489/2188 3066/1490/2189
f 3127/1493/2192 3066/1490/2189 3282/1495/2194
f 3096/1491/2190 3244/1494/2193 3213/1496/2195
f 3079/1497/2196 3096/1491/2190 3213/1496/2195
f 3096/1491/2190 3079/1497/2196 3021/1486/2185
f 2855/1447/2135 3021/1486/2185 3079/1497/2196
f 2781/1445/2129 2855/1447/2135 3079/1497/2196
f 2846/1488/2187 2938/1498/2197 2594/1444/2125
f 2594/1444/2125 2938/1498/2197 2696/1487/2186
f 2594/1444/2125 2696/1487/2186 2359/1442/2120
s 0
f 2450/1440/2198 2696/1487/2199 2616/1499/2200
s 1
f 3079/1497/2196 2846/1488/2187 2781/1445/2129
f 3079/1497/2196 2938/1498/2197 2846/1488/2187
f 3079/1497/2196 3077/1500/2201 2938/1498/2197
f 3079/1497/2196 3213/1496/2195 3077/1500/2201
f 3077/1500/2201 3213/1496/2195 3181/1501/2202
f 2696/1487/2186 2938/1498/2197 2848/1502/2203
f 2696/1487/2186 2848/1502/2203 2616/1499/2204
f 2450/1440/2118 2616/1499/2205 2388/1443/2121
f 2388/1443/2121 2616/1499/2205 2414/1503/2206
s 0
f 2616/1499/2207 2481/1504/2208 2475/1505/2209
s 1
f 2616/1499/2205 2475/1505/2210 2414/1503/2206
f 2388/1443/2121 2414/1503/2206 2187/1506/2211
f 2388/1443/2121 2164/1507/2212 2162/1441/2119
s 0
f 2164/1507/2213 2388/1443/2214 2187/1506/2215
s 1
f 2187/1506/2211 2414/1503/2206 2377/1508/2216
s 0
f 2204/1509/2217 2187/1506/2218 2377/1508/2219
f 2416/1510/2220 2204/1509/2221 2377/1508/2222
s 1
f 2377/1508/2216 2414/1503/2206 2475/1505/2210
f 2516/1511/2223 2475/1505/2224 2481/1504/2225
s 0
f 2475/1505/2226 2416/1510/2227 2377/1508/2228
s 1
f 2416/1510/2229 2475/1505/2224 2476/1512/2230
f 2516/1511/2223 2476/1512/2230 2475/1505/2224
f 2800/1513/2231 2693/1514/2232 2819/1515/2233
f 2516/1511/2223 2481/1504/2225 2636/1516/2234
s 0
f 2616/1499/2235 2853/1517/2236 2481/1504/2237
s 1
f 2616/1499/2204 2848/1502/2203 2853/1517/2238
f 2481/1504/2225 2853/1517/2238 2636/1516/2234
f 2848/1502/2203 2938/1498/2197 2975/1518/2239
s 0
f 2975/1518/2240 2938/1498/2241 3077/1500/2242
s 1
f 2853/1517/2238 2808/1519/2243 2636/1516/2234
f 2636/1516/2234 2808/1519/2243 2806/1520/2244
f 2806/1520/2244 2808/1519/2243 2845/1521/2245
f 2516/1511/2223 2636/1516/2234 2806/1520/2244
f 2693/1514/2232 2516/1511/2223 2806/1520/2244
f 2693/1514/2232 2806/1520/2244 2819/1515/2233
f 2806/1520/2244 2902/1522/2246 2819/1515/2233
f 2902/1522/2246 2806/1520/2244 2845/1521/2245
f 2902/1522/2246 2845/1521/2245 2934/1523/2247
f 2845/1521/2245 2808/1519/2243 2853/1517/2238
f 2845/1521/2245 2853/1517/2238 3013/1524/2248
f 3013/1524/2248 2853/1517/2238 2848/1502/2203
f 2848/1502/2203 2975/1518/2239 3013/1524/2248
f 3181/1501/2202 2975/1518/2239 3077/1500/2201
f 2975/1518/2239 3181/1501/2202 3187/1525/2249
f 2975/1518/2239 3105/1526/2250 3013/1524/2248
f 3105/1526/2250 2975/1518/2239 3187/1525/2249
f 3105/1526/2250 3187/1525/2249 3183/1527/2251
f 3105/1526/2250 3183/1527/2251 3156/1528/2252
f 3105/1526/2250 3156/1528/2252 3088/1529/2253
f 3026/1530/2254 3105/1526/2250 3059/1531/2255
f 3105/1526/2250 3026/1530/2254 3013/1524/2248
f 3013/1524/2248 3026/1530/2254 3008/1532/2256
f 3008/1532/2256 3026/1530/2254 3059/1531/2255
f 3088/1529/2253 3059/1531/2255 3105/1526/2250
f 3008/1532/2256 2954/1533/2257 2845/1521/2245
f 3008/1532/2256 2845/1521/2245 3013/1524/2248
f 2845/1521/2245 2954/1533/2257 2934/1523/2247
f 2954/1533/2257 3008/1532/2256 3024/1534/2258
f 3024/1534/2258 3008/1532/2256 3059/1531/2255
f 2934/1523/2247 2954/1533/2257 2902/1522/2246
f 2954/1533/2257 3024/1534/2258 2957/1535/2259
f 2954/1533/2257 2957/1535/2259 2902/1522/2246
f 2957/1535/2259 3024/1534/2258 2991/1536/2260
f 3043/1537/2261 3024/1534/2258 3067/1538/2262
f 3067/1538/2262 3024/1534/2258 3059/1531/2255
f 3067/1538/2262 3059/1531/2255 3088/1529/2253
f 3088/1529/2253 3156/1528/2252 3067/1538/2262
f 3067/1538/2262 3156/1528/2252 3129/1539/2263
f 3263/1540/2264 3288/1541/2265 3321/1542/2266
f 3321/1542/2266 3288/1541/2265 3327/1543/2267
f 3383/1544/2268 3321/1542/2266 3327/1543/2267
f 3383/1544/2268 3441/1545/2269 3421/1546/2270
f 3383/1544/2268 3327/1543/2267 3441/1545/2269
f 3421/1546/2270 3441/1545/2269 3456/1547/2271
f 3441/1545/2269 3327/1543/2267 3348/1548/2272
f 3441/1545/2269 3348/1548/2272 3396/1549/2273
f 3456/1547/2271 3441/1545/2269 3487/1550/2274
f 3441/1545/2269 3396/1549/2273 3457/1551/2275
f 3487/1550/2274 3441/1545/2269 3457/1551/2275
s 0
f 3456/1547/2276 3487/1550/2277 3484/1552/2278
s 1
f 3484/1552/2279 3487/1550/2274 3517/1553/2280
f 3575/1554/2281 3517/1553/2280 3557/1555/2282
f 3517/1553/2280 3487/1550/2274 3557/1555/2282
f 3381/1556/2283 3457/1551/2275 3348/1548/2272
f 3348/1548/2272 3457/1551/2275 3396/1549/2273
f 3457/1551/2275 3381/1556/2283 3388/1557/2284
f 3381/1556/2283 3348/1548/2272 3344/1558/2285
f 3288/1541/2265 3344/1558/2285 3348/1548/2272
f 3348/1548/2272 3327/1543/2267 3288/1541/2265
f 3178/1559/2286 3129/1539/2263 3156/1528/2252
f 3183/1527/2251 3211/1560/2287 3178/1559/2286
f 3288/1541/2265 3211/1560/2287 3183/1527/2251
f 3183/1527/2251 3178/1559/2286 3156/1528/2252
f 3344/1558/2285 3183/1527/2251 3187/1525/2249
f 3344/1558/2285 3187/1525/2249 3381/1556/2283
f 3381/1556/2283 3181/1501/2202 3315/1561/2288
f 3381/1556/2283 3315/1561/2288 3418/1562/2289
s 0
f 3388/1557/2290 3381/1556/2291 3418/1562/2292
s 1
f 3388/1557/2284 3418/1562/2289 3448/1563/2293
f 3310/1564/2294 3418/1562/2289 3315/1561/2288
f 3181/1501/2202 3381/1556/2283 3187/1525/2249
f 3181/1501/2202 3213/1496/2195 3315/1561/2288
f 3315/1561/2288 3213/1496/2195 3310/1564/2294
f 3213/1496/2195 3244/1494/2193 3310/1564/2294
f 3333/1565/2295 3310/1564/2294 3244/1494/2193
f 3127/1493/2192 3333/1565/2295 3244/1494/2193
f 3290/1566/2296 3127/1493/2192 3282/1495/2194
f 3127/1493/2192 3290/1566/2296 3333/1565/2295
s 0
f 3333/1565/2297 3290/1566/2298 3416/1567/2299
s 1
f 3282/1495/2194 3066/1490/2189 3100/1492/2191
f 3100/1492/2191 3045/1451/2145 3060/1485/2184
f 3060/1485/2184 2959/1452/2146 3138/1484/2180
f 3100/1492/2191 3060/1485/2184 3198/1568/2300
f 3100/1492/2191 3198/1568/2300 3282/1495/2194
f 3282/1495/2194 3351/1569/2301 3290/1566/2296
f 3333/1565/2295 3416/1567/2302 3310/1564/2294
f 3418/1562/2289 3310/1564/2294 3448/1563/2293
f 3448/1563/2293 3310/1564/2294 3416/1567/2302
f 3388/1557/2284 3448/1563/2293 3457/1551/2275
f 3448/1563/2293 3680/1570/2303 3457/1551/2275
f 3680/1570/2303 3576/1571/2304 3457/1551/2275
f 3680/1570/2303 3629/1572/2305 3576/1571/2304
f 3680/1570/2303 3448/1563/2293 3581/1573/2306
f 3629/1572/2305 3680/1570/2303 3705/1574/2307
f 3581/1573/2306 3448/1563/2293 3416/1567/2302
s 0
f 3492/1575/2308 3581/1573/2309 3416/1567/2310
s 1
f 3480/1576/2311 3416/1567/2312 3290/1566/2296
s 0
f 3485/1577/2313 3416/1567/2314 3480/1576/2315
s 1
f 3480/1576/2311 3290/1566/2296 3351/1569/2301
f 3351/1569/2301 3282/1495/2194 3198/1568/2300
f 3416/1567/2316 3485/1577/2317 3492/1575/2318
f 3492/1575/2318 3485/1577/2317 3567/1578/2319
f 3581/1573/2306 3492/1575/2318 3567/1578/2319
f 3581/1573/2306 3567/1578/2319 3611/1579/2320
f 3581/1573/2306 3611/1579/2320 3757/1580/2321
f 3581/1573/2306 3757/1580/2321 3680/1570/2303
f 3611/1579/2320 3725/1581/2322 3757/1580/2321
f 3680/1570/2303 3757/1580/2321 3705/1574/2307
f 3705/1574/2307 3647/1582/2323 3629/1572/2305
f 3629/1572/2305 3647/1582/2323 3617/1583/2324
f 3457/1551/2275 3576/1571/2304 3487/1550/2274
f 3576/1571/2304 3557/1555/2282 3487/1550/2274
f 3557/1555/2282 3576/1571/2304 3629/1572/2305
f 3557/1555/2282 3629/1572/2305 3597/1584/2325
f 3597/1584/2325 3629/1572/2305 3617/1583/2324
f 3557/1555/2282 3597/1584/2325 3575/1554/2281
f 3641/1585/2326 3617/1583/2324 3748/1586/2327
f 3647/1582/2323 3749/1587/2328 3617/1583/2324
f 3647/1582/2323 3705/1574/2307 3749/1587/2328
f 3748/1586/2327 3617/1583/2324 3749/1587/2328
f 3749/1587/2328 3705/1574/2307 3805/1588/2329
f 3705/1574/2307 3783/1589/2330 3805/1588/2329
f 3745/1590/2331 3783/1589/2330 3705/1574/2307
f 3805/1588/2329 3783/1589/2330 3671/1591/2332
f 3671/1591/2332 3783/1589/2330 3765/1592/2333
f 3765/1592/2333 3783/1589/2330 3745/1590/2331
f 3745/1590/2331 3705/1574/2307 3757/1580/2321
f 3765/1592/2333 3745/1590/2331 3861/1593/2334
f 3861/1593/2334 3745/1590/2331 3757/1580/2321
f 3842/1594/2335 3725/1581/2322 3611/1579/2320
s 0
f 3611/1579/2336 3567/1578/2337 3616/1595/2338
s 1
f 3611/1579/2320 3616/1595/2339 3842/1594/2335
f 3567/1578/2319 3485/1577/2317 3616/1595/2340
f 3616/1595/2340 3485/1577/2317 3513/1596/2341
f 3586/1597/2342 3616/1595/2340 3513/1596/2341
f 3513/1596/2341 3485/1577/2317 3480/1576/2311
f 3480/1576/2311 3458/1598/2343 3513/1596/2341
f 3480/1576/2311 3351/1569/2301 3458/1598/2343
s 0
f 3458/1598/2344 3351/1569/2345 3350/1599/2346
s 1
f 3380/1600/2347 3458/1598/2348 3350/1599/2349
f 3350/1599/2350 3351/1569/2301 3249/1601/2351
f 3249/1601/2351 3351/1569/2301 3198/1568/2300
f 3089/1483/2175 3111/1480/2172 3157/1481/2173
f 3089/1483/2175 3157/1481/2173 3245/1602/2352
f 3295/1603/2353 3157/1481/2173 3222/1469/2161
f 3157/1481/2173 3295/1603/2353 3245/1602/2352
f 3295/1603/2353 3222/1469/2161 3305/1468/2160
f 3245/1602/2352 3295/1603/2353 3300/1604/2354
f 3089/1483/2175 3245/1602/2352 3249/1601/2351
f 3089/1483/2175 3249/1601/2351 3138/1484/2180
f 3138/1484/2180 3249/1601/2351 3060/1485/2184
f 3060/1485/2184 3249/1601/2351 3198/1568/2300
f 3249/1601/2351 3356/1605/2355 3350/1599/2350
f 3356/1605/2355 3249/1601/2351 3245/1602/2352
f 3356/1605/2355 3245/1602/2352 3300/1604/2354
s 0
f 3350/1599/2356 3356/1605/2357 3380/1600/2358
s 1
f 3380/1600/2347 3356/1605/2355 3352/1606/2359
f 3352/1606/2359 3356/1605/2355 3300/1604/2354
f 3300/1604/2354 3295/1603/2353 3323/1607/2360
f 3295/1603/2353 3305/1468/2160 3323/1607/2360
f 3323/1607/2360 3305/1468/2160 3335/1471/2163
f 3300/1604/2354 3323/1607/2360 3352/1606/2359
f 3380/1600/2347 3352/1606/2359 3432/1608/2361
f 3352/1606/2359 3323/1607/2360 3361/1609/2362
f 3361/1609/2362 3323/1607/2360 3335/1471/2163
f 3292/1470/2162 3193/1467/2159 3268/1610/2363
f 3268/1610/2363 3193/1467/2159 3251/1611/2364
f 3292/1470/2162 3328/1612/2365 3335/1471/2163
f 3335/1471/2163 3328/1612/2365 3361/1609/2362
f 3268/1610/2363 3328/1612/2365 3292/1470/2162
f 3361/1609/2362 3328/1612/2365 3378/1613/2366
f 3378/1613/2366 3328/1612/2365 3268/1610/2363
s 0
f 3361/1609/2367 3378/1613/2368 3420/1614/2369
s 1
f 3361/1609/2362 3420/1614/2370 3352/1606/2359
f 3352/1606/2359 3420/1614/2370 3432/1608/2361
f 3432/1608/2361 3458/1598/2348 3380/1600/2347
f 3513/1596/2341 3458/1598/2343 3515/1615/2371
f 3513/1596/2341 3515/1615/2371 3554/1616/2372
f 3460/1617/2373 3458/1598/2348 3432/1608/2361
s 0
f 3458/1598/2374 3460/1617/2375 3515/1615/2376
s 1
f 3554/1616/2372 3558/1618/2377 3586/1597/2342
f 3602/1619/2378 3586/1597/2342 3558/1618/2377
f 3669/1620/2379 3586/1597/2342 3602/1619/2378
f 3550/1621/2380 3558/1618/2377 3554/1616/2372
f 3546/1622/2381 3558/1618/2377 3550/1621/2380
f 3550/1621/2380 3503/1623/2382 3546/1622/2381
f 3503/1623/2382 3499/1624/2383 3415/1625/2384
f 3499/1624/2383 3503/1623/2382 3550/1621/2380
f 3498/1626/2385 3499/1624/2383 3550/1621/2380
f 3498/1626/2385 3550/1621/2380 3460/1617/2373
f 3460/1617/2373 3550/1621/2380 3515/1615/2371
f 3515/1615/2371 3550/1621/2380 3554/1616/2372
f 3420/1614/2370 3460/1617/2373 3432/1608/2361
f 3498/1626/2385 3460/1617/2373 3420/1614/2370
f 3419/1627/2386 3498/1626/2385 3420/1614/2370
f 3498/1626/2385 3419/1627/2386 3499/1624/2383
s 0
f 3355/1628/2387 3419/1627/2388 3378/1613/2389
s 1
f 3415/1625/2384 3419/1627/2386 3355/1628/2390
s 0
f 3378/1613/2391 3419/1627/2392 3420/1614/2393
s 1
f 3378/1613/2366 3268/1610/2363 3253/1629/2394
f 3378/1613/2366 3253/1629/2394 3355/1628/2390
f 3355/1628/2390 3253/1629/2394 3334/1630/2395
f 3415/1625/2384 3355/1628/2390 3392/1631/2396
f 3415/1625/2384 3392/1631/2396 3425/1632/2397
f 3415/1625/2384 3499/1624/2383 3419/1627/2386
f 3415/1625/2384 3425/1632/2397 3503/1623/2382
f 3425/1632/2397 3392/1631/2396 3314/1633/1791
f 3425/1632/2397 3314/1633/1791 3374/1634/1790
f 3314/1633/1791 3392/1631/2396 3307/1635/1789
f 3334/1630/2395 3392/1631/2396 3355/1628/2390
f 3392/1631/2396 3334/1630/2395 3307/1635/1789
f 3307/1635/1789 3334/1630/2395 3313/1636/1788
f 3334/1630/2395 3302/1637/1787 3313/1636/1788
f 3161/1638/1784 3209/1639/1786 3302/1637/1787
f 3161/1638/1784 3302/1637/1787 3236/1640/2398
f 3221/1641/2399 3200/1642/2071 3161/1638/1784
f 3190/1643/2072 3200/1642/2071 3221/1641/2399
f 3221/1641/2399 3161/1638/1784 3236/1640/2398
f 3190/1643/2072 3221/1641/2399 3208/1644/2400
f 3208/1644/2400 3221/1641/2399 3205/1466/2158
f 3251/1611/2364 3205/1466/2158 3221/1641/2399
s 0
f 3251/1611/2401 3221/1641/2402 3236/1640/2403
s 1
f 3205/1466/2158 3251/1611/2364 3193/1467/2159
f 3208/1645/2400 3205/1466/2158 3133/1461/1590
f 3251/1611/2364 3253/1629/2394 3268/1610/2363
f 3251/1611/2364 3236/1640/2398 3253/1629/2394
f 3236/1640/2398 3302/1637/1787 3253/1629/2394
f 3302/1637/1787 3334/1630/2395 3253/1629/2394
f 361/1150/1688 551/1409/2087 319/1143/1678
f 551/1409/2087 361/1150/1688 609/1407/2085
f 609/1407/2085 361/1150/1688 668/1646/2404
f 790/1406/2081 609/1407/2085 668/1646/2404
f 790/1406/2081 668/1646/2404 768/1647/2405
f 790/1406/2081 768/1647/2405 930/1648/2406
f 790/1406/2081 930/1648/2406 916/1363/1998
f 916/1363/1998 981/1369/2407 977/1358/1990
f 977/1358/1990 981/1369/2407 1049/1364/1999
f 975/1649/2408 981/1369/2407 916/1363/1998
f 1040/1370/2011 981/1369/2407 975/1649/2408
f 1040/1370/2011 975/1649/2408 1085/1374/2015
f 1085/1374/2015 975/1649/2408 1036/1650/2409
f 1036/1650/2409 975/1649/2408 1027/1651/2410
f 1085/1374/2015 1036/1650/2409 1037/1652/2411
f 1037/1652/2411 1124/1376/2019 1085/1374/2015
f 1251/1375/2021 1242/1377/2020 1346/1653/2412
f 1242/1377/2020 1338/1654/2413 1346/1653/2412
f 1269/1655/2414 1338/1654/2413 1242/1377/2020
f 1242/1377/2020 1124/1376/2019 1125/1656/2415
f 1242/1377/2020 1125/1656/2415 1269/1655/2414
f 1025/1657/2416 1124/1376/2019 1037/1652/2411
f 1025/1657/2416 1125/1656/2415 1124/1376/2019
f 1027/1651/2410 1037/1652/2411 1036/1650/2409
f 1027/1651/2410 937/1658/2417 1037/1652/2411
s 0
f 1027/1651/2418 901/1659/2419 937/1658/2420
s 1
f 975/1649/2408 930/1648/2406 1027/1651/2410
f 1027/1651/2410 930/1648/2406 901/1659/2421
f 916/1363/1998 930/1648/2406 975/1649/2408
f 1113/1387/2032 1136/1392/2038 1105/946/1388
f 1059/945/1384 1113/1387/2032 1105/946/1388
f 1157/948/1391 1105/946/1388 1136/1392/2038
f 1154/1383/2028 1157/948/1391 1136/1392/2038
f 1198/949/1400 1157/948/1391 1154/1383/2028
f 1198/949/1400 1154/1383/2028 1245/957/1406
f 1245/957/1406 1154/1383/2028 1249/1381/2026
f 1245/957/1406 1249/1381/2026 1270/959/1408
f 1270/959/1408 1303/965/1417 1322/963/1412
f 1344/964/1416 1303/965/1417 1321/977/1429
f 1303/965/1417 1309/1378/2023 1321/977/1429
f 1303/965/1417 1289/1660/2422 1282/1379/2024
f 1303/965/1417 1282/1379/2024 1309/1378/2023
f 1363/978/1430 1386/980/1438 1404/966/1418
f 1386/980/1438 1445/985/1443 1429/979/1437
f 1407/1661/2423 1445/985/1443 1369/1662/2424
f 1369/1662/2424 1445/985/1443 1386/980/1438
f 1369/1662/2424 1386/980/1438 1346/1653/2412
f 1346/1653/2412 1386/980/1438 1363/978/1430
f 1251/1375/2021 1346/1653/2412 1363/978/1430
f 1321/977/1429 1251/1375/2021 1363/978/1430
s 0
f 1321/977/2425 1309/1378/2426 1251/1375/2427
s 1
f 1309/1378/2023 1282/1379/2024 1202/1372/2013
f 1215/1368/2007 1282/1379/2024 1289/1660/2422
f 1215/1368/2007 1289/1660/2422 1262/1380/2025
f 1303/965/1417 1262/1380/2025 1289/1660/2422
f 1262/1380/2025 1303/965/1417 1249/1381/2026
s 0
f 1249/1381/2428 1303/965/2429 1270/959/2430
s 1
f 1178/1382/2027 1154/1383/2028 1136/1392/2038
f 401/938/1371 729/926/1352 642/1663/2431
f 642/1663/2431 729/926/1352 721/1664/2432
s 0
f 647/1665/2433 642/1663/2434 721/1664/2435
s 1
f 401/938/1371 642/1663/2431 313/937/1367
f 313/937/1367 642/1663/2431 647/1665/2436
f 24/1666/1874 97/936/1366 99/1667/2437
f 2137/1668/1875 24/1666/1874 99/1667/2437
f 99/1667/2437 97/936/1366 313/937/1367
f 99/1667/2437 313/937/1367 263/1669/2438
f 2137/1668/1875 99/1667/2437 50/1670/1884
f 313/937/1367 647/1665/2436 360/1671/2439
f 313/937/1367 360/1671/2439 263/1669/2438
f 99/1667/2437 263/1669/2438 234/1672/2440
f 99/1667/2437 203/1673/2441 50/1670/1884
f 99/1667/2437 234/1672/2440 203/1673/2441
f 50/1670/1884 203/1673/2441 101/1674/2442
f 203/1673/2441 358/1675/2443 101/1674/2442
f 358/1675/2443 203/1673/2441 653/1676/2444
f 653/1676/2444 203/1673/2441 234/1672/2440
f 358/1675/2443 206/1677/2445 101/1674/2442
f 119/1678/2446 206/1677/2445 340/1679/2447
f 340/1679/2447 206/1677/2445 358/1675/2443
f 681/1680/2448 358/1675/2443 653/1676/2444
f 358/1675/2443 681/1680/2448 557/1681/2449
f 358/1675/2443 557/1681/2449 340/1679/2447
f 340/1679/2447 557/1681/2449 274/1682/2450
f 340/1679/2447 274/1682/2450 119/1678/2446
f 557/1681/2449 766/1683/2451 615/1684/2452
f 557/1681/2449 321/1685/2453 274/1682/2450
f 321/1685/2453 557/1681/2449 555/1686/2454
s 0
f 555/1686/2455 557/1681/2456 615/1684/2457
s 1
f 766/1683/2451 557/1681/2449 681/1680/2448
f 360/1671/2439 653/1676/2444 234/1672/2440
f 234/1672/2440 263/1669/2438 360/1671/2439
f 647/1665/2436 673/1687/2458 360/1671/2439
s 0
f 817/1688/2459 647/1665/2460 721/1664/2461
s 1
f 647/1665/2436 817/1688/2462 673/1687/2458
f 792/928/1354 817/1688/2462 721/1664/2432
f 721/1664/2432 729/926/1352 792/928/1354
f 792/928/1354 858/927/1353 986/941/1374
f 963/1689/2463 986/941/1374 1013/943/1389
f 963/1689/2463 1013/943/1389 1091/1690/2464
f 1013/943/1389 1107/950/1395 1091/1690/2464
f 1091/1690/2464 1107/950/1395 1072/1691/2465
f 1072/1691/2465 1107/950/1395 1158/955/1404
f 1163/970/1422 1158/955/1404 1206/954/1403
s 0
f 1072/1691/2466 1158/955/2467 1163/970/2468
s 1
f 1284/971/1423 1160/1692/2469 1130/1693/2470
f 1160/1692/2469 1284/971/1423 1312/973/1425
f 1312/973/1425 1308/1030/1495 1142/1027/1492
f 1308/1030/1495 1312/973/1425 1390/972/1424
s 0
f 1308/1030/2471 1399/968/2472 1525/1032/2473
s 1
f 1525/1032/1497 1602/1035/1500 1489/1033/1498
f 723/1694/2474 668/1646/2404 454/1149/1687
s 0
f 454/1149/2475 668/1646/2476 361/1150/2477
s 1
f 454/1149/1687 361/1150/1688 351/1144/1679
f 454/1149/1687 424/1145/1680 448/1148/1683
f 454/1149/1687 448/1148/1683 723/1694/2474
f 796/1695/2478 448/1148/1683 323/1147/1682
f 276/1696/2479 271/1140/1667 240/1146/1681
s 0
f 271/1140/2480 639/1697/2481 323/1147/2482
s 1
f 323/1147/1682 639/1697/2483 796/1695/2478
f 796/1695/2478 639/1697/2483 812/1698/2484
f 560/1699/2485 639/1697/2483 276/1696/2479
f 812/1698/2484 639/1697/2483 560/1699/2485
f 812/1698/2484 560/1699/2485 691/1700/2486
f 560/1699/2485 650/1701/2487 691/1700/2486
f 812/1698/2484 691/1700/2486 845/1702/2488
f 448/1148/1683 796/1695/2478 813/1703/2489
f 448/1148/1683 813/1703/2489 723/1694/2474
f 768/1647/2405 668/1646/2404 723/1694/2474
f 768/1647/2405 723/1694/2474 813/1703/2489
f 901/1659/2421 768/1647/2405 813/1703/2489
f 813/1703/2489 796/1695/2478 812/1698/2484
f 845/1702/2488 813/1703/2489 812/1698/2484
f 691/1700/2486 895/1704/2490 845/1702/2488
f 691/1700/2486 650/1701/2487 738/1705/2491
f 850/1706/2492 691/1700/2486 738/1705/2491
f 691/1700/2486 850/1706/2492 895/1704/2490
f 845/1702/2488 895/1704/2490 934/1707/2493
f 895/1704/2490 999/1708/2494 934/1707/2493
s 0
f 999/1708/2495 895/1704/2496 850/1706/2497
f 999/1708/2498 850/1706/2499 1164/1709/2500
s 1
f 1164/1709/2501 850/1706/2492 1010/1710/2502
f 1123/1711/2503 999/1708/2494 1164/1709/2501
f 1010/1710/2502 1223/1712/2504 1164/1709/2501
f 1010/1710/2502 1175/1713/2505 1223/1712/2504
f 1010/1710/2502 850/1706/2492 957/1714/2506
f 957/1714/2506 850/1706/2492 921/1715/2507
f 957/1714/2506 921/1715/2507 931/1716/2508
f 921/1715/2507 850/1706/2492 738/1705/2491
f 560/1699/2485 276/1696/2479 650/1701/2487
f 276/1696/2479 553/1717/2509 650/1701/2487
f 738/1705/2491 650/1701/2487 356/1718/2510
f 650/1701/2487 291/1719/2511 356/1718/2510
s 0
f 291/1719/2512 650/1701/2513 553/1717/2514
s 1
f 299/1720/2515 553/1717/2509 276/1696/2479
f 553/1717/2509 299/1720/2515 291/1719/2516
f 291/1719/2516 299/1720/2515 105/1721/2517
f 82/1722/2518 299/1720/2515 276/1696/2479
f 105/1721/2517 299/1720/2515 82/1722/2518
f 105/1721/2517 82/1722/2518 2162/1723/2119
s 0
f 2162/1723/2519 2164/1724/2520 105/1721/2521
s 1
f 540/1725/2522 738/1705/2491 356/1718/2510
f 738/1705/2491 540/1725/2522 769/1726/2523
s 0
f 921/1715/2524 738/1705/2525 769/1726/2526
s 1
f 966/1727/2527 931/1716/2508 921/1715/2507
f 966/1727/2527 921/1715/2507 917/1728/2528
f 931/1716/2508 966/1727/2527 1023/1729/2529
f 991/1730/2530 1023/1729/2529 966/1727/2527
f 966/1727/2527 917/1728/2528 991/1730/2530
f 889/1731/2531 917/1728/2528 921/1715/2507
f 889/1731/2531 921/1715/2507 769/1726/2532
s 0
f 769/1726/2533 798/1732/2534 889/1731/2535
f 798/1732/2536 769/1726/2537 649/1733/2538
s 1
f 831/1734/2539 889/1731/2540 798/1732/2541
f 778/1735/2542 798/1732/2541 635/1736/2543
f 635/1736/2543 798/1732/2541 649/1733/2544
f 778/1735/2542 635/1736/2543 777/1737/2545
f 778/1735/2542 777/1737/2545 831/1734/2539
f 778/1735/2542 831/1734/2539 798/1732/2541
s 0
f 1133/1738/2546 1023/1729/2547 991/1730/2548
s 1
f 1146/1739/2549 1133/1738/2550 1149/1740/2551
f 1197/1741/2552 1316/1742/2553 1232/1743/2554
f 1232/1743/2554 1316/1742/2553 1314/1744/2555
s 0
f 1316/1742/2556 1295/1745/2557 1334/1746/2558
s 1
f 1261/1747/2559 1232/1743/2554 1314/1744/2555
f 1232/1743/2554 1261/1747/2559 1175/1713/2505
f 1232/1743/2554 1175/1713/2505 1146/1739/2549
f 1146/1739/2549 1175/1713/2505 957/1714/2506
f 957/1714/2506 1175/1713/2505 1010/1710/2502
f 1223/1712/2504 1175/1713/2505 1261/1747/2559
f 1164/1709/2501 1223/1712/2504 1285/1748/2560
f 1164/1709/2501 1285/1748/2560 1123/1711/2503
f 1261/1747/2559 1314/1744/2555 1387/1749/2561
f 1261/1747/2559 1387/1749/2561 1223/1712/2504
f 1339/1750/2562 1387/1749/2561 1314/1744/2555
f 1387/1749/2561 1339/1750/2562 1427/1751/2563
f 1339/1750/2562 1314/1744/2555 1316/1742/2553
f 1339/1750/2562 1408/1752/2564 1427/1751/2563
f 1316/1742/2553 1334/1746/2565 1339/1750/2562
f 1339/1750/2562 1334/1746/2565 1408/1752/2564
f 1408/1752/2564 1334/1746/2565 1396/1753/2566
f 1408/1752/2564 1396/1753/2566 1420/1754/2567
f 1408/1752/2564 1420/1754/2567 1440/1755/2568
f 1408/1752/2564 1440/1755/2568 1427/1751/2563
f 1414/1756/2569 1427/1751/2563 1440/1755/2568
f 1387/1749/2561 1427/1751/2563 1414/1756/2569
f 1414/1756/2569 1440/1755/2568 1451/1757/2570
f 1414/1756/2569 1451/1757/2570 1563/1758/2571
f 1563/1758/2571 1451/1757/2570 1507/1759/2572
f 1507/1759/2572 1451/1757/2570 1453/1760/2573
f 1453/1760/2573 1451/1757/2570 1440/1755/2568
f 1507/1759/2572 1453/1760/2573 1574/1761/2574
f 1574/1761/2574 1453/1760/2573 1551/1762/2575
f 1453/1760/2573 1471/1763/2576 1551/1762/2575
f 1453/1760/2573 1440/1755/2568 1420/1754/2567
f 1453/1760/2573 1420/1754/2567 1471/1763/2576
f 1471/1763/2576 1420/1754/2567 1473/1764/2577
f 1471/1763/2576 1473/1764/2577 1535/1765/2578
f 986/941/1374 963/1689/2463 792/928/1354
f 792/928/1354 963/1689/2463 923/1766/2579
f 792/928/1354 923/1766/2579 817/1688/2462
f 817/1688/2462 923/1766/2579 809/1767/2580
f 817/1688/2462 809/1767/2580 673/1687/2458
f 360/1671/2439 673/1687/2458 809/1767/2580
f 653/1676/2444 360/1671/2439 809/1767/2580
f 653/1676/2444 809/1767/2580 681/1680/2448
f 766/1683/2451 806/1768/2581 615/1684/2452
f 615/1684/2452 810/1769/2582 555/1686/2454
f 806/1768/2581 810/1769/2582 615/1684/2452
s 0
f 810/1769/2583 806/1768/2584 933/1770/2585
s 1
f 933/1770/2586 806/1768/2587 1041/1771/2588
s 0
f 806/1768/2589 766/1683/2590 681/1680/2591
s 1
f 759/1772/2592 806/1768/2587 681/1680/2593
f 759/1772/2592 681/1680/2593 888/1773/2594
s 0
f 888/1773/2595 681/1680/2596 809/1767/2597
s 1
f 809/1767/2580 923/1766/2579 888/1773/2594
f 1072/1691/2598 923/1766/2579 963/1689/2463
s 0
f 963/1689/2599 1091/1690/2600 1072/1691/2601
s 1
f 1026/1774/2602 1072/1691/2598 1163/970/2603
f 1163/970/1422 1284/971/1423 1130/1693/2470
s 0
f 1026/1774/2604 1163/970/2605 1130/1693/2606
s 1
f 923/1766/2579 1072/1691/2598 1026/1774/2602
f 923/1766/2579 1026/1774/2602 961/1775/2607
f 961/1775/2607 888/1773/2594 923/1766/2579
s 0
f 961/1775/2608 1026/1774/2609 1130/1693/2610
s 1
f 961/1775/2607 1130/1693/2470 759/1772/2592
f 1312/973/1425 1142/1027/1492 1160/1692/2469
f 1160/1692/2469 1041/1771/2588 1130/1693/2470
f 1130/1693/2470 1041/1771/2588 759/1772/2592
f 1041/1771/2588 806/1768/2587 759/1772/2592
f 961/1775/2607 759/1772/2592 888/1773/2594
f 930/1648/2406 768/1647/2405 901/1659/2421
f 901/1659/2421 813/1703/2489 937/1658/2417
f 937/1658/2417 813/1703/2489 845/1702/2488
f 937/1658/2417 845/1702/2488 934/1707/2493
f 1025/1657/2416 1037/1652/2411 937/1658/2417
f 1025/1657/2416 937/1658/2417 934/1707/2493
f 1162/1776/2611 1123/1711/2503 1285/1748/2560
f 999/1708/2494 1123/1711/2503 934/1707/2493
f 1025/1657/2416 934/1707/2493 1123/1711/2503
f 1125/1656/2415 1207/1777/2612 1269/1655/2414
f 1346/1653/2412 1338/1654/2413 1369/1662/2424
f 1369/1662/2424 1338/1654/2413 1269/1655/2414
s 0
f 1369/1662/2613 1269/1655/2614 1447/1778/2615
s 1
f 1447/1778/2616 1269/1655/2617 1304/1779/2618
s 0
f 1304/1779/2619 1269/1655/2620 1207/1777/2619
s 1
f 1447/1778/2616 1304/1779/2618 1412/1780/2621
f 1387/1749/2561 1412/1780/2621 1304/1779/2618
f 1387/1749/2561 1304/1779/2618 1285/1748/2560
f 1223/1712/2504 1387/1749/2561 1285/1748/2560
f 1285/1748/2560 1304/1779/2618 1207/1777/2612
f 1285/1748/2560 1207/1777/2612 1162/1776/2611
f 1025/1657/2416 1123/1711/2503 1162/1776/2611
f 1125/1656/2415 1025/1657/2416 1162/1776/2611
f 1162/1776/2611 1207/1777/2612 1125/1656/2415
f 2190/1294/1882 2137/1288/1875 50/1295/1884
f 2389/1289/1876 2137/1288/1875 2190/1294/1882
f 7/1296/1885 50/1295/1884 101/1781/2442
f 7/1296/1885 101/1782/2442 206/1315/2445
f 7/1296/1885 206/1315/2445 2269/1292/1883
f 3442/1783/2622 3425/1632/2397 3374/1634/1790
f 3442/1783/2622 3374/1634/1790 3376/1784/1794
f 3442/1783/2622 3376/1784/1794 3500/1785/2623
f 3477/1786/1796 3507/1787/1797 3545/1788/1826
f 3507/1787/1797 3439/1789/1799 3545/1788/1826
f 3580/1790/1828 3670/1791/1830 3847/1792/2624
f 3847/1792/2624 3670/1791/1830 3764/1793/2625
f 3764/1793/2625 3670/1791/1830 3821/1794/2626
f 3821/1794/2626 3670/1791/1830 3728/1795/1835
f 3821/1794/2626 3728/1795/1835 3732/1796/2627
f 3868/1797/2628 3764/1793/2625 3821/1794/2626
f 3545/1788/1826 3542/1798/1825 3603/1799/2629
f 3603/1799/2629 3542/1798/1825 3674/1800/2630
f 3477/1786/1796 3545/1788/1826 3603/1799/2629
f 3603/1799/2629 3674/1800/2630 3766/1801/2631
s 0
f 3542/1798/2632 3580/1790/2633 3674/1800/2634
s 1
f 3674/1800/2630 3580/1790/1828 3918/1802/2635
f 3918/1802/2635 3580/1790/1828 3847/1792/2624
f 3868/1797/2628 3847/1792/2624 3764/1793/2625
f 3847/1792/2624 3868/1797/2628 3918/1802/2635
f 3868/1797/2628 3906/1803/2636 3918/1802/2635
f 4034/1804/2637 3987/1805/2638 4051/1806/2639
f 3940/1807/2640 3983/1808/2641 3987/1805/2638
s 0
f 3940/1807/2642 3987/1805/2643 3906/1803/2644
s 1
f 3909/1809/2645 3940/1807/2646 3906/1803/2636
f 3831/1810/2647 3909/1809/2645 3884/1811/2648
f 3909/1809/2645 3906/1803/2636 3868/1797/2628
f 3909/1809/2645 3868/1797/2628 3884/1811/2648
f 3831/1810/2647 3884/1811/2648 3841/1812/2649
f 3701/1813/2650 3682/1814/2651 3696/1815/2652
f 3841/1812/2649 3681/1816/2653 3682/1814/2651
f 3696/1815/2652 3682/1814/2651 3681/1816/2653
f 3696/1815/2652 3681/1816/2653 3663/1817/2654
f 3812/1818/2655 3681/1816/2653 3841/1812/2649
f 3681/1816/2653 3812/1818/2655 3663/1817/2654
f 3812/1818/2655 3841/1812/2649 3884/1811/2648
f 3663/1817/2654 3812/1818/2655 3821/1794/2626
f 3821/1794/2626 3732/1796/2627 3663/1817/2654
f 3821/1794/2626 3812/1818/2655 3868/1797/2628
f 3812/1818/2655 3884/1811/2648 3868/1797/2628
f 3425/1632/2397 3442/1783/2622 3503/1623/2382
f 3500/1785/2623 3503/1623/2382 3442/1783/2622
f 3503/1623/2382 3500/1785/2623 3546/1622/2381
f 3544/1819/2656 3546/1622/2381 3500/1785/2623
s 0
f 3546/1622/2657 3544/1819/2658 3612/1820/2659
s 1
f 3612/1820/2660 3544/1819/2656 3603/1799/2629
f 3500/1785/2623 3376/1784/1794 3477/1786/1796
f 3500/1785/2623 3477/1786/1796 3544/1819/2656
f 3544/1819/2656 3477/1786/1796 3603/1799/2629
f 3612/1820/2660 3602/1619/2378 3546/1622/2381
f 3546/1622/2381 3602/1619/2378 3558/1618/2377
f 3669/1620/2379 3602/1619/2378 3713/1821/2661
f 3713/1821/2661 3602/1619/2378 3612/1820/2660
f 3766/1801/2631 3612/1820/2660 3603/1799/2629
f 3612/1820/2660 3766/1801/2631 3846/1822/2662
f 3713/1821/2661 3612/1820/2660 3860/1823/2663
f 3612/1820/2660 3846/1822/2662 3860/1823/2663
s 0
f 3860/1823/2664 3846/1822/2665 3880/1824/2666
s 1
f 3713/1821/2661 3860/1823/2663 3669/1620/2379
f 3669/1620/2379 3860/1823/2663 3851/1825/2667
f 3851/1825/2667 3860/1823/2663 3897/1826/2668
f 3897/1826/2668 3860/1823/2663 3880/1824/2669
f 3897/1826/2668 3880/1824/2669 4061/1827/2670
f 3897/1826/2668 4061/1827/2670 4081/1828/2671
f 4049/1829/2672 3897/1826/2668 4081/1828/2671
f 3897/1826/2668 4049/1829/2672 3974/1830/2673
f 4081/1828/2671 4014/1831/2674 4049/1829/2672
f 3974/1830/2673 4049/1829/2672 3979/1832/2675
f 3979/1832/2675 4049/1829/2672 4067/1833/2676
s 0
f 3897/1826/2677 3974/1830/2678 3851/1825/2679
s 1
f 3974/1830/2673 3877/1834/2680 3842/1594/2335
f 3967/1835/2681 3877/1834/2680 3974/1830/2673
f 3967/1835/2681 3974/1830/2673 3979/1832/2675
f 3967/1835/2681 3943/1836/2682 3902/1837/2683
f 3967/1835/2681 3902/1837/2683 3877/1834/2680
f 3902/1837/2683 3876/1838/2684 3877/1834/2680
f 3876/1838/2684 3902/1837/2683 3888/1839/2685
f 3877/1834/2680 3725/1581/2322 3842/1594/2335
f 3725/1581/2322 3877/1834/2680 3876/1838/2684
f 3725/1581/2322 3876/1838/2684 3757/1580/2321
f 3757/1580/2321 3876/1838/2684 3861/1593/2334
f 3876/1838/2684 3888/1839/2685 3861/1593/2334
f 3848/1840/2686 3861/1593/2334 3888/1839/2685
f 3982/1841/2687 3943/1836/2682 3967/1835/2681
f 3982/1841/2687 3967/1835/2681 3979/1832/2675
f 4005/1842/2688 3998/1843/2689 4067/1833/2676
f 4008/1844/2690 3998/1843/2689 4014/1831/2674
f 4008/1844/2690 4014/1831/2674 4058/1845/2691
f 4069/1846/2692 4077/1847/2693 4100/1848/2694
f 4069/1846/2692 4100/1848/2694 4019/1849/2695
f 4077/1847/2693 4058/1845/2691 4100/1848/2694
f 4014/1831/2674 4100/1848/2694 4058/1845/2691
f 4005/1842/2688 4014/1831/2674 3998/1843/2689
f 4067/1833/2676 4023/1850/2696 3979/1832/2675
f 3979/1832/2675 4023/1850/2696 3982/1841/2687
f 4005/1842/2688 4067/1833/2676 4049/1829/2672
f 4005/1842/2688 4049/1829/2672 4014/1831/2674
f 4014/1831/2674 4081/1828/2671 4100/1848/2694
f 4100/1848/2694 4081/1828/2671 4062/1851/2697
f 4062/1851/2697 4081/1828/2671 4061/1827/2670
f 4062/1851/2697 4019/1849/2695 4100/1848/2694
f 4042/1852/2698 4019/1849/2695 4062/1851/2697
f 4069/1846/2692 4019/1849/2695 4040/1853/2699
f 4040/1853/2699 4019/1849/2695 4042/1852/2698
f 4013/1854/2700 4016/1855/2701 3996/1856/2702
f 4013/1854/2700 3996/1856/2702 4051/1806/2639
f 4042/1852/2698 4063/1857/2703 4016/1855/2701
f 4034/1804/2637 4051/1806/2639 3996/1856/2702
f 3996/1856/2702 4016/1855/2701 4024/1858/2704
f 4024/1858/2704 4016/1855/2701 4063/1857/2703
f 4047/1859/2705 4034/1804/2637 3996/1856/2702
f 3987/1805/2638 4034/1804/2637 4047/1859/2705
s 0
f 3987/1805/2706 4047/1859/2707 3906/1803/2708
s 1
f 3906/1803/2636 4047/1859/2705 3918/1802/2635
f 3918/1802/2635 4047/1859/2705 4021/1860/2709
f 4021/1860/2709 4047/1859/2705 4024/1858/2704
f 4063/1857/2703 4021/1860/2709 4024/1858/2704
f 4021/1860/2709 4063/1857/2703 3880/1824/2669
f 4024/1858/2704 4047/1859/2705 3996/1856/2702
f 4063/1857/2703 4042/1852/2698 4061/1827/2670
f 4061/1827/2670 4042/1852/2698 4062/1851/2697
f 4063/1857/2703 4061/1827/2670 3880/1824/2669
f 4021/1860/2709 3880/1824/2669 3918/1802/2635
f 3880/1824/2669 3846/1822/2662 3766/1801/2631
f 3918/1802/2635 3880/1824/2669 3766/1801/2631
f 3918/1802/2635 3766/1801/2631 3674/1800/2630
f 271/1140/1667 276/1696/2479 639/1697/2483
f 2122/1134/1662 2270/1138/1665 240/1146/1681
f 2270/1138/1665 2360/1861/2117 82/1722/2518
f 2270/1138/1665 82/1722/2518 240/1146/1681
f 82/1722/2518 2360/1861/2117 2162/1723/2119
f 240/1146/1681 82/1722/2518 276/1696/2479
f 3554/1616/2372 3586/1597/2342 3513/1596/2341
f 3616/1595/2340 3586/1597/2342 3669/1620/2379
s 0
f 3842/1594/2710 3616/1595/2711 3851/1825/2712
s 1
f 3842/1594/2335 3851/1825/2713 3974/1830/2673
s 0
f 179/1862/2714 119/1678/2715 274/1682/2716
s 1
f 274/1682/2450 321/1685/2453 179/1862/1913
f 321/1685/2453 555/1686/2454 227/1863/2717
f 555/1686/2454 584/1864/2718 227/1863/2717
f 321/1685/2453 227/1863/2717 177/1865/2719
f 321/1685/2453 177/1865/2719 179/1862/1913
f 179/1862/1913 177/1865/2719 36/1866/1938
f 734/1867/2720 555/1686/2454 810/1769/2582
f 842/1868/2721 810/1769/2582 965/1869/2722
f 965/1869/2722 810/1769/2582 933/1770/2723
f 842/1868/2721 734/1867/2720 810/1769/2582
f 804/1870/2724 734/1867/2720 842/1868/2721
f 815/1022/1486 804/1870/2724 872/1021/1485
f 804/1870/2724 842/1868/2721 872/1021/1485
f 872/1021/1485 842/1868/2721 965/1869/2722
f 970/1024/1488 872/1021/1485 965/1869/2722
f 872/1021/1485 970/1024/1488 897/1019/1483
f 872/1021/1485 836/1020/1484 815/1022/1486
f 762/1871/2725 815/1022/1486 830/1872/1487
f 762/1871/2725 643/1873/2726 605/1874/2727
f 815/1022/1486 762/1871/2725 605/1874/2727
f 815/1022/1486 605/1874/2727 804/1870/2724
f 804/1870/2724 584/1864/2718 734/1867/2720
f 584/1864/2718 804/1870/2724 605/1874/2727
f 605/1874/2727 392/1875/2728 584/1864/2718
f 392/1875/2728 233/1876/2729 227/1863/2717
f 584/1864/2718 392/1875/2728 227/1863/2717
f 63/1877/1939 36/1866/1938 177/1865/2719
s 0
f 63/1877/2730 177/1865/2731 96/1878/2732
f 96/1878/2733 177/1865/2734 233/1876/2735
f 233/1876/2736 177/1865/2737 227/1863/2738
s 1
f 3669/1620/2379 3851/1825/2667 3616/1595/2340
f 1407/1661/2423 1557/1879/2739 1445/985/1443
f 1625/988/1446 1445/985/1443 1557/1879/2739
s 0
f 1480/1880/2740 1557/1879/2741 1407/1661/2742
s 1
f 1569/1881/2743 1480/1880/2744 1412/1780/2621
f 1447/1778/2616 1480/1880/2744 1407/1661/2423
f 1480/1880/2744 1447/1778/2616 1412/1780/2621
f 1412/1780/2621 1563/1758/2571 1569/1881/2743
f 1563/1758/2571 1412/1780/2621 1414/1756/2569
f 1414/1756/2569 1412/1780/2621 1387/1749/2561
s 0
f 1041/1771/2745 1160/1692/2746 967/1882/2747
s 1
f 967/1882/2748 1160/1692/2469 1142/1027/1492
f 967/1882/2748 1142/1027/1492 1200/1028/1493
f 967/1882/2748 1200/1028/1493 1053/1029/1494
f 1053/1029/1494 1024/1016/1481 970/1024/1488
f 1053/1029/1494 970/1024/1488 965/1869/2722
f 967/1882/2748 1053/1029/1494 933/1770/2586
f 933/1770/2586 1041/1771/2588 967/1882/2748
f 1407/1661/2423 1369/1662/2424 1447/1778/2616
f 105/1721/2517 129/1883/2749 291/1719/2516
f 356/1718/2510 291/1719/2511 288/1884/2750
s 0
f 288/1884/2751 291/1719/2752 129/1883/2753
s 1
f 2133/1885/2754 129/1883/2749 105/1721/2517
f 2133/1885/2754 105/1721/2517 2164/1724/2755
f 2164/1724/2755 2187/1886/2756 2133/1885/2754
f 129/1883/2749 2133/1885/2754 178/1887/2757
f 288/1884/2750 129/1883/2749 214/1888/2758
f 288/1884/2750 214/1888/2758 293/1889/2759
s 0
f 499/1890/2760 293/1889/2761 488/1891/2762
s 1
f 499/1890/2763 488/1891/2764 490/1892/2765
f 649/1733/2544 499/1890/2763 635/1736/2543
f 499/1890/2763 490/1892/2765 635/1736/2543
s 0
f 236/1893/2766 293/1889/2767 214/1888/2767
s 1
f 2114/1894/2768 157/1895/2769 45/1896/2770
f 2114/1894/2768 45/1896/2770 2187/1897/2756
s 0
f 2114/1894/2771 2187/1897/2772 2204/1898/2773
f 965/1869/2774 933/1770/2775 1053/1029/2776
s 1
f 734/1867/2720 584/1864/2718 555/1686/2454
f 1656/1899/2777 1625/988/1446 1557/1879/2739
f 1625/988/1446 1656/1899/2777 1670/989/1447
f 1656/1899/2777 1643/1900/2778 1644/1901/2779
f 1612/1902/2780 1644/1901/2779 1643/1900/2778
f 1643/1900/2778 1656/1899/2777 1557/1879/2739
f 1587/1903/2781 1643/1900/2778 1623/1904/2782
f 1557/1879/2739 1623/1904/2782 1643/1900/2778
f 1623/1904/2782 1557/1879/2739 1480/1880/2744
f 1623/1904/2782 1480/1880/2744 1592/1905/2783
f 1587/1903/2781 1623/1904/2782 1592/1905/2783
f 1572/1906/2784 1587/1903/2781 1592/1905/2783
f 1571/1907/2785 1587/1903/2781 1572/1906/2784
f 1587/1903/2781 1571/1907/2785 1588/1908/2786
f 1587/1903/2781 1588/1908/2786 1643/1900/2778
f 1588/1908/2786 1612/1902/2780 1643/1900/2778
f 1535/1765/2578 1572/1906/2784 1551/1762/2575
f 1535/1765/2578 1551/1762/2575 1471/1763/2576
f 1551/1762/2575 1592/1905/2783 1574/1761/2574
f 1592/1905/2783 1551/1762/2575 1572/1906/2784
f 1592/1905/2783 1480/1880/2744 1569/1881/2743
f 1574/1761/2574 1592/1905/2783 1563/1758/2571
f 1563/1758/2571 1592/1905/2783 1569/1881/2743
f 1574/1761/2574 1563/1758/2571 1507/1759/2572
s 0
f 1133/1738/2787 1146/1739/2788 1023/1729/2789
s 1
f 1023/1729/2529 1146/1739/2549 957/1714/2506
f 1023/1729/2529 957/1714/2506 931/1716/2508
f 649/1733/2544 769/1726/2523 540/1725/2522
f 499/1890/2763 649/1733/2544 540/1725/2522
f 288/1884/2750 540/1725/2522 356/1718/2510
f 499/1890/2763 540/1725/2522 293/1889/2759
f 293/1889/2759 540/1725/2522 288/1884/2750
f 2133/1885/2754 2187/1897/2756 45/1896/2770
f 2133/1885/2754 45/1896/2770 178/1887/2757
f 178/1887/2757 45/1896/2770 157/1895/2769
f 178/1887/2757 214/1888/2758 129/1883/2749
f 3468/1269/1837 3539/1261/1829 3417/1271/1842
f 3539/1261/1829 3468/1269/1837 3585/1264/1832
f 3417/1271/1842 3377/1281/1859 3468/1269/1837
f 3468/1269/1837 3377/1281/1859 3399/1909/2790
s 0
f 3468/1269/2791 3473/1910/2792 3573/1268/2793
s 1
f 3563/1911/2794 3573/1268/1836 3473/1910/2795
f 3594/1265/1833 3573/1268/1836 3563/1911/2794
f 3594/1265/1833 3593/1912/2796 3634/1266/1834
f 3473/1910/2797 3468/1269/1837 3399/1909/2790
f 3473/1910/2797 3399/1909/2790 3444/1913/2798
f 3365/1914/2799 3401/1915/2800 3390/1326/1925
f 3399/1909/2790 3401/1915/2800 3444/1913/2798
f 3308/1282/1860 3390/1326/1925 3377/1281/1859
f 3377/1281/1859 3390/1326/1925 3399/1909/2790
f 3401/1915/2800 3399/1909/2790 3390/1326/1925
f 3183/1527/2251 3344/1558/2285 3288/1541/2265
f 3697/1916/2801 3765/1592/2333 3861/1593/2334
f 3671/1591/2332 3765/1592/2333 3697/1916/2801
f 3697/1916/2801 3861/1593/2334 3848/1840/2686
f 3671/1591/2332 3697/1916/2801 3771/1917/2802
f 3628/1918/2803 3671/1591/2332 3771/1917/2802
f 3697/1916/2801 3848/1840/2686 3771/1917/2802
f 3848/1840/2686 3888/1839/2685 3771/1917/2802
f 3771/1917/2802 3888/1839/2685 3883/1919/2804
f 3771/1917/2802 3883/1919/2804 3692/1920/2805
f 3883/1919/2804 3833/1921/2806 3692/1920/2805
f 3902/1837/2683 3883/1919/2804 3888/1839/2685
f 3692/1920/2805 3833/1921/2806 3648/1922/2807
f 3771/1917/2802 3692/1920/2805 3628/1918/2803
f 3628/1918/2803 3692/1920/2805 3648/1922/2807
f 3628/1918/2803 3648/1922/2807 3631/1923/2808
f 3671/1591/2332 3628/1918/2803 3631/1923/2808
f 3805/1588/2329 3671/1591/2332 3631/1923/2808
f 3749/1587/2328 3805/1588/2329 3815/1924/2809
f 3815/1924/2809 3805/1588/2329 3631/1923/2808
f 3631/1923/2808 3648/1922/2807 3687/1925/2810
f 3631/1923/2808 3687/1925/2810 3815/1924/2809
f 3749/1587/2328 3815/1924/2809 3748/1586/2327
f 3732/1926/2627 3728/1267/1835 3773/1927/2811
f 3732/1926/2627 3773/1927/2811 3663/1928/2654
f 3773/1927/2811 3728/1267/1835 3776/1929/2812
f 3776/1929/2812 3728/1267/1835 3634/1266/1834
f 3804/1930/2813 3701/1931/2650 3696/1932/2652
f 3776/1929/2812 3804/1930/2813 3773/1927/2811
f 3804/1930/2813 3696/1932/2652 3663/1928/2654
f 3804/1930/2813 3663/1928/2654 3773/1927/2811
f 1531/1933/2814 1535/1934/2578 1473/1935/2577
s 0
f 1572/1936/2815 1535/1934/2816 1528/1937/2817
s 1
f 1436/1938/2818 1473/1935/2577 1420/1939/2567
f 1436/1938/2818 1420/1939/2567 1396/1940/2566
f 1394/1941/2819 1436/1938/2818 1396/1940/2566
f 1415/1942/2820 1436/1938/2818 1394/1941/2819
f 1396/1940/2566 1334/1943/2565 1394/1941/2819
f 1316/1944/2553 1256/1945/2821 1295/1946/2822
f 1197/1947/2552 1256/1945/2821 1316/1948/2553
f 1197/1947/2552 1232/1949/2554 1146/1950/2549
f 1197/1947/2552 1217/1951/2823 1256/1945/2821
f 1180/1952/2824 1197/1947/2552 1146/1950/2549
f 1217/1951/2823 1197/1947/2552 1180/1952/2824
f 1180/1952/2824 1146/1950/2549 1149/1953/2551
f 1149/1953/2551 1133/1954/2550 1115/1955/2825
s 0
f 1133/1956/2826 991/1957/2827 1115/1955/2828
s 1
f 991/1957/2530 919/1958/2829 972/1959/2830
f 972/1959/2830 919/1958/2829 992/1960/2831
f 992/1960/2831 919/1958/2829 926/1961/2832
s 0
f 926/1961/2833 919/1958/2834 869/1962/2835
s 1
f 1132/1963/2836 972/1959/2830 992/1960/2831
f 1132/1963/2836 1138/1964/2837 1150/1965/2838
f 972/1959/2830 1132/1963/2836 1115/1955/2839
f 1132/1963/2836 1150/1965/2838 1115/1955/2839
f 1150/1965/2838 1196/1966/2840 1217/1951/2823
f 1217/1951/2823 1196/1966/2840 1230/1967/2841
f 1217/1951/2823 1180/1952/2824 1150/1965/2838
f 1150/1965/2838 1180/1952/2824 1149/1953/2551
s 0
f 1150/1965/2842 1149/1953/2843 1115/1955/2844
s 1
f 1115/1955/2839 991/1957/2530 972/1959/2830
f 1444/1968/2845 1352/1969/1475 1448/1970/1471
f 1466/1971/2846 1448/1970/1471 1460/1972/1469
f 1460/1972/1469 1477/1973/1468 1466/1971/2846
f 1466/1971/2846 1477/1973/1468 1475/1974/1466
f 1448/1970/1471 1466/1971/2846 1444/1968/2845
f 1466/1971/2846 1475/1974/1466 1485/1975/2847
f 1475/1974/1466 1580/1976/1463 1485/1975/2847
f 1601/1977/1462 1609/1978/1460 1607/1979/2848
f 1607/1979/2848 1609/1978/1460 1631/1980/1454
f 1601/1977/1462 1607/1979/2848 1608/1981/2849
f 1607/1979/2848 1629/1982/2850 1608/1981/2849
f 1605/1983/2851 1601/1977/1462 1608/1981/2849
f 1631/1980/1454 1629/1982/2850 1607/1979/2848
s 0
f 1631/1980/2852 1652/1984/2853 1629/1982/2854
s 1
f 1652/1984/2855 1665/1985/1452 1686/1986/1451
s 0
f 1629/1982/2856 1652/1984/2857 1686/1986/2858
s 1
f 1629/1982/2850 1686/1986/2859 1633/1987/2860
f 1670/1988/1447 1656/1989/2777 1660/1990/2861
f 1660/1990/2861 1656/1989/2777 1659/1991/2862
f 1656/1989/2777 1644/1992/2779 1659/1991/2862
s 0
f 1670/1988/2863 1660/1990/2864 1677/1993/2865
s 1
f 1615/1994/2866 1644/1992/2779 1612/1995/2780
f 1612/1995/2780 1530/1996/2867 1615/1994/2866
f 1612/1995/2780 1588/1997/2786 1530/1996/2867
f 1528/1937/2868 1571/1998/2785 1572/1936/2784
f 1524/1999/2869 1528/1937/2868 1535/1934/2870
f 1528/1937/2868 1524/1999/2869 1498/2000/2871
f 1571/1998/2785 1528/1937/2868 1498/2000/2871
f 1571/1998/2785 1506/2001/2872 1588/1997/2786
f 1506/2001/2872 1571/1998/2785 1498/2000/2871
f 1530/1996/2867 1588/1997/2786 1506/2001/2872
f 1530/1996/2867 1506/2001/2872 1502/2002/2873
f 1533/2003/2874 1530/1996/2867 1502/2002/2873
f 1530/1996/2867 1543/2004/2875 1615/1994/2866
f 1543/2004/2875 1530/1996/2867 1533/2003/2874
f 1533/2003/2874 1502/2002/2873 1510/2005/2876
f 1510/2005/2876 1502/2002/2873 1509/2006/2877
f 1529/2007/2878 1509/2006/2877 1541/2008/2879
f 1541/2008/2879 1415/1942/2820 1431/2009/2880
f 1509/2006/2877 1529/2007/2878 1536/2010/2881
f 1536/2010/2881 1529/2007/2878 1541/2008/2879
f 1509/2006/2877 1536/2010/2881 1510/2005/2876
f 1519/2011/2882 1510/2005/2876 1536/2010/2881
f 1543/2004/2875 1533/2003/2874 1505/2012/2883
f 1533/2003/2874 1510/2005/2876 1493/2013/2884
f 1505/2012/2883 1533/2003/2874 1493/2013/2884
f 1543/2004/2875 1505/2012/2883 1615/1994/2866
s 0
f 1505/2012/2885 1512/2014/2886 1610/2015/2887
s 1
f 1493/2013/2884 1510/2005/2876 1519/2011/2882
f 1467/2016/2888 1450/2017/2889 1425/2018/2890
f 1426/2019/2891 1425/2018/2890 1450/2017/2889
f 1467/2016/2888 1547/2020/2892 1519/2011/2882
f 1565/2021/2893 1519/2011/2882 1547/2020/2892
f 1519/2011/2882 1565/2021/2893 1495/2022/2894
f 1519/2011/2882 1495/2022/2894 1493/2013/2884
f 1493/2013/2884 1495/2022/2894 1505/2012/2883
f 1495/2022/2894 1565/2021/2893 1501/2023/2895
f 1505/2012/2883 1495/2022/2894 1500/2024/2896
f 1512/2014/2897 1505/2012/2883 1500/2024/2896
f 1505/2012/2883 1610/2015/2898 1615/1994/2866
f 1615/1994/2866 1610/2015/2898 1649/2025/2899
f 1500/2024/2896 1610/2015/2898 1512/2014/2897
f 1614/2026/2900 1610/2015/2898 1500/2024/2896
f 1518/2027/2901 1500/2024/2896 1495/2022/2894
f 1500/2024/2896 1518/2027/2901 1577/2028/2902
f 1504/2029/2903 1495/2022/2894 1501/2023/2895
f 1540/2030/2904 1565/2021/2893 1547/2020/2892
f 1467/2016/2888 1425/2018/2890 1438/2031/2905
f 1547/2020/2892 1467/2016/2888 1469/2032/2906
f 1547/2020/2892 1469/2032/2906 1540/2030/2904
f 1469/2032/2906 1467/2016/2888 1438/2031/2905
f 1565/2021/2893 1540/2030/2904 1501/2023/2895
f 1501/2023/2895 1540/2030/2904 1520/2033/2907
f 1501/2023/2895 1520/2033/2907 1504/2029/2903
f 1469/2032/2906 1438/2031/2905 1435/2034/2908
f 1425/2018/2890 1426/2019/2891 1393/2035/2909
s 0
f 1425/2018/2910 1367/2036/2911 1438/2031/2912
s 1
f 1425/2018/2890 1393/2035/2909 1367/2036/2913
f 1367/2036/2913 1393/2035/2909 1350/2037/2914
f 1393/2035/2909 1426/2019/2891 1403/2038/2915
f 1403/2038/2915 1426/2019/2891 1450/2017/2889
f 1350/2037/2914 1393/2035/2909 1403/2038/2915
f 1403/2038/2915 1348/2039/2916 1350/2037/2914
f 1350/2037/2914 1348/2039/2916 1290/2040/2917
f 1277/2041/2918 1290/2040/2917 1348/2039/2916
f 1348/2039/2916 1403/2038/2915 1378/2042/2919
f 1277/2041/2918 1230/1967/2841 1192/2043/2920
f 1277/2041/2918 1348/2039/2916 1295/1946/2822
f 1347/2044/2921 1295/1946/2822 1348/2039/2916
f 1277/2041/2918 1295/1946/2822 1256/1945/2821
f 1217/1951/2823 1230/1967/2841 1256/1945/2821
f 1256/1945/2821 1230/1967/2841 1277/2041/2918
f 1196/1966/2840 1150/1965/2838 1192/2043/2920
f 1230/1967/2841 1196/1966/2840 1192/2043/2920
f 1189/2045/2922 1192/2043/2920 1150/1965/2838
f 1277/2041/2918 1192/2043/2920 1189/2045/2922
f 1277/2041/2918 1189/2045/2922 1227/2046/2923
f 1227/2046/2923 1189/2045/2922 1168/2047/2924
f 1277/2041/2918 1227/2046/2923 1231/2048/2925
f 1277/2041/2918 1231/2048/2925 1290/2040/2917
f 1227/2046/2923 1168/2047/2924 1231/2048/2925
f 1367/2036/2913 1350/2037/2914 1374/2049/2926
f 1246/2050/2927 1290/2040/2917 1231/2048/2925
f 1231/2048/2925 1168/2047/2924 1205/2051/2928
f 1231/2048/2925 1205/2051/2928 1246/2050/2927
f 1219/2052/2929 1246/2050/2927 1205/2051/2928
f 1208/2053/2930 1205/2051/2928 1153/2054/2931
f 1205/2051/2928 1208/2053/2930 1219/2052/2929
f 1246/2050/2927 1219/2052/2929 1234/2055/2932
f 1234/2055/2932 1281/2056/2933 1246/2050/2927
f 1246/2050/2927 1281/2056/2933 1291/2057/2934
f 1246/2050/2927 1291/2057/2934 1290/2040/2917
f 1290/2040/2917 1335/2058/2935 1350/2037/2914
f 1350/2037/2914 1335/2058/2935 1374/2049/2926
f 1367/2036/2913 1374/2049/2926 1400/2059/2936
f 1367/2036/2913 1400/2059/2936 1438/2031/2905
f 1400/2059/2936 1374/2049/2926 1372/2060/2937
f 1372/2060/2937 1374/2049/2926 1335/2058/2935
f 1335/2058/2935 1290/2040/2917 1291/2057/2934
f 1372/2060/2937 1335/2058/2935 1384/2061/2938
f 1413/2062/2939 1372/2060/2937 1384/2061/2938
f 1372/2060/2937 1413/2062/2939 1400/2059/2936
f 1400/2059/2936 1413/2062/2939 1438/2031/2905
f 1438/2031/2905 1413/2062/2939 1435/2034/2908
f 1435/2034/2908 1472/2063/2940 1469/2032/2906
f 1469/2032/2906 1472/2063/2940 1544/2064/2941
f 1540/2030/2904 1469/2032/2906 1544/2064/2941
f 1540/2030/2904 1544/2064/2941 1561/2065/2942
f 1540/2030/2904 1561/2065/2942 1520/2033/2907
f 1495/2022/2894 1504/2029/2903 1518/2027/2901
f 1518/2027/2901 1504/2029/2903 1523/2066/2943
f 1523/2066/2943 1504/2029/2903 1520/2033/2907
f 1561/2065/2942 1537/2067/2944 1520/2033/2907
s 0
f 1523/2066/2945 1520/2033/2946 1537/2067/2947
s 1
f 1523/2066/2943 1581/2068/2948 1518/2027/2901
f 1523/2066/2943 1556/2069/2949 1581/2068/2948
f 1556/2069/2949 1523/2066/2943 1537/2067/2944
f 1518/2027/2901 1581/2068/2948 1577/2028/2902
f 1577/2028/2902 1581/2068/2948 1613/2070/2950
f 1500/2024/2896 1577/2028/2902 1614/2026/2900
f 1610/2015/2898 1613/2070/2950 1649/2025/2899
f 1613/2070/2950 1658/2071/2951 1649/2025/2899
f 1613/2070/2950 1610/2015/2898 1614/2026/2900
f 1614/2026/2900 1577/2028/2902 1613/2070/2950
s 0
f 1658/2071/2952 1613/2070/2953 1657/2072/2954
s 1
f 1613/2070/2950 1581/2068/2948 1556/2069/2949
f 1613/2070/2950 1556/2069/2949 1586/2073/2955
f 1645/2074/2956 1613/2070/2950 1616/2075/2957
f 1616/2075/2957 1613/2070/2950 1586/2073/2955
f 1616/2075/2957 1586/2073/2955 1516/2076/2958
f 1538/2077/2959 1586/2073/2955 1550/2078/2960
f 1550/2078/2960 1586/2073/2955 1556/2069/2949
f 1550/2078/2960 1537/2067/2944 1538/2077/2959
f 1537/2067/2944 1550/2078/2960 1556/2069/2949
f 1561/2065/2942 1559/2079/2961 1546/2080/2962
f 1561/2065/2942 1544/2064/2941 1559/2079/2961
f 1561/2065/2942 1546/2080/2962 1537/2067/2944
f 1538/2077/2959 1537/2067/2944 1546/2080/2962
f 1538/2077/2959 1546/2080/2962 1522/2081/2963
f 1538/2077/2959 1522/2081/2963 1516/2076/2958
f 1538/2077/2959 1516/2076/2958 1586/2073/2955
s 0
f 1645/2074/2964 1657/2072/2965 1613/2070/2966
s 1
f 1658/2071/2951 1657/2072/2967 1668/2082/2968
f 1681/2083/2969 1658/2071/2951 1668/2082/2968
f 1649/2025/2899 1658/2071/2951 1659/1991/2862
f 1615/1994/2866 1649/2025/2899 1644/1992/2779
f 1644/1992/2779 1649/2025/2899 1659/1991/2862
f 1659/1991/2862 1658/2071/2951 1681/2083/2969
f 1675/2084/2970 1678/2085/2971 1687/2086/2972
f 1686/1986/2859 1675/2084/2970 1653/2087/2973
f 1675/2084/2970 1686/1986/2859 1678/2085/2971
s 0
f 1681/2083/2974 1660/1990/2975 1659/1991/2976
s 1
f 1660/1990/2977 1681/2083/2978 1677/1993/2979
s 0
f 1677/1993/2980 1681/2083/2981 1682/2088/2982
f 1678/2085/2983 1686/1986/2984 1689/2089/2985
f 1678/2085/2986 1689/2090/2987 1682/2088/2988
f 1689/2090/2989 1670/1988/2990 1677/1993/2991
f 1689/2090/2992 1677/1993/2993 1682/2088/2994
s 1
f 1221/2091/1478 1345/2092/1476 1224/2093/2995
f 1221/2091/1478 1224/2093/2995 1187/2094/2996
f 1345/2092/1476 1352/1969/1475 1409/2095/2997
f 1409/2095/2997 1352/1969/1475 1444/1968/2845
f 1444/1968/2845 1466/1971/2846 1458/2096/2998
f 1444/1968/2845 1458/2096/2998 1437/2097/2999
f 1458/2096/2998 1466/1971/2846 1485/1975/2847
f 1458/2096/2998 1485/1975/2847 1514/2098/3000
f 1485/1975/2847 1605/1983/2851 1514/2098/3000
f 1601/1977/1462 1485/1975/2847 1580/1976/1463
f 1485/1975/2847 1601/1977/1462 1605/1983/2851
f 1605/1983/2851 1590/2099/3001 1514/2098/3000
f 1444/1968/2845 1437/2097/2999 1409/2095/2997
f 1437/2097/2999 1458/2096/2998 1462/2100/3002
s 0
f 1437/2097/3003 1462/2100/3004 1424/2101/3005
s 1
f 1596/2102/3006 1462/2100/3002 1560/2103/3007
f 1462/2100/3002 1461/2104/3008 1424/2101/3009
f 1461/2104/3008 1462/2100/3002 1596/2102/3006
f 1461/2104/3008 1596/2102/3006 1582/2105/3010
f 1437/2097/2999 1424/2101/3009 1409/2095/2997
s 0
f 1409/2095/3011 1375/2106/3012 1345/2092/3013
s 1
f 1345/2092/1476 1375/2106/3014 1288/2107/3015
f 1224/2093/2995 1345/2092/1476 1288/2107/3015
f 1288/2107/3015 1252/2108/3016 1224/2093/2995
f 1224/2093/2995 1252/2108/3016 1187/2094/2996
f 1187/2094/2996 1173/2109/3017 1084/2110/3018
f 1187/2094/2996 1252/2108/3016 1186/2111/3019
f 1173/2109/3017 1187/2094/2996 1186/2111/3019
f 1084/2110/3018 1173/2109/3017 1092/2112/3020
s 0
f 1187/2094/3021 1084/2110/3022 1090/2113/3023
s 1
f 1187/2094/2996 1090/2113/1479 1221/2091/1478
f 1090/2113/1479 1084/2110/3018 943/2114/3024
f 943/2114/3024 1084/2110/3018 944/2115/3025
f 944/2115/3025 1084/2110/3018 998/2116/3026
f 998/2116/3026 1084/2110/3018 1092/2112/3020
f 944/2115/3025 998/2116/3026 940/2117/3027
f 1159/2118/3028 1015/2119/3029 1092/2112/3020
s 0
f 998/2116/3030 1092/2112/3031 1015/2119/3032
s 1
f 1015/2119/3029 1159/2118/3028 1172/2120/3033
s 0
f 1190/2121/3034 1172/2120/3035 1159/2118/3036
s 1
f 1172/2120/3033 1190/2121/3037 1220/2122/3038
f 1172/2120/3033 1220/2122/3038 1185/2123/3039
f 1220/2122/3038 1226/2124/3040 1313/2125/3041
f 1313/2125/3041 1226/2124/3040 1288/2107/3015
f 1313/2125/3041 1287/2126/3042 1220/2122/3038
f 1370/2127/3043 1287/2126/3042 1313/2125/3041
f 1220/2122/3038 1287/2126/3042 1185/2123/3039
f 1185/2123/3039 1287/2126/3042 1204/2128/3044
f 1204/2128/3044 1287/2126/3042 1222/2129/3045
f 1003/2130/3046 1185/2123/3039 1204/2128/3044
f 1015/2119/3029 1185/2123/3039 1003/2130/3046
f 1172/2120/3033 1185/2123/3039 1015/2119/3029
f 1015/2119/3029 976/2131/3047 998/2116/3026
f 998/2116/3026 976/2131/3047 939/2132/3048
f 998/2116/3026 939/2132/3048 940/2117/3027
f 867/2133/3049 939/2132/3048 865/2134/3050
f 865/2134/3050 939/2132/3048 938/2135/3051
f 938/2135/3051 939/2132/3048 976/2131/3047
f 865/2134/3050 938/2135/3051 866/2136/3052
f 1003/2130/3046 938/2135/3051 976/2131/3047
f 1015/2119/3029 1003/2130/3046 976/2131/3047
f 991/2137/2530 917/2138/2528 918/2139/3053
f 991/2140/2530 918/2139/3053 919/2141/2829
f 889/2142/2531 918/2139/3053 917/2138/2528
s 0
f 889/2142/3054 849/2143/3055 918/2139/3056
s 1
f 889/2142/2540 831/2144/2539 849/2143/3057
f 849/2143/3057 831/2144/2539 777/2145/2545
f 849/2143/3057 777/2145/2545 781/2146/3058
f 781/2146/3058 777/2145/2545 635/2147/2543
f 918/2139/3053 849/2143/3057 794/2148/3059
f 918/2139/3053 794/2148/3059 919/2141/2829
f 781/2146/3058 794/2148/3059 849/2143/3057
f 597/2149/3060 781/2146/3058 635/2147/2543
f 635/2147/2543 490/2150/2765 597/2149/3060
f 490/2150/2765 488/2151/2764 293/2152/3061
f 490/2150/2765 293/2152/3061 374/2153/3062
f 293/2152/3061 236/2154/3063 374/2153/3062
f 781/2146/3058 597/2149/3060 794/2148/3059
f 794/2148/3059 597/2149/3060 637/2155/3064
f 435/2156/3065 637/2155/3064 597/2149/3060
f 435/2156/3065 597/2149/3060 490/2150/2765
s 0
f 490/2150/3066 374/2153/3067 435/2156/3068
s 1
f 794/2148/3059 637/2155/3064 695/2157/3069
f 637/2155/3064 672/2158/3070 695/2157/3069
f 794/2148/3059 695/2157/3069 825/2159/3071
f 794/2148/3059 825/2159/3071 919/2141/2829
s 0
f 869/2160/3072 919/2141/3073 825/2159/3074
s 1
f 926/2161/2832 869/2160/3075 754/2162/3076
f 926/2161/2832 824/2163/3077 873/2164/3078
f 824/2163/3077 926/2161/2832 754/2162/3076
f 825/2159/3071 754/2162/3076 869/2160/3075
f 825/2159/3071 690/2165/3079 754/2162/3076
f 695/2157/3069 690/2165/3079 825/2159/3071
f 695/2157/3069 672/2158/3070 690/2165/3079
f 690/2165/3079 672/2158/3070 661/2166/3080
f 447/2167/3081 661/2166/3080 672/2158/3070
f 637/2155/3064 435/2156/3065 672/2158/3070
f 672/2158/3070 435/2156/3065 447/2167/3081
f 116/2168/3082 374/2153/3062 236/2154/3063
s 0
f 236/2154/3083 214/2169/3084 178/2170/3085
f 236/2154/3086 178/2170/3087 157/2171/3088
f 2144/2172/3089 157/2171/3090 2114/2173/3091
f 2204/2174/3092 2144/2172/3093 2114/2173/3094
f 236/2154/3095 157/2171/3096 116/2168/3097
f 116/2168/3098 157/2171/3099 217/2175/3100
s 1
f 217/2175/3101 157/2171/3102 2144/2172/3103
f 374/2153/3062 116/2168/3082 335/2176/3104
s 0
f 116/2168/3105 110/2177/3106 335/2176/3107
s 1
f 374/2153/3062 335/2176/3104 435/2156/3065
f 335/2176/3104 447/2167/3081 435/2156/3065
f 2111/2178/3108 2144/2172/3103 2197/2179/3109
f 2144/2172/3103 2111/2178/3108 217/2175/3101
f 2529/2180/3110 2470/2181/3111 2767/2182/3112
s 0
f 2413/2183/3113 2256/2184/3114 2197/2179/3115
s 1
f 2410/2185/3116 2413/2183/3117 2470/2181/3111
f 2413/2183/3117 2410/2185/3116 2374/2186/3118
f 2900/2187/3119 2798/2188/3120 2905/2189/3121
f 2952/2190/3122 2900/2187/3119 2905/2189/3121
f 2900/2187/3119 2952/2190/3122 2953/2191/3123
f 2953/2191/3123 2952/2190/3122 2995/2192/3124
f 2858/2193/3125 2900/2187/3119 2953/2191/3123
f 2798/2188/3120 2900/2187/3119 2858/2193/3125
f 2798/2188/3120 2827/2194/3126 2529/2180/3110
f 2798/2188/3120 2858/2193/3125 2827/2194/3126
f 2529/2180/3110 2827/2194/3126 2688/2195/3127
f 2529/2180/3110 2688/2195/3127 2470/2181/3111
s 0
f 2497/2196/3128 2470/2181/3129 2688/2195/3130
s 1
f 2470/2181/3111 2497/2196/3131 2410/2185/3116
s 0
f 2413/2183/3132 2374/2186/3133 2256/2184/3134
s 1
f 217/2175/3101 2111/2178/3108 41/2197/3135
s 0
f 2111/2178/3136 8/2198/3137 41/2197/3138
s 1
f 217/2175/3101 41/2197/3135 110/2177/3139
s 0
f 110/2177/3140 41/2197/3141 312/2199/3142
s 1
f 312/2199/3143 335/2176/3104 110/2177/3144
f 524/2200/3145 447/2167/3081 335/2176/3104
f 690/2165/3079 661/2166/3080 754/2162/3076
f 754/2162/3076 800/2201/3146 824/2163/3077
f 873/2164/3078 824/2163/3077 837/2202/3147
f 837/2202/3147 824/2163/3077 800/2201/3146
f 837/2202/3147 800/2201/3146 767/2203/3148
f 800/2201/3146 754/2162/3076 661/2166/3080
f 800/2201/3146 661/2166/3080 717/2204/3149
f 661/2166/3080 670/2205/3150 717/2204/3149
f 661/2166/3080 447/2167/3081 524/2200/3145
f 661/2166/3080 599/2206/3151 670/2205/3150
f 661/2166/3080 524/2200/3145 599/2206/3151
f 312/2199/3143 524/2200/3145 335/2176/3104
f 312/2199/3143 444/2207/3152 524/2200/3145
f 444/2207/3152 599/2206/3151 524/2200/3145
f 767/2203/3148 717/2204/3149 670/2205/3150
f 717/2204/3149 767/2203/3148 800/2201/3146
f 670/2205/3150 689/2208/3153 767/2203/3148
f 837/2202/3147 767/2203/3148 689/2208/3153
f 837/2202/3147 689/2208/3153 873/2209/3078
f 689/2208/3153 670/2205/3150 698/2210/3154
f 698/2210/3154 670/2205/3150 599/2206/3151
f 689/2208/3153 698/2210/3154 855/2211/3155
f 599/2206/3151 444/2207/3152 458/2212/3156
f 599/2206/3151 667/2213/3157 662/2214/3158
f 599/2206/3151 662/2214/3158 698/2210/3154
f 698/2210/3154 662/2214/3158 740/2215/3159
f 698/2210/3154 740/2215/3159 855/2211/3155
f 740/2215/3159 763/2216/3160 855/2211/3155
f 763/2216/3160 740/2215/3159 700/2217/3161
f 855/2211/3155 763/2216/3160 829/2218/3162
f 951/2219/1482 1090/2220/1479 943/2221/3024
f 897/2222/1483 951/2219/1482 943/2221/3024
f 897/2222/1483 871/2223/3163 836/2224/1484
f 897/2222/1483 943/2221/3024 871/2223/3163
f 836/2224/1484 871/2223/3163 830/2225/1487
f 679/2226/3164 762/2227/2725 830/2225/1487
f 643/2228/2726 762/2227/2725 679/2226/3164
f 830/2225/1487 871/2223/3163 827/2229/3165
f 830/2225/1487 827/2229/3165 774/2230/3166
f 830/2225/1487 774/2230/3166 732/2231/3167
f 830/2225/1487 732/2231/3167 679/2226/3164
f 643/2228/2726 679/2226/3164 676/2232/3168
f 552/2233/3169 392/2234/2728 643/2228/2726
f 679/2226/3164 732/2231/3167 676/2232/3168
f 780/2235/3170 774/2230/3166 827/2229/3165
f 780/2235/3170 827/2229/3165 870/2236/3171
f 774/2230/3166 780/2235/3170 728/2237/3172
f 827/2229/3165 871/2223/3163 870/2236/3171
f 943/2221/3024 944/2238/3025 871/2223/3163
f 871/2223/3163 944/2238/3025 870/2236/3171
f 870/2236/3171 944/2238/3025 847/2239/3173
f 847/2239/3173 944/2238/3025 940/2240/3027
f 940/2240/3027 867/2241/3049 847/2239/3173
f 848/2242/3174 867/2241/3049 865/2243/3050
f 799/2244/3175 848/2242/3174 803/2245/3176
f 803/2245/3176 865/2246/3050 866/2247/3052
f 865/2246/3050 803/2245/3176 848/2242/3174
f 680/2248/3177 803/2245/3176 760/2249/3178
f 760/2249/3178 677/2250/3179 680/2248/3177
f 634/2251/3180 680/2248/3177 677/2250/3179
f 805/2252/3181 760/2249/3178 803/2245/3176
f 677/2250/3179 644/2253/3182 634/2251/3180
f 644/2253/3182 536/2254/3183 634/2251/3180
f 391/2255/3184 265/2256/3185 232/2257/3186
f 265/2256/3185 391/2255/3184 536/2254/3183
f 163/2258/3187 232/2257/3186 371/2259/3188
f 265/2256/3185 371/2259/3188 232/2257/3186
f 265/2256/3185 547/2260/3189 371/2259/3188
s 0
f 547/2260/3190 265/2256/3191 536/2254/3192
s 1
f 536/2254/3183 644/2253/3182 547/2260/3193
f 803/2245/3176 866/2247/3052 805/2252/3181
f 760/2249/3178 805/2252/3181 677/2250/3179
f 805/2252/3181 802/2261/3194 677/2250/3179
f 802/2261/3194 805/2252/3181 832/2262/3195
f 802/2261/3194 758/2263/3196 678/2264/3197
f 678/2264/3197 677/2250/3179 802/2261/3194
f 677/2250/3179 678/2264/3197 644/2253/3182
f 644/2253/3182 678/2264/3197 645/2265/3198
f 547/2260/3193 644/2253/3182 645/2265/3198
s 0
f 163/2258/3199 298/2266/3200 162/2267/3201
s 1
f 298/2266/3202 163/2258/3187 371/2259/3188
f 624/2268/3203 645/2265/3198 678/2264/3197
f 624/2268/3203 678/2264/3197 696/2269/3204
f 758/2263/3196 696/2269/3204 678/2264/3197
f 802/2261/3194 834/2270/3205 765/2271/3206
f 758/2263/3196 802/2261/3194 765/2271/3206
f 696/2269/3204 758/2263/3196 765/2271/3206
f 696/2269/3204 765/2271/3206 737/2272/3207
f 737/2272/3207 765/2271/3206 751/2273/3208
f 696/2269/3204 737/2272/3207 607/2274/3209
f 696/2269/3204 607/2274/3209 624/2268/3203
f 737/2272/3207 751/2273/3208 746/2275/3210
f 737/2272/3207 746/2275/3210 607/2274/3209
f 746/2275/3210 733/2276/3211 607/2274/3209
f 607/2274/3209 733/2276/3211 606/2277/3212
f 624/2268/3203 607/2274/3209 606/2277/3212
f 606/2277/3212 733/2276/3211 731/2278/3213
s 0
f 606/2277/3214 731/2279/3215 325/2280/3216
f 325/2280/3217 731/2279/3218 221/2281/3219
s 1
f 221/2281/3220 731/2279/3221 190/2282/3222
f 731/2279/3221 857/2283/3223 477/2284/3224
f 190/2282/3222 731/2279/3221 477/2284/3224
f 383/2285/3225 477/2284/3224 857/2283/3223
f 857/2283/3223 853/2286/3226 383/2285/3225
f 853/2286/3226 739/2287/3227 383/2285/3225
f 739/2287/3227 571/2288/3228 383/2285/3225
f 383/2285/3225 571/2288/3228 246/2289/3229
f 126/2290/3230 279/2291/3231 145/2292/3232
f 126/2290/3230 145/2292/3232 104/2293/3233
s 0
f 246/2289/3234 279/2291/3235 126/2290/3236
s 1
f 2202/2294/3237 2116/2295/3238 2211/2296/3239
f 2202/2294/3237 2211/2296/3239 2333/2297/3240
f 2333/2297/3240 2404/2298/3241 2393/2299/3242
f 2404/2298/3241 2333/2297/3240 2283/2300/3243
f 2283/2300/3243 2229/2301/3244 2291/2302/3245
s 0
f 2291/2302/3246 2229/2301/3247 2237/2303/3248
f 143/2304/3249 122/2305/3250 146/2306/3251
s 1
f 122/2305/3252 143/2304/3253 23/2307/3254
f 23/2307/3254 58/2308/3255 122/2305/3252
f 23/2307/3254 9/2309/3256 58/2308/3255
f 58/2308/3255 89/2310/3257 122/2305/3252
s 0
f 104/2293/3258 146/2306/3259 122/2305/3260
s 1
f 104/2293/3233 122/2305/3252 89/2310/3257
f 76/2311/3261 89/2310/3257 58/2308/3255
f 76/2311/3261 58/2308/3255 9/2309/3256
f 104/2293/3233 89/2310/3257 76/2311/3261
f 126/2290/3230 104/2293/3233 76/2311/3261
f 126/2290/3230 76/2311/3261 2202/2294/3237
s 0
f 2202/2294/3262 76/2311/3263 2116/2295/3264
s 1
f 2333/2297/3240 2211/2296/3239 2283/2300/3243
f 2229/2301/3244 2283/2300/3243 2211/2296/3239
f 2237/2303/3265 2229/2301/3244 2211/2296/3239
f 2237/2303/3265 2211/2296/3239 2223/2312/3266
f 2211/2296/3239 2208/2313/3267 2223/2312/3266
f 2208/2313/3267 9/2309/3256 23/2307/3254
f 76/2311/3261 9/2309/3256 2116/2295/3238
f 2116/2295/3238 9/2309/3256 2208/2313/3267
f 2116/2295/3238 2208/2313/3267 2211/2296/3239
f 392/2234/2728 605/2314/2727 643/2228/2726
f 552/2233/3169 643/2228/2726 628/2315/3268
f 233/2316/2729 392/2234/2728 391/2255/3184
f 676/2232/3168 628/2315/3268 643/2228/2726
f 732/2231/3167 774/2230/3166 728/2237/3172
f 732/2231/3167 728/2237/3172 676/2232/3168
s 0
f 775/2317/3269 728/2237/3270 780/2235/3271
s 1
f 728/2237/3172 775/2317/3272 676/2232/3168
s 0
f 780/2235/3273 870/2236/3274 775/2317/3275
s 1
f 775/2317/3272 675/2318/3276 676/2232/3168
f 628/2315/3268 536/2254/3183 552/2233/3169
f 552/2233/3169 391/2255/3184 392/2234/2728
s 0
f 235/2319/3277 233/2316/3278 391/2255/3279
f 96/2320/3280 233/2316/3281 235/2319/3282
f 235/2319/3283 94/2321/3284 96/2320/3285
f 235/2319/3286 391/2255/3287 232/2257/3288
f 235/2319/3289 232/2257/3290 94/2321/3291
s 1
f 96/2320/3292 94/2321/3293 2157/2322/3294
s 0
f 94/2321/3295 2228/2323/3296 2157/2322/3297
f 2379/2324/3298 2228/2323/3299 2226/2325/3300
s 1
f 2480/2326/3301 2597/2327/3302 2595/2328/3303
f 2597/2327/3302 2480/2326/3301 2379/2324/3304
f 2480/2326/3301 2595/2328/3303 2678/2329/3305
s 0
f 2228/2323/3306 2379/2324/3307 2157/2322/3308
f 2157/2322/3309 2379/2324/3310 2375/2330/3311
s 1
f 2375/2330/3312 2379/2324/3304 2480/2326/3301
f 2471/2331/3313 2480/2326/3301 2678/2329/3305
f 2678/2329/3305 2593/2332/3314 2471/2331/3313
f 2678/2329/3305 2715/2333/3315 2593/2332/3314
f 94/2321/3316 232/2257/3186 163/2258/3187
f 163/2258/3187 162/2267/3317 94/2321/3316
s 0
f 94/2321/3318 2226/2325/3319 2228/2323/3320
f 2226/2325/3321 94/2321/3322 162/2267/3323
f 2226/2325/3324 162/2267/3325 6/2334/3326
f 6/2334/3327 162/2267/3328 88/2335/3329
f 162/2267/3330 298/2266/3331 269/2336/3332
f 269/2336/3333 88/2335/3334 162/2267/3335
s 1
f 88/2335/3336 269/2336/3337 67/2337/3338
f 88/2335/3336 67/2337/3338 6/2334/3339
f 67/2337/3340 190/2282/3222 2156/2338/3341
f 190/2282/3222 67/2337/3340 221/2281/3220
f 190/2282/3222 126/2290/3230 2156/2338/3341
s 0
f 2156/2338/3342 2411/2339/3343 67/2337/3344
s 1
f 6/2334/3339 67/2337/3338 2411/2339/3345
f 6/2334/3339 2411/2339/3345 2415/2340/3346
f 2592/2341/3347 2415/2340/3346 2483/2342/3348
f 2483/2342/3348 2415/2340/3346 2411/2339/3345
s 0
f 2592/2341/3349 2737/2343/3350 2415/2340/3351
s 1
f 2592/2341/3352 2801/2344/3353 2737/2343/3354
f 2789/2345/3355 2737/2343/3354 2801/2344/3353
f 2864/2346/3356 2789/2345/3355 2801/2344/3353
f 2801/2344/3353 2840/2347/3357 2864/2346/3356
f 2766/2348/3358 2789/2345/3355 2864/2346/3356
f 2944/2349/3359 2864/2346/3356 2840/2347/3357
f 2944/2349/3359 2918/2350/3360 2864/2346/3356
f 2918/2350/3360 2944/2349/3359 2964/2351/3361
f 2979/2352/3362 2918/2350/3360 2964/2351/3361
f 3057/2353/3363 3007/2354/3364 3029/2355/3365
f 3057/2353/3363 3152/2356/3366 3264/2357/3367
f 3152/2356/3366 3192/2358/3368 3264/2357/3367
s 0
f 3264/2357/3369 3071/2359/3370 3057/2353/3371
s 1
f 3071/2359/3372 3264/2357/3373 3150/2360/3374
s 0
f 3264/2357/3375 3306/2361/3376 3150/2360/3377
s 1
f 3337/2362/3378 3150/2360/3374 3306/2361/3379
f 3337/2362/3378 3306/2361/3379 3386/2363/3380
f 3337/2362/3378 3386/2363/3380 3410/2364/3381
f 3410/2364/3381 3386/2363/3380 3454/2365/3382
f 3570/2366/3383 3472/2367/3384 3564/2368/3385
f 3472/2367/3384 3570/2366/3383 3520/2369/3386
f 3454/2365/3382 3472/2367/3384 3520/2369/3386
f 3410/2364/3381 3454/2365/3382 3412/2370/3387
f 3337/2362/3378 3410/2364/3381 3412/2370/3387
f 3408/2371/3388 3412/2370/3387 3454/2365/3382
f 3454/2365/3382 3479/2372/3389 3408/2371/3388
f 3412/2370/3387 3408/2371/3388 3379/2373/3390
f 3337/2362/3378 3412/2370/3387 3257/2374/3391
f 3150/2360/3374 3337/2362/3378 3257/2374/3391
f 3412/2370/3387 3379/2373/3390 3257/2374/3391
f 3411/2375/3392 3408/2371/3388 3479/2372/3389
f 3411/2375/3392 3301/2376/3393 3408/2371/3388
f 3408/2371/3388 3301/2376/3393 3318/2377/3394
f 3408/2371/3388 3318/2377/3394 3379/2373/3390
f 3379/2373/3390 3318/2377/3394 3257/2374/3391
f 3207/2378/3395 3113/2379/3396 3073/2380/3397
f 3207/2378/3395 3257/2374/3391 3227/2381/1926
f 3018/2382/1927 3031/2383/3398 3113/2379/3396
f 3113/2379/3396 3207/2378/3395 3227/2381/1926
f 3227/2381/1926 3032/2384/1922 3113/2379/3396
f 3032/2384/1922 3030/2385/1923 3113/2379/3396
f 3018/2382/1927 3113/2379/3396 3030/2385/1923
f 3018/2382/1927 2961/2386/1921 2941/2387/3399
f 2941/2387/3399 2961/2386/1921 2960/2388/1928
f 2960/2388/1928 2856/2389/1929 2906/2390/3400
f 2960/2388/1928 2906/2390/3400 2941/2387/3399
s 0
f 2701/2391/3401 2455/2392/3402 2471/2331/3403
s 1
f 2471/2331/3313 2455/2392/3404 2375/2330/3312
f 2471/2331/3313 2593/2332/3314 2701/2391/1932
f 2701/2391/1932 2593/2332/3314 2713/2393/1952
s 0
f 2375/2330/3405 2343/2394/3406 2157/2322/3407
s 1
f 2480/2326/3301 2471/2331/3313 2375/2330/3312
f 2713/2393/1952 2593/2332/3314 2715/2333/3315
f 2831/2395/1930 2713/2393/1952 2862/2396/3408
f 2831/2395/1930 2862/2396/3408 2856/2389/1929
f 3018/2382/1927 2941/2387/3399 3031/2383/3398
f 3031/2383/3398 2941/2387/3399 2940/2397/3409
f 2940/2397/3409 2941/2387/3399 2906/2390/3400
f 2906/2390/3400 2856/2389/1929 2862/2396/3408
f 2715/2333/3315 2862/2396/3408 2713/2393/1952
f 2862/2396/3408 2715/2333/3315 2794/2398/3410
f 2862/2396/3408 2794/2398/3410 2863/2399/3411
f 2906/2390/3400 2862/2396/3408 2863/2399/3411
f 2967/2400/3412 2863/2399/3411 2980/2401/3413
f 2863/2399/3411 2946/2402/3414 2980/2401/3413
f 2967/2400/3412 2980/2401/3413 3035/2403/3415
f 2980/2401/3413 2999/2404/3416 3035/2403/3415
f 3035/2403/3415 2999/2404/3416 3073/2380/3397
f 3207/2378/3395 3073/2380/3397 3150/2360/3374
f 2999/2404/3416 3033/2405/3417 3073/2380/3397
f 2999/2404/3416 2980/2401/3413 3033/2405/3417
f 2980/2401/3413 2946/2402/3414 2998/2406/3418
f 2946/2402/3414 2863/2399/3411 2794/2398/3410
f 2794/2398/3410 2799/2407/3419 2946/2402/3414
f 2946/2402/3414 2799/2407/3419 2842/2408/3420
f 2998/2406/3418 2946/2402/3414 2945/2409/3421
f 2945/2409/3421 2946/2402/3414 2842/2408/3420
f 2996/2410/3422 2980/2401/3413 2998/2406/3418
f 2980/2401/3413 2996/2410/3422 3033/2405/3417
f 3071/2359/3372 3150/2360/3374 3073/2380/3397
f 3007/2354/3364 3015/2411/3423 3004/2412/3424
f 3071/2359/3372 3015/2411/3423 3057/2353/3363
f 3015/2411/3423 3007/2354/3364 3057/2353/3363
f 3007/2354/3364 3004/2412/3424 2979/2352/3362
f 3007/2354/3364 2979/2352/3362 2964/2351/3361
f 2597/2327/3302 2789/2345/3355 2766/2348/3358
f 2789/2345/3355 2597/2327/3302 2737/2343/3354
s 0
f 2226/2325/3425 6/2334/3426 2415/2340/3427
f 2204/2174/3428 2416/2413/3429 2197/2179/3430
s 1
f 2204/2174/3431 2197/2179/3109 2144/2172/3103
s 0
f 2416/2413/3432 2413/2183/3433 2197/2179/3434
s 1
f 2692/2414/3435 2476/2415/2230 2516/2416/2223
f 2516/2416/2223 2693/2417/2232 2692/2414/3435
f 2692/2414/3435 2693/2417/2232 2800/2418/2231
f 2800/2418/2231 2819/2419/2233 2823/2420/3436
f 2819/2419/2233 2899/2421/3437 2823/2420/3436
f 2899/2421/3437 2819/2419/2233 2902/2422/2246
f 2899/2421/3437 2902/2422/2246 2957/2423/2259
f 3043/2424/2261 3067/2425/2262 3085/2426/3438
f 3043/2424/2261 2991/2427/2260 3024/2428/2258
f 3085/2426/3438 3067/2425/2262 3129/2429/2263
f 3263/2430/2264 3129/2429/2263 3178/2431/2286
f 3263/2430/2264 3178/2431/2286 3211/2432/2287
f 3263/2430/2264 3211/2432/2287 3288/2433/2265
s 0
f 3456/2434/3439 3484/2435/3440 3421/2436/3441
s 1
f 3627/2437/3442 3575/2438/2281 3597/2439/2325
f 3627/2437/3442 3597/2439/2325 3617/2440/2324
f 3575/2438/2281 3571/2441/3443 3517/2442/2280
f 3421/2436/2270 3484/2435/3444 3450/2443/3445
s 0
f 3490/2444/3446 3484/2435/3447 3517/2442/3448
s 1
f 3517/2442/2280 3571/2441/3443 3568/2445/3449
f 3568/2445/3449 3571/2441/3443 3610/2446/3450
f 3571/2441/3443 3575/2438/2281 3627/2437/3442
f 3571/2441/3443 3627/2437/3442 3610/2446/3450
f 3638/2447/3451 3610/2446/3450 3627/2437/3442
f 3590/2448/3452 3568/2445/3449 3610/2446/3450
f 3590/2448/3452 3610/2446/3450 3638/2447/3451
f 3638/2447/3451 3763/2449/3453 3759/2450/3454
f 3638/2447/3451 3677/2451/3455 3590/2448/3452
f 3590/2448/3452 3677/2451/3455 3609/2452/3456
f 3814/2453/3457 3759/2450/3454 3820/2454/3458
f 3814/2453/3457 3820/2454/3458 3718/2455/3459
f 3814/2453/3457 3718/2455/3459 3733/2456/3460
f 3814/2453/3457 3733/2456/3460 3743/2457/3461
f 3814/2453/3457 3743/2457/3461 3759/2450/3454
f 3743/2457/3461 3733/2456/3460 3676/2458/3462
f 3676/2458/3462 3733/2456/3460 3708/2459/3463
f 3743/2457/3461 3676/2458/3462 3793/2460/3464
f 3676/2458/3462 3708/2459/3463 3679/2461/3465
f 3679/2461/3465 3708/2459/3463 3780/2462/3466
f 3679/2461/3465 3780/2462/3466 3702/2463/3467
f 3702/2463/3467 3780/2462/3466 3817/2464/3468
f 3702/2463/3467 3817/2464/3468 3802/2465/3469
f 3802/2465/3469 3817/2464/3468 3863/2466/3470
f 3700/2467/3471 3702/2463/3467 3802/2465/3469
f 3702/2463/3467 3700/2467/3471 3657/2468/3472
f 3644/2469/3473 3702/2463/3467 3657/2468/3472
f 3702/2463/3467 3644/2469/3473 3679/2461/3465
f 3679/2461/3465 3644/2469/3473 3676/2458/3462
f 3676/2458/3462 3644/2469/3473 3657/2468/3472
f 3676/2458/3462 3657/2468/3472 3793/2460/3464
f 3793/2460/3464 3769/2470/3474 3759/2450/3454
f 3743/2457/3461 3793/2460/3464 3759/2450/3454
f 3759/2450/3454 3677/2451/3455 3638/2447/3451
f 3621/2471/3475 3609/2452/3456 3677/2451/3455
f 3588/2472/3476 3609/2452/3456 3621/2471/3475
f 3677/2451/3455 3668/2473/3477 3621/2471/3475
f 3677/2451/3455 3759/2450/3454 3668/2473/3477
f 3769/2470/3474 3668/2473/3477 3759/2450/3454
f 3769/2470/3474 3793/2460/3464 3694/2474/3478
f 3694/2474/3478 3793/2460/3464 3657/2468/3472
f 3769/2470/3474 3694/2474/3478 3787/2475/3479
f 3787/2475/3479 3694/2474/3478 3720/2476/3480
f 3720/2476/3480 3694/2474/3478 3689/2477/3481
f 3689/2477/3481 3694/2474/3478 3657/2468/3472
f 3689/2477/3481 3657/2468/3472 3746/2478/3482
f 3746/2478/3482 3657/2468/3472 3700/2467/3471
f 3689/2477/3481 3746/2478/3482 3772/2479/3483
f 3689/2477/3481 3772/2479/3483 3720/2476/3480
f 3746/2478/3482 3700/2467/3471 3802/2465/3469
f 3858/2480/3484 3746/2478/3482 3802/2465/3469
f 3895/2481/3485 3802/2465/3469 3863/2466/3470
f 3802/2465/3469 3895/2481/3485 3858/2480/3484
f 3746/2478/3482 3858/2480/3484 3772/2479/3483
f 3899/2482/3486 3858/2480/3484 3895/2481/3485
f 3864/2483/3487 3858/2480/3484 3899/2482/3486
f 3772/2479/3483 3858/2480/3484 3864/2483/3487
f 3768/2484/3488 3772/2479/3483 3864/2483/3487
f 3720/2476/3480 3772/2479/3483 3768/2484/3488
f 3720/2476/3480 3768/2484/3488 3787/2475/3479
f 3787/2475/3479 3768/2484/3488 3738/2485/3489
f 3787/2475/3479 3738/2485/3489 3769/2470/3474
f 3769/2470/3474 3738/2485/3489 3775/2486/3490
f 3735/2487/3491 3769/2470/3474 3775/2486/3490
f 3735/2487/3491 3775/2486/3490 3646/2488/3492
f 3738/2485/3489 3811/2489/3493 3699/2490/3494
f 3811/2489/3493 3738/2485/3489 3739/2491/3495
f 3739/2491/3495 3738/2485/3489 3768/2484/3488
f 3811/2489/3493 3739/2491/3495 3839/2492/3496
f 3739/2491/3495 3768/2484/3488 3864/2483/3487
f 3839/2492/3496 3739/2491/3495 3823/2493/3497
f 3823/2493/3497 3739/2491/3495 3864/2483/3487
f 3699/2490/3494 3811/2489/3493 3736/2494/3498
f 3738/2485/3489 3699/2490/3494 3775/2486/3490
f 3811/2489/3493 3839/2492/3496 3803/2495/3499
f 3811/2489/3493 3803/2495/3499 3736/2494/3498
f 3803/2495/3499 3839/2492/3496 3830/2496/3500
f 3819/2497/3501 3736/2494/3498 3803/2495/3499
f 3819/2497/3501 3803/2495/3499 3830/2496/3500
f 3819/2497/3501 3830/2496/3500 3843/2498/3502
f 3819/2497/3501 3843/2498/3502 3824/2499/3503
f 3824/2499/3503 3843/2498/3502 3871/2500/3504
f 3824/2499/3503 3871/2500/3504 3901/2501/3505
f 3824/2499/3503 3901/2501/3505 3869/2502/3506
f 3824/2499/3503 3869/2502/3506 3837/2503/3507
f 3869/2502/3506 3901/2501/3505 3908/2504/3508
f 3869/2502/3506 3908/2504/3508 3844/2505/3509
f 3908/2504/3508 3901/2501/3505 3896/2506/3510
f 3901/2501/3505 3885/2507/3511 3896/2506/3510
f 3908/2504/3508 3796/2508/3512 3844/2505/3509
f 3796/2508/3512 3908/2504/3508 3835/2509/3513
f 3796/2508/3512 3835/2509/3513 3816/2510/3514
f 3835/2509/3513 3779/2511/3515 3816/2510/3514
f 3881/2512/3516 3835/2509/3513 3908/2504/3508
f 3779/2511/3515 3835/2509/3513 3751/2513/3517
f 3816/2510/3514 3779/2511/3515 3712/2514/3518
f 3816/2510/3514 3712/2514/3518 3741/2515/3519
f 3816/2510/3514 3741/2515/3519 3796/2508/3512
f 3796/2508/3512 3741/2515/3519 3844/2505/3509
f 3844/2505/3509 3741/2515/3519 3714/2516/3520
f 3714/2516/3520 3741/2515/3519 3784/2517/3521
f 3714/2516/3520 3685/2518/3522 3844/2505/3509
f 3714/2516/3520 3683/2519/3523 3685/2518/3522
f 3791/2520/3524 3683/2519/3523 3714/2516/3520
f 3685/2518/3522 3683/2519/3523 3837/2503/3507
f 3844/2505/3509 3685/2518/3522 3837/2503/3507
f 3844/2505/3509 3837/2503/3507 3869/2502/3506
f 3722/2521/3525 3837/2503/3507 3683/2519/3523
f 3837/2503/3507 3722/2521/3525 3824/2499/3503
f 3824/2499/3503 3667/2522/3526 3819/2497/3501
f 3667/2522/3526 3824/2499/3503 3722/2521/3525
f 3819/2497/3501 3667/2522/3526 3736/2494/3498
f 3736/2494/3498 3667/2522/3526 3699/2490/3494
f 3699/2490/3494 3667/2522/3526 3704/2523/3527
f 3699/2490/3494 3704/2523/3527 3711/2524/3528
f 3699/2490/3494 3711/2524/3528 3775/2486/3490
f 3711/2524/3528 3760/2525/3529 3775/2486/3490
f 3775/2486/3490 3760/2525/3529 3686/2526/3530
f 3775/2486/3490 3686/2526/3530 3646/2488/3492
f 3760/2525/3529 3711/2524/3528 3791/2520/3524
f 3704/2523/3527 3667/2522/3526 3722/2521/3525
f 3704/2523/3527 3722/2521/3525 3711/2524/3528
f 3711/2524/3528 3722/2521/3525 3791/2520/3524
f 3791/2520/3524 3722/2521/3525 3683/2519/3523
f 3760/2525/3529 3791/2520/3524 3778/2527/3531
f 3791/2520/3524 3714/2516/3520 3784/2517/3521
f 3778/2527/3531 3791/2520/3524 3784/2517/3521
f 3784/2517/3521 3741/2515/3519 3660/2528/3532
f 3660/2528/3532 3741/2515/3519 3712/2514/3518
f 3712/2514/3518 3779/2511/3515 3717/2529/3533
f 3660/2528/3532 3712/2514/3518 3637/2530/3534
f 3717/2529/3533 3779/2511/3515 3751/2513/3517
f 3712/2514/3518 3717/2529/3533 3637/2530/3534
f 3660/2528/3532 3721/2531/3535 3703/2532/3536
f 3660/2528/3532 3703/2532/3536 3784/2517/3521
f 3703/2532/3536 3758/2533/3537 3684/2534/3538
f 3758/2533/3537 3703/2532/3536 3721/2531/3535
f 3656/2535/3539 3721/2531/3535 3660/2528/3532
f 3656/2535/3539 3660/2528/3532 3637/2530/3534
f 3651/2536/3540 3656/2535/3539 3637/2530/3534
f 3715/2537/3541 3651/2536/3540 3637/2530/3534
f 3721/2531/3535 3656/2535/3539 3691/2538/3542
f 3721/2531/3535 3691/2538/3542 3758/2533/3537
f 3715/2537/3541 3637/2530/3534 3756/2539/3543
f 3637/2530/3534 3717/2529/3533 3756/2539/3543
f 3717/2529/3533 3751/2513/3517 3756/2539/3543
f 3881/2512/3516 3751/2513/3517 3835/2509/3513
f 3881/2512/3516 3908/2504/3508 3896/2506/3510
f 3881/2512/3516 3896/2506/3510 3904/2540/3544
f 3751/2513/3517 3881/2512/3516 3867/2541/3545
f 3881/2512/3516 3904/2540/3544 3873/2542/3546
f 3881/2512/3516 3873/2542/3546 3867/2541/3545
f 3867/2541/3545 3756/2539/3543 3751/2513/3517
f 3756/2539/3543 3867/2541/3545 3822/2543/3547
f 3756/2539/3543 3822/2543/3547 3715/2537/3541
f 3867/2541/3545 3873/2542/3546 3822/2543/3547
f 3857/2544/3548 3873/2542/3546 3904/2540/3544
f 3857/2544/3548 3904/2540/3544 3903/2545/3549
f 3903/2545/3549 3904/2540/3544 3894/2546/3550
f 3903/2545/3549 3937/2547/3551 3961/2548/3552
f 3903/2545/3549 3961/2548/3552 3925/2549/3553
f 3961/2548/3552 3937/2547/3551 3930/2550/3554
f 3961/2548/3552 3930/2550/3554 3942/2551/3555
f 3942/2551/3555 3930/2550/3554 3951/2552/3556
f 3951/2552/3556 3930/2550/3554 3938/2553/3557
f 3938/2553/3557 3930/2550/3554 3953/2554/3558
f 3953/2554/3558 3930/2550/3554 3937/2547/3551
f 3894/2546/3550 3937/2547/3551 3903/2545/3549
f 3937/2547/3551 3894/2546/3550 3920/2555/3559
f 3904/2540/3544 3896/2506/3510 3885/2507/3511
f 3894/2546/3550 3904/2540/3544 3885/2507/3511
f 3894/2546/3550 3885/2507/3511 3892/2556/3560
f 3920/2555/3559 3894/2546/3550 3892/2556/3560
f 3920/2555/3559 3892/2556/3560 3939/2557/3561
f 3953/2554/3558 3939/2557/3561 3944/2558/3562
f 3944/2558/3562 3939/2557/3561 3971/2559/3563
f 3971/2559/3563 3939/2557/3561 3892/2556/3560
f 3885/2507/3511 3901/2501/3505 3871/2500/3504
f 3885/2507/3511 3871/2500/3504 3891/2560/3564
f 3885/2507/3511 3893/2561/3565 3892/2556/3560
f 3885/2507/3511 3891/2560/3564 3893/2561/3565
f 3892/2556/3560 3893/2561/3565 3952/2562/3566
f 3952/2562/3566 3946/2563/3567 3932/2564/3568
f 3946/2563/3567 3952/2562/3566 3931/2565/3569
f 3931/2565/3569 3952/2562/3566 3893/2561/3565
f 3913/2566/3570 3893/2561/3565 3891/2560/3564
f 3893/2561/3565 3913/2566/3570 3931/2565/3569
f 3932/2564/3568 3935/2567/3571 3916/2568/3572
f 3932/2564/3568 3946/2563/3567 3945/2569/3573
f 3935/2567/3571 3932/2564/3568 3945/2569/3573
f 3935/2567/3571 4057/2570/3574 3916/2568/3572
f 3916/2568/3572 4057/2570/3574 3922/2571/3575
f 3922/2571/3575 4057/2570/3574 4002/2572/3576
f 3932/2564/3568 3916/2568/3572 3926/2573/3577
f 3952/2562/3566 3932/2564/3568 3926/2573/3577
f 3952/2562/3566 3971/2559/3563 3892/2556/3560
f 3944/2558/3562 3971/2559/3563 3952/2562/3566
f 3952/2562/3566 3926/2573/3577 3944/2558/3562
f 3953/2554/3558 3944/2558/3562 3926/2573/3577
f 3953/2554/3558 3926/2573/3577 3936/2574/3578
f 3936/2574/3578 3926/2573/3577 3922/2571/3575
f 3936/2574/3578 3922/2571/3575 4085/2575/3579
f 3926/2573/3577 3916/2568/3572 3922/2571/3575
f 4057/2570/3574 4017/2576/3580 4002/2572/3576
f 4002/2572/3576 4017/2576/3580 3997/2577/3581
f 3977/2578/3582 3991/2579/3583 4027/2580/3584
f 4027/2580/3584 3991/2579/3583 4017/2576/3580
f 4017/2576/3580 4057/2570/3574 4041/2581/3585
f 4017/2576/3580 4041/2581/3585 4027/2580/3584
f 4092/2582/3586 3977/2578/3582 4056/2583/3587
f 4092/2582/3586 4056/2583/3587 4033/2584/3588
s 0
f 4032/2585/3589 4007/2586/3590 4033/2584/3591
f 4033/2584/3592 4007/2586/3593 4092/2582/3594
s 1
f 3995/2587/3595 4007/2586/3596 4032/2588/3597
f 3977/2578/3582 4092/2582/3586 4055/2589/3598
f 4092/2582/3586 4007/2586/3596 3995/2587/3595
f 3995/2587/3595 4032/2588/3597 4011/2590/3599
f 3995/2587/3595 4011/2590/3599 3993/2591/3600
f 3993/2591/3600 4011/2590/3599 3989/2592/3601
f 3993/2591/3600 3989/2592/3601 4003/2593/3602
f 4090/2594/3603 3993/2591/3600 4003/2593/3602
f 4066/2595/3604 4090/2594/3603 4097/2596/3605
f 3993/2591/3600 4090/2594/3603 4095/2597/3606
f 4090/2594/3603 4066/2595/3604 4095/2597/3606
f 3993/2591/3600 4095/2597/3606 3995/2587/3595
f 4095/2597/3606 4066/2595/3604 4055/2589/3598
f 4055/2589/3598 4066/2595/3604 3941/2598/3607
f 3941/2598/3607 4066/2595/3604 3968/2599/3608
f 3941/2598/3607 3968/2599/3608 3915/2600/3609
f 3915/2600/3609 3917/2601/3610 3949/2602/3611
f 3917/2601/3610 3997/2577/3581 3949/2602/3611
f 3915/2600/3609 3949/2602/3611 3941/2598/3607
f 3997/2577/3581 4017/2576/3580 3991/2579/3583
f 3997/2577/3581 3991/2579/3583 3949/2602/3611
f 3922/2571/3575 4002/2572/3576 4085/2575/3579
f 4085/2575/3579 4002/2572/3576 3997/2577/3581
f 4085/2575/3579 3997/2577/3581 4089/2603/3612
f 3997/2577/3581 3917/2601/3610 4089/2603/3612
f 3953/2554/3558 3936/2574/3578 3966/2604/3613
f 3936/2574/3578 4085/2575/3579 4089/2603/3612
f 3920/2555/3559 3939/2557/3561 3937/2547/3551
f 3937/2547/3551 3939/2557/3561 3953/2554/3558
f 3953/2554/3558 3966/2604/3613 3938/2553/3557
f 3966/2604/3613 3936/2574/3578 4089/2603/3612
f 3966/2604/3613 4099/2605/3614 3938/2553/3557
f 4099/2605/3614 3966/2604/3613 4089/2603/3612
f 3948/2606/3615 3917/2601/3610 3968/2599/3608
f 3968/2599/3608 4066/2595/3604 4097/2596/3605
f 3968/2599/3608 4097/2596/3605 3948/2606/3615
f 3948/2606/3615 4097/2596/3605 4072/2607/3616
f 3948/2606/3615 4072/2607/3616 3973/2608/3617
f 4082/2609/3618 4072/2607/3616 4097/2596/3605
f 4082/2609/3618 4097/2596/3605 4090/2594/3603
f 4082/2609/3618 4090/2594/3603 4003/2593/3602
f 4003/2593/3602 3989/2592/3601 4001/2610/3619
f 4003/2593/3602 4001/2610/3619 4078/2611/3620
f 4003/2593/3602 4078/2611/3620 4082/2609/3618
f 4082/2609/3618 4078/2611/3620 3975/2612/3621
f 4082/2609/3618 3975/2612/3621 4036/2613/3622
f 3975/2612/3621 4078/2611/3620 4098/2614/3623
f 4098/2614/3623 4043/2615/3624 3975/2612/3621
s 0
f 4043/2615/3625 3624/2616/3626 3372/2617/3627
f 4043/2615/3628 3372/2617/3629 3662/2618/3630
s 1
f 3372/2617/3631 3624/2616/3632 3273/2619/3633
s 0
f 3273/2619/3634 3283/2620/3635 3078/2621/3636
s 1
f 3275/2622/3637 3273/2619/3633 3078/2621/3638
f 3273/2619/3633 3275/2622/3637 3269/2623/3639
f 3273/2619/3633 3269/2623/3639 3372/2617/3631
f 3372/2617/3631 3269/2623/3639 3212/2624/3640
f 3635/2625/3641 3372/2617/3631 3182/2626/3642
f 3114/2627/3643 3493/2628/3644 3182/2626/3642
f 3493/2628/3644 3114/2627/3643 3148/2629/3645
f 3114/2627/3643 3119/2630/3646 3148/2629/3645
f 3119/2630/3646 3112/2631/3647 3148/2629/3645
s 0
f 3112/2631/3648 3119/2630/3649 2889/2632/3650
s 1
f 3119/2630/3646 3114/2627/3643 3037/2633/3651
f 2896/2634/3652 3119/2630/3646 3037/2633/3651
f 2859/2635/3653 3119/2630/3646 2896/2634/3652
f 3119/2630/3646 2859/2635/3653 2661/2636/3654
f 2859/2635/3653 2896/2634/3652 2814/2637/3655
s 0
f 2437/2638/3656 2510/2639/3657 2661/2636/3658
s 1
f 2371/2640/3659 2235/2641/3660 2260/2642/3661
f 2371/2640/3659 2396/2643/3662 2510/2639/3663
f 2510/2639/3663 2396/2643/3662 2661/2636/3654
f 3119/2630/3646 2661/2636/3654 2889/2632/3664
f 2889/2632/3664 2661/2636/3654 2839/2644/3665
f 2839/2644/3665 2661/2636/3654 2396/2643/3662
f 2396/2643/3662 2371/2640/3659 2158/2645/3666
f 2371/2640/3659 2260/2642/3661 2158/2645/3666
s 0
f 2158/2645/3667 2260/2642/3668 2129/2646/3669
s 1
f 2129/2646/3670 79/2647/3671 72/2648/3672
f 2158/2645/3666 2129/2646/3670 72/2648/3672
f 72/2648/3672 79/2647/3671 254/2649/3673
f 72/2648/3672 254/2649/3673 193/2650/3674
f 630/2651/3675 193/2650/3674 254/2649/3673
f 254/2649/3673 253/2652/3676 630/2651/3675
s 0
f 820/2653/3677 630/2651/3678 253/2652/3677
f 820/2653/3679 253/2652/3680 474/2654/3681
f 596/2655/3682 749/2656/3683 820/2653/3684
s 1
f 596/2655/3685 820/2653/3686 474/2654/3687
f 498/2657/3688 596/2655/3685 474/2654/3687
f 474/2654/3687 253/2652/3676 280/2658/3689
f 254/2649/3673 280/2658/3689 253/2652/3676
f 136/2659/3690 254/2649/3673 79/2647/3671
f 3390/2660/1925 3301/2376/3393 3365/2661/2799
s 0
f 3301/2376/3691 3390/2660/3692 3175/2662/3693
f 3301/2376/3694 3175/2662/3695 3227/2381/3696
s 1
f 3401/2663/2800 3365/2661/2799 3411/2375/3392
f 3411/2375/3392 3365/2661/2799 3301/2376/3393
f 3473/2664/2797 3444/2665/2798 3479/2372/3697
s 0
f 3473/2664/3698 3479/2372/3699 3531/2666/3700
s 1
f 3531/2666/3701 3566/2667/3702 3473/2664/2795
f 3454/2365/3382 3520/2369/3386 3479/2372/3389
s 0
f 3531/2666/3703 3479/2372/3704 3520/2369/3705
s 1
f 3531/2666/3701 3520/2369/3386 3561/2668/3706
f 3561/2668/3706 3520/2369/3386 3570/2366/3383
f 3578/2669/3707 3561/2668/3706 3570/2366/3383
f 3599/2670/3708 3561/2668/3706 3578/2669/3707
f 3599/2670/3708 3578/2669/3707 3622/2671/3709
f 3608/2672/3710 3622/2671/3709 3578/2669/3707
f 3579/2673/3711 3608/2672/3710 3578/2669/3707
f 3578/2669/3707 3570/2366/3383 3579/2673/3711
f 3563/2674/2794 3473/2664/2795 3566/2667/3702
f 3563/2674/2794 3593/2675/2796 3594/2676/1833
f 3566/2667/3702 3593/2675/2796 3563/2674/2794
f 3804/2677/2813 3776/2678/2812 3801/2679/3712
f 3804/2677/2813 3801/2679/3712 3701/2680/2650
f 3682/2681/2651 3701/2680/2650 3652/2682/3713
f 3682/2681/2651 3652/2682/3713 3841/2683/2649
f 3841/2683/2649 3707/2684/3714 3831/2685/2647
f 3707/2684/3714 3841/2683/2649 3652/2682/3713
f 3831/2685/2647 3826/2686/3715 3909/2687/2645
f 3909/2687/2645 3826/2686/3715 3870/2688/3716
f 3826/2686/3715 3831/2685/2647 3707/2684/3714
f 3826/2686/3715 3707/2684/3714 3788/2689/3717
f 3785/2690/3718 3826/2686/3715 3788/2689/3717
f 3642/2691/3719 3788/2689/3717 3707/2684/3714
f 3659/2692/3720 3642/2691/3719 3645/2693/3721
f 3659/2692/3720 3645/2693/3721 3727/2694/3722
f 3659/2692/3720 3788/2689/3717 3642/2691/3719
f 3801/2679/3712 3727/2694/3722 3701/2680/2650
f 3701/2680/2650 3727/2694/3722 3645/2693/3721
f 3729/2695/3723 3801/2679/3712 3776/2696/2812
f 3701/2680/2650 3645/2693/3721 3640/2697/3724
f 3645/2693/3721 3642/2691/3719 3707/2684/3714
f 3640/2697/3724 3645/2693/3721 3707/2684/3714
f 3652/2682/3713 3701/2680/2650 3640/2697/3724
f 3652/2682/3713 3640/2697/3724 3707/2684/3714
f 3776/2696/2812 3593/2675/2796 3729/2695/3723
f 3776/2696/2812 3634/2698/1834 3593/2675/2796
f 3729/2695/3723 3593/2675/2796 3605/2699/3725
s 0
f 3605/2699/3726 3593/2675/3727 3598/2700/3728
s 1
f 3599/2670/3708 3605/2699/3725 3598/2700/3729
f 3729/2695/3723 3605/2699/3725 3622/2671/3709
f 3729/2695/3723 3622/2671/3709 3752/2701/3730
f 3729/2695/3723 3752/2701/3730 3799/2702/3731
f 3622/2671/3709 3605/2699/3725 3599/2670/3708
f 3599/2670/3708 3598/2700/3729 3566/2667/3702
f 3561/2668/3706 3599/2670/3708 3566/2667/3702
f 3566/2667/3702 3531/2666/3701 3561/2668/3706
f 3598/2700/3729 3593/2675/2796 3566/2667/3702
f 3627/2437/3442 3617/2440/2324 3641/2703/2326
f 3687/2704/2810 3648/2705/2807 3833/2706/2806
f 3815/2707/2809 3687/2704/2810 3672/2708/3732
f 3815/2707/2809 3672/2708/3732 3747/2709/3733
f 3815/2707/2809 3747/2709/3733 3748/2710/2327
f 3748/2710/2327 3747/2709/3733 3763/2449/3453
f 3748/2710/2327 3638/2447/3451 3641/2703/2326
f 3627/2437/3442 3641/2703/2326 3638/2447/3451
f 3638/2447/3451 3748/2710/2327 3763/2449/3453
f 3763/2449/3453 3820/2454/3458 3759/2450/3454
f 3820/2454/3458 3762/2711/3734 3718/2455/3459
f 3718/2455/3459 3762/2711/3734 3724/2712/3735
f 3718/2455/3459 3767/2713/3736 3733/2456/3460
f 3767/2713/3736 3718/2455/3459 3724/2712/3735
f 3733/2456/3460 3767/2713/3736 3708/2459/3463
f 3708/2459/3463 3767/2713/3736 3859/2714/3737
f 3767/2713/3736 3724/2712/3735 3809/2715/3738
f 3767/2713/3736 3809/2715/3738 3859/2714/3737
f 3708/2459/3463 3859/2714/3737 3872/2716/3739
f 3708/2459/3463 3872/2716/3739 3780/2462/3466
f 3780/2462/3466 3872/2716/3739 3817/2464/3468
f 3817/2464/3468 3872/2716/3739 3863/2466/3470
f 3863/2466/3470 3872/2716/3739 3878/2717/3740
f 3863/2466/3470 3878/2717/3740 3879/2718/3741
f 3878/2717/3740 3910/2719/3742 3879/2718/3741
f 3879/2718/3741 3910/2719/3742 3913/2566/3570
f 3895/2481/3485 3863/2466/3470 3899/2482/3486
f 3899/2482/3486 3863/2466/3470 3886/2720/3743
f 3899/2482/3486 3886/2720/3743 3864/2483/3487
f 3864/2483/3487 3886/2720/3743 3823/2493/3497
f 3879/2718/3741 3886/2720/3743 3863/2466/3470
f 3879/2718/3741 3913/2566/3570 3891/2560/3564
f 3879/2718/3741 3891/2560/3564 3886/2720/3743
f 3891/2560/3564 3871/2500/3504 3886/2720/3743
f 3871/2500/3504 3843/2498/3502 3886/2720/3743
f 3886/2720/3743 3843/2498/3502 3830/2496/3500
f 3830/2496/3500 3839/2492/3496 3823/2493/3497
f 3886/2720/3743 3830/2496/3500 3823/2493/3497
f 3833/2706/2806 3827/2721/3744 3687/2704/2810
f 3827/2721/3744 3810/2722/3745 3687/2704/2810
f 3672/2708/3732 3687/2704/2810 3810/2722/3745
f 3672/2708/3732 3810/2722/3745 3719/2723/3746
f 3672/2708/3732 3719/2723/3746 3673/2724/3747
f 3675/2725/3748 3747/2709/3733 3672/2708/3732
f 3675/2725/3748 3672/2708/3732 3673/2724/3747
f 3675/2725/3748 3673/2724/3747 3678/2726/3749
f 3678/2726/3749 3673/2724/3747 3719/2723/3746
f 3675/2725/3748 3678/2726/3749 3710/2727/3750
f 3678/2726/3749 3719/2723/3746 3810/2722/3745
f 3678/2726/3749 3810/2722/3745 3797/2728/3751
f 3852/2729/3752 3810/2722/3745 3845/2730/3753
f 3845/2730/3753 3810/2722/3745 3827/2721/3744
f 3845/2730/3753 3827/2721/3744 3853/2731/3754
f 3853/2731/3754 3887/2732/3755 3845/2730/3753
f 3853/2731/3754 3827/2721/3744 3833/2706/2806
f 3853/2731/3754 3833/2706/2806 3883/2733/2804
f 3853/2731/3754 3883/2733/2804 3887/2732/3755
f 3902/2734/2683 3887/2732/3755 3883/2733/2804
f 3887/2732/3755 3902/2734/2683 3874/2735/3756
f 3887/2732/3755 3874/2735/3756 3845/2730/3753
f 3874/2735/3756 3902/2734/2683 3943/2736/2682
f 3934/2737/3757 3943/2736/2682 3982/2738/2687
f 3982/2738/2687 4023/2739/2696 4012/2740/3758
f 4023/2739/2696 4067/2741/2676 4073/2742/3759
f 4073/2742/3759 4067/2741/2676 3998/2743/2689
f 4012/2740/3758 4023/2739/2696 4073/2742/3759
f 3982/2738/2687 4012/2740/3758 3956/2744/3760
f 3982/2738/2687 3956/2744/3760 3934/2737/3757
f 3874/2735/3756 3943/2736/2682 3934/2737/3757
f 3934/2737/3757 3905/2745/3761 3874/2735/3756
f 3856/2746/3762 3874/2735/3756 3905/2745/3761
f 3874/2735/3756 3856/2746/3762 3898/2747/3763
f 3874/2735/3756 3898/2747/3763 3866/2748/3764
f 3856/2746/3762 3875/2749/3765 3898/2747/3763
f 3829/2750/3766 3866/2748/3764 3898/2747/3763
f 3900/2751/3767 3898/2747/3763 3875/2749/3765
f 3910/2719/3742 3875/2749/3765 3856/2746/3762
f 3910/2719/3742 3856/2746/3762 3905/2745/3761
f 3929/2752/3768 3905/2745/3761 3934/2737/3757
f 3934/2737/3757 3959/2753/3769 3929/2752/3768
f 3958/2754/3770 3959/2753/3769 3950/2755/3771
f 3924/2756/3772 3958/2754/3770 3950/2755/3771
f 3994/2757/3773 3958/2754/3770 3924/2756/3772
f 3994/2757/3773 3924/2756/3772 3927/2758/3774
f 3927/2758/3774 3924/2756/3772 3950/2755/3771
f 3959/2753/3769 3934/2737/3757 3956/2744/3760
f 3959/2753/3769 3956/2744/3760 3950/2755/3771
f 3955/2759/3775 3950/2755/3771 3956/2744/3760
f 3956/2744/3760 4012/2740/3758 3955/2759/3775
f 3955/2759/3775 4012/2740/3758 4073/2742/3759
f 4015/2760/3776 4073/2742/3759 3998/2743/2689
f 3970/2761/3777 4015/2760/3776 3998/2743/2689
f 3970/2761/3777 3998/2743/2689 4008/2762/2690
f 4008/2762/2690 4059/2763/3778 4084/2764/3779
f 4059/2763/3778 4008/2762/2690 4058/2765/2691
f 4059/2763/3778 4069/2766/2692 4029/2767/3780
f 4059/2763/3778 4077/2768/2693 4069/2766/2692
f 4059/2763/3778 4029/2767/3780 4084/2764/3779
f 4084/2764/3779 4029/2767/3780 4026/2769/3781
f 4084/2764/3779 4026/2769/3781 4093/2770/3782
f 4008/2762/2690 4084/2764/3779 3963/2771/3783
f 3933/2772/3784 4008/2762/2690 3963/2771/3783
f 4008/2762/2690 3933/2772/3784 3970/2761/3777
f 3969/2773/3785 3933/2772/3784 3963/2771/3783
f 3933/2772/3784 3969/2773/3785 3970/2761/3777
f 4015/2760/3776 3970/2761/3777 4038/2774/3786
f 4038/2774/3786 3970/2761/3777 3969/2773/3785
f 4084/2764/3779 4093/2770/3782 4091/2775/3787
f 3963/2771/3783 4084/2764/3779 4091/2775/3787
f 3969/2773/3785 3963/2771/3783 3984/2776/3788
f 3984/2776/3788 3963/2771/3783 4091/2775/3787
f 3969/2773/3785 3984/2776/3788 3972/2777/3789
f 4038/2774/3786 3969/2773/3785 3972/2777/3789
f 4038/2774/3786 4052/2778/3790 4015/2760/3776
f 4038/2774/3786 3972/2777/3789 3999/2779/3791
f 4052/2778/3790 4038/2774/3786 3999/2779/3791
f 4052/2778/3790 3927/2758/3774 4073/2742/3759
f 4052/2778/3790 4073/2742/3759 4015/2760/3776
f 3955/2759/3775 3927/2758/3774 3950/2755/3771
f 3927/2758/3774 3955/2759/3775 4073/2742/3759
f 3940/2780/2646 3909/2687/2645 3870/2688/3716
f 3854/2781/3792 3870/2688/3716 3838/2782/3793
f 3838/2782/3793 3870/2688/3716 3826/2686/3715
s 0
f 3870/2688/3794 3854/2781/3795 3940/2780/3796
s 1
f 3940/2780/2640 3854/2781/3792 3965/2783/3797
f 3965/2783/3797 3978/2784/3798 3983/2785/2641
f 4028/2786/3799 4025/2787/3800 4053/2788/3801
f 4053/2788/3801 4025/2787/3800 4035/2789/3802
f 4028/2786/3799 4009/2790/3803 4013/2791/2700
f 4028/2786/3799 4013/2791/2700 4025/2787/3800
f 3983/2785/2641 3978/2784/3798 4035/2789/3802
f 4035/2789/3802 4025/2787/3800 3983/2785/2641
f 3940/2780/2640 3965/2783/3797 3983/2785/2641
f 4025/2787/3800 4013/2791/2700 4051/2792/2639
f 3983/2785/2641 4025/2787/3800 4051/2792/2639
f 4016/2793/2701 4013/2791/2700 4009/2790/3803
f 4016/2793/2701 4009/2790/3803 4042/2794/2698
f 4042/2794/2698 4009/2790/3803 4040/2795/2699
s 0
f 4069/2796/3804 4040/2795/3805 4022/2797/3806
s 1
f 4029/2798/3780 4069/2796/2692 4022/2797/3807
f 4029/2798/3780 4022/2797/3807 4026/2799/3781
f 4022/2797/3807 4040/2795/2699 4046/2800/3808
f 4026/2799/3781 4022/2797/3807 4030/2801/3809
f 4030/2801/3809 4022/2797/3807 4046/2800/3808
f 4026/2802/3781 4030/2801/3809 4064/2803/3810
s 0
f 4064/2803/3811 4030/2801/3812 4032/2804/3813
f 4064/2803/3814 4032/2804/3815 4033/2805/3816
s 1
f 4030/2801/3809 4039/2806/3817 4032/2804/3597
f 4039/2806/3817 4030/2801/3809 4028/2786/3799
f 4032/2804/3597 4039/2806/3817 4044/2807/3818
f 4044/2807/3818 4039/2806/3817 4010/2808/3819
f 4032/2804/3597 4044/2807/3818 4011/2809/3599
f 4044/2807/3818 4018/2810/3820 4068/2811/3821
f 4011/2809/3599 4044/2807/3818 4020/2812/3822
f 4011/2809/3599 4020/2812/3822 3989/2813/3601
f 4020/2812/3822 4044/2807/3818 4080/2814/3823
f 4080/2814/3823 4044/2807/3818 4068/2811/3821
f 4000/2815/3824 4018/2810/3820 4004/2816/3825
f 4018/2810/3820 4000/2815/3824 4068/2811/3821
f 4000/2815/3824 4004/2816/3825 4087/2817/3826
f 4004/2816/3825 4065/2818/3827 4087/2817/3826
f 4087/2817/3826 4065/2818/3827 4048/2819/3828
f 4065/2818/3827 4006/2820/3829 4048/2819/3828
f 4048/2819/3828 3912/2821/3830 3911/2822/3831
f 3914/2823/3832 4048/2819/3828 4006/2820/3829
f 4048/2819/3828 3914/2823/3832 3912/2821/3830
f 3985/2824/3833 4006/2820/3829 4074/2825/3834
f 4074/2825/3834 4006/2820/3829 4065/2818/3827
f 4074/2825/3834 4065/2818/3827 4004/2816/3825
f 4031/2826/3835 4018/2810/3820 4044/2807/3818
f 4018/2810/3820 4031/2826/3835 4004/2816/3825
f 4031/2826/3835 4044/2807/3818 4010/2808/3819
f 4031/2826/3835 4010/2808/3819 4079/2827/3836
f 4079/2827/3836 4010/2808/3819 4053/2788/3801
f 4035/2789/3802 4079/2827/3836 4053/2788/3801
f 4028/2786/3799 4010/2808/3819 4039/2806/3817
f 4053/2788/3801 4010/2808/3819 4028/2786/3799
f 4035/2789/3802 3978/2784/3798 3985/2824/3833
f 3985/2824/3833 3978/2784/3798 3914/2823/3832
f 3914/2823/3832 3978/2784/3798 3965/2783/3797
f 3914/2823/3832 3965/2783/3797 3882/2828/3837
f 3882/2828/3837 3965/2783/3797 3923/2829/3838
f 3923/2829/3838 3850/2830/3839 3882/2828/3837
f 4035/2789/3802 3985/2824/3833 4079/2827/3836
f 4031/2826/3835 4079/2827/3836 4074/2825/3834
f 4074/2825/3834 4079/2827/3836 3985/2824/3833
f 4074/2825/3834 4004/2816/3825 4031/2826/3835
f 3914/2823/3832 4006/2820/3829 3985/2824/3833
f 3912/2821/3830 3914/2823/3832 3882/2828/3837
f 3912/2821/3830 3882/2828/3837 3855/2831/3840
f 3855/2831/3840 3828/2832/3841 3912/2821/3830
f 3855/2831/3840 3836/2833/3842 3828/2832/3841
f 3912/2821/3830 3828/2832/3841 3840/2834/3843
f 3912/2821/3830 3840/2834/3843 3911/2822/3831
f 3911/2822/3831 3840/2834/3843 3832/2835/3844
f 3840/2834/3843 3828/2832/3841 3792/2836/3845
f 3840/2834/3843 3792/2836/3845 3750/2837/3846
f 3840/2834/3843 3750/2837/3846 3789/2838/3847
f 3750/2837/3846 3792/2836/3845 3795/2839/3848
f 3792/2836/3845 3753/2840/3849 3795/2839/3848
f 3781/2841/3850 3795/2839/3848 3777/2842/3851
f 3655/2843/3852 3781/2841/3850 3653/2844/3853
f 3653/2844/3853 3781/2841/3850 3777/2842/3851
f 3604/2845/3854 3655/2843/3852 3653/2844/3853
f 3606/2846/3855 3655/2843/3852 3604/2845/3854
f 3750/2837/3846 3795/2839/3848 3790/2847/3856
f 3790/2847/3856 3795/2839/3848 3781/2841/3850
f 3750/2837/3846 3790/2847/3856 3789/2838/3847
f 3731/2848/3857 3781/2841/3850 3655/2843/3852
f 3790/2847/3856 3781/2841/3850 3731/2848/3857
f 3630/2849/3858 3731/2848/3857 3655/2843/3852
f 3840/2834/3843 3789/2838/3847 3832/2835/3844
f 3832/2835/3844 3789/2838/3847 3770/2850/3859
f 3789/2838/3847 3790/2847/3856 3731/2848/3857
f 3655/2843/3852 3606/2846/3855 3630/2849/3858
f 3600/2851/3860 3606/2846/3855 3604/2845/3854
f 3564/2368/3385 3600/2851/3860 3604/2845/3854
f 3600/2851/3860 3564/2368/3385 3549/2852/3861
f 3604/2845/3854 3653/2844/3853 3579/2673/3711
f 3753/2840/3849 3777/2842/3851 3795/2839/3848
f 3792/2836/3845 3828/2832/3841 3836/2833/3842
s 0
f 3792/2836/3862 3836/2833/3863 3753/2840/3864
s 1
f 3855/2831/3840 3882/2828/3837 3850/2830/3839
f 3836/2833/3842 3855/2831/3840 3825/2853/3865
f 3825/2853/3865 3855/2831/3840 3850/2830/3839
f 3836/2833/3842 3825/2853/3865 3808/2854/3866
f 3808/2854/3866 3825/2853/3865 3774/2855/3867
f 3836/2833/3842 3808/2854/3866 3753/2840/3849
f 3753/2840/3849 3808/2854/3866 3777/2842/3851
f 3777/2842/3851 3808/2854/3866 3754/2856/3868
f 3777/2842/3851 3754/2856/3868 3653/2844/3853
f 3806/2857/3869 3754/2856/3868 3808/2854/3866
f 3806/2857/3869 3808/2854/3866 3774/2855/3867
f 3825/2853/3865 3786/2858/3870 3740/2859/3871
f 3825/2853/3865 3740/2859/3871 3774/2855/3867
f 3754/2856/3868 3608/2672/3710 3653/2844/3853
f 3608/2672/3710 3579/2673/3711 3653/2844/3853
f 3604/2845/3854 3579/2673/3711 3564/2368/3385
f 3564/2368/3385 3579/2673/3711 3570/2366/3383
f 3564/2368/3385 3472/2367/3384 3504/2860/3872
f 3472/2367/3384 3454/2365/3382 3440/2861/3873
f 3440/2861/3873 3454/2365/3382 3386/2363/3380
f 3306/2361/3874 3264/2357/3367 3360/2862/3875
f 3264/2357/3367 3304/2863/3876 3360/2862/3875
f 3312/2864/3877 3360/2862/3875 3304/2863/3876
f 3192/2358/3368 3304/2863/3876 3264/2357/3367
f 3360/2862/3875 3312/2864/3877 3385/2865/3878
f 3192/2358/3368 3312/2864/3877 3304/2863/3876
f 3192/2358/3368 3241/2866/3879 3312/2864/3877
f 3241/2866/3879 3192/2358/3368 3152/2356/3366
s 0
f 3312/2864/3880 3241/2866/3881 3316/2867/3882
s 1
f 3316/2867/3883 3241/2866/3879 3170/2868/3884
f 3241/2866/3879 3152/2356/3366 3132/2869/3885
f 3097/2870/3886 3152/2356/3366 3057/2353/3363
f 3152/2356/3366 3097/2870/3886 3132/2869/3885
f 3241/2866/3879 3132/2869/3885 3110/2871/3887
f 3170/2868/3884 3241/2866/3879 3110/2871/3887
f 3058/2872/3888 3170/2868/3884 3110/2871/3887
s 0
f 3058/2872/3889 3110/2871/3890 3061/2873/3891
s 1
f 3176/2874/3892 3170/2868/3884 3058/2872/3888
s 0
f 3061/2873/3893 2838/2875/3894 3058/2872/3895
s 1
f 3110/2871/3887 3132/2869/3885 3061/2873/3896
f 3061/2873/3896 3132/2869/3885 3070/2876/3897
f 3132/2869/3885 3097/2870/3886 3070/2876/3897
f 3061/2873/3896 3070/2876/3897 3029/2355/3365
f 3061/2873/3896 3029/2355/3365 2962/2877/3898
f 3070/2876/3897 3097/2870/3886 3057/2353/3363
f 3070/2876/3897 3057/2353/3363 3029/2355/3365
f 3029/2355/3365 3007/2354/3364 2964/2351/3361
f 2840/2347/3357 2843/2878/3899 2944/2349/3359
f 2840/2347/3357 2801/2344/3353 2843/2878/3899
f 2964/2351/3361 2944/2349/3359 2962/2877/3898
f 2964/2351/3361 2962/2877/3898 3029/2355/3365
f 2962/2877/3898 2944/2349/3359 2843/2878/3899
f 2962/2877/3898 2989/2879/3900 3061/2873/3896
f 2843/2878/3899 2989/2879/3900 2962/2877/3898
f 2843/2878/3899 2923/2880/3901 2989/2879/3900
f 2923/2880/3901 2843/2878/3899 2796/2881/3902
f 2989/2879/3900 2923/2880/3901 3061/2873/3896
f 2838/2875/3903 3061/2873/3896 2923/2880/3901
f 2838/2875/3903 2923/2880/3901 2796/2881/3902
f 2483/2342/3348 2838/2875/3903 2796/2881/3902
f 2796/2881/3902 2843/2878/3899 2801/2344/3353
s 0
f 2483/2342/3904 2796/2881/3905 2592/2341/3906
s 1
f 2592/2341/3352 2796/2881/3902 2801/2344/3353
f 2838/2875/3903 2483/2342/3348 2397/2882/3907
f 2851/2883/3908 3058/2872/3888 2838/2875/3903
f 2851/2883/3908 2838/2875/3903 2397/2882/3907
f 2621/2884/3909 2397/2882/3907 2393/2299/3242
f 2393/2299/3242 2397/2882/3907 2333/2297/3240
s 0
f 2454/2885/3910 2393/2299/3911 2404/2298/3912
s 1
f 2393/2299/3242 2454/2885/3913 2621/2884/3909
f 2621/2884/3909 2787/2886/3914 2851/2883/3908
f 2787/2886/3914 2621/2884/3909 2493/2887/3915
f 2787/2886/3914 2493/2887/3915 2711/2888/3916
s 0
f 2879/2889/3917 2711/2890/3918 2847/2891/3919
s 1
f 2879/2889/3920 2847/2892/3921 2916/2893/3922
f 2879/2889/3920 2916/2893/3922 3038/2894/3923
f 3165/2895/3924 3074/2896/3925 3081/2897/3926
f 3014/2898/3927 3081/2899/3926 3074/2896/3925
f 3074/2896/3925 3038/2894/3923 3014/2898/3927
f 2916/2893/3922 3014/2898/3927 3038/2894/3923
s 0
f 2879/2889/3928 2787/2886/3929 2711/2890/3930
s 1
f 4059/2763/3778 4058/2765/2691 4077/2768/2693
f 3983/2785/2641 4051/2792/2639 3987/2900/2638
f 2823/2420/3436 2899/2421/3437 2957/2423/2259
f 2823/2420/3436 2957/2423/2259 2950/2901/3931
f 2950/2901/3931 2957/2423/2259 2991/2427/2260
f 3040/2902/3932 3043/2424/2261 3085/2426/3438
f 3043/2424/2261 2992/2903/3933 2991/2427/2260
f 2991/2427/2260 2992/2903/3933 2950/2901/3931
f 3085/2426/3438 3129/2429/2263 3155/2904/3934
s 0
f 3194/2905/3935 3263/2430/3936 3297/2906/3937
s 1
f 3129/2429/2263 3263/2430/2264 3194/2905/3938
f 3129/2429/2263 3194/2905/3938 3155/2904/3934
f 3040/2902/3932 3085/2426/3438 3063/2907/3939
f 3291/2908/3940 3194/2905/3941 3297/2906/3942
f 3297/2906/3942 3340/2909/3943 3291/2908/3940
f 3297/2906/3942 3321/2910/2266 3340/2909/3943
f 3340/2909/3943 3321/2910/2266 3383/2911/2268
f 3321/2910/2266 3297/2906/3942 3263/2430/2264
f 3383/2911/2268 3421/2436/2270 3414/2912/3944
f 3421/2436/2270 3450/2443/3445 3414/2912/3944
f 3383/2911/2268 3363/2913/3945 3340/2909/3943
f 3383/2911/2268 3414/2912/3944 3363/2913/3945
f 3342/2914/3946 3340/2909/3943 3363/2913/3945
f 3291/2908/3940 3340/2909/3943 3342/2914/3946
f 3291/2908/3940 3320/2915/3947 3226/2916/3948
f 3320/2915/3947 3291/2908/3940 3342/2914/3946
s 0
f 3320/2915/3949 3342/2914/3950 3346/2917/3951
s 1
f 3320/2915/3947 3346/2917/3952 3341/2918/3953
f 3320/2915/3947 3341/2918/3953 3298/2919/3954
f 3346/2917/3955 3342/2914/3956 3409/2920/3957
f 3320/2915/3947 3298/2919/3954 3259/2921/3958
f 3226/2916/3948 3320/2915/3947 3259/2921/3958
f 3368/2922/3959 3341/2918/3953 3346/2917/3952
s 0
f 3368/2922/3960 3346/2917/3961 3433/2923/3962
s 1
f 3433/2923/3963 3346/2917/3955 3409/2920/3957
f 3368/2922/3959 3433/2923/3964 3406/2924/3965
f 3368/2922/3959 3406/2924/3965 3367/2925/3966
f 3406/2924/3965 3433/2923/3964 3437/2926/3967
s 0
f 3437/2926/3968 3433/2923/3969 3483/2927/3970
s 1
f 3437/2926/3967 3483/2927/3971 3471/2928/3972
f 3367/2925/3966 3357/2929/3973 3298/2919/3954
f 3357/2929/3973 3322/2930/3974 3298/2919/3954
f 3298/2919/3954 3322/2930/3974 3259/2921/3958
f 3099/2931/3975 3103/2932/3976 3154/2933/3977
f 3298/2919/3954 3341/2918/3953 3367/2925/3966
f 3367/2925/3966 3341/2918/3953 3368/2922/3959
f 1473/1935/2577 1436/1938/2818 1415/1942/2820
f 1531/1933/2814 1473/1935/2577 1541/2008/2879
f 1535/1934/2578 1531/1933/2814 1541/2008/2879
f 1415/1942/2820 1541/2008/2879 1473/1935/2577
f 1431/2009/2880 1415/1942/2820 1389/2934/3978
f 1415/1942/2820 1394/1941/2819 1389/2934/3978
f 1541/2008/2879 1431/2009/2880 1450/2017/2889
f 1541/2008/2879 1519/2011/2882 1536/2010/2881
f 1519/2011/2882 1541/2008/2879 1467/2016/2888
f 1541/2008/2879 1450/2017/2889 1467/2016/2888
s 0
f 1450/2017/3979 1431/2009/3980 1389/2934/3981
s 1
f 1450/2017/2889 1389/2934/3978 1403/2038/2915
f 1389/2934/3978 1378/2042/2919 1403/2038/2915
f 1378/2042/2919 1347/2044/2921 1348/2039/2916
f 1389/2934/3978 1347/2044/2921 1378/2042/2919
f 1347/2044/2921 1389/2934/3978 1394/1941/2819
f 1394/1941/2819 1334/1943/2565 1347/2044/2921
f 1295/1946/2822 1347/2044/2921 1334/1943/2565
f 2476/2415/2230 2692/2414/3435 2612/2935/3982
f 2470/2181/3111 2476/2415/2230 2612/2935/3982
f 2476/2415/2230 2470/2181/3111 2413/2183/3117
f 2476/2415/2230 2413/2183/3117 2416/2413/2229
f 2470/2181/3111 2612/2935/3982 2767/2182/3112
f 2612/2935/3982 2692/2414/3435 2767/2182/3112
f 2692/2414/3435 2800/2418/2231 2767/2182/3112
f 2829/2936/3983 2767/2182/3112 2800/2418/2231
f 2829/2936/3983 2800/2418/2231 2823/2420/3436
f 2829/2936/3983 2823/2420/3436 2897/2937/3984
f 2823/2420/3436 2950/2901/3931 2897/2937/3984
f 2897/2937/3984 2950/2901/3931 2905/2189/3121
f 2905/2189/3121 2950/2901/3931 2952/2190/3122
f 2952/2190/3122 2950/2901/3931 2992/2903/3933
f 3040/2902/3932 3063/2907/3939 2992/2903/3933
f 2995/2192/3124 2992/2903/3933 3063/2907/3939
f 2992/2903/3933 2995/2192/3124 2952/2190/3122
f 2767/2182/3112 2829/2936/3983 2798/2188/3120
f 2529/2180/3110 2767/2182/3112 2798/2188/3120
f 2905/2189/3121 2829/2936/3983 2897/2937/3984
f 2798/2188/3120 2829/2936/3983 2905/2189/3121
f 3063/2907/3939 3151/2938/3985 3065/2939/3986
f 2995/2192/3124 3063/2907/3939 2994/2940/3987
f 2995/2192/3124 2994/2940/3987 2953/2191/3123
f 2994/2940/3987 3063/2907/3939 3023/2941/3988
f 3103/2932/3976 3065/2939/3986 3151/2938/3985
f 3103/2932/3976 3151/2938/3985 3226/2916/3948
f 3226/2916/3948 3199/2942/3989 3103/2932/3976
f 3065/2939/3986 3103/2932/3976 3099/2931/3975
f 3065/2939/3986 3099/2931/3975 3072/2943/3990
f 3063/2907/3939 3065/2939/3986 3023/2941/3988
f 3023/2941/3988 3065/2939/3986 3072/2943/3990
f 2994/2940/3987 3023/2941/3988 2993/2944/3991
f 2953/2191/3123 2994/2940/3987 2993/2944/3991
f 2953/2191/3123 2908/2945/3992 2858/2193/3125
f 2858/2193/3125 2908/2945/3992 2827/2194/3126
f 2827/2194/3126 2822/2946/3993 2688/2195/3127
f 2688/2195/3127 2585/2947/3994 2497/2196/3995
f 2688/2195/3127 2822/2946/3993 2585/2947/3994
f 2827/2194/3126 2908/2945/3992 2822/2946/3993
f 2908/2945/3992 2953/2191/3123 2993/2944/3991
f 3072/2943/3990 2993/2944/3991 3023/2941/3988
f 2908/2945/3992 2993/2944/3991 2956/2948/3996
f 2956/2948/3996 2993/2944/3991 2987/2949/3997
f 2987/2949/3997 2993/2944/3991 3072/2943/3990
f 2911/2950/3998 2908/2945/3992 2956/2948/3996
f 2908/2945/3992 2911/2950/3998 2822/2946/3993
f 2910/2951/3999 2911/2950/3998 2956/2948/3996
f 2910/2951/3999 2956/2948/3996 2987/2949/3997
f 2822/2946/3993 2911/2950/3998 2910/2951/3999
f 2822/2946/3993 2910/2951/3999 2820/2952/4000
f 2985/2953/4001 2910/2951/3999 2987/2949/3997
f 2822/2946/3993 2820/2952/4000 2585/2947/3994
f 2820/2952/4000 2769/2954/4002 2585/2947/3994
f 2769/2954/4002 2625/2955/4003 2585/2947/3994
s 0
f 2585/2947/4004 2625/2955/4005 2497/2196/4006
s 1
f 2410/2185/3116 2392/2956/4007 2374/2186/3118
s 0
f 2392/2956/4008 2224/2957/4009 2374/2186/4010
f 2256/2184/4011 2374/2186/4012 2224/2957/4013
s 1
f 2224/2957/4014 2145/2958/4015 8/2198/4016
f 2224/2957/4014 8/2198/4016 2256/2184/4017
f 2256/2184/4017 8/2198/4016 2111/2178/3108
s 0
f 41/2197/4018 8/2198/4019 2145/2958/4020
s 1
f 41/2197/4021 2145/2958/4022 109/2959/4023
s 0
f 312/2199/4024 41/2197/4025 197/2960/4026
s 1
f 197/2960/4027 41/2197/4021 109/2959/4023
f 312/2199/3143 197/2960/4028 290/2961/4029
f 444/2207/3152 312/2199/3143 290/2961/4029
s 0
f 444/2207/4030 290/2961/4031 458/2212/4032
s 1
f 667/2213/3157 599/2206/3151 458/2212/3156
f 662/2214/3158 667/2213/3157 663/2962/4033
f 700/2217/3161 662/2214/3158 663/2962/4033
f 662/2214/3158 700/2217/3161 740/2215/3159
f 763/2216/3160 700/2217/3161 784/2963/4034
f 784/2963/4034 700/2217/3161 663/2962/4033
f 724/2964/4035 784/2963/4034 663/2962/4033
f 667/2213/3157 724/2964/4035 663/2962/4033
f 724/2964/4035 692/2965/4036 693/2966/4037
f 693/2966/4037 692/2965/4036 616/2967/4038
f 693/2966/4037 616/2967/4038 719/2968/4039
f 719/2968/4039 682/2969/4040 684/2970/4041
f 641/2971/4042 719/2968/4039 616/2967/4038
f 682/2969/4040 719/2968/4039 641/2971/4042
s 0
f 682/2969/4043 651/2972/4044 684/2970/4045
s 1
f 651/2972/4046 682/2969/4040 525/2973/4047
f 225/2974/4048 651/2972/4046 525/2973/4047
f 641/2971/4042 525/2973/4047 682/2969/4040
f 641/2971/4042 616/2967/4038 525/2973/4047
f 595/2975/4049 525/2973/4047 616/2967/4038
f 262/2976/4050 525/2973/4047 595/2975/4049
f 262/2976/4050 595/2975/4049 290/2961/4029
f 595/2975/4049 616/2967/4038 692/2965/4036
s 0
f 692/2965/4051 724/2964/4052 667/2213/4053
s 1
f 595/2975/4049 667/2213/3157 458/2212/3156
f 595/2975/4049 458/2212/3156 290/2961/4029
f 667/2213/3157 595/2975/4049 692/2965/4036
f 262/2976/4050 290/2961/4029 197/2960/4028
s 0
f 121/2977/4054 197/2960/4055 109/2959/4056
s 1
f 121/2977/4057 109/2959/4058 2161/2978/4059
f 2161/2978/4059 109/2959/4058 20/2979/4060
f 2161/2978/4059 20/2979/4060 2185/2980/4061
f 20/2979/4060 2224/2957/4014 2185/2980/4061
s 0
f 2145/2958/4062 20/2979/4063 109/2959/4064
s 1
f 2145/2958/4015 2224/2957/4014 20/2979/4060
s 0
f 1524/1999/4065 1535/1934/4066 1541/2008/4067
s 1
f 1524/1999/2869 1541/2008/2879 1509/2006/2877
f 1502/2002/2873 1506/2001/2872 1498/2000/2871
f 1509/2006/2877 1502/2002/2873 1498/2000/2871
f 1498/2000/2871 1524/1999/2869 1509/2006/2877
s 0
f 2343/2394/4068 96/2320/4069 2157/2322/4070
s 1
f 3411/2375/3392 3444/2665/2798 3401/2663/2800
s 0
f 3411/2375/4071 3479/2372/4072 3444/2665/4073
s 1
f 3318/2377/3394 3301/2376/3393 3257/2374/3391
f 3301/2376/3393 3227/2381/1926 3257/2374/3391
f 3845/2730/3753 3874/2735/3756 3852/2729/3752
f 3852/2729/3752 3874/2735/3756 3866/2748/3764
f 3810/2722/3745 3852/2729/3752 3797/2728/3751
f 3852/2729/3752 3866/2748/3764 3797/2728/3751
f 3797/2728/3751 3807/2981/4074 3678/2726/3749
f 3797/2728/3751 3866/2748/3764 3829/2750/3766
f 3807/2981/4074 3797/2728/3751 3829/2750/3766
f 3678/2726/3749 3807/2981/4074 3710/2727/3750
f 3675/2725/3748 3710/2727/3750 3737/2982/4075
f 3675/2725/3748 3737/2982/4075 3747/2709/3733
f 3710/2727/3750 3807/2981/4074 3737/2982/4075
f 3747/2709/3733 3737/2982/4075 3820/2454/3458
f 3747/2709/3733 3820/2454/3458 3763/2449/3453
f 3820/2454/3458 3737/2982/4075 3762/2711/3734
f 3762/2711/3734 3737/2982/4075 3724/2712/3735
f 3737/2982/4075 3807/2981/4074 3724/2712/3735
f 3809/2715/3738 3724/2712/3735 3807/2981/4074
f 3834/2983/4076 3807/2981/4074 3829/2750/3766
f 3809/2715/3738 3807/2981/4074 3834/2983/4076
f 3809/2715/3738 3834/2983/4076 3865/2984/4077
f 3859/2714/3737 3809/2715/3738 3865/2984/4077
f 3900/2751/3767 3865/2984/4077 3834/2983/4076
f 3900/2751/3767 3834/2983/4076 3898/2747/3763
f 3829/2750/3766 3898/2747/3763 3834/2983/4076
f 1590/2099/3001 1605/1983/2851 1608/1981/2849
f 1629/1982/2850 1618/2985/4078 1608/1981/2849
f 1590/2099/3001 1608/1981/2849 1618/2985/4078
f 1514/2098/3000 1560/2103/3007 1458/2096/2998
f 1514/2098/3000 1590/2099/3001 1560/2103/3007
f 1458/2096/2998 1560/2103/3007 1462/2100/3002
f 1596/2102/3006 1560/2103/3007 1590/2099/3001
f 1596/2102/3006 1590/2099/3001 1618/2985/4078
f 1633/1987/2860 1618/2985/4078 1629/1982/2850
f 1633/1987/2860 1686/1986/2859 1653/2087/2973
f 1675/2084/2970 1687/2086/2972 1676/2986/4079
s 0
f 1687/2086/4080 1678/2085/4081 1682/2088/4082
s 1
f 1682/2088/4083 1681/2083/2969 1684/2987/4084
s 0
f 1682/2088/4085 1684/2987/4086 1687/2086/4087
s 1
f 1684/2987/4084 1681/2083/2969 1668/2082/2968
s 0
f 1668/2082/4088 1669/2988/4089 1684/2987/4090
f 1687/2086/4091 1683/2989/4092 1676/2986/4093
f 1683/2989/4094 1687/2086/4095 1684/2987/4096
f 1683/2989/4097 1684/2987/4098 1691/2990/4099
s 1
f 1669/2988/4100 1668/2082/2968 1657/2072/2967
s 0
f 1666/2991/4101 1691/2990/4102 1693/2992/4103
f 1666/2991/4104 1683/2989/4105 1691/2990/4106
f 1666/2991/4107 1693/2992/4108 1685/2993/4109
f 1666/2991/4110 1685/2993/4111 1663/2994/4112
s 1
f 1693/2992/4113 1694/2995/4114 1685/2993/4115
f 1694/2995/4114 1693/2992/4113 1699/2996/4116
f 1699/2996/4116 1693/2992/4113 1692/2997/4117
f 1696/2998/4118 1694/2995/4114 1699/2996/4116
f 1694/2995/4114 1696/2998/4118 1685/2993/4115
f 1696/2998/4118 1690/2999/4119 1663/2994/4120
f 1696/2998/4118 1663/2994/4120 1685/2993/4115
s 0
f 1690/2999/4121 1651/3000/4122 1663/2994/4123
f 1647/3001/4124 1663/2994/4125 1651/3000/4126
s 1
f 1651/3000/4127 1634/3002/4128 1647/3001/4129
f 1647/3001/4129 1634/3002/4128 1639/3003/4130
f 1639/3003/4130 1634/3002/4128 1632/3004/4131
f 1598/3005/4132 1632/3004/4131 1600/3006/4133
f 1632/3004/4131 1598/3005/4132 1639/3003/4130
f 1639/3003/4130 1598/3005/4132 1606/3007/4134
s 0
f 1639/3003/4135 1622/3008/4136 1647/3001/4137
f 1663/2994/4138 1647/3001/4139 1666/2991/4140
s 1
f 1639/3003/4130 1606/3007/4134 1622/3008/4141
f 1603/3009/4142 1606/3007/4134 1585/3010/4143
f 1606/3007/4134 1603/3009/4142 1622/3008/4141
f 1585/3010/4143 1508/3011/4144 1549/3012/4145
f 1603/3009/4142 1585/3010/4143 1549/3012/4145
f 1627/3013/4146 1622/3008/4141 1603/3009/4142
f 1603/3009/4142 1620/3014/4147 1627/3013/4146
f 1620/3014/4147 1603/3009/4142 1549/3012/4145
f 1620/3014/4147 1549/3012/4145 1553/3015/4148
f 1491/3016/4149 1549/3012/4145 1521/3017/4150
f 1491/3016/4149 1521/3017/4150 1481/3018/4151
f 1553/3015/4148 1549/3012/4145 1491/3016/4149
f 1490/3019/4152 1553/3015/4148 1491/3016/4149
f 1490/3019/4152 1491/3016/4149 1481/3018/4151
f 1553/3015/4148 1593/3020/4153 1599/3021/4154
f 1599/3021/4154 1593/3020/4153 1627/3013/4146
f 1593/3020/4153 1628/3022/4155 1627/3013/4146
f 1628/3022/4155 1642/3023/4156 1627/3013/4146
f 1599/3021/4154 1627/3013/4146 1620/3014/4147
f 1553/3015/4148 1599/3021/4154 1620/3014/4147
f 1627/3013/4146 1642/3023/4156 1622/3008/4141
f 1622/3008/4141 1642/3023/4156 1647/3001/4157
f 1647/3001/4157 1642/3023/4156 1653/2087/4158
f 1653/2087/4158 1676/2986/4159 1647/3001/4157
s 0
f 1676/2986/4160 1653/2087/4161 1675/2084/4162
f 1653/2087/4163 1642/3023/4164 1628/3022/4165
s 1
f 1633/1987/2860 1653/2087/2973 1628/3022/4155
f 1628/3022/4155 1593/3020/4153 1619/3024/4166
f 1566/3025/4167 1593/3020/4153 1553/3015/4148
f 1553/3015/4148 1545/3026/4168 1566/3025/4167
f 1545/3026/4168 1553/3015/4148 1490/3019/4152
f 1457/3027/4169 1545/3026/4168 1490/3019/4152
f 1566/3025/4167 1545/3026/4168 1582/2105/3010
f 1545/3026/4168 1457/3027/4169 1582/2105/3010
f 1582/2105/3010 1457/3027/4169 1461/2104/3008
f 1461/2104/3008 1457/3027/4169 1424/2101/3009
f 1424/2101/3009 1457/3027/4169 1442/3028/4170
f 1442/3028/4170 1457/3027/4169 1490/3019/4152
f 1424/2101/3009 1442/3028/4170 1405/3029/4171
f 1481/3018/4151 1442/3028/4170 1490/3019/4152
f 1478/3030/4172 1442/3028/4170 1481/3018/4151
s 0
f 1405/3029/4173 1442/3028/4174 1398/3031/4175
s 1
f 1405/3029/4171 1398/3031/4176 1370/2127/3043
f 1405/3029/4171 1370/2127/3043 1313/2125/3041
f 1479/3032/4177 1478/3030/4172 1508/3011/4144
f 1478/3030/4172 1439/3033/4178 1442/3028/4170
f 1442/3028/4170 1439/3033/4178 1398/3031/4176
f 3043/2424/2261 3040/2902/3932 2992/2903/3933
f 3063/2907/3939 3085/2426/3438 3151/2938/3985
f 3151/2938/3985 3085/2426/3438 3155/2904/3934
f 3155/2904/3934 3194/2905/3938 3151/2938/3985
s 0
f 3226/2916/4179 3151/2938/4180 3194/2905/4181
s 1
f 3226/2916/3948 3194/2905/3941 3291/2908/3940
f 4040/2795/2699 4009/2790/3803 4046/2800/3808
f 4046/2800/3808 4009/2790/3803 4028/2786/3799
f 4030/2801/3809 4046/2800/3808 4028/2786/3799
f 3923/2829/3838 3965/2783/3797 3854/2781/3792
f 3854/2781/3792 3838/2782/3793 3818/3034/4182
f 3838/2782/3793 3785/2690/3718 3818/3034/4182
f 3818/3034/4182 3785/2690/3718 3744/3035/4183
f 3813/3036/4184 3818/3034/4182 3744/3035/4183
f 3923/2829/3838 3854/2781/3792 3818/3034/4182
f 3923/2829/3838 3818/3034/4182 3813/3036/4184
f 3850/2830/3839 3923/2829/3838 3813/3036/4184
f 3850/2830/3839 3813/3036/4184 3786/2858/3870
f 3755/3037/4185 3786/2858/3870 3813/3036/4184
f 3813/3036/4184 3730/3038/4186 3755/3037/4185
f 3786/2858/3870 3755/3037/4185 3740/2859/3871
f 3730/3038/4186 3740/2859/3871 3755/3037/4185
f 3850/2830/3839 3786/2858/3870 3825/2853/3865
f 3774/2855/3867 3740/2859/3871 3730/3038/4186
f 3806/2857/3869 3774/2855/3867 3730/3038/4186
f 3806/2857/3869 3730/3038/4186 3800/3039/4187
f 3754/2856/3868 3806/2857/3869 3752/2701/3730
f 3806/2857/3869 3800/3039/4187 3752/2701/3730
f 3752/2701/3730 3622/2671/3709 3754/2856/3868
f 3754/2856/3868 3622/2671/3709 3608/2672/3710
s 0
f 3730/3038/4188 3813/3036/4189 3744/3035/4190
s 1
f 3730/3038/4186 3744/3035/4183 3723/3040/4191
f 3723/3040/4191 3744/3035/4183 3709/3041/4192
f 3800/3039/4187 3730/3038/4186 3723/3040/4191
f 3723/3040/4191 3799/2702/3731 3800/3039/4187
f 3752/2701/3730 3800/3039/4187 3799/2702/3731
f 3799/2702/3731 3723/3040/4191 3727/2694/3722
f 3727/2694/3722 3723/3040/4191 3709/3041/4192
f 3729/2695/3723 3799/2702/3731 3801/2679/3712
f 3799/2702/3731 3727/2694/3722 3801/2679/3712
f 3709/3041/4192 3744/3035/4183 3785/2690/3718
f 3659/2692/3720 3727/2694/3722 3709/3041/4192
f 3659/2692/3720 3709/3041/4192 3785/2690/3718
f 3659/2692/3720 3785/2690/3718 3788/2689/3717
f 3785/2690/3718 3838/2782/3793 3826/2686/3715
f 3451/3042/4193 3450/2443/3445 3484/2435/3444
f 3414/2912/3944 3450/2443/3445 3451/3042/4193
f 3414/2912/3944 3451/3042/4193 3400/3043/4194
f 3414/2912/3944 3400/3043/4194 3363/2913/3945
f 3484/2435/3444 3490/2444/4195 3451/3042/4193
f 3547/3044/4196 3490/2444/4195 3517/2442/2280
f 3451/3042/4193 3490/2444/4195 3409/2920/3957
f 3451/3042/4193 3409/2920/3957 3400/3043/4194
s 0
f 3363/2913/4197 3400/3043/4198 3342/2914/4199
s 1
f 3342/2914/3956 3400/3043/4194 3409/2920/3957
f 3031/2383/3398 2940/2397/3409 2967/2400/3412
f 2940/2397/3409 2906/2390/3400 2967/2400/3412
f 2906/2390/3400 2863/2399/3411 2967/2400/3412
f 3031/2383/3398 2967/2400/3412 3035/2403/3415
f 3113/2379/3396 3031/2383/3398 3073/2380/3397
f 3031/2383/3398 3035/2403/3415 3073/2380/3397
f 3207/2378/3395 3150/2360/3374 3257/2374/3391
f 1619/3024/4166 1596/2102/3006 1618/2985/4078
f 1619/3024/4166 1618/2985/4078 1633/1987/2860
f 1619/3024/4166 1633/1987/2860 1628/3022/4155
f 1619/3024/4166 1566/3025/4167 1596/2102/3006
f 1596/2102/3006 1566/3025/4167 1582/2105/3010
f 1566/3025/4167 1619/3024/4166 1593/3020/4153
f 1186/2111/3019 1092/2112/3020 1173/2109/3017
f 1092/2112/3020 1186/2111/3019 1159/2118/3028
f 1159/2118/3028 1186/2111/3019 1190/2121/3037
f 1190/2121/3037 1186/2111/3019 1253/3045/4200
f 1186/2111/3019 1252/2108/3016 1253/3045/4200
f 1253/3045/4200 1252/2108/3016 1288/2107/3015
f 1226/2124/3040 1253/3045/4200 1288/2107/3015
f 1226/2124/3040 1190/2121/3037 1253/3045/4200
f 1220/2122/3038 1190/2121/3037 1226/2124/3040
f 116/2168/4201 217/2175/3101 110/2177/3139
f 2197/2179/3109 2256/2184/4017 2111/2178/3108
f 4093/2770/3782 4026/2769/3781 4088/3046/4202
f 4093/2770/3782 4088/3046/4202 4091/2775/3787
f 4088/3046/4202 4026/2769/3781 4064/3047/3810
f 4052/2778/3790 3994/2757/3773 3927/2758/3774
f 4054/3048/4203 3994/2757/3773 4052/2778/3790
f 4054/3048/4203 4052/2778/3790 3999/2779/3791
f 3958/2754/3770 3994/2757/3773 3957/3049/4204
f 3999/2779/3791 3972/2777/3789 3976/3050/4205
f 3976/3050/4205 3972/2777/3789 3984/2776/3788
f 3981/3051/4206 3976/3050/4205 3984/2776/3788
f 3981/3051/4206 3984/2776/3788 4091/2775/3787
f 3981/3051/4206 4091/2775/3787 4096/3052/4207
f 4091/2775/3787 4088/3046/4202 4096/3052/4207
f 4096/3052/4207 4056/2583/3587 3981/3051/4206
f 4096/3052/4207 4064/3047/3810 4056/2583/3587
f 4033/2584/3588 4056/2583/3587 4064/3047/3810
f 4064/3047/3810 4096/3052/4207 4088/3046/4202
f 3547/3044/4196 3517/2442/2280 3568/2445/3449
f 3547/3044/4196 3568/2445/3449 3609/2452/3456
f 3609/2452/3456 3568/2445/3449 3590/2448/3452
f 3609/2452/3456 3588/2472/3476 3547/3044/4196
f 3547/3044/4196 3521/3053/4208 3490/2444/4195
f 3521/3053/4208 3483/2927/3971 3490/2444/4195
f 3490/2444/4195 3483/2927/3971 3433/2923/3963
f 3875/2749/3765 3865/2984/4077 3900/2751/3767
f 3865/2984/4077 3875/2749/3765 3859/2714/3737
f 3859/2714/3737 3875/2749/3765 3872/2716/3739
f 3872/2716/3739 3875/2749/3765 3878/2717/3740
f 3878/2717/3740 3875/2749/3765 3910/2719/3742
f 3910/2719/3742 3905/2745/3761 3929/2752/3768
f 3959/2753/3769 3958/2754/3770 3957/3049/4204
f 3910/2719/3742 3929/2752/3768 3913/2566/3570
f 3957/3049/4204 3929/2752/3768 3959/2753/3769
f 3994/2757/3773 4054/3048/4203 3957/3049/4204
f 4054/3048/4203 3999/2779/3791 4041/2581/3585
f 3999/2779/3791 3976/3050/4205 4041/2581/3585
f 4060/3054/4209 4054/3048/4203 4041/2581/3585
f 4054/3048/4203 3964/3055/4210 3957/3049/4204
f 3957/3049/4204 3954/3056/4211 3929/2752/3768
f 3957/3049/4204 3964/3055/4210 3954/3056/4211
f 3929/2752/3768 3954/3056/4211 3931/2565/3569
f 3931/2565/3569 3913/2566/3570 3929/2752/3768
f 3964/3055/4210 4054/3048/4203 3988/3057/4212
f 3964/3055/4210 3988/3057/4212 3954/3056/4211
f 3988/3057/4212 4054/3048/4203 4060/3054/4209
f 4027/2580/3584 4041/2581/3585 3976/3050/4205
f 3977/2578/3582 4027/2580/3584 3976/3050/4205
f 4056/2583/3587 3977/2578/3582 3981/3051/4206
f 3977/2578/3582 3976/3050/4205 3981/3051/4206
f 1150/1965/2838 1138/1964/2837 1189/2045/2922
f 1132/1963/2836 992/1960/2831 1108/3058/4213
f 1132/1963/2836 1108/3058/4213 1138/1964/2837
f 1138/1964/2837 1108/3058/4213 1134/3059/4214
f 1134/3059/4214 1108/3058/4213 1097/3060/4215
s 0
f 1097/3060/4216 1108/3058/4217 992/1960/4218
s 1
f 992/1960/2831 926/1961/2832 928/3061/4219
f 873/3062/3078 928/3061/4219 926/1961/2832
f 992/1960/2831 928/3061/4219 993/3063/1132
f 391/2255/3184 552/2233/3169 536/2254/3183
f 634/2251/3180 536/2254/3183 628/2315/3268
f 674/3064/4220 628/2315/3268 675/2318/3276
f 675/2318/3276 807/3065/4221 674/3064/4220
f 676/2232/3168 675/2318/3276 628/2315/3268
f 807/3065/4221 675/2318/3276 775/2317/3272
f 807/3065/4221 775/2317/3272 870/2236/4222
s 0
f 807/3065/4223 870/2236/4224 847/2239/4225
s 1
f 807/3065/4221 847/2239/3173 867/2241/3049
f 799/2244/3175 807/3065/4221 867/2241/3049
f 807/3065/4221 799/2244/3175 674/3064/4220
f 799/2244/3175 867/2241/3049 848/2242/3174
f 799/2244/3175 803/2245/3176 680/2248/3177
f 674/3064/4220 799/2244/3175 680/2248/3177
f 674/3064/4220 680/2248/3177 634/2251/3180
f 674/3064/4220 634/2251/3180 628/2315/3268
f 1424/2101/3009 1405/3029/4171 1409/2095/2997
f 1409/2095/2997 1405/3029/4171 1375/2106/3014
f 1375/2106/3014 1405/3029/4171 1313/2125/3041
f 1313/2125/3041 1288/2107/3015 1375/2106/3014
f 3409/2920/3957 3490/2444/4195 3433/2923/3963
f 3521/3053/4208 3547/3044/4196 3588/2472/3476
f 3521/3053/4208 3588/2472/3476 3551/3066/4226
f 3483/2927/3971 3521/3053/4208 3514/3067/4227
f 3551/3066/4226 3588/2472/3476 3621/2471/3475
f 3769/2470/3474 3735/2487/3491 3668/2473/3477
f 3668/2473/3477 3735/2487/3491 3646/2488/3492
f 3551/3066/4226 3621/2471/3475 3620/3068/4228
f 3646/2488/3492 3620/3068/4228 3668/2473/3477
f 3668/2473/3477 3620/3068/4228 3621/2471/3475
f 3551/3066/4226 3620/3068/4228 3601/3069/4229
f 3551/3066/4226 3601/3069/4229 3569/3070/4230
f 3551/3066/4226 3514/3067/4227 3521/3053/4208
f 3601/3069/4229 3620/3068/4228 3607/3071/4231
f 3620/3068/4228 3686/2526/3530 3607/3071/4231
f 3620/3068/4228 3646/2488/3492 3686/2526/3530
f 3607/3071/4231 3686/2526/3530 3625/3072/4232
f 3650/3073/4233 3625/3072/4232 3686/2526/3530
f 3650/3073/4233 3686/2526/3530 3778/2527/3531
f 3778/2527/3531 3686/2526/3530 3760/2525/3529
f 3607/3071/4231 3625/3072/4232 3574/3074/4234
f 3574/3074/4234 3522/3075/4235 3514/3067/4227
f 3522/3075/4235 3486/3076/4236 3514/3067/4227
f 3514/3067/4227 3486/3076/4236 3471/2928/3972
f 3471/2928/3972 3486/3076/4236 3437/2926/3967
f 3471/2928/3972 3483/2927/3971 3514/3067/4227
f 3514/3067/4227 3551/3066/4226 3572/3077/4237
f 3572/3077/4237 3551/3066/4226 3569/3070/4230
f 3569/3070/4230 3601/3069/4229 3607/3071/4231
f 3572/3077/4237 3569/3070/4230 3607/3071/4231
f 3514/3067/4227 3572/3077/4237 3574/3074/4234
f 3574/3074/4234 3572/3077/4237 3607/3071/4231
f 2794/2398/3410 2715/2333/3315 2678/2329/3305
f 2595/2328/3303 2794/2398/3410 2678/2329/3305
f 2799/2407/3419 2794/2398/3410 2595/2328/3303
f 2842/2408/3420 2799/2407/3419 2821/3078/4238
f 2821/3078/4238 2799/2407/3419 2595/2328/3303
f 2945/2409/3421 3004/2412/3424 2998/2406/3418
f 2842/2408/3420 2821/3078/4238 2918/2350/3360
f 2842/2408/3420 2918/2350/3360 2945/2409/3421
f 2595/2328/3303 2597/2327/3302 2766/2348/3358
f 2821/3078/4238 2595/2328/3303 2766/2348/3358
f 2737/2343/3354 2597/2327/3302 2379/2324/3304
f 2821/3078/4238 2766/2348/3358 2864/2346/3356
f 2864/2346/3356 2918/2350/3360 2821/3078/4238
f 2945/2409/3421 2918/2350/3360 2979/2352/3362
f 3004/2412/3424 2945/2409/3421 2979/2352/3362
f 1189/2045/2922 1138/1964/2837 1134/3059/4214
f 1168/2047/2924 1189/2045/2922 1134/3059/4214
f 1134/3059/4214 1097/3060/4215 1153/2054/2931
f 1134/3059/4214 1153/2054/2931 1168/2047/2924
f 1097/3060/4215 1128/3079/4239 1153/2054/2931
f 1128/3079/4239 1097/3060/4215 992/1960/4240
s 0
f 1128/3079/4241 992/1960/4242 993/3063/4243
s 1
f 1128/3079/4239 993/3063/1132 1116/3080/4244
f 1116/3080/4244 993/3063/1132 949/3081/4245
f 949/3081/4245 993/3063/1132 894/3082/4246
f 928/3061/4219 894/3082/4246 993/3063/1132
f 894/3082/4246 928/3061/4219 829/3083/3162
f 855/3084/3155 829/3083/3162 873/3085/3078
f 855/3084/3155 873/3085/3078 689/3086/3153
f 873/3085/3078 829/3083/3162 928/3061/4219
f 829/3083/3162 763/3087/3160 784/3088/4034
f 833/3089/4247 784/3088/4034 724/3090/4035
f 784/3088/4034 833/3089/4247 894/3082/4246
f 894/3082/4246 833/3089/4247 868/3091/4248
f 833/3089/4247 724/3090/4035 693/3092/4037
f 868/3091/4248 833/3089/4247 874/3093/4249
f 833/3089/4247 693/3092/4037 862/3094/4250
f 833/3089/4247 862/3094/4250 874/3093/4249
f 693/3092/4037 761/3095/4251 862/3094/4250
f 761/3095/4251 693/3092/4037 719/3096/4039
f 719/3097/4039 826/3098/4252 761/3095/4251
f 826/3098/4252 719/3097/4039 684/3099/4041
f 761/3095/4251 826/3098/4252 862/3094/4250
f 885/3100/4253 862/3094/4250 826/3098/4252
f 885/3100/4253 826/3098/4252 924/3101/4254
f 1011/3102/4255 885/3100/4253 924/3101/4254
f 924/3101/4254 990/3103/4256 1011/3102/4255
f 1011/3102/4255 990/3103/4256 1114/3104/4257
f 1114/3104/4257 990/3103/4256 1103/3105/4258
f 1114/3104/4257 1103/3105/4258 1135/3106/4259
f 1135/3106/4259 1243/3107/4260 1114/3104/4257
f 1114/3104/4257 1243/3107/4260 1183/3108/4261
f 1183/3108/4261 1243/3107/4260 1213/3109/4262
f 1114/3104/4257 1183/3108/4261 1116/3080/4244
f 1229/3110/4263 1183/3108/4261 1213/3109/4262
f 1183/3108/4261 1229/3110/4263 1212/3111/4264
f 1236/3112/4265 1213/3109/4262 1243/3107/4260
f 1212/3111/4264 1229/3110/4263 1213/3109/4262
f 1213/3109/4262 1236/3112/4265 1212/3111/4264
f 1212/3111/4264 1236/3112/4265 1238/3113/4266
f 1243/3107/4260 1283/3114/4267 1236/3112/4265
f 1283/3114/4267 1243/3107/4260 1280/3115/4268
f 1280/3115/4268 1243/3107/4260 1135/3106/4259
f 1280/3115/4268 1331/3116/4269 1283/3114/4267
f 1238/3113/4266 1236/3112/4265 1283/3114/4267
f 1238/3113/4266 1283/3114/4267 1268/3117/4270
f 1212/3111/4264 1238/3113/4266 1260/3118/4271
f 1238/3113/4266 1268/3117/4270 1260/3118/4271
f 1281/2056/2933 1260/3118/4271 1268/3117/4270
f 1239/3119/4272 1260/3118/4271 1281/2056/2933
f 1260/3118/4271 1239/3119/4272 1228/3120/4273
f 1260/3118/4271 1228/3120/4273 1212/3111/4264
f 1228/3120/4273 1182/3121/4274 1212/3111/4264
f 1182/3121/4274 1183/3108/4261 1212/3111/4264
f 1183/3108/4261 1182/3121/4274 1148/3122/4275
f 1116/3080/4244 1183/3108/4261 1148/3122/4275
f 1148/3122/4275 1182/3121/4274 1228/3120/4273
f 1148/3122/4275 1228/3120/4273 1239/3119/4272
f 1148/3122/4275 1239/3119/4272 1216/3123/4276
f 1116/3080/4244 1148/3122/4275 1128/3079/4239
f 1011/3102/4255 949/3081/4245 900/3124/4277
f 900/3124/4277 949/3081/4245 894/3082/4246
f 1011/3102/4255 1114/3104/4257 949/3081/4245
f 949/3081/4245 1114/3104/4257 1116/3080/4244
f 3199/2942/3989 3226/2916/3948 3259/2921/3958
f 940/2117/3027 939/2132/3048 867/3125/3049
f 1205/2051/2928 1168/2047/2924 1153/2054/2931
f 1234/2055/2932 1219/2052/2929 1214/3126/4278
f 1214/3126/4278 1219/2052/2929 1208/2053/2930
f 1214/3126/4278 1208/2053/2930 1153/2054/2931
f 1214/3126/4278 1210/3127/4279 1241/3128/4280
f 1214/3126/4278 1241/3128/4280 1234/2055/2932
f 1214/3126/4278 1153/2054/2931 1148/3122/4275
f 1148/3122/4275 1153/2054/2931 1128/3079/4239
f 1214/3126/4278 1148/3122/4275 1210/3127/4279
f 1210/3127/4279 1148/3122/4275 1216/3123/4276
f 1241/3128/4280 1210/3127/4279 1216/3123/4276
f 1281/2056/2933 1241/3128/4280 1237/3129/4281
f 1241/3128/4280 1281/2056/2933 1234/2055/2932
f 1237/3129/4281 1241/3128/4280 1216/3123/4276
f 1216/3123/4276 1239/3119/4272 1237/3129/4281
f 1237/3129/4281 1239/3119/4272 1281/2056/2933
f 1291/2057/2934 1281/2056/2933 1268/3117/4270
f 1291/2057/2934 1268/3117/4270 1328/3130/4282
f 1291/2057/2934 1328/3130/4282 1336/3131/4283
f 1336/3131/4283 1385/3132/4284 1384/2061/2938
f 1384/2061/2938 1335/2058/2935 1336/3131/4283
f 1291/2057/2934 1336/3131/4283 1335/2058/2935
f 1413/2062/2939 1384/2061/2938 1385/3132/4284
f 1413/2062/2939 1385/3132/4284 1433/3133/4285
f 1385/3132/4284 1401/3134/4286 1433/3133/4285
f 1385/3132/4284 1336/3131/4283 1359/3135/4287
f 1359/3135/4287 1336/3131/4283 1328/3130/4282
f 1385/3132/4284 1359/3135/4287 1401/3134/4286
f 1359/3135/4287 1382/3136/4288 1401/3134/4286
f 1433/3133/4285 1472/2063/2940 1435/2034/2908
f 1433/3133/4285 1435/2034/2908 1413/2062/2939
f 1544/2064/2941 1472/2063/2940 1474/3137/4289
f 1474/3137/4289 1472/2063/2940 1433/3133/4285
f 1546/2080/2962 1559/2079/2961 1522/2081/2963
f 1474/3137/4289 1433/3133/4285 1454/3138/4290
f 1559/2079/2961 1544/2064/2941 1474/3137/4289
f 1522/2081/2963 1559/2079/2961 1555/3139/4291
s 0
f 1522/2081/4292 1515/3140/4293 1516/2076/4294
s 1
f 1515/3140/4295 1522/2081/2963 1555/3139/4291
f 1555/3139/4291 1559/2079/2961 1548/3141/4296
f 1548/3141/4296 1559/2079/2961 1474/3137/4289
f 1433/3133/4285 1401/3134/4286 1454/3138/4290
f 1401/3134/4286 1382/3136/4288 1360/3142/4297
f 1360/3142/4297 1382/3136/4288 1359/3135/4287
f 1454/3138/4290 1401/3134/4286 1402/3143/4298
f 1402/3143/4298 1401/3134/4286 1360/3142/4297
f 1268/3117/4270 1283/3114/4267 1328/3130/4282
f 1328/3130/4282 1283/3114/4267 1331/3116/4269
f 1328/3130/4282 1331/3116/4269 1340/3144/4299
f 1328/3130/4282 1340/3144/4299 1360/3142/4297
f 1402/3143/4298 1360/3142/4297 1388/3145/4300
f 1388/3145/4300 1360/3142/4297 1340/3144/4299
s 0
f 1388/3145/4301 1340/3144/4302 1305/3146/4303
s 1
f 1388/3145/4300 1305/3146/4304 1410/3147/4305
f 1305/3146/4306 1340/3144/4299 1331/3116/4269
f 1305/3146/4306 1331/3116/4269 1280/3115/4268
f 3033/2405/3417 2996/2410/3422 3073/2380/3397
f 3073/2380/3397 2996/2410/3422 3071/2359/3372
f 3071/2359/3372 2996/2410/3422 3015/2411/3423
f 2998/2406/3418 3015/2411/3423 2996/2410/3422
f 3004/2412/3424 3015/2411/3423 2998/2406/3418
f 3988/3057/4212 3945/2569/3573 3954/3056/4211
f 3954/3056/4211 3945/2569/3573 3931/2565/3569
f 3931/2565/3569 3945/2569/3573 3946/2563/3567
f 3945/2569/3573 3988/3057/4212 3935/2567/3571
f 3988/3057/4212 4060/3054/4209 3935/2567/3571
f 3935/2567/3571 4060/3054/4209 4057/2570/3574
f 4041/2581/3585 4057/2570/3574 4060/3054/4209
f 2987/2949/3997 3072/2943/3990 2985/2953/4001
f 2985/2953/4001 3072/2943/3990 2984/3148/4307
f 2985/2953/4001 2984/3148/4307 2910/2951/3999
f 2910/2951/3999 2913/3149/4308 2820/2952/4000
f 2913/3149/4308 2910/2951/3999 2984/3148/4307
f 2913/3149/4308 2984/3148/4307 3022/3150/4309
f 3022/3150/4309 2984/3148/4307 3072/2943/3990
f 3022/3150/4309 3072/2943/3990 3064/3151/4310
f 3064/3151/4310 3072/2943/3990 3099/2931/3975
f 3218/3152/4311 3199/2942/3989 3259/2921/3958
f 3199/2942/3989 3218/3152/4311 3103/2932/3976
f 3259/2921/3958 3258/3153/4312 3218/3152/4311
f 3154/2933/3977 3101/3154/4313 3099/2931/3975
f 3101/3154/4313 3154/2933/3977 3128/3155/4314
f 3064/3151/4310 3099/2931/3975 3101/3154/4313
f 3128/3155/4314 3154/2933/3977 3177/3156/4315
f 3177/3156/4315 3154/2933/3977 3218/3152/4311
f 3258/3153/4312 3259/2921/3958 3322/2930/3974
f 3370/3157/4316 3322/2930/3974 3357/2929/3973
f 3322/2930/3974 3370/3157/4316 3347/3158/4317
f 3357/2929/3973 3367/2925/3966 3406/2924/3965
f 3357/2929/3973 3406/2924/3965 3405/3159/4318
f 3405/3159/4318 3406/2924/3965 3453/3160/4319
f 3453/3160/4319 3406/2924/3965 3437/2926/3967
f 3437/2926/3967 3486/3076/4236 3453/3160/4319
f 3405/3159/4318 3370/3157/4316 3357/2929/3973
f 3370/3157/4316 3405/3159/4318 3403/3161/4320
f 3370/3157/4316 3403/3161/4320 3358/3162/4321
f 3370/3157/4316 3358/3162/4321 3347/3158/4317
f 3403/3161/4320 3405/3159/4318 3422/3163/4322
f 3422/3163/4322 3405/3159/4318 3453/3160/4319
f 3438/3164/4323 3422/3163/4322 3453/3160/4319
f 3453/3160/4319 3486/3076/4236 3438/3164/4323
f 3496/3165/4324 3438/3164/4323 3486/3076/4236
f 3403/3161/4320 3422/3163/4322 3402/3166/4325
f 3347/3158/4317 3358/3162/4321 3343/3167/4326
f 3358/3162/4321 3403/3161/4320 3371/3168/4327
f 3358/3162/4321 3371/3168/4327 3343/3167/4326
f 3371/3168/4327 3403/3161/4320 3402/3166/4325
f 3343/3167/4326 3371/3168/4327 3294/3169/4328
f 3343/3167/4326 3294/3169/4328 3347/3158/4317
f 3218/3152/4311 3254/3170/4329 3177/3156/4315
f 3254/3170/4329 3218/3152/4311 3258/3153/4312
f 3258/3153/4312 3322/2930/3974 3254/3170/4329
f 3254/3170/4329 3322/2930/3974 3294/3169/4328
f 3294/3169/4328 3322/2930/3974 3347/3158/4317
f 3128/3155/4314 3158/3171/4330 3101/3154/4313
f 3128/3155/4314 3177/3156/4315 3158/3171/4330
f 3158/3171/4330 3086/3172/4331 3101/3154/4313
f 3064/3151/4310 3101/3154/4313 3086/3172/4331
f 3064/3151/4310 2988/3173/4332 2970/3174/4333
f 2915/3175/4334 2970/3174/4333 2988/3173/4332
f 2970/3174/4333 2986/3176/4335 3064/3151/4310
f 2915/3175/4334 2988/3173/4332 2901/3177/4336
f 2988/3173/4332 2997/3178/4337 2901/3177/4336
f 2988/3173/4332 3064/3151/4310 2997/3178/4337
f 2997/3178/4337 3064/3151/4310 3042/3179/4338
s 0
f 2915/3175/4339 2901/3177/4340 2833/3180/4341
s 1
f 2915/3175/4334 2833/3180/4342 2913/3149/4308
f 2913/3149/4308 2833/3180/4342 2803/3181/4343
f 2803/3181/4343 2833/3180/4342 2783/3182/4344
f 2769/2954/4002 2803/3181/4343 2783/3182/4344
f 2803/3181/4343 2820/2952/4000 2913/3149/4308
f 2913/3149/4308 3022/3150/4309 2986/3176/4335
f 2986/3176/4335 3022/3150/4309 3064/3151/4310
f 2915/3175/4334 2986/3176/4335 2970/3174/4333
f 2986/3176/4335 2915/3175/4334 2913/3149/4308
s 0
f 1676/2986/4345 1683/2989/4346 1666/2991/4347
s 1
f 1676/2986/4159 1666/2991/4348 1647/3001/4157
f 3154/2933/3977 3103/2932/3976 3218/3152/4311
f 1478/3030/4172 1481/3018/4151 1521/3017/4150
f 1478/3030/4172 1521/3017/4150 1508/3011/4144
f 1508/3011/4144 1521/3017/4150 1549/3012/4145
f 3949/2602/3611 3991/2579/3583 3977/2578/3582
f 3949/2602/3611 3977/2578/3582 3941/2598/3607
f 3941/2598/3607 3977/2578/3582 4055/2589/3598
f 4095/2597/3606 4092/2582/3586 3995/2587/3595
f 4055/2589/3598 4092/2582/3586 4095/2597/3606
f 3587/3183/4349 3522/3075/4235 3574/3074/4234
f 3574/3074/4234 3625/3072/4232 3587/3183/4349
f 3623/3184/4350 3625/3072/4232 3650/3073/4233
f 3625/3072/4232 3591/3185/4351 3587/3183/4349
f 3625/3072/4232 3623/3184/4350 3591/3185/4351
f 3784/2517/3521 3703/2532/3536 3778/2527/3531
f 3778/2527/3531 3703/2532/3536 3650/3073/4233
f 3650/3073/4233 3703/2532/3536 3649/3186/4352
f 3650/3073/4233 3649/3186/4352 3623/3184/4350
f 3649/3186/4352 3703/2532/3536 3684/2534/3538
f 3684/2534/3538 3758/2533/3537 3691/2538/3542
f 3649/3186/4352 3626/3187/4353 3623/3184/4350
f 3626/3187/4353 3592/3188/4354 3591/3185/4351
f 3626/3187/4353 3591/3185/4351 3623/3184/4350
f 3626/3187/4353 3619/3189/4355 3592/3188/4354
f 3592/3188/4354 3619/3189/4355 3595/3190/4356
f 3537/3191/4357 3592/3188/4354 3559/3192/4358
f 3591/3185/4351 3592/3188/4354 3537/3191/4357
f 3537/3191/4357 3496/3165/4324 3486/3076/4236
f 3537/3191/4357 3486/3076/4236 3522/3075/4235
f 3522/3075/4235 3587/3183/4349 3591/3185/4351
f 3522/3075/4235 3591/3185/4351 3537/3191/4357
f 3504/2860/3872 3472/2367/3384 3440/2861/3873
f 3440/2861/3873 3386/2363/3380 3385/2865/4359
f 3386/2363/3380 3306/2361/3379 3385/2865/4359
s 0
f 3360/2862/4360 3385/2865/4361 3306/2361/4362
f 3440/2861/4363 3385/2865/4364 3488/3193/4365
s 1
f 3504/2860/3872 3440/2861/3873 3488/3193/4366
f 3387/3194/4367 3385/2865/3878 3312/2864/3877
f 3385/2865/3878 3387/3194/4367 3488/3193/4366
f 3312/2864/3877 3316/2867/3883 3387/3194/4367
f 3387/3194/4367 3316/2867/3883 3391/3195/4368
f 3391/3195/4368 3316/2867/3883 3170/2868/3884
f 3391/3195/4368 3170/2868/3884 3176/2874/3892
f 3176/2874/3892 3058/2872/3888 2851/2883/3908
f 3176/2874/3892 2851/2883/3908 3223/3196/4369
f 3387/3194/4367 3391/3195/4368 3431/3197/4370
f 3387/3194/4367 3431/3197/4370 3488/3193/4366
f 3488/3193/4366 3431/3197/4370 3553/3198/4371
f 3488/3193/4366 3553/3198/4371 3562/3199/4372
s 0
f 3562/3199/4373 3553/3198/4374 3665/3200/4375
s 1
f 3582/3201/4376 3562/3199/4372 3665/3200/4377
f 3562/3199/4372 3582/3201/4376 3548/3202/4378
f 3582/3201/4376 3565/3203/4379 3548/3202/4378
f 3538/3204/4380 3548/3202/4378 3565/3203/4379
f 3488/3193/4366 3562/3199/4372 3548/3202/4378
f 3504/2860/3872 3488/3193/4366 3548/3202/4378
f 3504/2860/3872 3548/3202/4378 3526/3205/4381
f 3526/3205/4381 3548/3202/4378 3538/3204/4380
f 3549/2852/3861 3538/3204/4380 3600/2851/3860
f 3600/2851/3860 3538/3204/4380 3565/3203/4379
f 3526/3205/4381 3538/3204/4380 3549/2852/3861
f 3564/2368/3385 3504/2860/3872 3549/2852/3861
f 3549/2852/3861 3504/2860/3872 3526/3205/4381
f 1287/2126/3042 1370/2127/3043 1323/3206/4382
f 1222/2129/3045 1287/2126/3042 1323/3206/4382
f 2820/2952/4000 2803/3181/4343 2769/2954/4002
f 2769/2954/4002 2691/3207/4383 2625/2955/4003
f 2769/2954/4002 2783/3182/4344 2691/3207/4383
f 2497/2196/4384 2625/2955/4003 2496/3208/4385
s 0
f 2497/2196/4386 2496/3208/4387 2410/2185/4388
s 1
f 2496/3208/4385 2625/2955/4003 2691/3207/4383
f 2410/2185/3116 2496/3208/4389 2392/2956/4007
f 2392/2956/4390 2185/2980/4061 2224/2957/4014
f 2185/2980/4061 2392/2956/4390 2341/3209/4391
f 2185/2980/4061 2207/3210/4392 2161/2978/4059
f 2161/2978/4059 68/3211/4393 121/2977/4057
f 68/3211/4393 2161/2978/4059 2207/3210/4392
f 2152/3212/4394 68/3211/4393 2207/3210/4392
f 2207/3210/4392 2351/3213/4395 2152/3212/4394
f 2351/3213/4395 2207/3210/4392 2341/3209/4391
f 2207/3210/4392 2185/2980/4061 2341/3209/4391
s 0
f 2392/2956/4396 2496/3208/4397 2452/3214/4398
s 1
f 2351/3213/4395 2341/3209/4391 2409/3215/4399
f 2341/3209/4391 2392/2956/4390 2409/3215/4399
f 2409/3215/4399 2392/2956/4390 2452/3214/4400
s 0
f 2351/3213/4401 2409/3215/4402 2384/3216/4403
s 1
f 2351/3213/4395 2384/3216/4404 2152/3212/4394
f 173/3217/4405 68/3211/4393 2152/3212/4394
s 0
f 121/2977/4406 68/3211/4407 173/3217/4408
s 1
f 2152/3212/4394 112/3218/4409 173/3217/4405
f 173/3217/4405 112/3218/4409 225/2974/4048
s 0
f 225/2974/4410 112/3218/4411 193/2650/4412
s 1
f 2152/3212/4394 2384/3216/4404 112/3218/4409
s 0
f 2384/3216/4413 193/2650/4414 112/3218/4415
f 2384/3216/4416 2396/2643/4417 193/2650/4418
s 1
f 2839/2644/4419 2384/3216/4420 2409/3215/4399
s 0
f 2396/2643/4421 2384/3216/4422 2839/2644/4423
s 1
f 2839/2644/4419 2409/3215/4399 2686/3219/4424
f 193/2650/3674 2396/2643/3662 2158/2645/3666
f 72/2648/3672 193/2650/3674 2158/2645/3666
s 0
f 225/2974/4425 630/2651/4426 651/2972/4427
f 651/2972/4428 630/2651/4429 788/3220/4429
f 788/3220/4430 630/2651/4431 820/2653/4432
s 1
f 1585/3221/4143 1606/3222/4134 1598/3223/4132
f 1585/3221/4143 1598/3223/4132 1584/3224/4433
f 1558/3225/4434 1585/3221/4143 1584/3224/4433
f 1585/3221/4143 1558/3225/4434 1496/3226/4435
f 1585/3221/4143 1496/3226/4435 1508/3227/4144
f 1496/3226/4435 1558/3225/4434 1483/3228/4436
f 1479/3229/4177 1496/3226/4435 1483/3228/4436
f 1479/3229/4177 1483/3228/4436 1492/3230/4437
f 1479/3229/4177 1492/3230/4437 1463/3231/4438
f 1439/3232/4178 1463/3231/4438 1446/3233/4439
f 1497/3234/4440 1463/3231/4438 1492/3230/4437
f 1446/3233/4439 1463/3231/4438 1464/3235/4441
f 1464/3235/4441 1463/3231/4438 1497/3234/4440
f 1497/3234/4440 1492/3230/4437 1488/3236/4442
f 1492/3230/4437 1584/3224/4433 1488/3236/4442
f 1584/3224/4433 1492/3230/4437 1483/3228/4436
f 1488/3236/4442 1584/3224/4433 1575/3237/4443
f 1584/3224/4433 1483/3228/4436 1558/3225/4434
f 1584/3224/4433 1598/3223/4132 1575/3237/4443
f 1598/3223/4132 1600/3238/4133 1575/3237/4443
f 1575/3237/4443 1487/3239/4444 1488/3236/4442
f 1497/3234/4440 1488/3236/4442 1487/3239/4444
f 1486/3240/4445 1464/3235/4441 1497/3234/4440
f 1464/3235/4441 1486/3240/4445 1446/3233/4439
f 1486/3240/4445 1497/3234/4440 1487/3239/4444
f 1575/3237/4443 1600/3238/4133 1576/3241/4446
f 1487/3239/4444 1575/3237/4443 1576/3241/4446
f 1611/3242/4447 1576/3241/4446 1600/3238/4133
f 1576/3241/4446 1611/3242/4447 1441/3243/4448
f 1443/3244/4449 1576/3241/4446 1441/3243/4448
f 1621/3245/4450 1611/3242/4447 1600/3238/4133
s 0
f 1661/3246/4451 1611/3242/4452 1621/3245/4453
s 1
f 1632/3247/4131 1621/3245/4450 1600/3238/4133
f 1621/3245/4450 1632/3247/4131 1634/3248/4128
f 1634/3248/4128 1651/3249/4127 1636/3250/4454
f 1651/3249/4127 1661/3246/4455 1636/3250/4454
f 1661/3246/4455 1651/3249/4127 1690/3251/4119
f 1634/3248/4128 1636/3250/4454 1621/3245/4450
f 1636/3250/4454 1661/3246/4455 1621/3245/4450
f 1611/3242/4447 1661/3246/4455 1583/3252/4456
f 1441/3243/4448 1611/3242/4447 1583/3252/4456
f 1583/3252/4456 1661/3246/4455 1690/3251/4119
f 1690/3251/4119 1696/3253/4118 1699/3254/4116
f 1690/3251/4119 1699/3254/4116 1534/3255/4457
f 1532/3256/4458 1699/3254/4116 1698/3257/4459
f 1532/3256/4458 1698/3257/4459 1667/3258/4460
f 1699/3254/4116 1532/3256/4458 1534/3255/4457
f 1690/3251/4119 1534/3255/4457 1583/3252/4456
f 1152/3259/4461 1583/3252/4456 1534/3255/4457
f 1441/3243/4448 1583/3252/4456 1152/3259/4461
f 1443/3244/4449 1441/3243/4448 1152/3259/4461
f 1118/3260/4462 1443/3244/4449 1174/3261/4463
f 1118/3260/4462 1174/3261/4463 882/3262/4464
f 920/3263/4465 1174/3261/4463 1002/3264/4466
f 1043/3265/4467 1002/3264/4466 1152/3259/4461
f 1002/3264/4466 1043/3265/4467 1029/3266/4468
f 1082/3267/4469 1043/3265/4467 1152/3259/4461
f 1099/3268/4470 1082/3267/4469 1079/3269/4471
f 1095/3270/4472 1099/3268/4470 1079/3269/4471
f 1099/3268/4470 1047/3271/4473 1082/3267/4469
f 1082/3267/4469 1047/3271/4473 1043/3265/4467
f 1043/3265/4467 1047/3271/4473 969/3272/4474
f 1047/3271/4473 929/3273/4475 969/3272/4474
s 0
f 1043/3265/4476 969/3272/4477 1067/3274/4478
s 1
f 1067/3274/4479 969/3272/4480 907/3275/4481
f 840/3276/4482 823/3277/4483 764/3278/4484
f 648/3279/4485 739/3280/3227 823/3277/4483
f 823/3277/4483 739/3280/3227 764/3278/4484
f 1669/2988/4100 1657/2072/2967 1654/3281/4486
f 1654/3281/4486 1657/2072/2967 1645/2074/4487
f 1679/3282/4488 1669/2988/4100 1654/3281/4486
s 0
f 1669/2988/4489 1679/3282/4490 1684/2987/4491
f 1684/2987/4492 1679/3282/4493 1691/2990/4494
s 1
f 1679/3282/4488 1662/3283/4495 1673/3284/4496
s 0
f 1679/3282/4497 1688/3285/4498 1691/2990/4499
s 1
f 1688/3285/4500 1679/3282/4488 1673/3284/4496
f 1688/3285/4500 1673/3284/4496 1680/3286/4501
s 0
f 1688/3285/4502 1693/2992/4503 1691/2990/4504
s 1
f 1688/3285/4500 1680/3286/4501 1692/2997/4117
s 0
f 1688/3285/4505 1692/2997/4506 1693/2992/4507
s 1
f 1699/2996/4116 1692/2997/4117 1698/3287/4459
f 1695/3288/4508 1698/3287/4459 1692/2997/4117
f 1698/3287/4459 1695/3288/4508 1667/3289/4460
f 1692/2997/4117 1680/3286/4501 1695/3288/4508
f 1695/3288/4508 1680/3286/4501 1673/3284/4496
f 1695/3288/4508 1673/3284/4496 1667/3289/4460
f 1667/3289/4460 1673/3284/4496 1641/3290/4509
s 0
f 1674/3291/4510 1667/3289/4511 1641/3290/4512
s 1
f 1674/3291/4513 1641/3290/4514 1648/3292/4515
f 1638/3293/4516 1648/3292/4517 1646/3294/4518
f 1578/3295/4519 1638/3293/4516 1646/3294/4518
f 1578/3295/4519 1646/3294/4518 1591/3296/4520
f 1591/3296/4520 1646/3294/4518 1635/3297/4521
f 1578/3295/4519 1591/3296/4520 1513/3298/4522
f 1591/3296/4520 1515/3140/4295 1513/3298/4522
f 1494/3299/4523 1513/3298/4522 1515/3140/4295
f 1539/3300/4524 1494/3299/4523 1555/3139/4291
f 1539/3300/4524 1548/3141/4296 1455/3301/4525
f 1548/3141/4296 1539/3300/4524 1555/3139/4291
f 1555/3139/4291 1494/3299/4523 1515/3140/4295
f 1548/3141/4296 1474/3137/4289 1455/3301/4525
f 1455/3301/4525 1474/3137/4289 1434/3302/4526
f 1434/3302/4526 1474/3137/4289 1454/3138/4290
f 1434/3302/4526 1454/3138/4290 1402/3143/4298
f 1434/3302/4526 1402/3143/4298 1388/3145/4300
f 1434/3302/4526 1388/3145/4300 1428/3303/4527
f 1428/3303/4527 1388/3145/4300 1410/3147/4305
f 1428/3303/4527 1410/3147/4305 1416/3304/4528
f 1416/3304/4528 1456/3305/4529 1428/3303/4527
f 1428/3303/4527 1456/3305/4529 1455/3301/4525
f 1428/3303/4527 1455/3301/4525 1434/3302/4526
f 1456/3305/4529 1517/3306/4530 1494/3299/4523
f 1455/3301/4525 1456/3305/4529 1539/3300/4524
f 1539/3300/4524 1456/3305/4529 1494/3299/4523
f 1513/3298/4522 1494/3299/4523 1517/3306/4530
f 1513/3298/4522 1517/3306/4530 1503/3307/4531
f 1503/3307/4531 1638/3293/4516 1578/3295/4519
f 1503/3307/4531 1578/3295/4519 1513/3298/4522
f 1479/3229/4177 1508/3227/4144 1496/3226/4435
f 1479/3229/4177 1463/3231/4438 1478/3308/4172
f 1439/3232/4178 1478/3308/4172 1463/3231/4438
f 1398/3309/4176 1397/3310/4532 1370/3311/3043
f 1370/3311/3043 1397/3310/4532 1323/3312/4382
f 1250/3313/4533 1222/3314/3045 1323/3312/4382
f 1222/3314/3045 1250/3313/4533 1165/3315/4534
f 1250/3313/4533 1323/3312/4382 1286/3316/4535
s 0
f 1286/3316/4536 1323/3312/4537 1397/3310/4538
s 1
f 1397/3310/4539 1377/3317/4540 1286/3316/4535
f 1377/3317/4540 1397/3310/4539 1395/3318/4541
f 1320/3319/4542 1377/3317/4540 1459/3320/4543
f 1320/3319/4542 1459/3320/4543 1118/3260/4462
f 1459/3320/4543 1377/3317/4540 1395/3318/4541
f 1459/3320/4543 1395/3318/4541 1446/3233/4439
f 1446/3233/4439 1486/3240/4445 1459/3320/4543
f 1486/3240/4445 1487/3239/4444 1459/3320/4543
f 1459/3320/4543 1487/3239/4444 1118/3260/4462
f 1118/3260/4462 1487/3239/4444 1576/3241/4446
f 1576/3241/4446 1443/3244/4449 1118/3260/4462
f 1320/3319/4542 1118/3260/4462 1080/3321/4544
f 1080/3321/4544 1171/3322/4545 1320/3319/4542
f 1171/3322/4545 1080/3321/4544 1089/3323/4546
f 1320/3319/4542 1171/3322/4545 1267/3324/4547
f 1089/3323/4546 1117/3325/4548 1171/3322/4545
f 987/3326/4549 1089/3323/4546 914/3327/4550
f 987/3326/4549 914/3327/4550 852/3328/4551
f 852/3328/4551 914/3327/4550 731/3329/3221
f 731/3329/3221 914/3327/4550 857/3330/3223
f 770/3331/4552 731/3329/3213 733/3332/3211
s 0
f 731/3329/4553 770/3331/4554 852/3328/4555
s 1
f 770/3331/4552 733/3332/3211 746/3333/3210
f 770/3331/4552 746/3333/3210 776/3334/4556
f 852/3328/4551 770/3331/4552 776/3334/4556
f 980/3335/4557 852/3328/4551 892/3336/4558
f 892/3336/4558 852/3328/4551 864/3337/4559
f 864/3337/4559 852/3328/4551 861/3338/4560
f 861/3338/4560 852/3328/4551 776/3334/4556
f 861/3338/4560 776/3334/4556 864/3337/4559
f 864/3337/4559 776/3334/4556 751/3339/3208
f 751/3339/3208 776/3334/4556 746/3333/3210
f 751/3339/3208 765/3340/3206 864/3337/4559
f 864/3337/4559 765/3340/3206 834/3341/3205
f 834/3341/3205 802/3342/3194 832/3343/3195
f 866/3344/3052 834/3341/3205 832/3343/3195
f 954/3345/4561 834/3341/3205 938/3346/3051
f 938/3346/3051 834/3341/3205 866/3344/3052
f 866/3344/3052 832/3343/3195 805/3347/3181
f 954/3345/4561 938/3346/3051 1003/3348/3046
f 954/3345/4561 1003/3348/3046 1012/3349/4562
f 892/3336/4558 864/3337/4559 834/3341/3205
f 834/3341/3205 954/3345/4561 892/3336/4558
f 892/3336/4558 954/3345/4561 980/3335/4557
s 0
f 980/3335/4563 954/3345/4564 1012/3349/4565
s 1
f 1012/3349/4562 1165/3315/4534 1201/3350/4566
f 1012/3349/4562 1003/3348/3046 1165/3315/4534
f 1165/3315/4534 1003/3348/3046 1204/3351/3044
f 1165/3315/4534 1204/3351/3044 1222/3314/3045
f 1250/3313/4533 1240/3352/4567 1165/3315/4534
f 1250/3313/4533 1286/3316/4535 1240/3352/4567
f 1201/3350/4566 1165/3315/4534 1240/3352/4567
f 1240/3352/4567 1286/3316/4535 1377/3317/4540
f 1377/3317/4540 1320/3319/4542 1267/3324/4547
f 1377/3317/4540 1267/3324/4547 1171/3322/4545
f 1377/3317/4540 1171/3322/4545 1240/3352/4567
f 1171/3322/4545 1201/3350/4566 1240/3352/4567
f 1171/3322/4545 1188/3353/4568 1201/3350/4566
f 1012/3349/4562 1201/3350/4566 1188/3353/4568
f 1117/3325/4548 1188/3353/4568 1171/3322/4545
f 987/3326/4549 1117/3325/4548 1089/3323/4546
f 1188/3353/4568 1117/3325/4548 987/3326/4549
f 852/3328/4551 980/3335/4557 987/3326/4549
f 980/3335/4557 1012/3349/4562 987/3326/4549
f 987/3326/4549 1012/3349/4562 1188/3353/4568
f 2737/2343/3354 2379/2324/3304 2415/2340/4569
f 2415/2340/4569 2379/2324/3304 2226/2325/4570
s 0
f 1645/2074/4571 1616/2075/4572 1641/3290/4573
f 1641/3290/4574 1616/2075/4575 1646/3294/4576
s 1
f 1654/3281/4486 1662/3283/4495 1679/3282/4488
f 1654/3281/4486 1655/3354/4577 1662/3283/4495
f 1673/3284/4496 1662/3283/4495 1655/3354/4577
f 1641/3290/4509 1655/3354/4577 1654/3281/4486
s 0
f 1641/3290/4578 1654/3281/4579 1645/2074/4580
s 1
f 1635/3297/4521 1646/3294/4518 1616/2075/2957
f 1655/3354/4577 1641/3290/4509 1673/3284/4496
s 0
f 1641/3290/4581 1646/3294/4582 1648/3292/4583
s 1
f 1635/3297/4521 1616/2075/2957 1516/2076/2958
f 1635/3297/4521 1516/2076/2958 1511/3355/4584
f 1511/3355/4584 1516/2076/2958 1515/3140/4295
f 1511/3355/4584 1515/3140/4295 1591/3296/4520
s 0
f 1511/3355/4585 1591/3296/4586 1635/3297/4587
s 1
f 1398/3309/4176 1439/3232/4178 1397/3310/4532
s 0
f 1439/3232/4588 1446/3233/4589 1397/3310/4590
s 1
f 1446/3233/4439 1395/3318/4541 1397/3310/4539
f 894/3082/4246 829/3083/3162 784/3088/4034
f 900/3124/4277 894/3082/4246 868/3091/4248
f 900/3124/4277 868/3091/4248 874/3093/4249
f 885/3100/4253 900/3124/4277 874/3093/4249
f 1011/3102/4255 900/3124/4277 885/3100/4253
f 2496/3208/4385 2691/3207/4383 2547/3356/4591
f 2768/3357/4592 2496/3208/4385 2547/3356/4591
f 2452/3214/4400 2496/3208/4385 2768/3357/4592
f 2783/3182/4344 2547/3356/4591 2691/3207/4383
s 0
f 2547/3356/4593 2783/3182/4594 2768/3357/4595
s 1
f 2783/3182/4344 2833/3180/4342 2768/3357/4592
f 2768/3357/4592 2833/3180/4342 2807/3358/4596
f 2686/3219/4424 2768/3357/4592 2807/3358/4596
f 2409/3215/4399 2452/3214/4400 2686/3219/4424
f 2452/3214/4400 2768/3357/4592 2686/3219/4424
f 2686/3219/4424 2770/3359/4597 2839/2644/4419
f 2770/3359/4597 2686/3219/4424 2807/3358/4596
f 2889/2632/3664 2839/2644/3665 3003/3360/4598
f 3003/3360/4598 2839/2644/3665 2919/3361/4599
s 0
f 2919/3361/4600 2839/2644/4601 2770/3359/4602
s 1
f 2912/3362/4603 2919/3361/4599 2770/3359/4597
f 3041/3363/4604 3003/3360/4598 2919/3361/4599
f 3041/3363/4604 2919/3361/4599 3009/3364/4605
f 3009/3364/4605 2919/3361/4599 2912/3362/4603
f 3042/3179/4338 3041/3363/4604 3009/3364/4605
f 3041/3363/4604 3042/3179/4338 3086/3172/4331
f 3009/3364/4605 2912/3362/4603 2935/3365/4606
f 2891/3366/4607 2935/3365/4606 2912/3362/4603
f 2912/3362/4603 2770/3359/4597 2807/3358/4596
f 2912/3362/4603 2807/3358/4596 2833/3180/4342
f 2912/3362/4603 2833/3180/4342 2891/3366/4607
f 2891/3366/4607 2833/3180/4342 2901/3177/4336
f 2891/3366/4607 2901/3177/4336 2997/3178/4337
f 2891/3366/4607 2997/3178/4337 2935/3365/4606
f 2935/3365/4606 2997/3178/4337 3009/3364/4605
f 3009/3364/4605 2997/3178/4337 3042/3179/4338
f 3042/3179/4338 3064/3151/4310 3086/3172/4331
f 3041/3363/4604 3086/3172/4331 3158/3171/4330
f 3158/3171/4330 3177/3156/4315 3172/3367/4608
f 3158/3171/4330 3172/3367/4608 3041/3363/4604
f 3201/3368/4609 3041/3363/4604 3172/3367/4608
f 3003/3360/4598 3041/3363/4604 3201/3368/4609
f 3003/3360/4598 3201/3368/4609 3112/2631/3647
f 3003/3360/4598 3112/2631/3647 2889/2632/3664
f 3201/3368/4609 3172/3367/4608 3177/3156/4315
f 3254/3170/4329 3201/3368/4609 3177/3156/4315
f 3201/3368/4609 3254/3170/4329 3324/3369/4610
f 3294/3169/4328 3324/3369/4610 3254/3170/4329
f 3294/3169/4328 3371/3168/4327 3324/3369/4610
f 3324/3369/4610 3371/3168/4327 3362/3370/4611
f 3362/3370/4611 3148/2629/3645 3324/3369/4610
f 3362/3370/4611 3449/3371/4612 3148/2629/3645
f 3148/2629/3645 3112/2631/3647 3324/3369/4610
f 3362/3370/4611 3371/3168/4327 3402/3166/4325
f 3402/3166/4325 3422/3163/4322 3438/3164/4323
f 3496/3165/4324 3495/3372/4613 3438/3164/4323
f 3438/3164/4323 3495/3372/4613 3402/3166/4325
f 3402/3166/4325 3495/3372/4613 3449/3371/4612
f 3402/3166/4325 3449/3371/4612 3362/3370/4611
f 3449/3371/4612 3476/3373/4614 3148/2629/3645
f 3559/3192/4358 3148/2629/3645 3476/3373/4614
f 3476/3373/4614 3449/3371/4612 3495/3372/4613
f 3476/3373/4614 3495/3372/4613 3559/3192/4358
f 3559/3192/4358 3493/2628/3644 3148/2629/3645
f 3493/2628/3644 3559/3192/4358 3595/3190/4356
f 3182/2626/3642 3493/2628/3644 3552/3374/4615
f 3182/2626/3642 3552/3374/4615 3635/2625/3641
f 3635/2625/3641 3662/2618/4616 3372/2617/3631
f 3975/2612/3621 4043/2615/3624 4036/2613/3622
f 4036/2613/3622 4043/2615/3624 3662/2618/4616
f 4036/2613/3622 3662/2618/4616 4045/3375/4617
f 3662/2618/4616 3635/2625/3641 4050/3376/4618
f 3635/2625/3641 3889/3377/4619 4050/3376/4618
f 3635/2625/3641 3734/3378/4620 3889/3377/4619
f 3734/3378/4620 3635/2625/3641 3552/3374/4615
f 3734/3378/4620 3782/3379/4621 3889/3377/4619
f 3889/3377/4619 3782/3379/4621 3873/2542/3546
f 3822/2543/3547 3873/2542/3546 3782/3379/4621
f 3873/2542/3546 3857/2544/3548 3903/2545/3549
f 3889/3377/4619 3873/2542/3546 3903/2545/3549
f 3889/3377/4619 3903/2545/3549 3925/2549/3553
f 4050/3376/4618 3889/3377/4619 3925/2549/3553
f 4050/3376/4618 3925/2549/3553 3942/2551/3555
f 3925/2549/3553 3961/2548/3552 3942/2551/3555
f 3942/2551/3555 3951/2552/3556 3986/3380/4622
f 3986/3380/4622 3951/2552/3556 3938/2553/3557
f 3938/2553/3557 4099/2605/3614 3986/3380/4622
f 3986/3380/4622 4099/2605/3614 4094/3381/4623
f 4099/2605/3614 4089/2603/3612 4094/3381/4623
f 4089/2603/3612 3917/2601/3610 3973/2608/3617
f 3973/2608/3617 4094/3381/4623 4089/2603/3612
f 3917/2601/3610 3948/2606/3615 3973/2608/3617
f 3942/2551/3555 3986/3380/4622 4050/3376/4618
f 4050/3376/4618 3986/3380/4622 4094/3381/4623
f 4050/3376/4618 4045/3375/4617 3662/2618/4616
f 4045/3375/4617 4050/3376/4618 4094/3381/4623
f 4094/3381/4623 3973/2608/3617 4045/3375/4617
f 4045/3375/4617 4072/2607/3616 4036/2613/3622
f 4045/3375/4617 3973/2608/3617 4072/2607/3616
f 4036/2613/3622 4072/2607/3616 4082/2609/3618
f 3600/2851/3860 3565/3203/4379 3606/2846/3855
f 3596/3382/4624 3606/2846/3855 3565/3203/4379
f 3606/2846/3855 3596/3382/4624 3630/2849/3858
f 3596/3382/4624 3565/3203/4379 3582/3201/4376
f 3582/3201/4376 3665/3200/4377 3596/3382/4624
f 3639/3383/4625 3665/3200/4377 3553/3198/4371
f 3553/3198/4371 3431/3197/4370 3223/3196/4369
f 3431/3197/4370 3391/3195/4368 3176/2874/3892
f 3431/3197/4370 3176/2874/3892 3223/3196/4369
f 3553/3198/4371 3223/3196/4369 3639/3383/4625
f 3639/3383/4625 3223/3196/4369 3577/3384/4626
f 3577/3384/4626 3636/3385/4627 3639/3383/4625
f 3639/3383/4625 3636/3385/4627 3690/3386/4628
f 3639/3383/4625 3690/3386/4628 3761/3387/4629
f 3742/3388/4630 3690/3386/4628 3636/3385/4627
f 3706/3389/4631 3690/3386/4628 3742/3388/4630
f 3639/3383/4625 3761/3387/4629 3665/3200/4377
f 3664/3390/4632 3761/3387/4629 3690/3386/4628
f 3664/3390/4632 3633/3391/4633 3688/3392/4634
f 3633/3391/4633 3698/3393/4635 3688/3392/4634
f 3633/3391/4633 3664/3390/4632 3706/3389/4631
f 3633/3391/4633 3643/3394/4636 3698/3393/4635
f 3706/3389/4631 3664/3390/4632 3690/3386/4628
f 3633/3391/4633 3706/3389/4631 3643/3394/4636
f 3688/3392/4634 3698/3393/4635 3716/3395/4637
f 3761/3387/4629 3664/3390/4632 3630/2849/3858
f 3596/3382/4624 3761/3387/4629 3630/2849/3858
f 3761/3387/4629 3596/3382/4624 3665/3200/4377
f 3693/3396/4638 3630/2849/3858 3664/3390/4632
f 3693/3396/4638 3664/3390/4632 3688/3392/4634
f 3693/3396/4638 3688/3392/4634 3770/2850/3859
f 3688/3392/4634 3716/3395/4637 3798/3397/4639
f 3688/3392/4634 3798/3397/4639 3770/2850/3859
f 3798/3397/4639 3716/3395/4637 3890/3398/4640
f 3716/3395/4637 3698/3393/4635 3643/3394/4636
f 3716/3395/4637 3643/3394/4636 3862/3399/4641
f 3716/3395/4637 3862/3399/4641 3890/3398/4640
f 3862/3399/4641 3643/3394/4636 3706/3389/4631
f 3862/3399/4641 3706/3389/4631 3742/3388/4630
f 3862/3399/4641 3742/3388/4630 3636/3385/4627
f 3919/3400/4642 3862/3399/4641 3636/3385/4627
f 3862/3399/4641 3919/3400/4642 3890/3398/4640
f 3632/3401/4643 3577/3384/4626 3185/3402/4644
f 3185/3402/4644 3577/3384/4626 3223/3196/4369
f 3216/3403/4645 3632/3401/4643 3165/2895/3924
f 3632/3401/4643 3185/3402/4644 3165/2895/3924
f 3165/2895/3924 3188/3404/4646 3216/3403/4645
s 0
f 3165/2895/4647 3140/3405/4648 3188/3404/4649
s 1
f 3188/3404/4646 3229/3406/4650 3216/3403/4645
s 0
f 3232/3407/4651 3624/3408/4652 3216/3403/4653
s 1
f 3216/3403/4645 3624/3408/4654 3632/3401/4643
s 0
f 3632/3401/4655 3624/3408/4656 4043/3409/4657
s 1
f 4086/3410/4658 4043/3409/3624 4098/3411/3623
f 4098/3411/3623 4078/3412/3620 4001/3413/3619
f 4086/3410/4658 4098/3411/3623 4071/3414/4659
f 4071/3414/4659 4098/3411/3623 4070/3415/4660
f 3794/3416/4661 4043/3409/3624 4086/3410/4658
f 3794/3416/4661 4086/3410/4658 4076/3417/4662
f 4076/3417/4662 4086/3410/4658 4071/3414/4659
f 3794/3416/4661 4076/3417/4662 4037/3418/4663
s 0
f 3794/3416/4664 3632/3401/4665 4043/3409/4666
f 3632/3401/4667 3794/3416/4668 3695/3419/4669
s 1
f 3632/3401/4643 3695/3419/4670 3577/3384/4626
f 3695/3419/4671 3794/3416/4661 4037/3418/4663
f 3919/3400/4642 3695/3419/4671 3928/3420/4672
f 3928/3420/4672 3695/3419/4671 4037/3418/4663
f 4037/3418/4663 3962/3421/4673 3928/3420/4672
f 3962/3421/4673 4037/3418/4663 4076/3417/4662
f 3962/3421/4673 4076/3417/4662 4075/3422/4674
f 3962/3421/4673 4075/3422/4674 4048/2819/3828
f 3928/3420/4672 3962/3421/4673 3947/3423/4675
f 3928/3420/4672 3947/3423/4675 3890/3398/4640
f 3919/3400/4642 3928/3420/4672 3890/3398/4640
f 3919/3400/4642 3636/3385/4627 3695/3419/4671
f 3890/3398/4640 3947/3423/4675 3911/2822/3831
f 3890/3398/4640 3911/2822/3831 3798/3397/4639
f 3947/3423/4675 3962/3421/4673 3960/3424/4676
f 3960/3424/4676 3962/3421/4673 4048/2819/3828
f 3960/3424/4676 3911/2822/3831 3947/3423/4675
f 3832/2835/3844 3798/3397/4639 3911/2822/3831
f 3798/3397/4639 3832/2835/3844 3770/2850/3859
f 3693/3396/4638 3770/2850/3859 3789/2838/3847
f 3693/3396/4638 3789/2838/3847 3731/2848/3857
f 3630/2849/3858 3693/3396/4638 3731/2848/3857
f 3917/2601/3610 3915/2600/3609 3968/2599/3608
f 4048/2819/3828 3911/2822/3831 3960/3424/4676
f 4087/2817/3826 4048/2819/3828 4075/3422/4674
f 4087/2817/3826 4076/3417/4662 4070/3415/4660
f 4000/2815/3824 4087/2817/3826 4070/3415/4660
f 4076/3417/4662 4087/2817/3826 4075/3422/4674
f 4076/3417/4662 4071/3414/4659 4070/3415/4660
f 4083/3425/4677 4070/3415/4660 4098/3411/3623
f 4083/3425/4677 4098/3411/3623 4001/3413/3619
f 4001/3413/3619 3989/2813/3601 4020/2812/3822
f 4001/3413/3619 4020/2812/3822 4083/3425/4677
f 4083/3425/4677 4020/2812/3822 4080/2814/3823
f 4070/3415/4660 4083/3425/4677 4080/2814/3823
f 4070/3415/4660 4080/2814/3823 4000/2815/3824
f 4068/2811/3821 4000/2815/3824 4080/2814/3823
s 0
f 547/2260/4678 645/2265/4679 624/2268/4680
s 1
f 547/2260/3189 624/2268/4681 371/2259/3188
s 0
f 624/2268/4682 298/2266/4683 371/2259/4684
s 1
f 325/2280/4685 298/2266/4686 624/2268/3203
f 325/2280/4685 624/2268/3203 606/2277/3212
f 298/2266/4686 325/2280/4685 269/2336/4687
f 269/2336/4687 325/2280/4685 221/2281/4688
s 0
f 269/2336/4689 221/2281/4690 67/2337/4691
s 1
f 1359/3135/4287 1328/3130/4282 1360/3142/4297
f 173/3217/4405 262/2976/4050 197/2960/4028
f 525/2973/4047 262/2976/4050 173/3217/4405
f 225/2974/4048 525/2973/4047 173/3217/4405
s 0
f 630/2651/4692 225/2974/4692 193/2650/4693
f 197/2960/4694 121/2977/4695 173/3217/4696
s 1
f 3715/2537/3541 3654/3426/4697 3651/2536/3540
f 3715/2537/3541 3822/2543/3547 3654/3426/4697
f 3782/3379/4621 3654/3426/4697 3822/2543/3547
f 3654/3426/4697 3782/3379/4621 3661/3427/4698
f 3654/3426/4697 3661/3427/4698 3651/2536/3540
f 3651/2536/3540 3661/3427/4698 3656/2535/3539
f 3656/2535/3539 3661/3427/4698 3691/2538/3542
f 3691/2538/3542 3661/3427/4698 3684/2534/3538
f 3661/3427/4698 3782/3379/4621 3734/3378/4620
f 3661/3427/4698 3734/3378/4620 3658/3428/4699
f 3595/3190/4356 3734/3378/4620 3552/3374/4615
f 3734/3378/4620 3619/3189/4355 3658/3428/4699
f 3595/3190/4356 3552/3374/4615 3493/2628/3644
f 3619/3189/4355 3734/3378/4620 3595/3190/4356
f 3559/3192/4358 3592/3188/4354 3595/3190/4356
f 3658/3428/4699 3619/3189/4355 3626/3187/4353
f 3661/3427/4698 3658/3428/4699 3684/2534/3538
f 3658/3428/4699 3626/3187/4353 3649/3186/4352
f 3658/3428/4699 3649/3186/4352 3684/2534/3538
f 885/3100/4253 874/3093/4249 862/3094/4250
f 3495/3372/4613 3496/3165/4324 3559/3192/4358
f 3559/3192/4358 3496/3165/4324 3537/3191/4357
f 1077/3429/4700 1135/3430/4259 1103/3431/4258
f 883/3432/4701 1103/3431/4258 990/3433/4256
f 1103/3431/4258 883/3432/4701 1077/3429/4700
f 990/3433/4256 924/3434/4254 883/3432/4701
f 788/3435/4702 924/3434/4254 826/3436/4252
s 0
f 826/3436/4703 684/3437/4704 651/3438/4705
s 1
f 651/3438/4706 788/3435/4702 826/3436/4252
f 788/3435/4702 883/3432/4701 924/3434/4254
f 1135/3430/4259 1077/3429/4700 1280/3439/4268
f 1077/3429/4700 1144/3440/4707 1280/3439/4268
s 0
f 1305/3441/4708 1280/3439/4709 1144/3440/4710
s 1
f 1410/3442/4305 1305/3441/4304 1299/3443/4711
f 1416/3444/4528 1410/3442/4305 1299/3443/4711
f 1299/3443/4711 1305/3441/4304 1144/3440/4707
f 1299/3443/4711 1144/3440/4707 1143/3445/4712
f 1077/3429/4700 880/3446/4713 1144/3440/4707
s 0
f 1077/3429/4714 883/3432/4715 820/3447/4716
f 1077/3429/4717 820/3447/4718 880/3446/4719
f 820/3447/4720 883/3432/4721 788/3435/4722
s 1
f 1674/3448/4513 1648/3449/4515 1617/3450/4723
f 1674/3448/4513 1617/3450/4723 1667/3258/4460
s 0
f 1617/3450/4724 1465/3451/4724 1366/3452/4725
s 1
f 1617/3450/4726 1366/3452/4727 1273/3453/4728
s 0
f 1617/3450/4729 1273/3453/4730 1532/3256/4731
s 1
f 1366/3452/4727 1020/3454/4732 1076/3455/4733
f 1020/3454/4732 1143/3445/4712 1008/3456/4734
f 1006/3457/4735 1008/3456/4734 1143/3445/4712
f 1143/3445/4712 1020/3454/4732 1366/3452/4727
s 0
f 1143/3445/4736 1366/3452/4737 1465/3451/4738
f 1143/3445/4739 1465/3451/4740 1299/3443/4741
s 1
f 1456/3458/4529 1465/3451/4742 1517/3459/4530
f 1456/3458/4529 1416/3444/4528 1465/3451/4742
f 1503/3460/4531 1517/3459/4530 1465/3451/4742
s 0
f 1299/3443/4743 1465/3451/4744 1416/3444/4745
s 1
f 1465/3451/4742 1638/3461/4516 1503/3460/4531
f 1465/3451/4746 1617/3450/4723 1648/3449/4515
s 0
f 1638/3461/4747 1465/3451/4748 1648/3449/4749
s 1
f 1667/3258/4460 1617/3450/4723 1532/3256/4458
f 1534/3255/4457 1532/3256/4458 1273/3453/4728
f 1273/3453/4728 1366/3452/4727 1079/3269/4471
f 1273/3453/4728 1079/3269/4471 1082/3267/4469
f 1079/3269/4471 1366/3452/4727 1076/3455/4733
f 1095/3270/4472 1079/3269/4471 1076/3455/4733
f 1095/3270/4472 1076/3455/4733 1009/3462/4750
f 1099/3268/4470 1095/3270/4472 936/3463/4751
f 936/3463/4751 1095/3270/4472 902/3464/4752
f 936/3463/4751 932/3465/4753 1099/3268/4470
f 932/3465/4753 707/3466/4754 929/3273/4475
f 932/3465/4753 929/3273/4475 1047/3271/4473
f 1099/3268/4470 932/3465/4753 1047/3271/4473
s 0
f 713/3467/4755 907/3275/4756 969/3272/4757
s 1
f 932/3465/4753 936/3463/4751 707/3466/4754
f 1095/3270/4472 1009/3462/4750 902/3464/4752
f 1075/3468/4758 1058/3469/4759 1076/3455/4733
f 1020/3454/4732 1075/3468/4758 1076/3455/4733
f 1058/3469/4759 1009/3462/4750 1076/3455/4733
f 1004/3470/4760 1020/3454/4732 1008/3456/4734
f 1008/3456/4734 1006/3457/4735 974/3471/4761
f 935/3472/4762 1006/3457/4735 909/3473/4763
f 880/3446/4713 1006/3457/4735 1143/3445/4712
f 1006/3457/4735 880/3446/4713 909/3473/4763
f 782/3474/4764 909/3473/4763 880/3446/4713
f 782/3474/4764 880/3446/4713 820/3447/4765
s 0
f 782/3474/4766 820/3447/4767 749/3475/4768
s 1
f 1020/3454/4732 1004/3470/4760 1054/3476/4769
f 748/3477/4770 793/3478/4771 782/3474/4764
f 748/3477/4770 782/3474/4764 749/3479/4772
f 909/3473/4763 782/3474/4764 793/3478/4771
f 909/3473/4763 793/3478/4771 859/3480/4773
f 935/3472/4762 909/3473/4763 859/3480/4773
f 1006/3457/4735 935/3472/4762 974/3471/4761
f 3324/3369/4610 3112/2631/3647 3201/3368/4609
s 0
f 3695/3419/4774 3636/3385/4775 3577/3384/4776
s 1
f 2397/2882/3907 2483/2342/3348 2156/2338/3341
f 2156/2338/3341 2483/2342/3348 2411/2339/3345
f 1534/3255/4457 1273/3453/4728 1152/3259/4461
f 1273/3453/4728 1082/3267/4469 1152/3259/4461
f 1152/3259/4461 1002/3264/4466 1174/3261/4463
f 1443/3244/4449 1152/3259/4461 1174/3261/4463
f 1143/3445/4712 1144/3440/4707 880/3446/4713
f 1080/3321/4544 1118/3260/4462 882/3262/4464
f 1080/3321/4544 882/3262/4464 1089/3323/4546
f 1089/3323/4546 882/3262/4464 857/3330/3223
f 1089/3323/4546 857/3330/3223 914/3327/4550
f 857/3330/3223 882/3262/4464 853/3481/3226
f 846/3482/4777 853/3481/3226 882/3262/4464
f 764/3278/4484 853/3481/3226 846/3482/4777
f 853/3481/3226 764/3278/4484 739/3280/3227
f 854/3483/4778 840/3276/4482 905/3484/4779
f 962/3485/4780 905/3484/4779 953/3486/4781
f 840/3276/4482 764/3278/4484 846/3482/4777
f 1029/3266/4468 953/3486/4782 1002/3264/4466
f 1067/3274/4783 1029/3266/4468 1043/3265/4467
s 0
f 1002/3264/4784 953/3486/4785 920/3263/4786
s 1
f 953/3486/4781 905/3484/4779 920/3263/4465
f 920/3263/4465 846/3482/4777 882/3262/4464
f 920/3263/4465 882/3262/4464 1174/3261/4463
f 3223/3196/4369 2851/2883/3908 3185/3402/4644
f 3165/2895/3924 3185/3402/4644 3074/2896/3925
f 3074/2896/3925 3185/3402/4644 3038/2894/3923
f 3185/3402/4644 2851/2883/3908 3038/2894/3923
s 0
f 3038/2894/4787 2851/2883/4788 2879/2889/4789
s 1
f 2879/2889/4790 2851/2883/3908 2787/2886/3914
f 2851/2883/3908 2397/2882/3907 2621/2884/3909
s 0
f 3114/2627/4791 3182/2626/4792 3184/3487/4793
s 1
f 3102/3488/4794 3114/2627/3643 3184/3487/4795
f 3037/2633/3651 3114/2627/3643 3102/3488/4794
f 3102/3488/4794 3184/3487/4795 3171/3489/4796
s 0
f 3219/3490/4797 3184/3487/4798 3204/3491/4799
s 1
f 3204/3491/4800 3184/3487/4801 3212/2624/3640
f 3372/2617/3631 3212/2624/3640 3182/2626/3642
f 3182/2626/3642 3212/2624/3640 3184/3487/4801
f 3212/2624/3640 3269/2623/3639 3204/3491/4800
f 3272/3492/4802 3204/3491/4800 3269/2623/3639
f 3260/3493/4803 3204/3491/4800 3272/3492/4802
f 3037/2633/3651 2958/3494/4804 2896/2634/3652
f 2859/2635/3653 2814/3495/3655 2661/2636/3654
f 2371/2640/3659 2297/3496/4805 2303/3497/4806
s 0
f 2264/3498/4807 2303/3497/4808 2292/3499/4809
f 2231/3500/4810 2264/3498/4811 2292/3499/4812
f 2292/3499/4813 2221/3501/4814 11/3502/4815
s 1
f 103/3503/4816 11/3502/4817 155/3504/4818
s 0
f 103/3503/4819 155/3504/4820 136/2659/4821
s 1
f 103/3503/4816 65/3505/4822 11/3502/4817
f 65/3505/4822 103/3503/4816 74/3506/4823
s 0
f 2292/3499/4824 11/3502/4825 2231/3500/4826
s 1
f 2215/3507/4827 2231/3500/4828 11/3502/4829
f 2215/3507/4827 11/3502/4829 2148/3508/4830
s 0
f 2148/3508/4831 11/3502/4832 65/3505/4833
s 1
f 2264/3498/4834 2231/3500/4828 2235/2641/3660
f 2235/2641/3660 2231/3500/4828 2215/3507/4827
f 2191/3509/4835 2235/2641/3660 2215/3507/4827
f 2191/3509/4835 2215/3507/4827 2148/3508/4830
f 2148/3508/4830 65/3505/4822 2129/2646/3670
f 2191/3509/4835 2148/3508/4830 2260/2642/3661
f 2260/2642/3661 2148/3508/4830 2129/2646/3670
f 2191/3509/4835 2260/2642/3661 2235/2641/3660
f 2264/3498/4834 2235/2641/3660 2303/3497/4806
f 2303/3497/4806 2235/2641/3660 2371/2640/3659
f 846/3482/4777 920/3263/4465 905/3484/4779
f 905/3484/4779 840/3276/4482 846/3482/4777
f 477/2284/3224 383/2285/3225 246/2289/3229
f 477/2284/3224 246/2289/3229 190/2282/3222
f 126/2290/3230 190/2282/3222 246/2289/3229
f 126/2290/3230 2202/2294/3237 2156/2338/3341
f 2202/2294/3237 2333/2297/3240 2156/2338/3341
f 2156/2338/3341 2333/2297/3240 2397/2882/3907
s 0
f 3273/3510/4836 3624/3408/4837 3232/3407/4838
s 1
f 3273/3510/4839 3232/3407/4840 3262/3511/4841
s 0
f 3273/3510/4842 3262/3511/4843 3283/3512/4844
s 1
f 3232/3407/4840 3216/3403/4645 3229/3406/4650
f 3262/3511/4841 3232/3407/4840 3229/3406/4650
f 3142/3513/4845 3283/3512/4846 3262/3511/4847
f 3078/3514/4848 3283/3512/4846 3142/3513/4845
f 3078/3514/4848 3142/3513/4845 2870/3515/4849
f 3142/3513/4845 3262/3511/4847 3186/3516/4850
f 2972/3517/4851 2870/3515/4849 3142/3513/4845
s 0
f 2870/3515/4852 2972/3517/4853 2884/3518/4854
s 1
f 2870/3515/4855 2884/3518/4856 2860/3519/4857
f 2860/3519/4857 2884/3518/4856 3149/3520/4858
f 3265/3521/4859 3145/3522/4860 3229/3406/4650
s 0
f 3186/3516/4861 3145/3522/4862 3149/3520/4863
f 2884/3518/4864 3186/3516/4865 3149/3520/4866
s 1
f 3186/3516/4850 2884/3518/4867 2972/3517/4851
f 3186/3516/4850 3262/3511/4847 3145/3522/4868
s 0
f 3229/3406/4869 3145/3522/4870 3262/3511/4871
s 1
f 3275/2622/3637 3078/2621/3638 3046/3523/4872
f 3046/3523/4872 3044/3524/4873 3275/2622/3637
s 0
f 3046/3523/4874 3078/2621/4875 2870/3525/4876
s 1
f 3044/3524/4873 3046/3523/4872 2887/3526/4877
f 2860/3527/4857 3044/3524/4873 2887/3526/4877
f 2887/3526/4877 3046/3523/4872 2870/3525/4855
f 2887/3526/4877 2870/3525/4855 2860/3527/4857
f 2933/3528/4878 2860/3527/4857 2925/3529/4879
s 0
f 2933/3528/4880 2925/3529/4881 3272/3492/4882
f 3272/3492/4883 3275/2622/4884 2933/3528/4885
s 1
f 3044/3524/4873 2933/3528/4878 3275/2622/3637
f 2933/3528/4878 3044/3524/4873 2860/3527/4857
f 791/3530/4886 936/3463/4751 902/3464/4752
f 936/3463/4751 791/3530/4886 707/3466/4754
s 0
f 707/3466/4887 791/3530/4888 704/3531/4889
f 902/3464/4890 789/3532/4891 791/3530/4892
f 1009/3462/4893 789/3532/4894 902/3464/4895
f 789/3532/4896 1009/3462/4897 1058/3469/4898
s 1
f 884/3533/4899 789/3532/4900 1058/3469/4901
s 0
f 789/3532/4902 884/3533/4903 791/3530/4904
s 1
f 711/3534/4905 713/3467/4906 791/3530/4907
s 0
f 713/3467/4908 969/3272/4909 929/3273/4910
s 1
f 713/3467/4911 929/3273/4475 704/3531/4912
f 704/3531/4912 929/3273/4475 707/3466/4754
s 0
f 713/3467/4913 704/3531/4914 791/3530/4915
s 1
f 23/2307/3254 2237/2303/3265 2223/2312/3266
f 23/2307/3254 2223/2312/3266 2208/2313/3267
f 3272/3492/4802 3269/2623/3639 3275/2622/3637
f 1054/3476/4769 1075/3468/4758 1020/3454/4732
f 74/3506/4823 98/3535/4916 2129/2646/3670
f 2129/2646/3670 98/3535/4916 79/2647/3671
f 2129/2646/3670 65/3505/4822 74/3506/4823
f 98/3535/4916 74/3506/4823 103/3503/4816
f 98/3535/4916 103/3503/4816 79/2647/3671
f 3186/3516/4850 2972/3517/4851 3142/3513/4845
f 3171/3489/4796 3184/3487/4795 3219/3490/4917
f 79/2647/3671 103/3503/4816 136/2659/3690
f 336/3536/4918 571/3537/3228 631/3538/4919
f 282/3539/4920 336/3536/4918 434/3540/4921
s 0
f 175/3541/4922 282/3539/4923 244/3542/4924
s 1
f 244/3542/4925 142/3543/4926 149/3544/4927
f 149/3544/4927 142/3543/4926 134/3545/4928
f 175/3541/4929 244/3542/4925 149/3544/4927
f 149/3544/4927 134/3545/4928 141/3546/4930
f 141/3546/4930 134/3545/4928 86/3547/4931
s 0
f 86/3547/4932 134/3545/4933 151/3548/4934
f 144/3549/4935 141/3546/4936 86/3547/4937
f 141/3546/4938 144/3549/4939 84/3550/4940
f 141/3546/4941 84/3550/4942 137/3551/4943
s 1
f 149/3544/4927 141/3546/4930 145/3552/4944
f 175/3541/4929 149/3544/4927 145/3552/4944
s 0
f 279/3553/4945 282/3539/4946 175/3541/4947
f 246/3554/4948 282/3539/4949 279/3553/4950
s 1
f 282/3539/4920 246/3554/3229 336/3536/4918
f 336/3536/4918 246/3554/3229 571/3537/3228
s 0
f 279/3553/4951 175/3541/4952 145/3552/4953
s 1
f 131/3555/4954 145/3552/4944 137/3551/4955
f 137/3551/4955 145/3552/4944 141/3546/4930
f 131/3555/4954 137/3551/4955 138/3556/4956
s 0
f 137/3551/4957 84/3550/4958 138/3556/4959
s 1
f 84/3550/4960 144/3549/4961 2112/3557/4962
f 131/3555/4954 138/3556/4956 143/3558/4963
s 0
f 145/3552/4964 131/3555/4965 143/3558/4966
s 1
f 143/3558/4967 146/3559/4968 145/3552/4969
s 0
f 145/3552/4970 146/3559/4971 104/3560/4972
s 1
f 498/3561/3688 474/3562/3687 280/3563/3689
f 280/3563/3689 254/3564/3673 219/3565/4973
f 596/3566/3685 748/3567/4770 749/3568/4772
f 136/3569/3690 139/3570/4974 254/3564/3673
s 0
f 139/3570/4975 136/3569/4976 155/3571/4977
s 1
f 254/3564/3673 139/3570/4974 219/3565/4973
f 87/3572/4978 155/3571/4818 11/3573/4817
f 2257/3574/4979 2221/3575/4980 2292/3576/4981
s 0
f 2257/3574/4982 2292/3576/4983 2297/3577/4984
s 1
f 2143/3578/4985 11/3573/4817 2221/3575/4980
f 2143/3578/4985 87/3572/4978 11/3573/4817
f 2143/3578/4985 2221/3575/4980 2257/3574/4979
s 0
f 2332/3579/4986 2267/3580/4987 2257/3574/4988
s 1
f 2332/3579/4989 2297/3577/4805 2371/3581/3659
f 2267/3580/4990 2332/3579/4989 2301/3582/4991
f 2332/3579/4989 2407/3583/4992 2301/3582/4991
f 2332/3579/4989 2371/3581/3659 2407/3583/4992
s 0
f 2267/3580/4993 2255/3584/4994 2284/3585/4995
s 1
f 2267/3580/4996 2284/3585/4997 2257/3574/4979
f 2257/3574/4979 2284/3585/4997 2143/3578/4985
s 0
f 87/3572/4998 2143/3578/4999 22/3586/4999
s 1
f 2284/3585/4997 2265/3587/5000 2143/3578/4985
s 0
f 2284/3585/5001 2255/3584/5002 2265/3587/5003
f 2268/3588/5004 2265/3587/5005 2255/3584/5006
s 1
f 2267/3580/4990 2301/3582/4991 2255/3584/5007
s 0
f 2437/3589/5008 2407/3583/5009 2371/3581/5010
s 1
f 2661/3590/3654 2814/3591/3655 2730/3592/5011
s 0
f 2730/3592/5012 2511/3593/5013 2437/3589/5014
f 2661/3590/5015 2730/3592/5016 2437/3589/5017
s 1
f 2437/3589/5018 2371/3581/3659 2510/3594/3663
s 0
f 2303/3595/5019 2297/3577/5020 2292/3576/5021
s 1
f 2297/3577/4805 2332/3579/4989 2257/3574/5022
s 0
f 23/3596/5023 143/3558/5024 2112/3557/5025
f 143/3558/5026 138/3556/5027 2112/3557/5028
f 2112/3557/5029 138/3556/5030 84/3550/5031
s 1
f 2112/3557/5032 2272/3597/5033 2216/3598/5034
s 0
f 2112/3557/5035 2216/3598/5036 23/3596/5037
f 23/3596/5038 2216/3598/5039 2237/3599/5040
f 2237/3599/5041 2216/3598/5042 2291/3600/5043
f 2272/3597/5044 2112/3557/5045 2266/3601/5046
f 2112/3557/5047 2178/3602/5048 2289/3603/5049
s 1
f 2289/3603/5050 2266/3601/5051 2112/3557/5052
s 0
f 2262/3604/5053 2291/3600/5054 2216/3598/5055
f 2262/3604/5056 2216/3598/5057 2272/3597/5058
s 1
f 2262/3604/5059 2330/3605/5060 2283/3606/3243
f 2283/3606/3243 2330/3605/5060 2404/3607/3241
f 2291/3600/3245 2262/3604/5059 2283/3606/3243
f 2454/3608/3913 2493/3609/3915 2621/3610/3909
f 2916/3611/3922 2847/3612/3921 2914/3613/5061
s 0
f 2914/3613/5062 2847/3612/5063 2782/3614/5064
s 1
f 2782/3614/5065 2847/3612/5066 2711/3615/3916
f 2782/3614/5065 2711/3615/3916 2493/3609/3915
s 0
f 2252/3616/5067 2259/3617/5068 2266/3601/5069
f 2272/3597/5070 2266/3601/5071 2259/3617/5072
s 1
f 2262/3604/5059 2259/3617/5073 2330/3605/5060
f 2262/3604/5059 2272/3597/5074 2259/3617/5073
f 2958/3618/4804 3037/3619/3651 3006/3620/5075
f 3102/3621/4794 3171/3622/4796 3098/3623/5076
f 3171/3622/4796 3153/3624/5077 3098/3623/5076
f 3153/3624/5077 3171/3622/4796 3167/3625/5078
f 3102/3621/4794 3098/3623/5076 3006/3620/5075
f 2895/3626/5079 2896/3627/3652 2958/3618/4804
f 2896/3627/3652 2895/3626/5079 2814/3591/3655
s 0
f 3219/3628/5080 3167/3625/5081 3171/3622/5082
s 1
f 3219/3628/5083 3204/3629/4800 3260/3630/4803
f 3272/3631/4802 3080/3632/5084 3278/3633/5085
f 3272/3631/4802 3278/3633/5085 3260/3630/4803
f 3243/3634/5086 3260/3630/4803 3278/3633/5085
s 0
f 3131/3635/5087 3167/3625/5088 3203/3636/5089
s 1
f 3274/3637/5090 3243/3634/5086 3278/3633/5085
s 0
f 3146/3638/5091 3278/3633/5092 2926/3639/5093
f 3080/3632/5094 2926/3639/5095 3278/3633/5096
s 1
f 2926/3639/5097 3080/3632/5084 3017/3640/5098
f 2866/3641/5099 3017/3640/5098 3080/3632/5084
f 2925/3642/5100 2866/3641/5099 3272/3631/4802
f 3080/3632/5084 3272/3631/4802 2866/3641/5099
f 3014/3643/3927 2916/3611/3922 2973/3644/5101
f 2916/3611/3922 2932/3645/5102 2973/3644/5101
f 2932/3645/5102 2916/3611/3922 2914/3613/5061
f 3081/3646/3926 3050/3647/5103 3124/3648/5104
f 3124/3648/5104 3215/3649/5105 3140/3650/5106
f 3050/3647/5103 3014/3643/3927 2973/3644/5101
s 0
f 2534/3651/5107 2493/3609/5108 2423/3652/5109
f 2423/3652/5110 2493/3609/5111 2454/3608/5112
s 1
f 2454/3608/5113 2404/3607/3241 2365/3653/5114
f 2404/3607/3241 2330/3605/5060 2365/3653/5114
f 2247/3654/5115 2330/3605/5060 2259/3617/5073
f 2285/3655/5116 2247/3654/5115 2252/3616/5117
f 2247/3654/5115 2285/3655/5116 2232/3656/5118
s 0
f 2252/3616/5119 2247/3654/5120 2259/3617/5121
f 2178/3602/5122 2112/3557/5123 151/3548/5124
s 1
f 2289/3603/5050 2178/3602/5125 2252/3616/5117
f 2289/3603/5050 2252/3616/5117 2266/3601/5051
f 2285/3655/5116 2252/3616/5117 2178/3602/5125
f 2178/3602/5125 2222/3657/5126 2285/3655/5116
f 2285/3655/5116 2222/3657/5126 2241/3658/5127
s 0
f 2218/3659/5128 2222/3657/5129 151/3548/5130
s 1
f 2218/3659/5131 2147/3660/5132 2244/3661/5133
f 2218/3659/5131 2244/3661/5133 2251/3662/5134
f 2251/3662/5134 2244/3661/5133 2241/3658/5127
s 0
f 2281/3663/5135 2232/3656/5136 2241/3658/5137
f 151/3548/5138 2147/3660/5139 2218/3659/5140
s 1
f 2222/3657/5126 2218/3659/5131 2251/3662/5134
f 2251/3662/5134 2241/3658/5127 2222/3657/5126
s 0
f 151/3548/5141 2222/3657/5142 2178/3602/5143
s 1
f 86/3547/5144 151/3548/5145 144/3549/4961
f 151/3548/5145 2112/3557/4962 144/3549/4961
s 0
f 2866/3641/5146 2860/3664/5147 3149/3665/5148
f 2860/3664/5149 2866/3641/5150 2925/3642/5151
f 2866/3641/5152 3149/3665/5153 2868/3666/5154
s 1
f 2868/3666/5155 3149/3667/5156 2878/3668/5157
s 0
f 3149/3667/5158 3145/3669/5159 3265/3670/5160
f 2878/3668/5161 3149/3667/5162 3285/3671/5163
s 1
f 3285/3671/5164 3149/3667/5165 3265/3670/4859
s 0
f 3285/3671/5166 3286/3672/5167 2878/3668/5168
s 1
f 2878/3668/5157 3084/3673/5169 2868/3666/5155
s 0
f 3084/3673/5170 2878/3668/5171 3286/3672/5172
s 1
f 3229/3674/4650 3286/3672/5173 3285/3671/5164
f 3229/3674/4650 3188/3675/4646 3233/3676/5174
f 3188/3675/4646 3215/3649/5175 3233/3676/5174
f 3286/3672/5173 3233/3676/5174 3284/3677/5176
f 3165/3678/3924 3081/3646/3926 3140/3650/5106
f 3081/3646/3926 3124/3648/5104 3140/3650/5106
f 3050/3647/5103 3081/3646/3926 3014/3643/3927
s 0
f 3140/3650/5177 3215/3649/5178 3188/3675/5179
s 1
f 3285/3671/5164 3265/3670/4859 3229/3674/4650
s 0
f 155/3571/5180 87/3572/5181 139/3570/5182
f 87/3572/5183 22/3586/5184 91/3679/5185
s 1
f 2225/3680/5186 2265/3587/5000 2280/3681/5187
s 0
f 2265/3587/5188 2268/3588/5189 2280/3681/5190
s 1
f 2265/3587/5000 2225/3680/5186 2143/3578/4985
f 2225/3680/5186 22/3586/5191 2143/3578/4985
s 0
f 91/3679/5192 153/3682/5193 87/3572/5194
s 1
f 213/3683/5195 304/3684/5196 171/3685/5197
f 152/3686/5198 171/3685/5197 150/3687/5199
s 0
f 150/3687/5200 153/3682/5201 152/3686/5202
s 1
f 2271/3688/5203 22/3586/5191 2225/3680/5186
s 0
f 2271/3688/5204 2225/3680/5205 2278/3689/5206
s 1
f 2278/3689/5207 2225/3680/5186 2280/3681/5187
f 2278/3689/5207 2280/3681/5187 2271/3688/5208
s 0
f 2271/3688/5209 2280/3681/5210 2274/3690/5211
f 2268/3588/5212 2275/3691/5213 2280/3681/5214
f 2271/3688/5215 2274/3690/5216 2288/3692/5217
f 2288/3692/5218 2274/3690/5219 2298/3693/5220
f 2258/3694/5221 2288/3692/5222 2298/3693/5223
f 2274/3690/5224 2280/3681/5225 2275/3691/5226
s 1
f 2298/3693/5227 2274/3690/5228 2296/3695/5229
s 0
f 2407/3583/5230 2298/3693/5231 2296/3695/5232
s 1
f 2437/3589/5233 2511/3593/5234 2407/3583/5235
f 2936/3696/5236 2958/3618/4804 3019/3697/5237
f 2958/3618/4804 2936/3696/5236 2895/3626/5079
f 3019/3697/5237 2958/3618/4804 3006/3620/5075
f 3019/3697/5237 3006/3620/5075 3098/3623/5076
f 3019/3697/5237 3098/3623/5076 3069/3698/5238
f 3243/3634/5086 3203/3636/5239 3167/3625/5240
f 3243/3634/5086 3167/3625/5240 3260/3630/4803
s 0
f 3146/3638/5241 2871/3699/5242 2869/3700/5243
f 3146/3638/5244 2926/3639/5245 2871/3699/5246
f 2871/3699/5247 2926/3639/5248 2866/3641/5249
f 2926/3639/5250 3017/3640/5251 2866/3641/5252
f 2866/3641/5253 2868/3666/5254 2871/3699/5255
s 1
f 739/3701/3227 631/3702/4919 571/3703/3228
f 3102/3621/4794 3006/3620/5075 3037/3619/3651
s 0
f 953/3704/5256 1029/3705/5257 1033/3706/5258
s 1
f 1033/3706/5259 1029/3707/4468 1067/3708/4783
f 1067/3708/4479 907/3709/4481 1100/3710/5260
s 0
f 711/3711/5261 791/3712/5262 884/3713/5263
f 1075/3714/5264 884/3713/5265 1058/3715/5266
f 1075/3714/5267 973/3716/5268 884/3713/5269
f 985/3717/5270 1004/3718/5271 1008/3719/5272
s 1
f 974/3720/4761 985/3717/5273 1008/3719/4734
f 1004/3718/4760 985/3717/5274 1031/3721/5275
f 1031/3721/5275 1054/3722/4769 1004/3718/4760
f 974/3720/4761 935/3723/4762 887/3724/5276
f 811/3725/5277 887/3724/5276 859/3726/4773
f 1075/3714/4758 941/3727/5278 973/3716/5279
s 0
f 973/3716/5280 941/3727/5281 702/3728/5282
s 1
f 854/3729/4778 905/3730/4779 893/3731/5283
f 854/3729/4778 823/3732/4483 840/3733/4482
f 983/3734/5284 953/3704/5285 1033/3706/5259
s 0
f 953/3735/5286 983/3734/5287 962/3736/5288
s 1
f 893/3731/5283 905/3730/4779 962/3736/4780
f 925/3737/5289 962/3736/5290 983/3734/5284
f 903/3738/5291 962/3736/5290 925/3737/5289
s 0
f 962/3736/5292 903/3738/5293 893/3731/5294
s 1
f 903/3738/5291 854/3729/4778 893/3731/5283
f 984/3739/5295 1030/3740/5296 1014/3741/5297
s 0
f 819/3742/5298 838/3743/5299 735/3744/5300
s 1
f 863/3745/5301 925/3737/5289 946/3746/5302
f 863/3745/5301 903/3738/5291 925/3737/5289
f 1039/3747/5303 1071/3748/5304 1078/3749/5305
s 0
f 1078/3749/5306 1087/3750/5307 1083/3751/5308
s 1
f 1069/3752/5309 1083/3751/5310 1061/3753/5311
f 1088/3754/5312 1083/3751/5310 1087/3750/5313
f 959/3755/5314 1022/3756/5315 1005/3757/5316
f 816/3758/5317 896/3759/5318 843/3760/5319
f 958/3761/5320 959/3762/5314 1005/3757/5316
f 896/3759/5318 959/3762/5314 908/3763/5321
f 748/3764/4770 596/3765/3685 611/3766/5322
f 611/3766/5322 722/3767/5323 748/3764/4770
s 0
f 887/3724/5324 843/3760/5325 908/3763/5326
s 1
f 139/3570/4974 150/3687/5199 171/3685/5197
f 139/3570/4974 171/3685/5197 219/3565/4973
s 0
f 150/3687/5327 139/3570/5328 87/3572/5329
f 711/3711/5330 884/3713/5331 702/3728/5332
f 713/3768/5333 711/3711/5334 708/3769/5335
f 907/3709/5336 713/3768/5337 727/3770/5338
s 1
f 713/3768/5339 708/3769/5340 727/3770/5341
s 0
f 701/3771/5342 708/3769/5343 711/3711/5344
f 711/3711/5345 702/3728/5346 701/3771/5347
f 973/3716/5348 702/3728/5349 884/3713/5350
s 1
f 1067/3708/4783 1030/3740/5296 1033/3706/5259
f 1096/3772/5351 1098/3773/5352 1067/3708/4783
f 983/3734/5284 1033/3706/5259 1030/3740/5296
f 984/3739/5295 983/3734/5284 1030/3740/5296
f 925/3737/5289 983/3734/5284 984/3739/5295
f 1098/3773/5352 1030/3740/5296 1067/3708/4783
f 1096/3772/5351 1094/3774/5353 1098/3773/5352
s 0
f 856/3775/5354 1094/3774/5355 727/3770/5355
s 1
f 1081/3776/5356 1094/3774/5353 1096/3772/5351
s 0
f 1094/3774/5357 1081/3776/5358 727/3770/5359
f 727/3770/5360 1081/3776/5361 1044/3777/5362
s 1
f 1044/3777/5363 1081/3776/5356 1096/3772/5351
f 1100/3710/5260 1044/3777/5363 1096/3772/5351
f 907/3709/4481 1044/3777/5363 1100/3710/5260
s 0
f 1067/3708/5364 1100/3710/5365 1096/3772/5366
s 1
f 596/3778/3685 498/3561/3688 611/3779/5322
f 498/3561/3688 496/3780/5367 611/3781/5322
s 0
f 496/3780/5368 498/3561/5369 304/3684/5370
s 1
f 304/3684/5371 280/3563/3689 219/3565/4973
f 304/3684/5371 498/3561/3688 280/3563/3689
f 150/3687/5372 87/3572/5373 153/3682/5374
s 0
f 219/3565/5375 171/3685/5376 304/3684/5377
s 1
f 152/3686/5198 213/3683/5195 171/3685/5197
f 152/3686/5378 153/3682/5379 148/3782/5380
s 0
f 148/3782/5381 153/3682/5382 91/3679/5383
s 1
f 91/3679/5384 22/3586/5191 2271/3688/5203
f 2255/3584/5007 2301/3582/4991 2299/3783/5385
f 2299/3783/5385 2301/3582/4991 2407/3583/4992
f 2255/3584/5007 2299/3783/5385 2268/3588/5386
f 2268/3588/5386 2299/3783/5385 2275/3691/5387
f 2296/3695/5229 2275/3691/5387 2299/3783/5385
f 2407/3583/4992 2296/3695/5229 2299/3783/5385
f 2275/3691/5387 2296/3695/5229 2274/3690/5228
f 3167/3625/5240 3219/3628/5083 3260/3630/4803
s 0
f 3153/3624/5388 3167/3625/5389 3131/3635/5390
s 1
f 3153/3624/5077 3131/3635/5391 3098/3623/5076
f 2730/3592/5011 2814/3591/3655 2617/3784/5392
s 0
f 1044/3777/5393 907/3709/5394 727/3770/5393
s 1
f 709/3785/5395 727/3770/5341 708/3769/5340
s 0
f 708/3769/5396 701/3771/5397 709/3785/5398
f 705/3786/5399 709/3785/5400 701/3771/5401
f 705/3786/5402 701/3771/5403 945/3787/5404
f 701/3771/5405 702/3728/5406 941/3727/5407
s 1
f 945/3787/5408 701/3771/5409 941/3727/5410
s 0
f 941/3727/5411 1073/3788/5412 945/3787/5413
s 1
f 941/3727/5278 1075/3714/4758 1073/3788/5414
f 1031/3721/5275 1051/3789/5415 1065/3790/5416
f 1065/3790/5416 1051/3789/5415 1073/3788/5414
s 0
f 1086/3791/5417 1073/3788/5418 1051/3789/5419
s 1
f 1034/3792/5420 1086/3791/5421 1061/3753/5311
f 1034/3792/5420 1061/3753/5311 1088/3754/5312
f 971/3793/5422 1034/3792/5420 1088/3754/5312
f 971/3793/5422 1088/3754/5312 1074/3794/5423
s 0
f 1086/3791/5424 971/3793/5425 730/3795/5426
f 1086/3791/5427 1034/3792/5427 971/3793/5428
s 1
f 785/3796/5429 1073/3788/5430 1086/3791/5431
s 0
f 785/3796/5432 1086/3791/5433 730/3795/5434
f 945/3787/5435 1073/3788/5436 785/3796/5437
f 730/3795/5438 714/3797/5439 785/3796/5440
s 1
f 709/3785/5395 714/3797/5441 710/3798/5442
f 856/3775/5443 709/3785/5395 710/3798/5442
f 1098/3773/5352 1094/3774/5353 1062/3799/5444
f 1098/3773/5352 1045/3800/5445 1030/3740/5296
f 1062/3799/5444 1045/3800/5445 1098/3773/5352
s 0
f 1062/3799/5446 1094/3774/5447 856/3775/5448
f 1062/3799/5449 856/3775/5450 1007/3801/5451
s 1
f 1045/3800/5445 1062/3799/5444 1007/3801/5452
s 0
f 793/3802/5453 748/3764/5454 722/3767/5455
s 1
f 935/3723/4762 859/3726/4773 887/3724/5276
f 811/3725/5277 859/3726/4773 793/3802/4771
f 793/3802/4771 722/3767/5323 811/3725/5277
f 811/3725/5277 843/3760/5319 887/3724/5276
s 0
f 985/3717/5456 974/3720/5457 958/3761/5458
f 958/3761/5459 974/3720/5460 887/3724/5461
s 1
f 958/3761/5320 887/3724/5462 959/3762/5314
f 1031/3721/5275 1065/3790/5416 1054/3722/4769
f 1065/3790/5416 1073/3788/5414 1075/3714/4758
f 1065/3790/5416 1075/3714/4758 1054/3722/4769
f 631/3702/4919 739/3701/3227 648/3803/4485
f 823/3732/4483 854/3729/4778 903/3738/5291
s 0
f 336/3804/5463 631/3702/5464 434/3805/5465
f 434/3805/5466 631/3702/5467 658/3806/5468
s 1
f 658/3806/5469 631/3702/4919 648/3803/4485
f 648/3803/4485 735/3744/5470 658/3806/5469
s 0
f 735/3744/5471 648/3803/5472 823/3732/5473
s 1
f 903/3738/5291 819/3742/5474 823/3732/4483
f 3233/3676/5174 3286/3672/5173 3229/3674/4650
f 2869/3700/5475 2871/3699/5476 2881/3807/5477
f 2881/3807/5477 2871/3699/5476 2868/3666/5155
f 3052/3808/5478 2881/3807/5477 2868/3666/5155
s 0
f 3284/3677/5479 3052/3808/5480 3084/3673/5481
s 1
f 3052/3808/5478 2868/3666/5155 3084/3673/5169
s 0
f 3284/3677/5482 3084/3673/5483 3286/3672/5484
s 1
f 3276/3809/5485 3284/3677/5176 3233/3676/5174
f 3242/3810/5486 3233/3676/5174 3215/3649/5175
f 2949/3811/5487 2973/3644/5101 2932/3645/5102
f 2365/3653/5114 2330/3605/5060 2281/3812/5488
f 2281/3812/5488 2330/3605/5060 2232/3656/5118
f 2330/3605/5060 2247/3654/5115 2232/3656/5118
f 2511/3593/5489 2730/3592/5011 2617/3784/5392
f 2814/3591/3655 2895/3626/5079 2775/3813/5490
s 0
f 2814/3591/5491 2775/3813/5492 2617/3784/5493
f 705/3786/5494 945/3787/5495 714/3797/5496
f 714/3797/5497 945/3787/5498 785/3796/5498
s 1
f 709/3785/5395 856/3775/5443 727/3770/5341
s 0
f 705/3786/5499 714/3797/5500 709/3785/5501
s 1
f 2895/3626/5079 2936/3696/5236 2775/3813/5490
s 0
f 2285/3655/5502 2241/3658/5503 2232/3656/5504
s 1
f 811/3725/5277 722/3767/5323 843/3760/5319
f 2113/3814/5505 2271/3688/5203 2288/3692/5506
f 823/3732/4483 819/3742/5474 735/3744/5507
s 0
f 434/3805/5508 337/3815/5509 282/3816/5510
s 1
f 2936/3817/5236 3019/3818/5237 3087/3819/5511
f 3169/3820/5512 3203/3821/5239 3237/3822/5513
f 3237/3822/5513 3203/3821/5239 3248/3823/5514
f 3250/3824/5515 3237/3822/5513 3248/3823/5514
f 3248/3823/5514 3256/3825/5516 3250/3824/5515
f 3256/3825/5516 3266/3826/5517 3250/3824/5515
f 3134/3827/5518 3131/3828/5391 3169/3820/5512
f 3131/3828/5391 3134/3827/5518 3098/3829/5076
f 3098/3829/5076 3134/3827/5518 3069/3830/5238
f 3248/3823/5514 3203/3821/5239 3243/3831/5086
f 3248/3823/5514 3243/3831/5086 3274/3832/5090
f 3248/3823/5514 3274/3832/5090 3267/3833/5519
f 3279/3834/5520 3271/3835/5521 3256/3825/5516
f 3256/3825/5516 3248/3823/5514 3267/3833/5519
f 3256/3825/5516 3267/3833/5519 3270/3836/5522
f 3256/3825/5516 3270/3836/5522 3279/3834/5520
f 3239/3837/5523 3279/3834/5520 3270/3836/5522
f 3143/3838/5524 3279/3834/5520 3239/3837/5523
f 3279/3834/5520 3143/3838/5524 3189/3839/5525
f 2981/3840/5526 3189/3839/5525 3143/3838/5524
f 2881/3841/5527 2981/3840/5526 3143/3838/5524
s 0
f 2881/3841/5528 3191/3842/5529 2981/3840/5530
f 2881/3841/5531 3052/3843/5532 3191/3842/5533
s 1
f 2981/3840/5526 3191/3842/5534 3255/3844/5535
f 2981/3840/5526 3255/3844/5535 3189/3839/5525
f 3276/3845/5485 3255/3844/5535 3191/3842/5534
f 3255/3844/5535 3276/3845/5485 3242/3846/5486
s 0
f 3276/3845/5536 3191/3842/5537 3284/3847/5538
f 3191/3842/5539 3052/3843/5540 3284/3847/5541
f 3274/3832/5542 3146/3848/5543 2867/3849/5544
f 2867/3849/5545 3267/3833/5546 3274/3832/5547
f 2872/3850/5548 3146/3848/5549 2869/3851/5550
s 1
f 2867/3849/5551 3146/3848/5552 2872/3850/5553
s 0
f 2872/3850/5554 2869/3851/5555 2881/3841/5556
s 1
f 3051/3852/5557 2867/3849/5551 2872/3850/5553
f 2872/3850/5553 3239/3837/5523 3270/3836/5522
f 2872/3850/5553 3270/3836/5522 3051/3852/5557
f 3143/3838/5524 3239/3837/5523 2880/3853/5558
s 0
f 2880/3853/5559 3239/3837/5560 2872/3850/5561
s 1
f 3143/3838/5524 2880/3853/5558 2881/3841/5527
f 2880/3853/5558 2872/3850/5562 2881/3841/5527
s 0
f 3278/3854/5563 3146/3848/5564 3274/3832/5565
f 3267/3833/5566 2867/3849/5567 3051/3852/5568
s 1
f 3051/3852/5557 3270/3836/5522 3267/3833/5519
f 3203/3821/5239 3169/3820/5512 3131/3828/5391
f 152/3855/5198 167/3856/5569 213/3857/5195
f 304/3858/5196 213/3857/5195 278/3859/5570
f 130/3860/5571 80/3861/5572 17/3862/5573
s 0
f 135/3863/5574 130/3860/5575 167/3856/5576
s 1
f 152/3855/5198 135/3863/5577 167/3856/5569
s 0
f 148/3864/5578 135/3863/5579 152/3855/5580
f 91/3865/5581 113/3866/5582 148/3864/5582
f 80/3861/5583 113/3866/5584 91/3865/5585
s 1
f 2113/3867/5505 91/3865/5384 2271/3868/5203
s 0
f 2113/3867/5586 2288/3869/5587 2293/3870/5588
s 1
f 2113/3867/5505 2293/3870/5589 2227/3871/5590
f 2227/3871/5590 2293/3870/5589 2243/3872/5591
f 2246/3873/5592 2243/3872/5591 2293/3870/5589
f 2243/3872/5591 2220/3874/5593 2227/3871/5590
s 0
f 2246/3873/5594 2293/3870/5595 2258/3875/5596
f 2288/3876/5597 2258/3875/5598 2293/3870/5598
s 1
f 2325/3877/5599 2258/3875/5600 2298/3878/5601
f 2298/3878/5601 2407/3879/5602 2325/3877/5599
f 2403/3880/5603 2325/3877/5599 2407/3879/5602
s 0
f 2403/3880/5604 2407/3879/5605 2511/3881/5606
s 1
f 2325/3877/5599 2246/3873/5592 2258/3875/5600
f 2325/3877/5599 2403/3880/5603 2318/3882/5607
f 2325/3877/5599 2318/3882/5607 2246/3873/5592
f 2220/3874/5593 2246/3873/5592 2318/3882/5607
f 2220/3874/5593 2318/3882/5607 2205/3883/5608
f 2243/3872/5591 2246/3873/5592 2220/3874/5593
f 2220/3874/5593 2205/3883/5608 2227/3871/5590
f 2227/3871/5590 2205/3883/5608 2113/3867/5505
f 2113/3867/5505 2127/3884/5609 17/3862/5573
f 2127/3884/5609 2113/3867/5505 2205/3883/5608
s 0
f 167/3856/5610 130/3860/5611 176/3885/5612
s 1
f 278/3859/5570 213/3857/5195 167/3856/5569
s 0
f 278/3859/5613 167/3856/5614 309/3886/5615
f 309/3886/5616 167/3856/5617 186/3887/5618
s 1
f 186/3887/5619 167/3856/5620 176/3885/5621
f 209/3888/5622 186/3887/5619 111/3889/5623
f 2172/3890/5624 102/3891/5625 2300/3892/5626
f 2300/3892/5626 102/3891/5625 111/3889/5623
f 2196/3893/5627 111/3889/5623 62/3894/5628
f 62/3894/5628 111/3889/5623 186/3887/5619
f 176/3885/5621 62/3894/5628 186/3887/5619
f 17/3862/5573 176/3885/5621 130/3860/5571
s 0
f 17/3862/5629 2127/3884/5630 2200/3895/5631
f 2127/3884/5632 2205/3883/5633 2200/3895/5634
s 1
f 2205/3883/5608 2318/3882/5607 2200/3895/5635
f 176/3885/5621 17/3862/5573 62/3894/5628
f 62/3894/5628 17/3862/5573 2200/3895/5636
f 2193/3896/5637 2318/3882/5607 2427/3897/5638
f 2318/3882/5607 2193/3896/5637 2200/3895/5635
s 0
f 2403/3880/5639 2427/3897/5640 2318/3882/5641
s 1
f 2403/3880/5642 2511/3881/5489 2498/3898/5643
f 2403/3880/5642 2498/3898/5643 2427/3897/5638
f 2427/3897/5638 2498/3898/5643 2422/3899/5644
f 2427/3897/5638 2422/3899/5644 2364/3900/5645
f 2427/3897/5638 2364/3900/5645 2193/3896/5637
f 2193/3896/5637 2364/3900/5645 2196/3901/5627
f 2196/3901/5627 62/3894/5628 2193/3896/5637
s 0
f 2193/3896/5646 62/3894/5647 2200/3895/5648
f 2775/3902/5649 2936/3903/5650 2813/3904/5651
f 2936/3903/5652 3087/3905/5653 2813/3904/5654
s 1
f 2645/3906/5655 2498/3898/5643 2617/3907/5392
f 2498/3898/5643 2511/3881/5489 2617/3907/5392
f 2645/3906/5655 2617/3907/5392 2786/3908/5656
f 2775/3902/5657 2786/3908/5656 2617/3907/5392
f 2786/3908/5656 2775/3902/5657 2813/3904/5658
f 3050/3909/5103 3027/3910/5659 3090/3911/5660
s 0
f 3215/3912/5661 3124/3913/5662 3179/3914/5663
s 1
f 3124/3913/5104 3090/3911/5660 3179/3914/5664
f 3215/3912/5175 3196/3915/5665 3242/3846/5486
f 3090/3911/5660 3027/3910/5659 3094/3916/5666
f 3242/3846/5486 3196/3915/5665 3224/3917/5667
f 3189/3839/5525 3224/3917/5667 3261/3918/5668
f 3261/3918/5668 3271/3835/5521 3279/3834/5520
f 3261/3918/5668 3279/3834/5520 3189/3839/5525
f 3266/3826/5517 3256/3825/5516 3271/3835/5521
f 3189/3839/5525 3242/3846/5486 3224/3917/5667
f 3242/3846/5486 3189/3839/5525 3255/3844/5535
f 3233/3919/5174 3242/3846/5486 3276/3845/5485
f 3090/3911/5660 3124/3913/5104 3050/3920/5103
f 3050/3909/5103 2973/3921/5101 3027/3910/5659
f 2973/3921/5101 2949/3922/5487 3027/3910/5659
s 0
f 54/3923/5669 2147/3924/5670 151/3925/5671
f 2147/3924/5672 2238/3926/5673 2244/3927/5674
f 2244/3927/5675 2238/3926/5676 2241/3928/5677
f 2238/3926/5678 2281/3929/5679 2241/3928/5679
s 1
f 2281/3929/5488 2287/3930/5680 2365/3931/5114
s 0
f 2238/3926/5681 2287/3930/5682 2281/3929/5683
s 1
f 2287/3930/5680 2238/3926/5684 2286/3932/5685
f 2236/3933/5686 2286/3932/5685 2230/3934/5687
f 2236/3933/5686 2230/3934/5687 16/3935/5688
f 2236/3933/5686 16/3935/5688 2166/3936/5689
s 0
f 16/3935/5690 18/3937/5691 15/3938/5692
s 1
f 18/3937/5693 78/3939/5694 83/3940/5695
f 18/3937/5693 83/3940/5695 15/3938/5696
f 16/3935/5688 15/3938/5697 2166/3936/5689
f 78/3939/5694 140/3941/5698 142/3942/4926
f 78/3939/5694 142/3942/4926 244/3943/4925
f 244/3943/4925 337/3944/5699 307/3945/5700
f 337/3944/5699 244/3943/4925 282/3946/5701
f 18/3937/5693 54/3923/5702 140/3941/5698
f 140/3941/5698 54/3923/5702 151/3925/5703
f 18/3937/5693 140/3941/5698 78/3939/5694
s 0
f 140/3941/5704 151/3925/5705 134/3947/5706
f 142/3942/5707 140/3941/5708 134/3947/5709
f 2454/3948/5710 2365/3931/5711 2423/3949/5712
s 1
f 2365/3931/5114 2287/3930/5680 2342/3950/5713
f 2493/3951/3915 2699/3952/5714 2782/3953/5065
s 0
f 2493/3951/5715 2534/3954/5716 2699/3952/5717
s 1
f 2534/3954/5718 2423/3949/5719 2583/3955/5720
f 2342/3950/5713 2423/3949/5719 2365/3931/5114
f 78/3939/5694 244/3943/4925 83/3940/5695
f 307/3945/5700 159/3956/5721 244/3943/4925
f 117/3957/5722 2118/3958/5723 15/3938/5724
f 117/3957/5725 244/3943/4925 159/3956/5721
f 117/3957/5725 159/3956/5721 180/3959/5726
s 0
f 1069/3752/5727 1051/3789/5728 1055/3960/5729
s 1
f 1055/3960/5730 1051/3789/5415 1031/3721/5275
f 1055/3960/5730 1031/3721/5275 1022/3756/5315
f 1051/3789/5731 1069/3752/5309 1061/3753/5311
f 1087/3750/5732 1078/3749/5305 1071/3748/5304
f 1061/3753/5311 1083/3751/5310 1088/3754/5312
s 0
f 611/3766/5733 496/3961/5734 633/3962/5735
s 1
f 633/3962/5736 496/3961/5737 304/3963/5738
s 0
f 633/3962/5739 304/3963/5740 278/3964/5741
s 1
f 652/3965/5742 750/3966/5743 722/3767/5323
f 652/3965/5742 722/3767/5323 611/3766/5322
f 652/3965/5742 611/3766/5322 633/3962/5744
f 843/3760/5319 722/3767/5323 750/3966/5743
f 896/3759/5318 908/3763/5321 843/3760/5319
s 0
f 958/3761/5745 1005/3757/5746 985/3717/5747
s 1
f 985/3717/5274 1005/3757/5316 1022/3756/5315
f 959/3762/5314 887/3724/5462 908/3763/5321
s 0
f 856/3775/5748 710/3798/5748 1007/3801/5749
s 1
f 1007/3801/5452 710/3798/5442 904/3967/5750
f 714/3797/5441 904/3967/5750 710/3798/5442
f 714/3797/5441 730/3795/5751 971/3793/5422
f 971/3793/5422 878/3968/5752 714/3797/5441
f 714/3797/5441 878/3968/5752 904/3967/5750
f 904/3967/5750 878/3968/5752 1057/3969/5753
f 904/3967/5750 1057/3969/5753 1007/3801/5452
f 1057/3969/5753 878/3968/5752 1074/3794/5423
f 1074/3794/5423 878/3968/5752 971/3793/5422
f 1051/3789/5731 1061/3753/5311 1086/3791/5421
f 1087/3750/5313 1074/3794/5423 1088/3754/5312
s 0
f 1057/3969/5754 1074/3794/5755 1087/3750/5756
s 1
f 1007/3801/5452 1087/3750/5732 1071/3748/5304
f 1045/3800/5445 1039/3747/5303 1014/3741/5297
f 1014/3741/5297 1039/3747/5303 1016/3970/5757
f 1014/3741/5297 1016/3970/5757 984/3739/5295
s 0
f 1045/3800/5758 1071/3748/5759 1039/3747/5760
s 1
f 946/3746/5302 925/3737/5289 984/3739/5295
f 1007/3801/5452 1071/3748/5304 1045/3800/5445
f 1057/3969/5753 1087/3750/5732 1007/3801/5452
f 1014/3741/5297 1030/3740/5296 1045/3800/5445
f 130/3860/5571 135/3863/5761 113/3866/5762
f 130/3860/5571 113/3866/5762 80/3861/5572
f 2113/3867/5505 17/3862/5573 80/3861/5572
f 80/3861/5572 91/3865/5384 2113/3867/5505
f 135/3863/5761 148/3864/5763 113/3866/5762
f 2238/3926/5684 2147/3924/5764 2286/3932/5685
f 54/3923/5702 16/3935/5688 2147/3924/5764
f 2147/3924/5764 2230/3934/5687 2286/3932/5685
f 2147/3924/5764 16/3935/5688 2230/3934/5687
f 16/3935/5688 54/3923/5702 18/3937/5693
f 2166/3936/5689 2287/3930/5680 2236/3933/5686
f 2236/3933/5686 2287/3930/5680 2286/3932/5685
f 985/3717/5274 1022/3756/5315 1031/3721/5275
f 2782/3971/5065 2699/3972/5714 2818/3973/5765
s 0
f 2932/3974/5766 2914/3975/5767 2974/3976/5768
s 1
f 2932/3974/5102 2974/3976/5769 2949/3922/5487
f 2782/3971/5065 2818/3973/5765 2914/3975/5770
f 2974/3976/5769 2914/3975/5770 2818/3977/5765
f 3027/3910/5659 2949/3922/5487 3034/3978/5771
f 3034/3978/5771 2949/3922/5487 2974/3976/5769
f 3034/3978/5771 3094/3916/5666 3027/3910/5659
s 0
f 3179/3914/5772 3196/3915/5773 3215/3912/5774
s 1
f 716/3979/5775 735/3980/5470 838/3981/5776
f 658/3982/5469 735/3980/5470 716/3979/5775
f 658/3982/5469 594/3983/5777 434/3984/5778
f 337/3985/5779 434/3984/5778 594/3983/5777
s 0
f 307/3986/5780 337/3985/5781 594/3983/5782
s 1
f 658/3982/5469 716/3979/5775 594/3983/5777
f 838/3981/5776 819/3987/5474 903/3988/5291
s 0
f 2166/3936/5783 15/3938/5784 2186/3989/5785
f 83/3940/5786 117/3957/5787 15/3938/5788
s 1
f 83/3940/5695 244/3943/4925 117/3957/5725
f 2342/3950/5713 2166/3936/5689 2186/3989/5789
f 2166/3936/5689 2342/3950/5713 2287/3930/5680
f 2186/3989/5789 15/3938/5724 2118/3958/5723
f 2423/3949/5719 2342/3950/5713 2352/3990/5790
f 2342/3950/5713 2186/3989/5789 2352/3990/5790
f 2583/3955/5720 2423/3949/5719 2352/3990/5790
f 633/3991/5791 278/3992/5792 309/3993/5793
s 0
f 338/3994/5794 633/3991/5795 309/3993/5796
s 1
f 586/3995/5797 652/3996/5742 633/3991/5744
f 816/3997/5317 843/3998/5319 750/3999/5743
f 3069/4000/5238 3012/4001/5798 3019/4002/5237
f 3012/4001/5798 3087/3905/5511 3019/4002/5237
f 3087/3905/5799 3005/4003/5800 2813/3904/5658
f 3005/4003/5800 2786/3908/5656 2813/3904/5658
f 838/3981/5776 903/3988/5291 863/4004/5301
f 716/3979/5775 838/3981/5776 753/4005/5801
f 877/4006/5802 838/3981/5776 863/4004/5301
f 946/4007/5302 984/4008/5295 994/4009/5803
f 994/4009/5803 984/4008/5295 1016/4010/5757
f 946/4007/5302 994/4009/5803 863/4004/5301
f 994/4009/5803 1016/4010/5757 1068/4011/5804
f 1039/4012/5303 1078/4013/5305 1194/4014/5805
f 1016/4010/5757 1039/4012/5303 1225/4015/5806
f 1016/4010/5757 1225/4015/5806 1068/4011/5804
f 877/4006/5802 779/4016/5807 753/4005/5801
f 753/4005/5801 838/3981/5776 877/4006/5802
f 594/3983/5777 716/3979/5775 753/4005/5801
f 743/4017/5808 654/4018/5809 753/4005/5801
f 753/4005/5801 654/4018/5809 459/4019/5810
f 753/4005/5801 459/4019/5810 594/3983/5777
f 307/3986/5700 594/3983/5777 459/4019/5810
f 307/4020/5700 459/4019/5810 159/4021/5721
f 159/4021/5721 459/4019/5810 303/4022/5811
f 459/4019/5810 654/4018/5809 582/4023/5812
f 743/4017/5808 753/4005/5801 779/4016/5807
f 459/4019/5810 582/4023/5812 303/4022/5811
f 204/4024/5813 303/4022/5811 344/4025/5814
f 204/4024/5813 344/4025/5814 334/4026/5815
s 0
f 334/4026/5816 344/4025/5817 457/4027/5818
s 1
f 344/4025/5814 303/4022/5811 686/4028/5819
f 303/4022/5811 582/4023/5812 686/4028/5819
f 686/4029/5819 582/4023/5812 654/4018/5809
f 654/4018/5809 743/4017/5808 745/4030/5820
f 654/4018/5809 745/4030/5820 686/4029/5819
f 743/4017/5808 875/4031/5821 745/4030/5820
f 875/4031/5821 743/4017/5808 779/4016/5807
s 0
f 457/4027/5822 344/4025/5823 686/4028/5824
s 1
f 1101/4032/5825 910/4033/5826 779/4016/5807
f 910/4033/5826 875/4031/5821 779/4016/5807
f 779/4016/5807 877/4006/5802 1101/4032/5825
f 1101/4032/5825 877/4006/5802 863/4004/5301
f 1101/4032/5825 863/4004/5301 994/4009/5803
f 1101/4032/5825 994/4009/5803 1068/4034/5804
f 633/3991/5744 338/3994/5827 586/3995/5797
f 652/3996/5742 586/3995/5797 750/3999/5743
f 899/4035/5828 896/4036/5318 816/3997/5317
f 586/3995/5797 699/4037/5829 750/3999/5743
s 0
f 750/3999/5830 699/4037/5831 816/3997/5832
f 816/3997/5833 699/4037/5834 899/4035/5835
s 1
f 565/4038/5836 699/4037/5829 586/3995/5797
f 565/4038/5836 586/3995/5797 338/3994/5827
f 699/4037/5829 565/4038/5836 752/4039/5837
f 699/4037/5829 752/4039/5837 828/4040/5838
f 699/4037/5829 828/4040/5838 913/4041/5839
f 699/4037/5829 913/4041/5839 899/4035/5828
f 783/4042/5840 828/4040/5838 752/4039/5837
f 752/4039/5837 591/4043/5841 626/4044/5842
f 461/4045/5843 591/4043/5841 327/4046/5844
f 752/4039/5837 565/4038/5836 591/4043/5841
f 591/4043/5841 565/4038/5836 426/4047/5845
f 209/4048/5622 426/4047/5845 309/3993/5846
f 426/4047/5845 565/4038/5836 338/3994/5827
f 426/4047/5845 338/3994/5827 309/3993/5846
f 209/4048/5622 309/3993/5846 186/4049/5619
s 0
f 3169/4050/5847 3120/4051/5848 3134/4052/5849
f 3169/4050/5850 3237/4053/5851 3228/4054/5852
s 1
f 3120/4051/5853 3169/4050/5854 3220/4055/5855
f 3169/4050/5854 3228/4054/5856 3296/4056/5857
f 3169/4050/5854 3296/4056/5857 3220/4055/5855
f 3120/4051/5853 3220/4055/5855 3206/4057/5858
s 0
f 3134/4052/5859 3120/4051/5860 3069/4058/5861
s 1
f 3069/4058/5238 3120/4051/5853 3012/4059/5798
f 3012/4059/5798 3120/4051/5853 3075/4060/5862
f 3075/4060/5862 3120/4051/5853 3206/4057/5858
s 0
f 3012/4059/5863 3075/4060/5864 3087/4061/5865
f 3163/4062/5866 3087/4061/5867 3075/4060/5868
s 1
f 3163/4062/5869 3005/4063/5800 3087/4061/5799
f 2937/4064/5870 3005/4063/5800 3163/4062/5869
f 2815/4065/5871 3005/4063/5800 2937/4064/5870
f 3005/4063/5800 2815/4065/5871 2645/4066/5655
f 2645/4066/5655 2786/4067/5656 3005/4063/5800
f 2490/4068/5872 2498/4069/5643 2645/4066/5655
f 2645/4066/5655 2815/4065/5871 2490/4068/5872
f 2422/4070/5644 2498/4069/5643 2490/4068/5872
f 111/4071/5623 2196/4072/5627 2300/4073/5626
f 32/4074/5873 102/4075/5625 2172/4076/5624
f 32/4074/5873 2172/4076/5624 2277/4077/5874
s 0
f 2277/4077/5875 2172/4076/5876 2300/4073/5877
s 1
f 2277/4077/5874 2300/4073/5626 2370/4078/5878
f 2512/4079/5879 2402/4080/5880 2485/4081/5881
f 2300/4073/5626 2402/4080/5880 2370/4078/5878
f 2300/4073/5626 2196/4072/5627 2402/4080/5880
f 2402/4080/5880 2196/4072/5627 2364/4082/5645
f 2485/4081/5881 2402/4080/5880 2422/4070/5644
f 2422/4070/5644 2402/4080/5880 2364/4082/5645
s 0
f 2422/4070/5882 2490/4068/5883 2815/4065/5884
s 1
f 2485/4081/5881 2422/4070/5644 2795/4083/5885
s 0
f 2795/4083/5886 2422/4070/5887 2815/4065/5888
s 1
f 2815/4065/5889 2873/4084/5890 2795/4083/5891
s 0
f 2815/4065/5892 2937/4064/5893 2873/4084/5894
s 1
f 2937/4064/5870 3135/4085/5895 2873/4084/5896
f 3135/4085/5895 2937/4064/5870 3163/4062/5869
f 3163/4062/5869 3214/4086/5897 3135/4085/5895
s 0
f 3206/4057/5898 3220/4055/5899 3296/4056/5900
s 1
f 3339/4087/5901 3228/4054/5856 3237/4053/5513
f 3237/4053/5513 3250/4088/5515 3339/4087/5901
f 3250/4088/5515 3266/4089/5517 3339/4087/5901
s 0
f 3266/4089/5902 3271/4090/5903 3261/4091/5904
f 3266/4089/5905 3261/4091/5906 3325/4092/5907
s 1
f 3238/4093/5908 3224/4094/5667 3196/4095/5665
f 3196/4095/5665 3179/4096/5909 3166/4097/5910
s 0
f 1055/4098/5911 1169/4099/5912 1069/4100/5913
s 1
f 1194/4101/5805 1078/4102/5305 1083/4103/5914
s 0
f 1169/4099/5915 1083/4103/5916 1069/4100/5917
s 1
f 2699/3952/5714 2534/3954/5718 2583/3955/5720
s 0
f 3179/4096/5918 3090/4104/5919 3166/4097/5920
s 1
f 3090/4104/5660 3094/4105/5666 3166/4097/5910
f 2974/4106/5769 2976/4107/5921 3034/4108/5771
f 3034/4108/5771 2976/4107/5921 3197/4109/5922
f 2974/4106/5769 2818/4110/5765 2976/4107/5921
f 2818/4110/5765 2790/4111/5923 2976/4107/5921
f 2790/4111/5923 2818/4110/5765 2699/4112/5714
f 2790/4111/5923 2699/4112/5714 2583/4113/5720
f 2486/4114/5924 2583/4113/5720 2352/4115/5790
f 2352/4115/5790 2186/4116/5789 2263/4117/5925
f 2486/4114/5924 2352/4115/5790 2263/4117/5925
s 0
f 2486/4114/5926 2695/4118/5927 2583/4113/5928
s 1
f 2583/4113/5720 2695/4118/5929 2790/4111/5923
f 2695/4118/5929 2920/4119/5930 2790/4111/5923
f 2790/4111/5923 2920/4119/5930 2976/4107/5921
f 2920/4119/5930 2695/4118/5929 2928/4120/5931
f 2920/4119/5930 2928/4120/5931 3093/4121/5932
s 0
f 2920/4119/5933 3093/4121/5934 3197/4109/5935
s 1
f 3197/4109/5922 3093/4121/5932 3225/4122/5936
f 2976/4107/5921 2920/4119/5930 3197/4109/5922
f 3196/4095/5665 3166/4097/5910 3238/4093/5908
f 3224/4094/5667 3238/4093/5908 3369/4123/5937
s 0
f 3369/4123/5938 3238/4093/5939 3459/4124/5940
s 1
f 3459/4124/5941 3238/4093/5908 3395/4125/5942
f 3395/4125/5942 3238/4093/5908 3230/4126/5943
f 3166/4097/5910 3230/4126/5943 3238/4093/5908
f 3230/4126/5943 3166/4097/5910 3094/4105/5666
f 3034/4108/5771 3197/4109/5922 3094/4105/5666
f 3094/4105/5666 3197/4109/5922 3230/4126/5943
f 3230/4126/5943 3329/4127/5944 3395/4125/5942
f 3230/4126/5943 3197/4109/5922 3240/4128/5945
f 3240/4128/5945 3329/4127/5944 3230/4126/5943
s 0
f 3329/4127/5946 3240/4128/5947 3281/4129/5948
s 1
f 3329/4127/5944 3373/4130/5949 3395/4125/5942
f 3389/4131/5950 3395/4125/5942 3373/4130/5949
f 3281/4129/5951 3373/4130/5949 3329/4127/5944
f 3459/4124/5952 3389/4131/5950 3436/4132/5953
s 0
f 3489/4133/5954 3459/4124/5955 3478/4134/5956
s 1
f 2263/4135/5925 2186/3989/5789 2120/4136/5957
s 0
f 180/3959/5958 2120/4136/5959 117/3957/5960
f 117/3957/5961 2120/4136/5962 2118/3958/5963
s 1
f 2118/3958/5723 2120/4136/5957 2186/3989/5789
f 3339/4087/5901 3266/4089/5517 3325/4092/5964
f 3228/4054/5856 3339/4087/5901 3407/4137/5965
f 3339/4087/5901 3325/4092/5964 3407/4137/5965
f 3325/4092/5964 3261/4091/5668 3424/4138/5966
f 3325/4092/5964 3424/4138/5966 3469/4139/5967
f 3470/4140/5968 3325/4092/5964 3469/4139/5967
f 3325/4092/5964 3470/4140/5968 3407/4137/5965
f 3228/4054/5856 3407/4137/5965 3296/4056/5857
f 3536/4141/5969 3470/4140/5968 3469/4139/5967
s 0
f 3533/4142/5970 3536/4141/5971 3469/4139/5972
s 1
f 3533/4142/5973 3469/4139/5967 3528/4143/5974
f 3528/4143/5974 3469/4139/5967 3505/4144/5975
s 0
f 3505/4144/5976 3424/4138/5977 3459/4124/5978
s 1
f 3505/4144/5975 3469/4139/5967 3424/4138/5966
s 0
f 3369/4123/5979 3459/4124/5980 3424/4138/5981
s 1
f 3489/4133/5982 3528/4143/5974 3505/4144/5975
s 0
f 3489/4133/5983 3505/4144/5984 3459/4124/5985
f 3389/4131/5986 3459/4124/5987 3395/4125/5988
s 1
f 1106/4145/5989 1022/4146/5315 959/4147/5314
f 1106/4145/5989 959/4147/5314 989/4148/5990
f 896/4036/5318 989/4148/5990 959/4147/5314
f 989/4148/5990 896/4036/5318 899/4035/5828
f 3369/4123/5937 3424/4138/5966 3224/4094/5667
f 3224/4094/5667 3424/4138/5966 3261/4091/5668
f 159/4149/5721 303/4150/5811 180/4151/5726
f 180/4151/5726 303/4150/5811 204/4152/5813
f 2120/4153/5957 180/4151/5726 124/4154/5991
f 124/4154/5991 180/4151/5726 204/4152/5813
f 124/4154/5991 204/4152/5813 2134/4155/5992
f 1055/4156/5730 1022/4157/5315 1140/4158/5993
f 1022/4157/5315 1106/4159/5989 1140/4158/5993
s 0
f 1140/4158/5994 1106/4159/5995 1235/4160/5996
s 1
f 1039/4161/5303 1194/4162/5805 1225/4163/5806
f 1225/4163/5806 1194/4162/5805 1279/4164/5997
s 0
f 1279/4164/5998 1194/4162/5999 1376/4165/6000
f 1361/4166/6001 1376/4165/6002 1194/4162/6003
f 1361/4166/6004 1194/4162/6005 1169/4167/6006
s 1
f 1083/4168/5914 1169/4167/6007 1194/4162/5805
s 0
f 1361/4166/6008 1169/4167/6009 1329/4169/6010
s 1
f 1191/4170/6011 1225/4163/5806 1311/4171/6012
s 0
f 1311/4171/6013 1225/4163/6014 1279/4164/6015
f 1358/4172/6016 1279/4164/6017 1376/4165/6018
s 1
f 1068/4173/5804 1225/4174/5806 1191/4175/6011
f 1068/4173/5804 1191/4175/6011 1193/4176/6019
f 1068/4173/5804 1193/4176/6019 1122/4177/6020
f 1101/4178/5825 1068/4173/5804 1122/4177/6020
f 1106/4179/5989 989/4180/5990 1119/4181/6021
s 0
f 1106/4179/6022 1119/4181/6023 1235/4182/6024
s 1
f 2120/4183/5957 2395/4184/6025 2430/4185/6026
f 2120/4183/5957 2430/4185/6026 2263/4117/5925
f 2263/4117/5925 2572/4186/6027 2486/4114/5924
f 2263/4117/5925 2430/4185/6026 2572/4186/6027
f 2695/4118/5929 2486/4114/5924 2572/4186/6027
f 2572/4186/6027 2740/4187/6028 2695/4118/5929
f 2695/4118/5929 2740/4187/6028 2826/4188/6029
f 2928/4120/5931 2695/4118/5929 2826/4188/6029
f 3001/4189/6030 3093/4121/5932 2928/4120/5931
f 3104/4190/6031 3093/4121/5932 3001/4189/6030
f 2740/4187/6028 2572/4186/6027 2640/4191/6032
s 0
f 3104/4190/6033 3062/4192/6033 3141/4193/6034
s 1
f 3104/4190/6031 3001/4189/6030 3062/4192/6035
f 2927/4194/6036 2928/4120/5931 2826/4188/6029
f 3001/4189/6030 2927/4194/6036 3062/4192/6035
f 2927/4194/6036 2826/4188/6029 2797/4195/6037
f 2640/4191/6038 2797/4195/6037 2826/4188/6029
f 2797/4195/6037 2640/4191/6038 2623/4196/6039
f 2536/4197/6040 2623/4196/6039 2640/4191/6038
f 2536/4197/6040 2538/4198/6041 2424/4199/6042
s 0
f 2356/4200/6043 2125/4201/6044 35/4202/6045
s 1
f 2927/4194/6036 2968/4203/6046 3062/4192/6035
f 2942/4204/6047 2927/4194/6036 2797/4195/6037
f 3173/4205/6048 3141/4193/6049 3195/4206/6050
f 3299/4207/6051 3195/4206/6050 3332/4208/6052
f 3141/4193/6049 3173/4205/6048 3104/4190/6053
f 3173/4205/6048 3195/4206/6050 3299/4207/6051
f 3336/4209/6054 3359/4210/6055 3364/4211/6056
f 3299/4207/6051 3336/4209/6054 3281/4129/5951
f 3299/4207/6051 3281/4129/5951 3173/4205/6048
f 3373/4130/5949 3281/4129/5951 3336/4209/6054
f 3373/4130/5949 3336/4209/6054 3364/4211/6056
f 3389/4131/5950 3373/4130/5949 3364/4211/6056
f 3364/4211/6056 3436/4132/5953 3389/4131/5950
s 0
f 3436/4132/6057 3364/4211/6058 3398/4212/6059
s 1
f 3436/4132/5953 3478/4134/6060 3459/4124/5952
f 3489/4133/5982 3524/4213/6061 3528/4143/5974
f 3528/4143/5974 3524/4213/6061 3533/4142/5973
f 3536/4141/5969 3533/4142/5973 3535/4214/6062
f 3536/4141/5969 3529/4215/6063 3508/4216/6064
f 3529/4215/6063 3536/4141/5969 3535/4214/6062
f 3535/4214/6062 3533/4142/5973 3543/4217/6065
f 3529/4215/6063 3535/4214/6062 3921/4218/6066
f 3489/4133/5982 3478/4134/6067 3491/4219/6068
f 3489/4133/5982 3491/4219/6068 3589/4220/6069
f 3489/4133/5982 3589/4220/6069 3524/4213/6061
f 3533/4142/5973 3524/4213/6061 3543/4217/6065
f 3614/4221/6070 3543/4217/6065 3524/4213/6061
f 3614/4221/6070 3524/4213/6061 3589/4220/6069
f 3535/4214/6062 3543/4217/6065 3849/4222/6071
f 3535/4214/6062 3849/4222/6071 3990/4223/6072
f 3535/4214/6062 3990/4223/6072 3921/4218/6066
f 3921/4218/6066 3990/4223/6072 4113/4224/6073
f 3614/4221/6070 3849/4222/6071 3543/4217/6065
f 4115/4225/6074 4117/4226/6075 3491/4219/6068
f 3589/4220/6069 4117/4226/6076 3992/4227/6077
s 0
f 3491/4219/6078 4117/4226/6079 3589/4220/6080
s 1
f 3992/4227/6077 3614/4221/6070 3589/4220/6069
s 0
f 3556/4228/6081 3478/4134/6082 3436/4132/6083
s 1
f 3556/4228/6084 3436/4132/6085 3511/4229/6086
s 0
f 3364/4211/6087 3359/4210/6088 3398/4212/6089
s 1
f 3436/4132/6085 3398/4212/6090 3511/4229/6086
f 3511/4229/6086 3398/4212/6090 3429/4230/6091
f 3511/4229/6086 3429/4230/6091 3462/4231/6092
f 4143/4232/6093 3462/4231/6092 3435/4233/6094
f 3462/4231/6092 3429/4230/6091 3435/4233/6094
f 4143/4232/6093 3435/4233/6094 3584/4234/6095
f 3583/4235/6096 3584/4234/6095 3435/4233/6094
f 3462/4231/6092 4114/4236/6097 4112/4237/6098
f 3462/4231/6092 4112/4237/6098 3511/4229/6086
f 3556/4228/6084 3511/4229/6086 3980/4238/6099
f 3556/4228/6084 3980/4238/6099 4120/4239/6100
f 4120/4239/6100 4115/4225/6074 3491/4219/6068
f 3556/4228/6084 4120/4239/6100 3478/4134/6067
f 3478/4134/6067 4120/4239/6100 3491/4219/6068
f 3240/4128/5945 3197/4109/5922 3225/4122/5936
f 3281/4129/6101 3240/4128/5945 3225/4122/5936
s 0
f 3281/4129/6102 3225/4122/6103 3173/4205/6104
f 3173/4205/6105 3225/4122/6106 3104/4190/6107
s 1
f 3104/4190/6031 3225/4122/5936 3093/4121/5932
f 1329/4169/6108 1169/4167/6109 1300/4240/6110
s 0
f 1300/4240/6111 1169/4167/6112 1140/4241/6113
s 1
f 1140/4241/6114 1271/4242/6115 1300/4240/6116
f 1140/4241/6114 1235/4243/6117 1271/4242/6115
f 1300/4240/6110 1327/4244/6118 1329/4169/6108
f 1329/4169/6108 1341/4245/6119 1361/4166/6120
f 1341/4245/6119 1329/4169/6108 1327/4244/6118
s 0
f 1156/4246/6121 1235/4247/6122 1119/4181/6123
s 1
f 1119/4181/6021 989/4180/5990 1046/4248/6124
f 989/4180/5990 899/4249/5828 1046/4248/6124
f 1055/4250/5730 1140/4241/5993 1169/4167/6125
s 0
f 1191/4251/6126 1248/4252/6127 1193/4176/6128
s 1
f 1122/4177/6020 1193/4176/6019 1176/4253/6129
f 1176/4253/6129 1017/4254/6130 1122/4177/6020
f 1017/4254/6130 1048/4255/6131 1122/4177/6020
f 1122/4177/6020 1048/4255/6131 1101/4178/5825
f 1101/4178/5825 1048/4255/6131 910/4256/5826
f 913/4257/5839 1001/4258/6132 1046/4248/6124
f 899/4259/5828 913/4257/5839 1046/4248/6124
f 1193/4260/6019 1248/4261/6133 1176/4262/6129
f 1279/4263/6134 1358/4264/6135 1355/4265/6136
f 1355/4265/6136 1358/4264/6135 1362/4266/6137
f 1279/4263/6134 1355/4265/6136 1325/4267/6138
f 1279/4263/6134 1325/4267/6138 1311/4268/6139
s 0
f 1191/4269/6140 1311/4268/6141 1294/4270/6142
s 1
f 1325/4267/6138 1294/4270/6143 1311/4268/6139
s 0
f 1325/4267/6144 1355/4265/6145 1332/4271/6146
s 1
f 1325/4267/6138 1306/4272/6147 1294/4270/6143
s 0
f 1294/4270/6148 1248/4261/6149 1191/4269/6150
s 1
f 1209/4273/6151 1176/4262/6129 1248/4261/6133
f 875/4274/5821 910/4275/5826 906/4276/6152
s 0
f 1035/4277/6153 1017/4278/6154 1109/4279/6155
s 1
f 996/4280/6156 1017/4278/6157 1035/4277/6158
s 0
f 910/4275/6159 996/4280/6160 906/4276/6161
f 906/4276/6162 818/4281/6163 875/4274/6164
f 818/4281/6165 745/4282/6166 875/4274/6167
s 1
f 575/4283/6168 686/4284/5819 657/4285/6169
f 457/4286/6170 686/4284/5819 575/4283/6168
f 657/4285/6169 686/4284/5819 745/4282/5820
f 591/4043/5841 426/4047/5845 209/4048/5622
f 209/4048/5622 111/4287/5623 102/4288/5625
f 209/4048/5622 102/4288/5625 591/4043/5841
f 327/4046/5844 591/4043/5841 102/4288/5625
f 2120/4183/5957 124/4289/5991 2395/4184/6025
f 2356/4200/6171 2395/4184/6025 124/4289/5991
f 2356/4200/6171 124/4289/5991 2125/4201/6172
s 0
f 2134/4290/6173 2125/4201/6174 124/4289/6175
s 1
f 2395/4184/6025 2538/4198/6041 2430/4185/6026
s 0
f 10/4291/6176 2125/4201/6177 2134/4290/6178
s 1
f 204/4292/5813 10/4291/6179 2134/4290/5992
f 204/4292/5813 166/4293/6180 10/4291/6179
f 2538/4198/6041 2572/4186/6027 2430/4185/6026
f 2640/4191/6032 2572/4186/6027 2538/4198/6041
f 2424/4199/6042 2538/4198/6041 2395/4184/6025
f 2424/4199/6042 2395/4184/6025 2356/4200/6171
s 0
f 2538/4198/6181 2536/4197/6182 2640/4191/6183
f 3001/4189/6184 2928/4120/6185 2927/4194/6186
f 2873/4084/6187 2832/4294/6188 2795/4083/6189
s 1
f 3048/4295/6190 2873/4084/5896 3135/4085/5895
s 0
f 3125/4296/6191 3083/4297/6192 3135/4085/6193
s 1
f 3083/4297/6194 3048/4295/6190 3135/4085/5895
f 3135/4085/5895 3214/4086/5897 3125/4296/6195
f 3214/4086/5897 3303/4298/6196 3125/4296/6195
f 3303/4298/6196 3214/4086/5897 3247/4299/6197
f 3247/4299/6197 3214/4086/5897 3163/4062/5869
f 3247/4299/6197 3163/4062/5869 3075/4060/6198
s 0
f 3075/4060/6199 3206/4057/6200 3349/4300/6201
s 1
f 3206/4057/6202 3384/4301/6203 3349/4300/6204
f 3075/4060/6198 3349/4300/6205 3247/4299/6197
s 0
f 3206/4057/6206 3296/4056/6207 3384/4301/6208
s 1
f 3296/4056/5857 3474/4302/6209 3384/4301/6210
f 3296/4056/5857 3407/4137/5965 3474/4302/6209
f 3474/4302/6209 3407/4137/5965 3470/4140/5968
s 0
f 3474/4302/6211 3427/4303/6212 3384/4301/6213
f 3427/4303/6214 3474/4302/6215 3461/4304/6216
s 1
f 3474/4302/6209 3470/4140/5968 3501/4305/6217
f 3501/4305/6217 3470/4140/5968 3508/4216/6064
f 3536/4141/5969 3508/4216/6064 3470/4140/5968
f 3349/4300/6204 3384/4301/6203 3317/4306/6218
f 3384/4301/6203 3427/4303/6219 3317/4306/6218
s 0
f 3349/4300/6220 3317/4306/6221 3247/4299/6222
s 1
f 3303/4298/6196 3247/4299/6197 3317/4306/6223
f 3428/4307/6224 3427/4303/6219 3461/4304/6225
f 3501/4305/6217 3461/4304/6226 3474/4302/6209
f 3326/4308/6227 3303/4298/6196 3317/4306/6223
s 0
f 3125/4296/6228 3303/4298/6229 3180/4309/6230
s 1
f 3048/4295/6190 2931/4310/6231 2873/4084/5896
s 0
f 2931/4310/6232 3048/4295/6233 3083/4297/6234
s 1
f 2832/4294/6235 2873/4084/5896 2931/4310/6231
f 2795/4083/5885 2544/4311/6236 2485/4081/5881
s 0
f 2929/4312/6237 2849/4313/6238 2832/4294/6239
s 1
f 2931/4310/6231 2929/4312/6240 2832/4294/6235
f 2795/4083/5885 2832/4294/6241 2849/4313/6242
f 2795/4083/5885 2849/4313/6242 2544/4311/6236
s 0
f 3125/4296/6243 3126/4314/6244 3083/4297/6245
s 1
f 3126/4314/6246 3125/4296/6247 3180/4309/6248
f 3252/4315/6249 3180/4309/6250 3303/4298/6196
f 3428/4307/6224 3382/4316/6251 3427/4303/6219
f 4102/4317/6252 3382/4316/6251 3428/4307/6224
f 3382/4316/6251 4102/4317/6252 3555/4318/6253
f 3555/4318/6253 3394/4319/6254 3382/4316/6251
f 3317/4306/6218 3382/4316/6251 3354/4320/6255
s 0
f 3326/4308/6256 3317/4306/6257 3354/4320/6258
s 1
f 3413/4321/6259 3394/4319/6254 3447/4322/6260
f 3382/4316/6251 3394/4319/6254 3413/4321/6259
f 996/4280/6261 910/4275/5826 1048/4323/6131
s 0
f 996/4280/6262 1048/4323/6263 1017/4278/6264
f 333/4324/6265 334/4325/6266 457/4286/6267
s 1
f 334/4325/5815 333/4324/6268 204/4326/5813
f 204/4326/5813 333/4324/6268 208/4327/6269
f 457/4286/6170 575/4283/6168 333/4324/6270
f 208/4327/6269 166/4328/6180 204/4326/5813
f 913/4329/5839 828/4330/5838 898/4331/6271
f 898/4331/6271 952/4332/6272 913/4329/5839
s 0
f 913/4329/6273 952/4332/6274 1001/4258/6275
s 1
f 1046/4248/6124 1001/4258/6132 997/4333/6276
f 1001/4258/6132 952/4332/6272 997/4333/6276
f 997/4333/6276 1119/4181/6021 1046/4248/6124
s 0
f 783/4334/6277 752/4335/6278 626/4336/6279
s 1
f 828/4337/5838 783/4334/5840 822/4338/6280
f 828/4337/5838 822/4338/6280 898/4339/6271
f 688/4340/6281 626/4336/5842 461/4341/5843
f 626/4336/5842 688/4340/6281 783/4334/6282
f 688/4340/6281 461/4341/5843 589/4342/6283
f 461/4341/5843 327/4343/5844 589/4342/6283
f 591/4344/5841 461/4341/5843 626/4336/5842
f 1296/4345/6284 1300/4346/6116 1271/4347/6115
f 1195/4348/6285 1296/4345/6284 1271/4347/6115
f 1195/4348/6285 1271/4347/6115 1235/4349/6117
f 1195/4348/6285 1235/4349/6117 1156/4350/6286
f 1361/4351/6287 1368/4352/6288 1371/4353/6289
f 1332/4354/6290 1355/4355/6291 1637/4356/6292
s 0
f 1361/4357/6293 1364/4358/6294 1368/4352/6295
f 2826/4188/6296 2740/4187/6297 2640/4191/6298
s 1
f 1358/4172/6135 1376/4165/6299 1362/4359/6137
f 1376/4165/6299 1361/4166/6287 1371/4360/6289
f 1376/4165/6299 1371/4360/6289 1362/4359/6137
f 1156/4350/6286 1119/4361/6300 1141/4362/6301
s 0
f 1119/4363/6302 997/4364/6303 1052/4365/6304
s 1
f 1119/4363/6300 1052/4365/6305 1141/4362/6301
f 1195/4348/6285 1233/4366/6306 1259/4367/6307
f 876/4368/6308 898/4339/6271 808/4369/6309
f 822/4338/6280 726/4370/6310 808/4369/6309
f 876/4368/6308 948/4371/6311 898/4339/6271
f 463/4372/6312 589/4342/6283 317/4373/6313
f 589/4342/6283 463/4372/6312 688/4340/6281
s 0
f 688/4340/6314 694/4374/6315 726/4370/6316
s 1
f 277/4375/6317 302/4376/6318 107/4377/6319
f 302/4376/6318 277/4375/6317 317/4373/6313
f 317/4373/6313 589/4342/6283 302/4376/6318
f 302/4376/6318 32/4378/5873 2130/4379/6320
f 302/4376/6318 589/4342/6283 327/4343/5844
s 0
f 726/4370/6321 783/4334/6322 688/4340/6323
s 1
f 783/4334/5840 726/4370/6310 822/4338/6280
s 0
f 822/4338/6324 808/4369/6325 898/4339/6326
s 1
f 997/4364/6276 952/4380/6272 948/4371/6311
f 948/4371/6311 952/4380/6272 898/4339/6271
f 302/4376/6318 327/4343/5844 102/4381/5625
f 302/4376/6318 102/4381/5625 32/4378/5873
f 2485/4081/5881 2544/4311/6236 2512/4079/5879
f 2512/4079/5879 2282/4382/6327 2370/4078/5878
f 2282/4382/6327 2277/4077/5874 2370/4078/5878
f 2370/4078/5878 2402/4080/5880 2512/4079/5879
f 2167/4383/6328 2277/4077/5874 2282/4382/6327
f 2277/4077/5874 2167/4383/6328 2128/4384/6329
f 2277/4077/5874 2128/4384/6329 2130/4385/6320
f 3049/4386/6330 2929/4312/6240 2931/4310/6231
s 0
f 3126/4314/6331 3049/4386/6332 3083/4297/6333
f 3083/4297/6334 3049/4386/6335 2931/4310/6336
f 3252/4387/6337 3144/4388/6338 3180/4309/6339
s 1
f 2277/4077/5874 2130/4385/6320 32/4074/5873
f 1141/4362/6301 1195/4348/6285 1156/4350/6286
f 1327/4389/6118 1300/4346/6110 1307/4390/6340
f 1364/4358/6341 1361/4357/6120 1341/4391/6119
f 1341/4391/6119 1327/4389/6118 1342/4392/6342
f 1327/4389/6118 1307/4390/6340 1342/4392/6342
f 1342/4392/6342 1307/4390/6340 1449/4393/6343
f 1449/4393/6343 1307/4390/6340 1319/4394/6344
f 1342/4392/6342 1364/4358/6341 1341/4391/6119
f 1364/4358/6341 1342/4392/6342 1717/4395/6345
f 1342/4392/6342 1704/4396/6346 1717/4395/6345
f 1449/4393/6343 1704/4396/6346 1342/4392/6342
f 1296/4345/6284 1195/4348/6285 1259/4367/6307
f 1296/4345/6284 1259/4367/6307 1297/4397/6347
f 1307/4390/6340 1296/4345/6284 1319/4394/6344
f 1296/4345/6284 1297/4397/6347 1319/4394/6344
f 1418/4398/6348 1297/4397/6347 1259/4367/6307
f 1319/4394/6344 1297/4397/6347 1418/4398/6348
f 1711/4399/6349 1319/4394/6344 1418/4398/6348
f 1319/4394/6344 1718/4400/6350 1449/4393/6343
f 1449/4393/6343 1718/4400/6350 1702/4401/6351
f 1418/4398/6348 1476/4402/6352 1711/4399/6349
f 1554/4403/6353 1594/4404/6354 1746/4405/6355
f 1418/4398/6348 1554/4403/6353 1476/4402/6352
f 1233/4366/6306 1594/4404/6354 1554/4403/6353
f 3252/4315/6249 3303/4298/6196 3326/4308/6227
f 3907/4406/6356 3461/4304/6226 3501/4305/6217
f 3506/4407/6357 3907/4406/6356 3501/4305/6217
f 3529/4215/6063 4101/4408/6358 3506/4407/6359
s 0
f 3506/4407/6360 3501/4305/6361 3508/4216/6362
s 1
f 3506/4407/6359 3508/4216/6064 3529/4215/6063
s 0
f 3428/4307/6363 3461/4304/6364 3446/4409/6365
f 1209/4273/6366 1248/4261/6367 1218/4410/6368
f 1248/4261/6369 1294/4270/6370 1218/4410/6371
f 1218/4410/6372 1294/4270/6373 1306/4272/6374
s 1
f 1306/4272/6147 1325/4267/6138 1332/4271/6290
f 1218/4410/6375 1306/4272/6147 1301/4411/6376
f 1301/4411/6376 1417/4412/6377 1353/4413/6378
f 1301/4411/6376 1353/4413/6378 1218/4410/6375
f 1422/4414/6379 1306/4272/6147 1332/4271/6290
f 1176/4262/6129 1209/4273/6151 1109/4279/6380
f 1109/4279/6380 1017/4278/6130 1176/4262/6129
s 0
f 1300/4346/6381 1296/4345/6382 1307/4390/6383
s 1
f 747/4415/6384 745/4282/5820 818/4281/6385
s 0
f 996/4280/6386 1035/4277/6387 979/4416/6388
s 1
f 996/4280/6389 979/4416/6390 906/4276/6391
f 657/4285/6169 745/4282/5820 747/4415/6384
f 1035/4277/6392 1109/4279/6393 1042/4417/6394
f 1218/4410/6375 1353/4413/6378 1265/4418/6395
s 0
f 1218/4410/6396 1199/4419/6397 1209/4273/6398
s 1
f 1199/4419/6399 1147/4420/6400 1209/4273/6401
s 0
f 1109/4279/6402 1209/4273/6403 1147/4420/6404
s 1
f 1368/4352/6405 1364/4358/6341 1717/4395/6345
f 1371/4353/6289 1368/4352/6288 1701/4421/6406
f 1720/4422/6407 1362/4423/6137 1701/4421/6408
s 0
f 1701/4421/6409 1362/4423/6410 1371/4353/6411
s 1
f 1355/4355/6136 1362/4423/6137 1720/4422/6407
s 0
f 1355/4355/6412 1720/4422/6413 1706/4424/6414
s 1
f 1637/4356/6292 1355/4355/6291 1706/4424/6415
f 1637/4356/6292 1706/4424/6415 1703/4425/6416
f 1332/4426/6290 1637/4356/6292 1422/4427/6379
f 1306/4428/6147 1422/4427/6379 1713/4429/6417
f 1306/4428/6147 1713/4429/6417 1301/4430/6376
f 1703/4425/6416 1422/4427/6379 1637/4356/6292
f 1417/4431/6377 1301/4430/6376 1713/4429/6417
f 1703/4425/6416 1713/4429/6417 1422/4427/6379
s 0
f 10/4291/6418 166/4432/6419 35/4202/6420
s 1
f 10/4291/6421 35/4202/6422 2125/4201/6423
f 3317/4306/6218 3427/4303/6219 3382/4316/6251
f 3428/4307/6224 3446/4409/6424 3560/4433/6425
f 3560/4433/6425 3446/4409/6424 3907/4406/6356
f 3907/4406/6356 3446/4409/6424 3461/4304/6226
f 4101/4408/6358 3529/4215/6063 3921/4218/6066
f 4101/4408/6358 3921/4218/6066 4113/4224/6073
s 0
f 4101/4408/6426 4113/4224/6427 4152/4434/6428
s 1
f 302/4376/6318 2130/4379/6320 107/4377/6319
f 2065/4435/6429 2088/4436/6430 2106/4437/6431
f 2077/4438/6432 2065/4435/6429 2057/4439/6433
f 2065/4435/6429 2077/4438/6432 2088/4436/6430
f 2077/4438/6432 2057/4439/6433 2061/4440/6434
f 2061/4440/6434 2057/4439/6433 2049/4441/6435
f 2020/4442/6436 2061/4440/6434 2049/4441/6435
f 2020/4442/6436 2021/4443/6437 2054/4444/6438
f 2054/4444/6438 1995/4445/6439 2042/4446/6440
f 2054/4444/6438 2021/4443/6437 1995/4445/6439
f 2021/4443/6437 2020/4442/6436 2007/4447/6441
f 2021/4443/6437 2007/4447/6441 1995/4445/6439
f 1995/4445/6439 1993/4448/6442 2042/4446/6440
f 2042/4446/6440 1993/4448/6442 2064/4449/6443
f 2061/4440/6434 2020/4442/6436 2054/4444/6438
f 2077/4438/6432 2061/4440/6434 2086/4450/6444
f 2077/4438/6432 2086/4450/6444 2088/4436/6430
s 0
f 2086/4450/6445 2061/4440/6446 2090/4451/6447
s 1
f 2090/4451/6448 2061/4440/6434 2054/4444/6438
f 2042/4446/6440 2090/4451/6448 2054/4444/6438
f 2090/4451/6448 2042/4446/6440 2064/4449/6443
f 2090/4451/6448 2064/4449/6443 2076/4452/6449
f 2086/4450/6444 2090/4451/6448 2103/4453/6450
f 2090/4451/6448 2094/4454/6451 2103/4453/6450
f 2094/4454/6451 2090/4451/6448 2076/4452/6449
f 2050/4455/6452 2076/4452/6449 2064/4449/6443
f 2062/4456/6453 2076/4452/6449 2050/4455/6452
f 2067/4457/6454 2002/4458/6455 2051/4459/6456
f 2067/4457/6454 2062/4456/6453 2014/4460/6457
f 2062/4456/6453 2051/4459/6456 2093/4461/6458
f 2051/4459/6456 2062/4456/6453 2067/4457/6454
f 2087/4462/6459 2062/4456/6453 2093/4461/6458
f 2076/4452/6449 2062/4456/6453 2087/4462/6459
f 2057/4439/6433 1994/4463/6460 2010/4464/6461
f 2049/4441/6435 2057/4439/6433 2010/4464/6461
f 2044/4465/6462 1994/4463/6460 2057/4439/6433
f 2044/4465/6462 2057/4439/6433 2065/4435/6429
s 0
f 2044/4465/6463 2065/4435/6464 2066/4466/6465
s 1
f 2082/4467/6466 2055/4468/6467 2068/4469/6468
f 2068/4469/6468 2066/4466/6469 2065/4435/6429
f 2068/4469/6468 2065/4435/6429 2106/4437/6431
f 2082/4467/6466 2068/4469/6468 2101/4470/6470
f 2101/4470/6470 2068/4469/6468 2106/4437/6431
f 2082/4467/6466 2084/4471/6471 2070/4472/6472
f 2084/4471/6471 2082/4467/6466 2101/4470/6470
f 2101/4470/6470 2105/4473/6473 2084/4471/6471
f 2084/4471/6471 2105/4473/6473 2083/4474/6474
f 2084/4471/6471 2083/4474/6474 2070/4472/6472
f 2034/4475/6475 2070/4472/6472 2036/4476/6476
f 2047/4477/6477 2070/4472/6472 2034/4475/6475
f 2034/4475/6475 2031/4478/6478 2047/4477/6477
f 2036/4476/6476 2026/4479/6479 2034/4475/6475
f 2048/4480/6480 2073/4481/6481 2024/4482/6482
f 2070/4472/6472 2083/4474/6474 2036/4476/6476
f 2036/4476/6476 2083/4474/6474 2048/4480/6480
f 2096/4483/6483 2083/4474/6474 2105/4473/6473
f 2105/4473/6473 2099/4484/6484 2096/4483/6483
f 2048/4480/6480 2083/4474/6474 2096/4483/6483
f 2085/4485/6485 2073/4481/6481 2048/4480/6480
f 2048/4480/6480 2096/4483/6483 2085/4485/6485
f 2096/4483/6483 2099/4484/6484 2085/4485/6485
f 2085/4485/6485 2099/4484/6484 2102/4486/6486
f 2074/4487/6487 2085/4485/6485 2102/4486/6486
f 2039/4488/6488 2073/4481/6481 2085/4485/6485
f 2074/4487/6487 2039/4488/6488 2085/4485/6485
f 2039/4488/6488 2074/4487/6487 2003/4489/6489
f 2039/4488/6488 2003/4489/6489 2012/4490/6490
f 2039/4488/6488 2012/4490/6490 2073/4481/6481
f 2073/4481/6481 2012/4490/6490 2028/4491/6491
f 2028/4491/6491 2012/4490/6490 1991/4492/6492
f 1964/4493/6493 1991/4492/6492 1963/4494/6494
f 1964/4493/6493 1963/4494/6494 1934/4495/6495
f 1980/4496/6496 1959/4497/6497 1974/4498/6498
s 0
f 1969/4499/6499 1974/4498/6500 1948/4500/6501
s 1
f 1948/4500/6502 1974/4498/6498 1957/4501/6503
f 1948/4500/6502 1941/4502/6504 1969/4499/6505
f 1941/4502/6504 1948/4500/6502 1911/4503/6506
f 1941/4502/6504 1911/4503/6506 1947/4504/6507
f 1923/4505/6508 1948/4500/6502 1957/4501/6503
f 1957/4501/6503 1959/4497/6497 1929/4506/6509
f 1959/4497/6497 1957/4501/6503 1974/4498/6498
f 1959/4497/6497 1980/4496/6496 1934/4495/6495
f 1964/4493/6493 1934/4495/6495 1980/4496/6496
f 1934/4495/6495 1963/4494/6494 1910/4507/6510
s 0
f 1934/4495/6511 1930/4508/6512 1959/4497/6513
s 1
f 1929/4506/6509 1959/4497/6497 1930/4508/6514
f 1923/4505/6508 1957/4501/6503 1929/4506/6509
f 1911/4503/6506 1948/4500/6502 1919/4509/6515
f 1919/4509/6515 1948/4500/6502 1923/4505/6508
f 1911/4503/6506 1912/4510/6516 1947/4504/6507
f 1947/4504/6507 1912/4510/6516 1906/4511/6517
f 1947/4504/6507 1906/4511/6517 1962/4512/6518
f 1967/4513/6519 1962/4512/6518 1906/4511/6517
f 1918/4514/6520 1967/4513/6519 1899/4515/6521
f 1967/4513/6519 1906/4511/6517 1899/4515/6521
f 1900/4516/6522 1899/4515/6521 1906/4511/6517
f 1899/4515/6521 1900/4516/6522 1886/4517/6523
f 1899/4515/6521 1886/4517/6523 1903/4518/6524
f 1903/4518/6524 1886/4517/6523 1873/4519/6525
f 1899/4515/6521 1903/4518/6524 1918/4514/6520
f 1903/4518/6524 1873/4519/6525 1875/4520/6526
f 1903/4518/6524 1875/4520/6526 1896/4521/6527
f 1906/4511/6517 1872/4522/6528 1900/4516/6522
f 1872/4522/6528 1906/4511/6517 1912/4510/6516
f 1934/4495/6495 1910/4507/6510 1930/4508/6514
f 1930/4508/6514 1910/4507/6510 1884/4523/6529
f 1929/4506/6509 1930/4508/6514 1890/4524/6530
f 1929/4506/6509 1893/4525/6531 1923/4505/6508
f 1919/4509/6515 1923/4505/6508 1893/4525/6531
f 1883/4526/6532 1919/4509/6515 1893/4525/6531
f 1919/4509/6515 1883/4526/6532 1911/4503/6506
f 1911/4503/6506 1883/4526/6532 1881/4527/6533
f 1912/4510/6516 1880/4528/6534 1872/4522/6528
f 1881/4527/6533 1880/4528/6534 1912/4510/6516
f 1881/4527/6533 1912/4510/6516 1911/4503/6506
f 2044/4465/6462 2006/4529/6535 1994/4463/6460
f 2044/4465/6462 2016/4530/6536 2006/4529/6535
f 2006/4529/6535 2016/4530/6536 1972/4531/6537
f 2006/4529/6535 1972/4531/6537 1982/4532/6538
f 2006/4529/6535 1982/4532/6538 1994/4463/6460
f 1972/4531/6537 2016/4530/6536 1960/4533/6539
f 2016/4530/6536 2009/4534/6540 1960/4533/6539
f 2055/4468/6467 2009/4534/6540 2016/4530/6536
f 2016/4530/6536 2044/4465/6462 2068/4469/6468
f 2016/4530/6536 2068/4469/6468 2055/4468/6467
f 2044/4465/6462 2066/4466/6469 2068/4469/6468
f 2055/4468/6467 2047/4477/6477 2009/4534/6540
f 2047/4477/6477 2055/4468/6467 2082/4467/6466
f 2070/4472/6472 2047/4477/6477 2082/4467/6466
f 2020/4442/6436 2049/4441/6435 2010/4464/6461
f 2007/4447/6441 2020/4442/6436 2010/4464/6461
f 2007/4447/6441 2010/4464/6461 1968/4535/6541
f 2010/4464/6461 1994/4463/6460 1968/4535/6541
f 1968/4535/6541 1994/4463/6460 1982/4532/6538
f 1982/4532/6538 1967/4513/6519 1968/4535/6541
f 1968/4535/6541 1971/4536/6542 1976/4537/6543
f 1971/4536/6542 1968/4535/6541 1918/4514/6520
f 1918/4514/6520 1968/4535/6541 1967/4513/6519
f 1941/4502/6504 1947/4504/6507 1960/4533/6539
f 1960/4533/6539 1947/4504/6507 1972/4531/6537
s 0
f 1962/4512/6544 1972/4531/6545 1947/4504/6546
s 1
f 1969/4499/6505 1941/4502/6504 1960/4533/6539
f 1972/4531/6537 1962/4512/6518 1982/4532/6538
f 1982/4532/6538 1962/4512/6518 1967/4513/6519
f 1847/4538/6547 1877/4539/6548 1876/4540/6549
f 1854/4541/6550 1882/4542/6551 1875/4543/6526
f 1854/4541/6550 1875/4543/6526 1837/4544/6552
f 1875/4543/6526 1873/4545/6525 1855/4546/6553
f 1837/4544/6552 1875/4543/6526 1855/4546/6553
f 1873/4545/6525 1836/4547/6554 1855/4546/6553
f 1836/4547/6554 1873/4545/6525 1886/4548/6523
f 1841/4549/6555 1900/4550/6522 1872/4551/6528
f 1867/4552/6556 1880/4553/6534 1835/4554/6557
f 1883/4555/6532 1835/4554/6557 1881/4556/6533
f 1835/4554/6557 1880/4553/6534 1881/4556/6533
f 1863/4557/6558 1929/4558/6509 1890/4559/6530
f 1874/4560/6559 1890/4559/6530 1884/4561/6529
f 1910/4562/6510 1902/4563/6560 1851/4564/6561
f 1821/4565/6562 1851/4564/6561 1902/4563/6560
f 1821/4565/6562 1902/4563/6560 1904/4566/6563
f 1868/4567/6564 1904/4566/6563 1921/4568/6565
f 1858/4569/6566 1868/4567/6564 1921/4568/6565
f 1864/4570/6567 1904/4566/6563 1868/4567/6564
f 1890/4559/6530 1829/4571/6568 1863/4557/6558
f 1893/4572/6531 1863/4557/6558 1844/4573/6569
f 1845/4574/6570 1883/4555/6532 1893/4572/6531
s 0
f 1861/4575/6571 1886/4548/6572 1900/4550/6573
f 1836/4547/6574 1886/4548/6575 1861/4575/6576
s 1
f 1837/4544/6552 1855/4546/6553 1802/4576/6577
f 1872/4551/6528 1880/4553/6534 1867/4552/6556
s 0
f 1872/4551/6578 1832/4577/6579 1841/4549/6580
s 1
f 1832/4577/6581 1872/4551/6528 1831/4578/6582
f 1831/4578/6582 1872/4551/6528 1867/4552/6556
f 1847/4538/6547 1854/4541/6550 1814/4579/6583
f 1876/4540/6549 1882/4542/6551 1854/4541/6550
f 1876/4540/6549 1854/4541/6550 1847/4538/6547
f 1865/4580/6584 1877/4539/6548 1853/4581/6585
f 1877/4539/6548 1847/4538/6547 1848/4582/6586
f 1778/4583/6587 1853/4581/6585 1877/4539/6548
f 1853/4581/6585 1778/4583/6587 1779/4584/6588
f 1778/4583/6587 1877/4539/6548 1848/4582/6586
f 1819/4585/6589 1848/4582/6586 1847/4538/6547
f 1854/4541/6550 1837/4544/6552 1814/4579/6583
f 1802/4576/6577 1855/4546/6553 1836/4547/6554
f 1883/4555/6532 1845/4574/6570 1849/4586/6590
s 0
f 1845/4574/6591 1893/4572/6592 1844/4573/6593
s 1
f 1844/4573/6569 1863/4557/6558 1810/4587/6594
f 1863/4557/6558 1829/4571/6568 1810/4587/6594
f 1874/4560/6559 1910/4562/6510 1851/4564/6561
f 1829/4571/6568 1890/4559/6530 1874/4560/6559
f 1864/4570/6567 1821/4565/6562 1904/4566/6563
f 1822/4588/6595 1858/4569/6566 1857/4589/6596
f 1858/4569/6566 1822/4588/6595 1868/4567/6564
f 1866/4590/6597 1894/4591/6598 1860/4592/6599
f 1887/4593/6600 1838/4594/6601 1850/4595/6602
s 0
f 1827/4596/6603 1889/4597/6604 1898/4598/6605
s 1
f 1827/4596/6606 1898/4598/6607 1862/4599/6608
f 1860/4592/6599 1894/4591/6598 1888/4600/6609
f 1866/4590/6597 1887/4593/6600 1894/4591/6598
f 1913/4601/6610 1858/4569/6566 1921/4568/6565
s 0
f 1835/4554/6611 1883/4555/6612 1849/4586/6613
s 1
f 1833/4602/6614 1835/4554/6557 1849/4586/6615
f 1867/4552/6556 1835/4554/6557 1831/4578/6582
f 1835/4554/6557 1833/4602/6614 1831/4578/6582
f 1836/4547/6554 1812/4603/6616 1802/4576/6577
f 1809/4604/6617 1837/4544/6552 1802/4576/6577
f 1847/4538/6547 1814/4579/6583 1819/4585/6589
f 1842/4605/6618 1779/4584/6588 1816/4606/6619
s 0
f 1861/4575/6620 1900/4550/6621 1805/4607/6622
s 1
f 1805/4607/6623 1900/4550/6522 1841/4549/6555
s 0
f 1836/4547/6624 1861/4575/6625 1812/4603/6626
f 1861/4575/6627 1805/4607/6628 1792/4608/6629
f 1861/4575/6630 1792/4608/6631 1812/4603/6632
s 1
f 1819/4585/6589 1814/4579/6583 1782/4609/6633
s 0
f 1848/4582/6634 1819/4585/6635 1782/4609/6636
f 1779/4584/6637 1842/4605/6638 1853/4581/6639
s 1
f 1878/4610/6640 1842/4605/6618 1816/4606/6619
f 1914/4611/6641 1878/4610/6640 1815/4612/6642
f 1914/4611/6641 1815/4612/6642 1931/4613/6643
f 1895/4614/6644 1806/4615/6645 1879/4616/6646
f 1897/4617/6647 1879/4616/6646 1852/4618/6648
f 1846/4619/6649 1815/4612/6642 1878/4610/6640
f 1846/4619/6649 1878/4610/6640 1816/4606/6619
f 1797/4620/6650 1845/4574/6651 1844/4573/6569
f 1874/4560/6559 1851/4564/6561 1804/4621/6652
f 1797/4620/6650 1844/4573/6569 1810/4587/6594
f 1793/4622/6653 1803/4623/6654 1849/4586/6615
f 1849/4586/6615 1803/4623/6654 1833/4602/6614
s 0
f 1793/4622/6655 1849/4586/6656 1845/4574/6657
f 1793/4622/6658 1845/4574/6659 1797/4620/6660
s 1
f 1833/4602/6614 1803/4623/6654 1801/4624/6661
f 1831/4578/6582 1833/4602/6614 1801/4624/6661
f 1799/4625/6662 1831/4578/6582 1801/4624/6661
f 1831/4578/6582 1799/4625/6662 1791/4626/6663
s 0
f 1791/4626/6664 1805/4607/6665 1832/4577/6666
s 1
f 1791/4626/6663 1832/4577/6581 1831/4578/6582
f 1832/4577/6667 1805/4607/6623 1841/4549/6555
f 1785/4627/6668 1804/4621/6652 1851/4564/6561
f 1785/4627/6668 1821/4565/6562 1755/4628/6669
f 1755/4628/6669 1821/4565/6562 1800/4629/6670
f 1821/4565/6562 1824/4630/6671 1800/4629/6670
f 1824/4630/6671 1822/4588/6595 1808/4631/6672
f 1785/4627/6668 1851/4564/6561 1821/4565/6562
f 1824/4630/6671 1821/4565/6562 1864/4570/6567
f 1822/4588/6595 1824/4630/6671 1868/4567/6564
f 1864/4570/6567 1868/4567/6564 1824/4630/6671
f 1811/4632/6673 1857/4589/6596 1843/4633/6674
f 1843/4633/6674 1850/4595/6602 1838/4594/6601
f 1843/4633/6674 1838/4594/6601 1820/4634/6675
f 1820/4634/6675 1838/4594/6601 1840/4635/6676
f 1843/4633/6674 1798/4636/6677 1811/4632/6673
f 1807/4637/6678 1840/4635/6676 1866/4590/6597
s 0
f 1830/4638/6679 1807/4637/6680 1860/4592/6681
s 1
f 1827/4596/6606 1825/4639/6682 1760/4640/6683
s 0
f 1827/4596/6684 1781/4641/6685 1830/4638/6686
f 1760/4640/6687 1825/4639/6688 1823/4642/6689
f 1830/4638/6690 1781/4641/6691 1784/4643/6692
s 1
f 1823/4642/6693 1834/4644/6694 1769/4645/6695
f 1769/4645/6695 1834/4644/6694 1773/4646/6696
f 1773/4646/6696 1839/4647/6697 1818/4648/6698
f 1814/4579/6583 1837/4544/6552 1809/4604/6617
s 0
f 1802/4576/6699 1790/4649/6700 1809/4604/6701
s 1
f 1814/4579/6583 1794/4650/6702 1782/4609/6633
s 0
f 1792/4608/6703 1789/4651/6704 1812/4603/6705
f 1805/4607/6706 1791/4626/6707 1761/4652/6708
s 1
f 1812/4653/6616 1790/4654/6709 1802/4655/6577
f 1803/4656/6654 1793/4657/6653 1787/4658/6710
f 1797/4659/6650 1787/4658/6710 1793/4657/6653
f 1804/4660/6652 1785/4661/6668 1748/4662/6711
f 1824/4663/6671 1808/4664/6672 1800/4665/6670
s 0
f 1786/4666/6712 1798/4667/6713 1820/4668/6714
s 1
f 1784/4669/6715 1781/4670/6716 1758/4671/6717
f 1784/4669/6715 1758/4671/6717 1736/4672/6718
f 1736/4672/6718 1758/4671/6717 1734/4673/6719
f 1734/4673/6719 1672/4674/6720 1759/4675/6721
f 1756/4676/6722 1723/4677/6723 1564/4678/6724
f 1752/4679/6725 1700/4680/6726 1727/4681/6727
f 1707/4682/6728 1729/4683/6729 1564/4678/6724
s 0
f 1805/4684/6730 1761/4685/6731 1788/4686/6732
s 1
f 1805/4684/6733 1788/4686/6734 1792/4687/6735
f 1794/4688/6702 1814/4689/6583 1809/4690/6617
f 1848/4691/6586 1780/4692/6736 1778/4693/6587
f 1778/4693/6587 1780/4692/6736 1737/4694/6737
f 1778/4693/6587 1737/4694/6737 1764/4695/6738
f 1721/4696/6739 1779/4697/6588 1764/4695/6738
f 1780/4692/6740 1782/4698/6633 1774/4699/6741
f 1774/4699/6741 1782/4698/6633 1794/4688/6702
f 1737/4694/6737 1746/4700/6355 1764/4695/6738
s 0
f 1780/4692/6742 1774/4699/6743 1737/4694/6744
s 1
f 1739/4701/6745 1743/4702/6746 1351/4703/6747
f 1733/4704/6748 1735/4705/6749 1722/4706/6750
f 1719/4707/6751 1772/4708/6752 1484/4709/6753
f 1719/4707/6751 1705/4710/6754 1741/4711/6755
f 1712/4712/6756 1708/4713/6757 1744/4714/6758
f 1594/4715/6354 1721/4696/6739 1746/4700/6355
f 1449/4716/6343 1702/4717/6351 1704/4718/6346
s 0
f 1368/4719/6759 1717/4720/6760 1738/4721/6761
s 1
f 1717/4720/6345 1704/4718/6346 1754/4722/6762
f 1738/4721/6763 1717/4720/6345 1754/4722/6762
f 1711/4723/6349 1725/4724/6764 1319/4725/6344
s 0
f 1319/4725/6765 1725/4724/6766 1718/4726/6767
s 1
f 1476/4727/6352 1554/4728/6353 1737/4694/6737
f 1737/4694/6737 1554/4728/6353 1746/4700/6355
f 1739/4701/6745 1247/4729/6768 1731/4730/6769
f 1476/4727/6352 1774/4699/6741 1711/4723/6349
f 1476/4727/6352 1737/4694/6737 1774/4699/6741
f 1711/4723/6349 1774/4699/6741 1725/4724/6764
f 1743/4702/6746 1721/4696/6739 1351/4703/6747
f 1735/4705/6749 1731/4730/6769 1722/4706/6750
f 1733/4704/6748 1722/4706/6750 1604/4731/6770
f 1791/4732/6663 1799/4733/6662 1762/4734/6771
f 1750/4735/6772 1799/4733/6662 1801/4736/6661
f 1797/4659/6650 1747/4737/6773 1787/4658/6710
f 1770/4738/6774 1797/4659/6650 1810/4739/6594
f 1829/4740/6568 1730/4741/6775 1810/4739/6594
f 1797/4659/6650 1770/4738/6774 1747/4737/6773
f 1751/4742/6776 1787/4658/6710 1747/4737/6773
f 1803/4656/6654 1787/4658/6710 1751/4742/6776
f 1730/4741/6775 1770/4738/6774 1810/4739/6594
f 1785/4661/6668 1755/4743/6669 1664/4744/6777
f 1786/4666/6778 1771/4745/6779 1798/4667/6677
f 1757/4746/6780 1798/4667/6677 1771/4745/6779
f 1756/4676/6722 1771/4745/6779 1786/4666/6778
f 1786/4666/6778 1783/4747/6781 1756/4676/6722
s 0
f 1807/4748/6782 1784/4669/6783 1736/4672/6784
s 1
f 1783/4747/6785 1807/4748/6678 1759/4675/6721
f 1771/4745/6779 1752/4679/6725 1757/4746/6780
f 1813/4749/6786 1757/4746/6780 1727/4681/6787
f 1752/4679/6725 1771/4745/6779 1729/4683/6729
s 0
f 1757/4746/6788 1752/4679/6789 1727/4681/6790
f 1808/4664/6791 1813/4749/6792 1727/4681/6793
s 1
f 1715/4750/6794 1417/4751/6377 1730/4741/6775
f 1715/4750/6794 1730/4741/6775 1748/4662/6711
f 1770/4738/6774 1730/4741/6775 1713/4752/6417
f 1714/4753/6795 1664/4744/6777 1755/4743/6669
f 1726/4754/6796 1755/4743/6669 1800/4665/6670
f 1755/4743/6669 1726/4754/6796 1714/4753/6795
f 1724/4755/6797 1808/4664/6672 1727/4681/6727
f 1808/4664/6672 1724/4755/6797 1726/4754/6796
f 1808/4664/6672 1726/4754/6796 1800/4665/6670
f 1770/4738/6774 1710/4756/6798 1747/4737/6773
f 1664/4744/6777 1715/4750/6794 1748/4662/6711
f 1785/4661/6668 1664/4744/6777 1748/4662/6711
s 0
f 1803/4656/6799 1751/4742/6800 1750/4735/6801
s 1
f 1762/4734/6771 1749/4757/6802 1761/4685/6803
f 1750/4735/6772 1716/4758/6804 1762/4734/6771
f 1749/4757/6802 1762/4734/6771 1716/4758/6804
f 1761/4685/6803 1749/4757/6802 1732/4759/6805
s 0
f 1788/4686/6806 1761/4685/6807 1732/4759/6808
s 1
f 1768/4760/6809 1754/4722/6810 1789/4761/6811
f 1789/4761/6811 1754/4722/6810 1812/4653/6812
f 1763/4762/6813 1790/4654/6814 1745/4763/6815
s 0
f 1790/4654/6816 1812/4653/6817 1745/4763/6818
f 1745/4763/6819 1812/4653/6820 1754/4722/6821
s 1
f 1763/4762/6813 1702/4717/6351 1742/4764/6822
f 1742/4764/6822 1725/4724/6764 1774/4699/6741
s 0
f 1702/4717/6823 1763/4762/6824 1745/4763/6825
f 1738/4721/6826 1754/4722/6827 1768/4760/6828
s 1
f 1738/4721/6829 1768/4760/6830 1728/4765/6831
s 0
f 1732/4759/6832 1728/4765/6833 1788/4686/6834
s 1
f 1728/4765/6831 1768/4760/6830 1788/4686/6734
f 1754/4722/6762 1704/4718/6346 1745/4763/6835
f 1704/4718/6346 1702/4717/6351 1745/4763/6835
f 1718/4726/6350 1725/4724/6764 1742/4764/6822
f 1718/4726/6350 1742/4764/6822 1702/4717/6351
s 0
f 1792/4687/6836 1768/4760/6837 1789/4761/6838
s 1
f 1792/4687/6735 1788/4686/6734 1768/4760/6830
f 1762/4734/6771 1799/4733/6662 1750/4735/6772
f 1750/4735/6772 1801/4736/6661 1803/4656/6654
f 1791/4732/6663 1762/4734/6771 1761/4685/6803
f 1763/4762/6813 1742/4764/6822 1794/4688/6702
f 1750/4735/6772 1751/4742/6776 1716/4758/6804
f 1747/4737/6773 1710/4756/6798 1751/4742/6776
f 1710/4756/6798 1770/4738/6774 1713/4752/6417
s 0
f 1730/4741/6839 1417/4751/6840 1713/4752/6841
s 1
f 1749/4757/6802 1720/4766/6407 1732/4759/6805
s 0
f 1701/4767/6842 1728/4765/6843 1732/4759/6844
s 1
f 1720/4766/6407 1749/4757/6802 1716/4758/6804
f 1732/4759/6805 1720/4766/6407 1701/4767/6408
s 0
f 1738/4721/6845 1728/4765/6846 1368/4719/6847
s 1
f 1368/4719/6288 1728/4765/6848 1701/4767/6406
s 0
f 1706/4768/6849 1720/4766/6850 1716/4758/6851
s 1
f 1714/4753/6795 1726/4754/6796 1626/4769/6852
s 0
f 4113/4770/6853 3990/4771/6854 4151/4772/6855
s 1
f 4189/4773/6856 4151/4772/6857 4178/4774/6858
s 0
f 4220/4775/6859 4178/4774/6860 4151/4772/6861
f 4199/4776/6862 4228/4777/6863 4194/4778/6864
s 1
f 4193/4779/6865 4183/4780/6866 4185/4781/6867
f 4193/4779/6865 4185/4781/6867 4212/4782/6868
f 4207/4783/6869 4212/4782/6868 4140/4784/6870
f 4207/4783/6869 4140/4784/6870 4190/4785/6871
f 4196/4786/6872 4221/4787/6873 4188/4788/6874
f 4224/4789/6875 4196/4790/6872 4200/4791/6876
f 4200/4791/6876 4188/4788/6874 4158/4792/6877
s 0
f 4186/4793/6878 4192/4794/6879 4137/4795/6880
s 1
f 4186/4793/6881 4137/4795/6882 4191/4796/6883
f 4137/4795/6882 4159/4797/6884 4184/4798/6885
f 4137/4795/6882 4184/4798/6885 4191/4796/6883
f 4188/4788/6874 4159/4797/6884 4161/4799/6886
f 4175/4800/6887 4146/4801/6888 4150/4802/6889
f 4123/4803/6890 4160/4804/6891 4103/4805/6892
s 0
f 4103/4805/6893 4160/4804/6894 4169/4806/6895
s 1
f 4103/4805/6892 4125/4807/6896 4123/4803/6890
f 4125/4807/6896 4103/4805/6892 3530/4808/6897
f 4103/4805/6892 3615/4809/6898 3530/4808/6897
f 3615/4809/6898 4103/4805/6892 4107/4810/6899
f 3666/4811/6900 4142/4812/6901 4104/4813/6902
f 4142/4812/6901 3666/4811/6900 4107/4810/6899
f 4104/4813/6902 4142/4812/6901 4105/4814/6903
f 3666/4811/6900 3615/4809/6898 4107/4810/6899
f 3509/4815/6904 4104/4813/6902 4105/4814/6903
f 3494/4816/6905 3509/4815/6904 4127/4817/6906
f 4127/4817/6906 3509/4815/6904 4105/4814/6903
f 3516/4818/6907 3523/4819/6908 3467/4820/6909
f 3467/4820/6909 3523/4819/6908 3481/4821/6910
f 3430/4822/6911 3481/4821/6910 3583/4823/6096
f 4132/4824/6912 3516/4818/6907 3475/4825/6913
f 3475/4825/6913 3494/4816/6905 4119/4826/6914
f 4119/4826/6914 3494/4816/6905 4127/4817/6906
f 4142/4812/6901 4107/4810/6899 4169/4806/6915
s 0
f 4107/4810/6916 4103/4805/6917 4169/4806/6918
s 1
f 4150/4802/6919 4105/4814/6903 4142/4812/6901
f 4146/4801/6888 4158/4792/6877 4127/4817/6906
f 4146/4801/6888 4127/4817/6906 4105/4814/6903
f 4119/4826/6914 4139/4827/6920 3475/4825/6913
f 3475/4825/6913 4139/4827/6920 4132/4824/6912
f 3516/4818/6907 4132/4824/6912 3523/4819/6908
f 4119/4826/6914 4127/4817/6906 4161/4799/6886
f 4161/4799/6886 4127/4817/6906 4158/4792/6877
f 4119/4826/6914 4161/4799/6886 4139/4827/6920
f 4132/4824/6912 4139/4827/6920 4137/4795/6882
f 4138/4828/6921 4132/4824/6912 4137/4795/6882
f 3481/4821/6910 4138/4828/6921 4133/4829/6922
f 4143/4830/6093 4183/4780/6866 4147/4831/6923
f 4140/4784/6870 3726/4832/6924 4190/4785/6871
f 4114/4833/6097 4197/4834/6925 4198/4835/6926
f 4114/4833/6097 4198/4835/6926 4171/4836/6927
f 4185/4781/6867 4140/4784/6870 4212/4782/6868
f 4166/4837/6928 4198/4835/6926 4211/4838/6929
s 0
f 4199/4776/6930 4194/4778/6931 4173/4839/6932
f 4194/4778/6933 4228/4777/6934 4195/4840/6935
s 1
f 4225/4841/6936 4155/4842/6937 4195/4840/6938
f 4232/4843/6939 4163/4844/6940 4238/4845/6941
f 4121/4846/6942 4232/4843/6943 4220/4775/6944
s 0
f 4163/4844/6945 4232/4843/6946 4121/4846/6947
s 1
f 4220/4775/6944 4151/4772/6948 4121/4846/6942
f 4163/4844/6940 4122/4847/6949 4155/4842/6937
f 4163/4844/6940 4155/4842/6937 4238/4845/6941
f 4164/4848/6950 4195/4840/6938 4155/4842/6937
f 4173/4839/6951 4166/4837/6928 4219/4849/6952
f 4171/4836/6927 4198/4835/6926 4166/4837/6928
f 3849/4850/6071 3614/4851/6070 4122/4847/6949
f 3614/4851/6070 3992/4852/6077 4122/4847/6949
f 3849/4850/6071 4121/4846/6942 3990/4771/6072
s 0
f 3849/4850/6953 4122/4847/6954 4121/4846/6955
f 4117/4853/6956 4115/4854/6957 4167/4855/6958
s 1
f 3980/4856/6099 3511/4857/6086 4112/4858/6098
f 4147/4831/6923 3462/4859/6092 4143/4830/6093
f 3583/4823/6096 3726/4832/6924 3584/4860/6095
f 4138/4828/6921 3481/4821/6910 3523/4819/6908
f 3523/4819/6908 4132/4824/6912 4138/4828/6921
f 4133/4829/6922 3583/4823/6096 3481/4821/6910
f 3726/4832/6924 3583/4823/6096 4133/4829/6922
f 3584/4860/6095 3726/4832/6924 4140/4784/6870
f 3462/4859/6092 4147/4831/6923 4114/4833/6097
f 4185/4781/6867 4143/4830/6093 3584/4860/6095
f 4185/4781/6867 3584/4860/6095 4140/4784/6870
s 0
f 4121/4846/6959 4122/4847/6960 4163/4844/6961
s 1
f 4153/4861/6962 4122/4847/6949 3992/4852/6077
f 4153/4861/6962 3992/4852/6077 4117/4853/6076
f 4117/4853/6076 4167/4855/6963 4153/4861/6962
s 0
f 4141/4862/6964 4167/4855/6965 4120/4863/6966
s 1
f 4157/4864/6967 4141/4862/6968 4120/4863/6100
f 3980/4856/6099 4157/4864/6967 4120/4863/6100
f 4171/4836/6927 4157/4864/6967 3980/4856/6099
f 4114/4833/6097 4171/4836/6927 4112/4858/6098
f 4112/4858/6098 4171/4836/6927 3980/4856/6099
f 4166/4837/6928 4157/4864/6967 4171/4836/6927
f 4153/4861/6962 4164/4848/6950 4155/4842/6937
f 4122/4847/6949 4153/4861/6962 4155/4842/6937
f 3990/4771/6072 4121/4846/6942 4151/4772/6948
f 4164/4848/6950 4153/4861/6962 4167/4855/6963
f 4141/4862/6968 4157/4864/6967 4166/4837/6928
f 4173/4839/6951 4141/4862/6968 4166/4837/6928
f 4185/4781/6867 4183/4780/6866 4143/4830/6093
f 4147/4831/6923 4183/4780/6866 4197/4834/6925
f 4197/4834/6925 4114/4833/6097 4147/4831/6923
f 4195/4840/6938 4164/4848/6950 4167/4855/6963
f 4194/4778/6969 4167/4855/6963 4141/4862/6968
f 4141/4862/6968 4173/4839/6951 4194/4778/6969
f 4195/4840/6938 4167/4855/6963 4194/4778/6969
f 4225/4865/6936 4238/4866/6941 4155/4867/6937
f 4225/4865/6936 4195/4868/6938 4228/4869/6970
f 4219/4870/6952 4166/4871/6928 4211/4872/6929
f 4219/4870/6952 4199/4873/6971 4173/4874/6951
f 4178/4875/6972 4220/4876/6973 4252/4877/6974
f 4231/4878/6975 4220/4876/6944 4232/4879/6943
s 0
f 4232/4879/6976 4238/4866/6977 4254/4880/6978
s 1
f 4232/4879/6943 4254/4880/6979 4231/4878/6975
f 4237/4881/6980 4247/4882/6981 4228/4869/6970
f 4237/4881/6980 4228/4869/6970 4199/4873/6971
f 4228/4869/6970 4247/4882/6981 4225/4865/6936
f 4199/4873/6971 4219/4870/6952 4234/4883/6982
f 4198/4884/6926 4197/4885/6925 4253/4886/6983
f 4253/4886/6983 4197/4885/6925 4204/4887/6984
f 4204/4887/6984 4183/4888/6866 4193/4889/6865
f 4221/4890/6873 4184/4891/6885 4188/4892/6874
f 4230/4893/6985 4186/4894/6881 4191/4895/6883
f 4229/4896/6986 4191/4895/6883 4236/4897/6987
f 4236/4897/6987 4191/4895/6883 4184/4891/6885
f 4236/4897/6987 4184/4891/6885 4221/4890/6873
f 4202/4898/6988 4206/4899/6989 4223/4900/6990
f 4191/4895/6883 4229/4896/6986 4230/4893/6985
s 0
f 4226/4901/6991 4186/4894/6992 4230/4893/6993
s 1
f 4226/4901/6994 4207/4902/6869 4192/4903/6995
s 0
f 4207/4902/6996 4190/4904/6997 4192/4903/6998
s 1
f 4226/4901/6994 4192/4903/6995 4186/4894/6999
f 4214/4905/7000 4178/4875/7001 4251/4906/7002
f 4177/4907/7003 4187/4908/7004 4227/4909/7005
f 4240/4910/7006 4214/4905/7000 4251/4906/7002
s 0
f 4178/4875/7007 4252/4877/7008 4251/4906/7009
f 4252/4877/7010 4220/4876/7011 4231/4878/7012
s 1
f 4240/4910/7006 4187/4908/7004 4214/4905/7000
f 4187/4908/7004 4240/4910/7006 4248/4911/7013
f 4174/4912/7014 4217/4913/7015 4218/4914/7016
f 4213/4915/7017 4201/4916/7018 4218/4914/7016
f 4213/4915/7017 4218/4914/7016 4250/4917/7019
f 4263/4918/7020 4218/4914/7016 4217/4913/7015
f 4218/4914/7016 4263/4918/7020 4250/4917/7019
f 4227/4909/7005 4248/4911/7013 4279/4919/7021
f 4227/4909/7005 4279/4919/7021 4278/4920/7022
s 0
f 4227/4909/7023 4278/4920/7024 4217/4913/7025
s 1
f 4258/4921/7026 4213/4915/7027 4299/4922/7028
f 4299/4922/7028 4213/4915/7027 4316/4923/7029
s 0
f 4316/4923/7030 4213/4915/7031 4250/4917/7032
s 1
f 4316/4923/7029 4250/4917/7019 4291/4924/7033
f 4263/4918/7020 4291/4924/7033 4250/4917/7019
f 4263/4918/7020 4303/4925/7034 4291/4924/7033
f 4278/4920/7022 4279/4919/7021 4287/4926/7035
f 4287/4927/7035 4279/4919/7021 4276/4928/7036
f 4324/4929/7037 4276/4928/7036 4257/4930/7038
f 4294/4931/7039 4324/4929/7037 4257/4930/7038
s 0
f 4257/4930/7040 4252/4877/7041 4294/4931/7042
f 4252/4877/7043 4266/4932/7044 4294/4931/7045
f 4231/4878/7046 4266/4932/7047 4252/4877/7048
s 1
f 4279/4919/7021 4248/4911/7013 4276/4928/7036
f 4276/4928/7036 4248/4911/7013 4240/4910/7006
f 4276/4928/7036 4251/4906/7049 4257/4930/7038
s 0
f 4276/4928/7050 4240/4910/7051 4251/4906/7052
s 1
f 4251/4906/7049 4252/4877/7053 4257/4930/7038
f 4248/4911/7013 4227/4909/7005 4187/4908/7004
f 4199/4873/6971 4234/4883/6982 4237/4881/6980
f 4233/4933/7054 4234/4883/6982 4219/4870/6952
f 4233/4933/7054 4219/4870/6952 4211/4872/6929
f 4264/4934/7055 4234/4883/6982 4233/4933/7054
f 4246/4935/7056 4233/4933/7054 4211/4872/6929
f 4249/4936/7057 4204/4887/6984 4193/4889/6865
f 4193/4889/6865 4212/4937/6868 4268/4938/7058
f 4212/4937/6868 4207/4902/6869 4268/4938/7058
f 4229/4896/6986 4236/4897/6987 4259/4939/7059
f 4259/4939/7059 4236/4897/6987 4256/4940/7060
f 4236/4897/6987 4221/4890/6873 4256/4940/7060
f 4256/4940/7060 4196/4941/6872 4260/4942/7061
f 4256/4940/7060 4221/4890/6873 4196/4941/6872
s 0
f 4260/4942/7062 4196/4941/7063 4255/4943/7064
s 1
f 4230/4893/6985 4229/4896/6986 4274/4944/7065
f 4230/4893/6985 4274/4944/7065 4226/4901/6994
f 4226/4901/6994 4274/4944/7065 4275/4945/7066
f 4226/4901/6994 4275/4945/7066 4207/4902/6869
f 4204/4887/6984 4249/4936/7057 4253/4886/6983
f 4296/4946/7067 4229/4896/6986 4259/4939/7059
f 4274/4944/7065 4229/4896/6986 4296/4946/7067
f 4310/4947/7068 4260/4942/7061 4255/4943/7069
f 4310/4947/7068 4255/4943/7069 4277/4948/7070
f 4309/4949/7071 4272/4950/7072 4283/4951/7073
f 4273/4952/7074 4327/4953/7075 4283/4951/7073
f 4326/4954/7076 4273/4952/7074 4267/4955/7077
f 4309/4949/7071 4270/4956/7078 4272/4950/7072
f 4238/4866/6941 4265/4957/7079 4254/4880/6979
f 4265/4957/7079 4238/4866/6941 4225/4865/6936
f 4266/4932/7080 4231/4878/6975 4254/4880/6979
f 4225/4865/6936 4247/4882/6981 4265/4957/7079
f 4254/4880/6979 4265/4957/7079 4285/4958/7081
f 4280/4959/7082 4269/4960/7083 4247/4882/6981
f 4266/4932/7080 4254/4880/6979 4285/4958/7081
f 4293/4961/7084 4297/4962/7085 4264/4934/7086
f 4247/4882/6981 4269/4960/7083 4265/4957/7079
s 0
f 4297/4962/7087 4280/4959/7088 4237/4881/7089
s 1
f 4237/4881/6980 4280/4959/7082 4247/4882/6981
s 0
f 4264/4934/7090 4237/4881/7091 4234/4883/7092
s 1
f 4287/4963/7035 4305/4964/7093 4278/4965/7022
f 4278/4965/7022 4305/4964/7093 4303/4966/7034
f 4267/4967/7077 4292/4968/7094 4319/4969/7095
f 4267/4967/7077 4319/4969/7095 4326/4970/7076
f 4319/4969/7095 4292/4968/7094 4302/4971/7096
f 4302/4971/7096 4292/4968/7094 4304/4972/7097
f 4319/4969/7095 4302/4971/7096 4328/4973/7098
f 4319/4969/7095 4328/4973/7098 4326/4970/7076
f 4347/4974/7099 4327/4975/7075 4356/4976/7100
f 4356/4976/7100 4327/4975/7075 4328/4973/7098
f 4327/4975/7075 4326/4970/7076 4328/4973/7098
f 4328/4973/7098 4302/4971/7096 4351/4977/7101
f 4356/4976/7100 4328/4973/7098 4378/4978/7102
s 0
f 4368/4979/7103 4328/4973/7104 4351/4977/7105
s 1
f 4328/4973/7098 4368/4979/7106 4378/4978/7102
f 4412/4980/7107 4378/4978/7102 4415/4981/7108
f 4378/4978/7102 4368/4979/7106 4415/4981/7108
f 4371/4982/7109 4368/4979/7106 4351/4977/7101
f 4368/4979/7106 4371/4982/7109 4413/4983/7110
f 4374/4984/7111 4371/4982/7109 4333/4985/7112
f 4371/4982/7109 4351/4977/7101 4333/4985/7112
f 4333/4985/7112 4351/4977/7101 4302/4971/7096
f 4346/4986/7113 4333/4985/7112 4306/4987/7114
f 4333/4985/7112 4304/4972/7097 4306/4987/7114
f 4333/4985/7112 4302/4971/7096 4304/4972/7097
f 4346/4986/7113 4306/4987/7114 4312/4988/7115
f 4312/4988/7115 4316/4989/7029 4348/4990/7116
f 4346/4986/7113 4312/4988/7115 4348/4990/7116
f 4348/4990/7116 4316/4989/7029 4321/4991/7117
f 4348/4990/7116 4321/4991/7117 4320/4992/7118
f 4348/4990/7116 4320/4992/7118 4339/4993/7119
f 4346/4986/7113 4367/4994/7120 4374/4984/7111
f 4346/4986/7113 4348/4990/7116 4363/4995/7121
f 4367/4994/7120 4346/4986/7113 4363/4995/7121
f 4374/4984/7111 4333/4985/7112 4346/4986/7113
f 4363/4995/7121 4348/4990/7116 4379/4996/7122
f 4379/4996/7122 4348/4990/7116 4339/4993/7119
f 4339/4993/7119 4341/4997/7123 4359/4998/7124
f 4341/4997/7123 4383/4999/7125 4359/4998/7124
f 4379/4996/7122 4339/4993/7119 4359/4998/7124
f 4363/4995/7121 4379/4996/7122 4426/5000/7126
f 4367/4994/7120 4363/4995/7121 4420/5001/7127
f 4374/4984/7111 4367/4994/7120 4411/5002/7128
f 4411/5002/7128 4367/4994/7120 4420/5001/7127
f 4374/4984/7111 4411/5002/7128 4413/4983/7110
f 4371/4982/7109 4374/4984/7111 4413/4983/7110
f 4413/4983/7110 4411/5002/7128 4444/5003/7129
f 4368/4979/7106 4413/4983/7110 4415/4981/7108
f 4413/4983/7110 4417/5004/7130 4415/4981/7108
f 4464/5005/7131 4419/5006/7132 4412/4980/7107
f 4464/5005/7131 4412/4980/7107 4415/4981/7108
f 4419/5006/7132 4464/5005/7131 4475/5007/7133
f 4464/5005/7131 4415/4981/7108 4476/5008/7134
f 4444/5003/7129 4443/5009/7135 4413/4983/7110
f 4413/4983/7110 4443/5009/7135 4417/5004/7130
f 4484/5010/7136 4411/5002/7128 4421/5011/7137
f 4420/5001/7127 4426/5000/7126 4440/5012/7138
f 4436/5013/7139 4440/5012/7138 4423/5014/7140
f 4423/5014/7140 4440/5012/7138 4426/5000/7126
f 4452/5015/7141 4436/5013/7139 4423/5014/7140
f 4452/5015/7141 4423/5014/7140 4418/5016/7142
f 4451/5017/7143 4452/5015/7141 4418/5016/7142
f 4404/5018/7144 4418/5016/7142 4399/5019/7145
f 4399/5019/7145 4418/5016/7142 4423/5014/7140
f 4399/5019/7145 4423/5014/7140 4426/5000/7126
f 4379/4996/7122 4399/5019/7145 4426/5000/7126
f 4399/5019/7145 4379/4996/7122 4359/4998/7124
f 4399/5019/7145 4359/4998/7124 4383/4999/7125
f 4399/5019/7145 4383/4999/7125 4404/5018/7144
f 4369/5020/7146 4373/5021/7147 4352/5022/7148
f 4352/5022/7148 4373/5021/7147 4343/5023/7149
f 4343/5023/7149 4373/5021/7147 4370/5024/7150
f 4342/5025/7151 4343/5023/7149 4370/5024/7150
f 4370/5024/7150 4383/4999/7125 4342/5025/7151
f 4383/4999/7125 4341/4997/7123 4342/5025/7151
f 4358/5026/7152 4352/5022/7148 4335/5027/7153
f 4358/5026/7152 4335/5027/7153 4372/5028/7154
f 4357/5029/7155 4372/5028/7154 4335/5027/7153
f 4358/5026/7152 4369/5020/7146 4352/5022/7148
f 4369/5020/7146 4358/5026/7152 4373/5021/7147
f 4373/5021/7147 4358/5026/7152 4414/5030/7156
f 4373/5021/7147 4414/5030/7156 4401/5031/7157
f 4373/5021/7147 4401/5031/7157 4398/5032/7158
f 4401/5031/7157 4406/5033/7159 4398/5032/7158
f 4370/5024/7150 4373/5021/7147 4398/5032/7158
f 4383/4999/7125 4370/5024/7150 4398/5032/7158
f 4383/4999/7125 4398/5032/7158 4404/5018/7144
f 4425/5034/7160 4406/5033/7159 4401/5031/7157
f 4401/5031/7157 4427/5035/7161 4425/5034/7160
f 4418/5016/7142 4404/5018/7144 4447/5036/7162
f 4404/5018/7144 4432/5037/7163 4447/5036/7162
s 0
f 4404/5018/7164 4398/5032/7165 4432/5037/7166
f 4398/5032/7167 4406/5033/7168 4460/5038/7169
s 1
f 4418/5016/7142 4447/5036/7162 4451/5017/7143
f 4480/5039/7170 4452/5015/7141 4493/5040/7171
f 4451/5017/7143 4447/5036/7162 4452/5015/7141
f 4452/5015/7141 4447/5036/7162 4493/5040/7171
f 4493/5040/7171 4447/5036/7162 4499/5041/7172
s 0
f 4460/5038/7173 4432/5037/7174 4398/5032/7175
s 1
f 4432/5037/7163 4460/5038/7176 4470/5042/7177
f 4499/5041/7172 4432/5037/7163 4470/5042/7177
f 4447/5036/7162 4432/5037/7163 4499/5041/7172
f 4493/5040/7171 4499/5041/7172 4500/5043/7178
f 4493/5040/7171 4492/5044/7179 4480/5039/7170
f 4492/5044/7179 4493/5040/7171 4500/5043/7178
f 4452/5015/7141 4480/5039/7170 4440/5012/7138
f 4440/5012/7138 4480/5039/7170 4467/5045/7180
f 4440/5012/7138 4436/5013/7139 4452/5015/7141
f 4420/5001/7127 4440/5012/7138 4467/5045/7180
f 4420/5001/7127 4467/5045/7180 4421/5011/7137
f 4421/5011/7137 4467/5045/7180 4484/5010/7136
f 4484/5010/7136 4467/5045/7180 4480/5039/7170
f 4484/5010/7136 4480/5039/7170 4492/5044/7179
f 4492/5044/7179 4500/5043/7178 4494/5046/7181
f 4492/5044/7179 4494/5046/7181 4484/5010/7136
f 4484/5010/7136 4465/5047/7182 4457/5048/7183
f 4484/5010/7136 4457/5048/7183 4411/5002/7128
f 4444/5003/7129 4411/5002/7128 4457/5048/7183
f 4444/5003/7129 4457/5048/7183 4443/5009/7135
f 4479/5049/7184 4417/5004/7130 4443/5009/7135
f 4479/5049/7184 4443/5009/7135 4457/5048/7183
f 4479/5049/7184 4457/5048/7183 4465/5047/7182
f 4465/5047/7182 4484/5010/7136 4494/5046/7181
f 4494/5046/7181 4502/5050/7185 4465/5047/7182
f 4502/5050/7185 4494/5046/7181 4500/5043/7178
f 4465/5047/7182 4502/5050/7185 4479/5049/7184
f 4479/5049/7184 4502/5050/7185 4490/5051/7186
f 4476/5008/7134 4479/5049/7184 4490/5051/7186
f 4415/4981/7108 4479/5049/7184 4476/5008/7134
f 4417/5004/7130 4479/5049/7184 4415/4981/7108
f 4285/5052/7081 4265/5053/7079 4269/5054/7083
f 4285/5052/7081 4313/5055/7187 4266/5056/7080
s 0
f 4294/5057/7188 4266/5056/7189 4314/5058/7190
s 1
f 4314/5058/7191 4266/5056/7080 4334/5059/7192
f 4334/5059/7192 4266/5056/7080 4313/5055/7187
f 4285/5052/7081 4269/5054/7083 4313/5055/7187
f 4269/5054/7083 4280/5060/7082 4317/5061/7193
f 4269/5054/7083 4317/5061/7193 4322/5062/7194
f 4313/5055/7187 4269/5054/7083 4322/5062/7194
f 4322/5062/7194 4317/5061/7193 4335/5027/7153
f 4322/5062/7194 4335/5027/7153 4352/5022/7148
f 4334/5059/7192 4313/5055/7187 4322/5062/7194
f 4324/5063/7037 4294/5057/7039 4314/5058/7191
f 4324/5063/7037 4325/5064/7195 4276/5065/7036
f 4334/5059/7192 4343/5023/7149 4314/5058/7191
f 4314/5058/7191 4342/5025/7151 4324/5063/7037
s 0
f 4342/5025/7196 4325/5064/7197 4324/5063/7198
f 4342/5025/7199 4341/4997/7200 4325/5064/7201
s 1
f 4345/5066/7202 4325/5064/7195 4341/4997/7123
f 4345/5066/7202 4341/4997/7123 4339/4993/7119
f 4343/5023/7149 4342/5025/7151 4314/5058/7191
f 4352/5022/7148 4343/5023/7149 4334/5059/7192
f 4352/5022/7148 4334/5059/7192 4322/5062/7194
f 4335/5027/7153 4317/5061/7193 4357/5029/7155
f 4297/5067/7203 4357/5029/7155 4317/5061/7193
f 4293/5068/7204 4300/5069/7205 4329/5070/7206
s 0
f 4297/5067/7207 4293/5068/7208 4357/5029/7209
f 4293/5068/7210 4329/5070/7211 4357/5029/7212
s 1
f 4372/5028/7154 4357/5029/7155 4329/5070/7213
f 4329/5070/7213 4377/5071/7214 4372/5028/7154
f 4358/5026/7152 4372/5028/7154 4393/5072/7215
f 4414/5030/7156 4358/5026/7152 4393/5072/7215
f 4414/5030/7156 4393/5072/7215 4408/5073/7216
f 4408/5073/7216 4393/5072/7215 4390/5074/7217
f 4435/5075/7218 4408/5073/7216 4422/5076/7219
f 4408/5073/7216 4435/5075/7218 4414/5030/7156
f 4414/5030/7156 4427/5035/7161 4401/5031/7157
f 4437/5077/7220 4414/5030/7156 4435/5075/7218
f 4414/5030/7156 4437/5077/7220 4427/5035/7161
f 4425/5034/7160 4449/5078/7221 4460/5038/7176
f 4425/5034/7160 4460/5038/7176 4406/5033/7159
f 4425/5034/7160 4427/5035/7161 4438/5079/7222
f 4427/5035/7161 4437/5077/7220 4438/5079/7222
f 4437/5077/7220 4435/5075/7218 4450/5080/7223
f 4425/5034/7160 4438/5079/7222 4449/5078/7221
f 4460/5038/7176 4449/5078/7221 4470/5042/7177
f 4470/5042/7177 4483/5081/7224 4499/5041/7172
f 4501/5082/7225 4499/5041/7172 4486/5083/7226
f 4486/5083/7226 4499/5041/7172 4483/5081/7224
f 4483/5081/7224 4469/5084/7227 4486/5083/7226
f 4469/5084/7227 4483/5081/7224 4470/5042/7177
f 4469/5084/7227 4470/5042/7177 4449/5078/7221
f 4469/5084/7227 4449/5078/7221 4438/5079/7222
f 4469/5084/7227 4438/5079/7222 4450/5080/7223
f 4450/5080/7223 4438/5079/7222 4437/5077/7220
f 4469/5084/7227 4477/5085/7228 4486/5083/7226
f 4486/5083/7226 4477/5085/7228 4485/5086/7229
f 4485/5086/7229 4477/5085/7228 4472/5087/7230
f 4477/5085/7228 4469/5084/7227 4453/5088/7231
f 4453/5088/7231 4469/5084/7227 4450/5080/7223
f 4435/5075/7218 4453/5088/7231 4450/5080/7223
f 4422/5076/7219 4453/5088/7231 4435/5075/7218
f 1918/4514/6520 1903/4518/6524 1932/5089/7232
f 1932/5089/7232 1903/4518/6524 1896/4521/6527
f 1918/4514/6520 1932/5089/7232 1971/4536/6542
f 1976/4537/6543 1971/4536/6542 1932/5089/7232
f 1976/4537/6543 1932/5089/7232 1940/5090/7233
f 1940/5090/7233 1932/5089/7232 1896/4521/6527
f 1896/4521/6527 1876/5091/6549 1940/5090/7233
f 1876/5091/6549 1896/4521/6527 1882/5092/6551
f 1896/4521/6527 1875/4520/6526 1882/5092/6551
f 1876/5091/6549 1877/5093/6548 1924/5094/7234
f 1924/5094/7234 1877/5093/6548 1865/5095/6584
f 1853/5096/6585 1842/5097/6618 1907/5098/7235
f 1842/5097/6618 1878/5099/6640 1907/5098/7235
f 1907/5098/7235 1865/5095/6584 1853/5096/6585
f 1878/5099/6640 1914/5100/6641 1953/5101/7236
f 1907/5098/7235 1878/5099/6640 1953/5101/7236
f 1907/5098/7235 1953/5101/7236 1958/5102/7237
f 1924/5094/7234 1865/5095/6584 1956/5103/7238
f 1876/5091/6549 1924/5094/7234 1940/5090/7233
f 1703/5104/6416 1751/4742/6776 1710/4756/6798
f 1751/4742/6776 1703/5104/6416 1716/4758/6804
f 1716/4758/6804 1703/5104/6416 1706/4768/6415
f 1703/5104/6416 1710/4756/6798 1713/4752/6417
f 4106/5105/7239 3907/4406/6356 3506/4407/6357
s 0
f 3506/4407/7240 4101/4408/7241 4129/5106/7242
s 1
f 3506/4407/6357 4129/5106/7243 4106/5105/7239
f 3907/4406/6356 4106/5105/7239 4111/5107/7244
f 3907/4406/6356 4111/5107/7244 3560/4433/6425
f 3560/4433/6425 4111/5107/7244 4116/5108/7245
f 3560/4433/6425 3434/5109/7246 3428/4307/6224
f 3560/4433/6425 4116/5108/7245 3434/5109/7246
s 0
f 3434/5109/7247 4116/5108/7248 4118/5110/7249
s 1
f 3434/5109/7246 4118/5110/7250 4102/4317/6252
f 3434/5109/7246 4102/4317/6252 3428/4307/6224
f 4113/5111/7251 4151/5112/6857 4152/5113/7252
f 4152/5113/7252 4151/5112/6857 4189/5114/6856
s 0
f 4152/5113/7253 4189/5114/7254 4162/5115/7255
f 4189/5114/7256 4178/5116/7257 4214/5117/7258
s 1
f 4177/5118/7003 4227/5119/7005 4217/5120/7015
f 4177/5118/7003 4217/5120/7015 4174/5121/7014
f 4218/5122/7016 4201/5123/7018 4145/5124/7259
f 4205/5125/7260 4239/5126/7261 4208/5127/7262
f 4216/5128/7263 4180/5129/7264 4182/5130/7265
f 4215/5131/7266 4179/5132/7267 4168/5133/7268
f 4215/5131/7266 4168/5133/7268 4180/5129/7264
f 4203/5134/7269 4172/5135/7270 4202/5136/6988
f 4202/5136/6988 4172/5135/7270 4169/5137/6915
f 4202/5136/6988 4169/5137/6915 4206/5138/6989
f 4175/5139/6887 4172/5135/7270 4203/5134/7269
s 0
f 4203/5134/7271 4222/5140/7272 4175/5139/7273
s 1
f 4222/5140/7274 4224/5141/6875 4200/5142/6876
f 4222/5140/7274 4200/5142/6876 4175/5139/6887
f 4175/5139/6887 4150/5143/6889 4172/5135/7270
f 4175/5139/6887 4200/5142/6876 4146/5144/6888
s 0
f 4206/5138/7275 4169/5137/7276 4160/5145/7277
s 1
f 4123/5146/6890 4206/5138/6989 4160/5145/6891
f 4206/5138/6989 4123/5146/6890 4181/5147/7278
f 4179/5132/7267 4181/5147/7278 4123/5146/6890
f 4123/5146/6890 4148/5148/7279 4179/5132/7267
f 4179/5132/7267 4148/5148/7279 4168/5133/7268
f 4168/5133/7268 4156/5149/7280 4180/5129/7264
f 4182/5130/7265 4180/5129/7264 4156/5149/7280
f 4210/5150/7281 4216/5128/7263 4182/5130/7265
s 0
f 4165/5151/7282 4205/5125/7283 4210/5150/7284
s 1
f 4162/5115/7285 4129/5152/7243 4152/5113/7286
f 4116/5153/7245 4145/5124/7259 4118/5154/7250
f 4145/5124/7259 4116/5153/7245 4124/5155/7287
f 4124/5155/7287 4111/5156/7244 4128/5157/7288
f 4145/5124/7259 4144/5158/7289 4118/5154/7250
f 4102/5159/6252 4154/5160/7290 4135/5161/7291
f 4144/5158/7289 4154/5160/7290 4118/5154/7250
f 4134/5162/7292 4136/5163/7293 4205/5125/7260
s 0
f 4134/5162/7294 4205/5125/7295 4165/5151/7296
s 1
f 4144/5158/7289 4145/5124/7259 4201/5123/7018
f 4128/5157/7288 4129/5152/7243 4170/5164/7297
f 4170/5164/7297 4129/5152/7243 4162/5115/7285
f 4214/5117/7000 4162/5115/7285 4189/5114/7298
f 4124/5155/7287 4128/5157/7288 4174/5121/7014
f 4174/5121/7014 4128/5157/7288 4177/5118/7003
f 4177/5118/7003 4128/5157/7288 4170/5164/7297
f 4170/5164/7297 4162/5115/7285 4187/5165/7004
f 4187/5165/7004 4162/5115/7285 4214/5117/7000
s 0
f 4145/5124/7299 4124/5155/7300 4174/5121/7301
f 4145/5124/7302 4174/5121/7303 4218/5122/7304
s 1
f 4177/5118/7003 4170/5164/7297 4187/5165/7004
f 4276/5065/7036 4325/5064/7195 4287/4963/7035
f 4345/5066/7202 4287/4963/7035 4325/5064/7195
f 4305/4964/7093 4287/4963/7035 4345/5066/7202
f 4339/4993/7119 4320/4992/7118 4345/5066/7202
f 4345/5066/7202 4320/4992/7118 4305/4964/7093
f 4303/4966/7034 4305/4964/7093 4320/4992/7118
f 4320/4992/7118 4321/4991/7117 4303/4966/7034
f 4291/5166/7033 4303/4966/7034 4321/4991/7117
f 4316/4989/7029 4291/5166/7033 4321/4991/7117
f 4306/4987/7114 4299/5167/7028 4312/4988/7115
f 4316/4989/7029 4312/4988/7115 4299/5167/7028
f 4299/5167/7028 4306/4987/7114 4284/5168/7305
f 4284/5168/7305 4306/4987/7114 4304/4972/7097
f 4280/5060/7082 4297/5067/7203 4317/5061/7193
f 2009/4534/6540 2047/4477/6477 2031/4478/6478
f 1960/4533/6539 2009/4534/6540 2031/4478/6478
f 1960/4533/6539 2031/4478/6478 1969/4499/6505
f 1969/4499/6505 2031/4478/6478 1974/4498/6498
f 1974/4498/6498 2031/4478/6478 2026/4479/6479
f 1974/4498/6498 2026/4479/6479 1980/4496/6496
f 2031/4478/6478 2034/4475/6475 2026/4479/6479
f 2026/4479/6479 2033/5169/7306 1980/4496/6496
f 1964/4493/6493 1980/4496/6496 2033/5169/7306
f 2026/4479/6479 2036/4476/6476 2033/5169/7306
f 2033/5169/7306 2036/4476/6476 2048/4480/6480
f 2028/4491/6491 2024/4482/6482 2073/4481/6481
f 1763/5170/6813 1809/4604/6617 1790/4649/6814
s 0
f 1848/4582/7307 1782/4609/7308 1780/5171/7309
s 1
f 1764/5172/6738 1779/4584/6588 1778/4583/6587
f 1779/4584/6588 1796/5173/7310 1816/4606/6619
f 1796/5173/7310 1846/4619/6649 1816/4606/6619
f 1815/4612/6642 1846/4619/6649 1795/5174/7311
f 1856/5175/7312 1817/5176/7313 1852/4618/6648
f 1856/5175/7312 1852/4618/6648 1879/4616/6646
s 0
f 1856/5175/7314 1879/4616/7315 1806/4615/7316
s 1
f 1809/4690/6617 1763/4762/6813 1794/4688/6702
f 1233/4366/6306 1554/4403/6353 1259/4367/6307
f 1259/4367/6307 1554/4403/6353 1418/4398/6348
f 1233/4366/6306 1195/4348/6285 1141/4362/6301
f 3332/4208/6052 3336/4209/6054 3299/4207/6051
f 3336/4209/6054 3332/4208/6052 3359/4210/6055
f 3429/4230/6091 3398/4212/6090 3359/4210/6055
f 3429/4230/6091 3359/4210/6055 3435/4233/6094
f 3435/4233/6094 3430/5177/6911 3583/4235/6096
f 3435/4233/6094 3359/4210/6055 3430/5177/6911
f 3393/5178/7317 3430/5177/6911 3359/4210/6055
f 4111/5156/7244 4106/5179/7239 4128/5157/7288
f 4128/5157/7288 4106/5179/7239 4129/5152/7243
f 4152/5113/7286 4129/5152/7243 4101/5180/7318
f 4111/5156/7244 4124/5155/7287 4116/5153/7245
f 3394/5181/6254 4134/5162/7292 3447/5182/6260
f 4134/5162/7292 4109/5183/7319 3447/5182/6260
f 4134/5162/7292 3394/5181/6254 4136/5163/7293
f 4136/5163/7293 3394/5181/6254 3555/5184/6253
f 4135/5161/7291 3555/5184/6253 4102/5159/6252
f 4136/5163/7293 3555/5184/6253 4135/5161/7291
f 4154/5160/7290 4102/5159/6252 4118/5154/7250
s 0
f 4134/5162/7320 4176/5185/7321 4109/5183/7322
s 1
f 3613/5186/7323 4109/5183/7319 4130/5187/7324
s 0
f 4110/5188/7325 3497/5189/7326 3613/5186/7327
s 1
f 3613/5186/7323 4130/5187/7324 4110/5188/7328
f 3497/5189/7329 4110/5188/7328 4108/5190/7330
f 4108/5190/7330 3512/5191/7331 3497/5189/7329
s 0
f 3525/5192/7332 3512/5191/7333 4108/5190/7334
s 1
f 3525/5192/7335 4108/5190/7330 4131/5193/7336
f 3525/5192/7335 4131/5193/7336 3530/5194/6897
f 3530/5194/6897 4131/5193/7336 4125/5195/6896
f 1794/4688/6702 1742/4764/6822 1774/4699/6741
f 4167/4855/7337 4115/4854/6074 4120/4863/6100
f 4288/5196/7338 4264/4934/7055 4233/4933/7054
f 4288/5196/7338 4233/4933/7054 4246/4935/7056
f 4288/5196/7338 4246/4935/7056 4295/5197/7339
f 4246/4935/7056 4253/4886/6983 4290/5198/7340
f 4290/5198/7340 4253/4886/6983 4249/4936/7057
f 4193/4889/6865 4332/5199/7341 4301/5200/7342
f 4332/5199/7341 4193/4889/6865 4268/4938/7058
f 4268/4938/7058 4286/5201/7343 4332/5199/7341
f 4268/4938/7058 4207/4902/6869 4318/5202/7344
f 4318/5202/7344 4207/4902/6869 4275/4945/7066
s 0
f 4288/5196/7345 4293/4961/7346 4264/4934/7347
s 1
f 4237/4881/7348 4264/4934/7086 4297/4962/7085
f 4422/5203/7219 4429/5204/7349 4434/5205/7350
f 4434/5205/7350 4429/5204/7349 4407/5206/7351
f 4422/5203/7219 4408/5207/7216 4429/5204/7349
f 4429/5204/7349 4408/5207/7216 4390/5208/7217
f 4390/5208/7217 4393/5209/7215 4377/5210/7214
f 4377/5210/7214 4393/5209/7215 4372/5211/7154
f 4390/5208/7217 4377/5210/7214 4364/5212/7352
s 0
f 4364/5212/7353 4377/5210/7354 4329/5213/7355
s 1
f 4364/5212/7352 4329/5213/7206 4354/5214/7356
f 4387/5215/7357 4364/5212/7352 4354/5214/7356
f 4354/5214/7356 4350/5216/7358 4387/5215/7357
f 4354/5214/7356 4295/5217/7339 4350/5216/7358
f 4354/5214/7356 4329/5213/7206 4300/5218/7205
f 4300/5218/7205 4295/5217/7339 4354/5214/7356
f 4295/5217/7339 4290/5219/7340 4350/5216/7358
f 4350/5216/7358 4290/5219/7340 4301/5220/7342
f 4350/5216/7358 4301/5220/7342 4332/5221/7341
f 4349/5222/7359 4350/5216/7358 4332/5221/7341
f 4318/5223/7344 4337/5224/7360 4349/5222/7359
f 4295/5217/7339 4246/5225/7056 4290/5219/7340
f 4290/5219/7340 4249/5226/7057 4301/5220/7342
f 4318/5223/7344 4286/5227/7343 4268/5228/7058
f 4275/5229/7066 4289/5230/7361 4318/5223/7344
f 4296/5231/7067 4259/5232/7059 4311/5233/7362
f 4340/5234/7363 4259/5232/7059 4256/5235/7060
s 0
f 4311/5233/7364 4259/5232/7365 4340/5234/7366
s 1
f 4281/5236/7367 4282/5237/7368 4307/5238/7369
f 4281/5236/7367 4307/5238/7369 4315/5239/7370
f 4307/5238/7369 4282/5237/7368 4308/5240/7371
s 0
f 4298/5241/7372 4323/5242/7373 4277/5243/7374
s 1
f 4277/5243/7070 4323/5242/7375 4310/5244/7068
f 4323/5242/7375 4375/5245/7376 4310/5244/7068
f 4375/5245/7376 4331/5246/7377 4310/5244/7068
f 4331/5246/7377 4375/5245/7376 4353/5247/7378
f 4331/5246/7377 4353/5247/7378 4340/5234/7363
f 4260/5248/7061 4310/5244/7068 4331/5246/7377
f 4256/5235/7060 4260/5248/7061 4340/5234/7363
f 4260/5248/7061 4331/5246/7377 4340/5234/7363
f 4330/5249/7379 4289/5230/7361 4274/5250/7065
f 4274/5250/7065 4296/5231/7067 4330/5249/7379
f 4330/5249/7379 4296/5231/7067 4311/5233/7362
f 4311/5233/7362 4340/5234/7363 4344/5251/7380
f 4311/5233/7362 4336/5252/7381 4330/5249/7379
f 4311/5233/7362 4344/5251/7380 4336/5252/7381
f 4289/5230/7361 4330/5249/7379 4336/5252/7381
f 4289/5230/7361 4337/5224/7360 4318/5223/7344
f 4318/5223/7344 4349/5222/7359 4332/5221/7341
f 4286/5227/7343 4318/5223/7344 4332/5221/7341
f 2106/4437/6431 2088/4436/6430 2086/4450/6444
f 2106/4437/6431 2086/4450/6444 2103/4453/6450
f 2106/4437/6431 2103/4453/6450 2101/4470/6470
f 2101/4470/6470 2103/4453/6450 2107/5253/7382
f 2107/5253/7382 2103/4453/6450 2094/4454/6451
f 2107/5253/7382 2094/4454/6451 2087/4462/6459
f 2087/4462/6459 2094/4454/6451 2076/4452/6449
s 0
f 2087/4462/7383 2104/5254/7384 2107/5253/7385
s 1
f 1995/4445/6439 2007/4447/6441 1954/5255/7386
f 1954/5255/7386 2007/4447/6441 1976/4537/6543
f 1976/4537/6543 2007/4447/6441 1968/4535/6541
f 1954/5255/7386 1976/4537/6543 1940/5090/7233
f 1977/5256/7387 1954/5255/7386 1940/5090/7233
f 1977/5256/7387 1940/5090/7233 1956/5103/7238
f 1954/5255/7386 1977/5256/7387 1995/4445/6439
f 1986/5257/7388 1977/5256/7387 1956/5103/7238
f 1977/5256/7387 1986/5257/7388 1993/4448/6442
f 1977/5256/7387 1993/4448/6442 1995/4445/6439
f 1993/4448/6442 1986/5257/7388 2000/5258/7389
f 2014/4460/6457 2017/5259/7390 2000/5258/7389
f 2014/4460/6457 2002/4458/6455 2067/4457/6454
s 0
f 2014/4460/7391 2062/4456/7392 2017/5259/7393
s 1
f 2017/5259/7390 2050/4455/6452 2000/5258/7389
f 2017/5259/7390 2062/4456/6453 2050/4455/6452
f 2000/5258/7389 2050/4455/6452 2064/4449/6443
f 2000/5258/7389 2064/4449/6443 1993/4448/6442
f 1893/4525/6531 1929/4506/6509 1863/5260/6558
f 1890/4524/6530 1930/4508/6514 1884/4523/6529
f 4217/4913/7015 4303/4925/7034 4263/4918/7020
f 4303/4925/7034 4217/4913/7015 4278/4920/7022
s 0
f 2499/5261/7394 2623/5262/7395 2474/5263/7396
s 1
f 3359/5264/6055 3332/5265/6052 3311/5266/7397
f 4293/5267/7204 4288/5268/7338 4300/5218/7205
f 4300/5218/7205 4288/5268/7338 4295/5217/7339
f 4422/5203/7219 4434/5205/7350 4453/5269/7231
f 4434/5205/7350 4461/5270/7398 4453/5269/7231
f 4453/5269/7231 4461/5270/7398 4472/5271/7230
f 4453/5269/7231 4472/5271/7230 4477/5272/7228
f 4501/5273/7399 4485/5274/7229 4481/5275/7400
f 4490/5276/7186 4497/5277/7401 4489/5278/7402
f 4474/5279/7403 4456/5280/7404 4475/5281/7133
f 4456/5280/7404 4474/5279/7403 4466/5282/7405
f 4475/5281/7133 4456/5280/7404 4442/5283/7406
f 4419/5284/7132 4475/5281/7133 4442/5283/7406
f 4442/5283/7406 4456/5280/7404 4431/5285/7407
f 4419/5284/7132 4396/5286/7408 4412/5287/7107
f 4412/5287/7107 4396/5286/7408 4378/5288/7102
f 4378/5288/7102 4396/5286/7408 4388/5289/7409
f 4388/5289/7409 4396/5286/7408 4389/5290/7410
s 0
f 4356/5291/7411 4378/5288/7412 4388/5289/7413
s 1
f 4356/5291/7100 4388/5289/7409 4389/5290/7410
f 4384/5292/7414 4389/5290/7410 4396/5286/7408
f 4396/5286/7408 4397/5293/7415 4384/5292/7414
f 4396/5286/7408 4431/5285/7407 4397/5293/7415
f 4419/5284/7132 4431/5285/7407 4396/5286/7408
f 4431/5285/7407 4419/5284/7132 4442/5283/7406
f 4397/5293/7415 4431/5285/7407 4439/5294/7416
s 0
f 4431/5285/7417 4456/5280/7418 4439/5294/7419
s 1
f 4466/5282/7405 4439/5294/7416 4456/5280/7404
f 4454/5295/7420 4466/5282/7405 4491/5296/7421
f 4466/5282/7405 4474/5279/7403 4489/5278/7402
f 4466/5282/7405 4489/5278/7402 4491/5296/7421
f 4491/5296/7421 4489/5278/7402 4497/5277/7401
s 0
f 4497/5277/7422 4495/5297/7423 4498/5298/7424
s 1
f 4497/5277/7401 4498/5298/7425 4491/5296/7421
f 4501/5273/7399 4481/5275/7400 4495/5297/7426
f 4481/5275/7400 4482/5299/7427 4487/5300/7428
f 4481/5275/7400 4487/5300/7428 4495/5297/7426
s 0
f 4495/5297/7429 4487/5300/7430 4496/5301/7431
s 1
f 4498/5298/7425 4495/5297/7432 4496/5301/7433
f 4488/5302/7434 4498/5298/7425 4496/5301/7433
f 4491/5296/7421 4498/5298/7425 4488/5302/7434
f 4491/5296/7421 4488/5302/7434 4471/5303/7435
f 4491/5296/7421 4471/5303/7435 4454/5295/7420
f 4455/5304/7436 4471/5303/7435 4488/5302/7434
f 4455/5304/7436 4488/5302/7434 4478/5305/7437
f 4478/5305/7437 4488/5302/7434 4462/5306/7438
f 4439/5294/7416 4466/5282/7405 4428/5307/7439
f 4466/5282/7405 4430/5308/7440 4428/5307/7439
s 0
f 4430/5308/7441 4466/5282/7442 4454/5295/7443
s 1
f 4471/5303/7435 4430/5308/7440 4454/5295/7420
f 4433/5309/7444 4455/5304/7436 4478/5305/7437
f 4471/5303/7435 4455/5304/7436 4400/5310/7445
f 4430/5308/7440 4471/5303/7435 4405/5311/7446
f 4405/5311/7446 4471/5303/7435 4400/5310/7445
f 4433/5309/7444 4400/5310/7445 4455/5304/7436
f 4416/5312/7447 4433/5309/7444 4478/5305/7437
f 4416/5312/7447 4478/5305/7437 4445/5313/7448
f 4462/5306/7438 4441/5314/7449 4446/5315/7450
f 4462/5306/7438 4496/5301/7433 4441/5314/7449
f 4441/5314/7449 4496/5301/7433 4487/5300/7428
f 4488/5302/7434 4496/5301/7433 4462/5306/7438
f 4478/5305/7437 4462/5306/7438 4446/5315/7450
f 4478/5305/7437 4446/5315/7450 4445/5313/7448
s 0
f 2107/5253/7451 2105/4473/7452 2101/4470/7453
s 1
f 2099/4484/6484 2105/4473/6473 2102/4486/6486
f 2102/4486/6486 2105/4473/6473 2089/5316/7454
f 2089/5316/7454 2105/4473/6473 2107/5253/7455
f 1940/5090/7233 1924/5094/7234 1956/5103/7238
f 1956/5103/7238 1865/5095/6584 1907/5098/7235
f 1956/5103/7238 1907/5098/7235 1958/5102/7237
f 1956/5103/7238 1958/5102/7237 1986/5257/7388
f 1978/5317/7456 1986/5257/7388 1958/5102/7237
f 1978/5317/7456 1958/5102/7237 1953/5101/7236
f 2000/5258/7389 1986/5257/7388 1978/5317/7456
f 2000/5258/7389 1978/5317/7456 2014/4460/6457
f 2014/4460/6457 1978/5317/7456 2002/4458/6455
f 2005/5318/7457 2002/4458/6455 1978/5317/7456
f 2005/5318/7457 1978/5317/7456 1973/5319/7458
f 1973/5319/7458 1978/5317/7456 1970/5320/7459
f 1973/5319/7458 1970/5320/7459 1945/5321/7460
s 0
f 1970/5320/7461 1978/5317/7462 1953/5101/7463
s 1
f 1953/5101/7464 1945/5322/7460 1970/5320/7459
f 1730/4741/6775 1829/4740/6568 1804/4660/6652
f 1748/4662/6711 1730/4741/6775 1804/4660/6652
f 2128/5323/6329 2167/5324/6328 2131/5325/7465
f 2512/5326/5879 2429/5327/7466 2282/5328/6327
f 4246/4935/7056 4211/4872/6929 4198/4884/6926
f 4253/4886/6983 4246/4935/7056 4198/4884/6926
f 4255/4943/7069 4196/4941/6872 4244/5329/7467
s 0
f 4271/5330/7468 4244/5329/7469 4222/5331/7470
s 1
f 4224/5332/6875 4244/5329/7467 4196/4941/6872
s 0
f 4244/5329/7471 4224/5332/7472 4222/5331/7473
f 4215/5333/7474 4241/5334/7475 4209/5335/7476
s 1
f 4223/4900/6990 4209/5335/7477 4243/5336/7478
f 4241/5334/7479 4261/5337/7480 4272/4950/7072
f 4261/5337/7480 4241/5334/7479 4235/5338/7481
f 4216/5339/7263 4261/5337/7480 4235/5338/7481
f 4261/5337/7480 4216/5339/7263 4273/4952/7074
f 4262/5340/7482 4203/5341/7269 4202/4898/6988
f 4203/5341/7269 4271/5330/7483 4222/5331/7484
s 0
f 4202/4898/7485 4223/4900/7486 4262/5340/7487
f 4243/5336/7488 4262/5340/7489 4223/4900/7490
s 1
f 4363/4995/7121 4426/5000/7126 4420/5001/7127
f 4420/5001/7127 4421/5011/7137 4411/5002/7128
f 4429/5204/7349 4390/5208/7217 4407/5206/7351
s 0
f 4434/5205/7491 4407/5206/7492 4403/5342/7493
s 1
f 4403/5342/7494 4407/5206/7351 4390/5208/7217
f 4390/5208/7217 4364/5212/7352 4387/5215/7357
f 4390/5208/7217 4387/5215/7357 4403/5342/7494
f 4395/5343/7495 4403/5342/7494 4387/5215/7357
f 4366/5344/7496 4395/5343/7495 4380/5345/7497
f 4380/5345/7497 4395/5343/7495 4387/5215/7357
s 0
f 4380/5345/7498 4387/5215/7499 4350/5216/7500
s 1
f 4380/5345/7497 4350/5216/7358 4366/5344/7496
f 4366/5344/7496 4350/5216/7358 4349/5222/7359
f 4366/5344/7496 4349/5222/7359 4337/5224/7360
f 4337/5224/7360 4362/5346/7501 4366/5344/7496
f 4337/5224/7360 4289/5230/7361 4336/5252/7381
f 4344/5251/7380 4340/5234/7363 4353/5247/7378
f 4361/5347/7502 4375/5245/7376 4323/5242/7375
s 0
f 4361/5347/7503 4323/5242/7504 4365/5348/7505
s 1
f 4365/5348/7506 4323/5242/7507 4298/5241/7508
f 4365/5348/7506 4298/5241/7508 4315/5239/7370
f 4338/5349/7509 4309/5350/7071 4347/5351/7099
f 4309/5350/7071 4338/5349/7509 4308/5240/7371
f 4338/5349/7509 4347/5351/7099 4356/5352/7100
s 0
f 4308/5240/7510 4338/5349/7511 4355/5353/7512
s 1
f 4355/5353/7513 4338/5349/7509 4389/5290/7410
f 4389/5290/7410 4338/5349/7509 4356/5291/7100
f 4384/5292/7414 4355/5353/7513 4389/5290/7410
f 4355/5353/7513 4384/5292/7414 4386/5354/7514
f 4355/5353/7513 4386/5354/7514 4360/5355/7515
f 4384/5292/7414 4397/5293/7415 4386/5354/7514
f 4397/5293/7415 4428/5307/7439 4386/5354/7514
f 4428/5307/7439 4397/5293/7415 4439/5294/7416
f 4428/5307/7439 4405/5311/7446 4386/5354/7514
f 4405/5311/7446 4400/5310/7445 4386/5354/7514
f 4382/5356/7516 4386/5354/7514 4400/5310/7445
f 4386/5354/7514 4382/5356/7516 4365/5348/7506
f 4382/5356/7516 4361/5347/7502 4365/5348/7506
f 4375/5245/7376 4361/5347/7502 4382/5356/7516
f 4365/5348/7506 4360/5355/7515 4386/5354/7514
f 4360/5355/7515 4365/5348/7506 4315/5239/7370
f 4375/5245/7376 4391/5357/7517 4353/5247/7378
f 4353/5247/7378 4376/5358/7518 4344/5251/7380
f 4344/5251/7380 4381/5359/7519 4336/5252/7381
f 4336/5252/7381 4362/5346/7501 4337/5224/7360
f 4336/5252/7381 4381/5359/7519 4362/5346/7501
f 4381/5359/7519 4344/5251/7380 4376/5358/7518
f 4362/5346/7501 4381/5359/7519 4366/5344/7496
f 4385/5360/7520 4381/5359/7519 4376/5358/7518
f 4376/5358/7518 4353/5247/7378 4391/5357/7517
f 4391/5357/7517 4375/5245/7376 4382/5356/7516
f 4385/5360/7520 4376/5358/7518 4391/5357/7517
f 4381/5359/7519 4402/5361/7521 4424/5362/7522
f 4402/5361/7521 4381/5359/7519 4385/5360/7520
f 4385/5360/7520 4391/5357/7517 4392/5363/7523
f 4385/5360/7520 4392/5363/7523 4402/5361/7521
f 4409/5364/7524 4402/5361/7521 4392/5363/7523
f 4445/5313/7448 4446/5315/7450 4409/5364/7524
f 4409/5364/7524 4446/5315/7450 4402/5361/7521
f 4441/5314/7449 4402/5361/7521 4446/5315/7450
f 4402/5361/7521 4441/5314/7449 4463/5365/7525
f 4424/5362/7522 4463/5365/7525 4473/5366/7526
f 4403/5342/7494 4395/5343/7495 4448/5367/7527
f 4458/5368/7528 4403/5342/7494 4448/5367/7527
f 4395/5343/7495 4410/5369/7529 4468/5370/7530
f 4468/5370/7530 4410/5369/7529 4459/5371/7531
f 4395/5343/7495 4468/5370/7530 4448/5367/7527
f 4403/5342/7494 4458/5368/7528 4434/5205/7350
f 4458/5368/7528 4448/5367/7527 4481/5275/7400
f 4461/5270/7398 4458/5368/7528 4485/5274/7229
f 4485/5274/7229 4458/5368/7528 4481/5275/7400
f 4458/5368/7528 4461/5270/7398 4434/5205/7350
f 4472/5271/7230 4461/5270/7398 4485/5274/7229
f 2130/5372/6320 2128/5373/6329 107/5374/6319
f 2128/5373/6329 59/5375/7532 107/5374/6319
f 107/5374/6319 59/5375/7532 277/5376/6317
s 0
f 59/5375/7533 2128/5373/7534 2131/5377/7535
f 463/5378/7536 317/5379/7537 342/5380/7538
s 1
f 463/5378/6312 342/5380/7539 694/5381/7540
f 342/5380/7539 604/5382/7541 694/5381/7540
f 694/5381/7540 604/5382/7541 726/5383/6310
f 342/5380/7539 317/5379/6313 218/5384/7542
f 218/5384/7542 317/5379/6313 277/5376/6317
f 132/5385/7543 218/5384/7542 59/5375/7532
f 59/5375/7532 218/5384/7542 277/5376/6317
s 0
f 35/5386/7544 166/5387/7545 133/5388/7546
s 1
f 166/5389/6180 208/5390/6269 273/5391/7547
f 208/5390/6269 333/5392/6268 273/5391/7547
f 1199/5393/6399 1626/5394/6852 1542/5395/7548
f 1199/5393/6399 1218/5396/6375 1265/5397/6395
f 1199/5393/6399 1265/5397/6395 1626/5394/6852
f 1265/5397/6395 1664/5398/6777 1714/5399/6795
f 1626/5394/6852 1265/5397/6395 1714/5399/6795
f 1626/5394/6852 1726/5400/6796 1542/5395/7548
f 1542/5395/7548 1726/5400/6796 1724/5401/6797
f 1542/5395/7548 1589/5402/7549 1274/5403/7550
f 1542/5395/7548 1724/5401/6797 1589/5402/7549
f 1597/5404/7551 1589/5402/7549 1700/5405/6726
f 1707/5406/6728 1564/5407/6724 1421/5408/7552
f 1707/5406/6728 1597/5404/7551 1700/5405/6726
f 1700/5405/6726 1729/5409/6729 1707/5406/6728
f 1729/5409/6729 1700/5405/6726 1752/5410/6725
f 1727/5411/6727 1700/5405/6726 1589/5402/7549
f 1727/5411/6727 1589/5402/7549 1724/5401/6797
f 2028/4491/6491 2033/5169/7306 2024/4482/6482
f 2033/5169/7306 2028/4491/6491 1991/4492/6492
f 2033/5169/7306 1991/4492/6492 1964/4493/6493
f 2024/4482/6482 2033/5169/7306 2048/4480/6480
f 1804/4621/6652 1829/4571/6568 1874/4560/6559
f 1795/5412/7311 1753/5413/7553 1806/5414/6645
f 1743/4702/6746 1795/5412/7311 1846/5415/6649
f 1796/5416/7310 1743/4702/6746 1846/5415/6649
f 1796/5416/7310 1779/4697/6588 1721/4696/6739
f 1743/4702/6746 1739/4701/6745 1795/5412/7311
f 1764/4695/6738 1746/4700/6355 1721/4696/6739
f 1753/5413/7553 1739/4701/6745 1731/4730/6769
f 1731/4730/6769 1735/4705/6749 1753/5413/7553
f 1721/4696/6739 1743/4702/6746 1796/5416/7310
f 1753/5413/7553 1795/5412/7311 1739/4701/6745
f 1760/5417/6683 1766/5418/7554 1709/5419/7555
f 1760/5417/6683 1709/5419/7555 1781/5420/6716
f 1758/5421/6717 1781/5420/6716 1709/5419/7555
f 1709/5419/7555 1740/5422/7556 1758/5421/6717
f 1758/5421/6717 1740/5422/7556 1734/5423/6719
s 0
f 1709/5419/7557 1744/4714/7558 1708/4713/7559
s 1
f 1705/4710/6754 1744/4714/6758 1741/4711/6755
f 1705/4710/6754 1712/4712/6756 1744/4714/6758
f 1484/4709/6753 1776/5424/7560 1733/4704/6748
f 1484/4709/6753 1772/4708/6752 1776/5424/7560
f 1733/4704/6748 1776/5424/7560 1777/5425/7561
f 1735/4705/6749 1733/4704/6748 1777/5425/7561
f 876/5426/6308 808/5427/6309 655/5428/7562
f 948/5429/6311 876/5426/6308 927/5430/7563
f 948/5429/6311 927/5430/7563 1000/5431/7564
f 808/5427/6309 726/5383/6310 604/5382/7541
f 808/5427/6309 604/5382/7541 655/5428/7562
f 218/5384/7542 281/5432/7565 342/5380/7539
f 281/5432/7565 218/5384/7542 132/5385/7543
f 342/5380/7539 281/5432/7565 311/5433/7566
f 132/5385/7543 2131/5377/7567 2168/5434/7568
f 2131/5377/7567 132/5385/7543 59/5375/7532
f 2168/5434/7568 2131/5377/7567 2126/5435/7569
s 0
f 2167/5436/7570 2126/5435/7571 2131/5377/7572
f 4201/5123/7573 4213/5437/7574 4144/5158/7575
s 1
f 4144/5158/7289 4213/5437/7027 4258/5438/7026
f 4245/5439/7576 4239/5126/7261 4136/5163/7293
f 4144/5158/7289 4258/5438/7026 4154/5160/7290
f 4154/5160/7290 4258/5438/7026 4242/5440/7577
f 4242/5440/7577 4135/5161/7291 4154/5160/7290
f 4135/5161/7291 4242/5440/7577 4245/5439/7576
f 4205/5125/7260 4136/5163/7293 4239/5126/7261
f 4165/5151/7578 4210/5150/7281 4176/5185/7579
f 4210/5150/7281 4182/5130/7265 4176/5185/7579
f 4245/5439/7576 4136/5163/7293 4135/5161/7291
f 4249/4936/7057 4193/4889/6865 4301/5200/7342
s 0
f 4274/4944/7580 4289/5441/7581 4275/4945/7582
s 1
f 4481/5275/7400 4448/5367/7527 4468/5370/7530
f 4482/5299/7427 4481/5275/7400 4468/5370/7530
f 4482/5299/7427 4468/5370/7530 4473/5366/7526
f 4487/5300/7428 4482/5299/7427 4463/5365/7525
f 4463/5365/7525 4482/5299/7427 4473/5366/7526
f 4441/5314/7449 4487/5300/7428 4463/5365/7525
f 4473/5366/7526 4468/5370/7530 4459/5371/7531
s 0
f 4500/5043/7583 4499/5041/7584 4501/5082/7585
s 1
f 4500/5043/7178 4495/5442/7586 4502/5050/7185
s 0
f 4495/5442/7587 4500/5043/7588 4501/5082/7589
s 1
f 4502/5050/7185 4497/5443/7401 4490/5051/7186
s 0
f 4502/5050/7590 4495/5442/7591 4497/5443/7592
f 4485/5444/7593 4501/5082/7594 4486/5083/7595
s 1
f 1664/5445/6777 1265/5446/6395 1353/5447/6378
f 1353/5447/6378 1715/5448/6794 1664/5445/6777
f 1417/4431/6377 1715/5448/6794 1353/5447/6378
f 2356/5449/6171 2160/5450/7596 2424/5451/6042
s 0
f 35/5452/7597 2160/5450/7598 2356/5449/7599
s 1
f 2536/5453/6040 2424/5451/6042 2474/5263/7600
f 4394/5454/7601 4410/5369/7529 4395/5343/7495
f 4394/5454/7601 4395/5343/7495 4366/5344/7496
f 4394/5454/7601 4366/5344/7496 4381/5359/7519
f 4394/5454/7601 4381/5359/7519 4424/5362/7522
f 1000/5431/7564 997/5455/6276 948/5429/6311
f 1121/5456/7602 1141/5457/6301 1052/5458/6305
f 1121/5456/7602 1181/5459/7603 1141/5460/6301
f 1181/5459/7603 1233/5461/6306 1141/5460/6301
f 1594/5462/6354 1233/5461/6306 1257/5463/7604
f 1247/5464/6768 1351/5465/6747 1257/5463/7604
f 1247/5464/6768 1257/5463/7604 1233/5461/6306
f 1233/5461/6306 1181/5459/7603 1247/5464/6768
f 1247/5464/6768 1181/5459/7603 1263/5466/7605
s 0
f 1000/5431/7606 1121/5456/7607 1052/5458/7608
s 1
f 1000/5431/7564 1052/5458/7609 997/5455/6276
s 0
f 1121/5456/7610 1000/5431/7611 1021/5467/7612
s 1
f 1021/5467/7613 1064/5468/7614 1121/5456/7602
f 814/5469/7615 927/5430/7563 911/5470/7616
f 1021/5467/7613 1000/5431/7564 927/5430/7563
f 281/5432/7565 132/5385/7543 2119/5471/7617
f 132/5385/7543 2168/5434/7568 2119/5471/7617
f 2168/5434/7568 2126/5435/7569 2421/5472/7618
f 2168/5434/7568 2421/5472/7618 2119/5471/7617
s 0
f 2421/5472/7619 250/5473/7620 281/5432/7620
s 1
f 2654/5474/7621 2261/5475/7622 2245/5476/7623
f 2654/5474/7621 2245/5476/7623 222/5477/7624
f 38/5478/7625 2245/5476/7623 2261/5479/7622
f 38/5478/7625 12/5480/7626 185/5481/7627
s 0
f 35/5386/7628 185/5481/7629 12/5480/7630
s 1
f 185/5481/7627 133/5388/7631 273/5391/7547
f 305/5482/7632 273/5391/7547 300/5483/7633
s 0
f 12/5480/7634 2160/5484/7635 35/5386/7636
s 1
f 463/5378/6312 694/5381/7540 688/5485/6281
f 4183/4888/6866 4204/4887/6984 4197/5486/6925
f 1884/5487/6529 1910/5488/6510 1874/5489/6559
f 1913/5490/6610 1920/5491/7637 1858/5492/6566
s 0
f 1898/5493/7638 1889/5494/7639 1888/5495/7640
s 1
f 1898/5493/6607 1922/5496/7641 1905/5497/7642
f 1870/5498/7643 1892/5499/7644 1917/5500/7645
f 1870/5498/7643 1917/5500/7645 1871/5501/7646
f 1871/5501/7646 1916/5502/7647 1891/5503/7648
f 1885/5504/7649 1891/5503/7648 1901/5505/7650
f 1891/5503/7648 1916/5502/7647 1901/5505/7650
f 1885/5504/7649 1901/5505/7650 1908/5506/7651
f 1908/5506/7651 1897/5507/6647 1885/5504/7649
f 1879/5508/6646 1897/5507/6647 1925/5509/7652
f 1897/5507/6647 1908/5506/7651 1925/5509/7652
f 1879/5508/6646 1925/5509/7652 1933/5510/7653
f 1879/5508/6646 1933/5510/7653 1895/5511/6644
f 1926/5512/7654 1920/5491/7637 1942/5513/7655
f 1942/5513/7655 1920/5491/7637 1913/5490/6610
f 1942/5513/7655 1913/5490/6610 1935/5514/7656
s 0
f 1926/5512/7657 1942/5513/7658 1937/5515/7659
s 1
f 1894/5516/6598 1887/5517/6600 1915/5518/7660
f 1887/5517/6600 1909/5519/7661 1915/5518/7660
s 0
f 1909/5519/7662 1926/5512/7663 1950/5520/7664
s 1
f 1915/5518/7660 1909/5519/7661 1950/5520/7665
f 1915/5518/7660 1950/5520/7665 1952/5521/7666
f 1950/5520/7667 1926/5512/7668 1937/5515/7669
s 0
f 1950/5520/7670 1937/5515/7671 1966/5522/7672
f 1937/5515/7673 1942/5513/7674 1981/5523/7675
s 1
f 1981/5523/7676 1942/5513/7655 1935/5514/7656
f 1981/5523/7676 1935/5514/7656 1975/5524/7677
f 1935/5514/7656 1913/5490/6610 1921/5525/6565
f 1935/5514/7656 1921/5525/6565 1943/5526/7678
f 1943/5526/7678 1921/5525/6565 1904/5527/6563
f 1910/5488/6510 1963/5528/6494 1902/5529/6560
f 1904/5527/6563 1902/5529/6560 1943/5526/7678
f 1943/5526/7678 1902/5529/6560 1963/5528/6494
s 0
f 1943/5526/7679 1963/5528/7680 1991/5530/7681
s 1
f 1943/5526/7678 1979/5531/7682 1935/5514/7656
f 1935/5514/7656 1979/5531/7682 1975/5524/7677
s 0
f 1981/5523/7683 1983/5532/7684 1937/5515/7685
s 1
f 1952/5521/7666 1950/5520/7665 1966/5522/7686
f 1952/5521/7666 1927/5533/7687 1915/5518/7660
f 1952/5521/7666 1951/5534/7688 1927/5533/7687
f 1989/5535/7689 1952/5521/7666 1966/5522/7686
f 1952/5521/7666 1989/5535/7689 1951/5534/7688
f 1966/5522/7686 1937/5515/7690 1983/5532/7691
f 1966/5522/7686 1983/5532/7691 1990/5536/7692
f 1966/5522/7686 1990/5536/7692 1989/5535/7689
f 1989/5535/7689 1990/5536/7692 1998/5537/7693
f 1989/5535/7689 1998/5537/7693 2004/5538/7694
f 1987/5539/7695 1989/5535/7689 2004/5538/7694
f 1997/5540/7696 2040/5541/7697 2015/5542/7698
f 1997/5540/7696 2015/5542/7698 1998/5537/7693
f 1998/5537/7693 1990/5536/7692 1983/5532/7691
f 1998/5537/7693 1983/5532/7691 1997/5540/7696
f 1996/5543/7699 1997/5540/7696 1983/5532/7691
f 1996/5543/7699 2032/5544/7700 1997/5540/7696
f 2040/5541/7697 1997/5540/7696 2032/5544/7700
f 2015/5542/7698 2040/5541/7697 2063/5545/7701
f 2015/5542/7698 2043/5546/7702 1998/5537/7693
f 1998/5537/7693 2043/5546/7702 2023/5547/7703
f 2035/5548/7704 2023/5547/7703 2043/5546/7702
f 2056/5549/7705 2023/5547/7703 2035/5548/7704
f 2043/5546/7702 2015/5542/7698 2063/5545/7701
f 2063/5545/7701 2040/5541/7697 2053/5550/7706
f 2043/5546/7702 2063/5545/7701 2069/5551/7707
f 2069/5551/7707 2063/5545/7701 2080/5552/7708
f 2069/5551/7707 2080/5552/7708 2071/5553/7709
f 2080/5552/7708 2095/5554/7710 2097/5555/7711
f 2095/5554/7710 2080/5552/7708 2053/5550/7706
f 2080/5552/7708 2063/5545/7701 2053/5550/7706
f 2053/5550/7706 2040/5541/7697 2032/5544/7700
f 2053/5550/7706 2032/5544/7700 2059/5556/7712
f 2078/5557/7713 2053/5550/7706 2059/5556/7712
f 2053/5550/7706 2078/5557/7713 2095/5554/7710
f 2078/5557/7713 2089/5558/7454 2095/5554/7710
f 2078/5557/7713 2059/5556/7712 2052/5559/7714
f 2089/5558/7454 2078/5557/7713 2102/5560/6486
f 2102/5560/6486 2078/5557/7713 2074/5561/6487
f 2074/5561/6487 2078/5557/7713 2052/5559/7714
s 0
f 2089/5558/7715 2107/5562/7716 2095/5554/7717
s 1
f 2107/5562/7718 2104/5563/7719 2095/5554/7710
f 2104/5563/7720 2087/5564/6459 2098/5565/7721
f 2098/5565/7721 2087/5564/6459 2091/5566/7722
f 2087/5564/6459 2093/5567/6458 2091/5566/7722
f 2079/5568/7723 2093/5567/6458 2051/5569/6456
f 2051/5569/6456 2002/5570/6455 2005/5571/7457
s 0
f 2005/5571/7724 2027/5572/7725 2079/5568/7726
s 1
f 2005/5571/7457 2079/5568/7723 2051/5569/6456
f 2045/5573/7727 2079/5568/7723 2027/5572/7728
f 2079/5568/7723 2045/5573/7727 2046/5574/7729
f 2013/5575/7730 2025/5576/7731 2046/5574/7729
f 2046/5574/7729 2045/5573/7727 2037/5577/7732
f 2013/5575/7730 2046/5574/7729 2037/5577/7732
f 2041/5578/7733 2029/5579/7734 2008/5580/7735
f 2072/5581/7736 2041/5578/7733 2018/5582/7737
f 2018/5582/7737 2041/5578/7733 2008/5580/7735
f 2029/5579/7734 2025/5576/7731 2001/5583/7738
f 2008/5580/7735 2029/5579/7734 2001/5583/7738
f 2001/5583/7738 2025/5576/7731 2013/5575/7730
f 2018/5582/7737 2008/5580/7735 1999/5584/7739
f 1999/5584/7739 2008/5580/7735 1985/5585/7740
f 2008/5580/7735 1961/5586/7741 1985/5585/7740
f 1965/5587/7742 1946/5588/7743 1987/5539/7695
f 1989/5535/7689 1987/5539/7695 1951/5534/7688
f 1951/5534/7688 1987/5539/7695 1946/5588/7743
f 1965/5587/7742 1939/5589/7744 1946/5588/7743
f 1939/5589/7744 1965/5587/7742 1985/5585/7740
f 1961/5586/7741 2008/5580/7735 2001/5583/7738
f 1961/5586/7741 2001/5583/7738 1988/5590/7745
f 2001/5583/7738 2013/5575/7730 1992/5591/7746
f 2001/5583/7738 1992/5591/7746 1988/5590/7745
f 1992/5591/7746 2013/5575/7730 2037/5577/7732
f 1992/5591/7746 2037/5577/7732 2027/5572/7728
f 1992/5591/7746 2027/5572/7728 1984/5592/7747
f 1992/5591/7746 1984/5592/7747 1936/5593/7748
f 1961/5586/7741 1988/5590/7745 1949/5594/7749
f 1944/5595/7750 1961/5586/7741 1949/5594/7749
f 1985/5585/7740 1961/5586/7741 1944/5595/7750
f 1988/5590/7745 1992/5591/7746 1955/5596/7751
f 1988/5590/7745 1955/5596/7751 1949/5594/7749
f 1955/5596/7751 1992/5591/7746 1936/5593/7748
f 1936/5593/7748 1984/5592/7747 1938/5597/7752
f 1938/5597/7752 1984/5592/7747 1973/5598/7458
f 1945/5599/7460 1938/5597/7752 1973/5598/7458
s 0
f 1945/5599/7753 1953/5600/7754 1914/5601/7755
s 1
f 1945/5599/7460 1914/5601/6641 1938/5597/7752
f 1938/5597/7752 1914/5601/6641 1931/5602/6643
f 1936/5593/7748 1938/5597/7752 1931/5602/6643
f 1933/5510/7653 1936/5593/7748 1931/5602/6643
f 1955/5596/7751 1936/5593/7748 1925/5509/7652
f 1936/5593/7748 1933/5510/7653 1925/5509/7652
f 1955/5596/7751 1925/5509/7652 1949/5594/7749
s 0
f 1925/5509/7756 1908/5506/7757 1949/5594/7758
s 1
f 1931/5602/6643 1895/5511/6644 1933/5510/7653
f 1931/4613/6643 1815/4612/6642 1806/4615/6645
f 1931/4613/6643 1806/4615/6645 1895/4614/6644
f 1795/5174/7311 1806/4615/6645 1815/4612/6642
f 1856/5175/7312 1806/4615/6645 1775/5603/7759
f 1856/5175/7312 1775/5603/7759 1817/5176/7313
f 1753/5604/7553 1775/5603/7759 1806/4615/6645
f 1775/5605/7759 1735/4705/6749 1777/5425/7561
f 1775/5605/7759 1777/5425/7561 1817/5606/7313
f 1817/5606/7313 1777/5425/7561 1776/5424/7560
f 1773/5607/6696 1765/5608/7760 1767/5609/7761
f 1767/5609/7761 1769/5610/6695 1773/5607/6696
f 1818/5611/6698 1765/5608/7760 1773/5607/6696
f 1772/4708/6752 1765/5608/7760 1818/5611/6698
f 1776/5424/7560 1772/4708/6752 1826/5612/7762
s 0
f 1817/5606/7763 1776/5424/7764 1826/5612/7765
s 1
f 1818/5611/6698 1826/5612/7762 1772/4708/6752
f 1769/5610/6695 1766/5418/7554 1823/5613/6693
f 1753/5413/7553 1735/4705/6749 1775/5605/7759
f 2802/5614/7766 2797/5615/6037 2623/5262/6039
f 2942/5616/6047 2797/5615/6037 2802/5614/7766
f 2474/5263/7600 2623/5262/6039 2536/5453/6040
f 2512/5326/5879 2544/5617/6236 2546/5618/7767
f 2512/5326/5879 2546/5618/7767 2429/5327/7466
f 2282/5328/6327 2429/5327/7466 2167/5324/6328
f 2564/5619/7768 2544/5617/6236 2849/5620/6242
f 3252/5621/6249 3326/5622/6227 3287/5623/7769
f 2929/5624/6240 3049/5625/6330 2904/5626/7770
s 0
f 2546/5618/7771 2564/5619/7772 2500/5627/7773
s 1
f 2126/5628/7569 2500/5627/7774 2428/5629/7775
s 0
f 2500/5627/7776 2564/5630/7777 2428/5629/7778
s 1
f 2428/5629/7775 2421/5631/7618 2126/5628/7569
f 1594/5462/6354 1257/5463/7604 1721/5632/6739
f 1721/5632/6739 1257/5463/7604 1351/5465/6747
f 1739/5633/6745 1351/5465/6747 1247/5464/6768
f 1731/5634/6769 1247/5464/6768 1263/5466/7605
f 1264/5635/7779 1731/5634/6769 1263/5466/7605
f 1722/5636/6750 1731/5634/6769 1264/5635/7779
f 1264/5635/7779 1302/5637/7780 1604/5638/6770
f 1254/5639/7781 1264/5635/7779 1263/5466/7605
f 1302/5637/7780 1264/5635/7779 1254/5639/7781
f 1264/5635/7779 1604/5638/6770 1722/5636/6750
s 0
f 1733/5640/7782 1604/5638/7783 1302/5637/7784
s 1
f 1733/5640/6748 1302/5637/7780 1484/5641/6753
f 4242/5642/7577 4258/5643/7026 4299/5644/7028
f 4242/5642/7577 4284/5645/7305 4245/5646/7576
f 4242/5642/7577 4299/5644/7028 4284/5645/7305
f 4284/5645/7305 4304/5647/7097 4239/5648/7261
f 4239/5648/7261 4304/5647/7097 4292/5649/7094
f 4267/4955/7077 4273/4952/7074 4216/5339/7263
f 4273/4952/7074 4283/4951/7073 4261/5337/7480
f 4267/4955/7077 4216/5339/7263 4210/5650/7281
s 0
f 4208/5651/7785 4267/4955/7786 4210/5650/7787
s 1
f 4235/5338/7481 4241/5334/7479 4215/5333/7266
f 4215/5333/7266 4180/5652/7264 4235/5338/7481
f 4235/5338/7481 4180/5652/7264 4216/5339/7263
f 4210/5650/7788 4205/5653/7260 4208/5651/7262
f 4181/5654/7278 4179/5655/7267 4223/4900/6990
f 4181/5654/7278 4223/4900/6990 4206/4899/6989
f 4209/5335/7477 4179/5655/7267 4215/5333/7266
f 4209/5335/7477 4223/4900/6990 4179/5655/7267
f 4410/5369/7529 4394/5454/7601 4459/5371/7531
f 4424/5362/7522 4402/5361/7521 4463/5365/7525
f 1943/5526/7678 1991/5530/6492 1979/5531/7682
f 1983/5532/7691 1981/5523/7676 1975/5524/7677
f 1983/5532/7691 1975/5524/7677 1996/5543/7699
f 1996/5543/7699 1975/5524/7677 2011/5656/7789
f 2011/5656/7789 1975/5524/7677 2003/5657/6489
f 2003/5657/6489 1975/5524/7677 1979/5531/7682
f 2059/5556/7712 1996/5543/7699 2011/5656/7789
f 2052/5559/7714 2059/5556/7712 2011/5656/7789
f 2052/5559/7714 2011/5656/7789 2003/5657/6489
f 2052/5559/7714 2003/5657/6489 2074/5658/6487
s 0
f 1996/5543/7790 2059/5556/7791 2032/5544/7792
s 1
f 1109/5659/6393 1147/5660/7793 1042/5661/6394
f 1258/5662/7794 1199/5393/6399 1542/5395/7548
f 1258/5662/7794 1542/5395/7548 1274/5403/7550
f 1278/5663/7795 1258/5662/7794 1274/5403/7550
f 1258/5662/7794 1278/5663/7795 1211/5664/7796
f 1199/5393/6399 1258/5662/7794 1211/5664/7796
f 1161/5665/7797 1147/5660/6400 1199/5393/6399
f 1147/5660/7793 1139/5666/7798 1042/5661/6394
f 1161/5665/7797 1199/5393/6399 1211/5664/7796
f 1042/5661/6394 1066/5667/7799 922/5668/7800
f 879/5669/7801 1066/5667/7799 1139/5666/7798
f 956/5670/7802 879/5669/7801 1139/5666/7798
f 956/5670/7802 1139/5666/7798 1093/5671/7803
s 0
f 879/5669/7804 956/5670/7805 250/5473/7806
s 1
f 706/5672/7807 879/5669/7801 250/5473/7808
s 0
f 370/5673/7809 620/5674/7810 250/5473/7811
f 250/5473/7812 620/5674/7813 706/5672/7814
s 1
f 879/5669/7801 922/5668/7800 1066/5667/7799
f 922/5668/7800 879/5669/7801 706/5672/7807
f 922/5668/7800 706/5672/7807 860/5675/7815
f 706/5672/7807 620/5674/7816 756/5676/7817
f 756/5676/7817 860/5675/7815 706/5672/7807
f 1139/5666/7798 1066/5667/7799 1042/5661/6394
f 1035/5677/6392 1042/5661/6394 979/5678/7818
s 0
f 1042/5661/7819 922/5668/7820 979/5678/7821
f 979/5678/7822 922/5668/7823 860/5675/7824
s 1
f 2012/5679/6490 1979/5531/7682 1991/5530/6492
f 1979/5531/7682 2012/5679/6490 2003/5657/6489
f 2927/5680/6036 2942/5616/6047 2968/5681/6046
f 4239/5648/7261 4245/5646/7576 4284/5645/7305
f 4208/5651/7262 4239/5648/7261 4292/5649/7094
f 4267/4955/7077 4208/5651/7262 4292/5649/7094
f 2027/5572/7728 2037/5577/7732 2045/5573/7727
f 2005/5571/7457 1973/5598/7458 2027/5572/7728
f 1984/5592/7747 2027/5572/7728 1973/5598/7458
f 166/5389/6180 273/5391/7547 133/5388/7631
s 0
f 333/5392/7825 575/5682/7826 300/5483/7827
f 575/5682/7828 572/5683/7829 300/5483/7830
s 1
f 572/5683/7831 575/5682/6168 657/5684/6169
f 906/5685/7832 860/5675/7815 818/5686/6385
s 0
f 860/5675/7833 906/5685/7834 979/5678/7835
s 1
f 620/5674/7816 657/5684/6169 747/5687/6384
f 572/5683/7831 657/5684/6169 620/5674/7816
f 385/5688/7836 300/5483/7633 572/5683/7831
f 385/5688/7836 572/5683/7831 620/5674/7816
f 620/5674/7816 747/5687/6384 756/5676/7817
f 818/5686/6385 860/5675/7815 756/5676/7817
f 818/5686/6385 756/5676/7817 747/5687/6384
s 0
f 185/5481/7837 35/5386/7838 133/5388/7839
s 1
f 333/5392/6268 300/5483/7633 273/5391/7547
f 4473/5366/7526 4459/5371/7531 4394/5454/7601
f 4473/5366/7526 4394/5454/7601 4424/5362/7522
f 2093/5567/6458 2079/5568/7723 2091/5566/7722
f 2091/5566/7722 2079/5568/7723 2046/5574/7729
f 2098/5565/7721 2091/5566/7722 2046/5574/7729
f 2060/5689/7840 2098/5565/7721 2046/5574/7729
f 2060/5689/7840 2046/5574/7729 2025/5576/7731
f 2025/5576/7731 2029/5579/7734 2060/5689/7840
f 2029/5579/7734 2041/5578/7733 2060/5689/7840
f 2041/5578/7733 2081/5690/7841 2060/5689/7840
f 2081/5690/7841 2041/5578/7733 2072/5581/7736
f 2060/5689/7840 2092/5691/7842 2098/5565/7721
f 2060/5689/7840 2081/5690/7841 2092/5691/7842
f 2072/5581/7736 2018/5582/7737 1999/5584/7739
f 2072/5581/7736 1999/5584/7739 2038/5692/7843
s 0
f 2038/5692/7844 1999/5584/7845 2022/5693/7846
f 2038/5692/7847 2022/5693/7848 2030/5694/7849
s 1
f 2030/5694/7850 2022/5693/7851 2019/5695/7852
f 2019/5695/7852 2056/5549/7705 2030/5694/7850
f 2056/5549/7705 2019/5695/7852 2023/5547/7703
f 1998/5537/7693 2023/5547/7703 2004/5538/7694
f 2004/5538/7694 2023/5547/7703 2019/5695/7852
f 2004/5538/7694 1965/5587/7742 1987/5539/7695
f 2019/5695/7852 2022/5693/7851 2004/5538/7694
f 2004/5538/7694 2022/5693/7851 1999/5584/7739
f 2004/5538/7694 1999/5584/7739 1965/5587/7742
f 1965/5587/7742 1999/5584/7739 1985/5585/7740
s 0
f 2104/5563/7853 2098/5565/7854 2092/5691/7855
f 2104/5563/7856 2092/5691/7857 2097/5555/7857
s 1
f 2095/5554/7710 2104/5563/7719 2097/5555/7711
f 2097/5555/7711 2092/5691/7842 2100/5696/7858
f 2100/5696/7858 2092/5691/7842 2081/5690/7841
f 2075/5697/7859 2100/5696/7858 2081/5690/7841
f 2081/5690/7841 2072/5581/7736 2038/5692/7843
f 2081/5690/7841 2038/5692/7843 2075/5697/7859
f 2075/5697/7859 2038/5692/7843 2058/5698/7860
f 2075/5697/7859 2058/5698/7860 2071/5553/7709
f 2100/5696/7858 2075/5697/7859 2097/5555/7711
f 2080/5552/7708 2097/5555/7711 2075/5697/7859
f 2080/5552/7708 2075/5697/7859 2071/5553/7709
f 2071/5553/7709 2058/5698/7860 2056/5549/7705
f 2056/5549/7705 2058/5698/7860 2030/5694/7850
f 2069/5551/7707 2035/5548/7704 2043/5546/7702
s 0
f 2035/5548/7861 2069/5551/7862 2071/5553/7863
s 1
f 2035/5548/7704 2071/5553/7709 2056/5549/7705
f 1857/4589/6596 1859/5699/7864 1843/4633/6674
f 1859/5699/7864 1850/4595/6602 1843/4633/6674
f 1887/4593/6600 1866/4590/6597 1838/4594/6601
f 1822/4588/6595 1857/4589/6596 1811/4632/6673
f 1807/4637/6678 1866/4590/6597 1860/4592/6599
f 1827/4596/6606 1862/4599/6608 1825/4639/6682
s 0
f 1827/4596/7865 1830/4638/7866 1889/4597/7867
s 1
f 1889/4597/7868 1830/4638/7869 1860/4592/6599
f 1834/4644/6694 1839/4647/6697 1773/4646/6696
f 1839/4647/6697 1828/5700/7870 1818/4648/6698
f 1826/5701/7762 1818/4648/6698 1828/5700/7870
f 1869/5702/7871 1817/5703/7313 1826/5701/7762
f 1852/5704/6648 1817/5703/7313 1869/5702/7871
f 1839/4647/6697 1871/5705/7646 1828/5700/7870
f 1869/5702/7871 1826/5701/7762 1828/5700/7870
f 1834/4644/6694 1825/4639/7872 1870/5706/7643
f 1825/4639/7872 1834/4644/6694 1823/4642/6693
s 0
f 1870/5706/7873 1825/4639/7874 1862/4599/7875
s 1
f 1834/4644/6694 1870/5706/7643 1839/4647/6697
f 1889/4597/7868 1860/4592/6599 1888/4600/6609
f 4176/5185/7579 4130/5187/7324 4109/5183/7319
f 4130/5187/7324 4176/5185/7579 4149/5707/7876
f 4156/5149/7280 4126/5708/7877 4110/5188/7328
f 4108/5190/7330 4110/5188/7328 4126/5708/7877
f 4108/5190/7330 4126/5708/7877 4131/5193/7336
f 4131/5193/7336 4123/5146/6890 4125/5195/6896
f 4148/5148/7279 4131/5193/7336 4126/5708/7877
f 4149/5707/7876 4156/5149/7280 4110/5188/7328
f 4130/5187/7324 4149/5707/7876 4110/5188/7328
s 0
f 4176/5185/7878 4134/5162/7879 4165/5151/7880
s 1
f 4131/5193/7336 4148/5148/7279 4123/5146/6890
s 0
f 4168/5133/7881 4148/5148/7882 4126/5708/7883
s 1
f 4126/5708/7877 4156/5149/7280 4168/5133/7268
f 4182/5130/7265 4156/5149/7280 4149/5707/7876
f 4133/4829/6922 4190/4785/6871 3726/4832/6924
s 0
f 4133/4829/7884 4138/4828/7885 4137/4795/7886
s 1
f 4139/4827/6920 4159/4797/6884 4137/4795/6882
f 4133/4829/6922 4192/4794/7887 4190/4785/6871
f 4133/4829/6922 4137/4795/7888 4192/4794/7887
f 4159/4797/6884 4139/4827/6920 4161/4799/6886
s 0
f 4146/4801/7889 4105/4814/7890 4150/4802/7891
f 4150/4802/7892 4142/4812/7893 4172/5709/7894
s 1
f 4172/5709/7270 4142/4812/6901 4169/4806/6915
f 4158/4792/6877 4146/4801/6888 4200/4791/6876
f 1813/5710/6786 1808/4631/6672 1822/4588/6595
f 1813/5710/6786 1822/4588/6595 1811/4632/6673
f 1813/5710/6786 1811/4632/6673 1757/5711/6780
s 0
f 4272/4950/7895 4270/4956/7896 4209/5335/7897
s 1
f 4209/5335/7477 4270/4956/7078 4282/5712/7368
f 4272/4950/7072 4261/5337/7480 4283/4951/7073
f 4243/5336/7478 4209/5335/7477 4282/5712/7368
s 0
f 4281/5713/7898 4262/5340/7899 4243/5336/7900
s 1
f 4281/5713/7367 4243/5336/7478 4282/5712/7368
s 0
f 4281/5713/7901 4315/5714/7902 4262/5340/7903
s 1
f 4262/5340/7482 4315/5714/7370 4298/5715/7508
s 0
f 4298/5715/7904 4277/4948/7905 4271/5330/7906
s 1
f 4298/5715/7508 4271/5330/7483 4262/5340/7482
f 4271/5330/7907 4277/4948/7070 4244/5329/7467
f 4277/4948/7070 4255/4943/7069 4244/5329/7467
f 1274/5403/7550 1589/5402/7549 1597/5404/7551
f 1274/5403/7550 1597/5404/7551 1278/5663/7795
f 1278/5663/7795 1597/5404/7551 1707/5406/6728
f 1278/5663/7795 1707/5406/6728 1337/5716/7908
f 1337/5716/7908 1707/5406/6728 1421/5408/7552
f 1421/5408/7552 1564/5407/6724 1723/5717/6723
f 1383/5718/7909 1567/5719/7910 1640/5720/7911
f 1421/5408/7552 1482/5721/7912 1337/5716/7908
f 1567/5719/7910 1326/5722/7913 1482/5721/7912
f 1379/5723/7914 1383/5718/7909 1430/5724/7915
f 1719/5725/6751 1333/5726/7916 1343/5727/7917
f 1333/5726/7916 1719/5725/6751 1354/5728/7918
f 1354/5728/7918 1719/5725/6751 1484/5641/6753
f 1354/5728/7918 1484/5641/6753 1302/5637/7780
f 1333/5726/7916 1354/5728/7918 1317/5729/7919
f 1343/5727/7917 1333/5726/7916 1317/5729/7919
s 0
f 1343/5727/7920 1317/5729/7921 1330/5730/7922
f 1317/5729/7923 1254/5639/7924 1310/5731/7925
s 1
f 1298/5732/7926 1317/5729/7927 1310/5731/7928
s 0
f 1254/5639/7929 1181/5459/7930 1179/5733/7931
s 1
f 1179/5733/7932 1181/5459/7603 1064/5468/7614
f 1310/5731/7928 1254/5639/7933 1179/5733/7932
s 0
f 1317/5729/7934 1298/5732/7935 1330/5730/7936
s 1
f 1379/5723/7914 1380/5734/7937 1381/5735/7938
f 1381/5735/7938 1380/5734/7937 1343/5727/7917
f 1381/5735/7938 1343/5727/7917 1357/5736/7939
f 1343/5727/7917 1330/5730/7940 1357/5736/7939
f 1357/5736/7939 1330/5730/7940 1298/5732/7941
f 995/5737/7942 1298/5732/7926 1310/5731/7928
f 1177/5738/7943 995/5737/7942 1179/5733/7932
f 995/5737/7942 1310/5731/7928 1179/5733/7932
f 1179/5733/7932 1064/5468/7614 1126/5739/7944
f 1177/5738/7943 1179/5733/7932 1126/5739/7944
s 0
f 1298/5732/7945 995/5737/7946 1184/5740/7947
s 1
f 1298/5732/7941 1184/5740/7948 1357/5736/7939
f 1357/5736/7939 1275/5741/7949 1381/5735/7938
f 1184/5740/7948 1275/5741/7949 1357/5736/7939
f 1381/5735/7938 1275/5741/7949 1373/5742/7950
f 1373/5742/7950 1275/5741/7949 1276/5743/7951
f 1276/5743/7951 1349/5744/7952 1373/5742/7950
f 1326/5722/7913 1349/5744/7952 1276/5743/7951
f 1276/5743/7951 1170/5745/7953 1326/5722/7913
s 0
f 1170/5745/7954 1276/5743/7955 1275/5741/7956
f 1170/5745/7957 1275/5741/7958 1184/5740/7959
s 1
f 995/5737/7960 1170/5745/7961 1184/5740/7962
s 0
f 250/5473/7963 1170/5745/7963 995/5737/7963
f 956/5670/7964 1093/5671/7965 250/5473/7964
f 250/5473/7966 1093/5671/7967 1145/5746/7966
f 1161/5665/7968 1093/5671/7969 1139/5666/7970
s 1
f 1093/5671/7971 1161/5665/7797 1145/5746/7972
f 1211/5664/7796 1145/5746/7972 1161/5665/7797
f 1145/5746/7972 1293/5747/7973 1318/5748/7974
f 1145/5746/7972 1318/5748/7974 1170/5745/7953
f 1293/5747/7973 1145/5746/7972 1211/5664/7796
f 1170/5745/7953 1318/5748/7974 1326/5722/7913
f 1326/5722/7913 1567/5719/7910 1349/5744/7952
f 1349/5744/7952 1567/5719/7910 1373/5742/7950
f 1373/5742/7950 1567/5719/7910 1383/5718/7909
f 1381/5735/7938 1373/5742/7950 1379/5723/7914
f 1379/5723/7914 1373/5742/7950 1383/5718/7909
f 1263/5466/7605 1181/5459/7603 1254/5639/7781
f 1181/5459/7603 1121/5456/7602 1064/5468/7614
f 1317/5729/7919 1354/5728/7918 1302/5637/7780
f 1254/5639/7781 1317/5729/7919 1302/5637/7780
f 4149/5707/7876 4176/5185/7579 4182/5130/7265
f 4270/5749/7078 4308/5750/7371 4282/5751/7368
f 4309/5752/7071 4308/5750/7371 4270/5749/7078
f 4347/4974/7099 4309/5752/7071 4283/5753/7073
f 4326/4970/7076 4327/4975/7075 4273/5754/7074
f 4327/4975/7075 4347/4974/7099 4283/5753/7073
f 3413/5755/6259 3447/5756/6260 4109/5757/7319
f 3413/5755/6259 4109/5757/7319 3464/5758/7975
f 3464/5758/7975 4109/5757/7319 3613/5759/7323
f 3464/5758/7975 3613/5759/7323 3497/5760/7329
f 3464/5758/7975 3497/5760/7329 3482/5761/7976
f 3482/5761/7976 3497/5760/7329 3512/5762/7331
f 3512/5762/7331 3525/5763/7335 3482/5761/7976
f 3354/5764/7977 3423/5765/7978 3345/5766/7979
f 3423/5765/7978 3354/5764/7977 3413/5755/7980
s 0
f 3465/5767/7981 3423/5765/7982 3464/5758/7983
s 1
f 3465/5767/7984 3464/5758/7975 3482/5761/7976
f 3530/5768/6897 3519/5769/7985 3525/5763/7335
f 3540/5770/7986 3530/5768/6897 3615/5771/6898
f 3540/5770/7986 3615/5771/6898 3666/5772/6900
f 3540/5770/7986 3666/5772/6900 4104/5773/6902
f 3540/5770/7986 3532/5774/7987 3541/5775/7988
s 0
f 3540/5770/7989 3541/5775/7990 3530/5768/7991
s 1
f 3530/5768/6897 3541/5775/7992 3534/5776/7993
f 3530/5768/6897 3534/5776/7993 3519/5769/7985
f 3482/5761/7976 3525/5763/7335 3518/5777/7994
f 3525/5763/7335 3519/5769/7985 3518/5777/7994
f 3482/5761/7976 3518/5777/7994 3452/5778/7995
f 3518/5777/7994 3519/5769/7985 3534/5776/7993
f 3509/5779/6904 3532/5774/7987 4104/5773/6902
s 0
f 3532/5774/7996 3509/5779/7997 3502/5780/7998
s 1
f 3532/5774/7987 3502/5780/7999 3527/5781/8000
f 3541/5775/7988 3532/5774/7987 3527/5781/8000
f 3534/5776/7993 3443/5782/8001 3518/5777/7994
f 3527/5781/8000 3466/5783/8002 3541/5775/7988
f 3502/5780/7999 3455/5784/8003 3527/5781/8000
f 3466/5783/8002 3527/5781/8000 3455/5784/8003
s 0
f 3541/5775/8004 3466/5783/8005 3443/5782/8006
f 3541/5775/8007 3443/5782/8008 3534/5776/8009
s 1
f 3518/5777/7994 3443/5782/8001 3452/5778/7995
f 3465/5767/7984 3482/5761/7976 3452/5778/7995
f 3443/5782/8001 3375/5785/8010 3452/5778/7995
f 3452/5778/7995 3375/5785/8010 3465/5767/7984
f 3375/5785/8010 3246/5786/8011 3465/5767/7984
f 3423/5765/7978 3465/5767/7984 3246/5786/8011
f 3423/5765/7978 3246/5786/8011 3345/5766/7979
f 3338/5787/8012 3246/5786/8011 3280/5788/8013
s 0
f 3280/5788/8014 3082/5789/8015 3235/5790/8016
s 1
f 3280/5788/8013 3235/5790/8017 3338/5787/8012
f 3246/5786/8011 3338/5787/8012 3345/5766/7979
f 3287/5791/7769 3345/5766/7979 3338/5787/8012
f 3345/5766/7979 3287/5791/7769 3354/5764/7977
f 3338/5787/8012 3202/5792/8018 3287/5791/7769
f 3121/5793/8019 3144/5794/8020 3235/5790/8017
f 3235/5790/8017 3144/5794/8020 3202/5792/8018
f 3202/5792/8018 3338/5787/8012 3235/5790/8017
f 3430/5795/6911 3393/5796/7317 3481/5797/6910
f 3481/5797/6910 3393/5796/7317 3467/5798/6909
f 3393/5796/7317 3445/5799/8021 3467/5798/6909
f 3359/5800/6055 3366/5801/8022 3393/5796/7317
f 3359/5802/6055 3311/5803/7397 3366/5801/8022
f 3234/5804/8023 3311/5803/7397 3332/5805/6052
s 0
f 3393/5796/8024 3366/5801/8025 3445/5799/8026
s 1
f 3475/5806/6913 3516/5807/6907 3467/5798/6909
f 3475/5806/6913 3467/5798/6909 3445/5799/8021
f 3366/5801/8027 3426/5808/8028 3445/5799/8021
f 3445/5799/8021 3494/5809/6905 3475/5806/6913
f 3130/5810/8029 3234/5804/8023 3332/5805/6052
f 3130/5810/8029 3332/5805/6052 3195/5811/6050
f 3106/5812/8030 3141/5813/8031 3062/5814/6035
s 0
f 3195/5811/8032 3141/5813/8033 3130/5810/8034
s 1
f 3311/5803/7397 3234/5804/8023 3168/5815/8035
f 3311/5803/7397 3353/5816/8036 3366/5801/8022
f 3502/5780/7999 3494/5809/6905 3463/5817/8037
f 3463/5817/8037 3494/5809/6905 3445/5799/8021
f 3426/5808/8028 3463/5817/8037 3445/5799/8021
f 3494/5809/6905 3502/5780/7999 3509/5779/6904
f 4104/5773/6902 3532/5774/7987 3540/5770/7986
f 1858/4569/6566 1920/5818/7637 1857/4589/6596
f 1926/5819/7654 1909/5820/7661 1859/5699/7864
f 1859/5699/7864 1920/5818/7637 1926/5819/7654
f 1859/5699/7864 1909/5820/7661 1850/4595/6602
f 1850/4595/6602 1909/5820/7661 1887/4593/6600
f 1859/5699/7864 1857/4589/6596 1920/5818/7637
s 0
f 1905/5821/8038 1892/5822/8039 1862/4599/8040
s 1
f 1897/5823/6647 1852/5704/6648 1885/5824/7649
f 1869/5702/7871 1885/5824/7649 1852/5704/6648
f 1891/5825/7648 1885/5824/7649 1869/5702/7871
s 0
f 1892/5822/8041 1870/5706/8042 1862/4599/8043
s 1
f 1871/5705/7646 1891/5825/7648 1828/5700/7870
f 1828/5700/7870 1891/5825/7648 1869/5702/7871
f 1839/4647/6697 1870/5706/7643 1871/5705/7646
f 1757/5711/6780 1811/4632/6673 1798/4636/6677
s 0
f 1798/4636/8044 1843/4633/8045 1820/4634/8046
s 1
f 1807/4637/8047 1830/4638/8048 1784/4643/8049
f 1840/4635/6676 1807/4637/6678 1783/5826/6785
s 0
f 1820/4634/8050 1840/4635/8051 1783/5826/8052
s 1
f 1786/5827/6778 1820/4634/8053 1783/5826/6781
f 4184/4798/6885 4159/4797/6884 4188/4788/6874
f 4188/4788/6874 4200/4791/6876 4196/4786/6872
f 4475/5007/7133 4464/5005/7131 4476/5008/7134
f 4475/5007/7133 4476/5008/7134 4490/5051/7186
f 4474/5828/7403 4475/5007/7133 4489/5829/7402
f 4489/5829/7402 4475/5007/7133 4490/5051/7186
f 1949/5594/7749 1908/5506/7651 1901/5505/7650
f 1901/5505/7650 1916/5502/7647 1949/5594/7749
f 1949/5594/7749 1916/5502/7647 1944/5595/7750
f 1985/5585/7740 1944/5595/7750 1939/5589/7744
f 1939/5589/7744 1944/5595/7750 1916/5502/7647
f 1946/5588/7743 1922/5496/7641 1951/5534/7688
f 1922/5496/7641 1946/5588/7743 1928/5830/8054
f 1928/5830/8054 1946/5588/7743 1939/5589/7744
f 1927/5533/7687 1951/5534/7688 1922/5496/7641
f 1888/5495/6609 1927/5533/7687 1922/5496/7641
f 1927/5533/7687 1894/5516/6598 1915/5518/7660
f 1894/5516/6598 1927/5533/7687 1888/5495/6609
f 1898/5493/6607 1888/5495/6609 1922/5496/7641
f 1917/5500/7645 1905/5497/7642 1922/5496/7641
f 1928/5830/8054 1917/5500/7645 1922/5496/7641
f 1939/5589/7744 1916/5502/7647 1928/5830/8054
f 1928/5830/8054 1916/5502/7647 1917/5500/7645
f 1905/5497/7642 1917/5500/7645 1892/5499/7644
f 1871/5501/7646 1917/5500/7645 1916/5502/7647
f 1765/5608/7760 1772/4708/6752 1719/4707/6751
f 1719/4707/6751 1767/5609/7761 1765/5608/7760
f 1741/4711/6755 1744/4714/6758 1767/5609/7761
f 1767/5609/7761 1744/4714/6758 1769/5610/6695
f 1769/5610/6695 1744/4714/6758 1766/5418/7554
f 1709/5419/7555 1766/5418/7554 1744/4714/6758
f 1767/5609/7761 1719/4707/6751 1741/4711/6755
s 0
f 1783/4747/8055 1759/4675/8056 1756/4676/8057
s 1
f 1759/4675/6721 1736/4672/6718 1734/4673/6719
s 0
f 1729/4683/8058 1771/4745/8059 1564/4678/8060
s 1
f 1771/4745/6779 1756/4676/6722 1564/4678/6724
f 1756/4676/6722 1759/4675/6721 1723/4677/6723
f 1740/5831/7556 1640/5720/7911 1734/5832/6719
f 1640/5720/7911 1740/5831/7556 1709/5833/7555
f 1709/5833/7555 1708/5834/8061 1430/5724/7915
f 1567/5719/7910 1734/5832/6719 1640/5720/7911
f 1734/5832/6719 1567/5719/7910 1672/5835/6720
f 1672/5835/6720 1723/5717/6723 1759/5836/6721
s 0
f 3180/5837/8062 3144/5838/8063 3126/5839/8064
s 1
f 3326/5840/6227 3354/5764/7977 3287/5791/7769
s 0
f 3126/5841/8065 3144/5794/8066 3121/5793/8067
s 1
f 2904/5842/7770 3121/5793/8019 3010/5843/8068
f 3121/5793/8019 3235/5790/8017 3010/5843/8068
f 3235/5790/8017 3082/5789/8069 2978/5844/8070
f 3235/5790/8017 2978/5844/8070 3010/5843/8068
f 3121/5793/8071 3049/5845/8072 3126/5841/8073
f 3252/5846/6249 3287/5791/7769 3202/5792/8018
f 3252/5846/6249 3202/5792/8018 3144/5794/8020
s 0
f 3049/5847/8074 3121/5793/8075 2904/5842/8076
f 2849/5848/8077 2929/5849/8078 2850/5850/8079
s 1
f 2850/5850/8080 2929/5849/6240 2904/5842/7770
f 3010/5843/8068 2978/5844/8070 2904/5842/7770
f 2904/5842/7770 2784/5851/8081 2850/5850/8080
f 2564/5852/7768 2850/5850/8080 2784/5851/8081
f 2784/5851/8081 2811/5853/8082 2564/5852/7768
f 2811/5853/8082 2784/5851/8081 2904/5842/7770
f 2904/5842/7770 2978/5844/8070 2811/5853/8082
s 0
f 3246/5786/8083 3375/5785/8083 3443/5782/8083
f 3280/5788/8084 3246/5786/8084 3082/5789/8084
f 3082/5789/8085 3246/5786/8085 250/5854/8085
f 2811/5853/8086 3082/5789/8086 250/5854/8086
f 3082/5789/8087 2811/5853/8087 2978/5844/8087
f 3443/5782/8088 250/5854/8088 3246/5786/8088
f 250/5854/8089 3443/5782/8089 3455/5784/8089
s 1
f 3466/5783/8002 3455/5784/8003 3443/5782/8090
f 3463/5817/8037 3455/5784/8003 3502/5780/7999
f 3463/5817/8037 3426/5808/8028 3174/5855/8091
f 3463/5817/8037 3174/5855/8091 3455/5784/8003
s 0
f 3366/5801/8092 3353/5816/8093 3426/5808/8094
s 1
f 3311/5803/7397 3168/5815/8035 3353/5816/8036
f 2885/5856/8095 3106/5812/8030 2968/5857/6046
f 3141/5813/8031 3106/5812/8030 3130/5810/8096
f 3106/5812/8030 3062/5858/6035 2968/5857/6046
f 2885/5856/8095 2968/5857/6046 2942/5859/6047
f 2942/5859/6047 2802/5860/7766 2885/5856/8095
f 2499/5861/8097 2474/5862/7600 2489/5863/8098
f 3234/5804/8023 3130/5810/8029 3168/5815/8035
f 3168/5815/8035 3036/5864/8099 3000/5865/8100
f 3353/5816/8036 3168/5815/8035 3000/5865/8100
s 0
f 3174/5855/8101 3426/5808/8102 3353/5816/8103
f 3455/5784/8104 3174/5855/8104 250/5854/8104
f 250/5854/8105 3000/5865/8105 3036/5864/8105
f 2654/5866/8106 250/5854/8106 3036/5864/8106
f 2654/5866/8107 2886/5867/8108 2504/5868/8109
s 1
f 2504/5868/8110 2886/5867/8111 2802/5860/7766
f 2504/5868/8110 2802/5860/7766 2499/5861/8097
f 2886/5867/8111 2654/5866/8112 2903/5869/8113
f 2903/5869/8113 2654/5866/8112 3036/5864/8114
s 0
f 3000/5865/8115 250/5854/8115 3174/5855/8115
f 3354/5764/8116 3382/5870/8117 3413/5755/8118
f 3423/5765/8119 3413/5755/8120 3464/5758/8121
s 1
f 1838/4594/6601 1866/4590/6597 1840/4635/6676
f 1421/5408/7552 1723/5717/6723 1672/5835/6720
f 1421/5408/7552 1672/5835/6720 1482/5721/7912
s 0
f 1482/5721/8122 1672/5835/8123 1567/5719/8124
s 1
f 1430/5724/7915 1383/5718/7909 1640/5720/7911
f 1379/5723/7914 1430/5724/7915 1380/5734/7937
f 1380/5734/7937 1712/5871/6756 1343/5727/7917
f 1343/5727/7917 1712/5871/6756 1705/5872/6754
s 0
f 1380/5734/8125 1708/5834/8126 1712/5871/8127
s 1
f 1708/5834/8061 1380/5734/7937 1430/5724/7915
f 1705/5872/6754 1719/5725/6751 1343/5727/7917
f 4272/4950/7072 4209/5335/8128 4241/5334/7479
f 4391/5357/7517 4382/5356/7516 4392/5363/7523
f 4392/5363/7523 4382/5356/7516 4416/5312/7447
f 4416/5312/7447 4382/5356/7516 4400/5310/7445
f 4409/5364/7524 4392/5363/7523 4445/5313/7448
f 4392/5363/7523 4416/5312/7447 4445/5313/7448
f 2802/5614/7766 2623/5262/6039 2499/5261/8097
f 4161/4799/6886 4158/4792/6877 4188/4788/6874
f 4271/5330/7483 4203/5341/7269 4262/5340/7482
f 4308/5240/7371 4355/5353/7513 4307/5238/7369
f 4307/5238/7369 4355/5353/7513 4360/5355/7515
f 4315/5239/7370 4307/5238/7369 4360/5355/7515
f 2030/5694/7850 2058/5698/7860 2038/5692/7843
f 1905/5821/7642 1862/4599/6608 1898/4598/6607
s 0
f 1766/5418/8129 1760/5417/8130 1823/5613/8131
s 1
f 1827/5873/6606 1760/5417/6683 1781/5420/6716
f 1807/4748/6678 1736/4672/6718 1759/4675/6721
f 1430/5724/7915 1640/5720/7911 1709/5833/7555
f 1337/5716/7908 1482/5721/7912 1326/5722/7913
f 1337/5716/7908 1326/5722/7913 1318/5748/7974
f 1211/5664/7796 1278/5663/7795 1293/5747/7973
f 2429/5327/7466 2126/5628/7569 2167/5324/6328
f 2500/5627/7774 2429/5327/7466 2546/5618/7767
f 2429/5327/7466 2500/5627/7774 2126/5628/7569
s 0
f 2546/5618/8132 2544/5617/8133 2564/5619/8134
s 1
f 2850/5874/8080 2564/5619/7768 2849/5620/6242
f 4430/5308/7440 4405/5311/7446 4428/5307/7439
f 4416/5312/7447 4400/5310/7445 4433/5309/7444
s 0
f 1278/5663/8135 1337/5716/8136 1293/5747/8137
s 1
f 1318/5748/7974 1293/5747/7973 1337/5716/7908
f 2276/5875/8138 2424/5451/6042 2160/5450/7596
s 0
f 2276/5875/8139 2160/5450/8140 12/5876/8141
s 1
f 2489/5877/8098 2424/5451/6042 2276/5875/8138
f 2474/5263/7600 2424/5451/6042 2489/5877/8098
f 2276/5875/8138 12/5878/7626 38/5879/7625
f 2276/5875/8138 38/5879/7625 2261/5880/7622
f 2276/5875/8138 2261/5880/7622 2489/5877/8098
f 911/5470/7616 876/5426/6308 655/5428/7562
s 0
f 927/5430/8142 876/5426/8143 911/5470/8144
f 1147/5660/8145 1161/5665/8146 1139/5666/8147
s 1
f 814/5469/7615 911/5470/7616 397/5881/8148
f 814/5469/7615 955/5882/8149 927/5430/7563
f 927/5430/7563 955/5882/8149 1021/5467/7613
f 1064/5468/7614 1021/5467/7613 955/5882/8149
f 955/5882/8149 814/5469/7615 741/5883/8150
f 741/5883/8150 814/5469/7615 397/5881/8148
f 911/5470/7616 311/5433/7566 397/5881/8148
f 911/5470/7616 655/5428/7562 311/5433/7566
s 0
f 397/5881/8151 311/5433/8152 281/5432/8153
f 250/5473/8154 397/5881/8154 281/5432/8155
s 1
f 2119/5471/7617 2421/5472/7618 281/5432/7565
s 0
f 397/5881/8156 250/5473/8156 741/5883/8156
f 995/5737/8157 1177/5738/8157 250/5473/8157
f 955/5882/8158 1126/5739/8159 1064/5468/8160
s 1
f 955/5882/8149 741/5883/8150 1126/5739/7944
f 1126/5739/7944 741/5883/8150 1177/5738/7943
s 0
f 741/5883/8161 250/5473/8162 1177/5738/8163
s 1
f 300/5483/7633 385/5688/7836 305/5482/7632
f 273/5391/7547 305/5482/7632 185/5481/7627
f 38/5478/7625 185/5481/7627 222/5477/7624
f 2245/5476/7623 38/5478/7625 222/5477/7624
f 222/5477/7624 185/5481/7627 305/5482/7632
f 222/5477/7624 301/5884/8164 2654/5474/7621
f 301/5884/8164 222/5477/7624 305/5482/7632
s 0
f 2654/5474/8165 301/5884/8165 250/5473/8165
f 301/5884/8166 370/5673/8166 250/5473/8166
s 1
f 620/5674/7816 370/5673/8167 385/5688/7836
f 385/5688/7836 370/5673/8167 301/5884/8164
f 385/5688/7836 301/5884/8164 305/5482/7632
f 2504/5868/8110 2489/5863/8098 2261/5885/7622
f 2499/5861/8097 2489/5863/8098 2504/5868/8110
s 0
f 2504/5868/8168 2261/5886/8169 2654/5887/8170
s 1
f 311/5433/7566 655/5428/7562 604/5382/7541
f 311/5433/7566 604/5382/7541 342/5380/7539
f 3130/5810/8096 3106/5812/8030 3036/5864/8114
s 0
f 3168/5815/8171 3130/5810/8172 3036/5864/8173
s 1
f 3353/5816/8036 3000/5865/8100 3174/5855/8174
f 2428/5888/7775 2564/5852/7768 2421/5889/7618
f 2421/5889/7618 2564/5852/7768 2811/5853/8082
s 0
f 2811/5853/8175 250/5854/8175 2421/5889/8175
s 1
f 3106/5812/8030 2885/5856/8095 2903/5869/8113
f 2886/5867/8111 2903/5869/8113 2885/5856/8095
f 3106/5812/8030 2903/5869/8113 3036/5864/8114
f 2886/5867/8111 2885/5856/8095 2802/5860/7766
s 0
f 1145/5746/8176 1170/5745/8176 250/5473/8176
