# Blender 5.1.0
# www.blender.org
mtllib tool_111.mtl
o tool_111_tripo_normalized
v 49.616562 -4.689550 5.638206
v 48.259628 -2.160563 -7.003960
v 47.993996 -1.552619 -7.164381
v 47.287807 0.329143 -7.334365
v 47.616077 -7.160560 -1.529134
v 45.564018 3.016236 -6.673605
v 48.225746 3.797530 -6.254219
v 48.961021 -0.902451 -7.281022
v 49.038269 0.897326 -7.283599
v 50.228230 -7.299334 0.444175
v 46.972359 -6.167374 -3.952523
v 47.728031 7.201946 -1.419613
v 49.871826 -0.302610 -7.336266
v 50.403465 -2.157030 7.035540
v 50.111095 -5.133478 5.244532
v 48.110634 4.712542 5.627868
v 48.014675 4.525581 -5.753231
v 47.967869 2.716744 6.828764
v 50.440010 -6.434921 -3.496876
v 48.367580 7.330732 0.505884
v 49.431240 1.609243 7.182889
v 47.798592 6.999219 -2.226545
v 50.051685 6.662680 -3.075939
v 51.433285 -5.903917 4.354835
v 49.415447 -3.675152 -6.331901
v 48.789696 6.651685 3.128007
v 49.116962 6.946781 2.398735
v 46.647404 7.086831 1.976663
v 50.586811 -7.023638 -2.074469
v 50.146660 2.178027 7.032402
v 49.634396 -3.198644 -6.587404
v 49.642193 -6.445778 3.496171
v 50.592163 5.179653 5.196603
v 49.669937 6.817719 2.734360
v 48.997372 -7.250798 -0.967793
v 50.858044 -7.172647 1.445659
v 50.944744 -7.159894 -1.543859
v 52.278149 -7.255863 0.915058
v 53.041885 7.343081 0.054777
v 48.702820 7.334495 -0.418011
v 51.523792 6.393124 3.634498
v 49.340763 3.245286 6.586133
v 49.779564 3.078236 -6.642170
v 51.422321 -2.138974 -7.015474
v 51.633240 -3.202309 -6.581235
v 48.428368 5.562616 4.799395
v 49.547348 -2.697684 -6.813324
v 49.258842 2.561085 -6.864601
v 52.059090 7.331167 0.518900
v 48.943558 1.010177 7.292244
v 51.407337 -6.875229 -2.525391
v 48.544754 7.283499 0.961562
v 50.065609 2.106553 -7.020225
v 50.043549 1.542305 -7.165967
v 51.509453 -3.184501 6.611567
v 47.755390 5.887427 4.406080
v 50.312187 5.874537 -4.385319
v 52.104546 6.661694 3.115820
v 49.152443 7.139303 -1.743750
v 54.272095 7.291864 0.895575
v 52.421528 -2.693128 6.842951
v 52.633537 -5.532101 4.823148
v 51.590702 -6.155813 3.984975
v 52.822483 -4.163506 6.042564
v 49.454838 -0.264348 7.347691
v 49.402618 0.433958 7.343544
v 49.957359 -6.987485 2.184746
v 52.413574 1.595808 7.188082
v 52.190178 -6.358637 3.645376
v 49.303883 -0.883139 7.301641
v 52.827415 5.561128 4.803616
v 53.287857 -7.247094 -1.003007
v 51.026730 7.288437 -0.944517
v 50.866764 7.212841 -1.401403
v 52.262093 0.971056 7.305580
v 50.579876 3.721519 6.318466
v 53.004639 -3.716072 -6.301517
v 49.607433 5.511883 -4.840391
v 50.077835 -3.657146 6.360816
v 52.945080 -6.564749 3.258899
v 51.341087 2.702738 6.840445
v 51.713207 5.904489 4.382446
v 50.285625 -7.297066 -0.477082
v 51.379162 7.004060 -2.212396
v 52.080090 -0.245818 7.355726
v 50.831722 -1.544737 7.191045
v 51.412811 -4.235769 -5.967524
v 52.402805 6.934914 2.422689
v 50.237190 6.173510 -3.956547
v 51.469200 -0.854619 -7.292121
v 52.348553 -7.310949 -0.053998
v 48.881706 4.204244 -5.985739
v 49.936581 5.149017 -5.221598
v 50.035259 7.193852 1.489510
v 50.613640 4.737552 -5.588172
v 53.784317 -5.169831 -5.187893
v 50.688885 -5.203960 -5.151500
v 50.505379 6.828322 -2.692974
v 51.263622 -6.178811 -3.936500
v 55.034782 -6.186214 -3.913631
v 51.278431 -1.524120 -7.177234
v 52.597897 -4.771886 -5.553708
v 50.836079 6.436285 -3.515271
v 51.052917 4.195468 6.008459
v 51.537033 6.172698 3.996814
v 51.458111 7.078005 1.974833
v 53.522087 -5.548355 -4.781776
v 52.853020 -6.673198 -3.020840
v 52.301350 0.967916 -7.274775
v 55.136795 -5.907184 4.340400
v 52.045666 3.918290 -6.177622
v 51.680019 3.459744 -6.448929
v 54.252304 -0.842287 -7.286050
v 54.877098 -1.578667 7.187348
v 54.456367 -3.640478 6.373002
v 52.253300 2.566758 -6.865211
v 55.046394 -7.156038 -1.548734
v 54.181515 -7.297616 -0.499297
v 52.181179 0.435991 7.354575
v 52.199516 3.277733 6.569206
v 55.149654 -6.454187 -3.451520
v 53.747646 4.724122 -5.590387
v 52.675842 -6.791739 2.749379
v 53.776787 4.342024 -5.885215
v 52.992886 1.600447 -7.155975
v 54.712227 -5.144148 5.233435
v 53.774731 7.332051 -0.420455
v 56.528000 -3.172580 -6.593001
v 54.775814 -7.105583 1.775443
v 53.674355 7.208872 -1.390629
v 53.699608 -0.980840 7.293136
v 53.608307 -7.297337 0.470080
v 53.458492 5.037136 -5.317446
v 55.493622 -2.689059 6.847864
v 54.865288 -2.156682 7.037512
v 56.212021 -6.796400 2.721282
v 54.038033 -6.945533 2.319635
v 55.855076 7.327850 0.495458
v 52.042477 0.361207 -7.330746
v 53.954262 2.750436 6.812965
v 55.150845 2.160660 -7.004476
v 55.191788 3.342190 6.534753
v 54.224777 -7.182464 1.429025
v 51.830818 4.761508 5.579077
v 54.617943 6.965588 -2.300983
v 52.651890 7.196722 1.471040
v 54.866364 0.956840 -7.272619
v 54.019386 -4.694542 5.634904
v 55.137684 3.819057 -6.238593
v 53.989170 -0.238013 -7.333321
v 56.052967 7.208612 1.423672
v 54.786930 6.394294 -3.567924
v 55.076710 -0.345189 7.347111
v 54.212078 2.208054 7.016144
v 53.788601 -2.694103 -6.816315
v 55.308376 3.355336 -6.503826
v 53.605808 5.462571 -4.881179
v 54.668667 -3.159995 6.626991
v 55.391724 6.952483 2.359862
v 53.815781 7.128755 -1.764478
v 57.068748 0.358550 -7.330287
v 56.801632 5.145280 -5.218819
v 52.928005 5.804291 -4.465841
v 55.866657 1.558562 -7.166769
v 54.952740 6.577030 3.270436
v 53.971840 -4.251528 -5.949477
v 55.162025 7.094934 1.900102
v 53.463993 2.958526 -6.696323
v 54.337898 5.175236 5.210073
v 55.373924 0.015522 7.353621
v 54.766243 0.473990 7.346084
v 55.766708 1.025706 7.294774
v 54.382641 6.256968 3.856857
v 56.654800 -7.254232 0.956117
v 57.564629 2.576644 -6.852986
v 56.867107 -0.238614 -7.337720
v 58.193535 7.344000 0.102097
v 56.952465 -7.149479 1.582645
v 53.686455 6.787280 2.800977
v 53.615585 6.643116 -3.088137
v 58.746925 5.162066 5.224961
v 54.233078 6.817108 -2.692378
v 56.837555 0.496354 7.348742
v 54.593609 3.822156 6.258527
v 55.328014 4.275014 5.958093
v 57.122795 2.797259 6.799634
v 55.951756 -6.253599 3.810869
v 55.401096 -7.318052 -0.036391
v 59.764282 -7.297816 -0.560041
v 54.940918 -5.898789 -4.332085
v 56.013855 6.005521 -4.186884
v 55.473545 -2.160716 -7.004920
v 54.484043 -1.417350 -7.190789
v 56.048012 -4.181257 6.026371
v 55.132534 -7.000146 -2.139856
v 54.876328 6.173059 -3.937161
v 57.266220 7.124776 -1.798928
v 57.396683 -7.249171 -1.021696
v 58.950863 7.332759 -0.404036
v 57.893970 4.737354 -5.584416
v 58.564682 7.269580 1.079949
v 56.383919 -6.825349 -2.634082
v 57.684513 -2.159592 7.031970
v 56.646721 -6.993501 2.159275
v 56.903435 -6.643710 -3.063293
v 56.563416 -4.727772 -5.586546
v 59.271992 -7.320973 -0.015058
v 57.446228 5.597887 4.764964
v 55.331886 -1.687533 -7.128834
v 56.629864 1.633371 7.180986
v 57.994396 6.340405 3.717553
v 56.118603 -6.572235 3.230372
v 58.180672 3.037692 -6.656151
v 58.924995 -2.143688 -7.007301
v 58.844707 7.174830 1.586989
v 59.702446 -6.172116 -3.928881
v 57.983803 5.462229 -4.880485
v 58.180672 -0.469745 7.340522
v 58.393799 -3.641408 6.361988
v 56.997784 -7.298957 0.487027
v 59.493912 -6.809779 2.711884
v 58.175514 7.013017 2.179900
v 58.517372 0.002811 7.358518
v 58.248707 -5.524387 -4.798207
v 58.732311 6.620347 3.184296
v 59.575947 -7.001141 -2.135491
v 57.494064 -0.839037 -7.290750
v 58.090599 -5.135528 5.231828
v 59.571007 6.109644 4.082746
v 58.830769 7.017278 -2.155746
v 58.364124 -1.472175 -7.184361
v 58.672607 -4.161638 6.036289
v 57.214333 3.829311 6.253466
v 58.550560 6.835454 2.676388
v 57.845306 6.806093 -2.729223
v 59.283733 -6.081448 4.092660
v 57.691822 4.277724 5.955566
v 57.086086 2.223859 7.018507
v 59.151009 -5.960220 -4.243547
v 58.411106 3.533817 -6.406265
v 59.546127 6.619852 -3.140947
v 59.378162 1.414122 -7.190002
v 57.534817 -5.813957 4.458713
v 59.647999 -7.305681 0.490027
v 58.640038 3.361571 6.526700
v 56.958965 4.769380 5.587489
v 58.191856 -2.696776 -6.807626
v 58.788681 -0.260842 -7.332899
v 57.565029 0.906253 -7.282176
v 57.777313 -4.695914 5.625780
v 59.110031 -2.704931 6.832454
v 55.923954 5.968858 4.298174
v 57.997566 4.309849 -5.913296
v 56.985161 -3.639627 -6.341901
v 56.396942 7.296822 -0.868022
v 60.326649 -4.150415 -6.020079
v 58.262974 5.759550 -4.520041
v 58.556610 1.750069 -7.116482
v 57.937180 -1.621294 7.174233
v 57.691174 -5.565979 4.773056
v 59.679096 -7.155093 1.593901
v 58.617813 -3.166749 6.612234
v 62.446629 -5.133134 5.244525
v 60.221745 3.822464 6.255895
v 59.410873 -6.335954 3.683705
v 61.217506 -2.686889 -6.813332
v 61.820232 -5.450985 -4.892795
v 57.005535 7.212857 -1.402879
v 61.635838 -4.694643 -5.613023
v 58.547443 6.153861 -3.963440
v 57.253815 -1.002452 7.290399
v 61.047066 -2.173165 7.028123
v 59.851692 -6.999512 2.170564
v 59.229485 -6.585069 3.226299
v 59.756992 7.326688 0.561891
v 62.501274 -5.956336 -4.263250
v 57.330322 -4.192003 -5.994666
v 59.378807 -7.250773 1.045601
v 59.042336 0.498951 7.347889
v 60.668400 1.021247 7.292510
v 58.684589 -5.107000 -5.241687
v 59.477051 1.598976 7.180945
v 62.308941 7.271642 1.042113
v 61.588596 2.209775 -6.984864
v 59.749722 2.215457 7.011079
v 59.423447 3.932994 -6.166706
v 60.027096 -3.632733 -6.346279
v 62.052090 -0.867582 -7.282799
v 61.185692 -1.559523 -7.161303
v 62.272587 -3.176461 6.616399
v 61.504169 -6.574790 3.234179
v 61.394657 5.545828 4.812133
v 60.768421 3.352275 -6.500427
v 58.864307 5.044923 -5.309033
v 61.684635 7.075379 1.971184
v 62.514786 -3.185484 -6.587546
v 63.085377 -3.635787 -6.349984
v 62.640202 -0.236048 -7.334180
v 62.084473 0.381531 -7.325823
v 62.325100 7.340020 0.096527
v 62.430847 -1.648253 7.167381
v 61.593624 -2.715474 6.833219
v 61.933361 -5.623275 -4.693762
v 61.560070 4.352194 -5.874357
v 61.665947 6.942271 2.383145
v 62.078537 -0.459563 7.337862
v 61.722469 -4.181920 6.023845
v 61.967220 -3.637201 6.368793
v 61.438965 -1.021012 7.283319
v 62.837746 7.191305 1.489482
v 59.635365 6.392692 -3.572838
v 60.707195 3.352444 6.524223
v 59.134640 -7.158497 -1.555419
v 60.211143 2.817715 6.779674
v 60.517269 -6.827501 -2.635301
v 62.879848 6.756155 2.860602
v 61.463913 2.846388 -6.741689
v 61.512211 0.023940 7.355169
v 62.408302 5.424054 -4.920719
v 60.006401 -6.597984 -3.161682
v 61.139328 0.900319 -7.279294
v 63.276154 -6.996921 -2.141350
v 61.517574 6.612743 3.184697
v 63.281101 -6.587773 -3.189402
v 62.022823 5.034558 -5.315376
v 61.419750 0.513627 7.344231
v 61.779308 -5.872844 4.382827
v 61.793354 4.213119 5.997093
v 63.759747 -6.573687 3.247865
v 60.637600 7.275719 -0.993201
v 59.776173 -6.377679 -3.581672
v 60.479710 6.818094 -2.681061
v 61.885216 -6.250454 3.814888
v 64.460442 -6.836920 -2.609567
v 60.168499 7.172467 -1.557549
v 60.502811 5.874110 4.408094
v 62.025711 -7.253773 -1.004914
v 61.607098 1.632848 7.174387
v 62.148167 6.123384 -4.016038
v 63.000660 4.762209 -5.558488
v 64.566177 -4.182792 6.026396
v 62.662437 -4.703983 5.628524
v 62.517384 -5.535281 4.815403
v 64.598808 5.880770 4.397625
v 64.303200 -7.261989 0.938335
v 61.673656 7.004879 -2.177004
v 61.746895 2.195390 7.023016
v 63.813046 -4.149538 -6.027008
v 63.248631 -6.998355 2.182999
v 64.759613 -6.329622 3.690455
v 65.960236 -5.191779 -5.166013
v 63.506107 6.812303 -2.684249
v 65.530754 -7.251209 -1.026928
v 63.496326 3.896177 -6.189753
v 63.684513 7.228259 -1.246365
v 66.003326 -4.772635 -5.547304
v 63.621071 -7.322094 -0.068431
v 62.021706 4.738840 5.599646
v 64.836090 -5.109079 5.266551
v 63.248844 -7.148315 1.626055
v 62.331387 5.738344 -4.546762
v 63.732319 0.498285 7.342504
v 65.568085 -4.692330 5.638416
v 63.516644 7.329360 -0.300969
v 66.595047 -5.820815 4.458428
v 65.806870 -7.305726 0.473986
v 65.861961 1.584946 7.179150
v 62.793060 2.628238 6.862953
v 64.503052 -6.162135 -3.955846
v 63.068840 7.124952 -1.738421
v 64.493431 -2.201095 7.024327
v 62.111797 5.142587 5.234800
v 64.847511 -6.348553 -3.641971
v 64.603226 -6.086463 4.077859
v 65.817505 7.334618 0.106273
v 64.524033 -0.248833 -7.336890
v 66.040886 -1.629829 7.176713
v 63.439594 -6.804484 2.735322
v 63.473568 2.884972 6.754459
v 64.657623 0.853202 -7.279604
v 63.994766 7.288435 -0.835476
v 64.055359 6.971708 -2.260271
v 62.154060 6.152171 4.009937
v 65.753510 6.564387 3.279720
v 64.340370 -7.161072 -1.546539
v 66.300308 -6.573228 -3.232688
v 65.933121 -3.645156 6.369310
v 65.733345 6.148564 4.015595
v 63.278801 6.374805 3.643096
v 66.009232 -5.533524 4.823528
v 63.373329 2.389474 -6.924383
v 64.992004 6.955239 2.350599
v 63.450798 -2.148466 -7.004807
v 63.812191 -0.028450 7.354476
v 64.722038 -1.028209 7.286307
v 64.886597 1.004972 7.288718
v 65.996719 -3.178475 6.616519
v 64.883972 3.801197 6.267927
v 64.626266 2.896410 -6.720846
v 66.586784 -0.865633 -7.285256
v 63.932518 1.824957 -7.094060
v 66.380150 -3.564545 -6.380874
v 64.212448 1.408838 -7.186326
v 63.805412 4.353996 -5.878651
v 66.987625 -7.156926 -1.552584
v 64.782761 7.314451 0.663859
v 65.695412 -1.541259 -7.163647
v 65.577545 -0.454513 7.337917
v 67.008553 2.335154 -6.943187
v 65.191383 3.308838 6.551324
v 66.726135 -7.296134 -0.559956
v 66.037239 4.747199 5.597295
v 66.388390 5.132153 5.248660
v 65.231857 5.530998 4.829378
v 67.804123 -7.316302 -0.047890
v 68.018257 6.825382 -2.689129
v 67.536354 -6.077466 4.099620
v 65.424889 7.093925 1.897600
v 64.988411 5.767676 -4.497608
v 64.338150 6.434160 -3.496789
v 65.274864 3.402146 -6.477174
v 65.402206 5.426838 -4.912294
v 67.181107 -5.584656 -4.742204
v 65.575935 4.231021 5.986784
v 69.397736 5.117606 -5.237246
v 64.371086 6.648673 -3.072705
v 68.333366 -5.963428 -4.251703
v 65.359077 -2.678640 -6.810738
v 66.195396 -4.273454 -5.933087
v 67.257027 -6.274032 -3.784217
v 68.560638 -6.724820 -2.894939
v 65.731392 -2.708614 6.840857
v 67.545319 -6.579471 3.236602
v 65.956619 5.063076 -5.289548
v 68.125137 -2.167495 7.033686
v 68.710617 -3.151334 6.626993
v 66.760025 2.490003 6.912290
v 67.026100 6.962976 -2.316893
v 68.315804 -5.540570 4.814262
v 68.157364 -5.135651 5.244965
v 67.246719 0.919897 -7.277602
v 67.324417 1.978432 7.076666
v 66.871765 6.768208 2.825131
v 67.708115 2.852663 -6.746265
v 66.346390 4.726592 -5.586431
v 66.092522 -3.934934 -6.161957
v 65.034531 2.156861 7.028948
v 65.923882 6.170338 -3.939559
v 68.238823 6.946724 2.353657
v 69.880020 2.181409 -6.996614
v 68.858078 -6.554621 -3.270225
v 66.869865 1.772720 -7.114088
v 67.269218 -0.035869 7.351411
v 67.811646 -3.981799 6.158901
v 67.034897 2.886001 6.752028
v 69.594742 -7.241347 -1.031286
v 67.432396 6.301174 3.774678
v 68.010208 5.885170 -4.349155
v 66.907303 3.817131 -6.241282
v 66.979492 -7.002231 -2.130212
v 67.060631 1.413987 -7.194113
v 70.415718 -2.691834 6.843862
v 66.629784 -6.997535 2.168795
v 69.752457 7.006788 -2.188607
v 68.955429 -1.597777 7.180565
v 67.893593 -0.463496 7.340207
v 67.251434 0.417526 7.344020
v 69.455421 5.150024 5.226871
v 66.861641 4.251174 -5.947808
v 70.237518 -3.625769 6.384462
v 67.455452 7.115965 -1.811416
v 67.666641 7.326139 -0.418213
v 69.266205 -6.855618 -2.562668
v 67.453186 -0.267458 -7.336295
v 68.562485 7.267236 1.034130
v 69.785347 -3.490159 -6.430561
v 68.233559 7.099024 1.863930
v 69.735001 -0.220174 -7.330301
v 68.182983 0.940632 7.294261
v 69.476837 4.726888 5.605453
v 71.053909 6.293463 3.797778
v 66.703323 7.203730 -1.402190
v 68.181877 7.200197 1.431130
v 71.067497 -6.545184 -3.305784
v 68.070969 -4.255797 5.973566
v 68.388329 -1.017858 7.287046
v 67.202019 -7.112495 1.758592
v 69.314735 7.320105 0.554283
v 69.210777 6.579279 3.265283
v 69.691978 -2.700727 -6.806923
v 67.299446 0.373332 -7.328111
v 70.086952 1.670119 -7.134540
v 69.552200 6.234711 -3.840901
v 69.109039 -6.711582 2.964948
v 71.087959 -5.260807 -5.108952
v 71.077789 0.441576 -7.325617
v 68.916039 5.542017 -4.785290
v 69.332649 0.964053 -7.266095
v 67.685074 -7.187361 1.412580
v 68.737442 4.217398 5.994937
v 69.918388 3.795534 6.273880
v 68.004204 -2.179912 -6.992588
v 68.071968 3.326627 -6.525144
v 69.253220 -6.266910 3.813753
v 69.519417 -7.257357 0.958485
v 71.066475 4.119820 6.071957
v 69.682274 4.734361 -5.585849
v 70.372841 3.853850 -6.222659
v 71.079102 -4.163936 6.043779
v 71.073837 -1.516573 7.190614
v 71.083740 -3.730659 6.333201
v 69.725288 3.310253 6.547759
v 68.973129 1.538650 7.182451
v 70.060898 7.336852 0.103091
v 67.055237 -6.810110 2.711567
v 71.086876 -5.662720 -4.653471
v 69.251740 6.682452 -3.013735
v 71.095673 4.250662 -5.961894
v 68.788498 7.289845 -0.861891
v 69.197792 6.483675 -3.406624
v 69.813263 -4.677352 5.659278
v 71.090904 -3.205572 6.616735
v 71.093613 -5.212535 5.175201
v 68.608917 -1.581387 -7.152133
v 71.074043 -6.520098 3.389285
v 71.089493 -5.555607 4.795463
v 67.148369 -3.087098 -6.631829
v 71.074295 -3.455824 -6.456199
v 68.734703 -4.732110 -5.589952
v 69.485939 -6.249030 -3.825088
v 71.065895 6.526790 -3.361363
v 71.079872 7.153843 -1.703781
v 70.397987 5.961735 -4.250659
v 70.217323 -7.142110 -1.577779
v 71.062943 5.701213 -4.600477
v 71.056557 6.196212 -3.934712
v 71.084724 -4.284884 -5.931454
v 71.061607 6.827404 2.706028
v 71.075661 -4.835143 5.523822
v 69.445358 -7.301276 0.482539
v 71.085426 -5.852675 4.422604
v 71.078903 -6.155224 3.991735
v 71.072601 0.875357 7.306663
v 71.069626 5.201889 -5.180031
v 69.304207 5.579115 4.776054
v 68.960114 5.896630 4.379059
v 70.450806 2.646473 -6.836275
v 70.175194 2.134837 7.025347
v 70.510452 2.683667 6.831515
v 70.549324 3.243649 -6.569269
v 71.084160 -5.978421 -4.234524
v 71.069046 -2.678288 -6.823414
v 71.067276 1.197247 7.256578
v 71.052971 4.746475 5.598571
v 71.075027 7.337949 -0.388577
v 71.079819 -0.315328 7.339722
v 71.070961 -6.813324 -2.697368
v 71.086952 -4.597695 -5.689038
v 71.090370 -5.069025 -5.295899
v 71.062515 5.970864 4.297312
v 71.069153 1.581551 7.176384
v 71.067764 5.609274 4.756458
v 71.068985 -7.006092 -2.107833
v 71.069397 7.319119 -0.722752
v 71.060326 -7.146994 -1.578204
v 71.072311 -7.302773 -0.475668
v 71.082130 -0.971761 7.280114
v 71.069092 1.848923 -7.118810
v 71.073174 -0.349653 -7.328417
v 71.073944 -3.978711 -6.143228
v 71.077309 4.655155 -5.662353
v 71.066383 7.131367 1.792483
v 71.070992 6.797463 -2.800223
v 71.073402 -7.196444 -1.293598
v 71.309875 7.113984 -0.669249
v 71.595367 -5.934383 3.605908
v 71.073151 3.485867 -6.445265
v 71.083664 -2.667093 6.871790
v 71.066826 7.326538 0.690321
v 71.062286 7.218656 1.405419
v 71.087830 -1.586380 -7.150418
v 71.073959 0.365975 7.345352
v 71.654739 -5.796977 -3.682321
v 71.510117 -6.250917 3.144062
v 71.582245 -6.446677 -2.499727
v 71.077919 2.706900 -6.833923
v 71.062950 5.140206 5.254704
v 71.074036 -6.244252 -3.849774
v 71.538635 -3.262165 -6.137637
v 71.082359 -7.016367 2.154548
v 71.081657 7.218146 -1.386134
v 71.086746 -2.084658 7.057907
v 71.074089 -0.866167 -7.276725
v 71.071426 -2.134411 -7.014809
v 71.072166 3.423625 6.501174
v 71.069290 -7.156089 1.606699
v 71.073441 -6.925814 2.439106
v 71.419807 5.921952 -3.819273
v 71.530914 6.160982 -3.265225
v 71.697586 -3.214103 6.066626
v 71.383537 5.608697 -4.301743
v 71.496559 0.112789 -6.995868
v 71.754875 5.401051 4.183503
v 71.398476 4.959502 -5.044258
v 71.946983 -6.508641 -1.228365
v 71.856598 -1.993983 6.453616
v 71.077789 -7.308147 0.368867
v 71.389481 7.077147 0.079644
v 71.078163 6.958300 2.337727
v 71.447548 -6.749907 -1.898082
v 71.078712 0.896979 -7.283112
v 71.484795 1.464519 -6.851265
v 71.082466 7.011625 -2.204889
v 71.961243 -4.615026 4.830134
v 71.942490 -2.471798 6.215687
v 71.645622 -5.443061 -4.229584
v 71.423256 -0.693603 -7.014099
v 71.729744 -6.505683 2.050080
v 71.056679 -6.758176 2.885956
v 71.438538 3.580292 -6.062596
v 71.455818 2.029531 -6.735295
v 72.411987 -6.275814 0.359426
v 72.111351 1.395354 -6.372406
v 71.405548 4.163574 -5.719759
v 71.068558 -7.241002 1.089836
v 71.066872 2.584726 6.877794
v 71.861031 1.269808 6.630590
v 71.048279 6.590997 3.254471
v 71.606834 -3.982279 5.670597
v 71.319595 7.116612 0.681338
v 71.452156 2.678352 -6.516080
v 72.089127 3.579308 -5.492957
v 71.761925 -6.005029 -3.158158
v 72.411690 -6.017457 -1.818016
v 72.419144 6.294250 0.018088
v 71.491737 -6.970325 -0.384079
v 72.406303 -6.284920 -0.116487
v 71.523636 -1.398130 -6.821318
v 72.419464 -4.593832 -4.321921
v 72.405960 6.032771 1.836173
v 72.096794 -1.131034 6.450287
v 72.414497 -6.214746 0.915162
v 71.492470 3.410605 6.136036
v 71.993660 -2.083712 -6.270302
v 71.767235 0.783444 6.788276
v 72.033035 0.155009 6.622058
v 71.597336 5.893798 3.645527
v 71.652428 6.453753 2.397709
v 71.819336 6.423309 -2.138183
v 71.971489 6.516811 1.262038
v 71.064789 1.975181 7.086947
v 72.426651 6.259032 -0.603954
v 72.400940 -6.247991 -0.620908
v 71.466499 6.870315 -1.491329
v 72.431198 6.264547 0.622706
v 72.410545 -1.833437 6.036196
v 71.531601 6.456411 -2.654564
v 71.767960 4.099403 5.426878
v 71.961327 4.031466 -5.284896
v 72.400993 5.556774 3.027917
v 72.391731 2.420490 -5.832540
v 72.408623 5.840797 2.388882
v 72.414726 -5.830339 -2.365383
v 72.400635 -6.164567 -1.182613
v 72.399956 -1.010900 6.223038
v 72.423172 3.506279 -5.218002
v 72.400993 -1.107286 -6.186104
v 72.412277 -4.680471 4.233600
v 72.417038 4.485569 4.457798
v 72.404488 -1.759008 -6.034077
v 72.396606 -3.509888 -5.219412
v 72.410179 4.880669 4.037750
v 72.409111 5.202201 3.613852
v 72.406456 -2.330231 -5.829279
v 72.398300 -2.745930 -5.648728
v 72.415771 -5.635602 2.829344
v 72.422371 5.595776 -2.900392
v 72.424255 -5.080125 3.746531
v 72.427597 1.154676 6.198948
v 72.421989 4.892358 -3.959938
v 72.431221 4.094029 -4.764630
v 72.437767 4.404468 -4.479980
v 72.408554 0.751400 -6.251639
v 72.400848 -3.816080 -4.997499
v 72.406548 -4.146009 4.755188
v 72.403786 3.298493 5.392407
v 72.838509 -4.963355 3.891632
v 72.406120 0.030848 -6.303563
v 72.399406 -5.828502 2.424175
v 72.419456 2.891363 -5.589223
v 72.418846 6.039900 -1.779477
v 72.399330 -0.528314 6.301882
v 72.420769 5.873373 -2.295866
v 72.388649 1.901989 -6.025724
v 72.414314 -4.866635 -4.018235
v 72.398476 -3.188985 -5.412606
v 72.414444 -5.618296 -2.859132
v 73.909386 6.011838 1.894414
v 72.997498 5.557587 3.047379
v 73.287041 5.835992 2.443205
v 72.407928 0.135447 6.327337
v 72.417976 6.187030 1.205711
v 72.423805 -5.400527 3.256036
v 72.408318 -6.176698 1.164122
v 74.125305 -6.288993 0.478748
v 73.131615 -5.927571 2.100169
v 72.399048 -6.035369 1.810532
v 73.644493 -4.481812 -4.433119
v 75.062859 -6.289058 -0.443343
v 72.399902 4.080202 4.829959
v 73.858078 -6.151308 1.379993
v 72.409782 2.873661 5.630316
v 72.411736 -4.204391 -4.687370
v 73.494774 4.159744 -4.709422
v 72.417862 5.231683 -3.496202
v 72.422791 6.205800 -1.013081
v 73.258057 5.321616 3.456153
v 73.623100 2.748608 -5.664506
v 72.419090 2.373949 5.861624
v 73.457481 6.170122 1.321184
v 74.362404 -6.302684 -0.053124
v 73.206528 1.293826 -6.153209
v 73.542938 3.845047 -4.971704
v 74.689201 -4.069304 -4.835211
v 73.595657 -4.510032 4.418320
v 73.975426 -5.544976 -3.012726
v 72.408752 -2.857575 5.618083
v 72.415039 -5.253855 -3.497092
v 72.408829 3.757586 5.082839
v 73.510811 -5.781528 2.504564
v 75.853920 -6.242133 -0.899076
v 74.347572 -1.840784 -6.019714
v 73.515175 5.292761 -3.410400
v 73.619560 -4.095811 4.808625
v 73.598991 6.279145 0.496129
v 73.578728 -1.803618 6.057224
v 73.535843 -1.170341 6.212368
v 74.089203 -4.827441 4.084242
v 72.414864 0.594818 6.292259
v 73.559708 -5.766325 -2.539351
v 73.488564 4.817727 4.135124
v 73.503418 -2.204686 -5.892881
v 75.498436 -1.632719 6.112553
v 73.395065 0.344492 -6.293048
v 73.950325 5.846143 -2.339729
v 73.506264 -2.861180 5.621432
v 72.411026 1.824802 6.057914
v 74.050491 6.282806 -0.489087
v 73.626442 1.825377 -6.034479
v 74.207756 5.563645 -2.950999
v 75.606026 -6.027991 -1.884630
v 75.181175 -2.161265 5.946441
v 75.550690 -3.186606 5.465544
v 72.420158 -3.522923 5.224497
v 73.882957 -5.302596 3.425928
v 75.148697 1.303798 6.178252
v 75.019875 -0.093601 -6.318989
v 72.406471 -2.337293 5.859734
v 75.507492 5.605591 2.954344
v 73.639122 -0.755820 -6.254231
v 75.212952 -5.081416 3.764063
v 73.913643 -5.555222 2.979922
v 74.835976 2.279641 -5.880412
v 73.871246 4.495182 -4.397595
v 72.408127 -0.483894 -6.280868
v 73.827202 4.915895 -3.941763
v 75.077339 -4.512970 4.405982
v 75.510315 6.003167 1.966801
v 73.802010 4.463691 4.478780
v 73.140877 1.255838 6.188706
v 75.296593 -5.794513 -2.507125
v 74.287514 6.048710 -1.782828
v 75.279312 -1.369373 -6.154580
v 75.924507 0.304048 -6.314286
v 76.306664 -5.928161 2.161184
v 73.475006 3.333662 -5.335251
v 75.323746 5.839194 2.446379
v 73.389839 5.049260 3.851400
v 73.304504 0.026284 6.327478
v 75.485374 -3.596657 -5.190005
v 74.450317 0.724327 -6.265635
v 75.326263 -6.048672 1.791083
v 75.424988 -3.121114 -5.477560
v 75.561630 -5.670678 -2.754750
v 76.209595 -4.071072 4.848584
v 75.548965 2.880247 5.625143
v 74.532013 -0.594420 6.307178
v 76.333710 -6.301840 0.492321
v 75.756363 -1.035638 -6.229142
v 75.453430 -0.500057 -6.303867
v 76.394081 -4.505563 -4.424860
v 73.628731 3.291399 5.393787
v 75.870659 6.223547 -0.965714
v 75.695251 3.739985 -5.090312
v 75.256416 3.290780 -5.382776
v 76.345543 4.456588 4.479960
v 76.010086 -4.803999 4.120104
v 74.545380 6.167812 -1.280618
v 74.957634 6.159778 1.425608
v 75.211761 -6.158630 1.377684
v 76.688683 0.613488 6.296740
v 75.284805 2.340089 5.874571
v 76.608765 3.411700 5.320397
v 76.853523 -6.156905 1.375553
v 75.032906 1.391848 -6.148574
v 75.732887 -5.294147 -3.455953
v 76.300667 -4.956420 -3.923234
v 77.170296 -0.502140 -6.302859
v 75.738960 -0.048970 6.327590
v 75.667793 -2.725354 5.707079
v 75.742676 -3.595419 5.206920
v 74.873543 6.305407 -0.022998
v 77.871452 -2.282876 -5.873668
v 77.866081 0.244848 6.315063
v 76.107140 -1.054255 6.240235
v 76.055511 -6.157843 -1.367388
v 76.028625 -6.252949 0.877021
v 76.923874 1.203595 -6.189957
v 77.853653 -5.590800 -2.933748
v 76.514572 4.489588 -4.437083
v 75.465332 6.246635 0.883164
v 76.013123 -4.083614 -4.825854
v 77.301910 -1.279106 6.186813
v 77.860558 -6.023267 -1.826689
v 76.217659 4.100495 4.809503
v 77.865982 5.875155 2.396953
v 76.312675 -5.783033 2.546634
v 77.079369 5.646986 2.894452
v 76.535812 5.854446 -2.360617
v 76.031410 -2.332689 -5.845348
v 77.874458 -1.901324 -6.009549
v 76.342789 5.650800 -2.813657
v 77.862846 -5.646144 2.848051
v 76.523148 6.163446 1.430154
v 77.847343 -4.912906 3.988079
v 76.299095 4.091453 -4.810677
v 77.870735 5.525466 -3.099351
v 76.499374 6.287891 -0.492103
v 77.881218 -1.230213 -6.180150
v 77.890121 -0.430290 6.307785
v 77.714676 6.040793 -1.861000
v 77.868385 -5.492599 -3.115581
v 75.559662 -2.693672 -5.689879
v 77.858109 -6.191148 -1.064005
v 76.192741 4.946372 -3.945382
v 77.852791 -5.345222 3.390384
v 77.866295 -3.888385 -4.955985
v 77.841530 -5.117009 3.720724
v 77.465271 -6.269301 -0.610269
v 77.858017 -5.807789 2.479502
v 76.817284 5.290808 -3.485308
v 76.567635 1.841070 6.054197
v 77.837425 3.455385 -5.307517
v 77.841225 1.294370 6.176003
v 76.937050 -6.308007 -0.093844
v 77.861290 5.308274 3.478625
v 77.869339 -6.286378 0.442252
v 76.917023 6.172901 -1.264002
v 77.863266 -2.329563 5.873932
v 77.859612 -4.297415 -4.617112
v 76.733315 -4.407745 4.527393
v 77.864563 5.831244 -2.469481
v 77.889946 6.283262 -0.644645
v 77.892525 6.290242 0.534343
v 77.841812 2.917377 5.613114
v 77.841530 3.246408 -5.426357
v 76.915047 1.284156 6.177735
v 77.848473 1.865629 6.049884
v 77.849655 2.384470 5.870938
v 77.598030 4.744141 4.195791
v 77.871086 6.220131 1.123317
v 77.446480 -0.576182 6.302277
v 77.858223 0.694883 6.276018
v 77.858452 -6.284648 -0.215766
v 77.865829 -5.299647 -3.449643
v 77.863281 -6.209314 1.067390
v 77.834839 3.495122 5.273761
v 77.853943 -4.654732 -4.262816
v 77.867126 6.068946 1.847758
v 77.819901 4.169350 4.764191
v 77.820465 4.570961 4.382218
v 77.840179 3.843727 -5.028067
v 77.852463 -4.533053 4.412202
v 77.856506 2.810399 -5.655162
v 77.854782 4.986016 3.928006
v 77.864136 -5.727869 -2.632708
v 77.851265 -5.888970 -2.222735
v 77.862724 -3.055797 -5.499168
v 77.860741 -3.522490 -5.222790
v 77.868980 -2.703958 -5.684867
v 77.828804 3.762277 5.082068
v 77.889687 -0.640879 -6.285582
v 77.839500 -6.054244 1.757704
v 77.846451 -4.140775 4.777680
v 77.883995 6.058359 -1.885512
v 77.838104 4.132234 -4.795712
v 77.820892 4.489655 -4.461006
v 77.864960 1.842434 -6.040198
v 77.878036 -1.845874 6.040173
v 78.606529 0.344565 7.017333
v 77.877182 6.204679 -1.196497
v 78.193459 -4.073193 -5.197950
v 77.886940 -0.036980 -6.314230
v 77.859070 5.430322 3.279771
v 77.859230 5.654555 2.862197
v 77.864937 1.171044 -6.179438
v 77.868866 2.410031 -5.839178
v 78.390190 3.221108 -6.012380
v 78.242050 -4.528086 4.922198
v 78.237137 -4.617014 -4.791007
v 78.461861 -6.058385 -3.165704
v 77.848824 -3.342011 5.354779
v 78.364914 -5.422697 4.125294
v 77.884308 -1.170974 6.195059
v 78.354019 -6.529613 -1.761563
v 78.462860 -6.763280 -1.149011
v 78.289780 -6.374489 2.151923
v 77.853058 -5.048865 -3.801919
v 78.414543 -6.349964 -2.484076
v 78.285217 -1.896271 -6.426967
v 78.429352 -2.203640 6.488340
v 78.344566 4.550479 5.017935
v 77.869858 5.258246 -3.545573
v 78.207375 2.652006 -6.087136
v 78.426239 -6.723917 1.241663
v 78.481689 -6.678620 1.753665
v 78.541473 6.843185 1.127865
v 77.914017 6.257682 -1.071111
v 78.247406 2.038885 -6.375778
v 78.223747 3.451793 5.713921
v 77.845749 -3.814354 5.028282
v 78.247253 6.007000 2.994982
v 77.864830 -2.745205 5.687974
v 78.484436 -5.092978 -4.617759
v 78.214012 2.863655 6.029961
v 77.845245 4.846396 -4.078242
v 78.155022 6.285672 2.071737
v 77.893028 6.307862 0.010229
v 78.796562 -0.230721 7.197402
v 77.882019 0.549030 -6.281312
v 78.559944 -2.701817 6.423491
v 78.198151 6.594128 -0.335968
v 78.583298 -6.180204 3.267619
v 78.294891 4.106033 -5.333529
v 77.866745 6.153998 1.474979
v 78.263283 5.653195 3.607489
v 78.401093 5.774490 -3.621339
v 78.597260 -5.925470 -3.668925
v 78.516373 -5.865103 3.700488
v 78.204308 4.536105 -4.892210
v 78.325386 6.546865 -1.707959
v 78.496635 -6.878150 -0.580392
v 78.413040 -3.573456 5.823359
v 78.142090 6.228215 -2.175218
v 78.516350 -1.648560 6.723855
v 78.663933 3.694582 -6.009413
v 78.960503 -6.984140 2.240494
v 79.032433 -6.712465 -2.979473
v 78.288254 -2.442773 -6.246169
v 78.857704 6.503134 3.204930
v 78.886414 6.748574 2.728387
v 78.939781 3.244194 6.564655
v 77.872818 5.659383 -2.848738
v 78.750984 -5.700072 -4.252175
v 78.612328 -6.492083 2.633037
v 78.832138 -3.548527 -6.227103
v 78.633972 6.991668 0.544810
v 78.589882 -1.110965 -6.907610
v 78.869423 -2.612565 -6.748273
v 78.462730 5.593695 3.976856
v 79.011642 -4.767892 -5.547029
v 78.996086 -1.520183 -7.213831
v 78.390114 -3.107540 6.061823
v 78.815819 0.471903 -7.184547
v 78.510811 -0.571235 -6.902696
v 79.067024 7.256361 1.557668
v 78.986679 3.706904 6.343749
v 79.179024 -7.512466 -0.647566
v 78.423462 4.128390 5.448109
v 78.624016 -2.995344 -6.317145
v 78.409477 2.395695 6.423767
v 79.180428 7.238864 2.105561
v 79.060333 -3.972834 6.250706
v 78.611015 5.489398 4.360536
v 79.311676 7.653245 0.019376
v 79.223770 -3.362785 6.778705
v 78.559853 4.948268 -4.872015
v 78.518501 -5.173840 4.637677
v 78.636200 -6.998062 0.609047
v 79.176079 -7.342646 -1.611506
v 78.951653 4.929363 -5.389756
v 79.011681 7.198263 -1.665986
v 78.621399 -7.019717 -0.058436
v 79.456680 -6.901289 -3.458665
v 79.593491 7.845749 1.077793
v 79.179543 7.268718 -2.016882
v 78.844154 6.759748 -2.517138
v 78.578705 5.216591 -4.632207
v 79.239197 -4.213796 -6.231326
v 79.542816 3.992397 -6.709193
v 79.561790 -7.537652 2.280370
v 79.087967 -7.327721 1.289324
v 79.577675 -6.453211 -4.417450
v 79.197998 2.279241 7.223123
v 79.457626 2.806082 7.267854
v 79.586304 7.142242 3.340852
v 79.136879 3.275345 -6.730323
v 79.208397 -1.722298 7.373455
v 79.520988 -6.100793 -4.802489
v 79.332260 -6.538995 3.965008
v 78.840073 7.125298 -1.038689
v 78.878738 -0.020188 -7.271996
v 78.953438 4.161581 6.001177
v 78.952431 5.321636 4.984909
v 80.001503 -6.000576 -5.529426
v 79.358047 -2.652634 7.223158
v 79.712898 -7.923123 -1.177671
v 79.087181 6.349102 -3.839707
v 79.180389 -7.058990 -2.545713
v 79.795403 -7.280340 3.468368
v 79.782661 4.643829 -6.519198
v 79.560257 -2.218612 7.571716
v 79.117592 -4.972409 5.550349
v 79.814354 3.451984 -7.297085
v 79.505325 -0.911359 -7.830253
v 79.231232 -7.269550 -2.125701
v 79.641617 7.964947 0.495197
v 79.546707 0.347274 -7.905640
v 78.895935 7.240019 -0.489857
v 79.770576 6.031127 5.262502
v 79.120644 2.484033 -7.014745
v 79.944344 -1.417286 -8.161754
v 79.755844 7.602096 -2.551215
v 79.422394 6.700290 3.849046
v 78.628479 -0.752650 6.991578
v 78.983963 0.914053 7.333632
v 78.655380 1.877038 6.819987
v 79.362572 -2.126591 -7.398639
v 79.821510 -3.548185 -7.247275
v 80.000931 -8.185937 1.244764
v 79.684341 7.419785 2.949612
v 79.849976 -5.047973 -6.261959
v 79.472359 -6.653166 -3.944423
v 79.260895 1.342528 -7.467455
v 80.065880 -6.968999 4.480173
v 79.866875 7.915239 2.006803
v 78.888290 5.766864 -4.351940
v 79.963997 -7.640824 3.031608
v 79.209808 6.831714 -3.127512
v 79.091171 1.409598 7.345166
v 79.512009 0.966241 -7.787048
v 80.045349 2.583944 -7.847257
v 79.224213 -4.479052 6.071591
v 80.120155 -7.918218 -2.628865
v 78.848946 1.805997 -7.001409
v 79.401978 2.115834 -7.427969
v 79.454460 4.968442 -5.917222
v 80.135757 0.013586 -8.518428
v 79.586082 5.949008 -5.079981
v 79.942566 -8.260105 -0.111948
v 80.050407 5.769422 -5.834171
v 79.073914 4.994451 5.465948
v 79.636932 7.932488 -0.564446
v 79.608086 -6.250804 4.812539
v 79.870224 -3.038354 -7.552711
v 79.634491 0.321628 7.996644
v 80.211060 -1.971045 8.277390
v 79.861275 -3.115139 7.535336
v 80.262558 -7.355412 -4.116929
v 78.953323 6.259686 3.799283
v 80.006134 -3.679432 7.409607
v 79.422302 -0.609522 -7.785360
v 79.670708 -0.368629 8.027143
v 79.850502 1.088890 8.126576
v 79.602020 -2.677510 -7.440965
v 79.488312 6.156855 4.738532
v 79.627647 -5.520636 5.644964
v 79.930458 1.780466 -8.017044
v 80.091698 -4.746432 -6.771256
v 80.092270 -8.104294 -2.053328
v 79.938812 8.069572 -1.550606
v 79.494019 -0.967871 7.792233
v 80.378960 -8.650126 -0.670240
v 79.896095 5.192544 6.250360
v 80.167397 -7.567807 -3.541301
v 80.408119 2.153510 -8.368406
v 80.144447 8.443889 -0.412384
v 79.312057 4.766635 5.949851
v 79.561455 3.351039 7.132006
v 79.729797 4.481040 6.619168
v 80.232971 5.418396 -6.400383
v 79.851517 -6.114620 5.308661
v 80.036636 2.321003 8.018059
v 80.041664 -5.502136 -6.070904
v 80.168098 -7.312395 4.093325
v 80.261284 7.325575 4.205713
v 80.279625 -8.566051 0.292549
v 79.868378 -8.122665 0.802140
v 79.752563 -7.852617 1.807350
v 80.123169 -0.282468 -8.505424
v 80.051147 -4.998394 6.591616
v 80.108040 0.169253 8.473945
v 80.218819 7.014815 4.622979
v 80.275574 -0.588192 -8.631445
v 80.246658 0.287836 -8.611753
v 80.561287 4.141868 -7.633741
v 80.655533 -8.260730 -3.050216
v 79.897247 4.063042 7.058083
v 80.341370 -0.637925 8.659939
v 79.952744 6.744405 -4.573335
v 80.459312 -3.233512 8.076815
v 80.532082 -6.862628 5.321126
v 80.328354 8.569966 0.829341
v 80.701843 5.145328 -7.129258
v 80.557632 -8.496880 2.270390
v 80.241180 -0.428116 8.579923
v 80.393654 8.621207 -0.880555
v 80.784233 4.711492 -7.517400
v 80.252197 -8.560234 -0.292700
v 80.143166 8.464911 0.306685
v 80.106407 8.428587 0.024586
v 80.182037 8.473435 -0.468422
v 80.424362 5.824111 6.269980
v 80.329506 0.580746 8.659114
v 80.566895 -0.974735 8.827278
v 80.533264 0.888568 8.814582
v 80.345337 -0.202835 8.432121
v 80.183372 0.010475 8.511816
v 80.428444 -8.667679 0.725603
v 80.486328 -7.008842 -4.987255
v 80.338905 -8.597015 0.494982
v 80.020744 -4.259375 7.082322
v 80.247124 -0.145645 -8.481610
v 80.643990 8.798500 -1.224206
v 80.241287 0.285152 8.543831
v 80.818611 -7.487663 4.876696
v 81.002487 -8.294203 3.844344
v 79.898384 6.995455 -4.113657
v 80.359200 7.943657 3.271847
v 80.821884 8.245442 -0.621046
v 80.658669 -2.003812 -8.702146
v 80.344093 1.034575 -8.581146
v 80.752617 -6.694662 -5.734534
v 80.216011 -0.284789 -8.511689
v 80.243172 8.529526 0.536962
v 80.324326 0.484253 -8.669759
v 80.723923 0.088435 8.208017
v 80.708702 -0.073221 8.211393
v 80.604988 6.237565 6.082779
v 80.863243 -6.683353 5.962641
v 80.596771 8.230601 -0.347533
v 80.912605 -8.831279 -2.142202
v 80.999031 5.764233 6.994274
v 80.743431 0.390005 8.305218
v 80.096214 -4.194228 -7.152605
v 80.139648 8.139278 -2.090416
v 81.241539 -7.330490 5.702957
v 80.695412 -8.096400 -3.527738
v 80.746773 6.342643 -6.106858
v 80.498230 0.807874 -8.797311
v 80.601555 8.617772 -1.909894
v 80.342705 4.706893 7.116014
v 80.675110 7.991686 3.781065
v 79.884529 -5.330012 6.134966
v 80.456261 8.475909 1.999468
v 80.456215 -2.582200 -8.311911
v 81.048241 -8.233865 0.525632
v 80.447815 -1.328903 8.623370
v 80.629097 1.011623 -8.886558
v 80.849045 8.930997 -1.569042
v 80.933830 -8.996793 1.613271
v 80.936249 -5.936850 -6.742772
v 80.585815 -8.386350 -0.332486
v 80.619186 -8.337884 0.007164
v 81.090935 -3.161597 -8.709031
v 80.296570 6.714855 5.147050
v 80.794182 1.249464 -8.996626
v 80.884003 -0.603703 8.327509
v 80.346336 3.244505 7.948724
v 80.979614 6.217994 -6.496322
v 80.296967 7.656271 -3.625592
v 80.791374 1.225652 8.998436
v 80.839821 -7.680379 -4.569989
v 80.881866 -0.435382 8.234567
v 80.850334 -0.288786 -8.167179
v 80.593742 6.733194 -5.472135
v 80.655693 0.236846 -8.309221
v 80.317841 2.045117 8.359811
v 80.630493 -8.814537 -1.029856
v 81.119781 2.953358 -8.763802
v 80.913033 -5.397897 -7.171812
v 80.875580 -8.868478 -1.271336
v 80.613281 -3.605661 -8.033891
v 81.190872 2.469947 -8.996236
v 81.382385 -7.836321 -5.193474
v 80.440529 8.661377 0.894311
v 80.727280 -8.872647 1.230192
v 81.184586 -9.183609 -1.812555
v 80.912247 8.110283 0.369578
v 81.142868 -7.262865 -5.592783
v 80.914825 -8.991169 -1.483518
v 81.101196 -0.198823 8.041351
v 80.810394 -1.314052 9.003871
v 80.967621 1.980151 -8.963324
v 81.777969 -8.327326 -1.086059
v 81.173538 -6.539611 -6.450349
v 80.651215 -4.003747 7.886920
v 81.093025 5.275061 7.501228
v 80.780579 6.754684 5.746597
v 81.232414 0.322573 -8.017866
v 81.106445 0.558167 8.204479
v 81.028534 -1.703433 -9.176866
v 80.748848 -5.172040 7.223014
v 80.908928 -2.061304 8.929826
v 80.629036 -8.293756 3.026411
v 81.347023 4.539879 -8.203842
v 81.189766 -8.169025 -4.347933
v 81.009293 -9.046965 -1.570222
v 81.300850 8.811586 -3.252407
v 80.781441 -8.273746 3.438540
v 80.746552 7.737565 -4.298132
v 80.584763 -1.055759 -8.859736
v 81.037468 -9.056467 1.627486
v 81.395554 0.714061 8.181906
v 80.970276 9.038427 1.643156
v 80.435722 3.333573 -7.968213
v 80.915352 -0.523682 -8.249495
v 80.664070 8.250726 -3.118755
v 81.210426 -1.896290 9.283825
v 81.367310 -4.021797 8.603311
v 80.862259 -8.303336 -0.487597
v 81.413422 -4.094344 -8.574435
v 81.379684 8.271027 0.966302
v 81.152344 1.708811 9.233482
v 80.671822 8.819388 1.230172
v 81.057701 -4.525167 7.992258
v 81.112251 -6.419480 6.542522
v 81.252716 0.368569 8.033867
v 81.393784 -7.957599 0.312172
v 80.854622 0.526404 -8.349709
v 80.860115 2.535202 8.721368
v 80.868637 8.311224 0.695406
v 80.792618 -1.355182 -9.012077
v 80.733078 8.532996 2.629071
v 81.725845 -8.672369 4.473534
v 81.356934 8.529586 4.019178
v 81.162910 -5.056429 -7.717842
v 81.277290 8.742444 3.426765
v 81.348839 -2.133798 -9.388127
v 81.147438 1.610279 9.149484
v 80.580833 3.829266 7.891637
v 81.705818 -8.835762 -4.065372
v 81.427345 -7.928547 -0.243641
v 81.392159 2.022768 9.387197
v 81.769424 -8.721738 1.619532
v 80.912872 3.327781 8.466757
v 81.098526 1.659081 -9.203970
v 81.203537 -9.203973 1.870771
v 81.160172 -8.390132 0.861168
v 81.409866 7.828302 0.062940
v 80.910027 7.556931 4.899827
v 81.033730 8.027786 -0.348673
v 80.916939 8.842983 -2.182304
v 81.039574 -1.550566 9.098367
v 81.673790 -9.227223 3.203022
v 81.331718 -1.114894 -8.518583
v 80.982018 1.374851 -9.006740
v 81.194916 9.207568 1.949382
v 81.014450 -4.409525 -7.981679
v 81.046204 -5.867736 6.997002
v 81.495811 -7.959409 -0.443458
v 81.126030 8.380202 -0.970879
v 81.956039 -5.985017 -7.881769
v 81.011887 4.452725 7.962487
v 81.405090 -9.062236 -2.809273
v 81.630821 -3.529504 -9.088154
v 81.630394 -6.300528 -7.238272
v 81.321953 -9.200325 2.330096
v 81.276810 8.180534 4.505238
v 81.138687 9.156977 -1.852634
v 81.074402 3.847376 -8.331180
v 81.646980 -8.341001 4.886178
v 81.481133 9.378064 -2.242496
v 81.320023 7.939851 -0.484178
v 81.335548 -8.191397 -0.692074
v 81.703156 0.981954 8.314336
v 81.431297 -9.336573 -2.128039
v 81.436676 2.092196 -9.394015
v 80.990250 4.903029 7.660783
v 80.896225 -1.095519 8.758941
v 81.656471 7.884820 -0.655955
v 81.851334 -7.489112 -6.274188
v 81.591667 8.107384 5.128554
v 81.505959 9.409523 2.300168
v 81.360268 5.326052 -7.707897
v 81.369705 3.556510 -8.774283
v 81.622627 7.349743 -6.125507
v 81.373306 -2.093685 9.398865
v 81.247932 4.278795 8.299581
v 81.185448 -2.542410 -9.051400
v 81.890648 -8.341712 1.199435
v 81.405670 7.987539 0.577580
v 81.070244 -2.732488 8.868518
v 81.722176 5.830599 7.767687
v 81.195518 -3.456643 8.714186
v 81.666718 2.361167 9.553150
v 81.926933 -8.120110 -0.948215
v 81.788322 9.567680 -2.569438
v 81.544411 -7.850437 0.031186
v 81.203117 7.665748 -5.124801
v 81.135010 6.045856 -6.858358
v 81.477196 0.513875 -8.002455
v 81.765152 2.498301 -9.595827
v 81.783051 -9.128050 -3.578714
v 81.699364 -2.555892 -9.597580
v 81.795891 -9.588412 2.591769
v 81.516869 -0.508405 -7.933192
v 82.008736 2.749468 9.766688
v 81.328796 -5.250506 7.794198
v 82.003410 -3.376611 9.556629
v 81.324532 8.511958 -3.923538
v 81.111191 -0.092247 -8.003728
v 81.161552 0.071577 -7.983584
v 81.621628 -9.451775 -2.341388
v 82.181900 -8.158741 -5.922522
v 81.640671 0.155800 7.768650
v 82.066017 4.251831 -9.107711
v 81.740463 -8.924910 4.031018
v 81.652534 3.595177 9.076222
v 81.752090 4.168852 8.887035
v 81.683945 -8.535110 -1.335497
v 82.076134 -7.894921 0.802693
v 81.020546 1.220884 8.852257
v 81.345451 6.239318 6.967368
v 82.086441 7.910437 -0.914375
v 82.072098 7.607618 -0.491815
v 82.134598 0.297605 7.564485
v 81.586578 3.118809 9.210291
v 81.467056 -0.508048 7.972755
v 81.668213 9.412686 2.694039
v 81.506905 -0.341393 -7.854474
v 81.708229 -0.128824 7.732455
v 81.473022 -8.985054 -1.768099
v 82.642548 -8.398495 -1.718220
v 82.643196 -0.073274 -7.264715
v 81.874191 -5.069320 8.487972
v 82.294189 -9.242537 -4.431713
v 82.603943 2.181685 8.898886
v 82.092094 -0.476473 -7.631709
v 82.368805 -4.708148 -9.205626
v 82.014671 -5.809084 8.123559
v 81.997200 -2.896227 -9.754397
v 82.084389 -9.765949 2.914355
v 82.173683 -9.604537 3.475792
v 82.132965 -0.495630 7.638666
v 81.878494 8.300817 -1.237822
v 81.595695 -0.702450 8.047247
v 81.846992 9.608067 2.661252
v 81.693703 -2.477090 9.596119
v 82.030045 3.243629 -9.585246
v 81.426926 -9.357907 2.158581
v 81.409424 -1.523773 -8.806080
v 81.874924 -9.599167 -2.632639
v 82.040901 0.551277 7.736021
v 82.094391 -7.598739 -0.278719
v 82.127014 0.078267 -7.514407
v 81.741081 8.457857 -4.756722
v 81.446068 -1.825364 -9.042773
v 81.408936 7.587333 5.572178
v 82.414459 -7.331401 -7.186040
v 81.919334 7.640351 0.343718
v 81.037674 9.012146 -1.657845
v 81.828896 -7.754163 0.358240
v 81.817680 9.371431 -3.136650
v 82.225739 -7.604972 -0.451466
v 82.315674 -0.240100 -7.447530
v 81.570595 7.287454 6.165364
v 82.581497 -8.081804 -6.567282
v 82.302956 -4.172134 9.464961
v 82.097336 -7.351183 6.783638
v 82.434311 -8.781596 5.444194
v 82.506783 -6.634941 7.986058
v 83.433456 -8.609831 -2.370167
v 81.616211 -6.286158 7.275023
v 82.086967 -4.624018 8.981894
v 82.068169 5.213728 8.591723
v 82.294975 3.063970 9.949851
v 81.684242 -8.073193 5.342881
v 82.051094 8.799631 4.790817
v 81.691811 -1.649971 8.795038
v 82.535904 -7.594104 -0.672507
v 81.938606 0.265809 -7.647624
v 82.321060 4.788229 -9.072465
v 82.554214 -4.059933 -9.763485
v 82.044937 2.836321 -9.761766
v 82.426163 -9.393445 2.707593
v 81.493423 6.780621 6.609527
v 81.871490 6.399945 7.460721
v 81.744926 0.699009 -8.019730
v 82.570862 -7.373959 0.295108
v 82.107727 9.755244 2.933182
v 81.938240 -2.766615 9.740791
v 82.381874 -9.938089 3.197393
v 82.041298 9.733976 -2.837592
v 82.499191 -9.919560 -3.402702
v 82.256500 -5.620640 -8.490535
v 82.394135 9.950062 -3.157633
v 82.157829 -9.771303 -2.910778
v 81.841499 7.692663 -5.978734
v 82.248741 9.433758 -3.929877
v 81.778526 -0.909433 8.162287
v 81.964111 5.187648 -8.443533
v 82.302612 -3.216144 -9.922020
v 82.050125 -4.986428 -8.697047
v 82.507751 -7.576270 0.643752
v 82.359032 3.190144 -9.964360
v 83.134232 -7.849487 1.341319
v 82.392838 -9.083987 4.912297
v 83.072113 0.124024 7.067146
v 82.379219 3.670661 9.764482
v 81.494751 8.762692 -1.597935
v 82.335594 7.789336 0.898936
v 82.202652 8.369769 -5.623091
v 82.981926 -0.649215 -7.336481
v 82.357521 -7.018572 7.457673
v 82.821480 0.707693 -7.483753
v 81.464363 9.017259 1.886353
v 82.782852 -7.865562 1.125657
v 83.133202 -6.538527 8.781718
v 82.762161 7.277933 -0.444879
v 82.272682 -0.265484 7.483990
v 82.303307 -3.173983 9.946012
v 82.521675 -7.361724 0.046836
v 82.222359 0.503755 -7.626648
v 82.749329 -1.917134 -8.512103
v 82.653938 8.271859 -6.397776
v 82.450554 -9.497705 4.283746
v 82.478325 -2.362043 9.080608
v 82.123428 -7.774415 6.327838
v 82.251770 3.708435 -9.598166
v 82.917473 -0.911253 7.599432
v 82.699409 -10.123020 3.515533
v 81.797234 6.794706 -6.914113
v 82.114761 1.232547 8.305571
v 82.253853 -3.039424 9.849828
v 82.200638 4.726032 9.043169
v 82.534828 7.967303 -1.173817
v 82.548286 -9.215754 -2.560658
v 82.665474 0.238379 -7.287361
v 82.660774 0.946794 7.805801
v 82.715126 5.521296 -9.016094
v 82.884933 7.324627 -0.648319
v 83.253365 7.378406 -0.915728
v 82.126633 7.309440 -6.822136
v 83.170685 -7.484948 0.919437
v 82.555641 -7.938684 -1.074677
v 82.815826 2.907239 -9.440598
v 82.028336 6.684148 -7.318326
v 82.374092 7.403344 -0.186201
v 82.407784 7.388768 0.131261
v 82.598137 -5.549246 8.926879
v 82.785942 -0.464095 -7.300359
v 82.900818 0.462181 -7.268458
v 82.593552 -9.112202 2.476121
v 83.040802 0.084251 -7.068385
v 82.413902 9.939346 3.238381
v 83.132156 -8.079598 7.300985
v 82.347954 -8.318056 5.961660
v 82.214935 5.775371 -8.293097
v 82.618736 -8.081412 -1.318028
v 82.574951 -8.792383 -5.638635
v 82.748276 -7.282359 -0.280238
v 83.137802 -8.958919 2.606238
v 82.455963 0.719026 7.658696
v 82.673988 10.119481 -3.409077
v 82.294212 -6.678764 -7.686220
v 82.548820 7.984218 -6.653087
v 83.138474 4.943481 9.892633
v 82.334343 8.661830 5.467921
v 82.555382 3.361499 -10.057690
v 82.118576 -8.734854 -5.003412
v 82.675995 -3.585605 -10.127753
v 82.706856 9.683703 -3.079175
v 83.051704 0.547307 7.242527
v 82.253647 5.685217 8.458784
v 83.289497 -1.732693 8.095448
v 83.061546 -8.372827 1.929287
v 82.576218 -1.433132 -8.175336
v 83.064713 2.984331 9.484273
v 82.672661 -0.506484 7.375663
v 83.154953 -5.291446 -9.666611
v 82.615974 3.448577 -10.117422
v 83.153831 -9.660820 5.233567
v 83.154037 -5.042667 9.843122
v 82.452820 7.961655 6.589487
v 83.188843 7.017501 -0.167807
v 82.682655 -0.150110 7.256300
v 82.919647 -2.504203 -8.952502
v 82.686401 -3.570574 10.164449
v 82.794632 0.295949 7.241701
v 81.976166 1.489321 -8.599759
v 82.648415 3.424275 10.151491
v 82.648827 9.262775 -4.978879
v 83.054832 -10.315839 3.851823
v 83.164345 -9.977280 -4.705745
v 82.304550 9.491239 -2.735379
v 82.361160 8.250482 6.084211
v 82.633224 7.644403 7.151561
v 82.348686 9.644313 3.768387
v 82.709526 -10.123032 -3.452179
v 83.197945 -10.313420 -4.107034
v 82.338943 9.324859 4.385811
v 83.144363 -10.103864 4.436790
v 83.331100 -7.530598 -1.038914
v 83.150299 -4.954051 -9.870366
v 83.043839 -0.241154 -7.090830
v 83.125885 -4.174923 10.300478
v 83.148010 -8.945704 6.244418
v 83.060829 3.840213 10.379837
v 83.147179 -6.783031 -8.559072
v 82.681442 7.195729 7.670763
v 82.079514 6.436167 -7.608178
v 83.101631 -7.182135 -0.441258
v 83.031044 -7.253514 0.521669
v 83.573952 8.936919 -2.799687
v 83.083336 -10.338075 -3.816344
v 83.147560 9.409786 5.632127
v 83.118019 4.505155 -10.082957
v 82.547295 7.435286 0.499470
v 82.517525 4.295785 9.601120
v 82.865364 10.238143 -3.572592
v 83.090767 -3.956776 -10.334708
v 83.158241 -5.608365 9.478140
v 83.146553 9.719685 5.148132
v 83.130196 -7.537096 7.867992
v 83.143616 -7.634656 -7.771698
v 83.143646 -9.611751 -5.313670
v 83.122673 5.315841 -9.608097
v 82.466011 6.681907 7.916445
v 82.354210 -1.211389 8.114642
v 83.144798 -8.463433 6.863341
v 83.109261 -10.352812 3.895703
v 82.587021 6.362023 8.318192
v 82.775398 7.251944 0.293744
v 83.063744 -3.924510 10.363045
v 82.782501 10.144293 3.596219
v 83.137833 -9.265262 -5.827543
v 83.325836 1.792265 8.197600
v 83.181694 -10.136822 -4.425540
v 83.489738 7.646060 -1.326954
v 83.624161 -8.473725 2.297726
v 83.141594 -6.164706 9.067416
v 82.462868 8.703677 -2.024374
v 83.394562 6.995463 -0.474213
v 83.136566 -7.005116 8.388548
v 83.119667 7.373548 -8.009897
v 83.137497 10.278131 -4.042253
v 82.559494 -3.364332 10.015007
v 83.122459 6.677829 -8.614795
v 83.149849 4.582535 10.099506
v 83.134941 7.371686 0.822177
v 82.730385 7.926484 1.257343
v 83.147430 -8.566792 -6.746359
v 83.148613 5.791185 9.326720
v 83.152275 -6.315710 -8.936266
v 83.157730 -4.125043 -10.308551
v 83.464584 -3.427917 9.609851
v 83.147774 10.340563 3.949341
v 82.869034 2.058818 -8.627381
v 82.931824 -1.121041 7.741647
v 82.865158 10.157837 -3.519637
v 83.424278 -10.350470 -3.967972
v 83.081635 10.345934 -3.790588
v 83.514542 -3.111723 -9.229365
v 83.088287 3.876678 -10.383666
v 83.392555 -10.320389 3.966150
v 83.537407 0.913187 7.336884
v 83.780006 -1.599099 -7.742223
v 83.671005 -9.847737 -3.606959
v 83.853226 2.177235 8.264242
v 83.133217 4.046425 -10.335269
v 83.206345 8.256487 1.902431
v 83.125336 9.879498 -4.770256
v 83.182175 -0.156162 7.011338
v 83.136559 9.047937 -6.086263
v 83.144417 -7.171255 -8.221013
v 83.159271 -5.822361 -9.304311
v 83.658714 0.722517 7.079173
v 83.157814 10.118855 4.426624
v 82.209137 0.951828 -8.029394
v 83.135025 9.024539 6.181645
v 83.145760 -4.445196 -10.151793
v 83.297432 0.320746 7.012522
v 83.535919 8.609053 -2.414970
v 83.272446 10.331012 -3.910763
v 83.777763 -8.477468 2.400417
v 83.307137 -4.010737 10.345518
v 83.829361 4.072059 10.275741
v 82.694054 -0.704393 7.503024
v 83.971146 -8.593491 -2.597504
v 84.156487 -9.554405 -5.142517
v 83.827614 -2.336830 -8.371385
v 83.735809 -7.023441 -0.683502
v 83.713028 -1.037949 -7.294011
v 84.015976 -6.736207 -0.419539
v 83.253937 10.264035 3.915164
v 83.554207 3.681353 9.942660
v 83.527878 6.888447 0.210776
v 83.715240 -7.057444 0.720972
v 83.493248 3.616270 -9.854766
v 83.161514 10.330070 4.007462
v 83.546417 -0.301381 -6.850927
v 83.160362 -9.374099 5.683821
v 83.525856 -10.282859 4.009893
v 84.355820 5.016250 -9.627096
v 84.252953 9.570295 5.106001
v 83.949951 -4.277042 10.145104
v 84.062859 -5.129587 -9.629971
v 83.143738 -8.133481 -7.245010
v 83.133621 4.031907 10.367898
v 83.246902 -0.476978 7.075308
v 83.646759 -4.084729 -10.266096
v 83.119804 7.186162 8.205667
v 83.122398 8.330650 -7.030254
v 82.908676 9.105414 2.648947
v 84.124420 -7.722629 -1.753546
v 83.514168 -2.142389 8.387157
v 84.244781 -9.614183 5.044289
v 83.990250 6.843562 -0.679790
v 83.830795 -0.557937 -6.845824
v 83.411987 7.057903 0.500503
v 84.546700 -8.343248 6.755549
v 83.921501 -9.054826 -5.929505
v 83.423386 0.271042 -6.905190
v 84.258698 -5.968767 -9.037786
v 84.451363 -10.113704 4.094757
v 83.751282 -4.079276 10.245874
v 83.116722 8.427107 6.927707
v 83.628471 -9.233405 -3.044515
v 83.983543 -7.384805 -1.265867
v 83.592606 -6.846369 -0.154725
v 83.329216 -2.412071 8.708833
v 83.742691 4.038817 -10.268289
v 83.614288 3.229668 -9.368595
v 84.122803 -7.192980 1.089332
v 84.074898 9.145733 -5.735404
v 83.970749 9.004254 -3.017517
v 84.235619 9.009791 3.140085
v 83.773567 -0.463042 6.804292
v 85.314789 -7.031358 8.041299
v 83.135811 6.192864 -8.995157
v 83.906929 -0.006663 -6.620043
v 83.380783 -1.333043 7.719402
v 83.119484 7.730484 -7.669272
v 84.329437 -7.882723 7.298900
v 83.308380 6.918512 -8.394048
v 83.128075 7.766105 7.658125
v 84.075813 -0.435079 -6.648331
v 83.576370 -1.100674 7.410532
v 83.960991 -4.178917 -10.188193
v 83.694138 -0.720871 7.024729
v 84.138725 -9.685121 3.707221
v 83.761330 -0.237637 6.739824
v 83.641701 0.657149 -7.029634
v 83.775673 0.045693 6.713974
v 83.561935 7.461431 -1.116043
v 83.965065 8.971922 -6.023371
v 83.655067 1.347323 7.627846
v 84.181885 -7.123615 -1.017439
v 84.129494 -0.236213 -6.539662
v 84.336906 -2.721441 -8.485386
v 84.174187 -7.328092 1.318769
v 84.176086 8.838766 6.220087
v 83.951050 0.969981 -7.161338
v 83.906197 -9.001429 2.995416
v 84.571831 3.721125 9.537505
v 84.097145 -9.265964 5.621857
v 84.607948 -8.848611 -6.064211
v 84.356071 2.944400 8.812563
v 84.079437 7.538692 1.525089
v 83.144768 5.296582 9.675151
v 84.228500 -9.081872 -3.142148
v 83.942146 9.728574 3.683587
v 84.160217 6.661239 -0.505107
v 84.661636 -6.115188 8.898336
v 84.246948 -6.557467 -0.239512
v 84.077866 1.592378 -7.623355
v 84.328392 3.419524 9.282038
v 83.307968 -3.493648 -9.714066
v 85.280991 -6.954408 -8.098515
v 83.695534 -6.804418 0.258777
v 84.602531 -6.403679 0.308724
v 83.946632 0.571021 6.821554
v 84.007095 -6.785196 0.512321
v 84.060173 0.357146 6.658479
v 84.538101 1.671601 7.457705
v 84.516518 4.183110 -10.090215
v 83.605103 10.182030 -3.833029
v 84.135216 10.195131 -4.009234
v 84.132660 1.182328 7.238720
v 83.134689 9.585772 -5.288973
v 84.730446 -6.543952 -0.669659
v 84.529877 -1.631113 -7.395095
v 84.128586 -1.499392 -7.511331
v 83.121239 8.141434 7.257684
v 84.289528 -0.949230 6.946574
v 83.947632 -2.641963 8.637801
v 84.348145 -10.153429 -4.090937
v 83.971725 2.624972 -8.626135
v 83.136475 6.722775 8.622471
v 84.072014 6.933209 0.791880
v 84.151138 4.211530 10.177782
v 84.272293 6.519500 -0.247583
v 84.438278 -3.166850 -8.856411
v 84.219246 0.449982 -6.590639
v 84.253189 7.271883 1.314079
v 84.136795 0.244823 -6.534700
v 84.519104 4.216544 10.127906
v 84.778748 -6.983680 -1.246501
v 84.481110 9.831525 4.566670
v 83.160866 6.129201 9.093398
v 84.019020 9.046050 5.960386
v 85.227417 -5.257749 -9.411355
v 84.361115 -6.428626 -8.665915
v 84.513412 -4.227621 10.100745
v 84.123283 -8.407153 -6.751574
v 84.329796 -8.971524 5.989260
v 84.127876 10.138358 4.076966
v 84.863167 -6.449089 0.637663
v 85.070869 -6.151165 -0.087124
v 85.173782 -8.929931 3.426866
v 84.116325 6.996901 -0.914297
v 84.574036 0.758485 6.664684
v 85.044418 0.354614 -6.136749
v 84.256142 6.656591 0.474835
v 84.705330 -0.146624 -6.229565
v 84.440559 10.103688 -4.098204
v 84.336861 3.349027 -9.164222
v 84.221504 6.525498 -0.032499
v 84.401123 7.582148 1.781231
v 84.861389 -6.809962 -1.009610
v 84.537201 -4.229242 -10.078217
v 85.400032 -6.002603 0.092207
v 85.106934 -2.365636 -7.803584
v 85.343910 4.038877 9.539150
v 85.267197 7.631983 7.508392
v 84.874397 5.912249 9.011271
v 85.321663 -7.551411 7.526510
v 85.287788 7.483715 -7.629124
v 84.832169 8.442077 -6.601066
v 85.187897 9.537434 3.960566
v 84.216034 -1.603997 7.535095
v 84.920807 -1.960345 7.532268
v 84.438599 -10.090004 -4.174922
v 84.231239 -3.513094 -9.322092
v 83.827278 7.900690 -1.818390
v 84.502686 -7.528226 1.751546
v 84.696312 -8.034088 2.373268
v 84.370392 -0.456948 6.508149
v 84.381081 6.504986 0.262773
v 84.885529 0.147010 -6.130699
v 84.567268 1.643834 -7.407434
v 84.889809 -6.269377 -0.289673
v 85.333145 7.094330 1.706358
v 84.932564 6.338936 0.471474
v 85.017365 9.986706 -4.169390
v 84.360641 -0.164774 6.428319
v 84.627495 0.093076 6.303693
v 85.076614 4.283775 -9.961650
v 85.280029 -9.459996 5.013891
v 84.601997 6.127723 -8.845567
v 84.590614 9.462328 -5.204625
v 84.451653 -10.080841 -4.071464
v 83.126839 5.722298 -9.334943
v 84.813103 -10.045764 -4.152959
v 84.007324 -3.324629 9.244904
v 85.279343 -7.489552 -7.591656
v 85.590744 -6.876609 -1.573964
v 84.779816 9.067246 -3.365417
v 84.438644 9.743016 -3.766020
v 84.617538 6.933783 -1.072675
v 85.299232 -9.217114 3.701820
v 85.217606 4.304652 9.935662
v 85.148941 -6.255140 -0.525739
v 84.695404 2.205920 7.878235
v 85.413322 -3.220920 -8.503680
v 84.839264 2.630035 -8.221932
v 85.128578 6.139707 0.257079
v 84.958580 6.185194 -0.132846
v 84.433769 7.176825 -1.308608
v 84.700470 8.516940 -2.870990
v 84.658958 6.400346 -0.418522
v 84.712303 0.304440 6.315959
v 84.821129 -0.466160 -6.287304
v 85.328674 8.387380 -6.563120
v 85.265755 -4.871352 9.643304
v 85.338982 8.704299 6.163162
v 85.269760 -6.305184 -8.649319
v 85.325714 5.393312 -9.265307
v 84.406761 8.387884 6.766063
v 85.320663 7.043860 -8.034565
v 85.308472 7.828485 -7.244456
v 83.783722 -4.086712 -10.196603
v 84.861427 -4.246525 -9.976200
v 84.896225 9.953959 4.181783
v 84.596931 10.024500 -4.029618
v 85.179718 9.715476 -4.611673
v 84.309860 -1.293849 -7.232625
v 85.037582 -2.237756 7.761699
v 85.236313 -4.460578 9.865521
v 85.266266 4.302897 -9.894995
v 85.069038 -0.405786 6.156676
v 85.427406 4.253992 9.786876
v 84.691727 0.829336 -6.667370
v 84.796280 6.466403 -0.666052
v 85.426292 9.123047 -3.618808
v 84.464294 -0.682264 6.609274
v 84.855125 -2.050213 -7.603011
v 85.322411 -2.612902 -7.926929
v 85.265289 0.242938 6.014816
v 85.242676 9.833746 4.203524
v 85.183884 -0.331920 -6.045800
v 85.264107 8.685010 3.265325
v 84.744965 -3.781054 9.451703
v 85.521851 2.809351 8.129337
v 85.237518 -4.288413 -9.905973
v 85.396339 1.185722 -6.619633
v 84.979530 7.241559 -1.688785
v 84.895805 -0.211737 6.179769
v 85.184250 -8.234797 2.788689
v 85.331146 -8.600528 6.291554
v 85.397865 6.496690 -0.986432
v 85.333145 -1.031594 6.525445
v 84.635101 -8.655533 -2.932944
v 85.617249 -7.827421 -2.578756
v 85.278572 5.105868 9.492476
v 85.331154 -8.912213 5.861946
v 85.086029 -9.958839 4.163233
v 85.296928 -9.658334 -4.684312
v 85.339188 -8.972061 -5.741554
v 85.158020 -4.385940 -9.908765
v 85.088737 -4.309875 9.957248
v 85.599968 3.191669 8.499763
v 85.680161 3.054882 -8.266529
v 85.298370 -7.796053 -7.270874
v 85.309982 8.072283 6.996476
v 84.771461 0.914784 6.728998
v 85.311882 -6.501424 8.495046
v 85.066017 1.110920 6.716032
v 85.260551 4.484302 9.854542
v 85.334312 6.667608 -8.345015
v 84.532440 -1.335766 7.145300
v 85.344612 6.119517 -8.762883
v 85.536476 -6.622005 -1.236873
v 85.310616 -8.227389 6.767671
v 85.337013 8.773436 -6.025006
v 85.517342 9.434690 -4.483396
v 84.506134 2.142477 -7.882850
v 85.409111 -6.544031 -0.995998
v 85.531494 -6.104374 0.603696
v 85.372002 8.048503 -6.924341
v 85.387764 -9.783181 4.133595
v 84.922417 0.572761 6.353345
v 84.950806 -0.983411 -6.642006
v 85.736534 2.105328 7.270426
v 85.366333 7.332636 -1.968681
v 85.458046 8.725131 -3.349494
v 85.628540 -0.522186 5.948872
v 85.248108 -9.935458 -4.210240
v 85.333115 -9.314101 -5.230408
v 85.292328 6.578418 8.447232
v 84.786514 7.929229 -2.311036
v 85.236954 9.871616 -4.154306
v 85.251312 9.270714 -5.347043
v 85.288750 -5.270024 9.391714
v 85.409668 -4.236981 -9.773218
v 85.329727 8.402533 6.575842
v 85.258987 -9.724314 4.545718
v 85.855446 -5.956314 -8.228619
v 85.318306 -8.456553 -6.473009
v 85.861023 -8.875338 -4.965989
v 85.318153 9.124409 5.533607
v 85.250732 -5.610238 -9.169458
v 85.118271 -3.109107 8.571323
v 85.284271 7.166555 7.961389
v 85.733833 7.675257 -6.831234
v 85.318001 -5.778001 9.047877
v 85.234795 -1.281031 -6.780725
v 85.609894 -9.626505 -4.086611
v 85.694786 -5.814765 8.584997
v 85.725700 -7.794300 6.679651
v 85.232582 -4.958591 -9.581282
v 85.293236 4.696211 -9.704033
v 86.686676 8.351397 3.519369
v 85.777603 -8.531295 5.647002
v 85.402733 -4.281465 9.794196
v 85.754158 -7.111638 7.380969
v 85.624710 3.820779 -9.174725
v 85.899681 5.742419 0.057064
v 85.398155 6.098650 -0.485644
v 85.976936 -6.461690 -7.674241
v 86.165596 -7.120517 2.142017
v 85.460930 6.319678 0.825655
v 85.780685 9.433185 -4.006693
v 85.453079 5.973448 -0.209353
v 85.667175 9.227527 -3.820327
v 85.440521 0.146877 -5.870252
v 85.924980 4.004788 9.240071
v 84.758682 -9.210553 -3.458314
v 85.228714 -4.713198 -9.723938
v 85.312248 5.859462 8.978996
v 85.259476 9.596926 4.762922
v 85.631714 1.657609 6.903842
v 85.711708 -9.495635 4.060261
v 85.759865 4.820267 -9.122892
v 86.176598 -7.942982 5.828525
v 85.372223 8.504548 -3.108358
v 85.933884 -6.280906 -0.982383
v 85.693611 -4.169498 -9.540122
v 85.845566 -7.158462 -2.030557
v 85.565544 -0.717958 6.106691
v 85.198364 -6.820741 1.281257
v 85.645065 -0.553943 -5.933180
v 85.184608 -7.621058 2.180881
v 85.880859 7.802745 2.685842
v 85.660614 6.092607 -0.673067
v 85.769691 -4.161832 9.475147
v 86.049583 6.358790 1.218261
v 86.777954 2.309016 6.979774
v 84.752106 7.789782 2.176810
v 85.715775 4.168892 -9.527390
v 85.763245 4.775781 9.153361
v 85.952019 -9.327330 -3.971455
v 86.264221 8.996972 3.898828
v 85.667252 9.511824 4.097249
v 85.777992 -5.844727 0.273001
v 85.293167 -3.733894 -9.156799
v 86.296761 -6.274972 7.478283
v 85.826912 -0.359789 -5.758558
v 86.177582 3.997104 9.156535
v 85.711121 4.165725 9.548470
v 86.071449 -5.697970 -0.177867
v 86.018425 7.888647 -6.150157
v 86.044823 8.935131 4.435648
v 85.625435 -5.927554 -0.257841
v 85.948112 -0.968462 6.162524
v 85.794090 5.544256 -8.635811
v 85.935509 4.077411 9.365003
v 85.708969 6.765933 -7.782766
v 85.762047 -5.457239 -8.697939
v 86.052330 -1.251929 -6.358749
v 86.482330 6.016873 -1.042214
v 86.090515 -4.026237 -9.205942
v 85.200401 -7.568447 -2.151054
v 85.817680 -1.569406 -6.721299
v 85.562904 -6.450564 1.027929
v 86.075417 0.908902 6.075534
v 85.674805 6.860122 7.752563
v 86.383728 3.334975 8.317321
v 85.726944 0.743414 6.091307
v 85.846909 -5.912258 -0.476212
v 85.856155 -6.027757 -0.677209
v 85.960609 1.731143 -6.790724
v 86.779678 1.717912 6.369116
v 85.438782 0.598743 -6.097371
v 86.358482 -4.373803 -8.698212
v 85.738022 -0.074637 -5.736460
v 85.836800 0.273799 -5.719638
v 86.040253 8.370276 5.482592
v 86.142601 -8.284614 -3.198791
v 85.900978 0.096012 -5.657598
v 86.115082 8.731175 -4.654140
v 86.191948 6.539656 -7.383927
v 85.816536 8.517758 -5.578798
v 85.703682 -9.075239 4.850694
v 86.128662 9.077629 -3.865314
v 85.964859 1.131387 6.284440
v 86.485535 2.632268 -7.442239
v 85.755447 7.931482 -2.770670
v 86.529823 6.755689 1.924864
v 85.932533 -7.837991 -6.302051
v 86.629257 -7.358083 5.908435
v 86.386406 -8.949433 -3.815720
v 86.405190 -0.780163 5.741965
v 85.925323 -4.169495 9.309249
v 86.160599 -5.831300 0.651281
v 86.348625 -7.141808 -6.523330
v 86.148384 -4.025059 9.150250
v 86.002335 3.294961 -8.386728
v 86.569870 -2.125478 -6.873158
v 85.799103 -0.313709 5.774455
v 85.779419 5.893988 -8.403291
v 86.067009 7.304516 2.306064
v 85.809082 -5.178272 8.874036
v 86.008034 0.582921 5.834127
v 86.167984 0.273771 5.593515
v 85.687660 5.701209 8.661796
v 85.758018 -2.981017 8.172945
v 86.729759 -5.475147 7.637368
v 86.019585 8.696618 4.947670
v 85.941513 8.792746 -3.551307
v 86.527298 -5.372146 -7.899845
v 86.456741 8.561289 -3.608691
v 85.600082 0.123009 5.839806
v 86.212578 7.207224 6.705112
v 85.191589 -2.472502 7.903562
v 85.693398 -0.057987 5.795598
v 86.607498 -5.673054 -0.664980
v 86.308479 -6.726486 -7.013311
v 87.273666 -7.318086 -2.797217
v 86.718391 -6.744940 -2.020136
v 86.007233 4.053925 -9.276894
v 85.650017 -3.400226 8.635534
v 86.359840 0.708748 -5.736693
v 86.662262 -5.463439 -0.348136
v 86.467033 -8.074683 -5.173365
v 85.539062 6.630835 -1.273346
v 85.847603 8.296566 -3.129691
v 87.197075 5.123907 -0.028419
v 86.739357 -5.363353 0.224745
v 86.890846 -6.853054 6.146414
v 85.840424 5.802498 0.272486
v 86.377998 -0.383851 5.518036
v 86.810379 -3.775995 8.597238
v 86.678947 -7.392269 -5.753580
v 86.191315 -9.070981 3.878273
v 86.402588 7.080710 -6.567730
v 86.274391 8.992847 -3.903802
v 86.665009 -1.560392 -6.296879
v 86.293114 3.855775 8.909055
v 86.012138 -1.769320 6.834067
v 86.332664 4.463103 -8.706711
v 86.084183 7.591619 6.456820
v 86.425476 -6.656351 6.956817
v 86.505356 -8.765154 3.862006
v 87.301361 7.714992 -4.306177
v 86.529358 -8.048127 5.095026
v 86.722755 -5.881539 -0.958722
v 86.427010 -6.185571 -1.222661
v 86.336296 5.847045 7.801711
v 86.235130 -2.613941 -7.529420
v 87.157097 5.144223 0.131469
v 86.209099 5.624010 -0.265058
v 86.493080 3.883595 8.888375
v 86.135689 7.948949 2.939648
v 86.859711 -5.527021 0.698037
v 87.105255 -2.473211 -7.008944
v 86.789482 -5.455123 0.513158
v 87.015961 3.413522 -8.070071
v 86.774124 5.365830 -0.306264
v 86.420609 8.903183 -3.814451
v 86.605843 -1.694821 6.471253
v 86.892509 0.575814 5.393913
v 86.197807 5.767538 -0.550342
v 86.027420 2.041261 -7.033570
v 86.647110 6.959536 -2.203534
v 86.312302 -3.739962 -8.738461
v 85.904549 -1.271353 6.438594
v 86.538338 3.862083 -8.820924
v 86.374794 5.306867 8.176118
v 86.713989 -8.460162 -3.548573
v 87.664230 -5.780910 1.426014
v 86.804642 5.351137 0.293865
v 86.778374 -1.009450 5.788998
v 87.223991 1.317127 5.787609
v 86.753380 4.538188 8.244449
v 86.475861 7.588195 -2.778528
v 86.168053 7.862766 5.998552
v 86.770966 -1.183005 -5.950551
v 87.067383 5.630386 -0.917718
v 86.932495 5.349986 -0.437290
v 86.417107 0.254766 -5.441783
v 86.560081 -3.847725 -8.798345
v 86.312431 5.796826 0.684016
v 86.380310 -0.553712 -5.587941
v 86.886734 -3.538837 -8.239396
v 86.550217 5.356960 -7.912765
v 86.820366 -6.548908 1.858301
v 86.382492 0.451599 -5.541204
v 86.765869 6.051216 7.125819
v 86.559547 -5.060761 8.129639
v 86.542435 8.287557 -3.349538
v 86.425522 -7.979126 3.070544
v 86.990982 -6.112075 -6.745431
v 86.884575 3.617734 8.372059
v 87.007851 -7.941734 4.409126
v 86.848167 3.758435 -8.562732
v 86.817070 8.310237 -3.511770
v 87.482033 -5.615966 6.638500
v 86.975479 4.726450 -7.854407
v 86.882339 8.517510 -3.650425
v 86.856689 -3.746962 -8.537815
v 86.819191 -0.901667 -5.659782
v 87.058945 -5.950190 -1.306326
v 87.303848 -6.563600 2.112206
v 87.021584 -8.411695 -3.607504
v 87.001923 0.354567 -5.189288
v 86.819420 3.779619 8.614596
v 86.997070 0.312531 5.208555
v 86.552925 -4.845685 -8.223330
v 86.627472 -1.986233 6.760576
v 86.824776 7.237109 -5.789603
v 87.411339 4.749798 7.403047
v 86.726860 -8.605597 3.704496
v 86.890724 8.088498 4.419672
v 87.274529 -8.145433 3.532558
v 87.121811 6.561329 -6.147929
v 87.073936 -4.419956 -7.924670
v 86.766769 -5.842823 1.001206
v 87.282402 0.117274 5.030124
v 86.763512 -0.061017 5.283449
v 87.061569 3.685315 8.425336
v 87.107933 3.190689 7.824901
v 87.375603 5.717649 1.216584
v 87.552628 3.157830 -7.528889
v 86.808121 -0.381138 5.309043
v 86.789742 -5.326587 0.104496
v 86.364807 7.361948 -2.471303
v 86.710457 -0.081465 -5.284165
v 87.239685 -1.696787 -6.144751
v 87.510078 -5.116000 0.526780
v 87.286942 -0.265025 5.052446
v 87.351433 6.381215 -1.903829
v 87.107231 7.567388 -4.906411
v 86.657120 -8.208725 3.369281
v 86.619308 -0.349104 -5.384952
v 86.194328 0.956963 -6.042332
v 87.410667 -6.043369 6.311522
v 86.878487 5.439027 0.555568
v 86.801285 6.174480 -6.956578
v 87.000252 6.241801 6.655631
v 87.378990 8.106736 -3.476438
v 87.349220 -6.320981 -6.066120
v 86.847504 1.480521 -6.150815
v 87.072189 -3.669081 -8.367284
v 86.643913 8.676797 3.765565
v 87.317825 -2.664367 -7.106147
v 87.450417 3.558116 8.103642
v 87.410843 -1.227404 -5.665538
v 87.602890 -4.970818 0.254132
v 87.071632 1.114647 -5.725430
v 87.844872 6.386542 -5.365455
v 87.255226 3.626510 -8.218207
v 87.631142 5.646478 -6.419246
v 87.512924 -0.723412 5.174427
v 87.303261 0.930080 5.497258
v 87.240578 -1.673674 6.132211
v 86.632797 6.509902 1.714228
v 87.909035 -4.820580 6.804524
v 87.583000 4.991301 0.319432
v 87.470963 1.732184 -6.033673
v 87.318634 -0.630803 -5.204766
v 87.092468 -5.502033 -7.154583
v 87.495346 3.462053 7.928147
v 87.185089 8.037327 -3.421213
v 87.158188 7.756766 -3.122827
v 87.226669 -7.248079 5.156738
v 87.469505 -1.054488 5.500159
v 87.055405 6.679229 6.129290
v 87.269852 -7.279541 -5.019975
v 87.402466 -3.593132 -8.084167
v 87.681633 1.177702 5.454351
v 87.084625 -4.332422 7.996744
v 87.514671 8.009911 -3.424989
v 87.826263 -5.294041 0.937367
v 87.143799 -5.303778 -0.495775
v 87.683182 -5.132591 0.682667
v 87.640770 -2.854372 -7.180357
v 87.364830 5.293152 -0.674224
v 87.572922 -1.496746 -5.791018
v 87.120201 -3.393319 8.027273
v 87.410851 0.781125 5.296202
v 87.448784 -8.057761 -3.460938
v 87.033020 -0.472528 -5.236466
v 87.028931 -2.764213 7.369215
v 87.158676 0.640827 -5.290559
v 88.069725 -6.989970 4.141725
v 87.600235 -7.871118 3.433630
v 87.212975 -3.438744 -7.977600
v 87.514427 4.965704 -7.101467
v 87.629967 -7.606909 3.222688
v 87.369209 -2.055662 -6.417644
v 87.556732 -6.594584 -5.477575
v 87.476082 -7.464258 -4.407011
v 87.067772 5.954263 -1.289143
v 87.540489 7.704769 -3.262321
v 87.615135 5.021946 6.976298
v 86.779961 -3.087848 7.840533
v 87.513496 -5.256794 -0.693593
v 87.653473 1.724431 5.937990
v 86.477188 -2.258381 7.091945
v 88.325020 -6.797195 2.777500
v 87.449638 -3.539489 -8.049991
v 88.020813 -4.773053 -6.662129
v 87.907867 4.948065 -0.539527
v 87.216263 6.906964 5.644701
v 87.350159 7.101137 -2.680645
v 87.563400 0.293585 4.928166
v 88.009171 3.860252 -7.271906
v 87.505745 0.329450 -4.941499
v 87.770737 0.503429 -4.903209
v 87.279083 6.586329 2.123190
v 87.680382 7.478971 -3.083520
v 88.056915 -1.932466 6.000182
v 87.710403 -4.454285 -7.229766
v 87.364716 -3.572127 8.133033
v 87.705025 5.463729 -1.044070
v 87.662949 -6.450096 5.558060
v 87.487190 5.007352 -0.195042
v 87.265388 -4.847891 7.495977
v 88.539673 6.330331 2.435323
v 88.070023 0.702673 -4.901226
v 88.091286 1.338703 5.384199
v 88.101067 3.270222 7.450509
v 88.086708 -1.949580 -5.963032
v 87.856194 -2.272071 -6.445537
v 87.914368 -7.606520 3.319113
v 87.277328 7.217310 5.149902
v 87.065979 7.586668 4.960133
v 88.091042 4.943418 -0.667269
v 88.459969 2.308171 6.165846
v 88.008797 6.342484 5.199730
v 87.162636 7.291537 2.759814
v 88.351799 -5.894793 1.918755
v 88.085335 0.964403 5.140848
v 87.601746 3.505706 -7.928418
v 87.561348 -0.487922 5.006444
v 87.863602 -7.699744 -3.321113
v 87.017113 -5.225358 -0.052293
v 87.767540 -7.585472 -3.678078
v 87.761742 5.021188 0.558928
v 87.851013 6.050322 5.735725
v 87.532379 2.132107 -6.385781
v 87.638969 5.198252 0.738406
v 87.909462 3.415622 7.714651
v 88.122253 -4.238629 6.975101
v 87.620415 7.895155 3.432642
v 87.813225 -3.416629 7.767306
v 87.945297 3.387158 -7.638989
v 87.757042 -3.454165 -7.807642
v 88.359009 -5.896197 -5.190268
v 87.909973 7.666345 -3.292533
v 88.132469 -1.488903 -5.533907
v 87.946846 -3.384523 -7.646933
v 87.700920 -5.488221 -1.096007
v 87.631737 -7.632881 -3.206224
v 88.158043 -4.673713 -0.128852
v 87.546745 4.019886 7.701682
v 87.835854 -5.571604 -1.284409
v 87.502907 -5.035915 -0.254797
v 88.186317 -4.828445 0.585395
v 88.214211 5.172516 -0.970568
v 88.578293 6.587409 2.685724
v 87.784760 -0.144337 4.791879
v 87.979042 -0.500518 -4.808285
v 88.218903 -7.397838 -3.214995
v 87.559227 7.789628 3.738948
v 87.760895 -5.430959 -6.427097
v 87.610542 7.605097 3.192454
v 88.156464 -4.841554 -0.536315
v 88.484245 5.587072 1.666910
v 88.060066 -3.252104 -7.393416
v 87.718246 -0.318803 -4.845607
v 88.072670 -3.307032 7.529475
v 88.157745 4.638900 -6.608573
v 88.203278 3.305623 7.456126
v 87.745522 0.573479 4.966515
v 88.297035 -3.269897 -7.353659
v 87.806320 -6.164055 -1.930096
v 87.740181 -6.012327 -1.716064
v 88.130745 -4.683330 0.063495
v 89.244011 -4.443017 0.739870
v 88.866783 1.708154 5.356039
v 88.279076 0.103152 4.549284
v 88.307571 -2.497235 -6.463408
v 88.251381 -6.475068 -4.607250
v 88.822418 5.803170 2.048282
v 87.657928 -1.452560 5.728045
v 88.254417 0.327589 4.602545
v 87.745728 0.982022 -5.299600
v 88.189003 -0.158133 4.604535
v 88.138138 -4.939876 -0.689229
v 88.297005 -0.740446 -4.836673
v 88.897705 -6.718337 3.069938
v 88.494286 -7.110166 3.112323
v 88.929787 4.900105 -5.492802
v 88.330429 -5.401795 5.773463
v 88.541969 0.641496 4.615306
v 88.078171 7.363582 -3.122694
v 88.444817 6.383815 4.487610
v 88.425529 -5.865542 5.167409
v 88.357170 -0.500506 4.642767
v 87.532196 0.089921 -4.885803
v 87.969162 -0.084256 -4.676386
v 88.299774 -0.307816 -4.564612
v 88.739258 6.950782 3.049358
v 88.447548 4.582346 0.354888
v 88.205681 5.380692 -1.266572
v 88.539551 -4.479841 -0.141434
v 88.524445 -0.713937 4.687670
v 88.575844 -4.476294 0.177680
v 88.111038 -6.563404 4.732895
v 88.640099 -4.776913 5.971035
v 88.924110 -6.554831 -2.780030
v 88.558647 -3.057650 -6.967137
v 87.954247 -2.713915 6.906003
v 88.579910 -7.088945 -3.092011
v 88.462349 -3.190665 7.214040
v 88.373283 3.249540 -7.273637
v 88.148949 -5.472871 -5.905296
v 88.756157 0.096987 -4.303114
v 88.695076 -6.434570 -3.954721
v 89.084190 -4.418413 -5.722536
v 88.590202 3.065258 6.981743
v 88.881226 -6.328660 3.816970
v 88.087852 0.309048 -4.660290
v 88.051201 5.378144 6.157141
v 88.537674 4.483153 0.139603
v 88.202400 7.406801 3.219422
v 88.630836 4.435316 -0.043581
v 88.441185 1.162559 5.077889
v 88.483475 -1.193413 5.124107
v 88.928970 -4.959912 1.178156
v 88.139305 -5.148651 -0.914727
v 88.558601 4.636847 -0.541635
v 88.914001 -5.556474 -1.827121
v 87.942421 6.968417 -4.437518
v 88.740028 -3.104712 -6.970659
v 88.138588 4.675302 -0.060504
v 88.697899 1.778416 -5.506973
v 88.737305 3.117457 7.000066
v 88.080986 -3.132306 7.311628
v 88.245239 6.554145 -4.549555
v 88.652153 0.301248 -4.387508
v 88.941071 6.418715 -2.663074
v 88.832901 -0.471058 -4.383157
v 88.370644 6.854511 -2.842435
v 88.861725 -3.981029 6.335130
v 88.881836 5.735636 4.677106
v 88.477066 6.921531 -3.553523
v 89.353630 -1.688796 5.128624
v 88.029457 6.482425 -4.981861
v 89.316833 -1.815193 -5.270691
v 88.885643 4.581633 -0.693114
v 88.951881 -4.560426 -0.711403
v 88.699532 1.035378 -4.884886
v 88.217461 -2.290488 6.307202
v 88.921913 4.354937 -0.279109
v 88.826828 -6.874965 -3.000377
v 88.996284 -4.413661 -0.487080
v 89.248459 -5.185130 1.588835
v 88.709709 4.669845 0.725979
v 88.316422 5.959293 -1.924869
v 88.978752 -4.302179 -0.144017
v 88.632645 -0.155151 4.387470
v 89.218666 -5.655150 4.253385
v 88.927269 -3.028914 6.816938
v 88.374580 6.691160 4.158636
v 88.515884 4.854858 6.045537
v 88.631889 3.160485 -7.062628
v 88.523712 7.147933 -3.073541
v 89.260811 4.794205 5.192209
v 89.081711 5.366476 4.832268
v 89.064507 -4.432103 0.590877
v 88.592194 -3.870816 -6.667882
v 88.107414 5.909845 -5.535666
v 88.984665 4.597832 -5.683241
v 88.580505 -2.111155 -5.935972
v 88.896225 1.299601 4.960165
v 89.389694 1.305163 4.739158
v 89.291924 5.185497 -4.727139
v 89.392517 4.098269 -0.043775
v 89.419014 -4.538227 0.943929
v 88.818283 -1.275325 -5.017679
v 89.162323 -4.207748 0.070249
v 88.909843 2.124425 -5.741364
v 89.317207 -5.195897 4.693765
v 89.076126 -0.507492 4.288654
v 89.168823 -4.794531 -5.293952
v 88.469490 2.767162 -6.665757
v 89.207848 -4.215213 0.244453
v 88.933090 6.793015 -2.938054
v 89.047806 -4.016555 -6.079447
v 88.871567 -4.969612 -1.166621
v 88.452560 4.412539 6.472323
v 89.198471 -0.056839 4.105437
v 88.937820 4.350364 0.303688
v 88.674721 -0.924925 4.820941
v 89.373856 -0.317872 4.064340
v 89.243294 -2.726110 -6.287549
v 88.912910 0.165542 4.241186
v 88.952026 4.807678 -0.972538
v 88.581604 6.098839 -2.218016
v 89.331734 4.255054 -0.503381
v 89.115570 -3.018491 6.629790
v 89.165596 -6.585117 -2.881829
v 89.530769 -0.709507 4.187021
v 89.070877 3.002397 6.714341
v 88.843529 -0.172127 -4.278681
v 89.613159 -5.788083 -3.451148
v 88.990463 -3.160789 -6.696787
v 89.319443 2.943429 -6.470014
v 89.051186 4.388377 0.531652
v 89.180298 0.462318 -4.188536
v 89.045143 0.668911 4.389740
v 89.816055 5.561447 2.283017
v 89.425919 -2.239954 -5.655227
v 90.188789 2.247063 -5.257715
v 89.139282 -1.141759 4.744304
v 88.901443 1.008917 4.777034
v 89.677925 -0.526737 -4.003219
v 89.203896 -2.941601 -6.573005
v 89.340004 -1.946016 5.424458
v 89.684830 4.187943 -0.669862
v 89.837822 5.909966 -2.572745
v 89.759483 5.420609 3.762045
v 89.602051 0.023179 -3.885141
v 89.388199 6.392210 -2.784159
v 89.058968 -5.758451 -4.353535
v 88.829300 0.652073 -4.476892
v 89.022392 2.234454 5.823598
v 88.808037 3.766085 6.511267
v 89.109734 6.157431 3.734199
v 89.475197 -3.080072 -6.240645
v 88.978523 -6.696042 2.939102
v 89.066330 3.030841 -6.691479
v 89.482430 -2.108073 5.520020
v 89.322029 -2.879435 6.457823
v 89.058212 6.075297 -3.918509
v 89.155029 2.820423 6.443697
v 89.564728 -6.180848 -2.856945
v 89.475914 -6.275336 2.749475
v 89.410583 -1.365121 4.830903
v 89.493668 0.236900 -3.954988
v 89.849159 -4.993709 1.702696
v 88.676453 -5.967222 -2.126298
v 89.778503 -1.178897 -4.459910
v 89.374229 2.893188 6.453302
v 88.912560 4.183664 -6.086849
v 89.716797 2.802551 -6.100567
v 89.215370 5.564807 -4.383924
v 89.636360 -4.061643 5.383708
v 89.849190 -5.178836 -3.929298
v 89.498444 3.106628 6.206137
v 89.314445 4.359355 5.507298
v 89.594490 -4.133703 -0.525298
v 89.708168 2.872110 -6.104709
v 89.764099 -4.060613 0.555765
v 89.797226 -5.223883 3.967260
v 89.394913 0.277763 4.047940
v 89.406319 -5.774738 2.270067
v 89.582275 -2.804386 -6.248119
v 89.810471 0.698001 -4.025913
v 89.532120 5.473691 -2.051660
v 89.516960 -6.259231 -2.736923
v 89.895248 -4.935766 -1.661500
v 89.842178 -2.723383 -6.019650
v 89.868134 1.002933 4.308116
v 89.823570 0.455502 -3.861415
v 89.860100 0.719267 4.061485
v 89.302307 6.460125 2.861016
v 89.525787 -5.812635 3.563613
v 89.544556 0.099115 3.941424
v 90.134567 1.808839 -4.852406
v 90.001923 3.046160 -5.673967
v 89.812538 -6.027349 -2.669533
v 89.863541 5.918408 2.620447
v 89.710144 -4.505214 4.903416
v 89.609001 -4.225101 -0.698840
v 90.091347 -4.582713 4.334699
v 89.552971 -4.976690 -4.613624
v 89.306534 3.778704 5.959311
v 89.743141 -3.920883 -0.141004
v 90.352928 -4.048666 -4.494593
v 89.685089 5.770983 3.357246
v 89.689240 -2.754443 6.138161
v 89.917831 -5.904285 2.607821
v 89.381676 -3.785006 5.886844
v 89.784523 6.033168 2.702551
v 89.961273 -3.809207 0.138139
v 90.152740 1.349829 4.428580
v 89.342026 -4.547517 -0.914398
v 90.188110 -1.601282 4.654778
v 89.557426 4.758463 -1.298255
v 90.261696 -2.563981 -5.639357
v 89.558929 -2.836592 6.247646
v 90.186646 -2.696711 -5.704598
v 90.145485 2.683232 -5.731525
v 90.087669 3.379034 5.372941
v 90.017311 0.549417 3.873956
v 90.222778 2.300556 5.365727
v 90.082108 4.005210 0.684775
v 90.267380 4.378683 4.296957
v 90.497169 -4.396265 -3.943618
v 89.895409 3.707573 -5.329600
v 89.673828 6.133674 -2.680717
v 89.765709 -0.496430 3.926205
v 89.921555 -0.397533 -3.821952
v 89.766472 2.756702 6.102132
v 90.327568 -1.332205 4.348929
v 90.119743 1.264640 -4.386837
v 90.141487 -4.488253 -1.325044
v 90.150627 -5.433010 -2.269596
v 90.010727 -2.665735 5.858345
v 90.351768 -4.083263 -0.940428
v 88.806160 5.130301 1.322897
v 89.962067 -0.923314 4.164483
v 90.249840 -2.588509 5.671762
v 90.082253 4.969295 -1.794972
v 90.932854 -4.827316 2.048808
v 90.703575 -3.364475 4.691547
v 90.016151 4.865703 -4.076098
v 91.001640 -0.120580 -3.228739
v 90.061752 2.714869 5.837558
v 90.290421 -5.626086 2.517049
v 90.388054 -3.809403 -0.643942
v 90.358597 -5.170901 3.177171
v 90.304367 -3.011625 5.385588
v 89.889297 5.370448 -3.602117
v 89.957306 5.729015 -2.901274
v 90.293358 4.676234 3.928228
v 90.118553 5.751805 2.578212
v 90.288826 -1.811272 -4.802548
v 89.980354 4.181462 -4.849505
v 89.984612 -3.840629 -5.140867
v 90.090889 -1.135131 4.268118
v 90.321190 2.721721 5.578568
v 89.969139 3.942628 -0.493790
v 90.283020 -3.740947 -0.377230
v 90.094498 0.280902 3.726003
v 90.588577 -0.648225 3.613022
v 90.784019 -1.061665 -3.870348
v 90.083298 -5.802781 -2.579555
v 90.643837 0.689664 -3.608443
v 90.006546 3.853013 0.282273
v 90.711884 3.318172 4.712729
v 90.090363 1.892970 4.966469
v 89.763931 3.927516 0.108695
v 90.569664 -3.646035 0.529204
v 90.670532 2.464166 -5.232973
v 90.216278 2.589712 5.679234
v 90.505173 0.286283 -3.482626
v 90.883026 4.583399 3.187342
v 90.168777 5.681732 -2.526569
v 90.266891 5.481956 -2.370135
v 90.879402 0.717576 3.593783
v 90.938797 -3.387327 0.333443
v 90.299271 -0.297226 3.618094
v 90.645058 3.625070 -0.507187
v 91.104652 1.025873 3.739398
v 90.451286 -3.549462 0.002783
v 90.666733 0.373752 3.489752
v 89.995872 4.564705 -4.444660
v 90.986504 -4.026765 3.731982
v 90.001366 3.950999 0.542898
v 91.013039 0.051482 -3.217725
v 90.581810 -3.803136 4.470946
v 90.814240 1.811180 4.539479
v 90.887474 -3.308086 -4.497882
v 90.654732 -2.454741 5.331699
v 90.387123 0.497620 -3.607031
v 90.726158 -0.503124 3.469490
v 90.447571 5.491728 2.482567
v 90.569664 -2.675130 -5.327260
v 90.464500 5.419244 -2.490632
v 90.270790 -3.081424 -5.385850
v 90.394798 -3.811792 0.652066
v 89.756615 4.402228 -0.954548
v 91.403534 -1.864712 -4.302717
v 90.159386 3.762188 -0.227081
v 90.631378 5.266856 2.579857
v 91.113487 -3.454315 -0.636195
v 90.629082 0.012830 3.428794
v 90.395485 3.823954 -0.643571
v 90.595703 -2.487274 -5.377705
v 90.849625 2.562534 -5.064811
v 90.805313 3.417519 -0.057720
v 90.505501 -5.467704 -2.464724
v 91.111725 -0.390719 -3.254214
v 90.646126 -0.499069 -3.523178
v 90.518593 -4.738613 3.532157
v 90.577560 3.438557 -4.746137
v 90.822189 -4.502704 -3.360913
v 90.478661 -5.191924 -2.970070
v 90.599487 5.092259 -2.834432
v 90.855766 5.103943 -2.327444
v 90.685341 2.522966 -5.259066
v 90.653503 2.520124 5.346141
v 90.857719 3.723000 4.186006
v 90.692345 5.226887 -2.328871
v 90.864845 3.400310 0.156418
v 90.189888 -4.363400 1.189622
v 90.899765 2.475034 5.092634
v 91.400749 -4.737380 -2.150870
v 90.946617 -1.184349 -3.900454
v 90.847527 -5.190190 -2.340600
v 91.199371 -2.727936 -4.589510
v 91.234558 -2.408793 -4.773921
v 91.086876 -2.033652 4.677183
v 90.727127 -5.285461 2.384802
v 91.056320 -3.868786 1.083318
v 90.649147 4.709953 -3.326071
v 91.437508 -3.088535 -0.077291
v 91.163239 0.225097 3.197573
v 91.092674 -0.072457 3.214462
v 91.022354 -4.998085 2.363518
v 91.538063 1.372938 3.802553
v 91.170143 3.351776 -0.468505
v 91.048233 -4.997472 2.249606
v 90.914116 0.524729 -3.366165
v 90.695793 4.570148 -1.677942
v 90.677635 -2.187581 -5.014640
v 90.858452 -2.385372 -5.165087
v 90.830177 3.696252 -4.220246
v 90.554741 5.018543 2.076934
v 91.001305 -2.335145 5.051041
v 90.864380 2.381164 5.137850
v 91.075279 4.902091 -2.291091
v 91.091103 -4.995421 -2.259550
v 91.170815 2.334171 -4.836409
v 91.058678 4.034548 3.597849
v 91.692711 -3.427496 -3.390507
v 91.200874 0.541317 3.319511
v 91.277702 -4.826705 2.181264
v 91.962822 -3.764266 2.640831
v 91.243340 2.178155 4.746858
v 91.101128 4.882303 -2.161105
v 91.896210 3.280181 -3.243419
v 91.383675 -4.467227 -2.586962
v 91.656029 -3.038048 3.848123
v 91.349945 -0.640797 -3.281989
v 91.556175 -4.242104 1.751536
v 91.153046 -2.287980 -4.913801
v 91.295685 2.306440 4.757340
v 91.053207 3.998281 -3.622139
v 91.389137 -2.192742 4.724843
v 91.536621 3.107768 -3.865957
v 91.361244 4.461075 -1.876771
v 91.137642 -0.428969 3.248372
v 91.502350 0.036134 2.973794
v 91.487274 4.592824 -2.094270
v 91.944794 1.732598 3.937552
v 91.227203 3.209072 0.068361
v 91.209000 0.407636 -3.188015
v 91.564491 2.335860 4.467245
v 91.115662 3.549901 -0.716237
v 91.264816 -3.382703 0.647604
v 91.158409 3.461901 0.632866
v 91.639275 -0.388400 -2.988590
v 90.462776 4.175445 1.120708
v 91.021187 5.025373 2.278721
v 92.007088 -2.950211 -3.459027
v 91.118271 3.999908 -1.274240
v 91.606316 4.192452 2.617389
v 91.435333 4.416258 -2.466959
v 91.642746 -3.887359 -2.946190
v 91.372887 2.780041 4.366581
v 91.422218 2.216144 4.665949
v 91.722389 -4.305889 2.269709
v 91.479401 2.194466 -4.568439
v 91.497452 -2.152946 -4.630605
v 91.046547 5.017248 2.323068
v 91.602028 -0.021647 -2.924362
v 91.487717 -3.684404 -1.100128
v 91.458275 1.683976 -4.096869
v 91.053078 -1.173368 3.847362
v 91.621063 0.352756 2.992390
v 92.039375 3.252914 3.144131
v 91.629272 2.038116 4.419291
v 91.549492 3.196826 -0.528097
v 91.753532 4.397313 -1.975002
v 91.233047 -0.660607 3.315322
v 91.570862 -1.803838 4.199225
v 91.173355 3.333156 0.395090
v 91.628334 -0.401022 2.988640
v 91.749542 -2.082663 -4.419748
v 91.447197 -3.233566 0.549303
v 91.756348 2.252588 -4.287367
v 92.138191 4.062450 -1.853498
v 91.860832 3.817448 2.736767
v 91.809464 -4.381569 1.970916
v 91.648293 2.171269 4.451022
v 91.750175 -3.135416 -0.595291
v 91.312859 2.727362 -4.428577
v 91.429573 -2.716246 4.345296
v 92.107079 2.657834 -3.563154
v 91.518303 -3.050814 0.116960
v 92.388916 -3.275725 -1.094684
v 92.012703 3.834581 -1.550019
v 92.610023 2.984540 -0.917753
v 91.603355 -4.549450 -2.103924
v 91.534370 4.648216 2.114756
v 91.859917 -3.656362 1.272814
v 91.336655 0.640207 -3.237556
v 92.048958 -2.935934 -0.447180
v 92.080048 -3.257600 3.091316
v 92.169075 -2.859959 0.439489
v 91.990395 -3.038882 0.646106
v 91.590683 -4.425118 -1.922204
v 91.622864 0.414113 -2.977633
v 91.991791 0.261385 2.816227
v 92.136711 -1.730453 3.849409
v 92.086021 -0.097054 -2.749130
v 92.192909 -0.989691 -3.130069
v 91.863113 2.097054 -4.268304
v 91.999474 -2.851881 0.112751
v 91.784500 -2.060003 4.384838
v 91.762794 -4.433692 -1.999721
v 92.073669 -0.799290 3.034340
v 91.781815 2.984600 -0.239169
v 91.645828 3.913603 -2.850527
v 92.088791 1.976200 4.139559
v 91.878006 0.006685 2.845124
v 92.191788 1.128958 3.310169
v 91.905777 3.145194 0.705912
v 92.074738 -0.293598 2.794547
v 92.085770 -1.980474 -4.152528
v 92.308517 1.943849 -3.904202
v 91.957977 -2.504784 -3.901256
v 92.051903 -0.352469 -2.809341
v 91.895882 4.362102 1.980513
v 92.099068 -1.648495 -3.773180
v 92.216057 -0.416763 2.760565
v 92.590973 -3.360177 1.344272
v 92.115776 -1.956170 4.118230
v 91.553467 4.339409 1.831673
v 92.168900 3.828247 -2.172263
v 92.051918 -2.398464 3.890550
v 92.203934 2.000488 4.055384
v 92.762024 -2.898458 -2.577271
v 92.590607 -0.913640 -2.882154
v 92.631119 -0.429820 -2.571538
v 92.176437 -4.076862 1.864329
v 92.104057 2.886289 -0.422050
v 92.396896 3.940073 1.792564
v 92.026299 0.211543 -2.769978
v 92.493225 1.854443 3.813808
v 92.502754 -2.574787 3.247780
v 93.065826 3.257430 -1.465305
v 92.306000 3.930867 -1.767222
v 92.369766 -3.588460 -2.292605
v 92.025009 -1.174563 3.377282
v 92.425865 -1.356719 3.370998
v 92.099281 -4.153285 -1.881144
v 92.472580 -2.755702 -0.481296
v 92.482681 -1.839312 -3.808964
v 92.937653 -2.426186 0.121451
v 92.688263 -2.981597 0.967972
v 92.463203 1.904449 3.845542
v 92.682938 -2.777823 -0.658554
v 92.530243 -1.812769 3.762068
v 91.956558 -4.181705 -2.101116
v 91.889374 2.948002 3.634168
v 92.716331 3.589905 -1.680005
v 92.073486 0.415291 2.842624
v 92.682991 -3.648519 -1.636146
v 92.170868 0.471119 -2.754078
v 92.249756 0.689537 -2.842060
v 92.047546 1.293825 -3.470115
v 92.416656 -1.990878 -3.790207
v 92.614830 -1.589422 3.487484
v 92.517342 2.655021 -0.328524
v 92.371254 2.820060 0.531927
v 92.607475 1.844956 -3.666020
v 91.841255 2.931375 0.137978
v 91.953598 2.459945 3.982451
v 92.180359 0.795962 3.029631
v 92.768387 -2.439787 -3.031254
v 92.015862 2.889247 0.296196
v 92.225372 3.369602 -2.691941
v 92.203255 -2.770362 -0.095566
v 92.608765 2.705420 -2.928272
v 93.166527 -2.398206 2.627003
v 92.194992 0.903751 -3.034537
v 92.536552 -3.789251 -1.753954
v 93.014526 -0.304679 -2.345467
v 92.453796 1.369332 3.359424
v 92.988754 0.511429 2.462113
v 92.835014 1.570134 3.364257
v 92.986946 -1.658695 -3.373640
v 92.910400 1.718420 3.483847
v 93.239838 -2.021515 -2.841980
v 93.002197 0.306491 -2.317141
v 92.556763 -0.258562 2.567365
v 93.154297 -2.962149 -1.938507
v 93.336159 -1.568738 -3.081322
v 92.734489 -3.608295 1.655368
v 93.066017 -3.340489 -1.518612
v 93.269569 -1.373121 2.985808
v 92.345177 3.593724 1.444917
v 92.831429 1.757936 -3.482715
v 92.735626 3.637165 1.657228
v 93.049576 -1.610482 3.342498
v 92.949661 -2.421607 -0.038138
v 92.707947 3.577070 -1.613925
v 92.752548 3.595610 1.740262
v 92.722542 -3.535306 1.820907
v 93.144577 2.268147 2.762958
v 92.917679 -0.392492 2.426348
v 93.156052 3.234971 -1.505651
v 93.250824 -1.569636 -3.156192
v 93.330826 -2.294606 -2.472750
v 93.043182 3.390028 1.563288
v 93.380562 -2.385827 -0.533829
v 93.436020 2.759731 -1.801618
v 93.045189 -2.930755 2.158390
v 93.069572 -0.262799 2.326267
v 93.933670 -1.281577 -2.572334
v 93.351097 -3.090989 -1.404205
v 93.097404 -2.442740 -0.379115
v 93.238083 3.083465 -1.630089
v 92.873871 2.540121 -0.454818
v 92.908180 0.466781 -2.400151
v 93.436943 -3.018452 1.424522
v 93.099922 3.069949 1.941013
v 93.087791 2.806910 2.284126
v 93.331947 1.570613 -3.076315
v 92.971962 0.315488 2.376155
v 93.827568 -2.080601 0.396140
v 92.598114 2.854958 0.751208
v 93.688614 -2.162691 2.168835
v 93.191109 -2.411667 0.516427
v 93.193321 -0.093096 -2.222678
v 93.203506 -1.991824 2.923368
v 93.009445 2.390225 -0.061793
v 93.435287 3.069953 1.406699
v 93.297470 1.584481 3.168118
v 93.121201 -3.293400 1.529042
v 93.133904 2.255298 -2.726917
v 93.395515 2.425886 -2.246443
v 93.851555 -2.076751 -1.991033
v 93.873688 0.024275 -1.905429
v 93.698112 2.356839 0.740451
v 93.244080 2.311382 -0.301678
v 93.375618 -1.494044 3.074422
v 93.125290 0.782148 2.568055
v 93.482086 0.263369 2.126251
v 93.357071 -0.706270 2.400526
v 93.192139 0.805865 -2.473046
v 93.359329 1.171784 2.767812
v 93.226852 2.747977 -0.972921
v 93.535934 1.502077 2.979004
v 92.877060 -2.626622 0.636509
v 93.686378 -1.399295 -2.798181
v 93.297455 1.392643 2.971337
v 93.592178 1.448569 -2.858013
v 93.814629 0.495424 -1.995052
v 93.274139 2.864116 1.116283
v 93.616486 -2.155222 -0.160426
v 93.909378 1.919174 -2.106495
v 93.257423 2.406584 0.536914
v 94.015366 -2.457874 -1.212658
v 93.197273 2.346474 0.304912
v 94.056244 0.507834 1.958984
v 94.127815 0.937762 2.194363
v 94.093475 -1.284066 -2.405661
v 93.949379 -0.404594 1.978401
v 93.947899 0.313758 -1.890017
v 93.743332 1.464359 -2.718786
v 93.330826 -0.855221 -2.500139
v 93.075783 -0.928279 2.668294
v 93.725426 -2.770762 1.273238
v 93.364723 -2.810218 1.139353
v 93.809135 -2.693483 -1.192069
v 94.148186 1.945642 0.330650
v 93.843933 1.380093 2.717211
v 93.534958 2.937971 -1.354488
v 93.380760 2.224582 0.108534
v 93.543137 2.299944 -0.557530
v 93.844765 -2.142709 0.559747
v 93.765915 -0.245792 2.014129
v 94.100571 1.958312 -0.288529
v 93.673882 2.794173 -1.233109
v 93.891937 2.657368 1.182023
v 94.433975 -2.126902 0.886879
v 94.296692 -1.102247 2.263388
v 93.951515 1.347864 -2.577627
v 93.694481 2.563796 1.684917
v 93.570702 -0.384362 -2.118556
v 94.139854 -2.403012 -1.029847
v 94.313423 -1.914860 -0.362001
v 94.364616 -1.383109 1.968867
v 93.736343 2.068739 -0.062463
v 93.892784 0.247367 1.939634
v 94.278534 -2.043781 -0.598471
v 94.263634 -0.308384 -1.807958
v 93.939072 -2.500098 1.300986
v 94.300560 -2.242534 -0.908075
v 93.828209 1.946297 2.202543
v 93.946342 2.109749 0.521148
v 94.148735 -0.739796 -2.061669
v 94.146339 -1.928391 1.715780
v 94.115532 -2.421416 1.075132
v 93.955513 2.577368 -1.155244
v 93.942734 0.832177 -2.144885
v 93.896416 2.581730 1.312702
v 94.066063 -1.239100 2.486568
v 94.053665 1.396554 2.436558
v 94.300499 1.180777 -2.273747
v 94.297440 -1.156869 2.275013
v 94.400414 -2.092920 -1.030397
v 94.545929 0.094387 1.651605
v 94.536736 -0.443782 1.765728
v 94.409706 -1.063524 -2.164410
v 94.228279 -1.122864 -2.304086
v 94.215637 -1.905914 0.370583
v 94.202614 1.216539 2.406070
v 93.895164 2.505516 -1.423991
v 94.219238 1.825695 1.718261
v 94.149376 -1.789373 -1.852172
v 94.421364 1.107309 2.212586
v 94.718582 -0.178305 1.591594
v 94.456482 0.349984 1.725956
v 94.540901 1.969817 -0.985510
v 94.483292 -2.070971 0.908105
v 94.215378 2.358339 1.000240
v 94.554558 0.460552 -1.696837
v 94.443657 -0.507580 -1.817281
v 94.248444 2.027091 -0.565195
v 94.558243 2.031449 0.747018
v 94.255524 2.306498 -1.014453
v 94.442322 0.774680 -1.914512
v 94.290527 2.252810 -0.914503
v 94.487053 2.015948 0.988336
v 94.633057 -1.422473 1.479340
v 94.605835 0.997884 -2.023156
v 94.594818 2.012526 -0.787436
v 94.608208 -1.990288 -0.760243
v 94.610580 -1.380027 -1.534979
v 94.878777 -1.496964 -0.923240
v 94.648079 -0.894880 -1.962657
v 94.645065 1.703097 -0.124891
v 94.585014 1.492964 -1.503960
v 94.360970 -1.834589 -0.085257
v 94.573181 1.739268 0.195234
v 94.732407 0.896945 1.933343
v 94.736748 -1.851157 0.668205
v 94.923065 1.704605 -0.457467
v 94.883530 -1.562553 0.832737
v 94.803177 0.847953 -1.851006
v 94.297913 -1.849914 0.135253
v 94.793793 1.374716 -1.259816
v 94.720261 1.335253 1.415623
v 94.790405 -1.821724 -0.633292
v 95.032936 1.602138 -0.413906
v 95.023247 -1.577089 0.479213
v 94.841957 1.760773 0.484340
v 94.991867 -1.581597 0.363560
v 95.239105 -1.280086 -0.521529
v 95.017899 -1.569487 -0.284605
v 95.045410 0.696769 1.612567
v 94.968422 1.479932 0.760563
v 94.794777 -0.142483 -1.544730
v 94.917686 0.310269 -1.515407
v 95.039551 -1.575054 -0.447591
v 94.989754 0.401703 1.550753
v 94.788208 -0.806236 1.872254
v 95.113045 1.493638 -0.109416
v 95.151482 -1.447418 0.010024
v 95.089691 1.521447 0.208188
v 94.937119 0.728160 1.755682
v 95.255371 -0.414452 1.496058
v 95.082756 0.619303 -1.631758
v 95.230362 0.468577 1.523441
v 95.173508 1.358825 -0.552104
v 95.031021 0.133346 1.430124
v 95.284943 0.006347 1.300279
v 94.895699 -0.689225 -1.759133
v 95.117043 0.081808 -1.394877
v 95.266159 -0.472653 1.441839
v 95.360016 1.232648 -0.093180
v 95.311478 -0.448132 -1.322203
v 95.552185 -0.713625 -0.665261
v 95.734154 -0.309222 -0.801221
v 95.662918 -0.451299 0.776974
v 95.583206 0.135046 1.213408
v 95.358780 0.400174 1.417206
v 95.500420 0.977442 0.341317
v 95.272957 -0.006900 -1.325926
v 95.338760 0.405441 -1.414228
v 95.401299 -1.213852 0.010730
v 95.299019 -0.316297 -1.429594
v 95.515839 0.272264 1.295169
v 95.479736 -1.019207 0.358702
v 95.550743 -0.117505 -1.212411
v 95.668503 -0.858813 -0.188712
v 95.524727 0.249162 -1.241342
v 95.628227 0.690961 0.563371
v 95.583519 0.482817 0.933941
v 95.603683 -0.132487 1.223331
v 95.770775 0.095684 1.084187
v 96.043152 -0.304761 -0.271565
v 95.599960 0.882302 -0.289346
v 95.797157 -0.696298 0.096847
v 95.748909 0.733929 -0.019319
v 95.834328 -0.004493 -0.912314
v 95.766190 0.080843 -1.004193
v 95.636810 0.655863 -0.573130
v 95.878166 0.006054 0.938712
v 95.823532 -0.494647 0.404456
v 96.106697 -0.279959 0.086783
v 96.130013 -0.261379 -0.087496
v 96.139725 0.033009 -0.396492
v 96.122589 -0.055775 -0.467474
v 96.050705 0.304114 -0.145493
v 96.142311 -0.045718 0.425143
v 96.041451 0.050609 0.679952
v 96.165070 0.101493 0.305627
v 96.208290 -0.076109 -0.137684
v 96.189293 0.120158 0.095168
v 47.457500 -0.290330 -7.336227
v 47.789032 6.151024 4.030243
v 48.303791 -5.533606 4.830646
v 47.675419 5.072998 -5.291950
v 46.086475 5.517570 -4.831325
v 45.977680 6.661860 3.115915
v 46.388863 -6.937997 2.342660
v 48.560993 -4.184536 -6.007071
v 46.127129 5.573647 4.792349
v 49.387363 -5.924320 -4.303666
v 48.542782 -6.801032 2.721600
v 46.672649 3.759830 6.297552
v 46.533180 1.596308 7.178267
v 50.252876 -7.108685 1.736356
v 49.721893 -6.652723 3.084271
v 46.166737 -4.265704 -5.949085
v 45.868076 6.186892 -3.932266
v 46.434875 6.404067 3.618069
v 48.492935 -6.661828 -3.043875
v 46.226624 -0.244203 7.354133
v 48.713650 -4.912468 -5.426938
v 49.704010 -5.557487 -4.769205
v 45.853481 7.284637 0.977825
v 46.533936 2.159219 -7.008254
v 46.772091 7.200046 1.495678
v 48.306885 -4.179644 6.032837
v 48.390198 -1.465422 7.208588
v 47.619518 1.573188 -7.163334
v 48.457016 3.374032 -6.495196
v 44.475643 -0.277505 -7.342826
v 47.068748 -3.167778 6.627616
v 46.232346 0.394513 7.352694
v 47.409367 -5.134768 5.252831
v 46.998798 -6.428512 -3.499198
v 44.806190 -7.086009 1.844369
v 46.423714 6.685026 -3.029577
v 46.232269 -0.883919 -7.287953
v 47.263115 -7.175230 1.449185
v 44.506973 6.138386 4.050205
v 47.022781 -3.253170 -6.554481
v 45.893848 3.289584 6.560744
v 44.887634 0.992276 -7.275979
v 46.473003 6.834929 -2.680717
v 43.962093 0.386226 -7.335721
v 43.952965 -3.245370 -6.558574
v 44.282543 -2.222093 -6.986297
v 45.190586 4.744602 5.596302
v 47.322495 -2.690092 6.846444
v 46.001183 -6.678277 -3.013125
v 46.912575 -2.698155 -6.807344
v 46.861050 -3.651652 6.370739
v 44.139297 -6.801354 2.733195
v 46.559078 4.166629 6.031584
v 46.975368 -5.863961 4.415129
v 46.521343 -2.105739 7.044946
v 44.868290 7.334012 -0.433569
v 44.280956 3.438878 -6.463242
v 43.905487 1.596148 -7.164437
v 45.929188 6.907228 2.516033
v 46.676529 -3.738443 -6.292015
v 41.891617 -7.176290 1.442378
v 44.518631 2.759827 6.810348
v 46.267052 5.194530 5.189489
v 44.767860 7.138772 -1.741331
v 44.476036 4.756131 -5.579097
v 45.811390 5.872295 -4.385257
v 47.764053 -4.690274 -5.620599
v 45.990696 -6.460143 3.468991
v 45.612019 -6.659298 3.068466
v 42.102955 4.498499 5.786133
v 42.122532 4.190120 6.015303
v 43.186157 2.204380 -6.995984
v 47.209091 -6.181675 3.947572
v 43.604702 -6.403409 3.574758
v 41.979660 3.776365 6.288280
v 43.332287 5.948148 4.324302
v 44.997093 -1.479771 7.203132
v 45.310165 7.280990 -0.978611
v 44.059105 3.892360 -6.198066
v 41.919205 6.970957 2.297671
v 44.275139 4.322685 -5.908420
v 42.181732 6.340019 3.716384
v 46.561611 -7.262012 0.883147
v 42.389725 7.175347 -1.586724
v 45.640617 -5.124193 -5.233824
v 46.537682 -7.298328 0.467080
v 46.970524 -4.695509 5.642986
v 43.002995 -0.868593 -7.290023
v 45.628342 -7.260018 -0.898697
v 42.814613 5.568611 4.792881
v 42.485706 0.326769 7.354351
v 46.619228 6.468412 -3.454949
v 44.576561 2.688276 -6.816028
v 41.704140 3.315730 6.551530
v 46.284428 -7.015963 -2.094087
v 43.432365 -5.547408 -4.790012
v 43.763855 -6.130547 4.029348
v 44.971104 0.936825 7.300473
v 41.432907 -0.289605 7.351604
v 44.062069 5.122107 -5.252866
v 41.431835 1.852457 -7.098851
v 43.687622 -3.728062 -6.297054
v 42.262264 0.916413 7.305827
v 41.175556 -6.931945 2.360929
v 43.691105 -0.889326 7.299092
v 41.454628 3.403006 -6.482443
v 43.023945 6.599237 3.229772
v 43.211811 -6.682662 -3.004514
v 44.432316 7.181502 1.569152
v 44.337189 -6.428337 -3.506227
v 41.477737 5.166640 5.213800
v 42.085106 5.813506 -4.476146
v 42.065224 -4.196157 -5.990897
v 46.478649 -6.868030 -2.545622
v 44.238365 7.328874 0.519543
v 44.548328 -5.911164 -4.329776
v 45.004917 -7.310308 -0.048817
v 42.539986 6.847089 -2.651112
v 41.814541 -5.116070 -5.240644
v 46.039894 7.344723 0.033074
v 42.195835 -6.184420 -3.936429
v 39.425461 4.757259 5.588075
v 43.831745 -5.540784 4.819874
v 43.008141 -1.597050 -7.159716
v 43.583519 -2.901014 6.739210
v 42.642040 -4.693645 -5.615898
v 42.295330 -6.881418 -2.502104
v 42.731564 7.075953 1.975886
v 44.136826 2.210873 7.017209
v 41.488045 -5.865659 4.400468
v 43.200348 1.650514 7.169048
v 42.891926 6.666293 -3.078154
v 43.300392 -2.730919 -6.795253
v 39.269798 7.278407 -1.015269
v 41.056980 7.026370 -2.149514
v 41.581081 -6.428709 3.516070
v 41.035927 -6.637181 3.107438
v 42.558178 -2.707517 6.836634
v 43.382835 7.002972 -2.211085
v 43.471077 -7.072847 -1.890455
v 39.906017 2.239811 7.006691
v 40.910816 1.424595 -7.193767
v 39.890949 -3.235498 -6.558501
v 39.048740 2.908098 -6.707372
v 40.048233 5.504413 -4.856843
v 41.521156 7.272370 1.037573
v 40.993156 3.872520 -6.212536
v 41.339672 -3.666503 6.348465
v 41.101048 -0.964864 7.291864
v 40.375771 -1.585451 -7.153946
v 43.853336 -7.185807 -1.400126
v 40.002399 -2.311554 -6.950144
v 41.662937 -6.155501 3.979441
v 39.030746 2.855976 6.768877
v 41.534847 -6.821018 2.669708
v 41.918720 5.104467 -5.276441
v 41.714497 4.343350 -5.898017
v 41.224636 -7.158723 -1.533511
v 42.211742 -7.252086 0.940203
v 41.216915 6.173382 -3.972416
v 41.834942 0.880665 -7.285155
v 40.650032 -0.287679 -7.336379
v 41.969784 6.798045 2.769100
v 41.175159 2.375332 -6.933642
v 41.023781 -5.114267 5.262117
v 44.084324 -4.161224 6.048935
v 38.930973 5.587210 4.762665
v 43.463768 -7.298012 -0.467249
v 39.344517 5.895004 4.380780
v 41.309792 0.319276 -7.334047
v 39.749203 7.182704 -1.564323
v 41.043766 -7.004860 -2.124215
v 41.225739 6.117348 4.064382
v 41.518532 -4.687735 5.643439
v 39.739269 -3.190772 6.591602
v 41.774990 -6.456168 -3.469610
v 42.449398 -3.182961 6.603549
v 39.943092 -5.900566 -4.342511
v 40.308090 -7.311250 -0.043102
v 40.885880 -5.541553 4.813805
v 41.639992 -2.088147 7.049314
v 40.823635 0.291667 7.361709
v 41.927513 -7.256314 -0.948413
v 40.181801 -0.324415 7.350169
v 41.093876 -1.514681 7.192890
v 40.197136 0.887077 7.315656
v 41.795067 6.401476 -3.596823
v 41.603714 4.742151 -5.596062
v 38.229290 -2.719917 6.836257
v 40.234085 1.652896 7.172137
v 38.547493 7.005982 -2.194305
v 37.968487 -5.574394 -4.760222
v 38.853954 4.474241 -5.795404
v 41.254921 7.165869 1.593621
v 38.754318 3.778729 6.293230
v 39.204029 6.884856 -2.538105
v 40.865070 7.343757 0.033403
v 39.895721 7.332160 -0.441960
v 39.523891 6.665020 -3.063261
v 39.088047 -2.043745 7.065354
v 40.862190 -7.085412 1.840152
v 38.297733 0.848610 -7.291350
v 39.978561 6.469554 -3.463180
v 40.839359 -6.665905 -3.046860
v 39.646854 -2.849245 6.739048
v 38.808659 5.192871 5.187426
v 38.989132 -4.170127 6.036881
v 38.830975 3.453005 -6.446390
v 40.856995 -3.677470 -6.321181
v 38.637184 -6.985205 -2.172803
v 39.463215 6.933019 2.389208
v 38.524704 5.848877 -4.418309
v 38.936974 -0.875537 -7.281660
v 38.303886 -6.976879 2.222672
v 38.479317 4.231444 5.994682
v 37.993145 -3.745293 -6.287478
v 38.291443 6.150798 4.000709
v 38.002834 -3.261043 6.571227
v 37.091587 -1.577821 7.176922
v 38.242870 1.868068 -7.086612
v 38.940437 6.513710 3.359257
v 37.643940 7.340654 0.074015
v 39.919983 -2.750247 -6.780038
v 38.652740 7.031117 2.089387
v 39.026066 6.756020 2.838665
v 38.113674 1.597136 7.183564
v 38.250553 -7.246503 -1.004488
v 38.247478 -3.810601 6.268379
v 37.775311 -1.568223 -7.164996
v 37.983997 2.892348 -6.723721
v 36.673504 6.810579 2.713238
v 38.908787 -6.548826 3.316768
v 41.114315 -7.296479 0.473538
v 38.089226 3.390559 -6.484369
v 37.659698 5.555478 4.788373
v 37.855251 2.299724 6.985427
v 38.242798 6.158212 -3.966263
v 38.100380 6.421189 -3.534014
v 39.613113 7.325045 0.514113
v 35.689217 7.177032 -1.560442
v 39.390263 -6.816730 -2.671536
v 38.296238 2.378651 -6.927780
v 37.603260 -2.263986 -6.972998
v 38.114010 5.927658 4.327777
v 38.278912 -5.529427 4.832197
v 38.412830 -5.107765 5.273384
v 38.283310 -6.191748 -3.921090
v 37.143448 5.498867 -4.846845
v 37.907272 7.162808 1.599628
v 36.901077 2.376078 -6.923288
v 37.654995 -5.172855 -5.192128
v 37.978821 -3.252373 -6.561705
v 37.218655 4.773710 5.568304
v 37.958752 -2.848085 6.758576
v 37.001465 -2.692498 6.845286
v 37.987049 2.867445 6.767074
v 37.255512 3.892832 6.213793
v 37.752090 -0.427545 7.344074
v 38.315369 0.245116 7.360939
v 38.181976 1.395007 -7.195858
v 36.723373 -3.747208 -6.274644
v 37.849709 -2.757594 -6.787616
v 36.279240 4.281538 5.942292
v 36.733009 -0.301749 -7.333943
v 35.198032 7.324968 -0.436996
v 37.202095 -1.962268 7.089688
v 37.964272 3.344185 6.542174
v 39.082806 -4.177653 -6.006384
v 34.974907 1.869903 -7.085001
v 37.934055 3.846602 -6.221209
v 38.529926 -6.242265 3.862185
v 37.404068 4.720423 -5.601281
v 34.920418 6.187950 3.948217
v 35.814007 5.898521 4.376647
v 36.826893 6.822916 -2.682160
v 34.693829 1.391261 -7.192144
v 38.360958 -7.147889 -1.578904
v 39.171947 -7.296170 -0.477349
v 37.878139 5.092931 -5.277186
v 38.015453 4.204493 -5.986741
v 38.667583 -5.914812 4.346954
v 37.453808 7.263468 1.082001
v 36.012589 -2.728616 -6.784695
v 37.168659 6.662528 -3.049253
v 34.919529 3.839921 -6.226046
v 36.056019 6.213750 -3.890364
v 37.286446 5.171588 5.201108
v 36.959919 6.617879 3.164910
v 35.518456 -6.229824 3.856196
v 38.743969 -6.765176 2.830238
v 36.967964 1.735776 7.143080
v 35.039471 3.346254 -6.504062
v 34.759209 4.341910 -5.886253
v 37.327053 -6.702554 -2.952380
v 38.298634 -6.466550 -3.441381
v 37.560768 -7.250697 0.995569
v 34.363476 1.256655 7.241438
v 35.524529 -1.484886 -7.169583
v 36.252724 -3.214854 -6.563707
v 35.542595 -6.888820 -2.467131
v 35.196568 -2.186128 -6.979729
v 34.948963 -6.752067 2.833555
v 35.004284 -6.938781 2.332586
v 37.329937 6.370203 3.638941
v 34.989052 7.272932 -1.014112
v 37.675518 0.312873 -7.332815
v 32.835201 7.338231 0.088590
v 36.841637 -5.904675 -4.337565
v 36.122921 6.973485 2.271788
v 34.406197 2.198671 7.011096
v 35.387222 -5.566889 -4.764356
v 36.105503 -3.937558 6.186526
v 37.600395 -4.647671 5.677377
v 34.377090 7.144434 1.677325
v 36.132248 6.483109 -3.419384
v 35.110558 5.594338 4.755130
v 34.730179 -7.087681 -1.799167
v 34.410545 4.768734 -5.555770
v 35.757523 -0.843326 -7.285861
v 37.816708 -4.710988 -5.603088
v 34.490715 6.398420 -3.573474
v 33.459572 7.003004 2.175834
v 37.036671 -5.121975 5.260518
v 36.995922 -5.558658 4.800951
v 35.924271 -5.874840 4.393074
v 37.480412 -1.012219 7.284468
v 34.647442 5.103735 -5.254203
v 35.149704 7.247876 1.172269
v 35.025074 -5.152384 -5.205467
v 34.909904 2.406349 -6.916363
v 33.486736 6.842812 2.630841
v 34.310730 -6.163296 -3.955923
v 35.221889 -7.294161 -0.508979
v 35.520374 -4.261097 -5.940122
v 34.507504 -7.312149 -0.057512
v 35.093407 2.772573 6.798054
v 35.537148 -7.298827 0.464616
v 33.241116 -4.705866 -5.602845
v 32.641922 0.360485 -7.324046
v 35.739319 -6.566967 3.241401
v 37.407368 -7.162484 1.535022
v 35.404030 0.266947 7.358140
v 35.733215 7.013308 -2.159742
v 35.166157 -3.219705 6.584701
v 34.043518 -2.780248 6.784405
v 34.381088 3.290915 6.552313
v 33.989288 4.272346 5.952721
v 34.556004 0.846361 -7.281403
v 33.637531 -6.925360 -2.350522
v 33.280807 6.387930 3.606654
v 33.059528 1.638772 7.161554
v 34.068935 -2.716617 6.832353
v 34.201988 3.813001 6.258835
v 36.118820 -4.200477 6.015090
v 33.338871 6.674934 -3.030949
v 35.371605 7.311604 0.638832
v 35.416603 -7.181063 -1.399384
v 32.262367 4.783130 5.560238
v 35.637367 -7.088964 1.831106
v 33.639629 -5.543704 4.818297
v 32.741150 7.020156 -2.147970
v 36.022800 5.898458 -4.346199
v 32.020531 -7.189651 1.378401
v 32.112587 -5.877403 4.377619
v 34.464703 -0.387978 7.344550
v 33.658794 -4.658299 5.676246
v 34.132164 -3.061726 -6.639572
v 35.211536 -3.545473 6.415882
v 34.472950 6.655688 3.089699
v 35.719372 0.840790 7.314083
v 33.519958 2.862263 -6.732084
v 33.184048 6.837332 -2.664716
v 31.930109 7.318732 -0.468053
v 32.808315 4.620398 -5.684983
v 33.571598 -0.273505 -7.334744
v 32.803635 5.469099 -4.876697
v 32.842018 -0.962110 7.291773
v 32.904697 -7.118061 1.723753
v 32.570129 2.503971 -6.875011
v 32.658592 1.447285 -7.183540
v 32.628490 -0.845382 -7.277921
v 34.790302 -3.615323 -6.349995
v 33.517506 2.784398 6.796136
v 32.552990 3.475242 6.447988
v 32.693932 0.896109 7.297606
v 31.465925 -5.275549 -5.089851
v 33.504292 -5.903738 -4.341344
v 33.063946 6.148365 -3.986508
v 32.974461 -6.561958 3.265823
v 32.976940 3.429994 -6.467710
v 32.717785 6.570531 -3.224870
v 32.655987 6.809945 -2.693079
v 33.474499 -6.695895 -2.958807
v 32.122452 2.159759 7.014932
v 32.920219 -6.788336 2.755891
v 33.589542 -5.120094 5.265966
v 32.715580 -0.310300 7.338697
v 32.871441 -6.973666 2.237795
v 32.470909 2.063022 -7.024768
v 32.780251 5.048401 -5.316281
v 33.192673 5.751538 -4.539371
v 32.969910 3.898607 -6.199955
v 32.884464 7.145285 1.704627
v 31.999405 -7.168187 -1.429885
v 32.650028 -6.199792 3.904523
v 33.390190 -6.340539 3.670222
v 33.422482 -4.086605 6.103527
v 32.562374 -2.665047 6.848631
v 32.727303 7.319370 0.577226
v 32.992901 -1.525499 -7.163410
v 32.517677 4.150743 -6.029069
v 32.216923 7.156602 -1.634339
v 31.268026 4.774619 -5.548427
v 30.821283 5.878883 -4.358958
v 30.197777 -7.308375 -0.047264
v 33.024048 -2.147811 -7.001968
v 32.437775 6.227963 3.873715
v 30.811235 6.946223 2.339487
v 32.449059 -0.956373 7.277218
v 32.810509 6.414310 -3.535509
v 33.324322 -6.451863 -3.459097
v 33.777225 -7.246323 -0.982638
v 31.594700 4.361283 5.881072
v 32.672474 -3.851976 -6.210052
v 32.649239 7.247529 1.167790
v 32.576492 5.882084 4.387295
v 31.814806 -4.689796 5.631014
v 31.471214 1.490606 7.187960
v 32.653049 -1.555502 7.182808
v 32.695690 6.583481 3.219356
v 30.170698 6.155100 -3.961472
v 31.589424 -6.890481 -2.453738
v 31.671482 -0.248764 -7.324416
v 32.485641 -3.651300 6.359766
v 32.489388 0.317893 7.342116
v 31.954678 -4.209804 6.000934
v 30.117392 6.806633 -2.685469
v 30.393764 5.522964 -4.807198
v 31.075603 7.019473 -2.127854
v 32.144638 -3.261729 -6.542841
v 31.778927 -7.299968 0.464275
v 31.063745 3.385273 -6.485594
v 31.761234 -5.148542 5.217971
v 30.717571 5.110453 -5.244724
v 30.803070 6.470169 3.447025
v 31.861021 -5.541694 4.800442
v 32.379684 -7.060572 -1.882087
v 30.538292 6.387098 -3.567710
v 30.187342 6.613367 -3.123710
v 32.758762 0.871559 -7.280757
v 32.614513 -2.689255 -6.807631
v 32.205334 -7.259566 0.920814
v 30.916788 -6.962832 2.245253
v 33.478516 -1.994241 7.081366
v 29.149250 7.006193 -2.111549
v 29.523233 4.270359 5.953567
v 31.882881 3.897055 6.192108
v 29.277529 -3.906007 6.201910
v 31.723995 -6.722159 -2.909882
v 29.973032 -3.160242 -6.590552
v 30.793793 -3.778258 -6.263338
v 30.279400 -6.588493 3.206123
v 31.295336 3.014993 -6.664739
v 30.326136 0.931085 -7.265015
v 30.427608 -1.456561 -7.171741
v 31.168171 7.203842 1.347124
v 31.436670 3.820868 -6.239815
v 31.095795 -2.711943 6.833062
v 31.690441 2.571475 6.867043
v 33.155552 -3.198353 6.602987
v 30.684258 -0.831497 -7.276147
v 28.105492 0.349766 -7.326493
v 31.772934 7.287458 -0.855953
v 30.014816 -6.793671 2.710839
v 30.096615 -5.949192 -4.271258
v 29.602079 1.568427 7.170432
v 30.145823 3.792468 6.269269
v 30.260885 -7.237424 -0.978103
v 28.742125 7.169206 -1.528244
v 31.366924 -6.479574 -3.414480
v 32.215527 5.179320 5.195111
v 32.282333 -4.261429 -5.945567
v 30.727701 -2.906163 6.718760
v 29.478304 -2.717046 6.822728
v 29.247871 -3.341106 6.518231
v 30.828503 -7.097906 1.774137
v 27.741289 3.837129 -6.239861
v 31.104525 6.239862 3.856335
v 31.130409 -4.831627 -5.509460
v 28.649715 2.877372 -6.742418
v 32.257542 5.592292 4.746999
v 29.346170 5.606166 4.737805
v 30.734619 -0.990506 7.282201
v 27.267225 -4.184361 -6.005137
v 30.913874 4.331299 -5.897521
v 30.985123 3.318940 6.531551
v 31.015846 7.102723 1.808448
v 30.082529 -5.150514 5.229756
v 29.899559 0.896179 7.298021
v 30.143913 -2.080019 7.034490
v 31.079193 2.879741 6.738224
v 30.408957 1.557967 -7.153852
v 30.012150 7.261255 1.035139
v 29.452763 2.168521 7.008834
v 29.078590 -0.338501 7.349205
v 29.886072 7.269824 -1.014498
v 30.648869 7.306835 0.672731
v 31.260675 6.770391 2.802248
v 30.171373 -7.257938 0.861017
v 29.822195 -7.294597 0.445441
v 30.214046 7.335940 0.076001
v 29.987123 -2.116271 -7.005643
v 28.994860 5.201055 5.169789
v 30.056244 2.148301 -6.998477
v 27.729454 7.114232 1.782362
v 30.110790 -6.224900 -3.854640
v 31.313795 -1.513699 7.176113
v 27.795349 -7.270455 0.869125
v 28.771822 4.771559 5.566233
v 29.580067 -7.028057 2.011319
v 28.824469 -6.845871 2.596636
v 28.792673 -5.254586 -5.103426
v 30.219856 -7.289120 -0.457785
v 29.279474 2.680483 6.828420
v 29.935684 -7.173967 1.409308
v 28.059349 4.310549 -5.920887
v 28.230555 4.737995 -5.596004
v 28.338720 2.539504 -6.876597
v 29.567200 -6.855834 -2.535241
v 27.712034 -0.954059 7.288507
v 29.595823 -7.050856 -1.913363
v 29.779121 -4.710073 5.622249
v 27.581543 7.333281 0.031034
v 28.536171 7.327366 -0.420105
v 27.712461 7.273548 -0.986670
v 27.586161 -4.692219 -5.631578
v 27.914116 5.774498 -4.519057
v 27.483158 6.147363 -3.997657
v 29.290430 6.610310 3.170721
v 27.529943 -7.325762 -0.059763
v 28.334253 0.271924 7.358219
v 28.028950 7.294794 0.796948
v 27.546083 -7.308278 0.479093
v 29.568087 -5.621556 -4.694920
v 27.295139 2.260200 6.994169
v 27.695250 -3.394285 6.504377
v 29.114149 -4.235584 5.986925
v 27.837902 -0.839696 -7.288454
v 27.945419 1.595037 -7.159159
v 29.614056 -6.675882 -2.988012
v 27.977697 5.358670 -5.008679
v 27.582531 -7.175519 -1.401739
v 28.843266 -4.799340 -5.534296
v 26.967976 -7.176472 1.458244
v 27.978220 7.211160 1.363108
v 27.648291 -5.549552 -4.794167
v 28.572048 -5.122539 5.253569
v 29.228777 -5.579753 4.771812
v 28.018419 6.392192 3.604579
v 27.371941 -7.260083 -0.885900
v 27.000399 -3.630953 -6.351285
v 27.662901 6.636644 -3.095914
v 28.128912 0.916470 -7.275594
v 27.386925 5.559620 4.800863
v 27.830801 7.321648 0.464561
v 27.742065 -0.286790 -7.332682
v 27.334080 6.800226 2.737602
v 27.681581 7.164927 -1.563310
v 27.773825 -1.565435 -7.153638
v 27.502512 -7.119368 1.720009
v 27.603651 -0.852103 -7.279557
v 27.608904 2.092618 -7.034913
v 27.287111 2.592985 -6.854342
v 27.433943 5.153897 5.231969
v 28.152157 -6.634482 3.108934
v 27.496323 6.978202 2.243231
v 27.759710 -2.706991 6.831489
v 27.368071 7.181190 1.469087
v 27.519791 -2.016652 7.063778
v 27.302639 4.341743 5.906089
v 27.667511 -1.565683 7.176024
v 27.786045 6.223155 3.890688
v 27.825567 2.912437 6.738234
v 27.999195 -6.736965 -2.839390
v 27.820297 3.338798 -6.522130
v 28.137220 -3.915520 -6.178743
v 27.910326 -2.660039 -6.814728
v 27.888716 -6.132461 4.021049
v 27.529100 -5.125548 5.267818
v 26.936054 -6.211189 -3.874056
v 26.760660 2.868258 -6.732447
v 27.662470 6.625215 3.141519
v 28.600569 5.894236 4.381481
v 28.112366 -6.367644 3.627604
v 27.027758 -1.445866 7.214747
v 27.805893 0.901430 7.309733
v 27.489368 5.045087 -5.327641
v 27.420631 -2.641007 6.858191
v 26.929789 -6.269441 3.787135
v 27.857182 -7.087312 -1.804823
v 27.041830 6.322934 3.737027
v 27.966436 -6.949484 -2.268441
v 27.437223 -0.232608 7.342109
v 27.430960 5.866294 -4.384199
v 26.795591 6.204275 -3.889608
v 26.593950 3.460724 -6.446057
v 27.747202 3.412664 6.495644
v 27.371191 6.384676 -3.600688
v 27.522688 1.571523 7.187009
v 27.436163 -4.656539 5.682633
v 27.708942 -4.103344 6.090460
v 24.889112 -4.680160 -5.627312
v 26.323021 -6.866624 -2.482970
v 27.579456 6.842957 -2.604002
v 27.618040 5.479945 -4.876981
v 27.899446 3.865409 6.232860
v 26.723209 -2.576477 6.876386
v 26.608654 7.004454 -2.177693
v 27.334179 -7.304139 -0.473568
v 26.145590 0.940105 7.302118
v 27.564529 7.056049 -1.983230
v 26.171932 3.412717 6.484938
v 27.338156 -5.548400 4.815273
v 28.115692 -6.459406 -3.428860
v 25.757145 0.288926 -7.332036
v 25.520309 -7.310715 -0.064289
v 27.340374 -3.913055 6.211639
v 27.259174 -0.901937 7.296251
v 28.362947 -5.838554 4.444310
v 27.190775 0.388685 7.355494
v 26.649185 -0.277289 7.352433
v 26.507215 6.803463 -2.722579
v 26.870382 4.799510 5.548408
v 25.348572 1.419539 -7.187541
v 27.086477 2.841281 6.769654
v 26.786888 -6.554269 3.263457
v 27.506367 -5.139886 -5.233191
v 26.351719 6.566050 -3.245489
v 26.155146 7.321730 -0.452447
v 25.006739 4.349652 5.887990
v 26.270546 6.568158 3.265392
v 24.553949 -2.662080 -6.824739
v 27.194565 0.849220 -7.294503
v 25.567348 -3.802754 -6.241520
v 27.564869 1.523746 -7.170992
v 24.922106 3.891493 6.201773
v 25.475103 -1.491521 7.191475
v 27.061586 -2.162641 -6.993383
v 26.215847 -3.445863 6.475185
v 23.842073 0.296995 7.356054
v 24.311241 5.576949 4.768993
v 25.042734 -4.230610 -5.963360
v 25.598322 5.994720 4.246208
v 27.644526 -3.146744 -6.603738
v 25.933220 -5.136709 5.242041
v 26.792183 -6.792208 2.737360
v 24.913164 1.567161 7.171075
v 23.266012 -4.670908 5.654780
v 27.511501 -5.928627 -4.304962
v 24.312778 5.128729 5.238482
v 26.943094 2.260228 -6.967957
v 23.599520 6.216794 -3.857565
v 23.554283 7.197280 1.439495
v 24.960035 3.943004 -6.156322
v 24.074490 7.110257 1.803073
v 25.062675 -3.713019 6.324504
v 23.291595 7.317977 -0.458442
v 25.827156 7.172079 -1.567931
v 23.435785 6.361946 -3.619974
v 25.783236 -7.239724 1.036437
v 23.809811 6.285092 3.778184
v 26.659800 -6.969698 2.249296
v 25.152178 2.181437 7.006433
v 25.963053 -3.084221 6.651370
v 24.154526 5.544757 -4.780598
v 23.808449 -5.561304 -4.763946
v 25.541410 2.826888 6.762964
v 25.675247 -5.569950 4.774880
v 24.471186 -0.275399 -7.333549
v 23.393209 7.316499 0.550260
v 24.015854 -5.930770 -4.289030
v 23.907393 3.365105 6.504355
v 24.280258 -6.140089 3.990263
v 24.801353 -6.456270 -3.428477
v 23.658344 -7.294471 -0.436636
v 25.737352 -2.534348 6.902480
v 23.408617 0.861495 7.307873
v 25.367243 6.963181 2.283071
v 23.136250 4.767197 5.568079
v 24.123272 -3.166106 -6.594054
v 23.814260 -0.838105 -7.283011
v 22.951723 -7.139157 1.602889
v 25.180445 -7.290385 0.487878
v 24.341259 -5.139046 5.244405
v 23.548380 -6.791703 2.740797
v 24.945822 -6.644056 -3.040183
v 24.084166 5.077749 -5.271489
v 24.001982 6.556576 3.277842
v 24.027660 2.347206 -6.932079
v 24.576466 -6.338201 3.663418
v 23.716902 -5.553717 4.802735
v 23.265118 -6.620892 3.145704
v 22.857088 0.314868 -7.325878
v 24.082350 -6.919439 -2.347376
v 23.871042 5.908267 -4.316164
v 25.818020 -5.893653 4.356539
v 24.434593 -0.301679 7.352597
v 25.151480 -4.201368 6.015171
v 23.193796 4.384430 -5.843970
v 21.624079 -3.197128 -6.584540
v 21.677362 5.513631 -4.832690
v 25.490547 7.259270 1.033311
v 26.415493 -7.088016 -1.748928
v 23.894875 3.445398 -6.446360
v 23.445240 -3.793217 -6.248615
v 23.560247 0.865639 -7.276289
v 22.096758 3.918321 -6.173353
v 23.849983 2.879599 -6.721006
v 24.515472 -7.262560 -0.832178
v 25.987909 -1.980287 7.080351
v 22.205263 -7.239835 1.032701
v 23.839069 7.265505 -1.009852
v 23.559675 7.328696 0.073979
v 22.139494 6.943847 2.371794
v 24.647800 -2.847515 6.752432
v 23.451675 -1.542722 7.187243
v 23.198671 -0.985702 7.291125
v 24.856581 -1.486741 -7.170940
v 21.663626 5.936162 -4.287135
v 22.713678 7.174355 -1.566850
v 24.149319 4.677173 -5.621202
v 21.953102 -6.945484 -2.301084
v 21.062088 1.631802 7.178559
v 23.703743 5.944984 4.309059
v 23.801893 -2.667297 6.849700
v 21.641159 -0.389682 7.352407
v 20.892826 -4.132021 6.062204
v 24.066872 -5.142717 -5.214389
v 21.493950 -7.296527 0.476454
v 23.751366 -6.947307 2.298270
v 21.254414 0.225816 7.362032
v 20.128197 2.190325 -6.993287
v 20.591507 -5.173321 -5.181857
v 22.838997 -6.200001 -3.892745
v 22.621059 2.771535 6.793354
v 20.935074 2.240895 7.010488
v 22.972099 6.829688 -2.660595
v 21.546249 6.492471 3.419612
v 22.906685 -2.142726 -7.003899
v 21.449045 -4.216116 -5.968728
v 22.450199 -0.257200 -7.332784
v 22.930288 6.769217 2.817173
v 23.124155 7.015922 -2.149853
v 20.291853 7.088842 1.917191
v 20.248507 4.673350 5.656411
v 20.711895 5.132049 5.246424
v 22.372776 -3.294364 6.552595
v 22.252331 -2.144923 7.027853
v 23.999660 1.782989 -7.105325
v 22.151306 -1.485830 -7.169796
v 22.217752 -6.510093 -3.352728
v 20.260118 4.614471 -5.692398
v 20.481133 5.561799 4.790295
v 22.102901 -7.064419 -1.906939
v 21.592081 3.289916 6.561430
v 22.821505 6.614577 -3.145205
v 22.368544 -6.776439 -2.769111
v 22.051912 -6.375091 3.627286
v 19.435591 7.333356 0.535518
v 22.469872 -5.849658 4.427422
v 19.787949 0.863781 -7.289230
v 20.185150 7.185088 1.534914
v 20.244089 7.332821 -0.458163
v 20.012917 -6.861034 2.596367
v 21.743826 3.798487 6.269523
v 23.364767 -7.182150 -1.375917
v 21.043240 5.875440 4.396799
v 21.923098 -3.795694 6.276692
v 21.943310 -6.052319 4.147128
v 20.214838 3.549092 6.424399
v 21.552635 -2.705363 6.829829
v 19.582518 7.346300 0.065878
v 20.270298 6.159518 3.995274
v 21.395563 4.205086 5.998548
v 20.071829 -0.998201 7.296260
v 20.316086 6.639832 -3.097379
v 20.042515 7.028021 -2.133046
v 20.126249 6.379368 -3.611734
v 19.606440 6.158734 -3.944513
v 21.765203 6.199223 -3.897756
v 20.262308 -1.566642 7.187284
v 20.193115 7.276019 1.051813
v 20.079741 4.024604 -6.116169
v 20.883814 -2.618136 -6.843697
v 20.073975 -7.159890 1.589230
v 19.956974 -7.013666 2.141156
v 20.057100 -0.407693 7.355586
v 19.695908 -0.847511 -7.284523
v 20.302761 6.849004 -2.617845
v 20.040045 -7.252155 1.034835
v 20.102911 -6.653328 3.091793
v 21.621740 -5.111408 5.265236
v 20.427107 2.873279 6.765166
v 19.791107 1.413556 -7.190879
v 20.614759 -0.289236 -7.326760
v 19.689140 1.710799 -7.125016
v 19.261761 4.760273 5.568029
v 21.158474 -7.315513 -0.069047
v 19.708126 -2.659998 -6.834087
v 19.803757 6.597974 3.211435
v 19.881750 -3.564482 6.404000
v 19.827833 1.340983 7.232136
v 20.129679 7.185212 -1.546478
v 19.993980 4.008736 6.133031
v 19.835297 -7.161309 -1.521086
v 19.971125 -1.504497 -7.178522
v 20.036829 0.839080 7.319377
v 19.762930 0.216582 7.360769
v 20.099680 6.356951 3.678178
v 20.056427 -6.464253 -3.439796
v 19.813068 6.913825 2.461974
v 19.901913 7.281658 -0.989864
v 19.923500 -6.221795 -3.861679
v 19.726999 2.548501 -6.865466
v 19.284491 5.885218 4.377156
v 21.307863 -4.708384 -5.595668
v 19.846819 0.323703 -7.334591
v 20.033924 -4.169333 -6.010720
v 20.102516 -2.141718 -7.017420
v 19.287991 7.027671 -2.114962
v 19.494823 6.790256 2.775648
v 18.391037 7.329755 -0.394592
v 20.054869 3.512840 -6.425811
v 19.899704 -2.082009 7.046890
v 19.711174 5.842479 -4.410007
v 19.188002 6.793920 -2.715240
v 19.975012 -6.959286 -2.273493
v 19.227877 7.125203 1.770182
v 20.311470 -4.646827 5.677040
v 18.553347 0.312395 7.346980
v 19.808035 3.013207 -6.669567
v 19.878492 5.531260 -4.809659
v 18.764500 -7.240427 1.033975
v 19.540781 -0.321441 -7.332549
v 18.137136 -7.293793 0.469109
v 20.071871 -6.718579 -2.918761
v 20.448441 -3.703987 -6.309067
v 19.180552 5.140008 5.227836
v 19.646336 -2.698011 6.832640
v 19.965082 -2.906794 6.726127
v 18.583242 -3.155181 6.611777
v 19.227358 6.544567 -3.267898
v 19.153385 3.489992 -6.416241
v 18.844105 3.971639 -6.123870
v 20.222853 -7.257227 -0.949548
v 19.939165 -7.301240 -0.511079
v 17.949337 -7.310286 -0.059786
v 18.876654 6.204053 3.901097
v 19.061491 7.270433 1.022931
v 19.696644 -6.132432 4.005494
v 18.856035 7.339451 0.247851
v 17.683220 6.421973 -3.513371
v 18.771208 -6.471079 -3.409969
v 18.532310 0.423214 -7.317518
v 18.672657 -4.736782 -5.576427
v 18.765326 -4.136428 -6.029829
v 19.364330 -0.254032 7.347832
v 18.866690 -6.983287 2.170229
v 18.831778 0.988629 7.288505
v 18.944727 -6.720335 -2.889574
v 18.860155 -7.142071 1.610014
v 20.309130 5.064396 -5.302934
v 18.577555 4.651143 -5.645724
v 19.803564 -3.152540 -6.616742
v 18.938820 -4.174338 6.025434
v 19.251587 -0.982061 7.279702
v 17.618603 6.538624 3.307809
v 19.837994 -6.369680 3.625177
v 19.092810 -6.860547 2.554086
v 19.541250 1.650256 7.165240
v 19.312386 3.374690 6.509001
v 19.137512 -1.574512 7.164890
v 18.816296 -6.880697 -2.463854
v 17.679539 -6.944256 -2.256703
v 18.623377 -2.093088 7.021260
v 20.325020 -5.563764 -4.763856
v 20.068054 -5.954693 -4.261220
v 16.848574 6.311558 3.736741
v 18.841755 5.547300 4.798742
v 19.204882 -5.120858 5.253226
v 17.189219 6.935802 2.378469
v 18.558987 -0.231343 -7.328547
v 18.342224 2.157154 -6.995020
v 17.958670 5.494429 -4.836610
v 18.121115 3.857317 6.223425
v 18.634443 4.339402 5.891346
v 18.627682 -0.825418 -7.283449
v 16.983164 7.281316 -0.932100
v 17.066814 6.733410 2.897143
v 19.227915 7.177849 -1.536964
v 15.735383 3.383835 6.510067
v 19.648291 -5.542796 4.807994
v 17.678648 0.461108 7.343914
v 17.745483 -1.499494 -7.167959
v 18.847071 7.032665 -2.061891
v 18.418835 2.615466 -6.831648
v 17.948500 -3.125880 -6.614470
v 17.712887 -2.675502 6.828683
v 18.430519 -5.594926 -4.721260
v 18.266411 -7.236131 -1.043501
v 16.357189 4.774625 5.559499
v 18.500620 2.755348 6.810809
v 15.840681 -5.559792 4.786047
v 18.180887 3.027004 -6.653222
v 19.571875 -6.623729 3.141274
v 19.534946 2.215313 7.010138
v 17.313179 2.977885 6.712126
v 16.172316 6.202682 -3.895379
v 18.304947 -2.120768 -7.012150
v 18.525505 -3.595976 -6.363799
v 18.844309 -5.856883 4.398736
v 16.970713 7.318254 0.608837
v 17.160852 6.832609 -2.633221
v 15.698318 7.334137 -0.321394
v 15.745153 4.743751 -5.576473
v 17.979315 -7.290613 -0.504073
v 18.944529 0.966915 -7.263211
v 16.422787 4.308373 5.922962
v 18.419542 1.629363 -7.137499
v 14.925461 4.357201 -5.876009
v 17.192823 5.094611 -5.260114
v 14.913787 5.583208 -4.737701
v 17.760223 -2.660221 -6.822086
v 15.695642 -6.593457 3.208676
v 18.773912 -7.064086 -1.874732
v 15.400035 0.886024 7.302813
v 16.516514 -6.805470 2.718632
v 15.670679 -0.459032 7.348129
v 16.240788 -4.661477 5.655616
v 15.899598 1.587257 -7.153743
v 16.368557 -0.279943 -7.335280
v 15.264424 3.487454 -6.434092
v 17.462286 -7.183137 -1.391152
v 17.598568 -6.332588 3.677463
v 16.484013 -2.707613 6.832840
v 15.808183 -6.289461 3.761322
v 16.895891 -5.114846 5.252275
v 14.886685 2.150883 7.027609
v 15.956041 7.085914 1.903280
v 14.664818 -7.162539 -1.500183
v 17.058819 -5.922572 -4.297327
v 15.579275 -3.190313 6.611178
v 17.703152 -3.676175 6.342605
v 15.845099 -6.865206 -2.524513
v 15.604458 0.863682 -7.283123
v 15.437869 -5.904059 4.348135
v 16.081799 -6.673793 -2.996018
v 14.207954 6.912830 2.468667
v 16.683985 -6.205941 -3.873487
v 15.148749 -7.024650 -2.024926
v 15.623994 -1.567053 -7.158511
v 15.564086 2.943192 -6.701480
v 15.475798 6.834243 -2.656256
v 16.007690 -6.979758 2.204000
v 16.460135 -7.139294 1.622744
v 16.282223 3.975533 -6.134476
v 15.634487 -2.136986 7.040622
v 15.569682 6.644521 -3.078727
v 15.866962 7.337714 0.267977
v 15.477755 6.519121 3.370433
v 15.573471 2.761935 6.811015
v 15.786547 1.611821 7.170509
v 15.562180 -2.688131 -6.817981
v 15.135017 -0.263050 -7.331244
v 15.538862 -2.142462 -7.011446
v 15.491704 -2.683771 6.850215
v 12.710233 7.083733 1.925998
v 15.621844 -3.177496 -6.595296
v 15.365022 3.841673 6.246638
v 15.516402 -7.300889 0.398721
v 16.334249 -4.146337 -6.031194
v 15.616122 6.286190 3.797529
v 15.331829 -1.024619 7.290057
v 15.277819 -5.923985 -4.302312
v 14.904582 4.204440 6.002948
v 13.541834 -1.818546 -7.092907
v 14.067815 4.698926 5.623314
v 14.445621 2.759499 6.801150
v 15.269636 -3.621500 -6.360806
v 15.314673 -3.739677 6.321328
v 15.433291 2.110477 -7.016047
v 15.550067 -1.641966 7.169240
v 15.153296 0.423325 7.343304
v 15.777099 5.098464 5.268593
v 14.819325 -7.250258 0.938956
v 15.721293 -0.895759 -7.279693
v 13.899743 1.768115 7.132673
v 12.652709 1.291879 7.241373
v 14.799238 7.297327 -0.849006
v 13.991745 -6.757755 -2.773300
v 12.758725 7.299274 -0.810921
v 15.645472 5.874864 -4.363893
v 14.106477 6.669081 3.069322
v 15.398438 7.290347 0.881491
v 13.301868 6.824773 -2.649267
v 16.676258 7.210402 1.393572
v 14.811901 -7.139666 1.593989
v 15.174234 3.896922 -6.193695
v 15.803147 -5.555109 -4.774313
v 15.515289 6.434913 -3.499923
v 14.318772 1.922588 -7.070981
v 15.049697 5.550976 4.795120
v 15.714323 5.922868 4.333471
v 15.568633 -4.707047 -5.608294
v 15.843013 -5.122363 -5.235921
v 12.802277 3.958687 -6.148148
v 15.513132 2.527111 -6.872242
v 12.925529 6.413869 3.568178
v 15.646083 -4.149930 6.054601
v 16.290474 -0.020004 7.359989
v 15.064482 0.335007 -7.327621
v 14.239964 6.173554 -3.915387
v 13.708292 6.621720 -3.104868
v 14.298097 -6.779310 2.764885
v 12.027416 2.484873 -6.891766
v 13.322145 -0.240884 -7.336810
v 12.406329 0.207438 7.350580
v 15.552164 7.019127 -2.139287
v 12.039960 -4.720001 -5.590221
v 15.676552 7.183581 -1.514476
v 11.583630 7.331594 -0.435335
v 12.266862 5.882343 -4.363614
v 11.199114 7.325633 0.573896
v 12.859749 1.418225 -7.193542
v 13.923342 -5.540360 4.799780
v 12.736712 0.773747 7.318303
v 13.294927 -0.416045 7.340929
v 13.727735 6.394165 -3.544799
v 13.344222 7.205562 1.423014
v 13.031140 7.197393 -1.436560
v 12.751950 3.030480 -6.657960
v 11.551656 5.537542 4.814982
v 12.462386 6.197373 3.942429
v 13.276153 3.466488 -6.435912
v 13.614721 -6.230824 3.847086
v 13.413658 3.763546 6.286845
v 14.466152 -5.109571 5.258567
v 12.265317 5.054440 -5.310468
v 14.030756 3.295124 6.550093
v 13.185901 -5.863764 4.395048
v 11.493370 2.801397 6.792465
v 12.977085 -0.825295 -7.291498
v 15.283806 -7.251658 -0.945499
v 14.900180 -7.294066 -0.489990
v 12.597362 -5.567473 -4.752440
v 12.334452 -7.180713 1.401964
v 13.398000 -3.626711 6.375477
v 11.734317 2.278777 6.991368
v 12.099009 -5.113738 5.264003
v 15.005768 -2.708087 6.830036
v 13.767284 -3.231336 6.581435
v 12.252387 0.852394 -7.287744
v 12.958959 7.119383 -1.779375
v 11.969056 -3.161888 -6.596189
v 10.579103 4.177012 6.018326
v 14.984251 -7.313689 -0.066542
v 13.217125 -6.542358 3.295153
v 13.130785 -1.366343 -7.199089
v 12.024010 -3.635862 -6.337638
v 10.199937 6.951246 2.349936
v 11.969227 7.292613 0.869867
v 12.565249 7.340714 0.019593
v 13.083832 -1.653121 7.167973
v 12.016284 4.463113 -5.803982
v 13.539748 -5.158151 -5.195487
v 10.968346 7.184754 -1.538935
v 11.705076 -5.539365 4.814450
v 9.995982 6.656586 3.100185
v 10.598890 6.442425 3.532803
v 14.176457 -2.682458 -6.812275
v 10.882389 -6.580876 3.216786
v 12.255979 7.011073 -2.159222
v 12.517811 -6.880781 -2.470603
v 12.998722 -4.225946 -5.969839
v 11.195072 6.797021 2.766035
v 13.930861 -6.454824 -3.441393
v 11.637215 -6.334775 3.670490
v 12.805741 -2.161371 -6.997809
v 11.165617 6.372433 -3.625239
v 10.717064 -2.707391 -6.804244
v 13.007987 -4.246617 5.981378
v 11.892497 4.678046 -5.638276
v 11.020835 6.614218 -3.167561
v 14.183849 -6.198359 -3.890568
v 12.558805 -5.894200 -4.336719
v 11.018422 5.076030 5.291027
v 11.883557 5.886607 4.390155
v 11.324639 3.751974 6.296710
v 13.329474 -2.175845 7.024463
v 10.686721 6.835019 -2.666963
v 11.680375 0.277907 -7.329739
v 10.134858 7.230350 1.290260
v 11.834180 -7.309826 -0.171039
v 11.608467 5.447936 -4.905265
v 10.802400 -0.324663 -7.322089
v 12.045556 1.846446 -7.095451
v 11.641322 -7.182823 -1.372741
v 11.747363 -7.260034 -0.841398
v 11.674822 -7.115602 1.718113
v 9.275183 2.281870 6.986985
v 12.116131 -4.674731 5.653052
v 11.383075 -1.013562 7.286119
v 11.384529 -3.151001 6.631150
v 9.998849 5.719616 -4.574584
v 12.830335 -6.680822 -2.978700
v 9.024951 7.278286 -0.973448
v 10.518941 3.328730 6.538453
v 11.412210 -6.803860 2.719224
v 12.562037 -3.945426 6.182465
v 11.362642 -2.708687 6.834720
v 9.803291 4.265212 -5.941707
v 9.238105 1.964325 -7.056324
v 9.296044 -7.265126 0.868906
v 11.348475 3.515146 -6.414984
v 10.389804 -0.923495 -7.271485
v 8.044550 -0.329122 -7.325708
v 7.325942 5.486132 -4.858400
v 11.835284 -7.057722 -1.898410
v 9.155063 -7.181429 1.440911
v 10.364829 -2.144571 7.033328
v 10.199392 -0.417419 7.340818
v 9.799246 -1.578037 -7.156869
v 10.153158 5.019729 -5.337389
v 9.405906 0.240024 -7.323792
v 9.498677 7.023242 -2.131900
v 8.860887 4.613563 5.687575
v 10.405275 6.059475 -4.118296
v 10.180867 1.002379 7.290701
v 9.243429 0.759214 -7.286168
v 10.489987 7.346058 0.093764
v 7.796488 7.199347 -1.453197
v 9.047235 1.374253 -7.193751
v 8.713934 2.559977 -6.861393
v 7.495423 7.205205 1.413098
v 8.358780 -6.306984 3.732502
v 7.241280 5.877971 -4.366554
v 11.673082 -7.302995 0.358445
v 11.340605 1.759192 7.141160
v 8.954853 3.343493 -6.506389
v 7.947720 7.308798 0.701853
v 8.555430 3.793331 6.271581
v 11.383921 -6.990786 2.182720
v 8.720959 -6.798584 2.734468
v 9.839063 3.047314 -6.652395
v 8.709085 5.538062 4.807842
v 7.575389 6.189187 -3.917566
v 6.794291 -6.452022 -3.447968
v 8.668010 -5.561891 4.786134
v 10.558480 -1.597265 7.178078
v 7.256410 -3.921611 6.199374
v 9.610421 -4.204471 6.008263
v 9.530201 3.788679 -6.252444
v 8.145992 -7.263466 -0.853721
v 9.124743 -4.250844 -5.947049
v 6.339277 5.040992 -5.316121
v 8.530978 5.070339 5.287865
v 7.439447 -6.922496 -2.346806
v 10.239058 -6.895466 -2.437240
v 8.739550 7.097325 1.869579
v 5.759938 6.788213 2.785086
v 8.762280 5.889792 4.380286
v 8.635028 6.114762 4.066870
v 6.399177 -0.856263 -7.284281
v 10.447261 -6.454604 -3.450915
v 6.656710 7.014921 -2.163072
v 6.472294 6.948261 2.365935
v 9.210782 -7.316361 -0.087524
v 6.920627 2.788692 6.791933
v 7.178823 -6.700441 -2.938316
v 9.670439 -6.706214 -2.936649
v 9.084257 -7.299883 -0.448994
v 9.403445 -3.208551 -6.567896
v 10.506924 -3.806378 -6.240744
v 6.663984 4.763312 5.565054
v 6.466743 5.537920 4.812917
v 8.771001 -3.169414 6.616984
v 7.912999 1.640472 7.162692
v 7.644560 6.420277 -3.529955
v 9.486297 -2.201991 -6.987638
v 6.332502 2.204331 7.010540
v 5.796843 3.280583 6.560691
v 6.361413 6.201354 3.930583
v 7.736465 6.368768 3.663097
v 9.880983 0.477298 7.341273
v 7.933402 -7.177979 -1.390221
v 8.482893 -2.709667 6.829362
v 8.358511 7.327417 -0.447239
v 7.117663 4.028803 -6.101207
v 7.438409 7.337401 0.086663
v 6.735734 -7.149931 1.599500
v 8.169811 -4.673907 5.650337
v 5.617861 0.515124 7.335265
v 5.869826 6.581683 3.246175
v 6.365958 -3.433744 -6.456343
v 7.285858 0.049751 7.352058
v 6.386559 -2.866626 -6.733332
v 7.771850 -7.074433 -1.839235
v 7.830481 -6.576457 3.240574
v 9.129246 -3.652803 6.360655
v 8.312995 -1.016955 7.277233
v 5.314338 -7.286019 -0.654459
v 7.305264 4.603050 -5.693985
v 8.200166 -5.133350 5.240074
v 8.377176 -5.159323 -5.189971
v 5.932286 -4.697257 5.638102
v 5.335114 0.282642 -7.322669
v 7.987276 -4.712520 -5.589294
v 8.311206 -6.184810 -3.912751
v 9.983066 -6.135877 4.005799
v 6.630249 -2.180930 7.016523
v 5.383788 -4.208003 6.016102
v 6.724046 6.849202 -2.632174
v 4.664085 -3.727656 6.321480
v 7.988891 -3.889078 -6.189800
v 4.320278 3.785906 6.277304
v 4.845685 -3.218275 6.594591
v 6.519620 -1.416311 -7.188977
v 4.837605 -4.299994 -5.914259
v 4.740752 4.685452 -5.625463
v 4.921402 5.902083 4.363946
v 4.535349 4.249157 5.967021
v 5.453814 -6.639338 3.120299
v 6.984786 -0.479630 7.333402
v 7.095275 7.133258 -1.747062
v 3.981677 7.269687 -1.013441
v 3.843686 5.525069 -4.814061
v 7.028653 -6.999734 2.155553
v 4.803857 5.061440 5.296019
v 7.230286 -7.301036 0.465873
v 7.957716 -5.918513 4.329478
v 5.996706 -5.555153 4.797544
v 6.427768 1.291693 -7.212205
v 6.192097 0.815701 -7.283906
v 5.339557 7.327411 -0.457029
v 3.811538 6.335986 3.701598
v 4.880620 -7.241529 1.069961
v 3.126240 0.016639 7.353628
v 6.360233 -2.342467 -6.941839
v 7.868975 -5.895539 -4.338325
v 3.762113 -3.838281 -6.227665
v 4.423052 7.104283 1.872803
v 3.407722 -0.567249 7.327348
v 3.579928 5.080001 -5.280684
v 8.695998 -5.558553 -4.767000
v 3.998526 2.191491 -6.986432
v 3.455048 4.655625 5.654751
v 6.725380 -1.664866 7.155472
v 6.365346 1.742732 -7.116034
v 5.335949 -0.269758 -7.329351
v 5.126615 -7.222374 -1.156631
v 5.028157 3.731151 -6.293718
v 2.718976 6.573094 3.275251
v 4.246386 -4.735136 -5.575255
v 4.890904 -6.425460 3.539703
v 6.414957 2.713000 -6.802337
v 6.578519 6.665699 -3.051138
v 3.149735 5.543990 4.802658
v 2.996646 2.200286 7.011587
v 3.662798 4.204829 -5.991042
v 5.791505 -5.137274 5.243224
v 3.986800 3.269549 -6.549830
v 3.631042 6.401807 -3.549691
v 2.631603 6.641935 -3.087999
v 6.228344 -1.762970 -7.111756
v 3.730943 7.160746 -1.604584
v 4.926465 7.230559 1.306211
v 2.632090 3.779577 -6.270533
v 2.700706 2.732965 -6.792862
v 4.342733 -6.221162 -3.865819
v 3.395213 6.954756 2.368517
v 3.352636 -5.571839 -4.753958
v 4.698878 -7.125570 -1.663093
v 3.985557 -1.058823 7.272027
v 1.072710 7.327121 -0.442788
v 2.336485 -7.147815 1.613001
v 3.040617 6.208724 3.919616
v 5.254249 -6.815542 2.699093
v 2.924431 1.747363 -7.111969
v 2.793537 5.091323 5.275248
v 4.136115 7.340408 0.104277
v 4.464250 -6.181139 3.950377
v 4.233943 6.826297 -2.652846
v 0.102211 4.444144 -5.827427
v 3.510168 -3.318449 -6.521533
v 3.375185 1.639742 7.161788
v 1.963734 -2.849583 -6.749269
v 3.875000 -6.799497 -2.707144
v 2.329676 -6.673442 3.043833
v 2.177526 -3.698984 6.342728
v 5.447053 1.038128 7.280669
v 4.448242 -2.718059 6.824222
v 0.017657 -6.150033 -3.977396
v 4.935595 7.315180 0.707225
v 0.736554 -7.247522 1.115338
v 4.233544 -7.318386 -0.078171
v 1.769731 0.617748 7.331316
v 3.019289 0.848966 -7.280202
v 2.314440 6.766989 2.860590
v 1.741934 7.221686 1.334995
v 2.684322 -4.691103 5.638110
v 3.363757 -6.506938 -3.353529
v 2.772856 7.002237 -2.175632
v 3.381357 -5.932063 -4.294726
v 1.207771 7.272008 -1.015001
v 2.357309 3.276705 6.571668
v 1.999477 -7.218011 -1.172118
v 2.871715 -2.331228 -6.951579
v 3.214487 1.292637 -7.209093
v 0.058093 6.844314 -2.650501
v 0.048306 3.662657 -6.336775
v 1.469432 7.159377 -1.620214
v 2.198879 2.725304 6.824241
v 2.223877 -1.721176 7.145962
v 1.123447 -0.809488 -7.292233
v 0.060125 4.748858 -5.586676
v 3.445726 -5.163614 -5.189756
v 0.007364 1.647367 -7.150692
v 3.461710 -7.300535 0.520676
v 0.031361 -6.120401 4.053864
v 0.665078 -0.038598 7.346691
v 0.082823 5.336030 -5.026096
v 0.497332 2.135545 -7.015966
v 0.093560 -4.770842 -5.564720
v 3.322700 -6.990443 -2.168621
v 3.102424 -6.996729 2.177068
v 2.090621 -5.528541 4.827285
v 0.888753 -1.094021 7.276539
v 1.411779 -7.302835 0.564893
v 0.025990 5.004870 -5.362872
v 0.048364 4.024260 -6.110885
v 0.599950 -3.250621 -6.562842
v 1.906089 -4.253559 -5.954404
v 1.875289 0.312855 -7.324600
v 0.022074 4.851422 5.525820
v 0.078401 5.519450 4.859959
v 3.584909 6.161787 -3.953633
v 0.112550 3.819103 6.289718
v 0.012805 -2.956258 -6.702417
v 0.009901 3.247127 -6.561918
v 2.405848 5.907575 4.363916
v 1.653123 -3.770091 -6.274815
v 0.421089 -5.876679 -4.375520
v 1.823053 -7.133451 -1.629476
v 0.008950 1.629324 7.163872
v 2.006972 4.279366 5.971259
v 0.292306 5.894781 4.394406
v 2.301510 -6.452592 3.488319
v 1.486714 -6.829821 2.683250
v 1.111703 -0.638468 7.328903
v 0.033559 7.031997 2.134614
v 0.078995 6.701681 3.007645
v 0.020296 6.869938 2.600411
v 2.398411 -2.306437 6.979048
v 1.189076 -4.649948 5.680848
v 2.227189 -5.127695 5.249118
v 0.008373 -1.808669 7.131901
v 1.179980 0.785062 -7.297544
v 0.652712 1.189996 -7.246027
v 1.409600 -1.236570 -7.227807
v 1.339326 -0.185611 -7.332335
v 0.008778 0.291879 -7.327183
v 1.652358 -1.781957 -7.113445
v 0.744027 1.086203 7.274656
v 2.145764 5.902967 -4.336256
v 1.172496 7.338996 0.053958
v 0.035668 6.238967 3.886884
v 0.008467 -4.058311 6.118338
v 1.355471 -4.203953 6.017940
v 2.008207 -5.846439 4.429049
v 0.008519 -0.741823 7.310701
v 0.058086 -5.271775 5.136585
v 0.005791 -1.611383 -7.155010
v 0.612697 0.626553 7.326514
v 1.003471 7.314238 0.675090
v 0.021300 -4.807174 5.569975
v 0.031714 -3.758267 -6.271988
v 0.023702 -1.062767 -7.244983
v 1.044532 7.103266 1.878659
v 0.061946 5.153222 5.243901
v 1.221164 -7.278863 -0.749573
v 0.006172 3.684703 6.364517
v 0.011575 -4.437287 -5.813383
v 0.010260 -0.051598 7.343566
v 0.014725 -5.897072 4.381671
v 0.009024 -2.270072 -6.976834
v 0.011654 -3.694746 6.346508
v 0.005439 -1.136997 7.255008
v 0.008180 0.864791 7.300040
v 0.071599 7.296797 -0.928570
v 0.306185 -4.405895 5.885941
v 0.307926 5.658537 -4.657113
v 0.332058 6.972014 -2.308056
v 0.080833 -5.279042 -5.092348
v 0.062551 6.517286 -3.345973
v 0.029322 0.932949 -7.282545
v 0.062432 6.715016 -2.949157
v 0.048699 5.636658 -4.661081
v 0.083385 5.952721 -4.265696
v 0.059946 7.064615 -2.002995
v 0.003503 2.198348 -6.987576
v 0.109287 2.573864 -6.858083
v 0.071288 7.264343 1.147915
v 0.062445 -5.568107 -4.770703
v 0.001074 -7.230588 1.175019
v 0.037123 7.176334 1.584923
v 0.021921 5.848204 4.440016
v 0.042525 7.345333 -0.117939
v 0.070195 6.273172 -3.785301
v 0.044606 7.318194 0.632800
v 0.028633 6.496638 3.430705
v 0.052050 -4.115751 -6.041985
v 0.030437 7.212879 -1.373554
v 0.004255 5.323851 -4.983980
v 0.007049 -3.487806 -6.417993
v 0.019821 -6.399539 3.594683
v 0.000149 5.895282 -4.282153
v 0.020895 -5.147586 5.228120
v 0.024622 -4.505663 5.793953
v 0.023941 -5.605315 4.766590
v 0.011149 3.257550 6.598459
v 0.005873 -5.507139 4.450744
v 0.006928 -6.192884 3.921808
v 0.008647 -6.720366 2.951596
v 0.006677 -0.623170 -7.302228
v 0.005047 1.189668 -7.221915
v 0.005981 2.205637 7.017920
v 0.005647 1.200427 -6.700125
v 0.007446 2.575377 6.889752
v 0.002893 2.844614 -6.734349
v 0.005871 2.941908 -5.880635
v 0.006030 2.850767 6.781662
v 0.005442 3.868993 -5.187101
v 0.006411 3.584067 -6.358243
v -0.001491 4.885382 -5.367204
v 0.005815 4.759586 4.677021
v 0.005754 5.665827 3.649666
v 0.005594 6.085193 2.778916
v 0.003139 5.582565 4.746448
v 0.005294 5.696287 -3.387988
v -0.000179 6.184453 3.930642
v 0.004719 6.548607 -1.494463
v 0.006299 -2.538819 -6.873392
v 0.005936 -4.724102 -5.585129
v 0.005940 -2.322325 6.981652
v 0.005985 -2.659114 6.850289
v 0.012617 -3.200933 6.609574
v 0.006405 -4.100720 -6.023758
v 0.006284 -4.489715 5.479947
v 0.006079 -6.330490 -3.676955
v 0.007805 -5.534521 -4.791440
v 0.005234 -7.054933 -1.961465
v 0.007332 -5.867904 -4.373417
v 0.005692 -6.509821 1.761390
v 0.005873 -6.870805 2.600576
v 0.005661 -6.886724 -2.487738
v 0.005860 -6.488780 -3.384378
v 0.004876 -6.676572 -0.001504
v 0.010102 -7.031301 2.131506
v -0.001356 -7.162084 1.619059
v 0.009148 -7.300158 0.631681
v 0.006415 -7.323592 -0.036307
v 0.005420 2.296058 -6.399776
v -0.001925 3.359718 -6.128434
v 0.000961 4.292751 -5.904418
v 0.008745 4.387928 5.894152
v 0.004388 4.661625 -4.263243
v 0.003473 5.010729 5.348179
v -0.000890 6.286693 -3.672619
v 0.005134 6.011590 -2.198001
v 0.005742 6.379643 1.640473
v 0.000890 6.533375 -3.224151
v 0.000550 6.651378 3.054917
v -0.002741 7.113132 1.425853
v 0.001726 6.823871 -2.620669
v 0.002428 7.029051 2.056029
v 0.001532 7.053321 -1.906177
v 0.007589 7.253249 1.058343
v 0.003458 7.252085 -0.881474
v 0.004774 -6.541919 -1.200460
v 0.007264 -6.698019 -2.954744
v 0.002976 -7.295588 -0.631318
v -0.000533 -7.199154 -1.359378
vn 0.2448 -0.3481 0.9049
vn -0.3651 0.2048 0.9082
vn -0.2005 -0.2457 0.9484
vn -0.3698 0.4517 0.8119
vn -0.6712 0.3445 0.6563
vn 0.3160 -0.6998 0.6407
vn 0.3385 -0.6717 0.6590
vn 0.2281 -0.1402 0.9635
vn 0.2750 -0.7275 0.6286
vn 0.2967 -0.7007 0.6489
vn 0.1244 0.4454 0.8866
vn 0.2741 -0.7400 0.6142
vn 0.3284 0.4830 0.8117
vn 0.4228 0.3850 0.8204
vn 0.4164 -0.3058 0.8562
vn 0.5524 -0.3183 0.7704
vn -0.3141 -0.2648 0.9117
vn -0.6751 0.3127 0.6681
vn -0.5033 0.0112 0.8640
vn -0.6798 0.2662 0.6834
vn -0.0519 0.5104 0.8584
vn -0.2900 0.5238 0.8010
vn 0.0976 0.4399 0.8927
vn 0.0832 0.4207 0.9034
vn 0.0926 0.4347 0.8958
vn 0.1093 0.5915 0.7989
vn -0.4710 0.5083 0.7210
vn 0.1237 0.5799 0.8052
vn -0.6627 0.4163 0.6225
vn -0.6652 0.3768 0.6446
vn -0.6745 0.3106 0.6698
vn -0.6714 0.3452 0.6558
vn -0.7002 0.2295 0.6760
vn -0.4134 -0.0997 0.9051
vn -0.6674 0.2847 0.6881
vn -0.6762 0.2408 0.6963
vn -0.2183 -0.2853 0.9333
vn -0.1962 -0.3396 0.9199
vn -0.6753 0.1892 0.7129
vn -0.0696 -0.3697 0.9265
vn 0.4160 -0.6601 0.6255
vn -0.6777 0.1597 0.7178
vn -0.6676 0.2395 0.7050
vn -0.6650 0.3090 0.6800
vn -0.6873 0.1363 0.7135
vn -0.6883 0.1339 0.7129
vn -0.6871 0.1272 0.7154
vn 0.3783 -0.6243 0.6834
vn 0.1125 -0.5345 0.8377
vn 0.3418 -0.6419 0.6864
vn -0.2362 -0.2475 0.9397
vn 0.3522 -0.6314 0.6909
vn 0.4034 -0.4918 0.7716
vn 0.4244 -0.3854 0.8194
vn 0.0950 -0.3273 0.9401
vn 0.4543 -0.1730 0.8739
vn 0.4284 -0.3607 0.8285
vn 0.4247 0.2214 0.8778
vn 0.4779 0.1107 0.8714
vn 0.5070 0.2066 0.8368
vn 0.4258 0.3670 0.8271
vn 0.4078 0.4173 0.8121
vn 0.3903 0.5339 0.7500
vn 0.3627 0.6096 0.7049
vn 0.3677 0.6269 0.6869
vn -0.2445 0.3182 0.9160
vn -0.2106 0.2721 0.9389
vn -0.2326 0.1951 0.9528
vn 0.0878 0.1802 0.9797
vn -0.6081 0.0096 0.7938
vn -0.7006 -0.0389 0.7125
vn -0.6917 0.0364 0.7212
vn -0.6990 -0.1472 0.6998
vn -0.6897 -0.1097 0.7157
vn -0.6946 -0.0892 0.7138
vn -0.6872 -0.0265 0.7260
vn -0.6930 0.0178 0.7207
vn -0.6820 0.0518 0.7295
vn -0.6844 0.1261 0.7181
vn -0.6837 0.1261 0.7187
vn -0.6893 0.1375 0.7113
vn -0.6920 0.0689 0.7186
vn -0.6740 0.1643 0.7202
vn -0.3697 0.1750 0.9125
vn -0.6782 0.1793 0.7127
vn -0.6759 0.2333 0.6991
vn -0.6656 0.2709 0.6954
vn -0.6560 0.3689 0.6585
vn -0.6583 0.3001 0.6903
vn -0.6643 0.3146 0.6780
vn -0.6594 0.2948 0.6916
vn -0.6529 0.3703 0.6607
vn -0.6708 0.2313 0.7047
vn -0.6883 0.1284 0.7140
vn -0.6874 0.0550 0.7242
vn -0.6871 0.0490 0.7249
vn -0.6904 0.0406 0.7223
vn -0.3637 0.1467 0.9199
vn -0.6789 0.2077 0.7043
vn -0.6780 0.2233 0.7004
vn -0.6791 0.2166 0.7013
vn -0.6619 0.2989 0.6874
vn -0.6595 0.2969 0.6906
vn -0.6618 0.3018 0.6862
vn -0.6582 0.3936 0.6418
vn -0.6572 0.3864 0.6471
vn -0.6577 0.4092 0.6325
vn -0.6589 0.3822 0.6479
vn -0.6551 0.3794 0.6533
vn -0.6592 0.3820 0.6477
vn -0.6556 0.4221 0.6261
vn -0.6592 0.3733 0.6528
vn -0.6596 0.3059 0.6866
vn -0.6636 0.3077 0.6819
vn -0.6618 0.3093 0.6829
vn -0.6633 0.2895 0.6901
vn -0.6632 0.2896 0.6901
vn -0.6597 0.2955 0.6910
vn -0.6671 0.3496 0.6579
vn -0.6669 0.3593 0.6528
vn -0.6698 0.3737 0.6416
vn -0.6819 0.2666 0.6811
vn -0.6848 0.3131 0.6581
vn -0.4906 0.2994 0.8183
vn -0.3853 0.2269 0.8945
vn -0.0024 0.1975 0.9803
vn -0.0007 0.1175 0.9931
vn 0.0076 0.1218 0.9925
vn 0.0070 0.1060 0.9943
vn 0.0109 0.0828 0.9965
vn -0.6907 0.0502 0.7214
vn -0.4957 -0.0157 0.8683
vn -0.3872 -0.1097 0.9154
vn -0.6917 -0.1635 0.7034
vn -0.6811 -0.1588 0.7148
vn -0.6818 -0.1823 0.7084
vn -0.6779 -0.2005 0.7072
vn -0.6812 -0.1900 0.7070
vn -0.6791 -0.2139 0.7022
vn -0.6757 -0.2457 0.6950
vn -0.6747 -0.2578 0.6916
vn -0.6761 -0.2925 0.6762
vn -0.6753 -0.3157 0.6665
vn -0.6704 -0.3071 0.6754
vn -0.6731 -0.3181 0.6677
vn -0.6789 -0.3311 0.6554
vn -0.6702 -0.3536 0.6525
vn -0.6835 -0.2836 0.6726
vn -0.6683 -0.3961 0.6296
vn -0.2991 -0.5693 0.7658
vn -0.6621 -0.4104 0.6271
vn -0.3688 -0.5972 0.7123
vn -0.6667 -0.4943 0.5578
vn -0.4215 -0.6759 0.6045
vn -0.3653 -0.7225 0.5870
vn 0.0047 -0.7015 0.7127
vn 0.0009 -0.7532 0.6578
vn 0.0038 -0.6457 0.7636
vn -0.6850 -0.4192 0.5959
vn -0.6935 -0.4147 0.5892
vn -0.6809 -0.4124 0.6052
vn -0.2298 -0.4987 0.8358
vn -0.3684 -0.4121 0.8334
vn 0.0018 -0.4815 0.8765
vn 0.0022 -0.5789 0.8154
vn -0.0073 -0.4461 0.8949
vn -0.0022 -0.6814 0.7319
vn -0.0062 -0.7250 0.6887
vn 0.0067 -0.7609 0.6489
vn 0.0014 -0.7231 0.6907
vn -0.0039 -0.6993 0.7149
vn -0.0099 -0.7309 0.6824
vn -0.0009 -0.7808 0.6248
vn -0.0074 -0.7610 0.6487
vn 0.3089 -0.7395 0.5981
vn -0.0049 -0.8352 0.5499
vn -0.0009 -0.8106 0.5856
vn -0.3807 -0.7477 0.5440
vn -0.2907 -0.8117 0.5066
vn -0.0058 -0.8898 0.4562
vn -0.0062 -0.9180 0.3965
vn -0.2644 -0.8685 0.4194
vn -0.0000 -0.9522 0.3055
vn 0.0033 -0.9497 0.3132
vn 0.0093 -0.9509 0.3095
vn -0.0040 -0.9664 0.2570
vn 0.0180 -0.9668 0.2550
vn -0.0023 -0.9672 0.2539
vn 0.0013 -0.9660 0.2586
vn 0.0014 -0.9660 0.2586
vn 0.0026 -0.9661 0.2582
vn -0.0000 -0.9834 0.1812
vn -0.0154 -0.9834 0.1809
vn -0.0105 -0.9847 0.1737
vn -0.0033 -0.9687 0.2482
vn -0.0030 -0.9706 0.2405
vn -0.0016 -0.9690 0.2470
vn 0.0004 -0.9662 0.2577
vn -0.0001 -0.9658 0.2594
vn 0.0135 -0.9603 0.2786
vn -0.0124 -0.9431 0.3322
vn -0.0030 -0.9368 0.3498
vn 0.0018 -0.9406 0.3396
vn -0.0031 -0.9309 0.3653
vn 0.4276 -0.7756 0.4643
vn 0.0089 -0.8727 0.4883
vn -0.0071 -0.8784 0.4779
vn 0.0113 -0.8745 0.4849
vn 0.0042 -0.8692 0.4945
vn -0.0116 -0.8741 0.4855
vn -0.0081 -0.8754 0.4833
vn 0.0025 -0.9026 0.4304
vn 0.0094 -0.9028 0.4300
vn 0.0033 -0.9104 0.4137
vn 0.3405 -0.9024 0.2641
vn 0.3351 -0.8732 0.3538
vn 0.3178 -0.9315 0.1772
vn -0.0059 -0.9875 0.1575
vn 0.4491 -0.8090 0.3793
vn 0.6195 -0.7042 0.3469
vn 0.6096 -0.6944 0.3823
vn 0.4117 -0.6804 0.6063
vn 0.6224 -0.5297 0.5762
vn 0.4431 -0.5583 0.7014
vn 0.0026 -0.6863 0.7273
vn 0.0037 -0.7021 0.7121
vn -0.0057 -0.6865 0.7271
vn -0.0158 -0.6754 0.7373
vn -0.0058 -0.6904 0.7234
vn -0.0140 -0.6915 0.7222
vn -0.0088 -0.5979 0.8015
vn -0.0085 -0.5979 0.8015
vn -0.0084 -0.5980 0.8015
vn 0.1084 -0.2087 0.9720
vn 0.0870 -0.2678 0.9595
vn 0.1128 -0.4255 0.8979
vn -0.1492 -0.3878 0.9096
vn -0.1539 0.1593 0.9752
vn -0.6290 -0.2494 0.7363
vn -0.6701 -0.3466 0.6564
vn -0.6809 -0.3023 0.6671
vn 0.3181 0.6997 0.6397
vn 0.3240 0.7054 0.6304
vn 0.3109 0.7158 0.6253
vn 0.3477 0.6831 0.6422
vn 0.3301 0.6804 0.6543
vn 0.3420 0.6804 0.6481
vn 0.2931 0.7161 0.6335
vn 0.2808 0.7263 0.6274
vn 0.2945 0.6894 0.6619
vn 0.2672 0.7337 0.6247
vn 0.2583 0.7570 0.6002
vn 0.2467 0.7564 0.6058
vn 0.2578 0.7598 0.5969
vn 0.2533 0.1482 0.9560
vn -0.6664 -0.3713 0.6465
vn -0.6636 -0.3635 0.6538
vn -0.6665 -0.3713 0.6465
vn -0.1904 0.2025 0.9606
vn -0.6624 -0.3902 0.6395
vn -0.2060 -0.5054 0.8380
vn -0.6600 -0.4223 0.6213
vn 0.2398 -0.4894 0.8384
vn -0.1916 -0.5545 0.8098
vn -0.6596 -0.4257 0.6194
vn -0.6530 -0.4295 0.6238
vn -0.6540 -0.4289 0.6232
vn 0.4543 -0.4660 0.7592
vn 0.1142 -0.6039 0.7888
vn 0.1126 -0.5998 0.7922
vn -0.0736 -0.6324 0.7711
vn -0.6580 -0.4443 0.6080
vn -0.6568 -0.4468 0.6074
vn -0.6568 -0.4499 0.6051
vn 0.5068 -0.5431 0.6695
vn -0.3216 -0.6087 0.7253
vn 0.1207 -0.6475 0.7524
vn 0.1163 -0.6424 0.7575
vn 0.1100 -0.6520 0.7502
vn 0.4307 -0.5238 0.7350
vn 0.6866 -0.4333 0.5838
vn 0.6830 -0.3817 0.6227
vn 0.6719 -0.4927 0.5530
vn 0.6715 -0.4577 0.5828
vn 0.6808 -0.4009 0.6131
vn 0.6861 -0.5161 0.5127
vn 0.5189 -0.5810 0.6271
vn 0.6404 -0.2251 0.7343
vn 0.6773 0.4239 0.6014
vn 0.6786 0.3643 0.6378
vn 0.6704 0.4286 0.6057
vn 0.4899 -0.4422 0.7513
vn 0.5527 -0.2896 0.7814
vn 0.2883 -0.7031 0.6501
vn 0.2467 -0.7882 0.5638
vn 0.2840 -0.7168 0.6369
vn 0.2302 -0.7555 0.6133
vn 0.5693 -0.2916 0.7687
vn 0.6744 0.3723 0.6376
vn 0.6725 0.4646 0.5761
vn 0.6758 0.4419 0.5900
vn 0.6729 0.4864 0.5573
vn 0.6795 0.4291 0.5951
vn 0.6843 0.3761 0.6247
vn 0.6835 0.3755 0.6259
vn 0.6830 0.3752 0.6267
vn 0.6727 0.3880 0.6300
vn 0.6715 0.3879 0.6314
vn 0.5389 -0.3323 0.7741
vn 0.5257 -0.3214 0.7876
vn 0.6749 -0.2306 0.7009
vn 0.6723 0.6212 0.4026
vn 0.6712 0.5965 0.4401
vn 0.6795 0.6003 0.4219
vn 0.6686 0.5694 0.4784
vn 0.6734 0.6196 0.4033
vn 0.6751 0.5743 0.4631
vn 0.6782 0.5535 0.4835
vn 0.6781 0.5536 0.4834
vn 0.6808 0.5553 0.4776
vn 0.6754 0.5336 0.5090
vn 0.6763 0.5408 0.5002
vn 0.6753 0.5138 0.5291
vn 0.6780 0.5033 0.5357
vn 0.6571 0.4834 0.5783
vn 0.6701 0.4763 0.5694
vn 0.6700 0.4777 0.5683
vn 0.6742 0.6100 0.4163
vn 0.6730 0.6133 0.4134
vn 0.6690 0.5932 0.4478
vn 0.6763 0.5854 0.4472
vn 0.6761 0.5855 0.4474
vn 0.6790 0.6162 0.3992
vn 0.6744 0.6146 0.4091
vn 0.6735 0.6181 0.4053
vn 0.6716 0.5900 0.4481
vn 0.6713 0.5697 0.4742
vn 0.6741 0.5688 0.4712
vn 0.6749 0.5495 0.4925
vn 0.6787 0.5683 0.4652
vn 0.6780 0.5828 0.4479
vn 0.6761 0.5699 0.4669
vn 0.6826 0.4537 0.5729
vn 0.6683 0.4004 0.6269
vn 0.6743 0.4103 0.6141
vn 0.6754 0.4077 0.6145
vn 0.6769 0.4059 0.6140
vn 0.5997 -0.3010 0.7415
vn 0.6953 0.1405 0.7049
vn 0.6802 0.4742 0.5590
vn 0.6763 0.5510 0.4889
vn 0.6823 0.5529 0.4783
vn 0.6722 0.5520 0.4934
vn 0.6713 0.5956 0.4411
vn 0.6548 0.6476 0.3897
vn 0.6615 0.6290 0.4084
vn 0.6611 0.6290 0.4091
vn 0.6550 0.6374 0.4058
vn 0.6758 0.5481 0.4928
vn 0.6772 0.5277 0.5127
vn 0.6739 0.5169 0.5279
vn 0.6605 0.5444 0.5172
vn 0.6672 0.5021 0.5502
vn 0.6613 0.5797 0.4761
vn 0.6597 0.6061 0.4443
vn 0.6707 0.4908 0.5561
vn 0.6733 0.5291 0.5164
vn 0.6694 0.4267 0.6081
vn 0.6714 0.4323 0.6019
vn 0.6635 0.4328 0.6103
vn 0.6976 0.3754 0.6102
vn 0.6968 0.3755 0.6111
vn 0.7116 0.3537 0.6070
vn 0.6682 0.4567 0.5873
vn 0.6702 0.4487 0.5912
vn 0.6678 0.4595 0.5856
vn 0.6501 0.4676 0.5989
vn 0.6533 0.4391 0.6167
vn 0.6528 0.3668 0.6628
vn 0.6573 0.1859 0.7303
vn 0.6863 0.1481 0.7121
vn 0.4060 -0.4013 0.8211
vn 0.4809 -0.4543 0.7499
vn 0.6346 -0.1856 0.7502
vn 0.6139 -0.1812 0.7683
vn 0.6677 0.5147 0.5378
vn 0.6718 0.5546 0.4911
vn 0.6740 0.5882 0.4469
vn 0.4824 0.8028 -0.3504
vn 0.6719 0.6580 0.3399
vn 0.5467 0.8363 -0.0430
vn 0.2478 0.2205 0.9434
vn 0.2824 -0.2916 0.9139
vn 0.3922 0.5021 0.7708
vn 0.5954 0.0872 0.7987
vn 0.6197 -0.3187 0.7172
vn 0.6451 -0.3298 0.6893
vn 0.6377 -0.3396 0.6914
vn 0.6496 -0.0038 0.7602
vn 0.6717 -0.3390 0.6587
vn 0.2702 0.7340 0.6231
vn 0.2708 0.7340 0.6228
vn 0.2705 0.7340 0.6229
vn 0.2654 0.7128 0.6492
vn 0.2613 0.7274 0.6346
vn 0.5796 0.2243 0.7834
vn 0.2740 0.7235 0.6336
vn 0.6731 -0.3754 0.6372
vn 0.6688 -0.3919 0.6317
vn 0.6691 -0.3685 0.6454
vn 0.5779 0.2386 0.7804
vn 0.5569 0.2531 0.7910
vn 0.2510 0.6296 0.7352
vn 0.2786 0.7304 0.6237
vn 0.2872 0.7123 0.6404
vn 0.5970 0.2489 0.7626
vn 0.2932 0.7123 0.6377
vn 0.2920 0.7021 0.6495
vn 0.3096 0.6731 0.6716
vn 0.5978 0.2329 0.7670
vn 0.7147 -0.1992 0.6704
vn 0.6816 -0.3703 0.6310
vn 0.6816 -0.3721 0.6300
vn 0.6812 -0.3733 0.6298
vn 0.6694 -0.4313 0.6049
vn 0.6696 -0.4411 0.5975
vn 0.6725 -0.4380 0.5965
vn 0.6683 -0.4234 0.6117
vn 0.6662 -0.4359 0.6051
vn 0.6666 -0.4359 0.6047
vn 0.6725 -0.4268 0.6047
vn 0.6798 -0.4386 0.5878
vn 0.6725 -0.4256 0.6054
vn 0.6672 -0.5024 0.5500
vn 0.6754 -0.4756 0.5636
vn 0.6698 -0.5245 0.5256
vn 0.4147 -0.6563 0.6303
vn 0.6829 -0.5547 0.4754
vn 0.4145 -0.7042 0.5765
vn 0.4152 -0.7298 0.5432
vn 0.6803 -0.5829 0.4443
vn 0.6929 -0.6101 0.3844
vn 0.6725 -0.5844 0.4540
vn 0.6696 -0.5477 0.5017
vn 0.6832 -0.5565 0.4727
vn 0.6768 -0.5698 0.4662
vn 0.6762 -0.5708 0.4658
vn 0.6691 -0.5302 0.5208
vn 0.6746 -0.4752 0.5648
vn 0.6754 -0.4842 0.5562
vn 0.6745 -0.4752 0.5650
vn 0.6727 -0.5229 0.5236
vn 0.6765 -0.4832 0.5558
vn 0.6732 -0.4737 0.5678
vn 0.6733 -0.4371 0.5963
vn 0.6692 -0.5665 0.4809
vn 0.6761 -0.5616 0.4769
vn 0.6721 -0.6047 0.4272
vn 0.6707 -0.6089 0.4235
vn 0.6715 -0.5092 0.5383
vn 0.6680 -0.5579 0.4924
vn 0.6733 -0.6289 0.3887
vn 0.6676 -0.6341 0.3902
vn 0.6720 -0.5929 0.4436
vn 0.6609 -0.5985 0.4529
vn 0.6605 -0.6057 0.4437
vn 0.6685 -0.6215 0.4086
vn 0.6696 -0.6205 0.4081
vn 0.6575 -0.6528 0.3762
vn 0.6627 -0.6384 0.3915
vn 0.5774 -0.7922 -0.1977
vn 0.4428 -0.7440 -0.5004
vn 0.5761 -0.7833 -0.2337
vn 0.2620 -0.6872 -0.6776
vn 0.6808 -0.6571 0.3237
vn 0.6353 -0.7654 0.1027
vn 0.6749 -0.6452 0.3580
vn 0.6752 -0.6451 0.3577
vn 0.6749 -0.6452 0.3581
vn 0.6827 -0.6611 0.3113
vn 0.6827 -0.6603 0.3130
vn 0.6814 -0.6599 0.3166
vn 0.5935 -0.4042 0.6960
vn 0.5929 -0.4055 0.6957
vn 0.5921 -0.4051 0.6966
vn 0.6744 -0.6439 0.3614
vn 0.4866 -0.7640 -0.4238
vn 0.6710 -0.6362 0.3808
vn 0.5076 -0.7128 0.4840
vn 0.6951 -0.6235 0.3579
vn 0.5386 -0.7385 0.4056
vn 0.6917 -0.5947 0.4097
vn 0.6930 -0.5918 0.4117
vn 0.6932 -0.5905 0.4132
vn 0.5681 -0.7823 -0.2555
vn 0.1941 -0.5856 -0.7870
vn 0.2768 -0.6249 -0.7300
vn 0.2497 -0.6676 -0.7014
vn 0.2617 -0.6118 -0.7465
vn 0.2913 -0.6358 -0.7148
vn 0.2786 -0.6363 -0.7193
vn 0.2856 -0.6404 -0.7130
vn 0.2790 -0.6390 -0.7168
vn 0.2923 -0.6441 -0.7068
vn 0.3012 -0.6554 -0.6926
vn 0.2980 -0.6648 -0.6850
vn 0.2983 -0.6582 -0.6912
vn 0.3081 -0.6557 -0.6893
vn 0.2972 -0.6572 -0.6926
vn 0.3146 -0.6778 -0.6646
vn 0.3228 -0.6832 -0.6550
vn 0.3284 -0.6873 -0.6479
vn 0.5099 -0.7915 -0.3371
vn 0.2830 -0.6433 -0.7114
vn 0.2650 -0.6300 -0.7300
vn 0.2480 -0.5888 -0.7693
vn 0.6023 -0.7773 -0.1816
vn 0.6756 -0.6729 0.3013
vn 0.7017 -0.7078 0.0812
vn 0.6798 -0.6497 0.3402
vn 0.6799 -0.6496 0.3402
vn 0.6817 -0.6481 0.3395
vn 0.5156 -0.8172 -0.2577
vn 0.4592 -0.7993 0.3877
vn 0.3270 -0.6930 -0.6425
vn 0.2537 -0.6186 -0.7437
vn 0.2266 -0.5559 -0.7998
vn 0.1632 -0.8707 0.4640
vn 0.1643 -0.8706 0.4638
vn 0.1638 -0.8706 0.4639
vn 0.0598 -0.7916 0.6081
vn 0.1368 -0.8665 0.4801
vn 0.5060 0.5050 0.6992
vn 0.6858 0.3939 0.6120
vn 0.6894 0.3879 0.6118
vn 0.6890 0.3873 0.6126
vn 0.6744 0.5366 0.5071
vn 0.6770 0.5595 0.4781
vn 0.6632 0.6498 0.3713
vn 0.6324 0.7459 -0.2090
vn 0.5906 0.7808 -0.2039
vn 0.2720 0.6299 -0.7275
vn 0.2612 0.6251 -0.7355
vn 0.2739 0.6224 -0.7332
vn 0.2868 0.6667 -0.6879
vn 0.2865 0.6680 -0.6868
vn 0.2812 0.6826 -0.6746
vn 0.3151 0.6916 -0.6499
vn 0.3274 0.6873 -0.6484
vn 0.3193 0.6978 -0.6412
vn 0.3417 0.7225 -0.6010
vn 0.3296 0.7046 -0.6284
vn 0.3436 0.7174 -0.6061
vn 0.3771 0.7630 -0.5251
vn 0.3544 0.7464 -0.5633
vn 0.3890 0.7975 -0.4612
vn 0.4240 0.8520 -0.3071
vn 0.3365 0.7625 0.5526
vn 0.3656 0.7886 0.4945
vn 0.3423 0.7331 0.5877
vn 0.3312 0.7172 0.6132
vn 0.3395 0.7365 0.5850
vn 0.3483 0.7365 0.5799
vn 0.3804 0.8405 0.3857
vn 0.4197 0.8693 0.2611
vn 0.4244 0.8884 0.1751
vn 0.4224 0.9062 -0.0208
vn 0.4018 0.8784 -0.2589
vn 0.3027 0.6535 -0.6938
vn 0.3047 0.6591 -0.6876
vn 0.2930 0.6532 -0.6982
vn 0.3026 0.6481 -0.6989
vn 0.3173 0.6812 -0.6597
vn 0.3298 0.7140 -0.6176
vn 0.3836 0.8060 -0.4507
vn 0.4017 0.9120 0.0836
vn 0.3399 0.7463 0.5723
vn 0.3520 0.7491 0.5612
vn 0.3421 0.7806 0.5231
vn 0.3727 0.8633 0.3404
vn 0.4057 0.8964 0.1786
vn 0.4041 0.8750 -0.2664
vn 0.3402 0.7564 -0.5586
vn 0.3955 0.8233 -0.4072
vn 0.4179 0.9067 -0.0575
vn 0.3775 0.8411 0.3874
vn 0.3165 0.6860 0.6552
vn 0.3379 0.7045 0.6241
vn 0.3111 0.6796 0.6643
vn 0.3339 0.7517 0.5687
vn 0.3008 0.6930 0.6552
vn 0.3472 0.7437 0.5713
vn 0.3098 0.7062 0.6366
vn 0.3173 0.7351 0.5991
vn 0.3045 0.7178 0.6262
vn 0.3029 0.6929 0.6543
vn 0.3108 0.7074 0.6348
vn 0.3366 0.7762 0.5332
vn 0.3418 0.7836 0.5188
vn 0.3804 0.8688 0.3169
vn -0.6826 0.7157 -0.1479
vn -0.3967 0.9054 0.1514
vn 0.0966 0.7774 0.6215
vn -0.6774 0.7141 -0.1763
vn -0.6947 0.7058 -0.1386
vn -0.6891 0.7092 -0.1489
vn -0.6940 0.7064 -0.1389
vn -0.1766 0.9014 0.3953
vn -0.6813 0.7211 -0.1254
vn -0.3334 0.9227 0.1938
vn 0.3832 0.8097 0.4444
vn -0.2741 0.9348 0.2257
vn 0.3873 0.8916 0.2345
vn -0.3109 0.9390 0.1470
vn -0.6914 0.7190 -0.0706
vn -0.6926 0.7212 -0.0140
vn -0.6931 0.7185 0.0586
vn -0.2321 0.9726 -0.0155
vn -0.6808 0.7306 -0.0524
vn -0.6789 0.7284 -0.0920
vn -0.6914 0.7205 0.0532
vn -0.6800 0.7256 0.1059
vn -0.6793 0.7195 0.1441
vn -0.6758 0.7300 0.1019
vn -0.6585 0.7525 -0.0042
vn -0.6877 0.7249 -0.0391
vn -0.7215 0.6860 -0.0935
vn -0.6804 0.7276 -0.0879
vn -0.6787 0.7259 -0.1113
vn -0.6791 0.7267 -0.1036
vn -0.6806 0.7245 -0.1094
vn -0.6824 0.7144 -0.1552
vn -0.6813 0.7125 -0.1680
vn -0.4937 0.8664 0.0750
vn -0.4330 0.8886 -0.1514
vn -0.3855 0.9074 -0.1676
vn -0.0134 0.9763 -0.2158
vn -0.0030 0.9859 -0.1674
vn 0.0028 0.9994 -0.0340
vn -0.0122 0.9991 -0.0413
vn 0.0027 0.9994 -0.0339
vn -0.3680 0.9206 0.1305
vn -0.3523 0.9193 0.1754
vn -0.6679 0.7114 0.2185
vn -0.6730 0.7104 0.2061
vn -0.6797 0.7062 0.1984
vn -0.6781 0.7285 0.0970
vn -0.2277 0.9616 -0.1529
vn -0.6743 0.7248 0.1414
vn -0.6742 0.7237 0.1470
vn -0.6750 0.7233 0.1455
vn -0.6825 0.7096 0.1754
vn -0.6693 0.7324 0.1254
vn -0.6688 0.6989 0.2534
vn -0.6586 0.6862 0.3088
vn -0.6645 0.7002 0.2611
vn -0.6623 0.6969 0.2752
vn -0.6607 0.6801 0.3176
vn -0.6523 0.6893 0.3151
vn -0.6609 0.6799 0.3176
vn -0.6538 0.6520 0.3840
vn -0.6588 0.6436 0.3896
vn -0.6569 0.6437 0.3927
vn -0.6834 0.6697 0.2907
vn -0.3294 0.8753 0.3541
vn -0.4878 0.7855 0.3810
vn -0.6794 0.7043 0.2059
vn -0.6892 0.6822 0.2441
vn -0.6975 0.6786 0.2300
vn -0.2799 0.9297 0.2395
vn 0.0027 0.9994 0.0339
vn 0.0058 0.9996 0.0282
vn 0.0026 0.9994 0.0343
vn -0.0011 0.9936 0.1127
vn -0.0125 0.9754 0.2201
vn -0.0026 0.9547 0.2975
vn 0.0031 0.9875 0.1575
vn -0.0044 0.9875 0.1578
vn 0.0025 0.9883 0.1524
vn -0.0017 0.9993 -0.0379
vn -0.0077 0.9997 -0.0230
vn 0.0023 0.9998 -0.0216
vn -0.0086 0.9925 -0.1222
vn -0.0010 0.9916 -0.1295
vn -0.0013 0.9916 -0.1293
vn 0.0339 0.9947 -0.0970
vn -0.0030 0.9910 -0.1338
vn -0.0024 0.9900 -0.1414
vn -0.0059 0.9900 -0.1408
vn -0.0113 0.9864 -0.1642
vn -0.0089 0.9841 -0.1772
vn -0.0030 0.9852 -0.1711
vn 0.3596 0.9194 -0.1595
vn 0.6292 0.7608 -0.1589
vn 0.3102 0.9417 -0.1304
vn 0.5993 0.7909 0.1239
vn 0.6052 0.7795 0.1616
vn 0.4240 0.8846 0.1943
vn 0.3150 0.9108 0.2667
vn 0.6100 0.7296 0.3091
vn 0.3154 0.8807 0.3535
vn -0.0179 0.9616 0.2740
vn -0.0045 0.9772 0.2125
vn 0.0062 0.9915 0.1301
vn -0.0011 0.9912 0.1327
vn -0.0002 0.9910 0.1340
vn -0.0040 0.9915 0.1302
vn -0.0254 0.9961 0.0851
vn -0.0151 0.9990 -0.0416
vn -0.0073 0.9995 -0.0296
vn 0.0070 0.9991 -0.0408
vn -0.0094 0.9915 -0.1299
vn -0.0069 0.9975 -0.0700
vn -0.0092 0.9975 -0.0705
vn -0.0131 0.9988 -0.0473
vn -0.0026 0.9997 0.0262
vn -0.0134 0.9997 0.0204
vn -0.0042 0.9991 0.0422
vn -0.0099 0.9981 0.0613
vn -0.0091 0.9981 0.0615
vn -0.0112 0.9989 0.0460
vn 0.2699 0.6872 0.6744
vn 0.3381 0.6584 0.6724
vn 0.3352 0.6627 0.6697
vn 0.3411 0.6564 0.6729
vn 0.3358 0.6507 0.6811
vn 0.3299 0.6544 0.6804
vn 0.3363 0.6504 0.6811
vn 0.2912 0.6627 0.6900
vn 0.2775 0.7056 0.6521
vn 0.2843 0.6945 0.6610
vn 0.2786 0.6987 0.6590
vn 0.2876 0.7083 0.6446
vn 0.2861 0.7081 0.6456
vn 0.2792 0.7023 0.6549
vn 0.2871 0.6738 0.6809
vn 0.2938 0.6722 0.6796
vn 0.2933 0.6759 0.6761
vn 0.2881 0.6740 0.6802
vn 0.2948 0.6786 0.6728
vn 0.2941 0.6793 0.6724
vn 0.2995 0.6844 0.6648
vn 0.3154 0.6536 0.6880
vn 0.3171 0.6602 0.6808
vn 0.3266 0.6611 0.6755
vn 0.3263 0.6504 0.6859
vn 0.3301 0.6189 0.7127
vn 0.3265 0.6571 0.6794
vn 0.3286 0.6742 0.6614
vn 0.3275 0.6651 0.6711
vn 0.3331 0.6510 0.6821
vn 0.3415 0.6561 0.6730
vn 0.3403 0.6557 0.6740
vn 0.3402 0.6556 0.6742
vn 0.0071 0.4110 0.9116
vn 0.2753 0.6476 0.7105
vn 0.3332 0.6548 0.6784
vn 0.3436 0.6196 0.7057
vn 0.3527 0.6163 0.7041
vn 0.3492 0.6097 0.7115
vn 0.3524 0.6458 0.6773
vn 0.3525 0.6380 0.6846
vn 0.3582 0.6439 0.6761
vn 0.3465 0.6555 0.6710
vn 0.3466 0.6555 0.6710
vn 0.3467 0.6555 0.6709
vn 0.3456 0.6496 0.6772
vn 0.3477 0.6487 0.6769
vn 0.3517 0.6507 0.6729
vn 0.3397 0.6350 0.6938
vn 0.3383 0.6332 0.6961
vn 0.3311 0.6308 0.7017
vn 0.3283 0.6615 0.6743
vn 0.3419 0.6290 0.6982
vn 0.3426 0.6178 0.7078
vn 0.3238 0.6454 0.6918
vn 0.3263 0.6372 0.6982
vn 0.3503 0.6027 0.7170
vn 0.3579 0.5916 0.7224
vn 0.3568 0.6151 0.7031
vn 0.3608 0.5852 0.7262
vn 0.3464 0.6305 0.6946
vn 0.3458 0.6300 0.6954
vn 0.3670 0.6076 0.7043
vn 0.3304 0.6305 0.7024
vn 0.3253 0.6069 0.7251
vn 0.3447 0.6139 0.7102
vn 0.3396 0.6255 0.7024
vn 0.3319 0.6046 0.7241
vn 0.3405 0.5966 0.7267
vn 0.3648 0.5608 0.7433
vn 0.3432 0.5990 0.7235
vn 0.3500 0.6177 0.7042
vn 0.3247 0.6338 0.7020
vn 0.2934 0.7139 0.6359
vn 0.3270 0.6594 0.6769
vn 0.3165 0.6562 0.6850
vn 0.3165 0.6507 0.6902
vn 0.3236 0.6778 0.6602
vn 0.3241 0.6757 0.6621
vn 0.3166 0.6713 0.6702
vn 0.3129 0.6774 0.6657
vn 0.3259 0.6394 0.6964
vn 0.3305 0.6319 0.7011
vn 0.3261 0.6404 0.6954
vn 0.3274 0.6313 0.7030
vn 0.3436 0.6127 0.7117
vn 0.3224 0.6310 0.7056
vn 0.3393 0.6226 0.7052
vn 0.3470 0.6144 0.7086
vn 0.3398 0.6229 0.7047
vn 0.3364 0.6466 0.6847
vn 0.3285 0.6764 0.6593
vn 0.3166 0.6916 0.6492
vn 0.3138 0.6964 0.6453
vn 0.3143 -0.6618 0.6807
vn 0.3247 -0.6802 0.6572
vn 0.3246 -0.6808 0.6566
vn 0.3241 -0.6817 0.6560
vn 0.3400 -0.6370 0.6918
vn 0.3305 -0.6737 0.6610
vn 0.3459 -0.6380 0.6880
vn 0.3326 -0.6727 0.6610
vn 0.3258 -0.6741 0.6629
vn 0.3255 -0.6740 0.6631
vn 0.3332 -0.6790 0.6541
vn 0.3316 -0.6818 0.6521
vn 0.3326 -0.6804 0.6530
vn 0.3378 -0.6625 0.6686
vn 0.3367 -0.6630 0.6686
vn 0.3372 -0.6627 0.6687
vn 0.3515 -0.6102 0.7100
vn 0.3592 -0.5954 0.7186
vn 0.3348 -0.6452 0.6868
vn 0.3414 -0.6342 0.6937
vn 0.3924 -0.4694 0.7910
vn 0.4366 -0.1853 0.8804
vn 0.4310 -0.3228 0.8426
vn 0.4442 0.1187 0.8880
vn -0.6554 -0.4158 0.6305
vn -0.6538 -0.4371 0.6176
vn -0.6542 -0.4397 0.6153
vn -0.6568 -0.4850 0.5774
vn -0.6499 -0.4931 0.5783
vn -0.6575 -0.4849 0.5766
vn -0.6521 -0.4905 0.5781
vn -0.6497 -0.4856 0.5849
vn -0.6551 -0.4838 0.5803
vn -0.6594 -0.4770 0.5811
vn -0.6601 -0.5039 0.5571
vn -0.6583 -0.5037 0.5594
vn -0.6616 -0.5054 0.5540
vn -0.3461 -0.6607 0.6661
vn 0.1053 -0.7366 0.6681
vn 0.1111 -0.7666 0.6324
vn 0.1190 -0.7992 0.5891
vn 0.1157 -0.8016 0.5866
vn 0.1364 -0.8365 0.5307
vn 0.1433 -0.8341 0.5327
vn 0.1366 -0.8364 0.5308
vn 0.1368 -0.8291 0.5422
vn 0.1350 -0.8300 0.5412
vn 0.1346 -0.8304 0.5407
vn 0.2913 -0.6575 -0.6949
vn -0.2938 -0.9180 -0.2663
vn 0.2928 -0.6493 -0.7019
vn 0.2858 -0.6684 -0.6867
vn 0.3129 -0.6773 -0.6659
vn 0.3028 -0.6777 -0.6701
vn 0.3108 -0.6999 -0.6431
vn 0.3208 -0.6959 -0.6425
vn 0.3176 -0.7053 -0.6338
vn 0.3124 -0.6625 -0.6808
vn 0.3019 -0.6641 -0.6840
vn 0.3122 -0.6639 -0.6795
vn 0.3489 -0.7354 -0.5810
vn 0.3429 -0.7218 -0.6012
vn 0.3344 -0.6993 -0.6318
vn 0.3139 -0.6835 -0.6590
vn 0.3211 -0.6846 -0.6544
vn 0.3565 -0.7139 -0.6026
vn 0.3492 -0.7209 -0.5987
vn 0.3491 -0.7210 -0.5986
vn 0.3085 -0.6817 -0.6634
vn 0.3370 -0.7244 -0.6014
vn 0.3543 -0.7417 -0.5695
vn 0.3465 -0.7354 -0.5823
vn 0.3251 -0.6820 -0.6551
vn 0.3259 -0.6803 -0.6565
vn 0.3149 -0.6876 -0.6542
vn 0.3057 -0.6772 -0.6693
vn 0.3127 -0.6697 -0.6736
vn 0.3124 -0.6695 -0.6739
vn 0.3338 -0.7103 -0.6197
vn 0.3201 -0.6911 -0.6480
vn 0.3380 -0.7129 -0.6145
vn 0.3238 -0.6990 -0.6376
vn 0.3248 -0.6895 -0.6474
vn 0.3231 -0.6917 -0.6459
vn 0.3147 -0.6816 -0.6606
vn 0.2985 -0.6633 -0.6863
vn 0.2959 -0.6649 -0.6859
vn 0.2962 -0.6609 -0.6895
vn 0.3044 -0.6607 -0.6862
vn 0.3046 -0.6607 -0.6861
vn 0.2989 -0.6655 -0.6839
vn 0.3465 -0.7208 -0.6003
vn 0.3404 -0.7128 -0.6133
vn 0.3390 -0.7023 -0.6260
vn 0.2807 -0.6486 -0.7075
vn 0.2758 -0.6426 -0.7149
vn 0.2665 -0.6418 -0.7191
vn 0.2997 -0.6542 -0.6944
vn -0.6926 -0.2682 0.6695
vn -0.6983 -0.2766 0.6602
vn -0.7000 -0.2826 0.6559
vn -0.6901 -0.2539 0.6777
vn -0.6816 -0.2519 0.6870
vn -0.6749 -0.3078 0.6706
vn -0.6510 -0.5488 0.5244
vn -0.2104 -0.6894 0.6931
vn -0.4019 -0.6443 0.6506
vn 0.1203 -0.7539 0.6458
vn 0.1214 -0.7411 0.6603
vn 0.1248 -0.7531 0.6459
vn -0.6464 -0.5600 0.5182
vn -0.4253 -0.7113 0.5596
vn -0.6441 -0.5896 0.4873
vn -0.2841 -0.7622 0.5817
vn -0.6461 -0.6026 0.4684
vn -0.2655 -0.8385 0.4759
vn 0.1156 -0.8697 0.4799
vn -0.4456 -0.7733 0.4511
vn 0.1199 -0.9392 0.3217
vn 0.1837 -0.9717 -0.1483
vn 0.1198 -0.8727 0.4734
vn 0.1200 -0.8728 0.4732
vn 0.1262 -0.8698 0.4770
vn 0.1283 -0.8350 0.5351
vn 0.1284 -0.8350 0.5351
vn 0.1111 -0.8415 0.5287
vn -0.4255 -0.7342 0.5290
vn 0.1320 -0.8382 0.5292
vn 0.1323 -0.8381 0.5292
vn 0.1158 -0.8452 0.5218
vn -0.6518 -0.6237 0.4315
vn -0.6500 -0.6472 0.3984
vn -0.6615 -0.6551 0.3650
vn -0.6625 -0.6573 0.3593
vn -0.6636 -0.6557 0.3600
vn -0.4942 -0.7933 0.3556
vn -0.6673 -0.6639 0.3376
vn -0.2531 -0.9267 -0.2778
vn -0.2653 -0.9275 -0.2635
vn -0.6716 -0.6728 0.3104
vn -0.6570 -0.6491 0.3834
vn -0.6598 -0.6722 0.3359
vn -0.6528 -0.6199 0.4354
vn -0.6437 -0.6053 0.4682
vn -0.6478 -0.6169 0.4470
vn -0.6450 -0.6119 0.4578
vn -0.6466 -0.6118 0.4557
vn -0.6521 -0.5390 0.5331
vn -0.6586 -0.5258 0.5384
vn -0.6597 -0.5225 0.5402
vn -0.6596 -0.5232 0.5397
vn -0.6476 -0.5112 0.5650
vn -0.6386 -0.5182 0.5689
vn -0.6470 -0.5117 0.5653
vn -0.6529 -0.4869 0.5802
vn -0.6607 -0.4406 0.6077
vn -0.6595 -0.4073 0.6318
vn -0.6623 -0.3503 0.6623
vn -0.7107 -0.2208 0.6680
vn -0.7182 -0.2126 0.6626
vn -0.6845 -0.2249 0.6934
vn -0.6920 -0.2275 0.6851
vn -0.6850 -0.2244 0.6931
vn -0.6752 -0.2685 0.6870
vn -0.6631 -0.3607 0.6559
vn -0.6541 -0.4723 0.5908
vn -0.6438 -0.4880 0.5895
vn -0.6412 -0.4952 0.5862
vn -0.6494 -0.4929 0.5790
vn -0.6471 -0.5336 0.5445
vn -0.6469 -0.5334 0.5450
vn -0.6586 -0.5148 0.5488
vn -0.6439 -0.5639 0.5172
vn -0.6461 -0.5551 0.5238
vn -0.6578 -0.5040 0.5597
vn -0.6529 -0.5320 0.5392
vn -0.6457 -0.5783 0.4986
vn -0.6520 -0.5746 0.4948
vn -0.6460 -0.5942 0.4791
vn -0.6454 -0.5885 0.4869
vn -0.6481 -0.5944 0.4760
vn -0.6525 -0.5934 0.4712
vn -0.6557 -0.5772 0.4868
vn -0.6572 -0.5766 0.4854
vn -0.6545 -0.6196 0.4332
vn -0.6555 -0.6334 0.4112
vn -0.6569 -0.6240 0.4231
vn -0.6696 -0.5931 0.4470
vn -0.6593 -0.5458 0.5171
vn -0.6571 -0.5491 0.5164
vn -0.6558 -0.5394 0.5282
vn -0.6524 -0.4781 0.5881
vn -0.6610 -0.3987 0.6357
vn -0.6541 -0.3876 0.6496
vn -0.6543 -0.3878 0.6492
vn -0.6615 -0.3817 0.6455
vn -0.6718 -0.3176 0.6692
vn -0.6714 -0.3162 0.6703
vn -0.6715 -0.3149 0.6708
vn -0.6994 -0.1789 0.6920
vn -0.1232 0.2870 0.9500
vn -0.1921 0.3972 0.8974
vn 0.3363 0.5734 0.7471
vn 0.3355 0.6560 0.6761
vn 0.3613 0.5802 0.7299
vn 0.3647 0.5877 0.7222
vn 0.3614 0.5799 0.7301
vn 0.3766 0.5739 0.7272
vn 0.3663 0.5764 0.7305
vn 0.3672 0.5702 0.7349
vn 0.4097 0.4060 0.8169
vn 0.4417 0.2512 0.8613
vn 0.4411 -0.1190 0.8895
vn 0.4431 0.1254 0.8877
vn 0.4167 -0.3185 0.8514
vn 0.3579 -0.5818 0.7304
vn 0.3580 -0.6254 0.6934
vn 0.3498 -0.6116 0.7096
vn 0.3639 -0.6276 0.6882
vn 0.3678 -0.5825 0.7248
vn 0.3581 -0.5820 0.7301
vn 0.3673 -0.5821 0.7255
vn 0.3429 -0.6542 0.6741
vn 0.3860 -0.4843 0.7851
vn 0.3515 -0.6205 0.7010
vn 0.4044 0.4023 0.8213
vn 0.3576 0.5965 0.7186
vn 0.3600 0.5924 0.7208
vn 0.3605 0.5765 0.7333
vn 0.4000 0.4095 0.8200
vn 0.3462 0.6150 0.7085
vn 0.3459 0.6239 0.7008
vn 0.3704 0.5698 0.7335
vn 0.3916 0.4385 0.8089
vn 0.3932 0.3763 0.8390
vn 0.4130 0.3283 0.8495
vn 0.4257 0.1791 0.8870
vn 0.4269 0.1461 0.8924
vn 0.4292 0.2279 0.8740
vn 0.4327 -0.0070 0.9015
vn 0.4158 -0.0140 0.9093
vn 0.4172 -0.0419 0.9078
vn 0.4115 0.2213 0.8841
vn 0.4113 0.0039 0.9115
vn 0.4098 -0.3023 0.8606
vn 0.4356 -0.1334 0.8902
vn 0.4141 -0.3174 0.8531
vn 0.4108 0.0266 0.9113
vn 0.3878 -0.0266 0.9214
vn 0.4318 0.0140 0.9019
vn 0.3992 -0.3125 0.8620
vn 0.3818 -0.4943 0.7810
vn 0.3733 -0.4939 0.7853
vn 0.4303 -0.0742 0.8996
vn 0.3444 -0.6271 0.6987
vn 0.3601 -0.6060 0.7093
vn 0.3657 -0.5744 0.7323
vn 0.3722 -0.6098 0.6997
vn 0.3586 -0.6181 0.6995
vn 0.3643 -0.6243 0.6910
vn 0.4021 -0.3293 0.8543
vn 0.4249 0.1212 0.8971
vn 0.4111 0.3842 0.8267
vn 0.7072 -0.3256 0.6276
vn 0.6979 -0.3272 0.6371
vn 0.6971 -0.3184 0.6424
vn 0.1310 0.5522 0.8234
vn 0.1314 0.5526 0.8230
vn 0.1295 0.5512 0.8243
vn -0.1678 0.6412 0.7488
vn 0.3717 0.5738 0.7298
vn 0.6781 0.4975 0.5410
vn 0.6833 0.5817 0.4411
vn 0.5966 0.7580 -0.2637
vn 0.6690 0.6472 0.3655
vn 0.6686 0.4791 0.5687
vn 0.6686 0.4787 0.5691
vn 0.6634 0.4891 0.5664
vn 0.1011 0.6378 0.7635
vn -0.6384 0.4655 0.6130
vn -0.6397 0.4588 0.6167
vn -0.6450 0.4499 0.6177
vn -0.6523 0.4416 0.6160
vn -0.6539 0.4716 0.5917
vn -0.6595 0.4383 0.6106
vn -0.6586 0.4469 0.6055
vn -0.6564 0.4498 0.6056
vn -0.6574 0.4487 0.6054
vn -0.6667 0.3378 0.6644
vn -0.6681 0.3320 0.6659
vn -0.6690 0.3306 0.6657
vn -0.6628 0.3768 0.6471
vn -0.6548 0.4319 0.6203
vn -0.6539 0.4205 0.6289
vn -0.6560 0.4511 0.6050
vn -0.6561 0.4678 0.5922
vn -0.6533 0.4932 0.5744
vn -0.6635 0.4808 0.5732
vn -0.6547 0.4862 0.5787
vn -0.6563 0.4795 0.5825
vn -0.6565 0.4799 0.5820
vn -0.6592 0.4699 0.5870
vn -0.6645 0.4265 0.6137
vn -0.6625 0.4331 0.6112
vn -0.6512 0.4635 0.6009
vn -0.6576 0.4731 0.5863
vn -0.6520 0.4933 0.5758
vn -0.6546 0.5208 0.5480
vn -0.6789 0.3558 0.6423
vn -0.4656 0.4195 0.7793
vn -0.1947 0.5265 0.8276
vn 0.0016 0.2684 0.9633
vn 0.0102 -0.0108 0.9999
vn -0.4012 -0.1587 0.9021
vn -0.6877 -0.2234 0.6907
vn -0.3827 -0.2258 0.8959
vn -0.3817 -0.3370 0.8607
vn -0.0029 -0.3358 0.9419
vn 0.4039 -0.3335 0.8519
vn -0.0050 -0.4288 0.9034
vn -0.0085 -0.5347 0.8450
vn -0.0081 -0.5346 0.8451
vn -0.0098 -0.5355 0.8445
vn 0.7318 0.6726 0.1099
vn 0.7437 0.6564 0.1267
vn 0.7353 0.6680 0.1143
vn 0.4038 0.6046 0.6866
vn 0.3563 -0.6402 0.6805
vn 0.3562 -0.6407 0.6802
vn 0.3471 -0.6391 0.6863
vn 0.3725 -0.5644 0.7367
vn 0.3569 -0.6012 0.7150
vn 0.4378 0.0578 0.8972
vn 0.4419 -0.0625 0.8949
vn 0.3541 0.5877 0.7275
vn 0.4058 0.2512 0.8788
vn 0.4157 -0.3214 0.8508
vn 0.3854 -0.4917 0.7808
vn 0.3510 -0.6073 0.7128
vn 0.3506 -0.6075 0.7128
vn 0.3278 -0.6614 0.6746
vn 0.3234 -0.6828 0.6551
vn 0.3000 -0.6894 0.6593
vn 0.2999 -0.6977 0.6506
vn 0.3007 -0.6892 0.6593
vn 0.3055 -0.6827 0.6638
vn 0.3031 -0.6833 0.6642
vn 0.3020 -0.6919 0.6557
vn 0.2150 -0.7891 0.5754
vn 0.3100 -0.6930 0.6509
vn 0.3184 -0.7074 0.6310
vn 0.3111 -0.6935 0.6498
vn 0.5241 -0.3146 0.7914
vn 0.3031 -0.7035 0.6429
vn 0.2414 -0.7711 0.5891
vn 0.2552 -0.7480 0.6126
vn 0.2955 -0.7013 0.6487
vn 0.3321 -0.6626 0.6714
vn 0.3394 -0.6471 0.6827
vn 0.3451 -0.6295 0.6962
vn 0.3510 -0.6221 0.6998
vn 0.3130 -0.6843 0.6586
vn 0.3124 -0.6949 0.6477
vn 0.3135 -0.6947 0.6474
vn 0.3113 -0.6954 0.6476
vn 0.2956 -0.7142 0.6345
vn 0.3030 -0.7183 0.6263
vn 0.3028 -0.7182 0.6264
vn 0.3025 -0.7183 0.6266
vn 0.2586 -0.7520 0.6063
vn 0.6741 0.4276 0.6022
vn 0.6799 0.4247 0.5978
vn 0.6816 0.4829 0.5497
vn 0.6779 0.4824 0.5547
vn 0.6817 0.4818 0.5506
vn 0.6792 0.4863 0.5498
vn 0.6789 0.4866 0.5498
vn 0.6827 0.4727 0.5572
vn 0.6765 0.4711 0.5661
vn 0.6745 0.4839 0.5576
vn 0.6772 0.4707 0.5655
vn 0.6774 0.4424 0.5877
vn 0.6675 0.4328 0.6059
vn 0.6701 0.4474 0.5923
vn 0.6784 0.4368 0.5908
vn 0.6697 0.4436 0.5956
vn 0.6801 0.4269 0.5960
vn 0.6872 0.1311 0.7145
vn 0.5712 -0.4141 0.7087
vn 0.6128 0.0839 0.7858
vn 0.6689 0.0346 0.7425
vn 0.3888 -0.5310 0.7530
vn 0.6097 -0.0645 0.7900
vn 0.3825 -0.5717 0.7258
vn 0.3109 -0.6774 0.6667
vn 0.3177 -0.7008 0.6387
vn 0.5407 -0.1611 0.8256
vn 0.5154 -0.3483 0.7830
vn 0.6727 0.2772 0.6860
vn 0.6780 0.1292 0.7236
vn 0.6828 0.2107 0.6995
vn 0.3130 -0.6768 0.6664
vn 0.6778 0.3835 0.6273
vn 0.5230 -0.1603 0.8371
vn 0.2424 -0.7702 0.5900
vn 0.2731 -0.7346 0.6211
vn 0.2711 -0.7356 0.6209
vn 0.2657 -0.7307 0.6289
vn 0.2865 -0.7148 0.6380
vn 0.2867 -0.7152 0.6374
vn 0.2866 -0.7162 0.6363
vn 0.2944 -0.7019 0.6485
vn 0.3178 -0.6567 0.6839
vn 0.3041 -0.7026 0.6434
vn 0.2755 -0.7262 0.6298
vn 0.2818 -0.7276 0.6255
vn 0.5352 -0.2116 0.8178
vn 0.1982 -0.7836 0.5888
vn 0.1741 -0.7891 0.5890
vn 0.2291 -0.7697 0.5959
vn 0.6745 0.4616 0.5761
vn 0.6757 0.4689 0.5688
vn 0.6764 0.4684 0.5685
vn -0.4275 0.6004 0.6759
vn -0.6650 0.5282 0.5280
vn -0.6601 0.5248 0.5375
vn -0.6607 0.5295 0.5320
vn -0.6630 0.5192 0.5394
vn -0.6639 0.5258 0.5317
vn -0.6616 0.5185 0.5417
vn -0.6521 0.5316 0.5405
vn -0.6516 0.5292 0.5436
vn -0.6474 0.5034 0.5722
vn -0.6506 0.5498 0.5239
vn -0.6435 0.5138 0.5674
vn -0.6513 0.5468 0.5261
vn -0.6481 0.5417 0.5353
vn -0.6550 0.5554 0.5124
vn -0.6513 0.5933 0.4730
vn -0.6509 0.6088 0.4536
vn -0.6533 0.6006 0.4610
vn -0.6469 0.5758 0.5000
vn -0.6528 0.5780 0.4896
vn -0.6482 0.5783 0.4954
vn -0.3815 0.6997 0.6041
vn -0.3351 0.6293 0.7011
vn -0.2299 0.5865 0.7766
vn -0.6523 0.4366 0.6196
vn -0.6488 0.4401 0.6208
vn -0.6508 0.4408 0.6182
vn -0.6510 0.4288 0.6263
vn -0.0038 0.6539 0.7565
vn 0.0006 0.6920 0.7219
vn -0.0042 0.5332 0.8460
vn 0.0040 0.7189 0.6951
vn -0.3459 0.7604 0.5496
vn -0.6585 0.6109 0.4396
vn -0.6629 0.6199 0.4199
vn -0.6585 0.6062 0.4459
vn -0.3043 0.7793 0.5478
vn -0.6601 0.6304 0.4085
vn -0.6710 0.6353 0.3823
vn -0.6467 0.6571 0.3873
vn -0.6585 0.6014 0.4524
vn -0.6545 0.6168 0.4373
vn -0.6624 0.6159 0.4265
vn -0.6575 0.6096 0.4428
vn -0.6587 0.6468 0.3844
vn -0.6598 0.6450 0.3856
vn -0.6525 0.6469 0.3947
vn -0.6902 0.6399 0.3378
vn -0.6676 0.6375 0.3846
vn -0.6677 0.6487 0.3652
vn -0.6619 0.6476 0.3775
vn -0.0126 0.9988 0.0472
vn -0.0224 0.9958 0.0888
vn 0.0047 0.9964 0.0843
vn 0.0010 0.9997 -0.0253
vn -0.0072 0.9994 -0.0340
vn 0.0082 0.9992 -0.0391
vn 0.0895 0.7018 0.7067
vn 0.0956 0.6949 0.7127
vn 0.0908 0.7021 0.7062
vn -0.2424 0.7152 0.6556
vn 0.4909 0.6449 0.5857
vn 0.4175 0.6852 0.5968
vn -0.4080 0.6561 0.6348
vn 0.0882 0.6819 0.7261
vn 0.0890 0.6821 0.7258
vn -0.6521 0.5252 0.5468
vn -0.6636 0.5253 0.5326
vn -0.6611 0.5344 0.5266
vn -0.6596 0.5308 0.5321
vn -0.6623 0.5308 0.5287
vn -0.6502 0.5745 0.4971
vn -0.6594 0.5646 0.4964
vn -0.6529 0.5407 0.5304
vn -0.6529 0.5409 0.5303
vn -0.6528 0.5417 0.5295
vn -0.6635 0.5432 0.5145
vn -0.6628 0.5358 0.5231
vn -0.6698 0.5572 0.4908
vn -0.6485 0.6026 0.4651
vn 0.6850 0.5210 0.5092
vn 0.6833 0.6145 0.3942
vn 0.6787 0.6425 0.3558
vn 0.2598 0.6228 -0.7380
vn 0.2409 0.6347 -0.7343
vn 0.2769 0.6476 -0.7099
vn 0.2974 0.6580 -0.6918
vn 0.3132 0.6665 -0.6766
vn 0.3061 0.6631 -0.6831
vn 0.2367 0.6468 -0.7250
vn 0.2364 0.6469 -0.7250
vn 0.2339 0.6469 -0.7258
vn 0.2739 0.6323 -0.7247
vn 0.5533 0.7975 -0.2406
vn 0.2951 0.6591 -0.6917
vn 0.2648 0.6355 -0.7253
vn 0.2988 0.6620 -0.6874
vn 0.2912 0.6598 -0.6927
vn 0.2993 0.6625 -0.6867
vn 0.3098 0.6546 -0.6896
vn 0.3382 0.7097 -0.6180
vn 0.3348 0.7277 -0.5986
vn 0.3518 0.7178 -0.6008
vn 0.2548 0.6078 -0.7521
vn 0.5450 0.7977 -0.2582
vn 0.6783 0.6523 0.3384
vn 0.6676 0.6590 0.3465
vn 0.6688 0.6582 0.3456
vn 0.6665 0.6600 0.3468
vn 0.3221 0.7465 0.5822
vn 0.6853 0.5792 0.4414
vn 0.6774 0.5848 0.4463
vn 0.6811 0.5846 0.4409
vn 0.3466 0.7768 0.5258
vn 0.4202 0.8084 0.4122
vn 0.4283 0.7716 0.4704
vn 0.1385 0.8538 0.5018
vn 0.4907 0.8075 -0.3274
vn 0.1834 0.9344 -0.3053
vn 0.1425 0.8751 0.4625
vn 0.2869 0.9159 -0.2806
vn 0.1255 0.8150 0.5657
vn 0.1224 0.8054 0.5799
vn 0.1025 0.7744 0.6243
vn -0.6603 0.5396 0.5223
vn -0.6564 0.5489 0.5176
vn -0.6599 0.5403 0.5221
vn -0.2962 0.7334 0.6119
vn -0.2603 0.7800 0.5691
vn -0.6489 0.5912 0.4789
vn -0.6527 0.5961 0.4676
vn -0.6519 0.5971 0.4674
vn -0.6518 0.5974 0.4673
vn -0.6627 0.6043 0.4422
vn -0.3663 0.7727 0.5184
vn -0.6566 0.6247 0.4226
vn -0.6532 0.6220 0.4319
vn -0.6566 0.6177 0.4328
vn -0.6511 0.6278 0.4265
vn -0.6577 0.6362 0.4034
vn -0.6495 0.6526 0.3903
vn -0.6539 0.6741 0.3433
vn -0.6595 0.6665 0.3476
vn -0.6665 0.6811 0.3031
vn -0.6601 0.6714 0.3367
vn -0.6648 0.6752 0.3195
vn -0.6551 0.6624 0.3634
vn -0.6544 0.6450 0.3948
vn -0.6591 0.6609 0.3588
vn -0.6593 0.6526 0.3734
vn -0.6584 0.6407 0.3950
vn -0.6582 0.6410 0.3949
vn -0.6591 0.6397 0.3954
vn -0.6576 0.6458 0.3879
vn -0.2840 0.8235 0.4912
vn -0.6599 0.6643 0.3510
vn -0.2832 0.8523 0.4398
vn -0.6653 0.6784 0.3119
vn -0.1213 0.9355 0.3319
vn -0.2586 0.9305 -0.2593
vn -0.6690 0.6645 0.3331
vn -0.6686 0.6647 0.3335
vn -0.4677 0.8826 -0.0472
vn -0.6658 0.6896 0.2848
vn -0.4933 -0.4475 0.7459
vn -0.5123 -0.4167 0.7509
vn -0.4891 -0.4321 0.7577
vn -0.6805 0.6832 0.2648
vn -0.2478 0.9417 -0.2275
vn -0.2444 0.9265 -0.2860
vn -0.2206 0.9283 -0.2992
vn -0.2563 0.9417 -0.2178
vn -0.1857 0.9373 -0.2950
vn -0.3115 0.9157 -0.2538
vn 0.3241 0.6952 -0.6416
vn 0.3074 0.6775 -0.6682
vn 0.3082 0.6847 -0.6604
vn 0.3079 0.6846 -0.6607
vn 0.3082 0.6848 -0.6604
vn 0.3027 0.6652 -0.6825
vn 0.2995 0.6678 -0.6814
vn 0.3259 0.7182 -0.6148
vn 0.3340 0.7391 -0.5850
vn 0.3218 0.7196 -0.6153
vn 0.3370 0.7453 -0.5752
vn 0.3696 0.8050 -0.4642
vn 0.3647 0.8179 -0.4451
vn 0.4137 0.8721 -0.2612
vn 0.3955 0.8668 -0.3038
vn 0.3514 0.7789 -0.5195
vn 0.3592 0.7738 -0.5218
vn 0.3441 0.7587 -0.5531
vn 0.3755 0.7848 -0.4930
vn 0.3513 0.8103 -0.4691
vn -0.6906 0.7159 0.1030
vn -0.7027 0.7054 0.0933
vn -0.7023 0.7057 0.0941
vn 0.4112 0.9068 -0.0934
vn 0.4211 0.8871 0.1889
vn 0.3920 0.8479 0.3571
vn 0.3212 0.7249 0.6094
vn 0.3410 0.7507 0.5658
vn 0.3062 0.7450 0.5927
vn 0.3256 0.7524 0.5726
vn 0.3133 0.7219 0.6170
vn 0.4266 0.8989 0.0996
vn 0.4459 0.8934 0.0558
vn 0.3758 0.9216 0.0972
vn 0.4174 0.9042 0.0907
vn 0.4086 0.9106 -0.0625
vn 0.4045 0.8779 -0.2563
vn 0.3419 0.7652 -0.5455
vn 0.3257 0.6886 -0.6478
vn 0.3203 0.6832 -0.6563
vn 0.3239 0.6896 -0.6477
vn 0.3996 0.8931 -0.2064
vn 0.3902 0.8564 0.3382
vn 0.3848 0.8702 0.3077
vn 0.4078 0.9092 0.0840
vn 0.3665 0.8398 -0.4005
vn 0.3710 0.7826 -0.4999
vn 0.3705 0.8111 -0.4526
vn 0.3703 0.7933 -0.4832
vn -0.6726 -0.3536 0.6500
vn -0.6723 -0.4295 0.6029
vn -0.6656 -0.4357 0.6059
vn -0.6671 -0.4320 0.6069
vn -0.6595 -0.4334 0.6142
vn -0.6606 -0.4263 0.6180
vn -0.6609 -0.4261 0.6178
vn -0.6544 -0.4760 0.5875
vn -0.6549 -0.4774 0.5858
vn -0.6546 -0.4767 0.5867
vn -0.6596 -0.4290 0.6171
vn -0.6625 -0.4446 0.6028
vn -0.6566 -0.4871 0.5759
vn -0.6613 -0.5205 0.5402
vn -0.6639 -0.5107 0.5462
vn -0.6621 -0.5193 0.5403
vn -0.6671 -0.5455 0.5074
vn -0.6666 -0.6320 0.3953
vn -0.6620 -0.6496 0.3739
vn -0.3302 -0.8759 0.3518
vn -0.6777 -0.6709 0.3010
vn -0.6756 -0.6564 0.3357
vn -0.6772 -0.6555 0.3343
vn -0.6782 -0.6495 0.3437
vn -0.6778 -0.6684 0.3062
vn -0.6859 -0.6605 0.3053
vn -0.6753 -0.6781 0.2902
vn -0.6744 -0.6902 0.2623
vn -0.6679 -0.6884 0.2828
vn -0.3381 -0.8850 0.3202
vn -0.6648 -0.6930 0.2787
vn -0.6727 -0.7068 0.2189
vn -0.6822 -0.7181 0.1373
vn -0.6809 -0.7193 0.1380
vn -0.6822 -0.7188 0.1338
vn -0.6923 -0.7149 0.0984
vn -0.7012 -0.6990 0.1406
vn -0.5233 -0.8446 0.1136
vn -0.6895 -0.7106 0.1398
vn -0.6781 -0.7211 0.1425
vn -0.7006 -0.7007 0.1348
vn 0.0163 -0.9773 0.2111
vn 0.0090 -0.9777 0.2096
vn 0.0228 -0.9751 0.2206
vn -0.6819 -0.6994 0.2141
vn -0.6736 -0.7096 0.2067
vn -0.6759 -0.7112 0.1932
vn 0.3218 -0.6778 0.6611
vn 0.3226 -0.6764 0.6621
vn 0.3250 -0.6811 0.6561
vn 0.3178 -0.6902 0.6501
vn 0.3290 -0.6569 0.6785
vn 0.3397 -0.5836 0.7375
vn 0.3361 -0.6146 0.7136
vn 0.3161 -0.6763 0.6653
vn 0.3364 -0.6071 0.7199
vn 0.3433 -0.5891 0.7315
vn 0.3479 -0.6022 0.7185
vn 0.3464 -0.5964 0.7241
vn 0.3210 -0.6250 0.7116
vn 0.3292 -0.5902 0.7371
vn 0.3497 -0.5626 0.7491
vn 0.3507 -0.5630 0.7484
vn 0.3494 -0.5625 0.7493
vn 0.3685 -0.5639 0.7390
vn 0.3389 -0.5141 0.7879
vn 0.3444 -0.5300 0.7749
vn 0.3696 -0.4866 0.7916
vn 0.3861 -0.4068 0.8279
vn 0.3887 -0.3320 0.8595
vn 0.4025 -0.4329 0.8066
vn 0.4020 -0.2744 0.8736
vn 0.4516 -0.2467 0.8575
vn 0.4191 -0.0369 0.9072
vn 0.4378 0.0608 0.8970
vn 0.4144 0.2610 0.8719
vn 0.4210 0.1566 0.8934
vn 0.3764 0.3412 0.8613
vn 0.3974 0.3843 0.8333
vn 0.4053 -0.1030 0.9083
vn 0.4220 0.0759 0.9034
vn 0.4095 0.2179 0.8859
vn 0.3739 0.5324 0.7594
vn 0.3607 0.5727 0.7361
vn 0.3734 0.4960 0.7839
vn 0.3442 0.6060 0.7172
vn 0.3332 0.6351 0.6968
vn 0.3371 0.6200 0.7085
vn 0.3395 0.6497 0.6802
vn 0.3326 0.6303 0.7015
vn 0.3296 0.6511 0.6837
vn 0.3203 0.6887 0.6504
vn 0.2989 0.7058 0.6423
vn 0.3165 0.6841 0.6572
vn 0.3304 0.6321 0.7009
vn 0.3247 0.6344 0.7015
vn 0.3307 0.6301 0.7025
vn 0.3374 0.6085 0.7182
vn 0.3365 0.6448 0.6863
vn 0.3349 0.6233 0.7067
vn 0.3490 0.5142 0.7834
vn 0.3459 0.5971 0.7237
vn 0.3192 0.6483 0.6912
vn 0.3189 0.6728 0.6675
vn 0.3118 0.6791 0.6646
vn 0.4652 0.4906 0.7368
vn 0.6833 0.1871 0.7057
vn 0.2943 0.6559 0.6951
vn 0.3067 0.6810 0.6650
vn 0.5829 0.1332 0.8015
vn 0.3240 0.6321 0.7039
vn 0.6128 0.1363 0.7784
vn 0.3345 0.6159 0.7133
vn 0.3320 0.6117 0.7180
vn 0.3339 0.5978 0.7288
vn 0.3536 0.5091 0.7847
vn 0.3530 0.4817 0.8021
vn 0.3665 0.3269 0.8711
vn 0.3786 0.4505 0.8085
vn 0.3675 0.4536 0.8119
vn 0.3675 0.4524 0.8125
vn 0.4009 0.2706 0.8753
vn 0.4134 0.1443 0.8990
vn 0.3859 0.1688 0.9070
vn 0.4203 0.1085 0.9009
vn 0.4156 0.0353 0.9089
vn 0.4035 0.0435 0.9140
vn 0.4427 0.0242 0.8964
vn 0.3408 -0.1856 0.9216
vn 0.4271 -0.3276 0.8428
vn 0.3720 -0.4225 0.8265
vn 0.3816 -0.4402 0.8128
vn 0.3530 -0.5616 0.7483
vn 0.3696 -0.5371 0.7582
vn 0.3499 -0.5934 0.7249
vn 0.3467 -0.5786 0.7382
vn 0.4249 -0.1562 0.8917
vn 0.3361 -0.5592 0.7578
vn 0.3204 -0.6279 0.7093
vn 0.6336 -0.0441 0.7724
vn 0.6147 -0.1079 0.7814
vn 0.6946 -0.0182 0.7192
vn 0.3622 -0.4004 0.8417
vn 0.6647 -0.0565 0.7449
vn 0.6557 0.0067 0.7550
vn 0.4010 -0.1509 0.9036
vn 0.4129 0.1281 0.9017
vn 0.3516 0.3593 0.8644
vn 0.4166 -0.0215 0.9088
vn 0.3667 -0.2455 0.8974
vn 0.3751 0.2043 0.9042
vn 0.6390 0.1053 0.7620
vn 0.3213 -0.4783 0.8173
vn 0.3101 -0.4492 0.8379
vn 0.2710 -0.4771 0.8360
vn 0.3081 -0.4305 0.8484
vn 0.3827 -0.2001 0.9019
vn 0.3239 0.4173 0.8491
vn 0.4802 0.3361 0.8102
vn 0.3506 0.4629 0.8141
vn 0.3974 0.3876 0.8318
vn 0.3175 0.5372 0.7814
vn 0.3342 0.5106 0.7922
vn 0.3366 0.5336 0.7759
vn 0.6865 -0.2195 0.6932
vn 0.6257 0.1477 0.7660
vn 0.7230 -0.4916 0.4853
vn 0.6948 -0.5303 0.4859
vn 0.6720 -0.4439 0.5928
vn 0.6777 -0.5193 0.5206
vn 0.6689 -0.4719 0.5744
vn 0.6693 -0.4333 0.6036
vn 0.6695 -0.4838 0.5637
vn 0.6445 -0.4197 0.6391
vn 0.6450 -0.4194 0.6388
vn 0.6451 -0.4193 0.6388
vn 0.4531 0.2284 0.8617
vn 0.6687 -0.4212 0.6128
vn 0.6551 0.1803 0.7337
vn 0.5775 0.1989 0.7918
vn 0.6723 -0.3830 0.6334
vn 0.6688 -0.4507 0.5912
vn 0.6771 -0.4786 0.5590
vn 0.6154 0.0990 0.7820
vn 0.6761 -0.5129 0.5289
vn 0.6692 -0.5124 0.5382
vn 0.6763 -0.5129 0.5288
vn 0.6673 -0.5241 0.5292
vn 0.6528 -0.5180 0.5528
vn 0.6562 -0.5243 0.5427
vn 0.6558 -0.5229 0.5445
vn 0.7268 -0.5350 0.4308
vn 0.7495 -0.5170 0.4135
vn 0.7614 -0.5257 0.3794
vn 0.7309 -0.6214 0.2820
vn 0.6739 -0.7389 0.0008
vn 0.5454 -0.8301 -0.1160
vn 0.6613 -0.7420 -0.1100
vn 0.4464 -0.8751 -0.1869
vn 0.7642 -0.5389 0.3543
vn 0.7714 -0.5733 0.2763
vn 0.7734 -0.5468 0.3209
vn 0.7706 -0.5152 0.3752
vn 0.7553 -0.5030 0.4202
vn 0.7622 -0.4411 0.4738
vn 0.7508 -0.4890 0.4441
vn 0.7536 -0.4714 0.4582
vn 0.7515 -0.4727 0.4602
vn 0.7507 -0.4726 0.4616
vn 0.7515 -0.4709 0.4621
vn 0.7452 -0.4661 0.4768
vn 0.4859 0.2150 0.8471
vn 0.3972 0.1109 0.9110
vn 0.7244 -0.3570 0.5898
vn 0.7265 -0.3628 0.5836
vn 0.7467 -0.3939 0.5359
vn 0.6237 -0.1182 0.7727
vn 0.7434 -0.5348 0.4017
vn 0.7535 -0.5320 0.3864
vn 0.7569 -0.5347 0.3759
vn 0.7877 -0.5899 0.1776
vn 0.8014 -0.5848 0.1255
vn 0.7699 -0.5524 0.3196
vn 0.8617 -0.4875 0.1407
vn 0.9285 -0.2279 0.2931
vn 0.8533 -0.1455 0.5007
vn 0.9029 -0.0142 0.4296
vn 0.7267 0.1945 0.6589
vn 0.7399 0.5255 0.4200
vn 0.7385 0.5410 0.4025
vn 0.7306 0.5526 0.4011
vn 0.7470 0.5400 0.3877
vn 0.6178 0.1676 0.7683
vn 0.6170 0.0106 0.7869
vn 0.4304 -0.1583 0.8887
vn 0.7514 0.4871 0.4450
vn 0.7704 0.5449 0.3311
vn 0.9161 0.3320 0.2249
vn 0.9791 -0.1795 -0.0954
vn 0.8584 -0.5052 -0.0889
vn 0.9506 0.3096 0.0223
vn 0.8341 0.5213 -0.1805
vn 0.7908 0.6117 0.0209
vn 0.7749 0.6031 0.1892
vn 0.7720 0.6355 -0.0104
vn 0.7941 0.5642 -0.2258
vn 0.7596 0.5502 0.3469
vn 0.6371 0.7708 -0.0069
vn 0.5971 0.8019 0.0198
vn 0.6606 0.7507 -0.0033
vn 0.3673 0.9194 0.1405
vn 0.6097 0.7805 0.1379
vn 0.3426 0.9222 -0.1793
vn 0.5965 0.7956 -0.1053
vn 0.7562 0.5607 0.3374
vn 0.7474 0.5191 0.4146
vn 0.4037 -0.2265 0.8864
vn 0.6120 0.7742 -0.1615
vn 0.3474 0.8979 -0.2703
vn 0.5942 0.7952 -0.1208
vn 0.7423 0.5161 0.4274
vn 0.6878 0.5213 0.5051
vn 0.6848 0.4989 0.5312
vn 0.7054 0.5612 0.4330
vn 0.7354 0.5667 0.3716
vn 0.5538 0.8116 -0.1859
vn 0.3338 0.8217 -0.4620
vn 0.3100 0.7583 -0.5734
vn 0.3548 0.8292 -0.4319
vn 0.3173 0.7081 -0.6308
vn 0.6604 0.7473 0.0732
vn 0.3440 0.7429 -0.5743
vn 0.3050 0.6782 -0.6686
vn 0.3189 0.6884 -0.6515
vn 0.3203 0.6795 -0.6600
vn 0.3124 0.6860 -0.6572
vn 0.3095 -0.6630 0.6816
vn 0.7195 0.5287 0.4504
vn 0.7160 0.5248 0.4604
vn 0.7220 0.5244 0.4513
vn 0.3517 -0.6323 0.6903
vn 0.3395 -0.6084 0.7174
vn 0.3096 -0.6435 0.7001
vn 0.3684 -0.5100 0.7773
vn 0.3517 -0.5442 0.7616
vn 0.3487 -0.5361 0.7688
vn 0.4008 -0.2940 0.8677
vn 0.3823 -0.4690 0.7961
vn 0.4124 -0.1475 0.8990
vn 0.4279 0.1721 0.8873
vn 0.4081 0.4038 0.8188
vn 0.3526 0.6090 0.7105
vn 0.3140 0.6597 0.6828
vn 0.3442 0.6185 0.7064
vn 0.3468 0.5927 0.7270
vn 0.3484 0.6097 0.7120
vn 0.3131 0.6890 0.6536
vn 0.3070 0.6940 0.6512
vn 0.5297 0.3555 0.7701
vn 0.6494 -0.0977 0.7541
vn 0.3209 0.6948 0.6437
vn 0.3164 0.6969 0.6436
vn 0.3108 0.6955 0.6478
vn 0.6842 -0.4449 0.5778
vn 0.6856 -0.4353 0.5834
vn 0.6857 -0.4345 0.5840
vn 0.6702 -0.5243 0.5252
vn 0.6756 -0.5188 0.5239
vn 0.6760 -0.5107 0.5313
vn 0.6752 -0.5190 0.5241
vn 0.6738 -0.5157 0.5292
vn 0.6693 -0.5843 0.4589
vn 0.7171 -0.5816 0.3839
vn 0.6849 -0.6953 0.2179
vn 0.5857 -0.7936 -0.1646
vn 0.6278 -0.7652 -0.1430
vn 0.3874 -0.8885 -0.2458
vn 0.3462 -0.8216 -0.4529
vn 0.3731 -0.8957 -0.2418
vn 0.3819 -0.8549 -0.3512
vn 0.3558 -0.7807 -0.5137
vn 0.3251 -0.7036 -0.6318
vn 0.3332 -0.7190 -0.6099
vn 0.3441 -0.7284 -0.5925
vn 0.3376 -0.7492 -0.5699
vn 0.3155 -0.7451 -0.5875
vn 0.5808 -0.8092 -0.0885
vn 0.3208 -0.6939 -0.6447
vn 0.3479 -0.7840 -0.5141
vn 0.5813 -0.8092 -0.0851
vn 0.6686 -0.6257 0.4017
vn 0.5665 -0.8093 -0.1550
vn 0.6612 -0.5961 0.4555
vn 0.6638 -0.5771 0.4757
vn 0.6711 -0.5719 0.4717
vn 0.6785 -0.5612 0.4740
vn 0.6718 -0.5707 0.4722
vn 0.6723 -0.5724 0.4695
vn 0.6702 -0.5670 0.4790
vn 0.6743 -0.5706 0.4689
vn 0.6653 -0.6281 0.4035
vn 0.6764 -0.6030 0.4230
vn 0.6969 -0.6610 0.2783
vn 0.6711 -0.5719 0.4719
vn 0.6706 -0.5741 0.4697
vn 0.6738 -0.5731 0.4665
vn 0.6780 -0.5945 0.4322
vn 0.6752 -0.5988 0.4308
vn 0.6779 -0.5944 0.4326
vn 0.6831 -0.5968 0.4210
vn 0.2921 -0.6561 -0.6959
vn 0.3267 -0.6885 -0.6475
vn 0.3416 -0.7134 -0.6118
vn 0.3426 -0.7226 -0.6004
vn 0.4695 -0.7310 -0.4951
vn 0.6587 -0.6394 0.3966
vn 0.6586 -0.6392 0.3970
vn 0.6621 -0.6308 0.4046
vn 0.6529 -0.7287 -0.2068
vn 0.6197 -0.7126 -0.3289
vn 0.2948 -0.6475 -0.7027
vn 0.3390 -0.6960 -0.6329
vn 0.3391 -0.6897 -0.6398
vn 0.3395 -0.6899 -0.6393
vn 0.3314 -0.6968 -0.6361
vn 0.3364 -0.7021 -0.6275
vn 0.3677 -0.7579 -0.5389
vn 0.3562 -0.7433 -0.5662
vn 0.3231 -0.7000 -0.6369
vn 0.3276 -0.6803 -0.6556
vn 0.3155 -0.6791 -0.6628
vn 0.3140 -0.6771 -0.6655
vn -0.0023 -0.0980 0.9952
vn 0.0056 -0.0932 0.9956
vn 0.0069 -0.0868 0.9962
vn 0.0004 -0.1826 0.9832
vn 0.0008 -0.1903 0.9817
vn 0.0007 -0.1833 0.9831
vn -0.0000 -0.1828 0.9832
vn -0.0001 -0.1823 0.9832
vn -0.0000 -0.1824 0.9832
vn -0.0001 0.0110 0.9999
vn 0.0011 0.0109 0.9999
vn 0.0020 0.0186 0.9998
vn -0.0029 -0.0359 0.9994
vn 0.0046 -0.0360 0.9993
vn -0.0013 -0.0403 0.9992
vn -0.0016 0.0179 0.9998
vn 0.0007 0.0253 0.9997
vn -0.0000 0.0254 0.9997
vn -0.0010 -0.0814 0.9967
vn -0.0000 -0.0387 0.9993
vn -0.0130 -0.0468 0.9988
vn 0.0001 0.1110 0.9938
vn 0.0001 0.1003 0.9950
vn 0.0087 0.1110 0.9938
vn 0.0013 0.1780 0.9840
vn -0.0054 0.1223 0.9925
vn -0.0003 0.2679 0.9635
vn -0.0135 0.2481 0.9687
vn -0.0033 0.2167 0.9762
vn -0.0007 0.2523 0.9676
vn 0.0058 0.2562 0.9666
vn -0.0003 0.2523 0.9676
vn 0.0058 0.4100 0.9121
vn -0.0018 0.3430 0.9393
vn -0.0041 0.3819 0.9242
vn -0.0013 0.4669 0.8843
vn 0.0026 0.3886 0.9214
vn 0.0019 0.3386 0.9409
vn -0.0025 0.3385 0.9409
vn -0.0015 0.3313 0.9435
vn -0.0013 0.2563 0.9666
vn -0.0000 0.2588 0.9659
vn -0.0002 0.2587 0.9659
vn 0.0014 0.1847 0.9828
vn 0.0011 0.1848 0.9828
vn 0.0012 0.1848 0.9828
vn 0.0025 0.2602 0.9655
vn -0.0036 0.3048 0.9524
vn -0.0022 0.2666 0.9638
vn 0.0044 0.3409 0.9401
vn 0.0009 0.5227 0.8525
vn -0.0045 0.5508 0.8346
vn 0.0015 0.5476 0.8368
vn 0.0029 0.7179 0.6962
vn -0.0008 0.7251 0.6886
vn -0.0017 0.7175 0.6965
vn 0.0017 0.7235 0.6903
vn 0.0015 0.7239 0.6899
vn 0.0011 0.7243 0.6894
vn -0.0013 0.8474 0.5309
vn -0.0069 0.8702 0.4927
vn 0.0030 0.8393 0.5436
vn -0.0029 0.8510 0.5252
vn 0.0001 0.8197 0.5727
vn -0.0133 0.8131 0.5820
vn 0.0001 0.8197 0.5728
vn 0.0012 0.7763 0.6304
vn -0.0000 0.7759 0.6309
vn -0.0006 0.7759 0.6308
vn -0.0018 0.7786 0.6275
vn 0.0016 0.7377 0.6751
vn -0.0032 0.7405 0.6721
vn 0.2670 0.6629 0.6995
vn -0.0035 0.6991 0.7151
vn 0.4175 0.5864 0.6941
vn -0.0030 0.6689 0.7433
vn -0.0010 0.6027 0.7980
vn -0.0019 0.6045 0.7966
vn -0.0088 0.6022 0.7983
vn 0.0006 0.6060 0.7955
vn -0.0005 0.6058 0.7956
vn -0.0003 0.6058 0.7956
vn 0.5964 0.4943 0.6324
vn 0.6061 0.4533 0.6536
vn -0.0088 0.5410 0.8410
vn 0.0007 0.5478 0.8366
vn -0.0086 0.5181 0.8553
vn 0.3151 0.5558 0.7693
vn 0.6073 0.3984 0.6874
vn -0.0032 0.5155 0.8569
vn -0.0054 0.5232 0.8522
vn 0.0018 0.5260 0.8505
vn 0.5657 0.3524 0.7456
vn -0.0038 0.4959 0.8683
vn 0.0007 0.6039 0.7971
vn -0.0014 0.6031 0.7977
vn -0.0004 0.6037 0.7972
vn -0.0017 0.6050 0.7962
vn -0.0016 0.6067 0.7949
vn -0.0241 0.6195 0.7846
vn -0.0014 0.6727 0.7399
vn 0.0017 0.6931 0.7209
vn 0.0280 0.1002 0.9946
vn -0.0078 0.0453 0.9989
vn 0.0008 0.0233 0.9997
vn 0.0006 0.0232 0.9997
vn -0.0024 0.0468 0.9989
vn 0.0007 0.0235 0.9997
vn -0.0016 0.0704 0.9975
vn -0.0002 0.1897 0.9818
vn -0.0015 0.1875 0.9823
vn -0.0010 0.1888 0.9820
vn -0.0009 0.6053 0.7960
vn 0.0004 0.6051 0.7962
vn -0.0015 0.6052 0.7961
vn -0.0011 0.6044 0.7967
vn 0.0004 0.6041 0.7969
vn -0.0004 0.6044 0.7967
vn 0.0012 0.6785 0.7346
vn -0.0018 0.6721 0.7405
vn -0.0001 0.7764 0.6302
vn 0.0004 0.7764 0.6302
vn 0.0009 0.7766 0.6299
vn -0.0011 0.9132 0.4076
vn 0.0008 0.9097 0.4153
vn -0.0013 0.9130 0.4080
vn -0.0072 0.9169 0.3991
vn 0.0016 0.9107 0.4130
vn 0.0001 0.9178 0.3970
vn 0.0004 0.9329 0.3601
vn 0.0022 0.9255 0.3787
vn -0.0005 0.9431 0.3325
vn -0.0017 0.9887 0.1498
vn 0.0096 0.9860 0.1667
vn 0.0007 0.9908 0.1351
vn 0.0013 0.9926 0.1217
vn 0.0034 0.9997 -0.0223
vn -0.0004 0.9998 -0.0221
vn 0.0003 0.9999 -0.0166
vn 0.0019 0.9996 -0.0271
vn -0.0006 0.9996 -0.0267
vn 0.0024 0.9998 -0.0195
vn -0.0019 1.0000 0.0087
vn -0.0022 0.9997 -0.0245
vn 0.0020 1.0000 -0.0029
vn 0.0011 0.9994 0.0336
vn -0.0025 0.9830 0.1833
vn -0.0014 0.9826 0.1856
vn -0.0071 0.9818 0.1898
vn -0.0051 0.9704 0.2413
vn -0.0015 0.9791 0.2035
vn 0.0010 0.9934 0.1146
vn 0.0015 0.9993 0.0383
vn -0.0092 0.9982 0.0593
vn 0.0046 0.9985 0.0538
vn 0.0006 0.9992 0.0403
vn 0.0031 0.9992 0.0395
vn 0.0019 0.9992 0.0405
vn -0.0019 0.9625 0.2713
vn 0.0056 0.9572 0.2894
vn 0.0020 0.9494 0.3140
vn 0.0001 0.8826 0.4700
vn -0.0027 0.8894 0.4571
vn 0.0020 0.8198 0.5727
vn 0.0018 0.8150 0.5795
vn -0.0013 0.7976 0.6032
vn -0.0009 0.7544 0.6564
vn 0.0024 0.9343 0.3564
vn -0.0027 0.9312 0.3645
vn 0.0016 0.9306 0.3660
vn -0.0033 0.9098 0.4149
vn 0.0016 0.9167 0.3997
vn -0.0010 0.9168 0.3993
vn -0.0026 0.9539 0.3000
vn -0.0020 0.9326 0.3610
vn -0.0000 0.1058 0.9944
vn 0.0028 0.0220 0.9998
vn 0.0030 0.0143 0.9999
vn 0.0028 0.0222 0.9998
vn 0.0020 -0.0361 0.9993
vn 0.0024 -0.0360 0.9994
vn 0.0023 -0.0360 0.9993
vn -0.0005 -0.1811 0.9835
vn -0.0004 -0.1813 0.9834
vn -0.0003 -0.1817 0.9833
vn 0.0003 -0.2563 0.9666
vn 0.0003 -0.2562 0.9666
vn -0.0049 -0.3340 0.9426
vn -0.0089 -0.3374 0.9413
vn 0.0073 -0.3299 0.9440
vn 0.0010 -0.6045 0.7966
vn 0.0011 -0.6047 0.7964
vn 0.0012 -0.6052 0.7961
vn 0.0030 -0.8416 0.5400
vn 0.0038 -0.8297 0.5581
vn -0.0046 -0.8626 0.5059
vn -0.0008 -0.8960 0.4440
vn -0.0026 -0.8967 0.4427
vn -0.0040 -0.8709 0.4914
vn -0.0025 -0.8708 0.4917
vn -0.0050 -0.8713 0.4907
vn -0.0021 -0.7598 0.6501
vn -0.0017 -0.8105 0.5857
vn 0.0014 -0.8018 0.5975
vn 0.0008 -0.8317 0.5552
vn -0.0012 -0.6057 0.7957
vn -0.0020 -0.6054 0.7959
vn -0.0004 -0.6057 0.7957
vn 0.0002 -0.5330 0.8461
vn 0.0012 -0.5349 0.8449
vn -0.0018 -0.5375 0.8433
vn -0.0001 -0.5059 0.8626
vn -0.0039 -0.4775 0.8786
vn -0.0018 -0.4781 0.8783
vn -0.0052 -0.4767 0.8790
vn 0.0031 -0.4298 0.9029
vn 0.0138 -0.4313 0.9021
vn 0.0060 -0.4196 0.9077
vn 0.0023 -0.4324 0.9017
vn 0.0072 -0.4272 0.9041
vn 0.0028 -0.4322 0.9018
vn -0.0036 -0.3325 0.9431
vn 0.0017 -0.2561 0.9667
vn -0.0055 -0.2539 0.9672
vn -0.0047 -0.2521 0.9677
vn 0.0035 -0.4682 0.8836
vn 0.0026 -0.4697 0.8828
vn 0.0052 -0.3358 0.9419
vn 0.0003 -0.2537 0.9673
vn -0.0001 -0.2534 0.9674
vn -0.0066 -0.2562 0.9666
vn -0.0019 -0.1809 0.9835
vn -0.0013 -0.1819 0.9833
vn -0.0021 -0.1801 0.9836
vn 0.0038 -0.2210 0.9753
vn 0.0122 -0.2446 0.9696
vn 0.2743 -0.1887 0.9430
vn -0.0191 -0.3341 0.9423
vn -0.0027 -0.3352 0.9421
vn -0.0021 -0.3364 0.9417
vn -0.0024 -0.3323 0.9432
vn 0.3738 -0.2580 0.8909
vn 0.3284 -0.1263 0.9361
vn -0.0010 -0.1043 0.9945
vn 0.3304 -0.0469 0.9427
vn 0.0009 -0.0960 0.9954
vn 0.0046 -0.0080 1.0000
vn 0.3016 0.0026 0.9534
vn 0.4237 0.1285 0.8967
vn 0.5971 0.0577 0.8001
vn 0.6122 0.0892 0.7856
vn -0.0013 -0.4105 0.9119
vn -0.0123 -0.4212 0.9069
vn -0.0071 -0.4228 0.9062
vn -0.0048 -0.4806 0.8769
vn 0.3740 -0.4180 0.8279
vn -0.0043 -0.4616 0.8871
vn -0.0205 -0.3671 0.9300
vn 0.3152 -0.3452 0.8840
vn 0.6245 -0.3044 0.7193
vn 0.6247 -0.2291 0.7465
vn 0.6264 -0.1408 0.7667
vn 0.6209 -0.1687 0.7655
vn 0.6207 -0.1679 0.7658
vn 0.6178 -0.3784 0.6893
vn 0.3272 -0.4935 0.8059
vn -0.0024 -0.5446 0.8387
vn 0.3234 -0.5564 0.7654
vn 0.6114 -0.4590 0.6446
vn 0.3196 -0.6101 0.7250
vn 0.0024 -0.5990 0.8008
vn 0.3530 -0.5181 0.7791
vn 0.3196 -0.7205 0.6153
vn 0.3353 -0.6708 0.6615
vn -0.0035 -0.6884 0.7254
vn -0.0032 -0.7664 0.6424
vn -0.0029 -0.5844 0.8115
vn 0.0006 -0.6545 0.7560
vn 0.0033 -0.6577 0.7533
vn -0.0016 -0.6542 0.7564
vn -0.0051 -0.6563 0.7545
vn -0.0021 -0.7318 0.6815
vn -0.0041 -0.7317 0.6816
vn -0.0054 -0.7313 0.6820
vn 0.3153 -0.7636 0.5635
vn 0.0052 -0.8170 0.5766
vn -0.0019 -0.8530 0.5220
vn -0.0009 -0.9296 0.3685
vn -0.0001 -0.9113 0.4117
vn -0.0001 -0.8966 0.4428
vn 0.3390 -0.8407 0.4222
vn 0.2835 -0.8015 0.5266
vn 0.6046 -0.6656 0.4376
vn 0.6121 -0.6552 0.4427
vn 0.6135 -0.6594 0.4345
vn 0.6146 -0.7562 0.2245
vn 0.3084 -0.9418 0.1338
vn 0.3246 -0.9371 0.1282
vn 0.3385 -0.9391 0.0590
vn 0.3539 -0.9309 0.0903
vn 0.4393 -0.8826 0.1673
vn 0.0041 -0.9883 0.1527
vn -0.0036 -0.9731 0.2305
vn 0.0068 -0.9688 0.2478
vn -0.0051 -0.9730 0.2307
vn 0.0030 -0.9763 0.2164
vn -0.0006 -0.9760 0.2179
vn 0.0039 -0.9826 0.1857
vn 0.0005 -0.9940 0.1096
vn 0.0163 -0.9957 0.0908
vn -0.0035 -0.9920 0.1259
vn 0.0010 -0.9978 0.0656
vn 0.0003 -0.9882 0.1535
vn -0.0012 -0.9893 0.1459
vn 0.0038 -0.9892 0.1466
vn -0.0035 -0.9697 0.2442
vn 0.4349 -0.8627 0.2582
vn -0.0141 -0.9575 0.2880
vn -0.0017 -0.9447 0.3279
vn -0.0023 -0.9450 0.3271
vn -0.0025 -0.9453 0.3262
vn 0.0004 -0.9429 0.3331
vn -0.0009 -0.9434 0.3318
vn -0.0003 -0.9431 0.3326
vn -0.0193 -0.9608 0.2767
vn 0.0027 -0.9815 0.1915
vn -0.0009 -0.0365 0.9993
vn 0.0140 -0.0403 0.9991
vn -0.0034 0.0214 0.9998
vn -0.0028 0.0228 0.9997
vn -0.0035 0.0206 0.9998
vn -0.0000 -0.0972 0.9953
vn 0.0007 -0.1845 0.9828
vn 0.0002 -0.1842 0.9829
vn 0.0014 -0.1843 0.9829
vn -0.0009 -0.2591 0.9658
vn -0.0031 -0.2517 0.9678
vn -0.0013 -0.2590 0.9659
vn -0.0086 -0.3973 0.9176
vn -0.0004 -0.3101 0.9507
vn 0.0009 -0.4228 0.9062
vn 0.0027 -0.4678 0.8838
vn 0.0071 -0.4895 0.8719
vn -0.0057 -0.4659 0.8848
vn 0.0015 -0.5290 0.8486
vn 0.0002 -0.5282 0.8491
vn 0.0025 -0.5312 0.8473
vn -0.0034 -0.7706 0.6374
vn 0.0015 -0.6996 0.7145
vn -0.0025 -0.7932 0.6090
vn 0.0037 -0.8569 0.5155
vn 0.0018 -0.9147 0.4042
vn 0.0009 -0.8807 0.4738
vn -0.0006 -0.9147 0.4041
vn -0.0008 -0.9146 0.4043
vn -0.0002 -0.9149 0.4036
vn -0.0018 -0.6333 0.7739
vn -0.0005 -0.5596 0.8288
vn -0.0031 -0.5716 0.8205
vn -0.0042 -0.6665 0.7455
vn -0.0043 -0.6665 0.7455
vn -0.0045 -0.6667 0.7453
vn 0.0066 -0.5162 0.8565
vn 0.0030 -0.3336 0.9427
vn 0.0059 -0.2592 0.9658
vn -0.0010 -0.2572 0.9664
vn 0.0013 -0.0901 0.9959
vn 0.0010 -0.0882 0.9961
vn 0.0022 -0.0388 0.9992
vn 0.0022 -0.0390 0.9992
vn 0.0023 -0.0381 0.9993
vn 0.0005 -0.1824 0.9832
vn 0.0009 -0.1818 0.9833
vn 0.0011 -0.1816 0.9834
vn 0.0025 -0.0659 0.9978
vn 0.0102 -0.0557 0.9984
vn 0.0046 -0.0389 0.9992
vn -0.0002 0.1888 0.9820
vn -0.0005 0.1889 0.9820
vn -0.0008 0.1893 0.9819
vn 0.0001 0.0204 0.9998
vn 0.0009 0.0206 0.9998
vn 0.0006 0.0204 0.9998
vn -0.0008 0.1032 0.9947
vn -0.0025 0.0925 0.9957
vn 0.0015 0.0173 0.9998
vn 0.0019 0.0167 0.9999
vn 0.0025 0.0150 0.9999
vn -0.0002 0.0151 0.9999
vn -0.0010 0.0158 0.9999
vn -0.0016 0.0159 0.9999
vn 0.0039 0.0917 0.9958
vn -0.0028 -0.0250 0.9997
vn 0.0016 -0.0167 0.9999
vn -0.0039 -0.0247 0.9997
vn -0.0034 -0.1620 0.9868
vn 0.0004 -0.1730 0.9849
vn 0.0035 -0.3269 0.9450
vn 0.0037 -0.3353 0.9421
vn 0.0101 -0.3348 0.9423
vn -0.0043 -0.2067 0.9784
vn 0.0108 -0.5199 0.8542
vn -0.0179 -0.5195 0.8543
vn -0.0049 -0.5141 0.8577
vn 0.0063 -0.2877 0.9577
vn -0.0227 -0.2917 0.9562
vn 0.0007 -0.3413 0.9399
vn 0.0039 -0.2848 0.9586
vn 0.0025 -0.4290 0.9033
vn 0.0051 -0.4251 0.9051
vn -0.0007 -0.4300 0.9028
vn -0.0003 -0.4753 0.8799
vn 0.0070 -0.4717 0.8817
vn 0.0033 -0.4659 0.8848
vn -0.0007 -0.4987 0.8668
vn -0.0176 -0.4647 0.8853
vn -0.0010 -0.4687 0.8834
vn -0.0038 -0.5997 0.8003
vn 0.0033 -0.5698 0.8218
vn 0.0072 -0.5233 0.8521
vn 0.0021 -0.6383 0.7698
vn 0.0014 -0.6617 0.7498
vn 0.0028 -0.6666 0.7454
vn 0.0029 -0.6382 0.7698
vn 0.0014 -0.5303 0.8478
vn 0.0024 -0.5308 0.8475
vn -0.0039 -0.5216 0.8532
vn 0.0005 -0.6410 0.7675
vn 0.0010 -0.7211 0.6929
vn 0.0020 -0.7211 0.6928
vn -0.0001 -0.7218 0.6921
vn 0.0018 -0.6957 0.7183
vn 0.0030 -0.7956 0.6058
vn 0.0006 -0.7587 0.6514
vn -0.0017 -0.7773 0.6291
vn -0.0005 -0.6636 0.7481
vn -0.0022 -0.8113 0.5846
vn 0.0050 -0.8782 0.4783
vn 0.0063 -0.8603 0.5097
vn -0.0024 0.3551 0.9348
vn -0.0013 0.3527 0.9357
vn 0.0155 0.3622 0.9320
vn -0.0016 0.3565 0.9343
vn 0.0059 0.3687 0.9295
vn 0.0042 0.3689 0.9295
vn 0.0034 0.4099 0.9121
vn 0.0051 0.4687 0.8833
vn -0.0033 0.4633 0.8862
vn -0.0048 0.5265 0.8501
vn 0.0027 0.5092 0.8606
vn 0.0007 0.4971 0.8677
vn 0.0025 0.3987 0.9171
vn -0.0019 0.4460 0.8950
vn 0.0028 0.5529 0.8332
vn 0.0027 0.5534 0.8329
vn 0.0027 0.5535 0.8329
vn -0.0025 0.5634 0.8261
vn -0.0013 0.5494 0.8356
vn 0.0052 0.5629 0.8265
vn -0.0216 -0.3307 0.9435
vn -0.0013 -0.3240 0.9460
vn -0.0034 -0.2859 0.9583
vn 0.0035 -0.1964 0.9805
vn 0.0002 -0.1566 0.9877
vn 0.0027 0.0023 1.0000
vn 0.0034 0.0023 1.0000
vn -0.0113 0.0135 0.9998
vn 0.0018 0.2588 0.9659
vn 0.0017 0.2596 0.9657
vn 0.0005 0.2620 0.9651
vn 0.0001 0.4871 0.8734
vn 0.0034 0.4902 0.8716
vn 0.0021 0.4878 0.8730
vn -0.0078 0.5625 0.8268
vn -0.0007 0.5494 0.8356
vn -0.0013 0.5489 0.8359
vn -0.0040 0.5487 0.8360
vn -0.0112 0.5572 0.8303
vn 0.0053 0.5819 0.8133
vn 0.0001 0.7241 0.6897
vn -0.0001 0.7233 0.6905
vn 0.0002 0.7242 0.6896
vn 0.0036 0.6997 0.7144
vn 0.0021 0.6755 0.7373
vn -0.0039 0.6750 0.7378
vn -0.0012 0.8519 0.5238
vn -0.0016 0.8524 0.5229
vn -0.0007 0.8516 0.5242
vn -0.0269 0.9016 0.4318
vn -0.0221 0.8920 0.4515
vn 0.0005 0.8917 0.4527
vn 0.0012 0.9871 0.1601
vn 0.0063 0.9914 0.1310
vn -0.0026 0.9839 0.1788
vn -0.0092 0.9999 -0.0059
vn 0.0173 0.9998 0.0142
vn 0.0005 0.9998 -0.0204
vn 0.0038 0.9916 -0.1293
vn 0.0066 0.9949 -0.1009
vn -0.0022 0.9977 -0.0673
vn -0.0014 0.9997 0.0239
vn 0.0275 0.9985 -0.0473
vn -0.0001 0.9998 -0.0200
vn -0.0004 0.9998 -0.0201
vn -0.0100 0.9940 0.1089
vn 0.0047 0.9920 0.1261
vn -0.0003 0.9967 -0.0809
vn 0.0117 0.9973 -0.0730
vn 0.0049 0.9970 -0.0775
vn -0.0013 0.9999 0.0148
vn 0.0015 0.9998 -0.0202
vn 0.0008 0.9999 -0.0114
vn -0.0010 0.9992 0.0393
vn 0.0010 0.9816 0.1912
vn -0.0008 0.9869 0.1613
vn -0.0058 0.9914 0.1307
vn 0.0012 0.9998 -0.0200
vn 0.0011 0.9994 -0.0354
vn -0.0060 0.9994 -0.0341
vn -0.0025 0.9988 0.0486
vn 0.0067 0.9984 0.0553
vn 0.0016 0.9992 0.0397
vn -0.0013 0.9981 0.0614
vn 0.0003 0.9567 0.2910
vn 0.0070 0.9042 0.4271
vn 0.0087 0.8817 0.4717
vn 0.0027 0.8453 0.5344
vn 0.0052 0.8470 0.5316
vn 0.0038 0.8456 0.5338
vn 0.0018 0.9482 0.3177
vn 0.0139 0.2708 0.9625
vn -0.0006 0.2897 0.9571
vn 0.0046 0.2666 0.9638
vn -0.0063 0.0858 0.9963
vn 0.0004 0.0886 0.9961
vn -0.0011 0.1903 0.9817
vn -0.0019 0.1821 0.9833
vn -0.0025 0.1827 0.9832
vn -0.0004 0.1834 0.9830
vn 0.0007 0.1837 0.9830
vn 0.0003 0.1832 0.9831
vn 0.0027 0.0243 0.9997
vn 0.0042 0.0241 0.9997
vn -0.0000 0.0228 0.9997
vn 0.0026 -0.0230 0.9997
vn -0.0013 -0.0087 1.0000
vn -0.0019 -0.0165 0.9999
vn 0.0015 -0.0835 0.9965
vn 0.0018 -0.0840 0.9965
vn 0.0082 -0.0797 0.9968
vn 0.0044 0.0022 1.0000
vn 0.0005 -0.0037 1.0000
vn 0.0063 0.0001 1.0000
vn 0.0020 -0.0848 0.9964
vn -0.0009 -0.0782 0.9969
vn 0.0024 -0.0701 0.9975
vn 0.0015 -0.0691 0.9976
vn -0.0077 -0.0027 1.0000
vn -0.0071 -0.0031 1.0000
vn -0.0060 0.0057 1.0000
vn -0.0106 0.0061 0.9999
vn -0.0076 0.0087 0.9999
vn -0.0067 0.0095 0.9999
vn -0.0048 0.0888 0.9960
vn -0.0041 0.0826 0.9966
vn 0.0032 0.1857 0.9826
vn 0.0029 0.1871 0.9823
vn 0.0032 0.1858 0.9826
vn 0.0027 0.1844 0.9828
vn 0.0006 0.1855 0.9826
vn 0.0005 0.1855 0.9826
vn -0.0017 0.2576 0.9663
vn 0.0015 0.2817 0.9595
vn 0.0003 0.2578 0.9662
vn -0.0017 0.4207 0.9072
vn -0.0020 0.3788 0.9255
vn -0.0010 0.4255 0.9049
vn 0.0019 0.4879 0.8729
vn 0.0034 0.4897 0.8719
vn 0.0035 0.4913 0.8710
vn -0.0043 0.3865 0.9223
vn 0.0022 0.0963 0.9954
vn 0.0056 0.3419 0.9397
vn 0.0012 0.3519 0.9360
vn 0.0004 0.3480 0.9375
vn -0.0004 0.3471 0.9378
vn -0.0001 0.3473 0.9377
vn 0.0031 0.4230 0.9061
vn -0.0047 0.4230 0.9061
vn -0.0077 0.4252 0.9051
vn -0.0047 0.4965 0.8680
vn -0.0030 0.4949 0.8690
vn -0.0050 0.4988 0.8667
vn 0.0068 0.4061 0.9138
vn 0.0025 0.3610 0.9326
vn -0.0006 0.6742 0.7386
vn -0.0056 0.6736 0.7391
vn -0.0053 0.6991 0.7150
vn -0.0002 0.6045 0.7966
vn -0.0004 0.6052 0.7961
vn -0.0013 0.6060 0.7955
vn 0.0041 0.8242 0.5663
vn 0.0046 0.8338 0.5521
vn 0.0021 0.8568 0.5156
vn -0.0015 0.8592 0.5116
vn 0.0034 0.8966 0.4429
vn 0.0007 0.8898 0.4564
vn 0.0061 0.9275 0.3738
vn -0.0037 0.7305 0.6829
vn 0.0024 0.7548 0.6559
vn 0.0082 0.7275 0.6861
vn -0.0004 0.6729 0.7397
vn 0.0003 0.6740 0.7387
vn -0.0086 0.6690 0.7432
vn 0.0095 0.6000 0.7999
vn -0.0011 0.6006 0.7996
vn 0.0008 0.6016 0.7988
vn 0.0002 0.5960 0.8030
vn -0.0045 0.1877 0.9822
vn -0.0082 0.1847 0.9828
vn -0.0018 0.1804 0.9836
vn -0.0032 0.0854 0.9963
vn 0.0016 -0.0749 0.9972
vn 0.0015 -0.0749 0.9972
vn 0.0005 -0.0670 0.9978
vn 0.0061 0.0039 1.0000
vn -0.0000 0.0024 1.0000
vn -0.0039 0.0011 1.0000
vn 0.0083 -0.1985 0.9801
vn -0.0031 -0.0831 0.9965
vn -0.0011 -0.0809 0.9967
vn 0.0011 -0.0813 0.9967
vn 0.0013 -0.1588 0.9873
vn -0.0008 -0.0810 0.9967
vn 0.0054 -0.0848 0.9964
vn 0.0025 -0.0814 0.9967
vn -0.0005 -0.0036 1.0000
vn 0.0010 -0.0138 0.9999
vn 0.0008 -0.0119 0.9999
vn 0.0010 -0.0139 0.9999
vn 0.0030 0.0764 0.9971
vn 0.0038 0.0880 0.9961
vn -0.0054 0.0804 0.9967
vn 0.0004 0.0022 1.0000
vn 0.0019 0.1864 0.9825
vn -0.0022 0.1887 0.9820
vn -0.0004 0.1886 0.9820
vn -0.0002 0.3853 0.9228
vn -0.0003 0.3111 0.9504
vn 0.0101 0.2550 0.9669
vn -0.0033 0.4533 0.8914
vn 0.0085 0.4901 0.8716
vn 0.0005 0.4904 0.8715
vn -0.0015 0.5504 0.8349
vn -0.0016 0.5506 0.8348
vn -0.0013 0.5501 0.8351
vn 0.0004 0.6498 0.7601
vn 0.0016 0.6090 0.7932
vn -0.0014 0.5259 0.8506
vn -0.0021 0.5506 0.8348
vn -0.0061 0.5265 0.8501
vn -0.0005 0.4883 0.8727
vn 0.0014 -0.0447 0.9990
vn -0.0027 -0.0204 0.9998
vn -0.0069 -0.0440 0.9990
vn -0.0004 -0.0921 0.9957
vn -0.0101 -0.0882 0.9960
vn -0.0012 -0.0876 0.9962
vn -0.0003 -0.0841 0.9965
vn 0.0019 -0.0847 0.9964
vn -0.0016 -0.0844 0.9964
vn 0.0012 -0.1757 0.9844
vn 0.0049 -0.2269 0.9739
vn 0.0042 -0.2545 0.9671
vn 0.0038 -0.5716 0.8205
vn -0.0030 -0.7981 0.6025
vn -0.0030 -0.7857 0.6186
vn -0.0020 -0.7281 0.6855
vn 0.0049 -0.8939 0.4482
vn -0.0011 -0.8951 0.4459
vn 0.0037 -0.8937 0.4486
vn 0.0097 -0.9337 0.3580
vn -0.0003 -0.9255 0.3787
vn -0.0014 -0.9117 0.4108
vn 0.0031 -0.8942 0.4477
vn -0.0005 -0.8934 0.4493
vn 0.0018 -0.8966 0.4428
vn 0.0033 -0.8631 0.5050
vn -0.0018 -0.8621 0.5068
vn 0.0005 -0.8620 0.5069
vn -0.0008 -0.8369 0.5473
vn -0.0018 -0.8410 0.5410
vn -0.0027 -0.8744 0.4852
vn 0.0001 -0.8777 0.4792
vn 0.0054 -0.9215 0.3883
vn 0.0014 -0.9527 0.3038
vn -0.0004 -0.9552 0.2961
vn -0.0004 -0.9667 0.2559
vn -0.0017 -0.9714 0.2376
vn 0.0052 -0.9812 0.1930
vn 0.0011 -0.9886 0.1508
vn 0.0006 -0.9886 0.1504
vn 0.0013 -0.9885 0.1514
vn 0.0063 -0.9747 0.2235
vn -0.0015 -0.9899 0.1421
vn -0.0026 -0.9892 0.1463
vn -0.0005 -0.9899 0.1420
vn 0.0009 -0.9955 0.0951
vn 0.0001 -0.9944 0.1060
vn 0.0075 -0.9962 0.0866
vn -0.0002 -0.9508 0.3098
vn -0.0016 -0.9401 0.3410
vn -0.0012 -0.9400 0.3411
vn -0.0003 -0.9401 0.3409
vn 0.0071 -0.9077 0.4196
vn 0.0095 -0.9283 0.3718
vn -0.0003 -0.9420 0.3357
vn 0.0027 -0.9422 0.3350
vn 0.0055 -0.9436 0.3311
vn -0.0021 -0.8784 0.4780
vn 0.0006 -0.9611 0.2763
vn -0.0038 -0.9334 0.3587
vn 0.0048 -0.8848 0.4660
vn -0.0008 -0.8493 0.5279
vn -0.0035 -0.8522 0.5232
vn 0.0029 -0.8202 0.5720
vn -0.0127 -0.8255 0.5642
vn 0.0057 -0.8227 0.5685
vn 0.0020 -0.7625 0.6470
vn -0.0022 -0.8002 0.5998
vn 0.0004 -0.6633 0.7484
vn -0.0035 -0.7237 0.6901
vn 0.0002 -0.7147 0.6994
vn -0.0073 -0.7156 0.6984
vn -0.0017 -0.6818 0.7315
vn -0.0020 -0.7509 0.6604
vn -0.0017 -0.5965 0.8026
vn 0.0023 -0.6074 0.7944
vn 0.0060 -0.5979 0.8016
vn 0.0018 -0.6814 0.7319
vn 0.0003 -0.6513 0.7588
vn 0.0055 -0.5367 0.8438
vn 0.0077 -0.5347 0.8450
vn -0.0021 -0.5377 0.8431
vn -0.0000 -0.4612 0.8873
vn -0.0002 -0.4608 0.8875
vn 0.0001 -0.4615 0.8871
vn 0.0026 -0.4229 0.9062
vn 0.0033 -0.3887 0.9213
vn -0.0067 -0.4386 0.8986
vn -0.0699 -0.5742 0.8158
vn -0.0122 -0.6154 0.7881
vn 0.0362 -0.5950 0.8029
vn -0.0000 -0.4640 0.8858
vn 0.0004 -0.4569 0.8895
vn 0.0011 -0.4575 0.8892
vn 0.0045 -0.4111 0.9116
vn 0.0078 -0.4796 0.8774
vn 0.0078 -0.4795 0.8775
vn 0.0079 -0.4792 0.8777
vn 0.0323 -0.4462 0.8943
vn -0.0026 -0.4340 0.9009
vn -0.0033 -0.3171 0.9484
vn 0.0099 -0.3144 0.9492
vn -0.0043 -0.3182 0.9480
vn -0.0025 -0.3265 0.9452
vn -0.0004 -0.3278 0.9447
vn -0.0037 -0.3235 0.9462
vn -0.0224 -0.4383 0.8985
vn 0.0010 -0.4103 0.9120
vn 0.0035 -0.2411 0.9705
vn 0.0049 -0.1795 0.9838
vn -0.0007 -0.1756 0.9845
vn 0.0053 -0.1770 0.9842
vn -0.0050 -0.0169 0.9998
vn -0.0002 -0.0212 0.9998
vn 0.0023 -0.0195 0.9998
vn -0.0100 0.0680 0.9976
vn -0.0012 0.0710 0.9975
vn -0.0008 0.0711 0.9975
vn -0.0035 -0.0259 0.9997
vn -0.0041 -0.0342 0.9994
vn -0.0013 -0.0267 0.9996
vn 0.0003 -0.0989 0.9951
vn 0.0064 -0.1841 0.9829
vn 0.0192 -0.1451 0.9892
vn 0.0200 -0.1372 0.9903
vn -0.0006 -0.2361 0.9717
vn -0.0017 -0.2357 0.9718
vn -0.0028 -0.2340 0.9722
vn 0.0073 -0.2478 0.9688
vn 0.0026 -0.2165 0.9763
vn 0.0059 -0.2479 0.9688
vn 0.0017 -0.3205 0.9472
vn -0.0038 -0.3207 0.9472
vn 0.0126 -0.3892 0.9211
vn -0.0033 -0.4365 0.8997
vn 0.0010 -0.4574 0.8892
vn -0.0042 -0.5095 0.8604
vn -0.0041 -0.5056 0.8627
vn -0.0021 -0.5067 0.8621
vn 0.0016 -0.4836 0.8753
vn 0.0015 -0.4836 0.8753
vn 0.0088 -0.4779 0.8784
vn -0.0030 -0.5190 0.8548
vn 0.0027 -0.5433 0.8395
vn 0.0036 -0.5414 0.8408
vn -0.0030 -0.5460 0.8378
vn 0.0022 -0.5383 0.8427
vn -0.0006 -0.5397 0.8419
vn -0.0006 -0.0739 0.9973
vn 0.0026 -0.0224 0.9997
vn 0.0027 -0.0152 0.9999
vn -0.0001 -0.0144 0.9999
vn -0.0002 0.0708 0.9975
vn -0.0050 0.1275 0.9918
vn 0.0005 0.1313 0.9913
vn -0.0022 0.1767 0.9843
vn -0.0056 0.1889 0.9820
vn -0.0038 0.1905 0.9817
vn -0.0103 0.1946 0.9808
vn 0.0054 0.1899 0.9818
vn 0.0014 0.1807 0.9835
vn 0.0074 0.1878 0.9822
vn 0.0025 0.1896 0.9819
vn 0.0043 0.1802 0.9836
vn 0.0090 0.1837 0.9829
vn 0.0148 0.0725 0.9973
vn -0.0011 0.2734 0.9619
vn -0.0059 0.2670 0.9637
vn 0.0019 0.3195 0.9476
vn -0.0011 0.1797 0.9837
vn 0.0023 0.1805 0.9836
vn 0.0006 0.1793 0.9838
vn -0.0011 0.1817 0.9834
vn -0.0012 0.1828 0.9831
vn -0.0012 0.1827 0.9832
vn -0.0093 0.0788 0.9969
vn -0.0015 0.0777 0.9970
vn -0.0010 0.0781 0.9969
vn 0.0011 -0.0259 0.9997
vn 0.0002 -0.0183 0.9998
vn -0.0016 -0.0259 0.9997
vn -0.0073 0.0566 0.9984
vn -0.0005 0.0729 0.9973
vn -0.0152 0.0605 0.9981
vn -0.0058 -0.0207 0.9998
vn -0.0024 -0.0138 0.9999
vn -0.0049 -0.0210 0.9998
vn -0.0087 -0.0961 0.9953
vn -0.0207 -0.0989 0.9949
vn 0.0016 -0.1933 0.9811
vn 0.0009 -0.1863 0.9825
vn 0.0007 -0.1858 0.9826
vn -0.0366 -0.2050 0.9781
vn -0.0000 -0.2224 0.9750
vn 0.0001 -0.2224 0.9750
vn -0.0034 -0.3254 0.9456
vn -0.0020 -0.2254 0.9743
vn 0.0006 -0.2271 0.9739
vn -0.0008 -0.2269 0.9739
vn -0.0007 -0.1871 0.9823
vn 0.0013 -0.1872 0.9823
vn -0.0002 -0.1799 0.9837
vn 0.0107 -0.4905 0.8713
vn 0.0100 -0.6794 0.7337
vn 0.0019 -0.6413 0.7673
vn -0.0053 -0.6906 0.7232
vn -0.0030 -0.7674 0.6411
vn -0.0045 -0.7604 0.6495
vn -0.0055 -0.8949 0.4462
vn -0.0030 -0.8681 0.4963
vn 0.0034 -0.8702 0.4926
vn -0.0021 -0.9230 0.3849
vn 0.0046 -0.8913 0.4534
vn -0.0072 -0.9332 0.3594
vn -0.0046 -0.9489 0.3155
vn 0.0014 -0.9582 0.2862
vn 0.0016 -0.9708 0.2400
vn 0.0078 -0.0032 1.0000
vn 0.0054 -0.0003 1.0000
vn 0.0069 -0.0014 1.0000
vn 0.0067 -0.1916 0.9814
vn -0.0139 -0.2811 0.9596
vn -0.0038 -0.2189 0.9757
vn -0.0070 -0.3075 0.9515
vn -0.0263 -0.4274 0.9037
vn 0.0038 -0.4090 0.9125
vn 0.0022 -0.4882 0.8727
vn 0.0023 -0.4037 0.9149
vn -0.0033 -0.4174 0.9087
vn 0.0100 -0.4221 0.9065
vn 0.0014 -0.4026 0.9154
vn 0.0049 -0.4693 0.8830
vn -0.0012 -0.4813 0.8765
vn -0.0035 -0.4813 0.8766
vn 0.0003 -0.4921 0.8706
vn -0.0057 -0.4774 0.8787
vn -0.0005 -0.4927 0.8702
vn 0.0077 -0.5546 0.8321
vn 0.0046 -0.5144 0.8575
vn 0.0011 -0.5521 0.8338
vn 0.0042 -0.5920 0.8059
vn 0.0077 -0.6029 0.7978
vn 0.0078 -0.6031 0.7976
vn 0.0076 -0.6028 0.7979
vn 0.0009 -0.6084 0.7936
vn 0.0019 -0.6087 0.7934
vn 0.0014 -0.6087 0.7934
vn 0.0022 -0.6689 0.7434
vn 0.0018 -0.6671 0.7450
vn 0.0043 -0.6951 0.7189
vn 0.0052 -0.6985 0.7156
vn -0.0004 -0.6093 0.7930
vn 0.0004 -0.6086 0.7935
vn 0.0001 -0.6088 0.7934
vn -0.0012 -0.6711 0.7413
vn -0.0000 -0.7008 0.7134
vn 0.0018 -0.7569 0.6535
vn 0.0017 -0.7565 0.6539
vn -0.0021 -0.8010 0.5986
vn -0.0002 -0.8053 0.5929
vn 0.0008 -0.8522 0.5231
vn 0.0023 -0.7756 0.6312
vn -0.0017 -0.8898 0.4563
vn -0.0020 -0.8866 0.4626
vn -0.0016 -0.8898 0.4564
vn -0.0168 -0.9094 0.4157
vn 0.0048 -0.9244 0.3813
vn -0.0026 -0.9147 0.4040
vn 0.0215 -0.9189 0.3940
vn 0.0037 -0.9259 0.3777
vn -0.0033 -0.9259 0.3777
vn -0.0023 -0.8598 0.5106
vn -0.0005 -0.8286 0.5599
vn 0.0012 -0.8855 0.4646
vn -0.0025 -0.8876 0.4606
vn -0.0068 -0.8625 0.5060
vn 0.0008 -0.8636 0.5042
vn 0.0018 -0.8547 0.5191
vn -0.0027 -0.9253 0.3792
vn -0.0027 -0.9254 0.3789
vn 0.0030 0.1278 0.9918
vn -0.0067 0.1910 0.9816
vn 0.0005 0.1847 0.9828
vn 0.0001 0.2588 0.9659
vn -0.0000 0.2589 0.9659
vn 0.0005 0.2586 0.9660
vn -0.0006 -0.0132 0.9999
vn -0.0009 -0.0125 0.9999
vn -0.0011 -0.0110 0.9999
vn -0.0036 -0.1354 0.9908
vn -0.0098 -0.0918 0.9957
vn -0.0087 -0.1074 0.9942
vn -0.0012 -0.1986 0.9801
vn 0.0036 -0.1244 0.9922
vn 0.0007 -0.1809 0.9835
vn 0.0006 -0.1881 0.9821
vn 0.0022 -0.1884 0.9821
vn 0.0012 -0.2497 0.9683
vn 0.0024 -0.2515 0.9678
vn 0.0022 -0.2514 0.9679
vn -0.0001 -0.2425 0.9701
vn 0.0048 -0.2491 0.9685
vn 0.0019 -0.2483 0.9687
vn 0.0060 -0.3204 0.9473
vn -0.0013 -0.3775 0.9260
vn 0.0063 -0.2469 0.9690
vn 0.0049 -0.2035 0.9791
vn 0.0047 -0.1923 0.9813
vn 0.0035 -0.1385 0.9904
vn -0.0066 -0.2276 0.9737
vn -0.0045 -0.3155 0.9489
vn -0.0051 -0.3163 0.9486
vn -0.0127 -0.3154 0.9489
vn 0.0005 -0.3090 0.9511
vn 0.0021 -0.3494 0.9370
vn 0.0032 -0.3646 0.9312
vn 0.0058 -0.3069 0.9517
vn 0.0120 -0.4147 0.9099
vn -0.0035 -0.1981 0.9802
vn -0.0018 -0.1368 0.9906
vn 0.0160 -0.0532 0.9985
vn -0.0099 -0.0885 0.9960
vn -0.0092 -0.0728 0.9973
vn -0.0023 -0.0649 0.9979
vn -0.0041 -0.0317 0.9995
vn 0.0015 -0.0194 0.9998
vn 0.0005 -0.0324 0.9995
vn 0.0126 0.0125 0.9998
vn -0.0378 0.0319 0.9988
vn -0.0045 0.1191 0.9929
vn 0.0142 0.1825 0.9831
vn 0.0025 0.1776 0.9841
vn 0.0088 0.1868 0.9824
vn 0.0089 0.1868 0.9824
vn 0.0082 0.1867 0.9824
vn 0.0053 0.0809 0.9967
vn 0.0050 0.0813 0.9967
vn 0.0057 0.0808 0.9967
vn 0.0340 0.0414 0.9986
vn -0.0074 0.1076 0.9942
vn -0.0130 0.1939 0.9809
vn -0.0131 0.1936 0.9810
vn -0.0128 0.1947 0.9808
vn -0.0033 0.2687 0.9632
vn -0.0098 0.2686 0.9632
vn -0.0114 0.2927 0.9561
vn -0.0009 0.2725 0.9622
vn -0.0068 0.3128 0.9498
vn 0.0180 0.3063 0.9518
vn 0.0037 0.2913 0.9566
vn 0.0080 0.3364 0.9417
vn 0.0050 0.3805 0.9248
vn 0.0056 0.3963 0.9181
vn -0.0024 0.3951 0.9186
vn 0.0032 0.4368 0.8995
vn 0.0125 0.4277 0.9038
vn 0.0002 0.4287 0.9034
vn 0.0022 0.3318 0.9434
vn 0.0021 0.3388 0.9409
vn 0.0019 0.3311 0.9436
vn 0.0226 0.2308 0.9727
vn 0.0088 -0.0695 0.9975
vn 0.0121 -0.0655 0.9978
vn 0.0137 -0.0745 0.9971
vn 0.0183 -0.0118 0.9998
vn 0.0084 -0.1828 0.9831
vn -0.0001 -0.0851 0.9964
vn -0.0017 -0.0861 0.9963
vn -0.0002 -0.0851 0.9964
vn -0.0003 -0.0056 1.0000
vn -0.0003 -0.0055 1.0000
vn 0.0002 -0.0043 1.0000
vn 0.0007 -0.0044 1.0000
vn 0.0005 -0.0043 1.0000
vn -0.0025 -0.0913 0.9958
vn -0.0023 -0.0891 0.9960
vn 0.0048 -0.0839 0.9965
vn 0.0128 -0.1836 0.9829
vn 0.0066 -0.4297 0.9030
vn -0.0103 -0.3821 0.9241
vn -0.0090 -0.3825 0.9239
vn -0.0117 -0.4003 0.9163
vn 0.0108 -0.4379 0.8990
vn 0.0114 -0.4355 0.9001
vn 0.0118 -0.4317 0.9019
vn -0.0085 -0.4752 0.8798
vn 0.0027 -0.5133 0.8582
vn 0.0066 -0.4760 0.8794
vn 0.0043 -0.4543 0.8908
vn 0.0074 0.3570 0.9341
vn -0.0002 0.3565 0.9343
vn 0.0007 0.3569 0.9341
vn -0.0000 0.4601 0.8879
vn 0.0018 0.3946 0.9188
vn -0.0024 0.4331 0.9013
vn 0.0033 0.5218 0.8531
vn -0.0032 0.5029 0.8644
vn 0.0032 0.5342 0.8453
vn -0.0058 0.5902 0.8073
vn -0.0049 0.6439 0.7651
vn 0.0020 0.6359 0.7718
vn 0.0048 0.5918 0.8061
vn -0.0023 0.6955 0.7185
vn 0.0053 0.7179 0.6962
vn 0.0003 0.7378 0.6750
vn 0.0006 0.8100 0.5864
vn 0.0023 0.7564 0.6541
vn 0.0046 0.8522 0.5232
vn 0.0059 0.8480 0.5300
vn 0.0019 0.8762 0.4819
vn -0.0036 0.8828 0.4697
vn -0.0024 0.8071 0.5904
vn -0.0028 0.7361 0.6769
vn -0.0014 0.7322 0.6811
vn 0.0015 0.6796 0.7336
vn 0.0019 0.6785 0.7346
vn 0.0018 0.6792 0.7340
vn 0.0002 0.6395 0.7688
vn -0.0004 0.6787 0.7345
vn 0.0017 0.6086 0.7935
vn -0.0012 0.4973 0.8676
vn 0.0015 0.4695 0.8829
vn -0.0051 0.4361 0.8999
vn -0.0057 0.4359 0.9000
vn -0.0040 0.4368 0.8995
vn -0.0056 0.4313 0.9022
vn -0.0092 0.4363 0.8997
vn -0.0050 0.3678 0.9299
vn -0.0046 0.3677 0.9299
vn -0.0091 0.3518 0.9360
vn -0.0004 0.3748 0.9271
vn 0.0072 0.4207 0.9072
vn 0.0086 0.4974 0.8675
vn 0.0056 0.5535 0.8328
vn 0.0058 0.5543 0.8323
vn 0.0054 0.5555 0.8315
vn -0.0024 0.5076 0.8616
vn 0.0059 0.5620 0.8271
vn 0.0009 0.5542 0.8324
vn -0.0007 0.5555 0.8315
vn -0.0020 0.5555 0.8315
vn -0.0082 0.5548 0.8319
vn -0.0026 0.5530 0.8332
vn -0.0092 0.5147 0.8574
vn -0.0068 0.4254 0.9050
vn 0.0033 0.4258 0.9048
vn 0.0011 0.4191 0.9080
vn -0.0000 0.4029 0.9152
vn -0.0068 0.3743 0.9273
vn 0.0032 0.4359 0.9000
vn -0.0005 0.4847 0.8747
vn 0.0005 0.4549 0.8905
vn 0.0045 0.5050 0.8631
vn 0.0060 0.5073 0.8618
vn -0.0050 0.5164 0.8563
vn 0.0001 0.5494 0.8356
vn -0.0000 0.5537 0.8327
vn -0.0004 0.5491 0.8358
vn 0.0009 0.6122 0.7907
vn -0.0001 0.6109 0.7917
vn -0.0010 0.6108 0.7918
vn -0.0047 0.6430 0.7658
vn 0.0014 0.7329 0.6803
vn -0.0002 0.7322 0.6811
vn -0.0000 0.7322 0.6811
vn 0.0034 0.7792 0.6268
vn -0.0043 0.7799 0.6259
vn 0.0021 0.6981 0.7160
vn 0.0023 0.5835 0.8121
vn 0.0043 0.5595 0.8288
vn 0.0023 0.5138 0.8579
vn -0.0084 0.5383 0.8427
vn -0.0018 0.7363 0.6766
vn -0.0020 0.7804 0.6252
vn -0.0007 0.7810 0.6245
vn -0.0014 0.7805 0.6251
vn -0.0001 0.9388 0.3445
vn 0.0057 0.9394 0.3427
vn 0.0019 0.9492 0.3148
vn 0.0006 0.9265 0.3764
vn 0.0019 0.8859 0.4639
vn -0.0008 0.8868 0.4621
vn -0.0061 0.8770 0.4805
vn 0.0043 0.8739 0.4861
vn -0.0027 0.8623 0.5064
vn -0.0001 0.8612 0.5083
vn -0.0015 0.8614 0.5080
vn -0.0076 0.8863 0.4630
vn -0.0013 0.9150 0.4035
vn 0.0040 0.9321 0.3622
vn -0.0083 0.8332 0.5529
vn 0.0001 0.8452 0.5344
vn 0.0026 0.7756 0.6312
vn -0.0077 0.7704 0.6375
vn -0.0044 0.7794 0.6265
vn -0.0000 0.9420 0.3357
vn -0.0044 0.9482 0.3176
vn -0.0058 0.9652 0.2613
vn -0.0097 0.9670 0.2545
vn -0.0039 0.9797 0.2004
vn 0.0089 0.9923 0.1233
vn -0.0071 0.9926 0.1210
vn -0.0072 0.9926 0.1215
vn 0.0012 0.9990 0.0455
vn -0.0055 0.9988 0.0495
vn 0.0037 0.9986 0.0526
vn -0.0076 0.9993 0.0372
vn -0.0075 0.9992 0.0384
vn -0.0004 0.9986 0.0519
vn 0.0038 0.9926 0.1213
vn 0.0037 0.9907 0.1358
vn -0.0004 0.9924 0.1234
vn 0.0010 0.9991 0.0417
vn -0.0044 0.9989 0.0476
vn -0.0003 0.9992 0.0406
vn 0.0010 0.9987 0.0506
vn -0.0002 0.9987 0.0514
vn -0.0014 0.9987 0.0510
vn 0.0055 0.9899 0.1418
vn -0.0010 0.9929 0.1188
vn 0.0167 0.9869 0.1603
vn 0.0059 0.9723 0.2335
vn -0.0072 0.9693 0.2456
vn -0.0032 -0.0370 0.9993
vn 0.0004 -0.0929 0.9957
vn 0.0031 -0.0912 0.9958
vn -0.0047 -0.0178 0.9998
vn 0.0026 -0.1867 0.9824
vn 0.0033 -0.1863 0.9825
vn 0.0024 -0.1866 0.9824
vn -0.0117 -0.1102 0.9938
vn 0.0034 -0.1878 0.9822
vn 0.0035 -0.1875 0.9822
vn 0.0034 -0.1880 0.9822
vn 0.0020 -0.2666 0.9638
vn -0.0014 -0.2658 0.9640
vn -0.0049 -0.2619 0.9651
vn 0.0017 -0.2597 0.9657
vn 0.0003 -0.2515 0.9679
vn -0.0033 -0.2606 0.9654
vn -0.0053 -0.4595 0.8882
vn -0.0042 -0.3259 0.9454
vn 0.0039 -0.3712 0.9285
vn -0.0069 -0.4331 0.9013
vn -0.0066 -0.4401 0.8979
vn -0.0085 -0.3142 0.9493
vn 0.0029 -0.2652 0.9642
vn -0.0053 -0.3839 0.9234
vn -0.0089 -0.1016 0.9948
vn 0.0036 -0.0078 1.0000
vn -0.0010 -0.0145 0.9999
vn 0.0073 -0.0163 0.9998
vn -0.0032 -0.0098 0.9999
vn -0.0038 -0.0101 0.9999
vn 0.0065 -0.0089 0.9999
vn -0.0034 0.0692 0.9976
vn -0.0042 0.0679 0.9977
vn -0.0040 0.0683 0.9977
vn -0.0073 -0.0143 0.9999
vn 0.0001 -0.0179 0.9998
vn -0.0073 -0.0147 0.9999
vn -0.0000 0.0177 0.9998
vn -0.0021 0.0424 0.9991
vn -0.0125 0.0759 0.9970
vn -0.0157 -0.0541 0.9984
vn 0.0152 -0.2872 0.9578
vn 0.0069 -0.2731 0.9620
vn 0.0147 -0.2563 0.9665
vn -0.0008 -0.1019 0.9948
vn -0.0090 -0.1445 0.9895
vn -0.0019 -0.1922 0.9814
vn 0.0010 -0.1955 0.9807
vn 0.0022 -0.1962 0.9806
vn -0.0004 -0.1885 0.9821
vn 0.0105 -0.2528 0.9675
vn -0.0061 -0.3142 0.9493
vn 0.0146 -0.3302 0.9438
vn 0.0107 -0.3234 0.9462
vn 0.0131 -0.3262 0.9452
vn 0.0087 -0.3199 0.9474
vn -0.0051 -0.3087 0.9511
vn 0.0068 -0.1004 0.9949
vn -0.0121 0.0880 0.9960
vn -0.0147 0.2255 0.9741
vn -0.0001 0.1882 0.9821
vn 0.0021 0.2262 0.9741
vn -0.0056 0.1691 0.9856
vn 0.0083 0.1573 0.9875
vn 0.0051 0.2229 0.9748
vn -0.0000 0.3217 0.9469
vn -0.0126 0.2691 0.9630
vn 0.0024 0.3114 0.9503
vn -0.0002 0.3968 0.9179
vn 0.0040 0.3465 0.9381
vn -0.0050 0.2624 0.9650
vn -0.0036 0.2611 0.9653
vn -0.0034 0.2610 0.9653
vn 0.0005 0.1861 0.9825
vn 0.0037 0.1840 0.9829
vn -0.0012 0.1864 0.9825
vn -0.0015 0.1013 0.9949
vn 0.0002 0.0843 0.9964
vn -0.0025 0.1016 0.9948
vn 0.0041 0.1870 0.9824
vn 0.0052 0.1838 0.9830
vn 0.0052 0.1843 0.9829
vn -0.0125 0.1977 0.9802
vn -0.0124 0.1983 0.9801
vn -0.0124 0.1980 0.9801
vn -0.0068 0.1961 0.9806
vn -0.0104 0.1653 0.9862
vn -0.0093 0.1641 0.9864
vn 0.0041 0.0861 0.9963
vn 0.0010 0.0892 0.9960
vn 0.0029 0.0882 0.9961
vn -0.0026 0.2194 0.9756
vn 0.0013 0.2741 0.9617
vn 0.0123 0.1625 0.9866
vn 0.0066 0.0727 0.9973
vn -0.0038 -0.0122 0.9999
vn -0.0040 -0.0137 0.9999
vn 0.0020 -0.0084 1.0000
vn -0.0032 0.0282 0.9996
vn -0.0012 0.0358 0.9994
vn -0.0013 0.0357 0.9994
vn 0.0010 0.0881 0.9961
vn -0.0019 0.2542 0.9672
vn -0.0029 0.2560 0.9667
vn -0.0004 0.2535 0.9673
vn -0.0053 0.0886 0.9961
vn 0.0017 0.0925 0.9957
vn -0.0055 0.0891 0.9960
vn -0.0009 0.1492 0.9888
vn 0.0019 0.1801 0.9836
vn 0.0019 0.1734 0.9848
vn 0.0067 0.2324 0.9726
vn -0.0078 0.2008 0.9796
vn 0.0040 0.2255 0.9742
vn 0.0009 0.2552 0.9669
vn 0.0028 0.2551 0.9669
vn 0.0038 0.2621 0.9650
vn -0.0037 0.3355 0.9420
vn -0.0000 0.3372 0.9414
vn -0.0020 0.3353 0.9421
vn -0.0026 0.3494 0.9370
vn -0.0080 0.3645 0.9312
vn -0.0046 0.3657 0.9307
vn 0.0018 0.4098 0.9122
vn -0.0008 0.4100 0.9121
vn 0.0023 0.4087 0.9127
vn -0.0028 0.4299 0.9029
vn -0.0012 0.4301 0.9028
vn -0.0030 0.4362 0.8998
vn 0.0072 0.4994 0.8663
vn 0.0020 0.4507 0.8927
vn 0.0011 0.4997 0.8662
vn 0.0045 0.5370 0.8435
vn -0.0055 0.5565 0.8308
vn -0.0087 0.4969 0.8678
vn -0.0044 0.4436 0.8962
vn -0.0042 0.4443 0.8959
vn -0.0050 0.4430 0.8965
vn 0.0073 0.4261 0.9047
vn 0.0092 0.4351 0.9003
vn -0.0009 0.4337 0.9010
vn 0.0206 -0.0372 0.9991
vn 0.0167 -0.0421 0.9990
vn 0.0064 -0.0411 0.9991
vn 0.0011 0.0190 0.9998
vn 0.0070 0.0206 0.9998
vn -0.0004 0.0344 0.9994
vn -0.0027 0.0695 0.9976
vn 0.0050 0.0816 0.9967
vn 0.0167 0.1000 0.9949
vn -0.0047 0.0537 0.9985
vn -0.0019 0.0306 0.9995
vn 0.0152 0.0659 0.9977
vn -0.0105 0.1190 0.9928
vn 0.0240 0.1081 0.9938
vn 0.0127 0.0951 0.9954
vn 0.0050 0.3388 0.9409
vn 0.0055 0.2668 0.9637
vn 0.0009 0.3167 0.9485
vn -0.0017 0.2031 0.9792
vn 0.0007 0.1949 0.9808
vn -0.0010 0.1959 0.9806
vn 0.0034 0.2431 0.9700
vn 0.0047 0.2208 0.9753
vn 0.0028 0.1937 0.9810
vn -0.0012 0.1957 0.9807
vn -0.0057 0.1850 0.9827
vn -0.0007 0.3132 0.9497
vn -0.0019 0.3699 0.9291
vn 0.0046 0.5491 0.8358
vn 0.0028 0.5515 0.8342
vn 0.0040 0.5505 0.8348
vn -0.0021 0.6527 0.7576
vn 0.0041 0.5918 0.8061
vn 0.0021 0.6342 0.7732
vn -0.0014 0.6533 0.7571
vn 0.0019 0.8911 0.4538
vn 0.0133 0.8809 0.4731
vn -0.0015 0.8908 0.4544
vn 0.0011 0.8684 0.4958
vn -0.0049 0.8540 0.5203
vn 0.0098 0.8548 0.5189
vn -0.0010 0.7716 0.6361
vn -0.0014 0.7716 0.6361
vn -0.0033 0.7722 0.6354
vn -0.0016 0.7695 0.6386
vn -0.0010 0.7695 0.6386
vn 0.0015 0.7701 0.6379
vn -0.0053 0.7991 0.6012
vn 0.0030 0.8150 0.5794
vn 0.0014 0.8156 0.5786
vn 0.0036 0.8360 0.5487
vn 0.0029 0.8192 0.5736
vn 0.0035 0.8959 0.4443
vn -0.0028 0.9086 0.4177
vn -0.0042 0.9189 0.3944
vn -0.0041 0.9300 0.3676
vn 0.0024 0.9539 0.3002
vn -0.0011 0.9399 0.3415
vn 0.0010 0.9555 0.2949
vn 0.0029 0.9576 0.2880
vn -0.0008 0.9580 0.2869
vn 0.0083 0.9804 0.1967
vn 0.0018 0.9737 0.2278
vn 0.0032 0.9739 0.2268
vn -0.0048 0.9930 0.1177
vn -0.0007 0.9910 0.1339
vn 0.0035 0.9914 0.1305
vn 0.0020 0.9823 0.1872
vn 0.0022 0.9796 0.2010
vn 0.0013 0.9909 0.1346
vn 0.0014 0.9644 0.2643
vn 0.0016 0.9992 0.0398
vn 0.0007 0.9992 0.0389
vn -0.0104 0.9995 0.0306
vn 0.0036 0.9997 -0.0223
vn 0.0032 0.9998 -0.0219
vn 0.0035 0.9997 -0.0222
vn 0.0156 0.9958 -0.0905
vn 0.0041 0.9917 -0.1283
vn -0.0003 0.9971 -0.0761
vn 0.0006 0.9997 -0.0256
vn -0.0006 0.9999 -0.0161
vn 0.0026 0.9998 -0.0179
vn 0.0004 0.9998 -0.0203
vn -0.0005 0.9998 -0.0203
vn -0.0006 0.9999 -0.0125
vn 0.0005 0.9998 -0.0212
vn 0.0005 0.9998 -0.0214
vn 0.0005 0.9998 -0.0213
vn 0.0017 0.9992 0.0393
vn 0.0011 0.9992 0.0391
vn 0.0098 0.9992 0.0383
vn 0.0084 0.9994 -0.0322
vn 0.0036 0.9998 -0.0172
vn 0.0122 0.9999 -0.0075
vn 0.0019 0.9976 -0.0692
vn 0.0004 0.9976 -0.0695
vn -0.0065 0.9989 -0.0469
vn -0.9760 0.1881 -0.1096
vn -0.7067 0.7032 0.0782
vn -0.3241 0.9382 0.1216
vn -0.9963 0.0859 -0.0016
vn -0.9969 0.0789 0.0021
vn -0.9963 0.0857 -0.0019
vn -0.6706 0.7384 -0.0706
vn -0.0029 0.9996 -0.0265
vn 0.0013 0.9997 -0.0256
vn -0.0021 0.9997 -0.0241
vn 0.0014 0.9990 0.0439
vn 0.0015 0.9990 0.0437
vn 0.0014 0.9990 0.0440
vn -0.0057 0.9992 0.0388
vn 0.0020 0.9992 0.0405
vn -0.0004 0.9991 0.0423
vn -0.0011 0.9895 0.1442
vn -0.0001 0.9906 0.1368
vn -0.0019 0.9906 0.1366
vn 0.0041 0.9814 0.1921
vn 0.0017 0.9762 0.2171
vn -0.0016 0.9765 0.2153
vn 0.0042 0.9905 0.1376
vn -0.0005 0.9899 0.1420
vn -0.0031 0.9846 0.1747
vn 0.0008 0.9553 0.2955
vn 0.0137 0.9459 0.3241
vn 0.0007 0.9450 0.3270
vn 0.0016 0.9896 0.1438
vn 0.0011 0.9888 0.1495
vn 0.0004 0.9888 0.1492
vn -0.0062 0.9893 0.1457
vn -0.0022 0.9990 0.0454
vn -0.0021 0.9991 0.0431
vn -0.0022 0.9990 0.0436
vn 0.0057 -0.1036 0.9946
vn -0.0010 -0.1015 0.9948
vn 0.0009 -0.1076 0.9942
vn 0.0019 -0.1149 0.9934
vn -0.0016 -0.0428 0.9991
vn -0.0020 -0.0430 0.9991
vn -0.0002 -0.0337 0.9994
vn 0.0006 -0.0335 0.9994
vn 0.0049 -0.1168 0.9931
vn 0.0034 -0.1834 0.9830
vn 0.0058 -0.1838 0.9829
vn -0.0022 -0.1937 0.9811
vn 0.0053 -0.2600 0.9656
vn -0.0028 -0.3113 0.9503
vn 0.0010 -0.2676 0.9635
vn 0.0047 -0.3548 0.9349
vn 0.0098 -0.3401 0.9403
vn 0.0085 -0.3223 0.9466
vn -0.0013 -0.5378 0.8431
vn -0.8484 -0.2438 0.4698
vn -0.0058 -0.4925 0.8703
vn 0.0047 -0.5336 0.8457
vn 0.0050 -0.5566 0.8307
vn 0.0148 -0.6091 0.7930
vn -0.0234 -0.6047 0.7961
vn 0.0122 -0.6392 0.7689
vn 0.0105 -0.5479 0.8364
vn 0.0044 -0.5545 0.8321
vn 0.0011 -0.5495 0.8355
vn -0.5191 -0.5311 0.6697
vn -0.6547 -0.5974 0.4632
vn -0.7136 -0.4195 0.5611
vn 0.0011 -0.6973 0.7168
vn -0.0002 -0.6016 0.7988
vn -0.0008 -0.6029 0.7978
vn -0.0010 -0.6035 0.7974
vn 0.0015 -0.6405 0.7679
vn -0.2543 -0.7363 0.6270
vn 0.0006 -0.5713 0.8207
vn -0.0013 -0.5219 0.8530
vn 0.0018 -0.6381 0.7700
vn -0.0043 -0.6980 0.7161
vn 0.0001 -0.5455 0.8381
vn -0.0008 -0.5595 0.8288
vn 0.0126 -0.5667 0.8238
vn -0.0017 -0.6104 0.7921
vn -0.0015 -0.6414 0.7672
vn -0.0007 -0.5230 0.8523
vn 0.0007 -0.5411 0.8410
vn 0.0078 -0.5316 0.8470
vn -0.0002 -0.6046 0.7966
vn 0.0002 -0.6049 0.7963
vn -0.0004 -0.6044 0.7966
vn -0.0025 -0.6987 0.7154
vn 0.0028 -0.6373 0.7706
vn -0.0022 -0.7590 0.6511
vn 0.0002 -0.7873 0.6165
vn 0.0018 -0.7572 0.6532
vn 0.0009 -0.7816 0.6238
vn 0.0084 -0.7472 0.6645
vn 0.0009 -0.8209 0.5711
vn 0.0011 -0.8206 0.5714
vn 0.0009 -0.8199 0.5724
vn 0.0046 -0.8287 0.5597
vn -0.0025 -0.8599 0.5105
vn -0.0018 -0.8528 0.5222
vn -0.0003 -0.8735 0.4868
vn 0.0025 -0.8606 0.5093
vn 0.0041 -0.8774 0.4798
vn 0.0041 -0.8875 0.4609
vn -0.0014 -0.8682 0.4962
vn -0.0023 -0.9131 0.4078
vn -0.0036 -0.9143 0.4051
vn -0.0036 -0.9147 0.4040
vn 0.0041 -0.9441 0.3295
vn 0.0001 -0.9431 0.3326
vn 0.0021 -0.9433 0.3321
vn -0.0012 -0.9662 0.2576
vn -0.0020 -0.9822 0.1877
vn 0.0008 -0.9666 0.2564
vn -0.0025 -0.9742 0.2259
vn 0.0036 -0.9443 0.3292
vn 0.0035 -0.9445 0.3286
vn -0.0199 -0.9466 0.3219
vn 0.0002 -0.9115 0.4114
vn -0.0013 -0.9119 0.4104
vn -0.0004 -0.9116 0.4112
vn 0.0026 -0.9271 0.3749
vn 0.0019 -0.9388 0.3443
vn 0.0012 -0.9105 0.4135
vn 0.0031 -0.8303 0.5573
vn 0.0019 -0.8206 0.5715
vn -0.0034 -0.8214 0.5703
vn 0.0044 -0.8083 0.5888
vn 0.0020 -0.7611 0.6487
vn 0.0044 -0.8317 0.5553
vn -0.0013 0.0363 0.9993
vn -0.0009 0.0353 0.9994
vn -0.0013 0.0369 0.9993
vn -0.0006 0.1961 0.9806
vn 0.0028 0.1937 0.9811
vn 0.0013 0.1957 0.9807
vn -0.0026 0.2597 0.9657
vn -0.0016 0.2581 0.9661
vn -0.0002 0.2576 0.9662
vn 0.0021 0.3489 0.9371
vn -0.0030 0.4314 0.9021
vn 0.0054 0.0343 0.9994
vn -0.0017 0.0376 0.9993
vn -0.0027 0.0315 0.9995
vn 0.0102 0.3369 0.9415
vn -0.0110 0.2567 0.9664
vn -0.0007 0.2554 0.9668
vn -0.0025 0.2562 0.9666
vn -0.0016 0.1212 0.9926
vn 0.0058 0.1568 0.9876
vn 0.0004 0.1949 0.9808
vn 0.0016 0.3359 0.9419
vn 0.0002 0.4301 0.9028
vn 0.0027 0.4295 0.9031
vn 0.0046 0.4268 0.9043
vn 0.0015 0.4915 0.8709
vn -0.0008 0.4939 0.8695
vn -0.0001 0.4923 0.8704
vn -0.0005 0.4157 0.9095
vn 0.0041 0.4129 0.9108
vn 0.0035 0.4174 0.9087
vn 0.0075 0.5540 0.8325
vn 0.0076 0.5541 0.8324
vn 0.0052 0.5129 0.8585
vn -0.0346 0.5321 0.8460
vn 0.0070 0.4847 0.8747
vn -0.0016 0.2566 0.9665
vn -0.0002 0.2563 0.9666
vn -0.0069 0.2564 0.9665
vn 0.0042 0.2470 0.9690
vn 0.0099 0.2780 0.9605
vn 0.0032 0.2860 0.9582
vn 0.0062 0.2895 0.9572
vn 0.0055 0.3428 0.9394
vn -0.0162 0.3004 0.9537
vn 0.0068 0.3465 0.9380
vn 0.0072 0.3297 0.9441
vn -0.0019 0.3435 0.9391
vn 0.0067 0.3631 0.9317
vn 0.0074 0.4167 0.9090
vn 0.0054 0.4097 0.9122
vn 0.0040 0.4770 0.8789
vn 0.0115 0.4811 0.8766
vn -0.0021 0.4820 0.8762
vn -0.0139 0.2417 0.9703
vn 0.0142 0.4080 0.9129
vn -0.6341 0.1910 0.7493
vn -0.0076 0.3542 0.9351
vn -0.0091 0.5314 0.8471
vn -1.0000 0.0001 -0.0002
vn -1.0000 -0.0000 0.0002
vn -1.0000 -0.0000 -0.0001
vn -0.9783 0.0713 0.1944
vn -0.9563 0.0124 0.2920
vn -1.0000 -0.0010 0.0030
vn -0.9999 0.0032 0.0097
vn -0.9999 0.0020 0.0103
vn 0.0128 0.0333 0.9994
vn -0.8575 0.0918 0.5062
vn -0.9971 0.0306 0.0692
vn -0.0013 0.0780 0.9970
vn -0.7510 -0.2252 0.6208
vn -0.9999 -0.0095 0.0069
vn -0.9963 -0.0272 0.0813
vn -0.9964 -0.0196 0.0830
vn -0.9961 -0.0274 0.0840
vn -0.0131 -0.1843 0.9828
vn -0.0084 -0.1758 0.9844
vn -0.0285 -0.1652 0.9858
vn 0.0053 -0.1986 0.9801
vn -0.0028 -0.0591 0.9982
vn -0.0068 -0.0295 0.9995
vn -0.0233 -0.0573 0.9981
vn 0.0030 -0.1180 0.9930
vn -0.0124 -0.1365 0.9906
vn -0.0174 -0.1394 0.9901
vn -0.9985 0.0001 0.0542
vn -0.9970 0.0033 0.0775
vn -1.0000 0.0014 -0.0024
vn -1.0000 -0.0006 0.0008
vn 0.1051 0.2629 0.9591
vn -0.0027 0.0078 1.0000
vn 0.0010 -0.0396 0.9992
vn -0.0005 -0.0402 0.9992
vn -0.0038 -0.0448 0.9990
vn 0.0024 -0.0327 0.9995
vn 0.0096 -0.0159 0.9998
vn 0.0016 -0.0123 0.9999
vn -0.0091 0.0265 0.9996
vn -0.0167 0.0268 0.9995
vn 0.0008 0.0276 0.9996
vn -0.0128 0.0212 0.9997
vn -0.0045 0.0283 0.9996
vn -0.0040 0.0282 0.9996
vn 0.3678 -0.5683 0.7360
vn 0.3636 -0.5751 0.7329
vn 0.3669 -0.5144 0.7751
vn 0.3560 -0.5501 0.7554
vn 0.3624 -0.5891 0.7223
vn 0.3463 -0.6168 0.7068
vn 0.3616 -0.5783 0.7314
vn 0.3790 -0.4936 0.7828
vn 0.4297 -0.3217 0.8437
vn 0.4404 -0.1053 0.8916
vn 0.4388 0.0938 0.8937
vn 0.4298 0.2846 0.8569
vn 0.3392 0.6098 0.7163
vn 0.3572 0.6134 0.7044
vn 0.3571 0.6135 0.7043
vn 0.3566 0.6148 0.7035
vn 0.3826 0.4464 0.8089
vn 0.3879 0.4767 0.7888
vn 0.4011 0.4737 0.7841
vn 0.4178 0.2237 0.8805
vn 0.3971 -0.4796 0.7825
vn 0.3799 -0.5232 0.7628
vn 0.4056 -0.2688 0.8737
vn 0.4261 0.1311 0.8951
vn 0.3823 0.3835 0.8407
vn 0.3579 0.5570 0.7495
vn 0.3208 0.6538 0.6853
vn 0.3207 0.6541 0.6851
vn 0.3216 0.6456 0.6927
vn 0.5458 0.3088 0.7790
vn 0.3111 0.6915 0.6519
vn 0.3000 0.6964 0.6519
vn 0.3001 0.7039 0.6438
vn 0.3318 0.6637 0.6704
vn 0.3616 0.5707 0.7373
vn 0.4055 0.3850 0.8291
vn 0.4363 0.1763 0.8824
vn 0.4257 -0.2857 0.8586
vn 0.4449 -0.0586 0.8937
vn 0.3490 -0.6273 0.6962
vn 0.3309 -0.6421 0.6915
vn 0.3613 -0.6137 0.7021
vn 0.2777 0.1750 0.9446
vn 0.3167 0.2120 0.9245
vn 0.0018 0.1842 0.9829
vn 0.0005 0.0680 0.9977
vn 0.0004 0.0760 0.9971
vn -0.0013 0.0682 0.9977
vn -0.0017 0.0970 0.9953
vn -0.0016 0.0970 0.9953
vn -0.0082 0.0920 0.9957
vn 0.0047 0.0423 0.9991
vn -0.0003 0.0428 0.9991
vn -0.0019 0.0117 0.9999
vn 0.0033 -0.0165 0.9999
vn -0.0009 -0.0165 0.9999
vn 0.0023 -0.0554 0.9985
vn -0.0024 -0.0144 0.9999
vn -0.0014 -0.0301 0.9995
vn -0.0003 -0.0300 0.9996
vn -0.0022 -0.1821 0.9833
vn 0.0042 -0.1805 0.9836
vn 0.0008 -0.1828 0.9831
vn 0.0004 -0.2533 0.9674
vn 0.6019 0.1401 0.7862
vn 0.6157 0.1224 0.7784
vn 0.6026 0.1413 0.7854
vn 0.6061 0.0566 0.7934
vn 0.6045 0.0417 0.7955
vn 0.6058 0.0406 0.7946
vn 0.6127 -0.0080 0.7903
vn 0.3603 -0.0961 0.9279
vn 0.6236 0.0952 0.7759
vn 0.3326 0.0986 0.9379
vn 0.3157 0.1763 0.9323
vn 0.6133 0.1678 0.7718
vn 0.2996 0.2589 0.9182
vn 0.3769 0.2660 0.8872
vn 0.3015 0.3424 0.8899
vn 0.3225 0.3609 0.8751
vn -0.0116 0.3670 0.9301
vn -0.0021 0.4102 0.9120
vn -0.0098 0.4092 0.9124
vn -0.0020 0.4101 0.9120
vn 0.3248 0.4311 0.8418
vn 0.3286 0.4948 0.8045
vn 0.3253 0.6070 0.7251
vn 0.1989 0.6726 0.7128
vn 0.6051 0.5964 0.5274
vn 0.6028 0.5986 0.5275
vn 0.6037 0.5979 0.5273
vn 0.5942 0.6523 0.4706
vn 0.6041 0.6671 0.4359
vn 0.6043 0.6482 0.4633
vn 0.4053 0.7268 0.5545
vn 0.6173 0.6641 0.4217
vn 0.6089 0.6685 0.4270
vn 0.6108 0.6729 0.4174
vn 0.3117 0.8545 0.4155
vn 0.6013 0.6964 0.3918
vn 0.2519 0.8807 0.4012
vn 0.6073 0.7939 0.0315
vn 0.6106 0.7911 0.0372
vn 0.6058 0.7951 0.0300
vn 0.6058 0.7946 -0.0399
vn 0.6067 0.7938 -0.0411
vn 0.6067 0.7939 -0.0411
vn 0.6040 0.7967 -0.0227
vn 0.6023 0.7977 -0.0302
vn 0.6038 0.7968 -0.0227
vn 0.6237 0.7789 0.0656
vn 0.6048 0.7962 0.0187
vn 0.6190 0.7853 0.0147
vn 0.4867 0.8728 -0.0366
vn 0.6447 0.7596 -0.0862
vn 0.3333 0.9334 -0.1329
vn 0.4694 0.8757 0.1130
vn 0.0032 0.9999 0.0153
vn -0.0007 1.0000 0.0005
vn -0.0011 1.0000 0.0007
vn 0.0010 1.0000 -0.0037
vn 0.0012 1.0000 -0.0045
vn 0.0004 1.0000 -0.0075
vn -0.0000 0.9998 -0.0206
vn 0.0019 0.9998 -0.0188
vn -0.0019 0.9998 -0.0202
vn -0.0007 0.9993 0.0371
vn 0.0004 0.9993 0.0364
vn 0.0066 0.9987 0.0513
vn 0.0057 0.9996 -0.0272
vn -0.0025 0.9996 -0.0280
vn 0.0057 0.9998 -0.0164
vn 0.0006 0.9458 0.3247
vn -0.0094 0.2939 0.9558
vn 0.0020 0.1846 0.9828
vn 0.0017 0.1846 0.9828
vn 0.0085 0.1893 0.9819
vn 0.0039 0.3105 0.9506
vn 0.0004 0.4292 0.9032
vn -0.0003 0.4294 0.9031
vn -0.0013 0.4307 0.9025
vn 0.0019 0.4174 0.9087
vn -0.0166 0.4959 0.8682
vn 0.0136 0.0942 0.9955
vn 0.0027 0.1907 0.9816
vn -0.0011 0.1930 0.9812
vn 0.0008 0.1910 0.9816
vn 0.0005 0.1825 0.9832
vn -0.0001 0.1829 0.9831
vn 0.0001 0.1827 0.9832
vn 0.0047 0.2672 0.9636
vn 0.0034 0.2596 0.9657
vn -0.0005 0.2591 0.9659
vn 0.0047 -0.4528 0.8916
vn 0.0024 -0.4198 0.9076
vn -0.0008 -0.4249 0.9052
vn 0.0004 -0.4246 0.9054
vn 0.0001 -0.4246 0.9054
vn -0.0041 -0.4311 0.9023
vn -0.0005 -0.4163 0.9092
vn -0.0045 -0.4311 0.9023
vn -0.0095 -0.4426 0.8967
vn -0.0050 -0.4654 0.8851
vn -0.0005 0.2759 0.9612
vn -0.0013 0.2834 0.9590
vn -0.0000 0.2761 0.9611
vn -0.0107 0.2060 0.9785
vn -0.0097 0.2060 0.9785
vn -0.0076 0.1950 0.9808
vn 0.0036 0.3336 0.9427
vn -0.0010 0.3562 0.9344
vn -0.0015 0.3725 0.9280
vn -0.0056 0.3720 0.9282
vn 0.0004 0.3633 0.9317
vn -0.0068 0.3649 0.9310
vn -0.0067 0.3709 0.9286
vn -0.0021 0.3569 0.9341
vn -0.0025 0.4228 0.9062
vn -0.0023 0.4226 0.9063
vn -0.0009 0.4216 0.9068
vn -0.0039 0.6461 0.7633
vn -0.0046 0.7517 0.6595
vn -0.0042 0.7499 0.6616
vn -0.0005 0.7966 0.6045
vn -0.0032 0.1937 0.9811
vn -0.0077 0.1890 0.9819
vn -0.0025 0.1806 0.9836
vn 0.0044 0.2626 0.9649
vn 0.0030 0.2689 0.9632
vn 0.0032 0.2602 0.9655
vn -0.0017 0.2091 0.9779
vn -0.0038 0.2032 0.9791
vn 0.0015 0.2027 0.9792
vn -0.0100 0.1770 0.9842
vn -0.0097 0.1833 0.9830
vn -0.0025 0.1861 0.9825
vn -0.0022 0.1616 0.9869
vn -0.0013 0.1150 0.9934
vn -0.0068 0.1313 0.9913
vn 0.0003 0.0821 0.9966
vn -0.0091 -0.0041 1.0000
vn -0.0098 -0.0051 0.9999
vn -0.0112 -0.0195 0.9997
vn 0.0003 0.2463 0.9692
vn -0.0034 0.2640 0.9645
vn -0.0145 -0.1183 0.9929
vn -0.0189 -0.2110 0.9773
vn -0.0055 -0.4042 0.9147
vn 0.0100 -0.3935 0.9193
vn -0.0018 -0.4052 0.9142
vn 0.0336 -0.5364 0.8433
vn 0.0055 -0.4242 0.9055
vn -0.0042 -0.3312 0.9436
vn 0.0019 -0.3149 0.9491
vn -0.0057 -0.3298 0.9440
vn 0.0068 0.0903 0.9959
vn -0.0100 0.3369 0.9415
vn -0.0101 0.3359 0.9418
vn -0.0090 0.3395 0.9406
vn -0.0012 0.3377 0.9413
vn 0.0025 0.3492 0.9371
vn -0.0012 0.4335 0.9012
vn -0.0048 0.4270 0.9042
vn -0.0023 0.4247 0.9053
vn -0.0036 0.4293 0.9031
vn -0.0032 0.4228 0.9062
vn -0.0011 0.4236 0.9058
vn -0.0073 0.4240 0.9056
vn -0.0019 0.4194 0.9078
vn -0.0073 0.4239 0.9057
vn 0.0020 0.0873 0.9962
vn -0.0059 -0.4825 0.8759
vn -0.0001 -0.4804 0.8771
vn -0.0008 -0.4805 0.8770
vn 0.0002 -0.4896 0.8720
vn -0.0029 -0.5539 0.8326
vn 0.0009 -0.5262 0.8504
vn -0.0053 -0.4340 0.9009
vn 0.0212 -0.4348 0.9003
vn 0.0015 -0.4213 0.9069
vn 0.0012 -0.5004 0.8658
vn -0.0022 -0.4797 0.8774
vn 0.0086 -0.5372 0.8434
vn 0.0003 -0.5628 0.8266
vn -0.0052 -0.6326 0.7744
vn -0.0044 -0.6975 0.7166
vn -0.0035 -0.6984 0.7157
vn -0.0032 -0.6363 0.7715
vn -0.0010 -0.7789 0.6272
vn -0.0047 -0.7794 0.6265
vn 0.0001 -0.7855 0.6188
vn -0.0003 -0.8108 0.5854
vn -0.0014 -0.7875 0.6163
vn -0.0026 -0.8191 0.5736
vn -0.0011 -0.8087 0.5882
vn 0.0037 -0.7561 0.6545
vn 0.0003 -0.7246 0.6892
vn 0.0020 -0.6351 0.7724
vn -0.0083 -0.5215 0.8532
vn -0.0002 -0.5964 0.8027
vn 0.0023 -0.4563 0.8898
vn -0.0093 -0.1939 0.9810
vn -0.0094 -0.1952 0.9807
vn -0.0203 -0.1914 0.9813
vn -0.0109 -0.2454 0.9694
vn -0.0087 -0.2498 0.9683
vn -0.0091 -0.2481 0.9687
vn -0.0237 -0.2494 0.9681
vn -0.0181 -0.2545 0.9669
vn -0.0177 -0.2545 0.9669
vn -0.0031 -0.4213 0.9069
vn -0.0033 -0.4207 0.9072
vn -0.0157 -0.4066 0.9135
vn -0.0019 -0.2517 0.9678
vn -0.0019 -0.2516 0.9678
vn -0.0084 -0.2560 0.9666
vn -0.0057 -0.3371 0.9415
vn -0.0045 -0.3401 0.9404
vn -0.0063 -0.3792 0.9253
vn 0.0042 -0.2644 0.9644
vn 0.0017 -0.2701 0.9628
vn 0.0038 -0.2659 0.9640
vn -0.0113 -0.3766 0.9263
vn -0.0059 -0.4482 0.8939
vn 0.0054 -0.3775 0.9260
vn -0.0051 -0.4405 0.8978
vn 0.0111 -0.4388 0.8985
vn 0.0125 -0.4220 0.9065
vn 0.0152 -0.4191 0.9078
vn 0.0132 -0.4066 0.9135
vn 0.0057 -0.4284 0.9036
vn 0.0051 -0.4645 0.8856
vn 0.0048 -0.4646 0.8855
vn 0.0047 -0.4646 0.8855
vn -0.0047 -0.6896 0.7241
vn 0.0015 -0.7220 0.6919
vn 0.0056 -0.7866 0.6174
vn -0.0002 -0.7858 0.6185
vn 0.0020 -0.7934 0.6086
vn -0.0025 -0.8473 0.5311
vn -0.0022 -0.8473 0.5312
vn -0.0037 -0.8476 0.5306
vn -0.0169 -0.8865 0.4624
vn 0.0030 -0.8794 0.4762
vn -0.0057 -0.8997 0.4366
vn 0.0055 -0.8644 0.5027
vn 0.0049 -0.8558 0.5172
vn -0.0022 -0.8564 0.5164
vn 0.0095 -0.8359 0.5488
vn -0.0013 -0.8228 0.5683
vn 0.0037 -0.8884 0.4591
vn -0.0003 -0.9180 0.3967
vn -0.0025 -0.9551 0.2963
vn -0.0021 -0.9618 0.2736
vn 0.0017 -0.9484 0.3170
vn -0.0035 -0.9187 0.3950
vn -0.0045 -0.9191 0.3940
vn -0.0040 -0.9188 0.3947
vn 0.0029 -0.8121 0.5835
vn 0.0017 -0.7812 0.6242
vn 0.0006 -0.7598 0.6501
vn 0.0015 -0.8779 0.4788
vn -0.0140 -0.1823 0.9831
vn 0.0044 -0.1910 0.9816
vn 0.0087 -0.1908 0.9816
vn -0.0006 -0.0926 0.9957
vn -0.0011 -0.0904 0.9959
vn -0.0016 -0.1861 0.9825
vn -0.0019 -0.1859 0.9826
vn -0.0275 -0.1672 0.9855
vn -0.0028 -0.0983 0.9952
vn -0.0009 -0.1848 0.9828
vn 0.0005 -0.1848 0.9828
vn -0.0022 -0.1841 0.9829
vn -0.0010 -0.2642 0.9645
vn -0.0001 -0.2715 0.9624
vn 0.0039 -0.2643 0.9644
vn -0.0015 -0.4418 0.8971
vn 0.0042 -0.4673 0.8841
vn 0.0019 -0.4658 0.8849
vn 0.0034 -0.4682 0.8836
vn -0.0065 -0.5388 0.8424
vn 0.0114 -0.5431 0.8396
vn 0.0120 -0.5413 0.8408
vn 0.0068 -0.4116 0.9113
vn 0.0043 -0.4463 0.8949
vn -0.0080 -0.4999 0.8661
vn -0.0141 -0.5134 0.8581
vn -0.0082 -0.5165 0.8562
vn -0.0017 -0.5355 0.8445
vn 0.0021 -0.5791 0.8152
vn -0.0044 -0.5436 0.8394
vn -0.0017 -0.6961 0.7179
vn -0.0036 -0.7278 0.6857
vn -0.0053 -0.8797 0.4754
vn -0.0018 -0.8795 0.4758
vn 0.0018 -0.8769 0.4807
vn -0.0021 -0.8725 0.4886
vn -0.0061 -0.8733 0.4871
vn -0.0068 -0.8701 0.4928
vn 0.0014 -0.8732 0.4874
vn -0.0003 -0.8728 0.4881
vn 0.0025 -0.8732 0.4873
vn 0.0031 -0.6735 0.7392
vn -0.0034 -0.6703 0.7421
vn 0.0056 -0.6729 0.7397
vn 0.0088 -0.9461 0.3238
vn 0.0009 -0.9883 0.1523
vn -0.0036 -0.9854 0.1701
vn 0.0064 -0.9938 0.1113
vn -0.0008 -0.9999 0.0125
vn -0.0014 -0.9999 0.0162
vn -0.0051 -0.9999 0.0124
vn -0.0056 -0.9092 0.4164
vn -0.0073 -0.9190 0.3943
vn -0.0002 -0.9125 0.4090
vn -0.0043 -0.9652 0.2615
vn 0.0007 -0.9671 0.2546
vn -0.0024 -0.9650 0.2622
vn 0.0054 -0.9781 0.2080
vn 0.0046 -0.9968 0.0796
vn 0.0049 -0.9960 0.0893
vn -0.0023 -0.9969 0.0788
vn 0.0008 -0.9993 -0.0376
vn -0.0015 -0.9993 -0.0378
vn 0.0047 -0.9982 -0.0604
vn -0.0033 -0.9991 0.0434
vn 0.0010 -0.9996 0.0278
vn 0.0050 -0.9991 0.0431
vn -0.0094 -0.9974 -0.0716
vn -0.0038 -0.9955 -0.0943
vn -0.0017 -0.9970 -0.0770
vn -0.0081 -0.9980 -0.0633
vn -0.0034 -0.9974 -0.0727
vn -0.0016 -0.9992 -0.0397
vn -0.0020 -0.9989 -0.0469
vn 0.0052 -0.9987 -0.0502
vn -0.0092 -0.9990 -0.0444
vn 0.0055 -0.9996 -0.0289
vn -0.0042 -0.9996 -0.0262
vn -0.0092 -0.9996 -0.0280
vn -0.0021 -0.9993 -0.0380
vn -0.0065 -0.9973 -0.0725
vn 0.0015 -0.9983 -0.0583
vn -0.0009 -0.9983 -0.0574
vn -0.0128 -0.9950 -0.0991
vn -0.0032 -0.9913 -0.1315
vn -0.0042 -0.9994 0.0341
vn -0.0036 -0.9993 0.0363
vn -0.0042 -0.9994 0.0334
vn 0.0060 -0.9910 0.1338
vn 0.0245 -0.9954 0.0932
vn -0.0020 -0.9954 0.0959
vn -0.0013 -0.9827 0.1851
vn -0.0082 -0.9840 0.1781
vn -0.0016 -0.9917 0.1288
vn 0.0014 -0.8716 0.4902
vn -0.0046 -0.8795 0.4759
vn 0.0012 -0.9057 0.4239
vn 0.0040 -0.8534 0.5213
vn 0.0043 -0.8535 0.5210
vn 0.0045 -0.8539 0.5205
vn 0.0065 -0.8483 0.5295
vn 0.0048 -0.8434 0.5372
vn 0.0028 -0.8121 0.5836
vn -0.0032 -0.7308 0.6826
vn 0.0092 -0.9317 0.3632
vn -0.0101 -0.9352 0.3541
vn 0.0022 -0.9530 0.3030
vn -0.0034 -0.9473 0.3203
vn -0.0060 -0.9007 0.4343
vn 0.0058 -0.9660 0.2585
vn 0.0081 -0.9679 0.2513
vn 0.0062 -0.9660 0.2584
vn 0.0095 -0.9658 0.2591
vn 0.0091 -0.9662 0.2577
vn 0.0081 -0.9665 0.2567
vn -0.0021 0.0152 0.9999
vn 0.0058 0.0730 0.9973
vn -0.0017 -0.0280 0.9996
vn -0.0009 -0.0251 0.9997
vn -0.0060 -0.0120 0.9999
vn -0.0103 -0.0142 0.9998
vn -0.0067 -0.0519 0.9986
vn 0.0002 -0.0167 0.9999
vn -0.0010 -0.0163 0.9999
vn -0.0004 -0.0167 0.9999
vn -0.0029 0.0957 0.9954
vn 0.0045 0.1538 0.9881
vn 0.0010 0.2637 0.9646
vn 0.0036 0.4318 0.9020
vn -0.0017 0.4267 0.9044
vn 0.0086 0.4287 0.9034
vn 0.0021 0.4342 0.9008
vn 0.0045 0.4496 0.8932
vn -0.0032 0.4493 0.8934
vn -0.0001 0.4905 0.8714
vn -0.0014 0.5132 0.8583
vn 0.0016 0.5426 0.8400
vn -0.0026 0.3468 0.9379
vn 0.0064 0.5406 0.8413
vn -0.0013 0.4936 0.8697
vn -0.0013 0.4935 0.8697
vn -0.0019 0.4929 0.8701
vn 0.0037 0.5818 0.8133
vn -0.0006 0.4350 0.9004
vn -0.0010 0.4347 0.9006
vn -0.0003 0.4354 0.9003
vn -0.0106 0.4174 0.9087
vn -0.0079 0.4168 0.9090
vn -0.0096 0.4168 0.9090
vn 0.0026 0.0628 0.9980
vn 0.0010 0.0584 0.9983
vn 0.0011 0.0624 0.9980
vn -0.0006 0.0686 0.9976
vn -0.0052 0.0666 0.9978
vn 0.0025 0.0366 0.9993
vn 0.0022 -0.0233 0.9997
vn 0.0013 -0.0156 0.9999
vn -0.0044 -0.0091 0.9999
vn 0.0023 -0.1789 0.9839
vn 0.0017 -0.1808 0.9835
vn 0.0004 -0.1822 0.9833
vn -0.0013 -0.1768 0.9842
vn -0.0007 -0.1777 0.9841
vn 0.0053 -0.1806 0.9835
vn 0.0013 -0.2620 0.9651
vn 0.0004 -0.2626 0.9649
vn -0.0002 -0.2573 0.9663
vn 0.0121 -0.2547 0.9669
vn 0.0041 -0.2497 0.9683
vn 0.0013 -0.3338 0.9426
vn 0.0010 -0.4207 0.9072
vn -0.0019 -0.4193 0.9079
vn 0.0088 -0.4730 0.8810
vn 0.0095 -0.4720 0.8816
vn -0.0007 -0.4701 0.8826
vn 0.0018 -0.4187 0.9081
vn 0.0023 -0.4130 0.9107
vn 0.0004 -0.3314 0.9435
vn -0.0021 -0.3625 0.9320
vn 0.0149 -0.3584 0.9334
vn 0.0010 -0.4711 0.8821
vn -0.0035 -0.3377 0.9412
vn -0.0034 -0.3381 0.9411
vn -0.0036 -0.3357 0.9419
vn 0.0020 0.0143 0.9999
vn 0.0051 0.0527 0.9986
vn -0.0073 0.0157 0.9999
vn -0.0033 -0.0260 0.9997
vn -0.0015 -0.0337 0.9994
vn -0.0021 -0.0339 0.9994
vn 0.0008 -0.1884 0.9821
vn 0.0004 -0.1886 0.9821
vn -0.0071 -0.2663 0.9639
vn -0.0032 -0.2687 0.9632
vn 0.0007 -0.1881 0.9822
vn -0.0009 -0.1874 0.9823
vn -0.0001 -0.1804 0.9836
vn 0.0011 -0.2550 0.9669
vn 0.0033 0.3473 0.9378
vn 0.0009 0.3455 0.9384
vn 0.0047 0.3515 0.9362
vn 0.0012 0.3606 0.9327
vn -0.0001 -0.5350 0.8449
vn -0.0021 -0.4744 0.8803
vn -0.0027 -0.4744 0.8803
vn -0.0020 -0.4744 0.8803
vn -0.0098 -0.4345 0.9006
vn 0.0034 -0.4370 0.8995
vn -0.0027 -0.4383 0.8988
vn 0.0036 -0.6016 0.7988
vn 0.0039 -0.6018 0.7987
vn -0.0023 -0.6083 0.7937
vn 0.0014 -0.6664 0.7456
vn -0.0010 -0.6644 0.7474
vn -0.0014 -0.4194 0.9078
vn -0.0020 -0.4234 0.9059
vn -0.0002 -0.4234 0.9060
vn 0.0042 -0.4727 0.8812
vn 0.0026 0.5933 0.8050
vn -0.0042 0.6231 0.7821
vn -0.0003 0.6008 0.7994
vn 0.0032 0.6152 0.7884
vn 0.0037 0.4933 0.8699
vn -0.0022 0.4959 0.8684
vn -0.0026 0.4930 0.8700
vn 0.0042 0.4239 0.9057
vn 0.0006 0.4292 0.9032
vn 0.0034 0.4228 0.9062
vn 0.0040 0.5967 0.8025
vn 0.0013 0.5516 0.8341
vn -0.0047 0.5666 0.8240
vn 0.0008 0.7140 0.7002
vn 0.0018 0.7663 0.6424
vn -0.0003 0.8216 0.5701
vn -0.0026 0.8454 0.5342
vn -0.0024 0.8196 0.5729
vn -0.0017 0.8193 0.5734
vn 0.0017 0.7752 0.6318
vn -0.0013 0.7770 0.6295
vn -0.0015 0.7767 0.6298
vn -0.0006 0.7773 0.6291
vn 0.0191 0.9535 0.3007
vn -0.0008 0.9429 0.3331
vn -0.0014 0.9727 0.2322
vn 0.0001 0.9726 0.2326
vn -0.0026 0.9730 0.2306
vn 0.0007 0.9525 0.3044
vn 0.0022 0.9526 0.3043
vn 0.0036 0.9530 0.3031
vn 0.0001 0.9754 0.2204
vn 0.0098 0.9625 0.2711
vn 0.0002 0.9670 0.2548
vn -0.0007 0.9519 0.3065
vn 0.0026 0.9337 0.3579
vn -0.0024 0.9281 0.3724
vn 0.0014 0.9290 0.3700
vn -0.0011 0.9289 0.3704
vn 0.0107 0.9161 0.4008
vn 0.0019 0.8846 0.4663
vn 0.0077 0.8878 0.4602
vn 0.0020 0.8883 0.4593
vn -0.0089 0.9227 0.3854
vn -0.0022 0.9219 0.3875
vn 0.0019 -0.5210 0.8536
vn 0.0020 -0.5211 0.8535
vn -0.0107 -0.5322 0.8465
vn -0.0006 0.2483 0.9687
vn 0.0009 0.2553 0.9669
vn -0.0009 0.2559 0.9667
vn -0.0006 0.3362 0.9418
vn -0.0052 0.3419 0.9397
vn -0.0001 0.3367 0.9416
vn -0.0006 0.3786 0.9256
vn 0.0065 0.3717 0.9283
vn 0.0066 0.3936 0.9192
vn 0.0014 -0.3149 0.9491
vn -0.0017 -0.3154 0.9490
vn -0.0008 -0.3222 0.9467
vn 0.0014 -0.3077 0.9515
vn 0.0026 -0.3023 0.9532
vn 0.0026 -0.3048 0.9524
vn -0.0021 -0.4169 0.9089
vn 0.0049 -0.6848 0.7287
vn -0.0036 -0.6684 0.7438
vn 0.0001 -0.6005 0.7997
vn 0.0001 -0.6000 0.8000
vn -0.0000 -0.6014 0.7990
vn -0.0026 -0.6716 0.7409
vn -0.0006 -0.6597 0.7515
vn 0.0037 -0.6601 0.7512
vn 0.0013 -0.6602 0.7511
vn 0.0008 -0.7357 0.6773
vn -0.0015 -0.7701 0.6379
vn -0.0070 -0.7306 0.6828
vn -0.0061 -0.7308 0.6826
vn -0.0075 -0.7315 0.6818
vn -0.0074 -0.7315 0.6818
vn -0.0075 -0.7314 0.6819
vn 0.0008 -0.8769 0.4807
vn 0.0023 -0.8805 0.4740
vn 0.0047 -0.8796 0.4757
vn -0.0045 -0.9370 0.3492
vn -0.0051 -0.9550 0.2966
vn -0.0007 -0.8575 0.5145
vn -0.0013 -0.8774 0.4798
vn -0.0059 -0.8591 0.5117
vn -0.0002 -0.8221 0.5694
vn 0.0015 -0.8206 0.5715
vn 0.0009 -0.8214 0.5703
vn 0.0056 -0.8880 0.4597
vn 0.0061 -0.8889 0.4580
vn 0.0060 -0.8888 0.4584
vn -0.0099 -0.9114 0.4113
vn -0.0050 -0.9129 0.4081
vn -0.0056 -0.9099 0.4147
vn -0.0032 -0.9770 0.2132
vn 0.0029 -0.9826 0.1856
vn 0.0058 -0.9946 0.1039
vn 0.0064 -0.9921 0.1253
vn 0.0007 -0.9832 0.1827
vn -0.0001 -0.9586 0.2848
vn 0.0036 -0.9652 0.2615
vn 0.0043 -0.9584 0.2855
vn -0.0027 -0.9396 0.3424
vn -0.0028 -0.9397 0.3419
vn -0.0087 -0.9383 0.3457
vn -0.0001 -0.9206 0.3905
vn -0.0045 -0.9221 0.3869
vn -0.0021 -0.9210 0.3895
vn 0.0100 -0.9446 0.3282
vn 0.0070 -0.9448 0.3276
vn 0.0084 -0.9502 0.3115
vn -0.0078 -0.9435 0.3312
vn -0.0083 -0.9459 0.3243
vn -0.0085 -0.9458 0.3247
vn -0.0070 -0.9615 0.2746
vn -0.0061 -0.9703 0.2420
vn -0.0034 -0.9675 0.2529
vn -0.0092 -0.9831 0.1829
vn -0.0011 -0.9546 0.2980
vn -0.0005 -0.9426 0.3340
vn -0.0008 -0.9418 0.3362
vn -0.0104 -0.9413 0.3375
vn -0.0035 -0.9101 0.4145
vn 0.0004 -0.9171 0.3987
vn -0.0016 -0.9098 0.4149
vn -0.0124 -0.9872 0.1591
vn -0.0041 -0.9904 0.1384
vn -0.0000 -0.9924 0.1230
vn 0.0003 -0.9997 0.0249
vn 0.0182 -0.9990 0.0397
vn 0.0153 -0.9959 0.0891
vn -0.0211 -0.9961 0.0854
vn 0.0033 -0.9962 0.0874
vn 0.0031 -0.9960 0.0891
vn -0.0015 -0.9999 0.0151
vn 0.0008 -0.9999 0.0155
vn -0.0019 -0.9997 0.0227
vn -0.0067 -0.9995 0.0306
vn -0.0065 -0.9999 0.0146
vn -0.0056 -0.9995 0.0313
vn -0.0066 -0.9912 0.1322
vn -0.0053 -0.9955 0.0948
vn 0.0143 -0.9686 0.2482
vn -0.0021 -0.9733 0.2293
vn 0.0031 -0.9741 0.2261
vn 0.0072 -0.9527 0.3038
vn 0.0009 -0.9520 0.3061
vn 0.0069 -0.9531 0.3026
vn 0.0049 0.4407 0.8976
vn -0.0040 0.5874 0.8093
vn -0.0057 0.5342 0.8453
vn 0.0051 0.4952 0.8688
vn 0.0084 0.4892 0.8721
vn 0.0065 0.4891 0.8722
vn 0.0062 0.5880 0.8088
vn -0.0021 0.6240 0.7814
vn 0.0056 0.6388 0.7694
vn 0.0030 0.6999 0.7143
vn -0.0014 0.6900 0.7239
vn -0.0027 0.7570 0.6535
vn -0.0009 0.7996 0.6006
vn -0.0061 0.8049 0.5934
vn -0.0023 0.8330 0.5533
vn 0.0003 0.8478 0.5304
vn 0.0105 0.8514 0.5245
vn -0.0019 0.7625 0.6470
vn -0.0012 0.7991 0.6012
vn -0.0012 0.5587 0.8294
vn 0.0066 0.5558 0.8313
vn 0.0066 0.5556 0.8314
vn 0.0063 0.5296 0.8482
vn -0.0001 -0.2587 0.9659
vn 0.0010 -0.2580 0.9661
vn -0.0005 -0.2589 0.9659
vn 0.0014 -0.3368 0.9416
vn -0.0016 -0.3372 0.9414
vn -0.0113 -0.3378 0.9412
vn 0.0001 -0.4742 0.8804
vn 0.0034 -0.4720 0.8816
vn 0.0011 -0.4739 0.8806
vn -0.0025 0.4244 0.9055
vn -0.0027 0.4248 0.9053
vn -0.0027 0.4252 0.9051
vn -0.0125 0.5251 0.8509
vn 0.0028 0.4943 0.8693
vn 0.0018 0.5177 0.8556
vn 0.0027 0.6897 0.7241
vn 0.0048 0.6315 0.7754
vn 0.0031 0.6522 0.7581
vn 0.0022 0.7458 0.6662
vn 0.0013 0.6787 0.7344
vn -0.0014 0.7900 0.6131
vn 0.0014 0.8017 0.5977
vn 0.0031 0.7405 0.6721
vn 0.0036 0.6566 0.7542
vn 0.0094 0.6645 0.7472
vn 0.0051 0.6663 0.7456
vn 0.0061 0.6297 0.7768
vn 0.0101 0.6068 0.7948
vn -0.5937 0.6175 0.5159
vn 0.0142 0.6961 0.7178
vn 0.0066 0.5510 0.8345
vn 0.0081 0.6204 0.7842
vn -0.0009 0.6267 0.7792
vn 0.0068 0.6191 0.7853
vn -0.2561 0.7114 0.6545
vn -0.2530 0.7116 0.6554
vn -0.6509 0.4947 0.5758
vn -0.7813 0.4569 0.4252
vn -0.4278 0.8552 0.2926
vn -0.0199 0.8188 0.5738
vn 0.0051 0.7762 0.6305
vn -0.0064 0.7740 0.6332
vn 0.0045 0.7761 0.6306
vn 0.0034 0.7670 0.6416
vn 0.0088 0.7671 0.6415
vn 0.0079 0.7741 0.6330
vn 0.0140 0.8184 0.5744
vn 0.0063 0.8440 0.5363
vn -0.2456 0.8355 0.4915
vn -0.0038 0.8637 0.5039
vn 0.0055 0.8970 0.4419
vn -0.5116 0.6952 0.5049
vn -0.8801 0.4187 0.2239
vn -0.8462 0.4467 0.2906
vn -0.9974 0.0426 0.0582
vn -1.0000 -0.0037 -0.0021
vn -0.9999 0.0113 0.0014
vn -1.0000 0.0044 0.0069
vn 0.6962 -0.3675 0.6167
vn 0.6884 -0.3725 0.6223
vn 0.6984 -0.3572 0.6202
vn 0.7004 -0.1722 0.6926
vn 0.6233 -0.5102 0.5926
vn -0.0013 -0.4330 0.9014
vn 0.0051 -0.4309 0.9024
vn 0.0042 -0.4396 0.8982
vn 0.0014 -0.4383 0.8988
vn 0.0011 -0.4331 0.9013
vn 0.0019 -0.4383 0.8988
vn -0.0001 -0.6082 0.7938
vn -0.0011 -0.6081 0.7938
vn 0.0011 -0.6074 0.7944
vn 0.0026 -0.6019 0.7985
vn -0.0079 0.5522 0.8337
vn -0.0041 0.5571 0.8305
vn 0.0002 0.5582 0.8297
vn -0.0013 0.4976 0.8674
vn 0.0018 0.4916 0.8708
vn -0.0014 0.4915 0.8709
vn -0.0025 -0.4287 0.9034
vn 0.0063 -0.4224 0.9064
vn -0.0060 -0.4276 0.9040
vn 0.0034 0.4298 0.9029
vn 0.0033 0.4255 0.9050
vn 0.0029 0.4423 0.8969
vn -0.0001 0.4569 0.8895
vn -0.0003 0.4937 0.8697
vn 0.0002 0.4937 0.8697
vn -0.0006 0.4945 0.8692
vn 0.0004 0.4936 0.8697
vn 0.0022 0.5531 0.8331
vn -0.0004 0.5799 0.8147
vn -0.0047 0.7034 0.7108
vn 0.0047 0.7628 0.6466
vn -0.0066 0.7571 0.6532
vn -0.0030 0.7350 0.6781
vn -0.0028 0.7348 0.6783
vn -0.0029 0.7349 0.6781
vn -0.0010 0.6970 0.7171
vn 0.0039 0.8058 0.5921
vn 0.0004 0.8054 0.5927
vn -0.0051 0.9208 0.3901
vn 0.0058 0.9147 0.4042
vn -0.0046 0.9213 0.3887
vn -0.0096 0.8733 0.4871
vn -0.0026 0.8986 0.4388
vn -0.0000 0.8981 0.4397
vn 0.0061 0.9102 0.4142
vn 0.0003 0.9202 0.3914
vn -0.0027 0.9197 0.3926
vn 0.0004 0.9199 0.3922
vn 0.0040 0.9310 0.3650
vn 0.0217 0.9312 0.3639
vn -0.0033 0.9291 0.3698
vn -0.0020 0.9391 0.3436
vn 0.0079 0.9402 0.3406
vn -0.0032 0.9477 0.3191
vn 0.0007 0.9633 0.2684
vn 0.0062 0.9980 0.0628
vn 0.0037 0.9989 0.0460
vn -0.0025 0.9984 0.0568
vn 0.0002 0.9943 0.1062
vn 0.0005 0.9945 0.1047
vn 0.0164 0.9880 0.1535
vn -0.0001 0.9887 0.1501
vn -0.0014 0.9819 0.1895
vn -0.0080 0.9997 0.0223
vn -0.0016 0.9993 0.0370
vn 0.0018 0.9998 0.0207
vn -0.0084 0.9994 -0.0343
vn 0.0032 0.9997 -0.0235
vn -0.0040 0.9998 -0.0214
vn -0.0012 0.9820 0.1889
vn -0.0025 0.9805 0.1963
vn -0.0019 0.9805 0.1965
vn -0.0066 0.9696 0.2446
vn 0.0024 -0.5020 0.8649
vn 0.0095 -0.5676 0.8233
vn 0.0077 -0.5440 0.8391
vn -0.0004 -0.5453 0.8382
vn 0.0007 -0.6010 0.7992
vn 0.0027 -0.6017 0.7987
vn -0.0026 -0.5990 0.8007
vn -0.0025 -0.5992 0.8006
vn -0.0027 -0.5989 0.8008
vn -0.0059 -0.6073 0.7945
vn -0.0058 -0.6072 0.7945
vn -0.0055 -0.6079 0.7940
vn -0.0030 -0.8066 0.5911
vn -0.0014 -0.8347 0.5507
vn -0.0014 -0.8348 0.5505
vn -0.0016 -0.8344 0.5512
vn -0.0053 -0.8579 0.5138
vn -0.0018 -0.8297 0.5581
vn -0.0009 -0.8199 0.5725
vn -0.0054 -0.8201 0.5721
vn 0.0063 0.3680 0.9298
vn 0.0009 0.3725 0.9280
vn -0.0002 0.3624 0.9320
vn -0.0038 -0.4271 0.9042
vn -0.0030 -0.4273 0.9041
vn 0.0044 -0.4293 0.9031
vn -0.0000 0.5506 0.8348
vn -0.0033 0.5962 0.8028
vn -0.0040 0.4908 0.8712
vn -0.0012 0.4883 0.8727
vn 0.0010 0.4934 0.8698
vn 0.0001 0.8212 0.5707
vn 0.0006 0.8150 0.5794
vn 0.0050 0.8156 0.5786
vn 0.0016 0.8438 0.5366
vn 0.0090 0.8939 0.4481
vn 0.0004 0.9060 0.4233
vn 0.0046 0.9041 0.4273
vn 0.0093 0.8844 0.4667
vn 0.0029 0.8765 0.4815
vn 0.0129 0.8835 0.4682
vn 0.0083 0.8280 0.5607
vn 0.0078 0.8296 0.5583
vn 0.0007 0.7778 0.6286
vn -0.0004 0.7707 0.6372
vn 0.0050 0.7713 0.6364
vn -0.0053 0.7226 0.6913
vn -0.0000 0.7230 0.6909
vn -0.0008 0.7236 0.6902
vn 0.0012 0.6232 0.7820
vn 0.0032 0.5884 0.8086
vn -0.0140 0.6361 0.7715
vn 0.0002 0.6682 0.7439
vn 0.0027 0.7240 0.6898
vn 0.0017 0.7231 0.6907
vn 0.0025 0.7237 0.6901
vn -0.0083 0.6904 0.7234
vn 0.0013 0.6671 0.7450
vn 0.0034 0.6832 0.7302
vn 0.0030 0.7797 0.6261
vn 0.0023 0.7790 0.6271
vn 0.0013 0.7786 0.6276
vn -0.0047 0.6680 0.7442
vn -0.0052 0.6681 0.7440
vn -0.0137 0.6831 0.7302
vn -0.0031 0.7265 0.6871
vn -0.0006 0.7512 0.6600
vn -0.0197 0.8737 0.4860
vn -0.0254 0.8737 0.4858
vn -0.0189 0.8813 0.4722
vn -0.0076 0.8308 0.5565
vn 0.0003 0.8694 0.4942
vn 0.0124 0.8841 0.4671
vn 0.0053 0.8775 0.4795
vn 0.0030 0.8667 0.4989
vn -0.0023 0.8351 0.5501
vn 0.0059 0.8263 0.5633
vn -0.0021 0.8352 0.5500
vn 0.0030 0.8402 0.5422
vn -0.0026 0.8350 0.5502
vn 0.0023 0.8404 0.5419
vn 0.0063 0.8784 0.4779
vn 0.0050 0.8783 0.4780
vn 0.0095 0.8789 0.4770
vn 0.0040 0.9443 0.3290
vn 0.0023 0.9310 0.3651
vn -0.0021 0.9287 0.3708
vn -0.0027 0.9417 0.3365
vn -0.0040 0.9643 0.2649
vn -0.0031 0.9607 0.2776
vn -0.0021 0.9746 0.2240
vn 0.0036 0.9473 0.3204
vn -0.0079 0.9122 0.4097
vn -0.0084 0.9124 0.4093
vn 0.0027 0.9037 0.4281
vn 0.0025 0.9040 0.4275
vn 0.0020 0.9044 0.4268
vn 0.0010 -0.4713 0.8820
vn 0.0008 -0.4714 0.8819
vn 0.0004 -0.4717 0.8817
vn 0.0010 -0.4707 0.8823
vn 0.0033 -0.4691 0.8832
vn 0.0022 -0.4705 0.8824
vn -0.0048 -0.4047 0.9144
vn -0.0017 -0.4092 0.9125
vn -0.0379 -0.3957 0.9176
vn 0.0110 -0.4158 0.9094
vn 0.1347 0.8315 0.5389
vn 0.1338 0.8312 0.5396
vn 0.1368 0.8256 0.5474
vn 0.0006 0.4885 0.8725
vn 0.0007 0.4883 0.8727
vn 0.0006 0.4885 0.8726
vn -0.0068 0.5046 0.8633
vn -0.0076 0.5046 0.8633
vn -0.0055 0.5051 0.8631
vn -0.0151 0.5161 0.8564
vn -0.0181 0.4828 0.8756
vn -0.0041 0.4938 0.8696
vn -0.0073 0.4945 0.8692
vn -0.9841 -0.0741 0.1614
vn -0.9926 -0.0591 0.1063
vn -0.9935 -0.0542 0.1002
vn -0.9975 -0.0519 0.0477
vn -0.8587 -0.2915 0.4214
vn -1.0000 -0.0018 0.0022
vn -0.9994 -0.0177 0.0298
vn -0.8112 -0.4984 0.3057
vn 0.0068 -0.7844 0.6202
vn 0.0074 -0.7849 0.6196
vn 0.0117 -0.7780 0.6281
vn -0.6531 -0.5695 0.4991
vn -0.6527 -0.5793 0.4883
vn -0.6524 -0.5689 0.5008
vn -0.6608 -0.6343 0.4013
vn -0.2399 -0.9256 -0.2928
vn -0.2968 -0.8934 -0.3372
vn 0.3195 -0.6843 -0.6555
vn 0.3394 -0.7096 -0.6174
vn 0.2013 -0.5711 -0.7958
vn 0.2109 -0.5660 -0.7970
vn 0.2106 -0.5619 -0.8000
vn -0.6418 -0.5781 0.5039
vn -0.6431 -0.5761 0.5045
vn -0.6421 -0.5858 0.4944
vn -0.6526 -0.6155 0.4419
vn -0.6527 -0.6322 0.4175
vn -0.6588 -0.6530 0.3737
vn -0.6647 -0.6488 0.3704
vn -0.6538 -0.6652 0.3606
vn -0.6535 -0.6660 0.3597
vn -0.6504 -0.6756 0.3473
vn -0.6775 -0.6843 0.2696
vn -0.2765 -0.9002 -0.3365
vn -0.6628 -0.6869 0.2980
vn -0.6635 -0.6863 0.2980
vn -0.6632 -0.6866 0.2980
vn 0.3207 -0.6869 -0.6522
vn 0.3259 -0.6922 -0.6439
vn 0.3209 -0.6871 -0.6518
vn 0.3385 -0.7246 -0.6003
vn 0.3332 -0.7222 -0.6061
vn -0.3203 -0.9230 -0.2131
vn -0.2682 -0.9494 -0.1634
vn -0.6805 -0.7014 0.2122
vn -0.6773 -0.7163 0.1675
vn -0.6192 -0.7830 0.0594
vn -0.6738 -0.7182 0.1738
vn 0.3366 0.0177 0.9415
vn 0.3325 -0.2101 0.9194
vn 0.3376 -0.2622 0.9040
vn 0.4426 -0.4339 0.7848
vn -0.0119 -0.6010 0.7992
vn -0.0056 -0.4571 0.8894
vn -0.0010 -0.4418 0.8971
vn -0.0080 -0.4553 0.8903
vn -0.0154 -0.5091 0.8605
vn -0.0050 -0.4207 0.9072
vn -0.0035 -0.4299 0.9029
vn -0.0054 -0.4279 0.9038
vn -0.0045 -0.2849 0.9585
vn -0.0100 -0.1909 0.9816
vn 0.0046 -0.2612 0.9653
vn -0.0064 -0.1605 0.9870
vn 0.0071 -0.1746 0.9846
vn 0.0012 -0.3899 0.9209
vn 0.0008 -0.3895 0.9210
vn -0.0095 -0.4026 0.9153
vn 0.0196 -0.2016 0.9793
vn 0.0228 -0.1610 0.9867
vn 0.0078 -0.0683 0.9976
vn 0.0049 -0.0302 0.9995
vn -0.0026 -0.0305 0.9995
vn 0.0054 -0.0629 0.9980
vn 0.0023 -0.0397 0.9992
vn -0.0061 -0.0616 0.9981
vn -0.0057 -0.0536 0.9985
vn 0.0010 -0.0311 0.9995
vn -0.0012 -0.0306 0.9995
vn 0.0015 0.1669 0.9860
vn 0.0100 0.0412 0.9991
vn -0.0057 -0.0486 0.9988
vn 0.0017 -0.0330 0.9995
vn -0.0033 -0.0570 0.9984
vn -0.0050 0.1631 0.9866
vn 0.0014 0.2310 0.9730
vn 0.0182 0.2658 0.9639
vn -0.0046 0.2691 0.9631
vn -0.0014 0.2179 0.9760
vn 0.0079 0.2261 0.9741
vn 0.0013 0.2253 0.9743
vn -0.0023 0.3326 0.9431
vn -0.0007 0.3323 0.9432
vn -0.0031 0.3329 0.9429
vn -0.0022 0.4228 0.9062
vn -0.0021 0.4264 0.9045
vn -0.0097 0.5226 0.8525
vn 0.0004 0.7438 0.6684
vn 0.0005 0.7992 0.6011
vn 0.0055 0.8773 0.4799
vn 0.0117 0.8859 0.4638
vn 0.0043 0.8822 0.4708
vn -0.0065 0.8934 0.4492
vn -0.0084 0.8957 0.4447
vn -0.0048 0.9169 0.3990
vn -0.0005 0.9597 0.2810
vn -0.0161 0.9575 0.2880
vn -0.0166 0.9583 0.2852
vn -0.0165 0.9581 0.2859
vn -0.0089 0.9844 0.1758
vn -0.0123 0.9303 0.3666
vn -0.0118 0.8876 0.4605
vn 0.5964 0.6957 0.4004
vn 0.6086 0.6850 0.4005
vn 0.6093 0.6835 0.4020
vn 0.6056 0.6368 0.4773
vn 0.5986 0.5841 0.5482
vn 0.5898 0.5859 0.5557
vn 0.6033 0.5800 0.5474
vn -0.0180 0.7998 0.5999
vn -0.0185 0.8000 0.5997
vn -0.0195 0.7755 0.6310
vn -0.0075 0.8420 0.5395
vn -0.0144 0.8489 0.5284
vn 0.0023 0.9584 0.2854
vn -0.0111 0.9551 0.2962
vn 0.0012 0.9486 0.3165
vn -0.0048 0.5510 0.8345
vn -0.0030 0.5520 0.8338
vn -0.0001 0.5522 0.8337
vn -0.0031 -0.5315 0.8471
vn -0.0015 -0.5264 0.8502
vn -0.0012 -0.5259 0.8505
vn -0.0036 -0.4839 0.8751
vn -0.0019 -0.4686 0.8834
vn -0.0034 -0.4779 0.8784
vn 0.0015 -0.4870 0.8734
vn 0.0007 -0.4654 0.8851
vn -0.0047 -0.4863 0.8738
vn -0.0014 -0.5091 0.8607
vn -0.0223 -0.5438 0.8389
vn -0.0202 -0.5280 0.8490
vn -0.0132 -0.5312 0.8471
vn 0.0005 -0.5510 0.8345
vn -0.0019 -0.5504 0.8349
vn -0.0016 -0.5562 0.8310
vn 0.0008 -0.5412 0.8409
vn 0.0003 -0.5420 0.8404
vn 0.0051 -0.5417 0.8406
vn 0.0065 0.4901 0.8716
vn -0.0046 0.4954 0.8687
vn -0.0016 0.4930 0.8700
vn 0.0018 0.5518 0.8340
vn -0.0046 0.5527 0.8334
vn 0.0030 0.5525 0.8335
vn 0.0013 0.5546 0.8321
vn -0.0114 0.5642 0.8255
vn 0.0005 0.5544 0.8322
vn -0.0084 0.5999 0.8000
vn 0.0009 0.6049 0.7963
vn 0.0009 0.6050 0.7962
vn 0.0029 0.4894 0.8721
vn -1.0000 -0.0003 0.0004
vn -1.0000 -0.0055 0.0071
vn 0.0039 0.0257 0.9997
vn 0.0048 0.0563 0.9984
vn -0.0100 0.0536 0.9985
vn 0.0141 0.0363 0.9992
vn 0.0034 0.3261 0.9453
vn -0.0088 0.4312 0.9022
vn -0.0081 0.4309 0.9024
vn -0.0087 0.4312 0.9022
vn -0.0024 0.4939 0.8695
vn -0.0027 0.4950 0.8689
vn -0.0023 0.4937 0.8696
vn -0.0163 0.7290 0.6844
vn -0.0181 0.8507 0.5253
vn 0.0046 0.8435 0.5372
vn -0.0174 0.8516 0.5239
vn -0.0245 0.9475 0.3188
vn -0.0098 0.9437 0.3307
vn -0.0015 0.9448 0.3277
vn 0.0039 -0.6756 0.7373
vn -0.0008 -0.7597 0.6503
vn -0.0006 -0.6081 0.7938
vn -0.0007 -0.6081 0.7939
vn -0.0004 -0.6081 0.7939
vn -0.0005 0.5514 0.8342
vn 0.0003 0.5763 0.8172
vn 0.0010 0.8018 0.5975
vn -0.0015 0.8352 0.5499
vn -0.0067 0.8703 0.4924
vn 0.0008 0.8487 0.5288
vn -0.0029 0.8863 0.4630
vn -0.0033 0.8899 0.4561
vn -0.0020 0.8886 0.4587
vn -0.0026 0.8890 0.4580
vn -0.0019 0.9261 0.3772
vn -0.0071 0.9274 0.3741
vn 0.0011 0.9754 0.2202
vn -0.0052 0.9747 0.2235
vn -0.0044 0.9768 0.2143
vn -0.0022 0.9916 0.1297
vn -0.0130 0.9943 0.1058
vn 0.0045 0.9995 0.0323
vn 0.0029 0.9994 0.0350
vn 0.0243 0.9987 0.0456
vn -0.0065 0.9934 0.1145
vn 0.0014 0.9786 0.2057
vn 0.0123 0.9996 -0.0235
vn 0.0006 0.9992 0.0396
vn -0.0059 0.9997 0.0253
vn -0.0003 0.9992 0.0398
vn -0.0067 0.9995 0.0310
vn 0.0031 0.9994 0.0340
vn -0.0040 0.9983 0.0588
vn 0.0009 0.9485 0.3167
vn -0.0041 0.9535 0.3014
vn -0.0033 0.9312 0.3645
vn -0.0027 0.9325 0.3612
vn -0.0080 0.9320 0.3623
vn -0.0070 0.9751 0.2217
vn -0.0148 0.9707 0.2398
vn -0.0069 0.9735 0.2288
vn -0.0022 0.9786 0.2059
vn 0.0012 0.9819 0.1893
vn 0.0019 0.9823 0.1874
vn -0.0063 0.9601 0.2795
vn 0.0020 -0.6061 0.7954
vn 0.0019 -0.6056 0.7957
vn 0.0020 -0.6063 0.7952
vn -0.0205 -0.6586 0.7522
vn 0.0033 -0.6620 0.7495
vn 0.0038 -0.6607 0.7507
vn 0.0010 0.7205 0.6934
vn -0.0003 0.7126 0.7015
vn 0.0023 0.7129 0.7013
vn 0.0009 0.7242 0.6896
vn 0.0006 0.7241 0.6897
vn 0.0008 0.7242 0.6896
vn 0.0039 0.7733 0.6340
vn -0.0006 0.7793 0.6266
vn -0.0028 0.7767 0.6299
vn 0.0038 0.7703 0.6377
vn -0.0017 -0.6078 0.7941
vn 0.0009 -0.7225 0.6914
vn 0.0003 -0.7313 0.6820
vn 0.0095 -0.7369 0.6759
vn -0.0007 -0.8463 0.5328
vn -0.0010 -0.8777 0.4792
vn -0.0026 -0.9092 0.4164
vn -0.0013 -0.8714 0.4906
vn -0.0006 -0.8716 0.4902
vn -0.0007 -0.8715 0.4903
vn -0.0027 -0.9165 0.4000
vn -0.0009 -0.9442 0.3293
vn 0.0001 -0.9442 0.3295
vn -0.0006 -0.9442 0.3293
vn -0.0004 -0.9444 0.3289
vn -0.0024 -0.9442 0.3293
vn -0.0000 -0.9443 0.3290
vn 0.0032 -0.9650 0.2623
vn 0.0030 -0.9649 0.2626
vn 0.0029 -0.9649 0.2628
vn 0.0005 -0.9653 0.2612
vn 0.0004 -0.9652 0.2613
vn 0.0007 -0.9654 0.2608
vn 0.0059 0.6009 0.7993
vn -0.0000 0.6812 0.7321
vn -0.0013 0.6810 0.7323
vn -0.0026 0.6801 0.7331
vn -0.0025 0.5524 0.8336
vn -0.0021 0.5538 0.8327
vn 0.0051 0.5543 0.8323
vn -0.0008 0.5551 0.8318
vn 0.0002 0.8889 0.4580
vn 0.0002 0.8890 0.4580
vn 0.0028 0.9484 0.3172
vn 0.0031 0.9488 0.3160
vn 0.0031 0.9490 0.3153
vn -0.0030 0.9742 0.2258
vn -0.0249 0.9267 0.3750
vn 0.0003 0.9412 0.3378
vn -0.0044 0.9349 0.3548
vn 0.0022 0.9407 0.3391
vn 0.0020 0.9536 0.3009
vn -0.0058 0.9517 0.3070
vn 0.0028 0.9531 0.3028
vn -0.0021 0.9488 0.3158
vn -0.0005 0.9490 0.3153
vn -0.0012 0.9488 0.3157
vn -0.0029 -0.6023 0.7983
vn -0.0015 -0.5999 0.8001
vn -0.0027 -0.6011 0.7992
vn -0.0016 -0.7247 0.6891
vn -0.0018 -0.7245 0.6893
vn -0.0019 -0.7244 0.6894
vn 0.0015 -0.8121 0.5836
vn 0.0013 -0.9548 0.2973
vn -0.0021 -0.9666 0.2562
vn -0.0013 -0.9671 0.2544
vn -0.0015 -0.9670 0.2546
vn -0.0005 -0.9953 0.0966
vn -0.0017 -0.9894 0.1452
vn -0.0029 -0.9734 0.2292
vn -0.0031 -0.9734 0.2290
vn 0.0264 -0.9794 0.2003
vn 0.0002 -0.9996 0.0282
vn -0.0014 -0.9996 0.0271
vn 0.0013 -0.9998 0.0197
vn 0.0005 -0.9996 0.0271
vn -0.0054 0.5612 0.8276
vn -0.0061 0.5614 0.8275
vn -0.0064 0.5614 0.8275
vn -0.0064 0.8203 0.5719
vn 0.0014 0.7238 0.6900
vn -0.0067 0.7219 0.6920
vn -0.0066 0.7218 0.6921
vn -0.0036 0.8456 0.5338
vn 0.0003 0.8813 0.4725
vn -0.0005 0.8815 0.4722
vn -0.0008 0.8815 0.4722
vn 0.0035 0.9497 0.3132
vn -0.0055 0.9578 0.2872
vn -0.0067 0.9621 0.2725
vn 0.0016 0.9715 0.2368
vn 0.0006 0.9715 0.2370
vn -0.0026 0.9722 0.2343
vn 0.0019 0.9315 0.3638
vn 0.0121 0.9413 0.3373
vn 0.0012 0.9095 0.4157
vn 0.0005 0.9094 0.4158
vn 0.0016 0.9095 0.4158
vn -0.0087 0.9151 0.4031
vn 0.0034 0.9150 0.4034
vn -0.0019 0.9140 0.4057
vn -0.0028 0.8872 0.4613
vn 0.0030 0.8651 0.5016
vn -0.0040 0.9489 0.3156
vn 0.0007 0.9068 0.4216
vn -0.0020 0.9602 0.2791
vn -0.0045 0.9589 0.2837
vn -0.0229 0.9637 0.2659
vn 0.0003 0.9734 0.2292
vn 0.0010 0.9733 0.2294
vn 0.0024 0.9733 0.2294
vn 0.0019 0.9759 0.2183
vn 0.0006 0.9761 0.2173
vn 0.0022 0.9759 0.2184
vn 0.0024 0.9598 0.2807
vn 0.0029 0.9597 0.2811
vn 0.0031 0.9596 0.2813
vn -0.0024 0.9055 0.4243
vn -0.0322 0.8786 0.4764
vn -0.0315 0.8841 0.4662
vn -0.0239 0.8865 0.4622
vn -0.0007 0.6844 0.7291
vn -0.0015 0.6750 0.7379
vn -0.0017 0.6771 0.7359
vn -0.0020 0.6764 0.7365
vn -0.0035 0.5903 0.8072
vn 0.0026 0.5982 0.8013
vn -0.0030 0.5900 0.8074
vn -0.0028 0.5904 0.8071
vn 0.0003 0.5988 0.8009
vn -0.0002 0.5988 0.8009
vn -0.0009 0.7478 0.6639
vn 0.0022 0.7184 0.6956
vn -0.0053 0.7166 0.6975
vn -0.0027 0.7163 0.6978
vn 0.0003 0.7167 0.6973
vn 0.0003 0.7170 0.6971
vn 0.0002 0.7163 0.6978
vn 0.0032 -0.8186 0.5744
vn -0.0000 -0.8122 0.5834
vn -0.0012 -0.8181 0.5750
vn -0.2972 -0.8141 0.4989
vn 0.0005 -0.8810 0.4732
vn 0.0029 -0.9093 0.4162
vn 0.0019 -0.8989 0.4382
vn -0.0020 -0.9389 0.3442
vn -0.0028 -0.9659 0.2588
vn 0.0041 -0.9666 0.2561
vn 0.0005 -0.9652 0.2614
vn 0.0008 -0.9825 0.1862
vn 0.0014 -0.9823 0.1876
vn 0.0017 -0.9822 0.1879
vn 0.0200 -0.9459 0.3239
vn 0.0010 -0.9321 0.3622
vn -0.0052 0.6067 0.7949
vn 0.0036 -0.6038 0.7972
vn -0.0033 -0.7224 0.6915
vn -0.0040 -0.7234 0.6904
vn -0.0037 -0.7229 0.6910
vn -0.0015 -0.7237 0.6902
vn -0.0014 -0.7239 0.6900
vn -0.0014 -0.7238 0.6900
vn 0.0043 -0.6634 0.7482
vn -0.0025 0.6669 0.7451
vn -0.0001 -0.7316 0.6818
vn 0.0020 -0.7323 0.6810
vn 0.0013 -0.7322 0.6811
vn -0.0051 0.8013 0.5982
vn 0.0004 0.8371 0.5470
vn 0.0055 0.9104 0.4136
vn 0.0050 0.9103 0.4140
vn -0.0029 0.9177 0.3972
vn 0.0018 0.9707 0.2401
vn 0.0007 0.9045 0.4264
vn 0.0010 0.8794 0.4760
vn 0.0033 0.8911 0.4539
vn -0.0011 0.8451 0.5346
vn -0.0003 0.8448 0.5351
vn -0.0021 0.8419 0.5396
vn 0.6671 -0.5737 0.4752
vn 0.6671 -0.5738 0.4752
vn 0.6722 -0.5770 0.4639
vn 0.6647 -0.5757 0.4762
vn 0.6727 -0.5754 0.4652
vn 0.6726 -0.5753 0.4654
vn 0.0006 0.7798 0.6260
vn 0.0014 0.7803 0.6254
vn 0.0016 0.7806 0.6250
vn -0.6519 -0.6599 0.3736
vn -0.6548 -0.6616 0.3654
vn -0.6521 -0.6595 0.3740
vn -0.6660 -0.6728 0.3222
vn -0.6497 -0.6394 0.4111
vn -0.6510 -0.6382 0.4110
vn -0.6503 -0.6454 0.4007
vn -0.6573 -0.6811 0.3226
vn -0.6560 -0.6812 0.3249
vn -0.6559 -0.6842 0.3188
vn -0.6686 -0.6786 0.3041
vn -0.6660 -0.6942 0.2730
vn -0.6695 -0.7015 0.2443
vn -0.6660 -0.7049 0.2439
vn -0.6688 -0.7022 0.2439
vn -0.6790 -0.6764 0.2855
vn -0.6727 -0.6987 0.2437
vn -0.6640 -0.6834 0.3034
vn 0.3236 0.7116 0.6236
vn -0.0015 -0.7296 0.6838
vn 0.0049 -0.7217 0.6922
vn 0.0030 -0.7212 0.6927
vn 0.0031 -0.7212 0.6927
vn 0.0019 -0.8252 0.5648
vn 0.0007 -0.8250 0.5651
vn -0.0056 -0.8295 0.5585
vn 0.0011 -0.8600 0.5103
vn -0.0026 -0.8482 0.5297
vn 0.0116 -0.8743 0.4852
vn 0.0038 -0.8817 0.4718
vn 0.0046 -0.8814 0.4723
vn 0.0016 -0.8939 0.4483
vn 0.0017 -0.8937 0.4487
vn -0.0048 -0.9042 0.4271
vn 0.0020 -0.9835 0.1811
vn -0.0032 -0.9923 0.1236
vn 0.0030 -0.9959 0.0906
vn 0.0094 -0.9961 0.0877
vn 0.0033 -0.9771 0.2125
vn 0.0012 -0.9430 0.3327
vn 0.0048 -0.9425 0.3342
vn -0.0014 -0.9408 0.3391
vn -0.0062 -0.9602 0.2792
vn -0.0012 -0.9741 0.2263
vn 0.0005 -0.9139 0.4059
vn 0.0005 -0.9138 0.4061
vn 0.0006 -0.9141 0.4055
vn -0.0001 -0.9149 0.4037
vn -0.0002 -0.9151 0.4032
vn -0.0002 -0.9153 0.4028
vn -0.0013 -0.9420 0.3355
vn 0.0001 -0.9428 0.3333
vn 0.0027 -0.9397 0.3419
vn 0.0028 -0.9580 0.2869
vn 0.0019 -0.9597 0.2810
vn 0.0011 -0.9600 0.2799
vn -0.0115 -0.9655 0.2601
vn 0.0003 -0.9777 0.2099
vn 0.0041 -0.9917 0.1285
vn 0.0019 -0.9911 0.1334
vn 0.0051 -0.9947 0.1030
vn 0.0056 -0.9941 0.1083
vn -0.0029 -0.9791 0.2033
vn -0.0072 -0.9662 0.2575
vn 0.0005 -0.8343 0.5513
vn -0.0001 -0.8245 0.5659
vn -0.0022 -0.8305 0.5570
vn -0.0115 -0.8585 0.5127
vn 0.0176 -0.9159 0.4011
vn -0.0003 -0.7827 0.6224
vn 0.0002 -0.7809 0.6247
vn -0.0003 -0.7815 0.6239
vn -0.0027 -0.7241 0.6897
vn -0.0029 -0.7245 0.6893
vn -0.0028 -0.7243 0.6895
vn 0.0003 0.9249 0.3802
vn 0.0010 0.9249 0.3803
vn 0.0072 0.9309 0.3653
vn -0.0010 0.8923 0.4515
vn 0.0071 0.9246 0.3810
vn -0.0058 0.9292 0.3696
vn 0.0048 0.9239 0.3825
vn -0.0021 0.9640 0.2659
vn -0.0144 0.9800 0.1983
vn -0.0065 0.9805 0.1965
vn -0.0161 0.9814 0.1911
vn -0.0058 0.9812 0.1927
vn -0.0074 0.9826 0.1857
vn -0.0149 0.9823 0.1867
vn 0.0025 0.9914 0.1310
vn -0.0340 0.9941 0.1032
vn -0.0085 0.9912 0.1322
vn -0.0164 0.9958 0.0905
vn -0.0062 0.9964 0.0845
vn -0.0000 0.9813 0.1923
vn -0.0000 0.9880 0.1543
vn 0.0013 0.8389 0.5443
vn 0.3097 0.7530 -0.5806
vn -0.0652 0.9758 -0.2089
vn 0.0032 -0.8104 0.5858
vn -0.6818 -0.6226 0.3842
vn -0.6105 -0.6695 0.4231
vn -0.5190 -0.7268 0.4498
vn 0.0052 -0.8971 0.4417
vn 0.0032 -0.8938 0.4485
vn 0.0040 -0.8975 0.4409
vn -0.0053 0.7761 0.6306
vn -0.0077 0.7772 0.6292
vn -0.0026 0.7759 0.6308
vn -0.0003 0.8266 0.5628
vn 0.0003 0.8408 0.5414
vn -0.0092 0.8365 0.5478
vn 0.3731 0.8193 0.4354
vn 0.3213 0.8791 0.3521
vn 0.2969 0.9082 0.2951
vn 0.6197 0.7372 0.2693
vn 0.6199 0.7335 0.2786
vn 0.6208 0.7391 0.2613
vn 0.4411 0.8831 0.1599
vn -0.0008 0.9141 0.4055
vn 0.8220 0.5142 0.2448
vn -0.0054 0.9990 0.0439
vn -0.0002 0.9991 0.0429
vn -0.0000 0.9996 0.0272
vn -0.0099 0.9805 0.1962
vn -0.0155 0.9800 0.1981
vn -0.0059 0.9733 0.2296
vn -0.0082 0.9951 0.0985
vn -0.0009 0.9601 0.2795
vn -0.0022 0.9736 0.2282
vn -0.0035 0.9742 0.2257
vn -0.0045 0.9743 0.2253
vn -0.0056 0.8791 0.4766
vn 0.0006 0.8804 0.4741
vn -0.0033 0.8802 0.4746
vn 0.0007 0.8802 0.4746
vn -0.0026 0.8829 0.4695
vn -0.0006 0.8793 0.4763
vn 0.0003 0.9146 0.4044
vn -0.0054 0.8461 0.5330
vn -0.0007 -0.9149 0.4036
vn 0.0025 0.8443 0.5359
vn 0.0029 -0.9103 0.4139
vn -0.0010 -0.9078 0.4194
vn 0.0014 -0.9110 0.4123
vn -0.0015 0.8762 0.4820
vn 0.0004 0.8777 0.4792
vn -0.0011 0.8770 0.4806
vn -0.0020 0.9128 0.4085
vn -0.0009 0.9130 0.4080
vn 0.0019 0.9348 0.3553
vn -0.0004 0.9345 0.3559
vn 0.0007 0.9320 0.3625
vn -0.0014 0.8490 0.5284
vn 0.0008 0.8918 0.4525
vn 0.0009 0.8917 0.4525
vn -0.0000 0.8918 0.4524
vn 0.0039 0.9328 0.3603
vn -0.0008 0.8942 0.4477
vn -0.0011 0.8940 0.4480
vn -0.0005 0.9567 0.2911
vn 0.0048 0.9088 0.4172
vn -0.0077 0.9137 0.4062
vn 0.0023 0.9082 0.4185
vn -0.0067 0.8847 0.4660
vn 0.0007 0.9745 0.2244
vn 0.0008 0.9745 0.2243
vn 0.0003 0.9743 0.2252
vn 0.0009 0.9741 0.2259
vn 0.0012 0.9742 0.2255
vn -0.0037 0.9739 0.2270
vn 0.0018 0.9893 0.1457
vn 0.0025 0.9895 0.1444
vn 0.0004 0.9891 0.1470
vn -0.0028 0.9985 0.0540
vn -0.0047 0.9985 0.0538
vn 0.0009 0.9986 0.0524
vn -0.0284 0.9982 -0.0534
vn -0.0025 0.9994 -0.0355
vn -0.0007 0.9994 -0.0356
vn -0.0073 0.9989 0.0466
vn -0.0108 0.9989 0.0463
vn 0.0008 0.9989 0.0471
vn 0.0147 0.9909 0.1335
vn 0.0020 0.9913 0.1314
vn -0.0075 0.9932 0.1162
vn -0.8931 -0.3961 0.2131
vn -0.0005 -0.9193 0.3936
vn -0.7094 -0.6699 0.2189
vn -0.2108 -0.9113 0.3536
vn -0.9955 -0.0837 0.0437
vn -0.9944 -0.0943 0.0469
vn -1.0000 0.0006 0.0005
vn -0.9997 -0.0232 0.0057
vn -1.0000 -0.0022 0.0009
vn -1.0000 0.0002 -0.0000
vn 0.2466 0.6235 -0.7419
vn 0.2551 0.6299 -0.7336
vn 0.2584 0.6368 -0.7264
vn 0.2755 0.6274 -0.7283
vn 0.2676 0.6119 -0.7443
vn 0.2894 0.6275 -0.7228
vn 0.3019 0.6644 -0.6837
vn 0.3010 0.6661 -0.6825
vn 0.3014 0.6649 -0.6834
vn 0.4301 0.8509 -0.3015
vn 0.4361 0.8947 -0.0959
vn 0.4422 0.8958 0.0451
vn 0.4194 0.8632 0.2811
vn 0.3224 0.7184 0.6164
vn 0.3565 0.7424 0.5673
vn 0.3640 0.7726 0.5202
vn 0.3753 0.8196 0.4328
vn 0.4044 0.8829 0.2388
vn 0.4164 0.8540 -0.3120
vn 0.3805 0.7965 -0.4698
vn 0.3500 0.7523 -0.5582
vn 0.3256 0.6951 -0.6410
vn 0.2958 0.6456 -0.7041
vn 0.5474 0.7606 -0.3492
vn 0.3022 0.6654 -0.6826
vn 0.3143 0.6735 -0.6691
vn 0.4022 0.8428 -0.3578
vn 0.4305 0.8946 -0.1198
vn 0.4154 0.9038 0.1030
vn 0.4436 0.8917 0.0896
vn 0.3896 0.8170 0.4251
vn 0.3529 0.7101 0.6093
vn 0.3269 0.7479 0.5777
vn 0.3398 0.7336 0.5885
vn 0.3286 0.6933 0.6413
vn 0.3121 0.7240 0.6152
vn 0.3244 0.7026 0.6333
vn 0.3656 0.7329 0.5737
vn 0.3405 0.7258 0.5977
vn 0.3543 0.7166 0.6008
vn 0.3484 0.7366 0.5796
vn 0.3861 0.7830 0.4876
vn 0.3485 0.7218 0.5980
vn 0.3657 0.7454 0.5573
vn 0.3834 0.8216 0.4219
vn 0.4072 0.8238 0.3944
vn 0.4077 0.8718 0.2717
vn 0.4479 0.8923 0.0563
vn 0.4356 0.8908 -0.1294
vn 0.3709 0.8868 -0.2757
vn 0.4523 0.8477 0.2772
vn 0.4092 0.8572 0.3127
vn 0.3985 0.8601 0.3184
vn 0.4112 0.8662 0.2839
vn 0.4080 0.8586 0.3104
vn 0.3917 0.8826 0.2600
vn -0.0039 -0.8429 0.5381
vn -0.0021 -0.8392 0.5438
vn -0.0049 -0.8423 0.5390
vn 0.3223 -0.8731 0.3659
vn 0.3288 -0.8874 0.3231
vn 0.0015 -0.9124 0.4093
vn -0.0012 -0.9651 0.2618
vn -0.0014 -0.9581 0.2865
vn -0.0107 -0.9587 0.2842
vn -0.0004 -0.9453 0.3263
vn 0.0001 -0.9459 0.3244
vn -0.0003 -0.9129 0.4083
vn -0.0015 -0.8784 0.4780
vn 0.0016 -0.8734 0.4870
vn -0.0010 -0.8776 0.4794
vn 0.0031 -0.9226 0.3857
vn 0.0013 -0.9236 0.3834
vn 0.0022 -0.9234 0.3839
vn 0.6750 0.6335 0.3782
vn 0.6749 0.6336 0.3782
vn 0.6723 0.6323 0.3849
vn 0.6773 0.6390 0.3647
vn 0.5546 0.7623 -0.3336
vn 0.6792 0.6288 0.3784
vn 0.6694 0.6364 0.3832
vn 0.6788 0.6290 0.3790
vn 0.6660 0.7437 -0.0579
vn 0.6714 0.6524 0.3514
vn 0.5898 0.7819 -0.2019
vn 0.6216 0.7610 -0.1858
vn 0.3237 0.6372 -0.6994
vn 0.6381 0.7285 0.2492
vn 0.4889 0.7275 -0.4814
vn 0.6127 0.7783 -0.1374
vn 0.2978 0.6699 -0.6801
vn 0.3072 0.6794 -0.6664
vn 0.3280 0.7106 -0.6225
vn 0.3333 0.7075 -0.6231
vn 0.2955 0.6464 -0.7035
vn 0.3599 0.7601 -0.5410
vn 0.3479 0.7682 -0.5375
vn 0.3172 0.6829 -0.6581
vn 0.3152 0.6888 -0.6528
vn 0.3211 0.6900 -0.6487
vn 0.3808 0.8185 -0.4302
vn 0.3127 0.6678 -0.6754
vn 0.3171 0.6692 -0.6721
vn 0.3160 0.6654 -0.6763
vn -0.0005 -0.9647 0.2633
vn -0.0098 0.9124 0.4093
vn -0.0051 0.9370 0.3494
vn 0.0007 0.9379 0.3469
vn 0.0017 0.9385 0.3452
vn -0.0076 0.9070 0.4211
vn -0.0068 0.9078 0.4192
vn -0.0052 0.9085 0.4179
vn -0.0037 -0.8466 0.5322
vn -0.0035 -0.8466 0.5322
vn -0.0020 -0.8467 0.5321
vn 0.0046 -0.8510 0.5251
vn 0.0049 -0.8494 0.5277
vn 0.0049 -0.8496 0.5275
vn -0.0065 -0.9925 0.1217
vn -0.0173 -0.9427 0.3333
vn -0.0114 -0.9493 0.3143
vn -0.0088 -0.9749 0.2224
vn -0.0094 -0.9907 0.1360
vn -0.0199 -0.9679 0.2506
vn -0.0200 -0.9679 0.2506
vn -0.0207 -0.9659 0.2579
vn 0.0144 -0.9956 0.0931
vn 0.0065 -0.9994 0.0334
vn 0.0199 -0.9985 0.0508
vn -0.0004 -0.9993 0.0365
vn -0.0020 -0.9996 0.0293
vn -0.0030 -0.9996 0.0297
vn -0.0027 -0.9996 0.0295
vn -0.0006 -0.9996 0.0282
vn 0.0001 -0.9996 0.0276
vn -0.0015 -0.9995 0.0308
vn -0.0035 -0.9770 0.2133
vn 0.0010 0.8253 0.5646
vn 0.0018 0.8650 0.5017
vn 0.0021 0.8654 0.5011
vn 0.0021 0.8656 0.5007
vn -0.0063 0.9122 0.4097
vn 0.0100 0.9152 0.4030
vn -0.0018 0.9326 0.3608
vn -0.0023 0.9333 0.3591
vn -0.0015 0.9324 0.3614
vn -0.0026 0.9811 0.1935
vn 0.0051 0.9902 0.1398
vn -0.0105 0.9954 0.0951
vn 0.0056 0.9205 0.3907
vn -0.1675 0.8856 0.4332
vn -0.6379 0.6968 0.3279
vn 0.0010 0.9760 0.2179
vn 0.0040 0.9763 0.2163
vn -0.0010 0.9760 0.2179
vn 0.0037 0.9686 0.2488
vn -0.1416 0.8807 0.4520
vn -0.9999 -0.0119 0.0015
vn -0.9999 -0.0046 -0.0153
vn -0.9999 -0.0117 0.0017
vn -0.5172 0.7915 0.3256
vn -0.9999 -0.0118 -0.0035
vn -1.0000 0.0034 0.0005
vn -0.9999 -0.0115 -0.0044
vn -0.3157 0.8846 0.3433
vn -0.0012 0.9990 0.0441
vn -0.0027 0.9990 0.0436
vn 0.0038 0.9994 0.0346
vn -0.0027 0.9992 0.0394
vn 0.0003 0.9995 0.0311
vn -0.0151 0.9987 0.0481
vn 0.0103 0.9905 0.1370
vn 0.0043 0.9906 0.1370
vn 0.0120 0.9915 0.1293
vn -0.2236 0.9553 0.1937
vn -0.0078 0.9945 0.1047
vn -0.9999 -0.0011 -0.0137
vn -0.9998 -0.0146 0.0128
vn -0.9998 -0.0104 0.0174
vn -1.0000 0.0001 0.0003
vn -0.9999 -0.0146 -0.0041
vn -0.9999 -0.0144 -0.0062
vn -0.9999 -0.0145 -0.0058
vn -0.9999 -0.0075 0.0092
vn -1.0000 -0.0000 0.0001
vn -1.0000 0.0003 0.0003
vn 0.0060 -0.9131 0.4077
vn 0.0066 -0.9139 0.4059
vn 0.0063 -0.9133 0.4073
vn -0.0005 0.8848 0.4659
vn -0.0005 0.8849 0.4659
vn -0.0007 0.8851 0.4655
vn -0.0017 0.9146 0.4043
vn -0.0033 0.9115 0.4114
vn 0.0012 0.9109 0.4127
vn -0.0005 0.8898 0.4563
vn 0.0021 0.8868 0.4621
vn -0.0012 0.8899 0.4562
vn 0.3789 -0.5494 0.7447
vn 0.3552 -0.5289 0.7708
vn 0.3605 -0.5408 0.7600
vn 0.3766 -0.3722 0.8483
vn 0.4191 -0.0398 0.9071
vn 0.3869 0.2761 0.8798
vn 0.3650 0.0384 0.9302
vn 0.3006 0.6618 -0.6868
vn 0.2951 0.6634 -0.6876
vn 0.2958 0.6626 -0.6881
vn -0.6726 -0.6937 0.2576
vn -0.6733 -0.6962 0.2488
vn -0.6719 -0.6942 0.2581
vn -0.6710 -0.7123 0.2060
vn -0.6717 -0.7108 0.2089
vn -0.6671 -0.7133 0.2150
vn -0.6824 -0.7191 0.1315
vn -0.6836 -0.7206 0.1161
vn -0.6788 -0.7218 0.1349
vn 0.0027 0.9743 0.2251
vn -0.0026 0.9995 0.0313
vn -0.0026 0.9995 0.0305
vn -0.0103 0.9994 0.0333
vn -0.0010 -0.9997 0.0249
vn -0.0010 -0.9997 0.0247
vn -0.0010 -0.9997 0.0248
vn 0.0070 0.9136 0.4066
vn -0.0073 0.9177 0.3973
vn -0.0078 0.9176 0.3974
vn 0.0039 0.9826 0.1857
vn 0.0054 0.9811 0.1935
vn -0.0026 0.9808 0.1950
vn -0.0001 0.9595 0.2817
vn 0.0002 0.9598 0.2807
vn -0.0001 0.9595 0.2818
vn -0.0109 0.9814 0.1914
vn 0.0001 -0.9284 0.3717
vn 0.0059 -0.9354 0.3535
vn -0.0039 -0.9348 0.3551
vn 0.0087 -0.9528 0.3035
vn 0.0046 -0.9465 0.3228
vn 0.0006 -0.9462 0.3235
vn -0.0010 -0.9399 0.3414
vn 0.0013 -0.9426 0.3340
vn -0.0015 -0.9421 0.3353
vn -0.0021 -0.9432 0.3323
vn -0.0088 -0.9444 0.3288
vn -0.0015 -0.9433 0.3321
vn -0.0159 0.9802 0.1972
vn 0.0018 0.9725 0.2328
vn 0.0033 0.9794 0.2017
vn 0.0009 0.9996 0.0282
vn 0.0011 0.9996 0.0282
vn 0.0026 0.9999 0.0129
vn 0.0016 -0.9903 0.1391
vn -0.0015 -0.9893 0.1461
vn -0.0025 -0.9903 0.1387
vn 0.0044 -0.9402 0.3406
vn 0.0023 0.9720 0.2348
vn 0.0052 0.9728 0.2316
vn 0.0038 0.9723 0.2339
vn 0.6631 0.5890 0.4620
vn 0.6635 0.5889 0.4616
vn 0.6641 0.5889 0.4606
vn 0.6452 0.7473 -0.1587
vn 0.5901 0.7777 -0.2165
vn 0.3743 0.7669 -0.5213
vn 0.4005 0.8805 -0.2534
vn 0.3935 0.9128 -0.1093
vn 0.4008 0.9134 0.0707
vn 0.4144 0.9094 0.0354
vn 0.4075 0.8956 0.1783
vn 0.3753 0.8836 0.2798
vn 0.3459 0.8124 0.4694
vn 0.3598 0.8098 0.4635
vn 0.0009 -0.9711 0.2385
vn -0.0163 -0.9790 0.2032
vn 0.0034 -0.9797 0.2003
vn 0.0119 -0.9821 0.1880
vn 0.0021 -0.9892 0.1464
vn 0.0018 -0.9892 0.1463
vn 0.0016 -0.9892 0.1462
vn 0.0003 -0.9960 0.0896
vn -0.1847 -0.9562 0.2272
vn -0.9998 0.0181 -0.0019
vn -0.9998 0.0177 -0.0015
vn -0.9998 0.0180 0.0023
vn -0.9999 0.0144 -0.0007
vn -0.9999 0.0136 -0.0035
vn -0.9999 0.0106 -0.0069
vn 0.0291 -0.9968 0.0750
vn -0.8953 -0.4075 0.1799
vn -0.0058 -0.9908 0.1349
vn 0.0060 -0.9942 0.1073
vn 0.0005 -0.9945 0.1047
vn 0.0006 -0.9913 0.1318
vn 0.0024 -0.9854 0.1700
vn 0.0024 -0.9954 0.0959
vn -0.0030 -0.9897 0.1429
vn -0.5178 0.8552 0.0243
vn -0.9234 0.3835 0.0184
vn 0.0028 0.9766 0.2149
vn -0.0009 -0.9794 0.2019
vn 0.0189 -0.9975 0.0685
vn -0.0053 -0.9979 0.0646
vn 0.0037 -0.9995 0.0307
vn 0.0124 0.9719 0.2351
vn -0.0081 0.9774 0.2112
vn -0.0014 0.9780 0.2085
vn 0.0023 0.9998 0.0198
vn 0.0005 0.9994 0.0345
vn -0.0069 0.9996 0.0283
vn 0.0007 0.9978 0.0659
vn -0.0003 0.9991 0.0414
vn -0.0047 0.9984 0.0563
vn 0.0003 0.9879 0.1552
vn -0.0020 0.9929 0.1188
vn -0.0034 0.9936 0.1130
vn -0.0006 0.9890 0.1477
vn -0.0135 0.9959 0.0899
vn 0.0025 0.9767 0.2147
vn 0.0065 0.9996 0.0275
vn 0.0040 0.9998 0.0218
vn 0.0114 0.9998 0.0192
vn 0.0176 0.9981 0.0583
vn 0.0055 0.9996 0.0260
vn 0.0031 0.9985 0.0549
vn -0.0016 0.9778 0.2093
vn 0.0001 0.9855 0.1697
vn -0.0025 0.9782 0.2077
vn -0.0081 -0.9971 0.0758
vn -0.0072 -1.0000 -0.0032
vn -0.0028 -0.9995 0.0323
vn 0.0054 -0.9995 -0.0313
vn 0.0020 -0.9991 -0.0435
vn 0.0021 -0.9784 0.2068
vn 0.0033 -0.9685 0.2489
vn 0.0066 -0.9587 0.2843
vn -0.0117 -0.9602 0.2791
vn 0.3209 -0.7151 -0.6210
vn 0.2850 -0.7414 -0.6076
vn 0.3029 -0.7110 -0.6346
vn -0.1518 -0.8559 -0.4944
vn 0.3360 -0.7281 -0.5975
vn -0.2167 -0.9422 -0.2556
vn 0.3566 -0.7469 -0.5612
vn 0.3381 -0.7333 -0.5899
vn 0.3667 -0.7417 -0.5616
vn 0.3640 -0.7593 -0.5395
vn 0.3451 -0.7395 -0.5779
vn 0.3310 -0.7046 -0.6277
vn 0.3707 -0.7861 -0.4947
vn 0.3622 -0.7472 -0.5572
vn 0.3845 -0.8127 -0.4377
vn 0.4131 -0.8646 -0.2861
vn 0.4115 -0.8578 -0.3079
vn 0.4377 -0.8985 -0.0344
vn 0.4085 -0.8773 0.2522
vn 0.4469 -0.8845 0.1342
vn 0.4212 -0.8850 -0.1985
vn 0.3887 -0.8040 -0.4499
vn 0.3868 -0.8274 0.4071
vn 0.4028 -0.8321 0.3813
vn 0.4004 -0.8638 -0.3059
vn 0.3787 -0.7848 -0.4905
vn 0.3369 -0.7104 -0.6180
vn 0.3395 -0.7223 -0.6025
vn 0.3353 -0.7136 -0.6151
vn 0.3480 -0.7087 -0.6137
vn 0.3675 -0.7861 -0.4971
vn 0.3478 -0.7390 -0.5770
vn 0.3634 -0.7261 -0.5837
vn 0.3588 -0.7339 -0.5768
vn 0.3400 -0.7217 -0.6029
vn 0.3380 -0.7072 -0.6210
vn 0.3798 -0.7834 -0.4920
vn 0.4323 -0.9000 -0.0568
vn 0.4280 -0.9018 0.0594
vn 0.4015 -0.8857 0.2333
vn 0.3586 -0.7464 0.5606
vn 0.3449 -0.7569 0.5552
vn 0.3509 -0.7679 0.5358
vn 0.3834 -0.8235 0.4182
vn 0.4300 -0.8825 0.1908
vn 0.3524 -0.7316 0.5835
vn 0.3555 -0.7204 0.5955
vn 0.3546 -0.7450 0.5650
vn 0.3415 -0.6887 0.6396
vn 0.3564 -0.7312 0.5816
vn 0.4035 -0.8276 0.3903
vn 0.4444 -0.8954 -0.0275
vn 0.4298 -0.8718 -0.2351
vn 0.4193 -0.8098 -0.4104
vn -0.6779 -0.7264 0.1136
vn -0.3225 -0.9027 -0.2847
vn -0.6855 -0.7243 0.0740
vn -0.2726 -0.9572 -0.0969
vn -0.2271 -0.9722 -0.0562
vn 0.4833 -0.8748 -0.0333
vn 0.4651 -0.8721 0.1519
vn 0.3747 -0.7507 0.5441
vn 0.3532 -0.7581 0.5482
vn 0.3349 -0.7174 0.6109
vn 0.3516 -0.6951 0.6271
vn 0.3103 -0.6740 0.6704
vn 0.4047 -0.8245 0.3956
vn 0.4646 -0.8608 0.2080
vn -0.1142 -0.9489 0.2941
vn 0.3301 -0.7681 0.5486
vn -0.0073 -0.8756 0.4830
vn 0.3484 -0.7336 0.5834
vn 0.3350 -0.7440 0.5781
vn 0.3378 -0.7256 0.5995
vn -0.4792 -0.8746 0.0740
vn -0.2093 -0.9740 0.0868
vn -0.6919 -0.7219 0.0098
vn -0.6679 -0.7317 0.1361
vn -0.6676 -0.7324 0.1338
vn -0.6676 -0.7326 0.1328
vn -0.6696 -0.7362 0.0987
vn -0.6777 -0.7287 0.0986
vn -0.6785 -0.7281 0.0976
vn -0.6767 -0.7295 0.0994
vn -0.6890 -0.7247 0.0018
vn -0.6864 -0.7254 0.0521
vn -0.4444 -0.8931 0.0707
vn -0.6901 -0.7208 -0.0643
vn -0.6787 -0.7293 -0.0867
vn -0.6797 -0.7261 0.1041
vn -0.6817 -0.7255 0.0945
vn -0.6811 -0.7248 0.1033
vn -0.6779 -0.7239 -0.1277
vn -0.6841 -0.7160 -0.1390
vn -0.6715 -0.7264 -0.1462
vn -0.6732 -0.7267 -0.1370
vn -0.6715 -0.7264 -0.1461
vn -0.6730 -0.7232 -0.1551
vn -0.6732 -0.7261 -0.1397
vn -0.6742 -0.7238 -0.1468
vn -0.6695 -0.7293 -0.1409
vn -0.6664 -0.7329 -0.1371
vn -0.6665 -0.7335 -0.1331
vn -0.6881 -0.7150 -0.1236
vn -0.5403 -0.8372 -0.0845
vn -0.4165 -0.8931 -0.1702
vn -0.0142 -0.9996 0.0247
vn 0.0342 -0.9993 -0.0116
vn 0.0284 -0.9995 0.0126
vn 0.0181 -0.9998 -0.0098
vn 0.0316 -0.9974 -0.0655
vn 0.0065 -0.9989 -0.0455
vn 0.0271 -0.9964 -0.0807
vn 0.0351 -0.9897 -0.1386
vn 0.0050 -0.9924 -0.1228
vn -0.0012 -0.9961 -0.0884
vn 0.0065 -0.9960 -0.0887
vn 0.0033 -0.9983 -0.0577
vn -0.0172 -0.9934 -0.1135
vn 0.0085 -0.9754 -0.2202
vn 0.0071 -0.9998 0.0206
vn 0.0063 -0.9919 0.1272
vn 0.0129 -0.9899 0.1412
vn 0.0089 -0.9887 0.1495
vn 0.0024 -0.9842 0.1772
vn 0.0123 -0.9832 0.1819
vn 0.0073 -0.9822 0.1877
vn 0.0017 -0.9903 0.1392
vn -0.0105 -0.9998 0.0171
vn -0.0147 -0.9993 0.0335
vn -0.0158 -0.9993 0.0329
vn -0.0095 -0.9990 -0.0434
vn 0.2780 -0.9605 0.0118
vn 0.0009 -0.9985 -0.0540
vn 0.6138 -0.7882 -0.0439
vn 0.6080 -0.7911 -0.0664
vn 0.6074 -0.7908 -0.0747
vn 0.3204 -0.9393 -0.1228
vn 0.6179 -0.7738 -0.1396
vn 0.1465 -0.9584 -0.2451
vn 0.3451 -0.9260 -0.1530
vn 0.5964 -0.7595 -0.2598
vn 0.6100 -0.7413 -0.2799
vn 0.4325 -0.8394 -0.3292
vn 0.6042 -0.7153 -0.3511
vn 0.3071 -0.8514 -0.4251
vn 0.5985 -0.6966 -0.3956
vn 0.2892 -0.8285 -0.4796
vn 0.5957 -0.6652 -0.4501
vn 0.5837 -0.6791 -0.4451
vn 0.5929 -0.6727 -0.4427
vn 0.6128 -0.6208 -0.4889
vn 0.4209 -0.6895 -0.5895
vn 0.6006 -0.6373 -0.4829
vn 0.4146 -0.6658 -0.6204
vn -0.0089 -0.6847 -0.7287
vn -0.0037 -0.6898 -0.7240
vn -0.0036 -0.6898 -0.7240
vn 0.3993 -0.5866 -0.7046
vn 0.3203 -0.5703 -0.7564
vn -0.0025 -0.6460 -0.7633
vn -0.0073 -0.6892 -0.7246
vn 0.0016 -0.5566 -0.8308
vn 0.2639 -0.5374 -0.8010
vn 0.3256 -0.4164 -0.8489
vn 0.2923 -0.3637 -0.8845
vn -0.0036 -0.3578 -0.9338
vn 0.1834 -0.4769 -0.8596
vn 0.6176 -0.3683 -0.6949
vn -0.0020 0.9719 0.2353
vn -0.0040 0.9722 0.2343
vn 0.0141 0.9757 0.2187
vn 0.3697 -0.8430 -0.3907
vn -0.0086 0.9983 0.0584
vn 0.0035 0.9987 0.0515
vn -0.0009 0.9994 0.0358
vn 0.0036 -0.9963 0.0859
vn 0.0043 -0.9974 0.0719
vn 0.0023 -0.9960 0.0892
vn -0.0052 -0.9980 0.0627
vn 0.0073 -1.0000 -0.0002
vn 0.0001 -0.9996 -0.0295
vn 0.0064 -0.9994 0.0328
vn 0.0065 -0.9995 0.0322
vn -0.0148 -0.9999 -0.0051
vn -0.0071 -0.9994 0.0332
vn -0.0016 -1.0000 -0.0061
vn -0.0059 -0.9996 0.0282
vn -0.0055 -0.9996 0.0283
vn -0.0052 -0.9996 0.0285
vn 0.3703 0.7319 -0.5719
vn 0.3669 0.7390 -0.5650
vn 0.3658 0.7447 -0.5583
vn 0.3791 0.8084 -0.4502
vn 0.3909 0.8164 -0.4250
vn 0.3987 0.8598 -0.3191
vn 0.3703 0.8163 0.4434
vn 0.3904 0.8908 0.2327
vn 0.3757 0.8431 0.3848
vn 0.3474 0.7396 0.5765
vn 0.3793 0.8124 0.4430
vn 0.4333 0.8781 0.2029
vn 0.4037 0.9091 -0.1029
vn 0.3570 0.7561 0.5484
vn 0.4000 0.8271 0.3948
vn 0.4783 0.8622 0.1668
vn 0.4289 0.8771 0.2161
vn 0.4400 0.8765 0.1952
vn 0.4228 0.9031 0.0749
vn 0.3792 0.8311 0.4069
vn 0.3589 0.7620 0.5390
vn 0.4070 0.8840 0.2298
vn 0.4194 0.8910 -0.1738
vn 0.3949 0.8537 -0.3396
vn 0.4159 0.8713 -0.2607
vn 0.3691 0.8309 -0.4164
vn 0.3448 -0.7064 -0.6181
vn 0.3389 -0.7026 -0.6257
vn 0.3651 -0.7158 -0.5953
vn 0.3267 -0.7150 -0.6180
vn 0.3245 -0.7068 -0.6286
vn 0.3261 -0.7065 -0.6280
vn 0.3191 -0.7144 -0.6228
vn 0.3368 -0.7014 -0.6282
vn 0.3306 -0.7222 -0.6076
vn 0.3710 -0.7311 -0.5727
vn 0.3690 -0.8190 -0.4395
vn 0.3502 -0.7665 -0.5383
vn 0.3776 -0.8329 -0.4046
vn 0.3214 -0.7048 -0.6324
vn 0.3722 -0.7878 -0.4907
vn 0.3900 -0.8278 -0.4034
vn 0.3971 -0.8885 -0.2299
vn 0.4147 -0.8773 -0.2415
vn 0.4429 -0.8964 -0.0147
vn 0.4106 -0.8924 0.1873
vn 0.4220 -0.9011 0.1000
vn 0.4151 -0.8515 0.3205
vn 0.3569 -0.7376 0.5732
vn 0.3907 -0.8137 0.4304
vn 0.3672 -0.7419 0.5611
vn 0.3727 -0.7653 0.5247
vn 0.3682 -0.7512 0.5478
vn 0.3536 -0.7348 0.5789
vn 0.3385 -0.7321 0.5911
vn 0.3405 -0.7202 0.6045
vn 0.3206 -0.6953 0.6433
vn 0.3239 -0.7016 0.6347
vn 0.3011 -0.6654 0.6831
vn 0.3224 -0.6911 0.6468
vn 0.3096 -0.6842 0.6603
vn 0.2862 -0.6424 0.7110
vn 0.2529 -0.6023 0.7571
vn 0.2734 -0.6279 0.7287
vn 0.5960 -0.7817 0.1836
vn 0.5515 -0.8018 0.2303
vn 0.3642 -0.7231 0.5870
vn 0.3325 -0.7103 0.6205
vn 0.3189 -0.6867 0.6533
vn 0.3563 -0.7206 0.5949
vn 0.5692 -0.7083 0.4176
vn 0.2778 -0.5231 0.8057
vn 0.6617 -0.7208 -0.2064
vn 0.6706 -0.6530 -0.3520
vn 0.6818 -0.6482 -0.3391
vn 0.6748 -0.6507 -0.3481
vn 0.5756 -0.7313 0.3659
vn 0.3252 -0.6668 0.6705
vn 0.6729 -0.6401 -0.3709
vn 0.6690 -0.6370 -0.3829
vn 0.6658 -0.6248 -0.4079
vn 0.6722 -0.6178 -0.4080
vn 0.2375 -0.5691 0.7872
vn 0.6700 -0.6376 -0.3803
vn 0.6659 -0.6374 -0.3878
vn 0.6659 -0.6367 -0.3888
vn 0.6661 -0.6362 -0.3893
vn 0.6735 -0.6267 -0.3921
vn 0.6771 -0.5965 -0.4309
vn 0.6683 -0.6019 -0.4370
vn 0.6686 -0.5410 -0.5102
vn 0.6672 -0.5240 -0.5294
vn 0.6645 -0.5390 -0.5176
vn 0.6576 -0.5619 -0.5018
vn 0.6581 -0.5608 -0.5024
vn 0.6577 -0.5616 -0.5019
vn 0.6679 -0.5803 -0.4660
vn 0.6682 -0.5913 -0.4515
vn 0.6643 -0.6514 -0.3665
vn 0.6600 -0.6470 -0.3818
vn 0.6640 -0.6515 -0.3670
vn 0.6488 -0.6602 -0.3785
vn 0.6598 -0.6631 -0.3535
vn 0.6561 -0.6502 -0.3830
vn 0.6728 -0.5784 -0.4613
vn 0.6708 -0.5998 -0.4362
vn 0.6771 -0.5508 -0.4881
vn 0.6783 -0.5423 -0.4958
vn 0.6631 -0.6038 -0.4425
vn 0.6631 -0.6036 -0.4427
vn 0.6591 -0.6037 -0.4485
vn 0.6690 -0.5700 -0.4770
vn 0.6699 -0.5890 -0.4520
vn 0.6738 -0.5105 -0.5342
vn 0.6697 -0.5111 -0.5388
vn 0.6682 -0.4941 -0.5563
vn 0.6716 -0.4735 -0.5699
vn 0.6695 -0.4462 -0.5939
vn 0.6619 -0.5080 -0.5512
vn 0.6676 -0.5805 -0.4661
vn 0.6659 -0.5744 -0.4761
vn 0.6678 -0.5725 -0.4758
vn 0.6651 -0.5354 -0.5206
vn 0.6663 -0.5420 -0.5121
vn 0.6651 -0.5429 -0.5126
vn 0.6668 -0.4733 -0.5757
vn 0.6681 -0.4358 -0.6031
vn 0.6675 -0.4066 -0.6238
vn 0.6684 -0.4048 -0.6240
vn 0.4855 0.4163 -0.7688
vn 0.5323 0.2693 -0.8026
vn 0.5950 0.3430 -0.7269
vn 0.2420 0.7534 -0.6115
vn 0.2203 0.7703 -0.5985
vn 0.6511 0.0125 -0.7589
vn 0.2308 0.7723 -0.5918
vn 0.2945 0.7078 -0.6420
vn 0.3033 0.7001 -0.6465
vn 0.2966 0.7050 -0.6442
vn 0.2998 0.6902 -0.6586
vn 0.2939 0.7051 -0.6453
vn 0.2921 0.6840 -0.6684
vn 0.2833 0.7011 -0.6543
vn 0.2921 0.6988 -0.6529
vn 0.2846 0.6933 -0.6621
vn 0.3117 0.6705 -0.6732
vn 0.3127 0.6927 -0.6499
vn 0.3454 0.6060 -0.7166
vn 0.3494 0.6039 -0.7164
vn 0.3444 0.6113 -0.7125
vn 0.3374 0.6427 -0.6878
vn 0.3421 0.6287 -0.6983
vn 0.3403 0.6505 -0.6790
vn 0.3436 0.6134 -0.7111
vn 0.3560 0.6152 -0.7034
vn 0.3462 0.6000 -0.7212
vn 0.3524 0.6021 -0.7165
vn 0.3024 0.6918 -0.6557
vn 0.2855 0.7099 -0.6439
vn 0.2829 0.7328 -0.6188
vn 0.6209 0.3061 -0.7216
vn 0.6566 0.3407 -0.6729
vn 0.6679 -0.3475 -0.6582
vn 0.6716 -0.3514 -0.6523
vn 0.5990 0.2445 -0.7625
vn 0.6789 -0.1214 -0.7241
vn 0.6619 -0.4150 -0.6243
vn 0.6829 -0.3831 -0.6220
vn 0.6762 -0.3635 -0.6409
vn 0.6684 -0.3644 -0.6485
vn 0.5397 0.4494 -0.7119
vn 0.3042 0.7007 -0.6454
vn 0.3223 0.6629 -0.6758
vn 0.3333 0.6140 -0.7155
vn 0.3382 0.6191 -0.7087
vn 0.3571 0.5781 -0.7337
vn 0.3506 0.6133 -0.7078
vn 0.3474 0.6102 -0.7120
vn 0.3020 0.7111 -0.6349
vn 0.6683 -0.3286 -0.6674
vn 0.6125 0.3073 -0.7283
vn 0.6711 -0.4193 -0.6114
vn 0.6739 -0.4768 -0.5644
vn 0.6777 -0.4812 -0.5560
vn 0.6740 -0.4361 -0.5962
vn 0.6703 -0.4453 -0.5936
vn 0.6726 -0.4371 -0.5971
vn 0.6722 -0.4591 -0.5808
vn 0.6732 -0.4819 -0.5609
vn 0.6787 -0.4860 -0.5506
vn 0.6780 -0.4874 -0.5503
vn 0.3566 -0.7423 -0.5673
vn 0.3935 -0.8242 -0.4074
vn 0.4048 -0.8650 -0.2964
vn 0.4125 -0.9011 -0.1337
vn 0.4288 -0.9034 0.0019
vn 0.3912 -0.9069 0.1564
vn 0.4038 -0.8577 0.3182
vn 0.3688 -0.7956 0.4807
vn 0.4037 -0.8558 -0.3233
vn 0.3798 -0.9200 -0.0972
vn 0.4003 -0.9072 0.1297
vn 0.4001 -0.8647 0.3035
vn 0.3642 -0.8026 0.4724
vn 0.3688 -0.8615 0.3491
vn 0.3136 -0.7035 0.6378
vn 0.3237 -0.7618 0.5611
vn 0.3217 -0.7054 0.6316
vn 0.3394 -0.6801 0.6499
vn 0.3388 -0.6798 0.6505
vn 0.3404 -0.6720 0.6577
vn 0.6381 -0.7694 0.0282
vn 0.6841 -0.7288 -0.0270
vn 0.6814 -0.5885 -0.4352
vn 0.6428 -0.7564 -0.1211
vn 0.4628 -0.8079 0.3649
vn 0.6656 -0.5914 -0.4553
vn 0.6685 -0.6247 -0.4035
vn 0.5941 -0.7845 0.1776
vn 0.3905 -0.7334 0.5565
vn 0.3156 -0.7017 0.6388
vn 0.3258 -0.7062 0.6286
vn 0.3288 -0.6780 0.6574
vn 0.3388 -0.7197 0.6060
vn 0.3785 -0.7730 0.5092
vn 0.6324 -0.7697 0.0879
vn 0.5893 -0.7886 0.1758
vn 0.4813 -0.8207 0.3080
vn 0.6880 -0.6492 -0.3243
vn 0.7066 -0.6271 -0.3278
vn 0.6829 -0.6573 -0.3188
vn 0.6657 -0.6154 -0.4220
vn 0.6654 -0.5890 -0.4586
vn 0.6665 -0.5883 -0.4580
vn 0.6658 -0.5886 -0.4585
vn 0.6665 -0.5404 -0.5135
vn 0.6811 -0.5084 -0.5269
vn 0.6641 -0.5166 -0.5405
vn 0.6719 -0.4899 -0.5555
vn 0.6689 -0.4770 -0.5701
vn 0.6694 -0.4765 -0.5700
vn 0.6622 -0.4594 -0.5920
vn 0.6701 -0.4425 -0.5960
vn 0.5732 0.2362 -0.7846
vn 0.6767 -0.3780 -0.6318
vn 0.5581 0.2162 -0.8011
vn 0.3938 -0.8202 -0.4150
vn 0.4312 -0.8872 -0.1644
vn 0.4341 -0.8875 0.1543
vn 0.4133 -0.9090 -0.0545
vn 0.3476 -0.7190 0.6018
vn 0.3727 -0.7527 0.5427
vn 0.4010 -0.8352 0.3762
vn 0.3647 -0.7574 0.5416
vn 0.3926 -0.8387 0.3774
vn 0.4282 -0.8875 0.1705
vn 0.4301 -0.8683 -0.2472
vn 0.3721 -0.8193 -0.4362
vn 0.4032 -0.8914 -0.2067
vn 0.3902 -0.9067 0.1599
vn 0.3908 -0.8266 0.4050
vn 0.4342 -0.8998 -0.0420
vn 0.4304 -0.8821 0.1916
vn 0.4094 -0.8664 0.2860
vn 0.3026 -0.6706 0.6773
vn 0.2996 -0.6543 0.6943
vn 0.3118 -0.6675 0.6761
vn 0.5692 -0.8025 0.1788
vn 0.6646 -0.7466 0.0289
vn 0.3132 -0.6334 0.7076
vn 0.3454 -0.6460 0.6807
vn 0.3036 -0.6485 0.6981
vn 0.2987 -0.6525 0.6964
vn 0.3106 -0.6709 0.6733
vn 0.3110 -0.6707 0.6734
vn 0.3070 -0.6644 0.6815
vn 0.3686 -0.7440 0.5573
vn 0.4201 -0.8687 -0.2626
vn -0.0028 -0.9994 0.0350
vn 0.0044 -0.9993 0.0378
vn 0.0021 -0.9992 0.0407
vn 0.4275 0.8956 -0.1230
vn 0.3790 -0.8393 0.3897
vn 0.4133 -0.8645 0.2860
vn 0.3912 -0.8161 0.4253
vn 0.3849 -0.7961 0.4669
vn 0.3804 -0.7848 0.4892
vn 0.3506 -0.7381 0.5765
vn 0.3430 -0.7495 0.5662
vn 0.3818 -0.8828 0.2735
vn 0.3685 -0.8160 0.4455
vn 0.3252 -0.7627 0.5591
vn 0.3603 -0.7563 0.5461
vn 0.3157 -0.6924 0.6488
vn 0.3114 -0.7067 0.6353
vn 0.3534 -0.7198 0.5975
vn 0.3525 -0.7479 0.5625
vn 0.3610 -0.7636 0.5353
vn 0.3442 -0.7091 0.6154
vn 0.3377 -0.7014 0.6278
vn 0.3278 -0.7079 0.6257
vn 0.3327 -0.7078 0.6232
vn 0.3163 -0.6670 0.6745
vn 0.0083 -0.8823 0.4706
vn 0.1447 -0.8196 0.5544
vn -0.2437 -0.8958 0.3717
vn 0.3449 -0.7353 0.5834
vn 0.3567 -0.7295 0.5837
vn 0.3453 -0.7297 0.5901
vn -0.4371 -0.8849 0.1610
vn -0.6742 -0.7094 -0.2055
vn -0.6828 -0.6904 -0.2391
vn -0.6745 -0.6982 -0.2398
vn -0.6771 -0.6931 -0.2472
vn -0.7009 -0.6693 -0.2465
vn -0.6905 -0.6761 -0.2570
vn -0.6946 -0.6700 -0.2619
vn -0.6713 -0.6910 -0.2681
vn -0.2549 -0.9352 0.2458
vn -0.6661 -0.6926 -0.2767
vn -0.6550 -0.7180 -0.2355
vn -0.6711 -0.7082 -0.2193
vn -0.6748 -0.7170 -0.1749
vn -0.6897 -0.7026 -0.1754
vn -0.4842 -0.8505 -0.2056
vn -0.4685 -0.8252 -0.3155
vn -0.6640 -0.6994 -0.2644
vn -0.6762 -0.6817 -0.2794
vn -0.6675 -0.6890 -0.2825
vn -0.6737 -0.6833 -0.2816
vn -0.6693 -0.6735 -0.3138
vn -0.6677 -0.6666 -0.3315
vn -0.6658 -0.6600 -0.3481
vn -0.6612 -0.6803 -0.3163
vn -0.6678 -0.6715 -0.3210
vn -0.6470 -0.6872 -0.3305
vn -0.6460 -0.6905 -0.3254
vn -0.6473 -0.6882 -0.3277
vn -0.6616 -0.6465 -0.3800
vn -0.6623 -0.6327 -0.4014
vn -0.6585 -0.6645 -0.3533
vn -0.6583 -0.6644 -0.3538
vn -0.6534 -0.6671 -0.3580
vn -0.6621 -0.6674 -0.3408
vn -0.6670 -0.6628 -0.3403
vn -0.4435 -0.8273 -0.3448
vn 0.0144 -0.9466 -0.3221
vn 0.0136 -0.9461 -0.3237
vn 0.0034 -0.9465 -0.3227
vn 0.0043 -0.9346 -0.3558
vn 0.0068 -0.9352 -0.3540
vn -0.0019 -0.9700 -0.2430
vn -0.0012 -0.9168 -0.3993
vn 0.0075 -0.9065 -0.4221
vn 0.0022 -0.9170 -0.3988
vn -0.3525 -0.8271 -0.4377
vn 0.3607 -0.8014 -0.4771
vn -0.6578 -0.6823 -0.3190
vn -0.6503 -0.6870 -0.3241
vn -0.6633 -0.6791 -0.3144
vn -0.6644 -0.6420 -0.3827
vn -0.6593 -0.6478 -0.3816
vn -0.6512 -0.6213 -0.4359
vn -0.3588 -0.7860 -0.5035
vn -0.0084 -0.8408 -0.5413
vn -0.3136 -0.7560 -0.5746
vn -0.6550 -0.6122 -0.4429
vn -0.6565 -0.5991 -0.4584
vn -0.6557 -0.6269 -0.4208
vn -0.2618 -0.9178 0.2984
vn 0.3357 -0.7146 0.6137
vn 0.3211 -0.6855 0.6535
vn 0.3372 -0.6963 0.6336
vn 0.3006 -0.6497 0.6982
vn 0.2850 -0.6452 0.7089
vn -0.2660 -0.9439 0.1959
vn 0.2761 -0.6177 0.7364
vn 0.2650 -0.6406 0.7207
vn 0.1391 -0.9831 0.1194
vn 0.3721 -0.9213 0.1130
vn 0.2120 -0.9118 -0.3515
vn 0.3620 -0.8884 0.2823
vn 0.1295 -0.8363 -0.5328
vn 0.2516 -0.8386 -0.4832
vn -0.2887 -0.8416 -0.4564
vn -0.2941 -0.8343 -0.4663
vn -0.2673 -0.8973 -0.3513
vn -0.0363 -0.8733 0.4859
vn -0.6669 -0.6582 -0.3493
vn -0.6862 -0.6662 -0.2921
vn -0.6795 -0.6705 -0.2980
vn -0.6795 -0.6714 -0.2958
vn -0.6784 -0.6699 -0.3017
vn -0.2894 -0.8081 -0.5130
vn 0.1831 -0.9811 0.0626
vn 0.4248 -0.8913 0.1584
vn 0.6300 -0.7764 0.0180
vn 0.2462 -0.6142 0.7498
vn 0.2509 -0.6159 0.7468
vn 0.2463 -0.6140 0.7499
vn 0.5991 -0.7634 0.2417
vn 0.5908 -0.7743 0.2269
vn 0.2258 -0.5707 0.7895
vn 0.2335 -0.5690 0.7885
vn 0.2258 -0.5809 0.7820
vn 0.2520 -0.5892 0.7677
vn 0.2885 -0.6332 0.7182
vn 0.2878 -0.6320 0.7195
vn 0.2771 -0.6234 0.7312
vn 0.4289 -0.7149 0.5523
vn 0.5765 -0.7859 0.2236
vn 0.6832 -0.6296 -0.3699
vn 0.7073 -0.6232 -0.3337
vn 0.7143 -0.6197 -0.3252
vn 0.7037 -0.6197 -0.3476
vn 0.4125 -0.7668 -0.4918
vn -0.6588 -0.6371 -0.4002
vn -0.6532 -0.6166 -0.4395
vn -0.3070 -0.7590 -0.5741
vn 0.1355 -0.8033 -0.5800
vn 0.1157 -0.8095 -0.5757
vn 0.4906 -0.7186 -0.4929
vn -0.6607 -0.6521 -0.3717
vn -0.6671 -0.6406 -0.3803
vn -0.6638 -0.6497 -0.3706
vn -0.6627 -0.5929 -0.4575
vn -0.6626 -0.5934 -0.4569
vn -0.6624 -0.5940 -0.4564
vn -0.6652 -0.5851 -0.4639
vn -0.6610 -0.5957 -0.4563
vn -0.6654 -0.5852 -0.4634
vn -0.6498 -0.5855 -0.4847
vn -0.6522 -0.5699 -0.4999
vn -0.6576 -0.5737 -0.4884
vn -0.6498 -0.5523 -0.5222
vn -0.6558 -0.5534 -0.5135
vn -0.6537 -0.5701 -0.4977
vn -0.6548 -0.5926 -0.4692
vn -0.6594 -0.5715 -0.4884
vn -0.1111 -0.7600 -0.6404
vn 0.1135 -0.7800 -0.6154
vn -0.6595 -0.5623 -0.4989
vn -0.6551 -0.5406 -0.5278
vn -0.6612 -0.5247 -0.5362
vn -0.6579 -0.5388 -0.5262
vn -0.6653 -0.5237 -0.5322
vn -0.6673 -0.5186 -0.5346
vn -0.6671 -0.5271 -0.5264
vn -0.6556 -0.4705 -0.5906
vn -0.6600 -0.4818 -0.5764
vn -0.6594 -0.4770 -0.5811
vn -0.6651 -0.4334 -0.6082
vn -0.6643 -0.4872 -0.5668
vn -0.6584 -0.5315 -0.5329
vn -0.6545 -0.5106 -0.5577
vn -0.6559 -0.5617 -0.5043
vn -0.6540 -0.5601 -0.5085
vn -0.6503 -0.5560 -0.5176
vn -0.6532 -0.5469 -0.5236
vn -0.6591 -0.5643 -0.4972
vn -0.6464 -0.5676 -0.5099
vn -0.6477 -0.5796 -0.4946
vn 0.1152 -0.7368 -0.6662
vn 0.3248 -0.6827 -0.6546
vn 0.1254 -0.8081 -0.5755
vn 0.1257 -0.8090 -0.5742
vn 0.1135 -0.8069 -0.5797
vn 0.1073 -0.7238 -0.6817
vn -0.6596 -0.4359 -0.6123
vn -0.3713 -0.6493 -0.6638
vn -0.1493 -0.6690 -0.7282
vn -0.6489 -0.5045 -0.5696
vn -0.6480 -0.5048 -0.5703
vn -0.6466 -0.4990 -0.5770
vn -0.1953 -0.6238 -0.7568
vn -0.2955 -0.5859 -0.7546
vn 0.3721 -0.5979 -0.7100
vn 0.4577 -0.6289 -0.6285
vn 0.1177 -0.7649 -0.6333
vn 0.1182 -0.7576 -0.6419
vn 0.1179 -0.7648 -0.6333
vn 0.1011 -0.8024 -0.5881
vn 0.6751 -0.5130 -0.5301
vn 0.6867 -0.5263 -0.5014
vn 0.6868 -0.5260 -0.5016
vn 0.6864 -0.5221 -0.5062
vn 0.1065 -0.6861 -0.7197
vn 0.1059 -0.6859 -0.7199
vn 0.1044 -0.6847 -0.7213
vn 0.1054 -0.6247 -0.7737
vn 0.1131 -0.6044 -0.7886
vn -0.2855 -0.5584 -0.7789
vn 0.3672 -0.5948 -0.7151
vn -0.3584 -0.5056 -0.7848
vn -0.6652 -0.4068 -0.6261
vn -0.6622 -0.3972 -0.6355
vn -0.6604 -0.3932 -0.6397
vn -0.6659 -0.3678 -0.6490
vn -0.6632 -0.3704 -0.6504
vn -0.6647 -0.3632 -0.6529
vn -0.6636 -0.3641 -0.6535
vn -0.2222 -0.4857 -0.8454
vn -0.6597 -0.3670 -0.6559
vn -0.6652 -0.3732 -0.6467
vn -0.6600 -0.3659 -0.6561
vn -0.2538 0.2480 -0.9349
vn -0.6603 -0.3393 -0.6700
vn -0.0637 0.4260 -0.9025
vn -0.6776 -0.3196 -0.6624
vn -0.6757 -0.3182 -0.6650
vn -0.6841 -0.3149 -0.6579
vn -0.6804 -0.3174 -0.6605
vn -0.6800 -0.3369 -0.6512
vn -0.6672 -0.3215 -0.6719
vn -0.6776 -0.2825 -0.6790
vn -0.6969 -0.2565 -0.6698
vn -0.6827 -0.2518 -0.6859
vn -0.6672 -0.4088 -0.6227
vn -0.6622 -0.4482 -0.6005
vn -0.6587 -0.4676 -0.5894
vn -0.6635 -0.5217 -0.5363
vn -0.6661 -0.5255 -0.5294
vn -0.6613 -0.5308 -0.5300
vn -0.6554 -0.5841 -0.4788
vn -0.6558 -0.5907 -0.4701
vn -0.6605 -0.5910 -0.4631
vn -0.6534 -0.5444 -0.5260
vn -0.6485 -0.5067 -0.5680
vn -0.6648 -0.5085 -0.5473
vn -0.6554 -0.5333 -0.5349
vn -0.6610 -0.5185 -0.5425
vn -0.6545 -0.5143 -0.5542
vn -0.6582 -0.5059 -0.5575
vn -0.6733 -0.3743 -0.6377
vn -0.6734 -0.3752 -0.6370
vn -0.6733 -0.3759 -0.6367
vn -0.6726 -0.3715 -0.6400
vn -0.6718 -0.3692 -0.6421
vn -0.6715 -0.3632 -0.6458
vn -0.6719 -0.3386 -0.6587
vn -0.6726 -0.3390 -0.6578
vn -0.6737 -0.3257 -0.6634
vn -0.6766 -0.2986 -0.6731
vn -0.6637 -0.4190 -0.6197
vn -0.6698 -0.3880 -0.6330
vn -0.6772 -0.2710 -0.6841
vn -0.6698 -0.3246 -0.6678
vn -0.6701 -0.3175 -0.6709
vn -0.6748 -0.3534 -0.6479
vn -0.6690 -0.3565 -0.6522
vn -0.6745 -0.3529 -0.6484
vn -0.6619 -0.3929 -0.6384
vn -0.6449 -0.5174 -0.5625
vn -0.6447 -0.5173 -0.5628
vn -0.6453 -0.5177 -0.5618
vn -0.6570 -0.4577 -0.5990
vn -0.6555 -0.4599 -0.5990
vn -0.6566 -0.4583 -0.5991
vn -0.6677 -0.4587 -0.5863
vn -0.3688 -0.6836 -0.6298
vn 0.0010 -0.7773 -0.6291
vn 0.0020 -0.7197 -0.6943
vn -0.0050 -0.8919 -0.4522
vn -0.0206 -0.8903 -0.4549
vn -0.0061 -0.8717 -0.4900
vn -0.0013 -0.8922 -0.4517
vn -0.0030 -0.9010 -0.4338
vn 0.0108 -0.9006 -0.4345
vn 0.0049 -0.9020 -0.4318
vn -0.0051 -0.7317 -0.6816
vn -0.0211 -0.7100 -0.7039
vn -0.0042 -0.6887 -0.7251
vn -0.0098 -0.7132 -0.7008
vn 0.0062 -0.6207 -0.7840
vn 0.0063 -0.7847 -0.6199
vn 0.0182 -0.7805 -0.6249
vn -0.0106 -0.8055 -0.5925
vn -0.0026 -0.9073 -0.4204
vn -0.0032 -0.9379 -0.3468
vn -0.0034 -0.9383 -0.3458
vn -0.0035 -0.9384 -0.3457
vn -0.0081 -0.9923 0.1236
vn -0.0044 -0.9891 0.1471
vn -0.0046 -0.9924 0.1233
vn 0.0062 -1.0000 0.0042
vn 0.0007 -0.9998 0.0209
vn -0.0128 -0.9996 -0.0262
vn 0.0010 -0.9993 -0.0380
vn 0.0004 -0.9993 -0.0370
vn -0.0026 -0.9994 0.0343
vn -0.0056 -0.9991 0.0416
vn -0.0027 -0.9994 0.0350
vn -1.0000 0.0014 0.0003
vn -1.0000 0.0018 0.0003
vn -1.0000 -0.0003 -0.0004
vn -0.9999 0.0101 0.0030
vn -0.9999 0.0105 0.0010
vn -0.9999 0.0086 0.0055
vn -0.9999 0.0135 0.0018
vn -0.9999 0.0141 0.0031
vn -0.9999 0.0129 0.0009
vn -0.9952 -0.0906 -0.0377
vn -0.9525 0.3044 0.0070
vn -0.9999 0.0098 0.0044
vn -0.9999 0.0114 -0.0045
vn -0.9999 0.0121 -0.0005
vn -0.0037 -0.9996 0.0295
vn 0.0028 -0.9997 0.0243
vn 0.0012 -0.9997 0.0243
vn 0.0003 -0.9995 0.0302
vn -0.0025 -0.9994 0.0338
vn 0.0018 -0.9994 0.0345
vn 0.0057 -0.9995 0.0303
vn 0.0007 -0.9967 0.0810
vn -0.0064 -0.9978 0.0664
vn 0.0027 -0.9974 0.0724
vn -0.0000 -0.9979 -0.0651
vn -0.0006 -0.9973 -0.0741
vn -0.0006 -0.9973 -0.0734
vn 0.0009 -0.9729 -0.2311
vn 0.0007 -0.9730 -0.2310
vn 0.0008 -0.9729 -0.2310
vn -0.0008 -0.9475 -0.3199
vn 0.0025 -0.9558 -0.2940
vn -0.0011 -0.9645 -0.2641
vn 0.0012 -0.9369 -0.3496
vn -0.0010 -0.9477 -0.3192
vn -0.0037 -0.8658 -0.5005
vn -0.0019 -0.8958 -0.4444
vn 0.0027 -0.8694 -0.4941
vn -0.0137 -0.8892 -0.4574
vn -0.0006 -0.8988 -0.4384
vn -0.0004 -0.8989 -0.4383
vn -0.0014 -0.8472 -0.5312
vn 0.0036 -0.9349 -0.3549
vn -0.0011 -0.9294 -0.3691
vn -0.0014 -0.9845 -0.1756
vn 0.0050 -0.9739 -0.2270
vn 0.0014 -0.9921 -0.1258
vn -0.0016 -0.9922 -0.1246
vn 0.0028 -0.9954 -0.0962
vn -0.0075 -0.9994 0.0333
vn -0.0010 -0.9996 0.0292
vn -0.0006 -0.9996 0.0296
vn -0.0008 -0.9742 -0.2257
vn -0.0009 -0.9742 -0.2256
vn -0.0010 -0.9742 -0.2256
vn 0.0048 -0.9909 -0.1342
vn -0.0019 -0.9901 -0.1405
vn 0.0018 -0.9992 -0.0390
vn -0.0074 -0.9982 -0.0601
vn 0.0023 -0.9992 -0.0391
vn -0.0038 -0.9971 -0.0760
vn 0.0045 -0.9969 -0.0788
vn -0.0011 -0.9999 0.0141
vn -0.0010 -0.9999 0.0127
vn 0.0035 -0.9996 0.0289
vn 0.4003 -0.9100 -0.1080
vn 0.4122 -0.9106 -0.0312
vn 0.3759 -0.9108 0.1706
vn 0.3990 -0.9092 0.1190
vn 0.3873 -0.8730 0.2964
vn 0.3518 -0.8196 0.4521
vn 0.3809 -0.9196 0.0959
vn 0.3714 -0.8806 0.2943
vn 0.3529 -0.8179 0.4545
vn 0.5624 -0.7998 0.2096
vn 0.6620 -0.7495 0.0072
vn 0.6122 -0.7897 0.0397
vn 0.7260 -0.6019 -0.3327
vn 0.7433 -0.5326 -0.4048
vn 0.7562 -0.5496 -0.3552
vn 0.7586 -0.5602 -0.3327
vn 0.7556 -0.5306 -0.3840
vn 0.7776 -0.5720 -0.2610
vn 0.7424 -0.6634 -0.0934
vn 0.5235 -0.8349 0.1700
vn 0.5882 -0.8087 -0.0013
vn 0.7697 -0.6378 0.0268
vn 0.7934 -0.5841 -0.1713
vn 0.7650 -0.5280 -0.3688
vn 0.7975 -0.5135 -0.3169
vn 0.7451 -0.4531 -0.4894
vn 0.8558 -0.1771 -0.4860
vn 0.8729 0.3187 -0.3696
vn 0.7721 0.5119 -0.3766
vn 0.7905 0.1695 -0.5886
vn 0.8163 -0.1427 -0.5597
vn 0.6802 0.1551 -0.7164
vn 0.7752 0.5538 -0.3041
vn 0.7623 0.4974 -0.4141
vn 0.7427 0.5534 -0.3771
vn 0.6994 0.0572 -0.7125
vn 0.6276 -0.0106 -0.7785
vn 0.8448 0.1947 -0.4985
vn 0.2931 -0.3829 -0.8761
vn 0.3250 -0.3118 -0.8929
vn 0.3679 -0.1194 -0.9222
vn 0.4024 0.1439 -0.9041
vn 0.3439 0.2213 -0.9126
vn 0.5997 -0.0461 -0.7989
vn 0.3540 0.4340 -0.8284
vn 0.7618 -0.3560 -0.5413
vn 0.3191 0.4027 -0.8579
vn 0.3616 0.2662 -0.8935
vn 0.3622 -0.1551 -0.9191
vn 0.3720 -0.3495 -0.8599
vn 0.2738 -0.5242 -0.8064
vn 0.7516 0.5026 -0.4271
vn 0.7016 0.5905 -0.3989
vn 0.5422 0.8393 0.0411
vn 0.6420 0.7606 -0.0963
vn 0.4346 0.8070 0.3997
vn 0.3953 0.8398 0.3722
vn 0.3519 0.8393 0.4144
vn 0.3766 0.8339 0.4035
vn 0.3273 0.7426 0.5843
vn 0.6419 0.7531 0.1444
vn 0.3461 0.7210 0.6003
vn 0.6363 0.7487 0.1857
vn 0.3807 0.7232 0.5763
vn 0.7007 0.7133 0.0173
vn 0.6559 0.6352 -0.4078
vn 0.6735 0.5916 -0.4432
vn 0.6686 0.5449 -0.5060
vn 0.6593 0.7366 -0.1509
vn 0.3100 0.8272 0.4686
vn 0.6538 0.5757 -0.4911
vn 0.6527 0.6001 -0.4625
vn 0.6521 0.5993 -0.4644
vn 0.6473 0.6107 -0.4560
vn 0.6538 0.6379 -0.4070
vn 0.6746 0.5849 -0.4503
vn 0.6759 0.5651 -0.4731
vn 0.6742 0.5871 -0.4481
vn 0.5777 0.8068 0.1237
vn 0.5646 0.8022 0.1941
vn 0.2565 0.8422 0.4742
vn 0.3176 0.6876 0.6530
vn 0.6794 0.5465 -0.4897
vn 0.6785 0.5257 -0.5131
vn 0.6616 0.5136 -0.5464
vn 0.6457 0.5562 -0.5231
vn 0.6473 0.5626 -0.5144
vn 0.6483 0.5619 -0.5138
vn 0.6535 0.5115 -0.5580
vn 0.6584 0.5222 -0.5421
vn 0.6965 0.5203 -0.4942
vn 0.6666 0.5019 -0.5511
vn 0.6505 0.4961 -0.5751
vn 0.6477 0.5035 -0.5718
vn 0.6509 0.4951 -0.5755
vn 0.4742 -0.4279 -0.7694
vn 0.6172 -0.0760 -0.7831
vn 0.3424 -0.6304 -0.6967
vn 0.5956 -0.1378 -0.7914
vn 0.3463 -0.6223 -0.7020
vn 0.5477 -0.2612 -0.7948
vn 0.3440 -0.6093 -0.7145
vn 0.5412 -0.2744 -0.7949
vn 0.6057 0.0351 -0.7950
vn 0.3466 -0.6225 -0.7017
vn 0.3548 -0.5771 -0.7355
vn 0.3538 -0.5906 -0.7253
vn 0.3463 -0.5810 -0.7366
vn 0.3467 -0.5830 -0.7348
vn 0.3713 -0.5230 -0.7672
vn 0.3877 -0.4467 -0.8063
vn 0.4252 -0.2983 -0.8545
vn 0.4192 -0.3245 -0.8479
vn 0.3982 -0.2793 -0.8737
vn 0.3729 -0.4168 -0.8290
vn 0.3895 -0.3976 -0.8308
vn 0.3394 -0.6338 -0.6950
vn 0.6570 0.3792 -0.6516
vn 0.6761 0.4275 -0.6002
vn 0.6707 0.4549 -0.5858
vn 0.6668 0.4876 -0.5635
vn 0.6563 0.4787 -0.5832
vn 0.6597 0.4728 -0.5842
vn 0.6595 0.4726 -0.5846
vn 0.6827 0.5038 -0.5293
vn 0.6783 0.4545 -0.5774
vn 0.6777 0.4537 -0.5787
vn 0.6736 0.4640 -0.5753
vn 0.6840 0.4931 -0.5375
vn 0.6862 0.4926 -0.5353
vn 0.6906 0.4981 -0.5244
vn 0.6559 0.6155 -0.4369
vn 0.6591 0.6185 -0.4279
vn 0.6589 0.6185 -0.4281
vn 0.6713 0.6308 -0.3891
vn 0.6714 0.6292 -0.3915
vn 0.6666 0.6398 -0.3824
vn 0.4866 0.8273 0.2808
vn 0.6644 0.6385 -0.3885
vn 0.6552 0.7514 -0.0784
vn 0.6786 0.6389 -0.3622
vn 0.6754 0.6371 -0.3713
vn 0.6803 0.6371 -0.3623
vn 0.5648 0.7240 0.3960
vn 0.3104 0.6675 0.6768
vn 0.5962 0.7976 0.0914
vn 0.3153 0.6836 0.6582
vn 0.3417 0.7116 0.6139
vn 0.3375 0.7345 0.5888
vn 0.3370 0.7296 0.5950
vn 0.3358 0.7342 0.5901
vn 0.3478 0.7245 0.5951
vn 0.4667 0.8104 0.3541
vn 0.3155 0.6836 0.6582
vn 0.3177 0.6548 0.6858
vn 0.4085 0.6824 0.6062
vn 0.6710 0.7406 -0.0358
vn 0.5532 0.8179 0.1580
vn 0.2866 0.6217 0.7290
vn 0.5481 0.7727 0.3201
vn 0.6760 0.6556 -0.3366
vn 0.6744 0.6471 -0.3556
vn 0.6630 0.6387 -0.3906
vn 0.6659 0.6563 -0.3549
vn 0.6636 0.6630 -0.3465
vn 0.6667 0.6559 -0.3540
vn 0.6746 0.6186 -0.4029
vn 0.6750 0.6183 -0.4026
vn 0.6736 0.6136 -0.4120
vn 0.6789 0.5793 -0.4511
vn 0.6815 0.6020 -0.4162
vn 0.6716 0.6173 -0.4098
vn 0.6719 0.6182 -0.4079
vn 0.6775 0.6071 -0.4153
vn 0.6807 0.4913 -0.5434
vn 0.6732 0.4908 -0.5531
vn 0.6779 0.5285 -0.5110
vn 0.6721 0.4642 -0.5769
vn 0.6770 0.4436 -0.5874
vn 0.6752 0.4287 -0.6003
vn 0.6812 0.4002 -0.6130
vn 0.5998 -0.1468 -0.7865
vn 0.5807 -0.2149 -0.7852
vn 0.6374 -0.1823 -0.7487
vn 0.2932 -0.7213 -0.6275
vn 0.3607 -0.5943 -0.7188
vn 0.3639 -0.5747 -0.7330
vn 0.3517 -0.5954 -0.7224
vn 0.3527 -0.5966 -0.7209
vn 0.3590 -0.5910 -0.7224
vn 0.3603 -0.5508 -0.7528
vn 0.3968 -0.4564 -0.7964
vn 0.4103 -0.3232 -0.8528
vn 0.3911 -0.4139 -0.8220
vn 0.4494 -0.1389 -0.8825
vn 0.4380 -0.1686 -0.8830
vn 0.4232 0.1599 -0.8918
vn 0.4233 0.0976 -0.9007
vn 0.4177 0.2978 -0.8584
vn 0.3979 0.4501 -0.7994
vn 0.3834 0.5009 -0.7760
vn 0.4240 -0.0669 -0.9032
vn 0.4129 0.2927 -0.8624
vn 0.3787 0.4824 -0.7899
vn 0.4051 0.1318 -0.9047
vn 0.4020 0.2837 -0.8706
vn 0.4403 -0.2471 -0.8632
vn 0.3576 -0.5554 -0.7507
vn 0.3389 -0.6035 -0.7218
vn 0.3407 -0.6170 -0.7094
vn 0.3287 -0.6323 -0.7016
vn 0.3093 -0.6841 -0.6605
vn 0.3444 -0.6006 -0.7215
vn 0.4216 -0.3374 -0.8417
vn 0.3944 0.4110 -0.8219
vn 0.4466 -0.0770 -0.8914
vn 0.3587 0.5361 -0.7642
vn 0.3441 0.6136 -0.7107
vn 0.4433 0.0945 -0.8914
vn 0.4125 0.3120 -0.8559
vn 0.3812 -0.4445 -0.8106
vn 0.3507 -0.5374 -0.7670
vn 0.3820 -0.5585 -0.7363
vn 0.3590 -0.5425 -0.7595
vn 0.3361 -0.6129 -0.7151
vn 0.4268 -0.2800 -0.8599
vn 0.4214 -0.2842 -0.8612
vn 0.3564 -0.5988 -0.7173
vn 0.3436 -0.6124 -0.7120
vn 0.3442 -0.6123 -0.7117
vn 0.3086 -0.6852 -0.6597
vn 0.6113 -0.2153 -0.7615
vn 0.3460 -0.6288 -0.6963
vn 0.3848 -0.5292 -0.7562
vn 0.3684 -0.5792 -0.7272
vn 0.4340 -0.2680 -0.8601
vn 0.4414 -0.0366 -0.8966
vn 0.4243 0.2864 -0.8590
vn 0.3836 0.4786 -0.7898
vn 0.4035 0.4173 -0.8143
vn 0.4298 0.1850 -0.8838
vn 0.4332 -0.1634 -0.8864
vn 0.4179 -0.3918 -0.8197
vn 0.3806 -0.5580 -0.7374
vn 0.4225 -0.3792 -0.8232
vn 0.4350 0.0600 -0.8985
vn 0.4132 0.2956 -0.8613
vn 0.3825 0.4949 -0.7802
vn 0.3214 0.6676 -0.6716
vn 0.6292 0.2438 -0.7380
vn 0.5448 0.1751 -0.8201
vn 0.5829 0.2263 -0.7804
vn 0.2953 0.7067 -0.6430
vn 0.3394 0.6392 -0.6901
vn 0.3434 0.6306 -0.6961
vn 0.3395 0.6392 -0.6901
vn 0.3368 0.6306 -0.6992
vn 0.3520 0.5978 -0.7202
vn 0.4391 0.1564 -0.8847
vn 0.3098 0.6754 -0.6693
vn 0.3498 0.5865 -0.7305
vn 0.3722 0.5495 -0.7480
vn 0.3713 0.5587 -0.7416
vn 0.3722 0.5496 -0.7479
vn 0.3769 0.4526 -0.8081
vn 0.4058 0.3664 -0.8373
vn 0.4193 -0.0600 -0.9059
vn 0.4104 -0.1922 -0.8914
vn 0.3789 0.5049 -0.7756
vn 0.3882 0.3581 -0.8492
vn 0.3869 0.1569 -0.9087
vn 0.4014 0.0998 -0.9105
vn 0.3983 0.0236 -0.9169
vn 0.3362 -0.6726 -0.6592
vn 0.6190 -0.1535 -0.7702
vn 0.4422 -0.5829 -0.6817
vn 0.5154 -0.3551 -0.7799
vn 0.5766 -0.2240 -0.7857
vn 0.3209 -0.6605 -0.6788
vn 0.3076 -0.6625 -0.6830
vn 0.3318 -0.6669 -0.6671
vn 0.5538 -0.4193 -0.7194
vn 0.6846 0.2738 -0.6756
vn 0.6703 0.3772 -0.6390
vn 0.6754 0.3449 -0.6518
vn 0.6673 0.3771 -0.6422
vn 0.6871 0.3767 -0.6213
vn 0.6790 0.4459 -0.5833
vn 0.6803 0.4571 -0.5729
vn 0.6780 0.5014 -0.5375
vn 0.3448 -0.6830 0.6439
vn 0.3218 -0.7304 0.6025
vn 0.3226 -0.7229 0.6109
vn 0.3217 -0.7244 0.6097
vn 0.6695 -0.5572 -0.4912
vn 0.6610 -0.5696 -0.4885
vn 0.6627 -0.5146 -0.5441
vn 0.6700 -0.5129 -0.5367
vn 0.6637 -0.5133 -0.5441
vn 0.6504 -0.5488 -0.5251
vn 0.6452 -0.5434 -0.5371
vn 0.6453 -0.5398 -0.5406
vn 0.6648 -0.5843 -0.4656
vn 0.6718 -0.5830 -0.4570
vn 0.6719 -0.5827 -0.4572
vn 0.6665 -0.4194 -0.6163
vn 0.6582 -0.4880 -0.5732
vn 0.6637 -0.4928 -0.5628
vn 0.6843 -0.5209 -0.5102
vn 0.7150 -0.5943 -0.3682
vn 0.6168 -0.7731 0.1480
vn 0.7046 -0.5290 -0.4730
vn 0.6726 -0.4775 -0.5653
vn 0.6866 -0.2693 -0.6753
vn 0.5265 0.2907 -0.7989
vn 0.3796 0.4536 -0.8063
vn 0.5309 0.1041 -0.8410
vn 0.0009 -0.9443 -0.3291
vn 0.0021 -0.9321 -0.3623
vn 0.0026 -0.9548 -0.2973
vn -0.0025 -0.9190 -0.3942
vn 0.0028 -0.9195 -0.3932
vn -0.0004 -0.9189 -0.3946
vn -0.0026 -0.9144 -0.4047
vn 0.0004 -0.9140 -0.4057
vn -0.0022 -0.9112 -0.4120
vn -0.0064 -0.8243 -0.5661
vn -0.0002 -0.8241 -0.5665
vn -0.0019 -0.8337 -0.5522
vn 0.0006 -0.7586 -0.6515
vn -0.0025 -0.7624 -0.6471
vn 0.0152 -0.7498 -0.6615
vn -0.0015 -0.7018 -0.7124
vn -0.0005 -0.7269 -0.6868
vn 0.0005 -0.7303 -0.6831
vn 0.0035 -0.6629 -0.7487
vn 0.0077 -0.6578 -0.7532
vn -0.0031 -0.6020 -0.7985
vn 0.0004 -0.5237 -0.8519
vn -0.0005 -0.5330 -0.8461
vn -0.0006 -0.5327 -0.8463
vn 0.0029 -0.4181 -0.9084
vn 0.0025 -0.4109 -0.9117
vn 0.0019 -0.3770 -0.9262
vn -0.0008 -0.4754 -0.8798
vn -0.0021 -0.4742 -0.8804
vn -0.0012 -0.4752 -0.8799
vn -0.0012 -0.5259 -0.8505
vn 0.0006 -0.5259 -0.8506
vn -0.0038 -0.5335 -0.8458
vn 0.0014 -0.4743 -0.8804
vn -0.0025 -0.4963 -0.8681
vn 0.0041 -0.4702 -0.8826
vn -0.0005 -0.3711 -0.9286
vn -0.0011 -0.3355 -0.9420
vn -0.0008 -0.2526 -0.9676
vn -0.0005 -0.2525 -0.9676
vn 0.0042 -0.2580 -0.9661
vn 0.0035 -0.1719 -0.9851
vn -0.0042 -0.1701 -0.9854
vn -0.0008 -0.1674 -0.9859
vn -0.0095 -0.1648 -0.9863
vn 0.0019 0.0549 -0.9985
vn -0.0004 0.0105 -0.9999
vn -0.0009 0.0553 -0.9985
vn -0.0008 0.1279 -0.9918
vn -0.0028 0.1350 -0.9908
vn -0.0035 0.1902 -0.9817
vn 0.0007 -0.9995 0.0327
vn 0.0041 -0.9996 0.0274
vn 0.0012 -0.9997 0.0249
vn -0.0023 -0.9992 0.0397
vn -0.0096 -0.9980 0.0630
vn -0.0006 -0.9992 0.0408
vn 0.0067 -0.9990 -0.0431
vn -0.0032 -0.9991 -0.0414
vn 0.0005 -0.9988 -0.0483
vn 0.0020 -0.9911 -0.1332
vn -0.0029 -0.9775 -0.2109
vn 0.0026 -0.9773 -0.2118
vn 0.0053 -0.9667 -0.2559
vn -0.0025 -0.9943 -0.1062
vn -0.0030 -0.9954 -0.0963
vn -0.0031 -0.9995 0.0315
vn -0.0047 -0.9995 0.0322
vn 0.0188 -0.9984 0.0525
vn 0.0063 -0.9984 -0.0559
vn -0.0008 -0.9991 -0.0421
vn -0.0027 -0.9983 -0.0574
vn -0.0007 -0.9993 0.0366
vn 0.0022 -0.9994 0.0333
vn -0.0072 -0.9994 0.0325
vn -0.0000 -0.9990 -0.0440
vn 0.0037 -0.9992 -0.0393
vn 0.0065 -0.9983 -0.0571
vn -0.0013 -0.9980 -0.0639
vn 0.0005 -0.9995 -0.0306
vn -0.0009 -0.9919 -0.1272
vn 0.0006 -0.9249 -0.3802
vn 0.0048 -0.9441 -0.3297
vn -0.0053 -0.9253 -0.3792
vn 0.0016 -0.9811 -0.1933
vn -0.0027 -0.9996 0.0279
vn 0.0228 -0.9985 0.0493
vn -0.0025 -0.9996 0.0281
vn 0.0041 -0.9664 -0.2569
vn -0.0018 -0.9925 -0.1225
vn -0.0001 -0.9997 0.0228
vn 0.0005 -0.9258 -0.3781
vn -0.0016 -0.8927 -0.4507
vn -0.0030 -0.8795 -0.4759
vn -0.0032 -0.8790 -0.4767
vn 0.0014 -0.8647 -0.5023
vn 0.0017 -0.7609 -0.6489
vn 0.0013 -0.6941 -0.7198
vn 0.0009 -0.7074 -0.7068
vn 0.0205 -0.8571 -0.5148
vn 0.0005 -0.8222 -0.5692
vn -0.0012 -0.8453 -0.5343
vn -0.0015 -0.8669 -0.4985
vn 0.0018 -0.6304 -0.7763
vn 0.0021 -0.6114 -0.7914
vn 0.0047 -0.5748 -0.8183
vn -0.0012 -0.4729 -0.8811
vn -0.0011 -0.4795 -0.8776
vn -0.0009 -0.4731 -0.8810
vn -0.0014 -0.4713 -0.8820
vn -0.0021 -0.4719 -0.8816
vn -0.0016 -0.4714 -0.8819
vn 0.0013 -0.4192 -0.9079
vn 0.0030 -0.4175 -0.9087
vn 0.0072 -0.3345 -0.9424
vn -0.0033 -0.3665 -0.9304
vn -0.0001 -0.3415 -0.9399
vn -0.0014 -0.0889 -0.9960
vn -0.0008 -0.0894 -0.9960
vn 0.0019 -0.0904 -0.9959
vn -0.0000 0.0030 -1.0000
vn 0.0044 0.1835 -0.9830
vn 0.0049 0.1727 -0.9850
vn -0.0019 0.1812 -0.9834
vn 0.0030 0.3267 -0.9451
vn 0.0033 0.3268 -0.9451
vn 0.0004 0.3249 -0.9458
vn -0.0057 0.4015 -0.9159
vn -0.0012 0.3959 -0.9183
vn -0.0024 0.4237 -0.9058
vn 0.0031 0.4686 -0.8834
vn 0.0040 0.3959 -0.9183
vn 0.0037 0.3945 -0.9189
vn 0.0039 0.3970 -0.9178
vn 0.0037 0.3267 -0.9451
vn 0.0063 0.9993 0.0375
vn -0.0007 0.9993 0.0366
vn -0.0001 0.9997 0.0260
vn 0.0020 0.9992 0.0390
vn -0.0002 0.9996 0.0292
vn 0.0078 0.9995 0.0311
vn 0.0036 0.9987 0.0502
vn -0.0040 0.9999 0.0155
vn -0.0135 0.9997 0.0209
vn -0.0036 0.9997 -0.0233
vn 0.0070 0.9981 -0.0611
vn -0.0138 0.9985 -0.0534
vn -0.0048 0.9960 -0.0892
vn 0.0050 0.9951 -0.0992
vn -0.0035 0.9904 -0.1381
vn -0.0032 0.9906 -0.1371
vn -0.0089 0.9842 -0.1766
vn -0.0063 0.9665 -0.2566
vn -0.0107 0.9688 -0.2477
vn -0.0110 0.9668 -0.2551
vn -0.0160 0.9663 -0.2569
vn -0.0001 0.9663 -0.2573
vn -0.0002 0.9647 -0.2635
vn -0.0011 0.9857 -0.1686
vn -0.0005 0.9657 -0.2598
vn -0.0002 0.9655 -0.2604
vn -0.0005 0.9657 -0.2595
vn -0.0007 0.9391 -0.3438
vn -0.0094 0.9354 -0.3536
vn -0.0077 0.9201 -0.3917
vn -0.0055 0.9293 -0.3693
vn -0.0052 0.9589 -0.2837
vn 0.0014 0.9690 -0.2472
vn -0.0057 0.9162 -0.4007
vn -0.0099 0.8418 -0.5397
vn -0.0132 0.8369 -0.5472
vn -0.0015 0.8447 -0.5352
vn -0.0014 0.8038 -0.5949
vn 0.0076 0.8262 -0.5634
vn -0.0014 0.8261 -0.5635
vn 0.0056 0.8322 -0.5544
vn 0.0033 0.7701 -0.6379
vn -0.0015 0.7591 -0.6510
vn 0.0022 0.8083 -0.5888
vn -0.0003 0.6777 -0.7353
vn 0.0017 0.7911 -0.6117
vn -0.0014 0.8164 -0.5775
vn -0.0005 0.6739 -0.7388
vn -0.0026 0.6390 -0.7692
vn 0.0076 0.5967 -0.8024
vn 0.0082 0.5959 -0.8030
vn 0.0107 0.5885 -0.8084
vn -0.0053 0.6193 -0.7852
vn -0.0001 0.7256 -0.6881
vn -0.0004 0.7248 -0.6889
vn -0.0005 0.7247 -0.6890
vn -0.0087 0.6319 -0.7750
vn -0.0022 0.7894 -0.6139
vn -0.0020 0.7881 -0.6155
vn -0.0025 0.7887 -0.6147
vn -0.0101 0.8234 -0.5674
vn 0.0003 0.8397 -0.5430
vn 0.0061 0.8611 -0.5084
vn 0.0036 0.7841 -0.6206
vn -0.0059 0.7273 -0.6863
vn -0.0026 0.7498 -0.6617
vn 0.0049 0.6938 -0.7202
vn 0.0062 0.5747 -0.8183
vn 0.0071 0.5752 -0.8180
vn 0.0068 0.5750 -0.8181
vn 0.0071 0.5744 -0.8185
vn 0.0061 0.5661 -0.8243
vn 0.0046 0.5752 -0.8180
vn 0.0033 0.5330 -0.8461
vn 0.0038 0.5382 -0.8428
vn -0.0021 0.4661 -0.8847
vn 0.0051 0.5681 -0.8230
vn -0.0014 0.5419 -0.8404
vn -0.0021 0.5864 -0.8100
vn 0.0021 0.5640 -0.8258
vn -0.0002 0.5727 -0.8198
vn -0.0004 0.5727 -0.8198
vn 0.0004 0.6123 -0.7906
vn -0.0046 0.6340 -0.7733
vn 0.0037 0.4565 -0.8897
vn -0.0030 0.3860 -0.9225
vn 0.0030 0.4219 -0.9066
vn -0.0060 0.2899 -0.9570
vn 0.0026 0.3123 -0.9500
vn 0.0047 0.3114 -0.9503
vn -0.0002 0.0042 -1.0000
vn -0.0002 -0.0050 -1.0000
vn 0.0007 -0.0018 -1.0000
vn 0.0005 -0.0718 -0.9974
vn 0.0016 -0.0735 -0.9973
vn 0.0017 -0.0738 -0.9973
vn -0.0011 0.0087 -1.0000
vn -0.0000 0.0165 -0.9999
vn -0.0057 0.0129 -0.9999
vn 0.0031 0.0448 -0.9990
vn -0.0418 0.0560 -0.9976
vn -0.0020 0.0753 -0.9972
vn -0.0000 0.0820 -0.9966
vn 0.0009 0.0815 -0.9967
vn 0.0015 0.0815 -0.9967
vn 0.0058 0.0066 -1.0000
vn 0.0012 0.0037 -1.0000
vn -0.0040 -0.0294 -0.9996
vn 0.0026 -0.1336 -0.9910
vn -0.0006 -0.1671 -0.9859
vn 0.0011 -0.1662 -0.9861
vn 0.0065 -0.2129 -0.9771
vn 0.0065 -0.2009 -0.9796
vn -0.0115 -0.2353 -0.9719
vn -0.0061 -0.2072 -0.9783
vn 0.0027 -0.2570 -0.9664
vn 0.0019 -0.2854 -0.9584
vn 0.0018 -0.3279 -0.9447
vn 0.0035 -0.3690 -0.9294
vn -0.0033 -0.3648 -0.9311
vn -0.0019 -0.4527 -0.8917
vn 0.0071 -0.0756 -0.9971
vn 0.0019 0.1766 -0.9843
vn -0.0016 0.1730 -0.9849
vn -0.0020 0.1716 -0.9852
vn 0.0022 0.2377 -0.9713
vn -0.0093 0.2667 -0.9637
vn -0.0021 0.2878 -0.9577
vn -0.0084 0.0785 -0.9969
vn 0.0020 0.0827 -0.9966
vn -0.0017 0.1013 -0.9949
vn 0.0043 -0.2069 -0.9783
vn 0.0081 0.0293 -0.9995
vn -0.0051 0.0147 -0.9999
vn -0.0069 0.0294 -0.9995
vn -0.0038 0.1326 -0.9912
vn 0.0030 0.1743 -0.9847
vn -0.0023 0.1815 -0.9834
vn 0.0034 0.1762 -0.9843
vn -0.0009 0.1900 -0.9818
vn 0.0007 0.1854 -0.9827
vn -0.0008 0.1872 -0.9823
vn -0.0016 0.2635 -0.9647
vn 0.0030 0.3027 -0.9531
vn -0.0029 0.3578 -0.9338
vn 0.0030 0.4081 -0.9129
vn 0.0090 0.3373 -0.9413
vn -0.0018 0.2572 -0.9663
vn -0.0023 0.2564 -0.9666
vn -0.0041 0.2649 -0.9643
vn -0.0048 0.1851 -0.9827
vn -0.0060 0.1945 -0.9809
vn -0.0028 0.2363 -0.9717
vn -0.0002 0.2953 -0.9554
vn 0.0028 0.2980 -0.9546
vn -0.0049 0.3326 -0.9430
vn -0.0050 0.3326 -0.9431
vn -0.0035 0.3400 -0.9404
vn 0.0004 0.3952 -0.9186
vn 0.0099 0.3802 -0.9249
vn 0.0009 0.3949 -0.9187
vn -0.0067 0.3990 -0.9169
vn -0.0015 0.4427 -0.8967
vn -0.0016 0.4219 -0.9066
vn -0.0027 0.3658 -0.9307
vn -0.0095 0.4784 -0.8781
vn 0.0064 0.5179 -0.8554
vn 0.0060 0.5188 -0.8549
vn 0.0059 0.5190 -0.8548
vn 0.0060 0.5210 -0.8535
vn 0.0059 0.5208 -0.8537
vn -0.0018 0.3906 -0.9206
vn 0.0008 0.2281 -0.9736
vn 0.0030 0.2360 -0.9717
vn 0.0068 0.2350 -0.9720
vn -0.0116 0.9998 -0.0143
vn -0.0042 1.0000 -0.0071
vn -0.0069 1.0000 -0.0049
vn 0.0004 0.9861 -0.1662
vn -0.0003 0.9655 -0.2604
vn 0.0062 0.9683 -0.2499
vn 0.0078 0.9672 -0.2538
vn -0.0029 0.9997 -0.0254
vn -0.0037 0.9997 -0.0250
vn -0.0011 0.9999 -0.0163
vn 0.0027 1.0000 0.0083
vn -0.0004 0.9968 0.0803
vn -0.0033 0.9967 0.0814
vn -0.0027 0.9973 0.0732
vn -0.0047 1.0000 -0.0045
vn -0.0017 0.9979 -0.0642
vn -0.0076 0.9982 -0.0590
vn -0.0015 0.9973 -0.0732
vn 0.0012 0.9853 -0.1711
vn 0.0090 0.9385 -0.3453
vn 0.0057 0.9485 -0.3167
vn -0.0041 0.9971 0.0763
vn 0.0003 0.9979 0.0648
vn -0.0056 0.9977 0.0671
vn 0.0001 0.9997 0.0231
vn -0.0137 0.9995 0.0282
vn -0.0119 0.9940 0.1085
vn -0.0043 0.9995 -0.0307
vn 0.0003 0.9999 -0.0158
vn 0.0022 0.9995 -0.0313
vn -0.0059 0.9982 -0.0590
vn 0.0018 0.9979 -0.0649
vn 0.0016 0.9973 -0.0728
vn -0.0086 0.9964 -0.0841
vn 0.0023 0.9964 -0.0845
vn 0.0038 0.9961 -0.0882
vn -0.0012 0.9880 -0.1547
vn -0.0005 0.9807 -0.1955
vn -0.0012 0.9680 -0.2510
vn -0.0014 0.9779 -0.2093
vn 0.0109 0.9518 -0.3065
vn 0.0003 0.9433 -0.3320
vn 0.0029 0.9252 -0.3795
vn -0.0056 0.8533 -0.5213
vn 0.0038 0.8601 -0.5102
vn -0.0043 0.8563 -0.5165
vn -0.0050 0.8843 -0.4669
vn -0.0063 0.8841 -0.4673
vn -0.0097 0.8922 -0.4515
vn -0.0066 0.8957 -0.4446
vn -0.0030 0.9126 -0.4087
vn -0.0070 0.8950 -0.4461
vn 0.0081 0.8934 -0.4492
vn 0.0068 0.8897 -0.4564
vn 0.0054 0.8982 -0.4396
vn -0.0022 0.9086 -0.4177
vn 0.0061 0.9156 -0.4021
vn 0.0072 0.9112 -0.4120
vn 0.0017 0.8923 -0.4514
vn 0.0018 0.8920 -0.4519
vn 0.0018 0.8919 -0.4522
vn 0.0032 0.9125 -0.4090
vn 0.0065 0.9128 -0.4085
vn 0.0081 0.9120 -0.4102
vn 0.0065 0.9357 -0.3526
vn -0.0025 0.9350 -0.3546
vn 0.0009 0.9407 -0.3392
vn -0.0054 0.9435 -0.3313
vn -0.0054 0.9116 -0.4111
vn -0.0025 0.9089 -0.4170
vn -0.0053 0.9116 -0.4111
vn -0.0080 0.9645 -0.2638
vn -0.0057 0.9671 -0.2544
vn 0.0028 0.9657 -0.2596
vn -0.0011 0.9998 -0.0210
vn -0.0013 0.9998 -0.0212
vn -0.0024 0.9997 -0.0223
vn 0.3025 -0.8099 0.5025
vn 0.3620 -0.8166 0.4495
vn 0.3511 -0.7719 0.5301
vn 0.3339 -0.7409 0.5827
vn 0.6043 -0.7885 0.1144
vn 0.7122 -0.3285 -0.6203
vn 0.5862 0.1428 -0.7975
vn 0.6104 0.2497 -0.7517
vn 0.3472 0.5541 -0.7565
vn 0.3800 0.4127 -0.8278
vn 0.3883 -0.0740 -0.9186
vn 0.4252 -0.1021 -0.8993
vn 0.3913 -0.3315 -0.8585
vn 0.3599 -0.5559 -0.7493
vn 0.6483 0.1985 -0.7351
vn 0.3344 -0.5456 -0.7684
vn 0.6482 -0.0442 -0.7602
vn 0.6044 -0.1051 -0.7897
vn 0.6443 0.3828 -0.6621
vn 0.6908 -0.0286 -0.7225
vn 0.6155 -0.7850 -0.0701
vn 0.2952 -0.9418 -0.1610
vn 0.6034 -0.7973 -0.0173
vn 0.6005 -0.7994 -0.0188
vn 0.6006 -0.7988 -0.0338
vn 0.5990 -0.7806 -0.1787
vn 0.6070 -0.7779 -0.1625
vn 0.6025 -0.7741 -0.1943
vn 0.6154 -0.7557 -0.2240
vn 0.3256 -0.5953 -0.7346
vn 0.3170 -0.6787 -0.6625
vn 0.6193 -0.3317 -0.7116
vn 0.6280 -0.2809 -0.7258
vn 0.6213 -0.2931 -0.7267
vn 0.6253 -0.2728 -0.7312
vn 0.6147 -0.2509 -0.7478
vn 0.6149 -0.2639 -0.7432
vn 0.4339 -0.2416 -0.8680
vn 0.3301 -0.2553 -0.9088
vn 0.6246 -0.1534 -0.7657
vn 0.3213 -0.1781 -0.9301
vn 0.3381 -0.0967 -0.9361
vn 0.6210 -0.0881 -0.7789
vn 0.6166 0.0008 -0.7872
vn 0.2973 -0.0343 -0.9542
vn 0.3491 -0.1269 -0.9285
vn 0.3172 -0.0147 -0.9482
vn 0.2964 0.1215 -0.9473
vn 0.6096 0.0253 -0.7923
vn 0.6180 0.1268 -0.7759
vn 0.6035 0.1083 -0.7899
vn 0.6188 0.1409 -0.7728
vn 0.6028 0.0443 -0.7967
vn 0.6148 0.0649 -0.7860
vn 0.6042 0.0513 -0.7952
vn 0.6172 0.1663 -0.7691
vn 0.6252 0.1794 -0.7596
vn 0.3110 0.2592 -0.9144
vn 0.6281 0.2060 -0.7503
vn 0.6085 0.2635 -0.7485
vn 0.6046 0.2525 -0.7555
vn 0.6126 0.2534 -0.7486
vn 0.3526 0.3576 -0.8648
vn 0.6148 0.3021 -0.7286
vn 0.1605 0.4678 -0.8692
vn 0.5983 0.3680 -0.7118
vn 0.5983 0.3679 -0.7118
vn 0.6054 0.3922 -0.6926
vn 0.6158 0.3777 -0.6915
vn 0.6053 0.3921 -0.6927
vn 0.5852 0.4431 -0.6791
vn 0.6002 0.4194 -0.6811
vn 0.6293 0.3548 -0.6914
vn 0.6301 0.3624 -0.6867
vn 0.6347 0.3535 -0.6871
vn 0.6180 0.3513 -0.7034
vn 0.6196 0.3411 -0.7070
vn 0.6265 0.3454 -0.6987
vn 0.2232 0.3445 -0.9119
vn 0.6362 0.2482 -0.7305
vn 0.3095 0.2321 -0.9221
vn 0.3382 0.0918 -0.9366
vn 0.0030 -0.0373 -0.9993
vn 0.3548 -0.1979 -0.9138
vn 0.0042 -0.1730 -0.9849
vn 0.0029 -0.0771 -0.9970
vn -0.0009 -0.0686 -0.9976
vn -0.0007 -0.0685 -0.9976
vn -0.0017 -0.0848 -0.9964
vn 0.0077 -0.1212 -0.9926
vn -0.0127 -0.2513 -0.9678
vn -0.0005 -0.2553 -0.9669
vn -0.0018 -0.2561 -0.9666
vn 0.0017 -0.2557 -0.9667
vn 0.0004 -0.3397 -0.9405
vn -0.0020 -0.3868 -0.9222
vn -0.0042 -0.3750 -0.9270
vn -0.0028 -0.4905 -0.8715
vn 0.0032 -0.4347 -0.9006
vn 0.0016 -0.5084 -0.8611
vn 0.0035 -0.3839 -0.9234
vn -0.0036 -0.4714 -0.8819
vn -0.0191 -0.4621 -0.8866
vn -0.0037 -0.4713 -0.8820
vn 0.0022 -0.4313 -0.9022
vn -0.0107 -0.4187 -0.9081
vn -0.0068 -0.4157 -0.9095
vn -0.0000 -0.3329 -0.9430
vn 0.0075 -0.3319 -0.9433
vn 0.0001 -0.3325 -0.9431
vn 0.0021 -0.3400 -0.9404
vn 0.0022 -0.3414 -0.9399
vn 0.0008 -0.3380 -0.9411
vn 0.2076 -0.9782 -0.0068
vn 0.3495 -0.9292 -0.1204
vn -0.0081 -0.9999 -0.0063
vn 0.0116 -0.9995 0.0289
vn 0.0046 -0.9994 0.0332
vn 0.0032 -0.9995 0.0299
vn 0.0073 -0.9997 -0.0221
vn -0.0054 -0.9991 -0.0414
vn 0.0028 -0.9996 -0.0286
vn 0.3013 -0.9349 -0.1873
vn 0.5176 -0.8180 -0.2508
vn 0.4262 -0.8380 -0.3409
vn 0.0017 -0.9796 -0.2009
vn 0.6277 -0.6702 -0.3961
vn 0.6188 -0.6774 -0.3978
vn 0.6275 -0.6705 -0.3958
vn 0.6218 -0.6507 -0.4358
vn 0.3207 -0.7732 -0.5472
vn 0.3398 -0.7247 -0.5994
vn 0.7621 -0.4386 -0.4762
vn 0.3266 -0.5498 -0.7688
vn 0.6133 -0.4082 -0.6762
vn 0.6124 -0.4066 -0.6779
vn 0.6035 -0.4023 -0.6884
vn 0.4446 -0.4384 -0.7811
vn 0.0039 -0.9940 -0.1089
vn -0.0009 -0.9891 -0.1470
vn -0.0051 -0.9997 0.0236
vn -0.0003 -0.9998 0.0185
vn -0.0028 -0.9998 0.0197
vn -0.0025 -0.9997 0.0230
vn -0.0025 -0.9996 0.0272
vn -0.0028 -0.9996 0.0265
vn -0.0056 -0.9990 -0.0450
vn 0.0093 -0.9990 -0.0430
vn -0.0004 -0.9992 -0.0409
vn 0.0002 -0.9987 -0.0512
vn 0.0076 -0.9988 -0.0487
vn 0.0022 -0.9911 -0.1332
vn 0.0025 -0.9843 -0.1765
vn 0.0035 -0.9859 -0.1674
vn 0.0016 -0.9660 -0.2585
vn 0.0015 -0.9660 -0.2584
vn -0.0015 -0.9641 -0.2656
vn -0.0016 -0.9643 -0.2648
vn -0.0016 -0.9643 -0.2649
vn -0.0041 -0.9558 -0.2942
vn 0.0006 -0.9355 -0.3534
vn 0.0032 -0.9515 -0.3077
vn -0.0002 -0.9426 -0.3338
vn -0.0036 -0.9193 -0.3935
vn -0.0095 -0.9546 -0.2977
vn 0.0004 -0.9656 -0.2599
vn 0.0016 -0.9691 -0.2467
vn 0.0022 -0.9690 -0.2469
vn 0.0012 -0.9691 -0.2465
vn 0.0016 -0.9912 -0.1323
vn -0.0003 -0.9988 -0.0486
vn -0.0038 -0.9988 -0.0478
vn -0.0062 -0.9990 -0.0442
vn 0.0011 -0.9996 0.0282
vn 0.0023 -0.9996 0.0297
vn 0.0001 -0.9996 0.0279
vn -0.9999 0.0098 -0.0072
vn -1.0000 -0.0000 -0.0000
vn -1.0000 -0.0000 0.0003
vn -1.0000 -0.0007 0.0017
vn -0.0015 -0.9996 0.0266
vn 0.0010 -0.9999 0.0127
vn 0.0010 -0.9996 -0.0270
vn 0.0015 -0.9996 -0.0273
vn -0.0176 -0.9990 -0.0406
vn 0.0017 -0.9958 -0.0913
vn 0.0007 -0.9958 -0.0916
vn -0.0231 -0.9971 -0.0731
vn 0.0013 -0.9885 -0.1513
vn -0.0054 -0.9995 -0.0311
vn 0.0072 -0.9995 -0.0302
vn -0.0008 -0.9994 -0.0335
vn -0.0000 -0.9996 -0.0277
vn 0.0009 -0.9986 -0.0527
vn 0.0122 -0.9988 -0.0481
vn -0.0016 -0.9998 0.0212
vn -0.0013 -0.9996 0.0280
vn 0.0021 -1.0000 -0.0061
vn 0.0006 -0.9993 -0.0378
vn -0.0002 -0.9992 -0.0401
vn 0.0051 -0.9985 -0.0553
vn 0.0032 -0.9984 -0.0558
vn -0.0011 -0.9955 -0.0944
vn -0.0084 -0.9944 -0.1056
vn -0.0017 -0.9911 -0.1329
vn -0.0037 -0.7317 -0.6816
vn -0.0020 -0.6684 -0.7438
vn -0.0050 -0.6926 -0.7213
vn -0.0008 -0.6020 -0.7985
vn -0.0024 -0.5929 -0.8053
vn 0.0028 -0.5932 -0.8050
vn -0.0003 -0.5480 -0.8365
vn -0.0047 -0.5482 -0.8363
vn -0.0018 -0.5391 -0.8422
vn 0.0019 -0.6584 -0.7527
vn -0.0012 -0.6901 -0.7237
vn 0.0042 -0.7896 -0.6136
vn -0.0011 -0.7850 -0.6195
vn 0.0035 -0.7873 -0.6166
vn 0.0020 0.8336 -0.5523
vn -0.0080 0.8478 -0.5303
vn 0.0015 0.8929 -0.4502
vn 0.0006 0.8925 -0.4510
vn -0.0000 0.8918 -0.4523
vn -0.0034 0.8832 -0.4689
vn -0.0026 0.8839 -0.4676
vn -0.0024 0.8840 -0.4674
vn 0.0023 0.9165 -0.4000
vn -0.0016 0.9281 -0.3724
vn -0.0006 0.9388 -0.3445
vn 0.0038 0.9666 -0.2562
vn 0.0072 0.9656 -0.2599
vn 0.0060 0.9663 -0.2575
vn 0.0010 0.9955 -0.0952
vn -0.0026 0.9920 -0.1261
vn 0.0072 0.9999 -0.0152
vn 0.0081 0.9998 -0.0158
vn 0.0060 0.9999 -0.0148
vn 0.0082 0.9998 -0.0198
vn 0.0089 0.9997 -0.0212
vn 0.0088 0.9997 -0.0211
vn 0.0052 0.9863 -0.1648
vn 0.0050 -0.9988 -0.0488
vn 0.0007 -0.9983 -0.0580
vn 0.0001 -0.9983 -0.0581
vn 0.0003 -0.9984 -0.0563
vn 0.0010 -0.9984 -0.0557
vn 0.0006 -0.9984 -0.0563
vn -0.0000 -0.9843 -0.1764
vn 0.0022 -0.9995 0.0319
vn 0.0009 -0.9995 0.0320
vn 0.0015 -0.9995 0.0318
vn 0.0038 -0.9982 -0.0599
vn 0.0019 -0.9983 -0.0582
vn -0.0001 -0.9983 -0.0581
vn 0.0098 -0.9990 -0.0442
vn 0.0099 -0.9990 -0.0442
vn 0.0106 -0.9990 -0.0446
vn 0.1049 -0.9599 -0.2599
vn 0.0029 -0.9904 -0.1383
vn 0.2651 -0.9287 -0.2592
vn 0.0048 -0.9859 -0.1675
vn 0.0042 -0.9812 -0.1927
vn 0.0009 -0.9986 -0.0538
vn 0.0029 -0.9984 -0.0562
vn -0.0015 -0.9986 -0.0536
vn -0.0013 -0.9690 -0.2469
vn -0.0001 -0.9696 -0.2445
vn 0.0008 -0.9698 -0.2437
vn -0.0011 -0.9231 -0.3845
vn 0.0027 -0.9119 -0.4104
vn -0.0009 -0.8357 -0.5491
vn 0.0003 -0.8703 -0.4925
vn -0.6665 -0.6078 -0.4317
vn -0.0058 -0.8064 -0.5913
vn -0.0111 -0.8075 -0.5897
vn 0.0011 -0.8581 -0.5135
vn 0.0008 -0.8571 -0.5152
vn 0.0007 -0.8573 -0.5149
vn -0.0033 -0.8983 -0.4394
vn 0.0169 -0.8922 -0.4512
vn -0.0024 -0.8979 -0.4401
vn 0.0052 -0.8885 -0.4588
vn 0.0020 -0.8888 -0.4583
vn -0.0021 -0.8721 -0.4893
vn 0.0037 -0.9555 -0.2949
vn 0.0012 -0.9266 -0.3759
vn 0.0039 -0.8923 -0.4514
vn 0.0013 -0.8953 -0.4455
vn -0.0049 -0.8946 -0.4468
vn 0.0010 -0.9222 -0.3868
vn -0.0018 0.9996 -0.0280
vn 0.0011 0.9997 -0.0246
vn 0.0064 0.9996 -0.0290
vn -0.0027 0.9996 -0.0271
vn -0.0045 0.9996 -0.0278
vn -0.0254 0.9986 -0.0473
vn 0.0110 0.9969 -0.0778
vn 0.0007 0.9914 -0.1312
vn 0.0163 0.9960 -0.0878
vn -0.0012 0.9799 -0.1995
vn -0.0077 0.9753 -0.2207
vn -0.0069 0.9671 -0.2544
vn 0.0019 0.9898 -0.1427
vn -0.0082 0.9522 -0.3053
vn 0.0058 0.9736 -0.2283
vn 0.0001 0.9525 -0.3044
vn -0.0058 0.9900 -0.1406
vn -0.0008 0.9948 -0.1022
vn -0.0039 0.9993 -0.0359
vn -0.0034 0.9999 -0.0126
vn 0.0133 0.9983 -0.0566
vn 0.0080 0.9997 -0.0217
vn 0.0004 0.9998 -0.0204
vn 0.0004 0.9998 -0.0200
vn 0.0002 0.9999 -0.0101
vn 0.0009 0.9999 -0.0103
vn -0.0006 0.9998 -0.0181
vn -0.0021 0.9867 -0.1626
vn -0.0011 0.9649 -0.2626
vn -0.0007 0.9650 -0.2624
vn -0.0018 0.9644 -0.2644
vn 0.0008 0.9660 -0.2586
vn -0.0000 0.9659 -0.2588
vn 0.0002 0.9659 -0.2587
vn 0.0051 0.9505 -0.3108
vn 0.0047 0.9259 -0.3776
vn 0.0071 0.9651 -0.2617
vn 0.0091 0.9571 -0.2897
vn -0.0032 0.9113 -0.4118
vn 0.0015 0.8813 -0.4726
vn -0.0021 0.8806 -0.4738
vn -0.0010 0.8806 -0.4739
vn 0.0040 0.8485 -0.5292
vn 0.0025 0.8480 -0.5300
vn -0.0091 0.8538 -0.5205
vn -0.0056 0.8444 -0.5357
vn -0.0072 0.8009 -0.5987
vn 0.0027 0.8724 -0.4888
vn 0.0003 0.8691 -0.4946
vn -0.0064 0.8656 -0.5006
vn -0.0048 0.8324 -0.5542
vn 0.0012 0.8883 -0.4592
vn -0.0064 0.8898 -0.4563
vn 0.0048 0.8927 -0.4507
vn 0.0062 0.9123 -0.4095
vn 0.0109 0.9343 -0.3564
vn 0.0049 0.9661 -0.2580
vn 0.0057 0.9826 -0.1856
vn -0.0016 0.9831 -0.1833
vn -0.0012 0.9832 -0.1824
vn 0.0029 0.9845 -0.1755
vn 0.0068 0.9854 -0.1702
vn -0.0015 0.9843 -0.1765
vn 0.0118 0.9956 -0.0933
vn -0.0015 0.9954 -0.0960
vn -0.0006 0.9999 -0.0124
vn -0.0029 0.9999 -0.0138
vn -0.0048 1.0000 -0.0054
vn -0.0004 0.9961 -0.0881
vn 0.0006 0.9988 -0.0480
vn 0.0093 0.9983 -0.0570
vn -0.0134 0.9991 -0.0405
vn 0.0068 0.9997 -0.0247
vn 0.0068 0.9997 -0.0253
vn -0.0024 0.9996 -0.0288
vn 0.0002 0.9996 -0.0286
vn 0.0005 0.9993 -0.0361
vn -1.0000 -0.0006 -0.0006
vn -1.0000 -0.0003 -0.0002
vn -1.0000 -0.0001 -0.0001
vn -1.0000 0.0005 -0.0027
vn -0.9999 0.0068 -0.0074
vn -0.9999 -0.0103 0.0075
vn -0.9999 -0.0100 0.0079
vn -0.9999 -0.0104 0.0074
vn -1.0000 -0.0071 -0.0062
vn -1.0000 -0.0037 0.0009
vn -0.9998 0.0132 0.0128
vn -0.9997 -0.0102 0.0203
vn -0.9999 0.0020 -0.0099
vn -1.0000 -0.0002 0.0041
vn -1.0000 -0.0038 -0.0029
vn -1.0000 0.0047 0.0068
vn -1.0000 -0.0086 0.0038
vn -1.0000 -0.0035 -0.0039
vn -0.9998 0.0132 0.0118
vn -1.0000 0.0072 0.0068
vn -1.0000 -0.0035 -0.0030
vn -0.4247 0.6880 -0.5885
vn -0.3672 0.8086 -0.4597
vn -0.2491 0.7872 -0.5641
vn -0.2603 0.7911 -0.5536
vn -0.0243 0.7763 -0.6299
vn -0.2794 0.8400 -0.4651
vn -0.5012 0.7758 -0.3834
vn -0.0013 0.8067 -0.5909
vn -0.0008 0.8561 -0.5168
vn -0.3427 0.8641 -0.3687
vn -0.0012 0.8718 -0.4899
vn 0.0002 0.7802 -0.6255
vn -0.2539 0.7455 -0.6163
vn -0.5411 0.5409 -0.6439
vn 0.0049 0.6664 -0.7456
vn 0.0009 0.7220 -0.6918
vn 0.0006 0.7227 -0.6912
vn 0.0008 0.7237 -0.6902
vn 0.0021 0.6328 -0.7743
vn -0.3655 0.5276 -0.7668
vn -0.1477 0.6099 -0.7786
vn -0.5387 0.4602 -0.7057
vn -0.2217 0.5144 -0.8284
vn -0.0022 0.5888 -0.8083
vn -0.0043 0.5121 -0.8589
vn -0.2431 0.5656 -0.7880
vn -0.9180 0.3084 -0.2493
vn -0.9998 0.0187 -0.0017
vn -0.9999 -0.0069 -0.0134
vn -1.0000 0.0028 -0.0029
vn -1.0000 -0.0064 0.0025
vn -1.0000 -0.0061 0.0041
vn 0.0029 -0.9016 -0.4326
vn 0.0028 -0.8813 -0.4726
vn -0.0044 -0.8718 -0.4898
vn 0.0019 -0.8617 -0.5074
vn -0.0045 -0.8443 -0.5358
vn -0.0011 -0.7809 -0.6247
vn -0.0030 -0.7618 -0.6478
vn 0.0011 -0.8110 -0.5851
vn -0.0016 -0.7019 -0.7123
vn -0.0019 -0.6578 -0.7532
vn -0.0006 -0.6025 -0.7981
vn -0.0004 -0.6024 -0.7982
vn 0.0004 -0.6013 -0.7990
vn 0.0009 -0.5334 -0.8459
vn -0.0041 -0.5346 -0.8451
vn -0.0041 -0.5326 -0.8464
vn -0.0035 -0.3392 -0.9407
vn -0.0016 -0.5365 -0.8439
vn 0.0004 -0.5367 -0.8438
vn -0.0065 -0.5354 -0.8446
vn -0.0032 -0.5759 -0.8175
vn 0.0044 -0.5594 -0.8289
vn 0.0056 -0.5341 -0.8454
vn -0.0014 -0.8271 -0.5620
vn -0.0032 -0.8564 -0.5163
vn -0.0028 -0.8908 -0.4545
vn 0.0009 -0.8542 -0.5199
vn -0.0020 -0.6312 -0.7756
vn 0.0004 -0.9429 -0.3330
vn 0.0003 -0.9430 -0.3329
vn -0.0005 -0.8878 -0.4602
vn -0.0012 -0.8879 -0.4600
vn 0.0045 -0.8845 -0.4666
vn 0.0006 -0.7886 -0.6150
vn 0.0001 -0.7897 -0.6135
vn -0.0003 -0.5334 -0.8459
vn 0.0009 -0.5141 -0.8577
vn -0.0021 -0.6042 -0.7968
vn -0.0007 -0.6036 -0.7973
vn -0.0031 -0.6058 -0.7956
vn -0.0021 -0.5803 -0.8144
vn -0.0034 -0.4462 -0.8949
vn -0.0083 -0.3789 -0.9254
vn -0.0037 0.9998 -0.0169
vn -0.0001 0.9999 -0.0159
vn 0.0107 0.9989 -0.0448
vn -0.0021 0.9908 -0.1352
vn -0.0009 0.9954 -0.0963
vn 0.0036 0.9911 -0.1330
vn -0.0057 0.9517 -0.3071
vn 0.0008 0.9787 -0.2055
vn 0.0055 0.9413 -0.3376
vn -0.0005 0.9783 -0.2070
vn -0.0005 0.9950 -0.1001
vn 0.0023 0.9832 -0.1826
vn 0.0037 0.9702 -0.2422
vn -0.0041 0.9506 -0.3105
vn -0.0020 0.9498 -0.3128
vn -0.0229 0.9990 -0.0396
vn 0.0054 0.9999 -0.0134
vn 0.0036 0.9999 -0.0125
vn 0.0030 0.9705 -0.2411
vn -0.0007 0.9200 -0.3919
vn -0.0014 0.9198 -0.3923
vn -0.0001 0.9173 -0.3982
vn 0.0034 0.8419 -0.5396
vn -0.0021 0.8599 -0.5104
vn -0.0015 0.8465 -0.5323
vn 0.0003 0.8012 -0.5984
vn -0.0073 0.9408 -0.3388
vn -0.0020 0.9997 -0.0247
vn -0.0029 0.9998 -0.0171
vn -0.0011 0.9997 -0.0246
vn 0.0001 0.9334 -0.3588
vn -0.0060 0.9221 -0.3868
vn 0.0048 0.9010 -0.4338
vn -0.0043 0.8703 -0.4926
vn -0.0037 0.9141 -0.4056
vn -0.0032 0.9174 -0.3979
vn 0.0041 0.9169 -0.3991
vn -0.0034 0.8183 -0.5748
vn -0.0033 0.8477 -0.5304
vn -0.0027 0.8323 -0.5544
vn 0.0038 0.7956 -0.6058
vn -0.0082 0.8662 -0.4997
vn 0.0021 0.8788 -0.4771
vn 0.0026 0.9002 -0.4354
vn 0.0017 0.8933 -0.4494
vn 0.0019 0.8926 -0.4508
vn 0.0001 0.8942 -0.4477
vn 0.0124 0.9142 -0.4050
vn -0.0109 0.9344 -0.3561
vn -0.0069 0.8955 -0.4450
vn -0.0139 0.8962 -0.4434
vn -0.0022 0.8925 -0.4510
vn -0.0038 0.9281 -0.3723
vn 0.0015 0.9507 -0.3101
vn 0.0024 0.8508 -0.5254
vn 0.0045 0.8855 -0.4646
vn -0.0051 0.8221 -0.5693
vn -0.0044 0.8210 -0.5709
vn -0.0051 0.8227 -0.5685
vn -0.0005 0.8259 -0.5639
vn 0.0005 0.8266 -0.5628
vn 0.0007 0.8266 -0.5627
vn -0.0038 -0.9919 -0.1270
vn -0.0006 -0.9889 -0.1486
vn 0.0014 -0.9320 -0.3625
vn 0.0017 -0.9332 -0.3593
vn 0.0006 -0.9325 -0.3613
vn -0.0075 -0.8930 -0.4501
vn 0.0002 -0.8991 -0.4378
vn 0.0015 -0.8762 -0.4819
vn -0.0013 -0.8476 -0.5306
vn 0.0004 -0.8262 -0.5634
vn -0.0041 -0.8244 -0.5661
vn -0.0034 -0.7255 -0.6882
vn 0.0005 -0.7327 -0.6806
vn 0.0006 -0.7327 -0.6806
vn 0.0004 -0.6309 -0.7759
vn 0.0012 -0.6012 -0.7991
vn -0.0004 -0.6002 -0.7998
vn -0.0020 -0.6005 -0.7996
vn 0.0018 -0.4759 -0.8795
vn -0.0010 -0.4161 -0.9093
vn -0.0020 -0.4149 -0.9099
vn -0.0025 -0.4135 -0.9105
vn -0.0103 -0.3631 -0.9317
vn 0.0020 -0.4049 -0.9143
vn 0.0102 -0.3742 -0.9273
vn 0.0011 -0.3179 -0.9481
vn -0.0038 -0.4872 -0.8733
vn -0.0002 -0.5053 -0.8630
vn -0.0009 -0.4870 -0.8734
vn -0.0014 -0.5437 -0.8393
vn 0.0008 -0.5432 -0.8396
vn 0.0037 -0.5517 -0.8340
vn -0.0022 -0.6431 -0.7658
vn 0.0008 -0.6876 -0.7261
vn -0.0014 -0.7112 -0.7030
vn 0.0012 -0.6873 -0.7264
vn -0.0017 -0.7357 -0.6773
vn 0.0035 -0.7258 -0.6879
vn -0.0000 -0.7410 -0.6715
vn -0.0022 -0.7705 -0.6374
vn -0.0033 -0.8082 -0.5889
vn -0.0013 -0.8117 -0.5840
vn 0.0005 -0.7833 -0.6216
vn -0.0029 -0.8969 -0.4422
vn -0.0031 -0.8970 -0.4421
vn -0.0021 -0.8968 -0.4424
vn 0.0013 -0.9338 -0.3578
vn 0.0035 -0.9348 -0.3550
vn -0.0104 -0.9388 -0.3444
vn -0.0027 -0.9598 -0.2807
vn 0.0006 -0.9598 -0.2806
vn -0.0008 -0.9599 -0.2802
vn 0.0011 -0.9592 -0.2828
vn 0.0006 -0.9592 -0.2829
vn 0.0009 -0.9592 -0.2828
vn -0.0031 -0.9821 -0.1883
vn 0.0057 -0.9980 -0.0630
vn -0.0014 -0.9992 -0.0406
vn -0.0061 -0.9980 -0.0637
vn -0.0148 -0.9954 -0.0944
vn -0.0025 -0.9989 -0.0470
vn 0.0043 -0.9989 -0.0465
vn -0.0049 -0.9921 -0.1256
vn -0.0081 -0.9745 -0.2242
vn 0.0022 -0.9749 -0.2226
vn 0.0004 -0.9753 -0.2209
vn -0.0069 -0.9737 -0.2278
vn -0.0010 -0.9746 -0.2241
vn -0.0081 -0.9735 -0.2287
vn 0.0039 -0.9836 -0.1802
vn -0.0017 -0.9913 -0.1320
vn 0.0027 -0.9759 -0.2183
vn -0.0187 -0.9700 -0.2423
vn -0.0021 -0.9712 -0.2382
vn -0.0045 -0.9550 -0.2967
vn -0.0234 -0.9590 -0.2826
vn -0.0071 -0.9546 -0.2979
vn -0.0129 -0.9586 -0.2846
vn -0.0129 -0.9586 -0.2845
vn -0.0062 -0.9588 -0.2840
vn 0.0020 -0.9970 -0.0769
vn 0.0131 -0.9975 -0.0697
vn 0.0093 -0.9985 -0.0533
vn 0.0063 -0.9968 -0.0792
vn -0.0063 -0.9987 -0.0511
vn 0.0065 -0.9988 -0.0481
vn -0.0033 -0.9996 -0.0268
vn -0.0069 -0.9987 -0.0499
vn 0.0025 -0.9938 -0.1108
vn 0.0016 -0.9515 -0.3077
vn 0.0063 -0.9601 -0.2795
vn 0.0045 -0.9520 -0.3061
vn 0.0016 -0.9698 -0.2439
vn 0.0161 -0.9601 -0.2793
vn 0.0017 -0.9697 -0.2443
vn 0.0078 -0.9883 -0.1521
vn 0.0003 -0.9988 -0.0494
vn -0.0013 -0.9989 -0.0472
vn -0.0006 -0.9988 -0.0499
vn -0.0006 -0.9925 -0.1225
vn -0.0017 -0.9924 -0.1227
vn 0.0009 -0.9915 -0.1300
vn -0.0030 -0.9897 -0.1435
vn 0.0289 -0.9924 -0.1196
vn -0.0019 -0.9895 -0.1444
vn 0.0014 -0.9828 -0.1849
vn 0.0021 -0.9828 -0.1845
vn 0.0012 -0.9828 -0.1849
vn 0.0031 -0.9662 -0.2579
vn 0.0040 -0.9822 -0.1876
vn -0.0253 -0.9967 -0.0775
vn -0.0097 -0.9979 -0.0640
vn -0.0107 -0.9979 -0.0640
vn -0.0041 -0.9443 -0.3291
vn 0.0014 -0.9464 -0.3230
vn 0.0023 -0.9443 -0.3292
vn -0.0103 -0.9408 -0.3388
vn -0.0130 -0.9825 -0.1860
vn -0.0099 -0.9822 -0.1878
vn -0.0081 -0.9839 -0.1788
vn 0.3576 0.9131 -0.1959
vn -0.0036 0.9898 -0.1425
vn -0.0019 0.9981 -0.0612
vn 0.0026 0.9961 -0.0878
vn -0.0084 0.9981 -0.0617
vn -0.0008 0.9963 -0.0855
vn 0.0043 0.9894 -0.1449
vn -0.0002 0.9833 -0.1818
vn -0.0003 0.9578 -0.2875
vn -0.0015 0.9605 -0.2782
vn -0.0003 0.9576 -0.2881
vn 0.0009 0.9396 -0.3424
vn -0.0009 0.9421 -0.3353
vn -0.0048 0.9403 -0.3403
vn -0.0006 0.9571 -0.2899
vn 0.0006 0.9482 -0.3177
vn -0.0003 0.8669 -0.4984
vn -0.0028 0.8480 -0.5301
vn -0.0044 0.8375 -0.5465
vn 0.0025 0.8906 -0.4547
vn 0.0003 0.9030 -0.4296
vn -0.0044 0.8991 -0.4377
vn 0.0015 0.9121 -0.4100
vn 0.0050 0.8928 -0.4503
vn 0.0126 0.8835 -0.4683
vn 0.0061 0.8821 -0.4711
vn 0.0002 0.8573 -0.5148
vn 0.0057 0.9977 -0.0675
vn 0.0011 0.9966 -0.0826
vn 0.0006 0.9979 -0.0654
vn 0.0114 0.9981 -0.0612
vn 0.0003 0.9966 -0.0818
vn -0.0035 0.9968 -0.0795
vn -0.0021 0.9963 -0.0860
vn 0.0025 0.9901 -0.1401
vn 0.0016 0.9849 -0.1731
vn 0.0018 0.9740 -0.2265
vn -0.0054 0.9705 -0.2411
vn -0.0129 0.9785 -0.2059
vn -0.0023 -0.9795 -0.2016
vn 0.0020 -0.9675 -0.2528
vn -0.0013 -0.9673 -0.2536
vn 0.0043 -0.9682 -0.2502
vn -0.0004 -0.9240 -0.3824
vn -0.0007 -0.9242 -0.3818
vn -0.0351 -0.9323 -0.3599
vn 0.0004 -0.9487 -0.3161
vn -0.0034 -0.9494 -0.3140
vn 0.0038 -0.9500 -0.3124
vn 0.0142 -0.9582 -0.2858
vn 0.0054 -0.9591 -0.2829
vn -0.0016 -0.9499 -0.3126
vn 0.0001 -0.9704 -0.2416
vn 0.0053 -0.9672 -0.2540
vn -0.0000 -0.9766 -0.2152
vn -0.0040 -0.9655 -0.2603
vn -0.0015 -0.9961 -0.0878
vn -0.0023 -0.9926 -0.1216
vn -0.0017 -0.9962 -0.0867
vn 0.0006 -0.9887 -0.1500
vn 0.0011 -0.9886 -0.1505
vn 0.0008 -0.9886 -0.1505
vn -0.0028 -0.9264 -0.3766
vn 0.0013 -0.9234 -0.3839
vn -0.0013 -0.9070 -0.4210
vn 0.0006 -0.9791 -0.2035
vn -0.0011 -0.9665 -0.2568
vn 0.0008 -0.9858 -0.1682
vn 0.0151 -0.9696 -0.2441
vn -0.0033 -0.9761 -0.2175
vn 0.0007 -0.9682 -0.2501
vn 0.0032 -0.9588 -0.2839
vn 0.0061 -0.9600 -0.2800
vn -0.0038 -0.9627 -0.2705
vn 0.0001 -0.9518 -0.3068
vn 0.0084 -0.9483 -0.3172
vn 0.0022 -0.9366 -0.3503
vn -0.0071 -0.9365 -0.3506
vn 0.0002 -0.9279 -0.3728
vn -0.0001 -0.8634 -0.5045
vn 0.0056 -0.8653 -0.5012
vn -0.0000 -0.8721 -0.4893
vn -0.0090 -0.8142 -0.5805
vn -0.0005 -0.8164 -0.5774
vn -0.0013 -0.8236 -0.5672
vn 0.0030 -0.9274 -0.3740
vn -0.0037 -0.9277 -0.3734
vn -0.0007 -0.9265 -0.3762
vn 0.0043 -0.8975 -0.4409
vn 0.0021 -0.8962 -0.4436
vn 0.0015 -0.8960 -0.4440
vn 0.0011 -0.7882 -0.6154
vn 0.0002 -0.8677 -0.4971
vn -0.0005 -0.8678 -0.4969
vn 0.0034 -0.8631 -0.5050
vn 0.0015 -0.8455 -0.5339
vn 0.0103 -0.8801 -0.4746
vn -0.0028 -0.8985 -0.4390
vn -0.0057 -0.8827 -0.4699
vn 0.0019 -0.9639 -0.2664
vn 0.0033 -0.9644 -0.2644
vn 0.0017 -0.9639 -0.2664
vn 0.0065 0.9652 -0.2614
vn 0.0053 0.9657 -0.2595
vn 0.0032 0.9661 -0.2582
vn -0.0005 0.9333 -0.3592
vn -0.0006 0.9336 -0.3584
vn -0.0066 0.9347 -0.3555
vn -0.0008 0.9347 -0.3554
vn -0.0081 0.9290 -0.3699
vn -0.0015 0.9075 -0.4201
vn -0.0074 0.9151 -0.4031
vn -0.0035 0.8397 -0.5430
vn 0.0016 0.8398 -0.5428
vn 0.0028 0.8684 -0.4959
vn 0.0007 0.8073 -0.5902
vn 0.0001 0.8917 -0.4526
vn 0.0006 0.8921 -0.4518
vn 0.0032 0.8931 -0.4498
vn -0.0064 0.8767 -0.4810
vn -0.0076 0.8024 -0.5968
vn -0.0081 0.7535 -0.6574
vn 0.0058 0.7449 -0.6672
vn -0.0007 0.7048 -0.7094
vn 0.0031 0.7957 -0.6056
vn -0.0078 0.7492 -0.6624
vn -0.0011 0.7740 -0.6332
vn 0.0017 0.7560 -0.6545
vn -0.0004 0.7204 -0.6936
vn 0.0013 0.7201 -0.6939
vn 0.0029 0.7186 -0.6954
vn -0.0003 0.7774 -0.6290
vn 0.0007 0.8641 -0.5034
vn 0.0010 0.8842 -0.4672
vn 0.0074 0.8855 -0.4646
vn -0.0108 0.8912 -0.4534
vn -0.0024 0.9027 -0.4302
vn -0.0128 0.9255 -0.3785
vn -0.0130 0.9383 -0.3456
vn -0.0243 0.9222 -0.3860
vn -0.0131 0.8996 -0.4365
vn 0.7614 -0.5111 -0.3989
vn 0.7607 -0.5187 -0.3903
vn 0.7528 -0.5160 -0.4087
vn 0.7404 -0.4898 -0.4603
vn 0.7455 -0.4831 -0.4593
vn 0.7316 -0.4890 -0.4751
vn 0.6433 -0.1539 -0.7500
vn 0.7494 -0.4413 -0.4936
vn 0.7572 -0.4586 -0.4652
vn 0.7550 -0.4599 -0.4674
vn 0.7549 -0.4622 -0.4653
vn 0.7555 -0.4614 -0.4652
vn 0.7603 -0.4452 -0.4730
vn 0.7540 -0.5021 -0.4236
vn 0.7572 -0.5007 -0.4194
vn 0.7527 -0.5104 -0.4160
vn 0.7427 -0.5200 -0.4219
vn 0.7480 -0.4710 -0.4676
vn 0.7456 -0.4762 -0.4661
vn 0.7484 -0.4680 -0.4700
vn 0.4698 0.1922 -0.8616
vn 0.3341 0.4915 -0.8042
vn 0.7433 -0.4729 -0.4731
vn 0.7192 -0.5051 -0.4771
vn 0.6708 -0.2251 -0.7066
vn 0.7471 -0.5211 -0.4127
vn 0.7459 -0.5221 -0.4136
vn 0.7391 -0.5248 -0.4223
vn 0.4638 0.3220 -0.8253
vn 0.3722 0.3252 -0.8693
vn 0.3861 0.0566 -0.9207
vn 0.3537 0.5277 -0.7723
vn 0.3914 0.2396 -0.8885
vn 0.4041 0.1051 -0.9087
vn -0.0038 0.9882 -0.1533
vn 0.0040 0.9827 -0.1854
vn 0.0014 0.9773 -0.2120
vn -0.0058 0.9817 -0.1905
vn 0.0029 0.9627 -0.2707
vn 0.0057 0.8220 -0.5694
vn 0.0047 0.8222 -0.5692
vn 0.0046 0.8222 -0.5692
vn -0.0022 0.8130 -0.5822
vn -0.0026 0.8188 -0.5741
vn -0.0003 0.8197 -0.5728
vn 0.0025 0.7183 -0.6957
vn 0.0038 0.7184 -0.6956
vn 0.0056 0.7109 -0.7033
vn 0.0057 0.7739 -0.6333
vn -0.0098 0.7546 -0.6562
vn -0.0014 0.7512 -0.6601
vn 0.0034 0.6947 -0.7193
vn -0.0018 0.7940 -0.6079
vn 0.0020 0.9190 -0.3944
vn 0.0049 0.9147 -0.4041
vn -0.0012 0.8908 -0.4543
vn -0.0014 0.8910 -0.4540
vn 0.0021 0.8892 -0.4575
vn 0.0019 0.8894 -0.4571
vn 0.0020 0.8891 -0.4577
vn 0.0011 0.8574 -0.5146
vn 0.0006 0.7521 -0.6591
vn 0.0008 0.6648 -0.7470
vn 0.0024 0.6740 -0.7387
vn -0.0041 0.6321 -0.7749
vn 0.0014 0.5897 -0.8076
vn -0.0010 0.5664 -0.8241
vn -0.0011 0.5641 -0.8257
vn -0.0015 0.5648 -0.8253
vn -0.0026 0.6926 -0.7214
vn 0.0017 0.5992 -0.8006
vn -0.0035 0.6003 -0.7998
vn 0.0033 0.6127 -0.7903
vn -0.0004 0.5116 -0.8592
vn -0.0050 0.5543 -0.8323
vn -0.0046 0.5063 -0.8623
vn -0.0004 0.4988 -0.8667
vn -0.0002 0.4828 -0.8757
vn -0.0032 0.4896 -0.8720
vn 0.0018 0.4395 -0.8982
vn -0.0000 0.4376 -0.8992
vn 0.0026 0.4323 -0.9017
vn 0.0002 0.2628 -0.9649
vn -0.0007 0.2626 -0.9649
vn -0.0019 0.2617 -0.9652
vn -0.0030 0.3186 -0.9479
vn -0.0006 0.3685 -0.9296
vn 0.0037 0.3972 -0.9177
vn -0.0023 0.4333 -0.9012
vn 0.0030 0.3970 -0.9178
vn -0.0014 0.1749 -0.9846
vn -0.0012 0.1748 -0.9846
vn -0.0086 0.1733 -0.9848
vn -0.0028 0.0969 -0.9953
vn -0.0010 0.1070 -0.9943
vn 0.0001 0.0046 -1.0000
vn -0.0086 0.0872 -0.9962
vn -0.0000 0.0130 -0.9999
vn -0.0067 0.0155 -0.9999
vn 0.0004 0.2178 -0.9760
vn 0.0006 0.2486 -0.9686
vn 0.0010 -0.0758 -0.9971
vn -0.0005 -0.0751 -0.9972
vn 0.0022 -0.0770 -0.9970
vn 0.0002 -0.0802 -0.9968
vn -0.0003 -0.0805 -0.9968
vn -0.0006 -0.0807 -0.9967
vn -0.0032 -0.1576 -0.9875
vn 0.0037 -0.1635 -0.9865
vn -0.0026 -0.2233 -0.9747
vn -0.0046 -0.1858 -0.9826
vn 0.0029 -0.2248 -0.9744
vn 0.0001 -0.1710 -0.9853
vn 0.0005 -0.1655 -0.9862
vn -0.0000 -0.2558 -0.9667
vn -0.0008 -0.2543 -0.9671
vn -0.0006 -0.2551 -0.9669
vn 0.0003 -0.2567 -0.9665
vn 0.0022 -0.2566 -0.9665
vn 0.0015 -0.2567 -0.9665
vn 0.0029 -0.3411 -0.9400
vn -0.0014 -0.3174 -0.9483
vn -0.0010 -0.4124 -0.9110
vn 0.0042 -0.4285 -0.9035
vn -0.0028 -0.4147 -0.9099
vn 0.0022 -0.2340 -0.9722
vn -0.0113 -0.1959 -0.9806
vn 0.0072 -0.2035 -0.9790
vn -0.0025 -0.2509 -0.9680
vn -0.0031 -0.2520 -0.9677
vn -0.0033 -0.2527 -0.9675
vn -0.0006 0.9827 -0.1850
vn -0.0006 0.9827 -0.1853
vn -0.0006 0.9827 -0.1851
vn -0.0006 0.6509 -0.7591
vn 0.0023 0.6517 -0.7584
vn -0.0202 0.6800 -0.7329
vn -0.0055 0.7247 -0.6890
vn -0.0010 0.7220 -0.6919
vn -0.0005 0.7213 -0.6926
vn 0.0003 0.7208 -0.6931
vn 0.0094 0.6489 -0.7608
vn 0.0018 0.6735 -0.7391
vn 0.0059 0.6406 -0.7678
vn -0.0004 0.7246 -0.6892
vn -0.0003 0.6723 -0.7403
vn -0.0001 0.6252 -0.7805
vn 0.0011 0.5903 -0.8072
vn -0.0045 0.6309 -0.7759
vn 0.0021 0.5219 -0.8530
vn -0.0040 0.5911 -0.8066
vn 0.0050 0.5311 -0.8473
vn 0.0022 0.4823 -0.8760
vn -0.0016 0.5188 -0.8549
vn -0.0034 0.5711 -0.8209
vn -0.0067 0.4741 -0.8805
vn 0.0001 0.4241 -0.9056
vn -0.0056 0.4294 -0.9031
vn 0.0011 0.4321 -0.9018
vn 0.0033 0.4148 -0.9099
vn -0.0006 0.5895 -0.8078
vn -0.0023 0.5388 -0.8424
vn 0.0027 0.4303 -0.9027
vn 0.0040 0.4366 -0.8996
vn 0.0038 0.4366 -0.8996
vn 0.0050 0.3885 -0.9214
vn 0.0068 0.3725 -0.9280
vn -0.0058 0.3672 -0.9301
vn 0.0133 0.3688 -0.9294
vn -0.0076 0.3592 -0.9332
vn 0.0099 0.3632 -0.9317
vn 0.0010 0.3413 -0.9399
vn 0.0004 0.3187 -0.9479
vn 0.0012 0.3128 -0.9498
vn -0.0007 0.3218 -0.9468
vn -0.0013 0.2497 -0.9683
vn -0.0013 0.2498 -0.9683
vn -0.0014 0.2496 -0.9683
vn 0.0034 0.1310 -0.9914
vn 0.0002 0.1689 -0.9856
vn 0.0002 0.1350 -0.9908
vn 0.0010 0.1891 -0.9820
vn 0.0065 0.0959 -0.9954
vn -0.0019 0.0058 -1.0000
vn -0.0014 0.0053 -1.0000
vn -0.0016 0.0054 -1.0000
vn -0.0174 -0.1360 -0.9906
vn -0.0077 -0.1005 -0.9949
vn -0.0190 -0.1595 -0.9870
vn -0.0116 -0.1861 -0.9825
vn -0.0047 -0.1903 -0.9817
vn 0.0047 -0.2501 -0.9682
vn 0.0064 -0.2490 -0.9685
vn 0.0017 -0.2427 -0.9701
vn -0.0000 -0.3356 -0.9420
vn -0.0000 -0.3357 -0.9420
vn -0.0000 -0.3355 -0.9420
vn -0.0095 -0.1984 -0.9801
vn -0.0009 -0.1677 -0.9858
vn -0.0038 -0.1624 -0.9867
vn -0.0109 -0.2923 -0.9563
vn 0.0094 -0.3092 -0.9510
vn 0.0004 -0.4221 -0.9065
vn 0.0018 -0.4217 -0.9068
vn 0.0027 -0.4201 -0.9075
vn -0.0046 -0.3439 -0.9390
vn 0.0014 -0.3893 -0.9211
vn -0.0008 -0.4167 -0.9090
vn 0.0026 -0.3955 -0.9184
vn -0.0059 -0.5280 -0.8492
vn -0.0028 -0.5144 -0.8576
vn 0.0007 -0.5140 -0.8578
vn 0.0038 -0.4617 -0.8870
vn 0.0041 -0.4646 -0.8855
vn -0.0017 -0.4601 -0.8879
vn -0.0018 -0.4728 -0.8812
vn -0.0049 -0.4705 -0.8824
vn -0.0008 -0.4620 -0.8869
vn 0.0026 -0.5631 -0.8264
vn 0.0010 -0.5286 -0.8489
vn 0.0024 -0.5442 -0.8389
vn -0.0097 -0.5200 -0.8541
vn -0.0028 -0.5758 -0.8176
vn 0.0001 -0.5452 -0.8383
vn -0.0034 -0.6299 -0.7767
vn -0.0013 -0.6268 -0.7791
vn 0.3340 -0.7497 0.5713
vn 0.3666 -0.7781 0.5101
vn 0.5473 -0.8113 0.2057
vn 0.6724 -0.5808 -0.4588
vn 0.6831 -0.5502 -0.4803
vn 0.4849 -0.8097 0.3305
vn 0.2996 -0.6539 0.6948
vn 0.3264 -0.6972 0.6382
vn 0.3509 -0.7146 0.6051
vn 0.3388 -0.7347 0.5878
vn 0.3354 -0.7417 0.5809
vn 0.3019 -0.6694 0.6788
vn 0.3170 -0.6722 0.6690
vn 0.3006 -0.6644 0.6843
vn 0.2921 -0.6495 0.7020
vn 0.2926 -0.6501 0.7013
vn 0.2926 -0.6501 0.7012
vn 0.2635 -0.6157 0.7426
vn 0.2633 -0.6162 0.7423
vn 0.2636 -0.6152 0.7430
vn 0.2931 -0.6380 0.7121
vn 0.2835 -0.6362 0.7175
vn 0.2933 -0.6386 0.7115
vn 0.3021 -0.6569 0.6907
vn 0.6782 -0.6039 -0.4186
vn 0.6848 -0.5689 -0.4555
vn 0.6740 -0.4808 -0.5608
vn 0.6766 -0.5052 -0.5358
vn 0.6782 -0.5023 -0.5364
vn 0.6840 -0.4961 -0.5347
vn 0.6798 -0.4527 -0.5770
vn 0.1004 -0.5883 -0.8024
vn 0.1016 -0.5872 -0.8030
vn 0.1076 -0.5955 -0.7961
vn 0.4868 -0.4782 -0.7310
vn 0.0959 -0.5568 -0.8251
vn 0.5581 -0.4387 -0.7043
vn 0.0956 -0.5600 -0.8230
vn 0.0995 -0.4840 -0.8694
vn 0.1137 -0.4929 -0.8626
vn 0.1045 -0.4825 -0.8696
vn 0.1317 -0.5504 -0.8245
vn 0.1242 -0.5512 -0.8251
vn 0.1241 -0.5516 -0.8248
vn 0.1254 -0.4952 -0.8597
vn -0.2958 -0.4563 -0.8392
vn -0.2054 0.2391 -0.9490
vn -0.1960 -0.2833 -0.9388
vn 0.1803 0.3009 -0.9364
vn 0.1576 -0.0556 -0.9859
vn 0.2763 0.6986 -0.6600
vn 0.1061 -0.4935 -0.8632
vn 0.1061 -0.4936 -0.8632
vn 0.2198 0.1930 -0.9563
vn 0.8742 -0.2267 -0.4294
vn 0.4004 -0.4393 -0.8042
vn 0.6770 -0.4025 -0.6161
vn 0.6718 -0.4275 -0.6050
vn 0.6782 -0.4395 -0.5890
vn 0.6784 -0.4395 -0.5887
vn 0.6800 -0.4298 -0.5941
vn 0.6794 -0.4229 -0.5997
vn 0.4658 0.8605 -0.2063
vn 0.6296 0.7454 -0.2190
vn 0.6154 0.7496 -0.2436
vn 0.6147 0.7205 -0.3209
vn 0.3701 0.8439 -0.3883
vn 0.6133 0.7004 -0.3652
vn 0.6017 0.6782 -0.4220
vn 0.6013 0.6786 -0.4219
vn 0.6018 0.6781 -0.4219
vn 0.6072 0.6798 -0.4113
vn 0.6073 0.6796 -0.4115
vn 0.6067 0.6759 -0.4185
vn 0.6178 0.5549 -0.5571
vn 0.6054 0.5304 -0.5934
vn 0.4186 0.5715 -0.7058
vn 0.6136 0.4904 -0.6189
vn 0.6168 0.4703 -0.6312
vn 0.6168 0.4752 -0.6275
vn 0.6178 0.4092 -0.6715
vn 0.6087 0.4148 -0.6763
vn 0.6091 0.4100 -0.6789
vn 0.6268 0.4256 -0.6527
vn 0.6266 0.4591 -0.6298
vn -0.0040 0.4917 -0.8707
vn -0.0145 0.4651 -0.8852
vn -0.0030 0.5247 -0.8513
vn -0.0128 0.3506 -0.9364
vn -0.0794 0.4702 -0.8790
vn 0.4567 0.5802 -0.6744
vn 0.6104 0.6248 -0.4869
vn 0.2570 0.7527 -0.6061
vn 0.3527 0.6745 -0.6485
vn -0.0104 0.5915 -0.8062
vn -0.0086 0.5918 -0.8060
vn -0.0093 0.5916 -0.8062
vn 0.0007 0.6623 -0.7492
vn 0.3193 0.7382 -0.5943
vn 0.6164 0.6479 -0.4475
vn 0.3179 0.7897 -0.5247
vn -0.0061 0.8049 -0.5934
vn -0.0005 0.8022 -0.5970
vn -0.0087 0.6751 -0.7376
vn -0.0069 0.6751 -0.7377
vn -0.0071 0.6669 -0.7451
vn -0.0021 0.6116 -0.7912
vn -0.0010 0.6392 -0.7691
vn -0.0032 0.6128 -0.7903
vn 0.0006 0.6712 -0.7412
vn -0.0002 0.6714 -0.7411
vn 0.0019 0.6794 -0.7338
vn 0.0012 0.6899 -0.7239
vn 0.0004 0.7432 -0.6691
vn -0.0094 0.7252 -0.6885
vn -0.0013 0.5570 -0.8305
vn 0.0008 0.5312 -0.8472
vn -0.0037 0.4732 -0.8809
vn -0.0025 0.4320 -0.9019
vn 0.0035 0.4238 -0.9058
vn -0.0052 0.4321 -0.9018
vn -0.0022 0.4370 -0.8995
vn 0.0003 0.4367 -0.8996
vn -0.0079 0.4359 -0.9000
vn -0.0011 0.5044 -0.8634
vn -0.0079 0.5003 -0.8658
vn -0.0046 0.5038 -0.8638
vn 0.0018 0.3002 -0.9539
vn 0.0021 0.3668 -0.9303
vn -0.0015 0.3278 -0.9447
vn 0.0050 0.2577 -0.9662
vn 0.0038 0.3035 -0.9528
vn -0.0006 0.3752 -0.9269
vn -0.0032 0.3722 -0.9282
vn -0.0024 0.3741 -0.9274
vn 0.0004 0.3539 -0.9353
vn 0.0027 0.1902 -0.9817
vn -0.0030 0.0137 -0.9999
vn 0.0027 -0.0597 -0.9982
vn 0.0007 -0.0754 -0.9972
vn 0.0015 -0.0750 -0.9972
vn 0.0002 -0.2571 -0.9664
vn 0.0002 -0.0733 -0.9973
vn 0.0002 -0.0813 -0.9967
vn -0.0071 -0.0673 -0.9977
vn 0.0009 0.1330 -0.9911
vn -0.0004 0.0132 -0.9999
vn -0.0063 0.0363 -0.9993
vn 0.0040 0.0366 -0.9993
vn 0.0001 -0.0831 -0.9965
vn -0.0050 -0.1498 -0.9887
vn -0.0015 -0.1757 -0.9844
vn -0.0018 -0.2515 -0.9678
vn 0.0059 -0.2546 -0.9670
vn -0.0014 -0.2566 -0.9665
vn 0.0024 -0.2584 -0.9660
vn 0.0004 -0.2599 -0.9656
vn 0.0015 -0.2596 -0.9657
vn 0.5340 -0.4455 -0.7185
vn 0.0021 -0.8842 -0.4670
vn -0.0077 -0.8859 -0.4637
vn -0.0076 -0.8865 -0.4627
vn 0.0022 -0.9169 -0.3990
vn 0.0012 -0.8591 -0.5119
vn -0.0011 0.9861 -0.1662
vn 0.0008 0.9177 -0.3973
vn -0.0021 0.9364 -0.3510
vn 0.0032 0.9291 -0.3699
vn 0.0011 0.9515 -0.3076
vn -0.0018 0.9670 -0.2548
vn 0.0031 0.9444 -0.3289
vn -0.0163 0.9690 -0.2466
vn -0.0017 0.9758 -0.2187
vn -0.0044 0.9682 -0.2501
vn -0.0061 0.9578 -0.2874
vn -0.0006 0.9244 -0.3815
vn -0.0028 0.8812 -0.4727
vn -0.0003 0.8861 -0.4635
vn -0.0006 0.8810 -0.4731
vn 0.0006 0.8576 -0.5143
vn -0.0053 0.8533 -0.5214
vn 0.0001 0.8440 -0.5364
vn -0.0013 0.8202 -0.5720
vn 0.0044 0.8342 -0.5515
vn -0.0030 -0.9631 -0.2690
vn -0.0042 -0.9672 -0.2541
vn -0.0080 -0.9461 -0.3236
vn -0.0043 -0.9426 -0.3340
vn -0.0054 -0.9206 -0.3904
vn -0.0091 -0.9154 -0.4024
vn 0.0034 -0.9464 -0.3229
vn 0.0033 -0.9189 -0.3945
vn -0.0052 -0.8848 -0.4660
vn -0.0055 -0.9588 -0.2841
vn -0.0041 -0.9583 -0.2857
vn -0.0026 -0.9582 -0.2862
vn 0.0046 -0.9415 -0.3370
vn -0.0008 -0.9202 -0.3914
vn 0.0021 -0.9883 -0.1525
vn 0.0023 -0.9884 -0.1519
vn 0.0021 -0.9883 -0.1522
vn -0.0026 -0.9780 -0.2085
vn 0.0004 -0.9753 -0.2208
vn -0.0028 -0.9947 -0.1028
vn -0.0008 -0.9916 -0.1293
vn -0.0044 -0.9740 -0.2265
vn 0.0075 -0.9950 -0.0993
vn -0.0003 -0.9873 -0.1592
vn 0.0017 -0.9773 -0.2120
vn -0.0017 -0.9957 -0.0927
vn 0.0015 -0.9958 -0.0917
vn 0.0018 -0.9957 -0.0931
vn -0.0012 -0.9878 -0.1560
vn -0.0038 -0.9894 -0.1452
vn -0.0028 -0.9893 -0.1459
vn 0.0047 -0.9733 -0.2295
vn 0.0021 -0.9741 -0.2261
vn -0.0018 -0.9716 -0.2367
vn -0.0026 -0.9417 -0.3363
vn -0.0018 -0.9617 -0.2741
vn -0.0036 -0.9243 -0.3817
vn -0.0097 -0.9011 -0.4335
vn -0.0014 -0.8989 -0.4382
vn 0.0224 -0.8999 -0.4355
vn 0.0007 -0.8988 -0.4383
vn 0.0089 -0.8967 -0.4426
vn 0.0009 -0.8988 -0.4383
vn 0.0034 -0.9364 -0.3510
vn -0.0044 -0.9363 -0.3512
vn 0.0009 -0.9347 -0.3553
vn 0.0006 -0.8711 -0.4911
vn 0.0027 -0.8679 -0.4967
vn -0.0009 -0.8572 -0.5150
vn 0.0018 -0.9002 -0.4354
vn -0.0114 -0.8855 -0.4646
vn 0.0028 -0.8927 -0.4506
vn -0.0021 -0.9260 -0.3775
vn -0.0021 -0.9260 -0.3776
vn 0.0301 -0.9353 -0.3526
vn 0.0270 -0.9433 -0.3307
vn -0.0004 -0.9538 -0.3004
vn -0.0002 -0.9534 -0.3017
vn -0.0004 -0.9537 -0.3009
vn 0.0009 -0.9623 -0.2721
vn -0.0045 -0.9883 -0.1524
vn 0.0005 -0.9878 -0.1559
vn -0.0034 -0.9888 -0.1492
vn 0.0006 -0.9650 -0.2624
vn -0.0092 -0.9476 -0.3193
vn 0.0051 -0.9688 -0.2479
vn 0.0063 -0.9614 -0.2750
vn -0.0026 -0.9546 -0.2980
vn -0.0025 -0.9522 -0.3055
vn 0.0055 -0.9552 -0.2960
vn -0.0117 -0.9413 -0.3374
vn 0.0014 -0.9388 -0.3443
vn -0.0105 -0.9414 -0.3370
vn 0.0003 -0.9363 -0.3513
vn 0.0006 -0.9373 -0.3485
vn 0.0115 -0.9296 -0.3684
vn -0.0011 -0.9019 -0.4318
vn 0.0016 -0.8893 -0.4574
vn 0.0047 -0.8896 -0.4568
vn -0.0018 -0.8670 -0.4982
vn 0.0019 -0.8646 -0.5025
vn 0.0025 -0.8484 -0.5294
vn -0.0058 -0.8684 -0.4958
vn -0.0057 -0.8682 -0.4961
vn -0.0063 -0.8685 -0.4956
vn -0.0085 -0.9036 -0.4284
vn -0.0189 -0.9005 -0.4345
vn -0.0101 -0.8990 -0.4379
vn 0.0040 -0.8952 -0.4456
vn -0.0024 -0.9033 -0.4291
vn -0.0008 -0.8976 -0.4408
vn -0.0020 -0.8477 -0.5305
vn 0.0034 -0.9449 -0.3275
vn 0.0012 -0.9119 -0.4104
vn 0.0055 -0.9048 -0.4259
vn 0.0028 -0.9121 -0.4099
vn -0.0001 -0.8104 -0.5858
vn -0.0012 -0.8043 -0.5942
vn -0.0028 -0.7601 -0.6498
vn -0.0020 -0.6987 -0.7154
vn -0.0005 -0.6969 -0.7172
vn 0.0001 -0.6618 -0.7497
vn 0.0029 -0.7629 -0.6465
vn -0.0022 -0.7995 -0.6007
vn 0.0005 -0.8340 -0.5517
vn 0.0002 -0.8396 -0.5432
vn 0.0017 -0.8336 -0.5523
vn -0.0083 -0.8738 -0.4862
vn -0.0014 -0.8306 -0.5569
vn -0.0016 -0.8307 -0.5567
vn -0.0013 -0.8304 -0.5571
vn -0.0008 -0.7891 -0.6143
vn 0.0060 -0.9269 -0.3754
vn -0.0006 -0.9034 -0.4288
vn -0.0009 -0.9210 -0.3896
vn 0.0051 -0.9303 -0.3668
vn 0.0015 0.9948 -0.1016
vn -0.0032 0.9919 -0.1272
vn 0.0008 0.9823 -0.1871
vn 0.0077 0.9952 -0.0975
vn 0.0072 0.9919 -0.1271
vn -0.0116 0.9479 -0.3184
vn 0.0009 0.9559 -0.2938
vn -0.2948 0.8953 -0.3341
vn 0.0180 0.9913 -0.1302
vn 0.0052 0.9842 -0.1769
vn -0.6008 0.7637 -0.2361
vn -0.7083 0.6528 -0.2684
vn -0.9999 -0.0099 -0.0027
vn -0.6864 0.6787 -0.2611
vn -0.0133 0.9812 -0.1926
vn -0.0205 0.9821 -0.1871
vn 0.0028 0.9810 -0.1939
vn 0.0025 0.9632 -0.2689
vn -0.3493 0.8780 -0.3272
vn -0.7252 0.6662 -0.1741
vn -1.0000 -0.0028 0.0027
vn -0.6551 0.6828 -0.3235
vn -0.1990 0.9057 -0.3743
vn -0.0008 0.8889 -0.4581
vn -0.0017 0.9376 -0.3478
vn 0.0003 0.9721 -0.2344
vn 0.0014 0.9834 -0.1813
vn 0.0015 0.9834 -0.1812
vn 0.0013 0.9835 -0.1811
vn -0.0019 0.9830 -0.1837
vn -0.0017 0.9829 -0.1842
vn 0.0253 0.9857 -0.1667
vn -0.0082 0.9543 -0.2989
vn -0.0005 0.9253 -0.3793
vn 0.0026 0.9159 -0.4014
vn -0.0090 0.9162 -0.4007
vn -0.0036 0.8861 -0.4634
vn -0.0015 0.8348 -0.5505
vn -0.0034 0.8580 -0.5136
vn 0.0014 0.8019 -0.5975
vn 0.0001 0.8279 -0.5608
vn -0.0005 0.8277 -0.5612
vn -0.0010 0.8271 -0.5620
vn 0.0026 0.7488 -0.6628
vn -0.0008 0.7241 -0.6897
vn -0.0010 0.7239 -0.6900
vn -0.0012 0.7234 -0.6904
vn -0.0015 0.5480 -0.8365
vn 0.0009 0.5391 -0.8422
vn -0.0010 0.5400 -0.8417
vn -0.0009 0.4470 -0.8945
vn 0.0022 0.4813 -0.8765
vn 0.0049 0.3766 -0.9264
vn -0.0015 0.3753 -0.9269
vn -0.0007 0.2992 -0.9542
vn 0.0072 0.2338 -0.9723
vn 0.0019 0.2413 -0.9705
vn 0.0036 0.1830 -0.9831
vn -0.0017 0.1506 -0.9886
vn 0.0012 0.1585 -0.9874
vn -0.0004 0.0732 -0.9973
vn 0.0038 0.1980 -0.9802
vn -0.0005 0.2421 -0.9703
vn 0.0009 0.3079 -0.9514
vn 0.0039 0.1836 -0.9830
vn 0.0008 0.1548 -0.9879
vn -0.0017 0.1477 -0.9890
vn -0.0065 0.1411 -0.9900
vn -0.0012 0.1461 -0.9893
vn 0.0019 0.0708 -0.9975
vn 0.0115 0.0492 -0.9987
vn -0.0011 0.0545 -0.9985
vn -0.0019 -0.0029 -1.0000
vn -0.0025 0.0141 -0.9999
vn 0.0065 0.0031 -1.0000
vn -0.0121 0.0727 -0.9973
vn -0.0024 0.0744 -0.9972
vn 0.0032 0.0720 -0.9974
vn -0.0058 -0.0071 -1.0000
vn 0.0003 -0.0782 -0.9969
vn 0.0062 -0.0629 -0.9980
vn 0.0015 -0.0855 -0.9963
vn -0.0063 -0.0097 -0.9999
vn -0.0063 -0.0089 -0.9999
vn -0.0085 -0.0239 -0.9997
vn -0.0050 0.0701 -0.9975
vn 0.0027 0.0705 -0.9975
vn 0.0020 0.0742 -0.9972
vn -0.0058 0.0713 -0.9974
vn 0.0022 0.0750 -0.9972
vn -0.0019 0.0708 -0.9975
vn -0.0081 0.2163 -0.9763
vn -0.0014 0.3088 -0.9511
vn 0.0014 0.3086 -0.9512
vn 0.0005 0.3088 -0.9511
vn 0.0095 0.3156 -0.9488
vn 0.0041 0.3060 -0.9520
vn 0.0046 0.3202 -0.9473
vn -0.0051 0.4254 -0.9050
vn 0.0014 0.4408 -0.8976
vn 0.0044 0.5480 -0.8365
vn -0.0085 0.4998 -0.8661
vn -0.0039 0.5041 -0.8636
vn 0.0057 0.4451 -0.8955
vn 0.0037 0.3457 -0.9383
vn 0.0012 0.3377 -0.9413
vn 0.0045 0.3450 -0.9386
vn -0.0030 0.5359 -0.8443
vn 0.0015 0.4873 -0.8733
vn 0.0008 0.4874 -0.8732
vn -0.0055 0.4807 -0.8768
vn -0.0027 0.4065 -0.9136
vn -0.0002 0.4061 -0.9138
vn 0.0110 0.4149 -0.9098
vn 0.3470 0.7349 0.5827
vn 0.3369 0.6918 0.6387
vn 0.3323 0.6906 0.6424
vn 0.3306 0.6874 0.6467
vn 0.3203 0.7067 0.6309
vn 0.3230 0.6918 0.6458
vn 0.3133 0.6764 0.6665
vn 0.3180 0.6865 0.6539
vn 0.2523 0.6192 0.7436
vn 0.2412 0.6063 0.7578
vn 0.2821 0.6436 0.7115
vn 0.3154 0.6826 0.6592
vn 0.2183 0.5687 0.7930
vn 0.5952 0.7474 0.2952
vn 0.6077 0.7479 0.2670
vn 0.6399 0.7141 0.2838
vn 0.6825 0.6218 -0.3842
vn 0.6816 0.6208 -0.3873
vn 0.6821 0.6211 -0.3861
vn 0.6768 0.6207 -0.3957
vn 0.6755 0.6365 -0.3723
vn 0.2431 0.6045 0.7586
vn 0.2447 0.6049 0.7578
vn 0.2462 0.6050 0.7572
vn 0.3278 0.7036 0.6305
vn 0.3237 0.6780 0.6599
vn 0.3044 0.6995 0.6466
vn 0.3062 0.6902 0.6556
vn 0.3171 0.6849 0.6560
vn 0.3134 0.6857 0.6569
vn 0.2979 0.6545 0.6949
vn 0.3060 0.6580 0.6880
vn 0.2225 0.6315 0.7428
vn 0.2912 0.6240 0.7252
vn 0.5863 0.7816 0.2128
vn 0.1847 0.6944 0.6955
vn 0.2390 0.5908 0.7706
vn 0.2980 0.6514 0.6977
vn 0.2809 0.6170 0.7351
vn 0.3232 0.7018 0.6349
vn 0.3164 0.7021 0.6380
vn 0.3142 0.6924 0.6495
vn 0.3089 0.6722 0.6728
vn 0.3392 0.6653 0.6651
vn 0.3376 0.6708 0.6604
vn 0.3258 0.6612 0.6758
vn 0.3032 0.6841 0.6634
vn 0.3106 0.6646 0.6796
vn 0.3194 0.6642 0.6759
vn 0.3098 0.6614 0.6831
vn 0.3116 0.6806 0.6630
vn 0.3089 0.6734 0.6717
vn 0.3084 0.6738 0.6715
vn 0.3147 0.6829 0.6593
vn 0.3126 0.6433 0.6988
vn -0.3597 0.9087 0.2117
vn 0.3119 0.6237 0.7168
vn -0.6061 0.7892 -0.0988
vn -0.6800 0.6715 -0.2942
vn -0.6854 0.6824 -0.2540
vn -0.6785 0.6956 -0.2361
vn -0.6651 0.7117 -0.2261
vn -0.6710 0.6784 -0.2991
vn -0.6697 0.6908 -0.2726
vn -0.6557 0.6677 -0.3524
vn -0.6718 0.6652 -0.3260
vn -0.6559 0.6529 -0.3789
vn -0.6810 0.6605 -0.3161
vn 0.2998 0.6315 0.7151
vn 0.3128 0.6181 0.7212
vn 0.3167 0.6061 0.7296
vn 0.2924 0.6503 0.7011
vn 0.2954 0.6271 0.7207
vn 0.2505 0.5885 0.7687
vn 0.4231 0.7273 0.5404
vn 0.2767 0.6442 0.7130
vn 0.6708 0.6045 -0.4297
vn 0.6585 0.6218 -0.4241
vn 0.6709 0.6045 -0.4295
vn 0.6805 0.5777 -0.4508
vn 0.6794 0.5838 -0.4445
vn 0.6777 0.5756 -0.4577
vn 0.6826 0.5585 -0.4713
vn 0.6767 0.5716 -0.4640
vn 0.6828 0.5600 -0.4693
vn 0.6729 0.4005 -0.6220
vn 0.2834 -0.7327 -0.6188
vn 0.5474 -0.2583 -0.7960
vn 0.3500 -0.6103 -0.7106
vn 0.3395 -0.6519 -0.6780
vn 0.3156 -0.7032 -0.6371
vn 0.5528 -0.1741 -0.8149
vn 0.6742 0.4301 -0.6004
vn 0.6722 0.5287 -0.5183
vn 0.6782 0.5296 -0.5096
vn 0.6770 0.5310 -0.5096
vn 0.6778 0.5301 -0.5095
vn 0.6869 0.5847 -0.4317
vn 0.6741 0.6039 -0.4254
vn 0.6696 0.5977 -0.4409
vn 0.6774 0.6117 -0.4084
vn 0.6702 0.6451 -0.3671
vn 0.6711 0.6444 -0.3666
vn 0.6681 0.6429 -0.3746
vn 0.6648 0.6478 -0.3720
vn 0.6654 0.6258 -0.4070
vn 0.6698 0.6398 -0.3770
vn 0.6775 0.5666 -0.4690
vn 0.6769 0.5673 -0.4691
vn 0.6804 0.5595 -0.4733
vn 0.6784 0.5549 -0.4816
vn 0.6778 0.5538 -0.4837
vn 0.6723 0.5519 -0.4933
vn 0.6934 0.5429 -0.4739
vn 0.6956 0.5427 -0.4707
vn 0.6975 0.5336 -0.4783
vn 0.6710 0.5055 -0.5425
vn 0.6793 0.3927 -0.6200
vn 0.6845 0.3962 -0.6119
vn 0.6843 0.3956 -0.6126
vn 0.6838 0.3949 -0.6136
vn 0.6721 0.4679 -0.5739
vn 0.6731 0.4590 -0.5798
vn 0.6733 0.4588 -0.5798
vn 0.6714 0.5299 -0.5181
vn 0.6773 0.5027 -0.5371
vn 0.6712 0.4523 -0.5873
vn 0.6766 0.5331 -0.5079
vn 0.6680 0.5633 -0.4862
vn 0.6709 0.5915 -0.4472
vn 0.6762 0.5637 -0.4744
vn 0.6754 0.5571 -0.4832
vn 0.6753 0.5572 -0.4831
vn 0.6781 0.5232 -0.5162
vn 0.6754 0.5346 -0.5079
vn 0.6775 0.4138 -0.6081
vn 0.6776 0.3872 -0.6252
vn 0.6770 0.3858 -0.6267
vn 0.6767 0.3861 -0.6269
vn 0.6772 0.3856 -0.6266
vn 0.3834 -0.4681 -0.7962
vn 0.2749 -0.7360 -0.6186
vn 0.2984 -0.7036 -0.6449
vn 0.2983 -0.7037 -0.6448
vn 0.2884 -0.7119 -0.6403
vn 0.2756 -0.7298 -0.6256
vn 0.2774 -0.7282 -0.6267
vn 0.2767 -0.7287 -0.6264
vn 0.5867 -0.2345 -0.7751
vn 0.6701 0.4628 -0.5803
vn 0.6697 0.4647 -0.5793
vn 0.6697 0.4648 -0.5792
vn 0.6784 0.5337 -0.5049
vn 0.6791 0.5532 -0.4824
vn 0.6681 0.5836 -0.4615
vn 0.6708 0.5866 -0.4539
vn 0.6682 0.5875 -0.4565
vn 0.6808 0.6145 -0.3985
vn 0.6770 0.5935 -0.4352
vn 0.6860 0.5657 -0.4576
vn 0.5380 0.6461 -0.5413
vn 0.5811 0.6442 -0.4973
vn 0.4651 0.7340 -0.4950
vn 0.3992 0.7764 0.4877
vn 0.6704 0.6412 -0.3735
vn 0.6657 0.6434 -0.3781
vn 0.6689 0.6416 -0.3754
vn 0.6734 0.6452 -0.3610
vn 0.2339 0.5988 0.7659
vn 0.3110 0.9060 0.2872
vn 0.6516 0.7418 -0.1587
vn 0.4575 0.7483 -0.4804
vn 0.6625 0.7480 -0.0392
vn 0.6672 0.6639 -0.3378
vn 0.1335 0.8519 -0.5063
vn 0.1340 0.8515 -0.5069
vn 0.1255 0.8564 -0.5008
vn 0.6804 0.6561 -0.3265
vn 0.6749 0.6622 -0.3256
vn 0.6732 0.6635 -0.3264
vn 0.4800 0.8597 0.1745
vn 0.6233 0.7216 -0.3014
vn 0.4107 0.6985 0.5860
vn 0.2880 0.6060 0.7415
vn 0.2798 0.5788 0.7660
vn 0.2757 0.5642 0.7782
vn 0.2594 0.5657 0.7827
vn 0.2905 0.6018 0.7440
vn 0.2613 0.5854 0.7675
vn 0.2662 0.5962 0.7574
vn 0.3178 0.7498 0.5803
vn 0.2836 0.6016 0.7468
vn 0.2817 0.6322 0.7218
vn 0.2820 0.6022 0.7469
vn 0.2820 0.6021 0.7470
vn 0.2820 0.6024 0.7467
vn 0.2471 0.6943 0.6759
vn 0.1985 0.9438 0.2644
vn 0.2864 0.6067 0.7416
vn 0.3028 0.5973 0.7427
vn 0.2896 0.6231 0.7266
vn 0.3022 0.6116 0.7312
vn 0.2963 0.6216 0.7252
vn 0.2893 0.5989 0.7467
vn -0.6746 0.7305 -0.1063
vn -0.6737 0.7313 -0.1062
vn -0.0004 0.9476 -0.3196
vn -0.0152 0.9435 -0.3310
vn -0.0113 0.9448 -0.3274
vn 0.0049 0.9381 -0.3462
vn -0.0128 0.9459 -0.3243
vn -0.0167 0.9555 -0.2945
vn 0.0024 0.9556 -0.2947
vn -0.0022 0.9648 -0.2631
vn -0.0090 0.9554 -0.2951
vn -0.0145 0.9561 -0.2927
vn 0.6250 0.7317 -0.2719
vn 0.6246 0.7286 -0.2811
vn 0.6262 0.7272 -0.2812
vn 0.3332 0.8489 -0.4103
vn 0.3417 0.8322 -0.4367
vn -0.0096 0.8979 -0.4401
vn -0.0087 0.8950 -0.4460
vn -0.0068 0.8946 -0.4468
vn 0.0018 -0.9732 -0.2298
vn -0.0033 -0.9518 -0.3066
vn -0.0221 -0.9548 -0.2965
vn -0.0027 -0.9516 -0.3072
vn -1.0000 -0.0048 -0.0023
vn -0.9961 -0.0805 -0.0359
vn -0.7974 -0.5386 -0.2723
vn 0.1649 -0.8339 -0.5266
vn -1.0000 -0.0027 -0.0022
vn -1.0000 -0.0010 -0.0008
vn -1.0000 -0.0050 -0.0051
vn -0.0073 -0.7936 -0.6084
vn -0.2551 -0.8352 -0.4871
vn -0.1830 -0.6782 -0.7118
vn -0.9999 -0.0127 -0.0106
vn -0.9671 -0.1349 -0.2157
vn -0.9696 -0.1466 -0.1961
vn -0.9446 -0.1942 -0.2648
vn 0.0636 -0.6289 -0.7749
vn -0.3549 -0.4527 -0.8180
vn -0.2441 -0.5390 -0.8062
vn 0.0066 -0.6046 -0.7965
vn -0.0786 -0.6502 -0.7557
vn -0.0032 -0.5527 -0.8334
vn 0.0026 -0.6903 -0.7235
vn 0.0093 0.9749 -0.2225
vn -0.4051 0.8139 -0.4166
vn -0.0184 0.8521 -0.5231
vn -0.0046 0.8659 -0.5002
vn -0.0055 0.8928 -0.4505
vn -0.0191 0.8888 -0.4578
vn -0.0041 0.9031 -0.4293
vn -0.0088 0.8409 -0.5412
vn 0.2189 0.8009 -0.5573
vn -0.0050 0.7734 -0.6339
vn 0.0011 0.8552 -0.5183
vn 0.6005 0.5938 -0.5355
vn 0.6007 0.5940 -0.5351
vn 0.6096 0.5887 -0.5308
vn -0.0093 0.7178 -0.6962
vn -0.0069 0.7240 -0.6897
vn -0.0025 0.6826 -0.7308
vn -0.0079 0.6927 -0.7212
vn -0.0050 0.6766 -0.7364
vn -0.0047 0.6768 -0.7362
vn 0.2414 0.5598 -0.7927
vn 0.6301 0.4069 -0.6614
vn 0.6460 0.4049 -0.6471
vn 0.6414 0.3920 -0.6595
vn -0.0051 0.6120 -0.7909
vn -0.0060 0.5492 -0.8356
vn 0.0015 0.4841 -0.8750
vn -0.0014 0.4440 -0.8960
vn -0.0035 0.4423 -0.8969
vn 0.0413 0.3841 -0.9224
vn -0.0012 0.3384 -0.9410
vn -0.0014 0.2679 -0.9634
vn 0.1436 0.1842 -0.9723
vn -0.0046 0.2016 -0.9795
vn -0.0176 0.0667 -0.9976
vn -0.0099 0.1299 -0.9915
vn -0.0042 0.2351 -0.9720
vn -0.0123 0.0097 -0.9999
vn -0.0035 -0.0424 -0.9991
vn -0.0041 -0.0417 -0.9991
vn -0.0312 -0.0570 -0.9979
vn -0.0334 -0.1104 -0.9933
vn 0.0033 -0.1524 -0.9883
vn 0.0061 -0.1503 -0.9886
vn 0.0028 0.0734 -0.9973
vn -0.0217 0.0652 -0.9976
vn -0.0048 0.0814 -0.9967
vn -0.0042 -0.2849 -0.9585
vn -0.0058 -0.1568 -0.9876
vn 0.0047 -0.1952 -0.9808
vn -0.0080 -0.2408 -0.9705
vn -0.0054 -0.1390 -0.9903
vn 0.0008 -0.3932 -0.9195
vn -0.0012 -0.4136 -0.9105
vn -0.0037 -0.4859 -0.8740
vn -0.3827 -0.6200 -0.6850
vn -0.3813 -0.4881 -0.7851
vn -0.6765 -0.2834 -0.6797
vn -0.6875 -0.2119 -0.6945
vn -0.6780 -0.2228 -0.7005
vn -0.6920 -0.1653 -0.7027
vn -0.3137 0.1808 -0.9322
vn -0.2495 0.2330 -0.9399
vn 0.3143 0.6926 -0.6492
vn 0.3208 0.6634 -0.6761
vn 0.2745 0.7239 -0.6330
vn 0.2593 0.3105 -0.9145
vn 0.2290 0.7605 -0.6076
vn 0.2347 0.7626 -0.6028
vn 0.2279 0.7617 -0.6065
vn 0.4787 0.1951 -0.8560
vn 0.4974 0.2794 -0.8213
vn 0.3035 -0.3258 -0.8954
vn -0.0093 0.9744 -0.2247
vn -0.0052 0.9767 -0.2145
vn -0.0039 0.9765 -0.2153
vn -0.0000 0.9526 -0.3041
vn 0.3995 0.8895 -0.2219
vn 0.4377 0.8280 -0.3503
vn 0.0032 0.9514 -0.3080
vn 0.0035 0.9512 -0.3087
vn 0.0032 0.9514 -0.3079
vn 0.0007 0.9083 -0.4183
vn 0.0035 0.9084 -0.4181
vn 0.0034 0.9085 -0.4178
vn 0.0035 0.9086 -0.4176
vn -0.0035 0.9425 -0.3342
vn 0.0032 -0.9874 -0.1584
vn 0.0069 0.9431 -0.3325
vn -0.0008 0.9419 -0.3360
vn 0.0043 0.9394 -0.3428
vn -0.0018 0.9175 -0.3978
vn 0.0062 0.9170 -0.3989
vn -0.0033 0.8917 -0.4526
vn 0.0004 0.8917 -0.4527
vn -0.0008 0.8884 -0.4591
vn -0.0023 0.8827 -0.4699
vn -0.0015 0.8842 -0.4671
vn 0.0010 0.8837 -0.4681
vn 0.0018 0.8598 -0.5107
vn 0.0020 0.8591 -0.5118
vn 0.0019 0.8585 -0.5128
vn -0.0037 0.9240 -0.3824
vn 0.0040 0.9418 -0.3363
vn 0.0096 0.9400 -0.3409
vn 0.0019 0.9415 -0.3369
vn 0.0030 0.8416 -0.5401
vn -0.0013 0.8257 -0.5641
vn -0.0022 0.7887 -0.6148
vn -0.0043 0.7469 -0.6650
vn 0.0012 0.6839 -0.7295
vn -0.0021 0.6162 -0.7876
vn 0.0009 0.5755 -0.8178
vn -0.0017 0.6660 -0.7459
vn 0.0032 0.3944 -0.9189
vn 0.0060 0.9691 -0.2466
vn -0.0018 0.9648 -0.2631
vn 0.0065 0.9421 -0.3354
vn 0.0056 0.9385 -0.3452
vn 0.0031 0.9383 -0.3459
vn 0.0031 0.8852 -0.4651
vn -0.0001 0.8878 -0.4603
vn 0.0001 0.8885 -0.4589
vn -0.4771 0.8669 -0.1444
vn -0.0115 0.9697 -0.2439
vn -0.0149 0.8784 -0.4776
vn -0.3741 0.8212 -0.4309
vn -0.4701 0.7462 -0.4713
vn -0.6629 0.6344 -0.3975
vn -0.0114 0.9128 -0.4083
vn -0.0126 0.9125 -0.4089
vn -0.0141 0.9196 -0.3925
vn -0.0192 0.9075 -0.4197
vn -0.0218 0.9147 -0.4036
vn -0.0206 0.9148 -0.4033
vn -0.0117 0.9443 -0.3290
vn -0.0039 0.9440 -0.3301
vn -0.0056 0.9431 -0.3326
vn -0.1619 0.8990 -0.4069
vn -0.1454 0.9092 -0.3900
vn -0.1391 0.9126 -0.3845
vn -0.5924 0.7705 -0.2354
vn -0.1135 0.9217 -0.3709
vn -0.6893 0.6832 -0.2411
vn -0.6591 0.6986 -0.2784
vn -0.6579 0.7111 -0.2482
vn -0.6610 0.6993 -0.2720
vn -0.6685 0.7285 -0.1495
vn -0.6638 0.7313 -0.1570
vn -0.6664 0.7251 -0.1736
vn -0.6665 0.7266 -0.1666
vn -0.6708 0.7259 -0.1518
vn -0.6602 0.7265 -0.1905
vn -0.6502 0.6950 -0.3070
vn -0.6641 0.6753 -0.3207
vn -0.6641 0.6754 -0.3206
vn -0.6605 0.6748 -0.3292
vn -0.6564 0.6627 -0.3606
vn -0.6566 0.6513 -0.3804
vn -0.6659 0.6858 -0.2937
vn -0.6655 0.6917 -0.2804
vn -0.6600 0.6892 -0.2990
vn -0.6525 0.6861 -0.3219
vn -0.6636 0.6769 -0.3183
vn -0.6608 0.6821 -0.3132
vn -0.6664 0.6776 -0.3112
vn -0.6665 0.6755 -0.3154
vn -0.6666 0.6769 -0.3121
vn -0.6683 0.6721 -0.3189
vn -0.6683 0.6720 -0.3190
vn -0.6679 0.6736 -0.3164
vn -0.6568 0.6333 -0.4094
vn -0.6607 0.6670 -0.3443
vn -0.6496 0.6100 -0.4537
vn -0.6596 0.6088 -0.4407
vn -0.0009 0.7931 -0.6091
vn -0.0004 0.7931 -0.6092
vn 0.0064 0.7803 -0.6253
vn -0.0083 0.8123 -0.5831
vn -0.0104 0.8123 -0.5832
vn -0.0089 0.8010 -0.5985
vn -0.0120 0.7083 -0.7058
vn -0.3348 0.6982 -0.6328
vn -0.3468 0.6605 -0.6659
vn -0.6389 0.5569 -0.5308
vn -0.6392 0.5622 -0.5246
vn -0.6503 0.5232 -0.5509
vn -0.8362 0.3064 -0.4549
vn -0.6583 0.4508 -0.6028
vn -0.3571 0.5641 -0.7445
vn -0.6514 0.4155 -0.6349
vn -0.3643 0.4973 -0.7874
vn -0.6664 0.3443 -0.6613
vn -0.6502 0.3944 -0.6493
vn -0.6538 0.3343 -0.6788
vn -0.6621 0.3320 -0.6719
vn -0.6584 0.2757 -0.7004
vn -0.6540 0.2733 -0.7054
vn -0.6635 0.2710 -0.6974
vn -0.6567 0.2709 -0.7038
vn -0.6762 0.2565 -0.6906
vn -0.6679 0.2248 -0.7095
vn -0.6598 0.2800 -0.6974
vn -0.6730 0.2488 -0.6966
vn -0.6731 0.1827 -0.7167
vn -0.6741 0.2314 -0.7015
vn -0.6965 0.1624 -0.6989
vn -0.2005 -0.2975 -0.9334
vn -0.2233 -0.2636 -0.9384
vn -0.2053 -0.1296 -0.9701
vn 0.3780 -0.6062 -0.6998
vn 0.3480 -0.6275 -0.6965
vn 0.4389 -0.5163 -0.7354
vn 0.3921 -0.5279 -0.7534
vn -0.1249 -0.2860 -0.9501
vn -0.6715 0.2826 -0.6850
vn -0.6603 0.3748 -0.6508
vn -0.6568 0.3888 -0.6461
vn -0.6578 0.4126 -0.6301
vn -0.6475 0.4530 -0.6127
vn -0.6597 0.3900 -0.6424
vn -0.6532 0.4541 -0.6059
vn -0.6482 0.5303 -0.5465
vn -0.6561 0.6001 -0.4576
vn -0.6555 0.6015 -0.4567
vn -0.6543 0.6031 -0.4562
vn -0.6451 0.4230 -0.6364
vn -0.6472 0.4285 -0.6305
vn -0.6463 0.5071 -0.5702
vn -0.6515 0.4798 -0.5877
vn -0.6483 0.5430 -0.5338
vn -0.6500 0.5713 -0.5011
vn -0.6486 0.6100 -0.4551
vn -0.6500 0.6316 -0.4226
vn -0.6639 0.6656 -0.3409
vn -0.6643 0.6682 -0.3349
vn -0.6634 0.6658 -0.3415
vn -0.6605 0.6571 -0.3633
vn -0.6583 0.6565 -0.3684
vn -0.6553 0.6572 -0.3724
vn -0.6554 0.5608 -0.5059
vn -0.6459 0.5842 -0.4915
vn -0.6530 0.6316 -0.4180
vn -0.6533 0.6303 -0.4195
vn -0.6464 0.6384 -0.4179
vn -0.6550 0.6650 -0.3588
vn -0.6535 0.6128 -0.4443
vn -0.6657 0.6536 -0.3601
vn -0.6657 0.6536 -0.3600
vn -0.6769 0.6652 -0.3151
vn -0.6771 0.6642 -0.3168
vn -0.6750 0.6637 -0.3224
vn 0.0033 0.8640 0.5034
vn 0.3382 0.5786 0.7422
vn -0.2997 0.8508 -0.4316
vn -0.6672 0.6573 -0.3506
vn 0.3717 0.5820 0.7233
vn -0.1141 0.9769 0.1808
vn -0.1118 0.9537 0.2791
vn 0.3064 0.9517 -0.0202
vn 0.2503 0.9650 -0.0784
vn 0.4792 0.7479 0.4594
vn 0.1140 0.8661 -0.4866
vn 0.1107 0.8696 -0.4813
vn 0.1150 0.8662 -0.4863
vn 0.1033 0.8358 -0.5392
vn 0.1135 0.8662 -0.4866
vn 0.0005 0.9507 -0.3101
vn -0.0028 0.9309 -0.3653
vn 0.0019 0.9578 -0.2874
vn 0.0014 0.9586 -0.2846
vn 0.0298 0.9624 -0.2699
vn 0.0025 0.9187 -0.3949
vn -0.0014 0.9170 -0.3990
vn -0.0007 0.9171 -0.3987
vn 0.0033 0.8038 -0.5949
vn -0.0057 0.7607 -0.6491
vn 0.0022 0.7130 -0.7012
vn 0.0029 0.8343 -0.5513
vn -0.0018 0.7954 -0.6060
vn 0.0041 0.7771 -0.6293
vn -0.0029 0.7760 -0.6307
vn -0.0018 0.7712 -0.6366
vn -0.0037 0.6896 -0.7242
vn -0.0023 0.6441 -0.7650
vn -0.0001 0.6027 -0.7979
vn -0.0006 0.6020 -0.7985
vn -0.0008 0.6019 -0.7986
vn 0.0006 0.4985 -0.8669
vn 0.0019 -0.9231 -0.3846
vn 0.0165 -0.8990 -0.4377
vn 0.0089 -0.8984 -0.4390
vn 0.0076 -0.8979 -0.4401
vn 0.0047 -0.9122 -0.4098
vn 0.0050 0.8865 -0.4627
vn 0.0044 0.8859 -0.4639
vn 0.0042 0.8854 -0.4648
vn 0.0089 0.8884 -0.4591
vn 0.0086 0.8878 -0.4602
vn 0.0089 0.8881 -0.4595
vn -0.0000 0.9595 -0.2818
vn 0.0034 0.9595 -0.2816
vn 0.0082 0.9584 -0.2853
vn 0.0131 0.9353 -0.3536
vn -0.0005 0.9155 -0.4023
vn -0.0052 0.9060 -0.4233
vn -0.0022 0.9129 -0.4082
vn 0.0026 0.9057 -0.4240
vn 0.0008 0.8896 -0.4567
vn 0.0039 0.8887 -0.4585
vn -0.0048 0.8816 -0.4719
vn -0.0028 0.8911 -0.4539
vn -0.0015 0.8894 -0.4572
vn -0.0026 0.8904 -0.4552
vn -0.0004 0.8184 -0.5747
vn -0.0003 0.8138 -0.5811
vn 0.0069 0.8926 -0.4509
vn 0.0036 0.9353 -0.3538
vn -0.0102 0.9373 -0.3483
vn -0.0003 0.9414 -0.3374
vn -0.0010 0.9664 -0.2571
vn -0.0009 0.9663 -0.2575
vn -0.0009 0.9662 -0.2577
vn -0.0052 -0.9350 -0.3547
vn 0.0096 -0.9309 -0.3652
vn -0.0075 -0.9325 -0.3610
vn 0.0039 -0.8632 -0.5048
vn 0.0055 -0.8635 -0.5043
vn -0.0001 -0.8680 -0.4966
vn -0.0029 -0.8074 -0.5900
vn 0.0006 -0.8443 -0.5359
vn -0.0004 -0.8092 -0.5875
vn 0.0009 -0.7562 -0.6544
vn 0.0016 -0.6993 -0.7149
vn -0.0027 -0.7649 -0.6442
vn -0.0040 -0.6852 -0.7283
vn -0.0005 -0.6382 -0.7698
vn 0.0134 -0.9383 -0.3455
vn -0.0011 -0.8996 -0.4367
vn 0.0044 -0.8965 -0.4430
vn -0.0013 -0.8988 -0.4384
vn -0.0112 0.9403 -0.3400
vn -0.0043 0.9414 -0.3374
vn -0.0044 0.9415 -0.3368
vn -0.0016 0.9046 -0.4262
vn -0.0100 0.9129 -0.4080
vn -0.0130 0.9103 -0.4138
vn 0.0091 -0.9705 -0.2408
vn -0.0006 -0.9371 -0.3491
vn -0.0018 -0.8504 -0.5261
vn -0.0012 -0.8912 -0.4536
vn 0.0004 -0.8682 -0.4962
vn -0.0068 -0.9330 -0.3598
vn -0.0042 -0.9255 -0.3786
vn -0.0048 -0.9258 -0.3780
vn -0.0010 -0.8995 -0.4370
vn -0.0030 -0.8814 -0.4723
vn -0.0040 -0.8102 -0.5861
vn -0.0033 -0.7607 -0.6491
vn 0.0039 -0.7161 -0.6980
vn -0.0034 -0.6819 -0.7314
vn 0.0008 -0.7013 -0.7129
vn 0.0011 -0.9539 -0.3002
vn 0.0109 -0.9447 -0.3278
vn -0.0010 -0.9515 -0.3075
vn -0.0013 -0.9515 -0.3076
vn -0.0031 -0.9271 -0.3749
vn 0.0015 -0.9416 -0.3367
vn -0.0041 -0.9473 -0.3203
vn -0.0092 -0.9418 -0.3360
vn 0.0018 -0.9277 -0.3734
vn 0.0038 -0.9248 -0.3804
vn -0.0000 -0.9273 -0.3744
vn 0.0042 -0.8950 -0.4460
vn -0.0018 -0.8969 -0.4422
vn -0.0011 -0.8982 -0.4397
vn 0.0007 -0.8228 -0.5684
vn -0.0006 -0.8230 -0.5680
vn -0.0011 -0.8230 -0.5681
vn 0.0049 -0.8041 -0.5944
vn 0.0017 -0.7811 -0.6244
vn -0.0006 -0.8774 -0.4798
vn 0.0003 -0.8937 -0.4487
vn 0.0014 -0.8933 -0.4494
vn 0.0009 -0.8935 -0.4491
vn 0.0011 -0.8198 -0.5727
vn 0.0008 -0.8262 -0.5634
vn -0.0070 -0.8174 -0.5761
vn -0.0013 -0.7868 -0.6173
vn -0.0019 -0.9268 -0.3756
vn -0.0024 -0.9262 -0.3769
vn -0.0023 -0.9263 -0.3767
vn -0.0113 -0.9434 -0.3315
vn -0.0025 -0.9376 -0.3477
vn -0.0044 -0.9379 -0.3467
vn 0.0019 -0.8945 -0.4470
vn 0.0005 -0.8979 -0.4403
vn 0.0013 -0.8975 -0.4410
vn 0.0032 -0.8830 -0.4694
vn -0.0052 -0.8826 -0.4701
vn -0.0003 -0.8746 -0.4849
vn -0.0006 -0.7677 -0.6408
vn 0.0001 -0.7302 -0.6832
vn 0.0003 -0.7302 -0.6832
vn -0.0081 0.9215 -0.3882
vn 0.0011 0.8923 -0.4514
vn -0.0045 0.7600 -0.6499
vn -0.0008 0.7629 -0.6466
vn -0.0035 0.7648 -0.6442
vn -0.0020 0.5587 -0.8293
vn 0.0001 0.5582 -0.8297
vn -0.0015 0.5585 -0.8295
vn -0.0019 0.5726 -0.8199
vn -0.0000 0.6077 -0.7941
vn -0.0002 0.6187 -0.7856
vn 0.0043 0.8849 -0.4658
vn 0.0037 0.8861 -0.4636
vn 0.0041 0.8856 -0.4644
vn 0.0026 0.8565 -0.5162
vn -0.0011 0.5886 -0.8084
vn -0.0029 0.6900 -0.7238
vn -0.0011 0.8533 -0.5214
vn -0.0013 0.8534 -0.5212
vn -0.0013 0.8535 -0.5211
vn 0.0031 0.9201 -0.3917
vn 0.0028 0.9217 -0.3878
vn 0.0036 0.9208 -0.3900
vn 0.0018 0.8487 -0.5289
vn 0.0009 0.8541 -0.5201
vn 0.0059 0.8491 -0.5281
vn 0.0045 0.8572 -0.5149
vn -0.0000 0.6935 -0.7204
vn 0.0015 0.6670 -0.7450
vn 0.0004 0.5985 -0.8011
vn -0.0032 0.6056 -0.7958
vn 0.0026 0.5988 -0.8009
vn -0.0031 0.6072 -0.7946
vn 0.0049 0.5880 -0.8089
vn -0.0028 0.5818 -0.8133
vn 0.0070 0.5761 -0.8173
vn 0.0036 0.5309 -0.8474
vn -0.0012 0.5180 -0.8554
vn 0.0016 0.5001 -0.8660
vn -0.0043 0.4510 -0.8925
vn -0.0045 0.4509 -0.8926
vn 0.0071 0.4376 -0.8991
vn 0.0033 0.5800 -0.8146
vn -0.0013 0.6007 -0.7995
vn 0.0022 0.8894 -0.4572
vn 0.0018 0.8892 -0.4576
vn 0.0023 0.8894 -0.4570
vn 0.0057 0.9398 -0.3416
vn 0.0210 0.9387 -0.3442
vn -0.0014 0.9343 -0.3564
vn 0.0050 0.7764 -0.6302
vn 0.0003 0.8353 -0.5499
vn 0.0003 0.8352 -0.5500
vn 0.0002 0.8349 -0.5503
vn 0.0029 0.8050 -0.5932
vn 0.0023 0.7139 -0.7003
vn 0.0031 0.7140 -0.7001
vn -0.0017 0.7208 -0.6931
vn 0.0040 0.6394 -0.7689
vn 0.0025 -0.9500 -0.3122
vn 0.0020 -0.9498 -0.3129
vn -0.0190 -0.9463 -0.3228
vn 0.2238 -0.8808 -0.4173
vn 0.6191 -0.6982 -0.3595
vn 0.6249 -0.6900 -0.3653
vn 0.6124 -0.6968 -0.3735
vn 0.1964 -0.8266 -0.5273
vn 0.0039 -0.4647 -0.8855
vn -0.0014 -0.8929 -0.4502
vn 0.0222 -0.8850 -0.4650
vn -0.0014 -0.8930 -0.4500
vn 0.0002 -0.8184 -0.5747
vn -0.0018 -0.8199 -0.5725
vn -0.0013 -0.8189 -0.5739
vn 0.0008 -0.7860 -0.6182
vn -0.0031 -0.7595 -0.6505
vn -0.0002 -0.8247 -0.5656
vn 0.0033 -0.7035 -0.7107
vn -0.0007 -0.6473 -0.7622
vn 0.0032 -0.6691 -0.7431
vn 0.0061 -0.5322 -0.8466
vn 0.0026 -0.9490 -0.3151
vn 0.0024 -0.9490 -0.3153
vn 0.0044 -0.9500 -0.3121
vn 0.0005 -0.9340 -0.3572
vn 0.0063 -0.9334 -0.3587
vn 0.0109 -0.9307 -0.3656
vn -0.0107 0.9052 -0.4249
vn 0.0011 0.9178 -0.3971
vn 0.0013 0.9178 -0.3970
vn 0.0012 0.9178 -0.3971
vn 0.0009 0.8905 -0.4549
vn -0.0015 0.8916 -0.4528
vn 0.0031 0.8913 -0.4534
vn -0.0002 0.9116 -0.4111
vn -0.0003 0.9114 -0.4116
vn -0.0001 0.9117 -0.4109
vn 0.0013 0.8887 -0.4585
vn 0.0021 0.8897 -0.4566
vn -0.0045 0.9118 -0.4107
vn -0.0151 0.8922 -0.4514
vn -0.0116 0.8953 -0.4454
vn -0.0125 0.8949 -0.4462
vn 0.0054 0.9110 -0.4124
vn -0.0079 0.8638 -0.5038
vn 0.0002 -0.9190 -0.3943
vn -0.0010 -0.9194 -0.3933
vn 0.0006 -0.9186 -0.3952
vn 0.0059 0.9179 -0.3967
vn 0.0006 0.9158 -0.4015
vn 0.0073 0.9176 -0.3974
vn 0.0032 -0.8333 -0.5528
vn 0.0029 -0.8331 -0.5532
vn 0.0034 -0.8335 -0.5525
vn -0.0147 0.7674 -0.6410
vn -0.0054 0.6572 -0.7537
vn -0.0069 0.5957 -0.8032
vn -0.0118 0.5398 -0.8417
vn -0.4804 0.4186 -0.7707
vn -0.0061 0.6380 -0.7700
vn -0.0060 0.6864 -0.7272
vn -0.0042 0.6695 -0.7428
vn -0.0121 0.6691 -0.7431
vn -0.0018 -0.7930 -0.6093
vn -0.0014 -0.7930 -0.6092
vn 0.0003 0.7717 -0.6360
vn 0.0004 0.7716 -0.6361
vn 0.0092 0.7231 -0.6907
vn 0.0018 0.7018 -0.7124
vn -0.0023 -0.8833 -0.4688
vn 0.0019 -0.8964 -0.4432
vn -0.0011 -0.8607 -0.5092
vn -0.0012 -0.8603 -0.5097
vn -0.0009 -0.8600 -0.5103
vn -0.0117 -0.8288 -0.5594
vn -0.0003 -0.8292 -0.5589
vn 0.0013 -0.7848 -0.6198
vn 0.0011 -0.7850 -0.6195
vn 0.0014 -0.7849 -0.6197
vn 0.0025 -0.7231 -0.6908
vn 0.0021 -0.7240 -0.6898
vn 0.0023 -0.7238 -0.6900
vn 0.0014 -0.6519 -0.7583
vn 0.0037 -0.5398 -0.8418
vn 0.0002 -0.5436 -0.8394
vn 0.0047 -0.5267 -0.8501
vn 0.0024 -0.5693 -0.8222
vn -0.0013 -0.6063 -0.7952
vn -0.0011 -0.6063 -0.7953
vn 0.0013 -0.6045 -0.7966
vn 0.6824 0.5538 -0.4771
vn 0.6773 0.5504 -0.4881
vn 0.6772 0.5511 -0.4875
vn -0.3139 0.8287 -0.4635
vn -0.3893 0.7852 -0.4816
vn -0.6619 0.6398 -0.3907
vn -0.6571 0.6287 -0.4159
vn -0.6578 0.6208 -0.4266
vn -0.6499 0.6204 -0.4390
vn -0.6506 0.6262 -0.4298
vn -0.6523 0.6346 -0.4145
vn -0.6528 0.5980 -0.4650
vn -0.6543 0.5933 -0.4690
vn -0.6542 0.5145 -0.5544
vn -0.6529 0.5362 -0.5349
vn -0.6502 0.5108 -0.5623
vn -0.6491 0.5390 -0.5368
vn -0.6508 0.4979 -0.5732
vn -0.6557 0.4565 -0.6014
vn -0.6684 0.3616 -0.6500
vn -0.6728 0.3133 -0.6702
vn -0.6749 0.3450 -0.6523
vn -0.6513 0.3476 -0.6745
vn -0.6522 0.3450 -0.6750
vn -0.6546 0.3414 -0.6745
vn -0.6767 0.2541 -0.6911
vn -0.6699 0.2405 -0.7024
vn -0.6715 0.2434 -0.6999
vn -0.6696 0.2375 -0.7037
vn -0.6845 0.2455 -0.6865
vn 0.3578 -0.6054 -0.7109
vn -0.1939 -0.2040 -0.9596
vn 0.3592 -0.6085 -0.7076
vn -0.3077 -0.2049 -0.9292
vn -0.3215 -0.2598 -0.9106
vn 0.3352 -0.6488 -0.6832
vn -0.6989 0.2738 -0.6607
vn -0.2367 -0.1777 -0.9552
vn 0.3266 -0.6565 -0.6800
vn 0.3440 -0.6450 -0.6824
vn 0.3325 -0.6517 -0.6817
vn 0.3329 -0.6513 -0.6819
vn 0.3578 -0.6159 -0.7019
vn 0.4400 -0.3681 -0.8191
vn 0.3938 -0.4858 -0.7804
vn 0.3653 -0.5981 -0.7133
vn 0.4232 -0.3105 -0.8512
vn 0.4475 -0.1079 -0.8877
vn 0.4513 -0.0836 -0.8885
vn 0.4607 0.0679 -0.8849
vn 0.4552 0.0288 -0.8899
vn 0.4263 0.2700 -0.8633
vn 0.3808 0.4412 -0.8126
vn 0.4143 0.2207 -0.8830
vn 0.3562 0.5929 -0.7222
vn 0.3586 0.5574 -0.7488
vn 0.3458 0.5944 -0.7260
vn 0.3378 0.6315 -0.6979
vn 0.3376 0.6236 -0.7051
vn 0.3404 0.6117 -0.7141
vn 0.3416 0.6163 -0.7095
vn 0.3338 0.6233 -0.7072
vn 0.3415 0.6164 -0.7095
vn 0.3464 0.6084 -0.7140
vn 0.3732 0.4352 -0.8194
vn 0.3811 0.5235 -0.7620
vn 0.3992 0.4077 -0.8212
vn 0.4246 0.2384 -0.8734
vn 0.4718 0.0208 -0.8814
vn 0.4223 -0.2640 -0.8671
vn 0.3883 -0.4806 -0.7863
vn 0.3547 -0.6015 -0.7158
vn 0.2780 -0.7205 -0.6353
vn 0.2852 -0.7055 -0.6488
vn 0.2839 -0.7044 -0.6506
vn 0.5877 -0.2101 -0.7813
vn 0.6800 0.3657 -0.6356
vn 0.6914 0.3650 -0.6235
vn 0.6888 0.3924 -0.6096
vn 0.6802 0.4600 -0.5707
vn 0.6783 0.4646 -0.5692
vn 0.6911 0.4431 -0.5710
vn 0.6927 0.4573 -0.5577
vn 0.6895 0.5177 -0.5064
vn 0.6892 0.5172 -0.5075
vn 0.6884 0.5167 -0.5091
vn 0.6805 0.5247 -0.5115
vn 0.3234 0.6734 -0.6648
vn 0.3511 0.6783 -0.6454
vn 0.6776 0.5382 -0.5012
vn 0.6775 0.5382 -0.5013
vn 0.6819 0.5415 -0.4917
vn 0.1368 0.8060 -0.5759
vn 0.1368 0.7991 -0.5854
vn 0.1370 0.7992 -0.5853
vn 0.1185 0.7819 -0.6120
vn -0.2080 0.7601 -0.6156
vn 0.0986 0.7220 -0.6848
vn 0.4236 0.5753 -0.6997
vn 0.5120 0.5220 -0.6821
vn 0.0994 0.5945 -0.7979
vn 0.4133 0.5826 -0.6999
vn 0.6914 0.4315 -0.5795
vn 0.6932 0.4136 -0.5902
vn 0.6937 0.4366 -0.5728
vn 0.6825 0.5249 -0.5086
vn 0.4431 0.6299 -0.6380
vn -0.0035 0.7662 -0.6426
vn 0.0031 0.5116 -0.8592
vn 0.0017 0.5112 -0.8595
vn 0.0071 0.4952 -0.8687
vn -0.0013 0.3559 -0.9345
vn 0.0023 0.3648 -0.9311
vn -0.0007 0.3551 -0.9348
vn -0.0040 0.4298 -0.9029
vn -0.0009 0.4886 -0.8725
vn 0.0132 0.4671 -0.8841
vn -0.0027 0.5003 -0.8658
vn -0.0014 0.5127 -0.8585
vn 0.0006 0.4958 -0.8684
vn 0.0025 0.5459 -0.8378
vn -0.0036 0.5458 -0.8379
vn 0.0026 0.5596 -0.8288
vn 0.0001 0.6423 -0.7664
vn 0.0014 0.7709 -0.6369
vn 0.0011 0.7708 -0.6370
vn 0.0014 0.7712 -0.6366
vn -0.0046 -0.8144 -0.5803
vn 0.0005 -0.6957 -0.7184
vn -0.0045 -0.7399 -0.6727
vn -0.0045 -0.6394 -0.7689
vn 0.0050 -0.5650 -0.8251
vn -0.0005 -0.6154 -0.7882
vn -0.0005 -0.6155 -0.7882
vn -0.0005 -0.6168 -0.7871
vn -0.0001 -0.5307 -0.8476
vn 0.0016 -0.5359 -0.8443
vn 0.0048 -0.5687 -0.8225
vn -0.0043 -0.6365 -0.7713
vn -0.0049 -0.5022 -0.8648
vn 0.0111 -0.5094 -0.8605
vn 0.0036 -0.4709 -0.8822
vn -0.0086 -0.4779 -0.8783
vn -0.0086 -0.4783 -0.8782
vn -0.0001 -0.4837 -0.8752
vn -0.0081 -0.4094 -0.9123
vn -0.0072 -0.4269 -0.9043
vn -0.0005 -0.4113 -0.9115
vn -0.0046 -0.4126 -0.9109
vn -0.0030 -0.4137 -0.9104
vn 0.0034 -0.2869 -0.9579
vn -0.0012 -0.1991 -0.9800
vn -0.0018 -0.1405 -0.9901
vn 0.0036 -0.1351 -0.9908
vn -0.0154 -0.0850 -0.9963
vn -0.0082 -0.0912 -0.9958
vn -0.0076 -0.0848 -0.9964
vn -0.0015 -0.0670 -0.9978
vn 0.0007 -0.0747 -0.9972
vn 0.0009 -0.0756 -0.9971
vn -0.0061 -0.0002 -1.0000
vn -0.0073 0.0045 -1.0000
vn 0.0046 -0.0009 -1.0000
vn -0.0088 0.0184 -0.9998
vn -0.0084 0.0179 -0.9998
vn -0.0214 0.0297 -0.9993
vn 0.0093 -0.0447 -0.9990
vn 0.0002 0.0202 -0.9998
vn -0.0070 0.4663 -0.8846
vn -0.0067 0.4663 -0.8846
vn -0.0068 0.4663 -0.8846
vn -0.0147 0.4891 -0.8721
vn -0.0118 0.4837 -0.8752
vn -0.0125 0.4837 -0.8751
vn -0.0063 0.4704 -0.8824
vn -0.0055 0.4701 -0.8826
vn 0.0025 0.4639 -0.8859
vn -0.4698 0.2526 -0.8459
vn -0.0002 0.3301 -0.9440
vn 0.0004 0.3303 -0.9439
vn -0.0014 0.3299 -0.9440
vn 0.0004 0.4114 -0.9115
vn -0.3702 0.4220 -0.8275
vn -0.0031 0.4108 -0.9117
vn 0.0171 0.0647 -0.9978
vn -0.0025 -0.1343 -0.9909
vn 0.0008 -0.1265 -0.9920
vn -0.0297 -0.1704 -0.9849
vn -0.4645 -0.2446 -0.8511
vn -0.2568 -0.3553 -0.8988
vn -0.0031 -0.4124 -0.9110
vn -0.0007 -0.2492 -0.9685
vn 0.0009 -0.2506 -0.9681
vn 0.0007 -0.2506 -0.9681
vn -0.5048 -0.1346 -0.8527
vn -0.0053 -0.0756 -0.9971
vn -0.3703 -0.0637 -0.9267
vn -0.0018 -0.0376 -0.9993
vn -0.4715 -0.0114 -0.8818
vn -0.0088 0.1756 -0.9844
vn -0.0085 0.1777 -0.9840
vn -0.0127 0.1821 -0.9832
vn -0.0017 0.1384 -0.9904
vn -0.0005 0.1527 -0.9883
vn 0.0024 0.1292 -0.9916
vn -0.0009 0.1207 -0.9927
vn 0.0081 0.2165 -0.9763
vn -0.4476 0.3665 -0.8157
vn -0.0061 -0.5371 -0.8435
vn -0.0015 -0.4791 -0.8777
vn -0.0017 -0.4791 -0.8778
vn 0.0036 -0.4710 -0.8821
vn -0.0004 -0.4119 -0.9112
vn -0.0013 -0.4190 -0.9080
vn -0.0018 -0.3882 -0.9216
vn -0.0008 -0.3447 -0.9387
vn -0.0016 -0.4783 -0.8782
vn -0.0009 -0.4784 -0.8782
vn 0.0053 -0.5368 -0.8437
vn -0.0017 0.7877 -0.6160
vn 0.0020 0.7640 -0.6452
vn 0.0062 0.7319 -0.6814
vn -0.0012 0.6709 -0.7416
vn 0.0022 0.6379 -0.7701
vn 0.0025 0.5820 -0.8132
vn -0.0051 0.7242 -0.6895
vn -0.0052 0.7243 -0.6895
vn -0.0082 0.7189 -0.6950
vn -0.0072 0.7184 -0.6956
vn -0.0071 0.7184 -0.6956
vn -0.0010 -0.8336 -0.5523
vn -0.0001 -0.7905 -0.6125
vn -0.0003 -0.7903 -0.6127
vn -0.0001 -0.7904 -0.6125
vn -0.0048 -0.7269 -0.6868
vn 0.0010 -0.7332 -0.6800
vn -0.0001 -0.7342 -0.6789
vn -0.0051 -0.7886 -0.6148
vn 0.0020 -0.6382 -0.7699
vn -0.0017 -0.5845 -0.8114
vn 0.0019 -0.5720 -0.8203
vn 0.0003 -0.5500 -0.8352
vn 0.0012 -0.5487 -0.8360
vn 0.0009 -0.5494 -0.8355
vn -0.0040 -0.3768 -0.9263
vn -0.0027 -0.3469 -0.9379
vn 0.0011 -0.4685 -0.8834
vn -0.0016 -0.4504 -0.8928
vn -0.0037 -0.4913 -0.8710
vn -0.0009 -0.5349 -0.8449
vn 0.0054 -0.5026 -0.8645
vn 0.0012 0.6845 -0.7290
vn -0.0004 0.5475 -0.8368
vn -0.0011 0.5467 -0.8373
vn -0.0010 0.5469 -0.8372
vn -0.0087 0.4138 -0.9103
vn -0.0055 0.4167 -0.9090
vn 0.0204 0.3946 -0.9186
vn -0.0017 0.4245 -0.9054
vn 0.0005 0.3544 -0.9351
vn -0.0015 0.3026 -0.9531
vn -0.0095 0.2201 -0.9754
vn 0.0067 0.1454 -0.9894
vn -0.0041 0.2517 -0.9678
vn -0.0045 0.7535 -0.6575
vn -0.0002 0.6064 -0.7952
vn -0.0005 0.6063 -0.7953
vn -0.0067 0.6014 -0.7989
vn -0.0043 0.5253 -0.8509
vn -0.0040 0.5546 -0.8321
vn -0.0004 0.5455 -0.8381
vn -0.0040 0.5462 -0.8376
vn -0.0065 0.5887 -0.8084
vn -0.0021 0.5948 -0.8039
vn -0.0053 0.6404 -0.7680
vn -0.0007 0.4739 -0.8806
vn -0.0009 0.4992 -0.8665
vn 0.0029 0.5142 -0.8576
vn -0.0010 0.5533 -0.8330
vn 0.0019 0.4739 -0.8806
vn 0.0106 0.4363 -0.8997
vn 0.0020 0.4346 -0.9006
vn -0.0016 0.3708 -0.9287
vn -0.0019 0.3650 -0.9310
vn -0.0052 0.3711 -0.9286
vn 0.0023 0.5495 -0.8355
vn 0.0020 0.5497 -0.8354
vn 0.0016 0.5499 -0.8352
vn 0.0036 0.4874 -0.8732
vn 0.0005 0.4335 -0.9011
vn -0.0026 0.4282 -0.9037
vn 0.0005 0.4329 -0.9014
vn 0.0018 0.3856 -0.9227
vn 0.0057 0.3605 -0.9327
vn -0.0034 0.3270 -0.9450
vn -0.0074 0.3051 -0.9523
vn -0.0068 0.2950 -0.9555
vn 0.0063 0.3012 -0.9535
vn -0.0006 0.2283 -0.9736
vn -0.0007 0.2354 -0.9719
vn 0.0035 0.1885 -0.9821
vn -0.0014 0.2188 -0.9758
vn -0.0009 0.1718 -0.9851
vn -0.0007 0.1731 -0.9849
vn 0.0026 0.2300 -0.9732
vn 0.0029 0.2250 -0.9744
vn -0.0000 0.2314 -0.9729
vn 0.0018 0.1729 -0.9849
vn 0.0107 0.3040 -0.9526
vn 0.0064 0.3745 -0.9272
vn -0.0013 0.3717 -0.9283
vn 0.0095 0.3673 -0.9300
vn -0.0076 0.4293 -0.9031
vn -0.0072 0.4287 -0.9034
vn -0.0079 0.4302 -0.9027
vn -0.0060 0.3779 -0.9258
vn -0.0084 0.3862 -0.9224
vn 0.0035 0.3892 -0.9212
vn -0.0035 0.3048 -0.9524
vn 0.0010 0.3045 -0.9525
vn -0.0003 0.3050 -0.9524
vn -0.0014 0.2213 -0.9752
vn -0.0009 0.2209 -0.9753
vn -0.0009 0.2207 -0.9753
vn 0.0013 0.6961 -0.7180
vn 0.0003 0.7238 -0.6900
vn 0.0003 0.7237 -0.6901
vn 0.0003 0.7245 -0.6892
vn -0.0231 0.6188 -0.7852
vn -0.0022 0.5919 -0.8060
vn -0.0021 0.5922 -0.8058
vn -0.0071 0.7781 -0.6281
vn -0.0059 0.7771 -0.6293
vn -0.0017 0.7835 -0.6214
vn -0.0033 0.7769 -0.6297
vn 0.0064 0.7784 -0.6278
vn 0.0121 0.7839 -0.6208
vn 0.0062 0.7784 -0.6278
vn -0.0009 0.6253 -0.7804
vn -0.0016 0.4482 -0.8940
vn -0.0078 0.4933 -0.8698
vn -0.0085 0.4774 -0.8786
vn -0.0028 0.4769 -0.8790
vn -0.0016 0.4691 -0.8832
vn -0.0006 0.5372 -0.8435
vn -0.0031 0.4693 -0.8830
vn -0.0008 0.5938 -0.8046
vn -0.4966 0.2233 -0.8388
vn -0.9999 -0.0026 0.0140
vn -0.2331 0.1477 -0.9612
vn -0.5214 0.2862 -0.8039
vn -0.9553 -0.2822 -0.0882
vn -0.0044 0.1768 -0.9842
vn 0.0039 0.1407 -0.9900
vn -0.0071 0.0807 -0.9967
vn -0.0064 0.0808 -0.9967
vn -0.0164 0.0658 -0.9977
vn -1.0000 -0.0010 0.0012
vn -0.9997 -0.0052 -0.0221
vn -0.9997 -0.0099 -0.0207
vn -0.0419 0.1581 -0.9865
vn -1.0000 0.0004 -0.0031
vn -0.9999 -0.0036 -0.0098
vn -0.0098 -0.0306 -0.9995
vn -0.0136 -0.0585 -0.9982
vn -0.0126 -0.0566 -0.9983
vn -0.0080 -0.0797 -0.9968
vn 0.0032 0.0638 -0.9980
vn -0.0079 0.0536 -0.9985
vn 0.0042 0.0632 -0.9980
vn 0.0045 0.0081 -1.0000
vn -0.0023 0.0222 -0.9998
vn 0.0013 0.0230 -0.9997
vn 0.0092 0.0744 -0.9972
vn 0.0039 0.0596 -0.9982
vn 0.0060 0.0746 -0.9972
vn -0.0023 0.0731 -0.9973
vn 0.0010 0.0802 -0.9968
vn 0.0020 0.0723 -0.9974
vn -0.0031 0.0158 -0.9999
vn -0.0033 0.0146 -0.9999
vn -0.0029 0.0165 -0.9999
vn -0.0003 0.0078 -1.0000
vn 0.0005 0.0077 -1.0000
vn 0.0007 0.0077 -1.0000
vn 0.0017 -0.0787 -0.9969
vn 0.0017 -0.0785 -0.9969
vn 0.0017 -0.0783 -0.9969
vn -0.0002 0.0167 -0.9999
vn -0.0012 0.0162 -0.9999
vn 0.0016 0.0170 -0.9999
vn -0.3628 -0.5593 -0.7454
vn 0.0055 -0.4768 -0.8790
vn 0.0037 -0.4768 -0.8790
vn 0.0075 -0.4619 -0.8869
vn -0.4742 -0.4386 -0.7634
vn -0.6740 -0.3002 -0.6750
vn -0.6726 -0.2738 -0.6875
vn -0.6901 -0.2973 -0.6598
vn -0.6660 -0.3133 -0.6770
vn -0.6832 -0.3131 -0.6598
vn -0.6802 -0.3197 -0.6597
vn -0.6352 -0.3631 -0.6817
vn -0.6752 -0.3556 -0.6463
vn -0.6820 -0.2482 -0.6879
vn -0.6905 -0.1948 -0.6966
vn 0.0069 -0.7178 -0.6962
vn -0.0003 -0.7281 -0.6855
vn 0.0020 -0.7283 -0.6852
vn -0.0007 -0.7356 -0.6774
vn -0.0064 -0.5568 -0.8306
vn 0.0020 -0.5683 -0.8228
vn -0.0053 -0.5584 -0.8295
vn 0.0019 -0.4826 -0.8758
vn -0.0043 -0.4817 -0.8763
vn -0.0009 -0.4722 -0.8815
vn 0.0001 -0.4873 -0.8733
vn 0.0078 -0.4835 -0.8753
vn 0.0065 -0.4894 -0.8721
vn 0.0042 -0.4158 -0.9095
vn 0.0075 -0.4214 -0.9068
vn 0.0038 -0.4219 -0.9066
vn 0.0017 -0.4136 -0.9105
vn 0.0020 -0.4129 -0.9108
vn 0.0083 -0.4165 -0.9091
vn -0.0033 -0.4870 -0.8734
vn -0.0032 -0.4859 -0.8740
vn -0.0039 -0.4839 -0.8751
vn -0.0058 -0.4841 -0.8750
vn -0.0083 -0.4851 -0.8744
vn -0.0078 -0.4851 -0.8744
vn 0.3465 -0.6030 -0.7186
vn 0.3468 -0.6033 -0.7182
vn 0.3471 -0.6035 -0.7179
vn -0.0018 -0.5888 -0.8083
vn 0.0017 -0.4822 -0.8760
vn 0.0001 -0.4389 -0.8985
vn 0.0002 -0.4390 -0.8985
vn 0.0001 -0.4387 -0.8986
vn 0.0008 -0.3647 -0.9311
vn -0.0094 -0.3741 -0.9273
vn 0.0009 -0.3647 -0.9311
vn 0.0009 -0.3695 -0.9292
vn 0.0011 -0.3699 -0.9291
vn 0.0010 -0.3698 -0.9291
vn -0.0014 -0.4424 -0.8968
vn 0.0015 -0.4463 -0.8949
vn 0.0081 -0.4242 -0.9055
vn -0.0014 -0.3670 -0.9302
vn 0.0006 -0.3694 -0.9293
vn -0.0010 -0.3681 -0.9298
vn 0.0022 -0.5293 -0.8484
vn -0.0033 -0.2966 -0.9550
vn -0.0013 -0.2428 -0.9701
vn 0.0034 -0.2489 -0.9685
vn -0.0027 -0.2057 -0.9786
vn -0.0042 -0.1740 -0.9847
vn -0.0011 -0.1642 -0.9864
vn -0.0009 -0.1283 -0.9917
vn 0.0021 -0.0658 -0.9978
vn -0.0058 -0.2073 -0.9783
vn -0.0041 0.0006 -1.0000
vn -0.2728 -0.2008 -0.9409
vn -1.0000 -0.0002 0.0011
vn -0.0498 -0.3676 -0.9286
vn -0.6649 -0.1392 -0.7339
vn -1.0000 -0.0003 -0.0016
vn -1.0000 -0.0002 -0.0002
vn -0.9999 -0.0062 -0.0113
vn -0.9737 -0.0991 -0.2049
vn -0.9720 -0.1006 -0.2124
vn -0.0012 -0.3731 -0.9278
vn 0.0003 -0.4270 -0.9043
vn -0.0002 -0.4263 -0.9046
vn 0.0001 -0.4268 -0.9043
vn -0.0006 -0.3895 -0.9210
vn -0.0086 -0.3971 -0.9178
vn -0.0056 -0.3741 -0.9274
vn -0.0202 -0.4779 -0.8782
vn -0.0145 -0.4867 -0.8734
vn 0.1531 -0.4495 -0.8800
vn -0.3308 -0.4140 -0.8480
vn -0.0107 -0.5098 -0.8602
vn 0.0016 -0.5537 -0.8327
vn 0.0016 -0.5529 -0.8333
vn 0.0016 -0.5528 -0.8333
vn 0.0008 -0.5521 -0.8337
vn 0.0005 -0.4892 -0.8722
vn 0.0008 -0.4888 -0.8724
vn 0.0011 -0.4885 -0.8726
vn 0.0072 -0.4903 -0.8715
vn -0.0058 -0.4860 -0.8739
vn 0.0061 -0.4909 -0.8712
vn -0.0013 -0.6448 -0.7644
vn 0.0089 -0.4293 -0.9031
vn -0.8608 0.3317 -0.3860
vn 0.6864 -0.5555 -0.4693
vn 0.6957 -0.5638 -0.4452
vn 0.0025 -0.5992 -0.8006
vn 0.0026 -0.5992 -0.8006
vn 0.0016 -0.5994 -0.8005
vn 0.0033 -0.4648 -0.8854
vn 0.0046 -0.4677 -0.8839
vn 0.0043 -0.4665 -0.8845
vn 0.0041 -0.0684 -0.9977
vn -0.0050 -0.0805 -0.9967
vn 0.0003 -0.0753 -0.9972
vn -0.0035 0.6022 -0.7983
vn 0.0027 -0.5502 -0.8350
vn 0.0046 -0.4821 -0.8761
vn 0.0026 -0.4911 -0.8711
vn 0.0033 -0.4817 -0.8764
vn -0.0002 -0.4239 -0.9057
vn -0.0053 -0.4081 -0.9129
vn -0.0013 -0.3936 -0.9193
vn 0.0042 -0.3701 -0.9290
vn 0.0033 -0.4834 -0.8754
vn 0.0042 -0.3527 -0.9357
vn -0.0003 -0.3521 -0.9360
vn 0.0112 -0.3362 -0.9417
vn -0.0056 -0.2751 -0.9614
vn -0.0073 -0.2908 -0.9567
vn -0.0017 -0.2086 -0.9780
vn -0.0020 -0.2104 -0.9776
vn 0.0016 -0.1314 -0.9913
vn -0.0015 0.0072 -1.0000
vn -0.0023 0.0067 -1.0000
vn -0.0018 0.0067 -1.0000
vn -0.0069 0.0824 -0.9966
vn 0.0006 0.0925 -0.9957
vn 0.0019 0.1308 -0.9914
vn 0.0069 0.1676 -0.9858
vn -0.0009 0.0126 -0.9999
vn -0.0009 0.0125 -0.9999
vn -0.0008 0.0126 -0.9999
vn 0.0009 -0.0937 -0.9956
vn -0.0012 -0.0881 -0.9961
vn -0.0060 -0.3733 -0.9277
vn 0.0008 -0.4000 -0.9165
vn 0.0032 -0.4881 -0.8728
vn 0.0039 -0.4881 -0.8728
vn -0.0002 -0.4837 -0.8752
vn -0.0028 -0.3440 -0.9390
vn -0.3980 0.7409 -0.5410
vn 0.1125 0.8240 -0.5554
vn 0.1125 0.8244 -0.5547
vn 0.1202 0.8231 -0.5551
vn 0.1137 0.8160 -0.5667
vn 0.1157 0.8142 -0.5689
vn 0.0923 0.6785 -0.7288
vn 0.0948 0.6702 -0.7361
vn 0.0946 0.6700 -0.7363
vn 0.1845 0.6792 -0.7104
vn 0.1861 0.6738 -0.7151
vn 0.1849 0.6800 -0.7095
vn 0.0689 0.6408 -0.7646
vn -0.2479 0.5834 -0.7734
vn -0.2384 0.6117 -0.7543
vn 0.1061 0.5782 -0.8090
vn 0.1193 0.5444 -0.8303
vn 0.1060 0.5184 -0.8485
vn 0.1172 0.5342 -0.8372
vn 0.5202 0.4529 -0.7240
vn 0.1085 0.5699 -0.8145
vn 0.1074 0.5708 -0.8141
vn 0.1077 0.5704 -0.8142
vn 0.1017 0.5651 -0.8187
vn 0.1018 0.5648 -0.8189
vn 0.1018 0.5650 -0.8188
vn 0.6695 0.4472 -0.5931
vn 0.6851 0.4222 -0.5937
vn 0.6846 0.4202 -0.5956
vn 0.5758 -0.2412 -0.7812
vn 0.6013 -0.2244 -0.7668
vn 0.4301 0.4267 -0.7956
vn 0.4403 -0.1626 -0.8830
vn 0.2731 -0.7343 -0.6215
vn 0.2839 -0.7091 -0.6455
vn 0.2978 -0.7286 -0.6168
vn 0.3168 -0.6826 -0.6586
vn 0.3034 -0.6745 -0.6730
vn 0.3057 -0.6742 -0.6723
vn 0.3062 -0.6739 -0.6724
vn 0.3046 -0.6748 -0.6722
vn 0.3127 -0.6930 -0.6496
vn 0.3078 -0.6904 -0.6547
vn 0.3144 -0.6880 -0.6541
vn 0.3388 -0.6546 -0.6758
vn 0.3155 -0.6870 -0.6546
vn 0.3580 -0.6079 -0.7087
vn 0.3520 -0.6238 -0.6979
vn 0.3769 -0.6087 -0.6982
vn 0.3644 -0.5671 -0.7387
vn 0.3502 -0.6094 -0.7113
vn 0.3499 -0.6105 -0.7105
vn 0.3500 -0.6101 -0.7108
vn 0.3421 -0.6585 -0.6703
vn 0.2057 -0.7526 -0.6255
vn 0.1684 -0.1686 -0.9712
vn 0.2691 -0.4010 -0.8757
vn 0.2958 -0.3153 -0.9017
vn 0.1014 0.5015 -0.8592
vn 0.1081 0.4966 -0.8612
vn 0.1086 0.4967 -0.8611
vn -0.0738 -0.3718 -0.9254
vn -0.2858 0.3819 -0.8789
vn -0.2404 -0.1807 -0.9537
vn -0.6987 0.3226 -0.6386
vn -0.6938 0.3192 -0.6456
vn -0.7021 0.3184 -0.6370
vn -0.2349 0.4708 -0.8504
vn -0.6693 0.3838 -0.6362
vn -0.6613 0.4109 -0.6275
vn -0.6490 0.6099 -0.4548
vn -0.6525 0.6034 -0.4585
vn -0.6498 0.6055 -0.4595
vn -0.6559 0.5679 -0.4972
vn -0.6614 0.5522 -0.5075
vn -0.6526 0.5172 -0.5537
vn -0.6604 0.5154 -0.5462
vn -0.6526 0.5170 -0.5538
vn -0.6430 0.5200 -0.5622
vn -0.6643 0.5178 -0.5391
vn -0.6548 0.5204 -0.5481
vn -0.6534 0.5957 -0.4672
vn -0.6539 0.5945 -0.4679
vn -0.6544 0.6015 -0.4582
vn -0.6601 0.6070 -0.4425
vn -0.6616 0.5820 -0.4727
vn -0.6577 0.5022 -0.5614
vn -0.6619 0.4970 -0.5612
vn -0.6603 0.5158 -0.5458
vn -0.6776 0.5070 -0.5328
vn -0.6702 0.5328 -0.5166
vn -0.6642 0.5311 -0.5261
vn -0.6629 0.5390 -0.5196
vn -0.6634 0.6062 -0.4388
vn -0.6617 0.5352 -0.5250
vn -0.6577 0.5283 -0.5370
vn -0.6605 0.5269 -0.5348
vn -0.6556 0.5295 -0.5383
vn -0.6574 0.5300 -0.5357
vn -0.6587 0.5207 -0.5431
vn 0.0056 0.5597 -0.8287
vn -0.0023 0.4666 -0.8845
vn -0.0013 0.5038 -0.8638
vn -0.0020 0.5630 -0.8265
vn -0.0065 0.4534 -0.8913
vn 0.0053 -0.5868 -0.8097
vn 0.0031 -0.5874 -0.8093
vn 0.0037 -0.5427 -0.8399
vn 0.0039 -0.5429 -0.8398
vn 0.0035 -0.5536 -0.8327
vn 0.0005 -0.5474 -0.8369
vn -0.6726 0.2951 -0.6786
vn -0.6921 0.1409 -0.7079
vn -0.7071 0.1954 -0.6796
vn -0.6821 0.2691 -0.6800
vn -0.6893 0.2813 -0.6677
vn -0.6894 0.2692 -0.6725
vn -0.1004 0.1826 -0.9780
vn -0.6554 0.2739 -0.7039
vn -0.6656 0.2097 -0.7163
vn -0.6853 0.1357 -0.7155
vn -0.6835 0.1523 -0.7139
vn -0.6839 0.1449 -0.7151
vn -0.6924 0.0936 -0.7154
vn -0.6924 0.1000 -0.7146
vn -0.6926 0.0940 -0.7152
vn 0.0161 0.1640 -0.9863
vn 0.0019 0.0678 -0.9977
vn 0.0045 0.0692 -0.9976
vn 0.0253 0.0485 -0.9985
vn -0.0007 -0.2207 -0.9753
vn -0.0012 -0.3134 -0.9496
vn -0.0046 -0.2190 -0.9757
vn 0.0016 -0.1297 -0.9916
vn -0.0055 -0.3113 -0.9503
vn -0.0057 -0.3704 -0.9289
vn -0.0092 -0.4168 -0.9090
vn -0.0071 -0.4155 -0.9096
vn 0.0019 -0.2063 -0.9785
vn 0.0035 -0.0866 -0.9962
vn 0.0044 -0.0888 -0.9960
vn 0.0040 -0.0802 -0.9968
vn -0.0037 -0.1744 -0.9847
vn 0.0107 -0.0486 -0.9988
vn -0.0006 -0.0187 -0.9998
vn -0.0017 0.0002 -1.0000
vn 0.0022 0.0813 -0.9967
vn -0.0037 0.0755 -0.9971
vn -0.0037 0.0754 -0.9971
vn 0.0008 0.0882 -0.9961
vn 0.0008 0.0881 -0.9961
vn -0.0043 0.0825 -0.9966
vn 0.0022 0.1361 -0.9907
vn -0.0021 0.0031 -1.0000
vn 0.0012 -0.1724 -0.9850
vn -0.0050 -0.2213 -0.9752
vn 0.0020 -0.4775 -0.8787
vn 0.0030 -0.4756 -0.8796
vn 0.0015 -0.4779 -0.8784
vn 0.0060 0.3531 -0.9356
vn -0.0004 0.1603 -0.9871
vn 0.0029 0.0798 -0.9968
vn 0.0007 0.0758 -0.9971
vn 0.0022 0.0776 -0.9970
vn -0.0013 0.0895 -0.9960
vn 0.0004 0.0902 -0.9959
vn -0.0004 0.0896 -0.9960
vn -0.0131 0.0376 -0.9992
vn 0.0039 0.0390 -0.9992
vn 0.0026 0.0072 -1.0000
vn 0.0027 0.0174 -0.9998
vn 0.0005 0.0197 -0.9998
vn 0.0018 0.0193 -0.9998
vn -0.0039 -0.0980 -0.9952
vn -0.0017 0.0911 -0.9958
vn -0.0001 0.1293 -0.9916
vn 0.0057 0.1952 -0.9808
vn 0.0009 0.0124 -0.9999
vn 0.0010 0.0122 -0.9999
vn 0.0016 0.0078 -1.0000
vn 0.0003 -0.0889 -0.9960
vn 0.0003 -0.0880 -0.9961
vn -0.0076 -0.0879 -0.9961
vn -0.0023 -0.0774 -0.9970
vn -0.0038 -0.0787 -0.9969
vn -0.0008 -0.0774 -0.9970
vn 0.0032 -0.0035 -1.0000
vn -0.0029 -0.0027 -1.0000
vn 0.0005 -0.0045 -1.0000
vn 0.0069 -0.0793 -0.9968
vn 0.0067 -0.0805 -0.9967
vn 0.0065 -0.0776 -0.9970
vn 0.0066 -0.0933 -0.9956
vn 0.0130 -0.0893 -0.9959
vn 0.0043 -0.0938 -0.9956
vn 0.0029 0.3659 -0.9306
vn 0.0017 0.3715 -0.9284
vn 0.0032 0.3688 -0.9295
vn -0.0005 0.3149 -0.9491
vn -0.0157 0.3087 -0.9510
vn -0.0003 0.2945 -0.9556
vn 0.0002 0.2139 -0.9769
vn -0.0067 0.2200 -0.9755
vn 0.0051 0.1600 -0.9871
vn -0.0109 0.2092 -0.9778
vn -0.0011 0.4110 -0.9116
vn -0.0054 0.4361 -0.8999
vn -0.0058 0.4312 -0.9022
vn -0.0079 0.4241 -0.9056
vn -0.0069 0.4247 -0.9053
vn -0.0085 0.3722 -0.9281
vn -0.0016 0.3754 -0.9268
vn -0.0037 0.4177 -0.9086
vn -0.0104 0.2811 -0.9596
vn 0.0018 0.2586 -0.9660
vn 0.0033 0.2572 -0.9663
vn 0.0012 0.2500 -0.9682
vn 0.0147 0.2614 -0.9651
vn 0.0034 0.2581 -0.9661
vn 0.0113 0.2578 -0.9661
vn 0.0064 0.2513 -0.9679
vn 0.0059 0.2510 -0.9680
vn 0.0007 -0.6030 -0.7977
vn 0.0012 -0.6026 -0.7981
vn 0.0013 -0.6025 -0.7981
vn -0.0071 -0.6031 -0.7976
vn 0.0007 -0.6053 -0.7960
vn -0.0071 -0.6032 -0.7976
vn -0.0009 -0.4142 -0.9102
vn -0.0009 -0.4143 -0.9102
vn -0.0007 -0.4126 -0.9109
vn 0.0258 -0.3866 -0.9219
vn 0.0005 -0.2622 -0.9650
vn -0.0023 -0.2629 -0.9648
vn 0.0003 -0.2796 -0.9601
vn 0.0059 -0.1678 -0.9858
vn 0.0040 -0.1711 -0.9852
vn 0.0029 -0.1717 -0.9852
vn -0.0038 -0.1679 -0.9858
vn -0.0027 -0.1713 -0.9852
vn 0.0083 -0.1156 -0.9933
vn 0.0016 -0.0814 -0.9967
vn 0.0046 -0.0671 -0.9977
vn 0.0030 -0.0763 -0.9971
vn -0.0006 -0.0738 -0.9973
vn -0.6844 0.3170 -0.6566
vn -0.0857 0.3594 -0.9292
vn -0.0048 0.3064 -0.9519
vn -0.7222 0.4157 -0.5528
vn -0.9997 -0.0125 -0.0219
vn -1.0000 -0.0045 -0.0083
vn -0.9999 0.0106 0.0028
vn -0.9997 0.0260 0.0031
vn -0.8145 0.3898 -0.4297
vn -0.0012 -0.6100 -0.7924
vn -0.0014 -0.6102 -0.7923
vn -0.0015 -0.6102 -0.7922
vn -0.0006 -0.6057 -0.7957
vn 0.0007 -0.6107 -0.7918
vn 0.0005 -0.6053 -0.7960
vn -0.0026 -0.5860 -0.8103
vn 0.0002 -0.5947 -0.8039
vn -0.0016 -0.5941 -0.8044
vn 0.0045 -0.5462 -0.8376
vn 0.0084 -0.4868 -0.8735
vn 0.0046 -0.4884 -0.8726
vn 0.0024 -0.4709 -0.8822
vn 0.0022 -0.4719 -0.8817
vn 0.0022 -0.4717 -0.8818
vn -0.0027 0.5529 -0.8332
vn 0.0124 0.5742 -0.8186
vn 0.0075 0.5359 -0.8443
vn -0.0044 0.4772 -0.8788
vn -0.0168 0.5510 -0.8344
vn -0.0108 0.1427 -0.9897
vn -0.0117 0.0840 -0.9964
vn 0.0051 -0.0144 -0.9999
vn 0.0072 0.0012 -1.0000
vn 0.0067 -0.0144 -0.9999
vn 0.0120 -0.0891 -0.9960
vn 0.0090 -0.0834 -0.9965
vn -0.0002 0.0074 -1.0000
vn -0.0011 0.0094 -1.0000
vn -0.0003 0.0075 -1.0000
vn -0.0008 0.0832 -0.9965
vn -0.0013 0.0840 -0.9965
vn -0.0016 0.0860 -0.9963
vn -0.0065 -0.0135 -0.9999
vn 0.0004 -0.0178 -0.9998
vn -0.0036 -0.0165 -0.9999
vn -0.0006 0.0817 -0.9967
vn 0.0004 0.0805 -0.9968
vn -0.0012 0.0835 -0.9965
vn -0.0040 0.2268 -0.9739
vn 0.0271 0.2015 -0.9791
vn -0.0034 0.2272 -0.9739
vn 0.0031 0.3965 -0.9180
vn -0.0013 0.3940 -0.9191
vn 0.0007 0.3941 -0.9191
vn 0.0028 0.4383 -0.8988
vn -0.0020 0.4388 -0.8986
vn -0.0007 0.4449 -0.8956
vn -0.0021 0.2598 -0.9657
vn 0.0002 0.2520 -0.9677
vn 0.0004 0.2448 -0.9696
vn -0.0005 0.2524 -0.9676
vn 0.0016 0.1814 -0.9834
vn 0.0030 0.1825 -0.9832
vn 0.0023 0.1816 -0.9834
vn -0.0029 0.5865 -0.8100
vn 0.0008 0.5502 -0.8350
vn -0.0019 0.5445 -0.8388
vn 0.0007 0.5590 -0.8292
vn -0.0029 0.4038 -0.9148
vn 0.0048 0.3461 -0.9382
vn 0.0045 0.3443 -0.9388
vn -0.0028 0.3457 -0.9384
vn 0.0012 0.2667 -0.9638
vn 0.0004 0.2659 -0.9640
vn 0.0005 0.2659 -0.9640
vn -0.0023 0.1917 -0.9814
vn 0.0053 0.2568 -0.9664
vn 0.0013 0.2700 -0.9628
vn 0.0016 0.2639 -0.9646
vn 0.0002 0.2636 -0.9646
vn -0.0029 0.2605 -0.9655
vn 0.0007 0.1876 -0.9822
vn 0.0028 0.1875 -0.9823
vn 0.0049 0.1857 -0.9826
vn -0.0016 0.1055 -0.9944
vn -0.0044 0.0992 -0.9951
vn -0.0010 0.0088 -1.0000
vn 0.0009 0.0240 -0.9997
vn 0.0093 0.0299 -0.9995
vn 0.0001 0.0911 -0.9958
vn -0.0005 0.0882 -0.9961
vn 0.0013 0.1814 -0.9834
vn 0.0004 0.1801 -0.9836
vn 0.0015 0.1816 -0.9834
vn 0.0037 0.0083 -1.0000
vn 0.0042 0.0081 -1.0000
vn -0.0039 -0.1792 -0.9838
vn -0.0004 -0.1860 -0.9826
vn -0.0024 -0.0878 -0.9961
vn -0.0016 -0.0886 -0.9961
vn -0.0032 -0.0855 -0.9963
vn 0.0002 -0.0819 -0.9966
vn -0.0015 -0.0840 -0.9965
vn 0.0022 -0.0814 -0.9967
vn -0.0028 -0.1752 -0.9845
vn 0.0017 -0.2542 -0.9672
vn 0.0015 -0.2538 -0.9673
vn 0.0018 -0.2544 -0.9671
vn -0.0010 0.5759 -0.8175
vn -0.0009 0.5758 -0.8176
vn -0.0014 0.5761 -0.8174
vn -0.0063 -0.4287 -0.9034
vn -0.0006 -0.4144 -0.9101
vn -0.0006 -0.4141 -0.9102
vn 0.0006 -0.0700 -0.9975
vn -0.0000 -0.0701 -0.9975
vn -0.0006 -0.0766 -0.9971
vn 0.3416 0.6005 -0.7230
vn 0.3479 0.6175 -0.7054
vn 0.3313 0.6419 -0.6915
vn 0.3157 0.6543 -0.6872
vn 0.3091 0.6568 -0.6878
vn 0.2806 0.7110 -0.6448
vn 0.5522 0.3234 -0.7684
vn 0.2223 0.7716 -0.5960
vn 0.0987 0.8417 -0.5308
vn 0.6692 -0.2532 -0.6986
vn 0.6505 -0.3246 -0.6866
vn 0.6641 -0.3307 -0.6705
vn 0.6655 -0.3130 -0.6776
vn 0.6645 -0.3831 -0.6416
vn 0.6734 -0.3910 -0.6274
vn 0.6791 -0.4327 -0.5930
vn 0.6711 -0.4349 -0.6005
vn 0.6733 -0.4428 -0.5921
vn 0.5013 0.2092 -0.8396
vn 0.5488 0.3279 -0.7690
vn 0.6759 -0.3731 -0.6356
vn 0.2196 0.7834 -0.5814
vn 0.2554 0.7413 -0.6206
vn 0.6043 -0.0727 -0.7934
vn 0.4379 0.1741 -0.8820
vn 0.2420 0.7716 -0.5883
vn 0.2295 0.7761 -0.5873
vn 0.2540 0.7652 -0.5916
vn 0.3630 0.5970 -0.7154
vn 0.3195 0.6471 -0.6923
vn 0.2954 0.6512 -0.6991
vn 0.2900 0.6586 -0.6944
vn 0.2875 0.6589 -0.6952
vn 0.2910 0.6851 -0.6677
vn 0.3175 0.6471 -0.6931
vn 0.3263 0.6341 -0.7011
vn 0.3229 0.6382 -0.6989
vn 0.3230 0.6379 -0.6991
vn 0.3358 0.6311 -0.6993
vn 0.3544 0.5611 -0.7480
vn -0.6944 -0.1248 -0.7087
vn -0.6882 -0.1713 -0.7051
vn -0.6958 -0.0541 -0.7162
vn 0.0009 0.5495 -0.8355
vn -0.0060 0.5196 -0.8544
vn 0.0025 0.5134 -0.8582
vn 0.0026 0.5135 -0.8581
vn 0.0026 0.4985 -0.8669
vn 0.0026 0.4976 -0.8674
vn 0.0023 0.4964 -0.8681
vn 0.0024 -0.5344 -0.8453
vn 0.0003 -0.4719 -0.8816
vn -0.0041 -0.4733 -0.8809
vn 0.0009 -0.4715 -0.8818
vn -0.0012 -0.2563 -0.9666
vn 0.0024 -0.2578 -0.9662
vn 0.0029 -0.2559 -0.9667
vn -0.0049 -0.2597 -0.9657
vn -0.0017 -0.0868 -0.9962
vn -0.0016 -0.0869 -0.9962
vn -0.0015 -0.0879 -0.9961
vn 0.0017 0.0853 -0.9964
vn -0.0004 0.0850 -0.9964
vn -0.0014 0.0853 -0.9964
vn 0.0041 0.0070 -1.0000
vn 0.0029 0.0087 -1.0000
vn 0.0232 0.0213 -0.9995
vn 0.0005 0.1837 -0.9830
vn 0.0011 0.1846 -0.9828
vn -0.0002 0.1835 -0.9830
vn 0.0018 -0.4786 -0.8781
vn 0.0001 0.4201 -0.9075
vn -0.0020 0.4275 -0.9040
vn 0.0018 0.4226 -0.9063
vn 0.0014 0.3586 -0.9335
vn -0.0064 0.3589 -0.9334
vn 0.0002 0.3556 -0.9346
vn 0.0033 0.4033 -0.9151
vn 0.0107 0.4138 -0.9103
vn 0.0051 0.4200 -0.9075
vn 0.0107 0.4154 -0.9096
vn -0.0013 0.2980 -0.9546
vn 0.0034 0.0904 -0.9959
vn -0.0062 0.0325 -0.9995
vn -0.0009 0.0100 -0.9999
vn -0.0048 0.0328 -0.9995
vn -0.0018 0.0052 -1.0000
vn -0.0009 0.0366 -0.9993
vn -0.0037 -0.0857 -0.9963
vn -0.0032 -0.0868 -0.9962
vn -0.0028 -0.0872 -0.9962
vn 0.0007 -0.0881 -0.9961
vn -0.0002 -0.0881 -0.9961
vn -0.0012 -0.0890 -0.9960
vn 0.0037 0.4258 -0.9048
vn 0.0023 -0.4261 -0.9047
vn 0.0017 -0.4094 -0.9123
vn 0.0048 -0.4245 -0.9054
vn -0.0005 -0.4643 -0.8857
vn 0.0096 -0.3424 -0.9395
vn 0.0075 -0.3450 -0.9386
vn 0.0035 -0.3374 -0.9414
vn 0.0086 -0.2557 -0.9667
vn 0.0074 -0.2490 -0.9685
vn 0.0063 -0.2483 -0.9687
vn -0.0013 -0.2671 -0.9637
vn -0.0006 -0.2674 -0.9636
vn -0.0034 -0.2650 -0.9642
vn -0.0027 -0.0865 -0.9962
vn -0.0047 -0.0782 -0.9969
vn -0.0001 -0.0852 -0.9964
vn -0.0065 -0.4824 -0.8759
vn -0.0010 -0.4811 -0.8767
vn 0.0017 -0.4807 -0.8769
vn 0.0048 -0.4198 -0.9076
vn 0.0028 -0.4213 -0.9069
vn 0.0023 -0.4107 -0.9118
vn -0.0043 -0.4970 -0.8677
vn -0.0006 -0.4577 -0.8891
vn 0.0016 -0.4579 -0.8890
vn -0.0009 -0.4732 -0.8809
vn 0.0085 -0.3632 -0.9317
vn -0.0002 -0.3376 -0.9413
vn 0.0012 -0.2581 -0.9661
vn 0.0009 -0.2591 -0.9658
vn -0.0046 -0.2525 -0.9676
vn 0.0252 -0.2581 -0.9658
vn 0.0014 -0.3222 -0.9467
vn -0.0002 -0.3225 -0.9466
vn 0.0006 -0.3222 -0.9467
vn 0.0013 0.0040 -1.0000
vn -0.0003 0.0042 -1.0000
vn -0.0018 0.0027 -1.0000
vn 0.0010 0.0042 -1.0000
vn 0.0015 0.0041 -1.0000
vn -0.0017 0.0063 -1.0000
vn 0.0016 0.0606 -0.9982
vn 0.0037 0.0663 -0.9978
vn -0.0077 0.0680 -0.9977
vn 0.4224 0.2883 -0.8593
vn 0.4293 0.2180 -0.8765
vn 0.4515 -0.1073 -0.8858
vn 0.4417 -0.2912 -0.8486
vn 0.4253 -0.2688 -0.8642
vn 0.4041 -0.4551 -0.7934
vn 0.3566 -0.6018 -0.7146
vn 0.3614 -0.6025 -0.7116
vn 0.3616 -0.6024 -0.7116
vn 0.3574 -0.6066 -0.7102
vn -0.6948 0.0098 -0.7192
vn -0.6850 -0.0039 -0.7285
vn -0.6953 0.0337 -0.7179
vn -0.6897 0.0969 -0.7176
vn -0.6809 0.1178 -0.7228
vn -0.6923 0.1399 -0.7079
vn -0.6819 0.1194 -0.7216
vn -0.6819 0.1379 -0.7183
vn -0.6788 0.1355 -0.7217
vn -0.6749 0.1439 -0.7237
vn -0.6797 0.1350 -0.7209
vn -0.6941 0.0996 -0.7130
vn -0.6936 0.1011 -0.7132
vn -0.6941 0.0969 -0.7133
vn -0.7023 0.0651 -0.7089
vn -0.4456 -0.1249 -0.8865
vn -0.6993 -0.0617 -0.7121
vn -0.1153 -0.2007 -0.9728
vn -0.1761 -0.2243 -0.9585
vn 0.5144 -0.2877 -0.8079
vn 0.4055 -0.0053 -0.9141
vn 0.4878 0.2373 -0.8401
vn 0.3955 0.4610 -0.7944
vn 0.3973 0.5006 -0.7691
vn 0.3523 0.5956 -0.7219
vn 0.3529 0.5942 -0.7227
vn 0.3531 0.5922 -0.7243
vn 0.3433 0.5853 -0.7345
vn 0.3521 0.5779 -0.7362
vn 0.3431 0.5843 -0.7354
vn 0.3687 0.5984 -0.7113
vn 0.3319 0.6133 -0.7167
vn 0.3655 0.6177 -0.6963
vn 0.3306 0.6244 -0.7077
vn 0.3332 0.6358 -0.6963
vn 0.0032 0.4488 -0.8936
vn 0.0021 0.4501 -0.8930
vn 0.0028 0.4496 -0.8932
vn -0.0003 -0.4107 -0.9118
vn -0.0003 -0.4108 -0.9117
vn 0.0008 -0.4174 -0.9087
vn 0.0014 -0.4210 -0.9071
vn -0.0005 -0.4215 -0.9068
vn 0.0008 -0.4146 -0.9100
vn -0.0020 -0.4116 -0.9113
vn 0.0041 -0.3836 -0.9235
vn -0.0041 -0.4656 -0.8850
vn -0.2222 0.3726 -0.9010
vn -0.2653 0.2838 -0.9215
vn 0.3436 0.6290 -0.6973
vn 0.3392 0.6247 -0.7033
vn 0.3388 0.6262 -0.7022
vn 0.3695 0.5846 -0.7223
vn -0.2982 0.2488 -0.9215
vn 0.3745 0.5837 -0.7205
vn 0.3906 0.6169 -0.6833
vn 0.3801 0.6205 -0.6859
vn 0.3812 0.5923 -0.7099
vn -0.5206 0.0167 -0.8536
vn 0.0002 0.4296 -0.9030
vn 0.0005 0.4399 -0.8980
vn -0.0037 0.4244 -0.9054
vn -0.0004 0.4395 -0.8982
vn 0.0018 0.3427 -0.9395
vn 0.0029 0.3414 -0.9399
vn 0.0033 0.3404 -0.9403
vn -0.0075 0.4296 -0.9030
vn -0.0080 0.4264 -0.9045
vn -0.0069 0.4308 -0.9024
vn -0.0061 0.3727 -0.9279
vn -0.0062 0.3746 -0.9272
vn -0.0099 0.3819 -0.9242
vn 0.0042 0.3239 -0.9461
vn 0.0044 0.3220 -0.9467
vn 0.0005 0.3148 -0.9491
vn 0.0001 0.3693 -0.9293
vn 0.0013 0.3762 -0.9265
vn 0.0016 0.3700 -0.9290
vn -0.0024 0.2471 -0.9690
vn -0.0017 0.3033 -0.9529
vn 0.0008 0.3037 -0.9528
vn 0.0001 0.3038 -0.9528
vn 0.0019 -0.2549 -0.9670
vn 0.0009 -0.2536 -0.9673
vn 0.0017 -0.2541 -0.9672
vn 0.0014 -0.2619 -0.9651
vn -0.0012 -0.2637 -0.9646
vn -0.0001 -0.2624 -0.9650
vn -0.0009 -0.2623 -0.9650
vn 0.0201 -0.2597 -0.9655
vn -0.0201 -0.2633 -0.9645
vn -0.0004 -0.2597 -0.9657
vn -0.0009 -0.2598 -0.9657
vn -0.0010 -0.2598 -0.9657
vn 0.0002 -0.1958 -0.9806
vn -0.0018 -0.2275 -0.9738
vn -0.0018 -0.2263 -0.9741
vn 0.0013 -0.2684 -0.9633
vn 0.0014 -0.2683 -0.9633
vn 0.0014 -0.2679 -0.9634
vn 0.0052 0.3896 -0.9210
vn -0.0041 0.1940 -0.9810
vn -0.0030 0.1328 -0.9911
vn -0.0003 0.1015 -0.9948
vn 0.0216 0.0137 -0.9997
vn -0.0010 0.0199 -0.9998
vn -0.0010 0.0201 -0.9998
vn -0.0008 -0.0852 -0.9964
vn -0.0002 -0.0854 -0.9963
vn -0.0035 -0.0784 -0.9969
vn 0.0006 0.0128 -0.9999
vn 0.0003 -0.2504 -0.9682
vn -0.0013 -0.2507 -0.9681
vn 0.0007 -0.2504 -0.9682
vn -0.0022 -0.0743 -0.9972
vn -0.0027 -0.0768 -0.9970
vn -0.0027 -0.0764 -0.9971
vn -0.0026 0.2289 -0.9735
vn -0.0047 0.2294 -0.9733
vn -0.0012 0.2539 -0.9672
vn 0.0007 0.2626 -0.9649
vn 0.0034 0.2619 -0.9651
vn 0.0021 0.2549 -0.9670
vn -0.6935 -0.1060 -0.7126
vn -0.4976 0.0490 -0.8660
vn -0.2017 0.2733 -0.9406
vn 0.2817 0.2145 -0.9352
vn 0.0012 0.0045 -1.0000
vn -0.0054 0.0188 -0.9998
vn 0.0024 0.0200 -0.9998
vn 0.0003 0.0198 -0.9998
vn -0.0021 0.0116 -0.9999
vn -0.0016 0.0188 -0.9998
vn 0.0013 -0.1811 -0.9835
vn 0.0034 -0.1796 -0.9837
vn 0.0024 -0.1809 -0.9835
vn -0.0004 -0.0744 -0.9972
vn -0.0013 -0.0765 -0.9971
vn -0.0006 -0.0746 -0.9972
vn 0.0014 -0.0762 -0.9971
vn -0.0000 -0.0746 -0.9972
vn 0.0006 -0.0757 -0.9971
vn -0.0050 -0.0880 -0.9961
vn -0.0028 -0.0859 -0.9963
vn -0.0032 -0.0861 -0.9963
vn -0.0078 -0.0802 -0.9968
vn -0.0079 -0.0808 -0.9967
vn -0.0073 -0.0791 -0.9968
vn 0.0046 0.0052 -1.0000
vn 0.0039 0.0038 -1.0000
vn 0.0029 0.0028 -1.0000
vn -0.6551 0.4593 -0.5999
vn -0.6705 0.4663 -0.5771
vn -0.6706 0.4660 -0.5771
vn -0.6705 0.4662 -0.5771
vn -0.6619 0.4317 -0.6128
vn -0.6630 0.4368 -0.6080
vn -0.6630 0.4363 -0.6084
vn -0.6702 0.4072 -0.6205
vn -0.6626 0.4462 -0.6015
vn -0.6540 0.4431 -0.6132
vn -0.6696 0.4423 -0.5966
vn -0.6695 0.4434 -0.5959
vn -0.6778 0.4382 -0.5904
vn -0.6786 0.4188 -0.6035
vn -0.6782 0.4194 -0.6035
vn -0.6715 0.4173 -0.6124
vn -0.6754 0.3857 -0.6286
vn -0.6722 0.3725 -0.6398
vn -0.6750 0.3860 -0.6288
vn -0.6830 0.4091 -0.6051
vn 0.2434 0.7641 -0.5974
vt 0.674372 0.838521
vt 0.680248 0.834004
vt 0.682199 0.835095
vt 0.677643 0.830013
vt 0.686200 0.825051
vt 0.679755 0.841298
vt 0.689354 0.841062
vt 0.667613 0.841630
vt 0.672172 0.848470
vt 0.676461 0.849446
vt 0.671368 0.838831
vt 0.666216 0.848277
vt 0.654214 0.836259
vt 0.659148 0.842721
vt 0.660127 0.844628
vt 0.662631 0.845999
vt 0.688803 0.833509
vt 0.691491 0.828434
vt 0.694502 0.832526
vt 0.701084 0.823879
vt 0.676199 0.826926
vt 0.674174 0.823720
vt 0.669609 0.815310
vt 0.671708 0.818691
vt 0.655277 0.824303
vt 0.685001 0.811730
vt 0.686594 0.817682
vt 0.697847 0.820412
vt 0.693190 0.816723
vt 0.699187 0.831424
vt 0.704713 0.830660
vt 0.705034 0.814677
vt 0.710033 0.820236
vt 0.709274 0.829827
vt 0.713449 0.829547
vt 0.718948 0.817659
vt 0.719510 0.828782
vt 0.714512 0.830039
vt 0.728271 0.819402
vt 0.719349 0.812381
vt 0.712706 0.807912
vt 0.724318 0.828415
vt 0.718548 0.832039
vt 0.716387 0.840198
vt 0.727580 0.828023
vt 0.720456 0.838928
vt 0.723533 0.836891
vt 0.727121 0.833503
vt 0.730219 0.828653
vt 0.729022 0.834921
vt 0.723948 0.839177
vt 0.728287 0.839318
vt 0.730150 0.835254
vt 0.733381 0.832516
vt 0.731395 0.837852
vt 0.728084 0.842730
vt 0.732561 0.838385
vt 0.731162 0.841572
vt 0.735314 0.840124
vt 0.737913 0.838073
vt 0.736407 0.834713
vt 0.735366 0.832703
vt 0.732729 0.829879
vt 0.732045 0.828303
vt 0.740183 0.826371
vt 0.735892 0.821518
vt 0.741648 0.838356
vt 0.745685 0.827977
vt 0.751355 0.817942
vt 0.745879 0.815956
vt 0.743709 0.810320
vt 0.737099 0.810319
vt 0.732573 0.807659
vt 0.743572 0.795311
vt 0.733467 0.799868
vt 0.726534 0.802703
vt 0.721126 0.801659
vt 0.705959 0.806154
vt 0.716753 0.798258
vt 0.731808 0.792992
vt 0.747601 0.800393
vt 0.739204 0.790828
vt 0.722448 0.791721
vt 0.709934 0.795691
vt 0.698610 0.805747
vt 0.718974 0.787998
vt 0.725054 0.781715
vt 0.730011 0.786890
vt 0.735954 0.786344
vt 0.749518 0.789635
vt 0.755297 0.793776
vt 0.751138 0.803907
vt 0.755888 0.808521
vt 0.758338 0.821277
vt 0.753597 0.828993
vt 0.749145 0.838293
vt 0.754447 0.834855
vt 0.759527 0.834844
vt 0.756104 0.837891
vt 0.767522 0.835343
vt 0.766464 0.827965
vt 0.771107 0.828756
vt 0.774932 0.831857
vt 0.781565 0.830189
vt 0.776739 0.834485
vt 0.785441 0.832693
vt 0.785924 0.835726
vt 0.789937 0.835982
vt 0.794343 0.838793
vt 0.794581 0.830193
vt 0.801713 0.829913
vt 0.793275 0.824896
vt 0.778094 0.827549
vt 0.773067 0.823616
vt 0.790105 0.814615
vt 0.792130 0.819139
vt 0.785869 0.812444
vt 0.810317 0.812406
vt 0.813929 0.815726
vt 0.804467 0.823377
vt 0.814050 0.821262
vt 0.823009 0.816361
vt 0.829764 0.816581
vt 0.821381 0.825635
vt 0.810190 0.829571
vt 0.798095 0.839298
vt 0.802411 0.840598
vt 0.825294 0.829343
vt 0.815399 0.842847
vt 0.808235 0.843487
vt 0.818817 0.848464
vt 0.818178 0.844730
vt 0.825826 0.842929
vt 0.822893 0.849795
vt 0.830869 0.844457
vt 0.823574 0.851475
vt 0.842967 0.829551
vt 0.837433 0.839076
vt 0.835690 0.830690
vt 0.830920 0.830104
vt 0.832140 0.819921
vt 0.835301 0.822828
vt 0.838578 0.825347
vt 0.847773 0.832826
vt 0.838224 0.822122
vt 0.834097 0.818021
vt 0.823526 0.811380
vt 0.822668 0.807261
vt 0.817904 0.806509
vt 0.813787 0.801466
vt 0.912913 0.810496
vt 0.907739 0.811517
vt 0.912753 0.806107
vt 0.904103 0.809999
vt 0.903739 0.813349
vt 0.899160 0.817822
vt 0.889921 0.809117
vt 0.886738 0.818540
vt 0.912513 0.820838
vt 0.897964 0.820910
vt 0.922964 0.821966
vt 0.931197 0.812471
vt 0.922484 0.805967
vt 0.903177 0.798348
vt 0.893988 0.822249
vt 0.885018 0.800367
vt 0.892215 0.788752
vt 0.931034 0.794507
vt 0.902818 0.790572
vt 0.901482 0.781257
vt 0.930840 0.789214
vt 0.921119 0.777829
vt 0.900598 0.775983
vt 0.929119 0.770365
vt 0.900177 0.767817
vt 0.928568 0.761416
vt 0.930672 0.781736
vt 0.938814 0.777434
vt 0.940650 0.787114
vt 0.946073 0.765393
vt 0.954224 0.774010
vt 0.952155 0.782620
vt 0.935851 0.755373
vt 0.756164 0.321020
vt 0.758707 0.319489
vt 0.758803 0.322351
vt 0.762894 0.317513
vt 0.775420 0.329996
vt 0.769046 0.324549
vt 0.784156 0.328368
vt 0.770295 0.313920
vt 0.765964 0.315700
vt 0.758647 0.315381
vt 0.752852 0.308509
vt 0.763876 0.299182
vt 0.752098 0.303164
vt 0.766315 0.313768
vt 0.774664 0.301207
vt 0.771846 0.310211
vt 0.773781 0.311399
vt 0.784051 0.318293
vt 0.790877 0.333980
vt 0.803450 0.320887
vt 0.799063 0.335029
vt 0.796930 0.317877
vt 0.793162 0.308729
vt 0.779065 0.308931
vt 0.787887 0.303873
vt 0.794832 0.300195
vt 0.830192 0.349790
vt 0.825245 0.346755
vt 0.836058 0.335145
vt 0.827109 0.335769
vt 0.840283 0.340054
vt 0.818434 0.344638
vt 0.819553 0.333513
vt 0.810665 0.341661
vt 0.805922 0.336770
vt 0.815534 0.323993
vt 0.847785 0.330861
vt 0.850491 0.318788
vt 0.836678 0.325124
vt 0.854625 0.323776
vt 0.850979 0.307087
vt 0.835444 0.318871
vt 0.812949 0.309933
vt 0.813240 0.299968
vt 0.799218 0.297775
vt 0.807059 0.293250
vt 0.818428 0.314995
vt 0.846279 0.302934
vt 0.862444 0.304103
vt 0.867767 0.314340
vt 0.858116 0.296179
vt 0.849860 0.292417
vt 0.868071 0.283406
vt 0.861029 0.279056
vt 0.871088 0.290042
vt 0.871599 0.296735
vt 0.843490 0.288924
vt 0.831630 0.311794
vt 0.834947 0.278798
vt 0.849557 0.278217
vt 0.839107 0.277243
vt 0.857377 0.272269
vt 0.849446 0.272239
vt 0.857136 0.266148
vt 0.861314 0.264125
vt 0.855842 0.266314
vt 0.861621 0.263389
vt 0.868081 0.260208
vt 0.873346 0.256773
vt 0.877682 0.266315
vt 0.882756 0.272868
vt 0.886559 0.276780
vt 0.888337 0.285930
vt 0.887260 0.285019
vt 0.890833 0.281026
vt 0.930069 0.803261
vt 0.932110 0.800642
vt 0.934526 0.802025
vt 0.941296 0.801646
vt 0.947281 0.800783
vt 0.943474 0.800117
vt 0.947758 0.812402
vt 0.958659 0.799381
vt 0.966978 0.802508
vt 0.962127 0.789889
vt 0.963949 0.779620
vt 0.977270 0.783362
vt 0.974847 0.796889
vt 0.967796 0.798028
vt 0.979045 0.796576
vt 0.981120 0.798651
vt 0.965652 0.810596
vt 0.984839 0.794701
vt 0.986035 0.803646
vt 0.972382 0.811604
vt 0.968097 0.819376
vt 0.990995 0.794387
vt 0.993430 0.788733
vt 0.988256 0.779444
vt 0.973359 0.773891
vt 0.965702 0.764595
vt 0.948268 0.755598
vt 0.928014 0.753923
vt 0.934068 0.743721
vt 0.926804 0.740844
vt 0.926462 0.734136
vt 0.941073 0.735227
vt 0.933443 0.727652
vt 0.949446 0.741739
vt 0.954110 0.748472
vt 0.964323 0.757724
vt 0.984286 0.767346
vt 0.978421 0.758090
vt 0.996108 0.768858
vt 0.994363 0.776157
vt 0.966225 0.747717
vt 0.977787 0.748097
vt 0.971807 0.737717
vt 0.957896 0.735302
vt 0.995695 0.761208
vt 0.991316 0.751445
vt 0.969024 0.727779
vt 0.980896 0.731079
vt 0.986717 0.740868
vt 0.994503 0.742362
vt 0.990116 0.732687
vt 0.997889 0.732582
vt 0.996623 0.724351
vt 0.998047 0.727662
vt 0.985598 0.720202
vt 0.991688 0.721680
vt 0.978100 0.719809
vt 0.978855 0.718165
vt 0.959172 0.712201
vt 0.971483 0.715609
vt 0.963100 0.713252
vt 0.953448 0.721960
vt 0.947390 0.726573
vt 0.925486 0.727037
vt 0.933095 0.718308
vt 0.923365 0.714447
vt 0.954150 0.710860
vt 0.960270 0.709526
vt 0.946513 0.703123
vt 0.945107 0.697224
vt 0.971554 0.710152
vt 0.929785 0.686718
vt 0.944889 0.683398
vt 0.961082 0.693378
vt 0.955820 0.685626
vt 0.945643 0.708343
vt 0.926174 0.692909
vt 0.926829 0.698178
vt 0.937617 0.706478
vt 0.942795 0.709093
vt 0.930005 0.705192
vt 0.924630 0.704011
vt 0.923158 0.708534
vt 0.920381 0.702912
vt 0.909873 0.693397
vt 0.911516 0.700784
vt 0.910227 0.714172
vt 0.655783 0.842943
vt 0.650638 0.839776
vt 0.642675 0.830996
vt 0.649094 0.827829
vt 0.634737 0.831346
vt 0.634467 0.827297
vt 0.626384 0.810356
vt 0.616334 0.813462
vt 0.625869 0.805071
vt 0.610820 0.806750
vt 0.600095 0.779774
vt 0.608064 0.794917
vt 0.599609 0.790771
vt 0.597202 0.773927
vt 0.593610 0.774002
vt 0.595354 0.767225
vt 0.595701 0.756662
vt 0.605277 0.756155
vt 0.607205 0.744919
vt 0.595822 0.746801
vt 0.601087 0.741857
vt 0.606492 0.731462
vt 0.600530 0.739662
vt 0.597900 0.735840
vt 0.603784 0.727153
vt 0.613552 0.726516
vt 0.602051 0.725586
vt 0.608295 0.722356
vt 0.613060 0.713791
vt 0.606698 0.715842
vt 0.606472 0.710969
vt 0.605705 0.709142
vt 0.617250 0.707621
vt 0.617946 0.709919
vt 0.615768 0.715160
vt 0.606026 0.718368
vt 0.613976 0.717572
vt 0.607944 0.720741
vt 0.617612 0.720582
vt 0.610585 0.748799
vt 0.624089 0.739784
vt 0.616291 0.734511
vt 0.620289 0.722186
vt 0.619992 0.717147
vt 0.627734 0.708297
vt 0.630721 0.705957
vt 0.623745 0.712421
vt 0.624515 0.714581
vt 0.628833 0.715537
vt 0.627131 0.719379
vt 0.631340 0.723901
vt 0.628808 0.721074
vt 0.628977 0.717189
vt 0.630893 0.713310
vt 0.633489 0.711708
vt 0.632773 0.709518
vt 0.641538 0.705206
vt 0.640063 0.707201
vt 0.651330 0.707237
vt 0.658206 0.707030
vt 0.642771 0.709468
vt 0.655350 0.710136
vt 0.658978 0.713022
vt 0.646018 0.712007
vt 0.654519 0.713892
vt 0.663859 0.702999
vt 0.665753 0.705063
vt 0.664090 0.703908
vt 0.668071 0.704189
vt 0.667964 0.708414
vt 0.675722 0.708380
vt 0.670335 0.711949
vt 0.667105 0.714099
vt 0.671968 0.715502
vt 0.669062 0.717174
vt 0.673560 0.716662
vt 0.679421 0.715165
vt 0.683948 0.719318
vt 0.681279 0.724502
vt 0.674116 0.720596
vt 0.687880 0.714359
vt 0.687498 0.709150
vt 0.693463 0.723748
vt 0.683606 0.730315
vt 0.691791 0.732947
vt 0.696495 0.729219
vt 0.700208 0.717488
vt 0.695712 0.714118
vt 0.696165 0.706385
vt 0.688232 0.705811
vt 0.691033 0.705354
vt 0.701889 0.722635
vt 0.698412 0.711058
vt 0.697175 0.705527
vt 0.706002 0.701488
vt 0.711257 0.700094
vt 0.708239 0.707217
vt 0.703603 0.728358
vt 0.705328 0.732160
vt 0.702963 0.739364
vt 0.691538 0.739572
vt 0.683257 0.739242
vt 0.673407 0.728543
vt 0.674241 0.723389
vt 0.675158 0.739475
vt 0.673803 0.745497
vt 0.681165 0.751342
vt 0.688208 0.747822
vt 0.697891 0.745107
vt 0.700602 0.750012
vt 0.706921 0.747563
vt 0.710160 0.753815
vt 0.709234 0.740473
vt 0.711628 0.745683
vt 0.706986 0.735364
vt 0.722997 0.705376
vt 0.721053 0.715730
vt 0.715691 0.726156
vt 0.725216 0.725806
vt 0.727148 0.718853
vt 0.727097 0.696686
vt 0.737453 0.683967
vt 0.718750 0.693115
vt 0.739834 0.681677
vt 0.739119 0.688303
vt 0.743684 0.699427
vt 0.748306 0.702101
vt 0.746150 0.704356
vt 0.748835 0.709572
vt 0.752746 0.711309
vt 0.751479 0.714608
vt 0.737428 0.718219
vt 0.738424 0.710959
vt 0.733961 0.703195
vt 0.741319 0.693774
vt 0.893698 0.823921
vt 0.899636 0.833292
vt 0.941603 0.818419
vt 0.954108 0.816422
vt 0.925141 0.827871
vt 0.946134 0.826123
vt 0.914750 0.832971
vt 0.944421 0.830087
vt 0.918992 0.835271
vt 0.943278 0.833441
vt 0.889239 0.826634
vt 0.886121 0.829663
vt 0.889942 0.841095
vt 0.880372 0.835486
vt 0.917017 0.841030
vt 0.933690 0.840426
vt 0.920268 0.845029
vt 0.902477 0.847143
vt 0.913495 0.850046
vt 0.913073 0.848040
vt 0.924577 0.847295
vt 0.940194 0.842231
vt 0.937172 0.846905
vt 0.986258 0.812091
vt 0.970672 0.823684
vt 0.971683 0.827277
vt 0.961320 0.829978
vt 0.962474 0.836101
vt 0.972719 0.833612
vt 0.979275 0.824450
vt 0.983179 0.819758
vt 0.682537 0.850949
vt 0.694403 0.850307
vt 0.701367 0.841250
vt 0.700812 0.847066
vt 0.711390 0.842967
vt 0.710265 0.848884
vt 0.715194 0.846182
vt 0.717427 0.845568
vt 0.722239 0.843859
vt 0.718716 0.846837
vt 0.724960 0.843831
vt 0.880945 0.793001
vt 0.882758 0.781686
vt 0.889866 0.769753
vt 0.874815 0.771858
vt 0.886268 0.763605
vt 0.898708 0.759204
vt 0.914298 0.748841
vt 0.915564 0.738977
vt 0.912313 0.728208
vt 0.909185 0.722710
vt 0.908368 0.683456
vt 0.892075 0.700478
vt 0.921692 0.677009
vt 0.895777 0.680729
vt 0.906950 0.675614
vt 0.884541 0.687232
vt 0.904904 0.675297
vt 0.896929 0.673049
vt 0.921340 0.670422
vt 0.904785 0.666260
vt 0.931554 0.678167
vt 0.919469 0.666929
vt 0.931739 0.669217
vt 0.940550 0.671867
vt 0.968691 0.689021
vt 0.975630 0.699605
vt 0.986346 0.713455
vt 0.969204 0.684386
vt 0.985295 0.696332
vt 0.987891 0.703764
vt 0.873057 0.825411
vt 0.872860 0.815369
vt 0.898299 0.749973
vt 0.897632 0.742396
vt 0.880633 0.754784
vt 0.880502 0.747192
vt 0.896676 0.733156
vt 0.883504 0.739073
vt 0.894878 0.707701
vt 0.895559 0.718031
vt 0.899443 0.700408
vt 0.897667 0.700046
vt 0.895975 0.725050
vt 0.884243 0.729706
vt 0.882347 0.721484
vt 0.883876 0.711696
vt 0.893898 0.699951
vt 0.887761 0.697710
vt 0.878893 0.702076
vt 0.872084 0.722281
vt 0.872348 0.715656
vt 0.871971 0.736771
vt 0.866453 0.749124
vt 0.856527 0.751105
vt 0.865890 0.765770
vt 0.865623 0.776961
vt 0.872124 0.789098
vt 0.868306 0.798953
vt 0.874099 0.808093
vt 0.882256 0.833317
vt 0.872461 0.833702
vt 0.861186 0.815803
vt 0.862495 0.805179
vt 0.862461 0.786585
vt 0.861840 0.759335
vt 0.847157 0.761467
vt 0.849154 0.777371
vt 0.845226 0.770778
vt 0.844107 0.754954
vt 0.830820 0.766771
vt 0.840264 0.744111
vt 0.849560 0.743138
vt 0.828371 0.759209
vt 0.852094 0.784275
vt 0.852683 0.797341
vt 0.852936 0.806998
vt 0.852286 0.814117
vt 0.862609 0.831997
vt 0.871337 0.838882
vt 0.875913 0.841037
vt 0.878817 0.839497
vt 0.880345 0.845247
vt 0.876619 0.843503
vt 0.893806 0.849391
vt 0.882568 0.849609
vt 0.891839 0.851898
vt 0.890935 0.854235
vt 0.901297 0.854887
vt 0.895937 0.857899
vt 0.904499 0.857084
vt 0.897886 0.861428
vt 0.917698 0.860289
vt 0.903081 0.862268
vt 0.911441 0.858070
vt 0.912844 0.861991
vt 0.905392 0.865049
vt 0.909190 0.874022
vt 0.908565 0.869621
vt 0.921897 0.873059
vt 0.916100 0.878290
vt 0.921840 0.868240
vt 0.907914 0.866710
vt 0.916109 0.864500
vt 0.925365 0.865409
vt 0.910512 0.854938
vt 0.910868 0.852688
vt 0.927915 0.851504
vt 0.941182 0.848953
vt 0.930145 0.853585
vt 0.954268 0.841406
vt 0.964065 0.839253
vt 0.959389 0.843807
vt 0.959638 0.845911
vt 0.940654 0.851791
vt 0.952039 0.849600
vt 0.930206 0.855766
vt 0.940331 0.854397
vt 0.949302 0.852106
vt 0.953857 0.852295
vt 0.951277 0.854380
vt 0.958169 0.849284
vt 0.944284 0.856023
vt 0.944770 0.857967
vt 0.933955 0.860698
vt 0.942744 0.861047
vt 0.931007 0.862904
vt 0.929911 0.858170
vt 0.937086 0.864438
vt 0.935095 0.866241
vt 0.930060 0.869732
vt 0.924072 0.875244
vt 0.921272 0.861676
vt 0.920339 0.857710
vt 0.920826 0.854708
vt 0.666763 0.809218
vt 0.646127 0.820274
vt 0.636958 0.816572
vt 0.627177 0.823920
vt 0.623898 0.818914
vt 0.622738 0.800056
vt 0.607664 0.800812
vt 0.608411 0.771283
vt 0.607944 0.784458
vt 0.643442 0.813819
vt 0.674009 0.806905
vt 0.680758 0.809445
vt 0.697786 0.810119
vt 0.702688 0.795622
vt 0.696342 0.801435
vt 0.692947 0.798777
vt 0.684932 0.801037
vt 0.673155 0.802400
vt 0.680615 0.797572
vt 0.691312 0.792596
vt 0.708494 0.789785
vt 0.716731 0.783117
vt 0.720218 0.776540
vt 0.710262 0.781501
vt 0.702804 0.783962
vt 0.710460 0.775774
vt 0.732148 0.781023
vt 0.729200 0.775880
vt 0.748542 0.783000
vt 0.766223 0.793229
vt 0.760318 0.812978
vt 0.763692 0.824469
vt 0.765411 0.817676
vt 0.769359 0.820813
vt 0.784229 0.805069
vt 0.804644 0.791831
vt 0.800531 0.801287
vt 0.755333 0.273128
vt 0.755927 0.282928
vt 0.746047 0.277186
vt 0.749273 0.270981
vt 0.753411 0.266402
vt 0.760780 0.261596
vt 0.764358 0.264085
vt 0.763533 0.255683
vt 0.760279 0.259489
vt 0.757324 0.257568
vt 0.773896 0.257063
vt 0.762156 0.252494
vt 0.768356 0.250324
vt 0.773890 0.245530
vt 0.767090 0.244629
vt 0.774621 0.242394
vt 0.772785 0.248442
vt 0.780592 0.235290
vt 0.773016 0.240798
vt 0.774170 0.236328
vt 0.782269 0.240446
vt 0.780506 0.249527
vt 0.778075 0.253703
vt 0.745289 0.284228
vt 0.748767 0.296683
vt 0.764646 0.292493
vt 0.780195 0.305017
vt 0.782274 0.306653
vt 0.784829 0.296198
vt 0.789076 0.301260
vt 0.796512 0.296611
vt 0.770204 0.279004
vt 0.770362 0.272047
vt 0.784924 0.281918
vt 0.804893 0.277072
vt 0.804341 0.291780
vt 0.822190 0.299426
vt 0.828227 0.306208
vt 0.832682 0.291561
vt 0.838176 0.275706
vt 0.844764 0.273332
vt 0.849912 0.270163
vt 0.849217 0.268246
vt 0.846343 0.271804
vt 0.844046 0.271633
vt 0.839708 0.265692
vt 0.829909 0.275650
vt 0.828586 0.280733
vt 0.830957 0.282058
vt 0.826743 0.283399
vt 0.821847 0.284874
vt 0.829196 0.267769
vt 0.819886 0.289699
vt 0.816321 0.288088
vt 0.813457 0.286308
vt 0.814448 0.276304
vt 0.813565 0.267436
vt 0.811800 0.290432
vt 0.738560 0.841257
vt 0.664588 0.804567
vt 0.668949 0.798684
vt 0.685305 0.791716
vt 0.694465 0.783908
vt 0.681847 0.787542
vt 0.718127 0.770783
vt 0.709251 0.770170
vt 0.691009 0.781868
vt 0.698636 0.772786
vt 0.690611 0.770976
vt 0.699265 0.766981
vt 0.709948 0.762919
vt 0.720878 0.763362
vt 0.723742 0.767848
vt 0.726677 0.772827
vt 0.736339 0.760124
vt 0.732955 0.756942
vt 0.738940 0.769756
vt 0.722045 0.759979
vt 0.717527 0.757609
vt 0.709770 0.758337
vt 0.714878 0.752682
vt 0.713429 0.749960
vt 0.702267 0.756589
vt 0.661785 0.798784
vt 0.641235 0.807890
vt 0.659569 0.793655
vt 0.637236 0.801817
vt 0.686737 0.777841
vt 0.675625 0.782560
vt 0.667488 0.793622
vt 0.666166 0.786746
vt 0.676977 0.776584
vt 0.621696 0.791999
vt 0.619770 0.785366
vt 0.605630 0.767326
vt 0.619700 0.753786
vt 0.613375 0.771272
vt 0.633109 0.749202
vt 0.636383 0.757921
vt 0.628556 0.733516
vt 0.630075 0.729129
vt 0.632366 0.730845
vt 0.624664 0.764780
vt 0.621140 0.770405
vt 0.617212 0.777861
vt 0.635045 0.797552
vt 0.632924 0.792614
vt 0.628082 0.775992
vt 0.630986 0.785893
vt 0.639407 0.776566
vt 0.626430 0.769576
vt 0.629816 0.768095
vt 0.635528 0.772460
vt 0.636976 0.764637
vt 0.644301 0.784215
vt 0.644680 0.787709
vt 0.644810 0.794572
vt 0.658275 0.789674
vt 0.654762 0.782364
vt 0.665589 0.781278
vt 0.652175 0.776417
vt 0.663333 0.774633
vt 0.672157 0.770589
vt 0.681051 0.768669
vt 0.689066 0.765047
vt 0.695684 0.757229
vt 0.691336 0.751992
vt 0.679939 0.756073
vt 0.685971 0.760517
vt 0.670118 0.759520
vt 0.673756 0.764446
vt 0.665089 0.768367
vt 0.650213 0.771373
vt 0.658143 0.763898
vt 0.646741 0.765441
vt 0.656929 0.758169
vt 0.646026 0.761569
vt 0.649831 0.756599
vt 0.669606 0.753959
vt 0.656460 0.749739
vt 0.653454 0.752884
vt 0.661479 0.747198
vt 0.659092 0.746949
vt 0.665930 0.739144
vt 0.670145 0.732594
vt 0.671972 0.729148
vt 0.667186 0.736200
vt 0.662319 0.743389
vt 0.662309 0.737447
vt 0.648710 0.744065
vt 0.643465 0.734614
vt 0.662103 0.727735
vt 0.648060 0.728671
vt 0.652271 0.725287
vt 0.661679 0.723572
vt 0.649189 0.721027
vt 0.655839 0.720478
vt 0.666519 0.722592
vt 0.667479 0.725913
vt 0.673426 0.725745
vt 0.661290 0.719219
vt 0.664888 0.716684
vt 0.662194 0.714896
vt 0.663716 0.710122
vt 0.660752 0.704674
vt 0.651013 0.715793
vt 0.650688 0.718181
vt 0.646322 0.719360
vt 0.642845 0.723534
vt 0.637667 0.718535
vt 0.639682 0.713180
vt 0.646893 0.713802
vt 0.641968 0.715860
vt 0.639041 0.720948
vt 0.853840 0.826021
vt 0.847840 0.818272
vt 0.842032 0.806075
vt 0.840625 0.786969
vt 0.839172 0.794501
vt 0.838349 0.777079
vt 0.828139 0.777054
vt 0.836330 0.798024
vt 0.831436 0.787465
vt 0.822595 0.768705
vt 0.829609 0.750032
vt 0.830228 0.741774
vt 0.822172 0.763939
vt 0.821510 0.758521
vt 0.821638 0.753721
vt 0.820330 0.738732
vt 0.820916 0.744211
vt 0.812559 0.741226
vt 0.812374 0.736829
vt 0.830198 0.731716
vt 0.825019 0.728362
vt 0.818777 0.729357
vt 0.834110 0.721158
vt 0.826978 0.720778
vt 0.832827 0.711155
vt 0.825526 0.717360
vt 0.817180 0.723299
vt 0.809742 0.727775
vt 0.785411 0.270613
vt 0.797750 0.269486
vt 0.822507 0.259596
vt 0.831960 0.259079
vt 0.854787 0.261641
vt 0.849983 0.257196
vt 0.845510 0.252850
vt 0.862585 0.254495
vt 0.843210 0.247527
vt 0.828883 0.253659
vt 0.829424 0.248752
vt 0.831852 0.246306
vt 0.840363 0.242722
vt 0.847591 0.243623
vt 0.833031 0.242407
vt 0.847130 0.239797
vt 0.839909 0.238246
vt 0.845901 0.236040
vt 0.846085 0.232102
vt 0.834905 0.234845
vt 0.839996 0.231483
vt 0.827332 0.233404
vt 0.825541 0.241064
vt 0.820717 0.239578
vt 0.822328 0.235998
vt 0.837387 0.229392
vt 0.822889 0.230788
vt 0.845943 0.228752
vt 0.827111 0.226513
vt 0.840635 0.221019
vt 0.827559 0.223243
vt 0.829481 0.219761
vt 0.816708 0.220485
vt 0.826168 0.215842
vt 0.834202 0.207039
vt 0.842106 0.208930
vt 0.853256 0.218784
vt 0.856241 0.224886
vt 0.857355 0.214583
vt 0.850667 0.210375
vt 0.848792 0.206133
vt 0.855427 0.207691
vt 0.858570 0.211384
vt 0.868118 0.214052
vt 0.863689 0.210061
vt 0.868714 0.220830
vt 0.868966 0.211273
vt 0.873866 0.223689
vt 0.860093 0.229669
vt 0.869391 0.228500
vt 0.865023 0.231008
vt 0.858388 0.231386
vt 0.871846 0.230086
vt 0.858230 0.238675
vt 0.871344 0.237463
vt 0.859327 0.240832
vt 0.871355 0.240182
vt 0.860113 0.246436
vt 0.873046 0.243997
vt 0.875022 0.248972
vt 0.859465 0.251786
vt 0.878188 0.235489
vt 0.885657 0.244010
vt 0.873704 0.253107
vt 0.881150 0.252158
vt 0.876326 0.255394
vt 0.886782 0.249006
vt 0.885468 0.237995
vt 0.889552 0.246832
vt 0.893960 0.243041
vt 0.883505 0.234654
vt 0.881170 0.228922
vt 0.883059 0.226843
vt 0.892035 0.231871
vt 0.890952 0.235366
vt 0.894071 0.228523
vt 0.896678 0.239388
vt 0.897975 0.235595
vt 0.898749 0.231746
vt 0.890663 0.224842
vt 0.883521 0.216408
vt 0.892189 0.219374
vt 0.884228 0.215163
vt 0.880335 0.214155
vt 0.887534 0.211458
vt 0.879447 0.200403
vt 0.868598 0.204458
vt 0.870249 0.198419
vt 0.859509 0.196585
vt 0.850307 0.201583
vt 0.846196 0.190424
vt 0.844176 0.204801
vt 0.840598 0.196043
vt 0.837116 0.203273
vt 0.830957 0.201772
vt 0.821790 0.192897
vt 0.830937 0.187193
vt 0.831846 0.181199
vt 0.825795 0.200867
vt 0.841709 0.176399
vt 0.857145 0.186523
vt 0.887825 0.203524
vt 0.894103 0.210166
vt 0.901517 0.207626
vt 0.897518 0.200463
vt 0.906705 0.205235
vt 0.902207 0.202517
vt 0.897987 0.198464
vt 0.906928 0.204416
vt 0.911778 0.212793
vt 0.908562 0.222086
vt 0.901068 0.223021
vt 0.899876 0.224319
vt 0.901940 0.229760
vt 0.905503 0.227507
vt 0.915320 0.220517
vt 0.917018 0.216595
vt 0.920530 0.223359
vt 0.917419 0.227122
vt 0.910443 0.228719
vt 0.914216 0.228701
vt 0.908327 0.229872
vt 0.909345 0.235479
vt 0.913806 0.238267
vt 0.904760 0.232799
vt 0.902980 0.234904
vt 0.905705 0.230707
vt 0.899201 0.239580
vt 0.919149 0.228905
vt 0.922981 0.227094
vt 0.922852 0.224365
vt 0.922013 0.229562
vt 0.922997 0.232024
vt 0.921156 0.239715
vt 0.916267 0.243212
vt 0.919773 0.247565
vt 0.922852 0.243164
vt 0.908657 0.250025
vt 0.915825 0.251406
vt 0.919599 0.251895
vt 0.921705 0.253387
vt 0.918913 0.258259
vt 0.922749 0.255063
vt 0.914970 0.258635
vt 0.911302 0.255118
vt 0.904097 0.258667
vt 0.900207 0.248834
vt 0.901003 0.236235
vt 0.907075 0.259362
vt 0.912698 0.264336
vt 0.903281 0.264608
vt 0.894344 0.257272
vt 0.886697 0.260194
vt 0.885467 0.252011
vt 0.891512 0.267560
vt 0.897384 0.267886
vt 0.899094 0.268979
vt 0.909805 0.267024
vt 0.905974 0.270935
vt 0.908170 0.276689
vt 0.898735 0.277287
vt 0.894435 0.275398
vt 0.903061 0.285904
vt 0.891294 0.290785
vt 0.867180 0.257301
vt 0.804661 0.262293
vt 0.815529 0.259986
vt 0.809617 0.258787
vt 0.815721 0.255632
vt 0.823563 0.243650
vt 0.818988 0.250011
vt 0.817317 0.243133
vt 0.813054 0.239290
vt 0.817443 0.234903
vt 0.814746 0.224734
vt 0.813764 0.215897
vt 0.809787 0.228215
vt 0.805948 0.224225
vt 0.793311 0.223420
vt 0.811800 0.211454
vt 0.812270 0.207742
vt 0.809962 0.197227
vt 0.819267 0.198941
vt 0.816433 0.179555
vt 0.810554 0.184146
vt 0.823946 0.173994
vt 0.828731 0.170266
vt 0.874300 0.189928
vt 0.889336 0.195247
vt 0.883168 0.187398
vt 0.887524 0.190560
vt 0.892682 0.195114
vt 0.903906 0.195703
vt 0.899281 0.190624
vt 0.901186 0.190234
vt 0.896430 0.181936
vt 0.892894 0.178169
vt 0.887761 0.185775
vt 0.885210 0.173746
vt 0.880005 0.182987
vt 0.879347 0.176663
vt 0.887780 0.167844
vt 0.875356 0.178702
vt 0.873530 0.180559
vt 0.868411 0.172542
vt 0.859311 0.179384
vt 0.838910 0.166117
vt 0.860047 0.168944
vt 0.853693 0.159634
vt 0.836442 0.160828
vt 0.841604 0.158797
vt 0.857985 0.156900
vt 0.850963 0.155454
vt 0.847542 0.150715
vt 0.851342 0.144317
vt 0.858850 0.144545
vt 0.858500 0.137817
vt 0.863071 0.133865
vt 0.868571 0.145336
vt 0.867429 0.135399
vt 0.855105 0.159080
vt 0.857437 0.161707
vt 0.864091 0.167800
vt 0.867066 0.164161
vt 0.877467 0.167428
vt 0.875120 0.157181
vt 0.883821 0.159056
vt 0.877639 0.148593
vt 0.873291 0.142090
vt 0.214389 0.312227
vt 0.208522 0.305733
vt 0.243519 0.306957
vt 0.218681 0.298591
vt 0.258093 0.300729
vt 0.233063 0.318199
vt 0.270441 0.319917
vt 0.269821 0.325214
vt 0.252247 0.314284
vt 0.231514 0.324625
vt 0.243913 0.330915
vt 0.210680 0.329573
vt 0.254260 0.337851
vt 0.279954 0.331654
vt 0.270295 0.343190
vt 0.289049 0.339443
vt 0.245342 0.344654
vt 0.226790 0.353101
vt 0.263574 0.349536
vt 0.266107 0.354437
vt 0.246115 0.359223
vt 0.220089 0.349153
vt 0.208284 0.336924
vt 0.209328 0.343871
vt 0.242438 0.365347
vt 0.249731 0.373706
vt 0.209076 0.370269
vt 0.258442 0.385868
vt 0.245138 0.392473
vt 0.211211 0.384326
vt 0.204237 0.390610
vt 0.250083 0.403701
vt 0.223063 0.408108
vt 0.210995 0.402963
vt 0.269472 0.407776
vt 0.237694 0.398624
vt 0.287667 0.400005
vt 0.291295 0.392766
vt 0.313095 0.385629
vt 0.292939 0.386714
vt 0.312095 0.379902
vt 0.292963 0.380116
vt 0.312453 0.370000
vt 0.285136 0.373279
vt 0.323462 0.374475
vt 0.299041 0.366615
vt 0.325111 0.369958
vt 0.319311 0.362875
vt 0.312304 0.361270
vt 0.296259 0.360225
vt 0.254387 0.380229
vt 0.206494 0.323668
vt 0.207737 0.318028
vt 0.211260 0.377954
vt 0.203419 0.413342
vt 0.249906 0.413853
vt 0.218266 0.418312
vt 0.262707 0.419809
vt 0.241341 0.425203
vt 0.211145 0.439980
vt 0.278794 0.435640
vt 0.283205 0.440144
vt 0.238600 0.445529
vt 0.210845 0.450930
vt 0.250211 0.451131
vt 0.223868 0.456181
vt 0.194054 0.455405
vt 0.186998 0.450546
vt 0.190952 0.444903
vt 0.186610 0.439323
vt 0.190227 0.431887
vt 0.216955 0.434803
vt 0.204208 0.428821
vt 0.245486 0.431495
vt 0.204089 0.423604
vt 0.197195 0.399425
vt 0.199389 0.396727
vt 0.189724 0.420898
vt 0.188450 0.426109
vt 0.193923 0.324581
vt 0.194136 0.316955
vt 0.195228 0.298237
vt 0.205451 0.291415
vt 0.210492 0.284585
vt 0.254915 0.287650
vt 0.224111 0.257395
vt 0.212443 0.266165
vt 0.198965 0.258080
vt 0.216249 0.230475
vt 0.198055 0.233467
vt 0.198316 0.227449
vt 0.212118 0.222103
vt 0.198878 0.221649
vt 0.236961 0.223794
vt 0.222281 0.244346
vt 0.213325 0.237909
vt 0.267212 0.241989
vt 0.245402 0.235070
vt 0.244087 0.269170
vt 0.215160 0.273170
vt 0.257910 0.275195
vt 0.217799 0.279363
vt 0.258599 0.282025
vt 0.241771 0.292342
vt 0.281435 0.294374
vt 0.289681 0.303303
vt 0.283325 0.309241
vt 0.313986 0.305956
vt 0.306919 0.291071
vt 0.314340 0.299464
vt 0.313719 0.311435
vt 0.313389 0.318417
vt 0.277592 0.315238
vt 0.312975 0.326443
vt 0.312771 0.331416
vt 0.323239 0.332159
vt 0.288047 0.282960
vt 0.315518 0.286152
vt 0.306124 0.279511
vt 0.314875 0.292563
vt 0.327734 0.293344
vt 0.325720 0.299669
vt 0.328225 0.309679
vt 0.325231 0.283985
vt 0.316035 0.279764
vt 0.278789 0.271966
vt 0.316744 0.274126
vt 0.324719 0.274853
vt 0.317236 0.265076
vt 0.301288 0.265209
vt 0.331095 0.263716
vt 0.331414 0.277142
vt 0.334159 0.256199
vt 0.318541 0.255382
vt 0.318559 0.259113
vt 0.283773 0.254415
vt 0.286053 0.249298
vt 0.280704 0.267801
vt 0.254442 0.259441
vt 0.318995 0.250315
vt 0.277909 0.237311
vt 0.298248 0.235313
vt 0.273943 0.219402
vt 0.296481 0.224900
vt 0.278767 0.226698
vt 0.321079 0.235426
vt 0.320060 0.242473
vt 0.334629 0.248303
vt 0.328393 0.242433
vt 0.335482 0.230969
vt 0.332945 0.224065
vt 0.338623 0.228027
vt 0.337073 0.216222
vt 0.338645 0.222839
vt 0.340009 0.213160
vt 0.324281 0.209382
vt 0.342287 0.207520
vt 0.326022 0.203485
vt 0.323627 0.215009
vt 0.282824 0.205866
vt 0.323350 0.220214
vt 0.276536 0.208269
vt 0.305291 0.204073
vt 0.304942 0.198354
vt 0.245240 0.196236
vt 0.261901 0.191870
vt 0.269294 0.212988
vt 0.233991 0.217000
vt 0.232203 0.210283
vt 0.232631 0.203110
vt 0.859037 0.541903
vt 0.853161 0.535898
vt 0.871826 0.538574
vt 0.871411 0.531930
vt 0.849584 0.529680
vt 0.867477 0.524213
vt 0.846543 0.516541
vt 0.839207 0.524657
vt 0.843722 0.510083
vt 0.865909 0.511367
vt 0.859654 0.504536
vt 0.854782 0.497692
vt 0.871582 0.501709
vt 0.852048 0.492489
vt 0.871220 0.492568
vt 0.854253 0.485822
vt 0.844534 0.464688
vt 0.870353 0.462487
vt 0.869948 0.470930
vt 0.871344 0.458704
vt 0.842284 0.459214
vt 0.860357 0.453852
vt 0.862314 0.448351
vt 0.824072 0.450296
vt 0.860545 0.442488
vt 0.861076 0.435795
vt 0.826687 0.442971
vt 0.827113 0.436336
vt 0.844696 0.477748
vt 0.825737 0.485221
vt 0.848472 0.471433
vt 0.808101 0.492914
vt 0.820452 0.506711
vt 0.812911 0.511156
vt 0.815199 0.532362
vt 0.813232 0.518310
vt 0.863774 0.556099
vt 0.865596 0.547052
vt 0.872018 0.554575
vt 0.834619 0.541157
vt 0.823259 0.548491
vt 0.818454 0.536704
vt 0.812021 0.542074
vt 0.800248 0.525382
vt 0.785787 0.504869
vt 0.767938 0.518341
vt 0.761933 0.511186
vt 0.810421 0.498902
vt 0.775494 0.498981
vt 0.759674 0.493261
vt 0.790266 0.486400
vt 0.745635 0.486079
vt 0.740842 0.493512
vt 0.738555 0.479408
vt 0.739939 0.470788
vt 0.759835 0.471988
vt 0.754425 0.478702
vt 0.803358 0.478447
vt 0.744197 0.465287
vt 0.787722 0.465205
vt 0.810962 0.470954
vt 0.775483 0.458076
vt 0.815203 0.457802
vt 0.790841 0.443719
vt 0.783009 0.448475
vt 0.837437 0.562635
vt 0.865330 0.562948
vt 0.869249 0.569938
vt 0.838262 0.569773
vt 0.854912 0.575731
vt 0.817059 0.575904
vt 0.839939 0.581824
vt 0.810524 0.582072
vt 0.866808 0.582421
vt 0.871505 0.577228
vt 0.844973 0.588142
vt 0.869274 0.587484
vt 0.745019 0.506767
vt 0.741551 0.513417
vt 0.747290 0.520896
vt 0.756909 0.526955
vt 0.753856 0.534948
vt 0.752578 0.542210
vt 0.739045 0.542066
vt 0.752591 0.556580
vt 0.761827 0.562486
vt 0.737549 0.560547
vt 0.765911 0.582390
vt 0.739104 0.576882
vt 0.752474 0.575278
vt 0.741719 0.588801
vt 0.739266 0.584517
vt 0.771478 0.588330
vt 0.740794 0.602707
vt 0.766544 0.602816
vt 0.742790 0.609537
vt 0.747800 0.594389
vt 0.744580 0.620798
vt 0.776565 0.625503
vt 0.739618 0.625770
vt 0.746357 0.632242
vt 0.760359 0.650806
vt 0.745691 0.657641
vt 0.741110 0.652344
vt 0.741537 0.669394
vt 0.793973 0.668209
vt 0.748600 0.674043
vt 0.764160 0.675537
vt 0.801956 0.672697
vt 0.783050 0.662864
vt 0.807520 0.657813
vt 0.857828 0.671752
vt 0.826083 0.675537
vt 0.851133 0.666725
vt 0.825319 0.662646
vt 0.827300 0.652006
vt 0.789590 0.652092
vt 0.855711 0.655741
vt 0.873047 0.658447
vt 0.862087 0.661451
vt 0.857947 0.649194
vt 0.817185 0.646862
vt 0.873291 0.644775
vt 0.850788 0.642346
vt 0.872540 0.631348
vt 0.854265 0.636816
vt 0.856448 0.630588
vt 0.847849 0.624012
vt 0.873047 0.626465
vt 0.872261 0.619523
vt 0.862051 0.618654
vt 0.819809 0.640689
vt 0.832471 0.554976
vt 0.804116 0.560532
vt 0.785751 0.556008
vt 0.784688 0.548247
vt 0.783351 0.541719
vt 0.782352 0.533363
vt 0.750172 0.548773
vt 0.774220 0.568379
vt 0.783891 0.575986
vt 0.742168 0.568758
vt 0.802963 0.568806
vt 0.779633 0.596098
vt 0.836665 0.595921
vt 0.807855 0.602454
vt 0.818683 0.588795
vt 0.779027 0.615777
vt 0.825592 0.616393
vt 0.807411 0.622853
vt 0.814935 0.629334
vt 0.783472 0.631949
vt 0.800721 0.635773
vt 0.791201 0.608939
vt 0.842345 0.609217
vt 0.856580 0.601076
vt 0.871869 0.601471
vt 0.870219 0.608168
vt 0.860185 0.614125
vt 0.870375 0.595270
vt 0.734708 0.018935
vt 0.728519 0.002779
vt 0.732910 0.000506
vt 0.721074 0.022381
vt 0.727511 0.036889
vt 0.714099 0.022202
vt 0.707204 0.010233
vt 0.713892 0.001163
vt 0.699658 0.004088
vt 0.699912 0.036332
vt 0.706073 0.051671
vt 0.693427 0.019755
vt 0.713215 0.077391
vt 0.720318 0.064834
vt 0.719400 0.084514
vt 0.727154 0.067656
vt 0.747343 0.042037
vt 0.741358 0.046478
vt 0.746227 0.006112
vt 0.741039 0.004931
vt 0.754444 0.026189
vt 0.752101 0.003490
vt 0.754610 0.074227
vt 0.760366 0.070966
vt 0.765521 0.019354
vt 0.766007 0.069510
vt 0.774215 0.034286
vt 0.769561 0.069718
vt 0.771715 0.008314
vt 0.760416 0.017490
vt 0.713073 0.091737
vt 0.705894 0.081527
vt 0.699543 0.081737
vt 0.692618 0.075293
vt 0.667697 0.007922
vt 0.668333 0.047371
vt 0.660805 0.014067
vt 0.640818 0.016649
vt 0.647396 0.005787
vt 0.647966 0.048887
vt 0.652897 0.009891
vt 0.623200 0.001996
vt 0.629386 0.002102
vt 0.629228 0.025332
vt 0.620213 0.009608
vt 0.623982 0.029171
vt 0.634364 0.019233
vt 0.636415 0.050646
vt 0.630423 0.052683
vt 0.620288 0.045734
vt 0.615557 0.020311
vt 0.612937 0.001571
vt 0.609739 0.038177
vt 0.608697 0.001932
vt 0.605400 0.011873
vt 0.599599 0.018523
vt 0.605489 0.071845
vt 0.599817 0.068226
vt 0.594323 0.018066
vt 0.615677 0.080103
vt 0.619306 0.076172
vt 0.625511 0.081793
vt 0.630065 0.074680
vt 0.609825 0.083941
vt 0.621368 0.108366
vt 0.627453 0.106695
vt 0.634565 0.110996
vt 0.635445 0.075066
vt 0.641252 0.076900
vt 0.647163 0.083069
vt 0.661622 0.076193
vt 0.653886 0.083056
vt 0.647475 0.113598
vt 0.667822 0.105888
vt 0.654534 0.111974
vt 0.661418 0.121395
vt 0.673161 0.114623
vt 0.674019 0.078301
vt 0.679630 0.065582
vt 0.678722 0.098622
vt 0.683828 0.097932
vt 0.686005 0.064553
vt 0.685646 0.113894
vt 0.678808 0.116461
vt 0.684089 0.117325
vt 0.693106 0.104374
vt 0.683035 0.052246
vt 0.699212 0.123910
vt 0.719550 0.112875
vt 0.726429 0.091800
vt 0.712003 0.119683
vt 0.705133 0.121172
vt 0.693878 0.125340
vt 0.685362 0.128662
vt 0.679208 0.135207
vt 0.675152 0.135394
vt 0.670386 0.134573
vt 0.667102 0.134325
vt 0.720127 0.135845
vt 0.726243 0.128911
vt 0.734702 0.115951
vt 0.734991 0.089592
vt 0.735196 0.057217
vt 0.742056 0.094877
vt 0.713379 0.138415
vt 0.059824 0.282386
vt 0.059600 0.276040
vt 0.090975 0.282649
vt 0.068792 0.290384
vt 0.088438 0.290187
vt 0.086587 0.296502
vt 0.056997 0.297337
vt 0.051386 0.291535
vt 0.058183 0.303542
vt 0.079502 0.309504
vt 0.050249 0.308094
vt 0.054438 0.318469
vt 0.088719 0.303902
vt 0.073462 0.318613
vt 0.051715 0.319580
vt 0.061149 0.323820
vt 0.051286 0.350734
vt 0.051862 0.343437
vt 0.076719 0.344760
vt 0.078134 0.350825
vt 0.055509 0.358958
vt 0.077225 0.358760
vt 0.060538 0.378342
vt 0.057665 0.370290
vt 0.079747 0.374074
vt 0.062153 0.384441
vt 0.084112 0.378961
vt 0.084962 0.385627
vt 0.062872 0.390624
vt 0.057374 0.396691
vt 0.085103 0.398194
vt 0.136905 0.283326
vt 0.110008 0.298127
vt 0.103207 0.304550
vt 0.090934 0.296967
vt 0.116545 0.310739
vt 0.089175 0.318587
vt 0.105956 0.317951
vt 0.109770 0.320734
vt 0.126280 0.326919
vt 0.082453 0.323954
vt 0.123493 0.318780
vt 0.090128 0.330102
vt 0.125245 0.333131
vt 0.127744 0.338758
vt 0.143344 0.336484
vt 0.146395 0.344924
vt 0.119663 0.345772
vt 0.096100 0.338139
vt 0.133413 0.350547
vt 0.116583 0.352721
vt 0.097560 0.344997
vt 0.098399 0.351786
vt 0.097416 0.358575
vt 0.125574 0.358254
vt 0.094159 0.364279
vt 0.135806 0.363969
vt 0.141885 0.369753
vt 0.147062 0.358979
vt 0.138396 0.375488
vt 0.137933 0.382147
vt 0.113936 0.380507
vt 0.131309 0.388513
vt 0.117056 0.387088
vt 0.087990 0.371268
vt 0.119528 0.275883
vt 0.100723 0.268332
vt 0.122896 0.268305
vt 0.124483 0.261481
vt 0.128392 0.290639
vt 0.143407 0.297795
vt 0.143900 0.304290
vt 0.144758 0.310448
vt 0.142929 0.318554
vt 0.151017 0.303823
vt 0.148735 0.297417
vt 0.161875 0.310246
vt 0.154375 0.316795
vt 0.147046 0.317715
vt 0.164675 0.316812
vt 0.167573 0.304529
vt 0.146026 0.289115
vt 0.142179 0.277289
vt 0.145581 0.268579
vt 0.148994 0.282883
vt 0.161031 0.275560
vt 0.173145 0.269092
vt 0.169550 0.261447
vt 0.148398 0.260722
vt 0.127459 0.255838
vt 0.106747 0.252069
vt 0.142472 0.252890
vt 0.106430 0.246353
vt 0.099790 0.256300
vt 0.154904 0.290422
vt 0.182384 0.297825
vt 0.179253 0.290644
vt 0.180454 0.284435
vt 0.183188 0.304824
vt 0.173790 0.320500
vt 0.163058 0.324619
vt 0.159857 0.328776
vt 0.147991 0.332204
vt 0.143842 0.327529
vt 0.182515 0.252922
vt 0.167845 0.253991
vt 0.181581 0.246874
vt 0.175573 0.240011
vt 0.160877 0.246172
vt 0.142714 0.240706
vt 0.147771 0.232919
vt 0.153215 0.227058
vt 0.132457 0.227761
vt 0.124321 0.234865
vt 0.146996 0.221365
vt 0.129695 0.220819
vt 0.125972 0.214301
vt 0.134693 0.208374
vt 0.148099 0.215215
vt 0.106694 0.200637
vt 0.143161 0.201272
vt 0.141105 0.197312
vt 0.110642 0.197437
vt 0.090139 0.207808
vt 0.094058 0.213438
vt 0.093640 0.220165
vt 0.093621 0.226527
vt 0.101699 0.233096
vt 0.116890 0.241581
vt 0.143188 0.246521
vt 0.150754 0.253430
vt 0.097772 0.239180
vt 0.074467 0.233640
vt 0.089490 0.244316
vt 0.079499 0.253287
vt 0.069977 0.246219
vt 0.071969 0.240242
vt 0.057914 0.226269
vt 0.063009 0.213001
vt 0.056672 0.219153
vt 0.054879 0.235147
vt 0.051941 0.244385
vt 0.051571 0.239025
vt 0.056413 0.207262
vt 0.080205 0.186260
vt 0.055041 0.185641
vt 0.054885 0.180790
vt 0.069432 0.190879
vt 0.054021 0.191587
vt 0.082513 0.197707
vt 0.054417 0.197847
vt 0.064333 0.201864
vt 0.089108 0.192423
vt 0.104974 0.187543
vt 0.091623 0.201898
vt 0.110457 0.181862
vt 0.079986 0.179690
vt 0.108104 0.176657
vt 0.087298 0.174313
vt 0.106423 0.170322
vt 0.089464 0.167363
vt 0.112123 0.162041
vt 0.118706 0.167087
vt 0.088030 0.156103
vt 0.118861 0.156455
vt 0.088764 0.161812
vt 0.061529 0.161557
vt 0.052585 0.155731
vt 0.052023 0.166253
vt 0.063476 0.168953
vt 0.070532 0.173913
vt 0.051324 0.169705
vt 0.051694 0.173167
vt 0.183191 0.840268
vt 0.156515 0.839128
vt 0.173772 0.832427
vt 0.170723 0.845448
vt 0.141407 0.825000
vt 0.176725 0.825267
vt 0.139176 0.831751
vt 0.163597 0.818235
vt 0.181180 0.821181
vt 0.178562 0.812338
vt 0.156092 0.810846
vt 0.164195 0.804022
vt 0.137818 0.808164
vt 0.138035 0.818283
vt 0.134431 0.811290
vt 0.139009 0.838274
vt 0.152362 0.845949
vt 0.136044 0.844828
vt 0.138756 0.852437
vt 0.131124 0.838243
vt 0.122443 0.846727
vt 0.123834 0.818688
vt 0.128829 0.824874
vt 0.090363 0.818472
vt 0.086781 0.831282
vt 0.130062 0.831844
vt 0.089668 0.824148
vt 0.099691 0.811847
vt 0.113226 0.811547
vt 0.090607 0.837535
vt 0.125837 0.854399
vt 0.133495 0.862990
vt 0.136856 0.858843
vt 0.150119 0.862462
vt 0.133411 0.869177
vt 0.149033 0.869327
vt 0.143916 0.877881
vt 0.121930 0.876090
vt 0.091934 0.862435
vt 0.087399 0.853741
vt 0.112708 0.848653
vt 0.173551 0.852907
vt 0.177188 0.861205
vt 0.178263 0.867988
vt 0.097453 0.843383
vt 0.085444 0.848010
vt 0.081533 0.868728
vt 0.057393 0.845582
vt 0.059880 0.858100
vt 0.070945 0.863236
vt 0.089075 0.875993
vt 0.108690 0.878671
vt 0.090883 0.883336
vt 0.130840 0.883494
vt 0.117773 0.890106
vt 0.138494 0.891943
vt 0.141040 0.885857
vt 0.464258 0.413564
vt 0.459205 0.394881
vt 0.465796 0.366857
vt 0.470079 0.415637
vt 0.484779 0.406838
vt 0.478695 0.388722
vt 0.485963 0.374064
vt 0.472095 0.363621
vt 0.481554 0.352061
vt 0.476381 0.348448
vt 0.488579 0.349562
vt 0.495119 0.352698
vt 0.505903 0.383558
vt 0.506086 0.353573
vt 0.512205 0.363447
vt 0.517059 0.381577
vt 0.520508 0.347245
vt 0.527009 0.361107
vt 0.550731 0.366684
vt 0.549009 0.351754
vt 0.556641 0.351310
vt 0.546108 0.354691
vt 0.530834 0.383923
vt 0.533135 0.355899
vt 0.539716 0.355723
vt 0.537989 0.385270
vt 0.542439 0.387768
vt 0.555488 0.374285
vt 0.560124 0.365681
vt 0.563974 0.353117
vt 0.564476 0.373763
vt 0.571773 0.357036
vt 0.569365 0.392056
vt 0.577289 0.378257
vt 0.584461 0.369486
vt 0.582272 0.360720
vt 0.577058 0.356629
vt 0.591799 0.362036
vt 0.588954 0.377639
vt 0.595131 0.368507
vt 0.595883 0.381648
vt 0.590407 0.405208
vt 0.583964 0.414363
vt 0.582596 0.444170
vt 0.574489 0.457385
vt 0.572107 0.443514
vt 0.566966 0.502560
vt 0.561566 0.514512
vt 0.563263 0.497099
vt 0.564368 0.514613
vt 0.563184 0.519481
vt 0.552417 0.508050
vt 0.549846 0.507208
vt 0.556253 0.510157
vt 0.559026 0.496527
vt 0.557256 0.482403
vt 0.567805 0.440717
vt 0.561365 0.444346
vt 0.572277 0.408405
vt 0.553813 0.455099
vt 0.560500 0.416898
vt 0.579290 0.405353
vt 0.444890 0.431035
vt 0.446803 0.383266
vt 0.453221 0.398525
vt 0.450623 0.438000
vt 0.456815 0.440824
vt 0.445007 0.466840
vt 0.436851 0.451431
vt 0.437959 0.478926
vt 0.430429 0.449457
vt 0.428203 0.479999
vt 0.424562 0.426025
vt 0.432447 0.479673
vt 0.414793 0.453865
vt 0.422950 0.480282
vt 0.417190 0.482292
vt 0.413595 0.482819
vt 0.409043 0.465804
vt 0.409261 0.480655
vt 0.404218 0.470071
vt 0.408594 0.484602
vt 0.405260 0.485782
vt 0.396270 0.458059
vt 0.401645 0.449520
vt 0.399456 0.486946
vt 0.405358 0.416954
vt 0.411882 0.424259
vt 0.398429 0.411419
vt 0.391582 0.413305
vt 0.410070 0.395440
vt 0.407502 0.370202
vt 0.397578 0.385603
vt 0.413895 0.375248
vt 0.401366 0.350446
vt 0.391755 0.386583
vt 0.384546 0.411619
vt 0.378231 0.390670
vt 0.385311 0.381716
vt 0.386410 0.463379
vt 0.390706 0.460767
vt 0.375830 0.432892
vt 0.375040 0.368134
vt 0.370018 0.428736
vt 0.369777 0.386793
vt 0.365043 0.393270
vt 0.363748 0.360154
vt 0.369717 0.351489
vt 0.357785 0.384902
vt 0.352786 0.406064
vt 0.351490 0.358765
vt 0.348642 0.412753
vt 0.345543 0.357991
vt 0.356536 0.356614
vt 0.358398 0.346924
vt 0.364990 0.346191
vt 0.380386 0.349394
vt 0.385367 0.348187
vt 0.371923 0.345978
vt 0.476003 0.438937
vt 0.492507 0.400360
vt 0.500386 0.361483
vt 0.463308 0.456083
vt 0.487441 0.453066
vt 0.482279 0.442865
vt 0.468567 0.468593
vt 0.497587 0.413355
vt 0.502931 0.430371
vt 0.494589 0.452672
vt 0.508854 0.428625
vt 0.505256 0.461812
vt 0.499935 0.480719
vt 0.472542 0.478362
vt 0.479198 0.478673
vt 0.483641 0.479948
vt 0.486174 0.480034
vt 0.490785 0.480648
vt 0.495989 0.481940
vt 0.503332 0.483361
vt 0.394348 0.494263
vt 0.512685 0.495671
vt 0.465775 0.477568
vt 0.463150 0.470264
vt 0.456108 0.478027
vt 0.543802 0.513332
vt 0.544977 0.502575
vt 0.445092 0.478078
vt 0.449674 0.464232
vt 0.455380 0.469447
vt 0.449036 0.478212
vt 0.776329 0.262317
vt 0.792475 0.264088
vt 0.799104 0.259857
vt 0.805068 0.256357
vt 0.794478 0.257278
vt 0.796399 0.254280
vt 0.778089 0.259043
vt 0.790032 0.252200
vt 0.791732 0.248041
vt 0.795390 0.245270
vt 0.788122 0.243873
vt 0.788118 0.240015
vt 0.783896 0.230071
vt 0.777432 0.232346
vt 0.776611 0.230713
vt 0.792853 0.228735
vt 0.781078 0.225312
vt 0.786375 0.220321
vt 0.794814 0.240673
vt 0.801414 0.250430
vt 0.811260 0.250408
vt 0.799186 0.246785
vt 0.801546 0.240846
vt 0.797492 0.237120
vt 0.795679 0.233723
vt 0.794841 0.213783
vt 0.792607 0.201944
vt 0.798038 0.194214
vt 0.795069 0.207559
vt 0.804107 0.196039
vt 0.809264 0.232217
vt 0.808134 0.235711
vt 0.807150 0.240309
vt 0.808445 0.246105
vt 0.808676 0.243410
vt 0.313014 0.336072
vt 0.312402 0.340038
vt 0.324221 0.338351
vt 0.324010 0.325406
vt 0.329352 0.318362
vt 0.328857 0.330566
vt 0.328093 0.335208
vt 0.312504 0.343910
vt 0.327688 0.344856
vt 0.312171 0.351220
vt 0.326330 0.353308
vt 0.305110 0.353373
vt 0.327030 0.359799
vt 0.328230 0.365865
vt 0.327600 0.377408
vt 0.326275 0.384460
vt 0.324378 0.394800
vt 0.328729 0.398304
vt 0.322628 0.403250
vt 0.313578 0.399131
vt 0.313451 0.407161
vt 0.313823 0.411502
vt 0.328688 0.408400
vt 0.321230 0.440377
vt 0.330710 0.438392
vt 0.331417 0.445177
vt 0.330561 0.450423
vt 0.326536 0.452092
vt 0.322569 0.446896
vt 0.315331 0.449737
vt 0.320322 0.451725
vt 0.317871 0.453369
vt 0.315762 0.442545
vt 0.303244 0.448751
vt 0.272157 0.456606
vt 0.292900 0.444537
vt 0.278319 0.425385
vt 0.302108 0.346290
vt 0.742151 0.499219
vt 0.679992 0.014801
vt 0.686264 0.013396
vt 0.742190 0.118387
vt 0.736323 0.127800
vt 0.741088 0.139575
vt 0.748684 0.117103
vt 0.747803 0.138184
vt 0.749113 0.104906
vt 0.773915 0.100716
vt 0.785821 0.062062
vt 0.786250 0.023612
vt 0.792239 0.010013
vt 0.052546 0.265623
vt 0.070428 0.271726
vt 0.069452 0.259322
vt 0.083949 0.267804
vt 0.088516 0.275901
vt 0.095231 0.261000
vt 0.073677 0.317404
vt 0.061032 0.328554
vt 0.061972 0.252706
vt 0.051300 0.251928
vt 0.051212 0.246609
vt 0.052469 0.258536
vt 0.182332 0.277337
vt 0.138240 0.800656
vt 0.160218 0.797715
vt 0.148695 0.792936
vt 0.175409 0.808859
vt 0.181114 0.799176
vt 0.178847 0.792352
vt 0.126281 0.792573
vt 0.142182 0.785358
vt 0.129026 0.778435
vt 0.156608 0.779511
vt 0.171011 0.785383
vt 0.178354 0.771355
vt 0.134658 0.771110
vt 0.165144 0.765966
vt 0.126035 0.765282
vt 0.160625 0.761984
vt 0.097193 0.784925
vt 0.113238 0.798514
vt 0.090386 0.791893
vt 0.122831 0.805574
vt 0.065220 0.816759
vt 0.083052 0.810440
vt 0.061975 0.824507
vt 0.088733 0.811423
vt 0.089519 0.804853
vt 0.103922 0.777743
vt 0.092213 0.771096
vt 0.135772 0.759986
vt 0.111762 0.754910
vt 0.136992 0.754496
vt 0.133789 0.747556
vt 0.091604 0.756301
vt 0.091029 0.749195
vt 0.099903 0.743171
vt 0.094251 0.737121
vt 0.127108 0.735897
vt 0.074812 0.745182
vt 0.067149 0.756488
vt 0.088210 0.764282
vt 0.070750 0.770436
vt 0.064231 0.838265
vt 0.050671 0.831241
vt 0.049508 0.839010
vt 0.050781 0.826416
vt 0.051313 0.817861
vt 0.071153 0.807022
vt 0.087257 0.797867
vt 0.066248 0.799331
vt 0.050972 0.810620
vt 0.050770 0.805645
vt 0.059266 0.795122
vt 0.060145 0.790671
vt 0.057358 0.784216
vt 0.052169 0.777485
vt 0.063656 0.765054
vt 0.076767 0.777472
vt 0.063174 0.751024
vt 0.050449 0.754562
vt 0.050401 0.761967
vt 0.050497 0.769425
vt 0.051200 0.747741
vt 0.051606 0.741729
vt 0.058994 0.735888
vt 0.080910 0.722433
vt 0.057315 0.727389
vt 0.049072 0.722900
vt 0.055981 0.715939
vt 0.051774 0.709683
vt 0.082618 0.710781
vt 0.082188 0.729115
vt 0.059485 0.730739
vt 0.088676 0.716109
vt 0.081745 0.705593
vt 0.102173 0.704346
vt 0.116194 0.705834
vt 0.115576 0.711018
vt 0.138387 0.705768
vt 0.151749 0.711059
vt 0.173476 0.706620
vt 0.148703 0.704590
vt 0.155697 0.717013
vt 0.180001 0.716995
vt 0.163104 0.723257
vt 0.170765 0.729699
vt 0.139763 0.729917
vt 0.183108 0.722989
vt 0.182831 0.756093
vt 0.161247 0.754859
vt 0.174102 0.748897
vt 0.182254 0.758917
vt 0.180987 0.763131
vt 0.182423 0.777706
vt 0.175822 0.743723
vt 0.138885 0.741616
vt 0.179467 0.737037
vt 0.138218 0.736288
vt 0.139912 0.747892
vt 0.049487 0.855173
vt 0.056223 0.852810
vt 0.051062 0.864308
vt 0.051773 0.871333
vt 0.076748 0.875282
vt 0.072341 0.882416
vt 0.052699 0.877345
vt 0.050896 0.882398
vt 0.066179 0.888568
vt 0.052206 0.887240
vt 0.087095 0.888943
vt 0.081181 0.893904
vt 0.479492 0.343750
vt 0.470404 0.345054
vt 0.461286 0.346853
vt 0.454878 0.363170
vt 0.448542 0.350326
vt 0.440943 0.359229
vt 0.438947 0.400914
vt 0.431893 0.401909
vt 0.433472 0.361401
vt 0.425453 0.382763
vt 0.427569 0.350921
vt 0.420292 0.378634
vt 0.422084 0.349966
vt 0.418982 0.422188
vt 0.195633 0.344381
vt 0.193719 0.351680
vt 0.198087 0.359062
vt 0.192701 0.338673
vt 0.196059 0.285962
vt 0.196316 0.265980
vt 0.195992 0.278833
vt 0.221321 0.251573
vt 0.746539 0.615807
vt 0.776768 0.620546
vt 0.776337 0.646033
vt 0.786539 0.640526
vt 0.750892 0.640900
vt 0.745250 0.646773
vt 0.756632 0.636542
vt 0.184814 0.312012
vt 0.181392 0.318108
vt 0.180583 0.324761
vt 0.172652 0.333062
vt 0.170013 0.339271
vt 0.145219 0.351649
vt 0.162474 0.352593
vt 0.176976 0.345007
vt 0.179435 0.352403
vt 0.181319 0.358096
vt 0.164613 0.359410
vt 0.163685 0.366863
vt 0.179688 0.364464
vt 0.176864 0.374780
vt 0.181044 0.381250
vt 0.152728 0.381173
vt 0.179425 0.386324
vt 0.152911 0.386675
vt 0.154325 0.392827
vt 0.182687 0.392814
vt 0.151446 0.373382
vt 0.180431 0.371100
vt 0.181988 0.402501
vt 0.145181 0.398331
vt 0.150980 0.401981
vt 0.163908 0.407364
vt 0.144524 0.412784
vt 0.141490 0.408315
vt 0.117804 0.402135
vt 0.121190 0.394947
vt 0.107029 0.392032
vt 0.108065 0.398049
vt 0.094586 0.402504
vt 0.085443 0.391888
vt 0.053054 0.400426
vt 0.093110 0.407371
vt 0.052382 0.406986
vt 0.097103 0.413120
vt 0.066931 0.418020
vt 0.057198 0.411910
vt 0.114966 0.418468
vt 0.119227 0.413253
vt 0.115052 0.408171
vt 0.167590 0.877042
vt 0.155649 0.882250
vt 0.123281 0.896730
vt 0.157794 0.888754
vt 0.154516 0.896996
vt 0.142170 0.900398
vt 0.173348 0.902807
vt 0.146704 0.908696
vt 0.177855 0.908908
vt 0.143337 0.915180
vt 0.150077 0.921651
vt 0.131146 0.921915
vt 0.140853 0.927062
vt 0.139803 0.931247
vt 0.155429 0.933449
vt 0.177998 0.916273
vt 0.176919 0.922510
vt 0.179719 0.883629
vt 0.441129 0.343857
vt 0.431632 0.346886
vt 0.415818 0.349271
vt 0.412245 0.346378
vt 0.521791 0.428991
vt 0.514233 0.442049
vt 0.517312 0.404785
vt 0.530086 0.410295
vt 0.524711 0.385858
vt 0.535150 0.428956
vt 0.526627 0.448895
vt 0.519532 0.451519
vt 0.508540 0.484506
vt 0.518738 0.487357
vt 0.513346 0.485817
vt 0.511293 0.487158
vt 0.518952 0.488999
vt 0.522860 0.489680
vt 0.524190 0.486604
vt 0.530229 0.459220
vt 0.537046 0.453051
vt 0.528922 0.491814
vt 0.541396 0.444861
vt 0.543117 0.459834
vt 0.533715 0.494519
vt 0.528087 0.492867
vt 0.525650 0.500584
vt 0.801301 0.194107
vt 0.806616 0.188403
vt 0.808038 0.196126
vt 0.815305 0.198098
vt 0.200034 0.364713
vt 0.754685 0.117186
vt 0.760574 0.108457
vt 0.766606 0.112218
vt 0.761561 0.125404
vt 0.773755 0.125187
vt 0.779876 0.107845
vt 0.766313 0.134867
vt 0.769224 0.138967
vt 0.779913 0.124749
vt 0.786186 0.121298
vt 0.786428 0.106139
vt 0.779781 0.076808
vt 0.787390 0.138484
vt 0.791313 0.135186
vt 0.792906 0.115970
vt 0.812041 0.139161
vt 0.807028 0.126516
vt 0.812818 0.130211
vt 0.804945 0.106361
vt 0.802208 0.123564
vt 0.811387 0.105849
vt 0.816689 0.100535
vt 0.820212 0.109560
vt 0.817211 0.136309
vt 0.825539 0.118355
vt 0.837525 0.098900
vt 0.842761 0.121497
vt 0.836814 0.136383
vt 0.831486 0.123664
vt 0.831916 0.076600
vt 0.842891 0.084109
vt 0.846191 0.099609
vt 0.826166 0.079366
vt 0.056830 0.333795
vt 0.081188 0.336121
vt 0.054171 0.337567
vt 0.056331 0.364505
vt 0.182915 0.890190
vt 0.179648 0.895660
vt 0.059456 0.927313
vt 0.054174 0.921220
vt 0.090788 0.923671
vt 0.060715 0.932146
vt 0.089236 0.930478
vt 0.088354 0.935306
vt 0.112229 0.935913
vt 0.105410 0.940926
vt 0.103938 0.928371
vt 0.083537 0.915710
vt 0.125539 0.915915
vt 0.091766 0.908334
vt 0.098209 0.903770
vt 0.099258 0.895844
vt 0.130432 0.902680
vt 0.129436 0.908653
vt 0.125553 0.928436
vt 0.136668 0.936757
vt 0.107236 0.947387
vt 0.133056 0.942425
vt 0.135997 0.946831
vt 0.128691 0.956714
vt 0.141999 0.951900
vt 0.140634 0.956986
vt 0.162003 0.947218
vt 0.758967 0.001818
vt 0.755127 0.139648
vt 0.405513 0.345710
vt 0.391965 0.345766
vt 0.407585 0.489153
vt 0.401073 0.487987
vt 0.395121 0.488912
vt 0.966731 0.840487
vt 0.871425 0.730164
vt 0.883351 0.695988
vt 0.879282 0.694635
vt 0.886960 0.683078
vt 0.858878 0.739968
vt 0.850740 0.735285
vt 0.861877 0.721927
vt 0.871068 0.702885
vt 0.875187 0.692983
vt 0.870188 0.690771
vt 0.879498 0.678841
vt 0.866931 0.689413
vt 0.867685 0.694543
vt 0.856072 0.702410
vt 0.860089 0.692467
vt 0.844276 0.705863
vt 0.794335 0.774757
vt 0.793196 0.778676
vt 0.789311 0.773754
vt 0.799070 0.781207
vt 0.796166 0.782369
vt 0.801517 0.788254
vt 0.803753 0.786764
vt 0.807512 0.791156
vt 0.808549 0.796143
vt 0.810860 0.795144
vt 0.818131 0.802363
vt 0.794019 0.794231
vt 0.789145 0.789818
vt 0.777638 0.802367
vt 0.778037 0.790519
vt 0.770303 0.802716
vt 0.764806 0.811141
vt 0.759374 0.806726
vt 0.783155 0.779576
vt 0.786055 0.769885
vt 0.761606 0.779565
vt 0.790882 0.770365
vt 0.783192 0.765387
vt 0.789062 0.767822
vt 0.776993 0.769241
vt 0.779403 0.760666
vt 0.754423 0.771767
vt 0.776038 0.756075
vt 0.773537 0.752410
vt 0.748880 0.768055
vt 0.761242 0.754833
vt 0.767960 0.743895
vt 0.765622 0.740303
vt 0.751848 0.737616
vt 0.751179 0.733645
vt 0.717488 0.742424
vt 0.729237 0.733284
vt 0.728396 0.729379
vt 0.744526 0.719534
vt 0.754394 0.720436
vt 0.749262 0.724539
vt 0.757616 0.720704
vt 0.757658 0.726518
vt 0.761576 0.727003
vt 0.760078 0.730839
vt 0.762866 0.735673
vt 0.750129 0.729701
vt 0.663147 0.001643
vt 0.674085 0.015738
vt 0.784825 0.762900
vt 0.781494 0.758545
vt 0.770048 0.741709
vt 0.247313 0.252982
vt 0.261470 0.246826
vt 0.779736 0.022125
vt 0.792969 0.055673
vt 0.797078 0.042414
vt 0.801280 0.068859
vt 0.802092 0.019979
vt 0.806278 0.059256
vt 0.797028 0.008501
vt 0.808150 0.002812
vt 0.808576 0.025399
vt 0.813452 0.002895
vt 0.814303 0.026774
vt 0.817019 0.002846
vt 0.822609 0.019850
vt 0.826585 0.002111
vt 0.827649 0.016571
vt 0.833113 0.026310
vt 0.832839 0.003954
vt 0.839613 0.003668
vt 0.843964 0.025395
vt 0.837501 0.045298
vt 0.826524 0.043026
vt 0.846436 0.064697
vt 0.817589 0.071514
vt 0.812058 0.070868
vt 0.822710 0.063387
vt 0.182037 0.794894
vt 0.073019 0.901047
vt 0.052243 0.894634
vt 0.052951 0.915744
vt 0.053551 0.907904
vt 0.247642 0.230043
vt 0.201414 0.213534
vt 0.209522 0.209207
vt 0.201392 0.201310
vt 0.654385 0.127972
vt 0.640880 0.109247
vt 0.641919 0.135156
vt 0.634137 0.138091
vt 0.647414 0.128492
vt 0.626700 0.135845
vt 0.623200 0.138477
vt 0.614298 0.113413
vt 0.616075 0.137037
vt 0.610329 0.133585
vt 0.607092 0.122103
vt 0.594548 0.081009
vt 0.600087 0.121364
vt 0.590576 0.058105
vt 0.590484 0.053628
vt 0.172816 0.234544
vt 0.175514 0.222207
vt 0.172711 0.215006
vt 0.177952 0.208023
vt 0.167751 0.206388
vt 0.184468 0.226983
vt 0.182864 0.200676
vt 0.160336 0.194213
vt 0.182489 0.194313
vt 0.170249 0.182729
vt 0.144575 0.175956
vt 0.179961 0.175555
vt 0.178039 0.172069
vt 0.148765 0.187732
vt 0.184907 0.190334
vt 0.152421 0.198395
vt 0.146971 0.181309
vt 0.144931 0.192975
vt 0.141547 0.171160
vt 0.126874 0.192660
vt 0.770779 0.748352
vt 0.752372 0.743341
vt 0.387926 0.493355
vt 0.375671 0.463741
vt 0.371609 0.466520
vt 0.365120 0.423169
vt 0.361152 0.427059
vt 0.361523 0.460073
vt 0.360562 0.472529
vt 0.347674 0.440721
vt 0.361430 0.500631
vt 0.370579 0.479673
vt 0.786527 0.002466
vt 0.791584 0.102230
vt 0.796168 0.079099
vt 0.177930 0.929780
vt 0.181252 0.936267
vt 0.997798 0.751984
vt 0.999130 0.744574
vt 0.845389 0.729940
vt 0.858799 0.717152
vt 0.856949 0.712116
vt 0.847851 0.720574
vt 0.843078 0.714416
vt 0.313419 0.392385
vt 0.741991 0.458257
vt 0.739667 0.453425
vt 0.755125 0.447293
vt 0.776487 0.453387
vt 0.756003 0.441214
vt 0.746409 0.436888
vt 0.737218 0.431760
vt 0.758166 0.430339
vt 0.767932 0.421777
vt 0.761378 0.425212
vt 0.741100 0.421094
vt 0.783508 0.416190
vt 0.757889 0.413086
vt 0.777320 0.412902
vt 0.805730 0.420894
vt 0.787859 0.438005
vt 0.803400 0.431764
vt 0.811729 0.425622
vt 0.832521 0.429956
vt 0.834306 0.422753
vt 0.832384 0.415402
vt 0.858522 0.416492
vt 0.845174 0.410690
vt 0.863663 0.410779
vt 0.862740 0.422339
vt 0.862782 0.429606
vt 0.057957 0.941557
vt 0.072994 0.938775
vt 0.073671 0.946858
vt 0.093686 0.953385
vt 0.128294 0.963223
vt 0.140834 0.962971
vt 0.133225 0.965977
vt 0.121422 0.967529
vt 0.101757 0.967133
vt 0.101432 0.958443
vt 0.087236 0.964875
vt 0.542117 0.413611
vt 0.644570 0.760031
vt 0.646177 0.760296
vt 0.390756 0.491590
vt 0.383254 0.495377
vt 0.386153 0.495401
vt 0.377338 0.500090
vt 0.323903 0.418490
vt 0.314513 0.419001
vt 0.315348 0.423784
vt 0.327819 0.424109
vt 0.328858 0.431089
vt 0.315734 0.433968
vt 0.290988 0.413113
vt 0.315160 0.429228
vt 0.279165 0.431745
vt 0.797462 0.113979
vt 0.549927 0.421454
vt 0.554476 0.423853
vt 0.546947 0.398553
vt 0.370965 0.504464
vt 0.374344 0.501677
vt 0.371215 0.515224
vt 0.424420 0.552821
vt 0.847168 0.356201
vt 0.849460 0.350957
vt 0.850213 0.355810
vt 0.857541 0.359375
vt 0.860082 0.343757
vt 0.864785 0.344271
vt 0.867792 0.359235
vt 0.873770 0.363171
vt 0.869568 0.364322
vt 0.881802 0.358088
vt 0.887910 0.368627
vt 0.882568 0.369873
vt 0.893015 0.373396
vt 0.891125 0.363881
vt 0.894383 0.364994
vt 0.897256 0.360509
vt 0.895264 0.374268
vt 0.899409 0.360365
vt 0.897461 0.374756
vt 0.899831 0.373645
vt 0.903694 0.372973
vt 0.901544 0.366802
vt 0.910308 0.366952
vt 0.910547 0.373261
vt 0.913719 0.359207
vt 0.914795 0.364502
vt 0.907884 0.360994
vt 0.903690 0.365364
vt 0.901942 0.356767
vt 0.896131 0.354315
vt 0.893044 0.352005
vt 0.890172 0.353659
vt 0.876956 0.343405
vt 0.853736 0.342624
vt 0.871716 0.339629
vt 0.897863 0.342995
vt 0.900732 0.341859
vt 0.902514 0.348059
vt 0.903069 0.341017
vt 0.907114 0.352741
vt 0.909716 0.351068
vt 0.914098 0.351902
vt 0.915536 0.342101
vt 0.911800 0.340469
vt 0.908611 0.343864
vt 0.916671 0.330695
vt 0.913566 0.329452
vt 0.910490 0.333468
vt 0.911974 0.324263
vt 0.906435 0.337856
vt 0.904975 0.330693
vt 0.904108 0.325358
vt 0.899461 0.336270
vt 0.321439 0.228447
vt 0.328086 0.236017
vt 0.322397 0.224624
vt 0.190959 0.407018
vt 0.839327 0.351409
vt 0.859021 0.335007
vt 0.862683 0.327783
vt 0.865387 0.322827
vt 0.868346 0.318331
vt 0.864071 0.326660
vt 0.872719 0.309642
vt 0.873593 0.310511
vt 0.877319 0.303190
vt 0.882591 0.302380
vt 0.876332 0.316545
vt 0.891559 0.316113
vt 0.883984 0.338000
vt 0.869789 0.326375
vt 0.893482 0.339074
vt 0.897452 0.320643
vt 0.896771 0.334675
vt 0.797792 0.136309
vt 0.138960 0.723286
vt 0.128534 0.741526
vt 0.126287 0.729848
vt 0.124562 0.723572
vt 0.117851 0.716961
vt 0.099378 0.730044
vt 0.170563 0.941822
vt 0.182424 0.948863
vt 0.178956 0.955099
vt 0.174861 0.959125
vt 0.176560 0.963825
vt 0.174151 0.967313
vt 0.049606 0.949455
vt 0.058967 0.954035
vt 0.051777 0.964339
vt 0.064456 0.958095
vt 0.546113 0.466743
vt 0.537416 0.496302
vt 0.540579 0.498546
vt 0.550181 0.488853
vt 0.536527 0.497066
vt 0.534366 0.505652
vt 0.544408 0.500856
vt 0.552307 0.506229
vt 0.560544 0.528611
vt 0.853313 0.240530
vt 0.851815 0.236669
vt 0.852332 0.230932
vt 0.856650 0.235630
vt 0.199932 0.194913
vt 0.207093 0.189395
vt 0.744818 0.663016
vt 0.619629 0.140381
vt 0.594376 0.136174
vt 0.590576 0.127930
vt 0.995605 0.717773
vt 0.988897 0.707607
vt 0.811317 0.411404
vt 0.738182 0.415673
vt 0.748005 0.413086
vt 0.738037 0.413330
vt 0.880831 0.297681
vt 0.885180 0.290903
vt 0.902747 0.296744
vt 0.911007 0.277497
vt 0.913575 0.275045
vt 0.916529 0.270597
vt 0.915025 0.280653
vt 0.918308 0.277753
vt 0.919743 0.265922
vt 0.921286 0.273520
vt 0.921631 0.268799
vt 0.341165 0.355373
vt 0.343168 0.383572
vt 0.338189 0.383796
vt 0.335928 0.351787
vt 0.333793 0.352156
vt 0.367830 0.507267
vt 0.364231 0.511705
vt 0.363037 0.522705
vt 0.360858 0.515184
vt 0.355684 0.492797
vt 0.348951 0.463067
vt 0.341195 0.426393
vt 0.548696 0.504169
vt 0.236572 0.188477
vt 0.148638 0.172972
vt 0.147327 0.157070
vt 0.143416 0.160776
vt 0.141179 0.164742
vt 0.166409 0.167305
vt 0.180544 0.157075
vt 0.181849 0.161640
vt 0.164645 0.613785
vt 0.165556 0.618629
vt 0.163330 0.616455
vt 0.167426 0.612887
vt 0.168184 0.611868
vt 0.165527 0.612061
vt 0.168434 0.620438
vt 0.171983 0.611341
vt 0.162305 0.631887
vt 0.159424 0.631348
vt 0.165238 0.629103
vt 0.170642 0.623813
vt 0.173419 0.616089
vt 0.161029 0.644108
vt 0.159036 0.643197
vt 0.165551 0.634505
vt 0.170104 0.629030
vt 0.165109 0.642023
vt 0.168938 0.635661
vt 0.171900 0.631294
vt 0.174505 0.623444
vt 0.174173 0.631950
vt 0.175228 0.634907
vt 0.171350 0.644605
vt 0.168388 0.644298
vt 0.165709 0.646735
vt 0.157988 0.638428
vt 0.157070 0.656302
vt 0.175425 0.638961
vt 0.172295 0.650070
vt 0.165590 0.655172
vt 0.162593 0.656444
vt 0.158217 0.662683
vt 0.162101 0.666038
vt 0.157161 0.675173
vt 0.154866 0.675362
vt 0.160925 0.674750
vt 0.165945 0.667005
vt 0.167594 0.663170
vt 0.170412 0.652968
vt 0.173107 0.659965
vt 0.175245 0.646943
vt 0.179622 0.633270
vt 0.178939 0.629341
vt 0.178096 0.627807
vt 0.180449 0.642171
vt 0.183835 0.633644
vt 0.185938 0.634991
vt 0.185763 0.626916
vt 0.187995 0.625639
vt 0.182400 0.622028
vt 0.178780 0.621410
vt 0.177407 0.619186
vt 0.177324 0.615376
vt 0.174653 0.603539
vt 0.170762 0.603958
vt 0.177513 0.609552
vt 0.179061 0.602868
vt 0.180028 0.609190
vt 0.182554 0.609168
vt 0.183086 0.612898
vt 0.181141 0.620980
vt 0.185802 0.620900
vt 0.190429 0.625067
vt 0.190730 0.636289
vt 0.196812 0.624460
vt 0.193118 0.645840
vt 0.186206 0.616099
vt 0.186236 0.612930
vt 0.193343 0.614823
vt 0.194554 0.617431
vt 0.197409 0.619961
vt 0.190281 0.611431
vt 0.187438 0.609811
vt 0.186910 0.604538
vt 0.172336 0.598039
vt 0.176024 0.593198
vt 0.178187 0.586455
vt 0.183683 0.589016
vt 0.189420 0.589629
vt 0.185898 0.580827
vt 0.195205 0.588157
vt 0.193685 0.597094
vt 0.197211 0.603255
vt 0.203889 0.608500
vt 0.203306 0.596518
vt 0.200523 0.587976
vt 0.192670 0.580916
vt 0.201709 0.580265
vt 0.179485 0.579702
vt 0.184410 0.568033
vt 0.190744 0.572955
vt 0.196676 0.577132
vt 0.196725 0.563388
vt 0.191813 0.556359
vt 0.202150 0.564573
vt 0.180498 0.565621
vt 0.177262 0.572740
vt 0.177082 0.560155
vt 0.176438 0.532831
vt 0.181762 0.548290
vt 0.173341 0.544467
vt 0.173037 0.533240
vt 0.180661 0.533028
vt 0.186866 0.550957
vt 0.184574 0.532327
vt 0.185002 0.529212
vt 0.189909 0.532111
vt 0.193857 0.531388
vt 0.193963 0.528898
vt 0.200271 0.530227
vt 0.204428 0.526865
vt 0.205167 0.529875
vt 0.207916 0.526355
vt 0.210024 0.528632
vt 0.211290 0.525912
vt 0.214870 0.524675
vt 0.216528 0.527455
vt 0.220731 0.523557
vt 0.222437 0.526223
vt 0.226981 0.525419
vt 0.231419 0.523967
vt 0.230461 0.536451
vt 0.235558 0.522790
vt 0.239709 0.544092
vt 0.246062 0.550424
vt 0.239850 0.521633
vt 0.246903 0.519493
vt 0.250611 0.518229
vt 0.254904 0.528077
vt 0.243081 0.520633
vt 0.244873 0.516602
vt 0.886614 0.163853
vt 0.144472 0.418795
vt 0.167372 0.418888
vt 0.170011 0.413267
vt 0.900656 0.306355
vt 0.905916 0.289159
vt 0.908084 0.293871
vt 0.919165 0.283689
vt 0.916838 0.288241
vt 0.916947 0.294331
vt 0.920410 0.293945
vt 0.919434 0.295654
vt 0.916610 0.302120
vt 0.913889 0.298225
vt 0.908956 0.304692
vt 0.917665 0.311744
vt 0.915177 0.307798
vt 0.909415 0.311139
vt 0.913779 0.315021
vt 0.915300 0.319134
vt 0.909025 0.320552
vt 0.906556 0.310262
vt 0.904201 0.305805
vt 0.902550 0.321708
vt 0.899420 0.321688
vt 0.009297 0.418845
vt 0.007589 0.432497
vt 0.005859 0.424805
vt 0.013442 0.421533
vt 0.013672 0.416016
vt 0.007806 0.453445
vt 0.011769 0.432645
vt 0.004807 0.454511
vt 0.005127 0.444092
vt 0.012262 0.440260
vt 0.014224 0.431116
vt 0.016010 0.421491
vt 0.019685 0.422109
vt 0.016561 0.416321
vt 0.018555 0.415771
vt 0.021062 0.423047
vt 0.024958 0.416992
vt 0.022486 0.426459
vt 0.026587 0.422029
vt 0.031269 0.421721
vt 0.027706 0.428794
vt 0.035562 0.423196
vt 0.038878 0.421846
vt 0.035508 0.435046
vt 0.029636 0.433447
vt 0.040151 0.426176
vt 0.038089 0.436607
vt 0.045179 0.434453
vt 0.050609 0.446507
vt 0.048204 0.434882
vt 0.054836 0.429573
vt 0.061339 0.432517
vt 0.067163 0.433048
vt 0.061051 0.447131
vt 0.067666 0.441859
vt 0.070389 0.436561
vt 0.031882 0.441254
vt 0.044650 0.449931
vt 0.033481 0.450479
vt 0.059319 0.455592
vt 0.062706 0.450508
vt 0.060498 0.457302
vt 0.065340 0.445526
vt 0.057407 0.460104
vt 0.055091 0.463557
vt 0.067287 0.462248
vt 0.076204 0.451421
vt 0.075185 0.440500
vt 0.082916 0.440496
vt 0.090548 0.442603
vt 0.086139 0.450099
vt 0.106921 0.448711
vt 0.101812 0.461662
vt 0.093233 0.456866
vt 0.098265 0.445990
vt 0.057445 0.473865
vt 0.071219 0.472029
vt 0.079891 0.461714
vt 0.068748 0.484338
vt 0.080934 0.473876
vt 0.061082 0.484264
vt 0.076485 0.488171
vt 0.115821 0.450673
vt 0.109397 0.461211
vt 0.121145 0.456937
vt 0.111048 0.470175
vt 0.090711 0.474464
vt 0.095601 0.478748
vt 0.100689 0.483689
vt 0.119620 0.473210
vt 0.110096 0.483425
vt 0.124974 0.486484
vt 0.119765 0.489094
vt 0.113366 0.493011
vt 0.116261 0.494281
vt 0.123063 0.489857
vt 0.127533 0.484483
vt 0.134336 0.485312
vt 0.126830 0.495121
vt 0.116826 0.502999
vt 0.130531 0.498647
vt 0.133140 0.501649
vt 0.122886 0.506425
vt 0.143238 0.497727
vt 0.139152 0.506688
vt 0.128776 0.510458
vt 0.136542 0.517225
vt 0.147930 0.515183
vt 0.143883 0.520501
vt 0.129128 0.516199
vt 0.133900 0.522795
vt 0.125676 0.524066
vt 0.124266 0.519867
vt 0.118266 0.513402
vt 0.112341 0.511039
vt 0.106097 0.501186
vt 0.106941 0.497003
vt 0.101440 0.500231
vt 0.108936 0.493392
vt 0.101452 0.496792
vt 0.097664 0.502203
vt 0.092385 0.504119
vt 0.087364 0.499811
vt 0.091625 0.506228
vt 0.101221 0.510703
vt 0.101748 0.517840
vt 0.117270 0.520805
vt 0.132796 0.527897
vt 0.112460 0.532064
vt 0.106864 0.526057
vt 0.094905 0.528879
vt 0.085072 0.513840
vt 0.086315 0.506239
vt 0.086447 0.508799
vt 0.074761 0.499518
vt 0.086664 0.489058
vt 0.004120 0.482075
vt 0.005755 0.470152
vt 0.007427 0.473280
vt 0.004820 0.485537
vt 0.008424 0.478997
vt 0.009701 0.487895
vt 0.013521 0.473349
vt 0.012864 0.487400
vt 0.018628 0.470951
vt 0.020326 0.482504
vt 0.004968 0.495498
vt 0.003155 0.493364
vt 0.009036 0.494063
vt 0.011356 0.497312
vt 0.016162 0.494602
vt 0.018161 0.491379
vt 0.015518 0.501333
vt 0.025680 0.484324
vt 0.017838 0.503547
vt 0.025368 0.498411
vt 0.030463 0.507055
vt 0.033144 0.501318
vt 0.028082 0.511408
vt 0.034332 0.512720
vt 0.035584 0.499472
vt 0.041876 0.501356
vt 0.042029 0.492646
vt 0.038845 0.493072
vt 0.041476 0.488023
vt 0.040268 0.485328
vt 0.033533 0.467891
vt 0.039701 0.463839
vt 0.027268 0.471202
vt 0.022349 0.472385
vt 0.044675 0.482863
vt 0.043388 0.486108
vt 0.047289 0.479059
vt 0.050260 0.486714
vt 0.057985 0.500004
vt 0.057878 0.509193
vt 0.063143 0.513163
vt 0.074606 0.508251
vt 0.079121 0.512853
vt 0.076734 0.511517
vt 0.083532 0.510283
vt 0.009015 0.461873
vt 0.013221 0.466358
vt 0.017414 0.463771
vt 0.016198 0.455173
vt 0.029436 0.457341
vt 0.025093 0.461863
vt 0.022581 0.461384
vt 0.026371 0.452500
vt 0.023241 0.453376
vt 0.019153 0.453404
vt 0.013906 0.455453
vt 0.010189 0.452060
vt 0.016597 0.447008
vt 0.020085 0.447200
vt 0.025457 0.441983
vt 0.018425 0.441273
vt 0.020629 0.442064
vt 0.023881 0.433279
vt 0.048493 0.465796
vt 0.049298 0.474927
vt 0.052156 0.470215
vt 0.028188 0.441692
vt 0.017260 0.433674
vt 0.184081 0.418213
vt 0.909603 0.296390
vt 0.163818 0.678467
vt 0.164149 0.671293
vt 0.165039 0.679688
vt 0.167174 0.677355
vt 0.169958 0.674774
vt 0.169069 0.682226
vt 0.168354 0.671374
vt 0.171007 0.682751
vt 0.171767 0.675402
vt 0.174542 0.684989
vt 0.174756 0.676653
vt 0.176594 0.683790
vt 0.169421 0.661176
vt 0.171091 0.665390
vt 0.176010 0.661792
vt 0.177493 0.652574
vt 0.180171 0.651196
vt 0.178338 0.661160
vt 0.184380 0.652811
vt 0.200003 0.637555
vt 0.202584 0.627708
vt 0.201308 0.625125
vt 0.199220 0.621894
vt 0.197196 0.618375
vt 0.203055 0.618372
vt 0.208084 0.623742
vt 0.204688 0.631285
vt 0.210061 0.607739
vt 0.208139 0.597038
vt 0.206985 0.586246
vt 0.208702 0.580089
vt 0.213947 0.579766
vt 0.212812 0.595886
vt 0.214736 0.586446
vt 0.213082 0.614465
vt 0.214406 0.629130
vt 0.217599 0.614714
vt 0.219336 0.627408
vt 0.224790 0.620832
vt 0.219794 0.607166
vt 0.217801 0.593553
vt 0.225613 0.608318
vt 0.228728 0.615765
vt 0.222462 0.598423
vt 0.222043 0.586074
vt 0.218148 0.579486
vt 0.206635 0.560046
vt 0.211827 0.556182
vt 0.221860 0.578115
vt 0.224847 0.578277
vt 0.226752 0.598011
vt 0.227219 0.587137
vt 0.231827 0.598924
vt 0.227458 0.578089
vt 0.223236 0.558465
vt 0.231953 0.577002
vt 0.233629 0.587865
vt 0.235031 0.610348
vt 0.233308 0.622131
vt 0.206506 0.634699
vt 0.180756 0.672999
vt 0.186677 0.668319
vt 0.195037 0.654224
vt 0.200564 0.650134
vt 0.212425 0.647193
vt 0.203507 0.665708
vt 0.207602 0.653520
vt 0.213674 0.650267
vt 0.214795 0.660579
vt 0.216050 0.661470
vt 0.214602 0.661688
vt 0.226269 0.658707
vt 0.222781 0.670589
vt 0.218364 0.647856
vt 0.220868 0.647481
vt 0.215320 0.648144
vt 0.210196 0.641909
vt 0.222028 0.635927
vt 0.211033 0.638936
vt 0.226981 0.647440
vt 0.215638 0.665231
vt 0.216462 0.669777
vt 0.215040 0.674760
vt 0.214749 0.678621
vt 0.213045 0.684716
vt 0.208703 0.689703
vt 0.196648 0.662746
vt 0.199191 0.657917
vt 0.200552 0.683659
vt 0.211741 0.692769
vt 0.228155 0.679320
vt 0.228787 0.670985
vt 0.227995 0.632658
vt 0.232880 0.638399
vt 0.233025 0.646293
vt 0.235730 0.654681
vt 0.237536 0.663038
vt 0.234919 0.670688
vt 0.238364 0.632460
vt 0.238990 0.618381
vt 0.236768 0.597100
vt 0.242369 0.612502
vt 0.244491 0.602096
vt 0.248795 0.616883
vt 0.243815 0.627442
vt 0.243776 0.636755
vt 0.242975 0.645358
vt 0.243419 0.657360
vt 0.251622 0.633582
vt 0.256806 0.623030
vt 0.254469 0.612877
vt 0.264123 0.625316
vt 0.260632 0.611000
vt 0.266918 0.613387
vt 0.258782 0.631053
vt 0.248266 0.644885
vt 0.254899 0.643698
vt 0.251404 0.668554
vt 0.243258 0.669801
vt 0.270528 0.629185
vt 0.260426 0.643119
vt 0.264757 0.642382
vt 0.269986 0.641589
vt 0.263055 0.666748
vt 0.256139 0.667920
vt 0.257847 0.683369
vt 0.251894 0.684731
vt 0.269186 0.655435
vt 0.274606 0.654032
vt 0.275158 0.640686
vt 0.271165 0.665591
vt 0.279495 0.638945
vt 0.274666 0.623696
vt 0.280507 0.627221
vt 0.272665 0.610072
vt 0.278928 0.613032
vt 0.287328 0.628603
vt 0.283743 0.638669
vt 0.293356 0.629379
vt 0.294074 0.622967
vt 0.286272 0.614734
vt 0.277300 0.602407
vt 0.285765 0.606685
vt 0.292200 0.606156
vt 0.285254 0.598040
vt 0.266097 0.598358
vt 0.260618 0.600079
vt 0.254215 0.598145
vt 0.249876 0.601713
vt 0.238717 0.583868
vt 0.249896 0.588203
vt 0.243031 0.579484
vt 0.270642 0.593616
vt 0.275952 0.592301
vt 0.258069 0.588958
vt 0.277503 0.587764
vt 0.264921 0.578573
vt 0.261591 0.582452
vt 0.249617 0.577705
vt 0.238016 0.575913
vt 0.229240 0.563025
vt 0.236997 0.561987
vt 0.215875 0.558081
vt 0.214820 0.543181
vt 0.209023 0.538510
vt 0.240884 0.557567
vt 0.356568 0.186188
vt 0.360712 0.164967
vt 0.365010 0.170111
vt 0.364256 0.154333
vt 0.418308 0.197172
vt 0.376488 0.168006
vt 0.367399 0.160068
vt 0.379005 0.181281
vt 0.369426 0.174864
vt 0.374855 0.177745
vt 0.361183 0.163849
vt 0.350469 0.216134
vt 0.352671 0.230506
vt 0.341723 0.268490
vt 0.343820 0.295370
vt 0.335066 0.310136
vt 0.337259 0.318328
vt 0.342579 0.325673
vt 0.350426 0.325992
vt 0.344971 0.330566
vt 0.362571 0.283590
vt 0.361767 0.320653
vt 0.356297 0.326678
vt 0.368056 0.313755
vt 0.375230 0.308152
vt 0.368205 0.281439
vt 0.381939 0.317805
vt 0.382174 0.275925
vt 0.375560 0.279098
vt 0.387488 0.294010
vt 0.376949 0.238011
vt 0.357936 0.284678
vt 0.364273 0.244488
vt 0.354808 0.248225
vt 0.352831 0.285308
vt 0.347519 0.295155
vt 0.002499 0.510153
vt 0.002197 0.503418
vt 0.006948 0.507308
vt 0.002317 0.518337
vt 0.001709 0.514893
vt 0.004590 0.525441
vt 0.009442 0.516707
vt 0.002839 0.522982
vt 0.007011 0.526559
vt 0.010475 0.526020
vt 0.014236 0.513890
vt 0.009117 0.507603
vt 0.013063 0.509883
vt 0.013730 0.525160
vt 0.018052 0.525308
vt 0.015527 0.529886
vt 0.013037 0.532917
vt 0.019432 0.527726
vt 0.016994 0.537075
vt 0.010332 0.540780
vt 0.010148 0.536245
vt 0.009241 0.535493
vt 0.000460 0.534038
vt 0.004655 0.537031
vt 0.001114 0.536938
vt 0.003926 0.541502
vt 0.005071 0.547349
vt 0.010699 0.547193
vt 0.000488 0.543457
vt 0.000488 0.545654
vt 0.001258 0.549192
vt 0.004484 0.555978
vt 0.002097 0.556667
vt 0.000281 0.556008
vt 0.002499 0.559455
vt 0.011818 0.554740
vt 0.006688 0.559119
vt 0.005873 0.560801
vt 0.001709 0.561523
vt 0.004168 0.564626
vt 0.011937 0.568965
vt 0.009830 0.572476
vt 0.006652 0.571069
vt 0.009033 0.575439
vt 0.016200 0.581963
vt 0.014437 0.559726
vt 0.012865 0.559009
vt 0.018426 0.561482
vt 0.016047 0.578304
vt 0.026248 0.576042
vt 0.026649 0.585377
vt 0.021645 0.563480
vt 0.030264 0.568246
vt 0.025748 0.565801
vt 0.031634 0.561901
vt 0.026837 0.560868
vt 0.023438 0.558412
vt 0.021103 0.557255
vt 0.027411 0.554687
vt 0.020849 0.553365
vt 0.026114 0.547071
vt 0.019314 0.552051
vt 0.031812 0.549073
vt 0.034069 0.551968
vt 0.038983 0.559100
vt 0.041253 0.560954
vt 0.034380 0.566131
vt 0.029753 0.578087
vt 0.036546 0.590552
vt 0.023792 0.586614
vt 0.017534 0.583601
vt 0.016846 0.587646
vt 0.019474 0.591693
vt 0.023090 0.591540
vt 0.029138 0.590076
vt 0.027074 0.590634
vt 0.026570 0.599894
vt 0.025635 0.602539
vt 0.029929 0.608192
vt 0.035901 0.602057
vt 0.033346 0.593637
vt 0.036156 0.597046
vt 0.038158 0.611139
vt 0.038963 0.598287
vt 0.042569 0.603994
vt 0.043846 0.602217
vt 0.043942 0.599814
vt 0.044002 0.594573
vt 0.047918 0.589095
vt 0.049447 0.606691
vt 0.048396 0.607655
vt 0.062446 0.601258
vt 0.058481 0.608864
vt 0.068941 0.609235
vt 0.056135 0.613498
vt 0.060477 0.618083
vt 0.053930 0.611862
vt 0.052409 0.615831
vt 0.080874 0.609130
vt 0.070144 0.598916
vt 0.060323 0.591233
vt 0.054454 0.585559
vt 0.041042 0.581965
vt 0.069873 0.589801
vt 0.066479 0.578373
vt 0.062484 0.577891
vt 0.080379 0.574259
vt 0.070533 0.579683
vt 0.069733 0.569985
vt 0.050420 0.574090
vt 0.065195 0.563728
vt 0.083076 0.582563
vt 0.077656 0.581145
vt 0.095130 0.564027
vt 0.084205 0.557414
vt 0.074629 0.557893
vt 0.062709 0.560289
vt 0.069718 0.555518
vt 0.062801 0.557276
vt 0.075437 0.554701
vt 0.079672 0.555593
vt 0.086427 0.554232
vt 0.098632 0.573017
vt 0.078953 0.583193
vt 0.084043 0.589099
vt 0.077881 0.595434
vt 0.087061 0.602572
vt 0.067820 0.616738
vt 0.064126 0.620619
vt 0.069450 0.624529
vt 0.078203 0.625342
vt 0.067806 0.625115
vt 0.061392 0.622916
vt 0.071856 0.627053
vt 0.062733 0.628844
vt 0.052951 0.627867
vt 0.040326 0.623404
vt 0.045269 0.630400
vt 0.048830 0.636975
vt 0.056881 0.645276
vt 0.062959 0.646297
vt 0.073051 0.630071
vt 0.067176 0.638832
vt 0.061824 0.654618
vt 0.073151 0.645468
vt 0.076353 0.634410
vt 0.076555 0.631525
vt 0.079396 0.635135
vt 0.080123 0.638292
vt 0.082031 0.636719
vt 0.082409 0.632982
vt 0.090386 0.627211
vt 0.081804 0.618834
vt 0.100059 0.608360
vt 0.106468 0.611809
vt 0.096094 0.613664
vt 0.109776 0.608341
vt 0.104319 0.601385
vt 0.113752 0.604264
vt 0.105544 0.591963
vt 0.129321 0.592190
vt 0.126830 0.595096
vt 0.122813 0.591077
vt 0.131141 0.589828
vt 0.127504 0.585300
vt 0.138898 0.560582
vt 0.134620 0.556921
vt 0.147949 0.555420
vt 0.143800 0.552522
vt 0.141126 0.549042
vt 0.151148 0.545639
vt 0.139339 0.545390
vt 0.145764 0.541980
vt 0.152576 0.542181
vt 0.150874 0.539899
vt 0.155860 0.538873
vt 0.159151 0.534167
vt 0.146241 0.537499
vt 0.153294 0.533187
vt 0.158179 0.530544
vt 0.147762 0.530758
vt 0.144467 0.540013
vt 0.145148 0.534269
vt 0.137863 0.532705
vt 0.133542 0.539415
vt 0.134496 0.535939
vt 0.138154 0.542979
vt 0.130202 0.549617
vt 0.125243 0.556333
vt 0.133215 0.566151
vt 0.117117 0.569454
vt 0.133624 0.573147
vt 0.112915 0.558971
vt 0.130698 0.545388
vt 0.129118 0.535103
vt 0.123010 0.543233
vt 0.125529 0.533316
vt 0.157789 0.522606
vt 0.116984 0.541978
vt 0.119904 0.538766
vt 0.121281 0.549222
vt 0.118651 0.552469
vt 0.123617 0.545996
vt 0.116090 0.546800
vt 0.118177 0.575323
vt 0.118416 0.589927
vt 0.108027 0.552963
vt 0.108794 0.548083
vt 0.106911 0.545799
vt 0.112195 0.540036
vt 0.116789 0.536442
vt 0.105456 0.538700
vt 0.105122 0.542365
vt 0.097504 0.549060
vt 0.102328 0.551250
vt 0.095324 0.555775
vt 0.094029 0.552361
vt 0.095739 0.546664
vt 0.091012 0.542321
vt 0.094351 0.539492
vt 0.088740 0.519975
vt 0.070446 0.517748
vt 0.074348 0.516022
vt 0.065910 0.520416
vt 0.074476 0.521087
vt 0.078649 0.532229
vt 0.081409 0.533941
vt 0.076921 0.547922
vt 0.064861 0.526660
vt 0.061658 0.536974
vt 0.072538 0.541367
vt 0.081538 0.542175
vt 0.075297 0.544832
vt 0.077039 0.549687
vt 0.084286 0.551861
vt 0.068147 0.545714
vt 0.063024 0.547027
vt 0.062793 0.550130
vt 0.069276 0.550273
vt 0.101369 0.580440
vt 0.088754 0.583609
vt 0.096595 0.584263
vt 0.096425 0.585741
vt 0.105103 0.587140
vt 0.112087 0.588155
vt 0.112291 0.589318
vt 0.093432 0.586433
vt 0.093879 0.598556
vt 0.002533 0.498897
vt 0.044142 0.511821
vt 0.053440 0.494636
vt 0.049124 0.517573
vt 0.060270 0.521650
vt 0.040316 0.521601
vt 0.023534 0.521627
vt 0.023709 0.517677
vt 0.032719 0.525548
vt 0.045565 0.525299
vt 0.047911 0.530519
vt 0.049459 0.530474
vt 0.053758 0.528584
vt 0.060270 0.523901
vt 0.146995 0.099388
vt 0.147752 0.134152
vt 0.141749 0.132373
vt 0.153116 0.104642
vt 0.153286 0.136694
vt 0.169288 0.128025
vt 0.166883 0.139251
vt 0.163758 0.133215
vt 0.173722 0.140414
vt 0.175492 0.119831
vt 0.177023 0.139766
vt 0.181886 0.123248
vt 0.188236 0.137028
vt 0.187012 0.101149
vt 0.195823 0.108859
vt 0.203292 0.138136
vt 0.197574 0.137093
vt 0.208797 0.140674
vt 0.208027 0.100341
vt 0.212765 0.140005
vt 0.202345 0.105605
vt 0.214008 0.119737
vt 0.219613 0.126782
vt 0.228260 0.140317
vt 0.227828 0.121231
vt 0.234169 0.140299
vt 0.235141 0.111024
vt 0.248762 0.138944
vt 0.242390 0.126045
vt 0.248801 0.105840
vt 0.254443 0.112204
vt 0.255380 0.136330
vt 0.260108 0.130663
vt 0.112342 0.107345
vt 0.118161 0.131103
vt 0.112834 0.133697
vt 0.117503 0.088302
vt 0.123703 0.124029
vt 0.129303 0.111376
vt 0.134887 0.084083
vt 0.135447 0.128823
vt 0.141435 0.084890
vt 0.123040 0.074121
vt 0.112366 0.067724
vt 0.110596 0.091553
vt 0.117853 0.053516
vt 0.122998 0.029538
vt 0.128662 0.063660
vt 0.145865 0.041714
vt 0.134368 0.036710
vt 0.113570 0.028595
vt 0.140172 0.032550
vt 0.128028 0.015946
vt 0.110048 0.003521
vt 0.151757 0.058812
vt 0.151165 0.011054
vt 0.157587 0.030668
vt 0.157400 0.005776
vt 0.161118 0.006566
vt 0.174226 0.023719
vt 0.178433 0.003839
vt 0.179956 0.032155
vt 0.163081 0.040045
vt 0.168454 0.022111
vt 0.161763 0.084142
vt 0.157206 0.085530
vt 0.187257 0.017535
vt 0.189964 0.003755
vt 0.194258 0.042029
vt 0.201321 0.019188
vt 0.202148 0.004639
vt 0.206699 0.005362
vt 0.207515 0.020981
vt 0.213458 0.020283
vt 0.211625 0.005195
vt 0.219477 0.009309
vt 0.233661 0.012893
vt 0.240562 0.004539
vt 0.241096 0.023416
vt 0.247655 0.009991
vt 0.261557 0.025731
vt 0.255461 0.016497
vt 0.261625 0.006072
vt 0.267982 0.003276
vt 0.273082 0.017974
vt 0.267303 0.025885
vt 0.278344 0.022466
vt 0.278634 0.002992
vt 0.282684 0.011756
vt 0.273249 0.051232
vt 0.679365 0.421578
vt 0.721192 0.422900
vt 0.723203 0.428384
vt 0.680533 0.426898
vt 0.674180 0.419922
vt 0.671999 0.423831
vt 0.687785 0.433247
vt 0.667886 0.431037
vt 0.684012 0.439065
vt 0.651709 0.437091
vt 0.676264 0.444582
vt 0.685054 0.452326
vt 0.676958 0.451415
vt 0.686423 0.445437
vt 0.715031 0.446792
vt 0.675173 0.458853
vt 0.687437 0.458335
vt 0.671658 0.450607
vt 0.687517 0.464114
vt 0.678807 0.473448
vt 0.685280 0.470946
vt 0.703447 0.475348
vt 0.701726 0.481053
vt 0.724017 0.481571
vt 0.726102 0.489810
vt 0.701940 0.489127
vt 0.724904 0.496581
vt 0.682370 0.487077
vt 0.680084 0.481456
vt 0.686572 0.495594
vt 0.722429 0.501703
vt 0.685331 0.502189
vt 0.715672 0.506605
vt 0.668419 0.501074
vt 0.634750 0.478833
vt 0.641174 0.473049
vt 0.658215 0.468430
vt 0.660427 0.486114
vt 0.651734 0.492853
vt 0.626478 0.502727
vt 0.669574 0.510480
vt 0.641128 0.509575
vt 0.628194 0.511341
vt 0.629924 0.515803
vt 0.602870 0.507517
vt 0.597718 0.500445
vt 0.599475 0.497037
vt 0.595219 0.513028
vt 0.608025 0.515603
vt 0.601823 0.520145
vt 0.595830 0.533913
vt 0.596653 0.527460
vt 0.618002 0.533672
vt 0.592873 0.559967
vt 0.595058 0.552302
vt 0.606240 0.558552
vt 0.602118 0.565854
vt 0.626140 0.552959
vt 0.596608 0.545792
vt 0.631705 0.546824
vt 0.626007 0.559835
vt 0.632824 0.567940
vt 0.606919 0.572228
vt 0.631386 0.574989
vt 0.608556 0.577137
vt 0.629586 0.582732
vt 0.600464 0.581407
vt 0.614773 0.588593
vt 0.630351 0.588595
vt 0.629898 0.594418
vt 0.640470 0.561780
vt 0.601805 0.539518
vt 0.635505 0.539095
vt 0.631110 0.531570
vt 0.664116 0.553990
vt 0.654680 0.576230
vt 0.669035 0.548456
vt 0.663814 0.539790
vt 0.662786 0.533303
vt 0.631992 0.527012
vt 0.631814 0.523018
vt 0.663504 0.527832
vt 0.677614 0.539294
vt 0.679511 0.543488
vt 0.682906 0.533756
vt 0.678477 0.528974
vt 0.661931 0.521953
vt 0.680022 0.522824
vt 0.672425 0.516319
vt 0.636899 0.443185
vt 0.635260 0.450169
vt 0.637420 0.430005
vt 0.640405 0.422561
vt 0.652120 0.419959
vt 0.635985 0.418124
vt 0.627147 0.435074
vt 0.652782 0.457148
vt 0.598641 0.418322
vt 0.604244 0.424265
vt 0.614502 0.417236
vt 0.600268 0.416490
vt 0.598709 0.428482
vt 0.605618 0.435192
vt 0.607680 0.441416
vt 0.609361 0.446066
vt 0.596566 0.441175
vt 0.604175 0.449890
vt 0.610422 0.455544
vt 0.619901 0.471906
vt 0.613917 0.467174
vt 0.634338 0.467388
vt 0.614190 0.461489
vt 0.635123 0.462231
vt 0.674720 0.466943
vt 0.634359 0.456758
vt 0.020522 0.523116
vt 0.036835 0.537074
vt 0.043121 0.534102
vt 0.039444 0.536593
vt 0.056629 0.539784
vt 0.055443 0.547157
vt 0.064110 0.553745
vt 0.051377 0.557069
vt 0.053023 0.558666
vt 0.050344 0.564587
vt 0.054290 0.575962
vt 0.040766 0.566426
vt 0.038666 0.572123
vt 0.044809 0.573542
vt 0.047845 0.574916
vt 0.033448 0.570106
vt 0.562156 0.560287
vt 0.567603 0.564276
vt 0.567910 0.575224
vt 0.551653 0.559786
vt 0.559406 0.568122
vt 0.551576 0.576890
vt 0.548244 0.563663
vt 0.541773 0.560489
vt 0.541869 0.571188
vt 0.534259 0.568771
vt 0.500188 0.564201
vt 0.496268 0.579340
vt 0.497007 0.564075
vt 0.504679 0.565359
vt 0.512766 0.570899
vt 0.506553 0.579137
vt 0.490824 0.563508
vt 0.489349 0.566746
vt 0.473292 0.563770
vt 0.476739 0.564400
vt 0.471656 0.580352
vt 0.480816 0.572124
vt 0.468296 0.566079
vt 0.465480 0.579690
vt 0.463252 0.563815
vt 0.459054 0.572016
vt 0.459136 0.563466
vt 0.453369 0.562500
vt 0.449769 0.563997
vt 0.450239 0.573842
vt 0.441803 0.572200
vt 0.443066 0.563166
vt 0.453285 0.579478
vt 0.446220 0.579178
vt 0.432966 0.578282
vt 0.434728 0.562355
vt 0.426601 0.562299
vt 0.426296 0.571665
vt 0.419159 0.561495
vt 0.420150 0.570956
vt 0.412411 0.570390
vt 0.411266 0.560944
vt 0.407939 0.561729
vt 0.401692 0.569965
vt 0.399549 0.560924
vt 0.394101 0.569342
vt 0.403802 0.575871
vt 0.413146 0.576916
vt 0.422959 0.577778
vt 0.436771 0.579084
vt 0.444255 0.595173
vt 0.460225 0.579437
vt 0.458596 0.608832
vt 0.444254 0.621320
vt 0.450701 0.631163
vt 0.465967 0.615726
vt 0.471798 0.596371
vt 0.470625 0.645793
vt 0.481874 0.634650
vt 0.477018 0.625814
vt 0.481612 0.595731
vt 0.481010 0.579823
vt 0.559163 0.576052
vt 0.566949 0.618599
vt 0.571352 0.597646
vt 0.561554 0.632086
vt 0.547891 0.577485
vt 0.542631 0.577538
vt 0.535372 0.577855
vt 0.548851 0.588663
vt 0.520379 0.569392
vt 0.526621 0.567277
vt 0.521890 0.578563
vt 0.516507 0.578835
vt 0.511519 0.579529
vt 0.502153 0.579157
vt 0.490349 0.579657
vt 0.483224 0.563451
vt 0.555332 0.596563
vt 0.572698 0.643035
vt 0.566411 0.668478
vt 0.559867 0.699248
vt 0.556440 0.646363
vt 0.550346 0.659856
vt 0.550700 0.629359
vt 0.543946 0.629379
vt 0.543396 0.671697
vt 0.537537 0.658344
vt 0.538684 0.601694
vt 0.534797 0.609973
vt 0.554974 0.686311
vt 0.547914 0.699751
vt 0.541989 0.699193
vt 0.535949 0.699493
vt 0.565274 0.704565
vt 0.571452 0.692781
vt 0.555534 0.708052
vt 0.496137 0.139661
vt 0.502096 0.187907
vt 0.483225 0.194548
vt 0.495373 0.192803
vt 0.597998 0.151937
vt 0.605705 0.149708
vt 0.630534 0.150761
vt 0.598626 0.156127
vt 0.647678 0.154755
vt 0.624023 0.160973
vt 0.597617 0.162526
vt 0.682906 0.148962
vt 0.695511 0.153415
vt 0.709560 0.143763
vt 0.728427 0.146869
vt 0.728643 0.152963
vt 0.706378 0.158846
vt 0.711066 0.206874
vt 0.731139 0.210849
vt 0.714130 0.213566
vt 0.712272 0.219800
vt 0.730022 0.225723
vt 0.699536 0.227827
vt 0.724405 0.232442
vt 0.668372 0.215841
vt 0.721257 0.200394
vt 0.730531 0.204319
vt 0.721444 0.475979
vt 0.718806 0.472175
vt 0.715167 0.466096
vt 0.716355 0.460004
vt 0.719072 0.453938
vt 0.719629 0.434607
vt 0.721992 0.440534
vt 0.359042 0.248024
vt 0.366518 0.191825
vt 0.367437 0.205565
vt 0.371601 0.205504
vt 0.372890 0.228472
vt 0.386774 0.186314
vt 0.384783 0.234091
vt 0.388279 0.247580
vt 0.398526 0.192092
vt 0.395816 0.236809
vt 0.401751 0.197996
vt 0.395661 0.190269
vt 0.392740 0.188845
vt 0.383943 0.184598
vt 0.273859 0.703987
vt 0.278378 0.715504
vt 0.271963 0.741332
vt 0.277177 0.751830
vt 0.284132 0.717828
vt 0.290473 0.714379
vt 0.288978 0.748942
vt 0.296435 0.743547
vt 0.282023 0.754138
vt 0.295981 0.762742
vt 0.288210 0.789476
vt 0.295640 0.784220
vt 0.282743 0.775768
vt 0.281583 0.800939
vt 0.275214 0.818462
vt 0.270441 0.802358
vt 0.276040 0.791088
vt 0.272825 0.841281
vt 0.269365 0.837096
vt 0.281495 0.834748
vt 0.287221 0.822723
vt 0.286645 0.841886
vt 0.295488 0.813957
vt 0.292736 0.842754
vt 0.299384 0.841376
vt 0.301037 0.814838
vt 0.292973 0.803103
vt 0.308194 0.816730
vt 0.304827 0.842447
vt 0.309964 0.840551
vt 0.315610 0.812677
vt 0.313876 0.840613
vt 0.319806 0.840506
vt 0.321079 0.806206
vt 0.311933 0.805947
vt 0.316783 0.804445
vt 0.305761 0.802373
vt 0.300106 0.803069
vt 0.287785 0.801358
vt 0.271369 0.771754
vt 0.513605 0.183048
vt 0.524567 0.177186
vt 0.546693 0.163236
vt 0.537856 0.173439
vt 0.554406 0.160409
vt 0.560791 0.156494
vt 0.561507 0.164110
vt 0.555146 0.170932
vt 0.549936 0.175649
vt 0.540948 0.181702
vt 0.544903 0.179124
vt 0.535286 0.185333
vt 0.527781 0.189370
vt 0.521711 0.190788
vt 0.531697 0.188091
vt 0.535986 0.186579
vt 0.532687 0.190759
vt 0.540506 0.183755
vt 0.542333 0.214115
vt 0.550611 0.231569
vt 0.544161 0.181224
vt 0.554998 0.230288
vt 0.541265 0.238047
vt 0.527765 0.190596
vt 0.523480 0.191640
vt 0.534010 0.236572
vt 0.529518 0.251224
vt 0.520395 0.193296
vt 0.517073 0.196641
vt 0.515348 0.193975
vt 0.512158 0.196086
vt 0.522581 0.240405
vt 0.514759 0.229083
vt 0.508547 0.197065
vt 0.507534 0.196307
vt 0.505541 0.191659
vt 0.530277 0.672227
vt 0.531042 0.637305
vt 0.525748 0.653438
vt 0.525203 0.699566
vt 0.520765 0.657589
vt 0.510306 0.685736
vt 0.511300 0.626374
vt 0.516202 0.679781
vt 0.506352 0.687084
vt 0.503875 0.641157
vt 0.500260 0.698554
vt 0.498578 0.640005
vt 0.486603 0.666085
vt 0.495211 0.686732
vt 0.486792 0.695325
vt 0.481195 0.672120
vt 0.468958 0.691730
vt 0.463885 0.667078
vt 0.475611 0.678332
vt 0.486824 0.638582
vt 0.491485 0.637241
vt 0.517660 0.613544
vt 0.524785 0.626108
vt 0.530534 0.606862
vt 0.523726 0.599637
vt 0.498325 0.608260
vt 0.159000 0.129034
vt 0.201023 0.060024
vt 0.193735 0.070853
vt 0.207240 0.043000
vt 0.213723 0.068141
vt 0.697783 0.405581
vt 0.641808 0.410337
vt 0.642315 0.407606
vt 0.704358 0.398962
vt 0.636945 0.402109
vt 0.712225 0.384811
vt 0.698870 0.392463
vt 0.683863 0.386331
vt 0.669382 0.393919
vt 0.614971 0.398888
vt 0.642883 0.392994
vt 0.657125 0.385650
vt 0.613976 0.388165
vt 0.609527 0.408728
vt 0.607178 0.403320
vt 0.606314 0.395670
vt 0.623492 0.382312
vt 0.605039 0.379443
vt 0.623999 0.378249
vt 0.629739 0.366190
vt 0.623079 0.372347
vt 0.605873 0.367355
vt 0.630345 0.360643
vt 0.736507 0.403343
vt 0.728271 0.408203
vt 0.734447 0.391076
vt 0.703889 0.380019
vt 0.701001 0.374162
vt 0.726692 0.373018
vt 0.716360 0.368066
vt 0.730497 0.378275
vt 0.710116 0.357422
vt 0.714242 0.362249
vt 0.681247 0.363300
vt 0.671042 0.357232
vt 0.674821 0.369238
vt 0.695272 0.369606
vt 0.663190 0.375851
vt 0.667231 0.381055
vt 0.736905 0.397335
vt 0.737571 0.384319
vt 0.734783 0.361967
vt 0.735172 0.367048
vt 0.733250 0.354876
vt 0.520423 0.723343
vt 0.516357 0.738934
vt 0.516779 0.712535
vt 0.511443 0.721860
vt 0.493392 0.712927
vt 0.500267 0.719469
vt 0.493155 0.741864
vt 0.487712 0.712901
vt 0.487104 0.742946
vt 0.481822 0.732565
vt 0.475462 0.714093
vt 0.482287 0.711813
vt 0.464840 0.724032
vt 0.470518 0.711667
vt 0.471384 0.719543
vt 0.457417 0.713777
vt 0.462767 0.715271
vt 0.456246 0.743213
vt 0.451200 0.718000
vt 0.442204 0.725274
vt 0.438077 0.714921
vt 0.440918 0.709717
vt 0.434964 0.731836
vt 0.432009 0.714538
vt 0.429612 0.749181
vt 0.425421 0.719836
vt 0.445964 0.715521
vt 0.443766 0.748789
vt 0.458523 0.767485
vt 0.463899 0.764256
vt 0.468754 0.785681
vt 0.474719 0.741014
vt 0.474371 0.780577
vt 0.500256 0.739862
vt 0.507085 0.728169
vt 0.505938 0.754503
vt 0.510321 0.759159
vt 0.525659 0.729860
vt 0.519893 0.780038
vt 0.524119 0.781035
vt 0.514275 0.779534
vt 0.508362 0.810354
vt 0.523255 0.811182
vt 0.513943 0.813100
vt 0.503954 0.823578
vt 0.504336 0.807060
vt 0.496002 0.824247
vt 0.498997 0.805599
vt 0.518592 0.813559
vt 0.522174 0.835319
vt 0.517964 0.839538
vt 0.513378 0.842699
vt 0.496379 0.845383
vt 0.507717 0.845832
vt 0.520127 0.850304
vt 0.332820 0.548351
vt 0.338540 0.558915
vt 0.328437 0.560888
vt 0.334603 0.566541
vt 0.328584 0.565226
vt 0.323675 0.568574
vt 0.326205 0.596084
vt 0.319720 0.611424
vt 0.321069 0.654602
vt 0.329221 0.623004
vt 0.337141 0.654896
vt 0.334916 0.614364
vt 0.339648 0.620418
vt 0.345216 0.608804
vt 0.341927 0.585792
vt 0.355143 0.595170
vt 0.360680 0.590843
vt 0.359035 0.634149
vt 0.346971 0.651489
vt 0.350450 0.593850
vt 0.352476 0.652129
vt 0.316775 0.651977
vt 0.314840 0.692141
vt 0.320982 0.690427
vt 0.326379 0.659217
vt 0.328453 0.694161
vt 0.330184 0.665795
vt 0.133827 0.010378
vt 0.145460 0.008595
vt 0.139166 0.004719
vt 0.644368 0.165910
vt 0.648565 0.170765
vt 0.605115 0.168367
vt 0.616957 0.175162
vt 0.665187 0.159528
vt 0.616924 0.180496
vt 0.651935 0.184656
vt 0.620117 0.185793
vt 0.674302 0.166508
vt 0.675600 0.173113
vt 0.727348 0.162526
vt 0.705955 0.165057
vt 0.730146 0.167629
vt 0.726841 0.173969
vt 0.702564 0.172906
vt 0.694249 0.178740
vt 0.716852 0.181321
vt 0.706884 0.189031
vt 0.728364 0.190595
vt 0.706992 0.194358
vt 0.688808 0.199637
vt 0.678231 0.184438
vt 0.668180 0.189698
vt 0.663452 0.196544
vt 0.296995 0.710168
vt 0.303159 0.744614
vt 0.301558 0.773783
vt 0.307217 0.773226
vt 0.308869 0.744535
vt 0.319030 0.740152
vt 0.317667 0.773457
vt 0.312575 0.769425
vt 0.323389 0.766684
vt 0.313013 0.742998
vt 0.326581 0.739733
vt 0.331275 0.743922
vt 0.329539 0.771398
vt 0.335957 0.768016
vt 0.323254 0.711167
vt 0.318435 0.710227
vt 0.331446 0.710417
vt 0.337750 0.723809
vt 0.313778 0.723865
vt 0.313355 0.708403
vt 0.307800 0.736887
vt 0.307827 0.707182
vt 0.302749 0.738365
vt 0.303218 0.706577
vt 0.017320 0.556575
vt 0.024254 0.537755
vt 0.029538 0.543946
vt 0.035828 0.545235
vt 0.029481 0.531617
vt 0.032866 0.540950
vt 0.035677 0.539517
vt 0.042509 0.549688
vt 0.039587 0.555082
vt 0.046315 0.542656
vt 0.050255 0.549582
vt 0.048147 0.552324
vt 0.360796 0.035653
vt 0.364606 0.056379
vt 0.361782 0.098069
vt 0.355712 0.066795
vt 0.351603 0.068026
vt 0.355885 0.033792
vt 0.355763 0.009129
vt 0.365205 0.019236
vt 0.362369 0.002335
vt 0.351760 0.014724
vt 0.346273 0.039956
vt 0.345686 0.011202
vt 0.320275 0.028122
vt 0.325182 0.027275
vt 0.319139 0.058730
vt 0.325413 0.080785
vt 0.308136 0.023814
vt 0.311909 0.066836
vt 0.305543 0.064516
vt 0.313687 0.020661
vt 0.341187 0.003039
vt 0.340684 0.030144
vt 0.336385 0.024772
vt 0.335205 0.001953
vt 0.330857 0.006478
vt 0.331166 0.034068
vt 0.316406 0.003144
vt 0.318734 0.005066
vt 0.300231 0.032333
vt 0.300785 0.067443
vt 0.296103 0.068265
vt 0.289939 0.048340
vt 0.293292 0.019196
vt 0.305853 0.009037
vt 0.297107 0.015810
vt 0.289206 0.084438
vt 0.283887 0.044258
vt 0.283262 0.085822
vt 0.278227 0.064673
vt 0.262257 0.059290
vt 0.268783 0.084157
vt 0.261481 0.092024
vt 0.273805 0.111929
vt 0.278650 0.118922
vt 0.254585 0.081264
vt 0.255033 0.051649
vt 0.248305 0.048788
vt 0.241714 0.070885
vt 0.242245 0.104034
vt 0.264235 0.121311
vt 0.234955 0.073916
vt 0.228423 0.076712
vt 0.227444 0.040147
vt 0.225305 0.086437
vt 0.234660 0.041919
vt 0.218853 0.042166
vt 0.219563 0.087799
vt 0.338244 0.743879
vt 0.341582 0.761635
vt 0.343011 0.726820
vt 0.338099 0.708426
vt 0.344300 0.744340
vt 0.348871 0.722548
vt 0.344786 0.708965
vt 0.355620 0.720190
vt 0.351027 0.707883
vt 0.354178 0.743384
vt 0.360036 0.742859
vt 0.354878 0.760553
vt 0.350510 0.747273
vt 0.359829 0.764811
vt 0.365144 0.762217
vt 0.367006 0.737176
vt 0.347492 0.766244
vt 0.354097 0.803393
vt 0.365859 0.792508
vt 0.371259 0.748179
vt 0.370091 0.796643
vt 0.374428 0.777049
vt 0.375822 0.748944
vt 0.381305 0.773081
vt 0.383364 0.747968
vt 0.388110 0.799932
vt 0.389676 0.773965
vt 0.379535 0.801179
vt 0.393668 0.800098
vt 0.400818 0.804473
vt 0.401843 0.759407
vt 0.406929 0.805831
vt 0.407007 0.803496
vt 0.414423 0.804682
vt 0.415531 0.774050
vt 0.422170 0.780324
vt 0.428384 0.803461
vt 0.421244 0.813740
vt 0.416855 0.744894
vt 0.407497 0.771474
vt 0.408889 0.748472
vt 0.423791 0.744608
vt 0.437309 0.754887
vt 0.435921 0.779290
vt 0.433921 0.806768
vt 0.443540 0.801478
vt 0.438875 0.814206
vt 0.442953 0.770814
vt 0.446518 0.811291
vt 0.440432 0.831103
vt 0.447322 0.836708
vt 0.440536 0.846691
vt 0.452626 0.837630
vt 0.453953 0.807677
vt 0.175284 0.669311
vt 0.177359 0.671820
vt 0.178478 0.690170
vt 0.185505 0.690113
vt 0.182074 0.693330
vt 0.183105 0.695801
vt 0.209706 0.706327
vt 0.206598 0.701518
vt 0.210924 0.703401
vt 0.212285 0.705591
vt 0.217662 0.701699
vt 0.244845 0.699947
vt 0.236494 0.698425
vt 0.243783 0.690725
vt 0.254791 0.694651
vt 0.261587 0.690255
vt 0.211365 0.698223
vt 0.196411 0.697786
vt 0.192028 0.675567
vt 0.184943 0.676499
vt 0.228130 0.700280
vt 0.234510 0.687496
vt 0.244667 0.680359
vt 0.264972 0.677412
vt 0.266602 0.688232
vt 0.270353 0.675449
vt 0.278879 0.664658
vt 0.283479 0.663076
vt 0.283183 0.649756
vt 0.286911 0.662316
vt 0.288450 0.637656
vt 0.292515 0.635656
vt 0.291405 0.637032
vt 0.293202 0.642090
vt 0.293064 0.645531
vt 0.293663 0.643600
vt 0.294168 0.652090
vt 0.286769 0.668754
vt 0.278849 0.672625
vt 0.275573 0.679787
vt 0.338577 0.567120
vt 0.345365 0.567354
vt 0.348001 0.556434
vt 0.351921 0.561523
vt 0.360212 0.553667
vt 0.359446 0.562799
vt 0.364502 0.553711
vt 0.367693 0.555382
vt 0.365668 0.565164
vt 0.382733 0.567669
vt 0.386719 0.557373
vt 0.388768 0.557872
vt 0.393652 0.560708
vt 0.396325 0.575080
vt 0.406046 0.582374
vt 0.398502 0.584968
vt 0.413325 0.585055
vt 0.389073 0.574211
vt 0.372119 0.566497
vt 0.374859 0.559019
vt 0.381158 0.573580
vt 0.384987 0.592326
vt 0.372758 0.572126
vt 0.363796 0.571179
vt 0.367332 0.580526
vt 0.365182 0.611419
vt 0.379582 0.595136
vt 0.383718 0.630717
vt 0.378208 0.635105
vt 0.371987 0.641314
vt 0.390520 0.625776
vt 0.396031 0.624564
vt 0.403323 0.612281
vt 0.408168 0.616751
vt 0.400923 0.644156
vt 0.406648 0.651734
vt 0.393114 0.663543
vt 0.412091 0.666095
vt 0.413777 0.624794
vt 0.418958 0.660856
vt 0.412982 0.685766
vt 0.406198 0.686867
vt 0.418194 0.697396
vt 0.423954 0.657693
vt 0.422189 0.699938
vt 0.426731 0.690835
vt 0.440948 0.704016
vt 0.434204 0.680875
vt 0.441348 0.675528
vt 0.448486 0.682218
vt 0.447006 0.703424
vt 0.462892 0.703628
vt 0.455422 0.692237
vt 0.429958 0.652178
vt 0.436575 0.622786
vt 0.443240 0.653788
vt 0.457671 0.641734
vt 0.487516 0.579598
vt 0.530995 0.703406
vt 0.520467 0.700894
vt 0.512745 0.704748
vt 0.355919 0.104938
vt 0.361347 0.135673
vt 0.352445 0.133846
vt 0.335608 0.129263
vt 0.340613 0.114694
vt 0.341785 0.137498
vt 0.348194 0.125818
vt 0.351891 0.108323
vt 0.364622 0.126900
vt 0.346111 0.077262
vt 0.340517 0.073413
vt 0.330225 0.079836
vt 0.330858 0.129315
vt 0.321945 0.093514
vt 0.325352 0.122401
vt 0.503928 0.787229
vt 0.498238 0.763089
vt 0.497002 0.785503
vt 0.492572 0.804939
vt 0.491343 0.785702
vt 0.492742 0.761614
vt 0.487037 0.765950
vt 0.719251 0.683564
vt 0.705026 0.684080
vt 0.678047 0.679463
vt 0.709397 0.676085
vt 0.674100 0.672705
vt 0.674699 0.683223
vt 0.652242 0.682098
vt 0.656341 0.678510
vt 0.647813 0.673284
vt 0.622277 0.677478
vt 0.616410 0.670297
vt 0.618621 0.680615
vt 0.592984 0.677164
vt 0.588546 0.671548
vt 0.592493 0.666817
vt 0.594202 0.659719
vt 0.622335 0.664120
vt 0.587544 0.658558
vt 0.609495 0.655245
vt 0.609217 0.646733
vt 0.598155 0.651888
vt 0.587891 0.647461
vt 0.633712 0.654088
vt 0.663338 0.648695
vt 0.640217 0.642696
vt 0.630108 0.659436
vt 0.650511 0.663767
vt 0.662282 0.667545
vt 0.676253 0.664365
vt 0.663549 0.661990
vt 0.699238 0.670442
vt 0.698036 0.665127
vt 0.677592 0.656605
vt 0.702648 0.659299
vt 0.677091 0.650126
vt 0.702025 0.651018
vt 0.676213 0.644094
vt 0.664433 0.656231
vt 0.708310 0.645458
vt 0.717605 0.665336
vt 0.717578 0.640240
vt 0.678068 0.638488
vt 0.717210 0.633719
vt 0.684113 0.624821
vt 0.714739 0.624256
vt 0.692531 0.618016
vt 0.681574 0.630800
vt 0.659899 0.631540
vt 0.645276 0.637407
vt 0.587853 0.312003
vt 0.596030 0.318508
vt 0.589605 0.320306
vt 0.591240 0.286600
vt 0.597623 0.313338
vt 0.593926 0.277765
vt 0.585840 0.239083
vt 0.577888 0.221743
vt 0.584998 0.273180
vt 0.580078 0.218018
vt 0.572430 0.192192
vt 0.566483 0.182911
vt 0.554364 0.177946
vt 0.564304 0.212462
vt 0.550618 0.176591
vt 0.561841 0.167435
vt 0.564157 0.188677
vt 0.566001 0.172162
vt 0.563477 0.163330
vt 0.558924 0.168186
vt 0.554808 0.172842
vt 0.547387 0.179137
vt 0.556148 0.214630
vt 0.565915 0.235203
vt 0.572379 0.222240
vt 0.575971 0.262983
vt 0.566028 0.265063
vt 0.556924 0.279217
vt 0.562145 0.278796
vt 0.550768 0.276751
vt 0.544537 0.278919
vt 0.535944 0.268199
vt 0.518216 0.257395
vt 0.509753 0.245919
vt 0.502637 0.231385
vt 0.505174 0.273718
vt 0.497421 0.247410
vt 0.491404 0.236010
vt 0.492641 0.274507
vt 0.486006 0.238843
vt 0.481326 0.272548
vt 0.480999 0.237680
vt 0.475613 0.263507
vt 0.487324 0.274659
vt 0.495245 0.304625
vt 0.502262 0.298938
vt 0.488688 0.303893
vt 0.482241 0.306492
vt 0.475616 0.308026
vt 0.468338 0.293394
vt 0.469211 0.323231
vt 0.462125 0.319219
vt 0.476607 0.334040
vt 0.483440 0.334767
vt 0.489421 0.334938
vt 0.495009 0.333879
vt 0.502686 0.332182
vt 0.509525 0.309943
vt 0.512933 0.300418
vt 0.515736 0.324074
vt 0.523176 0.281342
vt 0.519513 0.306268
vt 0.678299 0.956375
vt 0.676147 0.959412
vt 0.676744 0.952017
vt 0.680642 0.944472
vt 0.674229 0.962668
vt 0.662661 0.970671
vt 0.679742 0.933952
vt 0.672312 0.937991
vt 0.669348 0.953583
vt 0.663971 0.958296
vt 0.671392 0.927252
vt 0.657694 0.962932
vt 0.657453 0.954631
vt 0.664039 0.938691
vt 0.683248 0.911489
vt 0.668814 0.922870
vt 0.655226 0.950031
vt 0.653050 0.963448
vt 0.653263 0.956855
vt 0.655146 0.976810
vt 0.653474 0.970362
vt 0.653409 0.974652
vt 0.653317 0.980949
vt 0.649266 0.981160
vt 0.640092 0.975676
vt 0.638048 0.987567
vt 0.646879 0.961034
vt 0.656829 0.943439
vt 0.679402 0.898815
vt 0.676608 0.905850
vt 0.671185 0.896915
vt 0.665000 0.925191
vt 0.667203 0.912876
vt 0.657723 0.936347
vt 0.653071 0.947301
vt 0.655380 0.941980
vt 0.654302 0.936392
vt 0.657112 0.926495
vt 0.662261 0.915022
vt 0.683196 0.899669
vt 0.681341 0.890749
vt 0.673754 0.880535
vt 0.678288 0.882653
vt 0.658420 0.862712
vt 0.668530 0.867868
vt 0.664133 0.862795
vt 0.665104 0.877076
vt 0.654621 0.855655
vt 0.647735 0.851774
vt 0.649358 0.864350
vt 0.642463 0.854582
vt 0.642245 0.849977
vt 0.641893 0.858618
vt 0.661442 0.878731
vt 0.642778 0.862481
vt 0.647362 0.869642
vt 0.634451 0.860542
vt 0.635395 0.848023
vt 0.634238 0.843652
vt 0.624881 0.840463
vt 0.624894 0.855526
vt 0.618536 0.849109
vt 0.616697 0.858740
vt 0.629493 0.869349
vt 0.609727 0.867321
vt 0.642237 0.866763
vt 0.666424 0.895859
vt 0.663438 0.906764
vt 0.654296 0.930667
vt 0.652618 0.939141
vt 0.652533 0.941083
vt 0.632253 0.983273
vt 0.633545 0.991211
vt 0.626412 0.987667
vt 0.631348 0.991943
vt 0.590427 0.985770
vt 0.597203 0.997966
vt 0.584790 0.995128
vt 0.604071 0.993966
vt 0.575228 0.989739
vt 0.577420 0.998846
vt 0.581775 0.989231
vt 0.564447 0.995969
vt 0.572754 1.000000
vt 0.556425 0.994008
vt 0.547235 0.983275
vt 0.551028 0.981856
vt 0.547232 0.989155
vt 0.560047 0.982715
vt 0.579063 0.983961
vt 0.601860 0.983272
vt 0.611177 0.991039
vt 0.615722 0.988107
vt 0.623195 0.991657
vt 0.619840 0.973119
vt 0.634468 0.966353
vt 0.629794 0.965692
vt 0.638124 0.959059
vt 0.642340 0.945489
vt 0.634412 0.947076
vt 0.624504 0.965528
vt 0.609453 0.968714
vt 0.597836 0.972703
vt 0.587858 0.968417
vt 0.604920 0.955368
vt 0.616355 0.955842
vt 0.623464 0.947170
vt 0.614563 0.944324
vt 0.603189 0.946409
vt 0.591239 0.958623
vt 0.576617 0.978756
vt 0.572278 0.980301
vt 0.561664 0.969778
vt 0.573781 0.972894
vt 0.613367 0.932178
vt 0.622373 0.933544
vt 0.630019 0.926562
vt 0.618753 0.920784
vt 0.613781 0.924461
vt 0.625304 0.917665
vt 0.651736 0.931783
vt 0.641511 0.925748
vt 0.654295 0.925090
vt 0.650766 0.924513
vt 0.649718 0.922952
vt 0.633949 0.912746
vt 0.649565 0.914479
vt 0.643664 0.913547
vt 0.633914 0.903610
vt 0.642726 0.907596
vt 0.647967 0.905734
vt 0.650777 0.920247
vt 0.652915 0.912778
vt 0.655543 0.909261
vt 0.651885 0.894625
vt 0.660081 0.899221
vt 0.647577 0.896921
vt 0.659901 0.909022
vt 0.661468 0.883788
vt 0.645722 0.884360
vt 0.645887 0.890638
vt 0.656410 0.916707
vt 0.682086 0.705057
vt 0.351003 0.569211
vt 0.357683 0.570291
vt 0.402289 0.193058
vt 0.407447 0.194264
vt 0.407429 0.195407
vt 0.411816 0.197217
vt 0.425735 0.198647
vt 0.422058 0.198490
vt 0.425110 0.200229
vt 0.422062 0.220339
vt 0.417470 0.198618
vt 0.407130 0.239716
vt 0.346957 0.488868
vt 0.350342 0.496582
vt 0.350682 0.497312
vt 0.336199 0.514279
vt 0.332273 0.517837
vt 0.332445 0.496141
vt 0.338669 0.509480
vt 0.326667 0.493692
vt 0.323078 0.485355
vt 0.322347 0.499058
vt 0.328628 0.482261
vt 0.318444 0.488266
vt 0.322183 0.483834
vt 0.312372 0.488696
vt 0.313101 0.491404
vt 0.317039 0.502781
vt 0.312726 0.501910
vt 0.309693 0.493177
vt 0.305213 0.492133
vt 0.303287 0.496342
vt 0.301854 0.494221
vt 0.297703 0.499090
vt 0.309288 0.504598
vt 0.304034 0.507380
vt 0.299871 0.510013
vt 0.293039 0.501176
vt 0.296773 0.524186
vt 0.290865 0.514838
vt 0.288661 0.503467
vt 0.283372 0.502579
vt 0.278362 0.507928
vt 0.285484 0.512813
vt 0.277272 0.518731
vt 0.284640 0.526363
vt 0.290694 0.529003
vt 0.267316 0.512468
vt 0.271879 0.510649
vt 0.277960 0.534522
vt 0.275216 0.539003
vt 0.268782 0.523995
vt 0.252974 0.514337
vt 0.255956 0.516627
vt 0.260889 0.534505
vt 0.262421 0.514186
vt 0.271539 0.544760
vt 0.266521 0.541809
vt 0.259873 0.551735
vt 0.255752 0.548253
vt 0.250790 0.548645
vt 0.242987 0.574709
vt 0.252648 0.572173
vt 0.271453 0.579562
vt 0.292413 0.596901
vt 0.280533 0.583169
vt 0.291605 0.587268
vt 0.295888 0.613569
vt 0.294700 0.618012
vt 0.298401 0.634664
vt 0.303313 0.633842
vt 0.302563 0.644865
vt 0.295192 0.655808
vt 0.299072 0.655518
vt 0.295128 0.658542
vt 0.295654 0.658447
vt 0.293911 0.658838
vt 0.291027 0.660899
vt 0.293701 0.660889
vt 0.342263 0.490192
vt 0.342970 0.473621
vt 0.338493 0.476257
vt 0.341553 0.471680
vt 0.338623 0.474121
vt 0.337097 0.474516
vt 0.333967 0.479099
vt 0.332668 0.476907
vt 0.338155 0.489534
vt 0.579352 0.296114
vt 0.580960 0.321654
vt 0.574097 0.311323
vt 0.568413 0.316023
vt 0.562843 0.318631
vt 0.571344 0.265193
vt 0.556036 0.312140
vt 0.548873 0.307778
vt 0.544423 0.321360
vt 0.536695 0.311350
vt 0.533139 0.322246
vt 0.529668 0.280691
vt 0.526108 0.308827
vt 0.529398 0.328042
vt 0.537872 0.328468
vt 0.522157 0.330720
vt 0.509631 0.333431
vt 0.581361 0.266463
vt 0.602740 0.821348
vt 0.600108 0.814403
vt 0.602051 0.815186
vt 0.594051 0.818870
vt 0.592079 0.807498
vt 0.585115 0.802205
vt 0.588242 0.801346
vt 0.592416 0.817711
vt 0.577897 0.824788
vt 0.574337 0.812767
vt 0.582218 0.823702
vt 0.571007 0.827436
vt 0.567505 0.821516
vt 0.577035 0.832165
vt 0.581122 0.811345
vt 0.586993 0.821561
vt 0.594323 0.822780
vt 0.600283 0.830362
vt 0.611537 0.831111
vt 0.613319 0.827390
vt 0.612647 0.838531
vt 0.622808 0.832845
vt 0.596456 0.836452
vt 0.605726 0.848028
vt 0.603291 0.856102
vt 0.585229 0.838674
vt 0.573913 0.839838
vt 0.563115 0.829312
vt 0.560269 0.822976
vt 0.555420 0.828125
vt 0.554685 0.832007
vt 0.564455 0.839586
vt 0.559067 0.840918
vt 0.552926 0.838517
vt 0.548647 0.834778
vt 0.545637 0.842724
vt 0.545166 0.836182
vt 0.537698 0.850272
vt 0.537401 0.843974
vt 0.533447 0.847656
vt 0.531629 0.851709
vt 0.539937 0.862769
vt 0.531023 0.859085
vt 0.531973 0.869900
vt 0.520985 0.864926
vt 0.521680 0.878283
vt 0.515668 0.872682
vt 0.516481 0.888065
vt 0.512028 0.881915
vt 0.517130 0.899124
vt 0.509410 0.897286
vt 0.506304 0.901419
vt 0.507680 0.902311
vt 0.510033 0.902917
vt 0.511813 0.905459
vt 0.512597 0.928855
vt 0.503271 0.911108
vt 0.504751 0.920123
vt 0.515028 0.905311
vt 0.529966 0.881286
vt 0.539010 0.888162
vt 0.540777 0.877884
vt 0.549053 0.878509
vt 0.549720 0.862133
vt 0.547490 0.889310
vt 0.556277 0.874204
vt 0.556206 0.848111
vt 0.559502 0.864045
vt 0.555035 0.855068
vt 0.567595 0.859079
vt 0.572498 0.850445
vt 0.586771 0.850336
vt 0.592417 0.847293
vt 0.575988 0.866750
vt 0.582736 0.860845
vt 0.596283 0.863948
vt 0.620900 0.878313
vt 0.642493 0.871252
vt 0.639788 0.879160
vt 0.643624 0.873717
vt 0.642595 0.874066
vt 0.642404 0.877478
vt 0.641928 0.880000
vt 0.646130 0.895115
vt 0.647365 0.902742
vt 0.335057 0.681800
vt 0.332769 0.698075
vt 0.341905 0.661096
vt 0.366416 0.645683
vt 0.372798 0.600250
vt 0.371356 0.674839
vt 0.357872 0.677338
vt 0.365025 0.675269
vt 0.376064 0.679212
vt 0.380957 0.668731
vt 0.491816 0.848969
vt 0.488619 0.839638
vt 0.719323 0.671851
vt 0.719753 0.653639
vt 0.720274 0.656277
vt 0.584843 0.318997
vt 0.575161 0.325222
vt 0.569878 0.326252
vt 0.564669 0.328151
vt 0.335906 0.066055
vt 0.317807 0.119207
vt 0.367009 0.332842
vt 0.371675 0.332475
vt 0.376295 0.329228
vt 0.381133 0.335202
vt 0.386740 0.332841
vt 0.390403 0.333175
vt 0.393033 0.289654
vt 0.399051 0.300190
vt 0.406492 0.296607
vt 0.400090 0.335318
vt 0.403564 0.337158
vt 0.408140 0.336918
vt 0.412440 0.330734
vt 0.344093 0.500372
vt 0.341577 0.506071
vt 0.480579 0.779960
vt 0.485385 0.802995
vt 0.479172 0.816711
vt 0.484374 0.840108
vt 0.474127 0.810355
vt 0.466110 0.806688
vt 0.462117 0.794651
vt 0.455550 0.794175
vt 0.460526 0.809497
vt 0.466546 0.846398
vt 0.458211 0.845940
vt 0.662309 0.177288
vt 0.638671 0.201875
vt 0.650579 0.209651
vt 0.639390 0.191709
vt 0.610500 0.194074
vt 0.612366 0.198425
vt 0.607030 0.204968
vt 0.602153 0.211310
vt 0.600902 0.186726
vt 0.401308 0.237629
vt 0.340265 0.693043
vt 0.345991 0.693482
vt 0.388149 0.659990
vt 0.351444 0.691915
vt 0.386280 0.685293
vt 0.375552 0.700456
vt 0.362000 0.699303
vt 0.356117 0.700300
vt 0.648923 0.345029
vt 0.611663 0.347409
vt 0.644293 0.340713
vt 0.645592 0.333797
vt 0.611089 0.337688
vt 0.609405 0.341597
vt 0.615294 0.333838
vt 0.648138 0.328304
vt 0.612165 0.328813
vt 0.645345 0.323546
vt 0.607668 0.322087
vt 0.676789 0.320169
vt 0.631355 0.317386
vt 0.673923 0.333837
vt 0.627235 0.354324
vt 0.626779 0.483742
vt 0.602400 0.486100
vt 0.594619 0.466635
vt 0.599741 0.476845
vt 0.599818 0.492075
vt 0.634779 0.497724
vt 0.529045 0.578661
vt 0.167534 0.083211
vt 0.174314 0.065826
vt 0.180841 0.069004
vt 0.186466 0.055989
vt 0.184165 0.013467
vt 0.472886 0.844559
vt 0.478342 0.848172
vt 0.483887 0.850342
vt 0.328091 0.517054
vt 0.329633 0.523728
vt 0.323611 0.522960
vt 0.318235 0.523541
vt 0.314375 0.521786
vt 0.320423 0.535911
vt 0.308545 0.521347
vt 0.314597 0.540410
vt 0.312623 0.116088
vt 0.307921 0.101817
vt 0.625743 0.216812
vt 0.659734 0.221834
vt 0.610484 0.223777
vt 0.615646 0.237241
vt 0.620472 0.228665
vt 0.648801 0.236321
vt 0.666865 0.228683
vt 0.093412 0.619219
vt 0.100610 0.618803
vt 0.630700 0.882734
vt 0.624686 0.885747
vt 0.606501 0.876054
vt 0.595335 0.875549
vt 0.572388 0.871737
vt 0.568663 0.875973
vt 0.559285 0.886531
vt 0.544286 0.903018
vt 0.534640 0.894661
vt 0.539562 0.909454
vt 0.527750 0.894295
vt 0.522204 0.899169
vt 0.516240 0.922305
vt 0.520045 0.908156
vt 0.525468 0.933111
vt 0.525010 0.910683
vt 0.529458 0.912983
vt 0.532632 0.926433
vt 0.533324 0.909436
vt 0.534402 0.916223
vt 0.536946 0.944525
vt 0.507902 0.923025
vt 0.502106 0.918208
vt 0.508350 0.932747
vt 0.513572 0.941202
vt 0.505026 0.929325
vt 0.500999 0.921474
vt 0.504581 0.932694
vt 0.506357 0.941401
vt 0.500115 0.923659
vt 0.498389 0.925262
vt 0.499680 0.933045
vt 0.503101 0.936350
vt 0.494012 0.935336
vt 0.502589 0.947309
vt 0.491723 0.942205
vt 0.487251 0.950719
vt 0.489290 0.946187
vt 0.496821 0.955548
vt 0.502789 0.957049
vt 0.503856 0.943936
vt 0.509403 0.959959
vt 0.508224 0.965255
vt 0.512802 0.964281
vt 0.511719 0.968506
vt 0.516549 0.970895
vt 0.515034 0.965366
vt 0.519849 0.973922
vt 0.515531 0.961847
vt 0.524252 0.976044
vt 0.519145 0.965226
vt 0.526246 0.976904
vt 0.521555 0.965502
vt 0.531512 0.981385
vt 0.528695 0.970018
vt 0.538567 0.985519
vt 0.539478 0.980533
vt 0.541992 0.988770
vt 0.555281 0.968638
vt 0.571784 0.968040
vt 0.577230 0.961567
vt 0.575077 0.951715
vt 0.584070 0.947496
vt 0.590317 0.945090
vt 0.599761 0.938001
vt 0.602671 0.927121
vt 0.608453 0.924753
vt 0.616522 0.912691
vt 0.602510 0.896335
vt 0.593228 0.900916
vt 0.594120 0.932975
vt 0.585858 0.937205
vt 0.581490 0.928149
vt 0.598844 0.930821
vt 0.323095 0.139951
vt 0.311892 0.139215
vt 0.316895 0.141113
vt 0.286083 0.121186
vt 0.290772 0.130722
vt 0.284840 0.137106
vt 0.275848 0.136142
vt 0.271178 0.138958
vt 0.295410 0.116239
vt 0.307017 0.126626
vt 0.301814 0.114925
vt 0.559185 0.325895
vt 0.553772 0.327014
vt 0.550329 0.329836
vt 0.613032 0.641209
vt 0.625272 0.635571
vt 0.597389 0.635348
vt 0.606030 0.622461
vt 0.596644 0.614672
vt 0.631816 0.622346
vt 0.628820 0.628468
vt 0.663438 0.617835
vt 0.664544 0.609444
vt 0.678552 0.610516
vt 0.683310 0.603566
vt 0.635591 0.608108
vt 0.629237 0.615693
vt 0.626008 0.600106
vt 0.662250 0.601999
vt 0.655982 0.595823
vt 0.676612 0.596430
vt 0.654176 0.588969
vt 0.660390 0.583368
vt 0.678798 0.577737
vt 0.662472 0.569813
vt 0.676571 0.569142
vt 0.674926 0.562819
vt 0.664005 0.561136
vt 0.678518 0.555349
vt 0.324331 0.531380
vt 0.322275 0.535062
vt 0.311102 0.543312
vt 0.303511 0.548256
vt 0.308122 0.545378
vt 0.283261 0.540318
vt 0.281009 0.554157
vt 0.269996 0.566150
vt 0.265255 0.567818
vt 0.262066 0.569068
vt 0.276462 0.563525
vt 0.282016 0.560929
vt 0.286938 0.558300
vt 0.294733 0.544940
vt 0.291993 0.555511
vt 0.317358 0.538597
vt 0.320801 0.538086
vt 0.600765 0.238144
vt 0.602848 0.232828
vt 0.646028 0.242110
vt 0.612395 0.244249
vt 0.613976 0.249892
vt 0.653627 0.248521
vt 0.642848 0.255515
vt 0.680466 0.235678
vt 0.324412 0.799513
vt 0.328916 0.805014
vt 0.331221 0.799557
vt 0.336882 0.804511
vt 0.339966 0.833820
vt 0.341281 0.797260
vt 0.346643 0.798872
vt 0.333814 0.841599
vt 0.326985 0.841336
vt 0.595621 0.627470
vt 0.413058 0.292893
vt 0.420159 0.305417
vt 0.421515 0.335366
vt 0.426467 0.320848
vt 0.442627 0.337118
vt 0.440529 0.322951
vt 0.447697 0.335539
vt 0.446203 0.309966
vt 0.433299 0.332853
vt 0.433528 0.308916
vt 0.424638 0.293255
vt 0.428254 0.335553
vt 0.418039 0.592133
vt 0.423233 0.589753
vt 0.431007 0.599525
vt 0.420897 0.627035
vt 0.693809 0.351046
vt 0.676282 0.338612
vt 0.682277 0.326189
vt 0.706367 0.333115
vt 0.706050 0.319486
vt 0.716324 0.323997
vt 0.715627 0.331033
vt 0.714123 0.318946
vt 0.715259 0.312642
vt 0.703182 0.312992
vt 0.726154 0.306372
vt 0.711291 0.306509
vt 0.735308 0.323725
vt 0.736462 0.317795
vt 0.734819 0.311865
vt 0.711745 0.299742
vt 0.733957 0.299487
vt 0.711400 0.295227
vt 0.732787 0.293207
vt 0.710301 0.288473
vt 0.681908 0.296875
vt 0.676270 0.301075
vt 0.679331 0.307432
vt 0.672784 0.345107
vt 0.717147 0.343050
vt 0.725640 0.349704
vt 0.722007 0.336532
vt 0.737553 0.333754
vt 0.360016 0.802088
vt 0.357934 0.816642
vt 0.350673 0.833625
vt 0.357680 0.841653
vt 0.343005 0.837770
vt 0.605792 0.355294
vt 0.605127 0.349903
vt 0.482476 0.201160
vt 0.487127 0.201007
vt 0.480091 0.202110
vt 0.473709 0.202333
vt 0.482815 0.209539
vt 0.479365 0.217124
vt 0.463597 0.202685
vt 0.453499 0.202416
vt 0.469068 0.218804
vt 0.462096 0.216237
vt 0.474584 0.224901
vt 0.468420 0.263566
vt 0.461574 0.275421
vt 0.247341 0.573422
vt 0.258113 0.570513
vt 0.268152 0.572554
vt 0.274756 0.570232
vt 0.711618 0.233437
vt 0.690970 0.240592
vt 0.712076 0.239771
vt 0.713913 0.245837
vt 0.690874 0.246824
vt 0.729135 0.238748
vt 0.547426 0.330267
vt 0.419688 0.257787
vt 0.431109 0.275527
vt 0.438223 0.275558
vt 0.444463 0.275609
vt 0.444338 0.236642
vt 0.431970 0.243305
vt 0.438625 0.225402
vt 0.425804 0.245744
vt 0.451225 0.222280
vt 0.451494 0.274457
vt 0.455465 0.277225
vt 0.456907 0.219375
vt 0.459292 0.202854
vt 0.443290 0.201609
vt 0.446301 0.201995
vt 0.433251 0.199981
vt 0.438802 0.201529
vt 0.434272 0.208359
vt 0.429821 0.200399
vt 0.427375 0.220388
vt 0.413357 0.250309
vt 0.491211 0.705566
vt 0.480256 0.703118
vt 0.714142 0.618436
vt 0.694284 0.611783
vt 0.722329 0.614669
vt 0.716260 0.606621
vt 0.720019 0.598511
vt 0.697687 0.598582
vt 0.719229 0.592093
vt 0.689063 0.591056
vt 0.675948 0.590427
vt 0.680490 0.584279
vt 0.710746 0.585781
vt 0.703595 0.577417
vt 0.722863 0.581768
vt 0.721074 0.577248
vt 0.716584 0.572028
vt 0.711707 0.556835
vt 0.725586 0.560303
vt 0.722176 0.564210
vt 0.725111 0.556624
vt 0.717250 0.549477
vt 0.723418 0.544635
vt 0.707804 0.562934
vt 0.614808 0.890320
vt 0.624169 0.899453
vt 0.619862 0.900217
vt 0.583460 0.908472
vt 0.586720 0.902780
vt 0.572486 0.911115
vt 0.579376 0.907318
vt 0.566889 0.913279
vt 0.564910 0.930845
vt 0.561886 0.915818
vt 0.576235 0.941832
vt 0.568161 0.959452
vt 0.566328 0.954490
vt 0.567907 0.945444
vt 0.563342 0.947049
vt 0.561623 0.958860
vt 0.546750 0.947185
vt 0.544635 0.931724
vt 0.539981 0.937234
vt 0.544691 0.960481
vt 0.537965 0.959341
vt 0.534174 0.963833
vt 0.524663 0.957996
vt 0.528946 0.956155
vt 0.518988 0.955283
vt 0.536935 0.918581
vt 0.550554 0.929971
vt 0.556878 0.939114
vt 0.562078 0.944129
vt 0.544931 0.923338
vt 0.546957 0.923145
vt 0.538099 0.918513
vt 0.552193 0.920410
vt 0.552992 0.904235
vt 0.557039 0.895713
vt 0.589602 0.874638
vt 0.588464 0.884289
vt 0.580512 0.882086
vt 0.602545 0.887041
vt 0.598235 0.887610
vt 0.573337 0.890320
vt 0.578695 0.887355
vt 0.380538 0.699731
vt 0.385433 0.700532
vt 0.391285 0.700011
vt 0.402799 0.702776
vt 0.398780 0.691584
vt 0.598942 0.217087
vt 0.604547 0.220382
vt 0.449273 0.753975
vt 0.315764 0.545883
vt 0.311194 0.547479
vt 0.306262 0.551391
vt 0.297651 0.551963
vt 0.315262 0.553218
vt 0.314820 0.557696
vt 0.313551 0.562515
vt 0.308410 0.559109
vt 0.298009 0.565784
vt 0.686534 0.261188
vt 0.690165 0.252182
vt 0.715663 0.259394
vt 0.702613 0.268804
vt 0.716893 0.251513
vt 0.730567 0.245196
vt 0.733445 0.251447
vt 0.733610 0.259395
vt 0.731346 0.268718
vt 0.723135 0.274653
vt 0.684029 0.276669
vt 0.715813 0.281878
vt 0.671512 0.290011
vt 0.677072 0.283924
vt 0.657649 0.270592
vt 0.657526 0.260956
vt 0.371109 0.708867
vt 0.373101 0.721298
vt 0.390563 0.725007
vt 0.384658 0.725147
vt 0.388916 0.708008
vt 0.392216 0.709271
vt 0.397613 0.713699
vt 0.395683 0.748001
vt 0.403578 0.713544
vt 0.402813 0.737295
vt 0.410683 0.716847
vt 0.389870 0.746546
vt 0.379847 0.721682
vt 0.370008 0.840130
vt 0.363677 0.840489
vt 0.364428 0.814056
vt 0.372177 0.812680
vt 0.376452 0.841882
vt 0.381343 0.829325
vt 0.380597 0.806046
vt 0.387548 0.810815
vt 0.387463 0.838658
vt 0.393560 0.826863
vt 0.368763 0.807452
vt 0.373301 0.805054
vt 0.602059 0.606008
vt 0.453180 0.312993
vt 0.503343 0.198833
vt 0.497142 0.200495
vt 0.492516 0.205678
vt 0.492715 0.199872
vt 0.499499 0.198476
vt 0.195148 0.015684
vt 0.682786 0.510292
vt 0.705532 0.513007
vt 0.721293 0.519132
vt 0.682327 0.516837
vt 0.720345 0.526385
vt 0.678334 0.549233
vt 0.720775 0.532529
vt 0.721646 0.539530
vt 0.687060 0.563598
vt 0.288452 0.011013
vt 0.606461 0.313013
vt 0.642009 0.313105
vt 0.656335 0.306666
vt 0.620447 0.307316
vt 0.648832 0.299111
vt 0.609336 0.301533
vt 0.637623 0.293275
vt 0.647645 0.285967
vt 0.641531 0.279050
vt 0.614725 0.286193
vt 0.606536 0.293515
vt 0.608971 0.279411
vt 0.607427 0.264342
vt 0.621730 0.271821
vt 0.601025 0.275202
vt 0.600912 0.271647
vt 0.605406 0.257147
vt 0.714859 0.508596
vt 0.724153 0.513647
vt 0.592322 0.599332
vt 0.597604 0.593765
vt 0.593290 0.587574
vt 0.154618 0.518199
vt 0.165891 0.526268
vt 0.170324 0.518844
vt 0.166329 0.516309
vt 0.161509 0.505197
vt 0.159223 0.500479
vt 0.156926 0.496607
vt 0.158045 0.486206
vt 0.131739 0.482471
vt 0.140073 0.480991
vt 0.137115 0.479324
vt 0.132117 0.481262
vt 0.139783 0.477814
vt 0.131212 0.471143
vt 0.136410 0.463091
vt 0.132163 0.457523
vt 0.129135 0.452570
vt 0.144397 0.475401
vt 0.143636 0.468158
vt 0.147316 0.477116
vt 0.159578 0.475536
vt 0.151081 0.471091
vt 0.141820 0.456168
vt 0.161431 0.462101
vt 0.156787 0.467744
vt 0.165331 0.511883
vt 0.169191 0.492249
vt 0.169280 0.485234
vt 0.168981 0.480077
vt 0.168452 0.474764
vt 0.174142 0.488560
vt 0.177228 0.490648
vt 0.173234 0.497242
vt 0.169675 0.512161
vt 0.173190 0.509452
vt 0.283317 0.570409
vt 0.282494 0.576873
vt 0.287587 0.567294
vt 0.589600 0.601807
vt 0.226473 0.012903
vt 0.362048 0.719115
vt 0.418054 0.716145
vt 0.432951 0.845468
vt 0.426851 0.839858
vt 0.413436 0.837474
vt 0.420795 0.847015
vt 0.406166 0.840961
vt 0.399267 0.840248
vt 0.510522 0.956146
vt 0.507694 0.948089
vt 0.510344 0.947664
vt 0.514251 0.953607
vt 0.508907 0.941251
vt 0.512191 0.944318
vt 0.294733 0.568832
vt 0.306731 0.571100
vt 0.307857 0.565864
vt 0.314328 0.568866
vt 0.302729 0.574612
vt 0.304928 0.583613
vt 0.294627 0.577553
vt 0.307699 0.583112
vt 0.309358 0.582361
vt 0.312480 0.578577
vt 0.312661 0.582139
vt 0.313284 0.583533
vt 0.312259 0.586738
vt 0.309368 0.586876
vt 0.312364 0.590442
vt 0.311660 0.592157
vt 0.310991 0.593059
vt 0.304523 0.585258
vt 0.308194 0.591392
vt 0.312495 0.598058
vt 0.311635 0.598931
vt 0.313219 0.602423
vt 0.306851 0.592680
vt 0.305967 0.599874
vt 0.313232 0.607178
vt 0.303140 0.603012
vt 0.311194 0.613588
vt 0.300562 0.606490
vt 0.308705 0.619539
vt 0.310565 0.626410
vt 0.304805 0.624586
vt 0.306381 0.641733
vt 0.298036 0.601586
vt 0.296635 0.607021
vt 0.300307 0.593662
vt 0.299267 0.597306
vt 0.735991 0.305529
vt 0.456833 0.334317
vt 0.453138 0.335367
vt 0.463378 0.337162
vt 0.425128 0.624619
vt 0.430397 0.622955
vt 0.602383 0.306593
vt 0.292493 0.580237
vt 0.302492 0.584972
vt 0.301276 0.588029
vt 0.303192 0.586033
vt 0.268509 0.686395
vt 0.566162 0.896078
vt 0.563201 0.906759
vt 0.160835 0.465826
vt 0.163098 0.464551
vt 0.166504 0.467285
s 1
usemtl tripo_mat_afc9d59f
f 1598/1/1 1620/2/2 1519/3/3
f 1620/2/2 1560/4/4 1530/5/5
f 1519/3/3 1620/2/2 1530/5/5
f 1519/3/3 1607/6/6 1598/1/1
f 1519/3/3 1489/7/7 1607/6/6
f 1598/1/1 1607/6/6 1718/8/8
f 1718/8/8 1607/6/6 1676/9/9
f 1688/10/10 1676/9/9 1607/6/6
f 1598/1/1 1718/8/8 1712/11/11
f 1745/12/12 1718/8/8 1676/9/9
f 1712/11/11 1718/8/8 1836/13/13
f 1850/14/14 1718/8/8 1783/15/15
f 1718/8/8 1850/14/14 1836/13/13
f 1813/16/16 1783/15/15 1745/12/12
f 1745/12/12 1783/15/15 1718/8/8
f 1688/10/10 1607/6/6 1489/7/7
f 1502/17/17 1489/7/7 1519/3/3
f 1420/18/18 1502/17/17 1519/3/3
f 1519/3/3 1530/5/5 1420/18/18
f 1420/18/18 1387/19/19 1502/17/17
f 1420/18/18 1338/20/20 1387/19/19
f 1478/21/21 1530/5/5 1560/4/4
f 1681/22/22 1478/21/21 1560/4/4
s 0
f 1560/4/23 1620/2/24 1598/1/25
s 1
f 1560/4/4 1598/1/1 1712/11/11
f 1560/4/4 1712/11/11 1681/22/22
f 1712/11/11 1836/13/13 1681/22/22
f 1681/22/22 1721/23/26 1564/24/27
f 1721/23/26 1681/22/22 1747/25/28
f 1564/24/27 1386/26/29 1681/22/22
f 1478/21/21 1681/22/22 1386/26/29
f 1478/21/21 1446/27/30 1530/5/5
f 1446/27/30 1478/21/21 1386/26/29
f 1530/5/5 1329/28/31 1420/18/18
f 1530/5/5 1446/27/30 1330/29/32
f 1329/28/31 1530/5/5 1330/29/32
f 1420/18/18 1329/28/31 1338/20/20
f 1318/30/33 1387/19/19 1338/20/20
f 1318/30/33 1338/20/20 1306/31/34
f 1329/28/31 1256/32/35 1338/20/20
f 1241/33/36 1306/31/34 1338/20/20
f 1306/31/34 1241/33/36 1254/34/37
f 1234/35/38 1254/34/37 1188/36/39
f 1254/34/37 1241/33/36 1188/36/39
f 1234/35/38 1188/36/39 1182/37/40
f 1234/35/38 1182/37/40 1250/38/41
f 1074/39/42 1182/37/40 1188/36/39
f 1093/40/43 1188/36/39 1241/33/36
f 1093/40/43 1241/33/36 1179/41/44
s 0
f 1182/37/45 1074/39/46 1126/42/47
s 1
f 1333/43/48 1182/37/40 1126/42/49
f 1126/42/49 1286/44/50 1333/43/48
f 1126/42/49 1124/45/51 1224/46/52
f 1124/45/51 1211/47/53 1224/46/52
f 1211/47/53 1124/45/51 1154/48/54
f 1154/48/54 1124/45/51 1135/49/55
f 1126/42/49 1224/46/52 1286/44/50
f 1211/47/53 1154/48/54 1147/50/56
f 1211/47/53 1147/50/56 1238/51/57
f 1147/50/56 1154/48/54 1135/49/55
f 1202/52/58 1148/53/59 1127/54/60
f 1202/52/58 1127/54/60 1184/55/61
f 1202/52/58 1184/55/61 1339/56/62
f 1339/56/62 1184/55/61 1178/57/63
f 1339/56/62 1178/57/63 1357/58/64
f 1290/59/65 1178/57/63 1125/60/66
f 1125/60/66 1178/57/63 1109/61/67
f 1178/57/63 1184/55/61 1116/62/68
f 1116/62/68 1184/55/61 1127/54/60
f 1109/61/67 1178/57/63 1116/62/68
f 1127/54/60 1148/53/59 1128/63/69
f 1127/54/60 1128/63/69 1116/62/68
f 1128/63/69 1148/53/59 1147/50/56
f 1128/63/69 1147/50/56 1135/49/55
f 1116/62/68 1128/63/69 1102/64/70
f 1128/63/69 1135/49/55 1102/64/70
f 1135/49/55 1124/45/51 1102/64/70
f 1116/62/68 1102/64/70 1073/65/71
f 1073/65/71 1102/64/70 1066/66/72
f 1125/60/66 1109/61/67 1168/67/73
f 1168/67/73 1109/61/67 1082/68/74
f 1082/68/74 1109/61/67 1116/62/68
f 1082/68/74 1116/62/68 1073/65/71
f 1082/68/74 1073/65/71 1035/69/75
f 1035/69/75 1073/65/71 939/70/76
f 939/70/76 1073/65/71 900/71/77
f 1036/72/78 900/71/77 1066/66/72
s 0
f 1036/72/79 1074/39/80 1050/73/81
s 1
f 1036/72/78 1066/66/72 1074/39/82
f 1073/65/71 1066/66/72 900/71/77
f 1066/66/72 1102/64/70 1074/39/82
f 1124/45/51 1074/39/82 1102/64/70
f 1074/39/82 1124/45/51 1126/42/49
f 1050/73/83 1074/39/42 1188/36/39
f 854/74/84 1050/73/83 1037/75/85
f 1037/75/85 1050/73/83 1188/36/39
f 1037/75/85 1188/36/39 1093/40/43
f 1004/76/86 1037/75/85 1093/40/43
f 1093/40/43 1179/41/44 1005/77/87
f 1256/32/35 1251/78/88 1179/41/44
s 0
f 1179/41/89 1089/79/90 1005/77/91
s 1
f 1089/79/92 1179/41/44 1251/78/88
f 1093/40/43 1005/77/87 1004/76/86
f 1037/75/85 1004/76/86 981/80/93
f 1050/73/83 854/74/84 1036/72/94
s 0
f 1036/72/95 873/81/96 900/71/97
s 1
f 873/81/98 1036/72/94 854/74/84
s 0
f 1037/75/99 981/80/100 868/82/101
s 1
f 981/80/93 1004/76/86 1005/77/87
s 0
f 962/83/102 1005/77/103 1089/79/104
s 1
f 1108/84/105 1089/79/92 1251/78/88
f 1108/84/105 1251/78/88 1274/85/106
f 1089/79/92 1108/84/105 977/86/107
s 0
f 1089/79/108 977/86/109 962/83/110
s 1
f 930/87/111 962/83/112 977/86/107
f 1005/77/113 962/83/114 935/88/115
s 0
f 981/80/116 1005/77/117 935/88/118
f 935/88/119 962/83/120 930/87/121
s 1
f 981/80/122 935/88/123 869/89/124
f 981/80/122 869/89/124 868/82/125
f 1037/75/85 868/82/125 854/74/84
f 854/74/84 868/82/125 867/90/126
f 854/74/84 867/90/126 801/91/127
f 854/74/84 801/91/127 873/81/98
s 0
f 873/81/128 801/91/129 814/92/130
s 1
f 900/71/77 873/81/131 814/92/132
f 939/70/76 814/92/132 840/93/133
f 900/71/77 814/92/132 939/70/76
f 1035/69/75 939/70/76 840/93/133
f 1082/68/74 1035/69/75 955/94/134
f 1082/68/74 955/94/134 1008/95/135
f 1067/96/136 1082/68/74 1008/95/135
s 0
f 1067/96/137 1008/95/138 1022/97/139
s 1
f 1067/96/136 1168/67/73 1082/68/74
f 1022/97/140 1016/98/141 1068/99/142
s 0
f 986/100/143 1016/98/144 941/101/145
s 1
f 973/102/146 986/100/147 941/101/148
f 986/100/147 973/102/146 953/103/149
f 931/104/150 983/105/151 953/103/149
f 931/104/150 894/106/152 909/107/153
f 909/107/153 894/106/152 883/108/154
f 835/109/155 883/108/154 861/110/156
f 861/110/156 883/108/154 894/106/152
f 835/109/155 861/110/156 797/111/157
f 861/110/156 894/106/152 785/112/158
s 0
f 912/113/159 931/104/160 953/103/161
s 1
f 912/113/162 953/103/149 973/102/146
f 912/113/162 973/102/146 933/114/163
f 933/114/163 973/102/146 941/101/148
f 753/115/164 912/113/162 933/114/163
f 785/112/158 894/106/152 931/104/150
f 931/104/150 811/116/165 785/112/158
f 931/104/150 912/113/162 811/116/165
f 753/115/164 933/114/163 810/117/166
f 912/113/162 753/115/164 811/116/165
f 861/110/156 785/112/158 734/118/167
f 861/110/156 725/119/168 767/120/169
s 0
f 797/111/170 767/120/171 738/121/172
s 1
f 687/122/173 738/121/174 725/119/168
f 687/122/173 678/123/175 755/124/176
f 687/122/173 755/124/176 761/125/177
f 687/122/173 761/125/177 738/121/174
f 797/111/157 738/121/174 835/109/155
f 835/109/155 738/121/174 761/125/177
f 767/120/169 797/111/157 861/110/156
f 848/126/178 835/109/155 761/125/177
f 848/126/178 761/125/177 846/127/179
f 846/127/179 755/124/176 762/128/180
f 827/129/181 833/130/182 762/128/180
f 833/130/182 846/127/179 762/128/180
f 846/127/179 761/125/177 755/124/176
s 0
f 893/131/183 775/132/184 782/133/185
s 1
f 893/131/186 782/133/187 804/134/188
s 0
f 804/134/189 782/133/190 800/135/191
s 1
f 817/136/192 804/134/193 800/135/194
s 0
f 707/137/195 711/138/196 800/135/197
f 707/137/198 800/135/199 782/133/200
s 1
f 782/133/201 775/132/202 706/139/203
f 775/132/202 827/129/181 706/139/203
f 706/139/203 827/129/181 730/140/204
f 730/140/204 827/129/181 762/128/180
f 703/141/205 755/124/176 678/123/175
s 0
f 703/141/206 676/142/207 755/124/208
f 755/124/209 676/142/210 762/128/211
f 762/128/212 676/142/213 730/140/214
s 1
f 782/133/201 706/139/203 707/137/215
f 730/140/204 689/143/216 706/139/203
f 704/144/217 711/138/218 707/137/215
f 707/137/215 706/139/203 689/143/216
f 689/143/216 730/140/204 676/142/219
f 584/145/220 689/143/216 676/142/219
f 584/145/220 676/142/219 703/141/205
f 584/145/220 703/141/205 576/146/221
f 576/146/221 703/141/205 678/123/175
f 687/122/173 668/147/222 678/123/175
f 614/148/223 668/147/222 685/149/224
s 0
f 685/149/225 668/147/226 734/118/227
f 734/118/228 668/147/229 725/119/230
s 1
f 725/119/168 668/147/222 687/122/173
s 0
f 754/150/231 734/118/232 811/116/233
s 1
f 725/119/168 861/110/156 734/118/167
f 767/120/169 725/119/168 738/121/174
f 1637/151/234 1597/152/235 1617/153/236
f 1517/154/237 1597/152/235 1545/155/238
f 1517/154/237 1545/155/238 1499/156/239
f 1517/154/237 1499/156/239 1379/157/240
f 1379/157/240 1499/156/239 1320/158/241
f 1499/156/239 1545/155/238 1597/152/235
s 0
f 1567/159/242 1499/156/243 1597/152/244
f 1499/156/245 1567/159/246 1558/160/247
s 1
f 1567/159/248 1597/152/249 1776/161/250
f 1776/161/250 1597/152/249 1824/162/251
s 0
f 1637/151/252 1824/162/253 1597/152/254
s 1
f 1637/151/234 1617/153/236 1725/163/255
f 1517/154/237 1617/153/236 1597/152/235
s 0
f 1494/164/256 1517/154/257 1379/157/258
s 1
f 1432/165/259 1320/158/241 1499/156/239
f 1379/157/240 1385/166/260 1494/164/261
f 1461/167/262 1494/164/261 1385/166/260
f 1517/154/237 1494/164/261 1617/153/236
f 1617/153/236 1494/164/261 1796/168/263
f 1725/163/255 1617/153/236 1796/168/263
f 1533/169/264 1494/164/261 1461/167/262
s 0
f 1552/170/265 1533/169/266 1461/167/267
s 1
f 1875/171/268 1494/164/261 1533/169/264
f 1494/164/261 1875/171/268 1796/168/263
f 1685/172/269 1552/170/270 1429/173/271
f 1552/170/270 1685/172/269 1533/169/264
s 0
f 1429/173/272 1552/170/273 1461/167/274
s 1
f 1848/174/275 1429/173/271 1555/175/276
s 0
f 1555/175/277 1650/176/278 1848/174/279
s 1
f 1848/174/275 1685/172/269 1429/173/271
f 1533/169/264 1685/172/269 1887/177/280
f 1533/169/264 1887/177/280 1875/171/268
f 1848/174/275 1887/177/280 1685/172/269
f 1890/178/281 1887/177/280 1848/174/275
f 1887/177/280 1890/178/281 1994/179/282
f 1890/178/281 1938/180/283 1999/181/284
f 1890/178/281 1999/181/284 2081/182/285
f 1994/179/282 1890/178/281 2081/182/285
f 1848/174/275 1938/180/283 1890/178/281
f 1897/183/286 1938/180/283 1848/174/275
f 1897/183/286 1848/174/275 1650/176/287
f 1783/184/15 1813/185/16 1850/186/14
f 1850/186/14 1813/185/16 1941/187/288
f 1997/188/289 1932/189/290 2060/190/291
f 1940/191/292 1932/189/290 1941/187/288
f 1948/192/293 1940/191/292 1941/187/288
f 1745/193/12 1941/187/288 1813/185/16
f 1745/193/12 1676/194/9 1843/195/294
f 1688/196/10 1843/195/294 1676/194/9
f 1745/193/12 1908/197/295 1941/187/288
f 1948/192/293 1941/187/288 1908/197/295
f 1959/198/296 1908/197/295 1745/193/12
f 1908/197/295 1959/198/296 2030/199/297
f 1959/198/296 1745/193/12 1843/195/294
f 1908/197/295 1940/191/292 1948/192/293
f 1940/191/292 1908/197/295 2030/199/297
f 2044/200/298 1940/191/292 2030/199/297
f 1940/191/292 2044/200/298 1932/189/290
f 2060/190/291 1932/189/290 2066/201/299
f 2040/202/300 2187/203/301 2080/204/302
f 2187/203/301 2040/202/300 2060/190/291
f 2060/190/291 2103/205/303 2187/203/301
s 0
f 2060/190/304 2066/201/305 2103/205/306
s 1
f 2248/206/307 2103/205/308 2066/201/299
f 2066/201/299 1932/189/290 2044/200/298
f 2066/201/299 2044/200/298 2098/207/309
f 2138/208/310 2235/209/311 2248/206/307
f 2219/210/312 2218/211/313 2290/212/314
f 2290/212/314 2218/211/313 2222/213/315
f 2358/214/316 2219/210/312 2290/212/314
f 2222/213/315 2218/211/313 2196/215/317
s 0
f 2232/216/318 2196/215/319 2159/217/320
s 1
f 2222/213/315 2196/215/317 2232/216/321
f 2232/216/321 2159/217/322 2131/218/323
f 2131/218/323 2080/204/302 2317/219/324
s 0
f 2080/204/325 2187/203/326 2317/219/327
s 1
f 2358/214/316 2290/212/314 2423/220/328
f 2423/220/328 2290/212/314 2416/221/329
s 0
f 2290/212/330 2339/222/331 2416/221/332
f 2475/223/333 2423/220/334 2416/221/335
s 1
f 2416/221/336 2339/222/337 2521/224/338
f 2521/224/338 2339/222/337 2363/225/339
s 0
f 2339/222/340 2290/212/341 2222/213/342
s 1
f 2363/225/339 2339/222/337 2222/213/315
f 2222/213/315 2232/216/321 2363/225/339
f 2317/219/324 2232/216/321 2131/218/323
f 2187/203/301 2103/205/303 2385/226/343
f 2248/206/307 2422/227/344 2103/205/308
s 0
f 2385/226/345 2103/205/346 2422/227/347
s 1
f 2248/206/307 2235/209/311 2266/228/348
f 2331/229/349 2248/206/307 2266/228/348
f 2422/227/344 2248/206/307 2331/229/349
f 2187/203/301 2385/226/343 2359/230/350
f 2317/219/324 2187/203/301 2359/230/350
f 2232/216/321 2317/219/324 2363/225/339
s 0
f 2493/231/351 2521/224/352 2363/225/353
s 1
f 2543/232/354 2416/221/336 2521/224/338
f 2543/232/354 2571/233/355 2416/221/336
s 0
f 2416/221/356 2571/233/357 2475/223/358
s 1
f 2521/224/338 2621/234/359 2543/232/354
f 2621/234/359 2521/224/338 2493/231/360
f 2621/234/359 2493/231/360 2589/235/361
f 2589/235/361 2668/236/362 2621/234/359
f 2589/235/361 2753/237/363 2668/236/362
f 2680/238/364 2621/234/359 2668/236/362
f 2621/234/359 2680/238/364 2543/232/354
f 2543/232/354 2680/238/364 2654/239/365
f 2543/232/354 2654/239/365 2571/233/355
f 2589/235/361 2536/240/366 2753/237/363
f 2589/235/361 2493/231/360 2362/241/367
f 2536/240/368 2588/242/369 2657/243/370
s 0
f 2657/243/371 2588/242/372 2593/244/373
f 2536/240/374 2657/243/375 2753/237/376
s 1
f 2766/245/377 2753/237/363 2657/243/378
f 2766/245/377 2657/243/378 2645/246/379
f 2729/247/380 2766/245/377 2645/246/379
f 2766/245/377 2729/247/380 2749/248/381
f 2712/249/382 2729/247/380 2645/246/379
f 2729/247/380 2712/249/382 2749/248/381
f 2737/250/383 2749/248/381 2712/249/382
f 2766/245/377 2749/248/381 2781/251/384
f 2827/252/385 2766/245/377 2781/251/384
f 2798/253/386 2753/237/363 2766/245/377
f 2753/237/363 2798/253/386 2668/236/362
f 2816/254/387 2668/236/362 2798/253/386
f 2668/236/362 2816/254/387 2680/238/364
f 2816/254/387 2815/255/388 2680/238/364
f 2792/256/389 2796/257/390 2803/258/391
f 2680/238/364 2815/255/388 2796/257/390
f 1842/259/392 1810/260/393 1896/261/394
f 1927/262/395 1842/259/392 1896/261/394
f 1842/259/392 1927/262/395 1824/162/251
f 1842/259/392 1824/162/251 1637/151/234
f 1637/151/234 1725/163/255 1842/259/392
f 1842/259/392 1725/163/255 1810/260/393
f 1725/163/255 1796/168/263 1810/260/393
s 0
f 1810/260/396 1796/168/397 1896/261/398
s 1
f 1988/263/399 1927/262/395 1985/264/400
s 0
f 1927/262/401 1988/263/402 2013/265/403
s 1
f 1927/262/395 2013/265/404 1824/162/251
f 2013/265/405 1988/263/399 2024/266/406
f 2024/266/406 2171/267/407 2013/265/405
f 2024/266/406 1988/263/399 1985/264/400
f 2024/266/406 1985/264/400 1994/179/282
f 2024/266/406 1994/179/282 2163/268/408
f 2163/268/408 1994/179/282 2081/182/285
f 2163/268/408 2081/182/285 2210/269/409
f 2163/268/408 2236/270/410 2238/271/411
f 2163/268/408 2238/271/411 2206/272/412
f 2163/268/408 2206/272/412 2024/266/406
f 2024/266/406 2206/272/412 2171/267/407
f 2206/272/412 2238/271/411 2171/267/407
f 2238/271/411 2264/273/413 2332/274/414
f 2171/267/407 2238/271/411 2332/274/414
f 2188/275/415 2171/267/407 2332/274/414
f 2238/271/411 2308/276/416 2264/273/413
f 2308/276/416 2238/271/411 2236/270/410
f 2264/273/413 2308/276/416 2332/274/414
f 2332/274/414 2306/277/417 2188/275/415
f 2188/275/415 2306/277/417 2175/278/418
f 2175/278/418 2306/277/417 2191/279/419
f 2357/280/420 2306/277/417 2332/274/414
f 2357/280/420 2332/274/414 2308/276/416
f 2357/280/420 2308/276/416 2395/281/421
f 2308/276/416 2236/270/410 2395/281/421
s 0
f 2236/270/422 2338/282/423 2395/281/424
s 1
f 2210/269/409 2236/270/410 2163/268/408
s 0
f 2210/269/425 1999/181/426 2149/283/427
f 2236/270/428 2210/269/429 2149/283/430
s 1
f 2236/270/431 2149/283/432 2338/282/433
f 2089/284/434 2149/283/435 1999/181/284
f 2089/284/434 1999/181/284 1938/180/283
f 2034/285/436 1938/180/283 1897/183/286
f 1938/180/283 2034/285/436 2089/284/434
f 1748/286/437 1897/183/286 1650/176/287
f 1891/287/438 2034/285/436 1897/183/286
f 1891/287/438 1897/183/286 1748/286/437
f 1891/287/438 1748/286/437 1855/288/439
f 1891/287/438 1855/288/439 1831/289/440
f 1891/287/438 1831/289/440 1916/290/441
f 1831/289/440 1895/291/442 1916/290/441
f 1891/287/438 1916/290/441 1982/292/443
f 1891/287/438 2021/293/444 2034/285/436
s 0
f 2021/293/445 1891/287/446 1982/292/447
s 1
f 2089/284/434 2034/285/436 2128/294/448
s 0
f 2149/283/449 2089/284/450 2303/295/451
s 1
f 2089/284/434 2287/296/452 2303/295/453
f 2303/295/453 2442/297/454 2478/298/455
f 2478/298/455 2338/282/433 2149/283/432
f 2478/298/455 2149/283/432 2303/295/453
f 2287/296/452 2089/284/434 2128/294/448
f 2287/296/452 2208/299/456 2291/300/457
f 2287/296/452 2128/294/448 2208/299/456
f 2291/300/457 2208/299/456 2302/301/458
f 2021/293/444 2208/299/456 2128/294/448
f 2128/294/448 2034/285/436 2021/293/444
f 2208/299/456 2021/293/444 1982/292/443
f 2157/302/459 2208/299/456 1982/292/443
f 2302/301/458 2208/299/456 2157/302/459
f 2303/295/453 2287/296/452 2468/303/460
f 2303/295/453 2468/303/460 2442/297/454
f 2377/304/461 2468/303/460 2287/296/452
f 2377/304/461 2287/296/452 2291/300/457
f 2302/301/458 2157/302/459 2177/305/462
f 2302/301/458 2177/305/462 2315/306/463
f 2302/301/458 2315/306/463 2356/307/464
f 2291/300/457 2302/301/458 2356/307/464
f 2377/304/461 2291/300/457 2356/307/464
f 2377/304/461 2356/307/464 2449/308/465
s 0
f 2449/308/466 2462/309/467 2517/310/468
s 1
f 2517/310/469 2462/309/470 2515/311/471
f 2517/310/469 2515/311/471 2600/312/472
f 2462/309/470 2449/308/465 2356/307/464
f 2462/309/470 2356/307/464 2315/306/463
f 2462/309/470 2432/313/473 2515/311/471
f 2515/311/471 2432/313/473 2477/314/474
f 2284/315/475 2432/313/473 2462/309/470
f 2284/315/475 2462/309/470 2315/306/463
f 2432/313/473 2284/315/475 2425/316/476
f 2315/306/463 2177/305/462 2284/315/475
s 0
f 2177/305/477 2178/317/478 2284/315/479
f 2285/318/480 2284/315/481 2178/317/482
f 2178/317/483 2217/319/484 2285/318/485
s 1
f 2086/320/486 2178/317/487 2177/305/462
f 2086/320/486 2177/305/462 2037/321/488
f 2037/321/488 2177/305/462 2157/302/459
f 1837/322/489 1895/291/442 1831/289/440
f 1837/322/489 1975/323/490 1895/291/442
f 1975/323/490 1837/322/489 1770/324/491
f 1975/323/490 2037/321/488 1895/291/442
s 0
f 1895/291/492 2037/321/493 1916/290/494
s 1
f 1916/290/441 2157/302/459 1982/292/443
f 2157/302/459 1916/290/441 2037/321/488
f 2178/317/487 2086/320/486 2106/325/495
f 2217/319/496 2178/317/487 2181/326/497
f 2217/319/496 2181/326/497 2285/318/498
f 2181/326/497 2178/317/487 2106/325/495
f 2125/327/499 2181/326/497 2106/325/495
s 0
f 2083/328/500 2181/326/501 2125/327/502
s 1
f 2181/326/497 2192/329/503 2285/318/498
f 2192/329/503 2181/326/497 2083/328/504
f 2083/328/504 1830/330/505 2192/329/503
f 2192/329/503 1830/330/505 1902/331/506
s 0
f 2192/329/507 1902/331/508 2095/332/509
f 2095/332/510 1902/331/511 2078/333/512
s 1
f 2125/327/499 2106/325/495 2104/334/513
f 2083/328/514 2125/327/499 1731/335/515
f 2125/327/499 2104/334/513 1782/336/516
f 2125/327/499 1782/336/516 1731/335/515
f 1782/336/516 2104/334/513 2026/337/517
f 2026/337/517 2104/334/513 2035/338/518
f 2026/337/517 2035/338/518 1914/339/519
s 0
f 1914/339/520 2035/338/521 1975/323/522
s 1
f 2026/337/517 1914/339/519 1862/340/523
f 2026/337/517 1862/340/523 1782/336/516
f 1862/340/523 1914/339/519 1878/341/524
f 1838/342/525 1862/340/523 1878/341/524
f 1731/335/515 1782/336/516 1662/343/526
f 1662/343/526 1782/336/516 1636/344/527
f 1636/344/527 1782/336/516 1862/340/523
f 1862/340/523 1838/342/525 1636/344/527
s 0
f 1636/344/528 1838/342/529 1878/341/530
s 1
f 1636/344/531 1878/341/524 1628/345/532
f 1628/345/532 1878/341/524 1770/324/491
f 1770/324/491 1878/341/524 1914/339/519
f 1770/324/491 1914/339/519 1975/323/490
f 2037/321/488 1975/323/490 2035/338/518
f 2037/321/488 2035/338/518 2086/320/486
f 2086/320/486 2035/338/518 2106/325/495
f 2104/334/513 2106/325/495 2035/338/518
f 1850/14/14 1941/346/288 1932/347/290
f 1836/13/13 1850/14/14 1932/347/290
f 1997/348/289 1911/349/533 1932/347/290
s 0
f 1836/13/534 1932/347/535 1911/349/536
s 1
f 1997/348/289 2060/350/291 2040/351/300
f 2005/352/537 2159/353/322 2033/354/538
f 2033/354/538 2159/353/322 2196/355/317
f 2257/356/539 2219/357/312 2358/358/316
f 2237/359/540 2257/356/539 2319/360/541
s 0
f 2259/361/542 2223/362/543 2045/363/544
f 1993/364/545 2223/362/546 2202/365/547
s 1
f 1993/364/548 2202/365/549 1980/366/550
f 1928/367/551 2148/368/552 2114/369/553
f 1928/367/551 2074/370/554 1903/371/555
f 2074/370/554 2129/372/556 2022/373/557
f 1926/374/558 2054/375/559 1952/376/560
f 1952/376/560 2185/377/561 2017/378/562
f 1926/374/558 1952/376/560 1832/379/563
f 2054/375/559 1926/374/558 1900/380/564
f 2043/381/565 2054/375/559 1900/380/564
f 2043/381/565 1900/380/564 1905/382/566
f 2043/381/565 1905/382/566 1899/383/567
f 2022/373/557 1899/383/567 1788/384/568
f 2074/370/554 2022/373/557 1788/384/568
f 1925/385/569 2045/363/570 2223/362/571
f 1925/385/569 2223/362/571 1993/364/572
f 1930/386/573 1993/364/548 1764/387/574
f 1764/387/574 1993/364/548 1980/366/550
f 1764/387/574 1980/366/550 2148/368/552
f 1764/387/574 2148/368/552 1928/367/551
f 1764/387/574 1928/367/551 1903/371/555
f 1765/388/575 1903/371/555 2074/370/554
f 1765/388/575 2074/370/554 1788/384/568
f 1788/384/568 1899/383/567 1789/389/576
f 1789/389/576 1899/383/567 1905/382/566
f 1832/379/563 1952/376/560 2017/378/562
f 2017/378/562 1781/390/577 1832/379/563
f 2017/378/562 1790/391/578 1781/390/577
f 1926/374/558 1832/379/563 1815/392/579
f 1926/374/558 1815/392/579 1900/380/564
f 1900/380/564 1815/392/579 1792/393/580
f 1905/382/566 1900/380/564 1789/389/576
f 1900/380/564 1792/393/580 1789/389/576
f 1789/389/576 1792/393/580 1713/394/581
f 1788/384/568 1760/395/582 1765/388/575
f 1765/388/575 1711/396/583 1903/371/555
f 1711/396/583 1765/388/575 1735/397/584
f 1765/388/575 1760/395/582 1735/397/584
f 1739/398/585 1760/395/582 1788/384/568
f 1739/398/585 1788/384/568 1789/389/576
f 1789/389/576 1713/394/581 1739/398/585
f 1713/394/581 1792/393/580 1684/399/586
f 1684/399/586 1792/393/580 1815/392/579
s 0
f 1781/390/587 1815/392/588 1832/379/589
s 1
f 1684/399/586 1815/392/579 1629/400/590
f 1815/392/579 1781/390/577 1629/400/590
f 1629/400/590 1781/390/577 1732/401/591
f 1790/391/578 1550/402/592 1666/403/593
f 1781/390/577 1790/391/578 1666/403/593
f 1550/402/592 1447/404/594 1666/403/593
f 1550/402/592 1356/405/595 1447/404/594
f 1666/403/593 1447/404/594 1453/406/596
f 1335/407/597 1453/406/596 1447/404/594
f 1291/408/598 1452/409/599 1453/406/596
f 1453/406/596 1335/407/597 1291/408/598
f 1452/409/599 1291/408/598 1336/410/600
f 1280/411/601 1170/412/602 1372/413/603
f 1170/412/602 1280/411/601 1161/414/604
s 0
f 1161/414/605 1134/415/606 1170/412/607
s 1
f 1170/412/602 1134/415/608 1372/413/603
f 1081/416/609 1134/415/608 1161/414/604
f 1134/415/608 1081/416/609 1117/417/610
f 1140/418/611 1117/417/610 1122/419/612
f 1140/418/611 1122/419/612 1151/420/613
f 1122/419/612 1117/417/610 1087/421/614
f 1081/416/609 1063/422/615 1117/417/610
f 1117/417/610 1063/422/615 1087/421/614
f 985/423/616 1027/424/617 1121/425/618
f 1029/426/619 1063/422/615 1011/427/620
f 967/428/621 1027/424/617 985/423/616
f 995/429/622 1027/424/617 967/428/621
f 976/430/623 995/429/622 927/431/624
f 927/431/624 995/429/622 967/428/621
f 967/428/621 985/423/616 938/432/625
f 938/432/625 985/423/616 942/433/626
f 1029/426/619 942/433/626 985/423/616
f 1029/426/619 985/423/616 1063/422/615
f 942/433/626 1029/426/619 928/434/627
s 0
f 1029/426/628 1011/427/629 928/434/630
s 1
f 1011/427/631 992/435/632 951/436/633
f 1011/427/631 951/436/633 928/434/627
f 967/428/621 938/432/625 864/437/634
f 942/433/626 863/438/635 938/432/625
f 942/433/626 928/434/627 863/438/635
f 928/434/627 901/439/636 863/438/635
f 858/440/637 793/441/638 901/439/636
f 901/439/636 793/441/638 863/438/635
s 0
f 863/438/639 838/442/640 938/432/641
s 1
f 864/437/634 871/443/642 967/428/621
f 967/428/621 871/443/642 927/431/624
f 927/431/624 945/444/643 976/430/623
f 976/430/623 945/444/643 937/445/644
f 976/430/623 937/445/644 982/446/645
f 1046/447/646 976/430/623 982/446/645
f 976/430/623 1046/447/646 995/429/622
f 1027/424/617 1113/448/647 1120/449/648
f 1113/448/647 1027/424/617 995/429/622
s 0
f 1113/448/649 995/429/650 1046/447/651
s 1
f 1165/450/652 1113/448/653 1046/447/646
f 1046/447/646 1244/451/654 1165/450/652
f 1139/452/655 1244/451/654 1041/453/656
f 1041/453/656 1244/451/654 1046/447/646
f 1041/453/656 1046/447/646 982/446/645
f 982/446/645 961/454/657 1041/453/656
f 961/454/657 982/446/645 937/445/644
s 0
f 960/455/658 961/454/659 932/456/660
s 1
f 946/457/661 960/455/662 932/456/663
f 932/456/664 961/454/657 937/445/644
f 932/456/664 937/445/644 826/458/665
f 932/456/664 826/458/665 905/459/666
s 0
f 826/458/667 937/445/668 879/460/669
s 1
f 945/444/643 879/460/670 937/445/644
f 945/444/643 927/431/624 871/443/642
s 0
f 864/437/671 938/432/672 812/461/673
s 1
f 864/437/634 821/462/674 871/443/642
f 871/443/642 821/462/674 834/463/675
f 871/443/642 834/463/675 945/444/643
f 945/444/643 834/463/675 879/460/670
f 879/460/670 768/464/676 826/458/665
s 0
f 799/465/677 834/463/678 821/462/679
f 838/442/680 812/461/681 938/432/682
s 1
f 793/441/638 838/442/683 863/438/635
s 0
f 793/441/684 748/466/685 838/442/686
f 748/466/687 793/441/688 716/467/689
f 793/441/690 798/468/691 716/467/692
s 1
f 716/467/693 654/469/694 652/470/695
f 655/471/696 650/472/697 702/473/698
f 702/473/698 650/472/697 640/474/699
f 640/474/699 648/475/700 662/476/701
f 698/477/702 640/474/699 662/476/701
f 702/473/698 640/474/699 720/478/703
f 720/478/703 640/474/699 698/477/702
s 0
f 702/473/704 720/478/705 655/471/706
s 1
f 655/471/707 720/478/703 821/462/674
f 735/479/708 655/471/707 821/462/674
f 812/461/709 748/466/710 635/480/711
f 748/466/712 716/467/693 652/470/695
s 0
f 748/466/713 652/470/714 635/480/715
f 812/461/716 635/480/717 735/479/718
f 655/471/719 735/479/720 635/480/721
s 1
f 1499/156/239 1558/160/722 1432/165/259
s 0
f 1558/160/723 1567/159/724 1445/481/725
f 1438/482/726 1567/159/727 1776/161/728
s 1
f 1776/161/250 1824/162/251 2013/265/404
f 1776/161/250 2013/265/404 1884/483/729
s 0
f 2171/267/730 2188/275/731 2013/265/732
f 1998/484/733 2188/275/734 2175/278/735
s 1
f 2188/275/736 1998/484/737 2013/265/738
s 0
f 2013/265/739 1998/484/740 1884/483/741
s 1
f 1998/484/742 1707/485/743 1884/483/729
f 1707/485/743 1998/484/742 2006/486/744
f 1707/485/743 1776/161/250 1884/483/729
f 1642/487/745 1707/485/743 2006/486/744
f 1809/488/746 1627/489/747 2006/486/744
s 0
f 1809/488/748 1753/490/749 1627/489/750
s 1
f 2006/486/744 1627/489/747 1642/487/745
f 1707/485/743 1438/482/751 1776/161/250
f 1707/485/743 1642/487/745 1438/482/751
s 0
f 1567/159/752 1438/482/753 1445/481/754
s 1
f 1402/491/755 1445/481/756 1438/482/757
s 0
f 1438/482/758 1642/487/759 1627/489/760
f 1402/491/761 1438/482/762 1359/492/763
f 1438/482/764 1390/493/765 1229/494/766
f 1438/482/767 1229/494/768 1359/492/769
f 1390/493/770 1438/482/771 1627/489/772
s 1
f 1627/489/773 1486/495/774 1390/493/775
f 1486/495/774 1627/489/773 1753/490/776
f 1486/495/774 1753/490/776 1752/496/777
f 1486/495/774 1752/496/777 1653/497/778
f 1540/498/779 1390/493/775 1486/495/774
f 1540/498/779 1486/495/774 1653/497/778
f 1441/499/780 1540/498/779 1570/500/781
f 1570/500/781 1540/498/779 1653/497/778
s 0
f 1653/497/782 1659/501/783 1570/500/784
f 1659/501/785 1653/497/786 1852/502/787
f 1852/502/788 1653/497/789 1752/496/790
s 1
f 1659/501/791 1852/502/792 1706/503/793
f 1752/496/777 1753/490/776 1852/502/794
f 2006/486/744 1998/484/742 2175/278/418
f 2191/279/419 2006/486/744 2175/278/418
f 2306/277/417 2347/504/795 2191/279/419
s 0
f 2191/279/796 2347/504/797 2101/505/798
s 1
f 2101/505/799 2052/506/800 2031/507/801
f 2191/279/419 2101/505/799 1809/488/746
f 2006/486/744 2191/279/419 1809/488/746
f 1753/490/802 1809/488/746 2031/507/801
f 1809/488/746 2101/505/799 2031/507/801
s 0
f 2031/507/803 1852/502/804 1753/490/805
s 1
f 2031/507/806 2058/508/807 1852/502/792
s 0
f 2058/508/808 2031/507/809 2052/506/810
s 1
f 2058/508/807 2052/506/811 2064/509/812
f 2147/510/813 2052/506/800 2101/505/799
f 2147/510/813 2101/505/799 2204/511/814
f 2101/505/799 2347/504/815 2204/511/814
f 1387/19/19 1489/7/7 1502/17/17
f 1688/10/10 1489/7/7 1679/512/816
s 0
f 1580/513/817 1679/512/818 1489/7/819
s 1
f 1580/513/820 1489/7/821 1348/514/822
s 0
f 1348/514/823 1489/7/824 1318/30/825
f 1387/19/826 1318/30/827 1489/7/828
f 1306/31/829 1348/514/830 1318/30/831
s 1
f 1580/513/820 1348/514/822 1548/515/832
f 1444/516/833 1286/44/50 1450/517/834
f 1450/517/834 1286/44/50 1474/518/835
f 1286/44/50 1224/46/52 1474/518/835
f 1364/519/836 1326/520/837 1337/521/838
f 1326/520/837 1364/519/836 1238/51/57
f 1224/46/52 1364/519/836 1474/518/835
f 1224/46/52 1211/47/53 1364/519/836
f 1364/519/836 1211/47/53 1238/51/57
f 1326/520/837 1238/51/57 1147/50/56
f 1147/50/56 1148/53/59 1326/520/837
f 1342/522/839 1326/520/837 1148/53/59
f 1148/53/59 1202/52/58 1342/522/839
f 1202/52/58 1339/56/62 1342/522/839
f 1432/165/259 1558/160/722 1445/481/756
f 1432/165/259 1445/481/756 1402/491/755
f 1432/165/259 1402/491/755 1320/158/241
f 1385/166/260 1346/523/840 1461/167/262
f 1461/167/262 1346/523/840 1351/524/841
f 1461/167/262 1351/524/841 1429/173/842
s 0
f 1429/173/843 1351/524/844 1382/525/845
s 1
f 1351/524/846 1384/526/847 1382/525/848
f 1429/173/271 1382/525/849 1555/175/276
s 0
f 1382/525/850 1425/527/851 1555/175/852
s 1
f 1535/528/853 1748/286/437 1650/176/287
f 1855/288/439 1748/286/437 1655/529/854
f 1855/288/439 1655/529/854 1632/530/855
f 1831/289/440 1855/288/439 1632/530/855
f 1837/322/489 1831/289/440 1632/530/855
f 1727/531/856 1837/322/489 1632/530/855
f 1837/322/489 1727/531/856 1677/532/857
s 0
f 1837/322/858 1677/532/859 1770/324/860
f 1770/324/861 1677/532/862 1628/345/863
s 1
f 1675/533/864 1731/335/515 1662/343/526
f 1675/533/864 1662/343/526 1504/534/865
s 0
f 2083/328/866 1731/335/866 1830/330/866
s 1
f 1830/330/867 1731/335/515 1675/533/864
f 1830/330/867 1675/533/864 1758/535/868
f 1473/536/869 1758/535/868 1675/533/864
s 0
f 1758/535/870 1473/536/871 1596/537/872
f 1473/536/873 1675/533/874 1396/538/875
s 1
f 1596/537/876 1473/536/877 1551/539/878
f 1596/537/876 1551/539/878 1758/535/868
f 1551/539/878 1487/540/879 1758/535/868
f 1757/541/880 1758/535/868 1487/540/879
s 0
f 1487/540/881 1417/542/882 1757/541/883
s 1
f 1924/543/884 1758/535/868 1757/541/880
f 1757/541/885 1672/544/886 1922/545/887
s 0
f 1924/543/888 1757/541/889 1902/331/890
f 1924/543/891 1902/331/892 1830/330/893
s 1
f 2078/333/894 1902/331/895 1757/541/885
f 1757/541/885 1922/546/887 2078/333/894
f 1922/546/887 2062/547/896 2078/333/894
f 2078/333/894 2062/547/896 2224/548/897
s 0
f 2078/333/898 2224/548/899 2095/332/900
s 1
f 2095/332/901 2224/548/902 2192/329/903
f 2192/329/503 2425/316/476 2285/318/498
s 0
f 2192/329/904 2224/548/905 2451/549/906
s 1
f 2062/547/896 2165/550/907 2323/551/908
f 2062/547/896 2323/551/908 2351/552/909
f 2062/547/896 2351/552/909 2224/548/897
s 0
f 2192/329/910 2451/549/911 2425/316/912
s 1
f 2425/316/476 2451/549/913 2432/313/473
f 2285/318/498 2425/316/476 2284/315/475
s 0
f 1320/158/914 1402/491/915 1359/492/916
s 1
f 1320/158/241 1359/492/917 1303/553/918
f 1320/158/241 1305/554/919 1379/157/240
f 1425/527/920 1535/528/853 1555/175/921
f 1650/176/287 1555/175/921 1535/528/853
f 1655/529/854 1748/286/437 1535/528/853
f 1467/555/922 1632/530/855 1655/529/854
f 1425/527/920 1467/555/922 1535/528/853
f 1467/555/922 1655/529/854 1535/528/853
s 0
f 1632/530/923 1467/555/924 1541/556/925
s 1
f 1380/557/926 1541/556/927 1467/555/922
f 1380/557/926 1467/555/922 1425/527/920
f 1380/557/926 1439/558/928 1541/556/927
f 1518/559/929 1439/558/928 1468/560/930
f 1541/556/927 1439/558/928 1518/559/929
f 1632/530/855 1541/556/927 1727/531/856
f 1513/561/931 1628/345/932 1493/562/933
f 1636/344/531 1614/563/934 1576/564/935
f 1614/563/934 1636/344/531 1628/345/532
s 0
f 1614/563/936 1628/345/937 1513/561/938
f 1628/345/939 1677/532/940 1493/562/941
s 1
f 1518/559/929 1727/531/856 1541/556/927
f 1727/531/856 1518/559/929 1677/532/857
f 1518/559/929 1613/565/942 1677/532/857
s 0
f 1677/532/943 1613/565/944 1493/562/945
s 1
f 1468/560/930 1381/566/946 1518/559/929
f 1518/559/929 1381/566/946 1613/565/942
f 1381/566/946 1493/562/933 1613/565/942
f 1493/562/933 1418/567/947 1513/561/931
f 1418/567/947 1493/562/933 1381/566/946
s 0
f 1418/567/948 1437/568/949 1513/561/950
s 1
f 1513/561/951 1437/568/952 1504/534/865
f 1614/563/934 1513/561/951 1576/564/935
f 1513/561/951 1542/569/953 1576/564/935
f 1513/561/951 1504/534/865 1542/569/953
f 1504/534/865 1437/568/952 1442/570/954
f 1437/568/952 1354/571/955 1442/570/954
f 1245/572/956 1328/573/957 1437/568/952
f 1437/568/952 1328/573/957 1354/571/955
f 1245/572/956 1437/568/952 1418/567/947
f 1468/560/930 1388/574/958 1381/566/946
f 1157/575/959 1388/574/958 1468/560/930
s 0
f 1388/574/960 1157/575/961 1112/576/962
s 1
f 1468/560/930 1439/558/928 1157/575/959
f 1237/577/963 1380/557/926 1425/527/920
s 0
f 1425/527/964 1384/526/965 1237/577/966
f 1384/526/967 1425/527/968 1382/525/969
s 1
f 1270/578/970 1351/524/841 1319/579/971
f 1319/579/971 1351/524/841 1346/523/840
f 1346/523/840 1385/166/260 1236/580/972
f 1319/579/971 1346/523/840 1236/580/972
f 1236/580/972 1385/166/260 1230/581/973
f 1385/166/260 1379/157/240 1230/581/973
f 1230/581/973 1379/157/240 1305/554/919
f 1305/554/919 1320/158/241 1303/553/918
f 1298/582/974 1303/553/918 1359/492/917
f 1303/553/918 1298/582/974 1229/494/975
s 0
f 1303/553/976 1229/494/977 1214/583/978
s 1
f 1303/553/918 1111/584/979 1305/554/919
f 1230/581/973 1305/554/919 1207/585/980
f 1270/578/970 1319/579/971 1213/586/981
s 0
f 1351/524/982 1270/578/983 1384/526/984
f 1237/577/985 1384/526/986 1270/578/987
s 1
f 1150/587/988 1237/577/963 1092/588/989
f 1164/589/990 1237/577/963 1270/578/970
f 1237/577/963 1164/589/990 1077/590/991
f 1077/590/991 1092/588/989 1237/577/963
f 1150/587/988 1092/588/989 1112/576/992
f 1150/587/988 1112/576/992 1157/575/993
s 0
f 1112/576/994 1092/588/995 1064/591/996
f 1064/591/997 1092/588/998 988/592/999
s 1
f 1064/591/1000 1010/593/1001 1045/594/1002
f 913/595/1003 1010/593/1001 1064/591/1000
s 0
f 988/592/1004 1092/588/1005 1077/590/1006
s 1
f 1101/596/1007 1164/589/990 1270/578/970
f 1101/596/1007 1270/578/970 1213/586/981
f 1319/579/971 1236/580/972 1132/597/1008
s 0
f 1236/580/1009 1230/581/1010 1207/585/1011
f 1071/598/1012 1305/554/1013 1111/584/1014
s 1
f 1068/599/142 1111/584/979 1303/553/918
f 1067/600/136 1214/583/1015 1168/601/73
f 1214/583/1015 1067/600/136 1303/553/918
f 1168/601/73 1214/583/1015 1203/602/1016
f 1229/494/1017 1203/602/1016 1214/583/1015
f 1264/603/1018 1203/602/1016 1229/494/1017
f 1203/602/1016 1264/603/1018 1290/604/65
f 1203/602/1016 1290/604/65 1125/605/66
f 1290/604/65 1411/606/1019 1178/607/63
f 1178/607/63 1411/606/1019 1357/608/64
s 0
f 1411/606/1020 1390/493/1021 1540/498/1022
f 1290/604/1023 1390/493/1024 1411/606/1025
s 1
f 1339/609/62 1355/610/1026 1342/611/839
f 1431/612/1027 1342/611/839 1355/610/1026
f 1326/613/837 1342/611/839 1419/614/1028
f 1326/613/837 1419/614/1028 1337/615/838
f 1497/616/1029 1342/611/839 1431/612/1027
f 1342/611/839 1497/616/1029 1419/614/1028
f 1337/615/838 1500/617/1030 1364/618/836
f 1444/619/833 1450/620/834 1668/621/1031
s 0
f 1444/619/1032 1668/621/1033 1548/622/1034
f 1668/621/1035 1450/620/1036 1577/623/1037
s 1
f 1577/623/1038 1450/620/834 1474/624/835
f 1474/624/835 1364/618/836 1484/625/1039
f 1484/625/1039 1364/618/836 1500/617/1030
f 1474/624/835 1484/625/1039 1588/626/1040
f 1337/615/838 1419/614/1028 1500/617/1030
f 1431/612/1027 1355/610/1026 1490/627/1041
f 1490/627/1041 1355/610/1026 1599/628/1042
f 1355/610/1026 1339/609/62 1357/608/64
f 1355/610/1026 1357/608/64 1599/628/1042
f 1599/628/1042 1357/608/64 1411/606/1019
f 1599/628/1042 1411/606/1019 1441/499/780
f 1441/499/780 1411/606/1019 1540/498/779
f 1441/499/780 1570/500/781 1659/501/791
f 1441/499/780 1659/501/791 1706/503/793
f 1599/628/1042 1441/499/780 1661/629/1043
f 1441/499/780 1706/503/793 1661/629/1043
f 1706/503/793 1817/630/1044 1661/629/1043
f 1649/631/1045 1661/629/1043 1817/630/1044
f 1706/503/793 1852/502/792 1833/632/1046
f 1852/502/792 2058/508/807 1833/632/1046
f 1817/630/1044 1706/503/793 1833/632/1046
f 1817/630/1044 1833/632/1046 1946/633/1047
f 1946/633/1047 1921/634/1048 1817/630/1044
f 1817/630/1044 1921/634/1048 1868/635/1049
f 1817/630/1044 1868/635/1049 1759/636/1050
f 1759/636/1050 1868/635/1049 1812/637/1051
f 1817/630/1044 1759/636/1050 1649/631/1045
f 1759/636/1050 1663/638/1052 1649/631/1045
f 1759/636/1050 1767/639/1053 1663/638/1052
f 1767/639/1053 1759/636/1050 1829/640/1054
f 1829/640/1054 1759/636/1050 1812/637/1051
s 0
f 1829/640/1055 2007/641/1056 1820/642/1057
s 1
f 1829/640/1054 1812/637/1051 1991/643/1058
f 1829/640/1059 1820/642/1060 1768/644/1061
f 1768/644/1061 1820/642/1060 1793/645/1062
s 0
f 1829/640/1063 1768/644/1064 1767/639/1065
s 1
f 1768/644/1061 1793/645/1062 1695/646/1066
f 1793/645/1062 1863/647/1067 1693/648/1068
f 1695/646/1066 1793/645/1062 1693/648/1068
f 1768/644/1061 1695/646/1066 1665/649/1069
f 1768/644/1061 1665/649/1069 1767/639/1053
f 1693/648/1068 1733/650/1070 1588/626/1040
f 1767/639/1053 1665/649/1069 1663/638/1052
f 1588/626/1040 1733/650/1070 1847/651/1071
f 1577/623/1038 1588/626/1040 1847/651/1071
f 1577/623/1038 1847/651/1071 1700/652/1072
f 1700/652/1072 1668/621/1073 1577/623/1038
f 1668/621/1073 1696/653/1074 1548/622/1075
f 1474/624/835 1588/626/1040 1577/623/1038
f 1693/648/1068 1588/626/1040 1484/625/1039
f 1693/648/1068 1484/625/1039 1593/654/1076
f 1695/646/1066 1693/648/1068 1593/654/1076
f 1665/649/1069 1695/646/1066 1593/654/1076
f 1593/654/1076 1484/625/1039 1500/617/1030
f 1593/654/1076 1500/617/1030 1419/614/1028
f 1497/616/1029 1431/612/1027 1490/627/1041
f 1497/616/1029 1584/655/1077 1419/614/1028
f 1497/616/1029 1490/627/1041 1621/656/1078
f 1584/655/1077 1497/616/1029 1621/656/1078
f 1621/656/1078 1490/627/1041 1599/628/1042
f 1621/656/1078 1599/628/1042 1661/629/1043
f 1621/656/1078 1661/629/1043 1649/631/1045
f 1649/631/1045 1663/638/1052 1621/656/1078
f 1621/656/1078 1663/638/1052 1584/655/1077
f 1584/655/1077 1663/638/1052 1665/649/1069
f 1584/655/1077 1665/649/1069 1419/614/1028
f 1419/614/1028 1665/649/1069 1593/654/1076
f 1887/177/280 1994/179/282 1875/171/268
f 1796/168/263 1875/171/268 1994/179/282
s 0
f 1796/168/1079 1994/179/1080 1896/261/1081
s 1
f 1896/261/394 1994/179/282 1927/262/395
f 1927/262/395 1994/179/282 1985/264/400
f 2081/182/285 1999/181/284 2210/269/409
s 0
f 1836/13/1082 1911/349/1083 1747/25/1084
s 1
f 1836/13/13 1747/25/28 1681/22/22
f 1710/657/1085 1721/23/26 1871/658/1086
f 1721/23/26 1747/25/28 1871/658/1086
f 1871/658/1086 1747/25/28 1911/349/533
f 1871/658/1086 1911/349/533 1997/348/289
f 1871/658/1086 1997/348/289 2040/351/300
f 1871/658/1086 2040/351/300 1958/659/1087
f 1958/659/1087 2040/351/300 2080/660/302
f 2005/352/537 2131/661/323 2159/353/322
f 2068/662/1088 2033/354/538 2196/355/317
f 2068/662/1088 2196/355/317 2218/663/313
f 2237/359/540 2136/664/1089 2257/356/539
f 2257/356/539 2105/665/1090 2219/357/312
f 2218/663/313 2219/357/312 2068/662/1088
f 2131/661/323 2005/352/537 1958/659/1087
f 2131/661/323 1958/659/1087 2080/660/302
s 0
f 1871/658/1091 1958/659/1092 1885/666/1093
s 1
f 1871/658/1086 1885/666/1094 1710/657/1085
s 0
f 1710/657/1095 1543/667/1096 1721/23/1097
s 1
f 1721/23/1098 1543/667/1099 1485/668/1100
s 0
f 1564/24/1101 1721/23/1102 1386/26/1103
s 1
f 1386/26/29 1721/23/1098 1485/668/1100
f 1329/28/31 1330/29/32 1256/32/35
s 0
f 1256/32/1104 1330/29/1105 1251/78/1106
s 1
f 1241/33/36 1338/20/20 1256/32/35
f 1241/33/36 1256/32/35 1179/41/44
f 1251/78/88 1330/29/32 1299/669/1107
f 1251/78/88 1299/669/1107 1274/85/106
f 1108/84/105 1274/85/106 1162/670/1108
f 1162/670/1108 1274/85/106 1289/671/1109
f 1299/669/1107 1330/29/32 1446/27/30
f 1274/85/106 1299/669/1107 1446/27/30
f 1446/27/30 1386/26/29 1274/85/106
f 1274/85/106 1386/26/29 1289/671/1109
f 1289/671/1109 1386/26/29 1208/672/1110
f 1485/668/1100 1543/667/1099 1304/673/1111
f 1485/668/1100 1304/673/1111 1386/26/29
f 1386/26/29 1304/673/1111 1208/672/1110
f 1539/674/1112 1304/673/1111 1543/667/1099
f 1539/674/1112 1398/675/1113 1304/673/1111
f 1304/673/1111 1398/675/1113 1153/676/1114
s 0
f 1304/673/1115 1153/676/1116 1208/672/1117
s 1
f 1162/670/1108 1289/671/1109 1208/672/1110
f 1162/670/1108 1090/677/1118 1108/84/105
f 1108/84/105 1013/678/1119 977/86/107
f 977/86/107 1013/678/1119 979/679/1120
f 1090/677/1118 1013/678/1119 1108/84/105
f 1088/680/1121 1013/678/1119 1090/677/1118
f 1088/680/1121 1090/677/1118 1084/681/1122
f 1084/681/1122 1090/677/1118 1162/670/1108
f 1013/678/1119 1088/680/1121 979/679/1120
f 1088/680/1121 1062/682/1123 979/679/1120
f 977/86/107 979/679/1120 930/87/111
f 935/88/123 930/87/1124 865/683/1125
f 935/88/123 865/683/1125 869/89/124
f 930/87/1124 877/684/1126 865/683/1125
f 868/82/125 869/89/124 852/685/1127
f 867/90/126 868/82/125 852/685/1127
f 840/93/133 814/92/132 809/686/1128
f 914/687/1129 1035/69/75 840/93/133
f 1008/95/135 955/94/134 921/688/1130
f 1022/97/140 1008/95/135 921/688/1130
f 1022/97/140 921/688/1130 1016/98/141
f 1016/98/141 921/688/1130 941/101/148
f 955/94/134 1035/69/75 914/687/1129
f 955/94/134 914/687/1129 899/689/1131
f 921/688/1130 955/94/134 899/689/1131
f 933/114/163 941/101/148 859/690/1132
f 941/101/148 921/688/1130 859/690/1132
f 859/690/1132 921/688/1130 899/689/1131
f 933/114/163 859/690/1132 810/117/166
f 810/117/166 752/691/1133 758/692/1134
f 810/117/166 746/693/1135 753/115/164
s 0
f 753/115/1136 754/150/1137 811/116/1138
s 1
f 811/116/165 734/118/167 785/112/158
s 0
f 1298/582/1139 1359/492/1140 1229/494/1141
s 1
f 1229/494/1017 1390/493/1142 1264/603/1018
f 1264/603/1018 1390/493/1142 1290/604/65
f 1444/516/833 1548/515/832 1348/514/822
f 1444/516/833 1348/514/822 1333/43/48
f 1286/44/50 1444/516/833 1333/43/48
f 1250/38/41 1182/37/40 1333/43/48
f 1250/38/41 1333/43/48 1254/34/37
f 1234/35/38 1250/38/41 1254/34/37
f 1348/514/822 1254/34/37 1333/43/48
f 1254/34/37 1348/514/822 1306/31/34
s 0
f 1696/694/1143 1785/695/1144 1548/696/1145
s 1
f 1696/694/1074 1668/697/1073 1700/698/1072
f 1700/698/1072 1847/699/1071 1849/700/1146
f 1863/701/1067 1733/702/1070 1693/703/1068
f 1733/702/1070 1863/701/1067 1960/704/1147
f 1863/701/1067 1793/705/1062 1820/706/1060
f 2007/707/1148 1829/708/1054 1991/709/1058
f 2004/710/1149 1820/706/1060 2007/707/1148
f 1984/711/1150 1868/712/1049 1921/713/1048
f 1868/712/1049 2023/714/1151 1991/709/1058
f 1868/712/1049 1984/711/1150 2023/714/1151
f 1991/709/1058 2023/714/1151 2007/707/1148
f 2004/710/1149 1996/715/1152 1820/706/1060
f 1995/716/1153 1820/706/1060 1996/715/1152
f 1863/701/1067 1995/716/1153 1960/704/1147
f 1820/706/1060 1995/716/1153 1863/701/1067
f 1733/702/1070 1960/704/1147 1847/699/1071
s 0
f 1849/700/1154 1696/694/1155 1700/698/1155
s 1
f 1548/696/832 1785/695/1156 1580/717/820
f 1580/717/820 1785/695/1156 1679/718/1157
f 1688/196/10 1679/718/816 1843/195/294
s 0
f 1679/718/1158 1825/719/1159 1843/195/1160
f 1825/719/1161 1679/718/1162 1785/695/1163
s 1
f 2044/200/298 2030/199/297 2098/207/309
f 2098/207/309 2030/199/297 2085/720/1164
s 0
f 2085/720/1165 2030/199/1166 1959/198/1167
s 1
f 2098/207/309 2112/721/1168 2066/201/299
f 2066/201/299 2112/721/1168 2248/206/307
f 2248/206/307 2112/721/1168 2138/208/310
f 2112/721/1168 2098/207/309 2085/720/1164
f 2138/208/310 2112/721/1168 2085/720/1164
f 2113/722/1169 1959/198/296 1843/195/294
f 2085/720/1164 2154/723/1170 2138/208/310
f 2085/720/1164 1959/198/296 2154/723/1170
f 2154/723/1170 1959/198/296 2113/722/1169
f 2138/208/310 2154/723/1170 2235/209/311
f 2235/209/311 2154/723/1170 2214/724/1171
f 2266/228/348 2235/209/311 2214/724/1171
f 2214/724/1171 2154/723/1170 2113/722/1169
f 1825/719/1172 2113/722/1169 1843/195/294
f 1865/725/1173 1785/695/1174 1696/694/1175
f 1865/725/1173 1696/694/1175 1913/726/1176
f 1929/727/1177 1785/695/1174 1865/725/1173
s 0
f 1825/719/1178 1785/695/1179 1929/727/1180
s 1
f 2113/722/1169 1825/719/1172 1929/727/1181
f 2113/722/1169 1929/727/1181 2214/724/1171
s 0
f 2221/728/1182 2214/724/1183 1929/727/1184
s 1
f 2214/724/1171 2314/729/1185 2266/228/348
f 2266/228/348 2314/729/1185 2331/229/349
f 2422/227/344 2472/730/1186 2385/226/1187
f 2317/219/324 2359/230/350 2362/241/367
s 0
f 2359/230/1188 2445/731/1189 2362/241/1190
s 1
f 2317/219/324 2362/241/367 2363/225/339
f 2363/225/339 2362/241/367 2493/231/360
s 0
f 2589/235/1191 2362/241/1192 2536/240/1193
f 2536/240/1194 2362/241/1195 2445/731/1196
s 1
f 2445/731/1197 2489/732/1198 2536/240/1199
f 2489/732/1198 2445/731/1197 2472/730/1186
s 0
f 2536/240/1200 2489/732/1201 2588/242/1202
s 1
f 2593/244/1203 2645/246/379 2657/243/378
f 2593/244/1203 2617/733/1204 2634/734/1205
f 2645/246/379 2593/244/1203 2634/734/1205
f 2645/246/379 2682/735/1206 2712/249/382
f 2712/249/382 2682/735/1206 2669/736/1207
f 2669/736/1207 2682/735/1206 2658/737/1208
f 2658/737/1208 2682/735/1206 2645/246/379
f 2658/737/1208 2645/246/379 2634/734/1205
f 2626/738/1209 2669/736/1207 2658/737/1208
f 2658/737/1208 2634/734/1205 2626/738/1209
f 2626/738/1209 2634/734/1205 2617/733/1204
f 2626/738/1209 2558/739/1210 2669/736/1207
f 2491/740/1211 2626/738/1209 2617/733/1204
f 2558/739/1210 2626/738/1209 2491/740/1211
f 2593/244/1203 2588/242/1212 2617/733/1204
f 2491/740/1211 2617/733/1204 2541/741/1213
f 2541/741/1213 2617/733/1204 2588/242/1212
f 2588/242/1212 2527/742/1214 2541/741/1213
f 2527/742/1214 2588/242/1212 2489/732/1198
f 2527/742/1214 2514/743/1215 2541/741/1213
f 2514/743/1215 2527/742/1214 2489/732/1198
f 2514/743/1215 2499/744/1216 2541/741/1213
f 2491/740/1211 2537/745/1217 2558/739/1210
f 2491/740/1211 2541/741/1213 2499/744/1216
f 2444/746/1218 2514/743/1215 2489/732/1198
f 2489/732/1198 2472/730/1186 2444/746/1218
f 2514/743/1215 2444/746/1218 2499/744/1216
f 2499/744/1216 2444/746/1218 2438/747/1219
f 2422/227/344 2444/746/1218 2472/730/1186
f 2430/748/1220 2499/744/1216 2438/747/1219
s 0
f 2499/744/1221 2430/748/1222 2491/740/1223
f 2537/745/1224 2491/740/1225 2421/749/1226
s 1
f 2537/745/1217 2421/749/1227 2273/750/1228
f 2273/750/1228 2421/749/1227 2221/728/1229
f 2421/749/1227 2491/740/1230 2430/748/1231
f 2438/747/1219 2444/746/1218 2398/751/1232
f 2430/748/1220 2438/747/1219 2398/751/1232
f 2430/748/1231 2221/728/1229 2421/749/1227
f 2314/729/1185 2221/728/1229 2430/748/1231
s 0
f 2430/748/1233 2331/229/1234 2314/729/1235
s 1
f 2331/229/349 2430/748/1220 2398/751/1232
f 2331/229/349 2398/751/1232 2422/227/344
f 2422/227/344 2398/751/1232 2444/746/1218
f 2385/226/1187 2472/730/1186 2445/731/1197
s 0
f 2385/226/1236 2445/731/1237 2359/230/1238
s 1
f 1203/752/1016 1125/60/66 1168/67/73
f 1710/657/1085 1539/674/1112 1543/667/1099
f 1539/674/1112 1710/657/1085 1623/753/1239
s 0
f 1398/675/1240 1539/674/1241 1521/754/1242
f 1398/675/1243 1334/755/1244 1153/676/1245
s 1
f 1334/755/1246 1123/756/1247 1153/676/1248
f 1334/755/1246 1397/757/1249 1123/756/1247
f 1084/681/1122 1162/670/1108 1208/672/1110
f 1084/681/1122 1062/682/1123 1088/680/1121
f 1062/682/1123 922/758/1250 979/679/1120
f 1014/759/1251 922/758/1250 1062/682/1123
f 1014/759/1251 1062/682/1123 1123/756/1247
f 1062/682/1123 1084/681/1122 1123/756/1247
f 1123/756/1247 1084/681/1122 1153/676/1248
f 1123/756/1247 1149/760/1252 1030/761/1253
f 1014/759/1251 1123/756/1247 1030/761/1253
f 1030/761/1253 1176/762/1254 1076/763/1255
f 1030/761/1253 984/764/1256 1014/759/1251
s 0
f 1030/761/1257 1076/763/1258 984/764/1259
s 1
f 1014/759/1251 881/765/1260 922/758/1250
f 979/679/1120 880/766/1261 891/767/1262
s 0
f 979/679/1263 891/767/1263 930/87/1263
f 930/87/1264 891/767/1265 877/684/1266
s 1
f 880/766/1261 825/768/1267 891/767/1262
f 880/766/1261 796/769/1268 825/768/1267
f 891/767/1262 803/770/1269 877/684/1126
f 796/769/1268 880/766/1261 870/771/1270
f 881/765/1260 870/771/1270 880/766/1261
f 885/772/1271 870/771/1270 881/765/1260
f 984/764/1256 885/772/1271 881/765/1260
f 880/766/1261 922/758/1250 881/765/1260
f 922/758/1250 880/766/1261 979/679/1120
f 881/765/1260 1014/759/1251 984/764/1256
f 984/764/1256 970/773/1272 885/772/1271
f 970/773/1272 984/764/1256 1076/763/1273
f 885/772/1271 970/773/1272 946/457/1274
f 885/772/1271 946/457/1274 856/774/1275
s 0
f 856/774/1276 946/457/1277 904/775/1278
s 1
f 1070/776/1279 946/457/1274 970/773/1272
s 0
f 970/773/1280 1076/763/1281 1070/776/1282
f 946/457/1283 1070/776/1284 960/455/1285
s 1
f 932/456/664 905/459/666 904/775/1286
s 0
f 932/456/1287 904/775/1288 946/457/1289
s 1
f 879/460/670 834/463/675 768/464/676
f 735/479/708 821/462/674 864/437/634
s 0
f 812/461/1290 735/479/1291 864/437/1292
f 812/461/1293 838/442/1294 748/466/1295
s 1
f 1623/753/1239 1710/657/1085 1885/666/1094
s 0
f 1657/777/1296 1885/666/1297 1746/778/1298
s 1
f 1705/779/1299 1746/778/1300 1846/780/1301
f 1746/778/1300 1705/779/1299 1657/777/1302
s 0
f 1885/666/1303 1657/777/1304 1623/753/1303
s 1
f 1539/674/1112 1623/753/1239 1521/754/1305
f 1521/754/1305 1623/753/1239 1657/777/1302
s 0
f 1398/675/1306 1521/754/1307 1397/757/1308
s 1
f 1334/755/1246 1398/675/1309 1397/757/1249
f 1123/756/1247 1397/757/1249 1149/760/1252
f 1149/760/1252 1397/757/1249 1209/781/1310
f 1397/757/1249 1377/782/1311 1209/781/1310
s 0
f 1508/783/1312 1397/757/1313 1521/754/1314
s 1
f 1397/757/1249 1508/783/1315 1377/782/1311
f 1508/783/1316 1521/754/1305 1657/777/1302
f 1508/783/1316 1657/777/1302 1705/779/1299
f 1508/783/1315 1495/784/1317 1377/782/1311
f 1377/782/1311 1369/785/1318 1209/781/1310
f 1153/676/1248 1084/681/1122 1208/672/1110
f 1746/778/1300 1885/666/1319 1958/659/1087
f 1846/780/1301 2005/352/537 2033/354/538
f 1969/786/1320 2068/662/1088 2219/357/312
f 1969/786/1320 2219/357/312 2000/787/1321
f 2000/787/1321 2219/357/312 2105/665/1090
f 2136/664/1089 2105/665/1090 2257/356/539
f 1894/788/1322 2136/664/1089 2237/359/540
f 1894/788/1322 2237/359/540 2259/361/1323
f 1894/788/1322 2259/361/1323 2045/363/1324
s 0
f 2045/363/1325 1925/385/1326 1823/789/1327
f 1823/789/1328 1925/385/1329 1993/364/1330
s 1
f 1823/789/1331 1894/788/1322 2045/363/1324
f 1894/788/1322 1934/790/1332 2136/664/1089
f 1823/789/1331 1648/791/1333 1683/792/1334
s 0
f 1648/791/1335 1823/789/1336 1930/386/1337
s 1
f 1930/386/573 1823/789/1338 1993/364/548
f 1764/387/574 1740/793/1339 1930/386/573
f 1903/371/555 1711/396/583 1764/387/574
f 1716/794/1340 1764/387/574 1711/396/583
f 1764/387/574 1716/794/1340 1740/793/1339
f 1740/793/1339 1716/794/1340 1680/795/1341
f 1823/789/1331 1683/792/1334 1751/796/1342
f 1823/789/1331 1751/796/1342 1934/790/1332
f 1823/789/1331 1934/790/1332 1894/788/1322
f 1751/796/1342 1935/797/1343 1934/790/1332
f 1934/790/1332 1944/798/1344 2136/664/1089
s 0
f 2000/787/1345 2136/664/1346 1944/798/1347
s 1
f 2136/664/1089 2000/787/1321 2105/665/1090
f 1846/780/1301 2033/354/538 1877/799/1348
f 2005/352/537 1846/780/1301 1746/778/1300
f 2005/352/537 1746/778/1300 1958/659/1087
f 1877/799/1348 2033/354/538 2068/662/1088
s 0
f 2068/662/1349 1797/800/1350 1877/799/1351
s 1
f 1797/800/1352 2068/662/1088 1969/786/1320
f 1944/798/1344 1934/790/1332 1935/797/1343
f 1944/798/1344 1935/797/1343 1912/801/1353
f 2000/787/1321 1944/798/1344 1912/801/1353
f 2000/787/1321 1912/801/1353 1882/802/1354
f 2000/787/1321 1882/802/1354 1969/786/1320
f 1797/800/1352 1969/786/1320 1882/802/1354
f 1882/802/1354 1912/801/1353 1616/803/1355
f 1935/797/1343 1821/804/1356 1912/801/1353
f 1935/797/1343 1751/796/1342 1821/804/1356
f 1805/805/1357 1821/804/1356 1751/796/1342
f 1912/801/1353 1821/804/1356 1805/805/1357
f 1912/801/1353 1805/805/1357 1720/806/1358
f 1720/806/1358 1805/805/1357 1728/807/1359
f 1720/806/1358 1616/803/1355 1912/801/1353
f 1882/802/1354 1722/808/1360 1673/809/1361
f 1882/802/1354 1673/809/1361 1797/800/1352
f 1797/800/1352 1673/809/1361 1877/799/1348
f 1877/799/1348 1673/809/1361 1800/810/1362
f 1877/799/1348 1800/810/1362 1846/780/1301
f 1846/780/1301 1800/810/1362 1705/779/1299
s 0
f 1508/783/1363 1705/779/1364 1495/784/1365
s 1
f 1638/811/1366 1705/779/1299 1800/810/1362
f 1638/811/1366 1800/810/1362 1591/812/1367
f 1705/779/1299 1638/811/1366 1495/784/1368
f 1638/811/1366 1591/812/1367 1495/784/1368
s 0
f 1495/784/1369 1591/812/1370 1507/813/1371
s 1
f 1495/784/1317 1507/813/1372 1377/782/1311
f 1369/785/1318 1377/782/1311 1507/813/1372
f 1507/813/1372 1591/812/1367 1527/814/1373
f 1507/813/1372 1527/814/1373 1479/815/1374
f 1507/813/1372 1479/815/1374 1369/785/1318
f 1479/815/1374 1293/816/1375 1369/785/1318
f 1369/785/1318 1293/816/1375 1261/817/1376
f 1369/785/1318 1261/817/1376 1176/762/1254
f 1369/785/1318 1176/762/1254 1209/781/1310
f 1209/781/1310 1030/761/1253 1149/760/1252
f 1030/761/1253 1209/781/1310 1176/762/1254
f 1176/762/1254 1103/818/1377 1076/763/1255
f 1076/763/1255 1103/818/1377 1070/776/1378
f 1070/776/1378 1103/818/1377 1034/819/1379
f 1070/776/1378 1034/819/1379 960/455/1380
f 960/455/1380 1006/820/1381 961/454/657
f 1041/453/656 961/454/657 1006/820/1381
s 0
f 1041/453/1382 1006/820/1383 1139/452/1384
s 1
f 1139/452/655 1006/820/1381 1163/821/1385
f 1163/821/1385 1006/820/1381 1096/822/1386
f 1096/822/1386 1006/820/1381 960/455/1380
f 1096/822/1386 960/455/1380 1034/819/1379
f 1034/819/1379 1103/818/1377 1096/822/1386
f 1163/821/1385 1096/822/1386 1246/823/1387
f 1261/817/1376 1096/822/1386 1103/818/1377
f 1103/818/1377 1176/762/1254 1261/817/1376
f 1096/822/1386 1261/817/1376 1279/824/1388
s 0
f 1279/824/1389 1261/817/1390 1293/816/1391
s 1
f 1279/824/1388 1293/816/1375 1389/825/1392
f 1293/816/1375 1479/815/1374 1389/825/1392
f 1479/815/1374 1527/814/1373 1534/826/1393
f 1534/826/1393 1389/825/1392 1479/815/1374
f 1512/827/1394 1389/825/1392 1534/826/1393
f 1534/826/1393 1589/828/1395 1512/827/1394
f 1512/827/1394 1589/828/1395 1509/829/1396
f 1509/829/1396 1589/828/1395 1611/830/1397
f 1546/831/1398 1509/829/1396 1611/830/1397
f 1512/827/1394 1246/823/1387 1389/825/1392
f 1246/823/1387 1512/827/1394 1509/829/1396
s 0
f 1246/823/1399 1509/829/1400 1248/832/1399
s 1
f 1389/825/1392 1246/823/1387 1279/824/1388
f 1401/833/1401 1248/832/1402 1509/829/1396
f 1509/829/1396 1546/831/1398 1401/833/1401
s 0
f 1546/831/1403 1466/834/1404 1401/833/1405
s 1
f 1340/835/1406 1401/833/1401 1358/836/1407
f 1401/833/1401 1340/835/1406 1248/832/1402
f 1248/832/1402 1340/835/1406 1244/451/654
f 1244/451/654 1340/835/1406 1268/837/1408
f 1096/822/1386 1279/824/1388 1246/823/1387
f 1248/832/1402 1163/821/1385 1246/823/1387
f 1163/821/1385 1248/832/1402 1139/452/655
f 1139/452/655 1248/832/1402 1244/451/654
f 1165/450/652 1235/838/1409 1113/448/653
f 1113/448/653 1235/838/1409 1196/839/1410
f 1225/840/1411 1235/838/1409 1165/450/652
f 1268/837/1408 1225/840/1411 1165/450/652
f 1244/451/654 1268/837/1408 1165/450/652
f 1268/837/1408 1340/835/1406 1294/841/1412
f 1268/837/1408 1427/842/1413 1225/840/1411
f 1427/842/1413 1268/837/1408 1294/841/1412
f 1358/836/1407 1427/842/1413 1294/841/1412
f 1294/841/1412 1340/835/1406 1358/836/1407
f 1358/836/1407 1401/833/1401 1625/843/1414
f 1358/836/1407 1625/843/1414 1427/842/1413
s 0
f 1582/844/1415 1427/842/1416 1625/843/1417
s 1
f 1625/843/1418 1648/791/1333 1930/386/1419
f 1427/842/1413 1582/844/1420 1233/845/1421
f 1225/840/1411 1427/842/1413 1235/838/1409
f 1233/845/1421 1235/838/1409 1427/842/1413
f 1233/845/1421 1582/844/1420 1562/846/1422
f 1233/845/1421 1562/846/1422 1422/847/1423
f 1302/848/1424 1233/845/1421 1422/847/1423
f 1302/848/1424 1422/847/1423 1529/849/1425
f 1371/850/1426 1302/848/1424 1529/849/1425
f 1302/848/1424 1371/850/1426 1199/851/1427
s 0
f 1302/848/1428 1242/852/1429 1233/845/1430
s 1
f 1235/838/1409 1233/845/1421 1196/839/1410
f 1196/839/1410 1233/845/1421 1242/852/1431
f 1113/448/653 1196/839/1410 1145/853/1432
f 1196/839/1410 1242/852/1431 1145/853/1432
f 1242/852/1431 1199/851/1427 1145/853/1432
f 1199/851/1427 1242/852/1431 1302/848/1424
f 1145/853/1432 1199/851/1427 1120/449/648
s 0
f 1145/853/1433 1120/449/1434 1113/448/1435
s 1
f 1027/424/617 1120/449/648 1121/425/618
f 985/423/616 1121/425/618 1063/422/615
f 1087/421/614 1063/422/615 1121/425/618
f 1122/419/612 1087/421/614 1151/420/613
f 1151/420/613 1087/421/614 1121/425/618
f 1121/425/618 1120/449/648 1199/851/1427
f 1151/420/613 1121/425/618 1260/854/1436
f 1199/851/1427 1260/854/1436 1121/425/618
f 1151/420/613 1260/854/1436 1262/855/1437
f 1151/420/613 1262/855/1437 1140/418/611
f 1140/418/611 1262/855/1437 1284/856/1438
f 1284/856/1438 1291/408/598 1140/418/611
f 1272/857/1439 1140/418/611 1291/408/598
s 0
f 1140/418/1440 1272/857/1441 1117/417/1442
s 1
f 1117/417/610 1272/857/1439 1134/415/608
f 1134/415/608 1272/857/1439 1372/413/603
f 1372/413/603 1272/857/1439 1421/858/1443
f 1272/857/1439 1356/405/595 1421/858/1443
f 1356/405/595 1272/857/1439 1335/407/597
f 1356/405/595 1335/407/597 1447/404/594
f 1335/407/597 1272/857/1439 1291/408/598
f 1336/410/600 1291/408/598 1284/856/1438
f 1459/859/1444 1336/410/600 1284/856/1438
f 1284/856/1438 1262/855/1437 1459/859/1444
s 0
f 1260/854/1445 1459/859/1446 1262/855/1447
s 1
f 1199/851/1427 1371/850/1426 1260/854/1436
f 1460/860/1448 1260/854/1436 1371/850/1426
f 1459/859/1444 1260/854/1436 1460/860/1448
f 1371/850/1426 1544/861/1449 1460/860/1448
f 1371/850/1426 1529/849/1425 1544/861/1449
f 1561/862/1450 1529/849/1425 1422/847/1423
s 0
f 1625/843/1451 1930/386/1452 1582/844/1453
s 1
f 1582/844/1420 1930/386/573 1740/793/1339
f 1561/862/1450 1716/794/1340 1711/396/583
f 1716/794/1340 1561/862/1450 1680/795/1341
f 1680/795/1341 1582/844/1420 1740/793/1339
f 1760/395/582 1739/398/585 1608/863/1454
f 1760/395/582 1608/863/1454 1735/397/584
f 1732/401/591 1781/390/577 1666/403/593
f 1453/406/596 1732/401/591 1666/403/593
f 1629/400/590 1732/401/591 1453/406/596
f 1453/406/596 1452/409/599 1629/400/590
f 1452/409/599 1554/864/1455 1629/400/590
f 1430/865/1456 1554/864/1455 1452/409/599
f 1430/865/1456 1496/866/1457 1554/864/1455
f 1554/864/1455 1496/866/1457 1713/394/581
f 1684/399/586 1629/400/590 1554/864/1455
f 1713/394/581 1684/399/586 1554/864/1455
f 1739/398/585 1713/394/581 1496/866/1457
f 1739/398/585 1496/866/1457 1608/863/1454
f 1608/863/1454 1631/867/1458 1735/397/584
s 0
f 1711/396/1459 1735/397/1460 1631/867/1461
s 1
f 1711/396/583 1631/867/1458 1561/862/1450
f 1562/846/1422 1680/795/1341 1561/862/1450
f 1680/795/1341 1562/846/1422 1582/844/1420
f 1422/847/1423 1562/846/1422 1561/862/1450
f 1529/849/1425 1561/862/1450 1631/867/1458
f 1459/859/1444 1460/860/1448 1496/866/1457
f 1496/866/1457 1460/860/1448 1608/863/1454
f 1608/863/1454 1460/860/1448 1544/861/1449
f 1336/410/600 1459/859/1444 1430/865/1456
f 1336/410/600 1430/865/1456 1452/409/599
f 1430/865/1456 1459/859/1444 1496/866/1457
f 1544/861/1449 1529/849/1425 1631/867/1458
f 1631/867/1458 1608/863/1454 1544/861/1449
f 1068/599/142 1303/553/918 1022/868/140
f 1022/868/140 1303/553/918 1067/600/136
f 1068/599/142 1016/869/141 986/870/147
f 1068/599/142 1071/598/1462 1111/584/979
f 1305/554/919 1071/598/1462 1207/585/980
f 1236/580/972 1207/585/980 1132/597/1008
s 0
f 1132/597/1463 1213/586/1464 1319/579/1465
f 1101/596/1466 1213/586/1467 1132/597/1468
f 1164/589/1469 1101/596/1470 1053/871/1471
s 1
f 1132/597/1008 1207/585/980 1071/598/1462
f 1071/598/1462 1068/599/142 986/870/147
f 1071/598/1462 986/870/147 1132/597/1008
f 1132/597/1008 986/870/147 983/872/151
f 1101/596/1472 1132/597/1008 1053/871/1473
f 1053/871/1473 1132/597/1008 983/872/151
f 1077/590/991 1164/589/990 1023/873/1474
s 0
f 1077/590/1475 1023/873/1476 988/592/1477
s 1
f 988/592/1478 1023/873/1474 909/874/153
f 1023/873/1474 1164/589/990 1053/871/1473
f 1023/873/1474 1053/871/1473 909/874/153
f 983/872/151 986/870/147 953/875/149
f 983/872/151 931/876/150 1053/871/1473
f 1053/871/1473 931/876/150 909/874/153
f 988/592/1478 909/874/153 883/877/154
f 988/592/1478 913/595/1003 1064/591/1000
f 1010/593/1001 913/595/1003 949/878/1479
f 1010/593/1001 949/878/1479 943/879/1480
f 835/880/155 988/592/1478 883/877/154
f 913/595/1003 988/592/1478 835/880/155
f 835/880/155 848/881/178 913/595/1003
f 913/595/1003 848/881/178 846/882/179
f 850/883/1481 833/884/182 827/885/181
f 850/883/1481 827/885/181 775/886/202
f 833/884/182 850/883/1481 943/879/1482
s 0
f 833/884/1483 943/879/1484 846/882/1485
f 943/879/1486 850/883/1487 965/887/1488
s 1
f 850/883/1481 917/888/1489 965/887/1490
f 850/883/1481 893/889/1491 917/888/1489
f 917/888/1489 957/890/1492 965/887/1490
f 957/890/1492 917/888/1489 926/891/1493
s 0
f 1002/892/1494 926/891/1495 925/893/1496
s 1
f 925/893/1497 893/889/1498 876/894/1499
s 0
f 925/893/1500 926/891/1501 893/889/1502
f 876/894/1503 893/889/1504 804/895/1505
f 917/888/1506 893/889/1507 926/891/1508
s 1
f 775/886/202 893/889/1491 850/883/1481
s 0
f 1929/727/1509 1964/896/1510 2190/897/1511
s 1
f 1929/727/1512 2190/897/1513 2221/728/1229
f 2214/724/1171 2221/728/1229 2314/729/1185
f 2537/745/1217 2273/750/1228 2370/898/1514
f 2537/745/1217 2370/898/1514 2481/899/1515
f 2642/900/1516 2669/736/1207 2558/739/1210
f 2642/900/1516 2558/739/1210 2607/901/1517
f 2669/736/1207 2642/900/1516 2712/249/382
f 2712/249/382 2642/900/1516 2737/250/383
f 2607/901/1517 2558/739/1210 2481/899/1515
f 2550/902/1518 2607/901/1517 2481/899/1515
f 2777/903/1519 2607/901/1517 2550/902/1518
f 2481/899/1515 2558/739/1210 2537/745/1217
f 2546/904/1520 2550/902/1518 2458/905/1521
f 2546/904/1520 2458/905/1521 2460/906/1522
s 0
f 2458/905/1523 2550/902/1524 2481/899/1525
f 2460/906/1526 2490/907/1527 2546/904/1528
s 1
f 2546/904/1529 2490/907/1530 2552/908/1531
f 2546/904/1529 2552/908/1531 2623/909/1532
f 2552/908/1531 2490/907/1530 2530/910/1533
f 2623/909/1532 2552/908/1531 2604/911/1534
f 2552/908/1531 2573/912/1535 2604/911/1534
f 2604/911/1534 2573/912/1535 2605/913/1536
f 2605/913/1536 2573/912/1535 2639/914/1537
f 2639/914/1537 2573/912/1535 2548/915/1538
f 2639/914/1537 2548/915/1538 2562/916/1539
f 2548/915/1538 2497/917/1540 2562/916/1539
f 2573/912/1535 2552/908/1531 2530/910/1533
f 2573/912/1535 2530/910/1533 2463/918/1541
f 2573/912/1535 2463/918/1541 2386/919/1542
f 2548/915/1538 2573/912/1535 2389/920/1543
f 2389/920/1543 2573/912/1535 2386/919/1542
f 2548/915/1538 2389/920/1543 2497/917/1540
f 2531/921/1544 2497/917/1540 2397/922/1545
f 2562/916/1539 2497/917/1540 2531/921/1544
f 2562/916/1539 2531/921/1544 2672/923/1546
f 2562/916/1539 2672/923/1546 2639/914/1537
f 2672/923/1546 2531/921/1544 2507/924/1547
f 2666/925/1548 2672/923/1546 2507/924/1547
f 2507/924/1547 2531/921/1544 2397/922/1545
f 2507/924/1547 2526/926/1549 2666/925/1548
f 2526/926/1549 2500/927/1550 2666/925/1548
f 2500/927/1550 2526/926/1549 2433/928/1551
f 2500/927/1550 2433/928/1551 2483/929/1552
f 2483/929/1553 2599/930/1554 2673/931/1555
s 0
f 2500/927/1556 2483/929/1557 2673/931/1558
s 1
f 2500/927/1550 2673/931/1555 2666/925/1548
s 0
f 2672/923/1559 2666/925/1560 2742/932/1561
s 1
f 2709/933/1562 2672/923/1546 2742/932/1563
f 2743/934/1564 2742/932/1565 2666/925/1548
f 2702/935/1566 2743/934/1564 2666/925/1548
f 2666/925/1548 2673/931/1555 2702/935/1566
f 2702/935/1566 2673/931/1555 2725/936/1567
f 2702/935/1566 2725/936/1567 2751/937/1568
f 2702/935/1566 2751/937/1568 2761/938/1569
f 2702/935/1566 2761/938/1569 2743/934/1564
f 2743/934/1564 2789/939/1570 2742/932/1565
f 2743/934/1564 2761/938/1569 2793/940/1571
f 2789/939/1570 2743/934/1564 2793/940/1571
f 2861/941/1572 2742/932/1565 2789/939/1570
f 2789/939/1570 2793/940/1571 2835/942/1573
s 0
f 2742/932/1574 2861/941/1575 2709/933/1576
s 1
f 2709/933/1562 2861/941/1577 2838/943/1578
f 2709/933/1562 2838/943/1578 2723/944/1579
s 0
f 2799/945/1580 2723/944/1581 2838/943/1582
s 1
f 2723/944/1579 2799/945/1583 2784/946/1584
f 2723/944/1579 2784/946/1584 2716/947/1585
f 2784/946/1584 2799/945/1583 2807/948/1586
s 0
f 2784/946/1587 2807/948/1588 2701/949/1589
s 1
f 2701/949/1590 2818/950/1591 2755/951/1592
f 2755/951/1592 2818/950/1591 2778/952/1593
f 2755/951/1592 2778/952/1593 2767/953/1594
f 2836/954/1595 2767/953/1594 2778/952/1593
f 2767/953/1594 2840/955/1596 2714/956/1597
f 2837/957/1598 2818/950/1591 2701/949/1590
f 2837/957/1598 2701/949/1590 2807/948/1586
f 2818/950/1591 2837/957/1598 2778/952/1593
f 2836/954/1595 2840/955/1596 2767/953/1594
f 2855/958/1599 2836/954/1595 2778/952/1593
f 2836/954/1595 2855/958/1599 2840/955/1596
f 2845/959/1600 2840/955/1596 2866/960/1601
f 2845/959/1600 2866/960/1601 2842/961/1602
f 2866/960/1601 2840/955/1596 2855/958/1599
f 2907/962/1603 2866/960/1601 2855/958/1599
f 2854/963/1604 2855/958/1599 2778/952/1593
f 2907/962/1603 2855/958/1599 2911/964/1605
f 2911/964/1605 2855/958/1599 2936/965/1606
f 2854/963/1604 2778/952/1593 2837/957/1598
f 2854/963/1604 2837/957/1598 2884/966/1607
f 2871/967/1608 2837/957/1598 2807/948/1586
f 2837/957/1598 2871/967/1608 2884/966/1607
f 2871/967/1608 2807/948/1586 2799/945/1583
f 2871/967/1608 2799/945/1583 2857/968/1609
f 2902/969/1610 2884/966/1607 2871/967/1608
f 2854/963/1604 2884/966/1607 2913/970/1611
f 2902/969/1610 2871/967/1608 2912/971/1612
f 2913/970/1611 2884/966/1607 2902/969/1610
f 2912/971/1612 2871/967/1608 2857/968/1609
f 2855/958/1599 2854/963/1604 2961/972/1613
s 0
f 2854/963/1614 2913/970/1615 2961/972/1616
s 1
f 2855/958/1599 2961/972/1613 2936/965/1606
f 2961/972/1613 2913/970/1611 2956/973/1617
f 2966/974/1618 2913/970/1611 2902/969/1610
f 2913/970/1611 2966/974/1618 2956/973/1617
f 2903/975/1619 2912/971/1612 2857/968/1609
f 2903/975/1619 2857/968/1609 2876/976/1620
f 2876/976/1620 2857/968/1609 2838/943/1621
f 2903/975/1619 2876/976/1620 2957/977/1622
f 2838/943/1621 2857/968/1609 2799/945/1583
s 0
f 2876/976/1623 2838/943/1624 2861/941/1625
s 1
f 2900/978/1626 2957/977/1622 2876/976/1620
f 2876/976/1620 2897/979/1627 2900/978/1626
f 2900/978/1626 2882/980/1628 2957/977/1622
f 2882/980/1628 2900/978/1626 2821/981/1629
f 2876/976/1620 2861/941/1572 2897/979/1627
f 2861/941/1572 2789/939/1570 2897/979/1627
f 2897/979/1627 2789/939/1570 2835/942/1573
f 2835/942/1573 2824/982/1630 2897/979/1627
f 2897/979/1627 2824/982/1630 2900/978/1626
f 2900/978/1626 2773/983/1631 2821/981/1629
f 2900/978/1626 2824/982/1630 2773/983/1631
f 2824/982/1630 2835/942/1573 2793/940/1571
f 2793/940/1571 2751/937/1568 2824/982/1630
f 2793/940/1571 2761/938/1569 2751/937/1568
f 2824/982/1630 2738/984/1632 2773/983/1631
f 2738/984/1632 2824/982/1630 2728/985/1633
f 2728/985/1633 2824/982/1630 2751/937/1568
f 2728/985/1633 2751/937/1568 2725/936/1567
f 2738/984/1632 2728/985/1633 2630/986/1634
s 0
f 2728/985/1635 2725/936/1636 2707/987/1637
s 1
f 2728/985/1633 2707/987/1638 2685/988/1639
f 2707/987/1638 2725/936/1567 2673/931/1555
f 2685/988/1639 2630/986/1634 2728/985/1633
f 2636/989/1640 2685/988/1639 2707/987/1638
f 2685/988/1639 2636/989/1640 2616/990/1641
f 2685/988/1639 2616/990/1641 2518/991/1642
f 2685/988/1639 2518/991/1642 2511/992/1643
f 2630/986/1634 2685/988/1639 2511/992/1643
f 2630/986/1634 2511/992/1643 2557/993/1644
f 2518/991/1642 2616/990/1641 2560/994/1645
s 0
f 2630/986/1646 2557/993/1647 2554/995/1648
s 1
f 2630/986/1634 2696/996/1649 2738/984/1632
s 0
f 2738/984/1650 2696/996/1651 2773/983/1652
s 1
f 2821/981/1629 2892/997/1653 2882/980/1628
f 2882/980/1628 2892/997/1653 2925/998/1654
f 2939/999/1655 2925/998/1654 2915/1000/1656
f 2915/1000/1656 2925/998/1654 2892/997/1653
f 2939/999/1655 2915/1000/1656 2946/1001/1657
f 2915/1000/1656 2937/1002/1658 2946/1001/1657
f 2875/1003/1659 2937/1002/1658 2915/1000/1656
f 2948/1004/1660 2946/1001/1657 2937/1002/1658
s 0
f 2939/999/1661 2946/1001/1662 2984/1005/1663
s 1
f 2939/999/1655 2984/1005/1664 2975/1006/1665
f 2939/999/1655 2975/1006/1665 2925/998/1654
f 2925/998/1654 2975/1006/1665 2970/1007/1666
s 0
f 2925/998/1667 2970/1007/1668 2882/980/1669
f 2882/980/1670 2970/1007/1671 2957/977/1672
s 1
f 2962/1008/1673 2903/975/1619 2957/977/1622
f 2903/975/1619 2962/1008/1673 2912/971/1612
f 2902/969/1610 2912/971/1612 2966/974/1618
f 2912/971/1612 2967/1009/1674 2966/974/1618
f 2912/971/1612 2962/1008/1673 2967/1009/1674
s 0
f 2962/1008/1675 2957/977/1676 2970/1007/1677
s 1
f 2970/1007/1666 2975/1006/1665 2990/1010/1678
s 0
f 2975/1006/1679 2984/1005/1680 3000/1011/1681
s 1
f 2984/1005/1682 2994/1012/1683 3000/1011/1684
f 3000/1011/1684 2994/1012/1683 3001/1013/1685
f 3000/1011/1684 3001/1013/1685 3006/1014/1686
f 2975/1006/1665 3000/1011/1684 3006/1014/1686
f 2975/1006/1665 3006/1014/1686 2999/1015/1687
f 3006/1014/1686 3007/1016/1688 2999/1015/1687
f 2999/1015/1687 3007/1016/1688 2991/1017/1689
f 2991/1017/1689 3007/1016/1688 2989/1018/1690
s 0
f 2988/1019/1691 2989/1018/1692 3007/1016/1693
s 1
f 2983/1020/1694 2991/1017/1689 2989/1018/1690
f 2999/1015/1687 2991/1017/1689 2990/1010/1678
f 2989/1018/1690 2977/1021/1695 2983/1020/1694
f 2976/1022/1696 2991/1017/1689 2983/1020/1694
f 2983/1020/1694 2977/1021/1695 2976/1022/1696
f 2951/1023/1697 2977/1021/1695 2989/1018/1690
f 2988/1019/1698 3007/1016/1688 3008/1024/1699
f 3008/1024/1699 3007/1016/1688 3006/1014/1686
f 3006/1014/1686 3001/1013/1685 3009/1025/1700
f 3009/1025/1700 3001/1013/1685 3002/1026/1701
f 3008/1024/1699 3006/1014/1686 3010/1027/1702
f 3010/1027/1702 3006/1014/1686 3009/1025/1700
f 3010/1027/1702 3005/1028/1703 2995/1029/1704
f 3008/1024/1699 3010/1027/1702 2978/1030/1705
f 3008/1024/1699 2978/1030/1705 2988/1019/1698
f 3010/1027/1702 2995/1029/1704 2978/1030/1705
f 2971/1031/1706 2995/1029/1704 2993/1032/1707
f 2978/1030/1705 2995/1029/1704 2971/1031/1706
f 2988/1019/1698 2978/1030/1705 2952/1033/1708
f 2960/1034/1709 2978/1030/1705 2971/1031/1706
f 2958/1035/1710 2971/1031/1706 2945/1036/1711
f 2971/1031/1706 2958/1035/1710 2960/1034/1709
f 2958/1035/1710 2945/1036/1711 2932/1037/1712
f 2932/1037/1712 2945/1036/1711 2938/1038/1713
f 2958/1035/1710 2932/1037/1712 2935/1039/1714
f 2958/1035/1710 2935/1039/1714 2960/1034/1709
f 2947/1040/1715 2960/1034/1709 2935/1039/1714
f 2960/1034/1709 2947/1040/1715 2978/1030/1705
f 2978/1030/1705 2947/1040/1715 2924/1041/1716
f 2952/1033/1708 2978/1030/1705 2924/1041/1716
f 2988/1019/1698 2952/1033/1708 2989/1018/1690
f 2989/1018/1690 2952/1033/1708 2943/1042/1717
f 2989/1018/1690 2943/1042/1717 2951/1023/1697
f 2977/1021/1695 2951/1023/1697 2964/1043/1718
f 2977/1021/1695 2964/1043/1718 2956/973/1617
f 2956/973/1617 2966/974/1618 2977/1021/1695
f 2977/1021/1695 2966/974/1618 2976/1022/1696
f 2961/972/1613 2964/1043/1718 2951/1023/1697
f 2956/973/1617 2964/1043/1718 2961/972/1613
f 2961/972/1613 2951/1023/1697 2936/965/1606
f 2936/965/1606 2951/1023/1697 2943/1042/1717
f 2920/1044/1719 2924/1041/1716 2947/1040/1715
f 2935/1039/1714 2865/1045/1720 2947/1040/1715
f 2920/1044/1719 2916/1046/1721 2924/1041/1716
f 2952/1033/1708 2924/1041/1716 2943/1042/1717
f 2924/1041/1716 2909/1047/1722 2943/1042/1717
f 2943/1042/1717 2911/964/1605 2936/965/1606
f 2911/964/1605 2943/1042/1717 2909/1047/1722
f 2909/1047/1722 2889/1048/1723 2911/964/1605
f 2911/964/1605 2889/1048/1723 2898/1049/1724
f 2898/1049/1724 2907/962/1603 2911/964/1605
f 2907/962/1603 2898/1049/1724 2866/960/1601
f 2878/1050/1725 2909/1047/1722 2924/1041/1716
f 2878/1050/1725 2924/1041/1716 2896/1051/1726
f 2896/1051/1726 2924/1041/1716 2916/1046/1721
f 2896/1051/1726 2916/1046/1721 2874/1052/1727
f 2916/1046/1721 2890/1053/1728 2833/1054/1729
f 2916/1046/1721 2833/1054/1729 2874/1052/1727
f 2833/1054/1729 2890/1053/1728 2851/1055/1730
f 2874/1052/1727 2833/1054/1729 2848/1056/1731
f 2874/1052/1727 2848/1056/1731 2826/1057/1732
f 2848/1056/1731 2833/1054/1729 2820/1058/1733
s 0
f 2826/1057/1734 2848/1056/1735 2790/1059/1736
s 1
f 2826/1057/1732 2790/1059/1737 2803/258/391
f 2803/258/391 2790/1059/1737 2792/256/389
f 2826/1057/1732 2803/258/391 2796/257/390
f 2796/257/390 2815/255/388 2826/1057/1732
f 2826/1057/1732 2815/255/388 2878/1050/1725
f 2815/255/388 2816/254/387 2878/1050/1725
f 2878/1050/1725 2816/254/387 2889/1048/1723
f 2889/1048/1723 2816/254/387 2798/253/386
f 2842/961/1602 2798/253/386 2766/245/377
f 2842/961/1602 2766/245/377 2827/252/385
f 2781/251/384 2749/248/381 2737/250/383
f 2779/1060/1738 2781/251/384 2737/250/383
f 2642/900/1516 2607/901/1517 2777/903/1519
f 2737/250/383 2642/900/1516 2779/1060/1738
f 2642/900/1516 2777/903/1519 2779/1060/1738
f 2777/903/1519 2550/902/1518 2714/956/1597
f 2714/956/1597 2840/955/1596 2777/903/1519
f 2781/251/384 2779/1060/1738 2827/252/385
f 2779/1060/1738 2777/903/1519 2827/252/385
f 2840/955/1596 2845/959/1600 2777/903/1519
f 2827/252/385 2777/903/1519 2845/959/1600
f 2845/959/1600 2842/961/1602 2827/252/385
f 2842/961/1602 2866/960/1601 2898/1049/1724
f 2842/961/1602 2898/1049/1724 2889/1048/1723
f 2798/253/386 2842/961/1602 2889/1048/1723
s 0
f 2878/1050/1739 2889/1048/1740 2909/1047/1741
s 1
f 2878/1050/1725 2896/1051/1726 2826/1057/1732
f 2826/1057/1732 2896/1051/1726 2874/1052/1727
f 1929/727/1177 1865/725/1173 1964/896/1742
f 2221/728/1229 2190/897/1513 2273/750/1228
f 2273/750/1228 2190/897/1513 2213/1061/1743
f 2273/750/1228 2213/1061/1743 2370/898/1514
f 2370/898/1514 2213/1061/1743 2369/1062/1744
f 2321/1063/1745 2369/1062/1744 2213/1061/1743
f 2369/1062/1744 2321/1063/1745 2410/1064/1746
f 2370/898/1514 2369/1062/1744 2410/1064/1746
f 2458/905/1747 2481/899/1515 2370/898/1514
f 2530/910/1533 2490/907/1530 2450/1065/1748
f 2530/910/1533 2450/1065/1748 2463/918/1541
f 2405/1066/1749 2450/1065/1748 2490/907/1530
f 2405/1066/1749 2490/907/1530 2460/906/1522
f 2405/1066/1749 2460/906/1522 2458/905/1521
f 2463/918/1541 2450/1065/1748 2391/1067/1750
f 2463/918/1541 2391/1067/1750 2386/919/1542
f 2355/1068/1751 2389/920/1543 2386/919/1542
f 2389/920/1543 2378/1069/1752 2497/917/1540
f 2389/920/1543 2355/1068/1751 2378/1069/1752
f 2497/917/1540 2378/1069/1752 2397/922/1545
f 2526/926/1549 2507/924/1547 2409/1070/1753
f 2433/928/1551 2526/926/1549 2409/1070/1753
f 2483/929/1552 2433/928/1551 2341/1071/1754
f 2388/1072/1755 2409/1070/1753 2507/924/1547
f 2388/1072/1755 2507/924/1547 2397/922/1545
f 2322/1073/1756 2433/928/1551 2409/1070/1753
f 2409/1070/1753 2388/1072/1755 2322/1073/1756
f 2433/928/1551 2322/1073/1756 2278/1074/1757
f 2433/928/1551 2278/1074/1757 2341/1071/1754
f 2483/929/1552 2341/1071/1754 2413/1075/1758
f 2413/1075/1758 2427/1076/1759 2483/929/1552
f 2427/1076/1759 2560/994/1645 2483/929/1552
f 2560/994/1645 2427/1076/1759 2476/1077/1760
f 2560/994/1645 2476/1077/1760 2508/1078/1761
s 0
f 2483/929/1762 2560/994/1763 2599/930/1764
s 1
f 2599/930/1554 2560/994/1645 2616/990/1641
f 2673/931/1555 2599/930/1554 2636/989/1640
f 2673/931/1555 2636/989/1640 2707/987/1638
f 2636/989/1640 2599/930/1554 2616/990/1641
f 2518/991/1642 2560/994/1645 2508/1078/1761
f 2511/992/1643 2518/991/1642 2442/1079/454
s 0
f 2442/1079/1765 2518/991/1766 2478/1080/1767
s 1
f 2442/1079/454 2557/993/1644 2511/992/1643
f 2442/1079/454 2468/1081/460 2557/993/1644
f 2468/1081/460 2470/1082/1768 2557/993/1644
s 0
f 2554/995/1769 2557/993/1770 2470/1082/1771
s 1
f 2630/986/1634 2554/995/1772 2696/996/1649
f 2821/981/1629 2773/983/1631 2806/1083/1773
f 2887/1084/1774 2892/997/1653 2821/981/1629
f 2887/1084/1774 2821/981/1629 2814/1085/1775
f 2814/1085/1775 2821/981/1629 2806/1083/1773
f 2887/1084/1774 2814/1085/1775 2862/1086/1776
f 2887/1084/1774 2862/1086/1776 2893/1087/1777
f 2887/1084/1774 2915/1000/1656 2892/997/1653
f 2915/1000/1656 2887/1084/1774 2893/1087/1777
f 2875/1003/1659 2915/1000/1656 2893/1087/1777
f 2906/1088/1778 2870/1089/1779 2819/1090/1780
f 2937/1002/1658 2875/1003/1659 2870/1089/1779
f 2937/1002/1658 2870/1089/1779 2948/1004/1660
f 2948/1004/1660 2870/1089/1779 2906/1088/1778
f 2822/1091/1781 2870/1089/1779 2843/1092/1782
f 2843/1092/1782 2870/1089/1779 2875/1003/1659
f 2843/1092/1782 2863/1093/1783 2748/1094/1784
s 0
f 2863/1093/1785 2843/1092/1786 2875/1003/1787
s 1
f 2863/1093/1783 2875/1003/1659 2893/1087/1777
f 2863/1093/1783 2893/1087/1777 2862/1086/1776
f 2863/1093/1783 2862/1086/1776 2828/1095/1788
f 2863/1093/1783 2828/1095/1788 2724/1096/1789
f 2698/1097/1790 2843/1092/1782 2748/1094/1784
f 2863/1093/1783 2724/1096/1789 2748/1094/1784
f 2787/1098/1791 2724/1096/1789 2828/1095/1788
f 2787/1098/1791 2828/1095/1788 2797/1099/1792
f 2806/1083/1773 2797/1099/1792 2828/1095/1788
f 2787/1098/1791 2797/1099/1792 2733/1100/1793
f 2806/1083/1773 2625/1101/1794 2797/1099/1792
f 2625/1101/1794 2806/1083/1773 2773/983/1631
f 2773/983/1631 2696/996/1795 2625/1101/1794
s 0
f 2625/1101/1796 2696/996/1797 2554/995/1798
f 2625/1101/1799 2554/995/1800 2581/1102/1801
s 1
f 2797/1099/1792 2659/1103/1802 2733/1100/1793
f 2659/1103/1802 2797/1099/1792 2625/1101/1794
f 2659/1103/1802 2625/1101/1794 2581/1102/1803
f 2606/1104/1804 2659/1103/1802 2581/1102/1803
f 2581/1102/1805 2554/995/1806 2470/1082/1807
s 0
f 2449/1105/1808 2517/1106/1809 2581/1102/1810
s 1
f 2581/1102/1803 2517/1106/1811 2606/1104/1804
f 2510/1107/1812 2600/1108/472 2515/1109/471
f 2510/1107/1812 2451/1110/913 2435/1111/1813
f 2351/1112/909 2323/1113/908 2592/1114/1814
f 2435/1111/1813 2351/1112/909 2592/1114/1814
f 2323/1113/908 2373/1115/1815 2592/1114/1814
f 2600/1108/472 2510/1107/1812 2609/1116/1816
f 2600/1108/472 2609/1116/1816 2606/1104/1804
s 0
f 2600/1108/1817 2606/1104/1818 2517/1106/1819
s 1
f 2624/1117/1820 2606/1104/1804 2609/1116/1816
f 2659/1103/1802 2606/1104/1804 2624/1117/1820
f 2659/1103/1802 2624/1117/1820 2681/1118/1821
f 2733/1100/1793 2659/1103/1802 2681/1118/1821
f 2681/1118/1821 2624/1117/1820 2510/1107/1812
f 2681/1118/1821 2510/1107/1812 2632/1119/1822
f 2681/1118/1821 2632/1119/1822 2733/1100/1793
f 2733/1100/1793 2724/1096/1789 2787/1098/1791
f 2724/1096/1789 2733/1100/1793 2632/1119/1822
f 2724/1096/1789 2632/1119/1822 2693/1120/1823
s 0
f 2693/1120/1824 2632/1119/1825 2601/1121/1826
s 1
f 2693/1120/1823 2601/1121/1827 2647/1122/1828
f 2693/1120/1823 2647/1122/1828 2748/1094/1784
f 2647/1122/1828 2601/1121/1827 2567/1123/1829
f 2592/1114/1814 2601/1121/1827 2632/1119/1830
f 2435/1111/1813 2592/1114/1814 2632/1119/1830
s 0
f 2435/1111/1831 2632/1119/1832 2510/1107/1833
s 1
f 2592/1114/1814 2373/1115/1815 2601/1121/1827
f 2601/1121/1827 2373/1115/1815 2567/1124/1829
f 306/1125/1834 309/1126/1835 395/1127/1836
s 0
f 309/1126/1837 301/1128/1838 395/1127/1839
f 301/1128/1840 377/1129/1841 395/1127/1842
f 394/1130/1843 453/1131/1844 467/1132/1845
s 1
f 453/1131/1846 394/1130/1847 408/1133/1848
s 0
f 394/1130/1849 467/1132/1850 362/1134/1851
s 1
f 306/1125/1834 395/1127/1836 408/1133/1852
s 0
f 408/1133/1853 394/1130/1853 306/1125/1854
s 1
f 396/1135/1855 280/1136/1856 362/1134/1857
f 367/1137/1858 396/1135/1855 479/1138/1859
f 442/1139/1860 367/1137/1861 513/1140/1862
s 0
f 367/1137/1863 442/1139/1864 447/1141/1865
s 1
f 379/1142/1866 437/1143/1867 455/1144/1868
f 379/1142/1866 455/1144/1868 410/1145/1869
f 368/1146/1870 437/1143/1867 379/1142/1866
s 0
f 437/1143/1871 368/1146/1872 447/1141/1873
f 367/1137/1874 447/1141/1875 338/1147/1876
f 367/1137/1877 338/1147/1878 396/1135/1879
s 1
f 338/1147/1880 447/1141/1881 347/1148/1882
f 347/1148/1882 447/1141/1881 368/1146/1883
f 398/1149/1884 424/1150/1885 328/1151/1886
s 0
f 413/1152/1887 414/1153/1888 372/1154/1889
f 372/1154/1890 414/1153/1891 292/1155/1892
s 1
f 388/1156/1893 389/1157/1894 383/1158/1895
f 389/1157/1894 388/1156/1893 457/1159/1896
s 0
f 388/1156/1897 344/1160/1898 546/1161/1899
f 344/1160/1900 414/1153/1901 546/1161/1902
s 1
f 546/1161/1903 414/1153/1904 545/1162/1905
f 587/1163/1906 468/1164/1907 554/1165/1908
f 480/1166/1909 554/1165/1908 468/1164/1907
s 0
f 480/1166/1910 506/1167/1911 554/1165/1912
f 506/1167/1913 480/1166/1914 500/1168/1915
s 1
f 658/1169/1916 587/1163/1906 554/1165/1908
f 658/1169/1916 554/1165/1908 506/1167/1917
f 506/1167/1918 500/1168/1919 501/1170/1920
f 658/1169/1916 506/1167/1917 729/1171/1921
f 643/1172/1922 729/1171/1921 506/1167/1917
s 0
f 595/1173/1923 506/1167/1924 501/1170/1925
s 1
f 506/1167/1917 595/1173/1926 643/1172/1922
f 512/1174/1927 501/1170/1920 410/1145/1869
f 410/1145/1869 501/1170/1920 398/1149/1884
f 398/1149/1884 501/1170/1920 424/1150/1885
s 0
f 424/1150/1928 500/1168/1929 412/1175/1930
f 500/1168/1931 480/1166/1932 412/1175/1933
s 1
f 480/1166/1909 468/1164/1907 412/1175/1934
f 412/1175/1934 468/1164/1907 413/1152/1935
f 468/1164/1907 545/1162/1905 413/1152/1935
f 413/1152/1935 545/1162/1905 414/1153/1904
f 280/1136/1856 326/1176/1936 362/1134/1857
s 0
f 326/1176/1937 318/1177/1938 394/1130/1939
f 326/1176/1940 394/1130/1941 362/1134/1942
f 280/1136/1943 396/1135/1944 338/1147/1945
f 358/1178/1946 328/1151/1947 424/1150/1948
f 358/1178/1949 424/1150/1950 412/1175/1951
s 1
f 412/1175/1934 413/1152/1935 372/1154/1952
f 358/1178/1953 412/1175/1934 372/1154/1952
s 0
f 292/1155/1954 414/1153/1955 344/1160/1956
f 323/1179/1957 384/1180/1958 316/1181/1959
f 316/1181/1960 384/1180/1961 443/1182/1962
s 1
f 316/1181/1963 443/1182/1964 392/1183/1965
f 283/1184/1966 483/1185/1967 475/1186/1968
f 283/1184/1966 475/1186/1968 406/1187/1969
f 300/1188/1970 375/1189/1971 364/1190/1972
s 0
f 364/1190/1973 199/1191/1974 300/1188/1975
s 1
f 300/1188/1976 199/1191/1977 177/1192/1978
f 300/1188/1976 177/1192/1978 275/1193/1979
s 0
f 283/1184/1980 201/1194/1981 215/1195/1982
s 1
f 283/1184/1966 215/1195/1983 310/1196/1984
f 406/1187/1969 275/1193/1985 283/1184/1966
s 0
f 300/1188/1986 275/1193/1987 406/1187/1988
f 375/1189/1989 300/1188/1990 406/1187/1991
s 1
f 483/1185/1967 283/1184/1966 310/1196/1984
f 310/1196/1984 295/1197/1992 418/1198/1993
f 418/1198/1993 295/1197/1992 392/1183/1965
f 392/1183/1965 295/1197/1992 305/1199/1994
f 316/1181/1963 392/1183/1965 305/1199/1994
f 384/1180/1995 323/1179/1996 389/1157/1894
f 388/1156/1893 383/1158/1895 344/1160/1997
f 344/1160/1997 383/1158/1895 229/1200/1998
f 344/1160/1997 229/1200/1998 336/1201/1999
f 292/1155/2000 344/1160/1997 336/1201/1999
s 0
f 305/1199/2001 234/1202/2002 316/1181/2003
f 323/1179/2004 316/1181/2005 234/1202/2006
s 1
f 295/1197/1992 310/1196/1984 215/1195/1983
f 305/1199/1994 295/1197/1992 222/1203/2007
f 305/1199/1994 222/1203/2007 234/1202/2008
f 326/1176/1936 280/1136/1856 279/1204/2009
s 0
f 279/1204/2010 318/1177/2011 326/1176/2012
f 223/1205/2013 306/1125/2014 318/1177/2015
f 309/1126/2016 259/1206/2017 301/1128/2018
f 301/1128/2019 259/1206/2020 272/1207/2019
s 1
f 272/1207/2021 302/1208/2022 432/1209/2023
s 0
f 342/1210/2024 307/1211/2025 250/1212/2026
s 1
f 333/1213/2027 236/1214/2028 265/1215/2029
f 291/1216/2030 265/1215/2029 274/1217/2031
f 265/1215/2029 291/1216/2030 333/1213/2027
s 0
f 333/1213/2032 291/1216/2033 329/1218/2034
s 1
f 343/1219/2035 327/1220/2036 365/1221/2037
f 365/1221/2037 327/1220/2036 374/1222/2038
f 374/1222/2038 327/1220/2036 333/1213/2027
s 0
f 342/1210/2039 341/1223/2040 307/1211/2041
s 1
f 307/1211/2042 341/1223/2043 308/1224/2044
f 308/1224/2044 341/1223/2043 387/1225/2045
s 0
f 308/1224/2046 387/1225/2047 290/1226/2048
f 432/1209/2049 302/1208/2050 397/1227/2051
f 397/1227/2052 302/1208/2053 290/1226/2054
s 1
f 371/1228/2055 272/1207/2021 432/1209/2023
s 0
f 301/1128/2056 371/1228/2057 377/1129/2058
s 1
f 290/1226/2059 387/1225/2045 397/1227/2060
f 432/1209/2023 435/1229/2061 371/1228/2055
s 0
f 377/1129/2062 435/1229/2063 465/1230/2064
f 377/1129/2065 465/1230/2066 486/1231/2067
s 1
f 465/1230/2068 435/1229/2069 510/1232/2070
f 462/1233/2071 435/1229/2061 432/1209/2023
s 0
f 435/1229/2072 462/1233/2073 592/1234/2074
s 1
f 435/1229/2069 592/1234/2075 510/1232/2070
f 567/1235/2076 465/1230/2068 510/1232/2070
f 465/1230/2068 567/1235/2076 486/1231/2077
f 567/1235/2076 556/1236/2078 466/1237/2079
f 453/1131/2080 556/1236/2078 582/1238/2081
f 543/1239/2082 582/1238/2083 645/1240/2084
s 0
f 462/1233/2085 436/1241/2086 522/1242/2087
s 1
f 470/1243/2088 522/1242/2089 436/1241/2090
f 462/1233/2091 522/1242/2089 578/1244/2092
f 578/1244/2092 592/1234/2075 462/1233/2091
f 578/1244/2092 615/1245/2093 606/1246/2094
f 578/1244/2092 606/1246/2094 592/1234/2075
f 510/1232/2070 592/1234/2075 606/1246/2094
f 567/1235/2076 510/1232/2070 641/1247/2095
s 0
f 606/1246/2096 641/1247/2096 510/1232/2097
s 1
f 615/1245/2093 578/1244/2092 600/1248/2098
f 600/1248/2098 578/1244/2092 522/1242/2089
f 522/1242/2089 511/1249/2099 600/1248/2098
f 511/1249/2099 522/1242/2089 470/1243/2088
f 511/1249/2099 470/1243/2088 454/1250/2100
f 511/1249/2099 454/1250/2100 509/1251/2101
f 600/1248/2098 511/1249/2099 629/1252/2102
f 511/1249/2099 509/1251/2101 629/1252/2102
f 629/1252/2102 509/1251/2101 539/1253/2103
f 509/1251/2101 521/1254/2104 539/1253/2103
f 539/1253/2103 614/1255/223 629/1252/2102
f 629/1252/2102 754/1256/2105 600/1248/2098
f 668/1257/222 614/1255/223 526/1258/2106
f 523/1259/2107 614/1255/223 539/1253/2103
f 614/1255/223 523/1259/2107 526/1258/2106
f 440/1260/2108 523/1259/2107 539/1253/2103
f 439/1261/2109 526/1258/2106 523/1259/2107
f 509/1251/2101 454/1250/2100 485/1262/2110
f 521/1254/2104 509/1251/2101 485/1262/2110
s 0
f 521/1254/2111 363/1263/2112 539/1253/2113
s 1
f 440/1260/2108 539/1253/2103 363/1263/2114
s 0
f 440/1260/2115 439/1261/2116 523/1259/2117
s 1
f 439/1261/2109 541/1264/2118 526/1258/2106
f 541/1264/2118 439/1261/2109 365/1221/2037
f 541/1264/2118 417/1265/2119 504/1266/2120
f 541/1264/2118 365/1221/2037 417/1265/2119
f 515/1267/2121 494/1268/2122 433/1269/2123
f 433/1269/2123 525/1270/2124 504/1266/2120
f 542/1271/2125 541/1264/2118 504/1266/2120
f 541/1264/2118 678/1272/175 526/1258/2106
f 668/1257/222 526/1258/2106 678/1272/175
f 542/1271/2125 678/1272/175 541/1264/2118
s 0
f 576/1273/2126 678/1272/2127 542/1271/2128
s 1
f 689/1274/216 618/1275/2129 707/1276/215
f 704/1277/217 707/1278/215 618/1275/2129
f 642/1279/2130 704/1277/217 625/1280/2131
f 622/1281/2132 642/1279/2130 625/1280/2131
f 622/1281/2132 625/1280/2131 607/1282/2133
f 625/1280/2131 704/1277/217 596/1283/2134
f 704/1277/217 618/1275/2129 596/1283/2134
f 596/1283/2134 499/1284/2135 625/1280/2131
s 0
f 596/1283/2136 590/1285/2137 487/1286/2138
f 596/1283/2139 487/1286/2140 499/1284/2141
s 1
f 625/1280/2131 499/1284/2135 505/1287/2142
f 625/1280/2131 505/1287/2142 607/1282/2133
f 607/1282/2133 505/1287/2142 540/1288/2143
f 345/1289/2144 540/1288/2143 505/1287/2142
f 540/1288/2143 345/1289/2144 366/1290/2145
s 0
f 499/1284/2146 345/1289/2147 505/1287/2148
s 1
f 487/1286/2149 590/1285/2150 463/1291/2151
s 0
f 515/1267/2152 378/1292/2153 463/1291/2154
f 349/1293/2155 463/1291/2156 378/1292/2157
s 1
f 463/1291/2151 349/1293/2158 360/1294/2159
f 463/1291/2151 360/1294/2159 487/1286/2149
s 0
f 318/1177/2160 306/1125/2160 394/1130/2161
f 279/1295/2162 223/1296/2163 318/1297/2164
s 1
f 306/1298/1834 218/1299/2165 309/1300/1835
s 0
f 259/1301/2166 309/1300/2167 271/1302/2168
f 259/1301/2169 203/1303/2170 272/1304/2171
s 1
f 251/1305/2172 272/1304/2021 203/1303/2173
f 251/1305/2172 262/1306/2174 302/1307/2022
f 262/1306/2175 219/1308/2176 308/1309/2177
s 0
f 308/1309/2178 219/1308/2179 232/1310/2180
s 1
f 260/1311/2181 343/1312/2035 263/1313/2182
f 327/1314/2036 343/1312/2035 243/1315/2183
f 343/1312/2035 260/1311/2181 243/1315/2183
f 243/1315/2183 236/1316/2028 327/1314/2036
f 265/1317/2029 236/1316/2028 187/1318/2184
f 274/1319/2031 265/1317/2029 187/1318/2184
f 221/1320/2185 274/1319/2031 212/1321/2186
s 0
f 221/1320/2187 212/1321/2188 136/1322/2189
s 1
f 212/1321/2186 274/1319/2031 187/1318/2184
f 250/1323/2190 232/1310/2191 194/1324/2192
s 0
f 228/1325/2193 263/1313/2194 250/1323/2195
s 1
f 232/1310/2191 219/1308/2176 194/1324/2192
f 219/1308/2176 115/1326/2196 194/1324/2192
f 115/1326/2196 219/1308/2176 262/1306/2175
f 262/1306/2174 251/1305/2172 134/1327/2197
f 134/1327/2197 251/1305/2172 203/1303/2173
f 203/1303/2173 135/1328/2198 134/1327/2197
f 259/1301/2199 135/1328/2198 203/1303/2173
f 271/1302/2200 218/1299/2165 153/1329/2201
s 0
f 218/1299/2202 223/1296/2203 153/1329/2204
f 259/1301/2205 271/1302/2206 114/1330/2207
s 1
f 271/1302/2200 309/1300/1835 218/1299/2165
s 0
f 218/1299/2208 306/1298/2209 223/1296/2210
f 282/1331/2211 280/1332/2212 338/1333/2213
f 279/1295/2214 183/1334/2215 223/1296/2216
s 1
f 279/1295/2009 280/1332/1856 183/1334/2217
f 172/1335/2218 183/1334/2217 280/1332/1856
s 0
f 223/1296/2219 183/1334/2220 170/1336/2221
f 170/1336/2222 183/1334/2223 171/1337/2224
s 1
f 171/1337/2225 183/1334/2217 172/1335/2218
s 0
f 223/1296/2226 170/1336/2227 153/1329/2228
s 1
f 271/1302/2200 131/1338/2229 114/1330/2230
s 0
f 134/1327/2231 135/1328/2232 61/1339/2233
s 1
f 135/1328/2198 259/1301/2199 86/1340/2234
s 0
f 86/1340/2235 259/1301/2236 114/1330/2237
f 135/1328/2238 14/1341/2239 61/1339/2240
s 1
f 14/1341/2241 135/1328/2198 86/1340/2234
s 0
f 158/1342/2242 61/1339/2243 55/1343/2244
f 158/1342/2245 55/1343/2246 115/1326/2247
s 1
f 79/1344/2248 115/1326/2249 55/1343/2250
f 64/1345/2251 79/1344/2248 3036/1346/2252
f 79/1344/2248 3061/1347/2253 3036/1346/2252
f 3097/1348/2254 3043/1349/2255 15/1350/2256
f 3097/1348/2254 15/1350/2256 1/1351/2257
f 3036/1346/2252 1/1351/2257 64/1345/2251
s 0
f 64/1345/2258 115/1326/2259 79/1344/2260
s 1
f 148/1352/2261 64/1345/2251 1/1351/2257
s 0
f 15/1350/2262 3013/1353/2263 62/1354/2264
s 1
f 1/1351/2257 15/1350/2256 148/1352/2261
f 126/1355/2265 148/1352/2261 15/1350/2256
f 24/1356/2266 62/1354/2267 3013/1353/2268
f 62/1354/2267 24/1356/2266 260/1311/2181
f 15/1350/2256 62/1354/2267 126/1355/2265
f 64/1345/2251 148/1352/2261 194/1324/2192
f 194/1324/2192 115/1326/2196 64/1345/2251
f 194/1324/2192 148/1352/2261 250/1323/2190
f 250/1323/2190 148/1352/2261 126/1355/2265
f 228/1325/2269 250/1323/2190 126/1355/2265
f 236/1316/2028 243/1315/2183 110/1357/2270
f 243/1315/2183 260/1311/2181 110/1357/2270
f 110/1357/2270 260/1311/2181 24/1356/2266
f 212/1321/2186 187/1318/2184 80/1358/2271
f 187/1318/2184 69/1359/2272 80/1358/2271
f 110/1357/2270 187/1318/2184 236/1316/2028
s 0
f 238/1360/2273 285/1361/2274 314/1362/2275
f 238/1360/2276 314/1362/2277 186/1363/2278
s 1
f 186/1363/2279 245/1364/2280 142/1365/2281
f 245/1364/2280 233/1366/2282 142/1365/2281
f 142/1365/2281 233/1366/2282 184/1367/2283
f 264/1368/2284 233/1366/2282 245/1364/2280
f 186/1363/2279 314/1362/2285 245/1364/2280
f 264/1368/2284 245/1364/2280 312/1369/2286
s 0
f 233/1366/2287 264/1368/2288 237/1370/2289
f 237/1370/2290 264/1368/2291 328/1371/2292
s 1
f 312/1369/2286 245/1364/2280 314/1362/2285
f 271/1302/2200 153/1329/2201 131/1338/2229
f 86/1340/2234 114/1330/2230 131/1338/2229
f 61/1339/2293 14/1341/2241 3058/1372/2294
f 14/1341/2241 86/1340/2234 3065/1373/2295
f 3037/1374/2296 3065/1373/2295 86/1340/2234
f 3037/1374/2296 86/1340/2234 70/1375/2297
s 0
f 65/1376/2298 66/1377/2299 3042/1378/2300
f 21/1379/2301 30/1380/2302 3023/1381/2303
f 76/1382/2304 3051/1383/2305 42/1384/2306
f 3063/1385/2307 3022/1386/2308 76/1382/2309
s 1
f 76/1382/2310 104/1387/2311 3063/1385/2312
s 0
f 3073/1388/2313 33/1389/2314 46/1390/2315
s 1
f 3073/1388/2316 16/1391/2317 33/1389/2318
s 0
f 3012/1392/2319 41/1393/2320 3028/1394/2321
s 1
f 3028/1394/2322 41/1393/2323 26/1395/2324
f 94/1396/2325 52/1397/2326 3035/1398/2327
f 3130/1399/2328 39/1400/2329 40/1401/2330
f 73/1402/2331 40/1401/2332 127/1403/2333
f 49/1404/2334 39/1400/2329 3130/1399/2328
s 0
f 127/1403/2335 40/1401/2336 39/1400/2337
s 1
f 49/1404/2338 52/1397/2326 60/1405/2339
s 0
f 127/1403/2340 199/1406/2341 255/1407/2342
s 1
f 177/1408/2343 127/1403/2344 39/1400/2345
f 138/1409/2346 177/1408/2343 39/1400/2345
f 151/1410/2347 60/1405/2339 146/1411/2348
f 60/1405/2339 151/1410/2347 201/1412/2349
s 0
f 177/1408/2350 199/1406/2351 127/1403/2352
s 1
f 283/1413/1966 275/1414/1985 201/1412/2349
s 0
f 138/1409/2353 275/1414/2354 177/1408/2355
s 1
f 138/1409/2356 60/1405/2339 275/1414/1985
f 60/1405/2339 201/1412/2349 275/1414/1985
f 215/1415/1983 151/1410/2347 167/1416/2357
f 215/1415/1983 201/1412/2349 151/1410/2347
f 295/1417/1992 215/1415/1983 222/1418/2007
f 323/1419/1996 234/1420/2008 225/1421/2358
f 225/1421/2358 211/1422/2359 323/1423/1996
s 0
f 383/1424/2360 211/1422/2361 229/1425/2362
s 1
f 222/1418/2007 215/1415/1983 167/1416/2357
f 222/1418/2007 167/1416/2357 159/1426/2363
f 210/1427/2364 154/1428/2365 68/1429/2366
f 172/1335/2218 75/1430/2367 119/1431/2368
s 0
f 75/1430/2369 172/1335/2370 68/1429/2371
f 210/1427/2372 68/1429/2373 172/1335/2374
s 1
f 171/1337/2225 172/1335/2218 119/1431/2368
s 0
f 171/1337/2375 119/1431/2376 170/1336/2377
f 153/1329/2378 170/1336/2379 119/1431/2380
f 85/1432/2381 131/1338/2382 153/1329/2383
s 1
f 85/1432/2384 153/1329/2385 119/1431/2386
f 131/1338/2229 85/1432/2387 70/1375/2297
f 70/1375/2297 86/1340/2234 131/1338/2229
s 0
f 70/1375/2388 85/1432/2389 65/1376/2390
f 65/1376/2391 85/1432/2392 119/1431/2393
f 65/1376/2394 119/1431/2395 66/1377/2396
s 1
f 66/1377/2397 119/1431/2368 75/1430/2367
f 66/1377/2397 75/1430/2367 50/1433/2398
s 0
f 50/1433/2399 75/1430/2400 68/1429/2401
f 50/1433/2402 68/1429/2403 21/1379/2404
f 68/1429/2405 30/1380/2406 21/1379/2407
s 1
f 42/1384/2408 81/1434/2409 120/1435/2410
s 0
f 42/1384/2411 120/1435/2412 76/1382/2413
s 1
f 42/1384/2408 18/1436/2414 81/1434/2409
f 66/1377/2397 50/1433/2398 3042/1378/2415
f 30/1380/2416 68/1429/2366 154/1428/2365
f 30/1380/2416 154/1428/2365 81/1434/2409
f 81/1434/2409 154/1428/2365 140/1437/2417
s 0
f 140/1437/2418 154/1428/2419 238/1360/2420
f 140/1437/2421 142/1365/2422 120/1435/2423
f 120/1435/2424 142/1365/2425 184/1367/2426
s 1
f 140/1437/2427 186/1363/2279 142/1365/2281
f 140/1437/2427 238/1360/2428 186/1363/2279
f 144/1438/2429 246/1439/2430 169/1440/2431
s 0
f 185/1441/2432 246/1439/2433 144/1438/2434
s 1
f 82/1442/2435 252/1443/2436 173/1444/2437
f 41/1393/2438 173/1444/2437 165/1445/2439
f 58/1446/2440 165/1445/2439 179/1447/2441
f 179/1447/2441 234/1420/2008 159/1426/2363
f 222/1418/2007 159/1426/2363 234/1420/2008
f 225/1421/2358 234/1420/2008 179/1447/2441
f 179/1447/2441 165/1445/2439 225/1421/2358
f 71/1448/2442 169/1440/2431 208/1449/2443
f 181/1450/2444 372/1451/1952 208/1449/2443
f 372/1451/1952 292/1452/2000 208/1449/2443
f 208/1449/2443 336/1453/1999 252/1443/2436
f 252/1443/2436 336/1453/1999 229/1425/1998
f 292/1452/2000 336/1453/1999 208/1449/2443
f 372/1451/1952 181/1450/2444 358/1454/1953
s 0
f 358/1454/2445 181/1450/2446 246/1439/2447
s 1
f 328/1371/2448 358/1454/2449 237/1370/2450
f 181/1450/2444 208/1449/2443 169/1440/2431
f 246/1439/2451 237/1370/2450 358/1454/2449
s 0
f 3023/1455/2452 50/1456/2453 21/1457/2454
s 1
f 3042/1458/2415 50/1456/2398 3108/1459/2455
s 0
f 3030/1460/2456 70/1461/2457 65/1462/2458
s 1
f 3030/1460/2459 65/1462/2460 3042/1458/2461
f 3037/1463/2296 70/1461/2297 3087/1464/2462
s 0
f 70/1461/2463 3030/1460/2464 3115/1465/2465
s 1
f 3037/1463/2296 3087/1464/2462 3065/1466/2295
f 3087/1464/2462 70/1461/2297 3115/1465/2466
s 0
f 3109/1467/2467 3115/1465/2468 3030/1460/2469
f 3101/1468/2470 3109/1467/2470 3030/1460/2470
f 3109/1467/2471 3101/1468/2472 3192/1469/2473
s 1
f 3192/1469/2474 3101/1468/2475 3113/1470/2476
f 3113/1470/2476 3101/1468/2475 3108/1459/2455
s 0
f 3042/1458/2477 3101/1468/2477 3030/1460/2477
s 1
f 3101/1468/2475 3042/1458/2415 3108/1459/2455
s 0
f 3108/1459/2478 50/1456/2479 3023/1455/2480
s 1
f 3072/1471/2481 3139/1472/2482 18/1473/2414
f 30/1474/2416 3139/1472/2482 3023/1455/2483
f 3139/1472/2482 30/1474/2416 18/1473/2414
f 3051/1475/2484 18/1473/2414 42/1476/2408
f 3072/1471/2481 18/1473/2414 3051/1475/2484
f 3072/1471/2481 3051/1475/2484 3104/1477/2485
f 3104/1477/2485 3051/1475/2484 3085/1478/2486
s 0
f 3085/1478/2487 3063/1479/2488 3081/1480/2489
s 1
f 3057/1481/2490 3080/1482/2491 16/1483/2317
s 0
f 3022/1484/2492 3063/1479/2493 3085/1478/2494
s 1
f 3051/1475/2484 3022/1484/2495 3085/1478/2486
s 0
f 3109/1467/2496 3192/1469/2497 3194/1485/2498
s 1
f 3109/1467/2499 3194/1485/2500 3159/1486/2501
s 0
f 3109/1467/2502 3159/1486/2503 3115/1465/2504
s 1
f 3115/1465/2466 3159/1486/2505 3087/1464/2462
f 3159/1486/2505 3195/1487/2506 3087/1464/2462
f 3087/1464/2462 3195/1487/2506 3191/1488/2507
f 3036/1489/2252 3176/1490/2508 3097/1491/2254
f 3064/1492/2509 3013/1493/2268 3133/1494/2510
f 3133/1494/2510 3013/1493/2268 3043/1495/2511
f 3025/1496/2512 32/1497/2513 3078/1498/2514
f 3021/1499/2515 3025/1496/2516 3079/1500/2517
s 0
f 3079/1500/2518 3025/1496/2519 3078/1498/2520
f 3078/1498/2521 32/1497/2522 3083/1501/2523
s 1
f 3083/1501/2524 3064/1492/2509 3107/1502/2525
f 3083/1501/2524 3084/1503/2526 3078/1498/2527
f 3079/1500/2517 3062/1504/2528 3021/1499/2515
f 3017/1505/2529 3021/1499/2515 3062/1504/2528
f 67/1506/2530 3017/1505/2529 3045/1507/2531
f 3024/1508/2532 67/1506/2530 3045/1507/2531
f 3024/1508/2532 3045/1507/2531 3048/1509/2533
s 0
f 3093/1510/2534 3048/1509/2535 3071/1511/2536
s 1
f 3048/1509/2533 3045/1507/2531 3071/1511/2537
s 0
f 3093/1510/2538 3071/1511/2539 3169/1512/2540
s 1
f 3093/1510/2541 3169/1512/2542 3096/1513/2543
f 3114/1514/2544 3045/1507/2531 3017/1505/2529
s 0
f 3062/1504/2545 3165/1515/2546 3114/1514/2547
s 1
f 3147/1516/2548 3165/1515/2549 3062/1504/2528
f 3147/1516/2548 3062/1504/2528 3079/1500/2517
s 0
f 3017/1505/2550 3062/1504/2551 3114/1514/2552
s 1
f 3079/1500/2517 3078/1498/2527 3084/1503/2526
f 3079/1500/2517 3084/1503/2526 3147/1516/2548
f 3146/1517/2553 3147/1516/2548 3084/1503/2526
f 3114/1514/2544 3211/1518/2554 3045/1507/2531
f 3071/1511/2537 3045/1507/2531 3211/1518/2554
f 3300/1519/2555 3165/1515/2549 3147/1516/2548
f 3147/1516/2548 3146/1517/2553 3242/1520/2556
f 3242/1520/2556 3146/1517/2553 3281/1521/2557
f 3281/1521/2557 3146/1517/2553 3163/1522/2558
s 0
f 3140/1523/2559 3163/1522/2560 3107/1502/2561
s 1
f 3190/1524/2562 3140/1523/2563 3133/1494/2510
f 3097/1491/2254 3184/1525/2564 3043/1495/2255
s 0
f 3133/1494/2565 3043/1495/2566 3175/1526/2567
s 1
f 3175/1526/2568 3043/1495/2255 3184/1525/2564
f 3190/1524/2562 3175/1526/2568 3255/1527/2569
s 0
f 3217/1528/2570 3184/1525/2571 3176/1490/2572
s 1
f 3256/1529/2573 3175/1526/2568 3184/1525/2564
f 3184/1525/2564 3323/1530/2574 3256/1529/2573
f 3238/1531/2575 3217/1528/2576 3158/1532/2577
s 0
f 3187/1533/2578 3185/1534/2579 3158/1532/2580
s 1
f 3215/1535/2581 3185/1534/2582 3187/1533/2583
s 0
f 3215/1535/2584 3148/1536/2585 3199/1537/2586
f 3238/1531/2587 3158/1532/2588 3185/1534/2589
s 1
f 3185/1534/2582 3215/1535/2581 3228/1538/2590
s 0
f 3185/1534/2591 3228/1538/2592 3238/1531/2593
s 1
f 3264/1539/2594 3228/1538/2590 3215/1535/2581
f 3264/1539/2594 3215/1535/2581 3199/1537/2595
s 0
f 3199/1537/2596 3191/1488/2597 3210/1540/2598
f 3199/1537/2599 3148/1536/2600 3191/1488/2601
s 1
f 3187/1533/2583 3135/1541/2602 3215/1535/2581
f 3215/1535/2581 3135/1541/2602 3148/1536/2603
f 3191/1488/2507 3195/1487/2506 3210/1540/2604
s 0
f 3195/1487/2605 3159/1486/2606 3229/1542/2607
f 3194/1485/2608 3192/1469/2609 3269/1543/2610
f 3196/1544/2611 3269/1543/2612 3192/1469/2613
f 3269/1543/2614 3268/1545/2615 3194/1485/2616
s 1
f 3159/1486/2501 3194/1485/2500 3336/1546/2617
s 0
f 3229/1542/2618 3159/1486/2619 3336/1546/2620
f 3229/1542/2621 3210/1540/2622 3195/1487/2623
f 3210/1540/2624 3229/1542/2625 3276/1547/2626
s 1
f 3276/1547/2627 3199/1537/2595 3210/1540/2628
f 3199/1537/2595 3265/1548/2629 3264/1539/2594
f 3228/1538/2590 3264/1539/2594 3354/1549/2630
f 3378/1550/2631 3228/1538/2590 3354/1549/2630
f 3238/1531/2632 3378/1550/2633 3322/1551/2634
s 0
f 3378/1550/2635 3238/1531/2636 3228/1538/2637
f 3238/1531/2638 3322/1551/2639 3217/1528/2640
s 1
f 3217/1528/2641 3322/1551/2642 3364/1552/2643
f 3276/1547/2627 3265/1548/2629 3199/1537/2595
f 3336/1546/2617 3194/1485/2500 3268/1545/2644
s 0
f 3268/1545/2645 3269/1543/2646 3352/1553/2647
s 1
f 3269/1543/2648 3196/1544/2649 3380/1554/2650
f 3380/1554/2650 3196/1544/2649 3236/1555/2651
s 0
f 3196/1544/2652 3200/1556/2653 3236/1555/2654
f 3200/1556/2655 3196/1544/2656 3141/1557/2657
f 3141/1557/2658 3196/1544/2659 3113/1470/2660
s 1
f 3113/1470/2476 3196/1544/2661 3192/1469/2474
f 3200/1556/2662 3141/1557/2663 3151/1558/2664
f 3139/1472/2482 3151/1558/2664 3141/1557/2663
f 3141/1557/2663 3023/1455/2483 3139/1472/2482
s 0
f 3023/1455/2665 3141/1557/2666 3108/1459/2667
f 3108/1459/2668 3141/1557/2669 3113/1470/2670
f 3269/1543/2671 3380/1554/2672 3352/1553/2673
f 3268/1545/2674 3352/1553/2675 3375/1559/2676
f 3352/1560/2677 3380/1561/2678 3445/1562/2679
f 3375/1563/2680 3352/1560/2681 3407/1564/2682
s 1
f 3375/1563/2683 3387/1565/2684 3336/1566/2617
f 3268/1567/2644 3375/1563/2683 3336/1566/2617
s 0
f 3229/1568/2685 3336/1566/2686 3387/1565/2687
f 3464/1569/2688 3276/1570/2689 3229/1568/2690
s 1
f 3265/1571/2629 3276/1570/2627 3464/1569/2691
s 0
f 3229/1568/2692 3439/1572/2693 3464/1569/2694
f 3439/1572/2695 3229/1568/2696 3387/1565/2697
s 1
f 3265/1571/2629 3355/1573/2698 3264/1574/2594
f 3264/1574/2594 3355/1573/2698 3354/1575/2630
f 3333/1576/2699 3323/1577/2574 3376/1578/2700
f 3333/1576/2699 3406/1579/2701 3334/1580/2702
f 3334/1580/2702 3406/1579/2701 3370/1581/2703
f 3350/1582/2704 3299/1583/2705 3416/1584/2706
f 3312/1585/2707 3350/1582/2704 3399/1586/2708
f 3416/1584/2706 3399/1586/2708 3350/1582/2704
f 3312/1585/2707 3405/1587/2709 3313/1588/2710
f 3369/1589/2711 3313/1588/2710 3388/1590/2712
s 0
f 3551/1591/2713 3407/1564/2714 3445/1562/2715
f 3503/1592/2716 3527/1593/2716 3429/1594/2716
s 1
f 3464/1569/2717 3527/1593/2718 3510/1595/2719
f 3418/1596/2720 3478/1597/2721 3493/1598/2722
s 0
f 3493/1598/2723 3495/1599/2724 3480/1600/2725
s 1
f 3494/1601/2726 3478/1597/2721 3510/1595/2719
f 3493/1598/2722 3478/1597/2721 3494/1601/2726
s 0
f 3480/1600/2727 3495/1599/2728 3444/1602/2729
f 3444/1602/2730 3495/1599/2731 3468/1603/2732
s 1
f 3557/1604/2733 3468/1603/2734 3621/1605/2735
f 3557/1604/2733 3621/1605/2735 3620/1606/2736
s 0
f 3557/1604/2737 3620/1606/2738 3542/1607/2739
f 3446/1608/2740 3557/1604/2741 3542/1607/2742
s 1
f 3542/1607/2743 3620/1606/2744 3567/1609/2745
f 3567/1609/2745 3508/1610/2746 3542/1607/2743
s 0
f 3437/1611/2747 3446/1608/2748 3542/1607/2749
s 1
f 3437/1611/2750 3542/1607/2743 3453/1612/2751
f 3542/1607/2743 3508/1610/2746 3453/1612/2751
f 3456/1613/2752 3508/1610/2746 3568/1614/2753
f 3374/1615/2754 3568/1614/2753 3639/1616/2755
f 3374/1615/2754 3639/1616/2755 3598/1617/2756
f 3568/1614/2753 3508/1610/2746 3567/1609/2745
f 3633/1618/2757 3639/1616/2755 3568/1614/2753
s 0
f 3604/1619/2758 3585/1620/2759 3472/1621/2760
f 3585/1620/2761 3531/1622/2762 3472/1621/2763
f 3472/1621/2764 3531/1622/2765 3484/1623/2766
s 1
f 3598/1617/2756 3604/1619/2767 3415/1624/2768
f 3598/1617/2756 3415/1624/2768 3374/1615/2754
f 3374/1615/2754 3456/1613/2752 3568/1614/2753
f 3456/1613/2752 3453/1612/2751 3508/1610/2746
f 3453/1612/2751 3406/1579/2701 3437/1611/2750
f 3406/1579/2701 3453/1612/2751 3370/1581/2703
f 3370/1581/2703 3453/1612/2751 3456/1613/2752
f 3399/1586/2708 3604/1619/2769 3472/1621/2770
s 0
f 3604/1619/2771 3416/1584/2772 3415/1624/2773
s 1
f 3604/1619/2769 3399/1586/2708 3416/1584/2706
f 3484/1623/2774 3405/1587/2709 3472/1621/2775
f 3509/1625/2776 3438/1626/2777 3486/1627/2778
s 0
f 3486/1627/2779 3438/1626/2780 3514/1628/2781
f 3551/1591/2782 3515/1629/2783 3407/1564/2784
s 1
f 3503/1592/2785 3407/1564/2786 3515/1629/2787
f 3527/1593/2788 3503/1592/2785 3540/1630/2789
f 3503/1592/2785 3515/1629/2787 3540/1630/2789
s 0
f 3540/1630/2790 3591/1631/2791 3527/1593/2792
f 3527/1593/2793 3591/1631/2794 3510/1595/2795
f 3510/1595/2796 3591/1631/2797 3589/1632/2798
s 1
f 3510/1595/2719 3589/1632/2799 3587/1633/2800
f 3510/1595/2719 3587/1633/2800 3494/1601/2726
f 3589/1632/2801 3591/1631/2802 3605/1634/2803
f 3605/1634/2803 3591/1631/2802 3638/1635/2804
f 3605/1634/2803 3730/1636/2805 3589/1632/2801
s 0
f 3589/1632/2806 3730/1636/2807 3627/1637/2808
s 1
f 3589/1632/2799 3627/1637/2809 3608/1638/2810
f 3627/1637/2811 3730/1636/2812 3696/1639/2813
f 3589/1632/2799 3608/1638/2810 3587/1633/2800
f 3657/1640/2814 3605/1634/2803 3638/1635/2804
f 3540/1630/2815 3638/1635/2804 3591/1631/2802
f 3638/1635/2804 3540/1630/2815 3613/1641/2816
s 0
f 3540/1630/2817 3515/1629/2818 3613/1641/2819
f 3515/1629/2820 3551/1591/2821 3613/1641/2822
s 1
f 3613/1641/2823 3551/1591/2824 3606/1642/2825
f 3606/1642/2825 3509/1625/2826 3619/1643/2827
s 0
f 3619/1643/2828 3509/1625/2829 3486/1627/2830
f 3551/1591/2831 3509/1625/2832 3606/1642/2833
s 1
f 3640/1644/2834 3606/1642/2825 3630/1645/2835
s 0
f 3667/1646/2836 3630/1645/2837 3619/1643/2838
f 3667/1646/2839 3619/1643/2840 3683/1647/2841
s 1
f 3619/1643/2842 3555/1648/2843 3683/1647/2844
f 3619/1643/2842 3514/1628/2845 3555/1648/2843
f 3534/1649/2846 3555/1648/2843 3514/1628/2845
s 0
f 3534/1649/2847 3511/1650/2848 3593/1651/2849
f 3593/1651/2850 3511/1650/2851 3506/1652/2852
f 3534/1649/2853 3514/1628/2854 3479/1653/2855
s 1
f 3486/1627/2856 3514/1628/2845 3619/1643/2842
f 3606/1642/2825 3640/1644/2834 3613/1641/2823
f 3606/1642/2825 3619/1643/2827 3630/1645/2835
s 0
f 3638/1635/2857 3613/1641/2858 3641/1654/2859
s 1
f 3641/1654/2860 3613/1641/2823 3640/1644/2834
f 3605/1634/2803 3657/1640/2814 3730/1636/2805
f 3657/1640/2814 3638/1635/2804 3737/1655/2861
s 0
f 3717/1656/2862 3638/1635/2863 3641/1654/2864
f 3660/1657/2865 3717/1656/2866 3641/1654/2866
f 3660/1657/2867 3641/1654/2868 3640/1644/2869
f 3638/1635/2870 3717/1656/2871 3737/1655/2872
s 1
f 3737/1655/2861 3736/1658/2873 3657/1640/2814
f 3657/1640/2814 3736/1658/2873 3730/1636/2805
f 3696/1639/2813 3735/1659/2874 3627/1637/2811
s 0
f 3608/1638/2875 3627/1637/2876 3684/1660/2877
f 3608/1638/2878 3684/1660/2879 3659/1661/2880
s 1
f 3659/1661/2881 3637/1662/2882 3556/1663/2883
f 3637/1662/2882 3621/1605/2735 3556/1663/2883
f 3621/1605/2735 3468/1603/2734 3556/1663/2883
f 3495/1599/2884 3556/1663/2883 3468/1603/2734
f 3493/1598/2722 3494/1601/2726 3587/1633/2800
f 3495/1599/2884 3493/1598/2722 3587/1633/2800
s 0
f 3755/1664/2885 3683/1647/2886 3687/1665/2887
s 1
f 3692/1666/2888 3755/1664/2889 3687/1665/2890
f 3656/1667/2891 3632/1668/2892 3626/1669/2893
f 3590/1670/2894 3656/1667/2891 3626/1669/2893
f 3643/1671/2895 3590/1670/2894 3529/1672/2896
f 3590/1670/2894 3466/1673/2897 3529/1672/2896
f 3529/1672/2896 3584/1674/2898 3643/1671/2895
f 3584/1674/2898 3529/1672/2896 3523/1675/2899
f 3502/1676/2900 3603/1677/2901 3574/1678/2902
f 3603/1677/2901 3498/1679/2903 3592/1680/2904
f 3569/1681/2905 3498/1679/2903 3455/1682/2906
f 3436/1683/2907 3498/1679/2903 3603/1677/2901
f 3502/1676/2900 3523/1675/2899 3501/1684/2908
f 3501/1684/2908 3523/1675/2899 3491/1685/2909
s 0
f 3523/1675/2910 3529/1672/2911 3491/1685/2912
s 1
f 3368/1686/2913 3491/1685/2914 3529/1672/2896
f 3368/1686/2913 3529/1672/2896 3433/1687/2915
f 3466/1673/2897 3590/1670/2894 3626/1669/2893
f 3466/1673/2897 3626/1669/2893 3487/1688/2916
f 3617/1689/2917 3626/1669/2893 3632/1668/2892
s 0
f 3645/1690/2918 3617/1689/2919 3632/1668/2920
s 1
f 3632/1668/2921 3687/1665/2890 3645/1690/2922
s 0
f 3645/1690/2923 3687/1665/2924 3683/1647/2925
s 1
f 3687/1665/2890 3632/1668/2921 3692/1666/2888
f 3683/1647/2844 3555/1648/2843 3645/1690/2926
f 3593/1651/2927 3645/1690/2926 3555/1648/2843
f 3617/1689/2917 3645/1690/2926 3593/1651/2927
f 3593/1651/2927 3506/1652/2928 3617/1689/2917
f 3617/1689/2917 3506/1652/2928 3626/1669/2893
s 0
f 3487/1688/2929 3467/1691/2930 3466/1673/2931
s 1
f 3487/1688/2916 3506/1652/2928 3467/1691/2932
s 0
f 3466/1673/2933 3467/1691/2934 3433/1687/2935
s 1
f 3467/1691/2936 3357/1692/2937 3433/1687/2938
f 3506/1652/2928 3394/1693/2939 3467/1691/2932
s 0
f 3511/1650/2940 3394/1693/2941 3506/1652/2942
s 1
f 3511/1650/2943 3479/1653/2944 3393/1694/2945
f 3511/1650/2943 3393/1694/2945 3356/1695/2946
f 3356/1695/2946 3394/1693/2947 3511/1650/2943
s 0
f 3394/1693/2948 3363/1696/2949 3467/1691/2950
f 3357/1692/2951 3467/1691/2952 3363/1696/2953
f 3433/1687/2954 3357/1692/2955 3263/1697/2956
s 1
f 3433/1687/2915 3263/1697/2957 3368/1686/2913
s 0
f 3501/1684/2958 3491/1685/2959 3326/1698/2960
s 1
f 3436/1683/2907 3501/1684/2961 3326/1698/2962
f 3491/1685/2914 3368/1686/2913 3297/1699/2963
f 3297/1699/2963 3368/1686/2913 3263/1697/2957
f 3273/1700/2964 3357/1692/2965 3363/1696/2966
f 3363/1696/2966 3356/1695/2946 3267/1701/2967
f 3363/1696/2966 3267/1702/2967 3273/1700/2964
f 3326/1698/2968 3491/1685/2914 3297/1699/2963
s 0
f 3284/1703/2969 3436/1683/2970 3326/1698/2971
s 1
f 3341/1704/2972 3241/1705/2973 3319/1706/2974
f 3379/1707/2975 3241/1705/2973 3341/1704/2972
f 3298/1708/2976 3379/1707/2977 3360/1709/2978
f 3298/1708/2976 3360/1709/2978 3314/1710/2979
s 0
f 3314/1710/2980 3360/1709/2981 3283/1711/2982
s 1
f 3379/1707/2977 3440/1712/2983 3360/1709/2978
f 3440/1712/2984 3341/1704/2972 3518/1713/2985
f 3440/1712/2983 3498/1679/2903 3360/1709/2978
f 3283/1711/2986 3427/1714/2987 3436/1683/2907
s 0
f 3603/1677/2988 3502/1676/2989 3501/1684/2990
s 1
f 3603/1677/2901 3501/1684/2961 3436/1683/2907
f 3498/1679/2903 3436/1683/2907 3427/1714/2987
f 3360/1709/2978 3498/1679/2903 3427/1714/2987
f 3455/1682/2906 3498/1679/2903 3440/1712/2983
f 3518/1713/2985 3341/1704/2972 3428/1715/2991
f 3428/1715/2991 3341/1704/2972 3332/1716/2992
f 3332/1716/2992 3507/1717/2993 3428/1715/2991
f 3413/1718/2994 3507/1717/2993 3332/1716/2992
f 3476/1719/2995 3507/1717/2993 3413/1718/2994
s 0
f 3435/1720/2996 3517/1721/2997 3513/1722/2998
s 1
f 3517/1721/2999 3317/1723/3000 3521/1724/3001
s 0
f 3317/1723/3002 3517/1721/3003 3419/1725/3004
s 1
f 3517/1721/3005 3435/1720/3006 3419/1725/3007
s 0
f 3317/1723/3008 3419/1725/3009 3366/1726/3010
f 3317/1723/3011 3366/1726/3012 3232/1727/3013
s 1
f 3292/1728/3014 3366/1726/3015 3338/1729/3016
f 3324/1730/3017 3292/1731/3014 3338/1729/3016
f 3292/1731/3014 3324/1730/3017 3259/1732/3018
f 3259/1732/3018 3324/1730/3017 3319/1706/2974
f 3319/1706/2974 3324/1730/3017 3332/1716/2992
f 3341/1704/2972 3319/1706/2974 3332/1716/2992
f 3717/1733/3019 3746/1734/3020 3737/1735/3021
f 3746/1734/3020 3717/1733/3019 3660/1736/3022
s 0
f 3801/1737/3023 3736/1738/3024 3737/1735/3025
s 1
f 3737/1735/3021 3746/1734/3020 3795/1739/3026
s 0
f 3737/1735/3027 3795/1739/3028 3801/1737/3029
f 3801/1737/3030 3768/1740/3031 3736/1738/3032
f 3730/1741/3033 3736/1738/3034 3768/1740/3035
s 1
f 3745/1742/3036 3768/1740/3037 3791/1743/3038
f 3767/1744/3039 3791/1743/3038 3860/1745/3040
f 3844/1746/3041 3791/1743/3038 3768/1740/3037
f 3844/1746/3041 3768/1740/3037 3801/1737/3042
f 3791/1743/3038 3844/1746/3041 3859/1747/3043
f 3795/1739/3026 3746/1734/3020 3807/1748/3044
s 0
f 3751/1749/3045 3807/1748/3046 3746/1734/3047
s 1
f 3807/1748/3048 3751/1749/3049 3828/1750/3050
s 0
f 3828/1750/3051 3751/1749/3052 3827/1751/3053
f 3807/1748/3054 3828/1750/3055 3877/1752/3056
s 1
f 3850/1753/3057 3828/1750/3058 3827/1751/3059
f 3828/1750/3058 3850/1753/3057 3877/1752/3060
f 3895/1754/3061 3892/1755/3062 3977/1756/3063
f 3993/1757/3064 3886/1758/3065 3877/1752/3060
f 3886/1758/3065 3993/1757/3064 3892/1755/3066
s 0
f 3892/1755/3067 3993/1757/3068 4002/1759/3069
s 1
f 3892/1755/3062 4002/1759/3070 3977/1756/3063
f 3895/1754/3071 3955/1760/3072 3918/1761/3073
s 0
f 3955/1760/3074 3895/1754/3075 3977/1756/3076
s 1
f 3948/1762/3077 3993/1757/3064 3877/1752/3060
f 3850/1753/3057 3948/1762/3077 3877/1752/3060
f 3879/1763/3078 3850/1753/3057 3827/1751/3059
s 0
f 3890/1764/3079 3822/1765/3080 3743/1766/3081
s 1
f 3822/1765/3082 3827/1751/3083 3743/1766/3084
f 3926/1767/3085 3890/1764/3086 3743/1766/3084
f 3743/1766/3084 3756/1768/3087 3926/1767/3085
f 3926/1767/3085 3756/1768/3087 3813/1769/3088
f 3926/1767/3085 3813/1769/3088 3922/1770/3089
s 0
f 3926/1767/3090 3982/1771/3091 3890/1764/3092
f 3982/1771/3093 3946/1772/3094 3879/1763/3095
s 1
f 3879/1763/3096 3946/1772/3097 3913/1773/3098
s 0
f 3982/1771/3099 3879/1763/3100 3890/1764/3101
f 3890/1764/3102 3879/1763/3103 3822/1765/3104
f 3822/1765/3105 3879/1763/3106 3827/1751/3107
f 3751/1749/3108 3660/1736/3109 3697/1774/3110
s 1
f 3743/1766/3084 3667/1775/3111 3683/1776/3112
f 3697/1774/3113 3667/1775/3111 3827/1751/3083
f 3827/1751/3083 3751/1749/3114 3697/1774/3113
f 3743/1766/3084 3827/1751/3083 3667/1775/3111
s 0
f 3746/1734/3115 3660/1736/3116 3751/1749/3117
f 4030/1777/3118 3913/1773/3119 4003/1778/3120
s 1
f 3946/1772/3097 4003/1778/3121 3913/1773/3098
s 0
f 3982/1771/3122 3926/1767/3123 3958/1779/3124
f 4003/1778/3125 3946/1772/3126 4037/1780/3127
s 1
f 4008/1781/3128 3946/1772/3129 3982/1771/3130
s 0
f 4007/1782/3131 4008/1781/3132 3982/1771/3133
f 4007/1782/3134 3982/1771/3135 3958/1779/3136
s 1
f 3981/1783/3137 3958/1779/3138 3926/1767/3139
s 0
f 3926/1767/3140 3922/1770/3141 3981/1783/3142
s 1
f 3981/1783/3143 3922/1770/3144 3927/1784/3145
s 0
f 3981/1783/3146 3927/1784/3147 3911/1785/3148
s 1
f 3911/1785/3149 3927/1784/3150 3891/1786/3151
f 3911/1785/3149 3891/1786/3151 3905/1787/3152
f 3905/1787/3152 3891/1786/3151 3824/1788/3153
f 3891/1786/3151 3790/1789/3154 3824/1788/3153
s 0
f 3813/1769/3155 3891/1786/3156 3922/1770/3157
f 3922/1770/3158 3891/1786/3159 3927/1784/3160
f 3850/1753/3161 4030/1777/3162 3948/1762/3163
f 4030/1777/3164 3850/1753/3165 3913/1773/3166
f 3913/1773/3167 3850/1753/3168 3879/1763/3169
f 4212/1790/3170 4215/1791/3171 4204/1792/3172
s 1
f 4310/1793/3173 4212/1790/3174 4204/1792/3175
f 4200/1794/3176 4197/1795/3177 4120/1796/3178
s 0
f 4197/1795/3179 4310/1793/3180 4148/1797/3181
s 1
f 4158/1798/3182 4197/1795/3177 4008/1799/3183
s 0
f 4008/1799/3184 4197/1795/3185 4148/1797/3186
s 1
f 4120/1796/3178 4068/1800/3187 4061/1801/3188
s 0
f 4161/1802/3189 4108/1803/3190 4075/1804/3191
s 1
f 4146/1805/3192 4075/1804/3193 3997/1806/3194
f 4146/1805/3192 3997/1806/3194 4106/1807/3195
s 0
f 4089/1808/3196 4028/1809/3197 4013/1810/3198
s 1
f 4028/1809/3199 4089/1808/3200 4053/1811/3201
s 0
f 4165/1812/3202 4052/1813/3203 4107/1814/3204
f 4165/1812/3205 4107/1814/3206 4181/1815/3207
f 4181/1815/3208 4107/1814/3209 4182/1816/3210
s 1
f 4182/1816/3211 4107/1814/3212 4053/1811/3201
f 4182/1816/3211 4053/1811/3201 4089/1808/3200
f 4089/1808/3213 4013/1810/3214 4088/1817/3215
f 4088/1817/3215 4013/1810/3214 4095/1818/3216
f 3968/1819/3217 4080/1820/3218 4095/1818/3216
s 0
f 4080/1820/3219 3987/1821/3220 4179/1822/3221
f 4112/1823/3222 4179/1822/3223 3987/1821/3224
f 4043/1824/3225 4112/1823/3226 4081/1825/3227
s 1
f 4112/1823/3228 4049/1826/3229 4081/1825/3230
f 4049/1826/3229 4112/1823/3228 3987/1821/3231
s 0
f 4043/1824/3232 4082/1827/3233 4150/1828/3234
f 4041/1829/3235 4150/1828/3236 4082/1827/3237
s 1
f 4041/1829/3238 4126/1830/3239 4207/1831/3240
s 0
f 4207/1831/3241 4209/1832/3242 4150/1828/3243
f 4207/1831/3244 4254/1833/3245 4209/1832/3246
f 4209/1832/3247 4254/1833/3248 4300/1834/3249
f 4209/1832/3250 4300/1834/3251 4313/1835/3252
f 4294/1836/3253 4427/1837/3254 4385/1838/3255
f 4294/1836/3256 4409/1839/3257 4427/1837/3258
s 1
f 4427/1837/3259 4498/1840/3260 4497/1841/3261
s 0
f 4498/1840/3262 4493/1842/3263 4497/1841/3264
s 1
f 4429/1843/3265 4427/1837/3259 4497/1841/3261
f 4294/1836/3266 4385/1838/3267 4300/1834/3268
s 0
f 4385/1838/3269 4313/1835/3270 4300/1834/3271
f 4313/1835/3272 4385/1838/3273 4394/1844/3274
f 4319/1845/3275 4313/1835/3276 4394/1844/3277
s 1
f 4286/1846/3278 4319/1845/3279 4261/1847/3280
s 0
f 4313/1835/3281 4319/1845/3282 4286/1846/3282
s 1
f 4154/1848/3283 4286/1846/3278 4261/1847/3280
f 4261/1847/3284 4290/1849/3285 4186/1850/3286
f 4286/1846/3278 4154/1848/3283 4313/1835/3287
s 0
f 4154/1848/3288 4160/1851/3289 4313/1835/3290
f 4160/1851/3291 4209/1832/3292 4313/1835/3293
s 1
f 4293/1852/3294 4220/1853/3295 4243/1854/3296
f 4293/1852/3294 4243/1854/3296 4262/1855/3297
s 0
f 4262/1855/3298 4243/1854/3299 4257/1856/3299
f 4257/1856/3300 4243/1854/3301 4215/1791/3301
s 1
f 4262/1855/3297 4347/1857/3302 4293/1852/3294
s 0
f 4293/1852/3303 4347/1857/3304 4333/1858/3305
s 1
f 4376/1859/3306 4373/1860/3307 4333/1858/3308
f 4373/1860/3307 4465/1861/3309 4311/1862/3310
f 4465/1861/3309 4373/1860/3307 4464/1863/3311
f 4464/1863/3311 4373/1860/3307 4376/1859/3306
f 4309/1864/3312 4466/1865/3313 4406/1866/3314
f 4309/1864/3312 4406/1866/3314 4387/1867/3315
f 4388/1868/3316 4309/1864/3312 4387/1867/3315
f 4388/1868/3317 4410/1869/3318 4374/1870/3319
s 0
f 4410/1869/3320 4388/1868/3321 4387/1867/3322
s 1
f 4410/1869/3318 4387/1867/3323 4438/1871/3324
f 4395/1872/3325 4374/1870/3319 4410/1869/3318
f 4375/1873/3326 4374/1870/3319 4395/1872/3325
s 0
f 4374/1870/3327 4320/1874/3328 4388/1868/3329
s 1
f 4320/1874/3330 4374/1870/3319 4375/1873/3326
f 4375/1873/3326 4395/1872/3325 4391/1875/3331
f 4388/1868/3316 4320/1874/3330 4231/1876/3332
f 4309/1864/3312 4388/1868/3316 4231/1876/3332
f 4233/1877/3333 4309/1864/3312 4231/1876/3332
f 4225/1878/3334 4320/1874/3330 4280/1879/3335
f 4320/1874/3330 4225/1878/3334 4231/1876/3332
s 0
f 4170/1880/3336 4231/1876/3337 4171/1881/3338
s 1
f 4171/1881/3339 4231/1876/3332 4225/1878/3334
f 4171/1881/3339 4225/1878/3334 4211/1882/3340
f 4170/1880/3341 4171/1881/3342 4219/1883/3343
s 0
f 4171/1881/3344 4211/1882/3345 4121/1884/3346
s 1
f 4211/1882/3340 4223/1885/3347 4121/1884/3348
f 4251/1886/3349 4250/1887/3350 4168/1888/3351
f 4250/1887/3350 4251/1886/3349 4389/1889/3352
f 4251/1886/3349 4168/1888/3351 4223/1885/3347
f 4251/1886/3349 4223/1885/3347 4280/1879/3335
f 4223/1885/3347 4211/1882/3340 4225/1878/3334
f 4225/1878/3334 4280/1879/3335 4223/1885/3347
f 4280/1879/3335 4320/1874/3330 4375/1873/3326
f 4280/1879/3335 4375/1873/3326 4251/1886/3349
f 4375/1873/3326 4346/1890/3353 4251/1886/3349
f 4389/1889/3352 4251/1886/3349 4346/1890/3353
s 0
f 4301/1891/3354 4250/1887/3355 4389/1889/3356
s 1
f 4250/1887/3357 4301/1891/3358 4229/1892/3359
f 4229/1892/3359 4301/1891/3358 4274/1893/3360
f 4229/1892/3359 4274/1893/3360 4155/1894/3361
f 4218/1895/3362 4091/1896/3363 4155/1894/3361
f 4155/1894/3361 4091/1896/3363 4097/1897/3364
f 4155/1894/3361 4097/1897/3364 4229/1892/3359
s 0
f 4091/1896/3365 4218/1895/3366 4163/1898/3367
f 4247/1899/3368 4162/1900/3369 4163/1898/3370
s 1
f 4247/1899/3371 4210/1901/3372 4162/1900/3373
f 4119/1902/3374 4162/1900/3373 4210/1901/3372
s 0
f 4162/1900/3375 4128/1903/3376 4163/1898/3377
f 4163/1898/3378 4128/1903/3379 4091/1896/3380
s 1
f 4128/1903/3381 4034/1904/3382 4091/1896/3363
f 4091/1896/3363 4077/1905/3383 4097/1897/3364
s 0
f 4229/1892/3384 4060/1906/3385 4250/1887/3386
s 1
f 4168/1888/3351 4060/1906/3387 4087/1907/3388
f 4229/1892/3359 4097/1897/3364 4055/1908/3389
s 0
f 4257/1856/3390 4215/1791/3391 4212/1790/3392
f 4305/1909/3393 4310/1793/3394 4197/1795/3395
f 4200/1794/3396 4305/1909/3397 4197/1795/3398
s 1
f 4120/1796/3178 4197/1795/3177 4158/1798/3182
f 4188/1910/3399 4061/1801/3188 4127/1911/3400
f 4061/1801/3188 4188/1910/3399 4200/1794/3176
f 4200/1794/3176 4120/1796/3178 4061/1801/3188
s 0
f 4316/1912/3401 4257/1856/3402 4212/1790/3403
s 1
f 4200/1794/3176 4188/1910/3399 4332/1913/3404
s 0
f 4200/1794/3405 4278/1914/3406 4305/1909/3407
s 1
f 4212/1790/3174 4310/1793/3173 4316/1912/3408
f 4316/1912/3408 4310/1793/3173 4383/1915/3409
f 4383/1915/3409 4310/1793/3173 4305/1909/3410
f 4332/1913/3404 4278/1914/3411 4200/1794/3176
s 0
f 4188/1910/3412 4201/1916/3413 4332/1913/3414
f 4201/1916/3415 4235/1917/3416 4325/1918/3417
s 1
f 4201/1916/3418 4325/1918/3419 4332/1913/3420
s 0
f 4235/1917/3421 4241/1919/3422 4365/1920/3422
s 1
f 4235/1917/3423 4357/1921/3424 4325/1918/3425
s 0
f 4278/1914/3426 4364/1922/3427 4305/1909/3428
f 4364/1922/3429 4278/1914/3430 4446/1923/3431
f 4278/1914/3432 4332/1913/3433 4446/1923/3434
s 1
f 4448/1924/3435 4446/1923/3436 4332/1913/3437
f 4448/1924/3435 4332/1913/3437 4451/1925/3438
s 0
f 4332/1913/3439 4325/1918/3440 4451/1925/2942
f 4440/1926/3441 4325/1918/3442 4401/1927/3443
s 1
f 4401/1927/3444 4325/1918/3425 4357/1921/3424
f 4325/1918/3445 4440/1926/3446 4451/1925/3447
f 4401/1927/3444 4357/1921/3424 4485/1928/3448
s 0
f 4451/1925/3449 4401/1927/3449 4441/1929/3449
f 4441/1929/3450 4401/1927/3450 4455/1930/3450
f 4451/1925/3451 4441/1929/3451 4446/1923/3451
f 4448/1924/3452 4451/1925/3452 4446/1923/3452
s 1
f 4401/1927/3453 4451/1925/3447 4440/1926/3446
s 0
f 4441/1929/3454 4408/1931/3455 4446/1923/3456
s 1
f 4408/1931/3457 4364/1922/3458 4446/1923/3459
f 4393/1932/3460 4408/1931/3457 4403/1933/3461
s 0
f 4493/1842/3462 4490/1934/3462 4495/1935/3462
f 4407/1936/3463 4464/1863/3464 4376/1859/3465
f 4376/1859/3466 4347/1857/3467 4407/1936/3468
s 1
f 4376/1859/3306 4333/1858/3308 4347/1857/3469
s 0
f 4369/1937/3470 4340/1938/3471 4390/1939/3472
s 1
f 4369/1937/3473 4390/1939/3474 4347/1857/3302
f 4347/1857/3302 4390/1939/3474 4407/1936/3475
s 0
f 4407/1936/3476 4390/1939/3477 4408/1931/3476
f 4407/1936/3478 4408/1931/3478 4441/1929/3478
f 4464/1863/3479 4407/1936/3479 4441/1929/3479
s 1
f 4408/1931/3457 4390/1939/3480 4403/1933/3461
f 4390/1939/3480 4340/1938/3481 4403/1933/3461
f 4403/1933/3461 4340/1938/3481 4393/1932/3460
f 4347/1857/3302 4262/1855/3297 4369/1937/3473
s 0
f 4369/1937/3482 4262/1855/3483 4257/1856/3484
f 4369/1937/3485 4257/1856/3486 4340/1938/3487
f 4316/1912/3488 4340/1938/3489 4257/1856/3490
f 4340/1938/3491 4316/1912/3492 4393/1932/3493
s 1
f 4305/1909/3410 4364/1922/3458 4383/1915/3409
f 4316/1912/3408 4383/1915/3409 4393/1932/3460
f 4408/1931/3457 4393/1932/3460 4383/1915/3409
f 4408/1931/3457 4383/1915/3409 4364/1922/3458
f 1913/726/1176 1696/694/1175 1849/700/1146
f 1913/726/1176 1964/896/1742 1865/725/1173
f 1977/1940/3494 1964/896/1742 1913/726/1176
f 1913/726/1176 1849/700/1146 1977/1940/3494
f 1964/896/1742 1977/1940/3494 2065/1941/3495
f 1964/896/1742 2065/1941/3495 2190/897/1513
f 2190/897/1513 2065/1941/3495 2213/1061/1743
f 2213/1061/1743 2065/1941/3495 2162/1942/3496
f 2213/1061/1743 2162/1942/3496 2321/1063/1745
f 2162/1942/3496 2225/1943/3497 2321/1063/1745
f 2225/1943/3497 2162/1942/3496 2146/1944/3498
f 2172/1945/3499 2225/1943/3497 2146/1944/3498
f 2162/1942/3496 2065/1941/3495 2146/1944/3498
f 2065/1941/3495 1957/1946/3500 2146/1944/3498
f 2146/1944/3498 1957/1946/3500 2172/1945/3499
f 2065/1941/3495 1977/1940/3494 1957/1946/3500
f 1977/1940/3494 1849/700/1146 1957/1946/3500
f 1957/1946/3500 1849/700/1146 1847/699/1071
f 1957/1946/3500 1847/699/1071 1960/704/1147
f 1957/1946/3500 1960/704/1147 2172/1945/3499
f 2172/1945/3499 1960/704/1147 2053/1947/3501
f 2053/1947/3501 1960/704/1147 1995/716/1153
f 2053/1947/3501 1995/716/1153 1996/715/1152
f 1996/715/1152 2099/1948/3502 2053/1947/3501
f 2099/1948/3502 1996/715/1152 2110/1949/3503
f 2110/1949/3503 1996/715/1152 2004/710/1149
f 2004/710/1149 2007/707/1148 2110/1949/3503
f 2007/707/1148 2023/714/1151 2111/1950/3504
f 2007/707/1148 2111/1950/3504 2110/1949/3503
f 2111/1950/3504 2023/714/1151 2116/1951/3505
f 2064/1952/812 1946/1953/1047 2058/1954/807
f 1984/711/1150 1946/1953/1047 2064/1952/812
f 1984/711/1150 2064/1952/812 2158/1955/3506
s 0
f 2064/1952/3507 2052/1956/3508 2147/1957/3507
s 1
f 2064/1952/812 2147/1957/3509 2278/1074/1757
f 2064/1952/812 2278/1074/1757 2158/1955/3506
s 0
f 2116/1951/3510 2023/714/3511 1984/711/3512
s 1
f 2111/1950/3504 2116/1951/3505 2122/1958/3513
f 2172/1945/3499 2053/1947/3501 2267/1959/3514
f 2267/1959/3514 2053/1947/3501 2099/1948/3502
f 2288/1960/3515 2225/1943/3497 2172/1945/3499
f 2099/1948/3502 2198/1961/3516 2267/1959/3514
f 2099/1948/3502 2110/1949/3503 2198/1961/3516
f 2254/1962/3517 2110/1949/3503 2111/1950/3504
f 2254/1962/3517 2111/1950/3504 2122/1958/3513
f 2122/1958/3513 2116/1951/3505 2227/1963/3518
f 2227/1963/3518 2116/1951/3505 2145/1964/3519
f 2145/1964/3519 2116/1951/3505 1984/711/1150
f 2145/1964/3519 1984/711/1150 2158/1955/3506
s 0
f 2147/1957/3520 2204/1965/3521 2278/1074/3522
s 1
f 2306/1966/417 2357/1967/420 2347/1968/795
f 2347/1968/795 2357/1967/420 2428/1969/3523
s 0
f 2347/1968/3524 2413/1075/3525 2204/1965/3526
s 1
f 2347/1968/795 2427/1076/1759 2413/1075/1758
f 2204/1965/3527 2413/1075/1758 2341/1071/1754
f 2278/1074/1757 2204/1965/3527 2341/1071/1754
f 2278/1074/1757 2322/1073/1756 2388/1072/1755
f 2158/1955/3506 2278/1074/1757 2388/1072/1755
f 2145/1964/3519 2158/1955/3506 2388/1072/1755
f 2388/1072/1755 2300/1970/3528 2145/1964/3519
f 2145/1964/3519 2300/1970/3528 2227/1963/3518
f 2292/1971/3529 2227/1963/3518 2300/1970/3528
f 2292/1971/3529 2254/1962/3517 2227/1963/3518
f 2254/1962/3517 2292/1971/3529 2281/1972/3530
f 2227/1963/3518 2254/1962/3517 2122/1958/3513
f 2267/1959/3514 2198/1961/3516 2279/1973/3531
f 2198/1961/3516 2110/1949/3503 2279/1973/3531
f 2110/1949/3503 2254/1962/3517 2274/1974/3532
f 2110/1949/3503 2274/1974/3532 2279/1973/3531
f 2254/1962/3517 2281/1972/3530 2274/1974/3532
f 2267/1959/3514 2288/1960/3515 2172/1945/3499
f 2288/1960/3515 2267/1959/3514 2279/1973/3531
f 2321/1063/1745 2225/1943/3497 2410/1064/1746
f 2410/1064/1746 2225/1943/3497 2288/1960/3515
f 2279/1973/3531 2274/1974/3532 2391/1067/1750
f 2274/1974/3532 2281/1972/3530 2355/1068/1751
f 2355/1068/1751 2281/1972/3530 2292/1971/3529
f 2300/1970/3528 2388/1072/1755 2397/922/1545
f 2378/1069/1752 2300/1970/3528 2397/922/1545
f 2300/1970/3528 2378/1069/1752 2292/1971/3529
f 2292/1971/3529 2378/1069/1752 2355/1068/1751
f 2355/1068/1751 2386/919/1542 2391/1067/1750
f 2355/1068/1751 2391/1067/1750 2274/1974/3532
f 2391/1067/1750 2405/1066/1749 2279/1973/3531
f 2405/1066/1749 2391/1067/1750 2450/1065/1748
f 2288/1960/3515 2279/1973/3531 2405/1066/1749
f 2288/1960/3515 2405/1066/1749 2410/1064/1746
s 0
f 2410/1064/3533 2405/1066/3534 2458/905/3535
s 1
f 2410/1064/1746 2458/905/1747 2370/898/1514
f 543/1239/2082 553/1975/3536 513/1140/1862
f 513/1140/1862 553/1975/3536 561/1976/3537
f 543/1239/2082 513/1140/1862 479/1138/3538
s 0
f 582/1238/3539 543/1239/3540 467/1132/3541
f 543/1239/3542 479/1138/3543 467/1132/3544
f 582/1238/3545 467/1132/3546 453/1131/3547
f 556/1236/3548 453/1131/3549 466/1237/3550
s 1
f 486/1231/2077 567/1235/2076 466/1237/2079
f 486/1231/2077 466/1237/2079 395/1127/1836
s 0
f 453/1131/3551 408/1133/3552 466/1237/3553
s 1
f 466/1237/2079 408/1133/1852 395/1127/1836
s 0
f 486/1231/3554 395/1127/3555 377/1129/3556
s 1
f 377/1129/3557 371/1228/2055 435/1229/2061
f 645/1240/2084 553/1975/3536 543/1239/2082
s 0
f 553/1975/3558 645/1240/3559 627/1977/3560
f 645/1240/3561 582/1238/3562 646/1978/3563
s 1
f 646/1978/3564 582/1238/2081 556/1236/2078
f 556/1236/2078 567/1235/2076 692/1979/3565
f 567/1235/2076 641/1247/2095 692/1979/3565
f 692/1979/3565 646/1978/3564 556/1236/2078
f 645/1240/3566 646/1978/3564 739/1980/3567
f 645/1240/3566 679/1981/3568 627/1977/3569
f 651/1982/3570 627/1977/3569 747/1983/3571
f 627/1977/3569 561/1976/3537 553/1975/3536
f 561/1976/3537 627/1977/3569 651/1982/3570
f 626/1984/3572 719/1985/3573 595/1173/1926
f 626/1984/3572 595/1173/1926 549/1986/3574
s 0
f 549/1986/3575 595/1173/3576 512/1174/3577
s 1
f 595/1173/1926 719/1985/3573 643/1172/1922
f 643/1172/1922 719/1985/3573 712/1987/3578
f 712/1987/3578 686/1988/3579 643/1172/1922
f 643/1172/1922 686/1988/3579 729/1171/1921
f 658/1169/1916 710/1989/3580 587/1163/1906
f 587/1163/1906 710/1989/3580 669/1990/3581
s 0
f 587/1163/3582 669/1990/3583 603/1991/3584
s 1
f 673/1992/3585 647/1993/3586 603/1991/3587
f 603/1991/3587 647/1993/3586 560/1994/3588
s 0
f 560/1994/3589 647/1993/3590 481/1995/3591
s 1
f 628/1996/3592 647/1993/3593 660/1997/3594
s 0
f 630/1998/3595 655/1999/3596 635/2000/3597
f 635/2000/3598 652/2001/3599 575/2002/3600
f 635/2000/3601 575/2002/3602 608/2003/3603
s 1
f 630/1998/3604 635/2000/3605 608/2003/3606
f 555/2004/3607 608/2003/3606 575/2005/3608
f 555/2004/3607 575/2005/3608 564/2006/3609
f 608/2003/3606 555/2004/3607 630/1998/3604
f 630/1998/3604 555/2004/3607 579/2007/3610
s 0
f 579/2007/3611 555/2004/3612 514/2008/3613
f 514/2008/3614 555/2004/3615 472/2009/3616
f 472/2009/3617 375/1189/3618 514/2008/3619
f 514/2008/3620 375/1189/3621 488/2010/3622
f 472/2009/3623 364/1190/3624 375/1189/3625
s 1
f 449/2011/3626 418/1198/1993 392/1183/1965
f 449/2011/3626 392/1183/1965 443/1182/1964
f 548/2012/3627 549/1986/3574 437/1143/1867
f 548/2012/3627 513/1140/1862 561/1976/3537
s 0
f 367/1137/3628 479/1138/3629 513/1140/3630
s 1
f 513/1140/1862 548/2012/3627 442/1139/1860
f 442/1139/1860 548/2012/3627 447/1141/3631
f 548/2012/3627 437/1143/1867 447/1141/3631
s 0
f 410/1145/3632 455/1144/3633 512/1174/3634
s 1
f 455/1144/1868 549/1986/3574 512/1174/3635
f 549/1986/3574 455/1144/1868 437/1143/1867
f 595/1173/3636 501/1170/1920 512/1174/1927
f 467/1132/3637 479/1138/1859 396/1135/1855
f 396/1135/1855 362/1134/1857 467/1132/3637
s 0
f 280/1332/3638 282/1331/3639 210/1427/3640
f 280/1332/3641 210/1427/3642 172/1335/3643
s 1
f 282/1331/3644 285/1361/3645 210/1427/2364
f 210/1427/2364 285/1361/3645 238/1360/3646
f 154/1428/2365 210/1427/2364 238/1360/3646
f 14/1341/2241 3065/1373/2295 3058/1372/2294
f 3041/2013/3647 3061/1347/2253 79/1344/2248
f 3041/2013/3647 79/1344/2248 55/1343/2250
f 3058/1372/3648 3041/2013/3647 55/1343/2250
s 0
f 3058/1372/3649 55/1343/3650 61/1339/3651
f 3041/2014/3652 3058/2015/3653 3135/1541/3654
s 1
f 3187/1533/2583 3041/2014/3655 3135/1541/2602
f 3148/1536/2603 3135/1541/2602 3058/2015/2294
f 3041/2014/3655 3187/1533/2583 3158/1532/3656
f 3065/1466/2295 3148/1536/2603 3058/2015/2294
f 3065/1466/2295 3191/1488/2507 3148/1536/2603
f 3191/1488/2507 3065/1466/2295 3087/1464/2462
f 3200/1556/2662 3151/1558/2664 3236/1555/3657
f 3246/2016/3658 3236/1555/3657 3151/1558/2664
f 3236/1555/3657 3246/2016/3658 3301/2017/3659
s 0
f 3236/1555/3660 3301/2017/3661 3380/1554/3662
s 1
f 3320/2018/3663 3301/2017/3659 3246/2016/3658
s 0
f 3246/2016/3664 3266/2019/3665 3346/2020/3666
f 3266/2019/3667 3246/2016/3668 3164/2021/3669
s 1
f 3164/2021/3670 3246/2016/3658 3151/1558/2664
f 3151/1558/2664 3139/1472/2482 3164/2021/3670
s 0
f 3104/1477/3671 3164/2021/3672 3072/1471/3673
s 1
f 3132/2022/3674 3080/1482/2491 3057/1481/2490
f 3100/2023/3675 3019/2024/3676 56/2025/3677
s 0
f 3301/2026/3678 3307/2027/3679 3380/1561/3680
f 3301/2026/3681 3320/2028/3682 3361/2029/3683
s 1
f 3307/2027/3684 3301/2026/3685 3361/2029/3686
s 0
f 3395/2030/3687 3307/2027/3688 3361/2029/3689
s 1
f 3307/2027/3690 3395/2030/3691 3380/1561/3692
f 3380/1561/3692 3395/2030/3691 3445/1562/3693
s 0
f 3352/1560/3694 3445/1562/3695 3407/1564/3696
s 1
f 3395/2030/3691 3361/2029/3697 3438/1626/2777
f 3361/2029/3697 3404/2031/3698 3438/1626/2777
f 3375/1563/2683 3407/1564/2786 3387/1565/2684
f 3387/1565/2684 3407/1564/2786 3429/1594/3699
f 3407/1564/2786 3503/1592/2785 3429/1594/3699
f 3527/1593/2718 3439/1572/3700 3429/1594/3699
f 3387/1565/2684 3429/1594/3699 3439/1572/3700
f 3464/1569/2717 3439/1572/3700 3527/1593/2718
f 3464/1569/2717 3510/1595/2719 3418/1596/2720
f 3478/1597/2721 3418/1596/2720 3510/1595/2719
f 3418/1596/2720 3493/1598/2722 3355/1573/2698
s 0
f 3355/1573/3701 3493/1598/3702 3480/1600/3703
s 1
f 3418/1596/2720 3355/1573/2698 3362/2032/3704
f 3354/1575/2630 3480/1600/3705 3378/2033/2631
s 0
f 3362/2032/3706 3464/1569/3707 3418/1596/3708
s 1
f 3509/1625/2776 3395/2030/3691 3438/1626/2777
f 3551/1591/3709 3445/1562/3693 3509/1625/2776
f 3509/1625/2776 3445/1562/3693 3395/2030/3691
s 0
f 3479/1653/3710 3404/2031/3711 3393/1694/3712
s 1
f 3404/2031/3698 3361/2029/3697 3320/2028/3663
f 3393/1694/3713 3404/2031/3698 3320/2028/3663
f 3320/2028/3663 3346/2034/3714 3393/1694/3713
s 0
f 3356/1695/3715 3393/1694/3716 3346/2034/3717
f 3266/2035/3718 3277/2036/3719 3356/1695/3720
f 3266/2035/3721 3356/1695/3722 3346/2034/3723
s 1
f 3246/2037/3658 3346/2034/3714 3320/2028/3663
f 3660/1657/3724 3640/1644/2834 3630/1645/2835
f 3660/1657/3724 3630/1645/2835 3697/2038/3113
f 3667/1646/3111 3697/2038/3113 3630/1645/2835
f 3859/1747/3043 3860/1745/3040 3791/1743/3038
f 3767/1744/3039 3860/1745/3040 3821/2039/3725
s 0
f 3767/1744/3726 3821/2039/3727 3788/2040/3728
s 1
f 3821/2039/3725 3747/2041/3729 3788/2040/3730
s 0
f 3735/2042/3731 3791/1743/3732 3767/1744/3733
s 1
f 3791/1743/3038 3735/2042/2874 3745/1742/3036
f 3788/2040/3730 3676/2043/3734 3767/1744/3735
f 3788/2040/3730 3747/2041/3729 3718/2044/3736
f 3747/2041/3729 3821/2039/3725 3885/2045/3737
f 3747/2041/3729 3885/2045/3737 3849/2046/3738
f 3849/2046/3738 3900/2047/3739 3812/2048/3740
f 3668/2049/3741 3849/2046/3738 3812/2048/3740
s 0
f 3711/2050/3742 3912/2051/3743 3780/2052/3744
s 1
f 3780/2052/3745 3912/2051/3746 3931/2053/3747
f 3780/2052/3745 3931/2053/3747 3789/2054/3748
f 3711/2050/3749 3812/2048/3740 3912/2051/3750
f 3912/2051/3750 3812/2048/3740 3900/2047/3739
f 3849/2046/3738 3885/2045/3737 3949/2055/3751
f 3963/2056/3752 3885/2045/3737 3821/2039/3725
f 3885/2045/3737 3963/2056/3752 4029/2057/3753
f 3821/2039/3725 3861/2058/3754 3963/2056/3752
f 3859/1747/3043 3861/2058/3754 3860/1745/3040
f 3860/1745/3040 3861/2058/3754 3821/2039/3725
s 0
f 3801/1737/3755 3795/1739/3756 3892/1755/3757
f 3892/1755/3758 3844/1746/3759 3801/1737/3760
s 1
f 3844/1746/3041 3895/1754/3071 3859/1747/3043
s 0
f 3892/1755/3761 3895/1754/3762 3844/1746/3763
s 1
f 3859/1747/3043 3895/1754/3071 3918/1761/3073
s 0
f 3859/1747/3764 3918/1761/3765 3861/2058/3766
f 4002/1759/3767 4109/2059/3768 3977/1756/3769
s 1
f 3977/1756/3770 4109/2059/3771 4070/2060/3772
s 0
f 4002/1759/3773 4083/2061/3774 4109/2059/3775
s 1
f 4070/2060/3772 3986/2062/3776 3977/1756/3770
f 3962/2063/3777 3986/2062/3776 4070/2060/3772
f 3955/1760/3778 3986/2062/3776 3962/2063/3777
f 3986/2062/3776 3955/1760/3778 3977/1756/3770
s 0
f 3918/1761/3779 3955/1760/3780 3962/2063/3781
f 3861/2058/3782 3918/1761/3783 3962/2063/3784
f 3861/2058/3785 3962/2063/3786 3963/2056/3787
s 1
f 3900/2047/3739 3849/2046/3738 3957/2064/3788
f 3957/2064/3788 3849/2046/3738 3949/2055/3751
f 3957/2064/3788 3923/2065/3789 3900/2047/3739
f 3912/2051/3750 3900/2047/3739 3923/2065/3789
s 0
f 3912/2051/3790 3923/2065/3791 3931/2053/3792
f 3870/2066/3793 3954/2067/3794 3888/2068/3795
s 1
f 3888/2068/3796 3954/2067/3797 3925/2069/3798
s 0
f 3954/2067/3799 3870/2066/3800 3956/2070/3801
s 1
f 3956/2070/3802 3870/2066/3803 3931/2053/3747
f 3954/2067/3797 3944/2071/3804 3925/2069/3798
f 3925/2069/3798 3944/2071/3804 3947/2072/3805
f 3974/2073/3806 3878/2074/3807 3947/2072/3808
f 4034/2075/3382 3974/2073/3806 3947/2072/3808
s 0
f 4034/2075/3809 3947/2072/3810 3944/2071/3811
s 1
f 4055/2076/3389 3956/2070/3802 3966/2077/3812
f 3966/2077/3812 3923/2065/3813 4045/2078/3814
f 3966/2077/3812 3931/2053/3747 3923/2065/3813
f 3944/2071/3804 3954/2067/3797 3956/2070/3815
f 3892/1755/3066 3795/1739/3026 3886/1758/3065
f 3795/1739/3026 3807/1748/3044 3886/1758/3065
f 3886/1758/3065 3807/1748/3044 3877/1752/3060
f 4002/1759/3816 3993/1757/3817 4083/2061/3818
f 4047/2079/3819 3993/1757/3064 3948/1762/3077
f 3993/1757/3064 4047/2079/3819 4122/2080/3820
s 0
f 4083/2061/3821 3993/1757/3822 4122/2080/3823
s 1
f 4141/2081/3824 4122/2080/3820 4047/2079/3819
s 0
f 4169/2082/3825 4083/2061/3826 4122/2080/3827
s 1
f 4109/2059/3828 4083/2061/3829 4140/2083/3830
f 3962/2063/3777 4070/2060/3772 4071/2084/3831
f 4000/2085/3832 3962/2063/3777 4071/2084/3831
f 4071/2084/3831 4067/2086/3833 4000/2085/3832
f 4000/2085/3832 3963/2056/3834 3962/2063/3777
s 0
f 4000/2085/3835 4029/2057/3836 3963/2056/3837
s 1
f 3885/2045/3737 4029/2057/3753 3949/2055/3751
f 4130/2087/3838 4071/2084/3831 4070/2060/3772
f 4070/2060/3772 4109/2059/3771 4130/2087/3838
f 4130/2087/3838 4123/2088/3839 4071/2084/3831
f 4123/2088/3839 4067/2086/3833 4071/2084/3831
s 0
f 4067/2086/3840 4129/2089/3841 4000/2085/3842
s 1
f 4129/2089/3843 4101/2090/3844 4000/2085/3845
f 4029/2057/3753 4000/2085/3845 4101/2090/3844
f 4101/2090/3844 4121/2091/3348 4029/2057/3753
f 3949/2055/3751 4121/2091/3348 4069/2092/3846
f 4121/2091/3348 3949/2055/3751 4029/2057/3753
f 4045/2078/3814 4060/2093/3387 3966/2077/3812
f 3923/2065/3813 4057/2094/3847 4045/2078/3814
s 0
f 3956/2070/3848 4055/2076/3849 3944/2071/3850
s 1
f 4055/2076/3851 4077/2095/3852 3944/2071/3853
s 0
f 4077/2095/3854 4055/2076/3855 4097/2096/3856
s 1
f 4055/2076/3389 4060/2093/3387 4229/2097/3359
f 3966/2077/3812 4060/2093/3387 4055/2076/3389
s 0
f 4057/2094/3857 3949/2055/3858 4069/2092/3859
s 1
f 4087/2098/3388 4057/2094/3847 4069/2092/3846
f 4045/2078/3814 4057/2094/3847 4087/2098/3388
f 4087/2098/3388 4060/2093/3387 4045/2078/3814
f 4077/2095/3383 4091/2099/3363 4034/2075/3382
f 4034/2075/3382 4128/2100/3381 4162/2101/3860
f 4005/2102/3861 4066/2103/3862 4133/2104/3863
f 4157/2105/3864 4113/2106/3865 4076/2107/3866
f 4034/2075/3382 4162/2101/3860 3974/2073/3806
s 0
f 4077/2095/3867 4034/2075/3868 3944/2071/3869
f 4017/2108/3870 4162/2101/3871 4119/2109/3872
s 1
f 4119/2109/3374 4066/2103/3862 4017/2108/3873
s 0
f 3990/2110/3874 4005/2102/3875 4157/2105/3876
f 4076/2107/3877 4113/2106/3878 4064/2111/3879
f 4157/2105/3880 4076/2107/3881 3990/2110/3882
f 4064/2111/3883 4063/2112/3884 3936/2113/3885
f 4064/2111/3886 3936/2113/3887 3867/2114/3888
f 3936/2113/3889 3866/2115/3890 3867/2114/3891
s 1
f 3867/2114/3892 3866/2115/3893 3818/2116/3894
s 0
f 3818/2116/3895 3866/2115/3896 3695/2117/3897
s 1
f 3695/2117/3898 3866/2115/3899 3865/2118/3900
s 0
f 3749/2119/3901 3818/2116/3902 3703/2120/3903
s 1
f 3731/2121/3904 3749/2119/3905 3703/2120/3906
f 3702/2122/3907 3805/2123/3908 3731/2121/3904
f 3731/2121/3904 3703/2120/3906 3680/2124/3909
f 3702/2122/3907 3731/2121/3904 3680/2124/3909
f 3710/2125/3910 3778/2126/3911 3712/2127/3912
s 0
f 3710/2125/3913 3693/2128/3914 3789/2054/3915
s 1
f 3710/2125/3910 3789/2054/3916 3778/2126/3911
f 3789/2054/3748 3693/2128/3917 3716/2129/3918
f 3789/2054/3748 3716/2129/3918 3780/2052/3745
f 3711/2050/3749 3704/2130/3919 3812/2048/3740
f 3705/2131/3920 3784/2132/3921 3750/2133/3922
f 3750/2133/3922 3784/2132/3921 3806/2134/3923
f 3784/2132/3921 3705/2131/3920 3712/2127/3912
f 3784/2132/3921 3712/2127/3912 3811/2135/3924
s 0
f 3702/2122/3925 3806/2134/3926 3805/2123/3927
f 3806/2134/3928 3702/2122/3929 3750/2133/3930
s 1
f 4030/1777/3931 4003/1778/3932 4037/1780/3933
f 4030/1777/3931 4037/1780/3933 4047/2079/3934
s 0
f 4030/1777/3935 4047/2079/3936 3948/1762/3937
f 4047/2079/3938 4037/1780/3939 4141/2081/3940
s 1
f 4148/2136/3941 4046/2137/3942 4008/1781/3128
f 4158/2138/3182 4007/1782/3943 4068/2139/3187
s 0
f 3998/2140/3944 4059/2141/3945 4061/2142/3946
f 4061/2142/3947 4059/2141/3948 4127/2143/3949
s 1
f 4059/2141/3950 4056/2144/3951 4108/2145/3952
f 3998/2140/3953 4061/2142/3188 4068/2139/3187
f 3958/1779/3138 4068/2139/3187 4007/1782/3943
f 4056/2144/3951 4059/2141/3950 3989/2146/3954
s 0
f 4059/2141/3955 3911/1785/3956 3989/2146/3957
s 1
f 4056/2144/3951 3989/2146/3954 3995/2147/3958
f 3981/1783/3137 3998/2140/3953 3958/1779/3138
s 0
f 3981/1783/3959 3911/1785/3960 4059/2141/3961
f 3981/1783/3962 4059/2141/3963 3998/2140/3964
f 4046/2137/3965 4037/1780/3966 3946/1772/3967
s 1
f 4046/2137/3942 3946/1772/3129 4008/1781/3128
f 4068/2139/3187 3958/1779/3138 3998/2140/3953
f 4007/2148/3943 4158/1798/3182 4008/1799/3183
f 4148/1797/3941 4204/1792/3175 4046/2149/3942
s 0
f 4046/2149/3968 4204/1792/3969 4037/2150/3970
f 4141/2151/3971 4037/2150/3972 4215/1791/3973
s 1
f 4122/2152/3820 4141/2151/3824 4220/1853/3295
s 0
f 4220/1853/3974 4169/2153/3975 4122/2152/3976
f 4220/1853/3977 4267/2154/3978 4169/2153/3979
f 4169/2153/3980 4267/2154/3980 4230/2155/3981
s 1
f 4169/2153/3982 4230/2155/3983 4140/2156/3984
f 4140/2156/3985 4206/2157/3986 4130/2158/3838
f 4206/2157/3986 4196/2159/3987 4123/2160/3839
s 0
f 4196/2159/3988 4236/2161/3989 4219/1883/3990
s 1
f 4233/1877/3333 4170/1880/3341 4219/1883/3343
f 4206/2157/3986 4311/1862/3991 4236/2161/3992
s 0
f 4230/2155/3993 4311/1862/3994 4206/2157/3995
s 1
f 4206/2157/3986 4236/2161/3992 4196/2159/3987
f 4236/2161/3996 4233/1877/3333 4219/1883/3343
s 0
f 4230/2155/3997 4206/2157/3998 4140/2156/3999
f 4037/2150/4000 4204/1792/4001 4215/1791/4002
s 1
f 4204/1792/3175 4148/1797/3941 4310/1793/3173
s 0
f 4215/1791/4003 4243/1854/4004 4141/2151/4005
s 1
f 4141/2151/3824 4243/1854/3296 4220/1853/3295
s 0
f 4267/2154/4006 4293/1852/4007 4333/1858/4007
s 1
f 4267/2154/4008 4333/1858/3308 4373/1860/3307
f 4373/1860/3307 4230/2155/4009 4267/2154/4008
f 4373/1860/3307 4311/1862/3310 4230/2155/4009
s 0
f 4267/2154/4010 4220/1853/4011 4293/1852/4012
s 1
f 626/1984/3572 549/1986/3574 548/2012/3627
f 626/1984/3572 548/2012/3627 651/1982/3570
f 651/1982/3570 548/2012/3627 561/1976/3537
f 272/1207/2021 371/1228/2055 301/1128/4013
s 0
f 347/1148/4014 368/1146/4015 285/2162/4016
s 1
f 368/1146/1870 379/1142/1866 314/2163/2285
f 368/1146/1870 314/2163/2285 285/2162/4017
f 312/2164/2286 314/2163/2285 379/1142/1866
f 338/1147/1880 347/1148/1882 285/2162/3645
f 338/1147/1880 285/2162/3645 282/2165/3644
f 272/1207/2021 251/2166/2172 302/1208/2022
f 232/2167/4018 307/1211/2042 308/1224/2044
s 0
f 308/1224/4019 290/1226/4020 262/2168/4021
f 262/2168/4022 290/1226/4023 302/1208/4024
f 307/1211/4025 232/2167/4026 250/1212/4027
s 1
f 250/1212/4028 263/2169/2182 342/1210/4029
f 158/1342/4030 134/1327/4031 61/1339/4032
f 262/1306/2175 158/1342/4033 115/1326/2196
f 30/1380/2416 81/1434/2409 18/1436/2414
f 3063/1385/2312 104/1387/2311 16/1391/4034
s 0
f 16/1391/4035 104/1387/4036 144/1438/4037
s 1
f 76/1382/4038 120/1435/4039 184/1367/4040
s 0
f 140/1437/4041 120/1435/4042 81/1434/4043
s 1
f 104/1387/4044 184/1367/4045 185/1441/4046
f 33/1389/4047 169/1440/2431 71/1448/2442
f 144/1438/2429 169/1440/2431 33/1389/4047
f 71/1448/2442 46/1390/4048 33/1389/4047
f 71/1448/2442 56/2170/3677 46/1390/4048
f 3012/1392/4049 56/2170/3677 105/2171/4050
f 41/1393/2438 3012/1392/4049 105/2171/4050
s 0
f 105/2171/4051 56/2170/4051 82/1442/4052
s 1
f 82/1442/4053 56/2170/3677 71/1448/2442
s 0
f 82/1442/4054 71/1448/4055 252/1443/4056
s 1
f 105/2171/4050 82/1442/2435 173/1444/2437
f 58/1446/2440 41/1393/2438 165/1445/2439
f 41/1393/2438 105/2171/4050 173/1444/2437
f 106/2172/4057 88/2173/4058 167/1416/2357
s 0
f 106/2172/4059 167/1416/4060 146/1411/4061
f 27/2174/4062 88/2173/4063 106/2172/4064
s 1
f 94/1396/4065 28/2175/4066 106/2172/4067
f 27/2174/4068 106/2172/4067 28/2175/4066
f 88/2173/4058 27/2174/4069 34/2176/4070
s 0
f 179/1447/4071 34/2176/4072 58/1446/4073
s 1
f 34/2176/4070 179/1447/2441 88/2173/4058
s 0
f 58/1446/4074 26/1395/4075 41/1393/4076
s 1
f 58/1446/4077 34/2176/4070 26/1395/4078
s 0
f 3176/1490/4079 3158/1532/4080 3217/1528/4081
f 3438/1626/4082 3404/2031/4083 3514/1628/4084
f 3514/1628/4085 3404/2031/4086 3479/1653/4087
f 3534/1649/4088 3479/1653/4089 3511/1650/4090
f 3730/1636/4091 3768/2177/4092 3745/2178/4093
f 3730/1636/4094 3745/2178/4095 3696/1639/4096
s 1
f 3767/2179/3735 3684/1660/4097 3735/1659/2874
f 3684/1660/4097 3767/2179/3735 3676/2180/3734
f 3684/1660/4097 3676/2180/3734 3659/1661/2881
f 3735/1659/2874 3684/1660/4097 3627/1637/2811
f 3621/1605/2735 3637/1662/2882 3718/2181/3736
f 3567/1609/2745 3620/1606/2744 3599/2182/4098
f 3567/1609/2745 3599/2182/4098 3568/1614/2753
f 3599/2182/4098 3633/1618/2757 3568/1614/2753
f 3665/2183/4099 3599/2182/4098 3620/1606/2744
f 3621/1605/2735 3718/2181/3736 3620/1606/2736
f 3637/1662/2882 3659/1661/2881 3676/2180/3734
f 3637/1662/2882 3676/2180/3734 3718/2181/3736
s 0
f 3620/1606/4100 3718/2181/4101 3668/2184/4102
s 1
f 3620/1606/2744 3668/2184/4103 3665/2183/4099
s 0
f 3665/2183/4104 3668/2184/4105 3704/2185/4106
s 1
f 3704/2185/3919 3711/2186/3749 3665/2183/4107
f 3665/2183/4107 3711/2186/3749 3688/2187/4108
s 0
f 3599/2182/4109 3665/2183/4110 3633/1618/4110
s 1
f 3633/1618/2757 3688/2187/4108 3716/2188/3918
s 0
f 3688/2187/4111 3633/1618/4112 3665/2183/4113
s 1
f 3688/2187/4108 3711/2186/3749 3780/2189/3745
f 3716/2188/3918 3688/2187/4108 3780/2189/3745
s 0
f 3710/2190/4114 3712/2191/4115 3646/2192/4116
s 1
f 3712/2191/3912 3705/2193/3920 3666/2194/4117
f 3682/2195/4118 3705/2193/3920 3750/2196/3922
f 3705/2193/3920 3682/2195/4118 3666/2194/4117
f 3710/2190/4119 3646/2192/4120 3609/2197/4121
f 3693/2198/3917 3710/2190/4119 3609/2197/4121
f 3609/2197/4121 3646/2192/4120 3604/1619/2767
f 3609/2197/4121 3604/1619/2767 3598/1617/2756
f 3598/1617/2756 3716/2188/3918 3609/2197/4121
s 0
f 3639/1616/4122 3716/2188/4123 3598/1617/4124
f 3585/1620/4125 3604/1619/4126 3646/2192/4127
s 1
f 3585/1620/4128 3646/2192/4129 3666/2194/4130
f 3702/2199/3907 3580/2200/4131 3682/2195/4118
f 3682/2195/4118 3750/2196/3922 3702/2199/3907
f 3564/2201/4132 3702/2199/3907 3680/2202/3909
f 3702/2199/3907 3564/2201/4132 3580/2200/4131
f 3680/2202/3909 3553/2203/4133 3528/2204/4134
f 3680/2202/3909 3528/2204/4134 3564/2201/4132
f 3580/2200/4131 3564/2201/4132 3535/2205/4135
s 0
f 3682/2195/4136 3580/2200/4137 3530/2206/4138
f 3682/2195/4139 3531/1622/4140 3666/2194/4141
f 3666/2194/4142 3531/1622/4143 3585/1620/4144
f 3484/1623/4145 3531/1622/4146 3530/2206/4147
f 3484/1623/4148 3530/2206/4149 3463/2207/4150
s 1
f 3463/2207/4151 3530/2206/4152 3496/2208/4153
f 3496/2208/4153 3535/2205/4135 3373/2209/4154
f 3496/2208/4153 3373/2209/4154 3388/1590/2712
f 3496/2208/4153 3388/1590/2712 3463/2207/4151
f 3463/2207/4151 3388/1590/2712 3408/2210/4155
s 0
f 3463/2207/4156 3408/2210/4157 3484/1623/4158
s 1
f 3484/1623/2774 3408/2210/4155 3405/1587/2709
s 0
f 3472/1621/4159 3405/1587/4160 3399/1586/4161
s 1
f 3399/1586/2708 3405/1587/2709 3312/1585/2707
f 3313/1588/2710 3405/1587/2709 3408/2210/4155
f 3351/2211/4162 3462/2212/4163 3306/2213/4164
s 0
f 3451/2214/4165 3345/2215/4165 3347/2216/4166
s 1
f 3347/2216/4167 3306/2213/4164 3462/2212/4163
s 0
f 3451/2214/4168 3347/2216/4169 3462/2212/4170
f 3425/2217/4171 3345/2215/4172 3451/2214/4173
f 3520/2218/4174 3425/2217/4175 3451/2214/4176
s 1
f 3519/2219/4177 3451/2214/4178 3462/2212/4163
f 3519/2219/4177 3462/2212/4163 3373/2209/4154
f 3519/2219/4177 3373/2209/4154 3535/2205/4135
f 3535/2205/4135 3496/2208/4153 3530/2206/4152
s 0
f 3530/2206/4179 3580/2200/4180 3535/2205/4181
s 1
f 3682/2195/4182 3530/2206/4183 3531/1622/4184
f 3756/1768/3087 3743/1766/3084 3683/1776/3112
f 3813/1769/3088 3756/1768/3087 3755/2220/2889
f 3813/1769/3088 3775/2221/4185 3790/1789/3154
f 3813/1769/3088 3790/1789/3154 3891/1786/3151
f 3905/1787/3152 3824/1788/3153 3906/2222/4186
f 3790/1789/3154 3785/2223/4187 3824/1788/3153
s 0
f 3785/2223/4188 3790/1789/4189 3775/2221/4190
s 1
f 3824/1788/3153 3794/2224/4191 3765/2225/4192
f 3765/2225/4192 3699/2226/4193 3766/2227/4194
f 3766/2227/4194 3670/2228/4195 3773/2229/4196
f 3773/2229/4196 3787/2230/4197 3835/2231/4198
f 3787/2230/4197 3793/2232/4199 3835/2231/4198
f 3829/2233/4200 3793/2232/4199 3758/2234/4201
f 3787/2230/4197 3773/2229/4196 3661/2235/4202
f 3744/2236/4203 3787/2230/4197 3661/2235/4202
f 3661/2235/4202 3773/2229/4196 3670/2228/4195
f 3670/2228/4195 3766/2227/4194 3699/2226/4193
f 3794/2224/4191 3699/2226/4193 3765/2225/4192
s 0
f 3785/2223/4204 3794/2224/4205 3824/1788/4206
s 1
f 3692/2237/2888 3785/2223/4207 3775/2221/4185
f 3692/2237/2888 3775/2221/4185 3755/2220/2889
f 3756/1768/3087 3683/1776/3112 3755/2220/2889
f 3813/1769/3088 3755/2220/2889 3775/2221/4185
s 0
f 4083/2238/4208 4169/2153/4209 4140/2156/4210
f 4140/2156/4211 4130/2158/4212 4109/2239/4213
s 1
f 4123/2160/3839 4130/2158/3838 4206/2157/3986
s 0
f 4123/2160/4214 4196/2159/4215 4219/1883/4216
s 1
f 4123/2160/3839 4219/1883/3343 4067/2240/3833
f 4129/2241/3843 4067/2240/3833 4219/1883/3343
f 4171/1881/3342 4129/2241/3843 4219/1883/3343
f 4158/1798/3182 4068/1800/3187 4120/1796/3178
s 0
f 4201/1916/4217 4188/1910/4218 4127/1911/4219
f 4161/1802/4220 4127/1911/4221 4108/1803/4222
s 1
f 4248/2242/4223 4266/2243/4224 4194/2244/4225
f 4195/2245/4226 4248/2242/4223 4176/2246/4227
f 4176/2246/4227 4248/2242/4223 4194/2244/4225
f 4195/2245/4226 4181/1815/4228 4240/2247/4229
f 4248/2242/4223 4195/2245/4226 4277/2248/4230
s 0
f 4266/2243/4231 4248/2242/4232 4299/2249/4233
s 1
f 4365/1920/4234 4241/1919/4235 4266/2243/4224
f 4365/1920/4234 4266/2243/4224 4354/2250/4236
f 4299/2249/4237 4248/2242/4223 4277/2248/4230
f 4266/2243/4224 4299/2249/4237 4354/2250/4236
f 4365/1920/4238 4357/1921/3424 4235/1917/3423
f 4365/1920/4238 4485/1928/3448 4357/1921/3424
s 0
f 4365/1920/4239 4354/2250/4240 4485/1928/4241
s 1
f 4355/2251/4242 4299/2249/4237 4277/2248/4230
f 4399/2252/4243 4299/2249/4237 4355/2251/4242
f 4299/2249/4237 4399/2252/4243 4354/2250/4236
f 4399/2252/4243 4487/2253/4244 4354/2250/4236
f 4487/2253/4244 4399/2252/4243 4458/2254/4245
f 4399/2252/4243 4355/2251/4242 4458/2254/4245
f 4355/2251/4242 4426/2255/4246 4458/2254/4245
f 4355/2251/4242 4366/2256/4247 4426/2255/4246
s 0
f 4366/2256/4248 4355/2251/4249 4360/2257/4250
f 4355/2251/4251 4277/2248/4252 4360/2257/4253
s 1
f 4366/2256/4247 4360/2257/4254 4296/2258/4255
f 4366/2256/4247 4296/2258/4255 4386/2259/4256
f 4255/2260/4257 4386/2259/4256 4296/2258/4255
f 4255/2260/4257 4272/2261/4258 4430/2262/4259
f 4386/2259/4256 4255/2260/4257 4430/2262/4259
f 4386/2259/4256 4460/2263/4260 4426/2255/4246
f 4386/2259/4256 4426/2255/4246 4366/2256/4247
f 4426/2255/4246 4460/2263/4260 4458/2254/4245
f 4354/2250/4236 4487/2253/4244 4485/1928/4261
s 0
f 4485/1928/4262 4487/2253/4262 4401/1927/4262
f 4487/2253/4263 4455/1930/4263 4401/1927/4263
s 1
f 4455/1930/4264 4487/2253/4244 4458/2254/4245
f 4455/1930/4264 4458/2254/4245 4456/2264/4265
f 4456/2264/4265 4458/2254/4245 4460/2263/4260
f 2357/1967/420 2395/2265/421 2428/1969/3523
s 0
f 2395/2265/4266 2338/2266/4267 2486/2267/4268
s 1
f 2395/2265/421 2486/2267/4269 2428/1969/3523
f 2347/1968/795 2428/1969/3523 2476/1077/1760
f 2347/1968/795 2476/1077/1760 2427/1076/1759
f 2476/1077/1760 2428/1969/3523 2486/2267/4269
f 2504/2268/4270 2508/1078/1761 2476/1077/1760
f 2518/991/1642 2508/1078/1761 2504/2268/4270
f 2518/991/1642 2338/2266/433 2478/1080/455
f 2338/2266/433 2518/991/1642 2486/2267/4269
f 2486/2267/4269 2518/991/1642 2504/2268/4270
f 2486/2267/4269 2504/2268/4270 2476/1077/1760
s 0
f 462/1233/4271 432/1209/4272 436/1241/4273
f 436/1241/4274 432/1209/4275 397/1227/4276
s 1
f 436/1241/2090 397/1227/2060 387/1225/2045
s 0
f 363/1263/4277 485/1262/4278 341/1223/4279
s 1
f 363/1263/4280 521/1254/2104 485/1262/2110
f 387/1225/2045 470/1243/2088 436/1241/2090
f 470/1243/2088 387/1225/2045 454/1250/2100
f 312/2164/2286 379/1142/1866 410/1145/1869
f 410/1145/1869 398/1149/1884 312/2164/2286
s 0
f 398/1149/4281 328/1151/4282 264/2269/4283
f 398/1149/4284 264/2269/4285 312/2164/4286
f 134/1327/4287 158/1342/4288 262/1306/4289
s 1
f 3139/1472/2482 3072/1471/2481 3164/2021/3670
f 3266/2019/4290 3164/2021/4291 3277/2270/4292
f 3277/2270/4292 3104/1477/4293 3205/2271/4294
f 3104/1477/4293 3277/2270/4292 3164/2021/4291
s 0
f 3104/1477/4295 3085/1478/4296 3205/2271/4297
s 1
f 3205/2271/4298 3225/2272/4299 3267/2273/2967
f 3225/2272/4299 3080/1482/2491 3132/2022/3674
f 3263/2274/2957 3132/2022/3674 3216/2275/4300
f 3263/2274/2957 3225/2272/4299 3132/2022/3674
f 3225/2272/4299 3263/2274/2957 3273/2276/2964
f 3225/2272/4299 3273/2276/2964 3267/2273/2967
f 3357/2277/2965 3273/2276/2964 3263/2274/2957
f 3297/2278/2963 3263/2274/2957 3216/2275/4300
f 3245/2279/4301 3216/2275/4300 3177/2280/4302
s 0
f 3245/2279/4303 3297/2278/4304 3216/2275/4305
s 1
f 3216/2275/4300 3132/2022/3674 3121/2281/4306
f 3216/2275/4300 3121/2281/4306 3177/2280/4302
f 3297/2278/2963 3245/2279/4301 3326/2282/2968
f 3284/2283/4307 3326/2282/2968 3254/2284/4308
f 3254/2284/4308 3326/2282/2968 3245/2279/4301
s 0
f 3379/2285/4309 3298/2286/4310 3241/2287/4311
s 1
f 3231/2288/4312 3298/2286/2976 3314/2289/2979
s 0
f 3298/2286/4313 3231/2288/4314 3235/2290/4315
s 1
f 3298/2286/4316 3235/2290/4317 3241/2287/4318
s 0
f 3235/2290/4319 3221/2291/4320 3241/2287/4321
f 3241/2287/4322 3221/2291/4323 3234/2292/4324
s 1
f 3319/2293/2974 3241/2287/2973 3234/2292/4325
f 3319/2293/2974 3234/2292/4325 3259/2294/3018
s 0
f 3249/2295/4326 3232/2296/4327 3366/2297/4328
s 1
f 3366/2297/3015 3292/2298/3014 3249/2295/4329
f 3292/2298/3014 3156/2299/4330 3249/2295/4329
s 0
f 3156/2299/4331 3292/2298/4332 3259/2294/4333
f 3232/2296/4334 3249/2295/4335 3207/2300/4336
s 1
f 3232/2296/4337 3207/2300/4338 3208/2301/4339
s 0
f 3156/2299/4340 3259/2294/4341 3204/2302/4342
s 1
f 3204/2302/4343 3259/2294/3018 3234/2292/4325
f 3265/1571/2629 3464/1569/2691 3362/2032/3704
f 3362/2032/3704 3355/1573/2698 3265/1571/2629
f 3354/1575/2630 3355/1573/2698 3480/1600/3705
f 3322/2303/2634 3378/2033/2633 3417/2304/4344
s 0
f 3364/2305/4345 3322/2303/4346 3417/2304/4347
s 1
f 3364/2305/4348 3376/1578/2700 3323/1577/2574
f 3417/2304/4349 3376/1578/2700 3364/2305/4348
f 3406/1579/2701 3333/1576/2699 3376/1578/2700
f 3406/1579/2701 3376/1578/2700 3437/1611/2750
s 0
f 3417/2304/4350 3446/1608/4351 3376/1578/4352
f 3376/1578/4353 3446/1608/4354 3437/1611/4355
s 1
f 3370/1581/2703 3456/1613/2752 3374/1615/2754
f 3334/1580/2702 3370/1581/2703 3335/2306/4356
s 0
f 3415/1624/4357 3299/1583/4358 3335/2306/4359
s 1
f 3299/1583/2705 3415/1624/4360 3416/1584/2706
s 0
f 3415/1624/4361 3335/2306/4362 3374/1615/4363
s 1
f 3370/1581/2703 3374/1615/2754 3335/2306/4356
s 0
f 3534/1649/4364 3593/1651/4365 3555/1648/4366
s 1
f 3556/1663/2883 3587/1633/2800 3608/1638/2810
f 3587/1633/2800 3556/1663/2883 3495/1599/2884
s 0
f 3608/1638/4367 3659/1661/4368 3556/1663/4369
s 1
f 3745/2178/3036 3735/1659/2874 3696/1639/2813
f 3692/2237/2888 3656/2307/4370 3785/2223/4207
f 3794/2224/4191 3650/2308/4371 3699/2226/4193
f 3650/2308/4371 3794/2224/4191 3785/2223/4207
f 3656/2307/4370 3650/2308/4371 3785/2223/4207
s 0
f 4108/2145/4372 4127/2143/4373 4059/2141/4374
f 4053/2309/4375 4107/2310/4376 4023/2311/4377
s 1
f 4028/2312/3199 4053/2309/3201 3992/2313/4378
f 3980/2314/4379 3887/2315/4380 3909/2316/4381
s 0
f 3980/2314/4382 3992/2313/4383 3887/2315/4384
s 1
f 3898/2317/4385 3992/2313/4378 4023/2311/4386
f 3992/2313/4378 4053/2309/3201 4023/2311/4386
s 0
f 4023/2311/4387 4022/2318/4388 3899/2319/4389
s 1
f 3899/2319/4390 4022/2318/4391 4004/2320/4392
f 3921/2321/4393 3995/2147/3958 3938/2322/4394
f 3938/2322/4394 3906/2222/4186 3921/2321/4393
f 3938/2322/4394 3905/1787/3152 3906/2222/4186
f 3906/2222/4186 3817/2323/4395 3921/2321/4393
f 3921/2321/4393 3817/2323/4395 3858/2324/4396
f 3765/2225/4192 3817/2323/4395 3906/2222/4186
f 3906/2222/4186 3824/1788/3153 3765/2225/4192
s 0
f 3899/2319/4397 4004/2320/4398 3858/2324/4399
f 4004/2320/4400 3921/2321/4401 3858/2324/4402
f 4023/2311/4403 3899/2319/4404 3835/2231/4405
f 3817/2323/4406 3766/2227/4407 3858/2324/4408
s 1
f 3765/2225/4192 3766/2227/4194 3817/2323/4395
f 3766/2227/4194 3773/2229/4196 3858/2324/4409
f 3858/2324/4409 3773/2229/4196 3899/2319/4410
f 3835/2231/4198 3899/2319/4410 3773/2229/4196
s 0
f 3868/2325/4411 3829/2233/4412 3820/2326/4413
s 1
f 3868/2325/4414 3835/2231/4198 3793/2232/4199
f 3868/2325/4414 3793/2232/4199 3829/2233/4200
f 3820/2326/4415 3887/2315/4416 3898/2317/4417
f 3820/2326/4415 3898/2317/4417 3868/2325/4418
s 0
f 4023/2311/4419 3835/2231/4420 3868/2325/4421
f 3898/2317/4422 4023/2311/4423 3868/2325/4424
f 3992/2313/4425 3898/2317/4426 3887/2315/4427
s 1
f 3901/2327/4428 3909/2316/4429 3841/2328/4430
f 3901/2327/4428 3841/2328/4430 3831/2329/4431
f 3848/2330/4432 3831/2329/4431 3764/2331/4433
f 3848/2330/4432 3764/2331/4433 3782/2332/4434
f 3831/2329/4431 3734/2333/4435 3764/2331/4433
s 0
f 3820/2326/4436 3841/2328/4437 3887/2315/4437
f 3887/2315/4438 3841/2328/4439 3909/2316/4440
f 4236/2161/4441 4309/1864/4442 4233/1877/4443
f 4236/2161/4444 4466/1865/4445 4309/1864/4446
f 4466/1865/4447 4311/1862/4448 4465/1861/4449
s 1
f 4311/1862/3991 4466/1865/4450 4236/2161/3992
f 1591/812/1367 1800/810/1362 1673/809/1361
f 1722/808/1360 1591/812/1367 1673/809/1361
f 1591/812/1367 1722/808/1360 1527/814/1373
f 1722/808/1360 1882/802/1354 1616/803/1355
f 1589/828/1395 1720/806/1358 1728/807/1359
f 1534/826/1393 1616/803/1355 1589/828/1395
f 1589/828/1395 1616/803/1355 1720/806/1358
f 1534/826/1393 1527/814/1373 1616/803/1355
s 0
f 1616/803/4451 1527/814/4452 1722/808/4453
f 3022/1484/4454 3051/1475/4455 76/2334/4456
f 3277/2270/4457 3205/2271/4458 3267/2273/4459
s 1
f 3356/2335/2946 3277/2270/4460 3267/2273/2967
s 0
f 3692/1666/4461 3632/1668/4462 3656/1667/4463
s 1
f 4129/2241/3843 4171/1881/3342 4101/2336/3844
f 4101/2336/3844 4171/1881/3342 4121/1884/3348
f 4069/2337/3846 4121/1884/3348 4223/1885/3347
f 4223/1885/3347 4087/1907/3388 4069/2337/3846
f 4406/1866/3314 4466/1865/3313 4465/1861/4464
s 0
f 4406/1866/4465 4465/1861/4466 4387/1867/4466
s 1
f 4438/1871/3324 4387/1867/3323 4468/2338/4467
f 4438/1871/3324 4468/2338/4467 4395/1872/3325
f 4395/1872/3325 4468/2338/4467 4437/2339/4468
s 0
f 4465/1861/4469 4441/1929/4469 4468/2338/4469
s 1
f 4437/2339/4468 4468/2338/4467 4441/1929/4470
f 4437/2339/4468 4439/2340/4471 4391/1875/3331
f 4437/2339/4468 4391/1875/3331 4395/1872/3325
f 4437/2339/4468 4441/1929/4470 4439/2340/4471
f 4439/2340/4471 4346/1890/3353 4391/1875/3331
s 0
f 4439/2340/4472 4389/1889/4473 4346/1890/4474
s 1
f 4375/1873/3326 4391/1875/3331 4346/1890/3353
f 4438/1871/3324 4395/1872/3325 4410/1869/3318
f 1812/637/1051 1868/635/1049 1991/643/1058
f 1921/634/1048 1946/633/1047 1984/2341/1150
f 1946/633/1047 1833/632/1046 2058/508/807
f 1380/557/926 1237/577/963 1150/587/988
s 0
f 1157/575/4475 1439/558/4476 1380/557/4477
s 1
f 1388/574/958 1282/2342/4478 1381/566/946
f 1418/567/947 1381/566/946 1282/2342/4478
f 1418/567/947 1282/2342/4478 1245/572/956
f 1403/2343/4479 1354/571/955 1353/2344/4480
f 1354/571/955 1403/2343/4479 1442/570/954
f 1396/538/4481 1403/2343/4479 1353/2344/4480
f 1396/538/4481 1464/2345/4482 1473/536/877
f 1396/538/4481 1675/533/864 1442/570/954
f 1396/538/4481 1442/570/954 1403/2343/4479
f 1675/533/864 1504/534/865 1442/570/954
s 0
f 1662/343/4483 1636/344/4484 1576/564/4485
s 1
f 1662/343/526 1576/564/935 1504/534/865
f 1576/564/935 1542/569/953 1504/534/865
s 0
f 1380/557/4486 1150/587/4487 1157/575/4488
s 1
f 1112/576/4489 1136/2346/4490 1388/574/958
f 1388/574/958 1136/2346/4490 1282/2342/4478
f 1136/2346/4490 1095/2347/4491 1137/2348/4492
f 1245/572/956 1136/2346/4490 1137/2348/4492
f 1136/2346/4490 1245/572/956 1282/2342/4478
s 0
f 1245/572/4493 1137/2348/4494 1328/573/4495
s 1
f 1328/573/957 1265/2349/4496 1354/571/955
f 1354/571/955 1265/2349/4496 1353/2344/4480
f 1353/2344/4480 1265/2349/4496 1316/2350/4497
s 0
f 1265/2349/4498 1328/573/4499 1137/2348/4500
s 1
f 1353/2344/4480 1316/2350/4497 1396/538/4481
f 1316/2350/4497 1464/2345/4482 1396/538/4481
s 0
f 1487/540/4501 1464/2345/4502 1361/2351/4503
s 1
f 1551/539/878 1473/536/877 1464/2345/4482
f 1551/539/878 1464/2345/4482 1487/540/879
f 1255/2352/4504 1487/540/4505 1361/2351/4506
f 1258/2353/4507 1361/2351/4506 1278/2354/4508
f 1115/2355/4509 1171/2356/4510 1278/2354/4508
f 1171/2356/4510 1115/2355/4509 1099/2357/4511
f 1265/2349/4496 1278/2354/4508 1361/2351/4506
f 1316/2350/4497 1265/2349/4496 1361/2351/4506
f 1316/2350/4497 1361/2351/4506 1464/2345/4482
f 646/2358/3564 692/2359/3565 701/2360/4512
f 692/2359/3565 641/2361/2095 665/2362/4513
f 665/2362/4513 641/2361/2095 656/2363/4514
f 656/2363/4514 641/2361/2095 606/2364/2094
f 656/2363/4514 606/2364/2094 615/2365/2093
f 656/2363/4514 615/2365/2093 758/692/1134
f 727/2366/4515 758/692/1134 615/2365/2093
f 727/2366/4515 615/2365/2093 600/2367/2098
f 727/2366/4515 600/2367/2098 754/150/2105
f 629/2368/2102 685/149/224 754/150/2105
f 685/149/224 629/2368/2102 614/148/223
f 734/118/4516 754/150/2105 685/149/224
f 746/693/1135 810/117/166 758/692/1134
s 0
f 753/115/4517 746/693/4518 727/2366/4519
s 1
f 754/150/2105 753/115/4520 727/2366/4515
s 0
f 727/2366/4521 746/693/4522 758/692/4523
s 1
f 736/2369/4524 758/692/1134 752/691/1133
f 758/692/1134 736/2369/4524 656/2363/4514
f 656/2363/4514 736/2369/4524 665/2362/4513
f 737/2370/4525 736/2369/4524 743/2371/4526
f 665/2362/4513 737/2370/4525 787/2372/4527
f 665/2362/4513 787/2372/4527 692/2359/3565
f 787/2372/4527 737/2370/4525 815/2373/4528
f 815/2373/4528 737/2370/4525 743/2371/4526
f 743/2371/4526 736/2369/4524 752/691/1133
s 0
f 859/690/4529 752/691/4530 810/117/4531
s 1
f 899/689/1131 752/691/1133 859/690/1132
f 899/689/1131 743/2371/4526 752/691/1133
f 815/2373/4528 743/2371/4526 823/2374/4532
f 815/2373/4528 872/2375/4533 787/2372/4527
s 0
f 872/2375/4534 840/93/4535 809/686/4536
f 872/2375/4537 809/686/4538 787/2372/4539
f 787/2372/4540 809/686/4541 779/2376/4542
s 1
f 739/2377/3567 801/91/127 756/2378/4543
f 801/91/127 739/2377/3567 779/2376/4544
s 0
f 787/2372/4545 779/2376/4546 692/2359/4547
s 1
f 692/2359/3565 779/2376/4544 701/2360/4512
f 739/2377/3567 701/2360/4512 779/2376/4544
f 646/2379/3564 701/2360/4512 739/2377/3567
f 739/2377/3567 679/2380/3568 645/2381/3566
f 739/2377/3567 770/2382/4548 679/2380/3568
f 756/2378/4543 770/2382/4548 739/2377/3567
s 0
f 770/2382/4549 852/685/4550 747/2383/4551
f 852/685/4552 770/2382/4553 756/2378/4554
f 747/2383/4555 852/685/4556 802/2384/4557
s 1
f 747/2383/3571 802/2384/4558 719/2385/3573
f 719/2385/3573 802/2384/4558 712/2386/3578
f 712/2386/3578 802/2384/4558 786/2387/4559
f 712/2386/3578 786/2387/4559 792/2388/4560
f 729/2389/1921 792/2388/4560 803/770/1269
f 803/770/1269 891/767/1262 729/2389/1921
f 710/2390/3580 891/767/1262 825/768/1267
f 870/771/1270 885/772/1271 741/2391/4561
f 885/772/1271 856/774/1275 778/2392/4562
s 0
f 904/775/4563 905/459/4564 828/2393/4565
s 1
f 905/459/666 826/458/665 828/2393/4566
f 828/2393/4566 826/458/665 759/2394/4567
f 777/2395/4568 826/458/665 768/464/676
f 768/464/676 834/463/675 799/465/4569
s 0
f 768/464/4570 799/465/4571 698/477/4572
s 1
f 720/478/703 799/465/4573 821/462/674
f 799/465/4573 720/478/703 698/477/702
f 698/477/702 662/476/701 700/2396/4574
f 660/2397/3594 700/2396/4574 662/476/701
f 700/2396/4574 660/2397/3594 699/2398/4575
f 660/2397/3594 662/476/701 648/475/700
s 0
f 647/2399/4576 673/2400/4577 660/2397/4578
s 1
f 673/2400/3585 603/2401/3587 672/2402/4579
s 0
f 672/2402/4580 603/2401/4581 669/2403/4582
f 778/2392/4583 673/2400/4584 672/2402/4585
s 1
f 717/2404/4586 673/2400/4587 778/2392/4562
f 759/2394/4567 699/2398/4575 717/2404/4586
f 828/2393/4566 759/2394/4567 717/2404/4586
f 759/2394/4567 700/2396/4574 699/2398/4575
f 777/2395/4568 700/2396/4574 759/2394/4567
s 0
f 700/2396/4588 777/2395/4589 698/477/4590
s 1
f 699/2398/4575 660/2397/3594 673/2400/4587
f 717/2404/4586 699/2398/4575 673/2400/4587
s 0
f 184/1367/4591 104/1387/4592 76/1382/4593
s 1
f 3036/1489/2252 3097/1491/2254 1/2405/2257
f 3176/1490/2508 3036/1489/2252 3061/2406/2253
s 0
f 3176/1490/4594 3061/2406/4595 3158/1532/4596
f 3061/2406/4597 3041/2014/4598 3158/1532/4599
s 1
f 3363/1696/2966 3394/1693/2947 3356/1695/2946
s 0
f 3378/2033/4600 3480/1600/4601 3444/1602/4602
s 1
f 3417/2304/4344 3378/2033/2633 3444/1602/4603
s 0
f 3446/1608/4604 3417/2304/4605 3444/1602/4606
f 3446/1608/4607 3468/1603/4608 3557/1604/4609
s 1
f 3446/1608/4610 3444/1602/4611 3468/1603/4612
f 4201/1916/4613 4127/1911/4614 4161/1802/4615
f 4161/1802/4616 4075/1804/4617 4241/1919/4618
s 0
f 4161/1802/4619 4241/1919/4620 4235/1917/4621
f 4241/1919/4622 4075/1804/4623 4146/1805/4624
s 1
f 4266/2243/4224 4241/1919/4235 4146/1805/3192
f 4266/2243/4224 4146/1805/3192 4194/2244/4225
f 4201/1916/4613 4161/1802/4615 4235/1917/4625
s 0
f 4464/1863/4626 4441/1929/4626 4465/1861/4626
f 4387/1867/4627 4465/1861/4627 4468/2338/4627
s 1
f 815/2373/4528 914/687/1129 872/2375/4533
f 914/687/1129 815/2373/4528 823/2374/4532
f 823/2374/4532 743/2371/4526 899/689/1131
f 823/2374/4532 899/689/1131 914/687/1129
f 872/2375/4533 914/687/1129 840/93/133
s 0
f 809/686/4628 814/92/4629 779/2376/4630
s 1
f 801/91/127 779/2376/4544 814/92/4631
f 867/90/126 756/2378/4543 801/91/127
f 756/2378/4543 867/90/126 852/685/1127
f 852/685/1127 869/89/124 802/2384/4632
s 0
f 802/2384/4633 869/89/4634 865/683/4635
s 1
f 802/2384/4558 865/683/1125 786/2387/4559
f 803/770/1269 865/683/1125 877/684/1126
f 865/683/1125 803/770/1269 786/2387/4559
s 0
f 786/2387/4636 803/770/4637 792/2388/4638
s 1
f 627/2407/3569 679/2380/3568 747/2383/3571
f 651/2408/3570 747/2383/3571 719/2385/3573
f 710/2390/3580 658/2409/1916 729/2389/1921
f 741/2391/4561 672/2402/4639 669/2403/3581
f 672/2402/4639 741/2391/4561 778/2392/4562
f 778/2392/4562 741/2391/4561 885/772/1271
f 717/2404/4586 778/2392/4562 856/774/1275
f 717/2404/4586 856/774/1275 828/2393/4566
s 0
f 828/2393/4640 856/774/4641 904/775/4642
s 1
f 759/2394/4567 826/458/665 777/2395/4568
s 0
f 777/2395/4643 768/464/4644 698/477/4645
s 1
f 737/2370/4525 665/2362/4513 736/2369/4524
f 651/1982/3570 719/1985/3573 626/1984/3572
f 501/1170/1920 500/1168/1919 424/1150/1885
f 454/1250/2100 387/1225/2045 341/1223/2043
f 454/1250/2100 341/1223/2043 485/1262/2110
f 440/1260/2108 359/2410/4646 390/2411/4647
f 390/2411/4647 439/1261/2109 440/1260/2108
f 439/1261/2109 390/2411/4647 365/1221/2037
f 359/2410/4646 440/1260/2108 363/1263/2114
s 0
f 3176/1490/4648 3184/1525/4649 3097/1491/4650
s 1
f 3205/2271/4298 3085/1478/4651 3081/1480/4652
f 3132/2022/3674 3057/1481/2490 3121/2281/4306
f 3057/1481/2490 3073/2412/2316 3121/2281/4306
f 3121/2281/4306 3073/2412/2316 3019/2024/3676
f 3019/2024/3676 3100/2023/3675 3121/2281/4306
f 3086/2413/4653 3100/2023/3675 56/2025/3677
f 3049/2414/4654 3086/2413/4653 56/2025/3677
f 3092/2415/4655 3049/2414/4654 3028/2416/4656
f 3117/2417/4657 3092/2415/4655 3028/2416/4656
f 56/2025/3677 3012/2418/4049 3049/2414/4654
f 3028/2416/4656 3049/2414/4654 3012/2418/4049
s 0
f 26/2419/4658 3016/2420/4659 3028/2416/4660
s 1
f 26/2419/4078 34/2421/4070 3016/2420/4661
f 3069/2422/4662 34/2421/4070 27/2423/4069
s 0
f 28/2424/4663 94/2425/4664 3035/2426/4665
s 1
f 3033/2427/4666 3035/2426/2327 52/2428/2326
f 52/2428/2326 20/2429/4667 3033/2427/4666
s 0
f 3130/2430/4668 3125/2431/4669 20/2429/4670
s 1
f 20/2429/4667 3125/2431/4671 3033/2427/4666
f 3033/2427/4666 3125/2431/4671 3156/2299/4330
f 3119/2432/4672 3033/2427/4666 3156/2299/4330
f 3130/2430/4673 3208/2433/4339 3207/2300/4338
s 0
f 3130/2430/4674 3207/2300/4675 3249/2295/4676
f 3130/2430/4677 3249/2295/4678 3125/2431/4679
s 1
f 3156/2299/4330 3125/2431/4671 3249/2295/4329
f 3234/2292/4325 3221/2291/4680 3090/2434/4681
f 3221/2291/4682 3235/2290/4683 3173/2435/4684
s 0
f 3204/2302/4685 3138/2436/4686 3119/2432/4687
f 3204/2302/4688 3119/2432/4689 3156/2299/4690
s 1
f 3138/2436/4691 3204/2302/4343 3234/2292/4325
f 3138/2436/4691 3234/2292/4325 3090/2434/4681
f 3487/1688/2916 3626/1669/2893 3506/1652/2928
f 3529/1672/2896 3466/1673/2897 3433/1687/2915
f 3718/2044/3736 3676/2437/3734 3788/2040/3730
s 0
f 3718/2044/4692 3747/2041/4693 3668/2049/4694
f 3812/2048/4695 3704/2130/4696 3668/2049/4697
s 1
f 3668/2049/3741 3747/2041/3729 3849/2046/3738
f 3989/2146/3954 3905/1787/3152 3938/2322/4394
f 3989/2146/3954 3938/2322/4394 3995/2147/3958
f 3995/2147/3958 3921/2321/4393 3997/2438/3194
f 3995/2147/3958 3997/2438/3194 4075/2439/3193
s 0
f 4052/2440/4698 4106/2441/4699 4004/2320/4700
f 4052/2440/4701 4004/2320/4702 4022/2318/4703
s 1
f 4052/2440/4704 4022/2318/4705 4023/2311/4706
f 4052/2440/4704 4023/2311/4706 4107/2310/4707
f 3911/1785/3149 3905/1787/3152 3989/2146/3954
f 4075/2439/3193 4108/2145/3952 3995/2147/3958
f 3995/2147/3958 4108/2145/3952 4056/2144/3951
f 747/2383/3571 679/2380/3568 770/2382/4548
f 341/1223/4708 342/1210/4029 363/1263/2114
f 359/2410/4646 342/1210/4029 263/2169/2182
f 363/1263/2114 342/1210/4029 359/2410/4646
f 359/2410/4646 263/2169/2182 343/1219/2035
s 0
f 359/2410/4709 343/1219/4710 390/2411/4711
s 1
f 417/1265/2119 365/1221/2037 374/1222/2038
f 350/2442/4712 417/1265/2119 374/1222/2038
f 350/2442/4713 433/1269/2123 504/1266/2120
f 515/1267/2121 433/1269/2123 329/1218/4714
f 433/1269/2123 350/2442/4713 329/1218/4714
f 390/2411/4647 343/1219/2035 365/1221/2037
f 374/1222/2038 333/1213/2027 350/2442/4712
s 0
f 333/1213/4715 329/1218/4716 350/2442/4717
s 1
f 291/1216/2030 378/1292/4718 329/1218/4714
f 291/1216/2030 221/2443/2185 378/1292/4718
s 0
f 378/1292/4719 221/2443/4720 273/2444/4721
f 349/1293/4722 378/1292/4723 273/2444/4724
f 349/1293/4725 273/2444/4726 360/1294/4727
f 360/1294/4728 273/2444/4729 261/2445/4730
s 1
f 515/1267/2121 329/1218/4714 378/1292/4718
f 246/1439/2451 185/1441/4731 237/1370/2450
s 0
f 181/1450/4732 169/1440/4733 246/1439/4734
f 237/1370/4735 185/1441/4736 184/1367/4737
s 1
f 233/1366/2282 237/1370/4738 184/1367/2283
s 0
f 3016/2420/4739 3117/2417/4739 3028/2416/4740
s 1
f 3016/2420/4661 34/2421/4070 3069/2422/4662
s 0
f 3069/2422/4741 27/2423/4742 28/2424/4743
s 1
f 28/2424/4744 3035/2426/2327 3119/2432/4672
f 3016/2420/4661 3069/2422/4662 3173/2435/4745
s 0
f 3090/2434/4746 3173/2435/4747 3069/2422/4748
f 3138/2436/4749 3090/2434/4750 28/2424/4751
f 28/2424/4752 3090/2434/4753 3069/2422/4754
s 1
f 3119/2432/4672 3035/2426/2327 3033/2427/4666
f 3225/2272/4299 3205/2271/4298 3081/1480/4652
f 3225/2272/4299 3081/1480/4652 3080/1482/2491
s 0
f 3323/1530/4755 3217/1528/4756 3364/1552/4757
s 1
f 3256/1529/2573 3323/1530/2574 3333/2446/2699
s 0
f 3255/1527/4758 3256/1529/4759 3333/2446/4760
s 1
f 3291/2447/4761 3335/2448/4356 3299/2449/2705
f 3335/2448/4356 3291/2447/4761 3334/2450/2702
f 3291/2447/4761 3299/2449/2705 3281/1521/2557
f 3300/1519/2555 3350/2451/2704 3312/2452/2707
f 3350/2451/2704 3300/1519/2555 3242/1520/2556
f 3224/2453/4762 3300/1519/2555 3313/2454/2710
s 0
f 3224/2453/4763 3369/2455/4764 3351/2456/4765
s 1
f 3243/2457/4766 3169/1512/2542 3306/2458/4164
f 3071/1511/4767 3306/2458/4164 3169/1512/2542
s 0
f 3211/1518/4768 3351/2456/4769 3071/1511/4770
f 3243/2457/4771 3189/2459/4771 3127/2460/4771
s 1
f 3243/2457/4766 3096/1513/2543 3169/1512/2542
s 0
f 3243/2457/4772 3127/2460/4773 3096/1513/4774
f 3650/2461/4775 3656/1667/4776 3590/1670/4777
s 1
f 3643/1671/2895 3584/1674/2898 3670/2462/4195
f 3650/2461/4371 3590/1670/2894 3643/1671/2895
f 3661/2463/4202 3584/1674/2898 3574/1678/2902
f 3661/2463/4202 3574/1678/2902 3603/1677/2901
f 3603/1677/2901 3744/2464/4203 3661/2463/4202
f 3744/2464/4203 3603/1677/2901 3663/2465/4778
s 0
f 3661/2463/4779 3670/2462/4780 3584/1674/4781
s 1
f 3643/1671/2895 3699/2466/4193 3650/2461/4371
f 3699/2466/4193 3643/1671/2895 3670/2462/4195
f 3681/2467/4782 3744/2464/4203 3663/2465/4778
s 0
f 3681/2467/4783 3651/2468/4784 3708/2469/4785
s 1
f 3698/2470/4786 3525/2471/4787 3675/2472/4788
s 0
f 3675/2472/4789 3525/2471/4790 3673/2473/4791
s 1
f 3577/2474/4792 3698/2470/4786 3762/2475/4793
s 0
f 3577/2474/4794 3762/2475/4795 3708/2469/4796
f 3577/2474/4797 3708/2469/4798 3651/2468/4799
s 1
f 3651/2468/4800 3681/2467/4782 3611/2476/4801
f 3586/2477/4802 3698/2470/4786 3577/2474/4792
f 3651/2468/4800 3602/2478/4803 3577/2474/4792
f 3651/2468/4800 3611/2476/4801 3602/2478/4803
s 0
f 3586/2477/4804 3507/1717/4805 3525/2471/4806
f 3525/2471/4807 3507/1717/4808 3565/2479/4809
f 3507/1717/4810 3476/1719/4811 3565/2479/4812
f 3428/1715/4813 3507/1717/4814 3586/2477/4815
s 1
f 3518/1713/2985 3428/1715/2991 3586/2477/4802
f 3518/1713/2985 3586/2477/4802 3577/2474/4792
f 3518/1713/2985 3577/2474/4792 3549/2480/4816
f 3455/1682/2906 3549/2480/4816 3569/1681/2905
f 3592/1680/2904 3498/1679/2903 3569/1681/2905
f 3549/2480/4816 3577/2474/4792 3602/2478/4803
f 3569/1681/2905 3549/2480/4816 3602/2478/4803
s 0
f 3569/1681/4817 3602/2478/4818 3592/1680/4819
s 1
f 3592/1680/2904 3602/2478/4803 3611/2476/4801
f 3523/1675/2899 3502/1676/2900 3584/1674/2898
f 3502/1676/2900 3574/1678/2902 3584/1674/2898
f 3663/2465/4778 3603/1677/2901 3592/1680/2904
f 3611/2476/4801 3663/2465/4778 3592/1680/2904
f 3611/2476/4801 3681/2467/4782 3663/2465/4778
f 4231/1876/3332 4170/1880/3341 4233/1877/3333
f 686/2481/3579 792/2388/4560 729/2389/1921
f 891/767/1262 710/2390/3580 729/2389/1921
f 712/2386/3578 792/2388/4560 686/2481/3579
f 710/2390/3580 825/768/1267 769/2482/4820
f 796/769/1268 769/2482/4820 825/768/1267
f 796/769/1268 870/771/1270 769/2482/4820
f 769/2482/4820 870/771/1270 741/2391/4561
s 0
f 144/1438/4821 33/1389/4822 16/1391/4823
f 3063/1479/4824 16/1483/4825 3081/1480/4826
f 3081/1480/4827 16/1483/4828 3080/1482/4829
s 1
f 4146/1805/3192 4106/1807/3195 4176/2246/4227
f 4194/2244/4225 4146/1805/3192 4176/2246/4227
f 4195/2245/4226 4176/2246/4227 4165/1812/4830
f 4181/1815/4228 4182/1816/3211 4240/2247/4229
f 4165/1812/4830 4181/1815/4228 4195/2245/4226
f 4106/1807/4831 4052/1813/4832 4165/1812/4833
s 0
f 4106/1807/4834 4165/1812/4835 4176/2246/4836
f 4301/1891/4837 4389/1889/4838 4339/2483/4839
s 1
f 4301/1891/3358 4339/2483/4840 4367/2484/4841
f 4301/1891/3358 4367/2484/4841 4274/1893/3360
f 4274/1893/3360 4367/2484/4841 4308/2485/4842
f 4242/2486/4843 4308/2485/4842 4297/2487/4844
f 4308/2485/4842 4242/2486/4843 4274/1893/3360
s 0
f 4210/1901/4845 4345/2488/4846 4295/2489/4847
f 4256/2490/4848 4295/2489/4849 4314/2491/4850
s 1
f 4345/2488/4851 4297/2487/4844 4368/2492/4852
f 4297/2487/4844 4308/2485/4842 4368/2492/4852
f 104/1387/4044 185/1441/4046 144/1438/4853
f 3323/1530/2574 3184/1525/2564 3217/1528/4854
f 3255/1527/2569 3291/2447/4761 3190/1524/2562
f 3175/1526/2568 3256/1529/2573 3255/1527/2569
f 3291/2447/4761 3140/1523/2563 3190/1524/2562
s 0
f 3190/1524/4855 3133/1494/4856 3175/1526/4857
f 3957/2064/4858 4057/2094/4859 3923/2065/4860
s 1
f 4057/2094/4861 3957/2064/3788 3949/2055/3751
f 4004/2320/4862 4106/2441/3195 3997/2438/3194
f 3921/2321/4393 4004/2320/4862 3997/2438/3194
s 0
f 228/1325/4863 126/1355/4864 260/1311/4865
s 1
f 62/1354/2267 260/1311/2181 126/1355/2265
f 3019/2024/3676 46/2493/4048 56/2025/3677
f 3073/2412/2316 46/2493/4048 3019/2024/3676
f 3057/1481/2490 16/1483/2317 3073/2412/2316
f 3100/2023/3675 3177/2280/4302 3121/2281/4306
f 3177/2280/4302 3100/2023/3675 3179/2494/4866
f 3179/2494/4866 3100/2023/3675 3086/2413/4653
f 3183/2495/4867 3179/2494/4866 3086/2413/4653
f 3231/2288/4312 3092/2415/4655 3117/2417/4657
f 3183/2495/4867 3086/2413/4653 3049/2414/4654
f 3092/2415/4655 3183/2495/4867 3049/2414/4654
s 0
f 3117/2417/4868 3016/2420/4869 3173/2435/4870
s 1
f 3119/2432/4672 3138/2436/4871 28/2424/4744
f 3758/2234/4872 3681/2496/4873 3708/2497/4874
s 0
f 3744/2236/4875 3681/2496/4876 3787/2230/4877
s 1
f 2470/2498/1768 2468/303/460 2377/304/461
s 0
f 2470/2498/4878 2377/304/4879 2581/2499/4880
f 2377/304/4881 2449/308/4882 2581/2499/4883
f 71/1448/4884 208/1449/4885 252/1443/4886
s 1
f 4168/1888/3351 4250/1887/3350 4060/1906/3387
f 4223/1885/3347 4168/1888/3351 4087/1907/3388
f 1112/576/4489 1064/591/1000 1136/2346/4490
f 1136/2346/4490 1064/591/1000 1045/594/1002
s 0
f 1010/593/4887 943/879/4888 1020/2500/4889
s 1
f 1010/593/1001 1020/2500/4890 1095/2347/4491
f 1010/593/1001 1095/2347/4491 1045/594/1002
s 0
f 1136/2346/4891 1045/594/4892 1095/2347/4893
s 1
f 1095/2347/4491 1020/2500/4890 1137/2348/4492
s 0
f 1137/2348/4894 1220/2501/4895 1265/2349/4896
s 1
f 1265/2349/4496 1220/2501/4897 1215/2502/4898
f 1265/2349/4496 1215/2502/4898 1278/2354/4508
s 0
f 1278/2354/4899 1215/2502/4900 1115/2355/4901
s 1
f 1137/2348/4492 1020/2500/4890 1220/2501/4897
f 1220/2501/4897 1020/2500/4890 1048/2503/4902
f 1001/2504/4903 1048/2503/4902 1020/2500/4890
f 965/887/1490 1020/2500/4890 943/879/4904
f 1001/2504/4903 1020/2500/4890 965/887/1490
f 846/882/179 943/879/1480 949/878/1479
f 846/882/179 949/878/1479 913/595/1003
f 468/1164/1907 587/1163/1906 545/1162/1905
f 587/1163/1906 562/2505/4905 545/1162/1905
f 545/1162/1905 562/2505/4905 560/1994/3588
f 603/1991/3587 560/1994/3588 562/2505/4905
f 603/1991/3587 562/2505/4905 587/1163/1906
f 260/1311/2181 263/1313/2182 228/1325/4906
s 0
f 15/1350/4907 3043/1349/4908 3013/1353/4909
f 24/1356/4910 3064/2506/4911 3083/2507/4912
s 1
f 3013/1353/2268 3064/2506/2509 24/1356/2266
f 32/2508/4913 69/1359/2272 63/2509/4914
s 0
f 69/1359/4915 32/2508/4916 80/1358/4917
f 80/1358/4918 32/2508/4919 3025/2510/4920
s 1
f 3021/2511/2515 3017/2512/2529 67/2513/2530
f 36/2514/4921 3024/2515/2532 3048/2516/2533
f 38/2517/4922 10/2518/4923 132/2519/4924
f 38/2517/4922 143/2520/4925 36/2514/4921
f 143/2520/4925 3024/2515/2532 36/2514/4921
s 0
f 123/2521/4926 67/2513/4927 137/2522/4928
s 1
f 67/2513/2530 3024/2515/2532 137/2522/4929
f 137/2522/4929 3024/2515/2532 129/2523/4930
s 0
f 123/2521/4931 136/1322/4932 80/1358/4933
f 212/1321/4934 80/1358/4935 136/1322/4936
s 1
f 204/2524/4937 136/1322/4938 137/2522/4939
s 0
f 204/2524/4940 137/2522/4941 129/2523/4942
s 1
f 204/2524/4943 129/2523/4930 178/2525/4944
f 178/2525/4944 174/2526/4945 278/2527/4946
f 278/2527/4946 174/2526/4945 220/2528/4947
f 278/2527/4946 220/2528/4947 244/2529/4948
f 278/2527/4946 261/2530/4949 178/2525/4944
f 273/2531/4950 178/2525/4944 261/2530/4949
f 236/1214/2028 333/1213/2027 327/1220/2036
s 0
f 63/2509/4951 24/1356/4952 3083/2507/4953
s 1
f 3083/2507/4954 32/2508/4913 63/2509/4914
f 123/2521/4955 3021/2511/2515 67/2513/2530
f 123/2521/4955 3025/2510/2516 3021/2511/2515
s 0
f 3291/2447/4956 3255/1527/4957 3334/2450/4958
f 3334/2450/4959 3255/1527/4960 3333/2446/4961
s 1
f 3931/2053/3747 3966/2077/3812 3956/2070/3802
s 0
f 4095/2532/4962 4013/2533/4963 3968/2534/4964
s 1
f 4028/2312/3199 3992/2313/4378 3980/2314/4379
f 4028/2312/3199 3980/2314/4379 4013/2533/4965
f 4013/2533/4965 3980/2314/4379 3909/2316/4381
s 0
f 3909/2316/4966 3968/2534/4967 4013/2533/4968
s 1
f 3901/2327/4428 3968/2534/3217 3909/2316/4429
f 3959/2535/4969 3901/2327/4428 3848/2330/4432
f 3901/2327/4428 3831/2329/4431 3848/2330/4432
s 0
f 3848/2330/4970 3782/2332/4971 3869/2536/4972
f 3782/2332/4973 3802/2537/4974 3869/2536/4975
s 1
f 3802/2537/4976 3779/2538/4977 3869/2536/4978
f 3869/2536/4978 3871/2539/4979 3932/2540/4980
f 3869/2536/4978 4016/2541/4981 3848/2330/4432
f 3848/2330/4432 4016/2541/4981 3959/2535/4969
f 4016/2541/4981 3869/2536/4978 4014/2542/4982
f 3932/2540/4980 4014/2542/4982 3869/2536/4978
f 4360/2257/4254 4277/2248/4230 4240/2247/4229
f 4296/2258/4255 4240/2247/4229 4202/2543/4983
f 4296/2258/4255 4360/2257/4254 4240/2247/4229
f 1611/830/1397 1589/828/1395 1728/807/1359
f 1611/830/1397 1728/807/1359 1606/2544/4984
f 1728/807/1359 1683/792/1334 1606/2544/4984
f 1568/2545/4985 1606/2544/4984 1546/831/1398
f 1606/2544/4984 1683/792/1334 1546/831/1398
f 1546/831/1398 1683/792/1334 1648/791/1333
f 1751/796/1342 1683/792/1334 1728/807/1359
f 1751/796/1342 1728/807/1359 1805/805/1357
f 669/2403/3581 710/2390/3580 769/2482/4820
f 669/2403/3581 769/2482/4820 741/2391/4561
f 4389/1889/4986 4404/2546/4987 4339/2483/4840
f 4367/2484/4841 4339/2483/4840 4435/2547/4988
f 4435/2547/4988 4339/2483/4840 4442/2548/4989
f 4367/2484/4841 4435/2547/4988 4308/2485/4842
s 0
f 4308/2485/4990 4435/2547/4991 4443/2549/4992
f 545/1162/4993 560/1994/4994 546/1161/4995
s 1
f 546/1161/4996 560/1994/4997 481/1995/4998
f 481/1995/4999 647/1993/3593 628/1996/3592
f 628/1996/3592 660/1997/3594 648/2550/700
f 628/1996/3592 648/2550/700 538/2551/5000
f 609/2552/5001 538/2551/5000 648/2550/700
s 0
f 609/2552/5002 648/2550/5003 640/2553/5004
s 1
f 640/2553/699 650/2554/697 609/2552/5001
f 650/2554/697 580/2555/5005 609/2552/5001
f 628/1996/3592 538/2551/5000 489/2556/5006
f 572/2557/5007 609/2552/5001 580/2555/5005
f 579/2007/3610 580/2555/5005 630/1998/3604
s 0
f 488/2010/5008 579/2007/5009 514/2008/5010
f 580/2555/5011 483/1185/5012 572/2557/5013
s 1
f 580/2555/5005 579/2007/3610 475/1186/1968
f 475/1186/1968 483/1185/1967 580/2555/5005
f 475/1186/1968 579/2007/3610 488/2010/5014
f 572/2557/5007 477/2558/5015 609/2552/5001
f 449/2011/3626 609/2552/5001 477/2558/5015
s 0
f 477/2558/5016 572/2557/5017 483/1185/5018
s 1
f 609/2552/5001 449/2011/3626 538/2551/5000
f 538/2551/5000 449/2011/3626 443/1182/1964
f 538/2551/5000 443/1182/1964 489/2556/5006
s 0
f 489/2556/5019 457/1159/5020 481/1995/5021
s 1
f 489/2556/5006 481/1995/4999 628/1996/3592
f 546/1161/4996 481/1995/4998 388/1156/1893
f 388/1156/1893 481/1995/4998 457/1159/1896
s 0
f 384/1180/5022 457/1159/5023 489/2556/5024
s 1
f 384/1180/5025 489/2556/5006 443/1182/1964
f 211/1422/5026 252/1443/2436 229/1425/1998
f 110/1357/2270 24/1356/2266 63/2509/4914
f 110/1357/2270 63/2509/4914 187/1318/2184
f 63/2509/4914 69/1359/2272 187/1318/2184
f 3025/2510/2516 123/2521/4955 80/1358/5027
f 3064/1492/2509 3133/1494/2510 3140/1523/2563
f 3140/1523/2563 3107/1502/2525 3064/1492/2509
f 3163/1522/2558 3084/1503/2526 3107/1502/2525
f 3084/1503/2526 3163/1522/2558 3146/1517/2553
f 3083/1501/2524 3107/1502/2525 3084/1503/2526
f 3284/2283/4307 3254/2284/4308 3227/2559/5028
f 3254/2284/4308 3179/2494/4866 3227/2559/5028
f 3179/2494/4866 3254/2284/4308 3177/2280/4302
f 3177/2280/4302 3254/2284/4308 3245/2279/4301
f 3633/1618/2757 3716/2188/3918 3639/1616/2755
f 3716/2188/3918 3693/2198/3917 3609/2197/4121
s 0
f 3646/2192/5029 3712/2191/5030 3666/2194/5031
s 1
f 4277/2248/4230 4195/2245/4226 4240/2247/4229
f 4296/2258/4255 4202/2543/4983 4255/2260/4257
s 0
f 4255/2260/5032 4213/2560/5033 4272/2261/5034
s 1
f 4272/2261/4258 4213/2560/5035 4180/2561/5036
s 0
f 4186/1850/5037 4290/1849/5038 4180/2561/5039
s 1
f 4240/2247/4229 4182/1816/3211 4202/2543/4983
f 4255/2260/4257 4202/2543/4983 4203/2562/5040
s 0
f 4203/2562/5041 4088/1817/5042 4213/2560/5043
s 1
f 4180/2561/5044 4095/1818/3216 4186/1850/3286
f 4095/1818/3216 4080/1820/3218 4186/1850/3286
f 4095/1818/3216 4180/2561/5044 4088/1817/3215
s 0
f 4089/1808/5045 4088/1817/5045 4203/2562/5046
s 1
f 4089/1808/3200 4203/2562/5040 4182/1816/3211
f 4080/1820/3218 4179/1822/5047 4186/1850/3286
s 0
f 4088/1817/5048 4180/2561/5049 4213/2560/5050
s 1
f 4255/2260/4257 4203/2562/5040 4213/2560/5051
f 4261/1847/3284 4186/1850/3286 4179/1822/5047
s 0
f 4154/1848/5052 4261/1847/5053 4179/1822/5054
s 1
f 4154/1848/5055 4179/1822/5056 4112/1823/5057
s 0
f 4112/1823/5058 4160/1851/5059 4154/1848/5060
f 4160/1851/5061 4150/1828/5062 4209/1832/5063
f 4207/1831/5064 4150/1828/5065 4041/1829/5066
f 4043/1824/5067 4150/1828/5068 4160/1851/5069
s 1
f 4160/1851/5070 4112/1823/5071 4043/1824/5072
f 4404/2546/4987 4389/1889/4986 4439/2340/4471
f 4404/2546/4987 4439/2340/4471 4441/1929/4470
f 4339/2483/4840 4404/2546/4987 4442/2548/4989
f 4442/2548/4989 4404/2546/4987 4441/1929/4470
f 4442/2548/4989 4443/2549/5073 4435/2547/4988
f 4308/2485/4842 4443/2549/5074 4368/2492/4852
f 4368/2492/4852 4478/2563/5075 4345/2488/4851
f 4478/2563/5075 4368/2492/4852 4474/2564/5076
f 4474/2564/5076 4368/2492/4852 4443/2549/5074
s 0
f 4474/2564/5077 4443/2549/5078 4442/2548/5077
f 4442/2548/5079 4473/2565/5079 4474/2564/5079
s 1
f 4478/2563/5075 4474/2564/5076 4473/2565/5080
s 0
f 4473/2565/5081 4442/2548/5081 4441/1929/5081
f 4473/2565/5082 4441/1929/5082 4463/2566/5082
f 2237/2567/5083 2319/2568/5084 2259/2569/5085
s 1
f 2223/2570/5086 2259/2569/5087 2253/2571/5088
s 0
f 2223/2570/5089 2211/2572/5090 2202/2573/5091
s 1
f 2202/2573/549 2148/2574/552 1980/2575/550
f 2114/2576/553 2074/2577/554 1928/2578/551
f 2022/2579/557 2129/2580/556 2063/2581/5092
f 2022/2579/557 2063/2581/5092 2042/2582/5093
f 2022/2579/557 2042/2582/5093 1899/2583/567
f 2042/2582/5093 2019/2584/5094 1899/2585/567
f 1899/2585/567 2019/2584/5094 2043/2586/565
f 2054/2587/559 2043/2586/565 2050/2588/5095
f 2054/2587/559 2070/2589/5096 1952/2590/560
f 1952/2590/560 2207/2591/5097 2185/2592/561
f 2070/2589/5096 2054/2587/559 2169/2593/5098
f 2169/2593/5098 2054/2587/559 2071/2594/5099
f 2071/2594/5099 2054/2587/559 2050/2588/5095
f 2050/2588/5095 2043/2586/565 2019/2584/5094
f 2050/2588/5095 2019/2584/5094 2209/2595/5100
f 2050/2588/5095 2209/2595/5100 2071/2594/5099
f 2150/2596/5101 2042/2582/5093 2063/2581/5092
f 2150/2596/5101 2063/2581/5092 2129/2580/556
f 2150/2596/5101 2129/2580/556 2231/2597/5102
f 2231/2597/5102 2129/2580/556 2234/2598/5103
f 2129/2580/556 2074/2577/554 2234/2598/5103
f 2074/2577/554 2114/2576/553 2234/2598/5103
f 2114/2576/553 2148/2574/552 2261/2599/5104
f 2261/2599/5104 2148/2574/552 2202/2573/549
f 2211/2572/5105 2223/2570/5086 2253/2571/5088
f 2253/2571/5088 2259/2569/5087 2319/2568/541
f 2253/2571/5088 2319/2568/541 2296/2600/5106
f 2202/2573/549 2211/2572/5107 2277/2601/5108
f 2202/2573/549 2277/2601/5108 2261/2599/5104
f 2231/2597/5102 2297/2602/5109 2150/2596/5101
f 2150/2596/5101 2297/2602/5109 2318/2603/5110
f 2329/2604/5111 2318/2603/5110 2320/2605/5112
f 2150/2596/5101 2318/2603/5110 2042/2582/5093
f 2042/2582/5093 2318/2603/5110 2329/2604/5111
f 2019/2584/5094 2042/2582/5093 2329/2604/5111
f 2209/2595/5100 2019/2584/5094 2329/2604/5111
f 2209/2595/5100 2195/2606/5113 2071/2594/5099
f 2195/2606/5113 2169/2593/5098 2071/2594/5099
s 0
f 2070/2589/5114 2169/2593/5115 2220/2607/5116
f 2070/2589/5117 2220/2607/5118 2207/2591/5119
s 1
f 1952/2590/560 2070/2589/5096 2207/2591/5097
f 2207/2591/5097 2220/2607/5120 2252/2608/5121
f 2220/2607/5120 2169/2593/5098 2195/2606/5113
f 2392/2609/5122 2252/2608/5121 2220/2607/5120
f 2344/2610/5123 2392/2609/5122 2220/2607/5120
f 2220/2607/5120 2325/2611/5124 2344/2610/5123
f 2392/2609/5122 2344/2610/5123 2568/2612/5125
f 2568/2612/5125 2344/2610/5123 2414/2613/5126
f 2414/2613/5126 2344/2610/5123 2394/2614/5127
f 2528/2615/5128 2394/2614/5127 2348/2616/5129
f 2325/2611/5124 2394/2614/5127 2344/2610/5123
f 2394/2614/5127 2325/2611/5124 2348/2616/5129
f 2372/2617/5130 2318/2603/5110 2538/2618/5131
f 2318/2603/5110 2372/2617/5130 2320/2605/5112
f 2320/2605/5112 2372/2617/5130 2348/2616/5129
f 2538/2618/5131 2318/2603/5110 2387/2619/5132
s 0
f 2329/2604/5133 2348/2616/5134 2325/2611/5135
s 1
f 2320/2605/5112 2348/2616/5129 2329/2604/5111
s 0
f 2325/2611/5136 2195/2606/5137 2329/2604/5138
s 1
f 2325/2611/5124 2220/2607/5120 2195/2606/5113
f 2329/2604/5111 2195/2606/5113 2209/2595/5100
s 0
f 504/1266/5139 417/1265/5140 350/2442/5141
s 1
f 525/1270/2124 433/1269/2123 494/1268/2122
f 619/2620/5142 525/1270/2124 494/1268/2122
f 542/1271/2125 504/1266/2120 525/1270/2124
f 576/1273/221 542/1271/2125 525/1270/2124
f 576/1273/221 525/1270/2124 584/2621/220
f 689/1274/216 584/2621/220 619/2620/5142
f 618/1275/2129 689/1274/216 619/2620/5142
f 596/1283/2134 618/1275/2129 590/1285/2150
f 590/1285/2150 618/1275/2129 597/2622/5143
f 597/2622/5143 618/1275/2129 619/2620/5142
f 619/2620/5142 584/2621/220 525/1270/2124
f 619/2620/5142 515/1267/2121 597/2622/5143
f 515/1267/2121 619/2620/5142 494/1268/2122
f 590/1285/2150 597/2622/5143 515/1267/2121
f 590/1285/2150 515/1267/2121 463/1291/2151
f 383/1158/1895 389/1157/1894 211/2623/2359
f 389/1157/1894 323/1179/1996 211/2623/2359
f 3436/1683/2907 3284/1703/4307 3283/1711/2986
f 3427/1714/2987 3283/1711/2986 3360/1709/2978
f 4274/1893/3360 4242/2486/4843 4218/1895/5144
s 0
f 4210/1901/5145 4247/1899/5146 4345/2488/5147
s 1
f 4345/2488/4851 4247/1899/5148 4297/2487/4844
f 4247/1899/5148 4163/1898/5149 4297/2487/4844
f 4163/1898/5150 4218/1895/5144 4242/2486/4843
s 0
f 4218/1895/5151 4155/1894/5152 4274/1893/5153
f 4242/2486/5154 4297/2487/5155 4163/1898/5156
s 1
f 2257/2624/539 2358/214/316 2296/2600/5106
f 2319/2568/541 2257/2624/539 2296/2600/5106
s 0
f 2358/214/5157 2423/220/5158 2296/2600/5159
s 1
f 2423/220/5160 2461/2625/5161 2296/2600/5106
s 0
f 2423/220/5162 2475/223/5163 2461/2625/5164
s 1
f 2479/2626/5165 2461/2625/5161 2475/223/5166
f 2475/223/5166 2522/2627/5167 2479/2626/5165
f 2475/223/5166 2571/233/355 2522/2627/5167
f 2563/2628/5168 2522/2627/5167 2571/233/355
f 2467/2629/5169 2479/2626/5165 2522/2627/5167
f 2571/233/355 2662/2630/5170 2563/2628/5168
f 2571/233/355 2654/239/365 2662/2630/5170
f 2651/2631/5171 2662/2630/5170 2692/2632/5172
f 2662/2630/5170 2654/239/365 2692/2632/5172
f 2651/2631/5171 2692/2632/5172 2726/2633/5173
f 2662/2630/5170 2651/2631/5171 2563/2628/5168
f 2615/2634/5174 2651/2631/5171 2726/2633/5173
f 2615/2634/5174 2726/2633/5173 2650/2635/5175
f 2650/2635/5175 2726/2633/5173 2790/1059/1737
f 2650/2635/5175 2506/2636/5176 2615/2634/5174
f 2651/2631/5171 2615/2634/5174 2563/2628/5168
f 2406/2637/5177 2563/2628/5168 2615/2634/5174
f 2352/2638/5178 2650/2635/5175 2492/2639/5179
f 2506/2636/5176 2261/2599/5104 2615/2634/5174
f 2261/2599/5104 2277/2601/5108 2615/2634/5174
s 0
f 2406/2637/5180 2615/2634/5181 2277/2601/5182
s 1
f 2352/2638/5178 2506/2636/5176 2650/2635/5175
f 2403/2640/5183 2352/2638/5178 2492/2639/5179
f 2234/2598/5103 2352/2638/5178 2297/2602/5109
f 2234/2598/5103 2297/2602/5109 2231/2597/5102
f 2506/2636/5176 2234/2598/5103 2114/2576/553
f 2234/2598/5103 2506/2636/5176 2352/2638/5178
f 2506/2636/5176 2114/2576/553 2261/2599/5104
s 0
f 2406/2637/5184 2277/2601/5185 2211/2572/5186
s 1
f 2467/2629/5169 2406/2637/5177 2253/2571/5088
f 2406/2637/5177 2467/2629/5169 2563/2628/5168
f 2467/2629/5169 2522/2627/5167 2563/2628/5168
f 2467/2629/5169 2461/2625/5161 2479/2626/5165
f 2461/2625/5161 2467/2629/5169 2253/2571/5088
f 2253/2571/5088 2406/2637/5177 2211/2572/5105
f 2461/2625/5161 2253/2571/5088 2296/2600/5106
f 1568/2545/4985 1611/830/1397 1606/2544/4984
f 1611/830/1397 1568/2545/4985 1546/831/1398
f 1648/791/1333 1625/843/1418 1546/831/1398
f 457/1159/1896 384/1180/1995 389/1157/1894
f 3140/1523/2563 3291/2447/4761 3163/1522/2558
f 3163/1522/2558 3291/2447/4761 3281/1521/2557
f 3114/1514/2544 3300/1519/2555 3224/2453/4762
f 3224/2453/4762 3211/1518/2554 3114/1514/2544
f 3351/2456/5187 3211/1518/2554 3224/2453/4762
f 3179/2494/4866 3183/2495/4867 3227/2559/5028
f 3227/2559/5028 3092/2415/4655 3231/2288/4312
f 3227/2559/5028 3183/2495/4867 3092/2415/4655
f 3231/2288/4312 3117/2417/4657 3173/2435/5188
s 0
f 3173/2435/5189 3090/2434/5190 3221/2291/5191
f 3173/2435/5192 3235/2290/5193 3231/2288/5194
s 1
f 3227/2559/5028 3231/2288/4312 3314/2289/2979
f 3227/2559/5028 3283/2641/2986 3284/2283/4307
f 3283/2641/2986 3227/2559/5028 3314/2289/2979
f 3789/2054/3748 3931/2053/3747 3870/2066/3803
s 0
f 3789/2054/5195 3870/2066/5196 3888/2068/5197
f 3789/2054/5198 3888/2068/5199 3778/2126/5200
s 1
f 3778/2126/3911 3888/2068/3796 3811/2135/3924
f 3712/2127/3912 3778/2126/3911 3811/2135/3924
f 3810/2642/5201 3731/2121/3904 3805/2123/3908
f 3731/2121/3904 3810/2642/5201 3749/2119/3905
f 3806/2134/3923 3784/2132/3921 3889/2643/5202
f 3889/2643/5202 3784/2132/3921 3925/2069/3798
f 3889/2643/5202 3878/2074/5203 3806/2134/3923
f 3878/2074/3807 3881/2644/5204 3805/2123/3908
f 3805/2123/3908 3881/2644/5204 3853/2645/5205
s 0
f 3805/2123/5206 3806/2134/5207 3878/2074/5208
s 1
f 3810/2642/5201 3805/2123/3908 3853/2645/5205
f 3853/2645/5205 3855/2646/5209 3810/2642/5201
f 3810/2642/5201 3855/2646/5209 3749/2119/3905
s 0
f 3818/2116/5210 3749/2119/5211 3855/2646/5212
f 3818/2116/5213 3855/2646/5214 3867/2114/5215
f 3990/2110/5216 3867/2114/5217 3855/2646/5218
s 1
f 3881/2644/5204 3975/2647/5219 3853/2645/5205
f 3881/2644/5204 3878/2074/3807 3974/2073/3806
f 3881/2644/5204 3974/2073/3806 3975/2647/5219
f 4005/2102/3861 3853/2645/5205 3975/2647/5219
f 3855/2646/5209 3853/2645/5205 4005/2102/3861
f 3811/2135/3924 3925/2069/3798 3784/2132/3921
f 3925/2069/3798 3811/2135/3924 3888/2068/3796
f 4202/2543/4983 4182/1816/3211 4203/2562/5040
f 3681/2496/5220 3793/2232/4199 3787/2230/4197
s 0
f 3793/2232/5221 3681/2496/5222 3758/2234/5223
s 1
f 3758/2234/4872 3708/2497/4874 3762/2648/5224
f 3758/2234/4872 3762/2648/5224 3820/2326/5225
f 3820/2326/5225 3762/2648/5224 3841/2328/4430
f 3841/2328/4430 3762/2648/5224 3831/2329/4431
f 3734/2333/4435 3831/2329/4431 3762/2648/5224
s 0
f 3762/2648/5226 3698/2649/5227 3734/2333/5228
s 1
f 3734/2333/4435 3698/2649/4786 3675/2650/4788
f 3764/2331/4433 3675/2650/4788 3673/2651/5229
f 3675/2650/4788 3764/2331/4433 3734/2333/4435
f 3782/2332/4434 3764/2331/4433 3673/2651/5229
f 3782/2332/4434 3673/2651/5229 3802/2537/4976
f 3673/2651/5229 3722/2652/5230 3802/2537/4976
f 3722/2652/5230 3690/2653/5231 3802/2537/4976
f 3802/2537/4976 3690/2653/5231 3779/2538/4977
f 252/1443/2436 211/1422/5026 173/1444/2437
f 211/1422/5026 165/1445/2439 173/1444/2437
f 3281/1521/2557 3350/2451/2704 3242/1520/2556
f 3299/2449/2705 3350/2451/2704 3281/1521/2557
f 4080/2654/3218 3968/2534/3217 3987/2655/3231
f 4014/2542/4982 4081/2656/3230 4049/2657/3229
f 3901/2327/4428 3959/2535/4969 3968/2534/3217
f 3968/2534/3217 3959/2535/4969 3987/2655/3231
f 4049/2657/3229 3987/2655/3231 3959/2535/4969
f 4049/2657/3229 4016/2541/4981 4014/2542/4982
f 4016/2541/4981 4049/2657/3229 3959/2535/4969
f 4272/2261/4258 4318/2658/5232 4371/2659/5233
f 4318/2658/5232 4272/2261/4258 4180/2561/5036
f 4318/2658/5232 4180/2561/5036 4290/1849/3285
f 4372/2660/5234 4318/2658/5232 4290/1849/3285
s 0
f 4261/1847/5235 4319/1845/5236 4398/2661/5237
s 1
f 4290/1849/3285 4261/1847/3284 4398/2661/5238
f 4318/2658/5232 4372/2660/5234 4371/2659/5233
f 4492/2662/5239 4371/2659/5233 4372/2660/5234
f 4371/2659/5233 4492/2662/5239 4430/2262/4259
f 4430/2262/4259 4492/2662/5239 4460/2263/4260
s 0
f 4492/2662/5240 4495/1935/5241 4457/2663/5242
s 1
f 4492/2662/5239 4372/2660/5234 4495/1935/5243
s 0
f 4457/2663/5244 4495/1935/5245 4490/1934/5246
s 1
f 4495/1935/5243 4372/2660/5234 4370/2664/5247
f 4372/2660/5234 4290/1849/3285 4370/2664/5247
f 4370/2664/5247 4290/1849/3285 4398/2661/5238
s 0
f 4394/1844/5248 4385/1838/5249 4427/1837/5250
f 4394/1844/5251 4427/1837/5252 4429/1843/5253
f 4422/2665/5254 4319/1845/5255 4394/1844/5256
s 1
f 4422/2665/5257 4394/1844/5258 4429/1843/3265
f 4429/1843/3265 4497/1841/3261 4422/2665/5257
f 4490/1934/5259 4493/1842/5260 4461/2666/5261
s 0
f 4461/2666/5262 4441/1929/5262 4490/1934/5262
s 1
f 4386/2259/4256 4430/2262/4259 4460/2263/4260
f 4430/2262/4259 4272/2261/4258 4371/2659/5233
s 0
f 4460/2263/5263 4492/2662/5264 4457/2663/5265
s 1
f 4460/2263/4260 4457/2663/5266 4456/2264/4265
s 0
f 4490/1934/3451 4441/1929/3451 4457/2663/3451
f 4457/2663/5267 4441/1929/5267 4455/1930/5267
f 4457/2663/5268 4455/1930/5268 4456/2264/5268
f 3242/1520/5269 3300/1519/5270 3147/1516/5271
s 1
f 3300/1519/2555 3114/1514/2544 3165/1515/2549
s 0
f 165/1445/5272 211/1422/5273 225/1421/5274
s 1
f 3549/2480/4816 3455/1682/2906 3440/1712/2983
s 0
f 3518/1713/5275 3549/2480/5276 3440/1712/5277
f 3829/2233/5278 3758/2234/5279 3820/2326/5280
s 1
f 2767/953/1594 2714/956/1597 2550/902/1518
f 2767/953/1594 2550/902/1518 2546/904/1520
s 0
f 2546/904/5281 2623/909/5282 2767/953/5283
s 1
f 2767/953/1594 2623/909/1532 2667/2667/5284
f 2767/953/1594 2667/2667/5284 2755/951/1592
f 2755/951/1592 2667/2667/5284 2701/949/1590
f 2667/2667/5284 2623/909/1532 2604/911/1534
f 2667/2667/5284 2604/911/1534 2640/2668/5285
f 2701/949/1590 2667/2667/5284 2640/2668/5285
f 2604/911/1534 2605/913/1536 2640/2668/5285
f 2640/2668/5285 2605/913/1536 2639/914/1537
f 2675/2669/5286 2640/2668/5285 2639/914/1537
f 2639/914/1537 2672/923/1546 2675/2669/5286
f 2713/2670/5287 2640/2668/5285 2675/2669/5286
f 2640/2668/5285 2713/2670/5287 2701/949/1590
f 2713/2670/5287 2675/2669/5286 2716/947/1585
f 2701/949/1590 2713/2670/5287 2784/946/1584
f 2713/2670/5287 2716/947/1585 2784/946/1584
f 2723/944/1579 2716/947/1585 2675/2669/5286
f 2709/933/1562 2723/944/1579 2675/2669/5286
f 2672/923/1546 2709/933/1562 2675/2669/5286
f 1625/843/1418 1466/834/5288 1546/831/1398
s 0
f 1466/834/5289 1625/843/5289 1401/833/5290
s 1
f 1215/2502/4898 1220/2501/4897 1048/2503/4902
f 1001/2504/4903 1099/2357/4511 1115/2355/4509
s 0
f 1001/2504/5291 1115/2355/5292 1215/2502/5293
s 1
f 1215/2502/4898 1048/2503/4902 1001/2504/4903
f 1001/2504/4903 965/887/1490 957/890/1492
s 0
f 1099/2357/5294 957/890/5295 926/891/5296
s 1
f 1099/2357/5297 926/891/5298 1002/892/5299
f 957/890/1492 1099/2357/4511 1001/2504/4903
f 274/1217/2031 221/2443/2185 291/1216/2030
f 278/2671/4946 244/2672/4948 345/1289/2144
f 261/2445/4949 278/2671/4946 345/1289/2144
f 261/2445/4949 345/1289/2144 360/1294/2159
f 1758/535/868 1924/543/884 1830/330/867
f 477/2558/5015 418/1198/1993 449/2011/3626
f 418/1198/1993 477/2558/5015 483/1185/5300
f 20/2673/4667 52/1397/2326 49/1404/2338
f 52/1397/2326 94/1396/2325 146/1411/2348
f 52/1397/2326 146/1411/2348 60/1405/2339
s 0
f 20/2673/5301 49/1404/5302 3130/1399/5303
s 1
f 3313/2454/2710 3300/1519/2555 3312/2674/2707
f 3313/2454/2710 3369/2455/2711 3224/2453/4762
f 3347/2675/4167 3243/2457/4766 3306/2458/4164
s 0
f 3345/2676/5304 3243/2457/5305 3347/2675/5306
s 1
f 3351/2456/4162 3306/2458/4164 3071/1511/4767
s 0
f 3379/1707/5307 3341/1704/5308 3440/1712/5309
s 1
f 3324/1730/3017 3338/1729/3016 3435/1720/3006
f 3366/1726/3015 3419/1725/3007 3338/1729/3016
f 3338/1729/3016 3419/1725/3007 3435/1720/3006
s 0
f 3435/1720/5310 3413/1718/5311 3324/1730/5312
f 3332/1716/5313 3324/1730/5314 3413/1718/5315
s 1
f 3476/1719/2995 3413/1718/2994 3435/1720/5316
s 0
f 3925/2069/5317 3947/2072/5318 3889/2643/5319
f 3878/2074/5320 3889/2643/5321 3947/2072/5322
f 221/1320/5323 136/1322/5324 273/2531/5325
f 136/1322/5326 204/2524/5327 273/2531/5328
s 1
f 273/2531/4950 204/2524/4943 178/2525/4944
f 2515/311/471 2451/549/913 2510/2677/1812
f 2451/549/913 2515/311/471 2477/314/474
f 2435/2678/1813 2451/549/913 2224/548/897
f 2451/549/913 2477/314/474 2432/313/473
s 0
f 146/1411/5329 167/1416/5330 151/1410/5331
s 1
f 60/1405/2339 138/1409/2356 49/1404/2338
s 0
f 49/1404/5332 138/1409/5333 39/1400/5334
s 1
f 129/2523/4930 143/2520/4925 178/2525/4944
f 178/2525/4944 143/2520/4925 174/2526/4945
s 0
f 174/2526/5335 143/2520/5336 38/2517/5337
s 1
f 132/2679/4924 174/2526/4945 38/2517/4922
f 3024/2515/2532 143/2520/4925 129/2523/4930
f 123/2521/5338 137/2522/4939 136/1322/4938
f 179/1447/2441 159/1426/2363 88/2173/4058
f 88/2173/4058 159/1426/2363 167/1416/2357
s 0
f 146/1411/5339 94/1396/5340 106/2172/5341
s 1
f 38/2517/4922 3048/2516/2533 3093/2680/2541
f 10/2681/4923 38/2517/4922 3093/2680/2541
f 10/2681/4923 3093/2680/2541 3096/2682/2543
f 3048/2516/2533 38/2517/4922 36/2514/4921
s 0
f 2654/239/5342 2680/238/5343 2721/2683/5344
s 1
f 2680/238/364 2735/2684/5345 2721/2683/5346
f 2735/2684/5345 2680/238/364 2796/257/390
f 2796/257/390 2792/256/389 2735/2684/5345
f 2792/256/389 2790/1059/1737 2735/2684/5345
f 2735/2684/5345 2726/2633/5173 2721/2683/5346
f 2654/239/365 2721/2683/5346 2692/2632/5172
f 2726/2633/5173 2692/2632/5172 2721/2683/5346
f 2790/1059/1737 2726/2633/5173 2735/2684/5345
f 2715/2685/5347 2790/1059/1737 2820/1058/1733
f 2790/1059/1737 2848/1056/1731 2820/1058/1733
f 2851/1055/1730 2820/1058/1733 2833/1054/1729
f 2853/2686/5348 2851/1055/1730 2865/1045/1720
f 2865/1045/1720 2851/1055/1730 2890/1053/1728
f 2853/2686/5348 2865/1045/1720 2868/2687/5349
f 2868/2687/5349 2883/2688/5350 2825/2689/5351
f 2825/2689/5351 2883/2688/5350 2834/2690/5352
f 2834/2690/5352 2883/2688/5350 2872/2691/5353
f 2834/2690/5352 2872/2691/5353 2869/2692/5354
f 2869/2692/5354 2872/2691/5353 2919/2693/5355
f 2932/1037/1712 2872/2691/5353 2883/2688/5350
f 2932/1037/1712 2883/2688/5350 2935/1039/1714
f 2935/1039/1714 2883/2688/5350 2868/2687/5349
f 2935/1039/1714 2868/2687/5349 2865/1045/1720
f 2947/1040/1715 2865/1045/1720 2890/1053/1728
f 2920/1044/1719 2947/1040/1715 2890/1053/1728
f 2920/1044/1719 2890/1053/1728 2916/1046/1721
f 3408/2210/4155 3388/1590/2712 3313/1588/2710
f 3388/1590/2712 3373/2209/4154 3369/1589/2711
s 0
f 3369/1589/5356 3373/2209/5357 3351/2211/5358
s 1
f 3373/2209/4154 3462/2212/4163 3351/2211/4162
f 3974/2073/3806 4017/2108/3873 3975/2647/5219
f 3974/2073/3806 4162/2101/3860 4017/2108/3873
f 4017/2108/3873 4066/2103/3862 4005/2102/3861
f 3975/2647/5219 4017/2108/3873 4005/2102/3861
f 4066/2694/3862 4119/1902/3374 4139/2695/5359
s 0
f 4133/2696/5360 4066/2694/5361 4139/2695/5362
s 1
f 4005/2697/3861 4133/2696/3863 4157/2698/5363
f 2624/1117/1820 2609/1116/1816 2510/1107/1812
f 4478/2563/5075 4473/2565/5080 4479/2699/5364
s 0
f 4479/2699/5365 4473/2565/5366 4424/2700/5367
f 4473/2565/5368 4477/2701/5369 4424/2700/5370
s 1
f 4424/2700/5371 4480/2702/5372 4314/2491/5373
f 4314/2491/5373 4480/2702/5372 4348/2703/5374
f 4314/2491/5373 4348/2703/5374 4338/2704/5375
f 4314/2491/5373 4338/2704/5375 4256/2490/5376
f 4295/2489/5377 4256/2490/5376 4210/1901/3372
f 4256/2490/5376 4338/2704/5375 4249/2705/5378
f 4210/1901/3372 4256/2490/5376 4133/2696/5379
f 4133/2696/5379 4256/2490/5376 4249/2705/5378
f 4139/2695/5359 4119/1902/3374 4210/1901/3372
f 4133/2696/5379 4139/2695/5359 4210/1901/3372
f 4495/1935/5243 4370/2664/5247 4425/2706/5380
f 4493/1842/5381 4495/1935/5243 4425/2706/5380
f 4493/1842/5381 4425/2706/5380 4497/1841/3261
f 4497/1841/3261 4425/2706/5380 4422/2665/5257
f 4422/2665/5257 4425/2706/5380 4319/1845/5382
f 4319/1845/5382 4425/2706/5380 4398/2661/5238
f 4425/2706/5380 4370/2664/5247 4398/2661/5238
f 360/1294/2159 499/1284/5383 487/1286/2149
f 345/1289/2144 499/1284/5383 360/1294/2159
f 366/1290/2145 345/1289/2144 244/2672/4948
s 0
f 366/1290/5384 244/2672/5385 357/2707/5386
f 3525/2471/5387 3565/2479/5388 3588/2708/5389
s 1
f 3543/2709/5390 3575/2710/5391 3521/1724/5392
s 0
f 3517/1721/5393 3521/1724/5394 3575/2710/5395
s 1
f 3435/1720/5316 3513/1722/5396 3476/1719/2995
f 3517/1721/5397 3552/2711/5398 3513/1722/5396
f 3476/1719/2995 3513/1722/5396 3565/2479/5399
f 3552/2711/5398 3517/1721/5397 3575/2710/5400
f 3565/2479/5399 3513/1722/5396 3552/2711/5398
f 3586/2477/4802 3525/2471/4787 3698/2470/4786
f 3552/2711/5398 3722/2712/5230 3565/2479/5399
f 3722/2712/5230 3588/2708/5401 3565/2479/5399
f 3552/2711/5398 3575/2710/5400 3722/2712/5230
s 0
f 3733/2713/5402 3575/2710/5403 3543/2709/5404
f 3575/2710/5405 3733/2713/5406 3690/2714/5407
s 1
f 3575/2710/5400 3690/2714/5231 3722/2712/5230
f 3588/2708/5401 3722/2712/5230 3673/2473/5229
s 0
f 3525/2471/5408 3588/2708/5409 3673/2473/5410
s 1
f 3855/2646/5209 4005/2102/3861 3990/2110/5411
f 3867/2114/5412 3990/2110/5413 4076/2107/5414
f 3867/2114/5412 4076/2107/5414 4064/2111/5415
f 4295/2489/5416 4479/2699/5364 4314/2491/5373
s 0
f 4295/2489/5417 4345/2488/5418 4478/2563/5419
s 1
f 4295/2489/5416 4478/2563/5075 4479/2699/5364
f 4314/2491/5373 4479/2699/5364 4424/2700/5371
f 2814/1085/1775 2806/1083/1773 2828/1095/1788
f 2862/1086/1776 2814/1085/1775 2828/1095/1788
f 2435/2678/1813 2224/548/897 2351/552/909
f 1258/2715/4507 1255/2716/4504 1361/2717/4506
s 0
f 1255/2716/5420 1258/2715/5421 1223/2718/5422
s 1
f 1223/2718/5423 1258/2715/4507 1171/2719/4510
f 1171/2719/4510 1258/2715/4507 1278/2720/4508
f 1301/2721/5424 1255/2716/4504 1197/2722/5425
f 1255/2716/4504 1301/2721/5424 1417/2723/5426
f 1255/2716/4504 1417/2723/5426 1487/2724/4505
f 1428/2725/5427 1417/2723/5426 1301/2721/5424
f 1332/2726/5428 1301/2721/5424 1259/2727/5429
f 1301/2721/5424 1332/2726/5428 1428/2725/5427
f 1645/2728/5430 1417/2723/5426 1428/2725/5427
f 1672/2729/886 1417/2723/5426 1645/2728/5430
f 1645/2728/5430 1428/2725/5427 1455/2730/5431
f 1455/2730/5431 1428/2725/5427 1332/2726/5428
f 1455/2730/5431 1415/2731/5432 1609/2732/5433
f 1609/2732/5433 1415/2731/5432 1524/2733/5434
f 1524/2733/5434 1415/2731/5432 1400/2734/5435
f 1415/2731/5432 1455/2730/5431 1332/2726/5428
f 1400/2734/5435 1415/2731/5432 1373/2735/5436
f 1400/2734/5435 1373/2735/5436 1433/2736/5437
f 1433/2736/5437 1472/2737/5438 1641/2738/5439
f 1524/2733/5434 1400/2734/5435 1691/2739/5440
f 1691/2739/5440 1400/2734/5435 1433/2736/5437
f 1609/2732/5433 1524/2733/5434 1694/2740/5441
f 1417/2723/5426 1672/2729/886 1757/2741/885
f 1922/2742/887 1672/2729/886 1645/2728/5430
f 1645/2728/5430 1455/2730/5431 1609/2732/5433
f 1691/2739/5440 1694/2740/5441 1524/2733/5434
f 1433/2736/5437 1641/2738/5439 1691/2739/5440
f 1641/2738/5439 1472/2737/5438 1523/2743/5442
f 1641/2738/5439 1523/2743/5442 1605/2744/5443
f 1694/2740/5441 1691/2739/5440 1692/2745/5444
f 1609/2732/5433 1694/2740/5441 1729/2746/5445
f 1645/2728/5430 1609/2732/5433 1729/2746/5445
s 0
f 1645/2728/5446 1729/2746/5447 1956/2747/5448
s 1
f 1956/2747/5449 1729/2746/5445 1860/2748/5450
s 0
f 2109/2749/5451 1922/2742/5452 1956/2747/5453
s 1
f 1922/2742/887 2109/2749/5454 2062/2750/896
f 2109/2749/5455 1956/2747/5449 1986/2751/5456
f 1986/2751/5456 1956/2747/5449 1860/2748/5450
f 1860/2748/5450 1729/2746/5445 1692/2745/5444
f 1692/2745/5444 1729/2746/5445 1694/2740/5441
f 1692/2745/5444 1691/2739/5440 1743/2752/5457
f 1743/2752/5457 1691/2739/5440 1730/2753/5458
f 1691/2739/5440 1641/2738/5439 1730/2753/5458
f 1641/2738/5439 1686/2754/5459 1730/2753/5458
f 1686/2754/5459 1641/2738/5439 1605/2744/5443
f 1702/2755/5460 1605/2744/5443 1603/2756/5461
f 1603/2756/5461 1605/2744/5443 1523/2743/5442
f 1603/2756/5461 1523/2743/5442 1391/2757/5462
f 1391/2757/5462 1523/2743/5442 1472/2737/5438
f 1391/2757/5462 1472/2737/5438 1375/2758/5463
f 1472/2737/5438 1433/2736/5437 1365/2759/5464
f 1472/2737/5438 1365/2759/5464 1375/2758/5463
f 1391/2757/5462 1514/2760/5465 1603/2756/5461
f 1514/2760/5465 1456/2761/5466 1470/2762/5467
f 1514/2760/5465 1391/2757/5462 1307/2763/5468
f 1456/2761/5466 1514/2760/5465 1307/2763/5468
f 1205/2764/5469 1470/2762/5467 1456/2761/5466
f 1456/2761/5466 1307/2763/5468 1205/2764/5469
f 1271/2765/5470 1391/2757/5462 1375/2758/5463
f 1271/2765/5470 1375/2758/5463 1365/2759/5464
f 1365/2759/5464 1433/2736/5437 1309/2766/5471
f 1309/2766/5471 1433/2736/5437 1373/2735/5436
f 1373/2735/5436 1415/2731/5432 1332/2726/5428
f 1373/2735/5436 1239/2767/5472 1309/2766/5471
f 1373/2735/5436 1332/2726/5428 1167/2768/5473
f 1167/2768/5473 1332/2726/5428 1259/2727/5429
f 1239/2767/5472 1373/2735/5436 1167/2768/5473
f 1259/2727/5429 1301/2721/5424 1197/2722/5425
f 1197/2722/5425 1255/2716/4504 1223/2718/5423
f 1197/2722/5425 1223/2718/5423 1171/2719/4510
f 1197/2722/5425 1171/2719/4510 1040/2769/5474
f 1040/2769/5474 1171/2719/4510 1099/2770/4511
f 1197/2722/5425 1040/2769/5474 1129/2771/5475
f 1129/2771/5475 1167/2768/5473 1259/2727/5429
f 1129/2771/5475 1259/2727/5429 1197/2722/5425
f 1098/2772/5476 1129/2771/5475 1040/2769/5474
f 1131/2773/5477 1167/2768/5473 1129/2771/5475
f 1167/2768/5473 1131/2773/5477 1097/2774/5478
f 1239/2767/5472 1167/2768/5473 1097/2774/5478
f 1239/2767/5472 1097/2774/5478 1174/2775/5479
f 1239/2767/5472 1174/2775/5479 1309/2766/5471
f 1174/2775/5479 1253/2776/5480 1309/2766/5471
f 1309/2766/5471 1253/2776/5480 1365/2759/5464
f 1365/2759/5464 1253/2776/5480 1271/2765/5470
f 1271/2765/5470 1285/2777/5481 1391/2757/5462
f 1391/2757/5462 1285/2777/5481 1307/2763/5468
f 1205/2764/5469 1331/2778/5482 1470/2762/5467
f 1470/2762/5467 1331/2778/5482 1344/2779/5483
f 1344/2779/5483 1343/2780/5484 1383/2781/5485
f 1344/2779/5483 1331/2778/5482 1343/2780/5484
f 1205/2764/5469 1307/2763/5468 1285/2777/5481
f 1231/2782/5486 1285/2777/5481 1271/2765/5470
f 1231/2782/5486 1271/2765/5470 1253/2776/5480
f 1253/2776/5480 1174/2775/5479 1173/2783/5487
f 1253/2776/5480 1173/2783/5487 1231/2782/5486
f 1205/2764/5469 1189/2784/5488 1331/2778/5482
f 1331/2778/5482 1192/2785/5489 1218/2786/5490
f 1331/2778/5482 1189/2784/5488 1192/2785/5489
f 1189/2784/5488 1205/2764/5469 1285/2777/5481
s 0
f 1189/2784/5491 1285/2777/5492 1083/2787/5493
s 1
f 1083/2787/5494 1285/2777/5481 1231/2782/5486
f 1231/2782/5486 1173/2783/5487 1083/2787/5494
f 1083/2787/5494 1173/2783/5487 1119/2788/5495
f 1119/2788/5495 1173/2783/5487 1174/2775/5479
f 1119/2788/5495 1174/2775/5479 1097/2774/5478
f 1131/2773/5477 1129/2771/5475 1098/2772/5476
f 1097/2774/5478 1131/2773/5477 1098/2772/5476
f 1119/2788/5495 1097/2774/5478 1060/2789/5496
f 1060/2789/5496 1097/2774/5478 1098/2772/5476
s 0
f 1040/2769/5497 1099/2790/5498 1002/2791/5499
s 1
f 1098/2772/5476 1040/2769/5474 1002/2791/5500
s 0
f 925/2792/5501 989/2793/5502 1002/2791/5503
s 1
f 993/2794/5504 989/2793/5505 857/2795/5506
f 952/2796/5507 978/2797/5508 993/2794/5504
f 993/2794/5504 978/2797/5508 1060/2789/5496
f 993/2794/5504 1060/2789/5496 989/2793/5505
f 989/2793/5505 1060/2789/5496 1098/2772/5476
s 0
f 989/2793/5509 1098/2772/5510 1002/2791/5511
s 1
f 1060/2789/5496 1083/2787/5494 1119/2788/5495
f 1017/2798/5512 1083/2787/5494 978/2797/5508
f 978/2797/5508 1083/2787/5494 1060/2789/5496
f 1017/2798/5512 1189/2784/5513 1083/2787/5494
s 0
f 1189/2784/5514 1017/2798/5515 1080/2799/5516
f 1080/2799/5517 1017/2798/5518 990/2800/5519
f 990/2800/5520 1017/2798/5521 916/2801/5522
s 1
f 1017/2798/5512 978/2797/5508 916/2801/5523
f 916/2801/5523 978/2797/5508 952/2796/5507
f 874/2802/5524 952/2796/5507 993/2794/5504
f 916/2801/5523 952/2796/5507 844/2803/5525
f 844/2803/5525 952/2796/5507 874/2802/5524
f 993/2794/5504 857/2795/5506 874/2802/5524
f 989/2793/5505 925/2792/1497 857/2795/5506
f 857/2795/5506 925/2792/1497 876/2804/1499
f 857/2795/5506 876/2804/1499 788/2805/5526
s 0
f 874/2802/5527 857/2795/5528 855/2806/5529
f 874/2802/5530 855/2806/5531 849/2807/5532
s 1
f 874/2802/5524 849/2807/5533 844/2803/5525
f 849/2807/5533 731/2808/5534 844/2803/5525
s 0
f 709/2809/5535 849/2807/5536 855/2806/5537
s 1
f 731/2808/5534 849/2807/5533 709/2809/5538
f 844/2803/5525 731/2808/5534 816/2810/5539
f 788/2805/5526 855/2806/5540 857/2795/5506
s 0
f 788/2805/5541 876/2804/5542 817/2811/5543
f 817/2811/5544 876/2804/5545 804/2812/5546
s 1
f 817/2811/192 800/2813/194 642/2814/2130
f 817/2811/192 642/2814/2130 705/2815/5547
f 642/2814/2130 800/2813/194 711/2816/218
f 642/2814/2130 711/2816/218 704/2817/217
f 642/2814/2130 622/2818/2132 705/2815/5547
s 0
f 721/2819/5548 705/2815/5549 622/2818/5550
s 1
f 721/2819/5551 622/2818/2132 637/2820/5552
f 721/2819/5551 637/2820/5552 709/2809/5553
s 0
f 637/2820/5554 636/2821/5555 653/2822/5556
s 1
f 664/2823/5557 605/2824/5558 634/2825/5559
f 653/2822/5560 605/2824/5558 664/2823/5557
f 634/2825/5561 585/2826/5562 663/2827/5563
f 585/2826/5562 633/2828/5564 663/2827/5563
f 663/2827/5563 633/2828/5564 697/2829/5565
f 697/2829/5565 633/2830/5564 583/2831/5566
f 583/2831/5566 728/2832/5567 697/2829/5565
s 0
f 728/2832/5568 583/2831/5569 616/2833/5570
s 1
f 616/2833/5571 695/2834/5572 728/2832/5573
f 695/2834/5572 616/2833/5571 639/2835/5574
s 0
f 713/2836/5575 708/2837/5576 639/2835/5577
s 1
f 713/2836/5578 684/2838/5579 724/2839/5580
f 708/2837/5581 713/2836/5578 724/2839/5580
f 684/2838/5579 780/2840/5582 724/2839/5580
f 780/2840/5582 684/2838/5579 671/2841/5583
f 675/2842/5584 674/2843/5585 742/2844/5586
f 675/2842/5584 696/2845/5587 589/2846/5588
s 0
f 310/1196/5589 418/1198/5590 483/1185/5591
s 1
f 2748/1094/1784 2724/1096/1789 2693/1120/1823
f 2677/2847/5592 2698/1097/1790 2647/1122/1828
f 2698/1097/1790 2748/1094/1784 2647/1122/1828
f 406/1187/1969 475/1186/1968 488/2010/5014
s 0
f 406/1187/5593 488/2010/5594 375/1189/5595
s 1
f 3528/2204/4134 3519/2219/4177 3535/2205/4135
f 3520/2218/5596 3519/2219/4177 3528/2204/4134
s 0
f 3451/2214/5597 3519/2219/5598 3520/2218/5599
s 1
f 3550/2848/5600 3425/2217/5601 3520/2218/5602
s 0
f 3550/2848/5603 3520/2218/5603 3553/2203/5603
s 1
f 3553/2203/4133 3520/2218/5596 3528/2204/4134
f 3550/2848/5604 3553/2203/5605 3636/2849/5606
s 0
f 3636/2849/5607 3553/2203/5608 3703/2850/5609
s 1
f 3680/2202/3909 3703/2850/3906 3553/2203/4133
f 3564/2201/4132 3528/2204/4134 3535/2205/4135
f 2970/1007/1666 2990/1010/1678 2962/1008/1673
f 2990/1010/1678 2975/1006/1665 2999/1015/1687
f 2990/1010/1678 2991/1017/1689 2976/1022/1696
f 2967/1009/1674 2976/1022/1696 2966/974/1618
f 2990/1010/1678 2976/1022/1696 2967/1009/1674
f 2990/1010/1678 2967/1009/1674 2962/1008/1673
f 2650/2635/5175 2790/1059/1737 2715/2685/5347
s 0
f 2650/2635/5610 2715/2685/5611 2648/2851/5612
s 1
f 2648/2851/5613 2492/2639/5179 2650/2635/5175
f 2715/2685/5347 2820/1058/1733 2763/2852/5614
f 2763/2852/5614 2820/1058/1733 2851/1055/1730
f 2763/2852/5614 2851/1055/1730 2853/2686/5348
f 2769/2853/5615 2763/2852/5614 2853/2686/5348
f 2853/2686/5348 2868/2687/5349 2769/2853/5615
f 2834/2690/5352 2812/2854/5616 2762/2855/5617
f 2834/2690/5352 2762/2855/5617 2825/2689/5351
f 2762/2855/5617 2812/2854/5616 2734/2856/5618
f 2734/2856/5618 2812/2854/5616 2690/2857/5619
f 2734/2856/5618 2690/2858/5619 2670/2859/5620
f 2710/2860/5621 2734/2856/5618 2670/2859/5620
f 2734/2856/5618 2710/2860/5621 2762/2855/5617
f 2762/2855/5617 2710/2860/5621 2825/2689/5351
f 2825/2689/5351 2710/2860/5621 2643/2861/5622
f 2670/2859/5620 2646/2862/5623 2608/2863/5624
f 2670/2859/5620 2608/2863/5624 2710/2860/5621
s 0
f 2643/2861/5625 2710/2860/5626 2608/2863/5627
s 1
f 2608/2863/5624 2577/2864/5628 2643/2861/5622
f 2549/2865/5629 2608/2863/5624 2646/2862/5623
f 2549/2865/5629 2646/2862/5623 2574/2866/5630
f 2549/2865/5629 2570/2867/5631 2608/2863/5624
f 2608/2863/5624 2570/2867/5631 2577/2864/5628
f 2577/2864/5628 2591/2868/5632 2643/2861/5622
f 2591/2868/5632 2674/2869/5633 2643/2861/5622
f 2591/2868/5632 2535/2870/5634 2674/2869/5633
f 2648/2851/5613 2674/2869/5633 2492/2639/5179
f 2492/2639/5179 2674/2869/5633 2555/2871/5635
f 2555/2871/5635 2674/2869/5633 2535/2870/5634
f 2535/2870/5634 2591/2868/5632 2538/2618/5131
f 2538/2618/5131 2591/2868/5632 2577/2864/5628
f 2492/2639/5179 2555/2871/5635 2403/2640/5183
f 2555/2871/5635 2387/2619/5132 2403/2640/5183
f 2555/2871/5635 2535/2870/5634 2387/2619/5132
f 2538/2618/5131 2387/2619/5132 2535/2870/5634
f 2570/2867/5631 2348/2616/5129 2372/2617/5130
f 2348/2616/5129 2570/2867/5631 2528/2615/5128
f 2372/2617/5130 2538/2618/5131 2577/2864/5628
f 2372/2617/5130 2577/2864/5628 2570/2867/5631
f 2570/2867/5631 2549/2865/5629 2528/2615/5128
f 2549/2865/5629 2574/2866/5630 2528/2615/5128
f 2528/2615/5128 2414/2613/5126 2394/2614/5127
f 2528/2615/5128 2574/2866/5630 2414/2613/5126
f 2414/2613/5126 2574/2866/5630 2568/2612/5125
f 2109/2872/5454 2165/2873/907 2062/2874/896
s 0
f 2046/2875/5636 2109/2872/5637 1986/2876/5638
f 2109/2872/5639 2046/2875/5640 2165/2873/5641
f 2272/2877/5642 2165/2873/5643 2167/2878/5644
s 1
f 2165/2873/907 2373/2879/1815 2323/2880/908
f 2373/2879/1815 2165/2873/907 2272/2877/5645
f 2251/2881/5646 2272/2877/5645 2167/2878/5647
f 2251/2881/5646 2167/2878/5647 2121/2882/5648
f 2167/2878/5647 2165/2873/5649 2046/2875/5650
f 2167/2878/5647 2046/2875/5650 2121/2882/5648
f 2121/2882/5648 2046/2875/5650 2048/2883/5651
f 2121/2882/5648 2048/2883/5651 2020/2884/5652
f 2046/2875/5650 1986/2885/5456 2048/2883/5651
f 2048/2883/5651 1986/2885/5456 1936/2886/5653
f 2048/2883/5651 1936/2886/5653 2020/2884/5652
f 2117/2887/5654 1942/2888/5655 2229/2889/5656
f 2229/2889/5656 1942/2888/5655 2015/2890/5657
f 2015/2890/5657 2008/2891/5658 2166/2892/5659
f 2038/2893/5660 2039/2894/5661 2245/2895/5662
f 2008/2891/5658 2038/2893/5660 2189/2896/5663
f 2094/2897/5664 2249/2898/5665 2245/2895/5662
f 2094/2897/5664 2245/2895/5662 2039/2894/5661
s 0
f 2094/2897/5666 2270/2899/5667 2249/2898/5666
s 1
f 2436/2900/5668 2269/2901/5669 2011/2902/5670
f 2011/2902/5670 2010/2903/5671 2436/2900/5668
f 2010/2903/5671 2246/2904/5672 2304/2905/5673
f 2304/2905/5673 2246/2904/5672 2307/2906/5674
f 2307/2906/5674 2246/2904/5672 2256/2907/5675
f 2304/2905/5673 2436/2900/5668 2010/2903/5671
f 2245/2895/5662 2324/2908/5676 2038/2893/5660
f 2038/2893/5660 2324/2908/5676 2189/2896/5663
f 2249/2898/5665 2270/2899/5677 2326/2909/5678
f 2384/2910/5679 2249/2898/5665 2326/2909/5678
f 2270/2899/5677 2269/2901/5669 2326/2909/5678
f 2326/2909/5678 2269/2901/5669 2436/2900/5668
f 2455/2911/5680 2304/2905/5673 2396/2912/5681
f 2455/2911/5680 2396/2912/5681 2431/2913/5682
s 0
f 2431/2913/5683 2396/2912/5684 2349/2914/5685
s 1
f 2455/2911/5680 2431/2913/5682 2466/2915/5686
f 2304/2905/5673 2455/2911/5680 2466/2915/5686
f 2304/2905/5673 2466/2915/5686 2533/2916/5687
f 2466/2915/5686 2431/2913/5682 2533/2916/5687
f 2431/2913/5688 2349/2914/5689 2400/2917/5690
f 2400/2917/5690 2349/2914/5689 2312/2918/5691
f 2349/2914/5692 2396/2912/5681 2304/2905/5673
f 2349/2914/5692 2304/2905/5673 2307/2906/5674
f 2230/2919/5693 2349/2914/5692 2307/2906/5674
s 0
f 2349/2914/5694 2230/2919/5695 2312/2918/5696
s 1
f 2230/2919/5693 2307/2906/5674 2256/2907/5675
f 2312/2918/5691 2230/2919/5693 2184/2920/5697
f 2184/2920/5697 2160/2921/5698 2276/2922/5699
f 2133/2923/5700 2310/2924/5701 2241/2925/5702
s 0
f 2133/2923/5703 2241/2925/5704 2183/2926/5705
s 1
f 2183/2926/5706 2276/2922/5699 2160/2921/5698
f 2183/2926/5706 2241/2925/5707 2276/2922/5699
f 2184/2920/5697 2276/2922/5699 2312/2918/5691
s 0
f 2431/2913/5708 2400/2917/5709 2533/2916/5710
s 1
f 2533/2916/5711 2400/2917/5712 2584/2927/5713
f 2443/2928/5714 2400/2917/5690 2419/2929/5715
f 2419/2929/5715 2400/2917/5690 2312/2918/5691
f 2494/2930/5716 2443/2928/5714 2471/2931/5717
s 0
f 2400/2917/5718 2443/2928/5719 2584/2927/5720
s 1
f 2443/2928/5714 2494/2930/5716 2583/2932/5721
f 2443/2928/5714 2583/2932/5721 2584/2927/5722
f 2494/2930/5716 2471/2931/5717 2474/2933/5723
f 2419/2929/5715 2471/2931/5717 2443/2928/5714
f 2419/2929/5715 2312/2918/5691 2276/2922/5699
f 2276/2922/5699 2241/2925/5707 2419/2929/5715
f 2084/2934/5724 2310/2924/5701 2133/2923/5700
f 2310/2924/5701 2084/2934/5724 2258/2935/5725
f 2153/2936/5726 2194/2937/5727 2258/2935/5725
f 2310/2924/5701 2379/2938/5728 2241/2925/5702
s 0
f 2419/2929/5729 2241/2925/5730 2471/2931/5731
f 2379/2938/5732 2471/2931/5733 2241/2925/5734
s 1
f 2313/2939/5735 2379/2938/5728 2310/2924/5701
f 2313/2939/5735 2310/2924/5701 2258/2935/5725
f 2313/2939/5735 2258/2935/5725 2194/2937/5727
f 2313/2939/5735 2194/2937/5727 2383/2940/5736
f 2205/2941/5737 2194/2937/5727 2153/2936/5726
f 2205/2941/5737 2365/2942/5738 2194/2937/5727
f 2365/2942/5738 2383/2940/5736 2194/2937/5727
f 2365/2942/5738 2205/2941/5737 2244/2943/5739
f 2365/2942/5738 2244/2943/5739 2268/2944/5740
f 2268/2944/5740 2328/2945/5741 2365/2942/5738
f 2328/2945/5741 2268/2944/5740 2305/2946/5742
f 2262/2947/5743 2268/2944/5740 2244/2943/5739
f 2262/2947/5743 2244/2943/5739 2240/2948/5744
f 2262/2947/5743 2240/2948/5744 2179/2949/5745
f 2262/2947/5743 2179/2949/5745 2168/2950/5746
f 2268/2944/5740 2262/2947/5743 2305/2946/5742
f 2305/2946/5742 2262/2947/5743 2168/2950/5746
f 2275/2951/5747 2168/2950/5746 2137/2952/5748
f 2275/2951/5747 2047/2953/5749 2216/2954/5750
f 2275/2951/5747 2137/2952/5748 2047/2953/5749
f 2041/2955/5751 2047/2953/5749 2137/2952/5748
f 2041/2955/5751 2137/2952/5748 2168/2950/5746
s 0
f 2041/2955/5752 2168/2950/5753 2179/2949/5754
s 1
f 2047/2953/5749 2041/2955/5751 1990/2956/5755
f 1990/2956/5755 2182/2957/5756 2047/2953/5749
f 2182/2957/5756 1990/2956/5755 2029/2958/5757
f 1955/2959/5758 2029/2958/5757 1990/2956/5755
f 1955/2959/5758 1951/2960/5759 2029/2958/5757
s 0
f 2029/2958/5760 2120/2961/5761 2182/2957/5762
s 1
f 2029/2958/5757 2069/2962/5763 2120/2961/5764
f 2139/2963/5765 2120/2961/5764 2069/2962/5763
f 2170/2964/5766 2120/2961/5764 2139/2963/5765
f 2120/2961/5764 2170/2964/5766 2182/2957/5756
f 2182/2957/5756 2170/2964/5766 2215/2965/5767
f 2182/2957/5756 2215/2965/5767 2216/2954/5750
f 2047/2953/5749 2182/2957/5756 2216/2954/5750
f 2275/2951/5747 2216/2954/5750 2368/2966/5768
f 2168/2950/5746 2275/2951/5747 2305/2946/5742
f 2305/2946/5742 2275/2951/5747 2390/2967/5769
f 2390/2967/5769 2328/2945/5741 2305/2946/5742
f 2328/2945/5741 2390/2967/5769 2412/2968/5770
f 2216/2954/5750 2215/2965/5767 2368/2966/5768
f 2390/2967/5769 2275/2951/5747 2368/2966/5768
f 2412/2968/5770 2390/2967/5769 2452/2969/5771
f 2412/2968/5770 2401/2970/5772 2328/2945/5741
f 2412/2968/5770 2424/2971/5773 2401/2970/5772
f 2424/2971/5773 2412/2968/5770 2452/2969/5771
f 2424/2971/5773 2452/2969/5771 2457/2972/5774
f 2457/2972/5774 2452/2969/5771 2390/2967/5769
f 2424/2971/5773 2457/2972/5774 2487/2973/5775
f 2424/2971/5773 2566/2974/5776 2383/2940/5736
s 0
f 2566/2974/5777 2424/2971/5778 2487/2973/5779
s 1
f 2487/2973/5775 2457/2972/5774 2485/2975/5780
f 2457/2972/5774 2390/2967/5769 2485/2975/5780
f 2407/2976/5781 2390/2967/5769 2368/2966/5768
f 2390/2967/5769 2407/2976/5781 2485/2975/5780
f 2343/2977/5782 2407/2976/5781 2368/2966/5768
f 2368/2966/5768 2215/2965/5767 2343/2977/5782
f 2343/2977/5782 2215/2965/5767 2243/2978/5783
f 2243/2978/5783 2215/2965/5767 2170/2964/5766
f 2243/2978/5783 2170/2964/5766 2139/2963/5765
f 2093/2979/5784 2139/2963/5765 2069/2962/5763
f 2139/2963/5765 2093/2979/5784 2283/2980/5785
f 2139/2963/5765 2283/2980/5785 2243/2978/5783
f 2243/2978/5783 2283/2980/5785 2374/2981/5786
f 2343/2977/5782 2243/2978/5783 2374/2981/5786
f 2374/2981/5786 2437/2982/5787 2343/2977/5782
f 2407/2976/5781 2343/2977/5782 2612/2983/5788
f 2407/2976/5781 2612/2983/5788 2485/2975/5780
f 2564/2984/5789 2487/2973/5775 2485/2975/5780
f 2485/2975/5780 2612/2983/5788 2575/2985/5790
f 2564/2984/5789 2485/2975/5780 2575/2985/5790
f 2487/2973/5775 2564/2984/5789 2566/2974/5791
f 2566/2974/5791 2559/2986/5792 2525/2987/5793
s 0
f 2566/2974/5794 2525/2987/5795 2383/2940/5796
s 1
f 2525/2987/5797 2313/2939/5735 2383/2940/5736
s 0
f 2313/2939/5798 2525/2987/5799 2379/2938/5800
s 1
f 2383/2940/5736 2365/2942/5738 2424/2971/5773
f 2424/2971/5773 2365/2942/5738 2401/2970/5772
f 2401/2970/5772 2365/2942/5738 2328/2945/5741
f 1956/2747/5801 1922/2742/887 1645/2728/5430
f 580/2555/5005 650/2554/697 630/1998/3604
f 650/2554/697 655/1999/696 630/1998/3604
f 2647/2988/1828 2567/2989/1829 2539/2990/5802
f 2677/2991/5592 2647/2988/1828 2547/2992/5803
f 2647/2988/1828 2539/2990/5802 2547/2992/5803
f 2687/2993/5804 2547/2992/5803 2551/2994/5805
f 2603/2995/5806 2687/2993/5804 2551/2994/5805
f 2529/2996/5807 2603/2995/5806 2551/2994/5805
f 2529/2996/5807 2572/2997/5808 2603/2995/5806
f 2547/2992/5803 2687/2993/5804 2677/2991/5592
f 2677/2991/5592 2687/2993/5804 2697/2998/5809
f 2677/2991/5592 2697/2998/5809 2698/2999/1790
f 2706/3000/5810 2697/2998/5809 2687/2993/5804
f 2687/2993/5804 2603/2995/5806 2706/3000/5810
f 2706/3000/5810 2603/2995/5806 2771/3001/5811
f 2603/2995/5806 2695/3002/5812 2771/3001/5811
f 2695/3002/5812 2603/2995/5806 2683/3003/5813
f 2695/3002/5812 2683/3003/5813 2745/3004/5814
f 2683/3003/5813 2572/2997/5808 2664/3005/5815
f 2745/3004/5814 2683/3003/5813 2750/3006/5816
f 2688/3007/5817 2683/3003/5813 2664/3005/5815
s 0
f 2788/3008/5818 2688/3007/5819 2756/3009/5820
s 1
f 2809/3010/5821 2788/3008/5822 2785/3011/5823
f 2775/3012/5824 2788/3008/5822 2756/3009/5825
f 2785/3011/5823 2788/3008/5822 2775/3012/5824
f 2741/3013/5826 2785/3011/5823 2775/3012/5824
f 2752/3014/5827 2775/3012/5824 2744/3015/5828
f 2775/3012/5824 2756/3009/5825 2744/3015/5828
f 2775/3012/5824 2752/3014/5827 2741/3013/5826
f 2752/3014/5827 2744/3015/5828 2708/3016/5829
f 2744/3015/5828 2699/3017/5830 2708/3016/5829
f 2688/3007/5817 2699/3017/5830 2744/3015/5828
f 2699/3017/5830 2688/3007/5817 2664/3005/5815
f 2688/3007/5817 2744/3015/5828 2756/3009/5825
f 2699/3017/5830 2664/3005/5815 2502/3018/5831
f 2502/3018/5831 2456/3019/5832 2699/3017/5830
f 2664/3005/5815 2505/3020/5833 2502/3018/5831
f 2505/3020/5833 2664/3005/5815 2516/3021/5834
f 2516/3021/5834 2664/3005/5815 2572/2997/5808
f 2572/2997/5808 2683/3003/5813 2603/2995/5806
f 2516/3021/5834 2572/2997/5808 2529/2996/5807
f 2699/3017/5830 2456/3019/5832 2594/3022/5835
f 2594/3022/5835 2691/3023/5836 2699/3017/5830
f 2594/3022/5835 2619/3024/5837 2752/3014/5827
f 2594/3022/5835 2752/3014/5827 2691/3023/5836
s 0
f 2691/3023/5838 2752/3014/5839 2708/3016/5840
s 1
f 2691/3023/5836 2708/3016/5829 2699/3017/5830
f 2752/3014/5827 2629/3025/5841 2741/3013/5826
f 2629/3025/5841 2752/3014/5827 2619/3024/5837
f 2584/2927/5713 2629/3025/5841 2619/3024/5837
s 0
f 2629/3025/5842 2584/2927/5843 2583/2932/5844
s 1
f 2494/2930/5716 2474/2933/5723 2622/3026/5845
f 2474/2933/5723 2471/2931/5717 2379/2938/5846
f 2379/2938/5846 2525/2987/5793 2474/2933/5723
f 2474/2933/5723 2525/2987/5793 2559/2986/5792
f 2474/2933/5723 2559/2986/5792 2622/3026/5845
f 2622/3026/5845 2559/2986/5792 2652/3027/5847
s 0
f 2652/3027/5848 2559/2986/5849 2719/3028/5850
s 1
f 2719/3028/5851 2559/2986/5792 2597/3029/5852
f 2633/3030/5853 2598/3031/5854 2613/3032/5855
f 2598/3031/5854 2597/3029/5852 2566/2974/5791
f 2566/2974/5791 2597/3029/5852 2559/2986/5792
f 2373/2879/1815 2272/2877/5645 2567/2989/1829
f 2567/2989/1829 2272/2877/5645 2448/3033/5856
f 2567/2989/1829 2448/3033/5856 2539/2990/5802
f 2480/3034/5857 2539/2990/5802 2448/3033/5856
f 2547/2992/5803 2539/2990/5802 2480/3034/5857
f 2551/2994/5805 2547/2992/5803 2480/3034/5857
f 2551/2994/5805 2480/3034/5857 2473/3035/5858
f 2551/2994/5805 2473/3035/5858 2529/2996/5807
f 2480/3034/5857 2375/3036/5859 2473/3035/5858
f 2502/3018/5831 2505/3020/5833 2482/3037/5860
f 2502/3018/5831 2482/3037/5860 2384/2910/5679
f 2469/3038/5861 2482/3037/5860 2505/3020/5833
f 2469/3038/5861 2505/3020/5833 2516/3021/5834
f 2516/3021/5834 2529/2996/5807 2469/3038/5861
f 2529/2996/5807 2473/3035/5858 2446/3039/5862
f 2529/2996/5807 2446/3039/5862 2469/3038/5861
f 2345/3040/5863 2469/3038/5861 2446/3039/5862
f 2350/3041/5864 2446/3039/5862 2473/3035/5858
f 2345/3040/5863 2446/3039/5862 2350/3041/5864
f 2350/3041/5864 2473/3035/5858 2354/3042/5865
f 2354/3042/5865 2473/3035/5858 2375/3036/5859
f 2381/3043/5866 2375/3036/5859 2480/3034/5857
f 2381/3043/5866 2480/3034/5857 2448/3033/5856
f 2448/3033/5856 2272/2877/5645 2364/3044/5867
f 2364/3044/5867 2272/2877/5645 2251/2881/5646
f 2251/2881/5646 2301/3045/5868 2364/3044/5867
f 2381/3043/5866 2364/3044/5867 2301/3045/5868
f 2364/3044/5867 2381/3043/5866 2448/3033/5856
f 2381/3043/5866 2301/3045/5868 2375/3036/5859
f 2301/3045/5868 2354/3042/5865 2375/3036/5859
f 2301/3045/5868 2299/3046/5869 2354/3042/5865
f 2354/3042/5865 2299/3046/5869 2350/3041/5864
f 2299/3046/5869 2260/3047/5870 2350/3041/5864
f 2299/3046/5869 2301/3045/5868 2271/3048/5871
f 2260/3047/5870 2299/3046/5869 2247/3049/5872
f 2299/3046/5869 2271/3048/5871 2247/3049/5872
f 2260/3047/5870 2247/3049/5872 2250/3050/5873
f 2350/3041/5864 2260/3047/5870 2345/3040/5863
f 2469/3038/5861 2345/3040/5863 2482/3037/5860
f 2324/2908/5676 2482/3037/5860 2345/3040/5863
f 2384/2910/5679 2482/3037/5860 2324/2908/5676
s 0
f 2456/3019/5874 2503/3051/5875 2594/3022/5874
s 1
f 2594/3022/5835 2503/3051/5876 2596/3052/5877
f 2619/3024/5837 2594/3022/5835 2596/3052/5877
f 2619/3024/5837 2596/3052/5877 2584/2927/5713
f 2584/2927/5713 2596/3052/5877 2578/3053/5878
f 2584/2927/5713 2578/3053/5878 2533/2916/5711
f 2503/3051/5876 2578/3053/5878 2596/3052/5877
s 0
f 2533/2916/5879 2578/3053/5880 2503/3051/5881
s 1
f 2533/2916/5687 2503/3051/5882 2304/2905/5673
f 2304/2905/5673 2503/3051/5882 2436/2900/5668
s 0
f 2456/3019/5883 2326/2909/5884 2503/3051/5885
s 1
f 2456/3019/5832 2502/3018/5831 2384/2910/5679
f 2345/3040/5863 2282/3054/5886 2324/2908/5676
f 2282/3054/5886 2345/3040/5863 2260/3047/5870
f 2249/2898/5665 2384/2910/5679 2245/2895/5662
f 2324/2908/5676 2245/2895/5662 2384/2910/5679
f 2324/2908/5676 2282/3054/5886 2189/2896/5663
f 2189/2896/5663 2282/3054/5886 2260/3047/5870
f 2189/2896/5663 2260/3047/5870 2166/2892/5659
f 2189/2896/5663 2166/2892/5659 2008/2891/5658
f 2166/2892/5659 2260/3047/5870 2250/3050/5873
f 2015/2890/5657 2166/2892/5659 2250/3050/5873
f 2015/2890/5657 2250/3050/5873 2229/2889/5656
f 2121/2882/5648 2020/2884/5652 2140/3055/5887
f 2020/2884/5652 2117/2887/5654 2140/3055/5887
f 2117/2887/5654 2229/2889/5656 2271/3048/5871
f 2117/2887/5654 2271/3048/5871 2140/3055/5887
f 2229/2889/5656 2250/3050/5873 2247/3049/5872
f 2229/2889/5656 2247/3049/5872 2271/3048/5871
f 2140/3055/5887 2271/3048/5871 2301/3045/5868
f 2140/3055/5887 2301/3045/5868 2251/2881/5646
f 2251/2881/5646 2121/2882/5648 2140/3055/5887
s 0
f 3703/2850/5888 3818/3056/5889 3636/2849/5890
s 1
f 2648/2851/5613 2715/2685/5347 2674/2869/5633
f 2765/3057/5891 2643/2861/5622 2674/2869/5633
f 2765/3057/5891 2674/2869/5633 2769/2853/5615
f 2674/2869/5633 2715/2685/5347 2769/2853/5615
f 2715/2685/5347 2763/2852/5614 2769/2853/5615
f 2643/2861/5622 2765/3057/5891 2825/2689/5351
f 2765/3057/5891 2769/2853/5615 2868/2687/5349
f 2765/3057/5891 2868/2687/5349 2825/2689/5351
f 2020/3058/5652 1936/3059/5653 1743/2752/5457
f 2020/3058/5652 1743/2752/5457 2117/3060/5654
f 2117/3060/5654 1743/2752/5457 1942/3061/5655
f 1986/2751/5456 1860/2748/5450 1936/3059/5653
f 1942/3061/5655 1961/3062/5892 2015/3063/5657
f 1942/3061/5655 1945/3064/5893 1961/3062/5892
s 0
f 2015/3063/5894 1961/3062/5895 2008/3065/5896
s 1
f 1961/3062/5892 1962/3066/5897 2008/3065/5658
f 2008/3065/5658 1962/3066/5897 2038/3067/5660
f 1962/3066/5897 1918/3068/5898 2038/3067/5660
f 2039/3069/5661 2038/3067/5660 1918/3068/5898
f 1945/3064/5893 1942/3061/5655 1730/2753/5458
f 1730/2753/5458 1942/3061/5655 1743/2752/5457
f 1936/3059/5653 1860/2748/5450 1692/2745/5444
f 1936/3059/5653 1692/2745/5444 1743/2752/5457
f 1730/2753/5458 1763/3070/5899 1945/3064/5893
f 1945/3064/5893 1763/3070/5899 1784/3071/5900
f 1945/3064/5893 1784/3071/5900 1961/3062/5892
f 1961/3062/5892 1784/3071/5900 1962/3066/5897
f 1962/3066/5897 1784/3071/5900 1702/2755/5460
f 1763/3070/5899 1730/2753/5458 1686/2754/5459
f 1763/3070/5899 1686/2754/5459 1605/2744/5443
f 1784/3071/5900 1763/3070/5899 1605/2744/5443
f 1784/3071/5900 1605/2744/5443 1702/2755/5460
f 1741/3072/5901 1702/2755/5460 1669/3073/5902
s 0
f 1669/3073/5903 1702/2755/5904 1603/2756/5905
s 1
f 1669/3073/5902 1603/2756/5461 1514/2760/5465
f 1669/3073/5902 1640/3074/5906 1719/3075/5907
f 1669/3073/5902 1514/2760/5465 1640/3074/5906
f 1640/3074/5906 1514/2760/5465 1470/2762/5467
f 1470/2762/5467 1626/3076/5908 1640/3074/5906
f 1626/3076/5908 1470/2762/5467 1344/2779/5483
s 0
f 1383/2781/5909 1626/3076/5910 1344/2779/5911
s 1
f 1448/3077/5912 1383/2781/5485 1324/3078/5913
f 1324/3078/5913 1383/2781/5485 1287/3079/5914
f 1287/3079/5914 1383/2781/5485 1343/2780/5484
f 1287/3079/5914 1343/2780/5484 1198/3080/5915
s 0
f 1331/2778/5916 1218/2786/5917 1343/2780/5918
s 1
f 1343/2780/5484 1218/2786/5490 1198/3080/5915
f 1218/2786/5490 1192/2785/5489 1201/3081/5919
f 1218/2786/5490 1201/3081/5919 1198/3080/5915
f 1198/3080/5915 1152/3082/5920 1287/3079/5914
s 0
f 1287/3079/5921 1152/3082/5922 1275/3083/5923
f 1287/3079/5924 1275/3083/5925 1324/3078/5926
s 1
f 1324/3078/5913 1275/3083/5927 1363/3084/5928
f 1275/3083/5927 1152/3082/5920 1054/3085/5929
f 1152/3082/5920 1198/3080/5915 1201/3081/5919
f 1189/2784/5488 1201/3081/5919 1192/2785/5489
f 1201/3081/5919 1189/2784/5488 1080/2799/5930
f 1201/3081/5919 1080/2799/5930 1152/3082/5920
f 1054/3085/5929 1152/3082/5920 1080/2799/5930
f 1080/2799/5930 1026/3086/5931 1054/3085/5929
f 1026/3086/5931 1080/2799/5930 990/2800/5932
f 990/2800/5932 916/2801/5523 915/3087/5933
f 916/2801/5523 844/2803/5525 824/3088/5934
f 824/3088/5934 844/2803/5525 816/2810/5539
f 915/3087/5933 916/2801/5523 824/3088/5934
f 990/2800/5932 915/3087/5933 1026/3086/5931
f 1026/3086/5931 915/3087/5933 887/3089/5935
f 1019/3090/5936 1026/3086/5931 919/3091/5937
f 1054/3085/5929 1026/3086/5931 1019/3090/5936
f 1054/3085/5929 1107/3092/5938 1275/3083/5927
f 1275/3083/5927 1107/3092/5938 1314/3093/5939
f 1158/3094/5940 1314/3093/5939 1107/3092/5938
f 1158/3094/5940 1252/3095/5941 1314/3093/5939
f 1217/3096/5942 1252/3095/5941 1158/3094/5940
f 1107/3092/5938 1085/3097/5943 1158/3094/5940
f 1085/3097/5943 1107/3092/5938 1054/3085/5929
f 1085/3097/5943 1054/3085/5929 958/3098/5944
s 0
f 958/3098/5945 1054/3085/5946 1019/3090/5947
s 1
f 1085/3097/5943 1069/3099/5948 1158/3094/5940
f 1158/3094/5940 1069/3099/5948 1217/3096/5942
f 1069/3099/5948 1183/3100/5949 1217/3096/5942
s 0
f 1069/3099/5950 1085/3097/5951 994/3101/5952
s 1
f 1085/3097/5943 958/3098/5944 994/3101/5953
f 919/3091/5937 1026/3086/5931 887/3089/5935
f 915/3087/5933 824/3088/5934 887/3089/5935
f 919/3091/5937 911/3102/5954 958/3098/5944
f 911/3102/5954 919/3091/5937 886/3103/5955
f 919/3091/5937 887/3089/5935 886/3103/5955
s 0
f 887/3089/5956 824/3088/5957 751/3104/5958
s 1
f 887/3089/5935 751/3104/5959 771/3105/5960
f 887/3089/5935 771/3105/5960 886/3103/5955
f 751/3104/5961 824/3088/5934 816/2810/5539
s 0
f 771/3105/5962 819/3106/5963 886/3103/5964
s 1
f 911/3102/5954 886/3103/5955 842/3107/5965
f 842/3107/5965 886/3103/5955 819/3106/5966
s 0
f 1019/3090/5967 919/3091/5968 958/3098/5969
s 1
f 911/3102/5954 994/3101/5953 958/3098/5944
f 911/3102/5954 1043/3108/5970 994/3101/5953
f 1043/3108/5970 911/3102/5954 948/3109/5971
f 1043/3108/5970 948/3109/5971 1003/3110/5972
f 948/3109/5971 911/3102/5954 842/3107/5965
f 948/3109/5971 842/3107/5965 875/3111/5973
f 842/3107/5965 806/3112/5974 875/3111/5973
f 875/3111/5973 806/3112/5974 918/3113/5975
f 875/3111/5973 918/3113/5975 948/3109/5971
f 964/3114/5976 948/3109/5971 918/3113/5975
f 948/3109/5971 964/3114/5976 1003/3110/5972
f 994/3101/5953 1043/3108/5970 1069/3099/5948
f 1069/3099/5948 1043/3108/5970 1003/3110/5972
f 1069/3099/5948 1003/3110/5972 1183/3100/5949
f 1130/3115/5977 1183/3100/5949 1003/3110/5972
f 1183/3100/5949 1130/3115/5977 1195/3116/5978
f 1275/3083/5927 1314/3093/5939 1363/3084/5928
f 1324/3078/5913 1363/3084/5928 1448/3077/5912
f 1448/3077/5912 1363/3084/5928 1408/3117/5979
f 1669/3073/5902 1719/3075/5907 1741/3072/5901
f 1719/3075/5907 1626/3076/5908 1778/3118/5980
f 1626/3076/5908 1719/3075/5907 1640/3074/5906
f 1778/3118/5980 1626/3076/5908 1954/3119/5981
f 1954/3119/5981 1626/3076/5908 1383/2781/5982
f 1600/3120/5983 1383/2781/5485 1448/3077/5912
f 1600/3120/5983 1448/3077/5912 1639/3121/5984
f 1639/3121/5984 1448/3077/5912 1408/3117/5979
f 1408/3117/5979 1526/3122/5985 1639/3121/5984
f 1909/3123/5986 1639/3121/5984 1579/3124/5987
f 1526/3122/5985 1579/3124/5987 1639/3121/5984
f 1572/3125/5988 1579/3124/5987 1526/3122/5985
f 1572/3125/5988 1708/3126/5989 1579/3124/5987
f 1708/3126/5989 1572/3125/5988 1754/3127/5990
f 1708/3126/5989 1754/3127/5990 1773/3128/5991
f 1754/3127/5990 1601/3129/5992 1839/3130/5993
f 1754/3127/5990 1549/3131/5994 1601/3129/5992
f 1601/3129/5992 1549/3131/5994 1505/3132/5995
f 1511/3133/5996 1549/3131/5994 1754/3127/5990
f 1511/3133/5996 1754/3127/5990 1572/3125/5988
f 1511/3133/5996 1572/3125/5988 1526/3122/5985
f 1511/3133/5996 1526/3122/5985 1510/3134/5997
f 1549/3131/5994 1511/3133/5996 1347/3135/5998
f 1505/3132/5995 1549/3131/5994 1347/3135/5998
f 1405/3136/5999 1511/3133/5996 1510/3134/5997
f 1510/3134/5997 1526/3122/5985 1408/3117/5979
f 1408/3117/5979 1405/3136/5999 1510/3134/5997
f 1405/3136/5999 1408/3117/5979 1363/3084/5928
f 1405/3136/5999 1363/3084/5928 1314/3093/5939
s 0
f 1314/3093/6000 1252/3095/6001 1405/3136/6002
s 1
f 1405/3136/5999 1252/3095/5941 1511/3133/5996
f 1511/3133/5996 1252/3095/5941 1347/3135/5998
f 1601/3129/5992 1505/3132/5995 1537/3137/6003
f 1775/3138/6004 1839/3130/5993 1869/3139/6005
f 1775/3138/6004 1869/3139/6005 1773/3128/5991
f 1773/3128/5991 1869/3139/6005 1889/3140/6006
f 1839/3130/5993 1775/3138/6004 1754/3127/5990
f 1754/3127/5990 1775/3138/6004 1773/3128/5991
f 1708/3126/5989 1773/3128/5991 1579/3124/5987
s 0
f 1773/3128/6007 1889/3140/6008 1909/3123/6009
s 1
f 1889/3140/6010 1933/3141/6011 1909/3123/5986
s 0
f 1933/3141/6012 1983/3142/6013 2061/3143/6014
s 1
f 1933/3141/6011 2061/3143/6015 1909/3123/5986
f 1909/3123/5986 1834/3144/6016 1682/3145/6017
f 1834/3144/6016 1909/3123/5986 1970/3146/6018
f 1970/3146/6018 1909/3123/5986 2061/3143/6015
f 1983/3142/6019 1933/3141/6011 2096/3147/6020
f 1881/3148/6021 1933/3141/6011 1889/3140/6010
f 1839/3130/5993 1889/3140/6006 1869/3139/6005
s 0
f 1839/3130/6022 1870/3149/6023 1889/3140/6024
s 1
f 1889/3140/6010 1870/3149/6025 1881/3148/6021
f 1870/3149/6025 1839/3130/5993 1601/3129/5992
f 1481/3150/6026 1537/3137/6003 1505/3132/5995
f 1537/3137/6003 1481/3150/6026 1471/3151/6027
f 1537/3137/6003 1471/3151/6027 1547/3152/6028
f 1537/3137/6003 1633/3153/6029 1601/3129/5992
f 1601/3129/5992 1633/3153/6029 1678/3154/6030
f 1601/3129/5992 1678/3154/6030 1870/3149/6025
f 1870/3149/6025 1678/3154/6030 1840/3155/6031
f 1633/3153/6029 1537/3137/6003 1547/3152/6028
f 1481/3150/6026 1505/3132/5995 1347/3135/5998
s 0
f 1217/3096/6032 1183/3100/6033 1481/3150/6034
s 1
f 1217/3096/5942 1347/3135/5998 1252/3095/5941
f 1217/3096/5942 1481/3150/6026 1347/3135/5998
f 1481/3150/6026 1183/3100/5949 1195/3116/5978
s 0
f 1325/3156/6035 1195/3116/6036 1200/3157/6037
f 1200/3157/6038 1195/3116/6039 1130/3115/6040
s 1
f 1003/3110/5972 1009/3158/6041 1130/3115/5977
f 1009/3158/6041 1143/3159/6042 1130/3115/5977
f 1200/3157/6043 1130/3115/5977 1143/3159/6042
f 1015/3160/6044 1143/3159/6042 1009/3158/6041
f 1143/3159/6042 1015/3160/6044 1206/3161/6045
f 1292/3162/6046 1200/3157/6043 1143/3159/6042
f 1200/3157/6043 1292/3162/6046 1325/3156/6047
f 1195/3116/5978 1325/3156/6047 1471/3151/6027
f 1195/3116/5978 1471/3151/6027 1481/3150/6026
f 1292/3162/6046 1378/3163/6048 1325/3156/6047
f 1547/3152/6028 1471/3151/6027 1563/3164/6049
f 1563/3164/6049 1471/3151/6027 1325/3156/6047
f 1547/3152/6028 1726/3165/6050 1633/3153/6029
f 1726/3165/6050 1547/3152/6028 1563/3164/6049
f 1633/3153/6029 1726/3165/6050 1678/3154/6030
f 1325/3156/6047 1378/3163/6048 1563/3164/6049
f 1292/3162/6046 1143/3159/6042 1206/3161/6045
f 1292/3162/6046 1206/3161/6045 1370/3166/6051
s 0
f 1206/3161/6052 1277/3167/6053 1370/3166/6054
f 1277/3167/6055 1206/3161/6056 1172/3168/6057
s 1
f 1273/3169/6058 1172/3168/6059 1191/3170/6060
f 1273/3169/6058 1191/3170/6060 1247/3171/6061
f 1172/3168/6059 1273/3169/6058 1277/3167/6062
f 1370/3166/6063 1277/3167/6062 1476/3172/6064
f 1378/3163/6048 1292/3162/6046 1370/3166/6051
f 1378/3163/6048 1370/3166/6051 1619/3173/6065
s 0
f 1619/3173/6066 1370/3166/6067 1536/3174/6068
f 1378/3163/6069 1619/3173/6070 1563/3164/6071
s 1
f 1726/3165/6050 1563/3164/6049 1619/3173/6072
f 1726/3165/6050 1619/3173/6072 1845/3175/6073
s 0
f 1880/3176/6074 1840/3155/6075 1678/3154/6076
s 1
f 1536/3174/6077 1845/3175/6073 1619/3173/6072
f 1476/3172/6064 1277/3167/6062 1273/3169/6058
f 1273/3169/6058 1247/3171/6061 1406/3177/6078
f 1536/3174/6079 1370/3166/6063 1476/3172/6064
f 1536/3174/6079 1476/3172/6064 1586/3178/6080
s 0
f 1586/3178/6081 1476/3172/6082 1520/3179/6083
s 1
f 1520/3179/6084 1476/3172/6064 1565/3180/6085
f 1476/3172/6064 1273/3169/6058 1565/3180/6085
f 1273/3169/6058 1406/3177/6078 1565/3180/6085
f 1586/3178/6080 1690/3181/6086 1536/3174/6079
f 1845/3175/6073 1536/3174/6077 1777/3182/6087
s 0
f 1726/3165/6088 1845/3175/6089 1880/3176/6090
s 1
f 1678/3154/6030 1726/3165/6050 1880/3176/6091
f 1845/3175/6073 1777/3182/6087 2009/3183/6092
s 0
f 1987/3184/6093 1845/3175/6094 2009/3183/6095
f 1777/3182/6096 1536/3174/6097 1690/3181/6098
s 1
f 1690/3181/6086 1586/3178/6080 1724/3185/6099
f 1724/3185/6099 1586/3178/6080 1520/3179/6084
f 1724/3185/6099 1520/3179/6084 1565/3180/6085
f 1635/3186/6100 1724/3185/6099 1565/3180/6085
f 1565/3180/6085 1587/3187/6101 1635/3186/6100
f 1798/3188/6102 1690/3181/6086 1724/3185/6099
f 1798/3188/6102 1724/3185/6099 1635/3186/6100
f 1587/3187/6101 1565/3180/6085 1406/3177/6078
f 1587/3187/6101 1406/3177/6078 1491/3189/6103
f 1406/3177/6078 1414/3190/6104 1491/3189/6103
f 1491/3189/6103 1414/3190/6104 1350/3191/6105
f 1406/3177/6078 1247/3171/6061 1414/3190/6104
f 1247/3171/6061 1269/3192/6106 1414/3190/6104
f 1232/3193/6107 1350/3191/6105 1414/3190/6104
f 1232/3193/6107 1414/3190/6104 1269/3192/6106
s 0
f 1350/3191/6108 1232/3193/6109 1394/3194/6110
s 1
f 1491/3189/6103 1350/3191/6105 1515/3195/6111
s 0
f 1515/3195/6112 1350/3191/6113 1394/3194/6114
s 1
f 1482/3196/6115 1394/3194/6116 1413/3197/6117
s 0
f 1394/3194/6118 1276/3198/6119 1413/3197/6120
s 1
f 1276/3198/6121 1394/3194/6122 1232/3193/6107
f 1276/3198/6121 1232/3193/6107 1193/3199/6123
f 1193/3199/6123 1232/3193/6107 1269/3192/6106
f 1276/3198/6121 1193/3199/6123 1175/3200/6124
f 1300/3201/6125 1175/3200/6124 1166/3202/6126
f 1155/3203/6127 1269/3192/6106 1247/3171/6061
f 1079/3204/6128 1247/3171/6061 1191/3170/6060
f 1042/3205/6129 1191/3170/6060 1172/3168/6059
f 1172/3168/6130 1206/3161/6045 1015/3160/6044
s 0
f 1172/3168/6131 1015/3160/6132 1094/3206/6132
s 1
f 1003/3110/5972 964/3114/5976 1009/3158/6041
s 0
f 934/3207/6133 964/3114/6134 918/3113/6135
s 1
f 1009/3158/6041 964/3114/5976 934/3207/6136
f 971/3208/6137 934/3207/6136 910/3209/6138
f 1009/3158/6041 934/3207/6136 1015/3160/6044
f 1015/3160/6044 971/3208/6137 1094/3206/6139
s 0
f 1094/3206/6140 1042/3205/6141 1172/3168/6142
s 1
f 1042/3205/6129 1079/3204/6128 1191/3170/6060
f 1247/3171/6061 1079/3204/6128 1155/3203/6127
s 0
f 1269/3192/6143 1155/3203/6144 1039/3210/6145
f 1269/3192/6146 1039/3210/6147 1193/3199/6148
f 1193/3199/6149 1039/3210/6150 1065/3211/6151
s 1
f 1193/3199/6123 1065/3211/6152 1175/3200/6124
f 1155/3203/6127 1079/3204/6128 999/3212/6153
f 1039/3210/6154 1155/3203/6127 999/3212/6153
f 1175/3200/6124 1065/3211/6152 1166/3202/6126
f 1065/3211/6152 1075/3213/6155 1166/3202/6126
f 1065/3211/6152 1039/3210/6156 980/3214/6157
f 1075/3213/6155 1065/3211/6152 980/3214/6157
s 0
f 980/3214/6158 1039/3210/6159 966/3215/6160
s 1
f 1039/3210/6154 999/3212/6153 966/3215/6161
f 1079/3204/6128 1042/3205/6129 999/3212/6153
s 0
f 1042/3205/6162 1094/3206/6163 971/3208/6164
s 1
f 971/3208/6137 1015/3160/6044 934/3207/6136
s 0
f 1042/3205/6165 971/3208/6166 999/3212/6167
s 1
f 999/3212/6153 971/3208/6137 902/3216/6168
f 902/3216/6168 971/3208/6137 910/3209/6138
f 918/3113/5975 878/3217/6169 934/3207/6136
f 918/3113/5975 807/3218/6170 878/3217/6169
f 878/3217/6169 807/3218/6170 791/3219/6171
f 842/3107/5965 819/3106/5966 784/3220/6172
f 819/3106/5966 771/3105/6173 784/3220/6172
f 806/3112/5974 842/3107/5965 726/3221/6174
f 784/3220/6172 771/3105/6173 740/3222/6175
s 0
f 784/3220/6176 740/3222/6177 726/3221/6178
s 1
f 726/3221/6174 728/2832/5567 806/3112/5974
f 807/3218/6170 806/3112/5974 728/2832/5567
f 695/2834/5572 708/2837/6179 791/3219/6171
f 695/2834/5572 791/3219/6171 807/3218/6170
s 0
f 708/2837/6180 822/3223/6181 791/3219/6182
s 1
f 806/3112/5974 807/3218/6170 918/3113/5975
f 822/3223/6183 708/2837/5581 724/2839/5580
f 708/2837/6179 695/2834/5572 639/2835/5574
s 0
f 695/2834/6184 807/3218/6185 728/2832/6186
s 1
f 728/2832/5567 726/3221/6174 697/2829/5565
f 697/2829/5565 726/3221/6174 740/3222/6187
s 0
f 751/3104/6188 740/3222/6189 771/3105/6190
s 1
f 784/3220/6172 726/3221/6174 842/3107/5965
s 0
f 788/2805/6191 817/2811/6192 705/2815/6193
s 1
f 788/2805/5526 705/2815/6194 721/2819/6195
s 0
f 721/2819/6196 709/2809/6197 855/2806/6198
s 1
f 731/2808/5534 709/2809/5538 653/2822/5560
f 788/2805/5526 721/2819/6195 855/2806/5540
s 0
f 4348/3224/6199 4480/3225/6200 4481/3226/6201
f 4473/3227/6202 4463/3228/6202 4499/3229/6202
f 4473/3227/6203 4499/3229/6203 4477/3230/6203
f 4471/3231/6204 4499/3229/6204 4463/3228/6204
f 4477/3230/6205 4499/3229/6206 4501/3232/6207
f 4499/3229/6208 4502/3233/6209 4501/3232/6210
s 1
f 4501/3232/6211 4481/3226/6212 4480/3225/5372
f 4501/3232/6211 4480/3225/5372 4424/3234/5371
s 0
f 4501/3232/6213 4424/3234/6214 4477/3230/6215
f 4338/3235/6216 4348/3224/6217 4481/3226/6218
f 4338/3235/6219 4315/3236/6219 4249/3237/6219
f 4187/3238/6220 4249/3237/6221 4315/3236/6222
f 4133/3239/6223 4249/3237/6224 4157/3240/6225
f 4113/3241/6226 4118/3242/6227 4064/3243/6228
f 4217/3244/6229 4138/3245/6230 4117/3246/6231
s 1
f 4178/3247/6232 4138/3245/6233 4217/3244/6234
f 4190/3248/6235 4178/3247/6232 4177/3249/6236
f 4184/3250/6237 4190/3248/6238 4167/3251/6239
s 0
f 4167/3251/6240 4190/3248/6241 4189/3252/6242
s 1
f 4228/3253/6243 4184/3250/6237 4167/3251/6239
f 4190/3248/6235 4177/3249/6236 4189/3252/6244
f 4189/3252/6244 4177/3249/6236 4307/3254/6245
f 4205/3255/6246 4292/3256/6247 4217/3244/6234
f 4221/3257/6248 4173/3258/6249 4191/3259/6250
s 0
f 4249/3237/6251 4187/3238/6252 4157/3240/6253
f 4205/3255/6254 4217/3244/6255 4117/3246/6256
s 1
f 4205/3255/6246 4117/3246/6257 4118/3242/6258
f 4173/3258/6249 4205/3255/6246 4118/3242/6258
f 4173/3258/6249 4118/3242/6258 4191/3259/6250
s 0
f 4187/3238/6259 4191/3259/6260 4113/3241/6261
f 4191/3259/6262 4118/3242/6263 4113/3241/6263
f 4187/3238/6264 4113/3241/6265 4157/3240/6266
s 1
f 2822/3260/1781 2843/3261/1782 2697/2998/5809
f 2822/3260/1781 2697/2998/5809 2747/3262/6267
f 2822/3260/1781 2747/3262/6267 2819/3263/1780
f 2822/3260/1781 2819/3263/1780 2870/3264/1779
f 2819/3263/1780 2747/3262/6267 2941/3265/6268
f 2941/3265/6268 2747/3262/6267 2849/3266/6269
f 2906/3267/1778 2819/3263/1780 2941/3265/6268
f 2941/3265/6268 2849/3266/6269 2934/3268/6270
f 2849/3266/6269 2881/3269/6271 2934/3268/6270
f 2881/3269/6271 2849/3266/6269 2804/3270/6272
f 2794/3271/6273 2849/3266/6269 2747/3262/6267
f 2849/3266/6269 2794/3271/6273 2810/3272/6274
f 2804/3270/6272 2849/3266/6269 2810/3272/6274
f 2804/3270/6272 2885/3273/6275 2881/3269/6271
f 2885/3273/6275 2888/3274/6276 2928/3275/6277
f 2885/3273/6275 2928/3275/6277 2881/3269/6271
f 2944/3276/6278 2881/3269/6271 2928/3275/6277
f 2928/3275/6277 2888/3274/6276 2901/3277/6279
f 2928/3275/6277 2901/3277/6279 2930/3278/6280
f 2928/3275/6277 2930/3278/6280 2944/3276/6278
s 0
f 2949/3279/6281 2944/3276/6282 2930/3278/6283
s 1
f 2944/3276/6278 2949/3279/6284 2955/3280/6285
f 2944/3276/6278 2955/3280/6285 2950/3281/6286
f 2944/3276/6278 2950/3281/6286 2881/3269/6271
f 2881/3269/6271 2950/3281/6286 2934/3268/6270
f 2906/3267/1778 2941/3265/6268 2948/3282/1660
f 2941/3265/6268 2934/3268/6270 2950/3281/6286
f 2948/3282/1660 2941/3265/6268 2959/3283/6287
f 2959/3283/6287 2941/3265/6268 2950/3281/6286
f 2948/3282/1660 2959/3283/6287 2946/3284/1657
f 2946/3284/1657 2959/3283/6287 2981/3285/6288
f 2959/3283/6287 2955/3280/6285 2981/3285/6288
f 2959/3283/6287 2950/3281/6286 2955/3280/6285
f 2955/3280/6285 2949/3279/6284 2986/3286/6289
f 2955/3280/6285 2986/3286/6289 2981/3285/6288
f 2949/3279/6284 2973/3287/6290 2986/3286/6289
f 2946/3284/1657 2981/3285/6288 2984/3288/1682
f 2984/3289/1682 2981/3285/6288 2994/3290/1683
f 2994/3290/1683 2981/3285/6288 2986/3286/6289
f 2986/3286/6289 2973/3287/6290 2992/3291/6291
f 2994/3290/1683 2986/3286/6289 3002/3292/1701
f 2986/3286/6289 2992/3291/6291 3002/3292/1701
f 2994/3290/1683 3002/3292/1701 3001/3293/1685
f 3002/3292/1701 2992/3291/6291 3009/3294/1700
f 2974/3295/6292 2992/3291/6291 2973/3287/6290
f 2992/3291/6291 2974/3295/6292 3004/3296/6293
f 2992/3291/6291 3004/3296/6293 3009/3294/1700
f 3009/3294/1700 3004/3296/6293 3003/3297/6294
f 3009/3294/1700 3003/3297/6294 3010/3298/1702
f 3010/3298/1702 3003/3297/6294 3005/3299/1703
f 2998/3300/6295 3005/3299/1703 3003/3297/6294
f 3005/3299/1703 2993/3301/1707 2995/3302/1704
f 2993/3301/1707 3005/3299/1703 2998/3300/6295
f 2971/3303/1706 2993/3301/1707 2945/3304/1711
f 2998/3300/6295 3003/3297/6294 2997/3305/6296
f 2997/3305/6296 3003/3297/6294 3004/3296/6293
f 2997/3305/6296 3004/3296/6293 2996/3306/6297
f 2996/3306/6297 3004/3296/6293 2974/3295/6292
f 2997/3305/6296 2987/3307/6298 2998/3300/6295
f 2993/3301/1707 2998/3300/6295 2965/3308/6299
f 2993/3301/1707 2965/3308/6299 2945/3304/1711
f 2965/3308/6299 2998/3300/6295 2942/3309/6300
f 2914/3310/6301 2965/3308/6299 2942/3309/6300
f 2942/3309/6300 2998/3300/6295 2980/3311/6302
f 2942/3309/6300 2980/3311/6302 2940/3312/6303
f 2980/3311/6302 2998/3300/6295 2987/3307/6298
f 2963/3313/6304 2940/3312/6303 2980/3311/6302
f 2917/3314/6305 2963/3313/6304 2954/3315/6306
f 2954/3315/6306 2963/3313/6304 2980/3311/6302
f 2954/3315/6306 2980/3311/6302 2969/3316/6307
f 2969/3316/6307 2979/3317/6308 2953/3318/6309
f 2982/3319/6310 2953/3318/6309 2979/3317/6308
f 2968/3320/6311 2982/3319/6310 2972/3321/6312
f 2982/3319/6310 2918/3322/6313 2953/3318/6309
f 2918/3322/6313 2982/3319/6310 2968/3320/6311
f 2953/3318/6309 2918/3322/6313 2886/3323/6314
f 2954/3315/6306 2969/3316/6307 2858/3324/6315
f 2954/3315/6306 2858/3324/6315 2917/3314/6305
f 2917/3314/6305 2858/3324/6315 2847/3325/6316
f 2917/3314/6305 2847/3325/6316 2922/3326/6317
f 2917/3314/6305 2922/3326/6317 2940/3312/6303
f 2917/3314/6305 2940/3312/6303 2963/3313/6304
f 2914/3310/6301 2942/3309/6300 2933/3327/6318
f 2914/3310/6301 2933/3327/6318 2908/3328/6319
f 2914/3310/6301 2927/3329/6320 2965/3308/6299
f 2965/3308/6299 2927/3329/6320 2945/3304/1711
f 2945/3304/1711 2927/3329/6320 2938/3330/1713
f 2932/3331/1712 2938/3330/1713 2872/3332/5353
f 2872/3332/5353 2938/3330/1713 2919/3333/5355
f 2919/3333/5355 2938/3330/1713 2927/3329/6320
f 2921/3334/6321 2927/3329/6320 2914/3310/6301
f 2919/3333/5355 2927/3329/6320 2923/3335/6322
f 2923/3335/6322 2927/3329/6320 2921/3334/6321
f 2869/3336/5354 2919/3333/5355 2923/3335/6322
s 0
f 2834/3337/6323 2869/3336/6324 2812/3338/6325
s 1
f 2869/3336/5354 2923/3335/6322 2841/3339/6326
f 2923/3335/6322 2894/3340/6327 2841/3339/6326
f 2841/3339/6326 2894/3340/6327 2873/3341/6328
f 2869/3336/5354 2841/3339/6326 2812/3338/5616
f 2812/3338/5616 2841/3339/6326 2690/3342/5619
f 2841/3339/6326 2873/3341/6328 2867/3343/6329
f 2841/3339/6326 2867/3343/6329 2739/3344/6330
f 2873/3341/6328 2894/3340/6327 2867/3343/6329
f 2867/3343/6329 2800/3345/6331 2739/3344/6330
f 2867/3343/6329 2811/3346/6332 2800/3345/6331
f 2867/3343/6329 2805/3347/6333 2811/3346/6332
f 2805/3347/6333 2867/3343/6329 2908/3328/6319
f 2908/3328/6319 2867/3343/6329 2894/3340/6327
f 2805/3347/6333 2908/3328/6319 2830/3348/6334
f 2800/3345/6331 2811/3346/6332 2754/3349/6335
f 2754/3349/6335 2811/3346/6332 2805/3347/6333
f 2800/3345/6331 2754/3349/6335 2795/3350/6336
f 2770/3351/6337 2805/3347/6333 2830/3348/6334
s 0
f 2805/3347/6338 2770/3351/6339 2727/3352/6340
s 1
f 2805/3347/6333 2727/3352/6341 2754/3349/6335
f 2727/3352/6342 2770/3351/6343 2711/3353/6344
f 2754/3349/6335 2727/3352/6341 2679/3354/6345
f 2727/3352/6341 2671/3355/6346 2679/3354/6345
f 2679/3354/6345 2740/3356/6347 2754/3349/6335
f 2754/3349/6335 2740/3356/6347 2795/3350/6336
f 2795/3350/6336 2740/3356/6347 2689/3357/6348
f 2770/3351/6343 2635/3358/6349 2711/3353/6344
f 2628/3359/6350 2770/3351/6343 2772/3360/6351
s 0
f 2772/3360/6352 2770/3351/6353 2830/3348/6354
s 1
f 2829/3361/6355 2772/3360/6356 2830/3348/6334
f 2829/3361/6355 2830/3348/6334 2850/3362/6357
f 2628/3359/6350 2772/3360/6351 2686/3363/6358
s 0
f 2764/3364/6359 2772/3360/6360 2829/3361/6361
s 1
f 2764/3364/6362 2829/3361/6355 2791/3365/6363
f 2665/3366/6364 2718/3367/6365 2764/3364/6362
f 2665/3366/6364 2764/3364/6362 2759/3368/6366
f 2759/3368/6366 2764/3364/6362 2791/3365/6363
f 2846/3369/6367 2759/3368/6366 2791/3365/6363
f 2759/3368/6366 2846/3369/6367 2774/3370/6368
f 2665/3366/6364 2660/3371/6369 2718/3367/6365
f 2718/3367/6365 2660/3371/6369 2705/3372/6370
f 2665/3366/6364 2759/3368/6366 2501/3373/6371
f 2759/3368/6366 2534/3374/6372 2501/3373/6371
f 2534/3374/6372 2759/3368/6366 2774/3370/6368
s 0
f 2534/3374/6373 2774/3370/6374 2694/3375/6375
s 1
f 2774/3370/6368 2758/3376/6376 2694/3375/6377
f 2694/3375/6377 2758/3376/6376 2700/3377/6378
f 2700/3377/6378 2758/3376/6376 2757/3378/6379
f 2644/3379/6380 2694/3375/6377 2700/3377/6378
f 2694/3375/6377 2644/3379/6380 2610/3380/6381
f 2694/3375/6377 2610/3380/6381 2534/3374/6372
f 2561/3381/6382 2534/3374/6372 2610/3380/6381
f 2665/3366/6364 2501/3373/6371 2464/3382/6383
f 2665/3366/6364 2464/3382/6383 2660/3371/6369
f 2705/3372/6370 2678/3383/6384 2718/3367/6365
f 2678/3383/6384 2705/3372/6370 2660/3371/6369
f 2678/3383/6384 2684/3384/6385 2686/3363/6386
f 2686/3363/6358 2772/3360/6351 2764/3364/6387
s 0
f 2686/3363/6388 2764/3364/6389 2678/3383/6390
s 1
f 2678/3383/6384 2764/3364/6362 2718/3367/6365
f 2628/3359/6350 2686/3363/6358 2637/3385/6391
s 0
f 2686/3363/6392 2684/3384/6393 2637/3385/6394
s 1
f 2770/3351/6343 2628/3359/6350 2635/3358/6349
s 0
f 2637/3385/6395 2614/3386/6396 2628/3359/6397
f 2711/3353/6398 2655/3387/6399 2727/3352/6400
f 2727/3352/6401 2655/3387/6402 2641/3388/6403
s 1
f 2727/3352/6341 2641/3388/6404 2671/3355/6346
f 2641/3388/6404 2655/3387/6405 2618/3389/6406
s 0
f 2655/3387/6407 2585/3390/6408 2618/3389/6409
s 1
f 2618/3389/6406 2627/3391/6410 2641/3388/6404
f 2638/3392/6411 2641/3388/6404 2627/3391/6410
f 2627/3391/6410 2618/3389/6406 2586/3393/6412
f 2638/3392/6411 2627/3391/6410 2611/3394/6413
f 2671/3355/6346 2641/3388/6404 2638/3392/6411
f 2671/3355/6346 2638/3392/6411 2679/3354/6345
f 2679/3354/6345 2638/3392/6411 2611/3394/6413
f 2679/3354/6345 2689/3357/6348 2740/3356/6347
f 2653/3395/6414 2689/3357/6348 2679/3354/6345
f 2653/3395/6414 2690/3342/5619 2739/3344/6330
f 2653/3395/6414 2739/3344/6330 2689/3357/6348
f 2689/3357/6348 2739/3344/6330 2795/3350/6336
f 2795/3350/6336 2739/3344/6330 2800/3345/6331
f 2841/3339/6326 2739/3344/6330 2690/3342/5619
f 2670/3396/5620 2690/3342/5619 2653/3395/6414
s 0
f 2670/3396/6415 2653/3395/6416 2646/3397/6417
s 1
f 2574/3398/5630 2646/3397/5623 2568/3399/5125
f 2653/3395/6414 2679/3354/6345 2611/3394/6413
f 2611/3394/6413 2484/3400/6418 2653/3395/6414
f 2568/3399/5125 2646/3397/5623 2653/3395/6414
f 2568/3399/5125 2653/3395/6414 2484/3400/6418
f 2611/3394/6413 2627/3391/6410 2590/3401/6419
f 2590/3401/6419 2627/3391/6410 2586/3393/6412
f 2611/3394/6413 2590/3401/6419 2509/3402/6420
f 2611/3394/6413 2509/3402/6420 2484/3400/6418
f 2392/3403/5122 2568/3399/5125 2484/3400/6418
f 2509/3402/6420 2454/3404/6421 2484/3400/6418
f 2454/3404/6421 2509/3402/6420 2590/3401/6419
f 2545/3405/6422 2454/3404/6421 2590/3401/6419
f 2545/3405/6422 2590/3401/6419 2565/3406/6423
f 2545/3405/6422 2565/3406/6423 2544/3407/6424
f 2415/3408/6425 2454/3404/6421 2545/3405/6422
f 2415/3408/6425 2545/3405/6422 2544/3407/6424
f 2496/3409/6426 2544/3407/6424 2520/3410/6427
f 2544/3407/6424 2565/3406/6423 2520/3410/6427
f 2520/3410/6427 2585/3390/6428 2519/3411/6429
f 2520/3410/6427 2565/3406/6423 2585/3390/6428
f 2565/3406/6423 2586/3393/6412 2585/3390/6428
f 2586/3393/6412 2565/3406/6423 2590/3401/6419
s 0
f 2585/3390/6430 2586/3393/6431 2618/3389/6432
f 2585/3390/6433 2655/3387/6434 2602/3412/6435
s 1
f 2602/3412/6436 2655/3387/6437 2711/3353/6344
f 2602/3412/6436 2711/3353/6344 2635/3358/6349
s 0
f 2519/3411/6438 2585/3390/6439 2602/3412/6440
s 1
f 2524/3413/6441 2286/3414/6442 2553/3415/6443
f 2367/3416/6444 2286/3414/6442 2524/3413/6441
f 2495/3417/6445 2439/3418/6446 2367/3416/6444
f 2439/3418/6446 2495/3417/6445 2465/3419/6447
f 2495/3417/6445 2367/3416/6444 2524/3413/6441
f 2360/3420/6448 2309/3421/6449 2426/3422/6450
f 2309/3423/6449 2360/3420/6448 2380/3424/6451
f 2134/3425/6452 2141/3426/6453 1827/3427/6454
f 2127/3428/6455 2014/3429/6456 1965/3430/6457
f 1965/3430/6457 2014/3429/6456 2079/3431/6458
f 1968/3432/6459 1965/3430/6457 2079/3431/6458
f 1734/3433/6460 1965/3430/6457 1968/3432/6459
f 1907/3434/6461 1734/3433/6460 1968/3432/6459
f 1761/3435/6462 1734/3433/6460 1907/3434/6461
f 1736/3436/6463 1761/3435/6462 1907/3434/6461
f 1736/3436/6463 1907/3434/6461 1967/3437/6464
f 1736/3436/6463 1967/3437/6464 1822/3438/6465
f 1736/3436/6463 1822/3438/6465 1794/3439/6466
f 1822/3438/6465 1923/3440/6467 1794/3439/6466
f 1907/3434/6461 1971/3441/6468 1967/3437/6464
f 1907/3434/6461 1968/3432/6459 1971/3441/6468
f 1967/3437/6464 1939/3442/6469 1822/3438/6465
f 1822/3438/6465 1939/3442/6469 1923/3440/6467
f 2075/3443/6470 1923/3440/6467 1939/3442/6469
f 1939/3442/6469 1967/3437/6464 2119/3444/6471
f 2075/3443/6470 1939/3442/6469 2126/3445/6472
f 2119/3444/6471 1967/3437/6464 1971/3441/6468
f 1971/3441/6468 1968/3432/6459 2072/3446/6473
f 2072/3446/6473 1968/3432/6459 2079/3431/6458
f 2014/3429/6456 2127/3428/6455 2176/3447/6474
f 2176/3447/6474 2127/3428/6455 2280/3448/6475
f 2141/3426/6453 2134/3425/6452 2151/3449/6476
f 2141/3426/6453 2151/3449/6476 2280/3448/6475
f 2330/3450/6477 2151/3449/6476 2233/3451/6478
f 2151/3449/6476 2330/3450/6477 2280/3448/6475
f 2346/3452/6479 2280/3448/6475 2330/3450/6477
f 2127/3428/6455 2141/3426/6453 2280/3448/6475
f 2014/3429/6456 2176/3447/6474 2079/3431/6458
f 2072/3446/6473 2079/3431/6458 2097/3453/6480
f 2097/3453/6480 2079/3431/6458 2176/3447/6474
f 1939/3442/6469 2119/3444/6471 2126/3445/6472
f 2075/3443/6470 2126/3445/6472 2174/3454/6481
f 1971/3441/6468 2072/3446/6473 2293/3455/6482
f 1971/3441/6468 2293/3455/6482 2119/3444/6471
f 2072/3446/6473 2097/3453/6480 2293/3455/6482
f 2075/3443/6470 2174/3454/6481 2152/3456/6483
f 2075/3443/6470 2152/3456/6483 2093/2979/5784
f 2075/3443/6470 2093/2979/5784 1923/3440/6467
f 1923/3440/6467 2093/2979/5784 1864/3457/6484
f 1951/2960/5759 2093/2979/5784 2069/2962/5763
f 2069/2962/5763 2029/2958/5757 1951/2960/5759
f 2093/2979/5784 2152/3456/6483 2283/2980/5785
f 2294/3458/6485 2126/3445/6472 2119/3444/6471
f 2294/3458/6485 2119/3444/6471 2293/3455/6482
f 2263/3459/6486 2174/3454/6481 2126/3445/6472
f 2263/3459/6486 2126/3445/6472 2294/3458/6485
f 2097/3453/6480 2176/3447/6474 2201/3460/6487
s 0
f 2201/3460/6488 2176/3447/6489 2212/3461/6490
s 1
f 2212/3461/6491 2176/3447/6474 2280/3448/6475
f 2201/3460/6487 2200/3462/6492 2097/3453/6480
f 2097/3453/6480 2200/3462/6492 2293/3455/6482
f 2200/3462/6492 2316/3463/6493 2293/3455/6482
f 2200/3462/6492 2201/3460/6487 2316/3463/6493
s 0
f 2212/3461/6494 2280/3448/6495 2346/3452/6496
s 1
f 2376/3464/6497 2330/3450/6477 2233/3451/6478
f 2380/3424/6451 2360/3420/6448 2426/3422/6450
f 2380/3424/6451 2426/3422/6450 2402/3465/6498
f 2380/3424/6451 2402/3465/6498 2376/3464/6497
f 2233/3451/6478 2380/3424/6451 2376/3464/6497
f 2330/3450/6477 2376/3464/6497 2464/3382/6383
f 2346/3452/6499 2420/3466/6500 2212/3461/6501
f 2201/3460/6487 2212/3461/6501 2420/3466/6500
f 2201/3460/6487 2420/3466/6500 2316/3463/6493
f 2316/3463/6493 2420/3466/6500 2334/3467/6502
f 2293/3455/6482 2316/3463/6493 2311/3468/6503
f 2311/3468/6503 2316/3463/6493 2334/3467/6502
f 2294/3458/6485 2293/3455/6482 2311/3468/6503
f 2263/3459/6486 2294/3458/6485 2295/3469/6504
f 2174/3454/6481 2263/3459/6486 2152/3456/6483
f 2152/3456/6483 2263/3459/6486 2255/3470/6505
f 2283/2980/5785 2152/3456/6483 2255/3470/6505
f 2283/2980/5785 2437/2982/5787 2374/2981/5786
f 2336/3471/6506 2283/2980/5785 2255/3470/6505
f 2336/3471/6506 2255/3470/6505 2295/3469/6504
f 2295/3469/6504 2255/3470/6505 2263/3459/6486
f 2295/3469/6504 2399/3472/6507 2336/3471/6506
f 2295/3469/6504 2294/3458/6485 2399/3472/6507
f 2399/3472/6507 2294/3458/6485 2311/3468/6503
f 2311/3468/6503 2334/3467/6502 2434/3473/6508
f 2334/3467/6502 2420/3466/6500 2404/3474/6509
f 2334/3467/6502 2404/3474/6509 2434/3473/6508
f 2501/3373/6371 2420/3466/6500 2346/3452/6499
f 2501/3373/6371 2453/3475/6510 2420/3466/6500
f 2420/3466/6500 2453/3475/6510 2404/3474/6509
f 2404/3474/6509 2453/3475/6510 2459/3476/6511
f 2404/3474/6509 2459/3476/6511 2434/3473/6508
f 2434/3473/6508 2417/3477/6512 2311/3468/6503
f 2399/3472/6507 2311/3468/6503 2417/3477/6512
f 2336/3471/6506 2399/3472/6507 2498/3478/6513
f 2498/3478/6513 2399/3472/6507 2417/3477/6512
f 2283/2980/5785 2336/3471/6506 2411/3479/6514
f 2283/2980/5785 2411/3479/6514 2437/2982/5787
f 2343/2977/5782 2437/2982/5787 2523/3480/6515
f 2343/2977/5782 2523/3480/6515 2612/2983/5788
f 2613/3032/5855 2575/2985/5790 2612/2983/5788
f 2612/2983/5788 2633/3030/5853 2613/3032/5855
f 2613/3032/5855 2564/2984/5789 2575/2985/5790
f 2564/2984/5789 2613/3032/5855 2598/3031/5854
f 2564/2984/5789 2598/3031/5854 2566/2974/5791
f 2598/3031/5854 2676/3481/6516 2597/3029/5852
f 2598/3031/5854 2633/3030/5853 2661/3482/6517
f 2676/3481/6516 2598/3031/5854 2661/3482/6517
f 2719/3028/5851 2597/3029/5852 2717/3483/6518
f 2717/3483/6518 2597/3029/5852 2676/3481/6516
f 2569/3484/6519 2661/3482/6517 2633/3030/5853
f 2633/3030/5853 2612/2983/5788 2569/3484/6519
f 2569/3484/6519 2612/2983/5788 2523/3480/6515
f 2661/3482/6517 2569/3484/6519 2676/3481/6516
s 0
f 2595/3485/6520 2569/3484/6521 2523/3480/6522
s 1
f 2595/3485/6523 2523/3480/6515 2532/3486/6524
f 2523/3480/6515 2437/2982/5787 2532/3486/6524
f 2532/3486/6524 2437/2982/5787 2411/3479/6514
f 2411/3479/6514 2336/3471/6506 2498/3478/6513
f 2498/3478/6513 2417/3477/6512 2513/3487/6525
f 2569/3484/6519 2595/3485/6523 2722/3488/6526
f 2704/3489/6527 2722/3488/6526 2595/3485/6523
f 2704/3489/6527 2595/3485/6523 2532/3486/6524
s 0
f 2631/3490/6528 2532/3486/6529 2580/3491/6530
s 1
f 2580/3491/6531 2532/3486/6524 2411/3479/6514
f 2580/3491/6531 2411/3479/6514 2498/3478/6513
f 2580/3491/6531 2498/3478/6513 2579/3492/6532
f 2579/3492/6532 2498/3478/6513 2513/3487/6525
f 2513/3487/6525 2417/3477/6512 2556/3493/6533
f 2417/3477/6512 2542/3494/6534 2556/3493/6533
f 2631/3490/6535 2580/3491/6531 2579/3492/6532
f 2532/3486/6524 2631/3490/6535 2704/3489/6527
f 2631/3490/6535 2579/3492/6532 2649/3495/6536
f 2720/3496/6537 2649/3495/6536 2703/3497/6538
f 2649/3495/6536 2663/3498/6539 2703/3497/6538
f 2663/3498/6539 2649/3495/6536 2513/3487/6525
f 2663/3498/6539 2513/3487/6525 2556/3493/6533
f 2513/3487/6525 2649/3495/6536 2579/3492/6532
f 2556/3493/6533 2644/3379/6380 2663/3498/6539
f 2663/3498/6539 2644/3379/6380 2700/3377/6378
f 2644/3379/6380 2556/3493/6533 2542/3494/6534
f 2644/3379/6380 2542/3494/6534 2610/3380/6381
f 2610/3380/6381 2542/3494/6534 2561/3381/6382
f 2534/3374/6372 2453/3475/6510 2501/3373/6371
f 2534/3374/6372 2561/3381/6382 2453/3475/6510
f 2453/3475/6510 2561/3381/6382 2459/3476/6511
f 2459/3476/6511 2561/3381/6382 2542/3494/6534
f 2459/3476/6511 2542/3494/6534 2434/3473/6508
f 2434/3473/6508 2542/3494/6534 2417/3477/6512
f 2464/3382/6383 2408/3499/6540 2660/3371/6369
f 2660/3371/6369 2408/3499/6540 2620/3500/6541
f 2620/3500/6541 2408/3499/6540 2540/3501/6542
f 2587/3502/6543 2620/3500/6541 2540/3501/6542
f 2540/3501/6542 2488/3503/6544 2587/3502/6543
f 2540/3501/6542 2408/3499/6540 2488/3503/6544
s 0
f 2408/3499/6545 2464/3382/6546 2376/3464/6547
s 1
f 2440/3504/6548 2488/3503/6544 2408/3499/6540
f 2408/3499/6540 2376/3464/6497 2440/3504/6548
f 2402/3465/6498 2440/3504/6548 2376/3464/6497
f 2440/3504/6548 2402/3465/6498 2447/3505/6549
f 2440/3504/6548 2447/3505/6549 2488/3503/6544
f 2447/3505/6549 2465/3419/6447 2488/3503/6544
f 2488/3503/6544 2465/3419/6447 2587/3502/6543
s 0
f 2576/3506/6550 2587/3502/6551 2465/3419/6552
s 1
f 2587/3502/6543 2576/3506/6553 2620/3500/6541
f 2620/3500/6541 2576/3506/6553 2684/3384/6385
f 2582/3507/6554 2684/3384/6385 2576/3506/6553
f 2582/3507/6554 2576/3506/6553 2465/3419/6447
f 2684/3384/6385 2582/3507/6554 2637/3385/6555
f 2620/3500/6541 2684/3384/6385 2678/3383/6384
f 2620/3500/6541 2678/3383/6384 2660/3371/6369
f 2614/3386/6556 2637/3385/6555 2582/3507/6554
f 2495/3417/6445 2582/3507/6554 2465/3419/6447
f 2439/3418/6446 2465/3419/6447 2426/3422/6450
f 2465/3419/6447 2447/3505/6549 2402/3465/6498
f 2465/3419/6447 2402/3465/6498 2426/3422/6450
f 2697/2998/5809 2843/3508/1782 2698/2999/1790
f 2706/3000/5810 2771/3001/5811 2747/3262/6267
f 2771/3001/5811 2695/3002/5812 2745/3004/5814
f 2750/3006/5816 2683/3003/5813 2688/3007/5817
f 2688/3007/6557 2788/3008/5822 2809/3010/5821
s 0
f 2750/3006/6558 2688/3007/6559 2809/3010/6560
s 1
f 2785/3011/5823 2741/3013/5826 2730/3509/6561
f 2629/3025/5841 2656/3510/6562 2741/3013/5826
f 2741/3013/5826 2656/3510/6562 2730/3509/6561
f 2656/3510/6562 2622/3026/5845 2730/3509/6561
s 0
f 2652/3027/6563 2730/3509/6564 2622/3026/6565
f 2730/3509/6566 2652/3027/6567 2768/3511/6568
f 2583/2932/6569 2656/3510/6570 2629/3025/6571
s 1
f 2656/3510/6562 2583/2932/5721 2622/3026/5845
f 2583/2932/5721 2494/2930/5716 2622/3026/5845
f 2719/3028/5851 2717/3483/6518 2760/3512/6572
f 2652/3027/6573 2719/3028/5851 2768/3511/6574
f 2719/3028/5851 2760/3512/6572 2768/3511/6574
f 2802/3513/6575 2730/3509/6561 2768/3511/6574
f 2785/3011/5823 2852/3514/6576 2809/3010/5821
f 2864/3515/6577 2809/3010/5821 2852/3514/6576
f 2785/3011/5823 2831/3516/6578 2852/3514/6576
f 2831/3516/6578 2785/3011/5823 2730/3509/6561
f 2831/3516/6578 2730/3509/6561 2802/3513/6575
f 2802/3513/6575 2768/3511/6574 2782/3517/6579
f 2782/3517/6579 2768/3511/6574 2760/3512/6572
f 2786/3518/6580 2782/3517/6579 2760/3512/6572
f 2801/3519/6581 2786/3518/6580 2780/3520/6582
f 2780/3520/6582 2786/3518/6580 2746/3521/6583
f 2746/3521/6583 2786/3518/6580 2760/3512/6572
f 2746/3521/6583 2760/3512/6572 2717/3483/6518
f 2722/3488/6526 2746/3521/6583 2717/3483/6518
f 2722/3488/6526 2717/3483/6518 2569/3484/6519
f 2569/3484/6519 2717/3483/6518 2676/3481/6516
f 2352/2638/5178 2403/2640/5183 2297/2602/5109
f 2403/2640/5183 2387/2619/5132 2297/2602/5109
f 2297/2602/5109 2387/2619/5132 2318/2603/5110
f 202/3522/6584 315/3523/6585 226/3524/6586
s 0
f 315/3523/6587 202/3522/6588 205/3525/6589
f 315/3523/6590 205/3525/6591 320/3526/6592
f 239/3527/6593 276/3528/6594 216/3529/6595
f 303/3530/6596 224/3531/6597 267/3532/6598
s 1
f 281/3533/6599 267/3532/6600 224/3531/6601
f 269/3534/6602 281/3533/6599 206/3535/6603
f 206/3535/6603 277/3536/6604 269/3534/6602
s 0
f 287/3537/6605 256/3538/6606 277/3536/6607
s 1
f 296/3539/6608 128/3540/6609 266/3541/6610
s 0
f 128/3540/6611 296/3539/6612 287/3537/6613
f 254/3542/6614 287/3537/6615 277/3536/6616
s 1
f 287/3537/6617 254/3542/6618 128/3540/6619
f 128/3540/6609 247/3543/6620 266/3541/6610
f 214/3544/6621 266/3541/6610 247/3543/6620
s 0
f 289/3545/6622 214/3544/6623 231/3546/6624
s 1
f 288/3547/6625 289/3545/6626 227/3548/6627
f 227/3548/6627 289/3545/6626 231/3546/6628
f 299/3549/6629 248/3550/6630 161/3551/6631
f 161/3551/6631 249/3552/6632 299/3549/6629
f 299/3549/6629 249/3552/6632 321/3553/6633
f 249/3552/6632 242/3554/6634 321/3553/6633
s 0
f 220/3555/6635 207/3556/6636 244/3557/6637
f 207/3556/6638 220/3555/6639 188/3558/6640
s 1
f 188/3558/6641 189/3559/6642 207/3556/6643
f 198/3560/6644 117/3561/6645 313/3562/6646
f 226/3524/6586 313/3562/6646 195/3563/6647
f 117/3561/6645 195/3563/6647 313/3562/6646
f 198/3560/6644 189/3559/6648 118/3564/6649
s 0
f 132/3565/6650 188/3558/6651 220/3555/6652
s 1
f 132/3565/4924 220/3555/4947 174/3566/4945
s 0
f 189/3559/6653 188/3558/6654 118/3564/6655
f 132/3565/6656 91/3567/6657 188/3558/6658
f 188/3558/6659 91/3567/6660 118/3564/6661
s 1
f 83/3568/6662 118/3564/6649 91/3567/6663
f 72/3569/6664 117/3561/6645 198/3560/6644
f 118/3564/6649 72/3569/6664 198/3560/6644
f 202/3522/6665 195/3563/6666 51/3570/6667
f 37/3571/6668 117/3561/6645 72/3569/6664
f 72/3569/6664 118/3564/6649 83/3568/6662
s 0
f 91/3567/6669 132/3565/6670 10/3572/6671
s 1
f 37/3571/6668 29/3573/6672 117/3561/6645
f 117/3561/6645 29/3573/6672 195/3563/6647
f 35/3574/6673 72/3569/6664 83/3568/6662
s 0
f 3096/3575/6674 91/3567/6674 10/3572/6674
s 1
f 35/3574/6673 37/3571/6668 72/3569/6664
f 108/3576/6675 3029/3577/6676 19/3578/6677
f 19/3578/6677 3029/3577/6676 3044/3579/6678
f 19/3578/6677 3044/3579/6678 11/3580/6679
f 3032/3581/6680 3095/3582/6681 97/3583/6682
f 19/3578/6677 11/3580/6679 99/3584/6683
f 99/3584/6683 11/3580/6679 3020/3585/6684
f 19/3578/6677 99/3584/6683 100/3586/6685
f 19/3578/6677 100/3586/6685 121/3587/6686
f 3077/3588/6687 3026/3589/6688 87/3590/6689
s 0
f 25/3591/6690 3070/3592/6691 3050/3593/6692
f 31/3594/6693 25/3591/6694 3050/3593/6695
f 47/3595/6696 3050/3593/6696 3060/3596/6697
s 1
f 47/3595/6698 3060/3596/6699 2/3597/6700
f 8/3598/6701 3011/3599/6702 13/3600/6703
s 0
f 13/3600/6704 3011/3599/6704 4/3601/6704
s 1
f 54/3602/6705 9/3603/6706 3038/3604/6707
f 3034/3605/6708 48/3606/6709 53/3607/6710
f 43/3608/6711 48/3606/6712 6/3609/6713
f 43/3608/6711 6/3609/6713 3039/3610/6714
s 0
f 116/3611/6715 48/3606/6716 43/3608/6717
s 1
f 48/3606/6709 116/3611/6718 53/3607/6710
s 0
f 3779/3612/6719 3690/3613/6720 3733/3614/6721
f 3779/3612/6722 3733/3614/6723 3792/3615/6724
s 1
f 3869/3616/4978 3779/3612/4977 3871/3617/4979
s 0
f 3779/3612/6725 3792/3615/6726 3871/3617/6727
f 3792/3615/6728 3783/3618/6729 3842/3619/6730
s 1
f 3842/3619/6731 3783/3618/6732 3832/3620/6733
f 3908/3621/6734 3832/3620/6733 3910/3622/6735
s 0
f 3797/3623/6736 3840/3624/6737 3910/3622/6738
f 3910/3622/6739 3823/3625/6740 3797/3623/6741
s 1
f 3910/3622/6735 3832/3620/6733 3823/3625/6742
s 0
f 3797/3623/6743 3823/3625/6744 3740/3626/6745
s 1
f 3840/3624/6746 3797/3623/6747 3846/3627/6748
f 3846/3627/6748 3797/3623/6747 3809/3628/6749
f 3840/3624/6746 3915/3629/6750 3910/3622/6751
f 3846/3627/6748 3915/3629/6750 3840/3624/6746
f 3846/3627/6748 3809/3628/6749 3796/3630/6752
f 3799/3631/6753 3798/3632/6754 3800/3633/6755
f 3799/3631/6753 3800/3633/6755 3739/3634/6756
s 0
f 3715/3635/6757 3739/3634/6758 3800/3633/6759
s 1
f 3739/3634/6756 3685/3636/6760 3721/3637/6761
f 3739/3634/6756 3715/3635/6762 3685/3636/6760
f 3721/3637/6761 3685/3636/6760 3707/3638/6763
f 3739/3634/6756 3721/3637/6761 3852/3639/6764
f 3739/3634/6756 3852/3639/6764 3845/3640/6765
f 3882/3641/6766 3721/3637/6761 3707/3638/6763
f 3741/3642/6767 3882/3641/6766 3707/3638/6763
s 0
f 3772/3643/6768 3741/3642/6769 3719/3644/6770
s 1
f 3741/3642/6767 3772/3643/6771 3882/3641/6766
s 0
f 3852/3639/6772 3721/3637/6773 3882/3641/6774
s 1
f 3882/3641/6766 3772/3643/6771 3883/3645/6775
s 0
f 3845/3640/6776 3852/3639/6777 4012/3646/6778
s 1
f 3845/3640/6765 4012/3646/6779 3928/3647/6780
f 3799/3631/6753 3845/3640/6765 3928/3647/6780
f 3872/3648/6781 3799/3631/6753 3928/3647/6780
f 4012/3646/6782 3852/3639/6783 3904/3649/6784
f 3941/3650/6785 3904/3649/6784 3882/3641/6766
f 3882/3641/6766 3904/3649/6784 3852/3639/6783
f 3941/3650/6785 3882/3641/6766 3883/3645/6775
s 0
f 3940/3651/6786 3883/3645/6787 3864/3652/6788
f 3864/3652/6789 3976/3653/6790 3940/3651/6791
s 1
f 4018/3654/6792 3976/3653/6793 3952/3655/6794
f 3976/3653/6793 4018/3654/6792 3940/3651/6795
f 4026/3656/6796 4018/3654/6792 3952/3655/6794
f 4018/3654/6792 4026/3656/6796 4084/3657/6797
s 0
f 4018/3654/6798 4084/3657/6799 3940/3651/6800
s 1
f 3940/3651/6801 4084/3657/6797 4102/3658/6802
f 4134/3659/6803 4054/3660/6804 4051/3661/6805
s 0
f 4116/3662/6806 4035/3663/6807 4021/3664/6808
s 1
f 4115/3665/6809 4111/3666/6810 4036/3667/6811
s 0
f 4115/3665/6812 4036/3667/6813 4062/3668/6814
f 4036/3667/6815 4111/3666/6816 4031/3669/6817
s 1
f 4031/3669/6818 4111/3666/6819 4072/3670/6820
s 0
f 3965/3671/6821 4031/3669/6822 4072/3670/6823
s 1
f 4036/3667/6824 4031/3669/6825 3984/3672/6826
f 3984/3672/6826 4006/3673/6827 4062/3668/6828
f 4062/3668/6828 4006/3673/6827 4078/3674/6829
f 4078/3674/6829 4006/3673/6827 3971/3675/6830
s 0
f 3971/3675/6831 3996/3676/6832 4078/3674/6833
s 1
f 3996/3676/6834 3985/3677/6835 4098/3678/6836
f 4098/3678/6836 3985/3677/6835 4090/3679/6837
f 4090/3679/6837 3985/3677/6835 3983/3680/6838
f 4090/3679/6837 3983/3680/6838 3988/3681/6839
f 3985/3677/6835 3996/3676/6834 3971/3675/6830
f 3951/3682/6840 4006/3673/6827 3984/3672/6826
f 3965/3671/6841 4072/3670/6842 4044/3683/6843
f 3950/3684/6844 3965/3671/6841 4044/3683/6843
f 3950/3684/6844 4044/3683/6843 4021/3664/6845
f 3950/3684/6844 4021/3664/6845 4001/3685/6846
f 3951/3682/6840 3984/3672/6826 4031/3669/6825
f 4031/3669/6847 3965/3671/6848 3874/3686/6849
f 3971/3675/6830 4006/3673/6827 3914/3687/6850
s 0
f 3874/3686/6851 3951/3682/6852 4031/3669/6853
s 1
f 3874/3686/6849 3965/3671/6848 3937/3688/6854
s 0
f 3965/3671/6855 3950/3684/6856 3937/3688/6857
f 3939/3689/6858 3937/3688/6859 3950/3684/6860
s 1
f 3950/3684/6844 4001/3685/6846 3939/3689/6861
f 3939/3689/6861 4001/3685/6846 3903/3690/6862
f 3903/3690/6862 4001/3685/6846 4027/3691/6863
f 4027/3691/6863 3972/3692/6864 3916/3693/6865
f 3903/3690/6862 4027/3691/6863 3916/3693/6865
s 0
f 3816/3694/6866 3939/3689/6867 3903/3690/6868
s 1
f 3937/3688/6854 3939/3689/6869 3814/3695/6870
f 3814/3695/6870 3939/3689/6869 3816/3694/6871
f 3816/3694/6871 3903/3690/6872 3752/3696/6873
s 0
f 3834/3697/6874 3903/3690/6875 3916/3693/6876
f 3924/3698/6877 3916/3693/6878 3972/3692/6879
s 1
f 3916/3693/6880 3924/3698/6881 3851/3699/6882
f 3916/3693/6880 3851/3699/6882 3834/3697/6883
f 3863/3700/6884 3924/3698/6881 3952/3655/6794
s 0
f 3952/3655/6885 3976/3653/6886 3863/3700/6887
f 3863/3700/6888 3976/3653/6889 3864/3652/6889
s 1
f 3952/3655/6794 3924/3698/6881 3972/3692/6864
f 4001/3685/6846 4021/3664/6845 4035/3663/6890
s 0
f 4116/3662/6891 4021/3664/6892 4044/3683/6893
s 1
f 3871/3617/6894 3792/3615/6895 3842/3619/6896
f 3908/3621/6734 3842/3619/6731 3832/3620/6733
f 3908/3621/6734 3910/3622/6735 4040/3701/6897
s 0
f 4038/3702/6898 4040/3701/6899 3910/3622/6900
f 3842/3619/6901 3934/3703/6902 3871/3617/6903
s 1
f 3979/3704/6904 3932/3705/4980 3871/3617/4979
s 0
f 3932/3705/6905 3979/3704/6906 4014/3706/6907
s 1
f 3934/3703/6908 3979/3704/6904 3871/3617/4979
s 0
f 4009/3707/6909 3934/3703/6910 3842/3619/6911
s 1
f 3842/3619/6731 3908/3621/6734 4009/3707/6912
f 4009/3707/6912 3908/3621/6734 4040/3701/6897
f 3933/3708/6913 4038/3702/6914 3915/3629/6750
f 3910/3622/6751 3915/3629/6750 4038/3702/6914
s 0
f 4014/3706/6915 3979/3704/6916 4043/3709/6917
s 1
f 3979/3704/6904 4082/3710/6918 4043/3709/6919
f 4014/3711/4982 4043/3709/6920 4081/3712/3230
s 0
f 4041/3713/6921 4082/3710/6922 3934/3703/6923
s 1
f 3934/3703/6908 4082/3710/6918 3979/3704/6904
s 0
f 4041/3713/6924 3934/3703/6925 4009/3707/6926
f 4041/3713/6927 4009/3707/6928 4011/3714/6929
s 1
f 4011/3714/6930 4040/3701/6897 4050/3715/6931
f 4050/3715/6931 4073/3716/6932 4086/3717/6933
f 4092/3718/6934 4073/3716/6932 4038/3702/6935
f 4015/3719/6936 4092/3718/6934 4038/3702/6935
f 4032/3720/6937 4048/3721/6938 4020/3722/6939
f 3928/3647/6780 4032/3720/6937 4020/3722/6939
s 0
f 4020/3722/6940 4048/3721/6941 4033/3723/6942
s 1
f 4020/3722/6943 4033/3723/6944 3978/3724/6945
s 0
f 3872/3648/6946 4020/3722/6947 3978/3724/6948
s 1
f 4020/3722/6939 3872/3648/6781 3928/3647/6780
s 0
f 3978/3724/6949 3933/3708/6950 3862/3725/6951
f 3978/3724/6952 3862/3725/6953 3872/3648/6954
s 1
f 3933/3708/6955 3978/3724/6956 3973/3726/6957
s 0
f 3933/3708/6958 3973/3726/6959 4038/3702/6960
s 1
f 4038/3702/6935 3973/3726/6961 4015/3719/6936
s 0
f 3973/3726/6962 3978/3724/6963 4015/3719/6964
s 1
f 4015/3719/6936 3978/3724/6945 4033/3723/6944
f 4050/3715/6931 4040/3701/6897 4073/3716/6932
s 0
f 4073/3716/6965 4040/3701/6966 4038/3702/6967
s 1
f 4009/3707/6912 4040/3701/6897 4011/3714/6930
s 0
f 4294/1836/6968 4300/1834/6969 4254/1833/6970
s 1
f 2706/3000/5810 2747/3262/6267 2697/2998/5809
f 2794/3271/6273 2747/3262/6267 2771/3001/5811
f 2794/3271/6273 2771/3001/5811 2810/3272/6274
f 2810/3272/6274 2771/3001/5811 2745/3004/5814
f 2810/3272/6274 2745/3004/5814 2804/3270/6272
s 0
f 2804/3270/6971 2745/3004/6972 2750/3006/6973
s 1
f 2750/3006/6974 2809/3010/5821 2864/3515/6577
f 2750/3006/6974 2864/3515/6577 2804/3270/6272
f 2864/3515/6577 2880/3727/6975 2804/3270/6272
f 2885/3273/6275 2804/3270/6272 2888/3274/6276
f 2888/3274/6276 2804/3270/6272 2880/3727/6975
f 2864/3515/6577 2852/3514/6576 2880/3727/6975
f 2852/3514/6576 2901/3277/6279 2880/3727/6975
f 2852/3514/6576 2831/3516/6578 2901/3277/6279
f 2831/3516/6578 2802/3513/6575 2782/3517/6579
f 2831/3516/6578 2782/3517/6579 2856/3728/6976
f 2856/3728/6976 2782/3517/6579 2786/3518/6580
f 2844/3729/6977 2856/3728/6976 2786/3518/6580
f 2844/3729/6977 2786/3518/6580 2801/3519/6581
f 2844/3729/6977 2801/3519/6581 2808/3730/6978
f 2808/3730/6978 2801/3519/6581 2704/3489/6527
f 2808/3730/6978 2704/3489/6527 2731/3731/6979
f 2704/3489/6527 2801/3519/6581 2780/3520/6582
f 2722/3488/6526 2780/3520/6582 2746/3521/6583
f 2780/3520/6582 2722/3488/6526 2704/3489/6527
f 2704/3489/6527 2631/3490/6535 2649/3495/6536
f 2731/3731/6979 2704/3489/6527 2649/3495/6536
f 2731/3731/6979 2649/3495/6536 2732/3732/6980
f 2732/3732/6980 2649/3495/6536 2720/3496/6537
f 2663/3498/6539 2736/3733/6981 2703/3497/6538
f 2663/3498/6539 2700/3377/6378 2736/3733/6981
f 2736/3733/6981 2700/3377/6378 2757/3378/6379
f 2736/3733/6981 2757/3378/6379 2783/3734/6982
f 2783/3734/6982 2757/3378/6379 2813/3735/6983
f 2813/3735/6983 2757/3378/6379 2758/3376/6376
f 2839/3736/6984 2758/3376/6376 2774/3370/6368
f 2839/3736/6984 2774/3370/6368 2846/3369/6367
f 2846/3369/6367 2791/3365/6363 2817/3737/6985
f 2758/3376/6376 2839/3736/6984 2813/3735/6983
f 2895/3738/6986 2839/3736/6984 2899/3739/6987
f 2899/3739/6987 2839/3736/6984 2877/3740/6988
f 2899/3739/6987 2877/3740/6988 2850/3362/6357
f 2846/3369/6367 2877/3740/6988 2839/3736/6984
f 2877/3740/6988 2846/3369/6367 2859/3741/6989
f 2859/3741/6989 2846/3369/6367 2817/3737/6985
f 2859/3741/6989 2850/3362/6357 2877/3740/6988
f 2850/3362/6357 2926/3742/6990 2899/3739/6987
f 2926/3742/6990 2850/3362/6357 2933/3327/6318
f 2850/3362/6357 2830/3348/6334 2908/3328/6319
f 2829/3361/6355 2850/3362/6357 2859/3741/6989
f 2829/3361/6355 2859/3741/6989 2817/3737/6985
f 2829/3361/6355 2817/3737/6985 2791/3365/6363
f 637/3743/5552 622/3744/2132 607/3745/2133
f 653/3746/5560 636/3747/6991 574/3748/6992
f 653/3746/5560 574/3748/6992 605/3749/5558
s 0
f 637/3743/6993 607/3745/6994 636/3747/6995
f 634/3750/6996 605/3749/6997 610/3751/6998
s 1
f 585/3752/5562 634/3750/5561 610/3751/6999
f 713/3753/5578 558/3754/7000 684/3755/5579
f 639/3756/5574 616/3757/5571 495/3758/7001
f 639/3756/5574 495/3758/7001 713/3753/5578
f 713/3753/5578 495/3758/7001 558/3754/7000
f 684/3759/5579 558/3754/7000 671/3760/5583
f 674/3761/5585 675/3762/5584 552/3763/7002
f 552/3763/7002 675/3762/5584 589/3764/5588
s 0
f 674/3761/7003 552/3763/7004 644/3765/7005
s 1
f 644/3765/7006 552/3763/7007 594/3766/7008
f 670/3767/7009 644/3765/7006 594/3766/7008
f 638/3768/7010 670/3767/7009 594/3766/7008
f 670/3767/7009 638/3768/7010 667/3769/7011
f 667/3770/7011 638/3768/7010 765/3771/7012
f 638/3768/7010 617/3772/7013 765/3771/7012
f 765/3771/7012 617/3772/7013 602/3773/7014
f 688/3774/7015 765/3771/7012 602/3773/7014
f 617/3772/7013 638/3768/7010 593/3775/7016
f 617/3772/7013 593/3775/7016 569/3776/7017
f 602/3773/7014 611/3777/7018 683/3778/7019
s 0
f 683/3778/7020 611/3777/7021 623/3779/7022
f 602/3773/7023 683/3778/7024 688/3774/7025
s 1
f 612/3780/7026 623/3779/7027 611/3777/7018
f 623/3779/7027 612/3780/7026 694/3781/7028
f 694/3781/7028 612/3780/7026 621/3782/7029
s 0
f 631/3783/7030 694/3781/7031 621/3782/7032
s 1
f 661/3784/7033 694/3781/7028 631/3783/7034
f 661/3784/7033 631/3783/7034 690/3785/7035
s 0
f 631/3783/7036 620/3786/7037 690/3785/7037
f 632/3787/7038 690/3785/7039 620/3786/7040
f 624/3788/7041 632/3787/7042 620/3786/7042
s 1
f 620/3786/7043 631/3783/7044 577/3789/7045
s 0
f 577/3789/7046 631/3783/7047 586/3790/7048
s 1
f 586/3790/7049 631/3783/7050 621/3782/7029
f 621/3782/7029 612/3780/7026 568/3791/7051
f 586/3790/7049 621/3782/7029 568/3791/7051
f 568/3791/7051 612/3780/7026 611/3777/7018
f 611/3777/7018 602/3773/7014 496/3792/7052
f 496/3792/7052 602/3773/7014 569/3776/7017
f 602/3773/7014 617/3772/7013 569/3776/7017
f 496/3792/7052 569/3776/7017 478/3793/7053
f 593/3775/7016 478/3793/7053 569/3776/7017
f 581/3794/7054 593/3775/7016 638/3768/7010
f 638/3768/7010 594/3766/7008 581/3794/7054
f 593/3775/7016 581/3794/7054 524/3795/7055
s 0
f 593/3775/7056 474/3796/7057 478/3793/7058
s 1
f 474/3796/7059 593/3775/7016 400/3797/7060
f 502/3798/7061 581/3794/7054 594/3766/7008
s 0
f 524/3795/7062 581/3794/7063 502/3798/7064
s 1
f 502/3798/7065 490/3799/7066 428/3800/7067
f 402/3801/7068 527/3802/7069 476/3803/7070
f 552/3763/7071 527/3802/7069 490/3799/7066
s 0
f 476/3803/7072 527/3802/7073 528/3804/7074
f 528/3804/7075 527/3802/7076 552/3763/7077
f 594/3766/7078 552/3763/7079 490/3799/7080
f 594/3766/7081 490/3799/7082 502/3798/7083
s 1
f 636/3747/6991 607/3745/7084 566/3805/7085
f 566/3805/7085 607/3745/7084 415/3806/7086
s 0
f 607/3745/7087 540/3807/7088 415/3806/7089
f 415/3806/7090 411/3808/7091 566/3805/7092
s 1
f 636/3747/6991 566/3805/7085 574/3748/6992
f 565/3809/7093 605/3749/5558 574/3748/6992
f 610/3751/6999 605/3749/5558 565/3809/7093
f 563/3810/7094 610/3751/6999 565/3809/7093
f 610/3751/6999 563/3810/7094 557/3811/7095
f 610/3751/6999 557/3811/7095 585/3752/5562
f 563/3810/7094 565/3809/7093 534/3812/7096
s 0
f 583/3813/7097 633/3814/7098 588/3815/7099
s 1
f 616/3757/5571 583/3813/7100 551/3816/7101
f 616/3757/5571 516/3817/7102 495/3758/7001
f 495/3758/7001 559/3818/7103 558/3754/7000
f 537/3819/7104 671/3760/5583 558/3754/7000
s 0
f 696/3820/7105 671/3760/7106 589/3764/7107
s 1
f 552/3763/7002 589/3764/5588 528/3804/7108
f 566/3805/7085 411/3808/7109 456/3821/7110
f 534/3812/7096 565/3809/7093 456/3821/7110
f 456/3821/7110 565/3809/7093 574/3748/6992
f 574/3748/6992 566/3805/7085 456/3821/7110
s 0
f 540/3807/7111 366/3822/7112 415/3806/7113
f 415/3806/7114 366/3822/7115 357/3823/7116
s 1
f 415/3806/7117 357/3823/7118 411/3808/7119
s 0
f 357/3823/7120 189/3824/7120 411/3808/7121
s 1
f 353/3825/7122 385/3826/7123 405/3827/7124
s 0
f 385/3826/7125 460/3828/7126 405/3827/7125
f 460/3828/7127 385/3826/7128 322/3829/7129
s 1
f 322/3829/7130 334/3830/7131 460/3828/7132
f 473/3831/7133 334/3830/7131 431/3832/7134
f 334/3830/7131 473/3831/7133 460/3828/7132
f 460/3828/7132 473/3831/7133 563/3810/7135
f 460/3828/7132 563/3810/7135 405/3827/7136
s 0
f 405/3827/7137 563/3810/7138 534/3812/7139
s 1
f 534/3812/7096 456/3821/7110 405/3827/7124
f 353/3825/7122 405/3827/7124 456/3821/7110
f 456/3821/7110 411/3808/7109 353/3825/7122
f 337/3833/7140 313/3834/6646 385/3826/7123
f 322/3829/7130 385/3826/7123 313/3834/6646
f 322/3829/7130 313/3834/6646 226/3835/6586
f 334/3830/7131 322/3829/7130 315/3836/6585
f 322/3829/7130 226/3835/6586 315/3836/6585
s 0
f 207/3837/7141 189/3824/7142 357/3823/7143
f 357/3823/7144 244/3838/7145 207/3837/7146
s 1
f 198/3839/6644 337/3833/7140 189/3824/6648
f 198/3839/6644 313/3834/6646 337/3833/7140
s 0
f 4499/3229/7147 4471/3231/7147 4502/3233/7147
f 4441/3840/7148 4450/3841/7148 4463/3228/7148
f 4463/3228/7149 4450/3841/7149 4447/3842/7149
f 4482/3843/7150 4447/3842/7150 4450/3841/7150
s 1
f 91/3844/6663 3096/3845/7151 3127/3846/7152
f 91/3844/6663 3127/3846/7152 83/3847/6662
s 0
f 83/3847/7153 3127/3846/7154 3178/3848/7155
f 3099/3849/7156 83/3847/7157 3178/3848/7158
s 1
f 83/3847/6662 3099/3849/7159 35/3850/6673
f 3127/3846/7160 3189/3851/7161 3178/3848/7162
s 0
f 3189/3851/7163 3288/3852/7164 3178/3848/7165
s 1
f 3189/3851/7166 3243/3853/7167 3345/3854/7168
f 3189/3851/7166 3345/3854/7168 3288/3852/7169
s 0
f 3345/3854/7170 3343/3855/7171 3288/3852/7172
s 1
f 3288/3852/7173 3343/3855/7174 3237/3856/7175
f 3202/3857/7176 3339/3858/7177 3261/3859/7178
s 0
f 3330/3860/7179 3344/3861/7180 3278/3862/7181
f 3278/3862/7182 3344/3861/7183 3271/3863/7184
s 1
f 3330/3860/7185 3129/3864/7186 3261/3859/7178
f 3202/3857/7187 3318/3865/7188 3321/3866/7189
f 3800/3633/6755 3672/3867/7190 3715/3635/6762
f 3672/3867/7190 3800/3633/6755 3679/3868/7191
f 3679/3868/7191 3800/3633/6755 3798/3632/6754
s 0
f 3798/3632/7192 3796/3630/7193 3679/3868/7194
f 3679/3868/7195 3796/3630/7196 3776/3869/7197
s 1
f 3776/3869/7198 3796/3630/6752 3757/3870/7199
f 3809/3628/6749 3757/3870/7199 3796/3630/6752
f 3757/3870/7199 3797/3623/6747 3763/3871/7200
f 3757/3870/7199 3809/3628/6749 3797/3623/6747
s 0
f 3763/3871/7201 3797/3623/7202 3740/3626/7203
s 1
f 3677/3872/7204 3732/3873/7205 3783/3618/6732
s 0
f 3677/3872/7206 3783/3618/7207 3792/3615/7208
f 3792/3615/7209 3733/3614/7210 3677/3872/7211
s 1
f 3832/3620/6733 3732/3873/7205 3740/3626/7212
f 3832/3620/6733 3740/3626/7212 3823/3625/6742
f 3732/3873/7205 3832/3620/6733 3783/3618/6732
s 0
f 4187/3238/7213 4221/3257/7214 4191/3259/7215
f 4187/3238/7216 4315/3236/7217 4221/3257/7218
s 1
f 4270/3874/7219 4173/3258/6249 4221/3257/6248
f 4270/3874/7219 4292/3256/6247 4205/3255/6246
f 4270/3874/7219 4205/3255/6246 4173/3258/6249
f 4481/3226/7220 4315/3236/7221 4338/3235/7222
s 0
f 4400/3875/7223 4315/3236/7224 4481/3226/7225
f 4400/3875/7226 4481/3226/7227 4501/3232/7228
s 1
f 4502/3233/7229 4400/3875/7230 4501/3232/7231
f 4400/3875/7230 4502/3233/7229 4326/3876/7232
f 4363/3877/7233 4326/3876/7232 4502/3233/7229
s 0
f 4315/3236/7234 4400/3875/7235 4221/3257/7236
f 4344/3878/7237 4363/3877/7238 4471/3231/7239
s 1
f 4307/3254/6245 4500/3879/7240 4321/3880/7241
f 4289/3881/7242 4321/3880/7243 4312/3882/7244
f 4289/3881/7242 4312/3882/7244 4323/3883/7245
f 4323/3883/7245 4312/3882/7244 4362/3884/7246
s 0
f 4312/3882/7247 4321/3880/7248 4469/3885/7249
f 4476/3886/7250 4321/3880/7251 4500/3879/7252
f 4321/3880/7253 4476/3886/7254 4469/3885/7255
s 1
f 4307/3254/6245 4344/3878/7256 4475/3887/7257
s 0
f 108/3576/7258 121/3587/7259 205/3525/7260
s 1
f 108/3576/6675 205/3525/7261 202/3522/6665
f 3232/3888/7262 3275/3889/7263 3317/3890/7264
s 0
f 3317/3890/7265 3275/3889/7266 3383/3891/7267
s 1
f 3275/3889/7268 3315/3892/7269 3383/3891/7270
f 3315/3892/7269 3250/3893/7271 3422/3894/7272
f 3422/3894/7272 3250/3893/7271 3371/3895/7273
f 3422/3894/7272 3483/3896/7274 3315/3892/7269
f 3422/3894/7272 3371/3895/7273 3449/3897/7275
f 3489/3898/7276 3422/3894/7272 3449/3897/7275
f 3449/3897/7275 3465/3899/7277 3489/3898/7276
f 3516/3900/7278 3489/3898/7276 3545/3901/7279
s 0
f 3649/3902/7280 3543/3903/7281 3544/3904/7282
f 3543/3903/7283 3649/3902/7284 3677/3905/7285
f 3733/3906/7286 3543/3903/7287 3677/3905/7288
s 1
f 3732/3907/7205 3678/3908/7289 3740/3909/7212
s 0
f 3740/3909/7290 3678/3908/7291 3628/3910/7292
f 3763/3911/7293 3740/3909/7294 3628/3910/7295
s 1
f 3763/3911/7200 3628/3910/7296 3757/3912/7199
f 3757/3912/7199 3628/3910/7296 3642/3913/7297
f 3678/3908/7298 3631/3914/7299 3628/3910/7296
f 3757/3912/7199 3642/3913/7297 3648/3915/7300
f 3648/3915/7300 3776/3916/7198 3757/3912/7199
s 0
f 3776/3916/7301 3648/3915/7302 3679/3917/7303
f 3615/3918/7304 3672/3919/7305 3679/3917/7306
s 1
f 3672/3919/7190 3615/3918/7307 3715/3920/6762
f 3615/3918/7307 3614/3921/7308 3715/3920/6762
f 3615/3918/7307 3679/3917/7309 3648/3915/7310
f 3615/3918/7307 3648/3915/7310 3618/3922/7311
f 3548/3923/7312 3615/3918/7307 3618/3922/7311
f 3548/3923/7312 3614/3921/7308 3615/3918/7307
s 0
f 3618/3922/7313 3648/3915/7314 3572/3924/7315
s 1
f 3572/3924/7316 3648/3915/7300 3642/3913/7297
f 3624/3925/7317 3642/3913/7297 3628/3910/7296
f 3572/3924/7316 3642/3913/7297 3624/3925/7317
f 3631/3914/7299 3624/3925/7317 3628/3910/7296
f 3578/3926/7318 3631/3914/7299 3678/3908/7298
s 0
f 3578/3926/7319 3678/3908/7320 3545/3901/7321
f 3678/3908/7322 3732/3907/7323 3545/3901/7324
s 1
f 3545/3901/7279 3732/3907/7205 3649/3902/7325
f 3649/3902/7325 3732/3907/7205 3677/3905/7204
f 3483/3896/7274 3422/3894/7272 3516/3900/7278
f 3516/3900/7278 3422/3894/7272 3489/3898/7276
f 3483/3896/7274 3516/3900/7278 3545/3901/7279
f 3483/3896/7274 3545/3901/7279 3544/3904/7326
s 0
f 3521/3927/7327 3544/3904/7328 3543/3903/7329
f 3483/3896/7330 3544/3904/7331 3383/3891/7332
f 3544/3904/7333 3521/3927/7334 3383/3891/7335
f 3521/3927/7336 3317/3890/7337 3383/3891/7338
f 4452/3928/7339 4441/3840/7339 4486/3929/7339
f 4450/3841/7340 4441/3840/7340 4452/3928/7340
f 4441/3840/7341 4489/3930/7341 4459/3931/7341
f 4461/3932/7342 4493/3933/7342 4498/3934/7343
f 4461/3932/6204 4489/3930/6204 4441/3840/6204
f 4489/3930/7344 4461/3932/7345 4496/3935/7346
f 4494/3936/7347 4489/3930/7348 4496/3935/7348
s 1
f 4459/3931/7349 4489/3930/7350 4488/3937/7351
s 0
f 4491/3938/7352 4488/3937/7353 4489/3930/7352
f 4441/3840/7354 4459/3931/7354 4436/3939/7354
f 4436/3939/7355 4459/3931/7355 4488/3937/7355
f 4441/3840/7356 4436/3939/7356 4486/3929/7356
f 4433/3940/7357 4454/3941/7358 4486/3929/7358
f 4433/3940/7359 4486/3929/7359 4436/3939/7359
s 1
f 4433/3940/7360 4436/3939/7361 4417/3942/7362
f 4417/3942/7362 4436/3939/7361 4418/3943/7363
f 4417/3942/7362 4418/3943/7363 4411/3944/7364
f 4428/3945/7365 4436/3939/7361 4488/3937/7366
f 4418/3943/7363 4436/3939/7361 4428/3945/7365
f 4411/3944/7364 4418/3943/7363 4384/3946/7367
f 4356/3947/7368 4384/3946/7367 4428/3945/7365
f 4428/3945/7365 4384/3946/7367 4418/3943/7363
f 4414/3948/7369 4428/3945/7365 4488/3937/7366
f 4428/3945/7365 4414/3948/7369 4282/3949/7370
f 4411/3944/7364 4246/3950/7371 4341/3951/7372
f 4433/3940/7360 4341/3951/7372 4349/3952/7373
f 4349/3952/7373 4341/3951/7372 4263/3953/7374
f 4246/3950/7371 4411/3944/7364 4384/3946/7367
s 0
f 4263/3953/7375 4341/3951/7376 4246/3950/7377
s 1
f 4349/3952/7373 4239/3954/7378 4335/3955/7379
f 4239/3954/7378 4349/3952/7373 4263/3953/7374
f 4335/3955/7379 4303/3956/7380 4484/3957/7381
f 4303/3956/7380 4350/3958/7382 4484/3957/7381
f 4350/3958/7382 4303/3956/7380 4279/3959/7383
f 4350/3958/7382 4287/3960/7384 4330/3961/7385
f 4350/3958/7382 4330/3961/7385 4453/3962/7386
f 4453/3962/7386 4484/3957/7381 4350/3958/7382
f 4484/3957/7381 4453/3962/7386 4483/3963/7387
f 4452/3928/7388 4483/3963/7387 4450/3841/7389
f 4483/3963/7387 4452/3928/7388 4484/3957/7381
s 0
f 4484/3957/7390 4452/3928/7390 4454/3941/7390
f 4454/3941/7391 4452/3928/7391 4486/3929/7391
s 1
f 411/3808/7109 189/3824/6648 337/3833/7140
f 411/3808/7109 337/3833/7140 353/3825/7122
f 353/3825/7122 337/3833/7140 385/3826/7123
f 334/3830/7131 324/3964/7392 386/3965/7393
f 386/3965/7393 324/3964/7392 373/3966/7394
f 373/3966/7394 324/3964/7392 331/3967/7395
f 369/3968/7396 373/3966/7394 331/3967/7395
f 303/3969/7397 423/3970/7398 276/3971/7399
f 423/3970/7398 303/3969/7397 267/3972/6600
f 423/3970/7398 267/3972/6600 351/3973/7400
f 267/3972/6600 281/3974/6599 351/3973/7400
f 356/3975/7401 351/3973/7400 281/3974/6599
s 0
f 348/3976/7402 269/3977/7403 256/3978/7404
s 1
f 256/3978/7405 297/3979/7406 348/3976/7407
f 428/3800/7067 266/3980/6610 393/3981/7408
f 296/3982/6608 266/3980/6610 428/3800/7067
s 0
f 446/3983/7409 348/3976/7410 297/3979/7411
s 1
f 429/3984/7412 348/3976/7413 446/3983/7414
f 351/3973/7400 495/3758/7001 423/3970/7398
f 369/3968/7396 427/3985/7415 430/3986/7416
f 369/3968/7396 430/3986/7416 373/3966/7394
f 373/3966/7394 430/3986/7416 386/3965/7393
f 431/3832/7134 386/3965/7393 451/3987/7417
f 430/3986/7416 451/3987/7417 386/3965/7393
f 530/3988/7418 430/3986/7416 427/3985/7415
f 559/3818/7103 351/3973/7400 356/3975/7401
f 429/3984/7412 529/3989/7419 356/3975/7401
s 0
f 226/3524/7420 195/3563/7421 202/3522/7420
f 320/3526/7422 205/3525/7423 331/3990/7424
s 1
f 303/3530/7397 239/3527/7425 224/3531/7426
f 254/3542/6618 277/3536/7427 77/3991/7428
s 0
f 166/3992/7429 277/3536/7430 206/3535/7431
s 1
f 277/3536/7427 166/3992/7432 77/3991/7428
f 128/3540/6619 254/3542/6618 77/3991/7428
f 45/3993/7433 155/3994/7434 128/3540/6619
f 128/3540/6619 77/3991/7428 45/3993/7433
s 0
f 3208/3995/7435 3130/3996/7436 3066/3997/7437
s 1
f 3144/3998/7438 3208/3995/7439 3088/3999/7440
f 3201/4000/7441 3181/4001/7442 3145/4002/7443
f 3181/4001/7442 3144/3998/7438 3094/4003/7444
f 3094/4003/7444 3144/3998/7438 3088/3999/7440
f 3066/3997/7445 3088/3999/7440 3208/3995/7439
f 3094/4003/7444 3088/3999/7440 12/4004/7446
f 3094/4003/7444 12/4004/7446 3074/4005/7447
f 3149/4006/7448 3074/4005/7447 22/4007/7449
s 0
f 3066/3997/7450 3130/3996/7451 40/4008/7452
s 1
f 3066/3997/7445 40/4008/2332 3088/3999/7440
f 12/4004/7446 3088/3999/7440 73/4009/2331
f 12/4004/7446 59/4010/7453 3074/4005/7447
f 3074/4005/7447 59/4010/7453 22/4007/7449
s 0
f 3053/4011/7454 23/4012/7455 3046/4013/7456
s 1
f 3027/4014/7457 3102/4015/7458 89/4016/7459
f 3027/4014/7457 89/4016/7459 3076/4017/7460
f 3053/4011/7461 3149/4006/7448 22/4007/7449
s 0
f 3275/4018/7462 3232/4019/7463 3208/3995/7464
s 1
f 3250/4020/7271 3144/3998/7438 3181/4001/7442
f 3206/4021/7465 3209/4022/7466 3294/4023/7467
f 3294/4023/7467 3209/4022/7466 3248/4024/7468
s 0
f 3206/4021/7469 3294/4023/7470 3285/4025/7471
s 1
f 3222/4026/7472 3247/4027/7473 3170/4028/7474
f 3247/4027/7473 3248/4024/7468 3170/4028/7474
f 3222/4026/7472 3170/4028/7474 3122/4029/7475
f 3197/4030/7476 3170/4028/7474 3213/4031/7477
f 3213/4031/7477 3170/4028/7474 3248/4024/7468
f 3197/4030/7476 3213/4031/7477 3209/4022/7478
s 0
f 3142/4032/7479 3197/4030/7480 3209/4022/7481
s 1
f 3142/4032/7482 3209/4022/7466 3206/4021/7465
f 3128/4033/7483 3142/4032/7482 3206/4021/7465
s 0
f 3213/4031/7484 3248/4024/7485 3209/4022/7486
s 1
f 3275/4018/7268 3208/3995/7439 3315/4034/7269
f 3315/4034/7269 3208/3995/7439 3144/3998/7438
f 3315/4034/7269 3144/3998/7438 3250/4020/7271
f 3250/4020/7271 3181/4001/7442 3201/4000/7441
f 3201/4000/7441 3206/4021/7465 3285/4025/7487
f 3201/4000/7441 3353/4035/7488 3250/4020/7271
f 3247/4027/7473 3296/4036/7489 3325/4037/7490
s 0
f 3372/4038/7491 3296/4036/7492 3222/4026/7493
f 3222/4026/7494 3296/4036/7495 3247/4027/7496
s 1
f 3247/4027/7473 3325/4037/7490 3248/4024/7468
f 3248/4024/7468 3325/4037/7490 3294/4023/7467
f 3285/4025/7487 3353/4035/7488 3201/4000/7441
f 3343/4039/7174 3432/4040/7497 3237/4041/7175
f 3367/4042/7498 3237/4041/7175 3432/4040/7497
f 3304/4043/7499 3310/4044/7500 3403/4045/7501
f 3305/4046/7502 3304/4043/7503 3431/4047/7504
f 3305/4046/7502 3431/4047/7504 3342/4048/7505
f 3318/4049/7506 3257/4050/7507 3342/4048/7505
s 0
f 3339/4051/7508 3202/4052/7509 3321/4053/7510
s 1
f 3330/4054/7185 3261/4055/7178 3339/4051/7177
f 3330/4054/7185 3339/4051/7177 3348/4056/7511
s 0
f 3348/4056/7512 3344/4057/7513 3330/4054/7514
f 3392/4058/7515 3309/4059/7515 3271/4060/7515
f 3309/4059/7516 3377/4061/7517 3293/4062/7518
s 1
f 3293/4062/7519 3377/4061/7520 3461/4063/7521
f 3293/4062/7519 3461/4063/7521 3311/4064/7522
f 3392/4058/7523 3271/4065/7524 3434/4066/7525
s 0
f 3434/4066/7526 3271/4065/7527 3344/4057/7528
s 1
f 3348/4056/7511 3339/4051/7177 3499/4067/7529
s 0
f 3339/4051/7530 3396/4068/7531 3499/4067/7532
s 1
f 3396/4068/7533 3339/4051/7534 3321/4053/7535
f 3396/4068/7533 3321/4053/7535 3554/4069/7536
f 3554/4069/7536 3397/4070/7537 3485/4071/7538
f 3397/4070/7537 3554/4069/7536 3321/4053/7535
s 0
f 3318/4049/7539 3397/4070/7539 3321/4053/7539
s 1
f 3397/4070/7537 3318/4049/7506 3342/4048/7505
s 0
f 3431/4047/7540 3304/4043/7541 3403/4045/7542
f 3403/4045/7543 3310/4044/7544 3359/4072/7545
s 1
f 3327/4073/7546 3457/4074/7547 3359/4072/7548
s 0
f 3359/4072/7549 3310/4044/7550 3327/4073/7551
s 1
f 3367/4042/7498 3432/4040/7497 3414/4075/7552
s 0
f 3343/4039/7553 3345/4076/7554 3533/4077/7555
s 1
f 3343/4039/7174 3533/4077/7556 3432/4040/7497
f 3345/4076/7557 3425/4078/5601 3533/4077/7558
f 3533/4077/7556 3488/4079/7559 3432/4040/7497
s 0
f 3327/4073/7560 3367/4042/7561 3414/4075/7562
f 3327/4073/7563 3414/4075/7564 3457/4074/7565
s 1
f 3414/4075/7552 3432/4040/7497 3488/4079/7559
f 3562/4080/7566 3414/4075/7552 3488/4079/7559
f 3425/4078/5601 3550/4081/5600 3533/4077/7558
f 3488/4079/7559 3533/4077/7556 3570/4082/7567
s 0
f 3562/4080/7568 3723/4083/7569 3610/4084/7570
f 3610/4084/7571 3723/4083/7572 3623/4085/7573
f 3610/4084/7574 3623/4085/7575 3612/4086/7576
s 1
f 3629/4087/7577 3570/4082/7567 3533/4077/7556
s 0
f 3533/4077/7578 3550/4081/7579 3629/4087/7580
s 1
f 3629/4087/7581 3550/4081/5604 3636/4088/5606
s 0
f 3629/4087/7582 3636/4088/7583 3695/4089/7584
s 1
f 3629/4087/7577 3695/4089/3898 3570/4082/7567
f 3695/4089/3898 3729/4090/7585 3570/4082/7567
f 3623/4085/7586 3723/4083/7587 3714/4091/7588
s 0
f 3786/4092/7589 3723/4083/7590 3562/4080/7591
s 1
f 3786/4092/7592 3562/4080/7566 3570/4082/7567
f 3570/4082/7567 3729/4090/7585 3786/4092/7592
f 3636/4088/7593 3818/4093/7594 3695/4089/7595
s 0
f 4221/3257/7596 4326/3876/7597 4270/3874/7598
f 4326/3876/7599 4221/3257/7600 4400/3875/7601
f 4292/3256/7602 4326/3876/7603 4363/3877/7604
s 1
f 4363/3877/7605 4344/3878/7256 4292/3256/6247
f 4326/3876/7606 4292/3256/6247 4270/3874/7219
s 0
f 653/2822/7607 709/2809/7608 637/2820/7609
s 1
f 653/2822/5560 664/2823/5557 731/2808/5534
s 0
f 634/2825/7610 663/2827/7611 740/3222/7612
s 1
f 634/2825/5559 740/3222/7613 751/3104/5961
s 0
f 664/2823/7614 816/2810/7615 731/2808/7616
s 1
f 664/2823/5557 634/2825/5559 816/2810/5539
f 816/2810/5539 634/2825/5559 751/3104/5961
f 652/4094/695 654/4095/694 575/4096/3608
f 575/4096/3608 654/4095/694 591/4097/7617
f 564/4098/3609 575/4096/3608 591/4097/7617
f 555/4099/3607 564/4098/3609 519/4100/7618
s 0
f 555/4099/7619 519/4100/7620 472/4101/7621
s 1
f 472/4101/7622 519/4100/7618 381/4102/7623
f 381/4102/7623 519/4100/7618 482/4103/7624
s 0
f 382/4104/7625 471/4105/7626 438/4106/7627
s 1
f 438/4106/7628 416/4107/7629 382/4104/7630
f 438/4106/7628 471/4105/7631 464/4108/7632
f 416/4107/7629 438/4106/7628 464/4108/7632
f 520/4109/7633 493/4110/7634 448/4111/7635
f 520/4109/7636 426/4112/7637 517/4113/7638
f 517/4113/7638 426/4112/7637 416/4107/7639
s 0
f 426/4112/7640 520/4109/7641 420/4114/7642
s 1
f 420/4114/7643 520/4109/7633 448/4111/7635
s 0
f 472/4101/7644 381/4102/7645 364/4115/7646
f 364/4115/7647 381/4102/7648 199/4116/7649
s 1
f 199/4116/7650 381/4102/7623 330/4117/7651
f 330/4117/7651 381/4102/7623 355/4118/7652
f 335/4119/7653 330/4117/7651 355/4118/7652
f 370/4120/7654 335/4119/7653 355/4118/7652
f 482/4103/7624 471/4105/7655 355/4118/7652
f 482/4103/7624 355/4118/7652 381/4102/7623
f 35/3574/6673 5/4121/7656 37/3571/6668
s 0
f 29/3573/7657 37/3571/7658 5/4121/7659
f 3029/3577/7660 51/3570/7661 3124/4122/7662
f 51/3570/7663 29/3573/7664 3124/4122/7665
f 29/3573/7666 3105/4123/7667 3124/4122/7668
s 1
f 29/3573/7669 5/4121/7656 3105/4123/7670
f 3161/4124/7671 3150/4125/7672 5/4126/7656
f 5/4126/7656 3150/4125/7672 3105/4127/7670
f 3178/3848/7673 3193/4128/7674 3099/3849/7675
s 0
f 3099/3849/7676 3193/4128/7677 3161/4124/7678
s 1
f 3124/4129/7679 3118/4130/7680 3059/4131/7681
f 3161/4124/7671 5/4126/7656 3099/3849/7159
f 3099/3849/7159 5/4126/7656 35/3850/6673
f 3168/4132/7682 3161/4124/7671 3193/4128/7674
f 3161/4124/7671 3168/4132/7682 3150/4125/7672
f 3150/4125/7672 3168/4132/7682 3182/4133/7683
f 3193/4128/7674 3178/3848/7673 3288/3852/7173
f 3288/3852/7173 3237/3856/7175 3193/4128/7674
f 3367/4134/7498 3287/4135/7684 3237/3856/7175
s 0
f 3287/4135/7685 3367/4134/7686 3327/4136/7687
s 1
f 3327/4136/7688 3310/4137/7689 3287/4135/7690
f 3220/4138/7691 3287/4135/7690 3310/4137/7689
f 3251/4139/7692 3220/4138/7691 3310/4137/7689
s 0
f 3251/4139/7693 3310/4137/7694 3304/4140/7695
f 3305/4141/7696 3342/4142/7697 3257/4143/7698
f 3318/3865/7699 3188/4144/7700 3257/4143/7701
s 1
f 3304/4140/7702 3214/4145/7703 3251/4139/7704
s 0
f 3304/4140/7705 3305/4141/7706 3214/4145/7707
s 1
f 3318/3865/7188 3202/3857/7187 3188/4144/7708
f 3305/4141/7709 3257/4143/7710 3186/4146/7711
f 3186/4146/7711 3257/4143/7710 3131/4147/7712
s 0
f 3186/4146/7713 3214/4145/7714 3305/4141/7715
s 1
f 3182/4133/7683 3220/4138/7691 3251/4139/7692
f 3168/4132/7682 3220/4138/7691 3182/4133/7683
s 0
f 3168/4132/7716 3287/4135/7717 3220/4138/7718
s 1
f 3287/4135/7684 3168/4132/7682 3193/4128/7674
f 3193/4128/7674 3237/3856/7175 3287/4135/7684
s 0
f 3371/3895/7719 3250/3893/7720 3353/4148/7721
f 3371/3895/7722 3402/4149/7723 3449/3897/7724
s 1
f 3402/4149/7725 3447/4150/7726 3449/3897/7275
f 3449/3897/7275 3447/4150/7726 3465/3899/7277
f 3459/4151/7727 3447/4150/7726 3401/4152/7728
f 3398/4153/7729 3441/4154/7730 3458/4155/7731
f 3424/4156/7732 3441/4154/7730 3398/4153/7729
s 0
f 3430/4157/7733 3458/4155/7734 3401/4152/7735
s 1
f 3458/4155/7731 3430/4157/7736 3398/4153/7729
f 3398/4153/7729 3411/4158/7737 3424/4156/7732
f 3411/4158/7737 3386/4159/7738 3424/4156/7732
f 3448/4160/7739 3424/4156/7732 3386/4159/7738
f 3448/4160/7739 3386/4159/7738 3454/4161/7740
f 3411/4158/7737 3398/4153/7729 3372/4162/7741
f 3296/4163/7489 3372/4162/7741 3398/4153/7729
s 0
f 3386/4159/7742 3411/4158/7743 3258/4164/7744
f 3386/4159/7745 3258/4164/7746 3337/4165/7747
s 1
f 3258/4164/7748 3411/4158/7737 3372/4162/7741
f 3331/4166/7749 3296/4163/7489 3398/4153/7729
f 3430/4157/7736 3331/4166/7749 3398/4153/7729
s 0
f 3325/4167/7750 3331/4166/7751 3365/4168/7752
s 1
f 3331/4166/7749 3325/4167/7490 3296/4163/7489
f 3294/4169/7467 3325/4167/7490 3365/4168/7753
f 3294/4169/7467 3382/4170/7754 3285/4171/7487
f 3294/4169/7467 3365/4168/7753 3382/4170/7754
f 3285/4171/7487 3382/4170/7754 3353/4148/7488
f 3371/3895/7755 3353/4148/7488 3382/4170/7754
f 3402/4149/7756 3371/3895/7755 3382/4170/7754
f 3402/4149/7756 3382/4170/7754 3401/4152/7757
f 3401/4152/7757 3382/4170/7754 3365/4168/7753
f 3365/4168/7753 3430/4157/7736 3401/4152/7757
f 3430/4157/7736 3365/4168/7753 3331/4166/7749
f 3483/3896/7274 3383/3891/7270 3315/3892/7269
s 0
f 2973/3287/7758 2949/3279/7759 2930/3278/7760
f 2974/3295/7761 2973/3287/7762 2972/3321/7763
s 1
f 2996/3306/6297 2974/3295/6292 2985/4172/7764
f 2996/3306/6297 2985/4172/7764 2997/3305/6296
f 2985/4172/7764 2974/3295/6292 2972/3321/6312
f 2997/3305/6296 2985/4172/7764 2987/3307/6298
f 2987/3307/6298 2985/4172/7764 2979/3317/6308
f 2979/3317/6308 2985/4172/7764 2982/3319/6310
f 2980/3311/6302 2987/3307/6298 2969/3316/6307
f 2987/3307/6298 2979/3317/6308 2969/3316/6307
f 2972/3321/6312 2982/3319/6310 2985/4172/7764
s 0
f 2968/3320/7765 2972/3321/7766 2973/3287/7767
f 2973/3287/7768 2929/4173/7769 2968/3320/7770
f 2929/4173/7771 2973/3287/7772 2930/3278/7773
s 1
f 2930/3278/6280 2901/3277/6279 2929/4173/7774
s 0
f 2968/3320/7775 2929/4173/7776 2931/4174/7777
s 1
f 2918/3322/6313 2968/3320/6311 2931/4174/7778
f 2918/3322/6313 2931/4174/7778 2891/4175/7779
f 2931/4174/7778 2929/4173/7780 2910/4176/7781
f 2904/4177/7782 2931/4174/7778 2910/4176/7781
s 0
f 2929/4173/7783 2901/3277/7784 2910/4176/7785
s 1
f 2831/3516/6578 2910/4176/7781 2901/3277/6279
f 2910/4176/7781 2831/3516/6578 2856/3728/6976
f 2910/4176/7781 2856/3728/6976 2904/4177/7782
f 2931/4174/7778 2904/4177/7782 2905/4178/7786
f 2931/4174/7778 2905/4178/7786 2891/4175/7779
f 2905/4178/7786 2904/4177/7782 2856/3728/6976
f 2891/4175/7779 2879/4179/7787 2918/3322/6313
f 2886/3323/6314 2918/3322/6313 2879/4179/7787
f 2969/3316/6307 2953/3318/6309 2832/4180/7788
f 2832/4180/7788 2953/3318/6309 2886/3323/6314
f 2832/4180/7788 2886/3323/6314 2879/4179/7787
f 2879/4179/7787 2891/4175/7779 2860/4181/7789
f 2879/4179/7787 2776/4182/7790 2823/4183/7791
f 2879/4179/7787 2823/4183/7791 2832/4180/7788
f 2832/4180/7788 2783/3734/6982 2858/3324/6315
f 2969/3316/6307 2832/4180/7788 2858/3324/6315
f 2847/3325/6316 2858/3324/6315 2783/3734/6982
f 2895/3738/6986 2847/3325/6316 2839/3736/6984
f 2839/3736/6984 2847/3325/6316 2813/3735/6983
f 2847/3325/6316 2783/3734/6982 2813/3735/6983
f 2783/3734/6982 2832/4180/7788 2736/3733/6981
f 2736/3733/6981 2832/4180/7788 2823/4183/7791
f 2776/4182/7790 2879/4179/7787 2732/3732/6980
f 2732/3732/6980 2879/4179/7787 2860/4181/7789
f 2776/4182/7790 2703/3497/6538 2823/4183/7791
f 2823/4183/7791 2703/3497/6538 2736/3733/6981
f 2703/3497/6538 2776/4182/7790 2720/3496/6537
f 2720/3496/6537 2776/4182/7790 2732/3732/6980
f 2732/3732/6980 2860/4181/7789 2731/3731/6979
f 2808/3730/6978 2731/3731/6979 2860/4181/7789
f 2860/4181/7789 2891/4175/7779 2905/4178/7786
f 2808/3730/6978 2860/4181/7789 2905/4178/7786
f 2905/4178/7786 2856/3728/6976 2808/3730/6978
f 2808/3730/6978 2856/3728/6976 2844/3729/6977
f 73/4184/2331 127/4185/2333 255/4186/7792
f 73/4184/2331 255/4186/7792 130/4187/7793
f 130/4187/7793 160/4188/7794 74/4189/7795
f 130/4187/7793 74/4189/7795 73/4184/2331
f 73/4184/2331 74/4189/7795 12/4190/7446
f 40/4191/2332 73/4184/2331 3088/4192/7440
f 12/4190/7446 74/4189/7795 59/4193/7453
f 59/4193/7453 74/4189/7795 160/4188/7794
f 160/4188/7794 84/4194/7796 59/4193/7453
f 84/4194/7796 22/4195/7449 59/4193/7453
s 0
f 57/4196/7797 89/4197/7798 163/4198/7799
f 163/4198/7800 89/4197/7801 196/4199/7802
f 93/4200/7803 157/4201/7804 133/4202/7805
s 1
f 163/4198/7806 157/4201/7807 78/4203/7808
f 157/4201/7807 93/4200/7809 78/4203/7808
f 57/4196/7810 163/4198/7806 78/4203/7808
f 3053/4204/7461 22/4195/7449 98/4205/7811
f 98/4205/7811 23/4206/7812 3053/4204/7461
s 0
f 3046/4207/7813 23/4206/7814 3102/4208/7814
f 23/4206/7815 103/4209/7816 3102/4208/7817
s 1
f 103/4209/7818 89/4197/7459 3102/4208/7458
f 3015/4210/7819 3076/4211/7460 78/4203/7808
f 78/4203/7808 3076/4211/7460 57/4196/7810
f 3076/4211/7460 89/4197/7459 57/4196/7810
f 95/4212/7820 133/4202/7821 122/4213/7822
f 93/4200/7809 133/4202/7821 95/4212/7820
f 124/4214/7823 95/4212/7820 122/4213/7822
s 0
f 124/4214/7824 111/4215/7825 92/4216/7826
s 1
f 3014/4217/7827 93/4200/7809 95/4212/7820
s 0
f 124/4214/7828 17/4218/7829 95/4212/7830
s 1
f 111/4215/7831 149/4219/7832 112/4220/7833
f 149/4219/7832 111/4215/7831 124/4214/7823
s 0
f 149/4219/7834 156/4221/7835 112/4220/7836
f 112/4220/7837 156/4221/7838 168/4222/7839
f 125/4223/7840 141/4224/7841 164/4225/7842
s 1
f 141/4224/7843 116/3611/6718 175/4226/7844
f 116/3611/6718 168/4222/7845 175/4226/7844
f 168/4222/7845 156/4221/7846 213/4227/7847
s 0
f 164/4225/7848 147/4228/7849 125/4223/7850
s 1
f 109/4229/7851 147/4228/7852 161/3551/6631
s 0
f 139/4230/7853 161/3551/7853 150/4231/7853
s 1
f 161/3551/6631 139/4230/7854 109/4229/7851
f 150/4231/7855 161/3551/6631 176/4232/7856
f 161/3551/6631 147/4228/7852 249/3552/6632
f 147/4228/7852 164/4225/7857 249/3552/6632
f 258/4233/7858 164/4225/7857 141/4224/7843
f 164/4225/7857 258/4233/7858 242/3554/6634
f 249/3552/6632 164/4225/7857 242/3554/6634
f 161/3551/6631 248/3550/6630 176/4232/7856
s 0
f 176/4232/7859 227/3548/7860 150/4231/7861
f 150/4231/7862 227/3548/7863 113/4234/7864
s 1
f 193/4235/7865 113/4234/7866 227/3548/6627
s 0
f 101/4236/7867 193/4235/7868 209/4237/7869
s 1
f 113/4234/7866 193/4235/7865 90/4238/7870
f 193/4235/7865 101/4236/7871 90/4238/7870
s 0
f 101/4236/7872 209/4237/7873 44/4239/7874
f 44/4239/7875 209/4237/7876 192/4240/7877
s 1
f 192/4240/7878 155/3994/7434 44/4239/7879
s 0
f 247/3543/7880 128/3540/7881 155/3994/7882
s 1
f 247/3543/6620 155/3994/7434 192/4240/7878
s 0
f 209/4237/7883 193/4235/7884 231/3546/7885
s 1
f 227/3548/6627 231/3546/6628 193/4235/7865
s 0
f 192/4240/7886 209/4237/7887 214/3544/7888
s 1
f 214/3544/6621 247/3543/6620 192/4240/7878
f 3544/3904/7326 3545/3901/7279 3649/3902/7325
s 0
f 3578/3926/7889 3545/3901/7890 3489/3898/7891
s 1
f 3489/3898/7276 3631/3914/7299 3578/3926/7318
f 3489/3898/7276 3465/3899/7277 3631/3914/7299
f 3624/3925/7317 3631/3914/7299 3465/3899/7277
f 3624/3925/7317 3465/3899/7277 3447/4150/7726
f 3447/4150/7726 3572/3924/7316 3624/3925/7317
f 3441/4154/7730 3548/3923/7312 3618/3922/7311
f 3441/4154/7730 3618/3922/7311 3458/4155/7731
f 3572/3924/7316 3447/4150/7726 3459/4151/7727
f 3572/3924/7316 3459/4151/7727 3458/4155/7731
f 3572/3924/7316 3458/4155/7731 3618/3922/7311
s 0
f 3410/4241/7892 3423/4242/7893 3454/4161/7894
s 1
f 3454/4161/7740 3386/4159/7738 3410/4241/7895
s 0
f 3337/4165/7896 3410/4241/7897 3386/4159/7898
s 1
f 3410/4241/7899 3337/4165/7900 3328/4243/7901
f 3258/4164/7902 3289/4244/7903 3337/4165/7900
f 3337/4165/7900 3289/4244/7903 3328/4243/7901
f 3328/4243/7901 3384/4245/7904 3410/4241/7899
f 3384/4245/7904 3328/4243/7901 3303/4246/7905
f 3303/4246/7905 3328/4243/7901 3282/4247/7906
f 3295/4248/7907 3303/4246/7905 3290/4249/7908
f 3412/4250/7909 3303/4246/7905 3295/4248/7907
f 3295/4248/7907 3400/4251/7910 3412/4250/7909
f 3412/4250/7909 3400/4251/7910 3477/4252/7911
f 3303/4246/7905 3412/4250/7909 3421/4253/7912
f 3303/4246/7905 3421/4253/7912 3384/4245/7904
f 3421/4253/7912 3412/4250/7909 3477/4252/7911
f 3477/4252/7911 3400/4251/7910 3452/4254/7913
f 3452/4254/7913 3400/4251/7910 3473/4255/7914
s 0
f 3473/4255/7915 3400/4251/7916 3381/4256/7917
s 1
f 3505/4257/7918 3477/4252/7911 3497/4258/7919
s 0
f 3500/4259/7920 3452/4254/7921 3473/4255/7922
f 3473/4255/7923 3389/4260/7924 3538/4261/7925
f 3473/4255/7926 3538/4261/7927 3500/4259/7928
s 1
f 3538/4261/7929 3389/4260/7930 3524/4262/7931
f 3524/4262/7931 3389/4260/7930 3409/4263/7932
s 0
f 3512/4264/7933 3409/4263/7934 3390/4265/7935
s 1
f 3573/4266/7936 3512/4264/7937 3474/4267/7938
f 3512/4264/7937 3573/4266/7936 3559/4268/7939
f 3573/4266/7936 3474/4267/7938 3482/4269/7940
s 0
f 3576/4270/7941 3482/4269/7942 3443/4271/7943
s 1
f 3581/4272/7944 3576/4270/7945 3558/4273/7946
f 3581/4272/7944 3558/4273/7946 3579/4274/7947
f 3475/4275/7948 3579/4274/7947 3558/4273/7946
s 0
f 3522/4276/7949 3579/4274/7950 3475/4275/7951
f 3597/4277/7952 3658/4278/7953 3522/4276/7954
s 1
f 3420/4279/7955 3475/4275/7948 3481/4280/7956
f 3420/4279/7955 3481/4280/7956 3391/4281/7957
f 3420/4279/7955 3426/4282/7958 3475/4275/7948
f 3475/4275/7948 3426/4282/7958 3522/4276/7959
s 0
f 3461/4063/7960 3450/4283/7961 3470/4284/7962
s 1
f 3522/4276/7959 3461/4063/7963 3597/4277/7964
f 3597/4277/7964 3461/4063/7963 3470/4284/7965
f 3664/4285/7966 3597/4277/7964 3470/4284/7965
s 0
f 3596/4286/7967 3571/4287/7968 3471/4288/7969
s 1
f 3471/4288/7970 3571/4287/7971 3664/4285/7972
s 0
f 3471/4288/7973 3664/4285/7974 3470/4284/7975
s 1
f 3504/4289/7976 3571/4287/7977 3596/4286/7978
f 3571/4287/7977 3504/4289/7976 3654/4290/7979
f 3654/4290/7979 3504/4289/7976 3662/4291/7980
f 3654/4290/7979 3662/4291/7980 3725/4292/7981
f 3622/4293/7982 3662/4291/7980 3504/4289/7976
f 3504/4289/7976 3546/4294/7983 3622/4293/7982
f 2888/3274/6276 2880/3727/6975 2901/3277/6279
f 2914/3310/6301 2908/3328/6319 2921/3334/6321
f 2923/3335/6322 2921/3334/6321 2894/3340/6327
f 2894/3340/6327 2921/3334/6321 2908/3328/6319
f 2850/3362/6357 2908/3328/6319 2933/3327/6318
f 2926/3742/6990 2933/3327/6318 2942/3309/6300
f 2926/3742/6990 2942/3309/6300 2940/3312/6303
f 2899/3739/6987 2926/3742/6990 2922/3326/6317
f 2922/3326/6317 2926/3742/6990 2940/3312/6303
f 2922/3326/6317 2847/3325/6316 2895/3738/6986
f 2899/3739/6987 2922/3326/6317 2895/3738/6986
f 1918/3068/5898 1962/3066/5897 1702/2755/5460
f 1702/2755/5460 1859/4295/7984 1918/3068/5898
f 1702/2755/5460 1741/3072/5901 1859/4295/7984
f 1741/3072/5901 1719/3075/5907 1859/4295/7984
f 1719/3075/5907 1854/4296/7985 1859/4295/7984
f 1719/3075/5907 1778/3118/5980 1854/4296/7985
f 1859/4295/7984 1854/4296/7985 1918/3068/5898
f 1918/3068/5898 1854/4296/7985 2039/3069/5661
f 2094/4297/5664 2039/3069/5661 1778/3118/5980
f 2094/4297/5664 1778/3118/5980 2011/4298/5670
f 2270/4299/5677 2094/4297/5664 2011/4298/5670
f 2270/4299/5677 2011/4298/5670 2269/4300/5669
f 2256/4301/5675 2246/4302/5672 2228/4303/7986
f 2256/4304/5675 2228/4303/7986 2230/4305/5693
f 2183/4306/5706 2160/4307/5698 2025/4308/7987
f 2183/4306/5706 2025/4308/7987 2133/4309/5700
f 2133/4309/5700 2025/4308/7987 1987/3184/7988
f 2133/4309/5700 1987/3184/7988 2009/3183/6092
f 2133/4309/5700 2009/3183/6092 2084/4310/5724
f 2173/4311/7989 2230/4305/5693 2228/4303/7986
f 2246/4302/5672 2173/4311/7989 2228/4303/7986
f 2010/4312/5671 2011/4298/5670 1835/4313/7990
f 1920/4314/7991 2011/4298/5670 1778/3118/5980
s 0
f 1778/3118/7992 2039/3069/7993 1854/4296/7994
s 1
f 1954/3119/5981 1920/4314/7991 1778/3118/5980
s 0
f 1954/3119/7995 1383/2781/7996 1600/3120/7997
f 1835/4313/7998 1600/3120/7999 1834/3144/8000
s 1
f 1682/3145/6017 1600/3120/5983 1639/3121/5984
f 1600/3120/5983 1682/3145/6017 1834/3144/6016
f 1682/3145/6017 1639/3121/5984 1909/3123/5986
s 0
f 1773/3128/8001 1909/3123/8002 1579/3124/8003
f 1834/3144/8004 1970/3146/8005 1835/4313/8006
s 1
f 1600/3120/8007 1835/4313/7990 1954/3119/5981
f 2011/4298/5670 1920/4314/7991 1954/3119/5981
f 2011/4298/5670 1954/3119/5981 1835/4313/7990
f 1835/4313/7990 1970/3146/6018 2010/4312/5671
f 2246/4302/5672 2010/4312/5671 1970/3146/6018
f 2246/4302/5672 2061/3143/6015 2173/4311/7989
f 2246/4302/5672 1970/3146/6018 2061/3143/6015
f 2061/3143/6015 2096/3147/6020 2173/4311/7989
f 2061/3143/6015 1983/3142/6019 2096/3147/6020
f 2230/4305/5693 2173/4311/7989 2096/3147/6020
f 2230/4305/5693 2096/3147/6020 1933/3141/6011
f 2230/4305/5693 1933/3141/6011 2184/4315/5697
f 2184/4315/5697 1933/3141/6011 1881/3148/6021
f 2184/4315/5697 1881/3148/6021 2016/4316/8008
f 2160/4307/5698 2184/4315/5697 2016/4316/8008
f 2160/4307/5698 2016/4316/8008 2025/4308/7987
f 2025/4308/7987 1981/4317/8009 1987/3184/7988
f 2084/4310/5724 1901/4318/8010 2153/4319/5726
f 1901/4318/8010 2084/4310/5724 2009/3183/6092
f 1901/4318/8010 2009/3183/6092 1777/3182/6087
s 0
f 1901/4318/8011 1777/3182/8012 1690/3181/8013
s 1
f 1798/3188/6102 1901/4318/8010 1690/3181/6086
f 1901/4318/8010 1798/3188/6102 1879/4320/8014
s 0
f 1635/3186/8015 1883/4321/8016 1798/3188/8017
s 1
f 1883/4321/8018 1635/3186/8019 1723/4322/8020
f 1723/4322/8020 1635/3186/8019 1618/4323/8021
s 0
f 1892/4324/8022 1723/4322/8023 1618/4323/8024
f 1491/3189/8025 1618/4323/8026 1635/3186/8027
s 1
f 1491/3189/6103 1635/3186/6100 1587/3187/6101
f 1491/3189/6103 1515/3195/6111 1618/4323/8028
f 1618/4323/8028 1515/3195/6111 1592/4325/8029
f 1515/3195/6111 1394/3194/6116 1592/4325/8029
f 1592/4325/8029 1394/3194/6116 1532/4326/8030
f 1592/4325/8029 1532/4326/8030 1566/4327/8031
f 1532/4326/8030 1394/3194/6116 1482/3196/6115
f 1622/4328/8032 1566/4327/8031 1532/4326/8030
f 1660/4329/8033 1592/4325/8029 1566/4327/8031
f 1592/4325/8029 1660/4329/8033 1618/4323/8028
f 1660/4329/8033 1566/4327/8031 1622/4328/8032
f 1660/4329/8033 1622/4328/8032 1803/4330/8034
s 0
f 1618/4323/8035 1660/4329/8036 1892/4324/8036
s 1
f 1660/4329/8033 1742/4331/8037 1892/4324/8038
f 1723/4322/8020 1892/4324/8038 1883/4321/8018
f 1883/4321/8018 1892/4324/8038 1910/4332/8039
f 1883/4321/8018 1910/4332/8039 1950/4333/8040
f 1950/4333/8040 2002/4334/8041 1879/4320/8014
s 0
f 1879/4320/8042 1798/3188/8043 1950/4333/8044
s 1
f 1950/4333/8040 1798/3188/8045 1883/4321/8018
f 519/4100/7618 564/4098/3609 591/4097/7617
f 519/4100/7618 591/4097/7617 482/4103/7624
f 591/4097/7617 654/4095/694 532/4335/8046
f 532/4335/8046 654/4095/694 613/4336/8047
f 613/4336/8047 654/4095/694 649/4337/8048
f 657/4338/8049 677/4339/8050 599/4340/8051
s 0
f 599/4340/8052 677/4341/8053 715/4342/8054
f 599/4340/8055 715/4342/8056 598/4343/8057
s 1
f 604/4344/8058 682/4345/8059 681/4346/8060
f 604/4344/8058 681/4346/8060 659/4347/8061
f 659/4347/8061 632/3787/8062 624/3788/8063
s 0
f 518/4348/8064 620/3786/8065 577/3789/8066
s 1
f 620/3786/8067 518/4348/8068 624/3788/8063
f 577/3789/8069 550/4349/8070 508/4350/8071
f 550/4349/8070 577/3789/8069 586/3790/7049
f 550/4349/8070 586/3790/7049 547/4351/8072
f 577/3789/8069 508/4350/8071 518/4348/8073
f 518/4348/8068 571/4352/8074 624/3788/8063
f 604/4344/8058 659/4347/8061 624/3788/8063
f 604/4344/8058 601/4353/8075 680/4354/8076
f 601/4353/8075 604/4344/8058 544/4355/8077
f 544/4355/8077 604/4344/8058 571/4352/8074
f 571/4352/8074 604/4344/8058 624/3788/8063
s 0
f 507/4356/8078 571/4352/8079 518/4348/8080
s 1
f 544/4355/8077 571/4352/8074 507/4356/8081
f 601/4353/8075 544/4355/8077 535/4357/8082
f 680/4354/8076 601/4353/8075 598/4343/8083
f 599/4340/8051 598/4343/8083 536/4358/8084
f 536/4358/8084 598/4343/8083 601/4353/8075
f 536/4358/8084 601/4353/8075 535/4357/8082
f 535/4357/8082 533/4359/8085 536/4358/8084
f 536/4358/8084 533/4359/8085 493/4110/7634
f 493/4110/7634 533/4359/8085 458/4360/8086
f 493/4110/7634 458/4360/8086 448/4111/7635
s 0
f 425/4361/8087 544/4355/8088 507/4356/8089
s 1
f 518/4348/8090 445/4362/8091 507/4356/8092
s 0
f 507/4356/8093 434/4363/8094 425/4361/8095
s 1
f 434/4363/8096 507/4356/8092 445/4362/8091
f 422/4364/8097 425/4361/8098 434/4363/8096
f 469/4365/8099 508/4350/8071 459/4366/8100
f 508/4350/8071 469/4365/8099 518/4348/8073
f 459/4366/8100 508/4350/8071 503/4367/8101
s 0
f 503/4367/8102 444/4368/8103 421/4369/8104
f 444/4368/8105 399/4370/8106 421/4369/8107
f 459/4366/8108 421/4369/8109 354/4371/8110
s 1
f 391/4372/8111 399/4370/8112 409/4373/8113
f 391/4372/8111 401/4374/8114 284/4375/8115
s 0
f 399/4370/8116 391/4372/8117 317/4376/8118
s 1
f 391/4372/8111 284/4375/8115 317/4376/8119
f 284/4375/8115 401/4374/8114 258/4377/7858
f 258/4377/7858 401/4374/8114 403/4378/8120
f 242/4379/6634 258/4377/7858 403/4378/8120
f 242/4379/6634 403/4378/8120 321/4380/6633
f 248/4381/6630 299/4382/6629 298/4383/8121
s 0
f 248/4381/8122 288/4384/8123 227/4385/8124
s 1
f 214/4386/6621 289/4387/8125 393/3981/7408
f 214/4386/6621 393/3981/7408 266/3980/6610
s 0
f 298/4383/8126 288/4384/8127 248/4381/8128
s 1
f 403/4378/8120 380/4388/8129 321/4380/6633
s 0
f 298/4383/8130 299/4382/8131 491/4389/8132
s 1
f 288/4384/6625 376/4390/8133 400/3797/8134
f 288/4384/6625 400/3797/8134 289/4387/6626
f 400/3797/8134 407/4391/8135 289/4387/6626
s 0
f 502/3798/8136 393/3981/8137 407/4391/8138
s 1
f 393/3981/7408 502/3798/7065 428/3800/7067
s 0
f 407/4391/8139 524/3795/8140 502/3798/8141
s 1
f 428/3800/7067 490/3799/7066 527/3802/7069
f 402/3801/7068 476/3803/7070 446/3983/7414
f 429/3984/7412 446/3983/7414 570/4392/8142
f 446/3983/7414 476/3803/7070 570/4392/8142
f 671/3760/5583 537/3819/7104 589/3764/5588
f 537/3819/7104 528/3804/7108 589/3764/5588
f 570/4392/8142 528/3804/7108 537/3819/7104
f 528/3804/7108 570/4392/8142 476/3803/7070
f 324/3964/7392 334/3830/7131 315/3836/6585
s 0
f 324/3964/8143 320/4393/8144 331/3967/8145
s 1
f 320/4393/8146 324/3964/7392 315/3836/6585
f 216/4394/8147 369/3968/7396 331/3967/7395
f 216/4394/8147 276/3971/7399 369/3968/7396
f 303/3969/7397 276/3971/7399 239/4395/7425
f 268/4396/8148 330/4397/7651 335/4398/7653
f 241/4399/8149 235/4400/8150 332/4401/8151
f 230/4402/8152 332/4401/8151 235/4400/8150
f 335/4398/7653 230/4402/8152 197/4403/8153
f 335/4398/7653 197/4403/8153 268/4396/8148
f 255/4186/7792 330/4397/7651 268/4396/8148
f 255/4186/7792 199/4404/7650 330/4397/7651
f 197/4403/8153 230/4402/8152 145/4405/8154
f 255/4186/7792 268/4396/8148 130/4187/7793
f 160/4188/7794 130/4187/7793 268/4396/8148
s 0
f 160/4188/8155 268/4396/8156 197/4403/8157
s 1
f 160/4188/8158 197/4403/8153 145/4405/8154
f 145/4405/8154 235/4400/8150 182/4406/8159
f 235/4400/8150 145/4405/8154 230/4402/8152
s 0
f 152/4407/8160 241/4399/8161 311/4408/8162
s 1
f 152/4407/8163 311/4408/8164 196/4199/8165
f 191/4409/8166 196/4199/8165 270/4410/8167
f 196/4199/8165 311/4408/8164 270/4410/8167
f 3488/4079/7559 3570/4082/7567 3562/4080/7566
f 3562/4080/7566 3541/4411/8168 3414/4075/7552
f 3414/4075/7552 3541/4411/8168 3457/4074/8169
f 3457/4074/8169 3541/4411/8168 3442/4412/8170
f 3539/4413/8171 3442/4412/8170 3541/4411/8168
f 3539/4413/8171 3594/4414/8172 3560/4415/8173
f 3541/4411/8168 3612/4086/8174 3539/4413/8171
f 3560/4415/8173 3469/4416/8175 3539/4413/8171
f 3560/4415/8173 3490/4417/8176 3469/4416/8175
f 3469/4416/8175 3442/4412/8170 3539/4413/8171
s 0
f 3457/4074/8177 3442/4412/8178 3359/4072/8179
s 1
f 3359/4072/8180 3442/4412/8170 3403/4045/8181
f 3469/4416/8175 3403/4045/8181 3442/4412/8170
f 3469/4416/8175 3490/4417/8176 3403/4045/8181
f 3403/4045/8181 3490/4417/8176 3431/4047/7504
f 3729/4418/7585 3695/4419/3898 3865/4420/3900
s 0
f 3786/4421/8182 3729/4418/8183 3865/4420/8184
s 1
f 3865/4420/3900 3825/4422/8185 3786/4421/8186
f 3865/4420/3900 3866/4423/3899 3936/4424/8187
f 3865/4420/3900 3936/4424/8187 3920/4425/8188
f 3865/4420/3900 3920/4425/8188 3825/4422/8185
f 3825/4422/8185 3920/4425/8188 3953/4426/8189
f 3920/4425/8188 3936/4424/8187 4063/4427/8190
f 3953/4426/8189 4063/4427/8191 3960/4428/8192
f 4063/4427/8193 4064/4429/8194 4118/4430/8195
s 0
f 4117/4431/8196 4063/4427/8197 4118/4430/8198
f 3960/4428/8199 4117/4431/8200 4138/4432/8201
s 1
f 4093/4433/8202 3970/4434/8203 4138/4432/6233
f 4093/4433/8202 4178/4435/6232 4010/4436/8204
f 4096/4437/8205 4125/4438/8206 4184/4439/8207
s 0
f 3967/4440/8208 4125/4438/8209 4096/4437/8210
s 1
f 4125/4438/8211 3967/4440/8212 4010/4436/8213
f 3873/4441/8214 4096/4437/8215 3969/4442/8216
s 0
f 3967/4440/8217 4096/4437/8218 3873/4441/8219
f 4010/4436/8220 3967/4440/8221 3964/4443/8222
s 1
f 4010/4436/8204 3964/4443/8223 4093/4433/8202
f 4093/4433/8202 3964/4443/8223 3970/4434/8203
f 4138/4432/6233 3970/4434/8203 3960/4428/8192
s 0
f 3894/4444/8224 3970/4434/8225 3964/4443/8226
s 1
f 3960/4428/8192 3970/4434/8203 3953/4426/8189
f 3953/4426/8189 3970/4434/8203 3945/4445/8227
s 0
f 3920/4425/8228 4063/4427/8229 3953/4426/8230
s 1
f 3825/4422/8185 3953/4426/8189 3945/4445/8227
f 3825/4422/8185 3945/4445/8227 3847/4446/8231
f 3893/4447/8232 3847/4446/8231 3945/4445/8227
f 3774/4448/8233 3825/4422/8185 3847/4446/8231
s 0
f 3774/4448/8234 3847/4446/8235 3742/4449/8236
s 1
f 3893/4447/8232 3945/4445/8227 3894/4444/8237
s 0
f 3893/4447/8238 3856/4450/8239 3847/4446/8240
s 1
f 3847/4446/8241 3856/4450/8242 3777/4451/8243
s 0
f 3856/4450/8244 3830/4452/8245 3771/4453/8246
s 1
f 3771/4453/8247 3830/4452/8248 3833/4454/8249
s 0
f 3830/4452/8250 3873/4441/8251 3833/4454/8252
s 1
f 3856/4450/8253 3880/4455/8254 3830/4452/8255
s 0
f 3830/4452/8256 3880/4455/8257 3873/4441/8258
s 1
f 3771/4453/8247 3833/4454/8249 3754/4456/8259
f 3847/4446/8241 3777/4451/8243 3742/4449/8260
f 3714/4457/7588 3742/4449/8260 3777/4451/8243
s 0
f 3856/4450/8261 3771/4453/8262 3777/4451/8263
s 1
f 3691/4458/8264 3897/4459/8265 3686/4460/8266
f 3686/4460/8266 3753/4461/8267 3748/4462/8268
f 3748/4462/8268 3753/4461/8267 3836/4463/8269
f 3896/4464/8270 3753/4461/8267 3686/4460/8266
f 3896/4464/8270 3686/4460/8266 3897/4459/8265
f 3754/4456/8259 3833/4454/8249 3691/4458/8264
f 3691/4458/8264 3833/4454/8249 3897/4459/8265
f 3896/4464/8270 3897/4459/8265 3919/4465/8271
s 0
f 3897/4459/8272 3833/4454/8273 3969/4442/8274
s 1
f 3969/4442/8216 3833/4454/8275 3873/4441/8214
s 0
f 3897/4459/8276 3969/4442/8277 3961/4466/8278
s 1
f 3919/4465/8271 3897/4459/8265 3961/4466/8279
f 3967/4440/8280 3873/4441/8281 3880/4455/8282
f 3964/4443/8283 3893/4447/8232 3894/4444/8237
f 3967/4440/8280 3893/4447/8232 3964/4443/8283
f 3880/4455/8282 3893/4447/8232 3967/4440/8280
f 4086/4467/6933 4011/4468/6930 4050/4469/6931
f 4126/4470/3239 4011/4468/6930 4086/4467/6933
f 4041/4471/3238 4011/4468/6930 4126/4470/3239
f 4207/4472/3240 4126/4470/3239 4254/4473/8284
f 4245/4474/8285 4126/4470/3239 4151/4475/8286
f 4254/4473/8284 4126/4470/3239 4245/4474/8285
f 4254/4476/8284 4245/4474/8285 4294/4477/8287
f 4294/4477/8287 4245/4474/8285 4324/4478/8288
f 4412/4479/8289 4322/4480/8290 4329/4481/8291
f 4409/4482/8292 4324/4478/8288 4331/4483/8293
f 4324/4478/8288 4409/4482/8292 4294/4484/8287
f 4427/4485/3259 4409/4482/8294 4498/3934/3260
f 4409/4482/8294 4432/4486/8295 4498/3934/3260
f 4461/3932/8296 4498/3934/3260 4496/3935/8297
f 4496/3935/8297 4498/3934/3260 4432/4486/8295
s 0
f 4432/4486/8298 4409/4482/8299 4331/4483/8300
s 1
f 4432/4486/8295 4331/4483/8301 4419/4487/8302
f 4496/3935/8297 4432/4486/8295 4419/4487/8302
f 4496/3935/8297 4419/4487/8302 4494/3936/8303
f 4489/3930/8304 4494/3936/8303 4491/3938/8305
f 4414/3948/7369 4488/3937/7366 4491/3938/8305
f 4414/3948/7369 4491/3938/8305 4416/4488/8306
f 4416/4488/8306 4491/3938/8305 4494/3936/8303
f 4416/4488/8306 4494/3936/8303 4329/4481/8291
f 4329/4481/8291 4494/3936/8303 4419/4487/8302
f 4329/4481/8291 4419/4487/8302 4412/4479/8289
f 4414/3948/7369 4416/4488/8306 4283/4489/8307
f 4283/4489/8307 4416/4488/8306 4329/4481/8291
f 4329/4481/8291 4322/4480/8290 4302/4490/8308
f 4331/4483/8301 4285/4491/8309 4322/4480/8290
s 0
f 4331/4483/8310 4245/4474/8311 4285/4491/8312
f 4331/4483/8313 4324/4478/8314 4245/4474/8315
s 1
f 4285/4491/8309 4185/4492/8316 4322/4480/8290
f 4322/4480/8290 4185/4492/8316 4302/4490/8308
s 0
f 4302/4490/8317 4276/4493/8318 4283/4489/8319
s 1
f 4283/4489/8307 4276/4493/8320 4282/3949/7370
f 4282/3949/7370 4166/4494/8321 4356/3947/7368
f 4282/3949/7370 4198/4495/8322 4166/4494/8321
f 4356/3947/7368 4166/4494/8321 4156/4496/8323
s 0
f 4384/3946/8324 4356/3947/8325 4156/4496/8326
s 1
f 4246/3950/7371 4384/3946/7367 4156/4496/8323
f 4246/3950/7371 4156/4496/8323 4137/4497/8327
s 0
f 4263/3953/8328 4246/3950/8329 4175/4498/8330
s 1
f 4303/3956/7380 4239/3954/7378 4279/3959/7383
s 0
f 4279/3959/8331 4271/4499/8332 4287/3960/8333
s 1
f 4281/4500/8334 4287/3960/7384 4271/4499/8335
f 4287/3960/7384 4281/4500/8334 4330/3961/7385
f 4288/4501/8336 4275/4502/8337 4265/4503/8338
f 4298/4504/8339 4265/4503/8338 4268/4505/8340
f 4298/4504/8339 4268/4505/8340 4328/4506/8341
f 4328/4506/8341 4253/4507/8342 4317/4508/8343
s 0
f 4317/4508/8344 4253/4507/8344 4226/4509/8344
s 1
f 4253/4507/8342 4328/4506/8341 4252/4510/8345
f 4328/4506/8341 4268/4505/8340 4252/4510/8345
f 4268/4505/8340 4265/4503/8338 4132/4511/8346
f 4132/4511/8346 4265/4503/8338 4153/4512/8347
f 4268/4505/8340 4132/4511/8346 4152/4513/8348
f 4149/4514/8349 4252/4510/8345 4152/4513/8348
s 0
f 4149/4514/8350 4253/4507/8351 4252/4510/8352
f 4253/4507/8353 4144/4515/8354 4226/4509/8355
s 1
f 4144/4515/8356 4136/4516/8357 4226/4509/8358
f 4149/4514/8359 4144/4515/8360 4253/4507/8361
f 4144/4515/8356 4115/4517/8362 4136/4516/8357
s 0
f 4136/4516/8363 4115/4517/8364 4135/4518/8365
f 4144/4515/8366 4111/4519/8367 4115/4517/8368
f 4111/4519/8369 4144/4515/8370 4149/4514/8371
f 4111/4519/8372 4149/4514/8373 4072/4520/8374
s 1
f 4152/4513/8348 4132/4511/8346 4044/4521/6843
f 4044/4521/6843 4132/4511/8346 4116/4522/8375
f 4152/4513/8348 4044/4521/6843 4149/4514/8349
f 4149/4514/8349 4044/4521/6843 4072/4520/6842
s 0
f 4116/4522/8376 4132/4511/8377 4035/4523/8378
f 4035/4523/8379 4132/4511/8380 4153/4512/8381
s 1
f 4164/4524/8382 4159/4525/8383 4134/4526/6803
f 4208/4527/8384 4172/4528/8385 4159/4525/8386
f 4159/4525/8383 4164/4524/8382 4281/4500/8387
s 0
f 4153/4512/8388 4265/4503/8389 4275/4502/8390
s 1
f 4275/4502/8337 4288/4501/8336 4281/4500/8334
f 4208/4527/8384 4271/4499/8391 4279/3959/7383
s 0
f 4271/4499/8392 4159/4525/8393 4281/4500/8394
s 1
f 4159/4525/8386 4271/4499/8391 4208/4527/8384
s 0
f 4275/4502/8395 4281/4500/8396 4164/4524/8397
s 1
f 2252/4529/5121 2392/4530/5122 2298/4531/8398
f 2252/4529/5121 2298/4531/8398 2207/4532/5097
f 2298/4531/8398 2392/4530/5122 2484/4533/6418
s 0
f 2298/4531/8399 2484/4533/8400 2454/4534/8401
s 1
f 2207/4532/5097 2298/4531/8398 2185/4535/561
f 2185/4535/561 2298/4531/8398 2123/4536/8402
f 2353/4537/8403 2123/4536/8402 2298/4531/8398
f 2353/4537/8403 2298/4531/8398 2454/4534/6421
f 2353/4537/8403 2454/4534/6421 2393/4538/8404
f 2123/4536/8402 2353/4537/8403 2393/4538/8404
f 2123/4536/8402 2393/4538/8404 2056/4539/8405
f 2393/4538/8404 2335/4540/8406 2337/4541/8407
f 2393/4538/8404 2197/4542/8408 2056/4539/8405
f 2393/4538/8404 2337/4541/8407 2197/4542/8408
f 2017/4543/562 2185/4535/561 2123/4536/8402
f 2056/4539/8405 2197/4542/8408 2118/4544/8409
f 2197/4542/8408 2337/4541/8407 2289/4545/8410
f 2382/4546/8411 2337/4541/8407 2335/4540/8406
f 2337/4541/8407 2382/4546/8411 2361/4547/8412
f 2335/4540/8406 2393/4538/8404 2415/4548/6425
f 2418/4549/8413 2335/4540/8406 2415/4548/6425
f 2335/4540/8406 2418/4549/8413 2382/4546/8411
f 2418/4549/8413 2415/4548/6425 2496/4550/6426
f 2454/4534/6421 2415/4548/6425 2393/4538/8404
f 2496/4550/6426 2415/4548/6425 2544/4551/6424
f 2496/4550/6426 2520/4552/6427 2418/4549/8413
s 0
f 2429/4553/8414 2520/4552/8415 2519/4554/8416
s 1
f 2520/4552/6427 2429/4553/8417 2418/4549/8413
f 2418/4549/8413 2429/4553/8417 2340/4555/8418
f 2418/4549/8413 2340/4555/8418 2382/4546/8411
f 2361/4547/8412 2382/4546/8411 2340/4555/8418
f 2337/4541/8407 2361/4547/8412 2289/4545/8410
s 0
f 2289/4545/8419 2203/4556/8420 2197/4542/8421
s 1
f 2017/4543/562 2123/4536/8402 2056/4539/8405
f 1828/4557/8422 2017/4543/562 2056/4539/8405
f 1866/4558/8423 1828/4557/8422 2056/4539/8405
s 0
f 1866/4558/8424 2056/4539/8425 1872/4559/8426
s 1
f 1872/4559/8427 2056/4539/8405 2118/4544/8409
f 2118/4544/8409 2197/4542/8408 2067/4560/8428
f 2118/4544/8409 2067/4560/8428 1979/4561/8429
f 2067/4560/8428 2197/4542/8408 2203/4556/8430
f 2067/4560/8428 2203/4556/8430 2156/4562/8431
f 2203/4556/8430 2289/4545/8410 2242/4563/8432
f 2156/4562/8431 2203/4556/8430 2186/4564/8433
f 2203/4556/8430 2242/4563/8432 2186/4564/8433
f 2156/4562/8431 2186/4564/8433 2155/4565/8434
f 2067/4560/8428 2156/4562/8431 2082/4566/8435
f 2018/4567/8436 2067/4560/8428 2082/4566/8435
f 1872/4559/8427 2118/4544/8409 1979/4561/8429
f 2017/4568/562 1828/4557/8422 1790/4569/578
f 1756/4570/8437 1828/4557/8422 1866/4558/8423
f 1756/4570/8437 1866/4558/8423 1872/4559/8427
f 1828/4557/8422 1756/4570/8437 1790/4569/578
f 1790/4569/578 1756/4570/8437 1550/4571/592
f 1756/4570/8437 1553/4572/8438 1550/4573/592
f 1550/4573/592 1553/4572/8438 1356/4574/595
f 1553/4572/8438 1756/4570/8437 1594/4575/8439
f 1356/4574/595 1553/4572/8438 1421/4576/1443
f 1421/4576/1443 1553/4572/8438 1372/4577/603
f 1372/4577/603 1553/4572/8438 1506/4578/8440
s 0
f 1372/4577/8441 1283/4579/8442 1280/4580/8443
s 1
f 1283/4579/8444 1372/4577/603 1506/4578/8440
s 0
f 1308/4581/8445 1283/4579/8446 1506/4578/8447
f 1553/4572/8448 1594/4575/8449 1506/4578/8450
s 1
f 1594/4575/8439 1525/4582/8451 1506/4578/8452
f 1404/4583/8453 1506/4578/8452 1483/4584/8454
f 1506/4578/8452 1404/4583/8453 1308/4581/8455
f 1308/4581/8455 1404/4583/8453 1374/4585/8456
f 1283/4579/8457 1308/4581/8455 1374/4585/8456
f 1283/4579/8457 1374/4585/8456 1263/4586/8458
f 1280/4580/601 1283/4579/8457 1263/4586/8458
f 1161/4587/604 1280/4580/601 1263/4586/8458
f 1161/4587/604 1263/4586/8458 1156/4588/8459
f 1374/4585/8456 1219/4589/8460 1263/4586/8458
f 1228/4590/8461 1219/4589/8460 1321/4591/8462
f 1263/4586/8458 1228/4590/8461 1156/4588/8459
f 1263/4586/8458 1219/4589/8460 1228/4590/8461
f 1321/4591/8462 1219/4589/8460 1410/4592/8463
f 1219/4589/8460 1374/4585/8456 1410/4592/8463
f 1321/4591/8462 1410/4592/8463 1367/4593/8464
f 1374/4585/8456 1407/4594/8465 1410/4592/8463
f 1374/4585/8456 1404/4583/8453 1407/4594/8465
s 0
f 1407/4594/8466 1404/4583/8467 1483/4584/8468
s 1
f 1483/4584/8454 1506/4578/8452 1525/4582/8451
f 1594/4575/8439 1872/4559/8427 1525/4582/8451
f 1872/4559/8427 1594/4575/8439 1756/4570/8437
f 1525/4582/8451 1872/4559/8427 1791/4595/8469
f 1791/4595/8469 1872/4559/8427 1979/4561/8429
f 1791/4595/8469 1979/4561/8429 1917/4596/8470
f 1917/4596/8470 1979/4561/8429 2018/4567/8436
f 2018/4567/8436 1979/4561/8429 2067/4560/8428
f 2155/4565/8434 2082/4566/8435 2156/4562/8431
f 2082/4566/8435 2155/4565/8434 2088/4597/8471
f 2132/4598/8472 2155/4565/8434 2186/4564/8433
f 2132/4598/8472 2186/4564/8433 2242/4563/8432
f 2164/4599/8473 2132/4598/8472 2242/4563/8432
f 2242/4563/8432 2289/4545/8410 2361/4547/8412
s 0
f 2441/4600/8474 2429/4553/8475 2519/4554/8476
s 1
f 2441/4600/8477 2519/4554/8478 2512/4601/8479
s 0
f 2371/4602/8480 2441/4600/8481 2512/4603/8482
s 1
f 2199/4604/8483 2426/4605/6450 2309/4606/6449
f 2439/4607/6446 2426/4605/6450 2199/4604/8483
f 2115/4608/8484 2309/4606/6449 2380/4609/6451
f 2309/4606/6449 2115/4608/8484 2239/4610/8485
f 2233/4611/6478 2115/4608/8484 2380/4612/6451
f 2151/4613/6476 1963/4614/8486 2055/4615/8487
f 1963/4614/8486 2151/4613/6476 2134/4616/6452
f 2151/4613/6476 2055/4615/8487 2233/4611/6478
f 2233/4611/6478 1978/4617/8488 2115/4608/8484
f 2115/4608/8484 2226/4618/8489 2239/4610/8485
f 2309/4606/6449 2239/4610/8485 2199/4604/8483
f 2199/4604/8483 2265/4619/8490 2439/4607/6446
f 2367/4620/6444 2439/4607/6446 2265/4619/8490
f 2286/4621/6442 2371/4602/8491 2553/4622/6443
s 0
f 2286/4621/8492 2366/4623/8493 2371/4602/8494
s 1
f 2429/4553/8417 2441/4600/8495 2333/4624/8496
f 2333/4624/8496 2441/4600/8495 2342/4625/8497
f 2429/4553/8417 2333/4624/8496 2327/4626/8498
f 2429/4553/8417 2327/4626/8498 2340/4555/8418
s 0
f 2036/4627/8499 2340/4555/8500 2327/4626/8501
s 1
f 2361/4547/8412 2340/4555/8418 2242/4563/8432
f 2242/4563/8432 2340/4555/8418 2036/4627/8502
f 2036/4627/8502 2164/4599/8473 2242/4563/8432
f 2124/4628/8503 2327/4626/8498 2333/4624/8496
f 2327/4626/8498 2124/4628/8503 2036/4627/8504
f 2342/4625/8497 2124/4628/8503 2333/4624/8496
s 0
f 2342/4625/8505 2441/4600/8506 2371/4602/8507
f 2342/4625/8508 2371/4602/8509 2366/4623/8510
f 2142/4629/8511 2342/4625/8512 2366/4623/8513
s 1
f 2286/4621/6442 2367/4620/6444 2265/4619/8490
f 2144/4630/8514 2286/4621/6442 2265/4619/8490
f 2180/4631/8515 2265/4619/8490 2199/4604/8483
s 0
f 2180/4631/8516 2199/4604/8517 2090/4632/8518
f 2144/4630/8519 2265/4619/8520 2180/4631/8521
s 1
f 2286/4621/6442 2144/4630/8514 2366/4623/8522
f 2130/4633/8523 2144/4630/8514 2180/4631/8524
f 2107/4634/8525 2144/4630/8514 2130/4633/8523
f 2107/4634/8525 2366/4623/8522 2144/4630/8514
f 2142/4629/8526 2366/4623/8522 2107/4634/8525
f 2107/4634/8525 2102/4635/8527 2142/4629/8526
f 2342/4625/8497 2142/4629/8526 2102/4635/8527
f 2124/4628/8503 2342/4625/8497 2102/4635/8527
s 0
f 2102/4635/8528 2107/4634/8529 2027/4636/8530
s 1
f 2107/4634/8525 1973/4637/8531 2027/4636/8532
f 2107/4634/8525 2130/4633/8523 1973/4637/8531
f 2180/4631/8524 2077/4638/8533 2130/4633/8523
f 2077/4638/8533 2180/4631/8524 2090/4632/8534
s 0
f 2143/4639/8535 2090/4632/8536 2199/4604/8537
s 1
f 2143/4639/8538 2199/4604/8483 2226/4618/8489
f 2226/4618/8489 2199/4604/8483 2239/4610/8485
f 2226/4618/8489 2049/4640/8539 2143/4639/8538
f 2049/4640/8539 2226/4618/8489 2115/4608/8484
f 2233/4611/6478 2055/4615/8487 1978/4617/8488
s 0
f 1978/4617/8540 1989/4641/8541 2115/4608/8542
f 2115/4608/8543 1989/4641/8544 2049/4640/8545
s 1
f 2049/4640/8539 2087/4642/8546 2143/4639/8538
f 2143/4639/8538 2087/4642/8546 2090/4632/8534
s 0
f 2130/4633/8547 2077/4638/8548 1973/4637/8549
s 1
f 1973/4637/8531 1886/4643/8550 2027/4636/8532
f 2027/4636/8532 1886/4643/8550 2102/4635/8551
s 0
f 1886/4643/8552 1943/4644/8553 2102/4635/8554
s 1
f 2102/4635/8527 1974/4645/8555 2124/4628/8503
f 2102/4635/8527 1943/4644/8556 1974/4645/8555
f 1943/4644/8556 1886/4643/8557 1795/4646/8558
f 1886/4643/8557 1861/4647/8559 1795/4646/8558
f 1943/4644/8556 1795/4646/8558 1974/4645/8555
f 1795/4646/8558 1856/4648/8560 1974/4645/8555
f 1974/4645/8555 2036/4627/8504 2124/4628/8503
f 2164/4599/8473 2036/4627/8502 2132/4598/8472
f 2132/4598/8472 2091/4649/8561 2155/4565/8434
f 2155/4565/8434 2091/4649/8561 2088/4597/8471
s 0
f 1972/4650/8562 2132/4598/8563 2036/4627/8564
s 1
f 2091/4649/8561 2132/4598/8472 1972/4650/8565
f 2088/4597/8471 2091/4649/8561 2003/4651/8566
f 2051/4652/8567 2091/4649/8561 1972/4650/8565
f 2091/4649/8561 2051/4652/8567 2003/4651/8566
f 2028/4653/8568 2051/4652/8567 1972/4650/8565
f 1972/4650/8565 2036/4627/8504 1974/4645/8555
f 1972/4650/8565 1974/4645/8555 1874/4654/8569
f 2028/4653/8568 1972/4650/8565 1904/4655/8570
f 1972/4650/8565 1857/4656/8571 1904/4655/8570
f 1857/4656/8571 1972/4650/8565 1874/4654/8569
f 1874/4654/8569 1974/4645/8555 1856/4648/8560
s 0
f 1874/4654/8572 1772/4657/8573 1807/4658/8574
f 1874/4654/8575 1807/4658/8576 1857/4656/8577
s 1
f 1904/4655/8570 1857/4656/8571 1873/4659/8578
f 1873/4659/8578 1857/4656/8571 1807/4658/8579
f 2028/4653/8568 1904/4655/8570 1976/4660/8580
f 2028/4653/8568 1976/4660/8580 2051/4652/8567
f 2051/4652/8567 1976/4660/8580 2003/4651/8566
f 1906/4661/8581 1976/4660/8580 1904/4655/8570
s 0
f 1906/4661/8582 1904/4655/8583 1873/4659/8584
s 1
f 1816/4662/8585 1780/4663/8586 1779/4664/8587
f 1780/4663/8586 1816/4662/8585 1906/4661/8581
f 1780/4663/8586 1906/4661/8581 1873/4659/8578
f 1780/4663/8586 1873/4659/8578 1806/4665/8588
f 1816/4662/8585 1779/4664/8587 1867/4666/8589
f 1867/4666/8589 1779/4664/8587 1917/4596/8470
f 1779/4664/8587 1647/4667/8590 1791/4595/8469
s 0
f 1647/4667/8591 1779/4664/8592 1698/4668/8593
s 1
f 1698/4668/8594 1779/4664/8587 1780/4663/8586
f 1647/4667/8590 1525/4582/8451 1791/4595/8469
f 1698/4668/8594 1780/4663/8586 1699/4669/8595
f 1647/4667/8596 1698/4668/8594 1483/4584/8597
s 0
f 1647/4667/8598 1483/4584/8599 1525/4582/8600
s 1
f 1779/4664/8587 1791/4595/8469 1917/4596/8470
f 1867/4666/8589 1917/4596/8470 2018/4567/8436
f 1816/4662/8585 1867/4666/8589 2001/4670/8601
f 1816/4662/8585 2001/4670/8601 1906/4661/8581
f 1906/4661/8581 2001/4670/8601 1976/4660/8580
f 1867/4666/8589 2018/4567/8436 2001/4670/8601
f 2001/4670/8601 2018/4567/8436 2082/4566/8435
f 1976/4660/8580 2001/4670/8601 2003/4651/8566
f 2003/4651/8566 2001/4670/8601 2082/4566/8435
f 2003/4651/8566 2082/4566/8435 2088/4597/8471
f 1081/416/609 1011/427/620 1063/422/615
s 0
f 1081/416/8602 992/4671/8602 1011/427/8603
s 1
f 482/4103/7624 591/4097/7617 532/4335/8046
f 471/4105/7655 482/4103/7624 532/4335/8046
f 416/4107/7629 464/4108/7632 613/4336/8604
s 0
f 416/4107/8605 613/4336/8606 573/4672/8607
f 464/4108/8608 471/4105/8609 613/4336/8610
f 532/4335/8611 613/4336/8612 471/4105/8613
s 1
f 649/4337/8048 657/4338/8049 613/4336/8047
s 0
f 613/4336/8614 657/4338/8615 573/4672/8616
s 1
f 657/4338/8049 599/4340/8051 573/4672/8617
f 573/4672/8617 599/4340/8051 531/4673/8618
f 531/4673/8618 599/4340/8051 536/4358/8084
f 536/4358/8084 493/4110/7634 531/4673/8618
f 573/4672/8617 531/4673/8618 517/4113/7638
s 0
f 517/4113/8619 531/4673/8620 520/4109/8621
s 1
f 573/4672/8617 517/4113/7638 416/4107/7639
f 520/4109/7633 531/4673/8618 493/4110/7634
f 4363/3877/7233 4502/3233/7229 4471/3231/8622
s 0
f 4344/3878/8623 4471/3231/8624 4475/3887/8625
s 1
f 4307/3254/6245 4475/3887/7257 4500/3879/7240
s 0
f 4475/3887/8626 4471/3231/8626 4476/3886/8626
f 4500/3879/8627 4475/3887/8627 4476/3886/8627
s 1
f 4312/3882/7244 4469/3885/8628 4472/4674/8629
s 0
f 4469/3885/8630 4476/3886/8630 4463/3228/8630
f 4476/3886/8631 4471/3231/8631 4463/3228/8631
f 4469/3885/8632 4470/4675/8632 4472/4674/8632
s 1
f 4362/3884/7246 4312/3882/7244 4472/4674/8629
f 4472/4674/8629 4470/4675/8633 4362/3884/7246
f 4423/4676/8634 4362/3884/7246 4470/4675/8633
f 4413/4677/8635 4423/4676/8634 4470/4675/8633
s 0
f 4463/3228/8636 4470/4675/8636 4469/3885/8636
f 4463/3228/8637 4467/4678/8638 4402/4679/8639
s 1
f 4402/4679/8640 4467/4678/8641 4431/4680/8642
f 4402/4679/8640 4431/4680/8642 4352/4681/8643
f 4352/4681/8643 4343/4682/8644 4402/4679/8640
f 4413/4677/8635 4470/4675/8633 4463/3228/8645
f 4413/4677/8635 4463/3228/8645 4343/4682/8644
f 4336/4683/8646 4413/4677/8635 4343/4682/8644
f 4343/4682/8644 4463/3228/8645 4402/4679/8640
f 798/4684/8647 793/4685/638 858/4686/637
f 837/4687/8648 851/4688/8649 750/4689/8650
s 0
f 837/4687/8651 750/4689/8652 832/4690/8653
s 1
f 733/4691/8654 750/4689/8650 851/4688/8649
f 715/4692/8655 733/4691/8654 766/4693/8656
f 677/4694/8657 733/4691/8654 715/4692/8655
f 680/4695/8076 598/4696/8083 715/4692/8655
s 0
f 604/4697/8658 680/4695/8659 682/4698/8660
s 1
f 682/4698/8661 680/4695/8076 766/4693/8656
f 682/4698/8661 766/4693/8656 764/4699/8662
f 764/4699/8662 714/4700/8663 682/4698/8661
s 0
f 682/4698/8664 714/4700/8665 681/4701/8666
s 1
f 659/4702/8061 681/4701/8060 666/4703/8667
f 659/4702/8061 666/4703/8667 632/4704/8062
s 0
f 632/4704/8668 666/4703/8669 690/4705/8670
s 1
f 666/4703/8667 681/4701/8060 723/4706/8671
f 666/4703/8667 723/4706/8671 776/4707/8672
f 666/4703/8667 776/4707/8672 690/4705/7035
f 690/4705/7035 776/4707/8672 718/4708/8673
s 0
f 661/4709/8674 718/4708/8675 763/4710/8676
s 1
f 763/4710/8677 749/4711/8678 661/4709/7033
f 749/4711/8678 694/4712/7028 661/4709/7033
f 623/4713/7027 694/4712/7028 683/4714/8679
f 683/4714/8679 694/4712/7028 722/4715/8680
f 694/4712/7028 749/4711/8678 722/4715/8680
f 744/4716/8681 683/4714/8679 781/4717/8682
f 781/4717/8682 683/4714/8679 722/4715/8680
f 781/4717/8682 722/4715/8680 805/4718/8683
f 765/4719/7012 688/4720/7015 757/4721/8684
f 688/4720/7015 744/4716/8681 757/4721/8684
s 0
f 757/4721/8685 790/4722/8686 765/4719/8687
f 765/4719/8688 790/4722/8689 760/4723/8690
f 744/4716/8691 688/4720/8692 683/4714/8693
s 1
f 674/2843/5585 644/4724/7006 670/4725/7009
f 674/2843/5585 670/4725/7009 742/2844/5586
f 732/4726/8694 670/4725/7009 667/4727/7011
f 667/4727/7011 760/4723/8695 789/4728/8696
f 667/4727/7011 789/4728/8696 773/4729/8697
f 667/4727/7011 773/4729/8697 732/4726/8694
f 789/4728/8696 760/4723/8695 790/4722/8698
f 670/4725/7009 732/4726/8694 742/2844/5586
f 742/2844/5586 830/4730/8699 675/2842/5584
f 830/4730/8699 843/4731/8700 675/2842/5584
f 783/4732/8701 696/2845/5587 675/2842/5584
f 675/2842/5584 843/4731/8700 783/4732/8701
f 696/2845/5587 783/4732/8701 780/2840/5582
f 696/2845/5587 780/2840/5582 671/2841/5583
f 822/3223/6183 724/2839/5580 780/2840/5582
f 878/3217/6169 791/3219/6171 860/4733/8702
f 934/3207/6136 878/3217/6169 910/3209/6138
f 910/3209/6138 878/3217/6169 860/4733/8702
f 910/3209/6138 860/4733/8702 902/3216/6168
f 999/3212/6153 902/3216/6168 889/4734/8703
f 999/3212/6153 889/4734/8703 966/3215/6161
f 980/3214/6157 969/4735/8704 1075/3213/6155
f 1141/4736/8705 1075/3213/6155 1038/4737/8706
f 1141/4736/8705 1166/3202/6126 1075/3213/6155
f 1141/4736/8705 1038/4737/8706 1032/4738/8707
f 1166/3202/6126 1141/4736/8705 1300/3201/6125
f 1276/3198/6121 1175/3200/6124 1300/3201/6125
f 1276/3198/6121 1300/3201/6125 1315/4739/8708
f 1276/3198/6121 1315/4739/8708 1352/4740/8709
f 1413/3197/6117 1276/3198/6121 1352/4740/8709
f 1532/4326/8030 1482/3196/6115 1689/4741/8710
f 1689/4741/8710 1482/3196/6115 1574/4742/8711
f 1574/4742/8711 1482/3196/6115 1413/3197/6117
f 1755/4743/8712 1532/4326/8030 1689/4741/8710
f 1622/4328/8032 1532/4326/8030 1803/4330/8034
f 1803/4330/8034 1532/4326/8030 1755/4743/8712
f 1660/4329/8033 1803/4330/8034 1742/4331/8037
f 1742/4331/8037 1803/4330/8034 1804/4744/8713
s 0
f 1804/4744/8714 1803/4330/8715 1937/4745/8716
s 1
f 1826/4746/8717 1804/4744/8713 1876/4747/8718
f 1804/4744/8713 1826/4746/8717 1841/4748/8719
f 1804/4744/8713 1841/4748/8719 1742/4331/8037
f 1742/4331/8037 1841/4748/8719 1910/4749/8039
f 1742/4331/8037 1910/4749/8039 1892/4324/8038
f 1910/4749/8039 1841/4748/8719 1826/4750/8717
s 0
f 798/4684/8720 772/4751/8721 716/4752/8722
s 1
f 716/4752/693 772/4751/8723 691/4753/8724
f 716/4752/693 691/4753/8724 654/4754/694
f 654/4755/694 691/4753/8724 649/4756/8048
f 649/4756/8048 691/4753/8724 693/4757/8725
f 649/4756/8048 693/4757/8725 657/4758/8049
s 0
f 693/4757/8726 691/4753/8727 745/4759/8728
s 1
f 677/4694/8050 657/4758/8049 693/4757/8725
f 733/4691/8654 677/4694/8657 750/4689/8650
f 745/4759/8729 677/4694/8050 693/4757/8725
s 0
f 750/4689/8730 677/4694/8731 745/4759/8732
s 1
f 745/4759/8733 691/4753/8724 772/4751/8723
f 3960/4428/8192 4063/4427/8191 4117/4431/8734
f 4151/4475/8286 4126/4470/3239 4086/4467/6933
s 0
f 4145/4760/8735 4092/4761/8736 4110/4762/8737
s 1
f 4276/4493/8738 4110/4762/7471 4103/4763/8739
s 0
f 4276/4493/8740 4103/4763/8741 4198/4495/8742
s 1
f 4103/4763/8743 4099/4764/8744 4198/4495/8745
s 0
f 4198/4495/8746 4099/4764/8747 4166/4494/8748
s 1
f 4276/4493/8738 4232/4765/8749 4110/4762/7471
s 0
f 4145/4760/8750 4110/4762/8751 4185/4492/8752
s 1
f 4166/4494/8321 4099/4764/8753 4147/4766/8754
f 4124/4767/8755 4156/4496/8323 4147/4766/8754
f 4124/4767/8755 4114/4768/8756 4137/4497/8327
f 4143/4769/8757 4137/4497/8327 4114/4768/8756
f 4143/4769/8757 4102/4770/6802 4222/4771/8758
f 4131/4772/8759 4222/4771/8758 4102/4770/6802
f 4102/4770/6802 4084/4773/6797 4131/4772/8759
f 4102/4770/6802 4143/4769/8757 4058/4774/8760
f 4131/4772/8759 4084/4773/6797 4026/4775/6796
f 4051/4776/6805 4164/4524/8382 4134/4526/6803
f 4164/4524/8382 4051/4776/6805 4035/4523/6890
f 4164/4524/8382 4035/4523/6890 4153/4512/8761
f 4185/4492/8316 4244/4777/8762 4145/4760/8763
f 4086/4467/6933 4244/4777/8762 4151/4475/8286
f 4244/4777/8762 4086/4467/6933 4145/4760/8763
s 0
f 4185/4492/8764 4110/4762/8765 4232/4765/8766
f 4198/4495/8767 4282/3949/8768 4276/4493/8769
s 1
f 4285/4491/8309 4151/4475/8286 4244/4777/8762
f 4232/4765/8749 4276/4493/8738 4302/4490/8308
f 4185/4492/8316 4232/4765/8749 4302/4490/8308
f 4245/4474/8285 4151/4475/8286 4285/4491/8309
f 4285/4491/8309 4244/4777/8762 4185/4492/8316
f 951/4778/633 901/4779/636 928/4780/627
f 895/4781/8770 901/4779/636 951/4778/633
f 901/4779/636 895/4781/8770 858/4782/637
f 772/4783/8723 798/4784/8647 858/4782/637
f 772/4783/8723 858/4782/637 841/4785/8771
f 837/4786/8648 832/4787/8772 963/4788/8773
f 837/4786/8648 923/4789/8774 851/4790/8649
f 923/4789/8774 837/4786/8648 947/4791/8775
f 947/4791/8775 837/4786/8648 963/4788/8773
s 0
f 963/4788/8776 832/4787/8777 829/4792/8778
f 963/4788/8779 829/4792/8780 862/4793/8781
f 862/4793/8782 829/4792/8783 841/4785/8784
f 841/4785/8785 858/4782/8786 895/4781/8787
s 1
f 862/4793/8788 841/4785/8789 895/4781/8770
f 895/4781/8770 951/4778/633 954/4794/8790
f 862/4793/8788 954/4794/8790 997/4795/8791
f 996/4796/8792 954/4794/8790 951/4778/633
f 992/4797/632 996/4796/8792 951/4778/633
f 996/4796/8792 997/4795/8791 954/4794/8790
f 1033/4798/8793 997/4795/8791 996/4796/8792
s 0
f 992/4797/8794 1081/4799/8795 996/4796/8796
f 996/4796/8797 1081/4799/8798 1156/4588/8799
s 1
f 997/4795/8791 1033/4798/8793 1049/4800/8800
f 1033/4798/8793 996/4796/8792 1156/4588/8459
f 1156/4588/8459 1081/4799/609 1161/4587/604
s 0
f 1181/4801/8801 1228/4590/8802 1321/4591/8803
s 1
f 1181/4801/8804 1321/4591/8462 1221/4802/8805
f 1156/4588/8459 1228/4590/8461 1033/4798/8793
s 0
f 1049/4800/8806 1033/4798/8807 1228/4590/8808
s 1
f 1049/4800/8809 1228/4590/8810 1181/4801/8811
s 0
f 997/4795/8812 1049/4800/8813 862/4793/8814
f 862/4793/8815 1049/4800/8816 963/4788/8817
s 1
f 954/4794/8790 862/4793/8788 895/4781/8770
f 947/4791/8775 963/4788/8773 1018/4803/8818
f 963/4788/8773 1049/4800/8819 1018/4803/8818
f 1047/4804/8820 947/4791/8775 1018/4803/8818
f 947/4791/8775 1047/4804/8820 923/4789/8774
f 936/4805/8821 923/4789/8774 1047/4804/8820
s 0
f 845/4806/8822 923/4789/8823 936/4805/8824
f 851/4790/8825 923/4789/8826 845/4806/8827
s 1
f 820/4807/8828 936/4805/8829 897/4808/8830
f 897/4808/8830 936/4805/8829 998/4809/8831
f 987/4810/8832 897/4808/8830 998/4809/8831
f 950/4811/8833 897/4808/8830 987/4810/8832
f 897/4808/8830 950/4811/8833 896/4812/8834
f 944/4813/8835 896/4812/8834 950/4811/8833
f 896/4812/8834 944/4813/8835 882/4814/8836
f 956/4815/8837 853/4816/8838 944/4813/8835
f 853/4817/8838 956/4815/8837 908/4818/8839
f 956/4815/8837 1000/4819/8840 908/4818/8839
f 908/4818/8839 1000/4819/8840 1007/4820/8841
f 1007/4820/8841 1024/4821/8842 1031/4822/8843
s 0
f 1031/4822/8844 1052/4823/8845 1056/4824/8846
s 1
f 1031/4822/8843 1024/4821/8842 1052/4823/8847
f 1056/4824/8848 1052/4823/8849 1086/4825/8850
f 1078/4826/8851 1056/4824/8848 1086/4825/8850
f 1078/4826/8851 1086/4825/8850 1204/4827/8852
f 1142/4828/8853 1078/4826/8851 1204/4827/8852
f 1160/4829/8854 1142/4828/8853 1169/4830/8855
f 1142/4828/8853 1177/4831/8856 1169/4830/8855
f 1267/4832/8857 1169/4830/8855 1177/4831/8856
f 1267/4832/8857 1590/4833/8858 1169/4830/8855
f 1240/4834/8859 1169/4830/8855 1312/4835/8860
f 1204/4827/8852 1177/4831/8856 1142/4828/8853
f 1177/4831/8856 1204/4827/8852 1257/4836/8861
f 1177/4831/8856 1257/4836/8861 1267/4832/8857
f 1226/4837/8862 1052/4823/8847 1024/4821/8842
f 1024/4821/8842 1281/4838/8863 1226/4837/8862
f 1024/4821/8842 1106/4839/8864 1281/4838/8863
f 1000/4819/8840 1106/4839/8864 1024/4821/8842
f 1106/4839/8864 1000/4819/8840 1118/4840/8865
f 1118/4840/8865 1000/4819/8840 1021/4841/8866
f 1106/4839/8864 1118/4840/8865 1216/4842/8867
f 1118/4840/8865 1021/4841/8866 1114/4843/8868
f 1007/4820/8841 1000/4819/8840 1024/4821/8842
f 1000/4819/8840 956/4815/8837 944/4813/8835
f 944/4813/8835 950/4811/8833 991/4844/8869
s 0
f 998/4809/8870 936/4805/8871 1047/4804/8872
s 1
f 950/4811/8833 987/4810/8832 991/4844/8869
s 0
f 1000/4819/8873 944/4813/8874 1021/4841/8874
s 1
f 1114/4843/8868 1021/4841/8866 1091/4845/8875
f 1057/4846/8876 1091/4845/8875 1021/4841/8866
f 1057/4846/8876 1021/4841/8866 944/4813/8835
f 1057/4846/8876 944/4813/8835 991/4844/8869
f 1057/4846/8876 991/4844/8869 1091/4845/8875
f 1091/4845/8875 991/4844/8869 1061/4847/8877
f 991/4844/8869 987/4810/8832 1061/4847/8877
f 1061/4847/8877 987/4810/8832 1059/4848/8878
f 1059/4848/8878 987/4810/8832 998/4809/8831
f 998/4809/8831 1047/4804/8820 1059/4848/8878
f 1047/4804/8820 1018/4803/8818 1110/4849/8879
f 1110/4849/8879 1018/4803/8818 1138/4850/8880
s 0
f 1018/4803/8881 1049/4800/8882 1181/4801/8883
f 1018/4803/8884 1181/4801/8885 1138/4850/8886
s 1
f 1110/4849/8879 1059/4848/8878 1047/4804/8820
f 1061/4847/8877 1059/4848/8878 1159/4851/8887
f 1159/4851/8887 1059/4848/8878 1186/4852/8888
f 1059/4848/8878 1110/4849/8879 1186/4852/8888
s 0
f 1110/4849/8889 1138/4850/8890 1221/4802/8891
s 1
f 1221/4802/8805 1138/4850/8892 1181/4801/8804
f 1110/4849/8879 1221/4802/8805 1310/4853/8893
f 1221/4802/8805 1321/4591/8462 1367/4593/8464
s 0
f 1503/4854/8894 1367/4593/8895 1410/4592/8894
f 1410/4592/8896 1407/4594/8897 1475/4855/8898
s 1
f 1475/4855/8899 1407/4594/8900 1483/4584/8597
f 1475/4855/8899 1557/4856/8901 1410/4592/8902
f 1475/4855/8899 1483/4584/8597 1571/4857/8903
f 1571/4857/8903 1483/4584/8597 1698/4668/8594
f 1571/4857/8903 1531/4858/8904 1475/4855/8899
f 1531/4858/8904 1571/4857/8903 1573/4859/8905
f 1573/4859/8905 1571/4857/8903 1698/4668/8594
f 1573/4859/8905 1698/4668/8594 1595/4860/8906
f 1557/4856/8901 1573/4859/8905 1595/4860/8906
f 1699/4669/8595 1595/4860/8906 1698/4668/8594
f 1806/4665/8588 1699/4669/8595 1780/4663/8586
f 1737/4861/8907 1699/4669/8595 1806/4665/8588
f 1806/4665/8588 1766/4862/8908 1737/4861/8907
s 0
f 1807/4658/8909 1737/4861/8910 1766/4862/8911
s 1
f 1772/4657/8912 1737/4861/8907 1807/4658/8913
f 1766/4862/8908 1806/4665/8588 1873/4659/8578
f 1766/4862/8908 1873/4659/8578 1807/4658/8579
f 335/4119/7653 346/4863/8914 230/4864/8152
f 346/4863/8914 335/4119/7653 370/4120/7654
f 346/4863/8914 370/4120/7654 382/4104/7630
f 352/4865/8915 346/4863/8914 382/4104/7630
s 0
f 382/4104/8916 370/4120/8917 471/4105/8918
s 1
f 355/4118/7652 471/4105/7655 370/4120/7654
f 352/4865/8915 382/4104/7630 416/4107/7629
s 0
f 352/4865/8919 416/4107/8920 426/4112/8921
s 1
f 419/4866/8922 497/4867/8923 422/4364/8097
f 422/4364/8097 434/4363/8096 319/4868/8924
f 448/4111/7635 419/4866/8922 339/4869/8925
f 419/4866/8922 361/4870/8926 339/4869/8925
s 0
f 361/4870/8927 419/4866/8928 422/4364/8929
s 1
f 319/4868/8924 434/4363/8096 325/4871/8930
f 340/4872/8931 325/4871/8930 445/4362/8091
f 445/4362/8091 325/4871/8930 434/4363/8096
s 0
f 445/4362/8932 518/4348/8933 469/4365/8934
s 1
f 421/4369/8935 459/4366/8100 503/4367/8101
f 3623/4085/7586 3714/4091/7588 3777/4873/8243
f 3777/4873/8243 3706/4874/8936 3623/4085/7586
f 3723/4875/7587 3786/4421/8186 3774/4448/8233
f 3714/4457/7588 3723/4875/7587 3774/4448/8233
f 3714/4457/7588 3774/4448/8233 3742/4449/8260
s 0
f 3771/4453/8937 3694/4876/8938 3706/4877/8939
s 1
f 3771/4453/8940 3706/4877/8936 3777/4451/8243
f 3774/4448/8233 3786/4421/8186 3825/4422/8185
f 4086/4467/6933 4073/4878/6932 4145/4760/8763
f 4073/4878/6932 4092/4761/6934 4145/4760/8763
f 4015/4879/6936 4110/4762/7471 4092/4761/6934
f 4103/4763/8739 4110/4762/7471 4015/4879/6936
f 4103/4763/8739 4015/4879/6936 4033/4880/6944
s 0
f 4099/4764/8941 4103/4763/8942 4033/4880/8943
f 4099/4764/8944 4033/4880/8945 4048/4881/8946
s 1
f 2456/3019/5832 2384/2910/5679 2326/2909/5678
f 2503/3051/5882 2326/2909/5678 2436/2900/5668
s 0
f 160/4188/8947 145/4405/8948 84/4194/8949
s 1
f 98/4205/7811 84/4194/8950 182/4406/8159
f 182/4406/8159 84/4194/8950 145/4405/8154
f 182/4406/8159 180/4882/8951 98/4205/7811
s 0
f 180/4882/8952 235/4400/8953 241/4399/8954
f 180/4882/8955 241/4399/8956 152/4407/8957
s 1
f 235/4400/8150 180/4882/8951 182/4406/8159
s 0
f 180/4882/8958 152/4407/8959 103/4209/8960
s 1
f 152/4407/8163 196/4199/8165 103/4209/7818
f 163/4198/8961 191/4409/8166 257/4883/8962
f 196/4199/8165 191/4409/8166 163/4198/8961
f 196/4199/8165 89/4197/7459 103/4209/7818
f 98/4205/7811 180/4882/8951 23/4206/7812
f 23/4206/7812 180/4882/8951 103/4209/8963
s 0
f 22/4195/8964 84/4194/8965 98/4205/8966
s 1
f 3094/4003/7444 3074/4005/7447 3145/4002/7443
s 0
f 3094/4003/8967 3145/4002/8968 3181/4001/8969
s 1
f 3149/4006/7448 3128/4033/7483 3206/4021/7465
f 3149/4006/7448 3206/4021/7465 3145/4002/7443
f 3201/4000/7441 3145/4002/7443 3206/4021/7465
f 4093/4884/8202 4138/3245/6233 4178/3247/6232
s 0
f 4010/4885/8970 4178/3247/8971 4125/4886/8972
f 4096/4887/8973 4184/3250/8974 4104/4888/8975
s 1
f 4105/4889/8976 4104/4888/8977 4228/3253/6243
f 4228/3253/6243 4104/4888/8977 4184/3250/6237
f 4105/4889/8976 4228/3253/6243 4259/4890/8978
f 4105/4889/8976 4259/4890/8978 4264/4891/8979
f 4264/4891/8979 4224/4892/8980 4065/4893/8981
f 4264/4891/8979 4065/4893/8981 4105/4889/8976
f 4085/4894/8982 4065/4893/8981 4224/4892/8980
f 4085/4895/8982 4224/4892/8980 4039/4896/8983
f 4178/3247/6232 4190/3248/6235 4125/4886/8984
s 0
f 4125/4886/8985 4190/3248/8986 4184/3250/8987
s 1
f 4178/3247/6232 4217/3244/6234 4177/3249/6236
f 772/4751/8723 841/4897/8771 745/4759/8733
s 0
f 841/4897/8988 829/4898/8989 745/4759/8990
s 1
f 745/4759/8991 829/4898/8992 832/4690/8993
f 108/3576/6675 51/3570/6667 3029/3577/6676
f 3541/4411/8168 3562/4080/7566 3610/4084/8994
f 3541/4411/8168 3610/4084/8994 3612/4086/8174
f 3612/4086/8174 3623/4085/8995 3539/4413/8171
f 3539/4413/8171 3623/4085/8995 3594/4414/8172
f 3526/4899/8996 3634/4900/8997 3600/4901/8998
f 3634/4900/8997 3560/4415/8173 3594/4414/8172
s 0
f 3623/4085/8999 3706/4874/9000 3594/4414/9001
s 1
f 3706/4874/9002 3694/4902/9003 3634/4900/8997
f 3594/4414/8172 3706/4874/9002 3634/4900/8997
f 3669/4903/9004 3566/4904/9005 3554/4069/7536
f 3485/4071/7538 3669/4903/9004 3554/4069/7536
f 3526/4899/8996 3669/4903/9004 3485/4071/7538
f 3669/4903/9004 3526/4899/8996 3600/4901/8998
f 3634/4900/8997 3526/4899/8996 3490/4417/8176
f 3634/4900/8997 3490/4417/8176 3560/4415/8173
f 3532/4905/9006 3396/4068/7533 3554/4069/7536
f 3532/4905/9006 3554/4069/7536 3566/4904/9005
f 3563/4906/9007 3532/4905/9006 3647/4907/9008
f 3532/4905/9006 3566/4904/9005 3647/4907/9008
f 3622/4293/7982 3546/4294/7983 3647/4907/9008
f 3647/4907/9008 3566/4904/9005 3686/4908/8266
f 3647/4907/9008 3686/4908/8266 3748/4909/8268
f 3748/4909/8268 3622/4293/7982 3647/4907/9008
f 3105/4127/7670 3150/4125/7672 3137/4910/9009
s 0
f 3124/4129/9010 3105/4127/9011 3137/4910/9012
s 1
f 3124/4129/7679 3137/4910/9013 3118/4130/7680
f 3137/4910/9009 3150/4125/7672 3182/4133/7683
s 0
f 3137/4910/9014 3182/4133/9015 3251/4139/9016
f 3251/4139/9017 3214/4145/9018 3118/4130/9019
f 3214/4145/9020 3186/4146/9021 3118/4130/9022
f 3131/4147/9023 3257/4143/9024 3188/4144/9025
s 1
f 3188/4144/7708 3126/4911/9026 3131/4147/7712
f 3188/4144/7708 3106/4912/9027 3126/4911/9026
f 3131/4147/7712 3120/4913/9028 3186/4146/7711
s 0
f 3186/4146/9029 3120/4913/9030 3118/4130/9031
s 1
f 3118/4130/7680 3120/4913/9028 3059/4131/7681
f 3059/4131/7681 3120/4913/9028 3044/4914/6678
f 3120/4913/9028 11/4915/6679 3044/4914/6678
f 3126/4911/9026 11/4915/6679 3131/4147/7712
s 0
f 3020/4916/9032 11/4915/9033 3126/4911/9034
s 1
f 3032/4917/6680 3126/4911/9026 3106/4912/9027
f 3126/4911/9026 3032/4917/6680 3020/4916/9035
s 0
f 3059/4131/9036 3029/4918/9037 3124/4129/9038
s 1
f 3059/4131/7681 3044/4914/6678 3029/4918/6676
f 3894/4444/8237 3945/4445/8227 3970/4434/8203
s 0
f 3893/4447/9039 3880/4455/9040 3856/4450/9041
s 1
f 4217/3244/6234 4292/3256/6247 4344/3878/7256
f 4217/3244/6234 4344/3878/7256 4177/3249/6236
f 4177/3249/6236 4344/3878/7256 4307/3254/6245
f 4189/3252/6244 4307/3254/6245 4321/3880/7241
s 0
f 4167/3251/9042 4189/3252/9043 4321/3880/9044
f 4167/3251/9045 4321/3880/9046 4289/3881/9047
s 1
f 4167/3251/6239 4289/3881/7242 4228/3253/6243
f 4289/3881/7242 4259/4890/8978 4228/3253/6243
f 4264/4891/8979 4259/4890/8978 4291/4919/9048
f 4291/4919/9048 4259/4890/8978 4323/3883/7245
f 4323/3883/7245 4259/4890/8978 4289/3881/7242
s 0
f 4336/4683/9049 4264/4891/9050 4291/4919/9049
s 1
f 4412/4479/8289 4419/4487/8302 4331/4483/8301
f 4412/4479/8289 4331/4483/8301 4322/4480/8290
f 332/4920/8151 346/4863/8914 352/4865/8915
f 339/4869/8925 420/4114/7643 448/4111/7635
f 332/4920/8151 352/4865/8915 426/4112/9051
f 241/4921/8149 332/4920/8151 426/4112/9051
s 0
f 241/4921/9052 426/4112/9052 420/4114/9052
f 319/4868/9053 361/4870/9054 422/4364/9055
s 1
f 469/4365/8099 459/4366/8100 354/4371/9056
s 0
f 469/4365/9057 354/4371/9058 404/4922/9059
s 1
f 469/4365/9060 404/4922/9061 445/4362/8091
f 445/4362/8091 404/4922/9061 340/4872/8931
f 346/4863/8914 332/4920/8151 230/4864/8152
s 0
f 311/4923/9062 241/4921/9063 420/4114/9064
s 1
f 339/4869/8925 311/4923/9065 420/4114/7643
f 404/4922/9061 304/4924/9066 340/4872/8931
f 294/4925/9067 319/4868/8924 325/4871/8930
f 361/4870/8926 257/4926/8962 339/4869/8925
s 0
f 339/4869/9068 270/4927/9069 311/4923/9070
s 1
f 3128/4033/7483 3149/4006/7448 3053/4011/7461
s 0
f 3142/4032/9071 3128/4033/9072 3053/4011/9073
f 3170/4028/9074 3197/4030/9075 3027/4014/9076
s 1
f 3197/4030/9077 3102/4015/7458 3027/4014/7457
f 3170/4028/7474 3027/4014/7457 3076/4017/7460
f 3110/4928/9078 3014/4929/7827 3075/4930/9079
s 0
f 3091/4931/9080 3075/4930/9081 17/4932/9082
s 1
f 3075/4930/9079 95/4933/7820 17/4932/9083
f 17/4932/9084 92/4934/9085 3091/4931/9086
f 3089/4935/9087 92/4934/9085 7/4936/9088
f 3089/4935/9087 7/4936/9088 3067/4937/9089
f 3067/4937/9089 7/4936/9088 3039/4938/6714
f 92/4934/9085 3089/4935/9087 3091/4931/9086
s 0
f 3116/4939/9090 3067/4937/9091 6/4940/9092
s 1
f 3091/4931/9086 3167/4941/9093 3075/4930/9094
f 3122/4029/7475 3076/4017/7460 3015/4942/7819
s 0
f 3102/4015/9095 3197/4030/9096 3142/4032/9097
s 1
f 3074/4005/7447 3149/4006/7448 3145/4002/7443
s 0
f 3915/3629/9098 3846/3627/9099 3933/3708/9100
s 1
f 4012/3646/6782 3904/3649/6784 3942/4943/9101
f 3904/3649/6784 3941/3650/6785 4114/4944/8756
f 3904/3649/6784 4114/4944/8756 3942/4943/9101
f 4012/3646/6779 4032/3720/6937 3928/3647/6780
f 4099/4945/8753 4048/3721/6938 4032/3720/6937
s 0
f 4042/4946/9102 4032/3720/9103 4012/3646/9104
s 1
f 4042/4946/9105 4012/3646/6782 3942/4943/9101
s 0
f 3941/3650/9106 4058/4947/9107 4114/4944/9108
s 1
f 4058/4947/8760 3941/3650/6785 3935/4948/9109
f 4058/4947/8760 3935/4948/9109 4102/3658/6802
f 3935/4948/9109 3940/3651/6801 4102/3658/6802
f 663/2827/5563 697/2829/5565 740/3222/6187
s 0
f 557/3811/9110 563/3810/9111 473/3831/9112
s 1
f 473/3831/7133 431/3832/7134 557/3811/7095
f 484/4949/9113 557/3811/7095 431/3832/7134
f 557/3811/7095 484/4949/9113 585/3752/5562
f 585/3752/5562 484/4949/9113 633/3814/5564
s 0
f 633/3814/9114 484/4949/9115 588/3815/9116
s 1
f 583/3813/7100 588/3815/9117 551/3816/7101
f 616/3757/5571 551/3816/7101 516/3817/7102
f 530/3988/7418 551/3816/7101 588/3815/9117
f 427/3985/7415 516/3817/7102 551/3816/7101
f 529/3989/7419 558/3754/7000 559/3818/7103
f 558/3754/7000 529/3989/7419 537/3819/7104
f 570/4392/8142 537/3819/7104 429/3984/7412
f 529/3989/7419 429/3984/7412 537/3819/7104
f 356/3975/7401 529/3989/7419 559/3818/7103
f 402/3801/7068 446/3983/7414 297/3979/9118
f 431/3832/7134 451/3987/7417 484/4949/9113
f 484/4949/9113 451/3987/7417 530/3988/7418
f 530/3988/7418 451/3987/7417 430/3986/7416
f 108/3576/6675 202/3522/6665 51/3570/6667
s 0
f 19/3578/9119 121/3587/9120 108/3576/9121
f 190/4950/9122 99/3584/9123 3020/3585/9124
s 1
f 190/4950/9125 3020/3585/9035 3032/3581/6680
f 107/4951/9126 190/4950/9125 3032/3581/6680
f 99/3584/6683 190/4950/9127 100/3586/6685
f 107/4951/9126 97/3583/6682 96/4952/9128
f 96/4952/9128 97/3583/6682 102/4953/9129
f 206/3535/6603 96/4952/9128 102/4953/9129
f 102/4953/9129 166/3992/7432 206/3535/6603
f 166/3992/7432 102/4953/9129 87/3590/6689
f 87/3590/6689 77/3991/7428 166/3992/7432
f 87/3590/6689 102/4953/9129 3077/3588/6687
f 3031/4954/9130 3077/3588/6687 102/4953/9129
f 87/3590/6689 25/3591/9131 77/3991/7428
f 3031/4954/9130 102/4953/9129 97/3583/6682
f 107/4951/9126 3032/3581/6680 97/3583/6682
s 0
f 51/3570/9132 195/3563/9133 29/3573/9134
f 3118/4130/9135 3137/4910/9136 3251/4139/9137
s 1
f 832/4690/8993 750/4689/9138 745/4759/8991
s 0
f 3053/4011/9139 3046/4013/9140 3142/4032/9141
s 1
f 3046/4013/9142 3102/4015/9143 3142/4032/9144
s 0
f 3447/4150/9145 3402/4149/9146 3401/4152/9147
f 3401/4152/9148 3458/4155/9148 3459/4151/9149
s 1
f 3846/3627/6748 3796/3630/6752 3862/3725/9150
s 0
f 3862/3725/9151 3796/3630/9152 3798/3632/9153
s 1
f 3933/3708/9154 3846/3627/6748 3862/3725/9150
f 3862/3725/9155 3799/3631/6753 3872/3648/6781
f 3799/3631/6753 3862/3725/9155 3798/3632/6754
f 3845/3640/6765 3799/3631/6753 3739/3634/6756
s 0
f 431/3832/9156 334/3830/9157 386/3965/9158
s 1
f 276/3971/7399 423/3970/7398 427/3985/7415
f 276/3971/7399 427/3985/7415 369/3968/7396
s 0
f 4329/4481/9159 4302/4490/9160 4283/4489/9161
s 1
f 4282/3949/7370 4356/3947/7368 4428/3945/7365
f 4282/3949/7370 4414/3948/7369 4283/4489/8307
f 3600/4901/8998 3634/4900/8997 3694/4902/9003
s 0
f 3600/4901/9162 3691/4955/9163 3669/4903/9164
s 1
f 3691/4955/8264 3686/4908/8266 3566/4904/9005
f 3754/4956/8259 3691/4955/8264 3600/4901/8998
f 3600/4901/8998 3694/4902/9003 3754/4956/8259
f 3754/4956/8259 3694/4902/9003 3771/4957/8247
f 851/4688/8649 845/4958/9165 733/4691/8654
f 845/4958/9165 766/4693/8656 733/4691/8654
f 766/4693/8656 680/4695/8076 715/4692/8655
f 764/4699/8662 766/4693/8656 845/4958/9165
f 845/4958/9165 936/4959/8829 764/4699/8662
f 764/4699/8662 936/4959/8829 820/4960/8828
f 764/4699/8662 820/4960/8828 836/4961/9166
f 794/4962/9167 723/4706/8671 836/4961/9166
f 794/4962/9167 836/4961/9166 882/4963/8836
f 795/4964/9168 794/4962/9167 866/4965/9169
f 776/4707/8672 794/4962/9167 795/4964/9168
f 794/4962/9167 776/4707/8672 723/4706/8671
f 714/4700/9170 723/4706/8671 681/4701/8060
s 0
f 764/4699/9171 836/4961/9172 714/4700/9173
s 1
f 836/4961/9166 723/4706/8671 714/4700/9170
f 588/3815/9117 484/4949/9113 530/3988/7418
f 551/3816/7101 530/3988/7418 427/3985/7415
f 351/3973/7400 559/3818/7103 495/3758/7001
f 495/3758/7001 516/3817/7102 423/3970/7398
s 0
f 423/3970/9174 516/3817/9175 427/3985/9175
s 1
f 191/4409/8166 270/4410/8167 257/4883/8962
s 0
f 163/4198/9176 257/4883/9177 217/4966/9177
s 1
f 163/4198/7806 217/4966/9178 157/4201/7807
f 217/4966/9178 162/4967/9179 157/4201/7807
f 331/3990/9180 205/3525/9181 121/3587/6686
f 331/3990/9180 121/3587/6686 100/3586/6685
s 0
f 331/3990/9182 100/3586/9183 216/3529/9184
s 1
f 216/3529/9185 100/3586/6685 239/3527/9186
f 239/3527/9186 100/3586/6685 190/4950/9127
f 190/4950/9125 107/4951/9126 224/3531/6601
f 206/3535/6603 281/3533/6599 96/4952/9128
f 96/4952/9128 281/3533/6599 224/3531/6601
f 107/4951/9126 96/4952/9128 224/3531/6601
s 0
f 224/3531/9187 239/3527/9188 190/4950/9189
s 1
f 3120/4913/9028 3131/4147/7712 11/4915/6679
s 0
f 3129/3864/9190 3095/4968/9191 3106/4912/9192
s 1
f 3129/3864/7186 3136/4969/9193 3095/4968/6681
f 3077/4970/6687 3095/4968/6681 3136/4969/9193
f 3070/4971/9194 3026/4972/9195 3112/4973/9196
f 3112/4973/9196 3026/4972/9195 3123/4974/9197
s 0
f 3026/4972/9198 3136/4969/9199 3123/4974/9200
s 1
f 3077/4970/6687 3136/4969/9193 3026/4972/6688
f 3485/4071/7538 3397/4070/7537 3526/4899/8996
f 3526/4899/8996 3397/4070/7537 3342/4048/7505
f 3526/4899/8996 3342/4048/7505 3431/4047/7504
f 3431/4047/7504 3490/4417/8176 3526/4899/8996
f 2519/3411/8478 2602/3412/6436 2512/4975/8479
s 0
f 2512/4975/9201 2553/3415/9202 2371/4976/9203
s 1
f 2524/3413/6441 2582/3507/6554 2495/3417/6445
f 2524/3413/6441 2614/3386/6556 2582/3507/6554
f 2614/3386/6556 2524/3413/6441 2635/3358/6349
f 2635/3358/6349 2524/3413/6441 2553/3415/6443
f 2553/3415/6443 2512/4975/8479 2635/3358/6349
f 2635/3358/6349 2512/4975/8479 2602/3412/6436
f 2628/3359/6350 2614/3386/6556 2635/3358/6349
f 1475/4855/8899 1531/4858/8904 1557/4856/8901
f 1557/4856/8901 1531/4858/8904 1573/4859/8905
f 1583/4977/9204 1410/4592/8902 1557/4856/8901
f 1557/4856/8901 1595/4860/8906 1699/4669/8595
f 1583/4977/9204 1557/4856/8901 1699/4669/8595
f 1699/4669/8595 1737/4861/8907 1772/4657/8912
f 1583/4977/9204 1699/4669/8595 1701/4978/9205
f 1701/4978/9205 1699/4669/8595 1772/4657/8912
f 1503/4854/9206 1410/4592/8902 1701/4978/9205
f 1701/4978/9205 1410/4592/8902 1583/4977/9204
f 1367/4593/9207 1503/4854/9206 1423/4979/9208
s 0
f 1423/4979/9209 1310/4853/9210 1367/4593/9211
s 1
f 1409/4980/9212 1310/4853/8893 1423/4979/9213
f 1221/4802/8805 1367/4593/8464 1310/4853/8893
f 1310/4853/8893 1186/4852/8888 1110/4849/8879
s 0
f 1061/4847/9214 1159/4851/9215 1180/4981/9216
s 1
f 1091/4845/8875 1061/4847/8877 1180/4981/9217
f 1091/4845/8875 1180/4981/9217 1311/4982/9218
f 1091/4845/8875 1311/4982/9218 1114/4843/8868
f 1118/4840/8865 1114/4843/8868 1295/4983/9219
f 1281/4838/8863 1106/4839/8864 1216/4842/8867
f 1327/4984/9220 1281/4838/8863 1216/4842/8867
f 1281/4838/8863 1327/4984/9220 1296/4985/9221
f 1327/4984/9220 1440/4986/9222 1296/4985/9221
s 0
f 1281/4838/9223 1296/4985/9224 1226/4837/9225
s 1
f 1226/4837/8862 1190/4987/9226 1052/4823/8847
s 0
f 1190/4987/9227 1194/4988/9228 1052/4823/9229
s 1
f 1086/4825/8850 1052/4823/8849 1194/4988/9230
f 1204/4827/8852 1086/4825/8850 1194/4988/9230
f 1267/4832/8857 1501/4989/9231 1590/4833/8858
f 1288/4990/9232 1501/4989/9231 1267/4832/8857
f 1267/4832/8857 1257/4836/8861 1288/4990/9232
f 1569/4991/9233 1501/4989/9231 1288/4990/9232
f 1569/4991/9233 1288/4990/9232 1313/4992/9234
f 1313/4992/9234 1395/4993/9235 1457/4994/9236
f 1194/4988/9230 1313/4992/9234 1288/4990/9232
f 1313/4992/9234 1360/4995/9237 1395/4993/9235
f 1360/4995/9237 1190/4987/9226 1296/4985/9221
f 1194/4988/9230 1360/4995/9237 1313/4992/9234
f 1190/4987/9226 1360/4995/9237 1194/4988/9230
f 1194/4988/9230 1288/4990/9232 1257/4836/8861
f 1194/4988/9230 1257/4836/8861 1204/4827/8852
f 1190/4987/9226 1226/4837/8862 1296/4985/9221
f 1296/4985/9221 1440/4986/9222 1360/4995/9237
f 1395/4993/9235 1360/4995/9237 1416/4996/9238
f 1457/4994/9236 1395/4993/9235 1416/4996/9238
f 1457/4994/9236 1709/4997/9239 1313/4992/9234
s 0
f 1709/4997/9240 1569/4991/9241 1313/4992/9242
s 1
f 1590/4833/8858 1399/4998/9243 1169/4830/8855
f 1169/4830/8855 1399/4998/9243 1312/4835/8860
f 1312/4835/8860 1210/4999/9244 1240/4834/8859
f 1399/4998/9243 1434/5000/9245 1312/4835/8860
f 1399/4998/9243 1590/4833/8858 1426/5001/9246
f 1399/4998/9243 1426/5001/9246 1434/5000/9245
f 1312/4835/8860 1434/5000/9245 1392/5002/9247
f 1312/4835/8860 1392/5002/9247 1210/4999/9244
f 1210/4999/9244 1392/5002/9247 1323/5003/9248
f 1392/5002/9247 1366/5004/9249 1323/5003/9248
f 1323/5003/9248 1366/5004/9249 1345/5005/9250
f 1322/5006/9251 1323/5003/9248 1345/5005/9250
f 1341/5007/9252 1322/5006/9251 1345/5005/9250
f 1349/5008/9253 1341/5007/9252 1376/5009/9254
f 1376/5009/9254 1341/5007/9252 1345/5005/9250
f 1266/5010/9255 1424/5011/9256 1488/5012/9257
f 1602/5013/9258 1435/5014/9259 1578/5015/9260
s 0
f 1578/5015/9261 1435/5014/9262 1488/5012/9263
s 1
f 1488/5012/9257 1424/5011/9256 1578/5015/9260
f 1424/5011/9256 1604/5016/9264 1578/5015/9260
f 1462/5017/9265 1424/5011/9256 1349/5008/9253
f 1604/5016/9264 1630/5018/9266 1864/5019/6484
f 1630/5018/9266 1604/5016/9264 1424/5011/9256
f 1630/5018/9266 1658/5020/9267 1794/5021/6466
f 1794/5022/6466 1658/5020/9267 1670/5023/9268
f 1794/5022/6466 1670/5023/9268 1736/5024/6463
f 1670/5023/9268 1652/5025/9269 1736/5024/6463
f 1736/5024/6463 1652/5025/9269 1761/5026/6462
f 1761/5026/6462 1652/5025/9269 1717/5027/9270
f 1734/5028/6460 1761/5026/6462 1717/5027/9270
f 1734/5028/6460 1715/5029/9271 1965/5030/6457
f 1965/5030/6457 1715/5029/9271 1814/5031/9272
f 2127/5032/6455 1965/5030/6457 1814/5031/9272
f 2127/5032/6455 1827/5033/6454 2141/5034/6453
f 1814/5031/9272 1827/5033/6454 2127/5032/6455
f 1827/5033/6454 1963/4614/8486 2134/4616/6452
f 1989/4641/9273 1978/4617/9274 1844/5035/9275
f 2087/4642/8546 2049/4640/8539 1989/4641/9273
f 1989/4641/9273 2059/5036/9276 2087/4642/8546
f 2087/4642/8546 2059/5036/9276 2032/5037/9277
f 2087/4642/8546 2032/5037/9277 2090/4632/8534
f 2090/4632/8534 1915/5038/9278 2077/4638/8533
f 2090/4632/8534 2032/5037/9277 1915/5038/9278
f 2077/4638/8533 1915/5038/9278 1947/5039/9279
f 1973/4637/9280 2077/4638/9281 1992/5040/9282
f 1949/5041/9283 1973/4637/9280 1992/5040/9282
s 0
f 1886/4643/9284 1973/4637/9285 1749/5042/9286
s 1
f 1886/4643/9287 1749/5042/9288 1802/5043/9289
s 0
f 1886/4643/9290 1802/5043/9291 1861/4647/9292
s 1
f 1795/4646/8558 1861/4647/8559 1802/5043/9289
s 0
f 1856/4648/9293 1795/4646/9294 1750/5044/9295
s 1
f 1750/5044/9296 1795/4646/8558 1802/5043/9289
f 1750/5044/9296 1802/5043/9289 1624/5045/9297
f 1624/5045/9297 1802/5043/9289 1654/5046/9298
f 1654/5046/9298 1802/5043/9289 1749/5042/9288
f 1851/5047/9299 1853/5048/9300 1771/5049/9301
f 1992/5040/9282 1851/5047/9299 1949/5041/9283
f 1851/5047/9299 1801/5050/9302 1949/5041/9283
s 0
f 1973/4637/9303 1949/5041/9304 1801/5050/9305
s 1
f 1973/4637/9306 1801/5050/9307 1749/5042/9288
f 270/4410/8167 339/5051/8925 257/4883/8962
f 319/5052/9308 257/4883/8962 361/5053/8926
s 0
f 240/5054/9309 286/5055/9310 293/5056/9311
f 175/4226/9312 317/5057/9313 284/5058/9314
s 1
f 284/5058/8115 258/4233/7858 141/4224/7843
f 284/5058/8115 141/4224/7843 175/4226/7844
f 317/5057/9315 175/4226/7844 213/4227/7847
f 240/5054/9316 293/5056/9317 156/4221/9318
f 286/5055/9319 240/5054/9316 149/4219/9320
s 0
f 286/5055/9321 149/4219/9322 253/5059/9323
s 1
f 240/5054/9316 156/4221/9318 149/4219/9320
f 294/5060/9067 200/5061/9324 162/4967/9179
f 162/4967/9179 217/4966/9178 294/5060/9067
f 294/5060/9067 217/4966/9178 319/5052/8924
s 0
f 319/5052/9325 217/4966/9326 257/4883/9327
s 1
f 4147/4766/8754 4099/4764/8753 4032/5062/6937
f 4147/4766/8754 4032/5062/6937 4042/5063/9105
f 4042/5063/9105 3942/5064/9101 4124/4767/8755
f 4042/5063/9105 4124/4767/8755 4147/4766/8754
f 4096/4437/8215 4104/5065/8977 3969/4442/8216
f 3969/4442/8216 4104/5065/8977 3994/5066/9328
f 4104/5065/8977 4105/5067/8976 3994/5066/9328
f 4085/5068/8982 4039/5069/8983 4025/5070/9329
f 4019/5071/9330 3919/4465/8271 3961/4466/8279
f 3919/4465/8271 4019/5071/9330 3896/4464/8270
f 4019/5071/9330 4025/5070/9329 3896/4464/8270
f 3896/4464/8270 4025/5070/9329 3753/4461/8267
f 3753/4461/8267 4025/5070/9329 3875/5072/9331
f 3753/4461/8267 3875/5072/9331 3836/4463/8269
f 3836/4463/8269 3875/5072/9331 3876/5073/9332
s 0
f 3838/5074/9333 3836/4463/9334 3876/5073/9335
s 1
f 3857/5075/9336 3838/5074/9337 3876/5073/9332
f 3875/5072/9331 3991/5076/9338 3876/5073/9332
f 4025/5070/9329 4024/5077/9339 3875/5072/9331
f 3991/5076/9338 3875/5072/9331 4024/5077/9339
f 3876/5073/9332 3991/5076/9338 3999/5078/9340
f 3876/5073/9332 3999/5078/9340 3930/5079/9341
f 3930/5079/9341 3999/5078/9340 3917/5080/9342
s 0
f 3884/5081/9343 3930/5079/9344 3917/5080/9344
s 1
f 3857/5075/9336 3876/5073/9332 3930/5079/9341
f 3857/5075/9336 3930/5079/9341 3884/5081/9345
s 0
f 3884/5081/9346 3917/5080/9347 3943/5082/9348
f 3943/5082/9349 3917/5080/9350 3988/3681/9349
s 1
f 3914/3687/6850 3929/5083/9351 3985/3677/6835
f 3929/5083/9351 3914/3687/6850 3826/5084/9352
f 3826/5084/9352 3914/3687/6850 3907/5085/9353
f 3808/5086/9354 3826/5084/9352 3907/5085/9353
s 0
f 3854/5087/9355 3808/5086/9356 3902/5088/9357
f 3902/5088/9358 3808/5086/9359 3907/5085/9360
s 1
f 3854/5087/9361 3902/5088/9362 3837/5089/9363
s 0
f 3837/5089/9364 3902/5088/9365 3874/3686/9366
s 1
f 3907/5085/9353 3914/3687/6850 4006/3673/6827
f 3902/5088/9367 3907/5085/9353 4006/3673/6827
f 4006/3673/6827 3951/3682/6840 3902/5088/9367
f 3902/5088/9367 3951/3682/6840 3874/3686/9368
f 836/4961/9166 820/4960/8828 897/5090/8830
f 882/4963/8836 836/4961/9166 897/5090/8830
f 882/4963/8836 897/5090/8830 896/5091/8834
s 0
f 795/4964/9369 866/4965/9370 884/5092/9371
f 776/4707/9372 795/4964/9373 718/4708/9374
f 718/4708/9375 795/4964/9376 884/5092/9377
s 1
f 805/4718/8683 722/4715/8680 749/4711/8678
f 763/4710/8677 898/5093/9378 749/4711/8678
f 749/4711/8678 898/5093/9378 805/4718/8683
s 0
f 898/5093/9379 763/4710/9380 907/5094/9381
s 1
f 718/4708/9382 907/5094/9383 763/4710/9384
f 744/4716/8681 781/4717/8682 774/5095/9385
f 744/4716/8681 774/5095/9385 757/4721/8684
s 0
f 790/4722/9386 808/5096/9387 789/4728/9388
s 1
f 732/4726/8694 831/5097/9389 813/5098/9390
f 732/4726/8694 773/4729/8697 831/5097/9389
f 742/2844/5586 732/4726/8694 813/5098/9390
f 742/2844/5586 813/5098/9390 830/4730/8699
f 830/4730/8699 813/5098/9390 843/4731/8700
f 783/4732/8701 843/4731/8700 890/5099/9391
f 890/5099/9391 843/4731/8700 813/5098/9390
s 0
f 839/5100/9392 831/5097/9393 773/4729/9394
s 1
f 839/5100/9395 773/4729/8697 789/4728/8696
f 789/4728/8696 808/5096/9396 892/5101/9397
f 808/5096/9396 790/4722/9398 903/5102/9399
f 903/5102/9399 790/4722/9398 757/4721/8684
f 903/5102/9399 757/4721/8684 774/5095/9385
s 0
f 818/5103/9400 781/4717/9401 805/4718/9402
f 781/4717/9403 818/5103/9404 940/5104/9405
s 1
f 781/4717/8682 940/5104/9406 774/5095/9385
f 818/5103/9407 805/4718/8683 898/5093/9378
f 718/4708/9382 884/5092/9408 907/5094/9383
f 866/4965/9169 794/4962/9167 853/5105/8838
f 853/5105/8838 882/4963/8836 944/5106/8835
f 882/4963/8836 853/5105/8838 794/4962/9167
f 3095/4968/6681 3032/4917/6680 3106/4912/9027
f 25/5107/9131 3018/5108/9409 3070/4971/9194
f 3018/5108/9409 3026/4972/9195 3070/4971/9194
s 0
f 3070/4971/9410 3055/5109/9411 3050/5110/9412
s 1
f 3060/5111/6699 3050/5110/9413 3055/5109/9414
f 3060/5111/6699 3055/5109/9414 3143/5112/9415
f 3056/5113/9416 3060/5111/6699 3143/5112/9415
s 0
f 3055/5109/9417 3112/4973/9418 3219/5114/9418
s 1
f 3219/5114/9419 3112/4973/9196 3123/4974/9197
f 422/4364/8097 497/4867/8923 425/4361/8098
f 3547/5115/9420 3441/4154/7730 3424/4156/7732
f 3547/5115/9420 3548/3923/7312 3441/4154/7730
f 3614/3921/7308 3548/3923/7312 3547/5115/9420
f 3614/3921/7308 3547/5115/9420 3625/5116/9421
f 3561/5117/9422 3547/5115/9420 3448/4160/7739
f 3561/5117/9422 3448/4160/7739 3454/4161/7740
f 3561/5117/9422 3454/4161/7740 3607/5118/9423
f 3741/5119/6767 3537/5120/9424 3536/5121/9425
f 3537/5120/9424 3741/5119/6767 3607/5118/9423
s 0
f 3607/5118/9426 3707/5122/9427 3685/5123/9427
f 3625/5116/9428 3607/5118/9429 3685/5123/9430
s 1
f 3625/5116/9421 3685/5123/6760 3715/3920/6762
f 3715/3920/6762 3614/3921/7308 3625/5116/9421
f 3561/5117/9422 3607/5118/9423 3625/5116/9421
f 3625/5116/9421 3547/5115/9420 3561/5117/9422
f 3969/4442/8216 3994/5066/9328 3961/4466/9431
s 0
f 3961/4466/9432 3994/5066/9433 4019/5071/9434
s 1
f 4085/5068/8982 4025/5070/9329 4019/5071/9330
s 0
f 4085/5068/9435 4019/5071/9436 4065/5124/9437
s 1
f 4105/5067/8976 4065/5124/8981 4019/5071/9438
f 4105/5067/8976 4019/5071/9438 3994/5066/9328
f 4224/4892/8980 4227/5125/9439 4039/4896/8983
f 4039/4896/8983 4227/5125/9439 4174/5126/9440
f 4094/5127/9441 4039/4896/8983 4174/5126/9440
s 0
f 4174/5126/9442 4193/5128/9443 4094/5127/9444
s 1
f 4090/5129/6837 4100/5130/9445 4098/5131/6836
f 4098/5131/6836 4100/5130/9445 4199/5132/9446
f 4100/5130/9445 4074/5133/9447 4192/5134/9448
f 4192/5134/9448 4074/5133/9447 4193/5128/9449
f 4234/5135/9450 4193/5128/9449 4174/5126/9440
f 4193/5128/9449 4074/5133/9447 4079/5136/9451
f 4166/4494/8321 4147/4766/8754 4156/4496/8323
f 4143/4769/8757 4175/4498/9452 4137/4497/8327
f 4175/4498/9452 4143/4769/8757 4222/4771/8758
s 0
f 4131/4772/9453 4172/4528/9454 4208/4527/9455
s 1
f 4131/4772/8759 4208/4527/8384 4222/4771/8758
f 4239/3954/7378 4175/4498/9452 4222/4771/8758
f 4279/3959/7383 4222/4771/8758 4208/4527/8384
f 533/4359/8085 535/4357/8082 497/4867/8923
f 533/4359/8085 497/4867/8923 458/4360/8086
f 544/4355/8077 497/4867/8923 535/4357/8082
f 544/4355/8077 425/4361/8098 497/4867/8923
f 503/4367/8101 508/4350/8071 550/4349/8070
s 0
f 444/4368/9456 550/4349/9457 547/4351/9458
s 1
f 550/4349/8070 444/4368/9459 503/4367/8101
f 444/4368/9460 547/4351/8072 409/4373/8113
f 450/5137/9461 409/4373/8113 547/4351/8072
f 547/4351/8072 568/3791/7051 450/5137/9461
f 568/3791/7051 547/4351/8072 586/3790/7049
f 450/5137/9461 568/3791/7051 492/5138/9462
f 492/5138/9462 568/3791/7051 611/3777/7018
f 611/3777/7018 498/5139/9463 492/5138/9462
f 409/4373/8113 450/5137/9461 452/5140/9464
f 444/4368/9460 409/4373/8113 399/4370/8112
f 419/4866/8922 448/4111/7635 458/4360/8086
f 419/4866/8922 458/4360/8086 497/4867/8923
f 3076/4017/7460 3122/4029/7475 3170/4028/7474
f 3155/5141/9465 3122/4029/7475 3015/4942/7819
s 0
f 3198/5142/9466 3075/4930/9467 3167/4941/9468
s 1
f 3167/4941/9093 3091/4931/9086 3089/4935/9087
f 3089/4935/9087 3067/4937/9089 3157/5143/9469
s 0
f 3167/4941/9470 3089/4935/9471 3157/5143/9472
s 1
f 3167/4941/9473 3157/5143/9469 3203/5144/9474
f 3198/5142/9475 3167/4941/9473 3203/5144/9474
f 3218/5145/9476 3157/5143/9469 3116/4939/9477
f 3280/5146/9478 3157/5143/9469 3218/5145/9476
f 3157/5143/9469 3280/5146/9478 3290/5147/9479
f 3218/5145/9476 3244/5148/9480 3280/5146/9478
f 3240/5149/9481 3244/5148/9480 3218/5145/9476
f 3240/5149/9481 3218/5145/9476 3154/5150/9482
s 0
f 3260/5151/9483 3240/5149/9484 3252/5152/9485
f 3295/5153/9486 3290/5147/9487 3280/5146/9488
s 1
f 3302/5154/9489 3295/5153/7907 3244/5148/9480
f 3280/5146/9478 3244/5148/9480 3295/5153/7907
s 0
f 3240/5149/9490 3381/5155/9491 3244/5148/9492
s 1
f 3381/5155/9493 3240/5149/9494 3260/5151/9495
f 3230/5156/9496 3260/5151/9495 3252/5152/9497
f 3230/5156/9496 3279/5157/9498 3260/5151/9495
s 0
f 3279/5157/9499 3230/5156/9499 3270/5158/9500
s 1
f 3286/5159/9501 3279/5157/9502 3270/5158/9503
f 3286/5159/9501 3270/5158/9503 3212/5160/9504
s 0
f 3270/5158/9505 3230/5156/9506 3152/5161/9507
s 1
f 3270/5158/9503 3152/5161/9508 3212/5160/9504
f 3111/5162/9509 3230/5156/9496 3252/5152/9497
s 0
f 3154/5150/9510 3252/5152/9511 3240/5149/9512
f 3154/5150/9513 3218/5145/9514 3116/4939/9515
s 1
f 3154/5150/9516 3174/5163/9517 3252/5152/9518
s 0
f 3111/5162/9519 3252/5152/9520 3174/5163/9521
f 3230/5156/9522 3111/5162/9523 3152/5161/9524
s 1
f 3015/4942/7819 3166/5164/9525 3155/5141/9465
f 3166/5164/9525 3015/4942/7819 3110/4928/9078
f 3075/4930/9079 3198/5142/9475 3110/4928/9078
f 3166/5164/9525 3110/4928/9078 3198/5142/9475
f 3222/4026/7472 3122/4029/7475 3155/5141/9465
f 3155/5141/9465 3166/5164/9525 3289/5165/7903
f 3289/5165/7903 3166/5164/9525 3198/5142/9475
f 3290/5147/9479 3203/5144/9474 3157/5143/9469
s 0
f 3155/5141/9526 3289/5165/9527 3258/5166/9528
s 1
f 3289/5165/7903 3198/5142/9475 3282/5167/7906
f 3282/5167/7906 3198/5142/9475 3203/5144/9474
s 0
f 3282/5167/9529 3203/5144/9530 3290/5147/9531
s 1
f 3222/4026/9532 3258/5166/7748 3372/4038/7741
s 0
f 3258/5166/9533 3222/4026/9534 3155/5141/9535
s 1
f 3282/5167/7906 3290/5147/7908 3303/5168/7905
s 0
f 3547/5115/9536 3424/4156/9537 3448/4160/9538
s 1
f 3505/4257/7918 3423/4242/9539 3421/4253/7912
f 3537/5120/9424 3423/4242/9539 3505/4257/7918
f 3423/4242/9539 3537/5120/9424 3454/4161/7740
f 3607/5118/9423 3454/4161/7740 3537/5120/9424
f 3536/5121/9425 3505/4257/7918 3497/4258/7919
f 3477/4252/7911 3452/4254/7913 3497/4258/7919
f 3497/4258/7919 3452/4254/7913 3595/5169/9540
f 3537/5120/9424 3505/4257/7918 3536/5121/9425
s 0
f 3497/4258/9541 3595/5169/9542 3616/5170/9543
s 1
f 3497/4258/7919 3616/5170/9544 3674/5171/9545
f 3497/4258/7919 3674/5171/9545 3536/5121/9425
f 3674/5171/9545 3616/5170/9544 3724/5172/9546
f 3536/5121/9425 3674/5171/9545 3719/5173/9547
f 3607/5118/9423 3741/5119/6767 3707/5122/6763
f 3669/4903/9004 3691/4955/8264 3566/4904/9005
f 4137/4497/8327 4175/4498/9452 4246/3950/7371
f 4239/3954/7378 4263/3953/7374 4175/4498/9452
f 4279/3959/7383 4239/3954/7378 4222/4771/8758
f 3110/4928/9078 3015/4942/7819 3014/4929/7827
f 3015/4942/7819 78/5174/7808 93/5175/7809
f 3014/4929/7827 3015/4942/7819 93/5175/7809
f 95/4933/7820 3075/4930/9079 3014/4929/7827
f 3499/4067/7529 3396/4068/7533 3532/4905/9006
f 3532/4905/9006 3563/4906/9007 3499/4067/7529
f 3546/4294/7983 3563/4906/9007 3647/4907/9008
f 4137/4497/8327 4156/4496/8323 4124/4767/8755
f 4291/4919/9048 4323/3883/7245 4423/4676/8634
f 4423/4676/8634 4323/3883/7245 4362/3884/7246
f 4291/4919/9048 4413/4677/8635 4336/4683/8646
f 4291/4919/9048 4423/4676/8634 4413/4677/8635
f 4445/5176/9548 4447/3842/9549 4337/5177/9550
f 4445/5176/9548 4415/5178/9551 4381/5179/9552
f 4415/5178/9551 4445/5176/9548 4378/5180/9553
f 4378/5180/9553 4377/5181/9554 4415/5178/9551
s 0
f 4415/5178/9555 4377/5181/9556 4381/5179/9557
f 4447/3842/9558 4445/5176/9559 4444/5182/9560
s 1
f 4444/5182/9561 4445/5176/9548 4381/5179/9552
s 0
f 4447/3842/9562 4444/5182/9562 4392/5183/9563
s 1
f 4380/5184/9564 4444/5182/9561 4381/5179/9552
s 0
f 4444/5182/9565 4380/5184/9566 4334/5185/9567
f 4353/5186/9568 4381/5179/9569 4377/5181/9570
f 4380/5184/9571 4381/5179/9572 4353/5186/9573
f 4317/4508/9574 4353/5186/9575 4377/5181/9576
s 1
f 4377/5181/9554 4328/4506/8341 4317/4508/8343
s 0
f 4353/5186/9577 4317/4508/9578 4226/4509/9579
f 4353/5186/9580 4226/4509/9581 4380/5184/9582
f 4380/5184/9583 4226/4509/9584 4269/5187/9585
f 4380/5184/9586 4269/5187/9587 4183/5188/9588
f 4226/4509/9589 4136/4516/9590 4269/5187/9591
s 1
f 4152/4513/8348 4252/4510/8345 4268/4505/8340
f 822/3223/6183 860/4733/8702 791/3219/6171
f 822/3223/6183 847/5189/9592 860/4733/8702
f 860/4733/8702 847/5189/9592 902/3216/6168
f 902/3216/6168 847/5189/9592 889/4734/8703
f 847/5189/9592 822/3223/6183 780/2840/5582
f 847/5189/9592 780/2840/5582 889/4734/8703
s 0
f 888/5190/9593 783/4732/9594 890/5099/9595
s 1
f 889/4734/8703 780/2840/5582 783/4732/8701
f 888/5190/9596 889/4734/8703 783/4732/8701
s 0
f 890/5099/9597 813/5098/9598 959/5191/9599
f 890/5099/9600 959/5191/9601 980/3214/9602
s 1
f 890/5099/9603 980/3214/9604 888/5190/9596
f 889/4734/8703 888/5190/9596 966/3215/6161
f 888/5190/9596 980/3214/9604 966/3215/6161
f 959/5191/9605 813/5098/9390 831/5097/9389
f 959/5191/9605 831/5097/9389 920/5192/9606
f 920/5192/9606 831/5097/9389 839/5100/9395
f 3106/4912/9027 3188/4144/7708 3202/3857/7187
f 3106/4912/9607 3261/3859/7178 3129/3864/7186
s 0
f 3261/3859/9608 3106/4912/9609 3202/3857/9610
s 1
f 3136/4969/9193 3129/3864/7186 3330/3860/7185
f 3226/5193/9611 3278/3862/9612 3271/3863/9613
f 3219/5114/9419 3278/3862/9612 3226/5193/9611
s 0
f 3219/5114/9614 3226/5193/9615 3153/5194/9616
s 1
f 3153/5194/9617 3226/5193/9618 3262/5195/9619
s 0
f 3153/5194/9620 3272/5196/9621 3233/5197/9622
f 3153/5194/9623 3262/5195/9624 3272/5196/9625
f 3309/5198/9626 3262/5195/9627 3226/5193/9628
f 3309/5198/9629 3226/5193/9630 3271/3863/9631
f 2501/3373/9632 2346/3452/9633 2330/3450/9634
s 1
f 2464/3382/6383 2501/3373/6371 2330/3450/6477
f 4124/4767/8755 3942/5199/9101 4114/4768/8756
f 4114/4768/8756 4058/4774/8760 4143/4769/8757
f 4224/4892/8980 4264/4891/8979 4336/4683/8646
f 4238/5200/9635 4174/5126/9440 4227/5125/9439
f 4193/5128/9449 4234/5135/9450 4214/5201/9636
s 0
f 4192/5134/9637 4214/5201/9638 4216/5202/9639
f 4199/5132/9640 4216/5202/9641 4258/5203/9642
f 4258/5203/9643 4216/5202/9644 4327/5204/9645
s 1
f 4216/5202/9646 4304/5205/9647 4306/5206/9648
s 0
f 4327/5204/9649 4216/5202/9650 4306/5206/9651
s 1
f 4214/5201/9636 4260/5207/9652 4304/5205/9647
f 4238/5200/9635 4260/5207/9652 4234/5135/9450
f 4327/5204/9653 4382/5208/9654 4284/5209/9655
f 4284/5209/9655 4382/5208/9654 4237/5210/9656
f 4237/5210/9656 4379/5211/9657 4183/5188/9658
f 4382/5208/9654 4379/5211/9657 4237/5210/9656
f 4379/5211/9657 4334/5185/9659 4183/5188/9658
f 4380/5184/9660 4183/5188/9658 4334/5185/9659
f 4392/5183/9661 4379/5211/9657 4382/5208/9654
f 4444/5182/9662 4334/5185/9659 4397/5212/9663
f 4444/5182/9662 4397/5212/9663 4392/5183/9661
s 0
f 4447/3842/9664 4392/5183/9664 4462/5213/9664
s 1
f 4462/5213/9665 4392/5183/9661 4405/5214/9666
s 0
f 4463/3228/9667 4447/3842/9667 4467/4678/9667
f 4467/4678/9668 4447/3842/9668 4462/5213/9668
f 4467/4678/9669 4462/5213/9669 4434/5215/9669
f 4434/5215/9670 4462/5213/9670 4358/5216/9671
s 1
f 4306/5206/9672 4462/5213/9665 4405/5214/9666
f 4405/5214/9666 4327/5204/9653 4306/5206/9672
s 0
f 4358/5216/9673 4306/5206/9674 4351/5217/9675
f 4306/5206/9676 4358/5216/9677 4462/5213/9678
s 1
f 4358/5216/9679 4351/5217/9680 4434/5215/9681
f 4396/5218/9682 4467/4678/8641 4434/5215/9681
f 4396/5218/9682 4434/5215/9681 4351/5217/9680
f 4396/5218/9682 4351/5217/9680 4361/5219/9683
f 4361/5219/9683 4431/4680/8642 4396/5218/9682
f 4396/5218/9682 4431/4680/8642 4467/4678/8641
s 0
f 4431/4680/9684 4361/5219/9685 4352/4681/9686
f 4352/4681/9687 4361/5219/9687 4260/5207/9687
f 4260/5207/9688 4361/5219/9689 4304/5205/9690
f 4361/5219/9691 4351/5217/9692 4304/5205/9693
s 1
f 4327/5204/9653 4405/5214/9666 4382/5208/9654
f 4334/5185/9659 4379/5211/9657 4397/5212/9663
f 4397/5212/9663 4379/5211/9657 4392/5183/9661
f 4392/5183/9661 4382/5208/9654 4405/5214/9666
f 4336/4683/8646 4273/5220/9694 4224/4892/8980
f 4352/4681/8643 4238/5200/9635 4273/5220/9694
f 4343/4682/8644 4273/5220/9694 4336/4683/8646
f 4273/5220/9694 4343/4682/8644 4352/4681/8643
f 4238/5200/9635 4352/4681/8643 4260/5207/9652
f 4306/5206/9648 4304/5205/9647 4351/5217/9695
f 4417/3942/7362 4411/3944/7364 4341/3951/7372
f 4417/3942/7362 4341/3951/7372 4433/3940/7360
f 4454/3941/9696 4433/3940/7360 4349/3952/7373
f 4454/3941/9696 4349/3952/7373 4335/3955/7379
f 4454/3941/9696 4335/3955/7379 4484/3957/7381
f 2025/4308/7987 2016/4316/8008 1981/4317/8009
f 1987/3184/7988 1981/4317/8009 1845/3175/9697
f 1845/3175/9697 1981/4317/8009 1880/3176/9698
f 1840/3155/6031 1981/4317/8009 2016/4316/8008
f 2016/4316/8008 1881/3148/6021 1840/3155/6031
f 1881/3148/6021 1870/3149/6025 1840/3155/6031
f 1981/4317/8009 1840/3155/6031 1880/3176/9698
f 356/3975/7401 281/3974/6599 269/3977/6602
s 0
f 256/3978/9699 269/3977/9700 277/5221/9701
f 297/3979/9702 287/5222/9703 296/3982/9704
f 376/4390/9705 288/4384/9706 298/4383/9707
s 1
f 380/4388/8129 299/4382/6629 321/4380/6633
f 124/4214/7823 200/5061/9324 253/5059/9708
f 200/5061/9324 124/4214/7823 122/4213/7822
f 124/4214/7823 253/5059/9708 149/4219/7832
f 213/4227/7847 175/4226/7844 168/4222/7845
f 133/4202/7821 157/4201/7807 162/4967/9179
f 122/4213/7822 133/4202/7821 200/5061/9324
f 200/5061/9324 133/4202/7821 162/4967/9179
f 3836/4463/8269 3622/5223/7982 3748/4462/8268
f 3622/5223/7982 3760/5224/9709 3662/5225/7980
f 3662/5225/7980 3760/5224/9709 3725/5226/7981
s 0
f 3700/5227/9710 3725/5226/9711 3720/5228/9712
s 1
f 3700/5227/9713 3720/5228/9714 3652/5229/9715
f 3652/5229/9715 3720/5228/9714 3804/5230/9716
f 3720/5228/9717 3725/5226/7981 3857/5075/9336
f 3857/5075/9336 3725/5226/7981 3760/5224/9709
s 0
f 3804/5230/9718 3819/5231/9719 3839/5232/9720
s 1
f 3804/5230/9716 3839/5232/9721 3759/5233/9722
f 3804/5230/9716 3759/5233/9722 3652/5229/9715
f 3759/5233/9722 3770/5234/9723 3738/5235/9724
f 3738/5236/9724 3770/5234/9723 3701/5237/9725
s 0
f 3713/5238/9726 3635/5239/9727 3689/5240/9728
s 1
f 3635/5241/9729 3713/5238/9730 3726/5242/9731
f 3644/5243/9732 3726/5242/9731 3814/3695/6870
s 0
f 3713/5238/9733 3689/5240/9734 3761/5244/9735
s 1
f 3689/5240/9736 3701/5237/9725 3761/5244/9737
f 3770/5234/9723 3759/5233/9722 3826/5084/9352
f 3826/5084/9352 3759/5233/9722 3839/5232/9721
f 3770/5234/9723 3826/5084/9352 3808/5086/9354
f 3826/5084/9352 3839/5232/9721 3929/5083/9351
f 3929/5083/9351 3839/5232/9721 3819/5231/9738
f 3819/5231/9738 3804/5230/9716 3884/5081/9739
f 3804/5230/9716 3720/5228/9714 3884/5081/9739
s 0
f 3720/5228/9740 3857/5075/9741 3884/5081/9742
s 1
f 3819/5231/9738 3884/5081/9739 3943/5082/9743
f 3819/5231/9738 3943/5082/9743 3929/5083/9351
f 4224/4892/8980 4273/5220/9694 4227/5125/9439
f 4227/5125/9439 4273/5220/9694 4238/5200/9635
f 4234/5135/9450 4260/5207/9652 4214/5201/9636
f 4174/5126/9440 4238/5200/9635 4234/5135/9450
f 1503/4854/9206 1585/5245/9744 1423/4979/9208
f 1585/5245/9744 1503/4854/9206 1701/4978/9205
s 0
f 1585/5245/9745 1701/4978/9746 1646/5246/9747
s 1
f 1646/5246/9748 1667/5247/9749 1585/5245/9744
f 1585/5245/9744 1667/5247/9749 1624/5045/9297
f 1624/5045/9297 1667/5247/9749 1750/5044/9296
f 1749/5042/9288 1801/5050/9307 1654/5046/9298
s 0
f 1654/5046/9750 1801/5050/9751 1656/5248/9752
f 1654/5046/9753 1656/5248/9754 1556/5249/9755
s 1
f 1801/5050/9302 1851/5047/9299 1656/5248/9756
f 1851/5047/9299 1771/5049/9301 1651/5250/9757
f 1656/5248/9756 1851/5047/9299 1559/5251/9758
f 1559/5251/9758 1851/5047/9299 1651/5250/9757
f 1651/5250/9757 1771/5049/9301 1774/5252/9759
f 1774/5252/9760 1615/5253/9761 1538/5254/9762
f 1615/5253/9761 1774/5252/9760 1799/5255/9763
s 0
f 1799/5255/9764 1774/5252/9765 1771/5049/9766
f 1853/5048/9767 1799/5255/9768 1771/5049/9769
s 1
f 1853/5048/9300 1851/5047/9299 1992/5040/9282
s 0
f 1992/5040/9770 2077/4638/9771 1947/5039/9772
s 1
f 1992/5040/9282 1947/5039/9279 1853/5048/9300
f 1853/5048/9300 1947/5039/9279 1799/5255/9763
f 1947/5039/9279 1915/5038/9278 1799/5255/9763
f 2032/5037/9277 2059/5036/9276 2012/5256/9773
f 2032/5037/9277 2012/5256/9773 1915/5038/9278
f 1915/5038/9278 2012/5256/9773 1931/5257/9774
f 1893/5258/9775 1915/5038/9278 1931/5257/9774
f 1799/5255/9763 1915/5038/9278 1893/5258/9775
f 1893/5258/9775 1931/5257/9774 1811/5259/9776
f 1931/5257/9774 1898/5260/9777 1811/5259/9776
f 1738/5261/9778 1898/5260/9777 1989/4641/9273
f 1738/5261/9778 1989/4641/9273 1844/5035/9275
f 1738/5261/9778 1610/5262/9779 1898/5260/9777
f 1738/5261/9778 1709/4997/9239 1644/5263/9780
f 1644/5263/9780 1709/4997/9239 1457/4994/9236
f 1709/4997/9239 1738/5261/9778 1787/5264/9781
s 0
f 1787/5264/9782 1738/5261/9783 1844/5035/9784
f 1844/5035/9785 1978/4617/9786 2055/4615/9787
s 1
f 1787/5264/9781 1858/5265/9788 1709/4997/9239
f 1858/5265/9788 1787/5264/9781 1844/5035/9789
f 1844/5035/9789 2055/4615/8487 1858/5265/9788
f 2055/4615/8487 1963/4614/8486 1858/5265/9788
f 1963/4614/8486 1827/5033/6454 1762/5266/9790
f 1827/5033/6454 1674/5267/9791 1762/5266/9790
f 1674/5267/9791 1827/5033/6454 1814/5031/9272
f 1963/4614/8486 1762/5266/9790 1858/5265/9788
f 1687/5268/9792 1762/5266/9790 1674/5267/9791
f 1715/5029/9271 1734/5028/6460 1717/5027/9270
f 1715/5029/9271 1664/5269/9793 1814/5031/9272
f 1674/5267/9791 1814/5031/9272 1664/5269/9793
f 1687/5268/9792 1858/5265/9788 1762/5266/9790
s 0
f 1858/5265/9794 1687/5268/9795 1569/4991/9796
s 1
f 1709/4997/9239 1858/5265/9788 1569/4991/9797
f 1644/5263/9780 1457/4994/9236 1416/4996/9238
f 1416/4996/9238 1480/5270/9798 1644/5263/9780
f 1738/5261/9778 1644/5263/9780 1610/5262/9779
f 1610/5262/9779 1643/5271/9799 1697/5272/9800
f 1610/5262/9779 1697/5272/9800 1769/5273/9801
f 1898/5260/9777 1610/5262/9779 1769/5273/9801
f 1811/5259/9776 1898/5260/9777 1769/5273/9801
f 1769/5273/9801 1615/5253/9761 1893/5258/9775
s 0
f 1769/5273/9802 1697/5272/9803 1615/5253/9804
s 1
f 1697/5272/9800 1643/5271/9799 1615/5253/9761
f 1643/5271/9799 1610/5262/9779 1575/5274/9805
f 1643/5271/9799 1575/5274/9805 1581/5275/9806
f 1610/5262/9779 1644/5263/9780 1480/5270/9798
f 1480/5270/9798 1575/5274/9805 1610/5262/9779
f 1480/5270/9798 1416/4996/9238 1492/5276/9807
f 1416/4996/9238 1360/4995/9237 1492/5276/9807
s 0
f 1360/4995/9808 1440/4986/9809 1492/5276/9810
s 1
f 1581/5275/9806 1492/5276/9807 1440/4986/9222
f 1492/5276/9807 1581/5275/9806 1575/5274/9805
f 1492/5276/9807 1575/5274/9805 1480/5270/9798
f 1581/5275/9806 1440/4986/9222 1528/5277/9811
f 1528/5277/9811 1440/4986/9222 1327/4984/9220
f 1393/5278/9812 1327/4984/9220 1216/4842/8867
f 1393/5278/9812 1216/4842/8867 1412/5279/9813
f 1412/5279/9813 1216/4842/8867 1118/4840/8865
f 1412/5279/9813 1118/4840/8865 1295/4983/9219
f 1311/4982/9218 1295/4983/9219 1114/4843/8868
f 1310/4853/8893 1409/4980/9212 1186/4852/8888
s 0
f 1409/4980/9814 1297/5280/9815 1186/4852/9816
s 1
f 1159/4851/8887 1186/4852/8888 1297/5280/9817
f 1159/4851/8887 1297/5280/9817 1454/5281/9818
s 0
f 1180/4981/9819 1159/4851/9820 1454/5281/9821
s 1
f 1180/4981/9822 1454/5281/9823 1443/5282/9824
s 0
f 1436/5283/9825 1409/4980/9826 1423/4979/9827
s 1
f 1436/5283/9828 1423/4979/9208 1585/5245/9744
f 1585/5245/9744 1624/5045/9297 1436/5283/9828
f 1436/5283/9828 1624/5045/9297 1477/5284/9829
f 1559/5251/9758 1556/5249/9830 1656/5248/9756
f 1522/5285/9831 1556/5249/9830 1559/5251/9758
f 1556/5249/9830 1522/5285/9831 1458/5286/9832
f 1556/5249/9830 1454/5281/9823 1654/5046/9833
s 0
f 1654/5046/9834 1454/5281/9835 1624/5045/9836
s 1
f 1624/5045/9297 1454/5281/9818 1477/5284/9829
f 1409/4980/9837 1436/5283/9828 1477/5284/9829
f 1297/5280/9817 1409/4980/9837 1477/5284/9829
f 1443/5282/9824 1454/5281/9823 1556/5249/9830
f 1477/5284/9829 1454/5281/9818 1297/5280/9817
f 1443/5282/9824 1556/5249/9830 1458/5286/9832
f 1522/5285/9831 1311/4982/9218 1458/5286/9832
s 0
f 1443/5282/9838 1458/5286/9839 1311/4982/9840
f 1180/4981/9841 1443/5282/9842 1311/4982/9843
s 1
f 1295/4983/9219 1311/4982/9218 1522/5285/9831
f 1327/4984/9220 1393/5278/9812 1528/5277/9811
f 1643/5271/9799 1528/5277/9811 1615/5253/9761
f 1581/5275/9806 1528/5277/9811 1643/5271/9799
f 200/5287/9324 340/4872/8931 304/4924/9066
f 340/4872/8931 200/5287/9324 325/4871/8930
f 294/4925/9067 325/4871/8930 200/5287/9324
f 253/5288/9708 200/5287/9324 304/4924/9066
f 286/5289/9844 253/5288/9708 304/4924/9066
f 213/5290/7847 293/5291/9845 317/4376/9315
f 304/4924/9066 354/4371/9846 286/5289/9844
f 286/5289/9844 354/4371/9846 293/5291/9845
s 0
f 304/4924/9847 404/4922/9847 354/4371/9847
s 1
f 421/4369/9848 293/5291/9845 354/4371/9846
f 97/5292/6682 3095/4968/6681 3031/5293/9130
f 1772/4657/8912 1646/5246/9748 1701/4978/9205
f 1856/4648/8560 1646/5246/9748 1772/4657/8912
f 1646/5246/9748 1856/4648/8560 1667/5247/9749
f 1772/4657/8912 1874/4654/8569 1856/4648/8560
f 1667/5247/9749 1856/4648/8560 1750/5044/9296
f 690/4705/7035 718/4708/8673 661/4709/7033
f 3031/5293/9130 3095/4968/6681 3077/4970/6687
f 3410/4241/7899 3384/4245/7904 3423/4242/9539
f 3423/4242/9539 3384/4245/7904 3421/4253/7912
f 3505/4257/7918 3421/4253/7912 3477/4252/7911
f 3348/4056/7511 3492/5294/9849 3344/4057/9850
f 3499/4067/7529 3492/5294/9849 3348/4056/7511
f 3492/5294/9849 3499/4067/7529 3546/4294/7983
s 0
f 3471/4288/9851 3434/4066/9852 3492/5294/9853
s 1
f 3471/4288/9854 3492/5294/9849 3596/4286/7978
f 3596/4286/7978 3492/5294/9849 3504/4289/7976
f 3504/4289/7976 3492/5294/9849 3546/4294/7983
f 3563/4906/9007 3546/4294/7983 3499/4067/7529
f 3883/3645/6775 3935/4948/9109 3941/3650/6785
f 3935/4948/9109 3883/3645/6775 3940/3651/6801
f 908/5295/8839 866/4965/9169 853/5105/8838
f 884/5092/9408 866/4965/9169 908/5295/8839
f 884/5092/9408 908/5295/8839 924/5296/9855
f 884/5092/9408 924/5296/9855 907/5094/9383
f 907/5094/9856 929/5297/9857 898/5093/9378
s 0
f 907/5094/9858 924/5296/9859 929/5297/9860
s 1
f 818/5103/9407 898/5093/9378 906/5298/9861
f 906/5298/9861 898/5093/9378 929/5297/9857
f 1007/5299/8841 929/5297/9862 924/5296/9855
f 908/5295/8839 1007/5299/8841 924/5296/9855
f 929/5297/9862 1007/5299/8841 1031/5300/8843
f 1031/5300/8843 1056/5301/8848 929/5297/9862
f 929/5297/9862 1056/5301/8848 1055/5302/9863
s 0
f 906/5298/9864 929/5297/9865 1055/5302/9866
f 940/5104/9867 906/5298/9868 974/5303/9869
s 1
f 906/5298/9861 940/5104/9870 818/5103/9407
s 0
f 774/5095/9871 940/5104/9872 903/5102/9873
s 1
f 3278/3862/9612 3136/4969/9193 3330/3860/7185
f 3278/3862/9612 3219/5114/9419 3123/4974/9197
f 3160/5304/9874 3162/5305/9875 3239/5306/9876
f 3223/5307/9877 3160/5304/9874 3239/5306/9876
f 3253/5308/9878 3272/5196/9879 3293/5309/7519
f 3293/5309/7519 3272/5196/9879 3262/5195/9880
f 3293/5309/7519 3262/5195/9880 3309/5198/9881
f 3253/5308/9878 3293/5309/7519 3311/5310/7522
f 3253/5308/9878 3311/5310/7522 3308/5311/9882
f 3239/5306/9876 3253/5308/9878 3308/5311/9882
s 0
f 3223/5307/9883 3329/5312/9884 3274/5313/9885
s 1
f 3329/5312/9886 3223/5307/9877 3308/5311/9882
f 3308/5311/9882 3223/5307/9877 3239/5306/9876
f 3172/5314/9887 3274/5313/9888 3316/5315/9889
f 3223/5307/9877 3274/5313/9888 3172/5314/9887
s 0
f 3316/5315/9890 3212/5160/9891 3171/5316/9892
f 3180/5317/9893 3316/5315/9894 3171/5316/9895
s 1
f 3212/5160/9504 3152/5161/9508 3171/5316/9896
f 3180/5317/9897 3172/5314/9887 3316/5315/9889
f 3223/5307/9877 3172/5314/9887 3098/5318/9898
f 3223/5307/9877 3098/5318/9898 3160/5304/9874
f 3162/5305/9875 3160/5304/9874 3134/5319/9899
s 0
f 3219/5114/9900 3153/5194/9901 3055/5109/9902
s 1
f 3289/4244/7903 3282/4247/7906 3328/4243/7901
f 3381/4256/9493 3260/5320/9495 3340/5321/9903
f 3358/5322/9904 3286/5323/9501 3212/5324/9504
s 0
f 3358/5322/9905 3212/5325/9906 3316/5326/9907
f 3349/5327/9908 3358/5322/9909 3316/5326/9910
f 3349/5327/9911 3316/5326/9912 3274/5328/9913
f 3385/5329/9914 3349/5327/9915 3274/5328/9916
s 1
f 3329/5330/9886 3420/4279/7955 3391/4281/7957
f 3385/5329/9917 3329/5330/9886 3391/4281/7957
f 3358/5322/9904 3349/5327/9918 3460/5331/9919
f 3286/5323/9501 3358/5322/9904 3390/4265/9920
f 3286/5323/9501 3390/4265/9920 3279/5332/9502
f 3460/5331/9919 3390/4265/9920 3358/5322/9904
s 0
f 3349/5327/9921 3385/5329/9922 3443/4271/9923
f 3391/4281/9924 3443/4271/9925 3385/5329/9926
f 3443/4271/9927 3391/4281/9928 3481/4280/9929
s 1
f 3460/5331/9919 3349/5327/9918 3474/4267/7938
s 0
f 3482/4269/9930 3349/5327/9931 3443/4271/9932
s 1
f 3349/5327/9918 3482/4269/7940 3474/4267/7938
f 3475/4275/7948 3558/4273/7946 3481/4280/7956
s 0
f 3443/4271/9933 3558/4273/9934 3576/4270/9935
f 3481/4280/9936 3558/4273/9937 3443/4271/9938
f 3709/5333/9939 3728/5334/9940 3601/5335/9941
s 1
f 3709/5333/9942 3671/5336/9943 3769/5337/9944
s 0
f 3644/5338/9945 3769/5337/9946 3655/5339/9945
s 1
f 3653/5340/9947 3726/5341/9731 3644/5338/9732
f 3726/5341/9731 3653/5340/9947 3635/5342/9729
f 3655/5339/9948 3769/5337/9944 3671/5336/9943
f 3728/5334/9949 3724/5172/9546 3601/5335/9950
f 3724/5172/9546 3616/5170/9544 3601/5335/9950
s 0
f 3616/5170/9951 3595/5169/9952 3601/5335/9953
s 1
f 3583/5343/9954 3601/5335/9955 3595/5169/9540
f 3500/4259/9956 3583/5343/9954 3595/5169/9540
f 3601/5335/9955 3583/5343/9954 3671/5336/9943
f 3583/5343/9954 3582/5344/9957 3671/5336/9943
f 3582/5344/9957 3583/5343/9954 3538/4261/7929
f 3538/4261/7929 3583/5343/9954 3500/4259/9956
f 3500/4259/9956 3595/5169/9540 3452/4254/7913
s 0
f 3524/4262/9958 3409/4263/9959 3512/4264/9960
f 3524/4262/9961 3512/4264/9962 3559/4268/9963
f 3524/4262/9964 3559/4268/9964 3582/5344/9965
s 1
f 3559/4268/7939 3655/5339/9948 3582/5344/9957
f 3524/4262/7931 3582/5344/9957 3538/4261/7929
s 0
f 3836/4463/9966 3838/5074/9967 3760/5224/9968
f 3836/4463/9969 3760/5224/9970 3622/5223/9971
s 1
f 4039/5069/8983 4024/5077/9339 4025/5070/9329
f 4024/5077/9339 4039/5069/8983 4094/5345/9441
f 4024/5077/9339 4094/5345/9441 3991/5076/9338
f 3991/5076/9338 4094/5345/9441 3999/5078/9340
f 3983/3680/6838 3985/3677/6835 3943/5082/9743
s 0
f 3983/3680/9972 3943/5082/9973 3988/3681/9974
s 1
f 3988/3681/6839 3917/5080/9342 3999/5078/9340
f 3914/3687/6850 3985/3677/6835 3971/3675/6830
f 3943/5082/9743 3985/3677/6835 3929/5083/9351
f 4192/5134/9448 4193/5128/9449 4214/5201/9636
f 4100/5130/9445 4192/5134/9448 4216/5202/9975
f 4100/5130/9445 4216/5202/9975 4199/5132/9446
f 4199/5132/9976 4284/5209/9655 4142/5346/9977
f 4284/5209/9655 4199/5132/9976 4258/5203/9978
f 4284/5209/9655 4237/5210/9656 4142/5346/9977
s 0
f 4183/5188/9979 4142/5346/9980 4237/5210/9981
s 1
f 4135/4518/9982 4142/5346/9983 4183/5188/9984
f 4183/5188/9984 4136/4516/9985 4135/4518/9982
s 0
f 4136/4516/9986 4183/5188/9987 4269/5187/9988
s 1
f 4327/5204/9653 4284/5209/9655 4258/5203/9978
f 4335/3955/7379 4239/3954/7378 4303/3956/7380
f 4279/3959/7383 4287/3960/7384 4350/3958/7382
f 4330/3961/7385 4281/4500/8334 4359/5347/9989
f 4330/3961/7385 4359/5347/9989 4453/3962/7386
f 4453/3962/7386 4359/5347/9989 4483/3963/7387
f 4281/4500/8334 4288/4501/8336 4359/5347/9989
f 4359/5347/9989 4288/4501/8336 4421/5348/9990
f 4288/4501/8336 4342/5349/9991 4421/5348/9990
f 4342/5349/9991 4288/4501/8336 4265/4503/8338
f 4265/4503/8338 4298/4504/8339 4342/5349/9991
f 4342/5349/9991 4298/4504/8339 4337/5177/9550
f 4298/4504/8339 4328/4506/8341 4378/5180/9553
f 4298/4504/8339 4378/5180/9553 4337/5177/9550
f 4328/4506/8341 4377/5181/9554 4378/5180/9553
f 4342/5349/9991 4337/5177/9550 4420/5350/9992
f 4378/5180/9553 4445/5176/9548 4337/5177/9550
s 0
f 4337/5177/9993 4447/3842/9994 4420/5350/9994
s 1
f 4482/3843/9995 4420/5350/9992 4447/3842/9996
f 4449/5351/9997 4420/5350/9992 4482/3843/9995
f 4342/5349/9991 4420/5350/9992 4421/5348/9990
f 4421/5348/9990 4420/5350/9992 4449/5351/9997
f 4359/5347/9989 4421/5348/9990 4449/5351/9997
f 4483/3963/7387 4359/5347/9989 4449/5351/9997
f 4483/3963/7387 4449/5351/9997 4482/3843/9995
f 4483/3963/7387 4482/3843/9995 4450/3841/7389
s 0
f 429/3984/9998 356/3975/9999 348/3976/10000
f 348/3976/10001 356/3975/10002 269/3977/10003
s 1
f 87/3590/6689 3018/5352/9409 25/3591/9131
s 0
f 3018/5352/10004 87/3590/10005 3026/3589/10006
s 1
f 3123/4974/9197 3136/4969/9193 3278/3862/9612
f 3344/4057/9850 3492/5294/9849 3434/4066/10007
f 3434/4066/7525 3471/4288/10008 3450/4283/10009
s 0
f 3470/4284/10010 3450/4283/10011 3471/4288/10012
s 1
f 3741/5119/6767 3536/5121/9425 3719/5173/9547
f 3772/3643/6771 3803/5353/10013 3883/3645/6775
f 3803/5353/10013 3772/3643/6771 3719/3644/10014
f 3803/5353/10013 3719/3644/10014 3727/5354/10015
f 3727/5354/10015 3724/5355/9546 3843/5356/10016
f 3803/5353/10013 3727/5354/10015 3843/5356/10016
f 3843/5356/10016 3724/5355/9546 3728/5357/9949
f 3843/5356/10016 3728/5357/9949 3851/3699/6882
f 3803/5353/10013 3843/5356/10016 3864/3652/10017
f 3803/5353/10013 3864/3652/10017 3883/3645/6775
f 3863/3700/6884 3864/3652/10017 3843/5356/10016
f 3863/3700/6884 3851/3699/6882 3924/3698/6881
f 3834/3697/6883 3752/3696/6873 3903/3690/6872
f 3937/3688/6854 3814/3695/6870 3781/5358/10018
f 3709/5359/9942 3752/3696/6873 3834/3697/6883
f 3816/3694/6871 3752/3696/6873 3769/5360/9944
f 3781/5358/10018 3837/5089/10019 3937/3688/6854
f 3837/5089/10019 3874/3686/6849 3937/3688/6854
s 0
f 3854/5087/10020 3837/5089/10021 3815/5361/10022
s 1
f 3854/5087/10023 3815/5361/10024 3808/5086/9354
f 3701/5237/9725 3808/5086/9354 3815/5361/10024
f 3701/5237/9725 3770/5234/9723 3808/5086/9354
s 0
f 3837/5089/10025 3713/5238/10026 3761/5244/10027
f 3713/5238/10028 3837/5089/10029 3726/5242/10030
s 1
f 3815/5361/10031 3837/5089/10032 3761/5244/10033
s 0
f 3837/5089/10034 3781/5358/10035 3726/5242/10036
s 1
f 3726/5242/9731 3781/5358/10018 3814/3695/6870
f 3814/3695/6870 3816/3694/6871 3769/5360/9944
s 0
f 3769/5360/10037 3644/5243/10038 3814/3695/10039
s 1
f 3728/5357/9949 3709/5359/9942 3834/3697/6883
f 3728/5357/9949 3834/3697/6883 3851/3699/6882
f 3843/5356/10016 3851/3699/6882 3863/3700/6884
f 7/5362/9088 111/4215/7831 112/4220/7833
s 0
f 43/3608/10040 168/4222/10041 116/3611/10042
f 168/4222/10043 43/3608/10044 112/4220/10045
s 1
f 116/3611/6718 141/4224/7843 53/3607/6710
f 141/4224/7843 125/4223/10046 53/3607/6710
s 0
f 54/3602/10047 53/3607/10048 125/4223/10049
f 109/4229/10050 125/4223/10051 147/4228/10052
s 1
f 124/4214/10053 92/4216/9085 17/4218/9084
s 0
f 111/4215/10054 7/5362/10055 92/4216/10056
s 1
f 6/4940/6713 48/5363/6712 3103/5364/10057
f 3067/4937/9089 3039/4938/6714 6/4940/6713
f 3082/5365/10058 3103/5364/10059 3034/5366/10060
s 0
f 3082/5365/10061 3034/5366/10062 3068/5367/10063
s 1
f 3068/5367/10064 3111/5162/10065 3082/5365/10066
s 0
f 3068/5367/10067 3034/5366/10068 3038/5368/10069
f 3068/5367/10070 3038/5368/10071 3052/5369/10072
s 1
f 3171/5316/9896 3052/5369/10073 3054/5370/10074
s 0
f 3040/5371/10075 3054/5370/10076 4/5372/10077
s 1
f 3054/5370/10074 3052/5369/10073 4/5372/10078
f 3052/5369/10073 9/5373/10079 4/5372/10078
s 0
f 3038/5368/10080 9/5373/10081 3052/5369/10082
f 3040/5371/10083 4/5372/10084 3011/5374/10083
s 1
f 3098/5318/9898 3/5375/10085 3134/5319/9899
f 3098/5318/9898 3047/5376/10086 3/5375/10085
s 0
f 3047/5376/10087 3040/5371/10088 3011/5374/10089
f 3011/5374/10090 8/5377/10091 3047/5376/10092
s 1
f 3047/5376/10086 8/5378/10093 3/5375/10085
s 0
f 3/5375/10094 2/5379/10095 3056/5113/10096
f 3719/5380/10097 3674/5381/10098 3727/5354/10099
s 1
f 3724/5355/9546 3727/5354/10015 3674/5381/9545
f 3857/5075/9336 3760/5224/9709 3838/5074/9337
f 4079/5382/9451 4074/5383/9447 3999/5078/9340
f 4079/5382/9451 3999/5078/9340 4094/5345/9441
f 3999/5078/9340 4074/5383/9447 3988/3681/6839
f 4090/3679/6837 3988/3681/6839 4074/5383/9447
s 0
f 4074/5383/10100 4100/5384/10101 4090/3679/10102
f 4036/3667/10103 3984/3672/10104 4062/3668/10105
s 1
f 1864/3457/6484 2093/2979/5784 1951/2960/5759
f 1951/2960/5759 1888/5385/10106 1864/3457/6484
f 1794/3439/6466 1923/3440/6467 1864/3457/6484
f 1794/3439/6466 1864/3457/6484 1630/5386/9266
f 1604/5387/9264 1864/3457/6484 1808/5388/10107
f 1808/5388/10107 1864/3457/6484 1888/5385/10106
f 1808/5388/10107 1888/5385/10106 1955/2959/5758
f 1955/2959/5758 1888/5385/10106 1951/2960/5759
f 1955/2959/5758 1990/2956/5755 1818/5389/10108
f 1990/2956/5755 2041/2955/5751 1744/5390/10109
f 1990/2956/5755 1744/5390/10109 1818/5389/10108
f 1744/5390/10109 2041/2955/5751 1819/5391/10110
f 1786/5392/10111 1819/5391/10110 2041/2955/5751
f 1786/5392/10111 2041/2955/5751 2179/2949/5745
f 2179/2949/5745 2240/2948/5744 2193/5393/10112
f 2193/5393/10112 2076/5394/10113 2179/2949/5745
f 2076/5394/10113 2193/5393/10112 2135/5395/10114
f 2135/5395/10114 2193/5393/10112 2161/5396/10115
s 0
f 2135/5395/10116 2161/5396/10117 2092/5397/10118
s 1
f 2161/5396/10115 2193/5393/10112 2240/2948/5744
f 2240/2948/5744 2244/2943/5739 2161/5396/10115
f 2244/2943/5739 2205/2941/5737 2161/5396/10115
f 2108/5398/10119 2205/2941/5737 2100/5399/10120
f 2100/5399/10120 2205/2941/5737 2002/5400/8041
s 0
f 2205/2941/10121 2153/2936/10122 2002/5400/10123
s 1
f 2153/2936/5726 2258/2935/5725 2084/2934/5724
f 2153/2936/5726 1879/5401/8014 2002/5400/8041
f 2205/2941/5737 2108/5398/10119 2161/5396/10115
f 2161/5396/10115 2108/5398/10119 2092/5397/10124
f 2092/5397/10124 2108/5398/10119 2073/5402/10125
f 2108/5398/10119 1966/5403/10126 2073/5402/10125
f 2135/5395/10114 2092/5397/10124 2076/5394/10113
f 2092/5397/10124 2073/5402/10125 2076/5394/10113
f 2076/5394/10113 2057/5404/10127 1937/5405/10128
f 2057/5404/10127 2076/5394/10113 2073/5402/10125
f 2179/2949/5745 2076/5394/10113 1786/5392/10111
f 2076/5394/10113 1937/5405/10128 1786/5392/10111
f 2057/5404/10127 2073/5402/10125 1953/5406/10129
f 2002/5400/8041 1950/5407/8040 2100/5399/10120
f 2108/5398/10119 2100/5399/10120 1966/5403/10126
f 2100/5399/10120 1910/5408/8039 1966/5403/10126
f 2100/5399/10120 1950/5407/8040 1910/5408/8039
f 1966/5403/10126 1910/5408/8039 1953/5406/10129
f 1966/5403/10126 1953/5406/10129 2073/5402/10125
f 1919/5409/10130 1953/5406/10129 1910/5408/8039
s 0
f 2057/5404/10131 1953/5406/10132 1937/5405/10133
s 1
f 1808/5388/10107 1955/2959/5758 1703/5410/10134
f 1703/5410/10134 1955/2959/5758 1818/5389/10108
f 1819/5391/10110 1786/5392/10111 1671/5411/10135
s 0
f 1671/5411/10136 1786/5392/10137 1714/5412/10138
s 1
f 1714/5412/10139 1786/5392/10111 1755/5413/8712
f 1755/5413/8712 1786/5392/10111 1937/5405/10128
f 1755/5413/8712 1937/5405/10128 1803/5414/8034
f 1714/5412/10139 1574/5415/8711 1671/5411/10140
s 0
f 1671/5411/10141 1574/5415/10142 1498/5416/10143
s 1
f 1671/5411/10135 1498/5416/10144 1602/5417/9258
f 1671/5411/10135 1602/5417/9258 1819/5391/10110
f 1819/5391/10110 1602/5417/9258 1744/5390/10109
f 1818/5389/10108 1744/5390/10109 1602/5417/9258
f 1703/5410/10134 1704/5418/10145 1808/5388/10107
f 1604/5387/9264 1808/5388/10107 1704/5418/10145
f 1604/5387/9264 1704/5418/10145 1578/5419/9260
f 1578/5419/9260 1704/5418/10145 1703/5410/10134
f 1818/5389/10108 1578/5419/9260 1703/5410/10134
f 1818/5389/10108 1602/5417/9258 1578/5419/9260
f 839/5100/9395 789/4728/8696 892/5101/9397
f 968/5420/10146 920/5192/9606 839/5100/9395
f 959/5191/9605 969/4735/8704 980/3214/6157
f 969/4735/8704 959/5191/9605 920/5192/9606
f 969/4735/8704 1038/4737/8706 1075/3213/6155
f 969/4735/8704 920/5192/9606 1038/4737/8706
f 972/5421/10147 1038/4737/8706 920/5192/9606
f 920/5192/9606 968/5420/10146 972/5421/10147
f 892/5101/9397 968/5420/10146 839/5100/9395
f 975/5422/10148 968/5420/10146 892/5101/9397
f 903/5102/9399 975/5422/10148 892/5101/9397
f 903/5102/9399 892/5101/9397 808/5096/9396
f 4079/5382/9451 4094/5345/9441 4193/5423/9449
f 4172/4528/10149 4131/4772/8759 4026/4775/6796
s 0
f 4172/4528/10150 4026/4775/10151 4134/4526/10152
f 4172/4528/10153 4134/4526/10154 4159/4525/10155
s 1
f 760/4723/8695 667/4727/7011 765/4719/7012
f 402/3801/7068 297/3979/9118 296/3982/6608
f 402/3801/7068 296/3982/6608 527/3802/7069
f 527/3802/7069 296/3982/6608 428/3800/7067
f 287/5222/10156 297/3979/7406 256/3978/7405
f 45/3993/7433 77/3991/7428 25/3591/9131
s 0
f 45/3993/10157 25/3591/10158 31/3594/10159
s 1
f 44/4239/7879 155/3994/7434 47/3595/6698
f 47/3595/6698 155/3994/7434 45/3993/7433
f 44/4239/7879 2/3597/6700 101/4236/10160
s 0
f 2/3597/10161 3/5424/10162 101/4236/10163
s 1
f 44/4239/7879 47/3595/6698 2/3597/6700
f 3/5424/10085 8/3598/10093 101/4236/7871
f 101/4236/7871 8/3598/10093 90/4238/7870
s 0
f 13/3600/10164 90/4238/10165 8/3598/10166
f 139/4230/10167 4/3601/10168 9/3603/10169
f 13/3600/10170 4/3601/10171 139/4230/10172
s 1
f 109/4229/7851 9/3603/6706 54/3602/6705
s 0
f 109/4229/10173 54/3602/10174 125/4223/10175
s 1
f 9/3603/6706 109/4229/7851 139/4230/7854
f 3070/4971/9194 3112/4973/9196 3055/5109/10176
f 3157/5143/9469 3067/4937/9089 3116/4939/9477
s 0
f 3154/5150/10177 3116/4939/10178 6/4940/10179
f 3154/5150/10180 3103/5364/10181 3082/5365/10182
s 1
f 3103/5364/10057 3154/5150/10183 6/4940/6713
s 0
f 3082/5365/10184 3174/5163/10185 3154/5150/10186
s 1
f 3174/5163/10187 3082/5365/10066 3111/5162/10065
f 3152/5161/9508 3111/5162/10065 3068/5367/10064
f 3171/5316/9896 3068/5367/10064 3052/5369/10073
f 3054/5370/10074 3180/5317/10188 3171/5316/9896
s 0
f 3054/5370/10189 3040/5371/10190 3180/5317/10191
s 1
f 3068/5367/10064 3171/5316/9896 3152/5161/9508
s 0
f 3172/5314/10192 3180/5317/10193 3040/5371/7943
f 3040/5371/10194 3098/5318/10195 3172/5314/10196
f 3098/5318/10197 3040/5371/10198 3047/5376/10199
s 1
f 3400/4251/7910 3295/4248/7907 3302/5425/9489
f 3302/5425/9489 3381/4256/10200 3400/4251/7910
f 3392/4058/7523 3434/4066/7525 3450/4283/10009
s 0
f 3450/4283/10201 3461/4063/10202 3377/4061/10203
s 1
f 3450/4283/10009 3377/4061/10204 3392/4058/7523
f 3426/4282/7958 3461/4063/7963 3522/4276/7959
s 0
f 3311/4064/10205 3461/4063/10206 3426/4282/10207
f 3311/4064/10208 3426/4282/10209 3420/4279/10210
f 3311/4064/10211 3420/4279/10212 3308/5426/10213
s 1
f 3329/5330/9886 3308/5426/9882 3420/4279/7955
s 0
f 3329/5330/10214 3385/5329/10215 3274/5328/10216
f 3700/5427/10217 3654/4290/10218 3725/4292/10219
f 3664/4285/10220 3700/5427/10221 3652/5428/10222
s 1
f 3654/4290/7979 3700/5427/10223 3571/4287/7977
s 0
f 3700/5427/10224 3664/4285/10225 3571/4287/10226
s 1
f 3664/4285/7966 3652/5428/10227 3597/4277/7964
f 3597/4277/7964 3652/5428/10227 3658/4278/10228
s 0
f 3738/5429/10229 3579/4274/10230 3658/4278/10231
s 1
f 3738/5429/9724 3658/4278/10232 3759/5430/9722
s 0
f 3658/4278/10233 3652/5428/10234 3759/5430/10235
s 1
f 3581/4272/7944 3738/5429/9724 3701/5431/9725
f 3738/5429/9724 3581/4272/7944 3579/4274/7947
f 3581/4272/7944 3701/5431/9725 3689/5432/9736
s 0
f 3689/5432/10236 3635/5342/10237 3576/4270/10238
s 1
f 3689/5432/9736 3576/4270/7945 3581/4272/7944
s 0
f 3576/4270/10239 3635/5342/10240 3482/4269/10241
f 3482/4269/10242 3635/5342/10243 3653/5340/10244
s 1
f 3482/4269/7940 3653/5340/9947 3573/4266/7936
f 3655/5339/9948 3559/4268/7939 3573/4266/7936
f 3573/4266/7936 3653/5340/9947 3655/5339/9948
f 3655/5339/9948 3653/5340/9947 3644/5338/9732
f 3671/5336/9943 3582/5344/9957 3655/5339/9948
f 3671/5336/9943 3709/5333/9942 3601/5335/9955
f 4134/3659/6803 4026/3656/6796 3952/3655/6794
f 4054/3660/6804 4134/3659/6803 3952/3655/6794
f 4035/3663/6890 4051/3661/6805 4027/3691/6863
f 3972/3692/6864 4027/3691/6863 4051/3661/6805
f 4001/3685/6846 4035/3663/6890 4027/3691/6863
f 3952/3655/6794 3972/3692/6864 4054/3660/6804
f 3972/3692/6864 4051/3661/6805 4054/3660/6804
f 1612/5433/10245 1652/5025/9269 1670/5023/9268
f 1612/5433/10245 1670/5023/9268 1658/5020/9267
f 1612/5433/10245 1658/5020/9267 1630/5018/9266
f 1630/5018/9266 1424/5011/9256 1612/5433/10245
f 1612/5433/10245 1424/5011/9256 1462/5017/9265
f 1516/5434/10246 1612/5433/10245 1462/5017/9265
f 1612/5433/10245 1516/5434/10246 1652/5025/9269
f 1345/5005/9250 1652/5025/9269 1516/5434/10246
f 1652/5025/9269 1345/5005/9250 1465/5435/10247
f 1634/5436/10248 1465/5435/10247 1449/5437/10249
f 1516/5434/10246 1462/5017/9265 1376/5009/9254
f 1516/5434/10246 1376/5009/9254 1345/5005/9250
f 1462/5017/9265 1349/5008/9253 1376/5009/9254
f 1392/5002/9247 1449/5437/10249 1366/5004/9249
f 1392/5002/9247 1434/5000/9245 1449/5437/10249
f 1345/5005/9250 1366/5004/9249 1465/5435/10247
f 1465/5435/10247 1366/5004/9249 1449/5437/10249
f 1463/5438/10250 1449/5437/10249 1434/5000/9245
f 1449/5437/10249 1463/5438/10250 1634/5436/10248
f 1463/5438/10250 1434/5000/9245 1426/5001/9246
f 1664/5269/9793 1634/5436/10248 1463/5438/10250
f 1664/5269/9793 1463/5438/10250 1426/5001/9246
f 1501/4989/9231 1569/4991/9233 1687/5268/10251
f 1501/4989/9231 1687/5268/10251 1590/4833/8858
s 0
f 1687/5268/10252 1674/5267/10253 1590/4833/10254
s 1
f 1590/4833/8858 1674/5267/9791 1426/5001/9246
f 1426/5001/9246 1674/5267/9791 1664/5269/9793
f 1664/5269/9793 1715/5029/9271 1634/5436/10248
f 1715/5029/9271 1717/5027/9270 1634/5436/10248
f 1634/5436/10248 1717/5027/9270 1652/5025/9269
f 1465/5435/10247 1634/5436/10248 1652/5025/9269
f 1012/5439/10255 903/5102/9399 940/5104/10256
f 1012/5439/10255 940/5104/10256 974/5303/10257
f 974/5303/10258 906/5298/10259 1051/5440/10260
f 1055/5302/10261 1044/5441/10262 906/5298/10259
f 906/5298/10259 1044/5441/10262 1051/5440/10260
f 1055/5302/9863 1056/5301/8848 1078/5442/8851
s 0
f 1044/5441/10263 1055/5302/10264 1078/5442/10265
s 1
f 1044/5441/10262 1078/5442/8851 1051/5440/10260
s 0
f 974/5303/10266 1051/5440/10267 1028/5443/10268
s 1
f 974/5303/10257 1028/5443/10269 1012/5439/10255
f 1058/5444/10270 1012/5439/10255 1028/5443/10269
f 1012/5439/10255 1058/5444/10270 1072/5445/10271
f 1058/5444/10270 1028/5443/10269 1105/5446/10272
f 1105/5446/10272 1028/5443/10269 1146/5447/10273
f 1146/5447/10273 1051/5440/10260 1142/5448/8853
f 1051/5440/10260 1146/5447/10273 1028/5443/10269
f 1051/5440/10260 1078/5442/8851 1142/5448/8853
f 1142/5448/8853 1160/5449/8854 1146/5447/10273
f 1169/5450/8855 1240/5451/8859 1160/5449/8854
f 1146/5447/10273 1160/5449/8854 1240/5451/8859
f 1240/5451/8859 1187/5452/10274 1146/5447/10273
f 1187/5452/10274 1240/5451/8859 1210/5453/9244
f 1146/5447/10273 1187/5452/10274 1105/5446/10272
f 1187/5452/10274 1210/5453/9244 1323/5454/9248
f 1187/5452/10274 1323/5454/9248 1322/5455/9251
f 1187/5452/10274 1322/5455/9251 1133/5456/10275
f 1185/5457/10276 1133/5456/10275 1322/5455/9251
f 1322/5455/9251 1341/5458/9252 1185/5457/10276
f 1317/5459/10277 1341/5458/9252 1349/5460/9253
f 1341/5458/9252 1317/5459/10277 1227/5461/10278
f 1341/5458/9252 1227/5461/10278 1185/5457/10276
s 0
f 1317/5459/10279 1349/5460/10280 1266/5462/10281
s 1
f 1349/5460/9253 1424/5463/9256 1266/5462/9255
s 0
f 1362/5464/10282 1266/5462/10283 1488/5465/10284
s 1
f 1362/5464/10285 1488/5465/10286 1368/5466/10287
f 1435/5467/9259 1602/5468/9258 1498/5469/10144
f 1488/5465/10286 1435/5467/10288 1368/5466/10287
f 1498/5469/10289 1574/4742/8711 1352/4740/8709
f 1574/4742/8711 1714/5470/10139 1689/4741/8710
f 1689/4741/8710 1714/5470/10139 1755/4743/8712
f 7/5362/9088 112/4220/7833 3039/3610/6714
s 0
f 43/3608/10290 3039/3610/10291 112/4220/10292
f 45/3993/10293 31/3594/10294 47/3595/10295
f 31/3594/10296 3050/3593/10297 47/3595/10298
s 1
f 3055/5109/9414 3153/5194/10299 3143/5112/9415
f 3153/5194/10299 3233/5197/10300 3143/5112/9415
f 3233/5197/10300 3162/5305/9875 3056/5113/9416
f 3143/5112/9415 3233/5197/10300 3056/5113/9416
f 3162/5305/9875 3134/5319/9899 3056/5113/9416
f 3134/5319/9899 3160/5304/9874 3098/5318/9898
f 3162/5305/9875 3233/5197/10300 3272/5196/9879
f 3162/5305/9875 3272/5196/9879 3253/5308/9878
f 3239/5306/9876 3162/5305/9875 3253/5308/9878
f 3392/4058/7523 3377/4061/10204 3309/4059/10301
f 1012/5439/10255 975/5422/10148 903/5102/9399
f 975/5422/10148 1012/5439/10255 1072/5445/10271
f 1038/4737/8706 972/5421/10147 1032/4738/8707
f 1141/4736/8705 1212/5471/10302 1300/3201/6125
f 1249/5472/10303 1300/3201/6125 1212/5471/10302
f 1249/5472/10303 1315/4739/8708 1300/3201/6125
f 1413/3197/6117 1352/4740/8709 1574/4742/8711
f 1498/5469/10289 1352/4740/8709 1315/4739/8708
s 0
f 1498/5469/10304 1315/4739/10305 1435/5467/10306
s 1
f 1435/5467/10288 1315/4739/8708 1368/5466/10287
f 1227/5461/10278 1317/5459/10277 1266/5462/10307
f 1222/5473/10308 1266/5462/10307 1362/5464/10309
s 0
f 1222/5473/10310 1362/5464/10311 1243/5474/10312
s 1
f 1362/5464/10285 1368/5466/10287 1243/5474/10313
f 1368/5466/10287 1249/5472/10303 1212/5471/10302
f 1249/5472/10303 1368/5466/10287 1315/4739/8708
f 399/4370/10314 317/4376/9315 421/4369/9848
f 293/5291/9845 421/4369/9848 317/4376/9315
s 0
f 293/5056/10315 213/4227/10316 156/4221/10317
f 3103/5364/10318 48/5363/10319 3034/5366/10320
f 3302/5154/10321 3244/5148/10322 3381/5155/10323
s 1
f 3340/5475/9903 3260/5151/9495 3279/5157/9498
f 3473/4255/10324 3381/4256/10325 3389/4260/10326
f 3460/5331/9919 3474/4267/7938 3512/4264/7937
f 3460/5331/9919 3512/4264/7937 3390/4265/9920
s 0
f 3389/4260/10327 3340/5321/10328 3409/4263/10329
f 3389/4260/10330 3381/4256/10331 3340/5321/10332
s 1
f 3390/4265/9920 3409/4263/10333 3279/5332/9502
s 0
f 3279/5332/10334 3409/4263/10335 3340/5321/10336
s 1
f 3709/5359/9942 3769/5360/9944 3752/3696/6873
f 4216/5202/9646 4214/5201/9636 4304/5205/9647
s 0
f 393/3981/10337 289/4387/10338 407/4391/10339
s 1
f 3060/5111/6699 3056/5113/9416 2/5379/6700
s 0
f 3/5375/10340 3056/5113/10341 3134/5319/10342
s 1
f 3579/4274/10343 3522/4276/10344 3658/4278/10345
f 4142/5346/9983 4135/4518/9982 4078/5476/6829
s 0
f 4199/5132/10346 4142/5346/10347 3996/5477/10348
s 1
f 4135/4518/9982 4062/5478/6828 4078/5476/6829
s 0
f 4078/5476/10349 3996/5477/10350 4142/5346/10351
f 3996/5477/10352 4098/5131/10353 4199/5132/10354
s 1
f 4164/4524/8382 4153/4512/8761 4275/4502/10355
f 492/5138/9462 498/5139/9463 461/5479/10356
f 441/5480/10357 498/5139/9463 491/4389/10358
f 492/5138/9462 461/5479/10356 452/5140/9464
f 461/5479/10356 498/5139/9463 441/5480/10357
f 450/5137/9461 492/5138/9462 452/5140/9464
f 452/5140/9464 401/4374/8114 409/4373/8113
f 452/5140/9464 403/4378/8120 401/4374/8114
f 409/4373/8113 401/4374/8114 391/4372/8111
s 0
f 491/4389/10359 376/4390/10360 298/4383/10361
s 1
f 491/4389/10358 299/4382/6629 380/4388/8129
s 0
f 474/3796/10362 400/3797/10363 376/4390/10364
f 474/3796/10365 376/4390/10365 491/4389/10365
s 1
f 491/4389/10358 380/4388/8129 441/5480/10357
f 461/5479/10356 380/4388/8129 403/4378/8120
f 441/5480/10357 380/4388/8129 461/5479/10356
f 452/5140/9464 461/5479/10356 403/4378/8120
s 0
f 231/3546/10366 214/3544/10367 209/4237/10368
f 248/3550/10369 227/3548/10370 176/4232/10371
f 54/3602/10372 3038/3604/10373 53/3607/10374
f 3034/5366/10375 53/5481/10376 3038/5368/10377
s 1
f 1025/5482/10378 968/5420/10146 975/5422/10148
f 1025/5482/10378 975/5422/10148 1072/5445/10271
f 972/5421/10147 968/5420/10146 1032/4738/8707
f 1032/4738/8707 968/5420/10146 1025/5482/10378
f 1058/5444/10270 1100/5483/10379 1072/5445/10271
f 1072/5445/10271 1100/5483/10379 1104/5484/10380
f 1072/5445/10271 1104/5484/10380 1025/5482/10378
f 1144/5485/10381 1100/5483/10379 1058/5444/10270
f 1104/5484/10380 1100/5483/10379 1144/5485/10381
f 1058/5444/10270 1133/5456/10275 1144/5485/10381
f 1133/5456/10275 1058/5444/10270 1105/5446/10272
f 1187/5452/10274 1133/5456/10275 1105/5446/10272
f 1144/5485/10381 1133/5456/10275 1185/5457/10276
f 1144/5485/10381 1185/5457/10276 1227/5461/10278
f 1104/5484/10380 1144/5485/10381 1227/5461/10278
f 1104/5484/10380 1227/5461/10278 1266/5462/10307
f 1104/5484/10380 1266/5462/10307 1222/5473/10308
f 1212/5471/10302 1243/5474/10313 1368/5466/10287
f 1212/5471/10302 1141/4736/8705 1243/5474/10313
f 1243/5474/10313 1141/4736/8705 1032/4738/8707
f 1243/5474/10313 1032/4738/8707 1222/5473/10308
f 1025/5482/10378 1104/5484/10380 1032/4738/8707
f 1032/4738/8707 1104/5484/10380 1222/5473/10308
s 0
f 478/3793/10382 491/4389/10383 496/3792/10384
s 1
f 611/3777/7018 496/3792/7052 498/5139/9463
f 498/5139/9463 496/3792/7052 491/4389/10358
s 0
f 478/3793/10385 474/3796/10386 491/4389/10387
s 1
f 524/3795/7055 400/3797/7060 593/3775/7016
s 0
f 407/4391/10388 400/3797/10389 524/3795/10390
f 150/4231/10391 113/4234/10392 90/4238/10393
f 13/3600/10394 150/4231/10395 90/4238/10396
f 3701/5237/10397 3815/5361/10398 3761/5244/10399
f 4115/4517/10400 4062/5478/10401 4135/4518/10402
f 139/4230/10403 150/4231/10404 13/3600/10405
s 1
f 2153/5486/5726 1901/4318/8010 1879/4320/8014
f 1469/5487/10406 1295/4983/9219 1522/5285/9831
s 0
f 1469/5487/10407 1522/5285/10408 1559/5251/10409
s 1
f 1412/5279/9813 1295/4983/9219 1469/5487/10406
s 0
f 1451/5488/10410 1412/5279/10411 1469/5487/10412
s 1
f 1393/5278/9812 1412/5279/9813 1451/5488/10413
f 1451/5488/10414 1469/5487/10415 1559/5251/9758
f 1451/5488/10414 1559/5251/9758 1651/5250/9757
s 0
f 1451/5488/10416 1651/5250/10417 1774/5252/10418
f 1774/5252/10419 1538/5254/10420 1451/5488/10421
s 1
f 1528/5277/9811 1538/5254/9762 1615/5253/9761
s 0
f 1538/5254/10422 1528/5277/10423 1393/5278/10424
s 1
f 1538/5254/10425 1393/5278/9812 1451/5488/10413
f 2059/5036/9276 1989/4641/9273 2012/5256/9773
f 1898/5260/9777 2012/5256/9773 1989/4641/9273
f 2012/5256/9773 1898/5260/9777 1931/5257/9774
f 1919/5409/10130 1937/5405/10426 1953/5406/10129
f 1876/5489/8718 1937/5405/10426 1919/5409/10130
f 1910/5408/8039 1876/5489/8718 1919/5409/10130
f 1876/5489/8718 1910/5408/8039 1826/5490/8717
f 1937/5405/10426 1876/5489/8718 1804/5491/8713
f 1615/5253/9761 1799/5255/9763 1893/5258/9775
f 1893/5258/9775 1811/5259/9776 1769/5273/9801
