# Blender 5.1.0
# www.blender.org
mtllib tool_160.mtl
o tool_160_tripo_normalized
v 91.792419 5.353108 -0.113528
v 7.737409 2.922319 0.005937
v 0.022937 -0.689617 0.066082
v 101.367683 1.578170 0.179174
v 95.935905 3.101336 -0.001334
v 7.847890 2.112207 -0.002748
v 2.594936 0.188398 -0.076812
v 4.156672 0.487045 -0.031171
v 8.444613 -2.597286 -0.396498
v 7.022780 2.908184 -0.007291
v 7.501914 2.465518 -0.020800
v 1.951991 -0.067388 -0.016450
v 108.509003 1.905803 -0.055461
v 101.998787 -1.213041 0.034319
v 7.492143 2.289456 -0.041867
v 8.668384 3.217460 -0.006220
v 7.891175 -2.501230 -0.495875
v 102.986404 1.309124 -0.044476
v 3.039033 2.150738 -0.044414
v 103.862030 1.875328 -0.118570
v 0.418401 -0.890355 0.020591
v 108.043640 1.936271 0.057289
v 95.733070 -3.857649 -0.037692
v 7.684451 -2.427074 -0.357638
v 10.819592 -3.039186 0.064849
v 107.740349 0.861873 0.001182
v 11.725213 -3.259695 -0.062550
v 25.395868 5.072056 -0.385825
v 98.030327 -2.857608 -0.247367
v 95.192474 -4.079834 -0.046630
v 108.034546 -1.466018 0.003470
v 24.016788 -4.186590 -0.384338
v 27.460238 -3.760477 0.218717
v 2.174501 2.214021 -0.070286
v 5.501291 1.142339 -0.088415
v 13.045103 -3.558558 -0.234441
v 87.395035 -6.045447 -0.368261
v 25.443075 -3.902180 -0.200730
v 0.002465 -0.672673 0.144619
v 2.754814 0.317052 -0.099433
v 103.315742 1.587927 -0.015351
v 107.514359 -0.800291 -0.095083
v 6.530422 2.213885 -0.061300
v 108.536903 0.908591 -0.084896
v 93.770233 4.042084 -0.071981
v 33.493484 -6.072309 -0.238631
v 80.027557 -4.108436 -0.367902
v 0.682355 -0.981480 -0.082858
v 2.039571 0.051371 -0.074442
v 32.425724 -4.943949 -0.279893
v 108.157867 -1.753029 0.027886
v 39.237759 -6.091197 -0.181059
v 32.911289 -5.314228 -0.047714
v 59.542889 -6.101217 0.015696
v 71.489365 -6.106755 -0.156909
v 4.151001 2.175367 -0.029595
v 5.446079 2.976386 -0.088511
v 92.234482 4.818067 -0.045155
v 63.503384 -6.097846 -0.207458
v 1.954846 -0.031339 -0.085478
v 50.493156 -6.096823 -0.161193
v 97.450691 2.573327 0.074133
v 45.723045 -6.085677 -0.196191
v 108.573418 0.986092 -0.107917
v 90.916855 5.743798 0.041370
v 78.107574 -4.156483 -0.393918
v 96.347206 -3.581633 -0.063406
v 5.692194 2.190562 -0.081354
v 6.834610 3.073038 -0.115822
v 102.969742 -1.904683 -0.096103
v 13.178794 3.883117 -0.237009
v 3.994009 -1.867692 -0.114851
v 89.563972 6.290565 -0.401084
v 56.564320 6.270578 -0.223530
v 7.077242 1.943135 -0.065155
v 102.531113 1.293054 -0.001949
v 26.887896 4.322360 -0.022287
v 4.344936 0.864836 -0.117534
v 30.741568 -4.016483 -0.155351
v 22.478722 -6.077493 -0.130217
v 45.179134 6.267407 -0.036823
v 106.862007 1.979234 -0.159809
v 83.981964 -4.841131 -0.204251
v 89.613312 -6.334734 -0.492919
v 3.691202 1.818988 -0.108615
v 94.083824 4.465621 -0.401212
v 12.924865 3.830139 0.018651
v 92.264061 -5.272696 -0.116174
v 5.914917 -2.169379 -0.280932
v 18.716839 5.835943 -0.010717
v 93.675735 -4.647959 -0.145456
v 31.080050 4.671757 -0.008698
v 81.581322 6.271640 -0.217374
v 95.093643 -3.921629 -0.165022
v 6.226920 1.481416 -0.088974
v 99.553200 2.146305 -0.022910
v 6.076012 1.940014 -0.112758
v 4.200677 1.538943 -0.143690
v 1.327815 -1.201024 -0.120022
v 3.009452 0.705081 -0.153694
v 4.872395 2.934665 -0.092229
v 88.937523 -6.302799 -0.198095
v 2.854999 0.204901 -0.112555
v 100.374252 -2.072738 -0.301227
v 1.359331 -0.168281 -0.096304
v 100.676048 1.972885 -0.067714
v 0.537592 2.128436 -0.119468
v 5.166529 1.455006 -0.140085
v 106.992142 -0.707694 -0.184558
v 102.993858 1.208054 -0.131500
v 104.668381 2.101330 -0.359186
v 101.386337 -1.443048 -0.009912
v 98.382957 2.383225 -0.000896
v 4.035271 -0.063466 -0.154712
v 108.929947 1.233317 -0.143550
v 103.450386 1.143978 -0.211625
v 4.463480 2.921863 -0.130536
v 3.691795 2.929917 -0.148008
v 1.409128 2.108625 -0.136023
v 100.569328 -2.017983 -0.055167
v 96.925568 -3.249485 -0.192634
v 2.038694 -1.403724 -0.228681
v 107.543633 -1.758116 -0.147415
v 4.361989 -1.937901 -0.103639
v 86.273743 -5.752032 -0.080621
v 2.869478 -0.198300 -0.130474
v 0.206037 -0.380396 -0.153528
v 23.020756 6.239995 -0.076721
v 5.120191 -2.051626 -0.339021
v 97.296432 -3.083363 -0.284455
v 95.979698 -3.594144 -0.154717
v 108.942665 1.864604 -0.160129
v 3.474622 0.363378 -0.182531
v 1.042852 2.380622 -0.271651
v 3.163597 -1.646155 -0.251335
v 4.100492 1.061480 -0.155741
v 2.037514 1.816570 -0.172255
v 91.160866 -5.795577 -0.123646
v 90.133545 -6.260656 -0.373790
v 101.554405 1.807266 -0.274081
v 0.373597 -0.883435 -0.176240
v 94.399055 -4.235155 -0.171156
v 4.002273 -0.486969 -0.197258
v 5.207082 -0.483793 -0.199568
v 0.656721 -0.324454 -0.120780
v 2.932455 2.948167 -0.162126
v 1.387010 -0.421508 -0.194377
v 2.175121 0.866407 -0.183339
v 2.738290 1.286407 -0.199782
v 101.685966 -1.381880 -0.109176
v 5.698366 2.933379 -0.253155
v 23.308392 -4.177320 -0.625866
v 0.659385 1.996137 -0.197313
v 1.796195 1.021588 -0.199596
v 2.245709 2.967029 -0.109793
v 5.564154 -0.206398 -0.251206
v 106.886276 -1.712017 -0.325774
v 103.901039 1.096964 -0.291206
v 1.156423 1.876316 -0.210915
v 94.431030 4.034324 -0.277301
v 0.460221 1.652232 -0.244645
v 0.949949 1.403142 -0.209418
v 9.601197 3.240679 -0.190978
v 5.413467 -0.883292 -0.246849
v 0.045760 -0.478920 -0.174218
v 1.194780 -1.167327 -0.232343
v 92.729774 -5.064414 -0.214715
v 5.934075 -0.466406 -0.242312
v 5.362044 2.912276 -0.350425
v 10.162608 3.269267 -0.433386
v 7.013215 -2.359764 -0.535158
v 2.571638 0.611497 -0.155483
v 22.266657 -6.080209 -0.253735
v 87.539200 -6.206550 -0.026200
v 6.586080 -1.082885 -0.255756
v 21.404272 -6.063470 -0.733662
v 101.093735 1.930161 -0.130851
v 6.572206 -2.298126 -0.547146
v 10.023897 -2.871415 -0.119601
v 3.682942 -0.638906 -0.245722
v 3.614114 2.888469 -0.230137
v 0.159752 1.948614 -0.239784
v 19.959505 -6.063815 -0.435589
v 106.844879 -1.838124 -0.350784
v 0.069787 -0.729798 -0.268165
v 4.934628 0.095165 -0.253754
v 0.652528 -1.076696 -0.318990
v 97.795746 2.705386 -0.231701
v 15.209530 -4.227849 -0.489478
v 1.357562 1.222038 -0.202129
v 13.727015 -3.725904 -0.455019
v 17.275452 -5.013884 -0.380911
v 73.790573 -6.115955 -0.467163
v 4.113854 0.604491 -0.339286
v 106.435669 -0.645858 -0.311325
v 7.042051 -0.960678 -0.268887
v 28.852533 4.263530 -0.083662
v 107.240997 -0.826161 -0.626351
v 101.090805 -1.675955 -0.315365
v 7.642834 -1.572749 -0.311113
v 15.568358 4.646316 -0.190321
v 51.160091 6.265223 -0.233830
v 4.582282 2.896840 -0.157555
v 75.973053 -4.643934 -0.326746
v 77.199867 -4.289218 -0.164633
v 74.800034 -5.282685 -0.532127
v 14.128804 4.164219 -0.194609
v 7.914685 -1.350810 -0.309608
v 96.372192 3.190751 -0.246830
v 33.558632 6.263932 -0.494962
v 82.126762 -4.376083 -0.171134
v 7.469296 -0.921046 -0.323874
v 7.027986 -1.524770 -0.329597
v 0.834708 -0.638779 -0.319832
v 101.867027 -1.746314 -0.255095
v 30.871412 -4.086493 -0.499475
v 8.548281 -1.691617 -0.336611
v 40.005516 6.268541 -0.204054
v 31.690132 4.947166 -0.209918
v 104.929047 -1.825145 -0.454176
v 51.927010 6.239762 -0.579591
v 29.151997 -3.606648 -0.473216
v 11.697722 3.547438 -0.434222
v 91.726624 -5.544905 -0.275697
v 106.327797 1.978723 -0.960340
v 108.947052 0.208865 -0.635124
v 105.822075 2.026664 -0.376225
v 3.195449 -1.672013 -0.328963
v 1.651536 2.674564 -0.301471
v 6.053176 -1.315905 -0.333821
v 80.556519 -4.162830 -0.116164
v 22.093969 -5.072424 -0.580468
v 30.341154 4.498323 -0.161767
v 103.927895 1.054684 -0.349623
v 4.192082 -1.872397 -0.257999
v 76.519295 6.269967 -0.239444
v 27.000839 -3.532842 -0.464843
v 25.769268 -3.702737 -0.411385
v 28.409006 4.321862 -0.207681
v 85.958298 -5.520215 -0.376602
v 5.163991 -1.129257 -0.340132
v 8.477245 -1.979343 -0.328737
v 63.401295 6.275684 -0.109937
v 0.906109 1.635392 -0.315902
v 9.212212 3.124569 -0.560453
v 91.832497 5.344944 -0.143839
v 33.230663 -5.783657 -0.401180
v 7.320332 3.116447 -0.096346
v 6.092408 2.858782 -0.763641
v 108.955612 -1.201294 -0.539940
v 6.661068 -0.516707 -0.311345
v 8.985599 -2.199224 -0.359298
v 19.878736 6.269456 -0.201787
v 92.718048 4.990531 -0.263667
v 33.129997 5.817498 -0.151038
v 23.532379 6.228876 -0.297701
v 2.710997 2.894088 -0.339443
v 106.517731 -0.618915 -0.317426
v 2.229283 1.152906 -0.325652
v 100.289932 2.159034 -0.252666
v 92.228477 -4.996001 -0.364272
v 5.485483 0.192773 -0.376995
v 90.700821 -6.051023 -0.322318
v 3.757368 -1.815848 -0.359672
v 8.291437 -1.280022 -0.378209
v 101.128265 2.233208 -0.366635
v 0.546180 -1.227063 -0.539890
v 2.791228 -0.757961 -0.332065
v 69.882027 6.271885 -0.227322
v 102.496933 1.407420 -0.232849
v 4.098341 -0.901896 -0.329935
v 102.098824 -1.887928 -0.279785
v 7.677343 -1.803707 -0.355142
v 0.054691 1.922436 -0.349845
v 0.304874 -1.022452 -0.450883
v 95.053719 -3.701807 -0.368529
v 0.008095 -0.596563 -0.327246
v 8.028716 -1.861889 -0.337265
v 0.135952 1.838397 -0.293446
v 25.133623 5.663477 -0.672981
v 6.122508 -2.226933 -0.409308
v 92.757614 -4.680308 -0.381970
v 91.487259 -5.386027 -0.405967
v 6.567545 -1.746219 -0.485253
v 0.234334 -0.598639 -0.314728
v 100.962006 -1.806278 -0.452944
v 1.881232 -1.405950 -0.346081
v 5.133246 -2.105103 -0.415987
v 0.570737 2.181981 -0.401135
v 93.663895 -4.273454 -0.367382
v 8.854032 -2.678348 -0.458432
v 2.074905 2.847592 -0.326097
v 97.538528 3.222481 -0.598068
v 99.201134 2.402867 -0.286515
v 101.267929 -1.863092 -0.424201
v 105.500465 -0.414170 -0.511220
v 22.647099 -4.977803 -0.376776
v 6.321651 -2.277548 -0.519688
v 24.071678 5.821293 -0.360400
v 91.486496 -5.077516 -0.570911
v 32.768017 -5.339650 -0.575297
v 8.007613 -0.865744 -0.452262
v 4.542775 -1.312574 -0.536205
v 3.509981 2.931259 -0.496968
v 9.457213 -2.775529 -0.448976
v 7.313099 -0.512149 -0.439190
v 34.524971 -6.042408 -0.721114
v 9.305718 -1.702407 -0.503200
v 97.813049 -2.881589 -0.527949
v 98.310730 2.971582 -0.573244
v 0.918385 2.367632 -0.483428
v 29.521967 4.538718 -0.561008
v 8.198389 -2.527602 -0.504132
v 6.470936 -0.182051 -0.399449
v 39.429340 -6.063177 -0.594253
v 16.503574 -4.707930 -0.395671
v 102.776062 -1.877113 -0.421063
v 16.893021 5.132705 -0.317254
v 0.962663 1.881452 -0.525213
v 75.591667 -4.847379 -0.571177
v 108.248184 1.844534 -0.626072
v 104.679451 1.516096 -0.422132
v 88.239014 -6.232965 -0.412579
v 4.504579 0.843116 -0.572190
v 61.145016 -6.065603 -0.624039
v 11.911068 -3.271802 -0.585619
v 31.930708 -4.629287 -0.469190
v 8.881006 -1.356078 -0.489457
v 66.605896 -6.088681 -0.383887
v 6.849213 -1.928152 -0.537519
v 103.666031 1.231933 -0.670100
v 107.153915 1.902108 -0.849929
v 13.264376 3.857095 -0.630191
v 104.654373 0.924477 -0.471039
v 5.505887 -1.562398 -0.543802
v 71.973145 -6.065457 -0.697555
v 1.409625 2.618244 -0.671030
v 76.835709 -4.424295 -0.706722
v 79.130417 -4.102108 -0.502461
v 81.339645 -4.221353 -0.504910
v 74.361595 -5.636301 -0.610988
v 10.838008 -3.021977 -0.708793
v 22.260897 -5.475385 -0.369816
v 18.642620 5.783034 -0.434932
v 106.094231 -1.826600 -0.592789
v 0.628357 -0.857842 -0.541610
v 31.278521 4.855990 -0.443609
v 0.294069 2.000098 -0.549587
v 46.422993 6.248843 -0.433362
v 58.235462 6.236698 -0.629727
v 99.737045 2.579848 -0.515080
v 85.351692 -5.241815 -0.591287
v 83.345840 -4.615919 -0.525079
v 100.350632 2.436493 -0.450825
v 90.737556 -5.472515 -0.597182
v 66.918289 6.239367 -0.634744
v 77.119217 6.244114 -0.595200
v 1.868215 -1.603739 -0.636332
v 85.184517 6.253668 -0.526728
v 82.114540 6.237533 -0.668135
v 5.726763 2.904955 -0.669560
v 5.646363 -2.345302 -0.612874
v 108.953606 -0.357015 -1.111514
v 2.082103 -0.983173 -0.560610
v 7.882829 -2.436890 -0.561569
v 108.941452 0.923037 -0.204367
v 105.093407 0.829732 -0.552652
v 2.325726 1.516479 -0.576388
v 104.384613 1.031206 -0.689454
v 21.154171 6.243145 -0.349416
v 3.392460 -1.115674 -0.545801
v 9.379023 -2.174048 -0.418981
v 92.950798 -4.188922 -0.726478
v 6.962110 2.960338 -0.515127
v 100.939034 -1.839314 -0.541285
v 90.487015 5.862381 -0.630547
v 26.025837 4.563566 -0.119609
v 7.767226 -2.194704 -0.573570
v 108.789742 -1.102623 -0.058917
v 9.973490 -2.865357 -0.539117
v 98.842377 -2.510623 -0.673794
v 100.102524 -2.099136 -0.667473
v 24.389248 -3.803849 -0.657751
v 8.036095 -2.351497 -0.562629
v 6.374036 -1.856052 -0.632461
v 22.647022 -4.635982 -0.551533
v 7.440748 -2.116270 -0.609337
v 45.824432 -6.055418 -0.620759
v 0.286002 -0.883130 -0.665583
v 94.048241 -3.763708 -0.727268
v 7.457109 -2.357313 -0.541530
v 28.032074 4.468325 -0.421456
v 95.170341 4.050650 -0.490169
v 105.406395 -0.417842 -0.523085
v 0.089942 -0.786377 -0.565386
v 96.782753 3.473749 -0.574510
v 93.450081 4.711217 -0.338003
v 6.309076 -2.262474 -0.612859
v 2.699233 -1.925171 -0.850233
v 10.299341 -2.178851 -0.663731
v 6.751344 0.042574 -0.613133
v 27.582535 -3.497138 -0.521571
v 29.298277 4.636906 -0.749830
v 7.937704 -0.451706 -0.664545
v 32.295895 5.255395 -0.352791
v 8.761497 -0.895098 -0.669553
v 35.799961 6.264740 -0.300149
v 5.171417 -1.692020 -0.744793
v 10.103675 -2.530105 -0.562836
v 6.876613 -2.265557 -0.638001
v 5.720016 0.448812 -0.592041
v 22.840910 -4.292311 -0.698646
v 95.987755 3.756796 -0.543141
v 0.940072 -1.523061 -0.760315
v 99.027954 2.757001 -0.543753
v 105.257301 2.086929 -0.578298
v 0.650976 2.110314 -0.764966
v 24.075798 6.219958 -0.517595
v 75.409081 -5.034816 -0.934447
v 1.007434 -1.060549 -0.762382
v 102.132744 2.013689 -0.916471
v 105.538033 -1.039083 -0.610967
v 30.218285 -3.905848 -1.039824
v 4.156991 2.952383 -0.688317
v 2.209766 2.979291 -0.723175
v 28.205042 -3.468372 -0.781316
v 20.936737 -6.039075 -1.005775
v 13.607601 -3.634743 -0.791589
v 52.262047 -6.065225 -0.600477
v 3.703963 -2.009818 -0.724218
v 18.900442 -5.599023 -0.812678
v 101.538551 2.150390 -0.600044
v 3.088238 1.525357 -0.793609
v 16.879805 -4.796961 -0.851479
v 9.614615 -1.462964 -0.680517
v 2.066906 2.939203 -0.701272
v 27.671759 4.924150 -0.910531
v 4.532371 -1.512577 -0.728979
v 15.526490 4.587989 -0.610011
v 0.972541 2.388747 -0.622339
v 104.602905 -0.265581 -0.695670
v 105.528229 1.310318 -0.649419
v 35.132374 6.208163 -0.836115
v 10.061666 3.172562 -0.772383
v 96.044769 -3.324877 -0.428072
v 76.231415 -4.664692 -0.941144
v 100.077042 2.380359 -0.862354
v 12.245692 3.594173 -0.825731
v 30.393219 4.645165 -0.538996
v 32.893707 5.679528 -0.593815
v 31.990856 -4.831172 -0.988430
v 91.787621 -4.715528 -0.717157
v 77.388283 -4.292268 -0.645740
v 6.477382 -1.956654 -0.745559
v 29.645830 -3.713931 -0.991121
v 77.039680 6.217589 -0.837698
v 101.060043 2.174872 -0.616885
v 11.071860 -3.066366 -0.770876
v 105.605293 0.717404 -0.624441
v 88.791023 -6.229371 -0.840821
v 100.936142 -1.758882 -0.829258
v 82.687279 -4.444922 -0.864762
v 24.777197 6.201040 -0.803746
v 4.518534 1.096731 -0.800739
v 88.233215 6.266959 -0.453897
v 104.172226 1.225061 -1.155362
v 79.626335 -4.120012 -0.863978
v 6.840852 -2.118751 -0.762015
v 67.717308 -6.043265 -0.829322
v 108.960457 1.806483 -0.575525
v 84.409943 -4.883793 -0.907213
v 105.405006 -1.775246 -0.812545
v 108.956528 1.176682 -0.723292
v 5.095197 -2.410713 -0.792508
v 0.584070 -1.072012 -0.881974
v 14.367991 4.199982 -0.604568
v 19.872808 6.232900 -0.613295
v 89.152115 -6.037755 -0.813425
v 92.971375 4.831744 -0.775033
v 6.610246 -2.201782 -0.765631
v 3.478928 -2.166115 -1.016445
v 106.205780 0.618997 -0.734395
v 6.067081 0.563546 -0.809057
v 104.273804 -1.748341 -0.811935
v 74.023842 -6.070713 -0.929590
v 5.865673 -1.885932 -0.840499
v 96.319023 -3.031661 -0.821191
v 32.089401 5.258318 -0.685384
v 104.209908 -0.212487 -0.791727
v 9.099891 -0.782795 -0.894078
v 4.235672 -2.345312 -1.002867
v 106.776299 0.478050 -0.841360
v 30.179127 4.767657 -0.841441
v 8.527463 -0.389923 -0.973746
v 5.751092 -2.177776 -0.835851
v 104.845337 -1.704592 -0.998793
v 106.105827 1.492347 -0.825299
v 21.374342 -4.732213 -1.004218
v 27.854881 4.648171 -0.637287
v 90.475761 -5.168026 -0.881237
v 1.341936 -1.810922 -0.981674
v 2.712865 -1.237345 -0.781859
v 7.386260 0.029510 -0.845691
v 104.926659 -1.053538 -0.796639
v 22.093908 -3.970819 -1.107126
v 26.746782 5.031173 -0.763183
v 10.384670 -1.699868 -0.876492
v 4.759256 -2.411742 -0.888690
v 91.786255 5.308220 -0.678128
v 105.817116 2.034443 -0.776156
v 10.235703 -1.367650 -1.004459
v 1.535411 1.950442 -0.777328
v 99.727219 -2.130463 -0.984332
v 99.977097 2.255927 -1.176144
v 1.050858 -1.520266 -0.933288
v 28.977734 4.776758 -0.936868
v 20.008152 -5.990966 -1.201840
v 74.789528 -5.449067 -0.998801
v 4.677569 1.234245 -1.006270
v 104.004036 -0.460500 -0.898383
v 104.382080 -0.836971 -0.911594
v 5.217756 -2.084398 -0.972587
v 90.520302 -4.890761 -1.082648
v 3.359532 -1.413041 -0.893944
v 25.200676 -3.482292 -0.938901
v 14.921367 -4.033504 -1.035347
v 101.340981 1.974008 -1.014097
v 24.026112 -3.334794 -1.335337
v 2.944122 1.764390 -1.021164
v 4.907042 -2.029548 -1.069743
v 106.750191 1.911024 -1.081095
v 31.274469 -4.417285 -1.149108
v 39.095234 -5.985484 -1.125006
v 102.264679 1.721312 -0.614697
v 3.477101 2.923509 -0.875372
v 102.592361 -1.784359 -0.772833
v 78.735184 -4.183789 -1.078430
v 88.002350 -6.085116 -0.821626
v 44.320633 -5.993484 -1.042773
v 107.589394 0.358230 -0.953966
v 49.108467 -6.005252 -1.024893
v 8.383808 3.000159 -0.722169
v 11.931596 -3.216404 -0.956974
v 60.386684 -6.021448 -0.937669
v 100.923592 1.942903 -1.123847
v 5.838168 -2.042009 -0.914967
v 31.266031 -4.309309 -0.754094
v 22.173256 6.169846 -0.975515
v 40.095871 6.222235 -0.739792
v 11.223855 -2.481511 -0.875901
v 47.049690 6.170903 -1.046827
v 97.780113 -2.738315 -1.125844
v 2.245590 2.966373 -0.942423
v 60.747837 6.176629 -1.050021
v 86.984589 -5.797251 -0.720526
v 7.218678 2.861818 -0.789923
v 48.312813 6.201265 -0.874540
v 67.952728 6.185047 -1.026827
v 30.616791 -4.081609 -1.126432
v 73.854935 6.211984 -0.834682
v 81.666687 -4.273143 -0.961510
v 93.209381 -3.797298 -1.081166
v 80.343559 -4.136925 -0.844795
v 26.397995 -3.426895 -0.863499
v 83.029442 6.180225 -1.078030
v 28.926136 -3.550388 -1.214873
v 11.414865 -2.736375 -0.887215
v 33.449348 6.225225 -0.855243
v 87.878281 6.185785 -1.050906
v 88.731941 -5.666831 -1.202030
v 28.739557 5.011410 -1.204187
v 9.857896 -1.011400 -1.087425
v 97.230446 -2.825912 -0.889295
v 86.141083 -5.434565 -1.056072
v 4.576803 -2.402837 -0.979240
v 12.047890 -2.759551 -1.085763
v 91.625076 5.273940 -1.177797
v 104.303818 -1.618211 -1.167794
v 96.388069 3.415214 -1.323569
v 108.954811 0.185564 -1.104081
v 94.078476 4.372633 -0.976155
v 96.427719 3.536619 -0.894625
v 107.500076 0.325605 -0.959203
v 97.937347 2.911860 -1.187540
v 5.698613 -1.924811 -0.965664
v 103.428223 -0.134390 -0.916060
v 103.314774 -0.111396 -0.977711
v 103.031555 1.501561 -0.785363
v 7.550694 0.243537 -1.156603
v 23.192017 -3.776822 -0.984420
v 2.042158 2.856276 -0.946593
v 108.950722 1.591467 -1.352418
v 21.812212 -4.421344 -0.962386
v 8.059695 2.812601 -1.029199
v 103.891403 -1.082997 -1.146231
v 32.360794 -5.216719 -1.152238
v 108.378281 -1.210756 -1.186759
v 33.272984 6.187029 -1.135816
v 4.327297 -1.700332 -1.074886
v 106.188416 0.600725 -0.804004
v 102.412117 1.948067 -1.045988
v 3.684328 -2.311785 -1.127006
v 12.964412 -3.482521 -0.758706
v 108.960472 -1.274233 -1.032367
v 1.058492 2.208182 -1.041689
v 103.312538 -0.206530 -0.974623
v 28.271696 -3.442149 -1.206074
v 94.761131 -3.471629 -0.794816
v 108.869789 -1.314589 -1.064942
v 33.164875 -6.005987 -1.016686
v 23.824141 -3.668224 -0.955750
v 1.600256 -1.974415 -1.145000
v 100.894897 -1.598704 -1.162892
v 4.389609 1.523710 -1.272683
v 5.078104 -1.871297 -1.051739
v 108.939865 1.695881 -1.023091
v 1.477244 -1.266845 -1.017953
v 75.343521 -5.260496 -1.338449
v 4.436407 -2.091763 -1.187701
v 26.168619 5.631992 -1.013739
v 107.720604 0.922447 -1.152393
v 16.565273 -4.610201 -1.149818
v 107.028725 0.771832 -0.945165
v 4.185013 -2.084616 -1.256243
v 21.265110 -5.378053 -0.883675
v 2.279147 2.043669 -1.169899
v 102.661644 -0.034965 -1.097751
v 34.635708 -5.954169 -1.253741
v 8.512665 2.837842 -1.126776
v 108.867233 -1.326083 -1.140952
v 19.890814 6.189293 -0.961396
v 2.077446 -2.238354 -1.491578
v 1.314170 2.260092 -1.200050
v 15.154233 4.367267 -1.046140
v 76.724167 -4.562838 -1.153797
v 71.234344 -5.941680 -1.366232
v 11.682696 3.361606 -1.229797
v 77.613220 -4.340740 -1.144174
v 53.069851 -6.001070 -1.040916
v 87.223228 -5.765051 -1.280689
v 107.491714 1.773932 -1.287623
v 80.600616 -4.195724 -1.279607
v 60.199825 -5.959842 -1.263585
v 83.691902 -4.674190 -1.173969
v 18.117483 5.501106 -0.988615
v 36.700310 6.130587 -1.259983
v 55.465603 6.192647 -0.961785
v 53.952442 6.126931 -1.290221
v 95.382317 3.882640 -1.035666
v 25.269850 -3.319248 -1.252011
v 24.975786 6.132849 -1.203326
v 7.626112 2.640193 -1.165372
v 7.100639 2.611063 -1.165631
v 10.181419 2.996218 -1.382483
v 3.409678 -2.322797 -1.223022
v 88.094765 -6.027781 -1.249427
v 2.489338 -1.503798 -1.298948
v 94.497009 -3.344477 -1.138625
v 24.546499 -3.327034 -1.295597
v 25.502800 6.152190 -1.063716
v 5.819823 2.630289 -1.147103
v 98.952873 -2.280249 -1.275986
v 4.473590 -1.918636 -1.200180
v 31.800707 5.253764 -0.965351
v 96.560204 -2.841871 -1.207294
v 2.958032 1.968264 -1.340117
v 32.885262 -5.928300 -1.440462
v 92.925400 4.673714 -1.478492
v 8.043692 2.603900 -1.205070
v 74.374664 -5.761994 -0.954995
v 103.638199 -0.097562 -1.147117
v 16.589270 4.924416 -0.953488
v 108.842545 0.110617 -1.196342
v 32.709095 5.726152 -1.040956
v 108.953911 -0.982972 -1.368386
v 23.536999 -3.415746 -1.274044
v 11.454266 -1.852427 -1.307506
v 26.651070 -3.266194 -1.438504
v 12.897286 -3.347832 -1.244054
v 90.956352 -4.398013 -1.396677
v 31.359734 5.099718 -0.969955
v 101.947380 -1.588318 -1.171876
v 13.836498 -3.482048 -1.613789
v 108.943527 1.442209 -1.544694
v 108.952988 0.614920 -1.308210
v 8.514466 -0.047645 -1.390626
v 102.453590 -0.009627 -1.140284
v 103.847755 -1.538361 -1.326090
v 103.610085 1.610240 -1.534633
v 11.735351 -2.307520 -1.156317
v 5.680027 0.971396 -1.116237
v 92.043823 -3.805961 -1.692851
v 29.738363 5.048511 -1.293375
v 98.986946 2.595280 -1.096235
v 101.596611 0.187220 -1.252834
v 90.967888 5.602897 -0.941175
v 102.096756 0.110982 -1.243695
v 107.881889 -1.103299 -1.403824
v 20.984596 -5.690140 -0.995379
v 22.613260 -3.454806 -1.359243
v 107.237679 1.817262 -1.226754
v 108.626175 0.596853 -1.273700
v 2.240580 2.701612 -1.334380
v 10.821120 -1.314972 -1.387735
v 0.941258 -1.247514 -1.204920
v 3.481976 -2.117980 -1.335739
v 73.107094 -5.968526 -1.291833
v 8.992791 2.386380 -1.239807
v 102.934319 1.816171 -1.263490
v 27.596273 5.261777 -1.206350
v 101.360474 1.800902 -1.267876
v 21.094114 -4.016141 -1.358390
v 20.498184 -5.190119 -1.288083
v 102.921165 0.035855 -1.309984
v 8.673020 2.277281 -1.287061
v 95.552536 -3.030751 -1.237596
v 101.283531 0.233218 -1.320422
v 108.573311 0.041553 -1.294926
v 6.789071 0.568690 -1.149948
v 12.681686 -2.926822 -1.275473
v 103.339615 -0.961923 -1.297227
v 103.181015 1.743055 -1.376967
v 3.565948 -1.714022 -1.293556
v 9.163673 2.905732 -1.190436
v 108.258789 1.617390 -1.460821
v 108.276772 -1.158226 -1.325681
v 74.320648 -6.010364 -1.263748
v 78.169312 -4.327826 -1.429571
v 9.381350 2.446487 -1.254057
v 94.225739 4.229859 -1.285096
v 108.519997 0.072701 -1.150611
v 15.442354 -4.106575 -1.437802
v 90.061447 -4.703527 -1.454766
v 17.914225 -5.105264 -1.316305
v 76.326828 -4.833540 -1.501443
v 10.078867 2.419653 -1.346194
v 13.448212 -3.447344 -1.362710
v 3.991533 -1.872279 -1.314744
v 1.882463 -1.473258 -1.390849
v 108.048965 1.649274 -1.435642
v 1.675622 2.319872 -1.422978
v 31.773468 -4.944491 -1.601497
v 13.326826 3.768866 -1.080171
v 85.276588 -5.139622 -1.135890
v 9.243725 -0.406048 -1.383330
v 108.159302 0.164196 -1.031653
v 50.684647 -5.932548 -1.367316
v 43.639774 -5.923763 -1.372297
v 65.206871 -5.966101 -1.244067
v 105.810555 -0.510996 -1.148538
v 20.202711 -5.980321 -1.415378
v 37.144783 6.065616 -1.527167
v 44.231964 6.129827 -1.252287
v 34.141178 6.117647 -1.361572
v 62.651642 6.079473 -1.498858
v 49.894146 6.079569 -1.495938
v 1.252118 -1.391181 -1.439307
v 76.332222 6.144798 -1.251940
v 69.482964 6.138180 -1.267037
v 100.830162 -1.364542 -1.491953
v 30.734426 5.053356 -1.169092
v 32.571198 5.787252 -1.263577
v 105.329002 -0.434468 -1.956617
v 101.746758 1.639562 -1.455477
v 74.940842 -5.573937 -1.399852
v 10.087791 -0.885402 -1.355714
v 89.568893 6.208491 -1.025113
v 29.229868 -3.711396 -1.861165
v 97.496239 -2.694211 -1.541250
v 99.844360 -1.887266 -1.394364
v 106.208992 -0.668044 -1.782565
v 101.988770 0.025947 -1.228997
v 83.273193 -4.602553 -1.595790
v 82.017792 -4.365525 -1.454691
v 25.874289 -3.243181 -1.421529
v 2.309963 -2.295478 -1.502092
v 107.208344 0.361677 -1.570897
v 6.262286 2.412095 -1.395145
v 7.746386 0.451010 -1.591331
v 108.815491 0.837428 -1.409104
v 30.294161 5.040431 -1.241745
v 4.965230 1.504946 -1.531982
v 104.232498 1.382692 -1.715697
v 20.547907 -4.496787 -1.394826
v 7.727232 2.185756 -1.557460
v 107.094437 -0.904863 -1.589650
v 26.454985 6.075192 -1.364019
v 103.333336 -1.422835 -1.501704
v 20.223612 -5.772507 -1.405640
v 108.589088 1.577859 -1.460106
v 103.299530 0.133080 -1.823835
v 10.481956 2.647193 -1.418517
v 108.956223 -0.523467 -1.605477
v 6.493933 0.962950 -1.581661
v 97.144989 2.913518 -1.799093
v 13.433332 -3.412105 -1.421641
v 104.406311 1.305350 -1.764378
v 21.439373 -3.718891 -1.400464
v 88.874535 -5.170677 -1.508274
v 19.849770 -5.815359 -1.668436
v 3.611769 -1.885443 -1.473508
v 3.416383 -1.835794 -1.531992
v 13.480857 -3.110647 -1.566110
v 10.899886 2.010504 -1.505208
v 100.865791 1.654870 -1.495471
v 101.628876 -0.439931 -1.668857
v 2.870300 -2.302878 -1.369668
v 13.068408 3.552926 -1.505157
v 102.378525 0.213178 -1.459951
v 108.262985 1.480635 -1.449029
v 19.811949 -5.055325 -1.652208
v 30.463203 -4.208091 -1.827461
v 46.398888 6.054900 -1.561595
v 19.888670 6.096761 -1.417437
v 1.671608 -1.840942 -1.383030
v 31.248159 -4.630789 -1.740042
v 104.987267 0.951582 -1.241894
v 102.349167 -0.647494 -1.539269
v 108.916122 1.128817 -1.517786
v 75.889671 6.012877 -1.778898
v 31.149982 5.475306 -1.601982
v 31.912071 -5.228384 -1.875066
v 79.069778 -4.358556 -1.825738
v 9.440127 1.765659 -1.478353
v 18.978409 -5.520896 -1.373185
v 10.325937 1.892819 -1.466694
v 11.153176 3.079405 -1.622731
v 108.920288 -0.112905 -1.304443
v 28.227512 5.311125 -1.408589
v 108.346169 0.044744 -1.869940
v 24.236746 -3.112636 -1.634686
v 89.550545 6.066615 -1.633031
v 35.309982 -5.843600 -1.690987
v 27.528519 5.565123 -1.415498
v 15.162723 4.258448 -1.414283
v 86.326683 -5.456610 -1.666408
v 108.674683 1.449945 -1.578096
v 77.987846 -4.483284 -1.803763
v 85.171654 -5.095686 -1.593942
v 105.629860 0.751039 -1.231343
v 96.890060 -2.729008 -1.483561
v 27.443727 6.000512 -1.661044
v 67.011047 -5.855057 -1.693771
v 98.913162 2.415209 -1.487346
v 101.806328 -1.186052 -1.710197
v 102.225456 -1.374422 -1.500448
v 15.297071 -3.903081 -1.848921
v 2.259297 2.335121 -1.746290
v 79.577805 -4.207693 -1.443248
v 28.564575 -3.534320 -1.931664
v 98.266960 -2.305704 -1.716736
v 94.858063 -2.998683 -1.748639
v 3.905377 1.819005 -1.546481
v 100.173431 1.872478 -1.597172
v 29.733984 -3.881114 -1.800254
v 102.411461 1.408408 -1.668858
v 11.024632 2.274251 -1.501649
v 80.993233 -4.301911 -1.721963
v 95.657471 -2.834841 -1.817948
v 59.461800 -5.846732 -1.698229
v 12.301929 -1.865256 -1.825049
v 19.731277 -5.261771 -1.702428
v 104.129753 -0.136759 -1.533595
v 32.846645 6.105948 -1.496591
v 25.109747 -3.102411 -1.742479
v 107.902283 -0.683892 -1.608466
v 87.333420 -5.767849 -1.742799
v 22.122965 6.085789 -1.413513
v 27.307325 -3.306257 -1.511643
v 108.852356 1.451265 -1.629307
v 57.700287 6.078884 -1.490620
v 18.493832 5.518695 -1.503995
v 100.713318 1.455898 -1.740916
v 6.402431 2.179672 -1.639709
v 108.905182 -0.076775 -1.806882
v 16.938084 -4.631266 -1.570133
v 102.693901 0.293566 -1.739336
v 2.105999 -2.181290 -1.597110
v 103.641502 0.006927 -1.718297
v 10.271424 -0.607826 -1.897342
v 10.611092 -0.945756 -1.660165
v 81.536102 6.095029 -1.490739
v 11.611642 1.530046 -1.683087
v 3.613662 2.027082 -1.855721
v 11.714504 2.539371 -1.650042
v 102.680923 -1.247471 -1.710393
v 20.809168 -2.936268 -1.871465
v 32.548477 -5.834638 -1.829649
v 87.386032 6.072527 -1.570862
v 1.647919 -1.522765 -1.705217
v 21.684622 -3.185282 -1.654987
v 11.825242 1.830852 -1.653011
v 1.547954 -1.549754 -1.636844
v 8.934474 -0.012773 -1.768782
v 31.920540 5.550967 -1.382452
v 20.410902 -3.530541 -1.707030
v 12.946754 -2.612302 -1.581503
v 2.071342 -1.751778 -1.899016
v 8.491597 1.683168 -1.652360
v 11.996231 3.162857 -1.860585
v 19.913542 -3.797318 -1.785735
v 12.240897 1.779248 -1.701571
v 53.819168 -5.850055 -1.681682
v 8.249387 1.584948 -1.810688
v 22.935822 -3.155893 -1.591631
v 22.340252 -2.919452 -1.814765
v 100.946854 1.375221 -1.742735
v 101.062737 0.614097 -1.582719
v 101.077377 -0.071612 -1.590101
v 100.773659 -1.173828 -1.697963
v 77.346161 -4.548720 -1.621939
v 16.565947 4.765180 -1.494978
v 28.058815 5.950115 -1.808511
v 98.876152 -1.883923 -1.925991
v 100.004913 -1.631599 -1.632654
v 12.489090 2.714420 -1.861905
v 11.170391 1.275625 -1.725309
v 107.153854 -0.348065 -1.807346
v 12.158796 1.384114 -1.747774
v 33.976215 -5.776987 -1.903280
v 18.124847 -5.027646 -1.829437
v 2.969501 -1.814649 -1.652666
v 19.963644 -4.527939 -1.634833
v 2.939546 2.411999 -1.635413
v 87.946045 -4.933039 -2.137697
v 75.446777 -5.517296 -1.827282
v 16.416826 -4.296417 -1.909120
v 9.095982 1.508871 -1.638471
v 98.965088 2.182196 -1.787512
v 76.193581 -5.169890 -1.967023
v 101.479782 -0.861725 -1.928596
v 29.327637 5.426276 -1.667297
v 82.447227 -4.530993 -2.002823
v 93.902824 -3.273074 -1.642379
v 11.903619 3.153257 -1.824954
v 62.666416 5.962151 -1.899232
v 101.509918 0.528535 -1.588456
v 93.046295 -3.480036 -1.728159
v 44.218788 -5.841797 -1.684843
v 78.759560 6.031362 -1.716390
v 2.199615 -1.959963 -1.744720
v 83.527344 6.040009 -1.702583
v 49.503891 -5.846843 -1.697268
v 96.956337 -2.641418 -2.138553
v 14.285596 -3.525947 -1.874107
v 83.257286 -4.660943 -1.991759
v 63.353809 -5.846920 -1.694718
v 74.689590 -5.928308 -1.584885
v 25.843866 5.999433 -1.692864
v 11.705340 -1.446018 -1.864339
v 107.619812 0.234970 -1.970114
v 23.009672 -2.778836 -2.002668
v 87.583321 -5.496816 -1.814905
v 71.265320 -5.795095 -1.882584
v 23.329058 -2.768206 -2.056013
v 24.227152 -2.953389 -1.912193
v 102.180023 -1.040944 -1.842119
v 20.112011 -2.885333 -1.970697
v 94.088928 4.100135 -1.773144
v 12.698038 1.196387 -1.865658
v 9.504999 -0.188945 -1.961977
v 90.647873 5.533109 -1.748758
v 10.472246 1.211737 -1.730557
v 101.779129 -0.869195 -1.920204
v 26.692566 -3.192550 -1.911604
v 104.752869 -0.281017 -1.532126
v 28.780853 5.634893 -1.761986
v 19.374672 -4.077652 -1.919848
v 90.481842 -4.298442 -1.754627
v 101.674850 1.095293 -1.896022
v 13.711455 -2.817750 -1.906176
v 104.795357 1.161979 -1.834760
v 2.828128 2.219589 -1.873266
v 80.061348 -4.356121 -2.004290
v 19.906012 -3.209023 -1.908972
v 101.031448 1.064132 -1.960043
v 100.754364 -0.833838 -1.927257
v 8.992115 1.219122 -1.877749
v 1.954870 -1.640413 -1.897315
v 21.231342 -2.609577 -2.036288
v 91.894905 5.051078 -1.593600
v 14.651302 -3.541320 -2.099265
v 19.396889 -4.766932 -1.887599
v 2.156039 -1.750396 -1.923763
v 101.099243 0.076042 -1.504901
v 14.818996 4.053041 -1.630225
v 19.441404 -5.561365 -1.942530
v 6.769119 1.938275 -1.848987
v 3.332651 2.125243 -1.907858
v 103.075150 1.138755 -1.845406
v 98.966049 1.897023 -2.081125
v 30.313957 5.501934 -1.752668
v 12.089479 0.834765 -1.932836
v 105.360313 0.937199 -1.926086
v 87.244225 -5.163353 -2.219125
v 4.294979 1.925962 -2.006958
v 100.897705 1.064244 -1.905238
v 102.232002 0.697145 -2.031708
v 17.644857 -4.680087 -2.166359
v 18.923601 -3.842047 -2.112622
v 25.940933 -3.081519 -2.045947
v 13.092748 1.627295 -1.870388
v 31.189108 -4.862382 -2.239402
v 3.647251 2.068177 -1.936560
v 101.301682 -0.698601 -2.000503
v 10.041748 1.077336 -1.811853
v 104.155350 0.889628 -1.935916
v 32.119541 5.996762 -1.819379
v 32.613064 6.000874 -1.845196
v 12.930781 2.115828 -1.849937
v 6.120012 1.443853 -2.222019
v 9.751084 1.001860 -1.891937
v 86.568642 -5.566801 -2.170814
v 22.227594 -2.515098 -2.176154
v 31.597397 5.935556 -1.960513
v 8.419482 0.383472 -2.057241
v 106.162735 0.657231 -2.000885
v 106.954117 0.213144 -1.985634
v 35.303875 5.970495 -1.853731
v 84.982208 -5.111663 -2.213733
v 48.180344 5.960265 -1.889674
v 39.805576 -5.658723 -2.223778
v 77.224037 -4.747787 -1.967496
v 54.867027 5.972701 -1.857839
v 42.021423 5.953125 -1.897899
v 73.706001 6.003319 -1.776826
v 68.831650 6.005286 -1.787133
v 44.860947 -5.733863 -2.013074
v 80.019974 5.894193 -2.142794
v 84.083824 -4.811360 -1.780552
v 92.784691 -3.273829 -2.416289
v 19.881193 5.964489 -1.859585
v 94.301094 3.775828 -2.267296
v 51.941799 -5.738193 -2.018612
v 6.019678 1.725697 -2.053870
v 62.224834 -5.742771 -2.010535
v 105.062363 0.654854 -1.987335
v 86.469093 5.860578 -2.231022
v 83.447617 5.855290 -2.265819
v 73.200836 -5.809068 -1.858063
v 106.413361 0.368739 -2.030605
v 23.737368 5.851339 -2.159279
v 14.391184 -3.227427 -2.058089
v 101.775009 0.857436 -2.010955
v 30.916660 5.894666 -2.046889
v 106.875534 0.444957 -2.023635
v 29.177011 5.899697 -2.006966
v 95.819244 3.360749 -1.919816
v 19.400539 -2.832473 -2.082576
v 11.515573 -1.155580 -2.123003
v 92.372490 4.639678 -2.137959
v 103.608040 0.146034 -2.135371
v 27.201666 -3.263495 -2.108245
v 8.311012 0.718031 -2.536633
v 5.298465 1.683958 -2.122136
v 105.277634 0.008115 -2.040868
v 16.510174 4.585475 -1.897716
v 8.627872 1.126719 -2.101393
v 102.931061 0.400406 -2.042762
v 102.324196 0.723119 -2.063081
v 24.771873 -2.869600 -2.228725
v 13.871603 2.010078 -2.062156
v 19.044083 -3.300003 -2.098496
v 100.801056 -0.475819 -2.068828
v 104.089569 -0.053621 -2.119100
v 93.254677 4.236434 -2.200957
v 13.241439 -2.393220 -1.950330
v 97.630241 2.589554 -2.004625
v 102.769203 0.548412 -2.100944
v 103.460220 0.446631 -2.103905
v 32.225281 -5.731948 -2.149751
v 13.326708 -2.163790 -2.269981
v 98.873726 -1.556542 -2.218808
v 89.551277 5.880336 -2.201297
v 4.905303 1.789935 -2.071550
v 104.567673 -0.224274 -2.075800
v 13.936678 0.935560 -2.047935
v 91.843269 -3.584840 -2.242326
v 105.155563 0.222670 -2.062824
v 19.123899 -4.974472 -2.060162
v 14.343069 1.382074 -2.099221
v 12.606985 3.201054 -2.049877
v 14.999282 -3.545454 -2.311953
v 100.082863 1.443086 -1.986618
v 19.230505 -5.423979 -2.063356
v 14.660465 0.714932 -2.144829
v 12.390574 0.427502 -2.120907
v 10.704727 -0.627488 -2.344881
v 76.819916 -5.055494 -2.242162
v 7.814472 1.578081 -2.077198
v 78.040718 -4.746810 -2.361981
v 100.780899 -0.493253 -2.062205
v 16.794214 -4.177775 -2.418996
v 57.701675 5.809199 -2.297877
v 18.858101 -4.364582 -2.155112
v 18.825363 -5.161333 -2.291442
v 11.195305 0.667415 -2.011029
v 32.778694 -5.623688 -2.352208
v 13.652206 0.468263 -2.115270
v 9.167689 0.053189 -2.288701
v 14.546061 0.182379 -2.202027
v 100.708855 0.013595 -2.159344
v 65.745705 5.816281 -2.302331
v 15.536427 0.854117 -2.276164
v 13.075734 0.444358 -2.109034
v 30.076872 5.885598 -2.064680
v 19.879360 5.866721 -2.136043
v 14.768992 1.608538 -2.210332
v 8.991139 0.782910 -2.348748
v 51.378780 -5.623531 -2.312986
v 75.394112 -5.769620 -2.088870
v 86.195786 -5.480130 -2.370372
v 84.369286 -5.014302 -2.492849
v 68.917572 -5.632774 -2.317938
v 23.613848 -2.568358 -2.429483
v 29.646029 -4.088851 -2.523461
v 63.490181 -5.613613 -2.341240
v 77.410332 -4.953645 -2.424156
v 91.268448 5.156847 -2.039417
v 83.476227 -4.810635 -2.438247
v 19.910084 -2.383485 -2.150765
v 80.888077 -4.466448 -2.278654
v 96.233452 -2.711099 -2.065752
v 55.235119 -5.616597 -2.332918
v 18.718235 5.423650 -2.047575
v 97.919121 2.224643 -2.270210
v 93.813240 -3.067189 -2.273117
v 89.870285 -4.092947 -2.384090
v 14.428847 3.719683 -2.032525
v 81.802696 -4.512422 -2.227053
v 12.888694 -1.797662 -2.396135
v 89.982445 -3.925082 -2.652279
v 13.554820 3.499034 -1.919160
v 13.780323 2.708162 -2.214485
v 6.543690 1.320948 -2.294091
v 88.504631 -4.662845 -2.191530
v 88.382523 -4.338160 -2.703212
v 9.489450 0.718458 -2.208721
v 14.572408 2.057567 -2.248663
v 7.414784 1.044361 -2.406635
v 15.817802 1.056106 -2.361865
v 18.312738 -2.658830 -2.272347
v 14.673559 -3.185634 -2.282836
v 19.093863 -2.136786 -2.245364
v 92.746666 4.185533 -2.696513
v 15.469824 -0.155855 -2.268349
v 18.534248 -2.334546 -2.260955
v 99.150963 1.391153 -2.340547
v 10.318615 0.580709 -2.150484
v 99.110970 -1.231375 -2.328402
v 18.486164 -4.925894 -2.483580
v 15.927196 -0.225108 -2.293848
v 100.707512 0.549456 -2.114660
v 28.014587 5.813234 -2.261357
v 14.081125 -0.374271 -2.350726
v 16.456074 -0.174556 -2.342493
v 12.555606 0.072656 -2.297185
v 99.676521 -0.191725 -2.483342
v 16.486000 -0.881140 -2.339015
v 11.814079 -1.143692 -2.515915
v 97.728561 -2.245230 -2.162691
v 31.000187 5.787885 -2.344428
v 100.358597 0.991259 -2.113291
v 18.414072 -3.866255 -2.329901
v 100.076820 0.114103 -2.374453
v 18.311087 -3.324752 -2.299527
v 17.094320 -0.747947 -2.360562
v 15.923486 -1.045115 -2.382513
v 72.721245 -5.621887 -2.338935
v 13.510278 -0.038980 -2.274037
v 14.894152 -0.447129 -2.321547
v 17.496485 -1.640201 -2.360485
v 12.527599 -1.530088 -2.509810
v 19.476707 -1.790775 -2.343130
v 9.496562 -0.084994 -2.445402
v 17.690969 -1.284863 -2.366559
v 11.103810 0.331127 -2.249481
v 9.851946 -0.248773 -2.244306
v 20.766136 -2.055827 -2.332290
v 18.576237 -1.567354 -2.354824
v 21.454039 -2.300030 -2.254131
v 99.976982 -0.479293 -2.329596
v 17.051949 -1.925159 -2.417757
v 13.299149 3.225152 -2.282958
v 8.105215 1.204280 -2.306669
v 17.786028 -2.500418 -2.363331
v 47.550083 5.784007 -2.353838
v 15.026669 -0.850069 -2.417029
v 35.933594 5.796608 -2.321047
v 34.497696 -5.624863 -2.297568
v 42.013493 5.795606 -2.321749
v 50.164326 5.808105 -2.308906
v 73.475281 5.802990 -2.331239
v 16.325068 1.196559 -2.532367
v 60.394703 -5.577827 -2.426713
v 91.773712 -3.495673 -2.512557
v 45.589779 -5.609452 -2.335322
v 17.982208 -0.880607 -2.433195
v 76.973656 5.821898 -2.314451
v 26.425259 5.779413 -2.315464
v 10.479259 -0.473876 -2.537682
v 20.403318 -2.184167 -2.236996
v 99.064980 0.560839 -2.651007
v 31.755157 -5.571486 -2.536443
v 15.350090 -3.559296 -2.500501
v 25.578697 -2.880785 -2.792989
v 10.278049 0.258602 -2.483437
v 22.733334 -2.335395 -2.479394
v 32.544712 5.814928 -2.335327
v 79.226128 -4.564664 -2.355170
v 94.712479 -2.888013 -2.254078
v 16.376728 -1.489887 -2.420173
v 26.289371 -3.069521 -2.564469
v 29.060587 -3.863021 -2.615007
v 27.880486 -3.467063 -2.630132
v 14.700887 -2.771493 -2.722580
v 99.082817 -0.893893 -2.500088
v 19.861416 -1.527891 -2.480790
v 17.789175 -3.282689 -2.480797
v 83.091042 -4.856127 -2.788667
v 17.105423 -0.261348 -2.415998
v 16.620752 0.426588 -2.436303
v 17.466476 -0.024271 -2.524378
v 21.211407 -1.886763 -2.525049
v 14.877500 2.570431 -2.521252
v 30.320675 -4.450210 -2.539746
v 19.148174 -1.207764 -2.503817
v 97.119698 2.115941 -2.726914
v 14.026354 3.254393 -2.556677
v 7.871090 0.884581 -2.469810
v 15.261392 -3.312928 -2.588713
v 94.225250 3.471269 -2.789690
v 15.950085 -1.583575 -2.509841
v 18.236208 -0.536804 -2.557539
v 76.051704 -5.620074 -2.450678
v 91.574677 4.753860 -2.629715
v 8.717133 0.533086 -2.585843
v 21.899019 -1.985207 -2.612337
v 96.012253 2.998386 -2.381403
v 15.640682 1.874347 -2.519199
v 20.468325 -1.612309 -2.544527
v 18.473951 5.133084 -2.461946
v 96.891846 -2.356892 -2.556758
v 24.067156 -2.560001 -2.640251
v 14.668722 -2.966843 -2.480585
v 18.049486 -4.622344 -2.706284
v 11.796294 -0.127230 -2.514010
v 8.558712 0.842078 -2.530365
v 18.392193 -4.515448 -2.445083
v 9.223541 0.255662 -2.659575
v 9.834723 -0.237493 -2.538314
v 12.978260 -0.342233 -2.479794
v 98.410545 -1.523176 -2.458673
v 17.616053 -4.289539 -2.890406
v 79.597466 -4.740006 -2.770354
v 97.871590 -1.937924 -2.403025
v 14.195125 -0.816391 -2.521532
v 96.376762 2.500204 -2.749798
v 15.151354 -1.233698 -2.531052
v 15.304486 3.974830 -2.149690
v 76.238136 -5.586302 -2.540725
v 16.088001 -2.440707 -2.805128
v 41.266834 5.611868 -2.717560
v 34.140587 -5.388395 -2.794210
v 30.036003 5.600162 -2.752281
v 16.995428 1.201876 -2.751086
v 68.504715 5.611930 -2.742075
v 40.363350 -5.420832 -2.739560
v 16.104712 -3.722280 -2.688486
v 27.467127 -3.319448 -2.241416
v 10.981467 -0.681377 -2.713258
v 51.176201 -5.412369 -2.764531
v 9.792050 0.386765 -2.508964
v 45.136398 -5.414105 -2.753285
v 69.507874 -5.431616 -2.748945
v 54.720112 -5.419078 -2.757254
v 15.230293 -1.684179 -2.716170
v 94.418274 -2.849188 -2.859750
v 82.263985 -4.812713 -2.906687
v 78.400459 -4.956834 -2.817917
v 25.265245 -2.835665 -2.656996
v 23.001209 -2.102048 -2.913268
v 16.694727 -2.210402 -2.551383
v 20.183733 -1.110255 -2.777102
v 17.561598 0.293173 -2.630865
v 14.279978 -2.406909 -2.839572
v 85.473587 -5.345860 -2.703380
v 19.575209 -0.880250 -2.733252
v 10.997578 -0.032796 -2.595865
v 95.193985 -2.765204 -2.637650
v 86.154198 -5.149729 -2.633427
v 17.172770 -2.673222 -2.545297
v 8.955310 0.575909 -2.708651
v 87.403587 -4.563509 -2.824801
v 15.900439 -3.511459 -2.848199
v 15.763015 2.266350 -2.715082
v 21.220697 -1.496220 -2.831512
v 97.992119 1.758256 -2.596538
v 96.371979 -2.663018 -2.553443
v 90.304008 5.400529 -2.499740
v 18.814754 -0.402913 -2.738387
v 58.279514 5.607241 -2.735965
v 17.184114 -3.316949 -2.735424
v 79.284561 5.594681 -2.815485
v 98.050049 1.432577 -2.748497
v 22.488838 -1.964476 -2.855956
v 14.398056 -1.270647 -2.722169
v 59.187984 -5.379164 -2.824762
v 63.514408 -5.418192 -2.756588
v 86.321136 5.639059 -2.746169
v 97.090782 -1.871992 -2.847880
v 72.267151 -5.420559 -2.766971
v 13.415271 -0.846988 -2.710026
v 17.987759 -4.083528 -2.585706
v 12.435606 -0.535801 -2.716578
v 18.180964 0.194376 -2.786768
v 10.329861 -0.437876 -2.755546
v 9.721762 0.075230 -2.913502
v 99.021591 -0.482593 -2.646011
v 17.091108 4.530239 -2.484079
v 96.502747 2.027711 -3.054822
v 13.132317 -1.718539 -2.889867
v 10.210289 -0.122356 -3.112967
v 81.471642 -4.727772 -2.826436
v 19.891541 5.683298 -2.573822
v 46.620659 5.613044 -2.719939
v 11.644134 -0.342470 -2.740846
v 97.861015 -1.161946 -2.882606
v 14.437572 3.263233 -2.724246
v 75.111000 -5.389684 -2.866677
v 16.742504 -2.958036 -2.773373
v 80.450111 -4.671599 -2.752960
v 10.642780 -0.030315 -2.724387
v 23.102192 5.643746 -2.655667
v 9.309125 0.391030 -2.820518
v 35.831814 5.604642 -2.737228
v 17.535509 -3.745688 -2.735138
v 51.349274 5.611626 -2.734566
v 26.151300 5.584732 -2.745491
v 62.248070 5.614773 -2.733683
v 13.667242 -2.003218 -2.922236
v 72.822136 5.605831 -2.755873
v 26.540609 -3.130163 -3.159362
v 32.574711 5.612892 -2.770454
v 86.792877 -4.848283 -2.716856
v 23.598328 -2.238832 -3.014868
v 76.176430 5.622217 -2.754092
v 36.719841 -5.450966 -2.681750
v 92.197098 -3.257977 -2.997041
v 14.058117 -1.473751 -2.978124
v 28.244810 -3.657234 -2.934026
v 89.560234 5.625954 -2.787760
v 84.516457 -5.234480 -3.120814
v 24.408739 -2.540728 -2.908437
v 16.945269 1.964366 -3.075306
v 93.508064 -3.004693 -2.870088
v 83.355003 5.630816 -2.776618
v 85.016983 -5.284442 -2.917684
v 16.304701 -2.871534 -2.930372
v 12.907668 -1.564616 -3.080877
v 98.912086 0.960103 -2.604766
v 9.435600 0.302086 -2.877206
v 16.555668 -3.089293 -2.947232
v 21.959301 -1.616328 -3.029606
v 14.975871 3.276382 -2.955123
v 17.469389 -4.175527 -2.949691
v 15.763907 -2.490405 -2.950597
v 14.445467 -2.427723 -3.041568
v 95.969093 2.768581 -2.683576
v 15.106258 -2.011009 -2.938036
v 95.724960 2.410669 -3.135126
v 20.731682 -1.028018 -3.031400
v 92.678581 3.977230 -3.069557
v 95.558952 -2.730100 -2.981882
v 96.402695 -2.264294 -2.919665
v 15.471797 2.796367 -2.858588
v 14.086954 -2.225288 -2.966719
v 13.218649 -1.036139 -2.915178
v 80.072029 1.164885 -2.969449
v 78.678688 -5.194115 -3.214860
v 15.591103 -3.164073 -2.946781
v 93.845856 3.251419 -3.282280
v 10.870296 -0.654644 -3.043573
v 80.215965 0.595119 -2.977945
v 14.890952 -2.678805 -3.053541
v 12.536788 -1.398133 -3.032768
v 79.528366 -5.111850 -3.316305
v 81.608521 0.536352 -3.020259
v 13.308841 -1.182950 -3.033717
v 9.690165 0.183130 -2.939211
v 11.581855 -0.950335 -2.891136
v 79.460869 0.974875 -2.976349
v 31.346434 -5.414601 -2.826293
v 16.842245 -3.735179 -3.131641
v 18.875576 5.076510 -2.889199
v 80.987457 0.946755 -2.987351
v 79.368950 1.571783 -2.999675
v 12.002744 -0.639022 -2.938479
v 15.973043 -2.712210 -3.005517
v 15.227269 3.471654 -2.848930
v 17.811829 0.960487 -2.978465
v 12.760697 -1.007571 -3.078516
v 80.000504 1.903125 -3.059607
v 16.589857 4.053983 -2.881395
v 15.372556 -2.874246 -3.155054
v 51.396961 5.404183 -3.104400
v 18.907543 0.071347 -2.994478
v 69.673370 5.407152 -3.099464
v 79.429985 0.481790 -3.023176
v 73.333183 5.407282 -3.108997
v 13.403120 -1.835511 -3.083086
v 97.492813 1.020666 -3.110056
v 27.006598 -3.286495 -3.204256
v 78.697884 1.023152 -3.017811
v 42.874527 -5.190123 -3.147143
v 77.155838 -5.416527 -2.883720
v 15.265319 -2.363531 -3.169971
v 53.614555 -5.190319 -3.155400
v 77.922028 1.562295 -3.082975
v 10.383520 -0.234346 -3.150878
v 66.804710 -5.186672 -3.168315
v 46.234028 -5.182053 -3.158501
v 11.276434 -0.362078 -2.901559
v 30.427736 -4.766462 -2.955382
v 72.093300 -5.188778 -3.167886
v 77.641846 -5.332657 -3.020468
v 76.685913 -5.503216 -2.724987
v 81.163101 1.333915 -3.023309
v 16.608770 -3.595536 -3.136338
v 91.615578 -3.367967 -3.009265
v 75.059288 -5.176444 -3.207219
v 83.095718 0.894952 -3.111873
v 25.770987 -2.887148 -3.224972
v 14.256474 -2.295127 -3.192891
v 78.263222 0.695053 -3.105764
v 90.049278 -3.746732 -3.055696
v 16.430578 2.660862 -3.232602
v 22.971254 -1.869143 -3.281851
v 77.900520 1.140937 -3.105344
v 28.340178 -3.861804 -3.444230
v 78.774155 0.299018 -3.119046
v 79.998169 0.042734 -3.087730
v 80.848610 0.081622 -3.061359
v 98.474007 -0.229937 -2.878967
v 85.249031 -4.997780 -3.085847
v 15.902785 -2.767075 -3.168467
v 78.711662 1.967517 -3.068516
v 82.163925 0.080623 -3.098154
v 16.129702 -2.948633 -3.190680
v 16.448242 -3.488564 -3.135620
v 81.008949 1.707943 -3.070770
v 14.481564 -1.646234 -2.943411
v 83.720016 1.230886 -3.197259
v 20.816572 5.490995 -2.941782
v 44.874496 5.411411 -3.081637
v 98.586761 0.131213 -2.858543
v 16.082615 -3.197661 -3.154771
v 66.315460 5.402036 -3.117752
v 10.468369 -0.171886 -3.107997
v 94.553505 2.765525 -3.397579
v 15.742274 -2.698687 -3.220456
v 89.578957 5.405954 -3.205422
v 16.638044 -3.497720 -3.137122
v 78.639938 2.420602 -3.188735
v 34.426655 -5.179488 -3.151060
v 19.454231 0.161398 -3.299918
v 38.254135 -5.186866 -3.147865
v 77.590126 -5.164138 -3.251006
v 60.222157 -5.187227 -3.155274
v 80.094177 2.323934 -3.179239
v 83.657867 5.426939 -3.148016
v 15.450583 3.288376 -3.176105
v 16.337341 -3.164408 -3.178695
v 82.067345 1.972040 -3.222655
v 13.085169 -1.718372 -3.361957
v 96.266769 -1.704818 -3.304811
v 10.601728 -0.301782 -3.208387
v 77.314285 1.109022 -3.236870
v 77.856415 0.570100 -3.227082
v 96.478638 1.394857 -3.368921
v 77.305099 1.971232 -3.198503
v 97.645317 0.503256 -3.162857
v 15.483526 -2.556714 -3.231938
v 15.590837 -2.906732 -3.187178
v 78.481445 0.088968 -3.239658
v 13.709450 -2.002493 -3.230152
v 30.225229 -4.992485 -3.475894
v 96.283852 1.786320 -3.283401
v 97.508698 -0.769820 -3.136818
v 12.176980 -0.817884 -3.119871
v 24.167105 -2.296244 -3.396787
v 95.290604 -2.412876 -3.376050
v 19.926739 -0.459759 -3.096986
v 10.978908 -0.386124 -3.198936
v 76.994728 2.460308 -3.325967
v 84.894897 0.494308 -3.205796
v 13.366841 -1.832081 -3.213706
v 23.410707 5.408890 -3.082691
v 12.604242 -1.003755 -3.235405
v 11.639422 -0.588533 -3.086691
v 35.260620 5.399701 -3.104854
v 11.381970 -0.880011 -3.251939
v 18.263960 0.966790 -3.200418
v 41.676952 5.419466 -3.062455
v 59.065186 5.407584 -3.093294
v 32.468975 5.432637 -3.080503
v 26.105091 5.405253 -3.072697
v 80.386322 -0.337625 -3.198773
v 54.033733 5.177408 -3.437387
v 29.143818 5.383001 -3.119898
v 77.600883 2.422040 -3.245587
v 77.341187 5.368922 -3.199953
v 80.699600 5.364437 -3.220141
v 79.055496 -0.117820 -3.222739
v 11.812447 -1.073483 -3.384774
v 90.924736 -3.425037 -3.482913
v 84.843063 0.885685 -3.234904
v 28.810123 -4.076346 -3.406490
v 84.660477 0.044228 -3.212744
v 81.878105 -0.342434 -3.193465
v 32.619785 -4.971053 -3.449512
v 86.187241 5.434116 -3.131959
v 13.814148 -1.485041 -3.123677
v 76.974808 1.535446 -3.261812
v 92.883690 -3.076111 -3.406384
v 84.157524 1.590736 -3.320991
v 13.975268 -1.717198 -3.395026
v 13.177363 -1.240010 -3.314702
v 89.381447 -3.784950 -3.408538
v 93.702248 -2.942319 -3.202656
v 87.835213 -4.137927 -3.387948
v 30.825729 -5.220522 -3.139979
v 74.635193 -5.000674 -3.439830
v 78.311424 -4.832949 -3.716242
v 78.764488 2.854403 -3.350968
v 86.842484 -4.353848 -3.436723
v 27.695698 -3.627585 -3.636858
v 15.076891 -2.601389 -3.287780
v 95.039597 -2.053267 -3.692450
v 80.093277 2.734838 -3.343049
v 82.251678 -5.068491 -3.396228
v 84.288261 -0.218066 -3.246009
v 96.636520 -1.326085 -3.308132
v 76.341301 1.866234 -3.410676
v 13.532357 -1.939826 -3.305232
v 77.753021 3.074670 -3.464068
v 82.947098 -5.096549 -3.370742
v 83.982750 -5.188679 -3.283945
v 92.957397 3.637525 -3.337016
v 80.519066 -5.061870 -3.387218
v 86.802658 0.084882 -3.307265
v 86.170219 -4.734528 -3.096820
v 18.591089 4.774664 -3.167175
v 11.449690 -0.617148 -3.355573
v 79.526360 -0.634797 -3.416979
v 97.292564 -0.158564 -3.319275
v 15.112888 -2.516937 -3.332203
v 97.102592 0.447416 -3.375626
v 11.008122 -0.519927 -3.345948
v 88.452797 0.301752 -3.382899
v 85.341415 1.379739 -3.375699
v 96.467819 1.050657 -3.481868
v 76.609138 2.047912 -3.337694
v 81.886963 2.453143 -3.391980
v 10.918064 -0.525981 -3.333604
v 20.312916 -0.241754 -3.477515
v 76.313812 2.581090 -3.465353
v 94.942299 -2.804966 -3.249231
v 83.538170 2.011672 -3.395557
v 88.565971 -0.154879 -3.394270
v 94.723389 2.338092 -3.643287
v 87.323883 -0.377151 -3.394920
v 81.350327 -5.055658 -3.403119
v 14.708484 -2.239357 -3.368229
v 29.275587 -4.446032 -3.644253
v 90.152267 0.555222 -3.494693
v 84.103607 -5.055866 -3.426727
v 69.276176 5.180115 -3.431675
v 32.567837 -4.817959 -3.687540
v 66.357330 5.181190 -3.442988
v 87.663765 0.628082 -3.376060
v 17.207644 2.336031 -3.466670
v 77.598061 0.320025 -3.411095
v 14.269603 -1.922526 -3.362713
v 12.636623 -1.497516 -3.416247
v 13.361775 -1.812455 -3.449038
v 14.805314 -2.421384 -3.414173
v 34.915680 -4.997054 -3.402182
v 37.206020 -4.951411 -3.486477
v 77.026802 0.858833 -3.396100
v 14.678012 -2.372436 -3.408313
v 44.111610 -5.009120 -3.397788
v 50.789200 -5.002988 -3.409454
v 60.428925 -5.009197 -3.397523
v 90.239532 0.006461 -3.450433
v 81.742058 -0.682045 -3.322485
v 76.931267 3.045696 -3.514551
v 64.501312 -5.019005 -3.394219
v 97.022675 -0.670874 -3.353446
v 70.154373 -4.949260 -3.515049
v 90.390411 -0.272549 -3.476530
v 80.741005 -0.769157 -3.388953
v 15.847091 3.286122 -3.381094
v 78.253601 -0.139614 -3.415648
v 82.965805 -0.735193 -3.370038
v 13.583766 -1.492899 -3.451447
v 81.192596 5.116084 -3.599508
v 90.601089 0.312936 -3.477289
v 90.153404 -0.570586 -3.535002
v 19.911255 5.338383 -3.224866
v 83.551628 5.113660 -3.633451
v 74.897408 -4.902978 -3.600676
v 86.269402 -0.581043 -3.421443
v 12.029718 -0.846026 -3.486465
v 83.758293 2.358086 -3.581867
v 74.763794 5.210420 -3.400637
v 86.966225 1.111408 -3.429320
v 20.506504 -0.134377 -3.724508
v 16.224520 3.264678 -3.592202
v 78.673363 3.236187 -3.533817
v 91.587662 -3.301596 -3.310248
v 16.974380 2.789197 -3.672535
v 80.455879 2.998354 -3.506858
v 82.073349 -4.955312 -3.551266
v 76.559387 1.440281 -3.397750
v 90.508194 4.940245 -3.207989
v 20.993896 -0.849100 -3.330906
v 40.452724 5.160420 -3.448454
v 23.468578 -1.818934 -3.922478
v 20.898605 5.157631 -3.450416
v 45.904964 5.188202 -3.412411
v 28.275387 5.132987 -3.491308
v 48.934448 5.049588 -3.636534
v 25.164339 -2.663029 -3.376481
v 23.684780 5.148400 -3.475309
v 36.895550 5.139123 -3.495853
v 12.542576 -0.949625 -3.501079
v 12.877915 -1.122121 -3.532272
v 14.188351 -2.136533 -3.542394
v 13.159522 -1.289609 -3.501861
v 92.631042 0.082351 -3.549495
v 32.072689 5.153879 -3.481580
v 60.342525 5.142723 -3.490924
v 11.892880 -0.845622 -3.522567
v 87.977356 1.297007 -3.574475
v 12.494719 -1.338586 -3.667991
v 85.279564 -4.587717 -3.687794
v 12.778891 -1.044340 -3.564857
v 96.185577 -0.115218 -3.715940
v 85.268593 1.893955 -3.548146
v 96.414665 0.693604 -3.574637
v 16.799829 3.777918 -3.356912
v 95.714127 -0.831820 -3.815020
v 18.256603 1.456747 -3.509420
v 62.068604 -4.921705 -3.543046
v 51.872536 -4.921538 -3.542352
v 88.283997 0.780913 -3.441599
v 84.603279 -4.803078 -3.584480
v 44.256863 -4.920500 -3.543838
v 56.541630 -4.945015 -3.509135
v 21.558510 -1.160356 -3.332598
v 92.522339 -0.277902 -3.563316
v 13.513971 -1.677497 -3.517906
v 96.535698 -0.649909 -3.526528
v 29.616749 -4.762079 -3.788820
v 91.875313 -0.568041 -3.597136
v 13.586689 -1.854272 -3.589916
v 79.581047 -0.910715 -3.588855
v 11.520856 -0.844514 -3.590185
v 90.078308 0.967192 -3.595243
v 89.447975 -3.676555 -3.779373
v 76.009689 3.129148 -3.671083
v 81.723953 -1.121128 -3.565451
v 83.229164 -1.130137 -3.582340
v 12.843191 -1.496803 -3.631976
v 13.253919 -1.690623 -3.607147
v 85.717407 -0.976323 -3.578026
v 19.679438 0.568450 -3.779838
v 88.870239 -1.069128 -3.701818
v 78.920517 5.185770 -3.494107
v 19.063564 0.756680 -3.508421
v 94.096252 -2.589292 -3.857881
v 76.722054 0.639293 -3.620636
v 91.359276 4.493974 -3.248224
v 92.903915 0.713286 -3.668614
v 89.035118 -0.784575 -3.572616
v 35.589676 4.967535 -3.744560
v 82.890297 2.813299 -3.709484
v 66.111702 4.983638 -3.733453
v 69.814140 4.990445 -3.715647
v 93.519058 0.419915 -3.626599
v 11.897711 -1.012018 -3.717069
v 96.119019 -0.372643 -3.722210
v 95.026672 0.162555 -3.657538
v 95.519203 -0.120670 -3.660515
v 78.768250 -0.539201 -3.499866
v 43.544662 -4.785531 -3.736683
v 47.958271 -4.781909 -3.737069
v 76.033760 1.434244 -3.607986
v 70.955719 -4.760830 -3.776190
v 87.001915 5.146772 -3.595177
v 92.952888 3.154773 -3.858168
v 81.426239 3.207144 -3.748030
v 26.448673 -3.168250 -3.984207
v 24.482224 -2.339135 -3.734429
v 88.214272 -3.919073 -3.821789
v 95.121254 1.489559 -3.891229
v 77.906586 3.575924 -3.731073
v 91.361053 -3.309000 -3.828240
v 75.530151 2.431230 -3.664629
v 74.228134 5.091722 -3.592942
v 12.287153 -0.838331 -3.723973
v 84.824326 2.475392 -3.797883
v 90.126221 1.384886 -3.771255
v 95.951721 0.321557 -3.775889
v 94.407883 -0.555342 -3.675819
v 12.181608 -0.834657 -3.757723
v 86.830170 1.815042 -3.685876
v 40.454090 4.984060 -3.710088
v 85.735649 -1.374224 -3.809013
v 55.131561 4.976149 -3.734550
v 12.228689 -1.188541 -3.765783
v 92.361374 1.155845 -3.808715
v 60.182964 4.985814 -3.719177
v 95.026382 1.805948 -3.800970
v 22.686180 4.977344 -3.725935
v 94.057297 -2.926867 -3.621527
v 75.803154 0.921101 -3.959837
v 18.458014 1.752519 -3.898142
v 76.675217 3.477609 -3.727375
v 11.994312 -1.057574 -3.779616
v 79.412491 3.553751 -3.771275
v 61.313129 -4.778290 -3.741106
v 16.881464 3.189825 -3.983171
v 89.601967 5.080652 -3.739991
v 88.578857 1.624398 -3.769696
v 74.565926 -4.635312 -3.935468
v 77.455093 -0.105607 -3.719060
v 18.695208 4.443685 -3.682056
v 22.229771 -1.338485 -3.562571
v 94.483871 -0.909330 -3.787866
v 93.087738 -3.046376 -3.660414
v 95.548561 0.747311 -3.894060
v 75.341599 2.944090 -3.777865
v 86.563629 4.834106 -4.046184
v 21.216120 -0.582353 -3.795490
v 92.231506 -1.005855 -3.764380
v 78.045761 -0.497364 -3.733243
v 28.043385 -4.144235 -4.496148
v 94.702309 0.609281 -3.753935
v 86.877449 2.052112 -3.822476
v 19.905861 4.965405 -3.760801
v 95.379974 -1.549008 -3.751908
v 81.803932 -1.434923 -3.778233
v 78.053001 3.864561 -3.952714
v 83.143875 -1.468364 -3.795617
v 88.629204 -1.274881 -3.812756
v 75.395096 2.063555 -3.739218
v 79.444229 -1.116006 -3.780369
v 95.209549 -1.198400 -3.933881
v 45.491562 4.995062 -3.701302
v 28.579556 4.729369 -4.031889
v 69.764984 4.667002 -4.112171
v 30.314413 4.951644 -3.766592
v 80.623924 -1.281421 -3.727591
v 30.102989 -4.773293 -3.758050
v 80.889427 -4.775328 -3.774995
v 81.921356 -4.439143 -4.157839
v 23.899454 -1.991756 -4.078581
v 83.919891 -1.758380 -4.030797
v 37.730698 -4.545291 -4.021901
v 37.399376 -4.777126 -3.740119
v 81.390579 3.505441 -3.962667
v 75.080719 3.386417 -3.959789
v 66.237442 -4.768986 -3.765944
v 55.406303 -4.776793 -3.749230
v 16.999996 3.463322 -3.795242
v 25.559759 -2.783494 -3.746134
v 75.744209 3.509360 -3.872318
v 86.342758 -4.274261 -3.909689
v 24.722021 -2.400677 -4.057761
v 90.069504 1.771026 -3.989971
v 93.176636 2.803149 -4.051003
v 92.188560 1.508089 -3.989705
v 95.002060 1.157474 -4.036558
v 74.632492 2.670522 -4.012416
v 18.622980 4.021103 -4.100961
v 91.076843 4.297347 -3.730582
v 78.468346 -0.910252 -3.911243
v 79.300041 3.898813 -4.038646
v 76.253479 4.159239 -4.218394
v 17.586481 2.687634 -4.071778
v 40.736687 4.765382 -3.980785
v 52.367321 4.756012 -4.003846
v 83.369904 3.129694 -3.995533
v 93.421562 -3.040588 -3.897143
v 32.826668 -4.497036 -4.075980
v 61.736332 -4.577784 -3.987755
v 94.847191 -1.415668 -4.035224
v 84.335121 -4.753981 -3.841686
v 44.446491 -4.544142 -4.027586
v 76.733940 0.154886 -3.921041
v 70.940819 -4.534747 -4.044982
v 77.295189 -0.498304 -4.158180
v 91.968498 3.836925 -3.710999
v 78.385643 -4.546504 -4.050322
v 87.971581 2.102649 -3.993577
v 93.992905 1.286842 -4.009321
v 80.169296 -1.630459 -4.110964
v 83.879517 4.817064 -4.040884
v 92.423996 -1.330045 -3.936445
v 36.415257 4.754216 -4.005716
v 80.710915 4.807952 -3.991015
v 21.804502 -0.894531 -3.886025
v 58.411469 4.738970 -4.020750
v 88.991302 -3.702512 -4.211595
v 46.543999 4.775282 -3.975143
v 22.185741 4.748249 -4.006401
v 93.785233 -2.343341 -4.158060
v 63.622196 4.742678 -4.027491
v 90.283028 -3.482127 -4.010087
v 73.023277 4.755793 -4.027510
v 92.149323 -3.198564 -4.023907
v 74.750694 4.874513 -3.892047
v 18.891665 1.872077 -4.405734
v 85.570061 -4.309072 -4.412067
v 23.213928 -1.728832 -3.813809
v 19.906889 4.555532 -4.259635
v 78.763084 4.916529 -3.860543
v 83.483017 -4.233280 -4.370299
v 55.445087 -4.536996 -4.035278
v 83.047882 4.545609 -4.357495
v 75.067940 1.865754 -3.944552
v 75.341698 4.042585 -4.211665
v 74.675842 3.853456 -4.232963
v 90.359680 2.021953 -4.192310
v 85.248131 -4.386376 -4.306716
v 17.245771 3.113341 -4.220374
v 26.787745 -3.367244 -4.264714
v 19.331903 1.102121 -4.010216
v 76.132454 0.374307 -4.145650
v 92.758644 1.780542 -4.229021
v 88.607399 2.311570 -4.219112
v 75.382950 1.400067 -3.948863
v 28.878603 -4.473602 -4.140915
v 78.705826 -1.324427 -4.269086
v 20.115938 0.447239 -4.032573
v 21.838398 4.423270 -4.360680
v 53.818054 4.562462 -4.215670
v 24.676725 4.539804 -4.244283
v 63.922874 4.567746 -4.221061
v 92.469925 -3.216372 -4.306206
v 20.306372 4.659757 -4.125033
v 77.788185 4.588787 -4.259452
v 84.874115 -4.494291 -4.160310
v 39.809864 -4.331676 -4.255213
v 49.760101 -4.485782 -4.090925
v 29.582064 -4.465967 -4.122158
v 77.124504 -4.372723 -4.240000
v 77.151230 4.199081 -4.236887
v 82.645096 3.714153 -4.341294
v 73.540245 -4.234818 -4.364641
v 93.911720 2.209535 -4.093843
v 90.844429 -1.590338 -4.079589
v 82.562462 -1.852517 -4.097101
v 94.198235 -1.732197 -4.213099
v 79.218948 4.138909 -4.272676
v 80.139633 3.930338 -4.137321
v 18.638187 3.661439 -4.440187
v 86.426285 2.541534 -4.083733
v 76.386780 -0.059283 -4.367122
v 74.438515 3.238462 -4.111958
v 85.145882 3.095719 -4.291488
v 85.202370 4.485478 -4.473712
v 74.567986 1.639092 -4.369481
v 79.359337 -1.457118 -4.148495
v 89.359901 -1.828106 -4.236286
v 46.443596 4.577276 -4.198452
v 58.955891 4.541738 -4.237958
v 81.151787 -1.745448 -4.070362
v 33.323925 4.541977 -4.241516
v 63.257328 4.276978 -4.514390
v 74.936584 4.556833 -4.283368
v 90.423203 -3.458772 -4.412685
v 24.894733 -2.463622 -4.463695
v 94.225464 1.608442 -4.234657
v 74.410004 2.364769 -4.169083
v 90.747772 4.086163 -4.221433
v 61.262569 -4.122709 -4.459436
v 60.908554 -4.326455 -4.257602
v 50.169209 -4.083801 -4.497722
v 67.063766 -4.347023 -4.247146
v 25.499228 -2.755465 -4.200880
v 91.032669 -3.395534 -4.489086
v 93.383141 1.989061 -4.463079
v 21.374891 -0.405066 -4.203522
v 87.723587 -3.925524 -4.267729
v 89.598915 4.750496 -4.210440
v 90.811386 2.352105 -4.517912
v 24.225977 -2.093381 -4.531926
v 86.626297 -4.133811 -4.233577
v 92.743797 -2.303625 -4.701702
v 83.941788 -2.010541 -4.243842
v 17.505295 3.042857 -4.401411
v 81.017502 3.901482 -4.242422
v 75.327011 0.926231 -4.288585
v 40.340805 4.467095 -4.310396
v 68.914680 4.338335 -4.450431
v 75.758148 4.338264 -4.443014
v 73.694534 4.272418 -4.586070
v 77.572334 4.363410 -4.462500
v 22.452587 -1.169436 -4.108397
v 78.974075 4.290800 -4.454391
v 33.338009 -4.150187 -4.433430
v 29.335407 -4.144049 -4.449514
v 67.833382 -4.018825 -4.564492
v 80.308670 -3.989202 -4.588583
v 78.009056 -0.971133 -4.217436
v 80.487946 4.194589 -4.505698
v 74.316528 1.499735 -4.678103
v 78.737701 4.481156 -4.479599
v 93.456970 -2.047368 -4.455444
v 89.476776 2.498158 -4.488394
v 74.080215 3.800441 -4.371280
v 89.274040 -2.172356 -4.543314
v 82.004265 -2.076653 -4.340735
v 92.378265 2.058661 -4.421069
v 74.442963 4.221319 -4.487394
v 80.207138 4.541340 -4.306140
v 77.047195 4.445545 -4.507061
v 46.835293 4.368486 -4.413342
v 75.009636 4.415317 -4.522054
v 58.996902 4.331555 -4.447173
v 35.929466 4.228607 -4.551825
v 89.088493 -3.682426 -4.610317
v 28.341385 4.365343 -4.419609
v 74.089127 2.250056 -4.407001
v 73.833603 2.816502 -4.406063
v 74.398499 4.364324 -4.538505
v 27.008833 -3.569956 -4.540600
v 79.275215 4.410958 -4.548402
v 73.832733 4.023650 -4.544520
v 25.914206 -2.995666 -4.582740
v 22.021677 -0.689182 -4.534416
v 82.220825 4.004409 -4.535214
v 81.889229 4.449467 -4.440585
v 56.444958 -3.922594 -4.642892
v 23.011745 -1.371705 -4.497767
v 92.183990 -2.493878 -4.879538
v 80.874321 -2.159416 -4.597693
v 44.923927 -4.119698 -4.466750
v 55.434113 -4.248648 -4.341728
v 73.638977 -3.907353 -4.668410
v 84.288597 -3.927547 -4.649614
v 81.205795 4.253285 -4.670228
v 83.570465 4.074735 -4.864547
v 85.411888 -3.752502 -4.831042
v 82.771477 4.214446 -4.712748
v 77.503456 -0.996927 -4.625156
v 88.037384 2.784571 -4.536049
v 79.645195 4.424238 -4.571673
v 86.542419 3.032522 -4.501655
v 17.834900 2.942966 -4.629300
v 91.779747 3.336405 -4.356373
v 80.564590 4.348454 -4.619032
v 87.840630 -3.885683 -4.567690
v 92.119080 2.496197 -4.835665
v 59.756088 4.161453 -4.607141
v 53.253338 4.128784 -4.633986
v 81.515770 4.266161 -4.683845
v 22.302061 4.230504 -4.549037
v 91.713127 -3.362324 -4.592521
v 68.822441 4.137340 -4.635055
v 19.888306 4.095730 -4.699709
v 72.610283 4.363524 -4.454831
v 92.720390 2.252522 -4.661442
v 61.248154 -3.776914 -4.764649
v 32.995533 -3.838487 -4.715607
v 39.107079 -4.035169 -4.544665
v 91.356743 -2.298447 -4.692920
v 64.458908 -3.928699 -4.644455
v 73.547409 3.198394 -4.521574
v 85.132942 -2.375226 -4.608791
v 92.424469 2.707408 -4.518472
v 73.608925 4.191773 -4.663009
v 91.353859 -3.420249 -4.730497
v 79.933861 -1.935949 -4.557490
v 19.039349 2.053663 -4.803409
v 82.508537 4.152727 -4.720801
v 79.061005 -1.667298 -4.557928
v 44.429443 4.114790 -4.645315
v 89.576820 4.213266 -4.855531
v 84.702278 3.638101 -4.697494
v 92.379982 -2.399477 -4.817394
v 27.622770 4.146735 -4.624900
v 18.044178 2.950727 -4.719257
v 73.585770 3.521621 -4.515033
v 53.480572 -3.641047 -4.878016
v 46.227242 -3.908849 -4.657874
v 25.528193 -2.862490 -5.053226
v 28.778391 -3.904407 -4.668175
v 19.858419 1.152242 -4.618250
v 28.595783 -3.629677 -4.889424
v 73.250481 4.040132 -4.772868
v 77.696571 -4.034409 -4.565476
v 77.627831 -3.670162 -4.865069
v 20.446739 0.508970 -4.459368
v 76.710030 -0.547434 -4.687597
v 87.690590 -3.925098 -4.862840
v 90.650352 3.625579 -4.764963
v 86.571457 -4.115546 -4.649808
v 90.630447 2.757870 -4.909277
v 75.186684 0.734492 -4.575110
v 75.658676 0.117932 -4.841815
v 90.648590 -3.552645 -4.956285
v 91.784065 2.637679 -4.945717
v 89.631233 -3.636812 -4.844441
v 59.943703 3.867908 -4.853300
v 78.206749 -1.446760 -4.761500
v 89.491180 2.950070 -4.960634
v 80.496117 -3.545124 -4.941988
v 37.511532 -3.639685 -4.880921
v 49.000256 -3.639344 -4.878554
v 64.737831 -3.636697 -4.886405
v 20.792133 0.316880 -4.615026
v 72.911697 3.840765 -4.928050
v 73.559776 2.268403 -4.800472
v 83.899460 4.038064 -4.922980
v 75.093529 0.627585 -4.798528
v 76.231575 -0.427760 -5.044324
v 86.125359 -2.697763 -4.966946
v 83.729530 -2.475220 -4.700665
v 40.167042 3.877010 -4.844679
v 54.657372 3.868327 -4.849412
v 44.652664 3.861248 -4.857728
v 63.679321 3.888222 -4.847008
v 91.980217 -2.502618 -4.928780
v 25.381821 3.931144 -4.813455
v 27.228329 -3.797459 -4.804400
v 21.947643 3.882475 -4.848155
v 34.233307 3.891633 -4.843132
v 68.278618 3.888495 -4.844808
v 19.027040 3.285847 -4.924135
v 33.584641 -3.503352 -4.976059
v 42.037395 -3.627119 -4.889124
v 18.189514 2.811840 -4.880937
v 71.509583 -3.631599 -4.890449
v 25.676550 -3.026458 -5.386997
v 73.002678 3.004926 -4.913814
v 82.076225 -2.348133 -4.638445
v 84.848755 4.025143 -4.976312
v 22.360584 -0.717278 -5.139034
v 81.726906 -2.499442 -4.895201
v 80.699814 -2.349465 -4.931563
v 24.295269 -2.109915 -5.376736
v 25.025217 -2.576009 -5.116272
v 77.322525 -1.185212 -5.171179
v 21.447018 -0.203057 -4.645906
v 89.583984 4.459892 -4.580453
v 85.488960 3.642906 -4.882514
v 67.925758 3.594534 -5.053867
v 28.193703 3.617431 -5.037988
v 49.906918 3.846725 -4.872426
v 83.415817 -2.732150 -5.013731
v 26.565138 -3.486923 -5.057784
v 84.870895 3.922270 -5.045476
v 26.241007 -3.324119 -5.180470
v 76.317139 -3.333170 -5.081989
v 88.107368 -3.377917 -5.269640
v 58.320190 -3.556862 -4.940260
v 61.657223 -3.329640 -5.091965
v 45.772877 -3.417467 -5.036970
v 69.085732 -3.526311 -4.965340
v 74.114876 -3.316097 -5.107714
v 91.525673 -2.679118 -5.134013
v 23.505007 -1.652200 -4.636067
v 51.918068 3.585493 -5.052843
v 59.286045 3.576237 -5.059788
v 88.624565 -3.806679 -5.024824
v 35.331844 3.692444 -4.991288
v 25.298347 3.688087 -4.999108
v 71.113747 3.812371 -4.925180
v 33.884392 -3.297851 -5.107459
v 41.242355 -3.301198 -5.108525
v 37.483318 -3.346070 -5.082307
v 28.815313 -3.382045 -5.057080
v 69.345306 -3.302603 -5.109182
v 48.582771 -3.305288 -5.104491
v 89.363388 3.197758 -5.248845
v 53.426765 -3.295917 -5.111300
v 84.963554 3.920396 -5.088689
v 84.407738 -3.589968 -4.923026
v 72.678307 3.491623 -5.092553
v 87.732941 3.292465 -5.004076
v 89.946388 -3.696922 -5.151255
v 91.418251 2.789359 -5.062833
v 86.735458 3.835535 -5.251194
v 89.697060 -3.739749 -5.183958
v 72.655876 3.661000 -5.059313
v 89.212776 -2.563471 -4.938680
v 72.801590 2.876309 -5.139247
v 78.916962 -1.852282 -4.974895
v 23.631969 -1.657366 -5.137655
v 79.590034 -2.127270 -5.050082
v 22.904358 -1.120817 -5.146473
v 21.692787 -0.188650 -5.131547
v 75.459572 -0.017250 -5.352950
v 80.262756 -3.066533 -5.262564
v 44.100166 3.587355 -5.051467
v 38.793655 3.548082 -5.077802
v 82.323318 -2.894948 -5.386938
v 67.898102 3.262183 -5.285007
v 50.889538 3.261815 -5.282871
v 74.139984 1.285260 -5.093279
v 21.024742 3.663859 -5.011250
v 90.541733 -3.205165 -5.249748
v 76.522881 -3.026798 -5.290368
v 74.951805 0.458549 -5.213069
v 77.502403 -3.379553 -5.077894
v 34.484146 -3.039098 -5.299278
v 50.163296 -3.028850 -5.306302
v 39.258976 -3.031937 -5.302595
v 56.984974 -3.024264 -5.308945
v 64.083450 -3.026653 -5.308527
v 44.334076 -3.028730 -5.308607
v 74.277496 -3.038936 -5.303922
v 73.399162 1.948364 -5.209270
v 27.677160 -3.046749 -5.312983
v 86.713127 3.650630 -5.221742
v 90.818588 -2.884603 -5.357587
v 86.268456 3.792624 -5.272304
v 19.190552 2.107549 -5.111136
v 90.865021 3.009277 -5.252315
v 25.144165 3.278124 -5.285500
v 19.847321 3.450519 -5.198321
v 83.060562 -2.962579 -5.352756
v 85.434242 -3.048493 -5.371484
v 90.344215 3.472891 -5.148174
v 72.938934 2.512702 -5.225638
v 87.903526 -3.086442 -5.497647
v 81.561142 -2.795841 -5.432466
v 73.607475 1.593820 -5.377548
v 72.470146 3.204038 -5.328757
v 86.778419 -3.232959 -5.296673
v 55.543823 3.255122 -5.281559
v 45.304142 3.259319 -5.281451
v 62.447025 3.273710 -5.275201
v 83.985954 -2.998802 -5.339242
v 35.566730 3.265351 -5.288548
v 31.895304 3.264678 -5.285246
v 28.021154 3.269855 -5.284902
v 71.439865 3.278927 -5.297828
v 18.753502 2.569999 -5.285999
v 20.065565 1.314704 -5.177836
v 66.630905 -2.663505 -5.519096
v 29.827833 -3.031889 -5.302335
v 22.106651 -0.429668 -5.510387
v 22.791597 -0.961190 -5.684108
v 20.906822 0.519325 -5.207521
v 19.004904 2.455810 -5.458463
v 26.916992 -2.728209 -5.509567
v 89.654510 -3.129890 -5.628611
v 76.616035 -0.812587 -5.326778
v 78.324783 -1.766836 -5.347046
v 90.327385 3.201942 -5.424534
v 81.054985 -2.734689 -5.466058
v 87.420456 3.666310 -5.412061
v 25.321402 -2.832887 -5.519765
v 89.611687 3.419924 -5.623317
v 89.601006 3.688412 -5.382234
v 89.876968 -3.110856 -5.614581
v 63.658085 2.902255 -5.489813
v 47.210812 2.849161 -5.514752
v 38.281174 3.242553 -5.295012
v 29.756145 2.851277 -5.525586
v 52.574902 2.851966 -5.519005
v 25.496487 2.940755 -5.479011
v 88.562027 3.548937 -5.542573
v 72.425789 2.957582 -5.488523
v 79.488907 -2.365223 -5.659488
v 79.190552 -2.263472 -5.704839
v 33.736053 -2.622012 -5.538391
v 39.465633 -2.680502 -5.502474
v 54.851788 -2.748807 -5.467669
v 45.630211 -2.625319 -5.534456
v 88.439217 3.612054 -5.484751
v 90.215134 -3.035815 -5.527827
v 80.716835 -2.662034 -5.513366
v 78.318474 -2.874400 -5.392674
v 88.496498 3.525678 -5.494401
v 42.908848 2.863648 -5.512312
v 59.623344 2.868326 -5.509414
v 20.909454 3.180403 -5.351451
v 19.722576 2.768802 -5.595042
v 51.351257 -2.612089 -5.545169
v 61.122055 -2.628483 -5.534127
v 80.193916 -2.550338 -5.570371
v 74.897934 0.260292 -5.728500
v 76.427200 -2.640530 -5.505200
v 55.654453 2.853327 -5.510441
v 24.869764 -2.560068 -5.698504
v 36.291050 2.871544 -5.508280
v 69.132874 2.841989 -5.526597
v 19.574286 1.958164 -5.508117
v 38.402946 -2.444287 -5.619205
v 78.799400 -2.126210 -5.772470
v 74.299469 -2.615561 -5.540573
v 21.093586 0.473985 -5.521785
v 29.121454 -2.604104 -5.547187
v 79.235046 -2.323138 -5.679514
v 75.986763 -0.518736 -5.700745
v 74.274025 0.892343 -5.525586
v 19.218132 2.331152 -5.621007
v 73.496437 1.515841 -5.706511
v 25.321611 -2.466974 -5.695970
v 72.922485 2.200752 -5.545064
v 46.548866 2.440005 -5.706925
v 21.553299 2.621274 -5.640674
v 76.503906 -2.219722 -5.707286
v 72.496536 2.717326 -5.619514
v 40.066765 -2.207741 -5.727453
v 43.926273 -2.194278 -5.740644
v 74.465073 -2.068754 -5.786474
v 32.181168 -2.207591 -5.731636
v 63.112358 -2.208270 -5.731842
v 51.758938 -2.209373 -5.734587
v 69.622307 -2.200617 -5.736359
v 28.135492 -2.204926 -5.737454
v 26.389788 -2.222116 -5.753575
v 77.945076 -1.764899 -5.903789
v 78.298439 -1.926585 -5.843119
v 57.220085 2.488127 -5.688224
v 52.675648 2.451689 -5.706730
v 29.914051 2.430948 -5.723281
v 72.619408 2.456323 -5.746762
v 37.737404 -2.009372 -5.806376
v 24.199564 -2.087940 -5.916187
v 63.354393 2.439121 -5.708404
v 35.120316 2.440946 -5.708710
v 26.116610 2.424485 -5.723627
v 55.477333 -2.267688 -5.705812
v 21.886253 -0.184504 -5.815437
v 48.687267 2.140982 -5.826203
v 40.873001 2.331215 -5.759530
v 63.119568 2.135789 -5.828426
v 56.789822 2.185898 -5.811258
v 70.059319 2.348066 -5.756014
v 29.526850 2.136773 -5.839439
v 20.410358 1.310593 -6.121216
v 47.025936 -2.102561 -5.771953
v 33.631218 -1.686177 -5.928729
v 52.020573 -1.807147 -5.888513
v 23.749529 -1.747247 -6.022587
v 19.620174 2.067174 -5.906394
v 66.497276 -1.838341 -5.875837
v 21.132980 2.060223 -5.876055
v 28.302053 -1.808883 -5.887038
v 25.948233 -1.769534 -5.926753
v 72.873047 2.062959 -5.922030
v 46.627155 1.821033 -5.933801
v 53.325550 1.834705 -5.933072
v 65.052025 1.819699 -5.936827
v 24.853426 -2.037840 -5.885331
v 23.358753 -1.422661 -5.620411
v 76.803543 -1.169851 -6.100854
v 75.904160 -1.535403 -5.977241
v 60.975517 -1.568915 -5.957498
v 56.870274 -1.790847 -5.888871
v 43.456516 -1.666180 -5.935477
v 46.777309 -1.565857 -5.956734
v 25.412689 2.000764 -5.883626
v 29.813868 1.857492 -5.933164
v 72.332443 1.774472 -5.994063
v 35.245911 1.983592 -5.884085
v 57.590061 1.835267 -5.932247
v 39.438213 1.829726 -5.937985
v 70.243950 1.838552 -5.936099
v 55.456676 -1.465234 -5.986725
v 38.287342 -1.551993 -5.959164
v 28.251987 -1.498503 -5.982344
v 72.345322 -1.542054 -5.968800
v 65.325188 -1.426643 -6.000748
v 51.061199 -1.463201 -5.991883
v 25.437616 -1.250617 -6.072923
v 49.025520 1.429577 -6.042625
v 35.810825 1.421536 -6.046448
v 26.084875 1.571391 -6.011822
v 70.459412 1.519625 -6.023569
v 23.446041 -1.502355 -6.083137
v 77.282471 -1.437850 -6.017590
v 56.216858 -1.155221 -6.062575
v 43.251156 -1.138914 -6.069746
v 48.898792 -1.093666 -6.078124
v 36.311417 -1.142269 -6.066005
v 63.832993 -1.140877 -6.070272
v 20.033178 1.665468 -6.029748
v 27.307402 -1.142475 -6.072988
v 69.641159 -1.122455 -6.078852
v 22.612131 -0.795866 -6.220345
v 73.303513 1.575360 -6.087008
v 75.595894 -1.034044 -6.120517
v 55.581104 1.460140 -6.036789
v 62.429623 1.419364 -6.045009
v 43.891830 1.430732 -6.042466
v 21.990150 -0.230655 -6.243956
v 61.400539 -0.869769 -6.120381
v 23.477507 -0.973181 -6.163773
v 74.838402 0.162285 -6.252974
v 73.867767 -1.125402 -6.076738
v 73.632835 1.246630 -6.161130
v 72.491692 1.131907 -6.139637
v 20.997158 0.671645 -5.894956
v 46.339745 0.979489 -6.130419
v 69.709450 1.182345 -6.096764
v 36.235561 1.154369 -6.102809
v 31.075111 1.208307 -6.093770
v 21.273190 1.447687 -6.057436
v 54.681591 -0.804943 -6.129098
v 39.394337 -0.803148 -6.128072
v 46.410370 -0.799963 -6.131643
v 27.411081 -0.728596 -6.147810
v 32.663887 -0.736514 -6.147094
v 57.194588 1.022891 -6.124932
v 26.451508 1.072856 -6.117290
v 70.134537 0.750947 -6.166351
v 33.305359 0.775931 -6.163055
v 41.633404 0.985548 -6.134766
v 24.880617 -0.666912 -6.169111
v 22.631443 1.066610 -6.127172
v 54.858074 -0.387098 -6.182691
v 36.497139 -0.480997 -6.172151
v 46.910309 -0.473104 -6.174619
v 74.539040 -0.587142 -6.180475
v 61.889660 -0.470424 -6.175343
v 73.122131 -0.626293 -6.162906
v 67.550522 -0.711484 -6.149378
v 41.613506 0.578440 -6.184426
v 64.550423 0.839250 -6.150818
v 45.474541 0.574288 -6.179613
v 35.524273 0.589187 -6.181485
v 61.605175 0.576256 -6.180352
v 41.548508 -0.473149 -6.174578
v 73.098839 0.736793 -6.195687
v 70.102501 -0.301203 -6.194229
v 50.456421 0.577184 -6.180648
v 55.550377 0.570945 -6.180926
v 67.347710 0.541273 -6.181565
v 27.275372 0.629743 -6.175509
v 73.490685 0.365282 -6.216713
v 31.220594 -0.289363 -6.196429
v 25.333315 0.002101 -6.204955
v 61.468678 -0.030406 -6.200210
v 45.412270 -0.066138 -6.200264
v 40.620510 -0.039053 -6.202220
v 66.661148 -0.047927 -6.200583
v 36.877823 0.050496 -6.204239
v 23.480520 0.525987 -6.187651
v 43.886997 0.239866 -6.200145
v 65.709702 0.246563 -6.198130
v 57.960724 0.130751 -6.201606
v 52.617878 0.122472 -6.202290
v 21.541992 0.785727 -6.184915
v 32.613430 0.346392 -6.201612
v 22.614614 -0.088575 -6.221289
v 75.991539 -0.664465 -6.212552
v 31.522411 0.080407 -6.208045
v 20.877192 0.859467 -6.201051
v 71.731110 0.171057 -6.210618
v 74.014580 -0.076379 -6.215929
v 21.241707 0.489943 -6.231985
v 74.027130 0.876756 -6.218943
v 75.448845 -0.298357 -6.247461
v 6.206330 2.351728 0.002350
v 29.357649 4.279727 -0.015102
v 5.847456 2.996136 -0.091278
v 8.033622 3.120373 -0.027218
v 8.301166 2.412967 0.004070
v 3.467235 2.951830 -0.017581
v 23.283791 -5.601030 0.182664
v 24.038464 4.938815 0.117253
v 5.635675 2.291411 -0.022980
v 108.291542 -0.942889 0.019780
v 0.757622 2.129732 -0.136541
v 1.302572 2.243494 0.061888
v 0.070473 -0.613320 0.091544
v 1.287125 -1.343960 0.129407
v 4.347034 2.882476 0.107089
v 28.657875 -3.597702 -0.178014
v 1.739752 2.222165 -0.094684
v 108.339973 1.469325 -0.054503
v 23.796844 -4.709064 -0.039955
v 107.426620 1.058721 0.077268
v 5.460921 0.811728 0.009866
v 95.401260 3.558290 -0.240834
v 1.006294 2.434185 0.035598
v 4.066217 2.293864 0.049291
v 7.459958 1.668264 0.029988
v 8.789972 2.588887 0.061104
v 2.002327 2.912632 -0.057523
v 2.784270 2.273580 0.033105
v 5.261316 0.467921 0.172883
v 94.224968 -4.502686 -0.075668
v 94.066208 -4.579535 0.178532
v 0.652437 -1.087478 0.154240
v 107.478043 -1.831838 -0.158923
v 97.060234 -3.259907 0.045115
v 93.559387 -4.703319 -0.062404
v 23.351690 5.730155 -0.046818
v 9.177760 3.249726 0.084467
v 103.451454 2.033742 0.090162
v 94.737862 -4.292919 -0.056227
v 103.129341 -1.897194 -0.041881
v 108.567482 -1.035440 0.077424
v 95.337250 -4.044053 0.183636
v 102.926880 -1.411473 0.034551
v 101.956482 -1.219922 0.076333
v 10.732322 3.384826 -0.035042
v 0.522841 2.155843 0.183752
v 9.770781 3.253287 0.313849
v 92.177505 -5.337763 0.087298
v 89.518845 6.323071 0.332458
v 31.686573 4.868325 0.419624
v 108.224648 -1.772169 0.137782
v 26.788923 -3.723719 -0.055844
v 6.814333 2.684080 0.064795
v 87.682999 -6.239347 0.023920
v 100.417992 -2.082666 0.136866
v 102.562775 -1.147938 0.083887
v 87.733238 6.290385 0.240475
v 104.059509 2.080823 -0.132202
v 9.569489 3.262652 0.213051
v 108.608215 -1.158857 0.091783
v 4.145716 0.176936 0.156826
v 2.635254 -1.588754 -0.138438
v 49.097710 6.271114 0.197880
v 107.268082 0.806723 0.113966
v 108.577766 1.028995 0.124090
v 8.042908 1.582791 0.214540
v 29.732567 -3.797635 0.195434
v 69.449181 6.277368 0.109556
v 8.148415 1.920400 0.101694
v 90.671265 5.409783 0.191604
v 89.631248 6.304155 0.286839
v 78.775826 -4.123107 -0.069167
v 1.664630 -0.378321 0.154585
v 107.604294 1.930992 0.128853
v 77.803329 -4.203131 0.229288
v 93.040398 -4.922101 0.000091
v 91.626526 -5.568708 0.018646
v 6.624151 1.195957 0.042705
v 58.380295 6.275696 0.172764
v 102.403755 -1.119338 0.104148
v 91.336655 5.017710 0.141410
v 76.226784 -4.537606 -0.061689
v 54.556442 6.273249 0.250989
v 4.952207 -2.051347 0.108836
v 102.495140 1.380967 0.110676
v 31.755808 -4.462862 -0.095415
v 98.669617 -2.694029 0.145021
v 103.853783 -1.898537 0.126166
v 5.452360 -2.085733 0.254202
v 17.231106 5.272596 0.215581
v 6.828298 -2.237082 0.114492
v 45.260712 6.266314 0.222018
v 92.636734 -5.158150 0.198129
v 13.478521 3.960083 0.338378
v 15.229809 4.528144 0.228702
v 103.297783 -1.579304 0.048433
v 71.444435 -6.104825 0.238702
v 75.417122 -4.862658 -0.063221
v 66.773735 -6.097599 0.223566
v 45.768208 -6.086704 0.132184
v 6.307555 2.661859 0.117708
v 90.490532 -6.051675 0.085198
v 32.418041 -4.852660 0.165017
v 50.811050 -6.094890 0.239108
v 6.089705 2.681051 0.136446
v 74.048737 -5.812267 -0.138056
v 74.437698 -5.490936 -0.124514
v 39.051914 -6.091013 0.137952
v 74.912872 -5.159104 0.010561
v 16.935053 -4.895698 0.049847
v 23.942909 5.189926 -0.004276
v 13.638341 -3.715384 0.044060
v 25.111786 -4.244472 0.101899
v 15.400478 -4.313087 0.025471
v 18.652117 -5.566538 -0.022524
v 24.824760 -4.689857 0.405665
v 107.461113 1.977309 0.154739
v 92.044838 4.464690 0.207453
v 28.400263 -3.636189 -0.003195
v 19.913519 -6.062514 0.046214
v 25.887709 -4.104352 0.243361
v 84.829208 -5.163527 -0.113057
v 8.730936 2.142068 0.185866
v 30.034443 -3.821951 -0.055556
v 32.838097 -5.182073 0.438095
v 9.171771 2.576903 0.189284
v 94.500237 -4.408947 0.182303
v 4.447065 2.892190 0.330826
v 6.340505 0.799092 0.204597
v 101.102379 -1.589389 0.152127
v 7.297130 1.169497 0.230520
v 97.064224 -3.274318 0.184774
v 98.526642 2.142203 0.370802
v 102.785461 1.738816 0.240760
v 3.460032 2.838796 0.451346
v 92.309273 4.165155 0.321912
v 91.901649 -5.517759 0.210885
v 107.975517 0.900767 0.071365
v 96.234123 -3.655364 0.200349
v 5.339027 2.859237 0.120728
v 27.597485 4.143966 0.168551
v 100.897102 1.875887 0.041054
v 90.516998 5.912673 0.113651
v 4.870835 2.894119 0.194265
v 93.334824 -4.850144 0.191351
v 95.209641 -3.649649 0.278411
v 1.372752 -0.605655 0.357249
v 92.329254 -5.150345 0.245286
v 2.238347 3.095749 0.478866
v 2.858918 2.998903 0.240624
v 104.647057 -1.874402 0.335679
v 4.054308 2.861354 0.365145
v 94.361687 -4.062654 0.256646
v 104.318344 -1.218331 0.264085
v 2.905358 2.422683 0.252072
v 95.730591 -3.415423 0.294253
v 79.009476 6.274643 0.184892
v 5.409718 2.532988 0.333642
v 39.897568 6.268548 0.350990
v 4.540051 2.437993 0.251943
v 96.186348 -3.275862 0.291757
v 99.444290 -2.431906 0.223509
v 6.049586 2.520931 0.193215
v 104.159943 -0.859484 0.273349
v 101.697868 1.451173 0.190489
v 108.282196 -1.776954 0.340997
v 91.114464 -5.824726 0.246571
v 2.769902 -0.141248 0.156871
v 64.664986 6.269526 0.340009
v 93.783813 -4.336145 0.263697
v 102.198486 -1.392242 0.533818
v 1.985356 2.332962 0.175366
v 2.095028 -1.464473 -0.110124
v 101.490639 -1.395362 0.127625
v 97.627457 -3.063745 0.241977
v 104.993378 -1.394600 0.410515
v 108.950638 0.096782 0.279586
v 5.465784 2.680345 0.260726
v 33.053059 5.767843 0.275979
v 26.964912 -3.889041 0.327636
v 90.503090 -6.042590 0.301548
v 23.777220 -5.172467 0.242371
v 32.374043 5.244380 0.062268
v 106.959740 0.760548 0.146791
v 95.906036 2.815020 0.374689
v 108.854782 -1.698853 0.308653
v 30.405794 4.383719 0.500643
v 3.938366 2.862766 0.258903
v 101.620010 1.466789 0.287706
v 82.479019 -4.484730 0.048497
v 5.691124 0.352989 0.411467
v 22.367085 6.249780 0.230725
v 102.830215 -1.023782 0.168844
v 11.582812 3.539816 0.210505
v 22.836899 -6.080833 0.073055
v 83.201752 -4.650632 -0.005094
v 80.047653 -4.235545 0.618332
v 19.868526 6.274473 0.399145
v 107.291473 -1.769548 0.394664
v 79.351051 -4.132373 0.144310
v 99.907875 -2.271569 0.223641
v 27.896832 -3.697258 0.143335
v 24.527607 -5.080841 0.548441
v 89.419350 -6.168446 0.733269
v 29.255020 -3.826323 0.510523
v 98.311142 -2.845603 0.322064
v 104.392769 1.956761 0.567692
v 105.264961 2.015190 0.092574
v 80.971092 -4.278395 0.385784
v 94.722389 -3.800956 0.295662
v 89.723289 5.772541 0.377027
v 106.283798 0.690000 0.298977
v 24.888777 4.654722 0.096256
v 108.885918 1.116844 0.153620
v 92.940918 -4.786079 0.265008
v 93.119217 -4.471227 0.385528
v 4.923953 2.782953 0.338402
v 87.963997 -6.234738 0.210744
v 106.621498 1.996920 0.350532
v 99.801170 1.949003 0.294982
v 84.289192 6.279656 0.185561
v 23.520609 4.460550 0.615445
v 33.235157 -5.594987 0.270758
v 59.669094 -6.089957 0.338202
v 105.907852 1.980415 0.557585
v 33.579929 -6.041748 0.663606
v 105.769821 -1.830012 0.034101
v 9.515658 2.611036 0.391237
v 22.701046 4.748594 0.653424
v 4.219983 -0.061680 0.406836
v 16.546522 -4.729080 0.259026
v 98.064713 -2.634209 0.347457
v 74.703506 -5.322841 0.445810
v 2.782806 -0.424691 0.461788
v 33.581066 -6.071260 0.258952
v 8.452530 1.532276 0.425652
v 108.910820 -1.137395 0.150079
v 83.690002 -4.882672 0.343911
v 9.303443 -2.636845 0.271500
v 7.107975 0.846973 0.427805
v 73.688156 -6.131210 0.160633
v 96.474052 -2.929698 0.409188
v 96.782364 2.475586 0.530270
v 91.130066 -5.620475 0.347875
v 105.775269 0.628258 0.390409
v 93.386848 3.750847 0.279663
v 100.859459 1.694447 0.530077
v 71.099091 6.268785 0.405818
v 3.086361 2.857669 0.579089
v 97.703857 -2.467590 0.406166
v 99.214439 -2.545536 0.366431
v 94.217094 -3.892631 0.384685
v 100.626099 1.775161 0.453727
v 35.950665 6.272985 0.206442
v 1.958346 3.066798 0.684994
v 9.070889 2.057939 0.411324
v 22.635744 5.803865 0.218988
v 99.745041 -2.401079 0.409689
v 98.455040 -2.179180 0.447186
v 5.064236 2.651138 0.366999
v 23.017214 4.531886 0.695589
v 0.109958 -0.979007 0.396917
v 12.765924 -3.475736 0.257997
v 4.328709 2.486025 0.426974
v 94.446472 3.353784 0.283520
v 97.237366 -2.616866 0.418900
v 102.014679 1.562860 0.381919
v 105.477623 -1.819397 0.566073
v 4.023627 2.662598 0.530545
v 99.793076 -2.021033 0.439953
v 3.875824 2.501569 0.544717
v 3.507250 -2.049350 0.489201
v 2.850302 2.983083 0.444435
v 91.709366 -5.272277 0.357092
v 23.226305 5.268508 0.208362
v 100.339119 -2.229939 0.473059
v 3.005256 2.493258 0.669491
v 101.179008 -1.641632 0.338005
v 22.109192 5.776115 0.450684
v 3.292563 -1.936043 0.213707
v 4.441134 2.575145 0.452762
v 26.039379 4.110814 0.444166
v 2.052070 -0.679653 0.636565
v 1.083932 2.531064 0.436070
v 105.308731 0.570759 0.489371
v 102.489464 1.939095 0.540135
v 103.095802 -0.987911 0.213166
v 1.671733 2.934992 0.795674
v 100.796280 -1.868221 0.308369
v 21.445000 6.245961 0.695134
v 0.717970 2.271678 0.466809
v 81.654442 -4.393167 0.412231
v 15.140987 4.460516 0.644829
v 82.559479 -4.669849 0.704301
v 34.970184 6.238869 0.700057
v 32.373997 5.253190 0.589138
v 89.904213 -6.155405 0.456343
v 75.435135 -4.865419 0.332678
v 12.127879 3.610905 0.623128
v 100.506531 -2.114512 0.380507
v 92.944901 -4.261982 0.633744
v 9.547565 2.290375 0.653718
v 85.478523 6.261713 0.646369
v 84.551086 -5.224102 0.399563
v 95.196083 -3.434438 0.408747
v 4.229478 -2.032628 0.378136
v 10.424515 3.288183 0.514859
v 59.146889 6.240697 0.664748
v 18.562281 5.744934 0.731137
v 49.566456 6.238424 0.652479
v 103.046005 2.000250 0.276903
v 65.049957 6.244157 0.664979
v 30.612080 -4.012740 0.325661
v 108.939552 -1.739598 0.551475
v 54.989437 6.247948 0.618063
v 92.301842 -4.889601 0.395886
v 30.813044 4.491643 0.878191
v 44.632011 6.227962 0.736592
v 76.897476 -4.372045 0.307499
v 31.106468 -4.208674 0.527019
v 16.900980 5.115606 0.631222
v 7.997505 1.016004 0.709117
v 28.794968 -3.865120 0.656676
v 13.600940 3.949744 0.706876
v 10.008894 3.205987 0.559523
v 7.443186 -2.233416 0.415671
v 75.246185 -5.043882 0.740271
v 99.106949 -1.954437 0.482292
v 88.771713 6.308327 0.537851
v 101.031227 1.635965 0.695166
v 32.185970 -4.688704 0.421629
v 31.698742 -4.432797 0.364458
v 78.160469 -4.239763 0.625313
v 5.904537 -2.088428 0.447720
v 99.097206 1.939440 0.616886
v 106.043365 1.376833 0.430317
v 86.728188 -6.189643 0.481813
v 8.173024 -2.364149 0.363836
v 13.645124 -3.683015 0.440514
v 100.655083 -2.117639 0.547841
v 18.411572 -5.460286 0.310485
v 9.442403 -2.531741 0.702712
v 23.412525 -6.064916 0.381281
v 73.762169 -6.090719 0.615439
v 17.102945 -4.932982 0.458884
v 108.930580 1.333614 0.675550
v 25.333420 4.339999 0.297169
v 86.942383 -6.199460 0.392178
v 107.260902 0.874205 0.384835
v 57.508808 -6.059962 0.656253
v 11.369884 -3.113465 0.435986
v 27.108513 -4.117650 0.749485
v 0.218646 -1.211149 0.576507
v 99.866318 -1.712307 0.533744
v 3.339801 2.740108 0.607714
v 4.645501 -0.185353 0.724278
v 100.496582 -1.700219 0.555904
v 8.567157 1.324197 0.718813
v 15.365805 -4.267769 0.455857
v 30.334450 -4.015295 0.673204
v 2.547681 -2.110614 0.665952
v 97.384384 -2.283530 0.641509
v 8.992941 1.693436 0.646949
v 105.735016 -0.617098 0.505364
v 45.419598 -6.070185 0.455414
v 4.044615 2.564108 0.533804
v 0.711585 -1.515561 0.686576
v 85.930847 -5.835437 0.413750
v 39.170223 -6.075618 0.431783
v 101.842201 -1.612811 0.666217
v 95.796112 -2.860358 0.715114
v 91.551346 4.002945 0.711714
v 90.071106 5.094226 0.507298
v 90.688240 4.696595 0.511544
v 24.722982 4.110413 0.676411
v 108.947891 1.058797 0.153953
v 22.316401 5.109275 0.591435
v 101.224251 1.674399 0.812684
v 106.005463 -1.769376 0.722652
v 19.858822 6.249998 0.840167
v 94.225090 -3.627594 0.626068
v 0.816452 2.310071 0.630944
v 20.638885 6.253831 0.606740
v 0.102490 -1.077587 0.605343
v 105.867844 -1.327208 0.616877
v 100.371002 -1.477939 0.630055
v 25.190041 3.909686 0.851073
v 106.376846 -1.732512 0.830028
v 98.162331 -2.015090 0.632224
v 10.256569 -2.836796 0.438173
v 81.507713 -4.516130 0.932564
v 103.355377 1.943916 0.594297
v 107.053864 -0.381739 0.740954
v 28.452429 -3.934155 0.780530
v 77.180222 -4.371083 0.694958
v 28.202372 3.872103 0.966570
v 75.798386 -4.835604 0.955411
v 101.629654 1.627424 0.594414
v 76.136642 -4.609854 0.529690
v 10.151440 3.152551 0.832960
v 91.144127 -5.255585 0.634456
v 28.082546 -4.073786 0.970432
v 7.822761 -2.205170 0.646739
v 99.995911 1.777988 0.844582
v 72.523811 6.224875 0.840897
v 6.767286 0.545205 0.629384
v 31.516674 4.798409 0.959502
v 33.514362 6.274264 0.447791
v 99.236984 -1.669591 0.664621
v 79.763794 6.247490 0.627437
v 97.496330 2.152636 0.884042
v 108.944756 -1.012136 0.254458
v 106.361237 -0.507396 0.602244
v 0.742247 -0.874064 0.612870
v 16.287071 4.842595 0.908598
v 3.163625 -2.071478 0.714812
v 8.352768 -2.206333 0.847637
v 104.365723 0.421277 0.749010
v 90.329674 -5.751356 0.606673
v 99.423538 1.834342 0.866461
v 40.690079 6.218005 0.846696
v 94.875191 3.048761 0.483443
v 102.278671 1.930097 0.698822
v 96.380516 2.363240 0.975050
v 13.066912 -3.481922 0.663513
v 42.616909 -6.050407 0.648828
v 89.137772 5.592358 0.608886
v 88.010521 6.280266 0.757920
v 50.537300 -6.062106 0.650325
v 104.520180 -0.789788 0.322278
v 33.200504 -5.560425 0.841463
v 105.160179 -0.698266 0.416866
v 3.048842 2.569903 0.697457
v 27.688629 3.921025 0.678051
v 5.667888 0.131834 0.697059
v 23.972122 -6.036034 0.675138
v 63.905041 -6.062769 0.666108
v 37.164242 -6.031807 0.774175
v 24.515722 -5.636288 0.822154
v 11.947330 -3.191669 0.702409
v 19.899748 -6.032948 0.546622
v 2.314505 3.060718 0.694369
v 106.782028 0.902964 0.912863
v 74.520340 -5.531671 0.786245
v 0.086621 -0.980320 0.733815
v 21.141766 5.760427 0.891290
v 84.756973 -5.483547 0.789770
v 101.359062 -1.896685 0.742000
v 107.171104 -0.973180 0.895676
v 28.601421 4.015474 0.549390
v 7.284823 0.573493 0.898696
v 100.902588 -2.076610 0.721455
v 105.359955 1.943063 0.753885
v 12.000588 3.494563 1.007959
v 86.198891 -6.140766 0.768819
v 96.624413 -2.314676 0.949228
v 9.843369 2.260200 1.113686
v 2.108571 3.094804 0.717122
v 101.320656 -1.968744 0.841464
v 0.631125 -1.085638 1.051167
v 77.322060 -4.455571 1.113082
v 103.548691 0.350697 0.949743
v 91.613579 3.802775 0.874781
v 88.922684 5.126206 0.879710
v 9.619217 2.024902 1.014577
v 103.629257 0.296729 0.929361
v 105.364166 1.570631 0.670949
v 1.266280 2.652764 0.680892
v 93.156441 3.392581 0.733292
v 4.587281 -2.017342 0.695063
v 2.664439 2.651922 0.807750
v 2.239452 -2.155182 0.849082
v 101.078964 -1.859228 0.889041
v 88.308777 5.716023 0.826022
v 106.980469 -1.678832 0.990798
v 3.627252 -0.481428 0.825724
v 21.303707 5.372555 0.891478
v 1.328859 -1.851424 0.809695
v 104.098930 0.963935 0.953974
v 2.007140 2.717899 1.019474
v 23.933836 4.161250 0.763748
v 20.887001 6.223017 0.981306
v 102.957436 1.765473 1.160417
v 80.689766 -4.409486 1.010584
v 21.520002 4.942359 0.933929
v 11.068593 3.265961 1.067235
v 99.138611 -1.473508 0.895274
v 101.721764 1.869776 0.956469
v 6.028334 -1.981974 0.833459
v 78.113243 -4.364349 1.084772
v 76.681564 -4.565071 0.997376
v 94.295952 -3.356720 0.884654
v 33.264431 6.199646 1.069495
v 92.076782 -4.590237 0.764710
v 84.412537 6.184309 1.180452
v 13.419775 -3.504084 0.960006
v 29.804037 -4.069582 1.036115
v 26.420820 3.662734 1.263093
v 84.082481 -5.475976 1.307532
v 31.576244 -4.445642 0.829300
v 1.489227 2.583671 1.200795
v 28.970974 4.003297 0.781767
v 6.475945 0.236577 0.975146
v 62.833393 6.190523 1.057610
v 29.874886 4.206840 0.714058
v 78.978699 6.189779 1.060721
v 98.579712 1.914685 1.037678
v 26.571768 3.889277 0.750537
v 101.486778 -1.927790 0.915317
v 51.338856 6.179307 1.069771
v 56.029644 6.190974 1.034867
v 6.955339 -2.018490 0.865313
v 13.975346 3.993208 1.042497
v 86.579727 6.199191 1.238441
v 103.859734 -0.992898 0.692803
v 107.771881 -0.196228 0.870500
v 12.837071 -3.289638 1.095419
v 32.659546 -5.060713 0.886171
v 87.311447 6.248951 0.979408
v 32.171818 -4.746854 0.934615
v 105.086998 0.545600 1.009372
v 32.981209 5.863000 0.985270
v 70.217422 -6.053904 0.757320
v 1.257823 -1.015952 1.079587
v 51.553490 -5.998799 1.063658
v 44.762047 -6.003609 0.973547
v 100.544563 -1.126736 0.881693
v 95.193253 2.597773 1.096812
v 100.652725 -1.356452 0.738360
v 15.311908 -4.171981 0.890001
v 22.855938 -6.017334 0.780003
v 108.953636 -0.168936 0.919636
v 24.430338 3.721010 1.168891
v 18.852077 -5.572923 0.811316
v 16.747890 -4.723411 0.897579
v 91.319595 3.607294 1.208485
v 90.007065 4.154508 1.150263
v 104.540253 1.859253 1.064855
v 100.601295 1.732403 0.988919
v 105.915588 0.728434 1.070638
v 1.638496 -2.000389 0.891643
v 108.485023 -0.038928 1.017201
v 101.111725 1.813007 1.190282
v 27.510864 -4.385167 1.249427
v 103.137001 0.199682 1.040195
v 107.921349 -1.048651 1.129906
v 99.872948 1.774465 1.137519
v 108.953232 -1.483750 0.580916
v 1.981146 -2.179055 0.964794
v 21.994061 4.296955 1.088850
v 24.555656 -5.990198 0.990410
v 1.183372 2.442011 1.014845
v 10.741687 -2.823887 0.868264
v 87.602371 5.482280 1.165681
v 2.173195 2.593274 0.972960
v 89.952393 4.567348 0.843225
v 87.226547 -6.114228 0.821124
v 103.002724 -1.297890 0.884849
v 79.169167 -4.267753 0.872426
v 93.946915 2.968067 1.006265
v 8.431667 1.013829 1.079957
v 10.284536 2.986547 1.292297
v 4.208012 -0.471396 1.091109
v 83.617043 -5.027503 0.794131
v 26.567434 -4.439427 0.940061
v 92.728592 -4.092012 0.928021
v 100.757683 -0.920146 1.075589
v 107.750702 -1.598879 1.207580
v 25.774002 -4.912918 1.028003
v 1.461240 -1.168776 1.639531
v 108.561539 1.420605 1.136221
v 18.228052 5.540905 1.177333
v 102.059608 1.743272 1.227470
v 101.245987 1.817386 1.194262
v 7.651655 0.570772 1.209487
v 25.637709 -5.428905 1.303001
v 25.157831 -5.924412 1.302630
v 1.963977 2.513904 1.018113
v 25.558813 3.576911 1.410881
v 108.938477 0.020807 1.108204
v 25.108782 -5.635608 1.137238
v 102.592262 0.079838 1.151725
v 97.805336 -1.844980 0.969152
v 1.637701 2.629465 1.179955
v 26.575726 3.607225 1.460402
v 82.172539 -4.734830 1.114168
v 15.239149 4.419575 1.050051
v 87.495430 5.201380 1.354193
v 2.118653 -2.035310 1.296285
v 7.666081 -1.998036 1.021660
v 2.904739 -0.771466 1.152827
v 13.066993 3.696584 1.160811
v 10.093557 2.614552 1.250654
v 31.443443 4.825018 1.391854
v 97.661240 2.043264 1.224465
v 14.346602 -3.775485 1.097404
v 104.104553 1.785358 1.221975
v 30.622959 -4.305442 1.278217
v 101.109039 -1.095499 1.262962
v 96.938484 -1.974273 1.264566
v 28.718172 3.880210 1.489062
v 4.873745 -1.909504 1.043103
v 32.103039 5.214197 1.365956
v 71.056625 6.155783 1.243354
v 108.958626 -0.419585 1.160194
v 108.974419 -1.637868 0.958943
v 87.243240 5.846176 1.133932
v 108.038208 -0.140129 0.916746
v 108.549065 -0.567679 1.184618
v 9.402573 -2.396337 0.969313
v 79.805504 -4.491354 1.469726
v 33.517426 -5.987219 1.049798
v 32.488274 5.451956 1.166497
v 103.801910 0.287524 1.092712
v 43.701038 6.147265 1.232134
v 29.530973 4.067966 1.370717
v 9.311752 1.696167 0.991581
v 61.786591 -6.000123 1.073213
v 34.862400 6.119380 1.385556
v 15.337838 -4.036751 1.408911
v 91.194885 -4.848383 1.027091
v 72.932762 -6.023168 0.989568
v 108.952911 1.429473 1.055149
v 59.587559 -5.932655 1.378717
v 31.332617 -4.458009 1.178243
v 18.453796 -5.359577 1.100427
v 108.895996 1.441326 1.102698
v 19.900799 -5.948477 1.130413
v 35.909912 -5.957061 1.182641
v 100.165726 -1.022608 1.105209
v 3.665760 -1.973317 1.071595
v 103.780342 -1.164733 1.195971
v 22.061710 3.831822 1.352881
v 26.794266 -4.870407 1.468477
v 8.956544 1.346935 1.079807
v 88.963120 4.589813 1.204277
v 96.388481 2.215775 1.495053
v 107.223267 1.141422 1.471861
v 102.380600 -0.014309 1.261427
v 106.928291 -0.391784 0.787598
v 101.440697 -1.373526 1.237734
v 76.106354 -4.756459 1.057193
v 9.355766 -2.203609 1.268587
v 108.969604 -1.503564 1.464524
v 20.547781 4.498032 1.394938
v 33.084557 -5.497355 1.151793
v 20.473825 6.194944 1.191409
v 6.533946 -1.789240 1.215506
v 108.953468 -0.597128 1.274854
v 10.751842 -2.698363 1.148106
v 102.029930 -1.779179 1.083242
v 80.468697 -4.551743 1.449024
v 7.890115 -1.886465 1.214962
v 107.864128 1.252250 1.200251
v 74.795341 -5.457580 1.126850
v 90.265999 -5.260600 1.209607
v 20.454344 5.596530 1.227501
v 93.142311 -3.692355 1.177886
v 101.991371 -0.107954 1.317115
v 20.331369 5.018414 1.352138
v 14.134794 3.883311 1.543054
v 30.573517 4.439804 1.527845
v 103.441055 1.680265 1.436917
v 104.551903 -0.922931 1.109179
v 32.981709 6.105301 1.533952
v 19.864685 6.188564 1.324005
v 108.065399 1.329538 1.258693
v 101.852264 -0.023881 1.360233
v 12.505945 3.421730 1.492419
v 23.070101 3.896009 1.144969
v 94.042175 -3.264419 1.159143
v 90.174164 3.883804 1.363455
v 4.829360 -0.455869 1.476523
v 5.131341 -1.762923 1.298850
v 100.791817 -0.714992 1.362039
v 21.478373 4.432491 1.153732
v 27.368498 3.695595 1.389805
v 100.977371 1.659428 1.431970
v 90.589897 3.557893 1.606566
v 17.302984 5.059346 1.626333
v 28.036320 3.764409 1.473730
v 81.295921 -4.756573 1.585802
v 16.146633 4.680799 1.365467
v 2.365716 -0.997317 1.520939
v 29.042164 -4.208263 1.356419
v 87.866020 4.693397 1.557954
v 8.431623 0.842847 1.459632
v 76.579514 -4.747948 1.424934
v 3.252254 -1.833923 1.444216
v 31.801546 -4.714824 1.388264
v 6.854950 -1.594973 1.479739
v 9.525737 1.687193 1.327980
v 75.774666 6.101186 1.493115
v 85.526077 -6.033650 1.107129
v 80.203842 6.155077 1.248289
v 108.647339 0.063666 1.161298
v 66.156219 6.167638 1.183583
v 5.791875 -0.068255 1.154712
v 82.865601 -5.040206 1.345824
v 51.839245 6.086437 1.510270
v 75.273460 -5.240799 1.308052
v 93.294754 2.942787 1.358675
v 57.153240 6.092503 1.494602
v 98.951279 -1.312415 1.185719
v 79.145195 -4.490378 1.519038
v 78.372719 -4.517894 1.541271
v 100.627075 1.846923 1.398221
v 98.120209 1.954190 1.469449
v 38.357422 6.084186 1.512074
v 95.237549 -2.715458 1.180338
v 89.135773 -6.057313 1.087455
v 67.227814 -5.947948 1.307629
v 51.775288 -5.927274 1.383034
v 45.045574 -5.939719 1.304995
v 19.907345 -5.834461 1.622165
v 39.520100 -5.943895 1.286034
v 16.592745 -4.527470 1.438714
v 98.652489 1.876071 1.512441
v 108.942566 0.185490 1.159195
v 108.882401 -1.023201 1.417485
v 74.136246 -5.982868 1.209239
v 106.894547 -0.263163 2.006804
v 75.097458 -5.497144 1.589435
v 3.457372 -0.779273 1.477135
v 106.763100 1.022307 1.586836
v 21.358932 3.977651 1.395085
v 86.733421 5.055057 1.745016
v 99.399078 1.824430 1.407170
v 108.460991 -1.523974 1.425285
v 101.415840 -0.946054 1.486871
v 20.060717 6.167835 1.409212
v 108.958199 0.466884 1.599910
v 103.491196 -1.361349 1.489040
v 91.840157 -4.261037 1.325129
v 84.947487 -5.938272 1.390694
v 108.953705 1.028678 1.371016
v 101.225677 1.686009 1.379304
v 107.876129 1.252640 1.334854
v 28.399271 -4.334678 1.442509
v 22.257790 3.432639 1.619777
v 85.393471 6.084884 1.729731
v 100.229309 1.869940 1.557425
v 100.099457 -0.875578 1.364930
v 102.711777 -1.596718 1.285918
v 108.913948 -1.507365 1.539281
v 5.800957 -1.583447 1.503461
v 26.227278 -5.414783 1.598651
v 7.816276 -1.657976 1.467536
v 29.754873 -4.272953 1.444070
v 19.798912 6.117369 1.533157
v 23.252911 3.523419 1.473041
v 95.489250 -2.317958 1.693768
v 20.037365 4.477993 1.559436
v 103.211555 0.913890 1.238048
v 8.878981 -2.024563 1.320841
v 43.882301 6.030775 1.705902
v 102.940079 1.587155 1.580091
v 61.508968 6.091919 1.513016
v 80.047447 6.020851 1.791697
v 68.379410 6.049896 1.675561
v 101.379639 -0.319037 1.478867
v 94.893860 2.519143 1.481315
v 27.494064 3.629658 1.942543
v 101.342171 -0.243621 1.482789
v 101.104507 -0.663695 1.607859
v 18.326777 5.469400 1.649483
v 75.887512 -5.050016 1.546727
v 15.129342 4.223708 1.575482
v 102.817398 -0.009288 1.504017
v 21.497917 3.560040 1.597944
v 31.270155 4.829858 1.771561
v 102.660851 1.531507 1.666262
v 77.474297 -4.577858 1.478108
v 33.909512 6.001072 1.838395
v 96.769455 -1.859429 1.598565
v 32.288364 -4.942914 1.365235
v 19.246187 4.871266 1.794756
v 88.905113 -5.806092 1.761177
v 9.039431 1.229694 1.416306
v 13.484771 3.618598 1.650197
v 91.969513 3.284896 1.373967
v 29.744528 4.153668 1.666774
v 7.589379 0.370499 1.698932
v 12.801939 -3.096415 1.493303
v 14.065533 -3.550024 1.442393
v 9.822076 1.781043 1.812163
v 104.147575 0.308008 1.625215
v 10.038070 2.164297 1.764948
v 90.929451 -4.614935 1.553588
v 97.954643 -1.483511 1.483139
v 96.575340 2.154933 1.785030
v 19.767969 5.559491 1.554868
v 101.865982 1.539580 1.587459
v 106.255867 -0.520655 1.315037
v 99.991302 1.588847 1.891823
v 23.718615 3.480276 1.509468
v 83.628204 6.025851 1.867937
v 10.314471 2.607744 1.920786
v 10.798935 -2.537611 1.451454
v 33.347557 -5.903513 1.442949
v 104.102638 -1.163804 1.651558
v 106.320267 0.909371 1.685456
v 32.625641 -5.201014 1.454842
v 107.575325 -0.139831 1.433575
v 86.265877 5.700434 1.559299
v 27.622650 -4.776725 1.718944
v 105.067589 -0.810507 1.214433
v 74.149185 5.999657 1.847914
v 20.562756 3.893640 1.589875
v 99.459579 -0.955568 1.578373
v 24.701433 3.449843 1.590411
v 101.971069 -0.704339 1.801767
v 105.743965 -0.651312 1.272388
v 74.821373 -5.815445 1.772953
v 19.812061 4.976784 1.558599
v 8.459620 -1.779381 1.475454
v 99.571182 1.935587 1.789186
v 105.033203 0.535682 1.333181
v 88.709465 4.201647 1.662502
v 19.633537 6.014283 1.659004
v 32.163704 5.446733 1.795482
v 103.111214 -0.950106 1.691110
v 100.827766 1.313954 1.714042
v 101.062416 -0.389373 1.635603
v 2.185196 -1.661539 1.785174
v 54.417053 -5.840026 1.699851
v 107.794662 0.709148 1.628465
v 60.061432 -5.839239 1.718542
v 3.951491 -1.627023 1.611225
v 69.791801 -5.842844 1.708503
v 12.970217 3.285760 1.987321
v 101.244064 0.624574 1.729335
v 101.621399 -0.654402 1.775899
v 94.157707 -2.940299 1.585635
v 19.783901 3.868554 1.770167
v 83.527649 -5.739241 2.031799
v 102.287582 1.454123 1.759476
v 101.476791 1.189133 1.973617
v 102.417984 -0.889039 1.706040
v 101.659996 -0.408017 2.094000
v 76.557991 -4.977804 1.852062
v 90.833923 3.314711 1.888087
v 103.475075 -0.613033 1.857314
v 100.806084 1.141693 1.836359
v 26.991220 -5.185948 1.815718
v 104.233971 -0.764518 1.826277
v 31.534950 5.094231 2.050993
v 5.803904 -1.329640 1.772720
v 29.506891 -4.708169 2.069797
v 100.738861 -0.544408 1.747624
v 101.587631 -0.304847 1.556909
v 108.122719 0.107189 1.876691
v 31.368944 -4.634146 1.555516
v 108.360634 0.181351 1.839463
v 108.907028 0.337416 1.763902
v 9.543316 1.462214 1.889526
v 62.173122 5.982595 1.893379
v 80.591774 -4.848501 1.996002
v 11.933825 -2.554102 1.942748
v 53.582191 5.963676 1.932421
v 102.119576 1.021532 1.633654
v 49.996189 6.029994 1.713249
v 7.893080 0.455515 1.906925
v 19.011393 4.174330 1.915532
v 15.320513 -3.808629 1.925093
v 74.957153 -5.770350 1.924968
v 106.413765 0.558419 1.801484
v 16.644949 4.630405 2.055858
v 18.659298 -5.338461 1.511973
v 19.240053 5.793220 1.864638
v 30.374271 4.452760 2.021513
v 8.443654 0.719592 1.923000
v 95.600800 2.292434 1.954209
v 28.924126 3.933380 1.944121
v 65.960602 -5.844511 1.689093
v 107.294922 0.231544 1.854221
v 47.367695 -5.838589 1.699998
v 40.769474 -5.839722 1.693755
v 23.573540 -5.815260 1.703121
v 102.084587 -0.335730 2.098119
v 30.744627 -4.638185 1.831231
v 93.158829 2.817193 1.718532
v 92.601906 -3.675036 1.633429
v 84.639191 5.966868 2.142003
v 91.840294 3.023306 1.959373
v 97.344917 2.054770 2.006235
v 23.850353 3.260808 1.804507
v 28.575438 -4.687270 1.927045
v 101.107971 0.513999 1.745896
v 4.040115 -1.353194 1.895770
v 85.364777 5.625771 1.980963
v 100.888107 0.167539 1.918129
v 25.998556 -5.815172 1.709901
v 84.095032 -5.813450 1.789446
v 81.897980 -5.037270 1.849119
v 101.989761 1.358070 1.857861
v 104.984833 -0.895551 1.844307
v 100.761421 0.838812 2.004559
v 1.819963 -1.204415 1.932819
v 101.450912 1.031661 1.872625
v 86.919067 4.657892 1.989812
v 32.286018 -5.220581 1.898628
v 98.923927 1.907407 1.756799
v 20.887297 3.396078 1.752903
v 7.005313 -1.192276 1.869998
v 5.874863 -1.142801 1.927207
v 75.941833 -5.283108 1.957620
v 31.844450 -4.964675 1.851608
v 104.547173 -0.351108 1.948171
v 101.301079 1.101078 2.045290
v 5.918440 -0.212364 1.699324
v 103.955658 -0.267498 1.982860
v 105.818695 0.317180 1.913649
v 20.096960 3.298356 1.876537
v 105.438431 0.673958 1.875697
v 105.607651 -0.691157 1.960561
v 12.717230 -2.835255 1.893274
v 107.553062 -0.056946 1.950233
v 79.525627 -4.789009 2.075528
v 99.810387 1.312483 2.127792
v 77.088875 -4.770596 1.739258
v 106.394417 -0.032323 1.962225
v 9.725389 -1.869020 1.819570
v 31.607075 -5.025202 2.086358
v 104.946022 -0.157159 1.977814
v 13.894329 3.430773 2.250916
v 19.307615 3.951040 1.861851
v 105.339005 0.061898 1.966511
v 85.818222 5.053716 2.159274
v 106.200493 -0.492843 2.009987
v 101.428596 1.121877 1.970411
v 11.031091 -2.249048 1.942527
v 8.750377 -1.654827 1.684970
v 14.588347 3.695004 2.254324
v 33.034821 -5.784620 1.879441
v 29.509659 4.161148 2.249033
v 42.095493 5.888134 2.140830
v 20.874992 2.858984 2.046802
v 13.745499 -3.270486 1.765419
v 98.905731 1.983988 2.040401
v 88.900803 3.674645 2.276606
v 101.366486 -0.510410 1.984553
v 90.849640 -4.402891 2.010860
v 37.742718 5.967287 1.912016
v 104.688065 0.447490 2.016646
v 31.708948 5.380413 2.366383
v 94.448547 -2.649057 1.949158
v 18.775185 5.523909 2.084629
v 15.627168 4.198782 2.086797
v 100.974037 -0.439879 2.275615
v 98.032112 -1.262626 1.975395
v 8.640953 -1.358299 1.925141
v 32.598366 5.972797 2.004485
v 94.806580 2.434624 1.903710
v 20.107571 2.732308 2.112122
v 54.157082 -5.731165 2.020101
v 46.077507 -5.728148 2.019032
v 61.804081 -5.738019 2.017473
v 88.845322 -5.659050 2.126692
v 26.544327 -5.741127 1.959868
v 71.434280 -5.716654 2.070324
v 10.262138 2.381664 2.204463
v 97.105576 -1.556415 2.054618
v 103.415222 0.012944 2.126467
v 99.547493 -0.797240 1.953921
v 104.392067 0.092753 2.033202
v 12.070987 3.086889 1.905976
v 42.153946 -5.685110 2.141529
v 19.009382 3.180507 2.043395
v 96.218468 -1.874049 2.087665
v 35.024628 -5.791450 1.810623
v 38.613373 -5.756892 1.936441
v 93.219704 2.705475 2.047238
v 17.158651 -4.581662 1.920257
v 89.783722 -5.292437 1.601224
v 75.389809 -5.703171 2.109617
v 25.327719 3.345707 1.941973
v 4.412701 -1.056980 2.076942
v 100.804512 0.912142 2.037864
v 98.142570 1.970169 1.894349
v 7.979841 -1.210704 1.910019
v 101.525345 -0.426754 2.139892
v 77.881424 -4.776046 1.977909
v 7.090153 0.196328 1.617832
v 19.584164 2.707079 2.127166
v 100.807884 0.662054 1.973016
v 100.267784 -0.537423 2.173232
v 4.935795 -0.649025 2.268865
v 6.336204 -0.235309 2.327685
v 82.905647 -5.305867 1.769189
v 103.292801 0.066119 1.696841
v 100.805435 -0.424295 2.125964
v 19.085186 2.770442 2.130476
v 5.336365 -0.541328 2.284337
v 90.109253 3.251874 2.445632
v 2.062325 -1.237060 2.154083
v 28.557350 -5.100522 2.338907
v 13.532498 -2.961234 2.107414
v 21.427704 2.986228 1.967458
v 100.641487 0.973141 1.973632
v 22.043972 2.917610 2.047736
v 102.726868 -0.185903 2.113606
v 2.214584 -1.221120 2.211343
v 11.238874 -2.068742 2.219343
v 10.291976 0.070086 2.102079
v 15.507446 -3.668617 2.312582
v 19.037798 -5.352125 1.948338
v 9.773506 -0.742762 2.126188
v 7.887881 -0.915684 2.087069
v 8.784669 -1.132319 2.136077
v 18.926104 5.090692 1.947337
v 104.002853 0.214537 2.101493
v 10.710837 -0.726370 2.158813
v 76.911980 -5.062357 2.142396
v 11.796175 0.324812 2.120335
v 27.429430 -5.613494 2.318905
v 9.676212 0.183637 2.161088
v 18.465771 3.629866 2.079135
v 9.400677 -0.416181 2.136570
v 22.776318 3.068280 1.939116
v 18.071327 3.279772 2.166040
v 18.400581 4.223346 2.108558
v 17.643391 4.850937 2.540085
v 13.195599 0.318093 2.175707
v 11.652012 -0.117799 2.124305
v 12.168007 0.733107 2.147758
v 10.303477 0.657077 2.186481
v 12.326610 -0.248575 2.179475
v 18.331326 2.730836 2.183758
v 44.827702 5.811694 2.327800
v 67.146881 5.916773 2.084956
v 75.306305 5.829641 2.311554
v 6.077318 -0.901277 2.070256
v 86.529778 -5.714583 1.991350
v 6.971488 -0.663597 2.159129
v 7.962328 -0.512722 2.245090
v 9.212847 0.078866 2.219021
v 93.044571 -3.248250 2.044112
v 8.701833 -0.806805 2.244297
v 13.738419 1.421122 2.232526
v 12.083786 2.809155 2.306575
v 30.502733 4.637417 2.432533
v 9.180052 -1.211048 2.210382
v 35.124950 -5.590388 2.335776
v 33.399860 5.785237 2.425482
v 83.149612 5.856641 2.329522
v 45.298363 -5.603611 2.329870
v 50.104164 -5.609192 2.326830
v 30.300428 -4.731933 2.062925
v 13.831414 0.892397 2.193425
v 91.580177 -4.065062 1.879094
v 95.481880 -2.100534 2.285257
v 3.096659 -1.054238 2.234794
v 32.660908 -5.681944 2.167937
v 11.293510 0.897634 2.187640
v 23.989309 2.909317 2.419828
v 27.760899 -5.089917 2.063022
v 91.125214 3.052267 2.343240
v 17.301527 3.001264 2.279997
v 100.619415 -0.434773 2.329137
v 16.997904 -4.297584 2.369956
v 4.193179 -0.825844 2.248829
v 12.585505 1.316802 2.228194
v 23.287628 2.613832 2.670410
v 91.629219 -3.844152 2.294144
v 82.904526 -5.667386 2.242154
v 8.996802 1.034283 1.956254
v 84.729439 5.513749 2.360100
v 98.181961 1.601408 2.599221
v 23.154373 3.006396 2.056962
v 12.017247 -0.706096 2.256419
v 14.834247 1.529106 2.247952
v 100.630554 -0.057685 2.243149
v 18.266821 2.192994 2.293562
v 15.125469 1.272933 2.256947
v 13.917257 0.016223 2.278607
v 17.708921 2.516207 2.247715
v 5.691121 -0.443407 2.296692
v 30.971462 5.072919 2.790491
v 76.115845 -5.581007 2.412505
v 8.440966 -0.187734 2.372246
v 14.291632 1.914581 2.295156
v 99.452942 1.078449 2.372220
v 12.009440 1.466040 2.287760
v 90.076683 -4.793587 2.151525
v 19.914448 -5.663595 2.132527
v 17.138189 2.105037 2.291581
v 24.653482 -5.625458 2.229488
v 13.659801 -2.681038 2.508431
v 19.324602 2.188768 2.321511
v 10.189487 2.162457 2.419682
v 99.595078 -0.695002 2.346911
v 9.822086 -1.419247 2.284390
v 15.101252 0.847945 2.283974
v 20.296629 2.341421 2.329835
v 100.614685 0.562493 2.119980
v 21.176899 2.451906 2.348395
v 9.699722 0.641530 2.258630
v 81.889755 -5.216702 2.116886
v 15.991341 2.047340 2.287700
v 16.716476 2.427109 2.293494
v 18.191776 4.609039 2.234382
v 10.213036 -1.243818 2.251016
v 29.415966 -5.028926 2.415722
v 17.605415 3.621536 2.288431
v 15.848247 2.411091 2.327086
v 17.825018 4.090903 2.292342
v 32.337627 -5.614140 2.340105
v 98.148834 2.069057 2.295320
v 95.978149 2.233685 2.324423
v 77.964615 -4.966125 2.291025
v 98.500679 2.010322 2.201161
v 17.377239 1.746757 2.341874
v 14.978926 0.044071 2.417619
v 16.483437 1.635246 2.309289
v 24.585028 3.154787 2.149896
v 85.418030 4.828182 2.559907
v 11.469393 -1.202838 2.356648
v 14.120007 -0.345935 2.402157
v 88.962006 3.466547 2.654782
v 10.272753 0.997539 2.280818
v 22.458082 2.438132 2.631599
v 10.865438 1.660831 2.474455
v 32.065884 5.768056 2.501983
v 13.105325 1.988698 2.371347
v 10.656758 -1.611188 2.434500
v 15.488692 3.958411 2.420288
v 6.994276 0.001639 2.375108
v 7.801536 0.335130 2.478674
v 19.725218 1.837187 2.541934
v 15.434128 2.640314 2.394184
v 80.267387 5.834099 2.308024
v 58.153522 5.826306 2.298518
v 69.533508 5.824779 2.316149
v 62.351414 5.834279 2.294796
v 96.882545 2.139130 2.324991
v 77.504776 -5.159997 2.444393
v 16.293411 2.899358 2.376512
v 16.450148 1.042408 2.394476
v 51.174538 5.815125 2.330564
v 26.802427 3.514470 1.959357
v 14.418532 -3.226146 2.267466
v 18.076626 5.111091 2.379337
v 14.391967 2.305510 2.382445
v 11.635909 1.704951 2.398802
v 36.126026 5.814656 2.316582
v 31.071178 -5.103096 2.375947
v 16.878433 3.353165 2.392919
v 88.834770 -5.442089 2.591138
v 22.047104 2.540990 2.403835
v 84.451546 -5.577096 2.379836
v 54.834255 -5.594705 2.362069
v 67.062187 -5.598331 2.346513
v 62.328598 -5.620030 2.314065
v 68.738777 -5.637887 2.274716
v 99.369286 0.420487 2.586514
v 11.050725 -1.674443 2.516284
v 15.605195 0.531925 2.396656
v 92.807205 -3.209188 2.447874
v 27.657574 -5.580293 2.384300
v 38.919689 -5.601043 2.340281
v 8.387928 0.408869 2.493136
v 78.986084 -4.840017 2.186656
v 93.233704 2.625397 2.482728
v 91.708824 2.871138 2.601051
v 100.073540 -0.545788 2.483378
v 75.411842 -5.563722 2.447092
v 28.616693 3.941220 2.705213
v 12.328997 -1.304251 2.514266
v 12.477036 2.157489 2.501309
v 8.115876 0.479534 2.530203
v 9.011386 0.972137 2.541106
v 8.670599 0.772474 2.536231
v 86.594795 4.401248 2.404219
v 15.609339 -3.440599 2.699675
v 13.535483 -2.395580 2.748082
v 9.979255 1.781938 2.712291
v 21.231371 2.207690 2.557108
v 30.120571 -4.929898 2.329055
v 98.789200 -0.932485 2.397224
v 15.156083 2.924574 2.511810
v 18.153900 1.687014 2.417045
v 9.921966 1.285464 2.464159
v 94.085754 -2.661700 2.365159
v 13.881433 2.515491 2.503677
v 16.931520 3.791425 2.499680
v 16.192852 3.341912 2.507995
v 17.480946 4.281974 2.466204
v 82.053741 -5.577486 2.488378
v 20.283045 1.898899 2.613488
v 80.571236 -5.153752 2.422542
v 13.098162 3.075708 2.363500
v 16.457518 0.510707 2.540751
v 13.686720 -0.784286 2.491544
v 17.671883 1.173308 2.519302
v 79.679298 -5.036018 2.423406
v 84.030876 5.775829 2.579539
v 9.601942 1.406973 2.615309
v 10.453884 1.943755 2.698289
v 19.093416 1.688276 2.520376
v 87.364899 4.106300 2.393362
v 78.297424 -5.172493 2.599407
v 81.092293 5.610817 2.793602
v 99.610542 -0.665173 2.625154
v 14.912759 -0.437746 2.571992
v 98.464821 0.474737 2.892018
v 62.490913 5.631747 2.729055
v 76.830399 5.637689 2.722554
v 32.100918 -5.564329 2.452680
v 69.180084 5.630897 2.731023
v 43.335594 5.621576 2.735406
v 83.129066 5.664604 2.748970
v 37.170639 5.614017 2.741140
v 97.663322 2.135073 2.473861
v 77.176361 -5.443555 2.673393
v 30.439573 -5.389580 2.770190
v 32.970272 -5.404294 2.741533
v 98.925507 -0.254079 2.811560
v 51.437481 -5.409102 2.748371
v 17.101877 0.494331 2.669184
v 16.685017 4.277380 2.783158
v 96.521889 -1.651286 2.526453
v 46.468735 -5.392281 2.768742
v 56.590572 -5.403620 2.761501
v 27.368845 3.574702 2.481616
v 16.334709 4.086477 2.823731
v 28.702763 -5.449426 2.645496
v 39.215588 -5.398473 2.765319
v 27.772381 3.691499 2.603642
v 94.520599 2.427263 2.510870
v 97.407051 -1.350415 2.501301
v 18.222189 1.127602 2.628962
v 98.094574 -1.129008 2.548185
v 26.227732 3.352751 2.415699
v 88.091721 3.902809 2.324541
v 80.926674 -5.476819 2.717649
v 25.757088 3.306145 2.251658
v 31.280365 -5.448281 2.660986
v 13.686277 -1.287713 2.731450
v 10.882718 2.069589 2.693416
v 13.139871 -1.598875 2.808791
v 18.456429 -4.675638 2.835006
v 17.051750 4.486232 2.713853
v 11.595269 2.292350 2.701298
v 12.391855 2.529490 2.723442
v 11.925861 -1.780522 2.729877
v 19.915962 -5.468566 2.576080
v 16.136187 -0.037749 2.674231
v 24.852705 -5.418369 2.678018
v 98.088417 1.172390 2.837399
v 90.192741 -4.527652 2.564756
v 51.519512 5.628900 2.733092
v 99.189438 0.761442 2.573312
v 15.077656 -0.733006 2.744515
v 96.959518 2.234257 2.726463
v 69.283813 -5.366148 2.841863
v 13.209130 2.793557 2.752991
v 29.315960 -5.405672 2.723931
v 30.064610 -5.388497 2.768408
v 21.612591 2.099225 2.762460
v 15.888646 3.639367 2.705269
v 14.914442 3.238648 2.699113
v 14.427384 3.247831 2.800084
v 15.148982 3.537954 2.827124
v 13.887725 3.039119 2.779696
v 24.051117 2.696446 2.959462
v 20.524895 1.731955 2.792477
v 84.668182 5.189496 2.640926
v 17.836073 0.662965 2.757997
v 15.756776 3.800532 2.850635
v 57.741104 5.622890 2.735960
v 83.933014 -5.420773 2.728593
v 29.255375 4.210813 2.846536
v 92.840393 -3.079583 2.842817
v 30.120111 4.628048 2.913689
v 93.236343 2.609157 2.929133
v 24.898354 3.017536 2.675773
v 18.698635 -5.027568 2.375880
v 35.630394 -5.389376 2.758339
v 79.568893 -5.388780 2.862573
v 27.502211 3.649301 2.979570
v 43.024857 -5.446005 2.677145
v 94.194244 -2.526756 2.738806
v 91.335419 2.887553 2.943746
v 66.740547 -5.400382 2.760734
v 71.499489 -5.446253 2.674029
v 92.325745 2.731288 2.935030
v 31.541435 5.565505 2.906599
v 63.661137 -5.407461 2.762229
v 87.383667 3.803990 2.871431
v 19.168760 1.281007 2.754812
v 33.961758 5.604397 2.777047
v 96.383728 -1.652066 3.068518
v 89.428711 3.244006 2.982652
v 75.810020 -5.387666 2.802898
v 95.401428 -2.022437 2.874980
v 98.755203 -0.913169 2.873412
v 95.434372 2.337090 2.768912
v 27.362799 -5.336286 2.867301
v 31.093615 5.393134 3.182090
v 14.242102 -1.568954 3.041660
v 89.583649 -4.941566 2.502206
v 17.807995 0.263313 2.971337
v 19.054289 0.891956 2.975529
v 96.285255 2.348296 2.981368
v 20.975306 1.520009 3.154758
v 12.887507 -1.879747 2.965206
v 19.937050 1.242576 3.013158
v 85.308342 4.604022 2.859441
v 15.092676 -1.048320 2.937296
v 72.291931 5.406036 3.122077
v 58.994827 5.411470 3.109240
v 67.276810 5.414411 3.113894
v 44.365128 5.400311 3.126409
v 51.852596 5.409286 3.125319
v 14.260367 -2.242673 3.213186
v 78.134460 -5.378314 2.818280
v 17.462902 -4.106119 3.010355
v 36.353348 5.387119 3.133741
v 26.875273 3.469153 2.771803
v 15.420118 -3.158669 2.918471
v 21.381300 1.706757 3.124767
v 46.267345 -5.182126 3.136844
v 16.450628 -0.492683 3.012276
v 54.241161 -5.179609 3.153221
v 29.372194 -5.221793 3.058368
v 86.083893 4.194432 2.947969
v 90.329506 3.073212 2.909221
v 98.021172 -1.140779 3.066793
v 88.867126 -5.219220 3.018707
v 23.799141 -5.223650 3.034451
v 95.588837 2.461954 3.226298
v 97.546265 -1.285705 3.176989
v 15.491186 -1.188542 3.164119
v 83.627464 5.575301 2.949669
v 94.873962 2.442324 3.019902
v 97.820969 -0.407640 3.172433
v 84.965752 -5.184534 3.146394
v 80.770576 5.407078 3.138267
v 83.432274 5.411313 3.205070
v 96.973007 1.934645 2.910444
v 29.890867 4.706370 3.340763
v 32.645187 5.375087 3.186508
v 38.912373 -5.174172 3.154312
v 96.994621 1.623203 3.057897
v 17.540470 -0.211832 3.197814
v 97.615578 0.854945 3.109692
v 79.836685 -4.988491 3.472679
v 13.544991 -1.935868 3.155586
v 97.683899 0.386586 3.170595
v 84.035736 5.010421 3.179832
v 88.683784 3.292931 3.453520
v 24.096268 2.576867 3.358854
v 85.552742 4.186082 3.301458
v 87.879097 3.471692 3.382684
v 17.173744 -3.693005 3.337067
v 83.283226 5.183537 3.520807
v 32.539753 -5.179022 3.124690
v 82.685272 -5.203777 3.132524
v 72.007294 -5.176998 3.151538
v 68.387566 -5.166243 3.172325
v 88.938087 -5.056874 3.305497
v 63.080822 -5.185874 3.146735
v 75.098747 -5.186420 3.152629
v 93.439743 -2.760771 3.236005
v 25.737333 3.166297 2.962649
v 27.248634 3.630272 3.448483
v 90.507820 2.982372 3.640174
v 89.919556 3.085426 3.341889
v 93.456367 2.612161 3.206182
v 21.329521 1.275578 3.691343
v 15.005923 -2.792433 3.074278
v 84.516205 4.544585 3.449810
v 20.451559 1.161528 3.302874
v 95.645058 2.133905 3.390557
v 95.491028 -2.006562 3.711067
v 96.204315 -1.745621 3.505546
v 18.939640 -4.378845 3.589473
v 94.595551 -2.322806 3.132315
v 22.196531 2.075124 3.027876
v 97.151848 -0.583754 3.376786
v 19.899544 -5.174143 3.096337
v 15.315064 -1.573440 3.411299
v 21.557594 -4.977829 3.420319
v 30.764830 5.276616 3.357352
v 97.121590 0.397538 3.383370
v 18.249559 -0.127014 3.441494
v 18.978642 0.479475 3.266008
v 14.484477 -1.988153 3.510260
v 96.964111 -1.477336 3.317246
v 96.251770 -0.310589 3.420176
v 96.919754 1.061194 3.314978
v 96.935516 -0.081115 3.436316
v 86.757027 -5.180329 3.103621
v 57.114807 5.198673 3.419314
v 46.874161 -4.947576 3.472570
v 65.404411 5.168658 3.473443
v 76.231689 5.206222 3.409760
v 32.644367 -4.993273 3.383579
v 44.832741 5.163384 3.477964
v 39.130829 -4.951981 3.473658
v 50.508480 5.155361 3.498142
v 83.883980 4.824460 3.506580
v 74.977119 -4.825667 3.686133
v 91.548897 -3.659385 2.919517
v 96.198196 -0.794969 3.414964
v 94.405067 2.665561 3.636015
v 90.777229 -4.069506 2.909955
v 17.008137 -0.877681 3.508819
v 92.052788 -3.346851 3.211127
v 93.556358 -2.702025 3.525176
v 95.000580 -0.891477 3.511131
v 95.117470 -0.051509 3.512433
v 96.103935 0.208881 3.498401
v 86.685173 3.781108 3.358548
v 96.885490 -0.995360 3.420285
v 27.532625 3.850326 3.910125
v 90.026360 -4.429633 3.100567
v 95.558342 1.636296 3.648497
v 22.531210 2.040289 3.289943
v 96.259834 -1.412005 3.536621
v 95.079132 -1.168063 3.540326
v 21.944197 1.633285 3.587116
v 84.995216 4.205982 3.667405
v 95.720055 -1.929762 3.609047
v 88.765694 3.245397 3.706096
v 24.982948 2.851597 3.501880
v 95.909737 0.895142 3.711955
v 87.636215 -4.944045 3.487175
v 26.979000 -4.976558 3.446445
v 27.485405 -4.934370 3.494242
v 37.382236 5.148782 3.484955
v 92.836823 -2.969590 3.500157
v 30.369831 5.130770 3.560570
v 19.978167 0.557480 3.725325
v 32.723270 5.159511 3.480494
v 79.123672 5.134943 3.531952
v 91.730240 2.830887 3.563051
v 31.851698 -4.949595 3.469620
v 57.078697 5.131299 3.529241
v 69.602608 5.131890 3.533906
v 77.989868 -4.983154 3.456458
v 52.505890 -4.970180 3.449803
v 69.650955 -4.946136 3.489687
v 83.853737 -5.014508 3.408217
v 15.464792 -2.585542 3.482335
v 83.020828 -4.951125 3.514462
v 60.196045 -4.957179 3.473139
v 95.835022 -1.176385 3.487576
v 93.715065 2.637664 3.453945
v 74.603111 -4.959918 3.479084
v 96.402573 0.517264 3.589385
v 95.200851 -0.494974 3.477430
v 94.940483 2.576589 3.443824
v 92.668877 -1.025862 3.759074
v 92.742447 -0.625583 3.756101
v 94.679810 0.389384 3.637551
v 95.517548 0.619484 3.616659
v 94.924301 -1.444662 3.602443
v 94.845596 2.209245 3.696784
v 95.760582 -1.700998 3.637666
v 16.759487 -3.127420 3.673668
v 83.265327 4.974961 3.795583
v 95.148056 -2.125001 3.601145
v 19.388479 0.450514 3.504919
v 59.088131 4.987032 3.730815
v 38.720779 4.966774 3.753617
v 45.174423 4.980603 3.745722
v 65.317513 4.986060 3.739846
v 94.622063 -2.335792 3.536146
v 70.929199 4.980714 3.747634
v 23.330158 2.236642 3.509917
v 34.933029 -4.840950 3.631743
v 60.506123 -4.747365 3.775605
v 38.248150 -4.754806 3.758580
v 94.493103 -2.368316 3.680551
v 92.501297 -1.449673 3.800154
v 22.885832 1.952729 3.785313
v 15.255017 -1.992586 3.826399
v 94.031326 -2.569245 3.724396
v 95.010208 -1.884629 3.721924
v 93.790413 2.777927 3.837666
v 83.448547 4.589212 4.249650
v 94.551300 0.924015 3.791528
v 22.066999 1.446776 4.085980
v 92.674255 2.805467 3.830857
v 18.470667 -3.840825 3.922377
v 93.169647 -2.830922 3.692162
v 21.461235 -4.820759 3.637372
v 88.770569 -4.991714 3.440422
v 92.884079 -1.932244 3.832524
v 78.739174 -4.676550 3.864677
v 95.432114 1.218178 3.819001
v 19.238012 0.008145 3.873044
v 27.138500 -4.767034 3.723651
v 93.265053 0.056881 3.750318
v 78.184952 4.973734 3.758025
v 29.817356 4.933748 3.813578
v 49.978779 -4.768033 3.736438
v 32.645618 -4.733107 3.760922
v 55.061054 -4.756258 3.758215
v 69.461960 -4.757623 3.765295
v 16.799250 -1.308558 3.829892
v 92.610847 -3.042196 3.856305
v 94.410873 -1.886976 3.739275
v 95.340370 -1.934487 3.752745
v 93.414993 -2.801758 3.828271
v 20.997974 0.914986 3.998153
v 93.481049 -1.935233 3.799143
v 95.096130 -2.136630 3.793653
v 91.036034 -1.040722 3.960227
v 94.351128 -2.367063 3.787825
v 94.789139 1.537698 4.006762
v 93.686394 2.807487 3.880435
v 93.653824 -2.589474 3.963472
v 87.291710 -4.752773 3.783625
v 93.883125 -2.217413 3.916515
v 23.709465 2.222284 4.182344
v 48.970493 4.763732 4.001647
v 52.223549 4.979706 3.751455
v 52.246429 4.761272 4.018153
v 84.131027 -4.796543 3.741141
v 41.238033 4.702981 4.071495
v 19.873569 -4.801586 3.639043
v 44.293491 4.695881 4.087930
v 75.667854 4.742595 4.031139
v 21.200668 0.768798 4.515009
v 91.927551 -3.303366 3.824673
v 22.060625 -4.541984 3.984641
v 32.625462 5.007017 3.700549
v 92.038734 0.070031 3.939422
v 89.126305 -4.800750 3.703626
v 94.701118 -2.213688 3.956857
v 91.315536 -3.555550 3.914532
v 90.565422 -1.485645 4.014318
v 64.200172 -4.766438 3.745045
v 36.750328 -4.522527 4.032983
v 44.075035 -4.764912 3.739714
v 72.213165 -4.755499 3.762568
v 93.193764 -2.269673 3.913145
v 83.339111 4.759768 4.051351
v 26.029413 3.215232 3.635772
v 25.394745 2.974619 4.139509
v 92.758430 -3.025383 3.947458
v 91.598953 -0.405909 3.929815
v 18.005705 -0.534532 3.684976
v 86.841003 3.632701 3.668083
v 91.643013 -2.272822 4.008931
v 90.600357 3.009229 4.026181
v 28.177948 4.128043 3.925405
v 92.050247 2.863850 3.928274
v 92.217758 -3.178715 3.867016
v 93.520142 2.300065 4.230876
v 92.435143 -2.419948 3.991987
v 94.191910 1.758259 4.188932
v 93.068390 -2.382118 3.977174
v 55.801559 4.766514 4.004093
v 27.306444 -4.544725 3.992495
v 62.177322 4.781483 3.984058
v 69.538498 4.744096 4.037359
v 94.360413 -2.326846 4.025900
v 35.495594 4.748967 4.016020
v 74.637856 -4.525467 4.049360
v 16.129614 -1.593633 3.788232
v 18.513172 -0.675485 4.192548
v 93.029030 -2.899828 3.923058
v 90.967537 -1.874022 3.998950
v 15.613011 -2.157175 3.869733
v 91.829514 -2.697092 4.144189
v 92.739487 -2.585341 4.114872
v 92.451065 0.601577 4.006645
v 89.388870 -4.510695 4.136604
v 92.191414 -2.714168 4.161347
v 93.166740 -2.782214 3.967381
v 15.821198 -1.962980 4.093134
v 53.660866 4.561373 4.233400
v 61.666683 4.464911 4.330767
v 85.765854 3.869262 3.856070
v 29.324806 4.760460 4.029049
v 24.350971 2.523557 4.077739
v 93.940338 -2.459145 4.128562
v 33.368450 -4.435056 4.115113
v 93.522491 1.101159 3.997554
v 50.345177 -4.524568 4.033412
v 17.347374 -1.367305 4.234978
v 31.138544 4.539804 4.229938
v 42.166527 -4.538310 4.015999
v 91.493469 -3.446254 4.135910
v 26.516809 3.433329 3.960404
v 57.419350 -4.529271 4.032936
v 83.853378 -4.184756 4.529482
v 63.454800 -4.524975 4.037654
v 88.633675 -1.585167 4.241714
v 88.827362 -1.141640 4.263179
v 88.375465 3.302327 3.960835
v 22.770992 1.733697 4.299126
v 87.076492 3.515383 3.983172
v 19.998905 0.327300 4.045268
v 91.166916 3.022835 4.286918
v 88.869423 3.249993 4.238596
v 93.319977 -2.610628 4.243512
v 18.969425 -3.667448 4.350210
v 91.656265 1.086653 4.317465
v 93.621872 -2.564785 4.178864
v 90.267891 -0.947145 4.073220
v 91.219536 -2.828532 4.217719
v 90.947884 0.315658 4.191910
v 84.805153 4.111246 4.078664
v 91.824493 3.019067 4.274164
v 90.427437 -3.916300 4.210249
v 92.351883 -3.193847 4.016927
v 90.897110 -3.699002 4.170547
v 18.551630 -3.224435 4.506883
v 16.457373 -1.916008 4.399892
v 92.827034 -2.790071 4.232989
v 92.785583 -2.762301 4.337398
v 93.357628 1.432756 4.154439
v 73.954735 4.445292 4.353376
v 79.481392 4.554566 4.249257
v 49.268837 4.551121 4.234650
v 23.659460 -4.324445 4.227414
v 36.129185 4.459185 4.333416
v 90.534744 -2.644494 4.183868
v 70.071686 4.443488 4.364701
v 50.778694 -4.325800 4.249225
v 19.862711 -4.348131 4.179612
v 91.703041 -3.440964 4.175039
v 88.773849 -2.030392 4.220782
v 56.561581 -4.319362 4.262010
v 69.118378 -4.409344 4.178734
v 16.776777 -2.649726 4.065184
v 88.569199 -2.403400 4.266182
v 88.379112 -0.754543 4.397455
v 89.128944 -2.599565 4.255986
v 28.665365 4.525618 4.292693
v 90.393188 -3.134966 4.382670
v 91.760399 -2.968629 4.388355
v 89.549477 -3.053184 4.359037
v 92.375839 -3.000636 4.199889
v 91.223915 -2.996129 4.329710
v 41.259445 4.351069 4.435305
v 88.446777 -3.086764 4.391896
v 44.570461 4.358878 4.435966
v 55.562111 4.378389 4.416780
v 29.289705 -4.326719 4.230121
v 31.725922 4.340633 4.426943
v 44.784554 -4.325651 4.247386
v 92.053871 3.118698 4.432941
v 33.573761 -4.222742 4.337444
v 26.832317 3.603328 4.143869
v 62.427391 -4.352719 4.230549
v 39.179996 -4.316049 4.264731
v 87.356506 -1.950107 4.356329
v 25.732145 3.159384 4.472018
v 20.317789 0.269227 4.450826
v 28.028078 4.296373 4.530080
v 90.047310 3.167222 4.483589
v 90.055428 -0.374820 4.191844
v 87.118065 -4.074766 4.668218
v 17.330227 -2.339811 4.530658
v 92.596474 -2.802521 4.392478
v 17.718416 -1.340400 4.499444
v 90.540642 0.848858 4.453511
v 86.028404 3.697636 4.285152
v 89.520264 0.146707 4.424348
v 87.132957 -2.581738 4.365359
v 93.312096 2.027041 4.442683
v 84.880112 3.996814 4.385555
v 92.743698 2.995539 4.199838
v 90.914757 -3.705842 4.379753
v 81.983063 -4.713317 3.825470
v 83.699883 4.396445 4.458141
v 85.853294 -2.634688 4.450170
v 89.981445 -4.121428 4.307631
v 87.474739 -3.073485 4.402747
v 27.444191 4.087156 4.730161
v 92.047836 -2.982787 4.489381
v 86.562897 -3.006021 4.412558
v 92.139381 1.735367 4.512015
v 52.366951 4.240831 4.549418
v 28.177546 -4.110857 4.449237
v 85.379074 -3.273988 4.456754
v 87.305183 3.471817 4.382702
v 85.751869 -3.505364 4.467357
v 82.269455 4.427330 4.391210
v 48.797192 -4.107607 4.470037
v 75.207451 -4.275636 4.323335
v 60.100815 -4.118728 4.469314
v 72.173759 -4.237623 4.355898
v 87.199165 -3.448890 4.474021
v 83.855316 -3.668571 4.480141
v 90.903946 -3.147788 4.421956
v 88.874199 -3.395499 4.500072
v 91.329681 -3.566095 4.257629
v 22.913177 1.730983 4.608246
v 79.359467 -4.321897 4.271089
v 82.024338 -4.128798 4.527997
v 90.330437 -3.921774 4.484480
v 83.767990 -3.255663 4.517807
v 85.330162 -3.823906 4.505828
v 82.452545 -3.679393 4.529633
v 89.510399 -4.077659 4.704812
v 90.062561 -3.520327 4.606497
v 48.650894 4.177003 4.597841
v 86.136574 -4.111670 4.615496
v 91.685799 -3.087626 4.550506
v 78.120216 4.157237 4.631033
v 71.014946 4.172690 4.617585
v 65.943977 4.486084 4.318706
v 85.081795 -4.190821 4.543582
v 19.481989 -0.315547 4.581265
v 26.057222 3.403524 4.886942
v 35.492237 -3.887449 4.655495
v 39.244419 -4.005459 4.565263
v 22.003883 1.175286 4.747389
v 65.339409 -4.114184 4.470467
v 54.358028 -4.115180 4.469081
v 87.747131 -0.643065 4.531265
v 91.222176 -3.240497 4.629718
v 80.852318 -4.045226 4.606553
v 26.819160 3.719312 4.576141
v 83.027161 -3.169029 4.584451
v 85.522423 -2.100947 4.541595
v 18.766417 -0.708186 4.477907
v 89.072105 -3.649095 4.628384
v 91.140617 3.278214 4.766067
v 85.343086 -4.136776 4.568889
v 90.616776 -3.483771 4.703711
v 84.390579 -2.724253 4.546322
v 86.735229 -1.572906 4.482048
v 84.417191 4.105466 4.725516
v 91.430504 3.238786 4.652062
v 87.697342 -3.799650 4.602130
v 28.330847 -3.875613 4.667885
v 36.598167 4.130486 4.642263
v 44.032223 4.130740 4.645618
v 60.948750 4.143340 4.634059
v 65.423691 4.171041 4.619157
v 86.689743 -0.775917 4.687966
v 83.089233 4.147051 4.654311
v 92.666794 2.177408 4.642580
v 42.482635 -4.012882 4.553767
v 30.191622 4.129638 4.624952
v 78.783356 -3.935987 4.649653
v 74.449730 -3.935966 4.647120
v 69.103546 -3.926461 4.654011
v 83.237083 -2.585855 4.710282
v 80.213860 -3.962276 4.679479
v 92.036377 2.315328 4.850026
v 90.211334 -3.656512 4.767529
v 89.711555 -4.150127 4.602078
v 89.778351 -3.856081 4.828219
v 81.133659 -3.596916 4.663858
v 19.856413 -3.985723 4.539537
v 23.234356 -3.846964 4.677195
v 90.685486 3.327989 4.855269
v 20.430883 0.078537 5.072612
v 53.314903 3.881923 4.851709
v 21.125866 0.512066 5.100926
v 88.591408 -3.971841 4.757638
v 36.981201 3.838180 4.887426
v 89.381042 0.922781 4.750062
v 73.665260 3.872368 4.865753
v 69.494492 3.874413 4.868962
v 88.434570 -4.033522 4.737331
v 80.519363 -3.618031 4.735942
v 38.288551 -3.612378 4.893570
v 49.336185 -3.882257 4.677695
v 60.432453 -3.915334 4.655944
v 85.612350 -1.322991 4.711068
v 88.412811 3.367197 4.609488
v 25.101234 2.920795 5.113335
v 18.438030 -1.157494 4.937902
v 24.758076 2.683668 4.610380
v 18.500551 -2.330793 5.066543
v 82.119247 -2.865574 4.775425
v 24.009487 2.299101 4.759078
v 23.378828 1.918511 5.120540
v 88.110474 0.048431 4.677258
v 17.090019 -1.820423 4.731627
v 90.942482 1.719670 4.758615
v 86.094315 3.679706 4.619881
v 48.155617 3.832320 4.882399
v 42.712849 3.836424 4.883208
v 61.454258 3.841446 4.882383
v 31.853476 -3.484420 4.981508
v 31.696928 3.823730 4.874277
v 28.090637 -3.416005 5.035918
v 32.791367 -3.854712 4.677104
v 89.527824 -3.927432 4.846547
v 29.135706 3.849752 4.877258
v 19.843733 -3.502462 4.937040
v 56.646011 -3.825225 4.729486
v 59.314602 -3.626037 4.896514
v 79.760971 -3.796638 4.811672
v 84.336639 -1.957676 4.729172
v 86.130753 -0.537859 4.888855
v 86.960670 3.550242 4.689941
v 82.439339 3.897348 4.852398
v 57.212231 3.793730 4.923478
v 65.012642 3.878177 4.865238
v 19.842737 -3.268256 5.109934
v 69.474182 -3.643680 4.892764
v 34.202831 -3.525174 4.938209
v 84.996025 3.933960 4.862900
v 82.958168 -2.123734 4.911913
v 45.447742 -3.616127 4.894302
v 52.037781 -3.617354 4.899405
v 63.270931 -3.631352 4.891228
v 90.080383 3.264420 4.744206
v 72.675598 -3.640028 4.891528
v 78.389992 -3.663161 4.882429
v 87.399658 0.158587 4.884532
v 26.786150 3.832633 4.949094
v 81.283630 -2.873213 4.910519
v 90.616837 3.313165 4.994605
v 28.320999 3.637198 5.038009
v 90.731773 2.835831 5.188913
v 90.388832 3.388414 5.004703
v 85.502594 3.823345 4.948080
v 84.351189 -1.314301 4.942680
v 88.468803 3.431202 4.871367
v 47.344120 3.536098 5.076650
v 55.604191 3.555411 5.073106
v 43.735413 3.570230 5.060520
v 61.774040 3.534895 5.084798
v 79.114388 3.569306 5.067461
v 24.260241 -3.510969 4.949901
v 73.745087 3.560070 5.077952
v 87.099670 3.638417 5.128857
v 87.790855 0.915848 5.175448
v 31.703548 3.530248 5.074174
v 36.740612 3.546358 5.085622
v 36.780415 -3.299522 5.100214
v 90.053169 3.454038 5.171938
v 53.381161 -3.364930 5.072706
v 46.639854 -3.359468 5.071972
v 85.369507 -0.506754 5.081758
v 86.255035 3.715307 5.039872
v 86.578384 0.262959 5.154091
v 17.739882 -1.632383 5.089313
v 91.466331 2.404501 5.049488
v 83.149757 3.578950 5.065754
v 41.045799 -3.347798 5.069890
v 59.294556 -3.335587 5.091599
v 65.186821 -3.370282 5.074151
v 33.640068 -3.188277 5.182214
v 32.284798 -3.280847 5.125867
v 69.673050 -3.415306 5.055791
v 81.979446 -2.213449 5.075878
v 79.315887 -3.446089 5.058970
v 89.965591 3.500889 5.200271
v 77.814445 -3.426770 5.051544
v 80.059128 -3.224468 4.989194
v 83.490227 -1.418850 5.094759
v 51.155533 3.265495 5.269606
v 31.100222 3.233439 5.289897
v 46.082573 3.248621 5.283354
v 40.852936 3.517958 5.089360
v 56.181709 3.266321 5.281995
v 40.155933 3.251454 5.282068
v 74.922615 3.272517 5.282461
v 67.013046 3.559237 5.080907
v 34.613518 -2.954762 5.323799
v 23.922539 2.240816 5.158627
v 84.930984 3.558825 5.100124
v 87.946182 3.590996 5.194357
v 27.435852 3.233366 5.318305
v 90.589966 2.102473 5.064836
v 52.405373 -3.014693 5.310157
v 71.797768 -3.351998 5.086792
v 90.921234 2.482321 5.246424
v 26.178951 3.540479 5.160774
v 25.305681 3.100239 5.440964
v 89.031334 3.551449 5.245915
v 19.851255 -2.949160 5.320589
v 83.650658 3.260471 5.284674
v 79.510681 3.261490 5.280539
v 22.759838 -3.140802 5.203761
v 25.387949 -2.942673 5.330520
v 37.095963 -3.009684 5.304487
v 61.435314 -3.023069 5.306021
v 84.485840 -0.528813 5.307145
v 89.356499 1.755158 5.193126
v 89.716469 3.533850 5.275949
v 81.399490 -2.021434 5.325616
v 60.921833 3.259164 5.281058
v 67.800095 3.272858 5.283421
v 35.514618 3.256844 5.291032
v 42.700111 -2.976258 5.325279
v 46.201595 -3.021272 5.303719
v 31.966057 -2.973556 5.320139
v 65.797684 -3.029372 5.309050
v 23.677654 2.112939 5.560784
v 73.363167 -3.032174 5.306130
v 78.106895 -3.058131 5.310233
v 69.958466 -3.031093 5.317227
v 79.197609 -3.106486 5.293298
v 22.442944 1.328245 5.295493
v 86.930885 3.003877 5.492640
v 19.245609 -0.816268 5.327735
v 22.124765 -2.618362 5.498094
v 25.767620 -2.614961 5.510880
v 20.494715 -0.041697 5.501475
v 51.258205 2.916762 5.471325
v 48.473324 2.838779 5.520403
v 31.715111 2.847476 5.514365
v 79.558922 2.868244 5.507722
v 55.184677 2.867839 5.512541
v 83.646156 2.856637 5.519773
v 72.614151 2.864493 5.516151
v 81.761841 -1.593513 5.490695
v 84.872063 3.175918 5.354957
v 27.252182 2.839733 5.533428
v 34.887665 -2.595181 5.525872
v 37.301037 -2.612708 5.530862
v 41.995617 -2.621867 5.524706
v 79.375420 -2.671565 5.543122
v 90.240501 2.575832 5.503803
v 53.556877 -2.681947 5.500936
v 75.352211 2.834650 5.538169
v 37.596725 2.805333 5.548172
v 34.425919 2.868556 5.512624
v 18.668818 -1.950336 5.334934
v 60.674515 -2.698398 5.493098
v 75.045601 -2.695283 5.500035
v 65.557014 -2.706989 5.494981
v 24.615784 2.717694 5.659344
v 86.315025 0.668679 5.487671
v 88.573914 1.842037 5.497269
v 82.914032 -1.189972 5.383918
v 41.224125 2.863727 5.504151
v 19.837452 -2.568722 5.533808
v 31.626198 -2.627278 5.511594
v 60.482506 2.855807 5.514172
v 68.339111 2.882457 5.509976
v 80.407890 -2.221499 5.496289
v 89.659424 2.252708 5.430212
v 47.222359 -2.645066 5.519395
v 54.175724 -2.451727 5.616521
v 74.316261 -2.422371 5.634577
v 69.764786 -2.636409 5.541051
v 18.460106 -1.354716 5.497222
v 22.555286 1.377649 5.620289
v 21.419266 0.654320 5.333037
v 21.433569 0.598850 5.828231
v 86.994965 1.395951 5.757362
v 47.382469 2.447460 5.705453
v 26.750586 2.437744 5.722373
v 80.410233 2.474158 5.694817
v 76.513680 2.448643 5.714009
v 55.028984 2.516957 5.681464
v 72.457283 2.470450 5.701955
v 33.857719 2.442560 5.708760
v 67.480576 2.485702 5.698012
v 34.576565 -2.173501 5.718890
v 81.891235 -1.232334 5.717916
v 37.230972 -2.253093 5.699909
v 49.330498 -2.203738 5.727348
v 19.804764 -2.076277 5.760171
v 63.718033 -2.402024 5.642837
v 56.126045 -2.191732 5.736868
v 89.406166 2.688801 5.711887
v 29.706106 2.477313 5.694277
v 38.132069 2.425759 5.716113
v 26.187296 -2.169396 5.714838
v 89.635849 2.633269 5.715032
v 59.561924 2.453481 5.704804
v 22.337595 -2.258801 5.670351
v 84.571815 -0.058090 5.572532
v 30.968946 -2.217785 5.702027
v 83.756630 2.338210 5.764846
v 42.926514 -2.171671 5.733834
v 71.177803 -2.184453 5.744442
v 67.293884 -2.178176 5.746397
v 80.616913 -1.864575 5.704635
v 24.048519 2.378155 5.828413
v 79.717575 -2.273141 5.733673
v 23.691401 2.153068 5.926441
v 86.660378 2.577512 5.702429
v 88.329918 2.233075 5.879884
v 48.316132 2.141890 5.825912
v 33.563114 2.145027 5.822874
v 41.942478 2.330239 5.751472
v 27.860106 1.962586 5.892175
v 58.920597 2.151328 5.824997
v 31.796556 -1.649394 5.913391
v 52.937325 2.229584 5.795013
v 68.636597 2.196590 5.815796
v 37.424339 -1.810789 5.867779
v 26.331215 1.914078 5.918632
v 88.972862 2.448660 5.808951
v 48.550312 -1.811943 5.875788
v 60.907787 -2.006739 5.807402
v 54.592922 -1.843066 5.866828
v 74.969215 -2.093923 5.778400
v 69.153152 -1.880369 5.861141
v 80.380959 -1.712599 5.962064
v 23.065401 -1.774743 5.854697
v 29.424021 -1.809230 5.847747
v 22.653839 1.451755 6.139608
v 51.072746 1.803657 5.938565
v 30.881903 2.009528 5.874878
v 34.159157 -1.800827 5.856767
v 80.739075 1.823997 5.932723
v 59.574734 1.827258 5.935198
v 37.931664 -1.536384 5.953058
v 19.674568 -0.805858 6.153101
v 75.949707 1.710194 5.972421
v 75.140739 2.077069 5.856259
v 55.292336 1.843367 5.934390
v 18.931744 -1.169787 5.753264
v 84.640205 1.990768 5.901289
v 19.762110 -1.602153 5.927652
v 45.972652 -1.567338 5.946701
v 79.292923 -1.808619 5.902237
v 55.460587 -1.625185 5.938477
v 43.212677 1.813437 5.932864
v 38.146709 1.819830 5.931315
v 47.772011 1.820293 5.936181
v 32.914276 1.824219 5.927433
v 23.110085 -1.372147 5.974933
v 29.096556 -1.450509 5.954969
v 28.640095 1.479559 6.030655
v 68.496010 1.816450 5.944784
v 84.786522 0.505968 5.921305
v 82.956635 -0.537065 5.842175
v 61.753853 -1.579061 5.951027
v 68.437096 -1.597990 5.952002
v 74.580376 -1.558573 5.956014
v 68.686966 -1.293248 6.032899
v 84.713013 1.541777 6.037694
v 31.711477 -1.131830 6.047414
v 50.328026 1.504316 6.022161
v 81.198372 1.389386 6.048055
v 60.099419 1.514425 6.020390
v 68.364273 1.505995 6.029944
v 87.071236 1.764417 6.020211
v 45.344154 -1.141354 6.053492
v 86.418549 1.513491 6.089550
v 26.173931 1.548426 6.027074
v 50.281979 -1.373694 6.007286
v 57.246471 -1.223782 6.046044
v 74.472229 -1.231007 6.039985
v 79.572685 -1.325734 6.035572
v 28.567181 -1.117368 6.035599
v 23.986341 1.638708 6.035261
v 23.177835 -0.932262 6.074423
v 33.128483 1.420185 6.031463
v 33.867512 -1.273225 6.010761
v 42.315689 1.439727 6.031808
v 54.031990 1.183912 6.092929
v 60.635048 1.187873 6.090843
v 36.864151 -1.142202 6.050421
v 81.095108 -1.204776 6.099169
v 71.387405 1.205735 6.092050
v 23.878027 1.273122 6.106436
v 63.948433 -0.920445 6.107272
v 84.304436 1.063339 6.135204
v 74.551857 -0.937333 6.100106
v 69.423470 -0.927921 6.109039
v 22.034054 1.019012 6.215412
v 32.734558 1.008273 6.105605
v 40.002972 1.181627 6.082780
v 20.416765 -0.250864 6.230140
v 21.501131 0.626828 6.248803
v 47.581692 1.196403 6.089215
v 21.089750 0.299651 6.252574
v 81.312111 1.046967 6.113603
v 86.066216 1.371174 6.118660
v 40.968998 -0.689887 6.130371
v 19.703041 -1.099517 6.077410
v 66.300034 1.184828 6.098969
v 27.847704 1.122200 6.106487
v 46.010777 -0.730893 6.125430
v 50.498878 -0.910297 6.106902
v 55.529236 -0.902664 6.108345
v 28.185545 -0.698733 6.110804
v 28.359018 0.712664 6.156452
v 80.858749 -0.899813 6.137708
v 31.775288 -0.717675 6.120900
v 85.029182 0.928084 6.176005
v 25.837694 1.104600 6.109855
v 34.950672 -0.601747 6.138444
v 57.116909 0.792890 6.153291
v 72.128914 0.798214 6.153567
v 62.723083 -0.584695 6.155992
v 23.508165 0.922851 6.156759
v 62.206806 0.784530 6.153786
v 69.340439 -0.509258 6.165872
v 23.459898 -0.536111 6.134941
v 42.808273 0.747359 6.149182
v 36.117073 0.730953 6.147974
v 39.295345 -0.390050 6.159747
v 45.746273 -0.176293 6.179135
v 50.413303 0.768090 6.155085
v 78.859245 -0.788979 6.134412
v 32.558197 0.475952 6.163997
v 58.935101 0.390588 6.185029
v 78.236435 0.783139 6.153671
v 25.083271 -0.209572 6.158098
v 50.778782 -0.381877 6.173615
v 31.952972 -0.312312 6.161517
v 21.223221 -0.617572 6.155885
v 29.732628 0.262680 6.178069
v 45.367798 0.392938 6.180073
v 24.843218 0.695617 6.156775
v 66.734184 0.791450 6.159806
v 74.206863 -0.497422 6.159281
v 35.844444 0.356802 6.174729
v 34.090294 -0.080144 6.174644
v 55.171455 -0.479530 6.162998
v 81.897934 -0.684850 6.196749
v 38.942192 -0.078554 6.176632
v 24.033886 0.230236 6.179697
v 74.307961 0.377489 6.183325
v 81.377312 0.571489 6.173426
v 22.687193 -0.110694 6.187545
v 81.089539 -0.308993 6.187604
v 54.138676 0.379745 6.183531
v 83.801323 0.331581 6.215294
v 60.935913 -0.301074 6.180101
v 64.121582 -0.003255 6.195990
v 50.766567 0.026330 6.190840
v 56.095623 -0.059471 6.188975
v 66.612679 0.375302 6.192683
v 80.941681 0.055035 6.194698
v 72.952156 -0.080768 6.185821
v 22.727264 0.630449 6.201936
v 82.891846 -0.137785 6.225353
vn 0.4887 -0.1165 0.8647
vn 0.6079 0.7902 -0.0782
vn 0.5700 0.7846 -0.2439
vn 0.6887 -0.0805 0.7205
vn 0.8479 0.5291 -0.0337
vn 0.8079 -0.2697 0.5240
vn 0.3818 0.8929 -0.2385
vn 0.2317 0.8158 -0.5299
vn 0.5219 0.8381 -0.1587
vn 0.2582 0.9266 -0.2734
vn 0.2212 0.8690 -0.4427
vn 0.3191 0.9266 0.1992
vn 0.2684 0.9613 0.0619
vn 0.2553 0.8476 0.4651
vn 0.2714 0.8055 0.5267
vn 0.2200 0.8752 0.4308
vn 0.2437 0.9069 -0.3437
vn 0.0718 0.9408 0.3313
vn 0.2322 0.9716 -0.0459
vn -0.0665 0.9952 0.0721
vn 0.1622 0.9802 0.1139
vn 0.0957 0.8908 0.4443
vn -0.0128 0.9734 0.2287
vn 0.0597 0.9925 0.1069
vn -0.0726 0.9965 -0.0424
vn -0.0779 0.9484 -0.3073
vn 0.1859 0.8229 -0.5369
vn -0.0890 0.8570 -0.5076
vn -0.0245 0.9874 -0.1566
vn -0.0371 0.8499 -0.5256
vn 0.1105 0.9930 0.0426
vn 0.0805 0.9962 -0.0335
vn 0.1018 0.9940 -0.0390
vn 0.0650 0.9978 0.0125
vn -0.0223 0.9258 -0.3774
vn -0.0676 0.7502 -0.6577
vn -0.0664 0.6602 -0.7482
vn -0.0733 0.5513 -0.8311
vn 0.0631 -0.2821 -0.9573
vn -0.0878 0.7532 -0.6519
vn -0.0804 0.7516 -0.6547
vn -0.0662 0.7489 -0.6594
vn 0.2391 0.7468 -0.6206
vn 0.1724 0.0357 -0.9844
vn 0.4953 -0.1834 -0.8492
vn 0.4296 -0.2789 -0.8589
vn 0.4913 -0.5471 -0.6777
vn 0.4345 0.9000 -0.0347
vn 0.4817 0.8693 0.1110
vn 0.4819 0.6422 -0.5961
vn 0.4752 0.6385 -0.6054
vn 0.4844 0.6342 -0.6026
vn 0.5013 0.8644 -0.0377
vn 0.3447 0.9385 0.0206
vn 0.3659 0.7824 0.5039
vn 0.3664 0.8987 0.2409
vn 0.7138 0.6099 0.3443
vn 0.7498 0.6589 0.0603
vn -0.2302 -0.0255 -0.9728
vn 0.5842 0.8116 -0.0050
vn 0.8459 0.5309 -0.0519
vn 0.3904 -0.4485 -0.8040
vn 0.1302 -0.9211 -0.3670
vn 0.1155 -0.8640 -0.4901
vn 0.1493 -0.9341 -0.3243
vn 0.1752 -0.9452 -0.2755
vn 0.1836 -0.9478 -0.2607
vn 0.1819 -0.9461 -0.2678
vn 0.2022 -0.9321 -0.3005
vn 0.1628 -0.9140 -0.3715
vn 0.1652 -0.3269 -0.9305
vn -0.0371 0.6898 -0.7230
vn -0.0325 0.7624 -0.6463
vn 0.0070 0.9344 -0.3561
vn 0.0324 0.8356 -0.5483
vn 0.0582 0.9792 -0.1945
vn 0.0727 0.9955 -0.0608
vn 0.1713 0.9381 -0.3011
vn 0.1769 0.9674 0.1810
vn 0.1779 0.9799 -0.0905
vn 0.1710 0.7417 -0.6485
vn 0.1876 0.7552 -0.6281
vn 0.1708 0.7543 -0.6339
vn -0.1294 0.8791 0.4588
vn 0.1590 0.8188 -0.5517
vn 0.0050 0.9937 -0.1116
vn -0.1434 0.4062 0.9025
vn -0.2516 0.3423 0.9053
vn -0.2815 0.7203 0.6339
vn 0.0642 0.9147 -0.3990
vn 0.1328 0.9765 -0.1698
vn 0.1124 0.9803 -0.1626
vn 0.0742 0.9066 -0.4155
vn 0.1256 0.9539 -0.2724
vn 0.0267 0.7393 -0.6728
vn 0.0035 0.6207 -0.7840
vn -0.0493 0.5905 -0.8056
vn -0.0388 0.4776 -0.8777
vn -0.0212 0.3706 -0.9285
vn 0.0984 -0.3886 -0.9161
vn 0.1015 -0.2905 -0.9515
vn 0.2213 -0.9002 -0.3750
vn 0.1829 -0.8679 -0.4618
vn 0.2358 -0.9225 -0.3057
vn 0.2664 -0.8763 -0.4014
vn 0.2272 -0.8296 -0.5101
vn 0.1815 -0.7454 -0.6415
vn 0.1698 -0.7977 -0.5786
vn 0.1435 -0.8594 -0.4907
vn 0.6633 -0.1038 -0.7412
vn 0.3742 -0.7924 -0.4817
vn 0.1332 -0.8078 -0.5742
vn 0.7929 -0.6054 -0.0688
vn 0.2637 -0.9589 -0.1049
vn 0.0576 -0.9917 0.1152
vn 0.2477 -0.9666 0.0656
vn 0.1758 -0.5994 -0.7809
vn 0.1538 -0.7589 -0.6328
vn 0.1320 -0.7809 -0.6106
vn 0.1229 -0.7411 -0.6600
vn 0.1472 -0.7569 -0.6368
vn 0.3199 -0.7121 -0.6250
vn 0.4188 -0.7724 0.4775
vn 0.4641 -0.7938 0.3930
vn 0.1370 -0.5943 -0.7925
vn 0.1559 -0.7365 -0.6583
vn 0.1577 -0.6858 -0.7105
vn 0.1757 -0.7376 -0.6520
vn 0.1648 -0.5913 -0.7894
vn 0.0262 -0.9935 0.1107
vn 0.6071 -0.7934 0.0441
vn 0.0975 -0.3741 -0.9222
vn 0.2602 -0.9293 -0.2619
vn -0.0589 0.3811 -0.9227
vn 0.1486 -0.2811 -0.9481
vn 0.2325 -0.4444 -0.8651
vn 0.3302 -0.8999 -0.2849
vn 0.3017 -0.9123 -0.2769
vn 0.2898 -0.8603 -0.4194
vn 0.3330 -0.8119 -0.4796
vn 0.2797 -0.7724 -0.5702
vn 0.2475 -0.8225 -0.5121
vn 0.2291 -0.7247 -0.6498
vn 0.2952 -0.6790 -0.6722
vn 0.2762 -0.9116 -0.3045
vn 0.2763 -0.9120 -0.3032
vn 0.2544 -0.9129 -0.3192
vn 0.1726 -0.6106 -0.7729
vn 0.2308 -0.5849 -0.7775
vn 0.2717 -0.5301 -0.8033
vn 0.1522 -0.3745 -0.9146
vn 0.1194 -0.3390 -0.9332
vn 0.0768 -0.2116 -0.9743
vn 0.2050 -0.5093 -0.8358
vn 0.1366 -0.4674 -0.8734
vn 0.1918 -0.4749 -0.8589
vn 0.1042 -0.1814 -0.9779
vn 0.0563 -0.1172 -0.9915
vn 0.0191 0.0160 -0.9997
vn 0.0569 -0.0102 -0.9983
vn 0.0662 -0.0600 -0.9960
vn 0.0240 0.0940 -0.9953
vn 0.0861 -0.0630 -0.9943
vn -0.0029 0.2289 -0.9734
vn -0.0775 0.0348 -0.9964
vn -0.1315 -0.2092 -0.9690
vn -0.0281 0.3219 -0.9463
vn -0.0774 0.4316 -0.8988
vn -0.1944 0.2097 -0.9582
vn -0.0060 0.5706 -0.8212
vn -0.2978 0.2166 -0.9297
vn 0.0023 0.0438 -0.9990
vn -0.0096 0.1648 -0.9863
vn -0.0251 0.3629 -0.9315
vn -0.0719 0.8971 -0.4359
vn -0.1307 0.7209 -0.6806
vn -0.0430 0.6923 -0.7203
vn -0.1303 0.6061 -0.7847
vn -0.1671 0.7583 -0.6301
vn 0.0083 0.9242 -0.3819
vn 0.0544 0.7018 -0.7103
vn 0.0396 0.3904 -0.9198
vn -0.0302 0.6731 -0.7390
vn 0.0348 0.1998 -0.9792
vn 0.0389 0.1851 -0.9820
vn -0.0615 0.6855 -0.7255
vn -0.0580 0.9490 -0.3099
vn -0.2747 0.7488 -0.6032
vn -0.1828 0.2788 -0.9428
vn -0.3363 -0.1586 -0.9283
vn -0.2186 -0.7484 -0.6262
vn -0.2425 -0.8074 -0.5378
vn -0.2815 0.2031 -0.9378
vn -0.2936 -0.3898 -0.8728
vn 0.3035 -0.9501 -0.0724
vn 0.0190 -0.9051 -0.4247
vn 0.4226 -0.8774 -0.2271
vn 0.2870 -0.0547 -0.9564
vn 0.5816 -0.7919 -0.1860
vn 0.5967 0.2562 -0.7604
vn -0.0693 0.9235 -0.3774
vn 0.7397 0.2656 -0.6184
vn -0.0570 0.7433 -0.6665
vn 0.8738 -0.0141 -0.4862
vn 0.9529 -0.1472 -0.2652
vn 0.4614 -0.2926 -0.8375
vn 0.0132 0.3970 -0.9177
vn 0.0327 0.1589 -0.9868
vn 0.4444 -0.5977 -0.6672
vn 0.4643 0.8610 -0.2075
vn 0.5220 0.8407 -0.1439
vn 0.3846 0.9192 -0.0840
vn -0.0905 0.5368 -0.8388
vn 0.0172 -0.6131 -0.7898
vn -0.0108 -0.6900 0.7237
vn -0.0252 -0.6180 0.7858
vn 0.0063 -0.4175 0.9087
vn 0.0235 -0.1421 0.9896
vn -0.0240 -0.5117 0.8588
vn -0.0732 -0.7240 0.6859
vn -0.1003 -0.7633 0.6382
vn -0.0988 -0.8512 0.5155
vn 0.5015 -0.1660 0.8491
vn 0.6554 0.6196 0.4319
vn 0.6334 0.0679 0.7708
vn -0.0915 -0.8697 0.4850
vn -0.1792 -0.9252 0.3345
vn -0.1473 -0.9262 0.3470
vn -0.1755 -0.9136 0.3668
vn -0.0949 -0.8145 0.5723
vn -0.0153 -0.2073 0.9782
vn -0.0934 -0.6733 0.7334
vn -0.0593 -0.2504 0.9663
vn 0.1037 0.0095 0.9946
vn 0.0645 0.0379 0.9972
vn 0.1041 0.2327 0.9670
vn 0.3218 0.9409 -0.1057
vn 0.1544 0.4632 0.8727
vn 0.1561 0.4306 0.8889
vn 0.6484 0.7251 -0.2318
vn 0.3920 0.9044 -0.1688
vn 0.1927 0.5319 0.8246
vn 0.5313 0.8295 -0.1722
vn 0.9863 0.0360 0.1610
vn 0.7621 -0.1073 0.6385
vn 0.4602 -0.8873 -0.0316
vn 0.1591 0.7081 0.6879
vn 0.6006 0.0008 0.7996
vn 0.1841 0.5398 0.8214
vn 0.1685 0.8253 0.5390
vn 0.5752 -0.0185 0.8178
vn 0.5773 0.0555 0.8146
vn 0.5305 0.0621 0.8454
vn 0.2081 0.8330 0.5126
vn 0.3686 0.0778 0.9263
vn 0.2208 0.8778 0.4252
vn 0.2963 0.1052 0.9493
vn 0.2114 0.7679 0.6047
vn 0.2811 0.6787 0.6785
vn 0.2310 0.7135 0.6615
vn 0.1890 0.7228 0.6646
vn 0.1688 0.6917 0.7021
vn 0.1808 0.6992 0.6917
vn 0.2329 0.6521 0.7215
vn 0.1997 0.5923 0.7805
vn 0.2200 0.6982 0.6812
vn 0.1843 0.8898 0.4176
vn 0.2466 -0.0334 0.9685
vn 0.0773 -0.0418 0.9961
vn 0.0493 0.8845 0.4639
vn 0.0971 0.8667 0.4892
vn 0.1017 0.8643 0.4925
vn 0.2471 0.8604 0.4457
vn 0.2592 0.8230 0.5054
vn 0.2186 0.7926 0.5692
vn 0.2205 0.8240 0.5219
vn 0.2191 0.8150 0.5365
vn 0.2472 0.7428 0.6222
vn 0.2375 0.7613 0.6034
vn 0.2356 0.7724 0.5898
vn 0.2177 0.7980 0.5619
vn 0.2745 0.8336 0.4793
vn 0.1784 0.3885 0.9040
vn 0.2063 0.7548 0.6226
vn 0.1939 0.2126 0.9577
vn 0.2276 0.6835 0.6936
vn 0.2739 0.7656 0.5821
vn 0.2960 0.8051 0.5139
vn 0.2593 0.6768 0.6890
vn 0.2060 0.5860 0.7837
vn 0.1519 -0.0103 0.9883
vn -0.0406 -0.5711 0.8199
vn -0.0425 -0.6602 0.7499
vn 0.3093 0.8395 0.4467
vn 0.3102 0.8398 0.4456
vn 0.3103 0.8398 0.4455
vn 0.2834 0.8069 0.5182
vn 0.3093 0.8067 0.5037
vn 0.2962 0.8039 0.5157
vn 0.1810 0.4181 0.8902
vn 0.1072 0.2454 0.9635
vn 0.1144 0.2215 0.9684
vn 0.0479 0.1117 0.9926
vn 0.1224 0.2172 0.9684
vn 0.2020 0.4028 0.8927
vn -0.0003 -0.1349 0.9909
vn -0.0269 -0.2106 0.9772
vn 0.0060 -0.1146 0.9934
vn 0.0479 0.0560 0.9973
vn -0.0015 0.0632 0.9980
vn 0.1213 0.0389 0.9919
vn 0.1456 0.2564 0.9555
vn 0.0819 0.0692 0.9942
vn 0.2462 0.5840 0.7735
vn 0.2815 0.7352 0.6166
vn 0.3134 0.6988 0.6431
vn 0.2907 0.6958 0.6568
vn 0.2571 0.7058 0.6601
vn 0.3184 0.8395 0.4402
vn 0.1115 -0.1158 0.9870
vn -0.1906 -0.6271 0.7553
vn 0.0009 -0.7383 0.6745
vn -0.0048 -0.7601 0.6498
vn -0.0000 -0.7378 0.6750
vn 0.5050 -0.8219 0.2635
vn 0.4750 -0.8764 -0.0792
vn 0.4534 -0.8908 0.0300
vn 0.4395 -0.8060 0.3966
vn 0.4576 -0.8832 0.1030
vn 0.1956 -0.7801 0.5942
vn -0.0462 -0.7622 0.6456
vn -0.0528 -0.6980 0.7141
vn -0.0298 -0.5714 0.8201
vn -0.0487 -0.5760 0.8160
vn -0.0518 -0.6073 0.7928
vn -0.0502 -0.7536 0.6554
vn -0.0408 -0.8207 0.5699
vn 0.0255 -0.8370 0.5467
vn -0.0047 -0.9185 0.3953
vn 0.0420 -0.8323 0.5528
vn 0.0113 -0.9397 0.3418
vn 0.0013 -0.9486 0.3165
vn -0.0107 -0.9242 0.3819
vn 0.0320 -0.9645 0.2621
vn 0.0101 -0.9557 0.2943
vn 0.0343 -0.9574 0.2866
vn 0.0690 -0.8916 -0.4476
vn 0.0267 -0.3256 -0.9451
vn -0.0560 -0.9721 -0.2277
vn -0.1339 -0.5210 -0.8430
vn -0.1933 -0.5743 -0.7955
vn 0.0538 -0.9725 0.2267
vn -0.1515 -0.7407 -0.6546
vn -0.0599 -0.9747 0.2153
vn -0.0615 -0.9391 0.3382
vn 0.1598 -0.9192 0.3599
vn 0.3364 -0.9417 0.0053
vn 0.4336 -0.9007 0.0260
vn 0.4890 -0.8559 0.1682
vn 0.3514 -0.9019 0.2512
vn 0.5494 -0.8346 0.0398
vn 0.0466 -0.9975 0.0527
vn 0.1057 -0.9487 0.2979
vn 0.2627 -0.9644 0.0312
vn 0.0535 -0.9982 0.0288
vn -0.0110 -0.9719 0.2352
vn 0.1304 -0.9871 -0.0933
vn 0.0023 -0.9868 -0.1616
vn -0.0133 -0.9941 0.1074
vn 0.0587 -0.9747 0.2157
vn 0.0048 -0.9764 0.2159
vn -0.0107 -0.9560 0.2932
vn -0.0125 -0.9586 0.2846
vn -0.0683 -0.9974 -0.0211
vn -0.1518 -0.9881 -0.0240
vn -0.2832 -0.9467 -0.1532
vn -0.0676 -0.9135 -0.4011
vn -0.1684 -0.4902 -0.8552
vn -0.1091 0.2250 -0.9682
vn -0.0192 -0.9101 -0.4140
vn -0.2222 -0.3057 -0.9258
vn 0.0176 -0.9865 -0.1631
vn 0.0365 -0.8544 -0.5183
vn 0.0127 -0.9946 -0.1029
vn 0.0777 -0.9932 0.0863
vn -0.1008 -0.9336 -0.3438
vn -0.1653 -0.0485 -0.9850
vn -0.1015 -0.2724 -0.9568
vn -0.1796 -0.6174 -0.7659
vn 0.0592 -0.9979 0.0255
vn 0.0192 -0.9995 0.0251
vn 0.5368 0.8386 -0.0927
vn 0.6566 0.0715 0.7508
vn 0.1675 0.7931 -0.5856
vn 0.1532 0.8268 -0.5412
vn 0.2289 0.9354 -0.2694
vn 0.1480 0.8433 -0.5167
vn 0.1643 0.7963 -0.5822
vn 0.3927 0.9192 0.0294
vn -0.0041 0.9799 0.1995
vn 0.0539 0.9844 0.1677
vn 0.0094 0.9972 0.0741
vn -0.0044 0.8221 0.5693
vn -0.1675 0.3789 0.9101
vn -0.1747 0.5654 0.8061
vn -0.2327 0.2769 0.9323
vn -0.2417 -0.2083 0.9477
vn -0.2257 -0.3473 0.9102
vn -0.1800 -0.7298 0.6596
vn -0.2134 -0.3917 0.8950
vn -0.1406 -0.7562 0.6390
vn -0.1639 -0.7451 0.6465
vn -0.2511 -0.4261 0.8691
vn -0.1632 -0.6959 0.6994
vn -0.1783 0.1517 0.9722
vn -0.1735 -0.7570 0.6300
vn -0.1466 -0.5943 0.7908
vn -0.1546 -0.5105 0.8458
vn -0.2021 -0.6421 0.7395
vn -0.1648 0.0146 0.9862
vn -0.1597 -0.6252 0.7639
vn -0.0570 -0.2420 0.9686
vn -0.0980 -0.3561 0.9293
vn -0.0982 -0.3928 0.9144
vn -0.1312 -0.6060 0.7846
vn -0.2161 -0.7942 0.5680
vn -0.1541 -0.7937 0.5885
vn -0.0778 -0.4235 0.9026
vn -0.0038 -0.0412 0.9991
vn 0.0225 -0.1620 0.9865
vn 0.0154 -0.1108 0.9937
vn -0.1372 -0.8828 0.4492
vn -0.1152 -0.9468 0.3005
vn 0.1992 -0.6380 0.7438
vn 0.5870 0.4142 0.6956
vn 0.6315 0.5831 0.5111
vn 0.5269 0.8492 0.0356
vn 0.1295 0.7764 -0.6168
vn 0.1192 0.7591 -0.6400
vn 0.1357 0.7576 -0.6384
vn 0.1435 0.9746 0.1717
vn 0.3157 0.6812 0.6605
vn 0.2907 -0.3037 0.9073
vn 0.3941 0.4878 0.7789
vn -0.1246 -0.0713 0.9896
vn -0.1097 0.6266 0.7716
vn -0.2667 -0.2192 0.9385
vn -0.2764 -0.2080 0.9383
vn -0.3685 -0.1630 0.9152
vn 0.0197 -0.0476 -0.9987
vn 0.0272 -0.1167 -0.9928
vn 0.0282 0.0031 -0.9996
vn -0.0053 0.1042 -0.9945
vn 0.0467 0.0681 -0.9966
vn 0.0034 0.1127 -0.9936
vn 0.0253 0.0127 -0.9996
vn -0.0266 -0.0046 -0.9996
vn -0.0336 0.0062 -0.9994
vn 0.0356 0.0591 -0.9976
vn 0.0641 -0.1210 -0.9906
vn 0.0808 -0.2117 -0.9740
vn 0.0364 -0.1618 -0.9862
vn 0.0393 -0.0907 -0.9951
vn 0.0744 -0.1284 -0.9889
vn 0.0409 0.9554 0.2924
vn 0.1827 0.7602 -0.6235
vn 0.2240 0.7622 -0.6074
vn 0.1894 0.7635 -0.6175
vn 0.2374 0.7028 -0.6706
vn 0.2298 0.6939 -0.6824
vn 0.2337 0.7183 -0.6553
vn -0.1461 0.6911 0.7079
vn -0.0427 0.9550 0.2934
vn 0.0192 0.9964 -0.0830
vn 0.0419 0.9878 0.1501
vn -0.0978 0.6336 0.7675
vn -0.0070 0.7003 0.7138
vn 0.1030 0.9455 0.3089
vn 0.1572 0.9565 0.2458
vn -0.0405 0.2837 -0.9580
vn -0.0480 0.2631 -0.9636
vn -0.0362 0.2777 -0.9600
vn 0.2938 -0.9263 -0.2360
vn 0.3006 -0.9263 -0.2271
vn 0.3003 -0.9281 -0.2199
vn 0.3360 0.8364 0.4332
vn 0.3329 0.8347 0.4386
vn 0.3314 0.8351 0.4390
vn 0.3684 0.7961 0.4800
vn 0.3368 0.8086 0.4825
vn 0.3315 0.7997 0.5006
vn 0.2631 0.1927 0.9453
vn 0.3387 0.7842 0.5199
vn 0.3226 0.7753 0.5430
vn 0.3515 0.7861 0.5084
vn 0.2989 0.7093 0.6383
vn 0.2805 0.6866 0.6707
vn 0.3221 0.7080 0.6284
vn 0.3045 0.6317 0.7129
vn 0.1695 0.3356 0.9266
vn 0.2251 0.4801 0.8478
vn 0.2603 0.4987 0.8268
vn 0.2645 0.5110 0.8179
vn 0.3080 0.6224 0.7195
vn 0.3494 0.7222 0.5970
vn 0.3435 0.6657 0.6625
vn 0.3715 0.7621 0.5303
vn 0.0523 -0.3365 0.9402
vn 0.2974 0.3195 0.8997
vn 0.4181 0.7879 0.4521
vn 0.4075 0.8105 0.4208
vn 0.3845 0.7390 0.5533
vn 0.4572 0.8226 0.3380
vn 0.3966 0.8435 0.3621
vn 0.3560 0.6607 0.6609
vn 0.4601 0.7618 0.4561
vn 0.4495 0.7332 0.5102
vn 0.4572 0.7646 0.4542
vn 0.5193 0.6137 0.5947
vn 0.4993 0.8078 0.3132
vn 0.4477 0.8494 0.2796
vn 0.4950 0.5353 0.6844
vn 0.3119 -0.0734 0.9473
vn 0.1605 -0.4221 0.8922
vn 0.4058 0.8898 0.2085
vn 0.3022 0.0106 0.9532
vn 0.4670 0.8526 0.2343
vn 0.3581 0.1738 0.9174
vn -0.1048 -0.7131 0.6932
vn 0.0167 -0.4986 0.8667
vn 0.4228 0.0211 0.9060
vn 0.4919 0.8467 0.2026
vn 0.3906 0.9174 0.0761
vn 0.4176 0.7943 0.4413
vn 0.4255 0.7231 0.5441
vn 0.4397 0.8486 0.2941
vn 0.4179 0.9056 0.0733
vn 0.4427 0.7792 0.4436
vn 0.4269 0.1625 0.8896
vn 0.0456 -0.6118 0.7897
vn 0.4454 0.8844 0.1394
vn -0.2341 -0.7888 0.5684
vn -0.2326 -0.8186 0.5251
vn -0.2393 -0.7968 0.5549
vn -0.2646 -0.8214 0.5053
vn -0.1794 -0.7158 0.6749
vn -0.2019 -0.7306 0.6523
vn -0.3399 -0.8436 0.4156
vn -0.2610 -0.7496 0.6082
vn -0.1731 -0.8681 0.4652
vn -0.2681 -0.8889 0.3713
vn 0.4574 0.8793 0.1330
vn 0.4311 0.9007 0.0537
vn 0.4510 0.8448 0.2878
vn 0.4671 0.8085 0.3581
vn 0.4768 0.8446 0.2436
vn 0.4411 0.8972 0.0219
vn 0.4501 0.8872 0.1016
vn 0.6649 0.0260 0.7465
vn 0.5727 0.1699 0.8019
vn -0.0294 -0.9673 0.2519
vn 0.0703 -0.7307 0.6791
vn 0.2402 0.5594 0.7933
vn -0.2738 -0.8213 0.5005
vn -0.3121 -0.9483 -0.0568
vn 0.0319 0.5403 0.8409
vn 0.4530 0.8881 0.0776
vn 0.4537 0.8909 0.0216
vn 0.4626 0.7577 0.4603
vn 0.4365 0.7092 0.5537
vn 0.4338 0.6506 0.6234
vn 0.4201 0.6328 0.6504
vn 0.3994 0.6970 0.5956
vn 0.3692 0.6174 0.6946
vn 0.3613 0.6003 0.7135
vn 0.2955 0.5773 0.7612
vn 0.3659 0.5729 0.7334
vn 0.3444 0.5733 0.7434
vn 0.2894 0.4356 0.8523
vn 0.3606 0.4980 0.7887
vn 0.3040 0.4069 0.8614
vn 0.3845 0.5909 0.7092
vn 0.4240 0.5917 0.6857
vn 0.4254 0.5839 0.6915
vn 0.4120 0.5468 0.7289
vn 0.4251 0.5150 0.7444
vn 0.3802 0.4308 0.8185
vn 0.3606 0.4069 0.8393
vn 0.3158 0.2913 0.9030
vn 0.2843 0.2242 0.9321
vn 0.2401 0.2391 0.9408
vn 0.2382 0.3270 0.9145
vn 0.2047 0.3765 0.9035
vn 0.1626 0.2428 0.9563
vn 0.2615 0.4575 0.8499
vn 0.1505 0.2598 0.9539
vn 0.0993 0.0935 0.9907
vn 0.1280 0.1029 0.9864
vn -0.0368 -0.1130 0.9929
vn -0.1202 -0.3698 0.9213
vn -0.0599 -0.2283 0.9717
vn -0.2030 -0.1698 0.9643
vn -0.0286 -0.1581 0.9870
vn -0.1586 -0.2135 0.9640
vn -0.2322 -0.0873 0.9687
vn 0.1080 0.4267 0.8979
vn -0.0344 0.6509 0.7584
vn 0.0271 0.6881 0.7251
vn 0.1728 0.9849 -0.0098
vn -0.1684 -0.6170 0.7687
vn -0.0927 -0.6271 0.7734
vn 0.0993 -0.3120 0.9449
vn -0.1834 -0.7340 0.6539
vn -0.2987 -0.7681 0.5663
vn -0.2748 -0.7901 0.5480
vn -0.2124 -0.7176 0.6632
vn -0.3158 -0.8317 0.4567
vn -0.2978 -0.8480 0.4385
vn -0.2963 -0.8660 0.4029
vn -0.1967 -0.7439 0.6387
vn -0.1216 -0.6145 0.7795
vn -0.0843 -0.6112 0.7870
vn -0.1220 -0.6620 0.7395
vn -0.0918 -0.5572 0.8253
vn -0.0447 -0.5999 0.7989
vn -0.0594 -0.5851 0.8088
vn -0.1384 -0.6161 0.7754
vn -0.2140 -0.6365 0.7410
vn -0.1354 -0.5142 0.8469
vn -0.0377 -0.4906 0.8705
vn -0.3069 -0.7100 0.6338
vn -0.3254 -0.6307 0.7045
vn -0.2097 -0.5423 0.8136
vn -0.0161 -0.4224 0.9063
vn -0.0943 -0.3913 0.9154
vn 0.0203 -0.2783 0.9603
vn 0.0776 -0.2606 0.9623
vn -0.0013 -0.4188 0.9081
vn 0.0988 -0.1503 0.9837
vn 0.1534 -0.0721 0.9855
vn -0.0317 -0.5487 0.8354
vn 0.1998 -0.6713 0.7138
vn -0.1452 -0.6240 0.7678
vn 0.1129 -0.7584 0.6420
vn 0.0448 -0.7333 0.6784
vn 0.1021 -0.9312 0.3499
vn 0.1553 -0.6032 0.7823
vn 0.2269 -0.5762 0.7852
vn 0.1920 0.0548 0.9799
vn 0.2112 0.1273 0.9691
vn 0.3591 -0.3759 0.8543
vn 0.1957 -0.9230 0.3312
vn 0.1582 -0.9490 0.2728
vn 0.1899 -0.9761 0.1061
vn 0.1331 -0.9783 0.1591
vn 0.1759 -0.9844 -0.0056
vn 0.2204 -0.9751 0.0237
vn 0.2047 -0.9754 -0.0818
vn 0.1497 -0.9686 -0.1987
vn 0.2267 -0.9564 -0.1844
vn 0.2122 -0.9187 -0.3330
vn 0.2209 -0.9348 -0.2783
vn 0.2341 -0.8816 -0.4098
vn 0.5060 -0.7541 -0.4186
vn 0.2246 -0.8312 -0.5085
vn 0.2471 -0.8363 -0.4894
vn 0.2595 -0.7762 -0.5747
vn 0.2266 -0.7571 -0.6127
vn 0.2632 -0.8729 -0.4109
vn 0.2496 -0.9202 -0.3015
vn 0.2743 -0.9460 -0.1726
vn 0.2806 -0.7938 -0.5395
vn 0.0992 -0.1888 -0.9770
vn 0.0914 -0.1756 -0.9802
vn 0.1075 -0.2068 -0.9725
vn -0.1242 0.4139 -0.9018
vn -0.1144 0.4280 -0.8965
vn -0.0593 0.3062 -0.9501
vn -0.0922 0.3554 -0.9302
vn -0.0640 0.2644 -0.9623
vn -0.0228 0.1929 -0.9809
vn -0.0424 0.1789 -0.9830
vn -0.1414 0.4168 -0.8979
vn 0.0093 -0.1689 -0.9856
vn -0.1325 0.3135 -0.9403
vn -0.0199 0.1345 -0.9907
vn -0.0783 0.1966 -0.9773
vn -0.0122 0.0357 -0.9993
vn -0.0191 0.0664 -0.9976
vn 0.0403 -0.0749 -0.9964
vn -0.1181 0.1417 -0.9828
vn -0.1799 0.2908 -0.9397
vn -0.2019 0.4113 -0.8889
vn -0.1924 0.1961 -0.9615
vn -0.1459 0.1943 -0.9700
vn -0.0393 0.2341 -0.9714
vn 0.2598 -0.4245 -0.8673
vn 0.3132 -0.4524 -0.8350
vn 0.3790 -0.8928 -0.2436
vn 0.4051 -0.8946 -0.1884
vn 0.3726 -0.8433 -0.3873
vn 0.1973 -0.2877 -0.9372
vn 0.2970 -0.4897 -0.8197
vn 0.3713 -0.7385 -0.5627
vn 0.4469 -0.7863 -0.4268
vn 0.4601 -0.8336 -0.3058
vn 0.4663 -0.8661 -0.1802
vn 0.2622 -0.4635 -0.8464
vn 0.5553 -0.8133 -0.1736
vn 0.3006 -0.3739 -0.8774
vn 0.3821 -0.2578 -0.8874
vn 0.4167 -0.2478 -0.8746
vn 0.6675 -0.7176 -0.1988
vn 0.7645 -0.5975 -0.2420
vn 0.6130 -0.6564 -0.4398
vn 0.8414 -0.4717 -0.2637
vn 0.6222 -0.6405 -0.4501
vn 0.7675 -0.4876 -0.4161
vn 0.7003 -0.6220 -0.3503
vn 0.6952 -0.5532 -0.4590
vn 0.6147 -0.6134 -0.4958
vn 0.5415 -0.7785 -0.3174
vn 0.5770 -0.6971 -0.4257
vn 0.6086 -0.6808 -0.4076
vn 0.6058 -0.6979 -0.3819
vn 0.5360 -0.7249 -0.4326
vn 0.5263 -0.5969 -0.6056
vn 0.4440 -0.7016 -0.5573
vn 0.0800 -0.9410 0.3288
vn 0.0822 -0.9058 0.4156
vn 0.0540 -0.8673 0.4948
vn 0.0787 -0.8929 0.4433
vn 0.0638 -0.8640 0.4994
vn 0.0967 -0.9076 -0.4085
vn 0.1826 -0.8053 -0.5640
vn 0.0535 -0.3394 -0.9391
vn 0.1403 -0.1326 -0.9812
vn 0.2291 -0.1690 -0.9586
vn -0.0142 -0.1652 -0.9862
vn -0.0289 0.0557 -0.9980
vn 0.1381 -0.1216 -0.9829
vn 0.0385 0.0842 -0.9957
vn 0.2318 -0.2986 -0.9258
vn 0.3330 0.8852 0.3249
vn 0.1827 0.9422 -0.2809
vn 0.1213 0.9199 -0.3730
vn 0.0669 0.8489 -0.5243
vn 0.1110 0.7926 -0.5996
vn 0.1653 0.8857 -0.4339
vn 0.1902 0.8788 -0.4377
vn 0.1741 0.9046 -0.3890
vn 0.1947 0.9057 -0.3765
vn 0.2357 0.9710 -0.0404
vn 0.2205 0.9455 -0.2395
vn -0.2335 0.2131 0.9487
vn 0.1086 -0.0478 0.9929
vn 0.1726 0.9561 -0.2367
vn 0.1702 0.9725 -0.1590
vn 0.1846 0.9631 -0.1958
vn 0.2531 0.7235 0.6422
vn 0.2032 0.9748 -0.0925
vn 0.1886 0.1117 0.9757
vn 0.2384 0.9053 -0.3516
vn 0.1975 0.8985 -0.3920
vn 0.2178 0.8741 -0.4342
vn 0.2090 0.8933 -0.3979
vn 0.2221 0.7683 -0.6004
vn 0.1786 0.8314 -0.5262
vn 0.1707 0.7049 -0.6885
vn 0.0811 0.7214 -0.6877
vn 0.1087 0.6129 -0.7827
vn 0.2242 0.6771 -0.7010
vn 0.1646 0.7158 -0.6786
vn 0.1649 0.7155 -0.6788
vn 0.1587 0.7357 -0.6584
vn 0.2314 0.7997 -0.5539
vn 0.2474 0.8472 -0.4702
vn 0.2457 0.9406 -0.2345
vn 0.2553 0.7035 -0.6632
vn 0.2493 0.8088 -0.5326
vn 0.2502 0.8576 -0.4493
vn 0.2474 0.9026 -0.3523
vn 0.2396 0.9501 -0.1996
vn 0.2257 0.9618 -0.1549
vn 0.2101 0.9754 -0.0672
vn 0.2311 0.9718 -0.0473
vn 0.2364 0.9638 -0.1231
vn 0.2129 0.9692 -0.1238
vn 0.2182 0.9716 0.0914
vn 0.2199 0.9712 0.0914
vn 0.2306 0.9719 0.0480
vn 0.2227 0.9738 0.0456
vn 0.1990 0.9771 0.0752
vn 0.2228 0.9741 0.0378
vn 0.2711 0.2854 0.9193
vn 0.2351 0.7650 0.5995
vn 0.2298 0.0663 0.9710
vn 0.0753 0.4622 -0.8836
vn 0.0821 0.5013 -0.8614
vn 0.0700 0.5094 -0.8577
vn 0.1042 0.4464 -0.8887
vn 0.1312 0.6459 -0.7521
vn 0.2026 0.5079 -0.8373
vn 0.0819 0.2145 -0.9733
vn 0.0744 0.2939 -0.9529
vn 0.1274 0.2030 -0.9708
vn 0.1918 0.3113 -0.9308
vn 0.2600 0.7547 -0.6023
vn 0.2944 0.2591 -0.9199
vn 0.2556 0.6633 -0.7033
vn 0.2619 0.7026 -0.6616
vn 0.2613 0.7038 -0.6606
vn 0.2844 0.7117 -0.6423
vn 0.2386 0.9378 -0.2521
vn 0.2573 0.9061 -0.3359
vn 0.2503 0.7648 -0.5937
vn 0.2681 0.8571 -0.4399
vn 0.2351 0.9657 -0.1101
vn 0.2547 0.9425 -0.2163
vn 0.2439 0.9499 -0.1955
vn 0.2351 0.9651 -0.1155
vn 0.2709 0.9602 -0.0680
vn 0.2238 0.9674 -0.1183
vn 0.2549 0.9661 0.0401
vn 0.3018 0.9533 -0.0104
vn 0.2914 0.9527 0.0863
vn 0.2277 0.9594 0.1666
vn 0.2772 0.9405 0.1963
vn 0.2666 0.9235 -0.2760
vn 0.3217 0.8742 -0.3637
vn 0.3078 0.8248 -0.4743
vn 0.2953 0.7754 -0.5582
vn 0.2642 0.8287 -0.4933
vn 0.2307 0.8482 -0.4768
vn 0.2346 0.8483 -0.4747
vn 0.2494 0.8251 -0.5069
vn 0.2081 0.1882 -0.9598
vn 0.1595 -0.2460 -0.9560
vn 0.2992 0.7063 -0.6416
vn 0.2551 0.7152 -0.6507
vn 0.2847 0.6846 -0.6710
vn 0.2618 0.6492 -0.7141
vn 0.2623 0.6327 -0.7286
vn 0.2693 0.6403 -0.7194
vn 0.3067 -0.2037 -0.9298
vn 0.1669 0.0562 -0.9844
vn 0.1534 -0.5348 -0.8309
vn 0.2453 0.6224 -0.7432
vn 0.2658 0.6477 -0.7140
vn 0.2562 0.6479 -0.7174
vn 0.2651 0.6624 -0.7007
vn 0.1398 -0.4326 -0.8907
vn 0.0968 -0.3556 -0.9296
vn 0.1001 -0.2655 -0.9589
vn 0.0537 -0.2865 -0.9566
vn 0.0452 -0.1754 -0.9835
vn 0.0062 -0.1480 -0.9890
vn -0.1004 -0.0652 -0.9928
vn -0.2312 0.0859 -0.9691
vn -0.2547 0.0861 -0.9632
vn -0.2494 0.1515 -0.9565
vn -0.1688 0.1128 -0.9792
vn -0.1676 0.0427 -0.9849
vn -0.2029 0.1314 -0.9703
vn -0.1127 0.1007 -0.9885
vn -0.0154 -0.0142 -0.9998
vn -0.0408 -0.0257 -0.9988
vn -0.0299 0.0334 -0.9990
vn 0.0823 -0.1605 -0.9836
vn 0.1490 -0.3770 -0.9142
vn 0.1813 -0.4795 -0.8586
vn 0.1443 -0.2993 -0.9432
vn 0.1034 -0.1910 -0.9761
vn -0.0165 -0.7152 0.6988
vn -0.0100 -0.7335 0.6796
vn -0.0161 -0.7300 0.6833
vn 0.0600 -0.7745 0.6298
vn 0.0593 -0.7865 0.6148
vn 0.0362 -0.7702 0.6368
vn 0.3935 -0.5822 -0.7114
vn 0.3475 -0.3694 -0.8619
vn 0.3966 -0.2796 -0.8744
vn 0.5176 -0.4916 -0.7003
vn 0.5910 -0.3764 -0.7134
vn 0.6517 -0.4770 -0.5897
vn 0.8349 -0.4167 -0.3596
vn 0.4667 -0.7346 -0.4924
vn 0.5069 -0.7631 -0.4010
vn 0.5717 -0.6832 -0.4543
vn 0.2001 -0.7122 -0.6729
vn 0.1852 -0.7284 -0.6596
vn 0.2030 -0.7110 -0.6732
vn 0.1226 -0.1279 -0.9842
vn -0.0181 -0.1867 -0.9822
vn 0.1010 -0.9569 0.2724
vn 0.0927 -0.9887 0.1176
vn 0.2411 -0.7710 -0.5894
vn 0.3677 -0.8087 -0.4591
vn 0.2152 -0.8154 -0.5374
vn 0.0501 -0.3401 0.9391
vn -0.0159 -0.5116 0.8591
vn -0.1735 -0.6206 0.7647
vn -0.3422 -0.9267 0.1552
vn -0.3433 -0.8327 0.4344
vn -0.1244 -0.4994 0.8574
vn -0.0748 -0.4752 0.8767
vn -0.1993 -0.5651 0.8006
vn -0.2552 -0.6528 0.7132
vn -0.1465 -0.4279 0.8919
vn -0.2818 -0.7763 0.5639
vn -0.3506 -0.7893 0.5040
vn -0.4178 -0.6135 0.6701
vn -0.4113 -0.8675 0.2799
vn -0.5098 -0.6484 0.5654
vn -0.3625 -0.5669 0.7398
vn -0.2644 -0.3696 0.8908
vn 0.0268 0.1503 0.9883
vn 0.1566 0.4159 0.8958
vn 0.4595 0.8880 -0.0189
vn 0.3054 0.8947 0.3260
vn 0.4301 0.9003 -0.0673
vn 0.5148 0.8356 -0.1917
vn 0.4678 0.8831 0.0368
vn 0.4980 0.8323 0.2436
vn 0.4697 0.5440 0.6953
vn 0.4577 0.5960 0.6598
vn 0.4633 0.6714 0.5784
vn 0.4325 0.6729 0.6001
vn 0.4748 0.6620 0.5799
vn 0.0617 0.4105 0.9097
vn -0.5179 -0.7803 0.3506
vn 0.1878 0.0902 0.9781
vn 0.2470 0.1461 0.9579
vn 0.2164 0.1378 0.9665
vn 0.2427 0.2656 0.9331
vn 0.2710 0.1411 0.9522
vn 0.3612 0.1035 0.9267
vn 0.2224 0.9731 0.0599
vn 0.1970 0.9713 0.1330
vn 0.2119 0.9686 0.1303
vn 0.3953 0.6624 0.6363
vn 0.3367 0.2888 0.8962
vn 0.2215 0.9679 0.1184
vn 0.3632 0.7082 0.6054
vn 0.2860 0.5867 0.7576
vn 0.4436 0.4146 0.7946
vn 0.2400 0.9275 0.2866
vn 0.0398 -0.3653 0.9300
vn -0.0150 -0.4479 0.8940
vn -0.0074 -0.3428 0.9394
vn -0.1056 -0.4102 0.9058
vn 0.0619 -0.2700 0.9609
vn 0.0401 -0.2814 0.9588
vn -0.0022 -0.2892 0.9573
vn 0.0435 -0.2338 0.9713
vn 0.1066 -0.2094 0.9720
vn 0.1208 -0.0996 0.9877
vn 0.1867 -0.0296 0.9820
vn 0.2181 0.1218 0.9683
vn 0.2344 0.1471 0.9609
vn 0.2583 0.2269 0.9390
vn 0.2343 0.2409 0.9419
vn 0.2817 0.3347 0.8992
vn 0.2774 -0.2714 0.9216
vn 0.4097 -0.2860 0.8662
vn 0.2500 -0.8635 0.4379
vn 0.2441 -0.8908 0.3833
vn 0.2317 -0.9021 0.3640
vn 0.2254 -0.8954 0.3840
vn 0.2007 -0.9117 0.3585
vn 0.4117 0.0299 0.9108
vn 0.2681 -0.9469 0.1774
vn 0.2966 -0.9528 0.0655
vn 0.2574 -0.9657 0.0339
vn 0.2595 -0.9638 -0.0620
vn 0.2968 -0.9248 -0.2378
vn 0.2213 -0.9681 0.1172
vn 0.1918 -0.9779 0.0832
vn 0.1948 -0.9767 0.0896
vn 0.2118 -0.9534 0.2147
vn 0.2072 -0.9564 0.2058
vn 0.2138 -0.9625 0.1668
vn 0.2013 -0.9517 0.2319
vn 0.2498 -0.9276 0.2776
vn 0.2447 -0.4555 0.8559
vn 0.1509 -0.0480 0.9874
vn 0.0933 -0.2348 0.9675
vn 0.1041 -0.1557 0.9823
vn 0.0739 -0.2195 0.9728
vn 0.1190 -0.1402 0.9830
vn 0.1715 -0.0083 0.9852
vn 0.4839 0.6963 0.5300
vn 0.3591 0.3259 0.8746
vn 0.0743 -0.1224 -0.9897
vn 0.0138 0.0412 -0.9991
vn 0.0469 0.0352 -0.9983
vn 0.0708 0.0315 -0.9970
vn -0.0022 0.0036 -1.0000
vn 0.0536 -0.0084 -0.9985
vn 0.0240 -0.0108 -0.9997
vn 0.0069 0.0911 -0.9958
vn 0.0010 0.1124 -0.9937
vn -0.0198 0.1786 -0.9837
vn 0.3222 -0.8268 -0.4611
vn 0.3248 -0.8155 -0.4790
vn 0.3202 -0.8178 -0.4783
vn 0.3226 -0.8153 -0.4809
vn 0.2904 -0.8850 -0.3640
vn 0.3407 -0.8036 -0.4880
vn 0.1623 -0.1387 -0.9769
vn 0.0755 -0.2198 -0.9726
vn 0.1253 -0.2101 -0.9696
vn -0.0620 0.2506 -0.9661
vn 0.0705 -0.0640 -0.9955
vn 0.0924 -0.1082 -0.9898
vn 0.2259 -0.5871 -0.7773
vn 0.2105 -0.4803 -0.8514
vn 0.3670 -0.0708 -0.9275
vn 0.3233 0.6009 -0.7310
vn 0.3248 0.6240 -0.7108
vn 0.3315 0.6641 -0.6702
vn 0.3253 0.7889 -0.5214
vn 0.3209 0.8954 -0.3086
vn 0.3385 0.9354 0.1024
vn 0.3248 0.9213 0.2136
vn 0.2467 0.8483 0.4685
vn 0.2401 0.8549 0.4599
vn 0.2500 0.8655 0.4340
vn 0.3060 0.9083 0.2851
vn 0.3035 0.9005 0.3113
vn 0.2857 0.9142 0.2874
vn 0.4623 0.5477 0.6974
vn 0.3252 0.9417 -0.0862
vn 0.3405 0.9401 -0.0141
vn 0.3072 0.9313 -0.1959
vn 0.3302 0.9299 -0.1621
vn 0.3328 0.9299 -0.1565
vn 0.3294 0.9089 -0.2559
vn 0.3143 0.9295 -0.1928
vn 0.3100 0.9312 -0.1919
vn 0.3274 0.9318 -0.1568
vn 0.3391 0.9342 -0.1110
vn 0.3463 0.8845 -0.3127
vn 0.3490 0.9351 -0.0611
vn 0.3576 0.9184 -0.1694
vn 0.3648 0.9136 -0.1795
vn 0.3668 0.9245 -0.1040
vn 0.3450 0.9045 -0.2507
vn 0.3557 0.9081 -0.2210
vn 0.3477 0.9034 -0.2509
vn 0.3525 0.8847 -0.3050
vn 0.3373 0.8470 -0.4109
vn 0.3534 0.7008 -0.6196
vn 0.3244 0.6145 -0.7191
vn 0.3289 0.6133 -0.7181
vn 0.3299 0.6229 -0.7094
vn 0.2782 -0.6495 -0.7077
vn 0.2688 -0.5762 -0.7719
vn 0.4090 -0.1038 -0.9066
vn 0.2396 -0.5268 -0.8155
vn 0.3085 -0.6942 -0.6503
vn 0.4237 -0.1100 -0.8991
vn 0.3201 -0.6227 -0.7140
vn 0.2621 -0.5072 -0.8210
vn 0.1731 -0.3536 -0.9192
vn 0.1642 -0.2690 -0.9490
vn 0.1849 -0.3957 -0.8996
vn 0.1947 -0.4322 -0.8805
vn 0.1875 -0.4137 -0.8909
vn 0.2169 -0.3883 -0.8956
vn -0.0014 0.1182 -0.9930
vn -0.1076 0.3415 -0.9337
vn -0.0769 0.2801 -0.9569
vn -0.1071 0.3052 -0.9462
vn -0.1537 0.4631 -0.8728
vn -0.1167 0.3678 -0.9225
vn -0.0710 0.2480 -0.9662
vn -0.0365 0.1347 -0.9902
vn -0.2230 0.4696 -0.8543
vn -0.1573 0.3161 -0.9356
vn -0.0930 0.1932 -0.9767
vn -0.0410 0.0296 -0.9987
vn -0.1660 0.2155 -0.9623
vn -0.0211 -0.1506 -0.9884
vn 0.0365 -0.2875 -0.9571
vn -0.2366 0.2931 -0.9263
vn -0.2203 0.1447 -0.9646
vn -0.1410 0.0788 -0.9869
vn -0.1610 -0.0169 -0.9868
vn -0.0370 -0.1075 -0.9935
vn -0.0746 -0.1440 -0.9868
vn -0.1416 -0.1610 -0.9767
vn -0.0329 -0.2850 -0.9580
vn 0.0125 -0.2152 -0.9765
vn 0.0582 -0.3722 -0.9263
vn -0.0301 -0.3448 -0.9382
vn 0.0159 -0.4016 -0.9157
vn 0.1448 -0.4778 -0.8665
vn 0.1300 -0.4365 -0.8903
vn 0.2096 -0.5119 -0.8331
vn 0.2748 -0.5423 -0.7939
vn 0.2714 -0.6196 -0.7365
vn 0.3366 -0.6162 -0.7121
vn 0.3287 -0.6180 -0.7142
vn 0.3500 -0.6570 -0.6677
vn 0.3878 -0.6586 -0.6449
vn 0.3467 -0.6423 -0.6836
vn 0.2518 -0.5138 -0.8201
vn 0.2966 -0.5729 -0.7641
vn 0.1575 -0.3771 -0.9127
vn 0.0793 -0.2970 -0.9516
vn 0.0626 -0.1882 -0.9801
vn -0.0016 -0.0766 -0.9971
vn -0.0343 0.0268 -0.9991
vn -0.0752 0.0471 -0.9961
vn -0.0518 0.0265 -0.9983
vn 0.0487 -0.1087 -0.9929
vn 0.1067 -0.1799 -0.9779
vn 0.1372 -0.2966 -0.9451
vn 0.2015 -0.4524 -0.8688
vn 0.1907 -0.3938 -0.8992
vn 0.1201 -0.2739 -0.9542
vn 0.1245 -0.2440 -0.9617
vn 0.1114 -0.2899 -0.9505
vn 0.1623 -0.3143 -0.9353
vn 0.1344 -0.2063 -0.9692
vn 0.4005 -0.7109 -0.5781
vn 0.3896 -0.7057 -0.5918
vn 0.3886 -0.6977 -0.6018
vn 0.4767 -0.7993 -0.3658
vn 0.4711 -0.7606 -0.4466
vn 0.4936 -0.7696 -0.4051
vn 0.0664 -0.0860 -0.9941
vn 0.0352 0.0140 -0.9993
vn 0.0372 0.0114 -0.9992
vn 0.0317 -0.0238 -0.9992
vn 0.0415 0.0207 -0.9989
vn 0.0607 0.0148 -0.9980
vn 0.0172 0.0296 -0.9994
vn 0.3359 -0.6696 -0.6624
vn 0.3578 -0.5794 -0.7323
vn 0.3435 -0.7413 -0.5765
vn 0.3507 -0.7267 -0.5907
vn 0.3516 -0.7444 -0.5677
vn 0.3379 -0.7346 -0.5883
vn 0.3572 -0.7311 -0.5814
vn 0.3613 -0.7374 -0.5708
vn 0.4342 -0.2553 -0.8639
vn 0.5914 -0.1612 -0.7901
vn 0.4046 -0.7665 -0.4987
vn 0.3749 -0.6968 -0.6115
vn 0.4278 -0.7749 -0.4652
vn 0.5195 -0.2255 -0.8242
vn 0.5514 -0.2677 -0.7901
vn 0.3642 0.3880 -0.8466
vn 0.4371 -0.7500 -0.4965
vn 0.4570 -0.7464 -0.4839
vn 0.4681 -0.7449 -0.4754
vn 0.4203 -0.7460 -0.5166
vn 0.3878 -0.6964 -0.6038
vn 0.3982 -0.7030 -0.5893
vn 0.4068 -0.7110 -0.5736
vn 0.3606 0.8538 0.3754
vn 0.3699 0.8408 0.3953
vn 0.3599 0.8518 0.3807
vn 0.4423 0.8620 0.2477
vn 0.2060 0.3484 0.9144
vn 0.5219 0.8210 0.2316
vn 0.4956 0.7671 0.4073
vn 0.4715 0.7004 0.5358
vn -0.3806 -0.5958 0.7072
vn -0.4084 -0.5649 0.7170
vn -0.3178 -0.6507 0.6896
vn -0.3494 -0.6278 0.6955
vn -0.2345 -0.4896 0.8398
vn -0.0832 -0.3590 0.9296
vn -0.1025 -0.3001 0.9484
vn -0.2837 -0.5534 0.7831
vn -0.2699 -0.5350 0.8006
vn -0.2197 -0.5202 0.8253
vn -0.2293 -0.4187 0.8787
vn -0.3649 -0.5458 0.7543
vn -0.1498 -0.3526 0.9237
vn -0.0354 -0.2199 0.9749
vn -0.0415 -0.1821 0.9824
vn 0.0056 -0.1985 0.9801
vn -0.0346 -0.2029 0.9786
vn -0.0007 -0.2936 0.9559
vn 0.0412 -0.1612 0.9861
vn 0.1163 -0.0510 0.9919
vn 0.0305 -0.1631 0.9861
vn 0.0709 -0.0325 0.9970
vn 0.0010 -0.0666 0.9978
vn -0.0680 -0.1829 0.9808
vn 0.0900 0.0487 0.9947
vn 0.0673 0.0508 0.9964
vn 0.1333 0.1284 0.9827
vn 0.1049 0.1574 0.9819
vn 0.2130 0.2907 0.9328
vn 0.0161 0.0642 0.9978
vn 0.1042 0.2491 0.9628
vn 0.1274 0.2982 0.9460
vn 0.1102 0.2652 0.9579
vn 0.0384 0.1815 0.9826
vn 0.1447 0.3211 0.9359
vn 0.2247 0.4292 0.8748
vn 0.1625 0.4347 0.8858
vn 0.2409 0.4918 0.8367
vn 0.1817 0.4941 0.8502
vn 0.0473 0.4349 0.8993
vn 0.2613 0.6221 0.7381
vn 0.1666 0.5881 0.7915
vn 0.2122 0.6809 0.7010
vn 0.1008 0.6799 0.7264
vn 0.1080 0.5868 0.8025
vn 0.0191 0.5237 0.8517
vn 0.0879 0.5171 0.8514
vn 0.0531 0.3951 0.9171
vn 0.0226 0.3740 0.9271
vn 0.0677 0.4247 0.9028
vn -0.0476 0.3135 0.9484
vn 0.0387 0.2978 0.9539
vn -0.0377 0.2100 0.9770
vn -0.0928 0.0942 0.9912
vn -0.1665 0.0024 0.9860
vn -0.0589 -0.0114 0.9982
vn -0.2106 -0.1093 0.9714
vn -0.1006 -0.1234 0.9872
vn -0.2722 -0.2202 0.9367
vn -0.2335 -0.2839 0.9300
vn -0.2291 -0.1687 0.9587
vn -0.2603 -0.1936 0.9459
vn -0.2174 -0.1383 0.9662
vn -0.1032 -0.1772 0.9787
vn -0.1726 -0.2685 0.9477
vn -0.1834 -0.1995 0.9626
vn -0.1776 -0.2231 0.9585
vn -0.1848 -0.3163 0.9305
vn -0.3020 -0.3882 0.8707
vn -0.3691 -0.3778 0.8492
vn -0.4343 -0.5190 0.7362
vn -0.3625 -0.2162 0.9066
vn -0.3989 -0.3525 0.8466
vn -0.4643 -0.4810 0.7437
vn -0.3089 -0.1594 0.9376
vn -0.1958 -0.2493 0.9484
vn -0.4192 -0.3179 0.8504
vn -0.4808 -0.5863 0.6520
vn -0.5473 -0.6447 0.5337
vn -0.3999 -0.5589 0.7264
vn 0.1793 0.3831 0.9061
vn -0.2995 -0.2776 0.9128
vn -0.4011 -0.5820 0.7073
vn -0.3678 -0.3091 0.8770
vn 0.1533 0.4232 0.8930
vn -0.2447 0.0203 0.9694
vn -0.3446 -0.4136 0.8427
vn 0.0939 0.3752 0.9222
vn 0.0269 0.1559 0.9874
vn 0.1732 0.5963 0.7839
vn 0.3054 0.6532 0.6929
vn 0.4181 0.7757 0.4728
vn 0.4411 0.8748 0.2002
vn 0.4669 0.6226 0.6280
vn 0.4960 0.4997 0.7101
vn 0.4756 0.4250 0.7702
vn 0.4556 0.6089 0.6494
vn 0.4370 0.6154 0.6560
vn 0.3165 0.8624 0.3950
vn 0.4134 0.6295 0.6579
vn 0.4797 0.5023 0.7195
vn 0.3838 0.6242 0.6804
vn 0.4473 0.6285 0.6364
vn 0.3694 0.6435 0.6704
vn 0.3201 0.7793 0.5388
vn 0.2479 0.3432 0.9060
vn 0.2184 0.3187 0.9224
vn 0.3453 0.8085 0.4765
vn 0.3240 0.8976 0.2989
vn 0.3514 0.9074 0.2307
vn 0.3193 0.8638 0.3896
vn 0.3559 0.8845 0.3017
vn 0.3592 0.9190 0.1625
vn 0.3570 0.9321 0.0619
vn 0.3669 0.9302 -0.0112
vn 0.3666 0.9269 0.0806
vn 0.3604 0.8619 -0.3567
vn 0.3385 0.7713 -0.5390
vn 0.3412 0.7869 -0.5142
vn 0.3460 0.7699 -0.5362
vn 0.3525 0.7877 -0.5052
vn 0.3539 0.8170 -0.4552
vn 0.3656 0.9027 -0.2268
vn 0.3710 0.9087 -0.1913
vn 0.3624 0.9283 -0.0838
vn 0.3614 0.9322 0.0182
vn 0.3741 0.9166 0.1413
vn 0.3738 0.9160 -0.1460
vn 0.3585 0.9095 -0.2105
vn 0.3612 0.9023 -0.2355
vn 0.3546 0.9106 -0.2124
vn 0.3573 0.8867 -0.2936
vn 0.3599 0.7684 -0.5292
vn 0.3534 0.7345 -0.5794
vn 0.3428 0.5933 -0.7283
vn 0.3291 0.5403 -0.7744
vn 0.3425 0.6261 -0.7005
vn 0.3518 0.6837 -0.6393
vn 0.3455 0.6711 -0.6559
vn 0.3468 0.6846 -0.6411
vn 0.3675 0.5569 -0.7449
vn 0.3677 0.5566 -0.7450
vn 0.3629 0.5488 -0.7531
vn 0.3652 0.6056 -0.7070
vn 0.3601 0.7179 -0.5958
vn 0.3548 0.6506 -0.6714
vn 0.3597 0.6646 -0.6549
vn 0.3565 0.6498 -0.6713
vn 0.3632 0.7927 -0.4897
vn 0.3678 0.8422 -0.3943
vn 0.3459 0.8223 -0.4519
vn 0.3641 0.8246 -0.4329
vn 0.3566 0.8206 -0.4465
vn 0.3659 0.8714 -0.3266
vn 0.1859 0.7848 -0.5912
vn 0.2507 0.8769 -0.4100
vn 0.1954 0.9640 -0.1804
vn 0.3719 0.8992 -0.2304
vn 0.2034 0.9526 -0.2260
vn 0.2423 0.9633 -0.1155
vn 0.3586 0.9325 -0.0417
vn 0.3737 0.8824 -0.2859
vn 0.3765 0.8733 -0.3093
vn 0.3710 0.8808 -0.2941
vn 0.1472 0.9197 -0.3640
vn 0.2429 0.8251 -0.5101
vn 0.3561 0.7187 -0.5972
vn 0.1513 0.7293 -0.6672
vn 0.3627 0.6632 -0.6547
vn 0.3646 0.7276 -0.5811
vn 0.3592 0.7157 -0.5989
vn 0.3628 0.7280 -0.5816
vn 0.3721 0.6679 -0.6446
vn 0.3596 0.6178 -0.6993
vn 0.3617 0.5647 -0.7418
vn 0.1828 0.5177 -0.8358
vn 0.3509 0.5566 -0.7531
vn 0.3709 0.4666 -0.8029
vn 0.3575 0.5102 -0.7822
vn 0.3556 0.5282 -0.7711
vn 0.3520 0.4837 -0.8013
vn 0.3526 0.4986 -0.7919
vn 0.3574 0.4813 -0.8004
vn 0.3587 0.4373 -0.8247
vn 0.3521 0.4246 -0.8341
vn 0.3520 0.4246 -0.8342
vn 0.4032 -0.2880 0.8686
vn 0.1894 0.0532 0.9805
vn 0.2053 0.1457 0.9678
vn 0.2912 0.3780 0.8788
vn 0.3944 -0.2268 0.8905
vn 0.3600 0.4904 0.7937
vn 0.4721 -0.1849 0.8619
vn 0.3167 -0.7398 0.5936
vn 0.3148 0.4011 0.8602
vn 0.3314 0.4202 0.8447
vn 0.3183 0.4290 0.8454
vn 0.2910 0.2757 0.9161
vn 0.2354 0.1739 0.9562
vn 0.1665 0.0820 0.9826
vn 0.2758 0.2506 0.9280
vn 0.3210 0.3629 0.8748
vn 0.3197 0.3263 0.8896
vn 0.3268 0.3280 0.8864
vn 0.3673 0.4250 0.8273
vn 0.4188 0.4623 0.7816
vn 0.4674 -0.1258 0.8751
vn 0.4055 0.5100 0.7586
vn 0.4630 -0.0940 0.8813
vn 0.5303 -0.0920 0.8428
vn 0.4735 0.5764 0.6660
vn 0.3311 0.3284 0.8846
vn 0.3242 0.3328 0.8855
vn 0.3608 0.3701 0.8561
vn 0.3553 0.3977 0.8459
vn 0.3653 0.3711 0.8537
vn 0.2351 0.1996 0.9513
vn 0.1862 0.0721 0.9799
vn 0.1834 0.0794 0.9798
vn 0.2001 0.1211 0.9723
vn 0.1284 0.1168 0.9848
vn 0.2657 0.2850 0.9210
vn 0.2054 0.1448 0.9679
vn 0.2312 0.1648 0.9589
vn 0.1833 0.1307 0.9743
vn 0.2639 0.2496 0.9317
vn 0.2400 0.2547 0.9368
vn 0.2184 0.2559 0.9417
vn 0.1935 0.2165 0.9569
vn 0.2393 0.3629 0.9006
vn 0.3011 0.3410 0.8905
vn 0.3068 0.3992 0.8640
vn 0.3201 0.3893 0.8637
vn 0.2886 0.3920 0.8735
vn 0.2812 0.4662 0.8388
vn 0.2467 0.5223 0.8163
vn 0.2423 0.5055 0.8281
vn 0.2262 0.5062 0.8322
vn 0.3149 0.5817 0.7500
vn 0.3707 0.5609 0.7403
vn 0.3136 0.6472 0.6949
vn 0.3387 0.6618 0.6688
vn 0.3362 0.6481 0.6834
vn 0.3114 0.7227 0.6170
vn 0.3767 0.7018 0.6046
vn 0.3995 0.6551 0.6413
vn 0.2778 0.7644 0.5819
vn 0.4007 0.7717 0.4938
vn 0.3481 0.8184 0.4572
vn 0.2788 0.8152 0.5076
vn 0.2943 0.8560 0.4250
vn 0.4156 0.8442 0.3386
vn 0.3506 0.8902 0.2908
vn 0.4368 0.8656 0.2449
vn 0.4454 0.8769 0.1805
vn 0.5169 0.8381 0.1743
vn 0.5045 0.8602 0.0741
vn 0.5722 0.8162 0.0802
vn 0.5630 0.8263 -0.0174
vn 0.6174 0.7865 0.0159
vn 0.6128 0.7892 -0.0402
vn 0.6186 0.7807 -0.0887
vn 0.6248 0.7754 -0.0916
vn 0.6187 0.7822 -0.0740
vn 0.5852 0.7666 0.2644
vn 0.5848 0.7979 0.1464
vn 0.5175 0.8160 0.2578
vn 0.4799 0.7926 0.3760
vn 0.5793 0.7825 0.2281
vn 0.5479 0.7664 0.3353
vn 0.4489 0.7465 0.4911
vn 0.4660 0.6951 0.5474
vn 0.5310 0.7114 0.4604
vn 0.5467 0.7352 0.4008
vn 0.5540 0.7302 0.3998
vn 0.5380 0.7289 0.4234
vn 0.5825 0.7247 0.3680
vn 0.5839 0.7068 0.3994
vn 0.6116 0.7452 0.2657
vn 0.6296 0.7571 0.1741
vn 0.6654 0.7067 0.2404
vn 0.6717 0.7335 0.1038
vn 0.5069 0.6009 0.6181
vn 0.6772 0.7305 0.0878
vn 0.6522 0.7570 0.0388
vn 0.6325 0.7690 0.0923
vn 0.6324 0.7740 0.0321
vn 0.6086 0.7934 0.0076
vn 0.6190 0.7854 0.0041
vn 0.4355 0.5524 0.7108
vn -0.0367 0.1451 0.9887
vn -0.0868 0.1489 0.9850
vn -0.0729 0.1519 0.9857
vn -0.0905 0.1562 0.9836
vn -0.0609 -0.0039 0.9981
vn -0.0721 -0.0173 0.9972
vn -0.0680 0.0048 0.9977
vn -0.0426 0.0027 0.9991
vn -0.0466 0.0109 0.9989
vn -0.0379 0.0083 0.9992
vn 0.0023 -0.0488 0.9988
vn -0.0046 -0.0411 0.9991
vn -0.0089 -0.0338 0.9994
vn -0.0228 -0.0654 0.9976
vn -0.0180 -0.0717 0.9973
vn -0.0362 -0.0769 0.9964
vn -0.0857 -0.0828 0.9929
vn -0.0954 -0.0812 0.9921
vn -0.0767 -0.0757 0.9942
vn 0.6878 0.7073 0.1637
vn 0.4479 0.4415 0.7775
vn 0.6393 0.7070 0.3024
vn 0.2374 -0.0374 0.9707
vn 0.6339 0.6823 0.3642
vn 0.6884 0.7022 0.1814
vn 0.6647 0.7257 0.1775
vn 0.6824 0.6985 0.2156
vn 0.6377 0.6722 0.3761
vn 0.6513 0.6675 0.3609
vn 0.6514 0.6755 0.3457
vn 0.6595 0.6714 0.3380
vn 0.5674 0.6798 0.4647
vn 0.5642 0.6735 0.4776
vn 0.5734 0.6832 0.4522
vn 0.5562 0.6619 0.5026
vn 0.4775 0.6515 0.5895
vn 0.4269 0.6056 0.6716
vn 0.3634 0.4820 0.7972
vn 0.4080 0.5366 0.7386
vn 0.4880 0.5923 0.6412
vn 0.5389 0.6436 0.5435
vn 0.6034 0.6594 0.4485
vn 0.5877 0.6709 0.4523
vn 0.6148 0.6896 0.3828
vn 0.6592 0.6979 0.2800
vn 0.6422 0.7209 0.2604
vn 0.6663 0.7058 0.2409
vn 0.5999 0.0456 0.7988
vn 0.4052 -0.0383 0.9134
vn 0.1688 -0.4735 0.8645
vn 0.6470 0.1590 0.7457
vn -0.0141 -0.3201 0.9473
vn -0.0207 -0.4177 0.9083
vn -0.0189 -0.5269 0.8497
vn 0.6211 0.5753 0.5322
vn 0.2028 -0.5556 0.8063
vn 0.0028 -0.6539 0.7566
vn 0.0029 -0.6538 0.7567
vn -0.0105 -0.6675 0.7445
vn 0.0025 -0.7510 0.6603
vn 0.0089 -0.7503 0.6610
vn 0.0048 -0.7358 0.6772
vn -0.0053 -0.6861 0.7275
vn 0.0009 -0.7295 0.6840
vn -0.0049 -0.7131 0.7010
vn -0.0038 -0.6685 0.7437
vn -0.0015 -0.6633 0.7483
vn -0.0088 -0.5774 0.8164
vn -0.0025 -0.5963 0.8028
vn -0.0109 -0.5792 0.8151
vn 0.0020 -0.5552 0.8317
vn -0.0016 -0.4944 0.8692
vn -0.0047 -0.5092 0.8606
vn 0.0006 -0.5093 0.8606
vn -0.0055 -0.3204 0.9473
vn -0.0008 -0.3904 0.9206
vn -0.0038 -0.3995 0.9167
vn 0.0014 -0.3999 0.9166
vn -0.0018 -0.3771 0.9262
vn -0.0016 -0.4541 0.8910
vn -0.0000 -0.4693 0.8830
vn 0.0024 -0.4475 0.8943
vn 0.2872 -0.8292 0.4794
vn 0.3123 -0.8760 0.3676
vn 0.3298 -0.9131 0.2397
vn 0.3111 -0.9389 0.1474
vn 0.3354 -0.9411 -0.0425
vn 0.3228 -0.9458 0.0355
vn 0.3115 -0.9497 0.0318
vn 0.3024 -0.9532 -0.0063
vn 0.3439 -0.8942 0.2865
vn 0.3238 -0.8379 0.4393
vn 0.3432 -0.7143 0.6098
vn 0.3403 -0.6369 0.6918
vn 0.5541 -0.0782 0.8288
vn 0.3478 -0.7619 0.5463
vn 0.3351 -0.8553 0.3952
vn 0.3392 -0.9302 0.1401
vn 0.3351 -0.9405 0.0569
vn 0.3293 -0.9348 -0.1329
vn 0.3365 -0.8812 -0.3320
vn 0.3512 -0.8404 -0.4128
vn 0.3306 -0.9162 -0.2264
vn 0.3454 -0.8951 0.2821
vn 0.3549 -0.8125 0.4624
vn 0.3574 -0.7744 0.5221
vn 0.3570 -0.8357 0.4174
vn 0.3364 -0.9217 0.1932
vn 0.3400 -0.9221 -0.1849
vn 0.3435 -0.9002 -0.2676
vn 0.3472 -0.8681 -0.3546
vn -0.1957 -0.1092 -0.9746
vn -0.3495 0.2395 -0.9058
vn -0.2223 -0.0331 -0.9744
vn -0.3311 0.1289 -0.9347
vn -0.3393 0.0370 -0.9399
vn -0.1537 -0.2143 -0.9646
vn -0.1166 -0.2504 -0.9611
vn -0.1294 -0.2122 -0.9686
vn -0.0321 -0.3835 -0.9230
vn 0.0211 -0.4977 -0.8671
vn -0.0037 -0.4723 -0.8814
vn -0.0208 -0.4791 -0.8775
vn -0.1225 -0.3656 -0.9227
vn -0.0954 -0.3967 -0.9130
vn -0.1105 -0.3668 -0.9237
vn 0.0180 -0.4940 -0.8693
vn 0.0323 -0.4943 -0.8687
vn -0.0009 -0.4649 -0.8854
vn 0.0745 -0.5423 -0.8369
vn 0.0240 -0.5453 -0.8379
vn 0.0808 -0.6011 -0.7951
vn 0.0069 -0.5738 -0.8190
vn 0.0397 -0.6553 -0.7543
vn 0.1415 -0.7106 -0.6892
vn 0.1708 -0.7670 -0.6185
vn 0.0295 -0.7147 -0.6988
vn 0.1003 -0.8004 -0.5910
vn 0.2236 -0.8510 -0.4752
vn -0.0377 -0.6211 -0.7829
vn -0.1133 -0.4953 -0.8613
vn -0.1134 -0.4292 -0.8961
vn -0.1474 -0.2830 -0.9477
vn -0.2054 -0.2420 -0.9483
vn -0.2334 -0.1401 -0.9622
vn -0.2847 -0.0629 -0.9566
vn -0.4084 0.1451 -0.9012
vn -0.1420 -0.3578 -0.9230
vn -0.0189 -0.4619 -0.8867
vn 0.4027 -0.8120 -0.4226
vn 0.4108 -0.8322 -0.3724
vn 0.3981 -0.8092 -0.4321
vn 0.3599 -0.8907 -0.2778
vn 0.3574 -0.9281 -0.1044
vn 0.3672 -0.9275 -0.0701
vn 0.3494 -0.9287 0.1241
vn 0.3618 -0.9145 -0.1814
vn 0.3673 -0.9092 -0.1959
vn 0.3689 -0.9030 -0.2200
vn 0.3698 -0.9082 -0.1959
vn 0.3412 -0.9400 -0.0032
vn 0.3581 -0.9329 0.0384
vn 0.3434 -0.9392 0.0043
vn 0.3546 -0.9180 0.1777
vn 0.3625 -0.8981 0.2491
vn 0.3515 -0.8659 0.3558
vn 0.3606 -0.8730 0.3284
vn 0.3455 -0.8717 0.3476
vn 0.3551 -0.8731 0.3341
vn 0.3534 -0.8848 0.3037
vn 0.3463 -0.8924 0.2892
vn 0.3480 -0.8942 0.2817
vn 0.3444 -0.9383 0.0325
vn 0.3582 -0.9336 0.0064
vn 0.3704 -0.9289 -0.0053
vn 0.3499 -0.9320 0.0948
vn 0.3429 -0.9371 0.0646
vn 0.2211 -0.9628 0.1555
vn 0.3479 -0.9375 -0.0095
vn 0.3466 -0.9380 -0.0085
vn 0.3726 -0.9278 0.0195
vn 0.3598 -0.8082 0.4663
vn 0.3620 -0.7266 0.5840
vn 0.5995 0.0087 0.8003
vn 0.3524 -0.6098 0.7099
vn 0.5204 0.6155 0.5919
vn 0.4645 0.5202 0.7167
vn 0.4959 0.5724 0.6530
vn 0.5713 0.0462 0.8194
vn 0.4712 0.5281 0.7065
vn 0.3104 0.3935 0.8654
vn 0.4076 0.4921 0.7692
vn 0.4589 0.5475 0.6997
vn 0.5378 0.6079 0.5842
vn 0.5591 0.6277 0.5417
vn 0.4337 0.4812 0.7618
vn 0.4052 0.4817 0.7770
vn 0.4248 0.4867 0.7633
vn 0.3610 0.4037 0.8406
vn 0.3772 0.4811 0.7914
vn 0.4003 0.4524 0.7969
vn 0.3884 0.4555 0.8010
vn 0.4169 0.4614 0.7831
vn 0.3372 -0.5700 0.7493
vn 0.3426 -0.5719 0.7454
vn 0.3430 -0.5722 0.7449
vn 0.4972 -0.2716 0.8241
vn 0.5885 0.1232 0.7990
vn 0.3614 -0.5463 0.7556
vn 0.5411 0.5880 0.6012
vn 0.5189 0.6085 0.6003
vn 0.5267 0.6045 0.5977
vn 0.3574 -0.5540 0.7519
vn 0.3476 -0.5061 0.7894
vn 0.3585 -0.4925 0.7930
vn 0.3557 -0.4920 0.7946
vn 0.0059 0.0058 -1.0000
vn 0.0618 -0.0173 -0.9979
vn 0.0305 -0.0082 -0.9995
vn -0.0155 0.0743 -0.9971
vn -0.0328 0.2615 0.9646
vn 0.3829 0.8428 0.3782
vn 0.3629 0.9007 0.2386
vn 0.3767 0.8718 0.3132
vn 0.1954 0.9789 0.0601
vn 0.3832 0.8968 0.2211
vn 0.3620 0.8249 0.4341
vn 0.3604 0.8190 0.4465
vn 0.3515 0.8283 0.4362
vn -0.0651 0.3316 0.9412
vn -0.2910 0.3081 0.9058
vn -0.4496 -0.3077 0.8386
vn -0.4726 -0.2292 0.8509
vn -0.1309 0.4282 0.8942
vn -0.5257 -0.1709 0.8333
vn -0.4185 -0.1458 0.8964
vn -0.3219 -0.0933 0.9422
vn -0.3350 -0.1068 0.9361
vn -0.3589 -0.0900 0.9290
vn -0.2811 -0.0653 0.9574
vn -0.2299 0.0762 0.9702
vn -0.3574 -0.0027 0.9340
vn -0.4477 -0.0731 0.8912
vn -0.1677 0.4349 0.8848
vn 0.1069 0.7357 0.6688
vn -0.5078 -0.0850 0.8573
vn -0.5423 -0.2076 0.8142
vn -0.5291 -0.1913 0.8267
vn -0.5093 -0.1717 0.8433
vn -0.3852 0.0500 0.9215
vn -0.5019 0.0241 0.8646
vn -0.0281 0.5785 0.8152
vn -0.5277 -0.0546 0.8477
vn -0.4649 0.0385 0.8845
vn -0.3954 0.1202 0.9106
vn -0.1277 0.1869 0.9740
vn -0.3351 0.1124 0.9354
vn -0.2978 0.1369 0.9448
vn -0.3048 0.1097 0.9461
vn -0.1820 0.2356 0.9547
vn -0.2879 0.1975 0.9371
vn -0.1403 0.5709 0.8090
vn -0.0941 0.5354 0.8393
vn 0.2109 0.9636 0.1645
vn -0.4993 0.0071 0.8664
vn -0.4388 0.1018 0.8928
vn -0.3719 0.2121 0.9037
vn -0.2800 0.2756 0.9196
vn -0.2884 0.2444 0.9258
vn -0.2944 0.2457 0.9235
vn -0.2153 0.3044 0.9279
vn -0.1212 0.2955 0.9476
vn -0.0814 0.4101 0.9084
vn 0.3554 -0.6795 0.6419
vn 0.3547 -0.6797 0.6419
vn 0.3444 -0.6697 0.6580
vn 0.3508 -0.6530 0.6712
vn 0.3416 -0.6961 0.6315
vn 0.3429 -0.6968 0.6300
vn 0.3503 -0.6794 0.6448
vn 0.1863 -0.8365 0.5153
vn 0.1816 -0.7131 0.6772
vn 0.1823 -0.7884 0.5875
vn -0.0119 -0.8417 0.5398
vn -0.0064 -0.8662 0.4997
vn -0.0053 -0.7845 0.6201
vn -0.0028 -0.7640 0.6452
vn 0.0035 -0.8520 0.5235
vn -0.0165 -0.7430 0.6691
vn 0.2300 -0.6565 0.7184
vn -0.0035 -0.6209 0.7839
vn -0.0221 -0.6124 0.7902
vn -0.0104 -0.6144 0.7889
vn -0.0119 -0.5699 0.8216
vn -0.0003 -0.6004 0.7997
vn 0.0005 -0.5688 0.8225
vn -0.0093 -0.6488 0.7609
vn 0.3702 -0.9280 -0.0428
vn 0.3625 -0.9251 -0.1131
vn 0.3697 -0.8981 -0.2383
vn -0.0359 -0.4654 -0.8844
vn 0.2202 -0.9704 -0.0997
vn 0.0661 -0.8284 -0.5562
vn -0.0659 -0.5170 -0.8534
vn -0.0810 -0.5919 -0.8020
vn 0.2601 -0.9464 -0.1913
vn -0.4623 0.0172 -0.8865
vn -0.3779 0.0039 -0.9258
vn -0.3583 -0.0895 -0.9293
vn -0.3432 -0.6116 -0.7129
vn -0.4199 -0.0585 -0.9057
vn -0.3498 -0.1620 -0.9227
vn -0.2789 -0.2588 -0.9248
vn -0.2951 -0.1814 -0.9381
vn -0.4112 -0.1129 -0.9045
vn -0.3589 -0.2108 -0.9093
vn -0.3067 -0.6859 -0.6599
vn -0.4252 -0.5785 -0.6961
vn -0.3149 -0.3059 -0.8985
vn -0.4265 0.0972 -0.8993
vn -0.1851 -0.3384 -0.9226
vn -0.1650 -0.4396 -0.8829
vn -0.2369 -0.3841 -0.8924
vn -0.1150 -0.5474 -0.8289
vn -0.2133 -0.4506 -0.8669
vn -0.0384 -0.7038 -0.7094
vn 0.0032 -0.7875 -0.6163
vn 0.0790 -0.7988 -0.5963
vn 0.0926 -0.7955 -0.5988
vn 0.0504 -0.7813 -0.6221
vn 0.0703 -0.8357 -0.5446
vn 0.1874 -0.8773 -0.4418
vn 0.2585 -0.9003 -0.3501
vn 0.3486 -0.8807 -0.3207
vn 0.2104 -0.9321 -0.2949
vn 0.3272 -0.9048 -0.2726
vn 0.3150 -0.9205 -0.2314
vn 0.3279 -0.9204 -0.2128
vn 0.3357 -0.9102 -0.2425
vn 0.3957 -0.9180 0.0249
vn 0.3396 -0.9348 -0.1042
vn 0.3382 -0.9411 0.0035
vn 0.2612 -0.9579 -0.1195
vn 0.3843 -0.9139 0.1310
vn 0.4305 -0.8933 0.1293
vn 0.4069 -0.8900 0.2059
vn 0.4654 -0.8609 0.2053
vn 0.4425 -0.8543 0.2727
vn 0.3655 -0.8408 -0.3993
vn 0.3060 -0.9127 -0.2710
vn -0.0254 -0.5421 -0.8400
vn -0.0216 -0.5400 -0.8414
vn 0.2295 -0.9394 0.2547
vn 0.3686 -0.9007 0.2300
vn 0.3331 -0.9291 0.1608
vn 0.2589 -0.9659 0.0074
vn 0.2428 -0.9666 0.0819
vn 0.2494 -0.9650 0.0816
vn 0.1652 -0.9838 -0.0695
vn 0.1759 -0.9829 -0.0547
vn 0.1770 -0.9835 -0.0380
vn 0.1551 -0.9860 -0.0610
vn 0.1475 -0.9859 -0.0786
vn 0.1530 -0.9867 -0.0545
vn 0.2115 -0.9752 -0.0659
vn 0.2390 -0.9662 -0.0969
vn 0.1491 -0.9510 -0.2708
vn 0.1003 -0.9315 -0.3496
vn 0.1729 -0.9030 -0.3932
vn 0.0714 -0.8768 -0.4754
vn 0.0007 -0.9015 -0.4328
vn -0.0191 -0.7865 -0.6173
vn -0.1256 -0.6297 -0.7666
vn -0.2076 -0.5336 -0.8199
vn -0.2165 -0.5025 -0.8370
vn -0.2249 -0.4952 -0.8392
vn -0.2041 -0.5150 -0.8325
vn -0.2498 -0.4619 -0.8510
vn -0.3098 -0.3665 -0.8773
vn -0.2801 -0.4363 -0.8551
vn -0.3323 -0.3454 -0.8777
vn -0.3785 -0.2595 -0.8885
vn -0.3935 -0.2151 -0.8938
vn -0.2007 -0.5962 -0.7773
vn -0.1386 -0.6674 -0.7317
vn -0.1232 -0.7469 -0.6534
vn -0.1121 -0.7593 -0.6410
vn -0.1121 -0.7260 -0.6785
vn -0.2444 -0.5398 -0.8055
vn -0.2852 -0.4754 -0.8323
vn -0.1903 -0.6452 -0.7399
vn -0.0346 -0.8097 -0.5858
vn -0.1021 -0.7587 -0.6434
vn -0.0561 -0.8232 -0.5650
vn 0.0192 -0.8406 -0.5414
vn 0.0408 -0.8296 -0.5569
vn -0.0093 -0.8356 -0.5492
vn 0.0403 -0.9379 -0.3445
vn 0.0645 -0.9556 -0.2876
vn -0.1410 -0.7333 -0.6651
vn -0.0856 -0.8219 -0.5632
vn -0.1603 -0.7195 -0.6758
vn -0.0448 -0.8744 -0.4831
vn -0.1125 -0.8138 -0.5702
vn -0.2471 -0.5594 -0.7912
vn -0.2917 -0.4659 -0.8353
vn -0.3258 -0.4112 -0.8513
vn -0.3283 -0.4033 -0.8541
vn -0.3187 -0.4302 -0.8446
vn -0.3558 -0.3598 -0.8625
vn -0.3838 -0.2973 -0.8743
vn -0.4021 -0.3603 -0.8417
vn -0.3681 -0.2174 -0.9040
vn -0.0079 -0.9998 0.0162
vn -0.0086 -0.9994 0.0324
vn -0.0088 -0.9996 0.0258
vn -0.2050 -0.7710 -0.6029
vn -0.2019 -0.8651 -0.4592
vn -0.0072 -0.9780 0.2085
vn -0.0045 -0.9875 0.1574
vn -0.3109 -0.8142 -0.4903
vn -0.2736 -0.5011 -0.8210
vn -0.2139 -0.6362 -0.7413
vn -0.1490 -0.7484 -0.6463
vn -0.0289 -0.8883 -0.4583
vn 0.0140 -0.9102 -0.4139
vn -0.0305 -0.9165 -0.3989
vn 0.0122 -0.9154 -0.4023
vn 0.0641 -0.9544 -0.2917
vn 0.1190 -0.9716 -0.2044
vn 0.1141 -0.9738 -0.1965
vn 0.1387 -0.9641 -0.2265
vn 0.1356 -0.9534 -0.2696
vn 0.1325 -0.9577 -0.2553
vn 0.1708 -0.9743 -0.1468
vn 0.1554 -0.9762 -0.1512
vn 0.1158 -0.9829 -0.1432
vn 0.1664 -0.9713 -0.1701
vn 0.1563 -0.9665 -0.2034
vn 0.1358 -0.9701 -0.2010
vn 0.3695 0.9282 -0.0434
vn 0.3554 0.9345 -0.0172
vn 0.3689 0.9285 -0.0435
vn 0.2095 0.9776 0.0215
vn -0.2279 0.7047 0.6719
vn -0.4694 0.0588 0.8810
vn -0.4383 0.1578 0.8849
vn -0.3525 0.2871 0.8907
vn -0.3998 0.2775 0.8736
vn 0.0035 0.9983 0.0574
vn 0.0036 0.9983 0.0573
vn 0.0199 0.9970 0.0748
vn -0.3769 0.6393 0.6703
vn -0.4466 0.3406 0.8274
vn -0.4319 0.2192 0.8749
vn -0.3776 0.3204 0.8688
vn -0.2966 0.3951 0.8694
vn -0.2588 0.3631 0.8951
vn -0.1940 0.4390 0.8773
vn -0.1148 0.4894 0.8645
vn -0.0304 0.5386 0.8420
vn -0.0066 0.5523 0.8336
vn 0.0068 0.5349 0.8449
vn -0.2027 0.5013 0.8412
vn 0.5183 -0.7932 -0.3197
vn 0.5382 -0.2897 -0.7915
vn 0.4522 -0.7385 -0.5001
vn 0.4375 -0.7440 -0.5051
vn 0.4721 -0.7837 -0.4036
vn 0.4335 -0.7119 -0.5525
vn 0.4186 -0.7339 -0.5350
vn 0.3539 -0.6587 -0.6640
vn 0.3488 -0.6825 -0.6422
vn 0.3625 -0.6674 -0.6506
vn 0.2314 -0.5808 -0.7805
vn 0.2711 -0.5809 -0.7675
vn 0.2770 -0.5755 -0.7695
vn 0.2896 -0.6770 -0.6766
vn 0.1700 -0.5688 -0.8047
vn 0.2168 -0.6310 -0.7449
vn 0.0973 -0.4824 -0.8705
vn 0.1268 -0.5385 -0.8330
vn 0.1482 -0.5286 -0.8358
vn 0.1150 -0.5175 -0.8479
vn 0.0754 -0.6411 -0.7638
vn 0.1080 -0.6512 -0.7512
vn 0.0897 -0.6335 -0.7685
vn 0.1669 -0.6637 -0.7292
vn 0.2240 -0.7206 -0.6562
vn 0.2688 -0.7079 -0.6531
vn 0.3511 -0.7040 -0.6174
vn 0.2943 -0.7538 -0.5875
vn 0.2607 -0.7767 -0.5734
vn 0.1918 -0.8004 -0.5680
vn 0.1922 -0.7832 -0.5913
vn 0.1864 -0.7663 -0.6149
vn 0.2894 -0.8460 -0.4478
vn 0.2534 -0.8460 -0.4691
vn 0.2391 -0.8562 -0.4580
vn 0.3437 -0.8525 -0.3939
vn 0.4227 -0.8895 -0.1734
vn 0.3876 -0.8628 -0.3247
vn 0.3021 -0.7991 -0.5197
vn 0.3241 -0.7824 -0.5317
vn 0.3018 -0.8225 -0.4820
vn 0.3875 -0.7925 -0.4709
vn 0.3865 -0.7263 -0.5684
vn 0.3675 -0.7188 -0.5902
vn 0.3762 -0.7288 -0.5722
vn 0.4439 -0.7753 -0.4493
vn 0.4833 -0.8025 -0.3498
vn 0.5149 -0.7971 -0.3155
vn 0.5541 -0.5225 -0.6480
vn 0.5408 -0.8016 -0.2549
vn 0.1832 0.3808 -0.9063
vn 0.1989 0.5620 -0.8029
vn 0.1146 0.6549 -0.7470
vn 0.8200 0.3600 -0.4449
vn 0.3814 0.6587 -0.6486
vn 0.3738 0.6607 -0.6509
vn 0.3899 0.6465 -0.6557
vn 0.1786 0.4579 -0.8709
vn 0.2282 0.2786 -0.9329
vn 0.1726 0.3266 -0.9293
vn 0.4004 -0.8092 -0.4300
vn 0.4325 -0.8278 -0.3572
vn 0.4453 -0.8594 -0.2510
vn 0.4051 -0.9087 -0.1004
vn 0.3025 -0.9342 -0.1890
vn 0.3107 -0.9360 -0.1656
vn 0.3196 -0.9285 -0.1890
vn 0.4517 -0.8897 -0.0661
vn 0.4616 -0.8870 0.0102
vn 0.4882 -0.8653 0.1136
vn 0.3106 -0.8186 -0.4832
vn 0.3089 -0.8542 -0.4183
vn -0.0027 -0.4344 -0.9007
vn 0.1827 -0.8902 0.4174
vn 0.2275 -0.9246 0.3056
vn 0.1858 -0.9156 0.3566
vn 0.3543 -0.9065 0.2297
vn -0.0087 -0.9633 0.2681
vn -0.0046 -0.9565 0.2917
vn -0.0050 -0.9565 0.2917
vn 0.1821 -0.9772 0.1088
vn 0.2430 -0.9668 0.0786
vn 0.3349 -0.9422 0.0015
vn -0.0025 -0.9821 0.1885
vn 0.0002 -0.9819 0.1895
vn -0.0234 -0.9774 0.2099
vn -0.0043 -0.9742 0.2256
vn -0.0050 -0.9999 0.0118
vn -0.0009 -0.9999 0.0126
vn -0.0018 -0.9996 0.0273
vn 0.0009 -1.0000 -0.0027
vn 0.0040 -0.9998 0.0202
vn 0.0016 -0.9998 0.0209
vn -0.0105 -0.9995 -0.0301
vn -0.0061 -0.9995 -0.0307
vn 0.0002 -1.0000 -0.0089
vn -0.0296 -0.9995 -0.0109
vn -0.0342 -0.9994 0.0038
vn -0.0259 -0.9996 0.0064
vn -0.0163 -0.9999 -0.0056
vn -0.0273 -0.9995 0.0137
vn -0.0111 -0.9999 -0.0055
vn -0.0030 -0.9978 -0.0665
vn -0.0099 -0.9976 -0.0680
vn -0.0078 -0.9990 -0.0434
vn -0.0138 -0.9953 0.0961
vn 0.0004 -0.9958 -0.0915
vn -0.3286 -0.2906 -0.8987
vn -0.0073 -0.9007 0.4344
vn -0.0022 -0.9329 0.3601
vn 0.0067 -0.8312 0.5559
vn 0.0162 -0.8171 0.5763
vn 0.0029 -0.8211 0.5708
vn 0.0012 -0.8373 0.5468
vn -0.0040 -0.6171 0.7869
vn 0.0261 -0.6034 0.7970
vn -0.0056 -0.6165 0.7873
vn 0.0024 -0.7060 0.7082
vn 0.0023 -0.7577 0.6526
vn 0.0045 -0.8559 0.5171
vn 0.0096 -0.8328 0.5535
vn -0.0078 -0.8945 0.4470
vn 0.0077 -0.8998 0.4363
vn 0.0102 0.8123 -0.5832
vn -0.0002 0.8304 -0.5571
vn -0.0009 0.8499 -0.5270
vn 0.0099 0.7785 -0.6276
vn 0.0083 0.7715 -0.6362
vn 0.0050 0.7781 -0.6281
vn 0.0059 0.7375 -0.6754
vn -0.0034 0.4504 -0.8928
vn 0.0057 0.5520 -0.8338
vn -0.0299 0.2592 -0.9654
vn -0.0313 0.2356 -0.9713
vn -0.0305 0.2591 -0.9654
vn -0.0142 0.1632 -0.9865
vn -0.0024 0.1923 -0.9813
vn 0.3101 -0.3064 -0.9000
vn 0.5880 -0.7914 -0.1671
vn 0.5832 -0.8016 -0.1317
vn 0.5820 -0.7985 -0.1539
vn 0.6126 -0.7899 -0.0280
vn 0.5145 -0.6017 -0.6109
vn 0.5819 -0.8050 -0.1155
vn 0.5504 -0.8163 -0.1753
vn 0.5336 -0.8056 -0.2573
vn 0.5069 -0.8272 -0.2427
vn 0.4800 -0.8584 -0.1811
vn 0.5067 -0.8591 -0.0725
vn 0.5039 -0.8631 0.0326
vn 0.5091 -0.8562 0.0881
vn 0.4955 -0.8658 0.0703
vn 0.5021 -0.8648 0.0082
vn 0.5493 -0.8337 0.0573
vn 0.5467 -0.8371 -0.0197
vn 0.5158 -0.8454 -0.1390
vn 0.4640 -0.8054 -0.3688
vn 0.3706 -0.8611 -0.3481
vn 0.5691 -0.8200 -0.0611
vn 0.5547 -0.8272 -0.0899
vn 0.5566 -0.8264 -0.0848
vn 0.5428 -0.8330 -0.1070
vn 0.5296 -0.8379 -0.1321
vn 0.5432 -0.8346 -0.0911
vn 0.5743 -0.8181 0.0295
vn 0.5630 -0.8260 0.0285
vn 0.5675 -0.8234 0.0068
vn 0.5882 -0.8076 -0.0422
vn 0.6052 -0.7946 -0.0479
vn -0.0146 0.0950 -0.9954
vn -0.0323 0.0147 -0.9994
vn -0.0375 0.0154 -0.9992
vn -0.0309 0.0404 -0.9987
vn -0.0034 0.1302 -0.9915
vn -0.0437 -0.0824 -0.9956
vn -0.0325 -0.0608 -0.9976
vn -0.0343 -0.0752 -0.9966
vn -0.0159 0.0576 -0.9982
vn -0.0092 0.0618 -0.9980
vn -0.0272 0.0442 -0.9987
vn -0.0215 -0.0201 -0.9996
vn -0.0481 -0.0387 -0.9981
vn -0.0193 -0.0303 -0.9994
vn 0.5686 -0.8226 0.0078
vn 0.5586 -0.8293 0.0150
vn 0.5758 -0.8168 0.0346
vn -0.0469 -0.0551 -0.9974
vn -0.0439 -0.0810 -0.9957
vn -0.0475 -0.0762 -0.9960
vn -0.2116 -0.4645 -0.8599
vn 0.3240 -0.7877 -0.5240
vn -0.0253 -0.3848 -0.9227
vn -0.0136 -0.2984 -0.9544
vn 0.0061 -0.3641 -0.9314
vn -0.0015 -0.3668 -0.9303
vn -0.0092 -0.3370 -0.9414
vn -0.0055 -0.3116 -0.9502
vn -0.0026 -0.2624 -0.9650
vn -0.0140 -0.2270 -0.9738
vn -0.0111 -0.1603 -0.9870
vn -0.0063 -0.1654 -0.9862
vn -0.0018 -0.1188 -0.9929
vn 0.0055 -0.0355 -0.9994
vn -0.0035 -0.0254 -0.9997
vn -0.0016 -0.0370 -0.9993
vn 0.0057 -0.1130 -0.9936
vn -0.0132 -0.1298 -0.9915
vn 0.0055 -0.1125 -0.9936
vn -0.0240 -0.2176 -0.9757
vn -0.0193 -0.1572 -0.9874
vn -0.0370 -0.0906 -0.9952
vn -0.0432 -0.0913 -0.9949
vn -0.0401 -0.1070 -0.9934
vn -0.0182 -0.1263 -0.9918
vn -0.0204 -0.0952 -0.9952
vn -0.0066 -0.1230 -0.9924
vn -0.0257 0.0018 -0.9997
vn -0.0187 0.0024 -0.9998
vn -0.0191 -0.0302 -0.9994
vn -0.0062 0.0823 -0.9966
vn 0.0011 0.2530 -0.9675
vn -0.0101 0.3976 -0.9175
vn -0.0101 0.3040 -0.9526
vn -0.0115 0.0183 -0.9998
vn -0.0134 0.0189 -0.9997
vn 0.0005 0.0397 -0.9992
vn 0.0023 0.1465 -0.9892
vn -0.0029 0.1810 -0.9835
vn -0.0036 0.0378 -0.9993
vn 0.0049 -0.0073 -1.0000
vn -0.0080 -0.1175 -0.9930
vn -0.0143 -0.0786 -0.9968
vn 0.6566 0.4424 0.6109
vn 0.7082 0.6608 0.2485
vn -0.0146 -0.2458 0.9692
vn -0.0234 -0.1678 0.9855
vn -0.0027 -0.1644 0.9864
vn -0.0036 -0.1111 0.9938
vn 0.0005 -0.2511 0.9680
vn -0.0034 -0.1674 0.9859
vn -0.0000 -0.1230 0.9924
vn -0.0039 -0.0303 0.9995
vn -0.0122 -0.0599 0.9981
vn -0.0055 -0.0623 0.9980
vn -0.0094 0.0629 0.9980
vn -0.0139 0.0694 0.9975
vn -0.0000 0.0401 0.9992
vn -0.0128 0.0706 0.9974
vn -0.0083 0.0528 0.9986
vn -0.0101 0.0371 0.9993
vn 0.0028 -0.2876 0.9578
vn 0.0019 -0.3475 0.9377
vn -0.0002 -0.5444 0.8388
vn -0.0030 -0.5796 0.8149
vn -0.0171 -0.6036 0.7971
vn 0.0069 -0.6150 0.7885
vn -0.0174 -0.6062 0.7951
vn -0.0025 -0.4800 0.8773
vn -0.0060 0.8685 -0.4956
vn -0.0053 0.8679 -0.4968
vn 0.0118 0.8710 -0.4912
vn 0.0057 0.9237 -0.3831
vn -0.0080 0.9431 -0.3325
vn 0.0007 0.9664 -0.2570
vn -0.0037 0.9681 -0.2505
vn 0.0182 0.9621 -0.2721
vn 0.0024 0.9919 -0.1274
vn -0.2507 0.8715 0.4216
vn -0.2793 0.8585 0.4301
vn 0.0023 0.8892 -0.4575
vn 0.0029 0.8792 -0.4765
vn 0.0045 0.7175 -0.6965
vn 0.0028 0.6724 -0.7402
vn 0.0003 0.6252 -0.7805
vn 0.0014 0.6261 -0.7797
vn 0.0004 0.6172 -0.7868
vn 0.0003 0.5803 -0.8144
vn 0.0090 0.7016 -0.7125
vn 0.0069 0.6182 -0.7860
vn 0.0011 0.6175 -0.7866
vn 0.0046 0.6271 -0.7789
vn 0.0059 0.4681 -0.8837
vn 0.0087 0.4683 -0.8835
vn 0.0088 0.4725 -0.8813
vn 0.0030 0.5031 -0.8642
vn 0.0062 0.4962 -0.8682
vn 0.0051 0.4874 -0.8732
vn -0.0063 -0.9666 0.2561
vn -0.0038 -0.9990 0.0440
vn -0.0099 -0.9995 0.0295
vn -0.0065 -0.9996 0.0287
vn -0.0054 0.9445 -0.3284
vn -0.3529 0.7509 0.5583
vn -0.0011 0.9974 -0.0726
vn 0.0075 0.9990 -0.0433
vn 0.0109 0.9990 -0.0438
vn 0.0119 0.9994 -0.0321
vn -0.0005 0.9998 -0.0216
vn 0.0065 0.9996 -0.0268
vn 0.0054 1.0000 0.0013
vn 0.0040 1.0000 0.0086
vn 0.0081 0.9998 0.0169
vn -0.4144 0.5354 0.7360
vn 0.0136 0.9869 -0.1609
vn 0.0062 0.9949 -0.1005
vn 0.0089 0.9949 -0.1008
vn 0.0062 0.8455 -0.5339
vn 0.0068 0.8458 -0.5335
vn 0.0009 0.8514 -0.5245
vn -0.0083 0.8255 -0.5644
vn -0.0024 0.8633 -0.5047
vn 0.0047 0.7938 -0.6082
vn -0.0065 0.8206 -0.5715
vn 0.0030 0.7497 -0.6618
vn 0.0014 0.7247 -0.6891
vn -0.0013 0.5628 -0.8266
vn 0.0062 0.5347 -0.8450
vn 0.0013 0.6788 -0.7344
vn -0.0017 0.4311 -0.9023
vn 0.0103 0.3483 -0.9373
vn 0.0063 0.3449 -0.9386
vn -0.0044 0.3671 -0.9302
vn -0.0015 0.4085 -0.9128
vn -0.0010 0.4084 -0.9128
vn 0.0108 0.4141 -0.9102
vn -0.0020 0.2269 -0.9739
vn -0.0015 0.2507 -0.9681
vn 0.0021 0.2270 -0.9739
vn 0.0029 0.2853 -0.9584
vn -0.4641 0.1979 0.8634
vn -0.3603 0.3919 0.8465
vn -0.1131 0.6062 0.7872
vn -0.0513 0.6295 0.7753
vn -0.0750 0.6173 0.7832
vn -0.0910 0.6377 0.7649
vn 0.0380 0.6800 0.7322
vn 0.1750 0.7550 0.6319
vn 0.0648 0.7439 0.6652
vn 0.1709 0.8478 0.5021
vn 0.1541 0.8152 0.5583
vn 0.1925 0.8200 0.5390
vn 0.1737 0.8096 0.5607
vn 0.2114 0.8884 0.4076
vn 0.0913 0.7985 0.5951
vn -0.0406 0.6977 0.7152
vn -0.1738 0.6377 0.7504
vn -0.2573 0.5464 0.7970
vn -0.3026 0.4802 0.8233
vn -0.3405 0.4078 0.8472
vn -0.3357 0.4331 0.8365
vn -0.3199 0.4142 0.8521
vn -0.2575 0.5959 0.7606
vn -0.4311 0.2860 0.8558
vn -0.3203 0.5599 0.7642
vn -0.3918 0.3980 0.8295
vn -0.2799 0.7584 0.5886
vn -0.3991 0.5082 0.7632
vn -0.3962 0.4967 0.7722
vn -0.4066 0.4667 0.7854
vn -0.2622 0.6485 0.7146
vn -0.1263 0.7439 0.6562
vn -0.2186 0.6662 0.7130
vn -0.2075 0.7064 0.6768
vn -0.1956 0.6864 0.7004
vn -0.3295 0.5867 0.7398
vn -0.2484 0.7273 0.6398
vn -0.1641 0.7758 0.6093
vn -0.1903 0.7958 0.5748
vn -0.0612 0.7936 0.6054
vn -0.1412 0.8287 0.5416
vn -0.0766 0.7297 0.6795
vn -0.0735 0.8524 0.5176
vn 0.0056 0.8669 0.4985
vn 0.0852 0.8643 0.4956
vn 0.1435 0.9149 0.3772
vn 0.2658 0.9130 0.3095
vn 0.2322 0.9493 0.2118
vn 0.3259 0.9352 0.1386
vn 0.2258 0.9635 0.1441
vn 0.2968 0.9520 0.0747
vn 0.0530 0.9163 0.3969
vn 0.1225 0.9722 0.1997
vn 0.1158 0.9656 0.2327
vn 0.1606 0.9622 0.2199
vn 0.1429 0.9601 0.2404
vn -0.0101 0.8962 0.4436
vn -0.0543 0.8760 0.4792
vn -0.0559 0.8877 0.4570
vn -0.0346 0.8793 0.4750
vn -0.0236 0.9040 0.4269
vn 0.0225 0.9468 0.3212
vn 0.2032 0.9762 0.0755
vn 0.2983 0.9537 -0.0385
vn 0.3332 0.9324 -0.1399
vn 0.2846 0.9449 -0.1615
vn 0.2152 0.9752 -0.0520
vn 0.1858 0.9826 0.0066
vn 0.1297 0.9843 0.1197
vn 0.0448 0.9745 0.2200
vn -0.1527 0.8487 0.5063
vn -0.2264 0.7734 0.5921
vn -0.0574 0.8902 0.4520
vn -0.0439 0.8940 0.4458
vn -0.0697 0.8795 0.4707
vn -0.0481 0.9408 0.3355
vn 0.0850 0.9891 0.1199
vn 0.0611 0.9854 0.1590
vn -0.0004 0.9658 0.2592
vn -0.0650 0.9371 0.3430
vn -0.1266 0.8936 0.4306
vn -0.1521 0.8580 0.4907
vn -0.2679 0.7169 0.6436
vn -0.3246 0.6547 0.6826
vn -0.3077 0.6798 0.6657
vn -0.3164 0.6656 0.6759
vn -0.3536 0.5455 0.7598
vn -0.3413 0.5814 0.7386
vn -0.4044 0.4080 0.8185
vn -0.4416 0.3708 0.8170
vn -0.4299 0.3940 0.8124
vn -0.4143 0.4200 0.8075
vn -0.4046 0.4193 0.8127
vn -0.4371 0.4059 0.8026
vn -0.4020 0.4660 0.7882
vn -0.3140 0.6327 0.7079
vn -0.1892 0.8120 0.5521
vn -0.1077 0.9044 0.4130
vn -0.2054 0.7591 0.6177
vn -0.2471 0.6853 0.6851
vn -0.3959 0.4885 0.7776
vn -0.2743 0.9057 0.3233
vn 0.0048 0.7596 -0.6503
vn 0.0009 0.7735 -0.6338
vn 0.0026 0.7737 -0.6336
vn 0.0025 0.7751 -0.6318
vn -0.0004 0.7752 -0.6317
vn 0.0010 0.7820 -0.6233
vn 0.3928 0.9020 0.1793
vn 0.4141 0.9048 0.0988
vn 0.4615 0.8830 0.0854
vn 0.4838 0.8726 0.0670
vn 0.4947 0.8672 0.0572
vn 0.5111 0.8549 -0.0886
vn 0.4590 0.8881 -0.0234
vn 0.3399 0.8008 0.4931
vn 0.3533 0.8985 0.2606
vn 0.5065 0.8454 -0.1693
vn 0.4626 0.8737 -0.1506
vn 0.4230 0.9057 -0.0278
vn 0.2990 0.8511 0.4315
vn 0.3739 0.9220 -0.1003
vn 0.3693 0.9290 0.0246
vn 0.4374 0.8907 -0.1236
vn 0.4266 0.8997 -0.0923
vn 0.4251 0.9008 -0.0888
vn 0.4573 0.8436 -0.2815
vn 0.4753 0.8389 -0.2651
vn 0.4456 0.8550 -0.2652
vn 0.4692 0.8337 -0.2912
vn 0.3133 0.8893 0.3332
vn 0.3241 0.9043 0.2777
vn -0.0485 0.5126 0.8572
vn -0.0143 0.5069 0.8619
vn -0.0160 0.4918 0.8706
vn -0.0143 0.4920 0.8705
vn -0.0320 0.4162 0.9087
vn -0.0285 0.4169 0.9085
vn -0.0307 0.4445 0.8953
vn -0.0568 0.3889 0.9195
vn -0.0402 0.3904 0.9198
vn -0.0432 0.3818 0.9232
vn -0.0090 0.4288 0.9033
vn -0.0115 0.4297 0.9029
vn -0.0171 0.4146 0.9099
vn -0.0107 0.3442 0.9388
vn -0.0099 0.3621 0.9321
vn -0.0067 0.3681 0.9298
vn -0.0158 0.2656 0.9639
vn -0.0137 0.2983 0.9544
vn -0.0122 0.2727 0.9620
vn -0.0371 0.5588 0.8285
vn 0.2230 0.8836 0.4116
vn 0.3818 0.8985 -0.2167
vn 0.4148 0.8830 -0.2195
vn 0.3328 0.7054 0.6258
vn -0.0646 0.3934 0.9171
vn -0.0249 0.2833 0.9587
vn -0.0114 0.1559 0.9877
vn -0.0120 0.1542 0.9880
vn -0.0227 0.1374 0.9903
vn -0.0006 0.1978 0.9802
vn -0.0055 0.1980 0.9802
vn -0.0000 0.1668 0.9860
vn -0.0119 0.2029 0.9791
vn -0.0078 0.2262 0.9740
vn -0.0197 0.2051 0.9785
vn -0.0002 0.1596 0.9872
vn -0.0025 0.0648 0.9979
vn -0.0007 0.1501 0.9887
vn 0.0025 0.0491 0.9988
vn -0.0003 0.0724 0.9974
vn 0.0011 0.0488 0.9988
vn -0.0030 -0.0669 0.9978
vn 0.0069 -0.0664 0.9978
vn 0.0052 -0.0362 0.9993
vn 0.0023 -0.1925 0.9813
vn 0.0023 -0.0565 0.9984
vn -0.0003 -0.0258 0.9997
vn -0.0116 -0.0200 0.9997
vn -0.0174 0.1372 0.9904
vn -0.1302 0.1293 0.9830
vn -0.1315 0.1354 0.9820
vn -0.1343 0.1361 0.9816
vn -0.0050 0.1901 0.9817
vn -0.0046 0.1904 0.9817
vn -0.0230 0.2164 0.9760
vn -0.0382 0.2480 0.9680
vn -0.1114 -0.2544 -0.9607
vn -0.1124 -0.2573 -0.9598
vn -0.1214 -0.2713 -0.9548
vn -0.0021 -0.9120 0.4102
vn -0.0047 -0.9475 0.3197
vn -0.0040 -0.9549 0.2969
vn 0.0026 -0.9548 0.2971
vn 0.0071 -0.8484 0.5293
vn 0.0031 -0.7986 0.6018
vn -0.2395 0.9318 0.2728
vn -0.3506 0.5581 0.7520
vn -0.2557 0.8698 0.4219
vn -0.1401 0.9885 0.0565
vn 0.0195 0.8932 -0.4492
vn 0.0139 0.8909 -0.4540
vn 0.0107 0.8879 -0.4598
vn 0.0040 0.9106 -0.4133
vn -0.0077 0.9064 -0.4224
vn 0.0035 0.9107 -0.4132
vn 0.0093 0.8858 -0.4640
vn -0.0985 -0.8967 -0.4314
vn 0.0050 -0.9588 0.2842
vn -0.1400 -0.9247 -0.3541
vn -0.2265 -0.5541 -0.8010
vn -0.2073 -0.6224 -0.7547
vn -0.1743 -0.6992 -0.6933
vn 0.0054 0.2643 0.9644
vn -0.0155 -0.4812 -0.8765
vn -0.0207 -0.4655 -0.8848
vn -0.0269 -0.4667 -0.8840
vn 0.3724 -0.8835 0.2842
vn 0.3560 -0.8835 0.3045
vn 0.3678 -0.8790 0.3034
vn -0.0252 -0.6025 -0.7977
vn -0.0261 -0.6103 -0.7917
vn -0.0285 -0.6112 -0.7910
vn -0.0009 -0.3886 -0.9214
vn 0.0073 0.0485 -0.9988
vn 0.0036 0.0264 -0.9996
vn -0.0002 0.0260 -0.9997
vn 0.0024 0.0300 -0.9995
vn 0.0068 0.0061 -1.0000
vn -0.0053 -0.0100 -0.9999
vn -0.0042 -0.3488 -0.9372
vn 0.0039 -0.4575 -0.8892
vn -0.0160 -0.4667 -0.8843
vn -0.0098 -0.5182 -0.8552
vn -0.0144 -0.5151 -0.8570
vn 0.0017 -0.5059 -0.8626
vn 0.0067 -0.2399 0.9708
vn -0.0053 -0.3988 0.9170
vn 0.0014 -0.4663 0.8846
vn 0.0014 -0.4302 0.9027
vn 0.0090 -0.6035 0.7973
vn -0.0010 -0.5826 0.8127
vn -0.0003 -0.6053 0.7960
vn -0.0036 -0.5354 0.8446
vn -0.0037 -0.5698 0.8218
vn -0.0011 -0.4590 0.8885
vn 0.0026 -0.6500 0.7599
vn -0.0015 -0.6812 0.7321
vn 0.0071 -0.5801 0.8145
vn 0.0017 -0.5725 0.8199
vn 0.0022 -0.5722 0.8201
vn 0.0011 -0.5758 0.8176
vn 0.0008 -0.5950 0.8038
vn -0.0067 -0.5192 0.8546
vn -0.0009 -0.6078 0.7941
vn 0.0016 -0.5338 0.8456
vn -0.0087 -0.6985 0.7155
vn 0.0030 -0.7061 0.7081
vn -0.0120 -0.7461 0.6657
vn -0.0001 -0.7484 0.6633
vn -0.0011 -0.7333 0.6799
vn 0.0004 -0.6694 0.7429
vn 0.0008 -0.7743 0.6328
vn -0.0027 -0.7621 0.6474
vn 0.0040 -0.8050 0.5932
vn -0.0064 -0.8308 0.5565
vn 0.0003 -0.8328 0.5536
vn -0.0062 -0.4599 0.8879
vn -0.0018 -0.3734 0.9277
vn 0.0013 -0.2297 0.9733
vn 0.0053 -0.2962 0.9551
vn 0.0034 -0.1599 0.9871
vn -0.0008 -0.1833 0.9831
vn 0.0035 -0.1196 0.9928
vn 0.0022 -0.1178 0.9930
vn 0.0016 0.0609 0.9981
vn 0.0032 0.0687 0.9976
vn -0.0120 0.0418 0.9991
vn 0.0010 0.1323 0.9912
vn -0.0016 0.0940 0.9956
vn -0.0016 0.1553 0.9879
vn 0.0011 0.0661 0.9978
vn -0.0098 0.0453 0.9989
vn 0.0024 0.0428 0.9991
vn -0.0067 0.2673 0.9636
vn 0.0023 0.2452 0.9695
vn 0.0027 0.2688 0.9632
vn 0.0026 0.2219 0.9751
vn 0.0089 0.1743 0.9847
vn -0.0035 0.0221 0.9997
vn 0.0005 -0.0025 1.0000
vn 0.0123 0.0184 0.9998
vn -0.0011 0.6529 0.7575
vn -0.0083 0.6326 0.7745
vn 0.0032 0.6523 0.7580
vn -0.0020 0.7682 0.6402
vn 0.0016 0.7965 0.6046
vn 0.0046 0.7933 0.6089
vn 0.0090 0.8307 0.5567
vn -0.0067 0.8226 0.5686
vn -0.0019 0.8287 0.5598
vn 0.0026 0.8130 0.5823
vn -0.0005 0.8272 0.5619
vn 0.0007 0.8715 0.4903
vn -0.0026 0.8710 0.4912
vn 0.0013 0.8662 0.4997
vn 0.0027 0.5733 0.8193
vn 0.0177 0.5671 0.8234
vn 0.0025 0.5788 0.8155
vn 0.0105 0.5622 0.8269
vn 0.0038 0.5401 0.8416
vn -0.0109 0.6539 0.7565
vn -0.0010 0.6439 0.7651
vn -0.0033 0.6477 0.7619
vn 0.0080 0.6776 0.7354
vn 0.0006 0.6955 0.7185
vn 0.0026 0.6962 0.7178
vn -0.0005 0.7114 0.7027
vn -0.0024 0.8432 0.5376
vn 0.0008 0.8290 0.5592
vn 0.0026 0.8654 0.5010
vn -0.0159 0.8214 0.5701
vn 0.0020 0.7705 0.6374
vn -0.0017 0.7335 0.6797
vn -0.0037 0.7340 0.6791
vn 0.0116 0.7444 0.6676
vn 0.0027 0.7041 0.7101
vn -0.0002 0.7198 0.6942
vn -0.0051 0.7048 0.7094
vn -0.0060 0.5623 0.8269
vn -0.0003 0.5458 0.8379
vn -0.0079 0.5629 0.8265
vn 0.0021 0.5005 0.8657
vn -0.0020 0.4912 0.8710
vn 0.0075 0.5042 0.8636
vn -0.0011 0.4914 0.8709
vn 0.0024 0.4916 0.8708
vn 0.0031 0.5001 0.8660
vn 0.0026 0.4224 0.9064
vn 0.0081 0.4311 0.9023
vn 0.0057 0.4193 0.9078
vn -0.0049 0.4149 0.9098
vn 0.0013 0.4303 0.9027
vn -0.0054 0.4360 0.8999
vn 0.0005 0.3752 0.9269
vn -0.0041 0.3983 0.9173
vn -0.0068 0.3826 0.9239
vn -0.0030 0.3592 0.9333
vn 0.0049 0.3230 0.9464
vn -0.0088 0.2943 0.9557
vn -0.0027 0.3072 0.9516
vn 0.0092 0.0597 0.9982
vn 0.0003 0.0248 0.9997
vn -0.0045 -0.0015 1.0000
vn 0.0011 -0.0664 0.9978
vn -0.0055 -0.0355 0.9994
vn -0.0091 -0.0656 0.9978
vn 0.0012 -0.3127 0.9499
vn -0.0007 -0.0895 0.9960
vn 0.0007 -0.3954 0.9185
vn 0.0030 -0.5748 0.8183
vn -0.0185 0.3486 0.9371
vn 0.0066 0.3676 0.9300
vn -0.0173 0.3573 0.9338
vn 0.0026 0.1962 0.9806
vn 0.0005 0.1455 0.9894
vn 0.0085 -0.0312 0.9995
vn 0.0029 -0.0210 0.9998
vn -0.0004 -0.0603 0.9982
vn 0.0020 -0.1066 0.9943
vn -0.0104 0.5115 0.8592
vn 0.0104 0.5953 0.8034
vn -0.0083 0.4724 0.8814
vn -0.0171 0.4105 0.9117
vn -0.0167 0.4652 0.8850
vn -0.0326 0.5533 0.8324
vn -0.0418 0.5513 0.8333
vn -0.0130 0.5605 0.8281
vn -0.0244 0.5778 0.8158
vn -0.0255 0.5851 0.8106
vn -0.0307 0.6349 0.7720
vn 0.3971 0.8653 -0.3058
vn 0.4787 0.7989 -0.3640
vn 0.4808 0.8040 -0.3500
vn 0.4731 0.8109 -0.3444
vn -0.0182 0.6229 0.7821
vn -0.0189 0.6139 0.7892
vn 0.0123 0.5414 0.8407
vn -0.0135 0.5723 0.8199
vn 0.0004 0.5534 0.8329
vn 0.0121 0.6201 0.7844
vn 0.0069 0.6142 0.7891
vn -0.0114 0.6348 0.7726
vn -0.0270 0.7367 0.6757
vn -0.0139 0.7711 0.6366
vn -0.0055 0.7625 0.6469
vn -0.0146 0.6837 0.7296
vn -0.0063 0.7198 0.6942
vn 0.0079 0.7077 0.7065
vn -0.0046 0.7215 0.6924
vn 0.0015 0.6990 0.7151
vn -0.0074 0.7102 0.7040
vn 0.0018 0.6991 0.7151
vn -0.0024 0.7747 0.6324
vn -0.0173 0.7625 0.6467
vn -0.0145 0.7612 0.6483
vn -0.0020 -0.7416 0.6708
vn -0.0059 -0.5709 0.8210
vn 0.0038 -0.5925 0.8055
vn 0.0031 -0.5701 0.8216
vn 0.0080 -0.8217 0.5698
vn 0.0035 -0.8008 0.5989
vn -0.0031 -0.6842 0.7293
vn 0.0099 -0.6734 0.7392
vn 0.0110 -0.6739 0.7387
vn -0.0034 -0.7168 0.6973
vn 0.0068 -0.7158 0.6983
vn -0.0016 -0.7014 0.7128
vn 0.3300 0.9123 -0.2424
vn 0.2909 0.9410 0.1728
vn 0.4253 0.8296 -0.3618
vn 0.2814 0.9279 0.2446
vn 0.4648 0.7782 -0.4223
vn 0.3223 0.9278 0.1881
vn 0.4639 0.7947 -0.3915
vn 0.4202 0.8300 -0.3668
vn 0.3595 0.8793 -0.3125
vn 0.3010 0.9365 -0.1799
vn 0.2413 0.9614 -0.1320
vn 0.1117 0.9914 0.0680
vn 0.1307 0.9911 0.0259
vn 0.1071 0.9928 0.0536
vn 0.1728 0.9849 -0.0145
vn 0.0925 0.9914 0.0921
vn 0.2078 0.9774 -0.0388
vn 0.1739 0.9803 0.0935
vn 0.2752 0.9595 -0.0602
vn 0.3600 0.9058 -0.2235
vn 0.3331 0.9327 -0.1383
vn 0.3850 0.8999 -0.2049
vn 0.4368 0.8459 -0.3060
vn 0.3828 0.8735 -0.3006
vn 0.3685 0.8816 -0.2951
vn 0.3975 0.8679 -0.2978
vn 0.5284 0.7002 -0.4802
vn 0.3205 0.9338 0.1592
vn 0.4777 0.7575 -0.4450
vn 0.4840 0.7524 -0.4468
vn 0.4797 0.7372 -0.4758
vn 0.5154 0.7794 -0.3564
vn 0.4903 0.8315 -0.2611
vn 0.5793 0.7628 -0.2873
vn 0.5368 0.7133 -0.4506
vn 0.5746 0.7344 -0.3612
vn 0.3753 0.9264 -0.0307
vn 0.3437 0.9385 0.0324
vn 0.0007 -0.8785 0.4777
vn 0.0019 -0.8429 0.5380
vn 0.0026 -0.8756 0.4829
vn 0.0042 -0.9246 0.3810
vn 0.0185 -0.9306 0.3657
vn 0.0006 -0.9080 0.4191
vn 0.0070 -0.9147 0.4041
vn 0.0055 -0.9078 0.4194
vn 0.0145 -0.9418 0.3359
vn 0.0033 -0.9436 0.3311
vn 0.0093 -0.9544 0.2983
vn -0.0003 -0.9475 0.3197
vn 0.0051 -0.9550 0.2965
vn -0.0823 -0.6886 -0.7205
vn -0.1371 -0.5832 -0.8007
vn -0.2179 -0.9312 -0.2922
vn -0.0517 -0.6647 -0.7453
vn -0.0329 -0.6272 -0.7782
vn -0.0018 -0.6856 -0.7280
vn 0.0107 -0.6099 -0.7924
vn 0.0436 -0.6299 -0.7755
vn 0.0103 -0.6155 -0.7881
vn 0.1941 -0.7464 -0.6366
vn 0.1123 -0.6948 -0.7103
vn 0.1900 -0.9698 -0.1532
vn 0.1876 -0.9650 -0.1834
vn 0.1792 -0.8205 -0.5429
vn 0.1083 -0.8226 -0.5581
vn 0.0819 -0.7461 -0.6607
vn 0.0909 -0.7319 -0.6753
vn 0.1134 -0.7566 -0.6439
vn 0.0005 -0.7317 -0.6816
vn 0.0463 -0.7368 -0.6745
vn 0.2703 -0.8439 -0.4635
vn 0.3138 -0.7715 -0.5534
vn 0.1069 -0.8600 -0.4989
vn 0.0522 -0.8249 -0.5629
vn 0.0272 -0.8126 -0.5821
vn 0.0481 -0.8073 -0.5882
vn 0.0119 -0.8431 -0.5377
vn -0.0419 -0.7999 -0.5986
vn 0.0945 -0.8853 -0.4552
vn 0.1802 -0.9032 -0.3896
vn -0.0751 -0.7276 -0.6819
vn -0.0457 -0.8368 -0.5456
vn -0.0663 -0.7935 -0.6049
vn -0.0223 -0.8765 -0.4808
vn 0.0834 -0.9329 -0.3503
vn 0.1306 -0.9325 -0.3367
vn 0.2205 -0.9376 -0.2688
vn 0.1814 -0.9722 -0.1482
vn 0.1339 -0.9621 -0.2374
vn 0.1299 -0.9503 -0.2828
vn 0.1451 -0.9580 -0.2473
vn 0.2517 -0.9593 -0.1280
vn 0.2844 -0.9518 -0.1147
vn 0.3240 -0.9300 -0.1737
vn 0.3582 -0.9336 -0.0067
vn 0.0979 -0.9667 -0.2364
vn 0.0955 -0.9723 -0.2133
vn 0.0520 -0.9432 -0.3281
vn 0.0423 -0.9244 -0.3790
vn 0.0587 -0.9357 -0.3480
vn -0.0051 -0.9100 -0.4147
vn 0.0010 -0.9111 -0.4123
vn -0.0781 -0.8093 -0.5822
vn -0.0968 -0.7841 -0.6131
vn -0.0890 -0.8005 -0.5927
vn -0.1273 -0.7391 -0.6615
vn -0.1293 -0.7289 -0.6723
vn -0.1186 -0.7503 -0.6503
vn -0.1623 -0.6297 -0.7597
vn 0.1238 0.9891 0.0802
vn 0.1338 0.9864 0.0956
vn 0.0973 0.9928 0.0700
vn 0.0651 0.9752 0.2113
vn -0.0002 0.9580 0.2866
vn -0.0384 0.9356 0.3510
vn -0.1362 0.8307 0.5398
vn -0.0002 0.9209 0.3898
vn 0.0792 0.9477 0.3092
vn 0.1594 0.9673 0.1974
vn 0.2332 0.9689 0.0830
vn 0.0932 0.9103 0.4033
vn 0.1785 0.9493 0.2589
vn 0.2828 0.9474 0.1496
vn 0.3260 0.9453 0.0086
vn 0.3697 0.9247 -0.0905
vn 0.4637 0.8631 -0.1999
vn 0.3498 0.9320 0.0947
vn -0.0368 0.8539 0.5191
vn 0.2882 0.9192 0.2682
vn 0.2816 0.9275 0.2458
vn 0.2687 0.9187 0.2893
vn 0.2410 0.9013 0.3600
vn 0.2493 0.9171 0.3111
vn 0.2245 0.9164 0.3313
vn 0.1371 0.9058 0.4009
vn 0.0431 0.8589 0.5103
vn 0.1366 0.8593 0.4928
vn 0.1237 0.8735 0.4709
vn 0.1076 0.8513 0.5136
vn 0.1699 0.8234 0.5414
vn 0.0792 0.8034 0.5902
vn -0.0321 0.7811 0.6236
vn 0.2448 0.8635 0.4409
vn 0.2255 0.8661 0.4462
vn 0.3153 0.9214 0.2270
vn 0.3055 0.9164 0.2586
vn 0.3077 0.9113 0.2737
vn 0.1720 0.7369 0.6538
vn 0.3115 0.8833 0.3505
vn 0.4341 0.9000 0.0381
vn 0.3924 0.9099 0.1344
vn 0.3976 0.9128 0.0936
vn 0.3556 0.9210 0.1592
vn 0.4084 0.8870 0.2153
vn 0.3862 0.8633 0.3250
vn 0.2696 0.7666 0.5827
vn 0.3577 0.7917 0.4952
vn 0.3112 0.8443 0.4363
vn 0.3493 0.8352 0.4248
vn 0.3160 0.8498 0.4219
vn 0.4808 0.8136 0.3270
vn 0.4854 0.8524 0.1946
vn 0.4552 0.7406 0.4943
vn 0.2075 0.9769 0.0513
vn 0.2220 0.9577 0.1829
vn 0.1305 0.9733 -0.1888
vn 0.2762 0.9599 0.0475
vn 0.5795 0.7466 0.3267
vn 0.3733 0.9265 0.0475
vn 0.5270 0.8489 0.0411
vn 0.4802 0.8750 -0.0622
vn 0.4098 0.9054 -0.1107
vn 0.4575 0.8764 -0.1506
vn 0.4104 0.9004 -0.1443
vn 0.5406 0.8192 -0.1913
vn 0.6426 0.6811 -0.3510
vn 0.6183 0.7620 -0.1928
vn 0.6641 0.6894 -0.2893
vn 0.5914 0.8042 -0.0584
vn 0.6656 0.7347 -0.1310
vn 0.4653 0.8710 -0.1577
vn -0.0028 0.9749 0.2228
vn -0.0176 0.9680 0.2502
vn -0.0196 0.9682 0.2493
vn -0.0238 0.9837 0.1782
vn 0.0017 0.9809 0.1945
vn 0.0031 0.9811 0.1936
vn -0.0142 0.9896 0.1433
vn -0.0152 0.9895 0.1436
vn 0.0034 0.9840 0.1782
vn 0.4382 0.8943 -0.0907
vn 0.6060 0.7750 -0.1792
vn 0.7645 0.5891 -0.2617
vn 0.7072 0.6734 -0.2156
vn 0.7115 0.6825 -0.1669
vn 0.7271 0.6610 -0.1853
vn 0.7452 0.6163 -0.2544
vn 0.7637 0.6056 -0.2234
vn 0.7532 0.5992 -0.2714
vn 0.7618 0.6462 -0.0467
vn 0.4215 0.9046 -0.0640
vn 0.4302 0.9006 -0.0624
vn 0.6629 0.7485 -0.0160
vn 0.7451 0.6624 0.0778
vn 0.5985 0.7896 0.1355
vn 0.6859 0.6971 0.2088
vn 0.5329 0.8396 0.1051
vn 0.4183 0.9001 -0.1222
vn -0.0497 0.8974 0.4383
vn -0.0905 0.8808 0.4647
vn -0.1308 0.8910 0.4347
vn -0.1188 0.8907 0.4389
vn -0.1197 0.8013 0.5862
vn -0.2581 0.6263 0.7356
vn -0.3186 0.5586 0.7658
vn -0.3124 0.5461 0.7773
vn -0.3240 0.5761 0.7504
vn -0.1424 0.7402 0.6572
vn -0.1918 0.6388 0.7451
vn -0.0657 0.6905 0.7203
vn 0.0463 0.7401 0.6710
vn 0.0493 0.9932 0.1055
vn 0.0041 0.8692 -0.4944
vn -0.0026 0.8598 -0.5106
vn -0.0069 0.7952 -0.6063
vn 0.0004 0.3130 -0.9498
vn -0.0024 0.4153 -0.9097
vn 0.0042 0.3738 -0.9275
vn -0.0001 0.4233 -0.9060
vn 0.0021 0.4162 -0.9093
vn 0.0053 0.6291 -0.7773
vn 0.0037 0.6298 -0.7768
vn 0.0103 0.6274 -0.7786
vn -0.0076 0.8106 -0.5856
vn -0.0013 0.8277 -0.5611
vn -0.0004 0.8337 -0.5522
vn 0.0029 0.8279 -0.5609
vn 0.0130 0.9875 0.1569
vn -0.0019 0.8346 -0.5509
vn -0.0018 0.8348 -0.5506
vn -0.0050 0.8293 -0.5588
vn -0.1335 0.9652 0.2250
vn 0.0068 0.9872 0.1595
vn 0.1210 -0.9763 -0.1793
vn 0.1870 -0.9764 -0.1079
vn 0.2731 -0.9619 -0.0135
vn 0.2131 -0.9758 0.0499
vn 0.2013 -0.9790 0.0323
vn 0.2057 -0.9784 -0.0188
vn 0.3842 -0.9153 0.1208
vn 0.4495 -0.8904 0.0717
vn 0.4635 -0.8696 0.1704
vn 0.4697 -0.8430 0.2624
vn 0.3862 -0.8944 0.2258
vn 0.5320 -0.8227 0.2003
vn 0.5066 -0.8090 0.2982
vn 0.5106 -0.7504 0.4197
vn 0.5332 -0.7508 0.3898
vn 0.5661 -0.7155 0.4094
vn 0.5613 -0.7322 0.3858
vn 0.5403 -0.7515 0.3787
vn 0.5455 -0.7604 0.3523
vn 0.5553 -0.7652 0.3257
vn 0.6226 -0.7081 0.3331
vn 0.5903 -0.7376 0.3278
vn 0.6035 -0.7391 0.2993
vn 0.6674 -0.6850 0.2922
vn 0.3759 -0.9256 0.0451
vn 0.6400 -0.6767 0.3640
vn 0.3814 -0.9238 0.0342
vn -0.0148 -0.9588 -0.2838
vn -0.0292 -0.9292 -0.3685
vn -0.0283 -0.9290 -0.3690
vn -0.0378 -0.9348 -0.3532
vn -0.0014 -0.9201 -0.3916
vn -0.0090 -0.9286 -0.3709
vn 0.0069 -0.9088 -0.4173
vn -0.0072 -0.9758 -0.2186
vn 0.0039 -0.9663 -0.2572
vn 0.0012 -0.9468 -0.3218
vn -0.0136 -0.9364 -0.3506
vn 0.0055 -0.9360 -0.3520
vn 0.0023 -0.9615 -0.2747
vn -0.0124 -0.9287 -0.3706
vn 0.0084 -0.9002 -0.4354
vn -0.0002 -0.9099 -0.4149
vn -0.0023 -0.8994 -0.4371
vn -0.0009 -0.9034 -0.4288
vn 0.0022 -0.9039 -0.4278
vn -0.0009 -0.8635 -0.5044
vn -0.0033 -0.8638 -0.5039
vn 0.0056 -0.8705 -0.4921
vn 0.0027 -0.8601 -0.5101
vn 0.0046 -0.8685 -0.4957
vn 0.0022 -0.8692 -0.4945
vn 0.0022 -0.7430 -0.6693
vn -0.0021 -0.7015 -0.7126
vn 0.0015 -0.7188 -0.6952
vn -0.0036 -0.6020 -0.7985
vn 0.0026 -0.5831 -0.8124
vn -0.0076 -0.5618 -0.8272
vn -0.0047 -0.3380 -0.9411
vn 0.0058 -0.3169 -0.9485
vn 0.0002 -0.3393 -0.9407
vn 0.0032 -0.0566 -0.9984
vn 0.0012 -0.0641 -0.9979
vn -0.0090 -0.0845 -0.9964
vn 0.0041 0.1715 -0.9852
vn -0.0023 0.0954 -0.9954
vn 0.0022 0.1369 -0.9906
vn -0.0074 0.0659 -0.9978
vn 0.0026 0.0529 -0.9986
vn -0.0121 0.0721 -0.9973
vn -0.0071 0.0038 -1.0000
vn 0.0054 -0.0085 -0.9999
vn 0.0049 0.0639 -0.9979
vn -0.0129 0.0656 -0.9978
vn 0.0031 0.0633 -0.9980
vn -0.0123 0.1618 -0.9867
vn 0.0109 -0.0006 -0.9999
vn 0.0012 -0.0760 -0.9971
vn 0.0159 -0.1033 -0.9945
vn 0.0014 -0.0923 -0.9957
vn 0.1380 -0.9785 -0.1530
vn 0.1490 -0.9851 -0.0860
vn 0.1788 -0.9801 -0.0858
vn 0.1918 -0.9764 -0.0989
vn 0.2018 -0.9789 0.0324
vn 0.2509 -0.9651 0.0754
vn 0.2328 -0.9725 -0.0010
vn 0.3096 -0.9353 0.1713
vn 0.2595 -0.9646 0.0476
vn 0.2967 -0.9541 -0.0411
vn 0.2589 -0.9580 0.1235
vn 0.2334 -0.9659 0.1119
vn 0.2472 -0.9667 0.0665
vn 0.2733 -0.9579 0.0876
vn 0.2909 -0.9526 0.0891
vn 0.3075 -0.9451 0.1104
vn 0.2606 -0.9610 0.0926
vn 0.3173 -0.9170 0.2416
vn 0.3463 -0.9083 0.2348
vn 0.3363 -0.9095 0.2441
vn 0.3732 -0.8843 0.2805
vn 0.3827 -0.8856 0.2633
vn 0.3780 -0.8884 0.2606
vn 0.3383 -0.9196 0.1996
vn 0.3896 -0.8665 0.3121
vn 0.4004 -0.8602 0.3157
vn 0.3982 -0.8580 0.3245
vn 0.3907 -0.8516 0.3495
vn 0.4109 -0.8290 0.3793
vn 0.4056 -0.8309 0.3810
vn 0.2886 -0.9483 0.1323
vn 0.3144 -0.9366 0.1548
vn 0.3030 -0.9394 0.1603
vn 0.3304 -0.9400 0.0853
vn 0.2963 -0.9528 0.0661
vn 0.4394 -0.8448 0.3053
vn 0.4816 -0.7992 0.3596
vn 0.4766 -0.8026 0.3588
vn 0.4719 -0.8150 0.3364
vn 0.4456 -0.8415 0.3056
vn 0.4076 -0.9131 -0.0126
vn 0.5035 -0.8230 0.2629
vn -0.0125 -0.8825 -0.4702
vn -0.0134 -0.8823 -0.4705
vn -0.0214 -0.8892 -0.4571
vn -0.0164 -0.9202 -0.3911
vn -0.0027 -0.8764 -0.4816
vn -0.0057 -0.9370 -0.3494
vn -0.0065 -0.9257 -0.3783
vn 0.0059 -0.9259 -0.3777
vn -0.0008 -0.8324 -0.5542
vn -0.0037 -0.8336 -0.5523
vn -0.0088 -0.8451 -0.5345
vn 0.0061 -0.8293 -0.5587
vn 0.0006 -0.7379 -0.6749
vn 0.0021 -0.7525 -0.6586
vn 0.0003 -0.7695 -0.6386
vn 0.0004 -0.7968 -0.6042
vn -0.0257 -0.8139 -0.5805
vn -0.0096 -0.8135 -0.5815
vn 0.0155 -0.7670 -0.6415
vn -0.0015 -0.7754 -0.6315
vn 0.0008 -0.7756 -0.6312
vn -0.0186 -0.8377 -0.5459
vn -0.0090 -0.8916 -0.4528
vn -0.0042 -0.8990 -0.4380
vn -0.0085 -0.8996 -0.4366
vn -0.0096 -0.6503 -0.7596
vn -0.0008 -0.6656 -0.7463
vn -0.0097 -0.6665 -0.7454
vn -0.0074 -0.5760 -0.8175
vn 0.0023 -0.5950 -0.8037
vn 0.0023 -0.5719 -0.8203
vn -0.0084 -0.5637 -0.8259
vn -0.0133 -0.6071 -0.7945
vn -0.0133 -0.5598 -0.8285
vn -0.0066 -0.5549 -0.8319
vn 0.0138 -0.5669 -0.8237
vn -0.0098 -0.5956 -0.8032
vn -0.0108 -0.6742 -0.7385
vn 0.1431 -0.8785 -0.4558
vn 0.0008 -0.7141 -0.7000
vn 0.0048 -0.6939 -0.7201
vn 0.2735 -0.9495 -0.1541
vn 0.3245 -0.9340 -0.1494
vn 0.2957 -0.9498 -0.1025
vn 0.4423 -0.8011 0.4033
vn 0.4384 -0.8308 0.3428
vn 0.4274 -0.8372 0.3412
vn 0.3461 -0.9361 -0.0631
vn 0.4227 -0.8420 0.3354
vn 0.4221 -0.8357 0.3514
vn 0.4230 -0.8379 0.3450
vn -0.0140 -0.6630 -0.7485
vn -0.0111 -0.6553 -0.7553
vn -0.0229 -0.6705 -0.7415
vn -0.0189 -0.6239 -0.7813
vn 0.0007 0.0947 -0.9955
vn 0.0051 0.2920 -0.9564
vn 0.0009 0.1427 -0.9898
vn -0.0063 0.1802 -0.9836
vn 0.0044 0.2607 -0.9654
vn 0.0174 0.2650 -0.9641
vn 0.0019 0.2374 -0.9714
vn 0.0005 0.2462 -0.9692
vn 0.0051 0.2623 -0.9650
vn 0.0018 0.2457 -0.9694
vn -0.0003 0.2707 -0.9627
vn -0.0045 0.2470 -0.9690
vn -0.0044 0.2703 -0.9628
vn 0.0028 -0.0352 -0.9994
vn 0.0028 -0.1054 -0.9944
vn 0.0027 -0.1396 -0.9902
vn 0.0018 -0.0431 -0.9991
vn 0.0064 -0.0469 -0.9989
vn -0.0101 -0.0647 -0.9979
vn -0.0048 0.1805 -0.9836
vn 0.0059 0.0732 -0.9973
vn -0.0092 0.0891 -0.9960
vn -0.0082 0.0812 -0.9967
vn 0.0023 -0.0585 -0.9983
vn 0.0161 -0.0823 -0.9965
vn 0.0022 -0.0657 -0.9978
vn 0.0046 -0.1421 -0.9898
vn -0.0035 -0.3468 -0.9379
vn -0.0001 -0.2994 -0.9541
vn -0.0006 -0.3902 -0.9207
vn -0.0048 -0.4884 -0.8726
vn 0.0054 -0.5445 -0.8388
vn 0.0024 -0.6448 -0.7644
vn 0.0050 -0.5658 -0.8245
vn 0.0003 -0.3678 -0.9299
vn -0.0040 -0.3186 -0.9479
vn 0.0007 -0.2959 -0.9552
vn 0.0014 -0.3196 -0.9475
vn 0.0024 -0.3932 -0.9194
vn -0.0025 -0.4299 -0.9029
vn 0.0001 -0.4082 -0.9129
vn 0.0036 -0.4305 -0.9026
vn -0.0064 -0.2444 -0.9697
vn 0.0037 -0.2481 -0.9687
vn 0.0034 -0.2112 -0.9774
vn 0.0011 -0.1681 -0.9858
vn -0.0048 0.2539 -0.9672
vn -0.0094 0.2598 -0.9656
vn 0.0080 0.2455 -0.9694
vn 0.0129 0.6782 -0.7348
vn -0.0065 0.6859 -0.7277
vn -0.0080 0.6848 -0.7287
vn -0.0051 0.6476 -0.7620
vn 0.0020 0.6274 -0.7787
vn -0.0065 0.5959 -0.8031
vn -0.0048 0.5236 -0.8520
vn 0.0038 0.4761 -0.8794
vn -0.0005 0.4758 -0.8796
vn 0.0019 0.4911 -0.8711
vn 0.0035 0.4875 -0.8731
vn 0.0031 0.4876 -0.8731
vn -0.0051 0.4742 -0.8804
vn -0.0023 -0.8701 -0.4929
vn 0.0418 -0.8942 -0.4457
vn -0.0045 -0.8837 -0.4680
vn 0.0800 -0.9359 -0.3431
vn 0.0035 0.0313 0.9995
vn 0.0046 -0.1829 -0.9831
vn -0.0100 -0.2111 -0.9774
vn 0.0041 -0.1908 -0.9816
vn 0.0006 -0.2500 -0.9682
vn -0.0031 -0.2720 -0.9623
vn -0.0145 -0.2771 -0.9607
vn 0.0137 -0.2959 -0.9551
vn 0.0019 -0.2935 -0.9559
vn -0.0084 -0.2714 -0.9624
vn 0.3901 -0.9204 0.0257
vn -0.0068 -0.7924 -0.6100
vn -0.0063 -0.7549 -0.6558
vn -0.0057 -0.8078 -0.5894
vn -0.0050 -0.8177 -0.5756
vn -0.0065 -0.8077 -0.5895
vn -0.0070 -0.8147 -0.5798
vn -0.0096 -0.8240 -0.5665
vn -0.0118 -0.8246 -0.5656
vn -0.0056 0.4356 0.9001
vn -0.0008 0.4208 0.9072
vn -0.0002 0.4367 0.8996
vn 0.0009 0.3558 0.9346
vn -0.0006 0.3499 0.9368
vn 0.0049 0.2462 0.9692
vn 0.0048 0.2783 0.9605
vn -0.0013 0.3016 0.9534
vn 0.0030 0.2780 0.9606
vn -0.0001 0.5719 -0.8203
vn -0.0025 0.5568 -0.8306
vn -0.0023 0.5290 -0.8486
vn 0.0005 0.4820 -0.8762
vn 0.0012 0.5948 -0.8039
vn 0.0101 0.8180 -0.5751
vn -0.0106 0.8189 -0.5738
vn -0.0102 0.7641 -0.6450
vn 0.0067 0.7658 -0.6431
vn 0.0051 0.7661 -0.6428
vn -0.0022 0.7971 -0.6039
vn 0.0035 0.7522 -0.6590
vn -0.0086 0.8155 -0.5788
vn -0.0034 0.8742 -0.4855
vn -0.0009 0.8591 -0.5118
vn -0.0092 0.9080 -0.4189
vn -0.0041 0.9059 -0.4234
vn 0.0054 0.9024 -0.4308
vn -0.0052 0.8238 -0.5668
vn -0.0037 0.8122 -0.5834
vn 0.0085 0.8772 -0.4801
vn 0.0012 0.8697 -0.4936
vn 0.0012 0.8784 -0.4780
vn 0.0040 0.9267 -0.3758
vn -0.0035 0.9353 -0.3537
vn -0.0003 0.9668 -0.2556
vn 0.0042 0.9658 -0.2592
vn -0.0123 0.9604 -0.2784
vn 0.0039 0.9907 -0.1359
vn 0.0068 0.9966 0.0821
vn -0.0030 0.9892 0.1467
vn 0.0032 0.9826 0.1855
vn 0.0097 0.9828 0.1842
vn 0.0042 0.9916 0.1294
vn 0.0001 0.9884 0.1522
vn 0.0031 0.9884 0.1517
vn 0.0101 0.9962 0.0867
vn 0.0070 0.9984 0.0565
vn 0.0025 0.9968 0.0805
vn -0.0018 0.9765 -0.2157
vn -0.0015 0.9665 -0.2568
vn 0.0052 0.9483 -0.3174
vn -0.0002 0.9562 -0.2928
vn 0.0136 0.9475 -0.3195
vn 0.0013 0.9345 -0.3560
vn -0.0057 0.9582 -0.2859
vn 0.0130 0.9213 -0.3887
vn 0.0039 0.9763 -0.2166
vn -0.0018 0.9934 -0.1144
vn -0.0012 0.9018 -0.4322
vn 0.0014 0.9902 -0.1396
vn 0.0041 0.9852 -0.1712
vn 0.0043 0.9293 -0.3694
vn -0.0018 0.8191 -0.5736
vn 0.0095 0.7556 -0.6550
vn -0.0040 0.7617 -0.6479
vn -0.0032 0.7754 -0.6315
vn 0.0054 0.8420 -0.5394
vn 0.0027 0.8359 -0.5488
vn -0.0044 0.8692 -0.4944
vn 0.0056 0.9000 -0.4359
vn 0.0060 0.8625 -0.5061
vn 0.0028 0.8623 -0.5064
vn 0.0105 0.8696 -0.4936
vn -0.0039 0.8075 -0.5898
vn 0.0065 0.8195 -0.5730
vn 0.0123 0.8159 -0.5780
vn 0.0062 0.7194 -0.6946
vn -0.0020 0.7015 -0.7126
vn 0.0022 0.6693 -0.7430
vn -0.0018 0.7439 -0.6683
vn 0.0008 0.6504 -0.7596
vn -0.0031 0.5984 -0.8012
vn 0.0043 0.4933 -0.8699
vn 0.0015 0.5402 -0.8415
vn -0.0034 0.5678 -0.8231
vn -0.0023 0.7328 -0.6805
vn -0.0006 0.5218 0.8531
vn -0.0113 0.8194 0.5730
vn -0.0116 0.8652 0.5012
vn 0.6177 0.6517 -0.4401
vn 0.5428 0.7552 -0.3674
vn 0.5589 0.7123 -0.4245
vn 0.5722 0.7027 -0.4228
vn 0.5643 0.6999 -0.4378
vn 0.3815 0.9240 -0.0263
vn 0.1664 0.9841 0.0624
vn -0.0251 0.9228 0.3844
vn -0.0648 0.8420 0.5356
vn -0.0484 0.8380 0.5435
vn -0.0523 0.8317 0.5527
vn -0.0174 0.9041 0.4269
vn -0.0032 0.8944 0.4472
vn -0.0123 0.9015 0.4327
vn -0.0090 0.9404 0.3400
vn -0.0032 0.9204 0.3910
vn 0.0010 0.9553 0.2956
vn -0.0080 0.9456 0.3251
vn 0.0022 0.9454 0.3258
vn -0.0005 0.9446 0.3281
vn -0.0004 0.8569 0.5155
vn 0.0040 0.8574 0.5146
vn 0.0010 0.8662 0.4996
vn -0.0010 0.9037 0.4281
vn -0.0077 0.8979 0.4401
vn 0.3197 -0.9059 -0.2776
vn 0.2370 -0.8982 -0.3702
vn 0.2805 -0.8832 -0.3760
vn 0.2464 -0.8958 -0.3699
vn 0.3393 -0.8389 -0.4255
vn 0.2150 -0.9694 -0.1188
vn 0.3877 -0.7700 -0.5067
vn 0.4827 -0.7864 -0.3856
vn 0.4039 -0.8562 -0.3223
vn 0.3906 -0.9012 -0.1879
vn 0.4325 -0.9009 -0.0360
vn 0.5335 -0.8432 0.0658
vn 0.5738 -0.8041 0.1554
vn 0.6816 -0.6962 0.2251
vn 0.4050 -0.9143 -0.0094
vn 0.6817 -0.7281 0.0725
vn 0.6260 -0.7641 0.1557
vn 0.6267 -0.7708 0.1145
vn 0.6318 -0.7587 0.1586
vn 0.5260 -0.8487 -0.0545
vn 0.4779 -0.8541 -0.2052
vn 0.5738 -0.7926 -0.2064
vn 0.6621 -0.7494 -0.0062
vn 0.2817 -0.9575 -0.0624
vn 0.2429 -0.9700 -0.0014
vn 0.2257 -0.9664 -0.1226
vn 0.0119 -0.9485 0.3166
vn -0.0128 -0.9722 0.2338
vn 0.0032 -0.9575 0.2885
vn -0.0057 -0.9888 0.1490
vn 0.1714 -0.9834 0.0602
vn -0.0084 -0.9972 0.0745
vn 0.6501 -0.7525 -0.1053
vn 0.6788 -0.7199 -0.1448
vn 0.6579 -0.7473 -0.0937
vn 0.3464 -0.9376 0.0309
vn -0.0056 -0.9999 0.0137
vn -0.0010 -0.9970 -0.0775
vn -0.0267 -0.9938 -0.1081
vn -0.0061 -0.9943 -0.1067
vn -0.0003 -0.9948 0.1015
vn 0.0011 -0.9916 0.1293
vn 0.0036 -1.0000 0.0033
vn 0.0072 -1.0000 0.0047
vn -0.0082 -0.9997 0.0219
vn 0.0005 -0.9872 0.1595
vn -0.0030 -0.9763 0.2163
vn -0.0059 -0.9687 0.2480
vn -0.0082 -0.9743 0.2249
vn -0.0064 -0.9608 0.2771
vn -0.0127 -0.9065 0.4221
vn -0.0056 -0.9120 0.4101
vn -0.0036 -0.9119 0.4104
vn -0.0010 -0.8500 0.5268
vn 0.0013 -0.8735 0.4868
vn -0.0010 -0.9094 0.4160
vn -0.0067 -0.9029 0.4297
vn -0.0038 -0.9075 0.4201
vn -0.0045 -0.9425 0.3342
vn -0.0013 -0.9419 0.3359
vn -0.0056 -0.9337 0.3580
vn -0.0019 -0.7390 0.6737
vn 0.0115 -0.8525 0.5226
vn 0.0009 -0.8760 0.4824
vn 0.0002 -0.9095 0.4157
vn 0.0014 -0.9093 0.4161
vn -0.0114 -0.9043 0.4267
vn -0.0032 -0.9010 0.4339
vn -0.0002 -0.9083 0.4183
vn 0.0051 -0.9012 0.4333
vn 0.0040 -0.9392 0.3433
vn 0.0018 -0.9488 0.3157
vn 0.0097 -0.9981 -0.0605
vn -0.0043 -1.0000 -0.0079
vn 0.0048 -0.9988 -0.0492
vn 0.0056 -1.0000 -0.0034
vn 0.0080 0.3415 -0.9399
vn -0.0021 0.3631 -0.9317
vn 0.0061 0.3634 -0.9316
vn -0.0063 0.3608 -0.9326
vn 0.0024 0.3382 -0.9411
vn -0.0052 0.3612 -0.9325
vn 0.0010 0.2844 -0.9587
vn 0.0045 0.2791 -0.9603
vn -0.0026 0.2744 -0.9616
vn -0.0025 0.3425 -0.9395
vn -0.0106 0.3626 -0.9319
vn 0.0001 0.3420 -0.9397
vn -0.0029 -0.9884 -0.1521
vn -0.0003 -0.9898 -0.1426
vn 0.0036 0.4123 -0.9110
vn 0.0042 0.4126 -0.9109
vn -0.0141 0.4199 -0.9075
vn 0.0070 0.2925 -0.9562
vn 0.0019 0.2866 -0.9580
vn -0.0039 0.2323 -0.9726
vn -0.0027 0.2626 -0.9649
vn 0.0070 0.2539 -0.9672
vn 0.0104 0.1534 -0.9881
vn 0.0043 0.4831 -0.8756
vn -0.0012 0.4824 -0.8759
vn 0.0004 0.4976 -0.8674
vn 0.0059 0.5629 -0.8265
vn 0.0010 0.5601 -0.8284
vn -0.0075 0.4949 -0.8689
vn 0.0098 0.4184 -0.9082
vn -0.0156 0.4274 -0.9039
vn -0.0157 0.4241 -0.9055
vn -0.0043 0.3717 -0.9283
vn 0.0012 0.3491 -0.9371
vn -0.0015 0.3423 -0.9396
vn 0.0044 0.4381 -0.8989
vn 0.0070 0.4221 -0.9065
vn 0.0025 0.4377 -0.8991
vn 0.0028 0.4136 -0.9104
vn 0.0036 0.4134 -0.9105
vn -0.0043 0.4263 -0.9046
vn 0.0113 0.3701 -0.9289
vn 0.0011 0.3485 -0.9373
vn 0.0006 0.3488 -0.9372
vn 0.0044 0.3703 -0.9289
vn 0.0020 0.3465 -0.9380
vn -0.0046 0.3685 -0.9296
vn -0.0049 0.4922 -0.8705
vn -0.0030 0.4263 -0.9046
vn 0.0029 0.4117 -0.9113
vn -0.0156 -0.7328 -0.6802
vn 0.0081 -0.7366 -0.6763
vn 0.0078 -0.7377 -0.6751
vn -0.0097 -0.6736 -0.7390
vn -0.0079 -0.6725 -0.7401
vn 0.0081 -0.6851 -0.7284
vn 0.0041 -0.7017 -0.7125
vn -0.0153 -0.6982 -0.7157
vn 0.0011 -0.7012 -0.7129
vn 0.0011 -0.6728 -0.7398
vn 0.0083 -0.6745 -0.7382
vn -0.0039 -0.6880 -0.7257
vn 0.0004 -0.4988 -0.8667
vn -0.0028 -0.5379 -0.8430
vn 0.0040 0.6282 0.7780
vn -0.0024 0.5978 0.8017
vn 0.0056 0.5976 0.8018
vn 0.0010 0.4643 0.8857
vn 0.0014 0.4909 0.8712
vn -0.0013 0.4380 0.8990
vn 0.0083 0.3899 0.9208
vn -0.0018 0.3822 0.9241
vn 0.0120 0.3934 0.9193
vn -0.0134 0.5457 0.8378
vn -0.0023 0.5576 0.8301
vn 0.0161 0.5725 0.8197
vn 0.0034 -0.9389 0.3442
vn -0.0117 -0.9372 0.3485
vn 0.0031 -0.9390 0.3440
vn -0.0021 0.9649 0.2627
vn 0.0106 0.9634 0.2679
vn -0.0034 0.9709 0.2396
vn 0.0157 0.9998 -0.0099
vn 0.0043 0.9981 0.0613
vn 0.0027 0.9981 0.0611
vn 0.0162 0.9968 0.0779
vn 0.0009 1.0000 0.0038
vn -0.0028 -0.0336 0.9994
vn 0.0033 -0.0642 0.9979
vn 0.0035 -0.0255 0.9997
vn 0.0003 -0.2249 -0.9744
vn -0.0017 -0.3369 -0.9415
vn -0.0084 -0.4168 -0.9090
vn 0.0026 -0.4022 -0.9155
vn -0.0121 -0.4117 -0.9112
vn -0.0164 -0.4176 -0.9085
vn 0.0004 -0.4650 -0.8853
vn 0.0053 0.8631 0.5051
vn 0.0031 0.8714 0.4906
vn -0.0017 0.8628 0.5056
vn -0.0018 0.9495 0.3137
vn 0.0047 0.9708 0.2398
vn -0.0045 0.9585 0.2849
vn -0.0053 0.9094 0.4159
vn 0.0043 0.9181 0.3964
vn 0.0096 0.9172 0.3984
vn -0.0017 0.9081 0.4188
vn -0.0096 0.9091 0.4165
vn 0.0018 0.9051 0.4252
vn 0.0027 -0.9786 -0.2058
vn 0.0011 0.6922 -0.7217
vn 0.0101 -0.0548 0.9984
vn -0.0001 -0.0342 0.9994
vn 0.0001 -0.0581 0.9983
vn 0.0122 0.9668 0.2553
vn 0.0155 0.2554 0.9667
vn -0.0000 0.2389 0.9710
vn 0.0020 0.2389 0.9710
vn 0.0100 0.3234 0.9462
vn -0.0035 0.3983 0.9173
vn -0.0014 0.3621 0.9321
vn -0.0019 0.3688 0.9295
vn 0.0083 0.3426 0.9394
vn -0.0044 0.0713 0.9974
vn 0.0015 0.0411 0.9992
vn 0.0007 0.0724 0.9974
vn 0.0019 0.1558 0.9878
vn 0.0035 -0.2934 0.9560
vn -0.0000 -0.4162 0.9093
vn 0.0008 -0.5631 0.8264
vn 0.0048 -0.6556 0.7551
vn 0.0013 -0.6392 0.7690
vn -0.0016 -0.6560 0.7547
vn 0.0050 -0.6053 0.7960
vn -0.0009 -0.8015 0.5979
vn -0.0034 -0.8262 0.5633
vn 0.0097 -0.8501 0.5266
vn 0.0001 -0.7145 0.6996
vn 0.0010 -0.7146 0.6996
vn 0.0137 -0.7261 0.6875
vn 0.0030 -0.6941 0.7198
vn 0.0026 -0.7421 0.6703
vn 0.0011 -0.6060 0.7955
vn 0.0002 -0.1603 0.9871
vn 0.0007 -0.2250 0.9744
vn -0.0063 -0.3111 0.9504
vn 0.0008 -0.3717 0.9284
vn -0.0156 -0.3998 0.9165
vn -0.0001 -0.3875 0.9219
vn -0.0056 -0.4258 0.9048
vn 0.0010 -0.5086 0.8610
vn -0.0043 -0.4936 0.8697
vn -0.0056 -0.5080 0.8613
vn 0.0106 0.4163 0.9092
vn 0.0067 0.4109 0.9117
vn -0.0089 0.4075 0.9131
vn 0.0043 0.4580 0.8890
vn -0.0116 0.4363 0.8997
vn 0.0011 0.3640 0.9314
vn 0.0064 0.4343 0.9007
vn -0.0006 0.3886 0.9214
vn -0.0072 0.3157 0.9488
vn 0.0004 0.3689 0.9295
vn -0.0067 0.3412 0.9400
vn 0.0069 0.3604 0.9328
vn 0.0034 0.2548 0.9670
vn -0.0072 0.3195 0.9476
vn -0.0222 0.2402 0.9705
vn 0.0059 0.1852 0.9827
vn -0.0058 0.2682 0.9634
vn -0.0036 0.2451 0.9695
vn 0.0046 0.2682 0.9634
vn 0.0034 0.2306 0.9730
vn 0.0086 0.2330 0.9724
vn -0.0014 0.2545 0.9671
vn 0.0032 -0.0583 0.9983
vn -0.0174 -0.0569 0.9982
vn 0.0027 -0.0580 0.9983
vn -0.0028 -0.0502 0.9987
vn -0.0057 -0.0524 0.9986
vn 0.0027 -0.0736 0.9973
vn 0.0078 0.0467 0.9989
vn -0.0008 0.0683 0.9977
vn -0.0033 0.0452 0.9990
vn -0.0007 0.1308 0.9914
vn -0.0008 -0.1131 0.9936
vn 0.0015 -0.0025 1.0000
vn -0.0021 -0.0023 1.0000
vn -0.0033 -0.0080 1.0000
vn 0.0015 0.5356 0.8444
vn -0.0056 0.5460 0.8377
vn -0.0034 0.6998 0.7144
vn 0.0041 0.6773 0.7357
vn 0.0035 0.6852 0.7284
vn -0.0060 0.7496 0.6618
vn -0.0051 0.7313 0.6820
vn -0.0006 0.6687 0.7435
vn 0.0025 0.6408 0.7677
vn 0.0079 0.5931 0.8051
vn -0.0059 0.5531 0.8331
vn 0.0233 0.5778 0.8158
vn 0.0034 0.6808 0.7325
vn 0.0035 0.8340 0.5517
vn 0.0042 0.7376 0.6752
vn -0.0010 0.6153 0.7883
vn -0.0013 0.7935 0.6086
vn 0.0092 0.9585 0.2851
vn 0.0016 0.9405 0.3397
vn 0.0006 0.9890 0.1479
vn -0.0030 0.9900 0.1408
vn -0.0001 0.9911 0.1333
vn 0.0079 0.9976 0.0683
vn -0.0076 0.9965 0.0836
vn -0.0073 0.9957 0.0922
vn -0.0052 0.9216 0.3881
vn -0.0058 0.9120 0.4101
vn 0.0019 0.9024 0.4309
vn 0.0083 0.9035 0.4286
vn -0.0006 0.9110 0.4125
vn 0.0099 0.9024 0.4307
vn -0.0017 0.9109 0.4126
vn 0.0036 0.8649 0.5020
vn 0.0029 0.8731 0.4875
vn -0.0026 0.8648 0.5021
vn -0.0054 0.6989 0.7152
vn 0.0071 0.6995 0.7146
vn -0.0020 0.7142 0.7000
vn -0.0009 0.6312 0.7756
vn -0.0019 0.6315 0.7754
vn 0.0152 0.6419 0.7667
vn 0.0089 -0.9842 0.1770
vn -0.0003 -0.9607 0.2775
vn 0.0049 -0.9745 0.2243
vn -0.0037 -0.9691 0.2467
vn -0.0018 -0.9748 0.2232
vn 0.0008 -0.9743 0.2251
vn 0.0018 -0.9685 0.2489
vn -0.0048 -0.9687 0.2484
vn -0.0017 -0.9948 0.1016
vn 0.0047 -0.9092 0.4164
vn -0.0040 -0.9027 0.4302
vn 0.0013 -0.9099 0.4149
vn -0.0008 -0.8790 0.4768
vn 0.0006 -0.7656 0.6434
vn 0.0015 -0.9530 0.3028
vn -0.0043 -0.9336 0.3584
vn -0.0007 -0.9394 0.3428
vn 0.0003 -0.9394 0.3427
vn 0.0015 -0.9375 0.3479
vn 0.0077 -0.9120 0.4101
vn 0.0028 -0.9066 0.4219
vn 0.0048 -0.9049 0.4257
vn 0.0062 -0.8523 0.5231
vn 0.0013 -0.7815 0.6240
vn 0.0025 -0.6597 0.7515
vn 0.0039 -0.5733 0.8194
vn -0.0023 -0.5695 0.8220
vn 0.0002 -0.4904 0.8715
vn 0.0001 -0.5057 0.8627
vn 0.0067 -0.5043 0.8635
vn -0.0070 -0.4211 0.9070
vn 0.0002 -0.4156 0.9096
vn -0.0045 -0.3650 0.9310
vn 0.0046 -0.2338 0.9723
vn 0.0032 -0.1608 0.9870
vn -0.0001 -0.4988 0.8667
vn 0.0037 0.9756 -0.2194
vn -0.0110 0.9918 -0.1272
vn 0.0022 0.9951 -0.0991
vn 0.0031 0.9916 -0.1296
vn 0.0007 0.9992 -0.0405
vn 0.0017 0.9992 -0.0406
vn -0.0115 0.9976 -0.0685
vn -0.0064 0.9981 -0.0620
vn 0.0063 0.9991 -0.0422
vn -0.0005 0.9975 -0.0713
vn 0.0019 0.9998 0.0210
vn -0.0004 1.0000 0.0048
vn -0.0016 0.9979 0.0655
vn -0.0154 0.9975 0.0688
vn 0.0017 0.9983 0.0585
vn 0.0002 0.9892 0.1466
vn 0.0045 0.9807 0.1955
vn -0.0117 0.9748 0.2227
vn -0.0024 0.9741 0.2261
vn 0.0075 -0.9841 0.1773
vn 0.0015 -0.9895 0.1446
vn 0.0112 -0.9989 0.0448
vn -0.0088 -0.9987 0.0498
vn -0.0088 -0.9987 0.0497
vn 0.0040 -0.9819 0.1896
vn 0.0055 -0.9772 0.2123
vn -0.0020 -0.9820 0.1889
vn 0.0067 -0.9712 0.2380
vn 0.0085 -0.9634 0.2679
vn -0.0035 -0.9634 0.2682
vn 0.0042 -0.9584 0.2852
vn -0.0012 -0.9330 0.3600
vn 0.0043 -0.9389 0.3443
vn 0.0081 -0.9382 0.3461
vn -0.0026 -0.9882 -0.1529
vn 0.0097 -0.9999 -0.0067
vn 0.0021 -0.9964 -0.0842
vn -0.0091 -0.9980 -0.0632
vn -0.0084 -0.9980 -0.0629
vn 0.0027 -0.9606 -0.2778
vn -0.0002 -0.9502 -0.3115
vn 0.0013 -0.9690 -0.2469
vn 0.0051 -0.9842 -0.1772
vn 0.0065 -0.9922 -0.1245
vn 0.0053 -0.9968 -0.0804
vn 0.0058 -0.9968 -0.0800
vn -0.0145 -0.9972 -0.0731
vn 0.0037 -0.9967 -0.0808
vn -0.0033 -1.0000 -0.0047
vn 0.0002 -0.7959 -0.6055
vn 0.0011 -0.7416 -0.6708
vn -0.0024 -0.6719 -0.7406
vn 0.0001 -0.5643 -0.8256
vn 0.0029 -0.5383 -0.8428
vn -0.0009 0.9754 0.2203
vn 0.0024 0.9698 0.2439
vn -0.0065 0.9734 0.2290
vn 0.0084 0.9754 0.2201
vn -0.0031 0.9731 0.2303
vn -0.0046 0.9909 0.1343
vn 0.0019 0.9913 -0.1316
vn 0.0080 0.9972 -0.0748
vn 0.0006 0.9579 -0.2871
vn -0.0019 0.9373 -0.3485
vn 0.0050 0.9172 -0.3984
vn 0.0033 0.9084 -0.4180
vn 0.0070 0.9059 -0.4234
vn -0.0067 0.8640 -0.5034
vn -0.0044 0.8635 -0.5043
vn 0.0038 0.8710 -0.4912
vn 0.0060 0.9065 -0.4222
vn 0.0075 0.9061 -0.4230
vn -0.0054 0.9015 -0.4327
vn -0.0011 0.8722 -0.4892
vn -0.0015 0.8631 -0.5050
vn -0.0038 0.8671 -0.4982
vn 0.0004 0.9947 -0.1033
vn 0.0056 0.9974 -0.0719
vn 0.0100 0.9948 -0.1018
vn 0.0069 0.9994 -0.0345
vn 0.0140 0.9991 -0.0394
vn -0.0057 0.9979 -0.0641
vn -0.0003 1.0000 0.0016
vn 0.0044 0.9826 -0.1855
vn 0.0004 0.9711 -0.2386
vn 0.0040 0.9310 -0.3651
vn 0.0006 0.8984 -0.4391
vn 0.0004 0.9060 -0.4232
vn 0.0063 0.9054 -0.4244
vn -0.0032 0.9042 -0.4270
vn 0.0037 0.8972 -0.4417
vn -0.0006 0.8970 -0.4421
vn -0.0007 0.8205 -0.5717
vn -0.0069 0.8001 -0.5998
vn -0.0005 0.7748 -0.6322
vn -0.0038 0.7681 -0.6403
vn -0.0015 0.7745 -0.6326
vn 0.0002 0.7299 -0.6836
vn -0.0009 0.7371 -0.6758
vn 0.0035 0.7712 -0.6366
vn 0.0069 0.6737 -0.7389
vn -0.0015 0.6960 -0.7180
vn 0.0044 0.6526 -0.7576
vn 0.0057 0.6422 -0.7666
vn 0.0079 0.5700 -0.8216
vn 0.0018 0.5647 -0.8253
vn 0.0035 0.5696 -0.8219
vn -0.0000 0.4883 -0.8727
vn 0.0026 0.4884 -0.8726
vn 0.0108 0.4983 -0.8669
vn 0.0082 0.5003 -0.8658
vn -0.0111 0.4746 -0.8801
vn 0.0027 0.5022 -0.8647
vn -0.0078 0.4116 -0.9113
vn 0.0063 0.4295 -0.9030
vn 0.0050 0.4300 -0.9028
vn 0.0013 0.4177 -0.9086
vn 0.0122 0.4274 -0.9040
vn -0.0035 0.4120 -0.9112
vn 0.0004 0.5608 -0.8279
vn -0.0057 0.5706 -0.8212
vn -0.0034 0.7191 -0.6949
vn 0.0132 0.7475 -0.6641
vn 0.0011 0.7340 -0.6792
vn 0.0073 0.7413 -0.6711
vn -0.0042 0.6898 -0.7240
vn -0.0022 0.7161 -0.6980
vn 0.0132 0.6556 -0.7550
vn -0.0011 0.6328 -0.7743
vn -0.0016 0.6495 -0.7604
vn 0.0049 0.5648 -0.8252
vn -0.0033 0.4914 -0.8709
vn -0.0029 0.4912 -0.8710
vn 0.0108 0.4944 -0.8692
vn -0.0049 0.4383 -0.8988
vn -0.0019 0.4375 -0.8992
vn 0.0111 0.4583 -0.8887
vn 0.0044 0.5051 -0.8630
vn 0.0027 0.5056 -0.8628
vn -0.0052 0.4931 -0.8700
vn 0.0089 0.4327 -0.9015
vn 0.0076 0.4335 -0.9011
vn -0.0095 0.4259 -0.9047
vn -0.0086 0.3559 -0.9345
vn 0.0007 0.3625 -0.9320
vn 0.0065 0.3156 -0.9489
vn 0.0018 0.2848 -0.9586
vn 0.0028 0.2829 -0.9592
vn 0.0106 0.2418 -0.9703
vn 0.0093 0.2401 -0.9707
vn -0.0135 0.2486 -0.9685
vn -0.0163 0.1678 -0.9857
vn 0.0150 0.1855 -0.9825
vn 0.0161 0.1847 -0.9827
vn 0.0030 0.1117 -0.9937
vn 0.0043 0.0945 -0.9955
vn -0.0004 0.1191 -0.9929
vn -0.0064 0.1257 -0.9920
vn -0.0015 0.1894 -0.9819
vn -0.0027 0.1896 -0.9819
vn 0.0131 0.2243 -0.9744
vn 0.0078 0.0541 -0.9985
vn 0.0024 0.0245 -0.9997
vn 0.0006 0.0322 -0.9995
vn 0.0016 0.3361 -0.9418
vn 0.0017 0.3015 -0.9535
vn -0.0144 0.2845 -0.9586
vn 0.0024 0.3013 -0.9535
vn 0.0017 0.0484 -0.9988
vn 0.0051 0.0411 -0.9991
vn -0.0047 0.0618 -0.9981
vn 0.0004 0.0069 -1.0000
vn -0.0003 -0.1411 -0.9900
vn -0.0016 -0.4254 -0.9050
vn -0.0106 -0.4679 -0.8837
vn -0.0005 -0.3617 -0.9323
vn 0.0112 -0.3919 -0.9199
vn -0.0028 -0.3775 -0.9260
vn -0.0286 -0.3202 -0.9469
vn 0.0069 -0.3291 -0.9443
vn 0.0073 -0.2899 -0.9570
vn 0.0028 -0.2926 -0.9562
vn 0.0020 -0.2393 -0.9709
vn 0.0025 -0.1763 -0.9843
vn -0.0006 -0.1469 -0.9892
vn -0.0034 -0.0684 -0.9977
vn 0.0027 -0.0757 -0.9971
vn 0.0058 -0.0983 -0.9951
vn -0.0078 -0.0247 -0.9997
vn -0.0028 -0.3883 -0.9215
vn -0.0007 -0.3632 -0.9317
vn 0.0042 -0.3569 -0.9341
vn -0.0062 -0.3780 -0.9258
vn 0.0128 -0.3223 -0.9466
vn 0.0048 -0.2961 -0.9551
vn 0.0041 -0.4955 -0.8686
vn -0.0033 -0.4288 -0.9034
vn -0.0068 -0.4711 -0.8820
vn 0.0030 -0.2855 -0.9584
vn -0.0007 -0.0724 -0.9974
vn -0.0058 -0.0952 -0.9954
vn -0.0025 -0.0651 -0.9979
vn -0.0042 -0.0079 -1.0000
vn 0.0042 -0.0067 -1.0000
vn 0.0118 0.0629 -0.9980
vn -0.0043 0.0618 -0.9981
vn -0.0089 0.0561 -0.9984
vn -0.0131 0.0465 -0.9988
vn 0.0074 0.0261 -0.9996
vn 0.0014 0.0324 -0.9995
vn 0.0005 0.1258 -0.9921
vn -0.0071 0.1306 -0.9914
vn 0.0012 0.1820 -0.9833
vn -0.0022 0.2213 -0.9752
vn 0.0108 0.1853 -0.9826
vn -0.0024 0.2815 -0.9596
vn 0.0121 0.2781 -0.9605
vn -0.0003 0.2499 -0.9683
vn 0.0066 0.3816 -0.9243
vn -0.0053 0.3285 -0.9445
vn -0.0062 0.3579 -0.9337
vn 0.0023 0.4027 -0.9153
vn -0.0000 0.6390 -0.7692
vn 0.0002 0.6387 -0.7694
vn -0.0136 0.6312 -0.7755
vn 0.0017 0.2290 -0.9734
vn -0.0088 0.2005 -0.9797
vn 0.0010 0.2291 -0.9734
vn 0.0026 0.3106 -0.9505
vn 0.0052 0.3755 -0.9268
vn 0.0008 0.3529 -0.9357
vn -0.0071 0.3747 -0.9271
vn -0.0117 -0.0925 -0.9956
vn 0.0019 -0.0646 -0.9979
vn 0.0035 -0.0874 -0.9962
vn 0.0028 -0.1814 -0.9834
vn -0.0053 0.4128 -0.9108
vn -0.0039 0.4124 -0.9110
vn 0.0098 0.4296 -0.9030
vn -0.0000 0.2349 -0.9720
vn -0.0046 0.2362 -0.9717
vn 0.0085 0.2566 -0.9665
vn 0.0043 0.7181 -0.6959
vn 0.0016 0.7027 -0.7114
vn -0.0078 0.7168 -0.6972
vn 0.0078 0.6534 -0.7569
vn -0.0007 0.6482 -0.7615
vn -0.0001 0.6480 -0.7617
vn 0.0051 -0.6977 -0.7164
vn -0.0033 -0.5720 -0.8203
vn -0.0059 -0.5486 -0.8360
vn 0.0019 -0.9377 -0.3474
vn 0.0025 -0.9023 -0.4311
vn 0.0024 -0.9096 -0.4155
vn -0.0042 -0.9122 -0.4097
vn 0.0044 -0.8701 -0.4928
vn -0.0020 -0.8651 -0.5016
vn 0.0001 -0.8673 -0.4978
vn -0.0027 -0.8741 -0.4858
vn 0.0053 -0.9094 -0.4160
vn -0.0012 -0.9028 -0.4301
vn -0.0013 -0.9028 -0.4300
vn -0.0052 -0.9987 0.0511
vn 0.0126 -0.9992 0.0376
vn 0.0126 -0.9992 0.0375
vn 0.0049 -0.9961 0.0881
vn -0.0007 -0.9932 0.1165
vn -0.0000 -1.0000 -0.0023
vn 0.0090 -1.0000 0.0003
vn -0.0013 -0.9998 0.0213
vn -0.0148 -0.9742 0.2254
vn 0.0086 -0.9760 0.2177
vn -0.0011 -0.9756 0.2197
vn -0.0017 -0.9806 0.1961
vn -0.0000 -0.8744 0.4852
vn 0.0047 -0.9094 0.4158
vn 0.0109 -0.9106 0.4133
vn -0.0011 -0.9015 0.4328
vn -0.0019 -0.9017 0.4323
vn 0.0051 -0.9083 0.4182
vn -0.0040 -0.9021 0.4316
vn 0.0017 -0.9944 -0.1061
vn 0.0029 -0.9968 -0.0802
vn 0.0006 -0.9984 -0.0570
vn -0.0006 -0.9968 -0.0802
vn -0.0033 -0.9994 -0.0334
vn 0.0028 -0.9844 -0.1761
vn -0.0010 -0.9367 -0.3501
vn 0.0034 0.8174 0.5761
vn -0.0057 0.8712 0.4910
vn 0.0020 0.8635 0.5044
vn -0.0013 0.8722 0.4892
vn -0.0137 -0.6197 -0.7847
vn 0.0024 -0.6213 -0.7836
vn -0.0004 -0.6208 -0.7840
vn 0.0070 -0.6462 -0.7631
vn -0.0055 -0.6325 -0.7746
vn -0.0009 -0.7351 -0.6780
vn 0.0035 -0.7492 -0.6623
vn 0.0047 -0.8311 -0.5561
vn -0.0063 -0.8235 -0.5673
vn -0.0164 -0.8203 -0.5716
vn 0.0121 -0.8224 -0.5688
vn -0.0010 -0.7971 -0.6039
vn 0.0060 -0.8266 -0.5627
vn 0.0013 -0.7542 -0.6567
vn -0.0044 -0.7354 -0.6777
vn -0.0107 -0.8194 -0.5731
vn 0.0090 -0.8201 -0.5721
vn -0.0072 -0.8243 -0.5662
vn -0.0021 -0.8731 -0.4875
vn 0.0029 -0.9962 0.0865
vn -0.0025 -0.9963 0.0862
vn 0.0042 -0.9980 0.0636
vn -0.0010 -0.9862 0.1656
vn 0.0050 -0.9641 0.2655
vn -0.0034 -0.9341 0.3570
vn -0.0020 -0.9400 0.3412
vn 0.0014 -0.9400 0.3412
vn 0.0103 -0.9334 0.3587
vn -0.0014 -0.9351 0.3543
vn -0.0010 -0.9411 0.3381
vn -0.0074 -0.8287 0.5597
vn -0.0013 -0.8452 0.5344
vn -0.0015 -0.7437 0.6686
vn 0.0002 -0.7257 0.6880
vn -0.0014 -0.6336 0.7736
vn -0.0122 -0.7722 0.6352
vn 0.0042 -0.7813 0.6242
vn 0.0024 -0.7818 0.6236
vn -0.0028 -0.8294 0.5586
vn 0.0146 -0.8191 0.5735
vn -0.0029 -0.8392 0.5438
vn 0.0104 -0.8248 0.5654
vn -0.0007 -0.5352 -0.8447
vn -0.0002 -0.5614 -0.8275
vn -0.0000 -0.6387 -0.7695
vn -0.0055 -0.6937 -0.7202
vn -0.0050 -0.6930 -0.7209
vn -0.0054 -0.7090 -0.7052
vn 0.0036 0.8223 -0.5691
vn 0.0003 0.8239 -0.5667
vn -0.0022 0.8722 -0.4892
vn -0.0006 -0.1234 0.9924
vn 0.0068 -0.0645 0.9979
vn -0.0015 -0.0427 0.9991
vn -0.0040 -0.0657 0.9978
vn 0.0087 0.0153 0.9998
vn -0.0021 0.0174 0.9998
vn -0.0021 -0.0057 1.0000
vn 0.0005 0.0240 0.9997
vn 0.0041 0.0465 0.9989
vn -0.0065 0.0255 0.9997
vn -0.0047 0.0760 0.9971
vn 0.0025 0.0458 0.9989
vn 0.0037 0.0765 0.9971
vn -0.0010 -0.0422 0.9991
vn -0.0028 -0.0574 0.9983
vn 0.0023 -0.0427 0.9991
vn 0.0022 0.2865 0.9581
vn 0.0026 0.3696 0.9292
vn -0.0141 0.3234 0.9461
vn -0.0043 0.2821 0.9594
vn -0.0000 0.2320 0.9727
vn 0.0066 0.1786 0.9839
vn -0.0074 0.2303 0.9731
vn -0.0078 0.2306 0.9730
vn 0.0117 0.2375 0.9713
vn 0.0012 0.1556 0.9878
vn 0.0001 0.1267 0.9919
vn -0.0020 -0.1156 0.9933
vn -0.0021 -0.2923 0.9563
vn -0.0104 -0.3249 0.9457
vn -0.0133 -0.3846 0.9230
vn 0.0021 -0.3716 0.9284
vn 0.0017 -0.3556 0.9346
vn -0.0034 -0.5077 0.8615
vn 0.0008 -0.5612 0.8277
vn -0.0035 -0.4917 0.8708
vn -0.0062 -0.5009 0.8655
vn -0.0044 -0.5016 0.8651
vn 0.0028 -0.6954 0.7186
vn -0.0008 0.8696 0.4937
vn 0.0006 0.8609 0.5088
vn 0.0078 0.8620 0.5068
vn -0.0028 0.9251 0.3798
vn 0.0044 0.9344 0.3563
vn 0.0013 0.9801 0.1985
vn -0.0077 0.9753 0.2207
vn 0.0025 0.9750 0.2223
vn 0.0022 0.9058 0.4238
vn -0.0008 0.9054 0.4245
vn -0.0016 0.8644 0.5028
vn 0.0052 0.8217 0.5698
vn 0.0060 0.8288 0.5595
vn -0.0016 0.9902 0.1398
vn -0.0090 0.9850 0.1722
vn -0.0078 0.9449 0.3273
vn -0.0008 0.9466 0.3225
vn 0.0039 0.9542 0.2992
vn -0.0012 0.9687 0.2484
vn 0.0036 0.9104 0.4138
vn -0.0085 0.9014 0.4328
vn 0.0077 0.9095 0.4157
vn 0.0044 0.9197 0.3926
vn -0.0016 0.9027 0.4302
vn 0.0028 0.9027 0.4302
vn 0.0004 0.9130 0.4079
vn 0.0043 0.9929 -0.1186
vn -0.0152 0.9969 -0.0769
vn -0.0058 0.9958 -0.0911
vn 0.0059 0.9977 0.0682
vn 0.0043 0.9978 0.0667
vn -0.0154 0.9968 0.0790
vn 0.0061 0.9966 0.0821
vn -0.0051 0.9954 0.0958
vn -0.0078 0.9955 0.0944
vn 0.0018 0.9999 0.0161
vn -0.0014 0.9246 -0.3808
vn -0.0026 0.9310 -0.3650
vn 0.0008 0.9312 -0.3646
vn 0.0065 0.7942 -0.6076
vn 0.0008 0.9437 -0.3307
vn 0.0036 0.9545 -0.2980
vn -0.0018 0.9016 -0.4325
vn 0.0004 0.9029 -0.4299
vn 0.0025 0.9007 -0.4344
vn 0.0074 0.8681 -0.4964
vn -0.0031 0.8620 -0.5069
vn 0.0003 0.8616 -0.5076
vn -0.0110 0.5783 0.8158
vn -0.0067 0.5701 0.8216
vn 0.0056 0.5492 0.8357
vn 0.0022 0.6183 0.7859
vn -0.0045 0.5799 0.8147
vn 0.0017 0.6560 0.7548
vn 0.0020 0.7053 0.7089
vn 0.0067 0.7430 0.6693
vn 0.0023 0.8146 0.5800
vn 0.0039 0.8696 0.4937
vn -0.0025 0.8612 0.5083
vn 0.0047 0.8613 0.5080
vn 0.0081 0.7649 0.6441
vn -0.0105 0.7601 0.6497
vn 0.0084 0.7663 0.6424
vn 0.0042 0.5047 0.8633
vn 0.0053 0.5042 0.8636
vn -0.0052 0.4918 0.8707
vn 0.0053 -0.7011 -0.7130
vn 0.0039 -0.6511 -0.7590
vn -0.0024 -0.7190 -0.6950
vn 0.0026 -0.7036 -0.7106
vn 0.0036 -0.7044 -0.7098
vn -0.0092 -0.5749 -0.8182
vn 0.0034 -0.5291 -0.8486
vn 0.0050 -0.5614 -0.8275
vn -0.0111 -0.5393 -0.8421
vn 0.0121 -0.5637 -0.8259
vn -0.0038 -0.5373 -0.8434
vn 0.0032 -0.5417 -0.8406
vn 0.0020 -0.7152 -0.6989
vn -0.0070 -0.7139 -0.7003
vn 0.0013 -0.6994 -0.7148
vn 0.0068 -0.8313 -0.5558
vn 0.0135 -0.8416 -0.5400
vn 0.0019 -0.8375 -0.5465
vn 0.0006 -0.7558 -0.6548
vn 0.0017 -0.9999 0.0148
vn 0.0076 -0.9998 0.0158
vn -0.0023 0.7982 0.6024
vn -0.0025 0.8643 -0.5030
vn -0.0020 0.8726 -0.4884
vn 0.0036 0.8643 -0.5029
vn -0.0010 0.9018 -0.4321
vn 0.0077 0.4468 0.8946
vn -0.0122 0.4360 0.8998
vn -0.0114 0.4355 0.9001
vn 0.0158 0.5308 0.8473
vn -0.0073 0.4942 0.8693
vn 0.0056 0.0500 0.9987
vn -0.0020 0.0511 0.9987
vn -0.0064 0.0210 0.9998
vn -0.0088 0.4539 0.8910
vn 0.0026 0.4318 0.9020
vn 0.0079 0.4336 0.9011
vn 0.0002 0.4569 0.8895
vn -0.0013 0.2912 0.9567
vn 0.0079 0.3913 0.9202
vn -0.0078 0.2535 0.9673
vn -0.0015 0.2310 0.9729
vn 0.0032 0.2319 0.9727
vn -0.0080 0.5758 0.8175
vn 0.0026 0.5889 0.8082
vn 0.0004 0.6844 0.7291
vn -0.0003 0.7195 0.6945
vn 0.0049 0.6483 0.7614
vn -0.0004 0.5447 0.8387
vn -0.0100 0.6318 0.7751
vn 0.0020 0.6620 0.7495
vn 0.0106 0.8349 0.5503
vn -0.0055 0.7935 0.6085
vn -0.0017 0.8319 0.5549
vn 0.0030 0.7535 0.6575
vn 0.0002 0.8683 0.4960
vn -0.0032 0.8680 0.4966
vn -0.0026 0.8595 0.5112
vn -0.0060 0.8082 0.5889
vn -0.0049 0.5510 0.8345
vn 0.0024 0.5735 0.8192
vn -0.0015 0.5823 0.8130
vn -0.0065 -0.0598 0.9982
vn 0.0009 -0.0534 0.9986
vn 0.0027 -0.0382 0.9993
vn -0.0039 0.1295 0.9916
vn 0.0009 0.1587 0.9873
vn -0.0093 0.3482 0.9374
vn -0.0048 0.4660 0.8848
vn 0.0026 0.0605 0.9982
vn 0.0005 0.0611 0.9981
vn -0.0112 0.0415 0.9991
vn -0.0037 0.0148 0.9999
vn -0.0023 -0.0082 1.0000
vn 0.0071 0.0133 0.9999
vn 0.0083 -0.0647 0.9979
vn -0.0015 -0.0434 0.9991
vn -0.0028 -0.0664 0.9978
vn -0.0006 -0.0146 0.9999
vn 0.0029 -0.0139 0.9999
vn 0.0076 0.0077 0.9999
vn 0.0023 -0.0426 0.9991
vn -0.0026 -0.0508 0.9987
vn 0.0051 -0.0730 0.9973
vn 0.0018 -0.1142 0.9935
vn 0.0144 -0.0946 0.9954
vn 0.0036 -0.1265 0.9920
vn 0.0035 -0.2946 0.9556
vn -0.0019 -0.2332 0.9724
vn 0.0161 -0.2369 0.9714
vn 0.0009 -0.1882 0.9821
vn 0.0109 0.0267 0.9996
vn -0.0014 0.0552 0.9985
vn -0.0023 0.0246 0.9997
vn -0.0001 0.1415 0.9899
vn -0.0121 0.0976 0.9952
vn 0.0014 0.2894 0.9572
vn 0.0074 0.5643 0.8255
vn -0.0000 0.3593 0.9332
vn -0.0028 0.4354 0.9002
vn -0.0028 0.4137 0.9104
vn 0.0055 0.4347 0.9006
vn -0.0023 0.2269 0.9739
vn 0.0116 0.2548 0.9669
vn -0.0009 0.2581 0.9661
vn 0.0084 0.1755 0.9844
vn -0.0042 0.1734 0.9848
vn 0.0080 -0.1295 0.9915
vn -0.0060 -0.4012 0.9160
vn 0.0042 -0.3652 0.9309
vn -0.0014 -0.4254 0.9050
vn -0.0014 -0.3483 0.9374
vn -0.0012 -0.6956 0.7184
vn 0.0054 -0.7507 0.6607
vn -0.0007 -0.7238 0.6900
vn 0.0020 -0.8312 0.5560
vn -0.0029 -0.8468 0.5319
vn 0.0053 -0.8288 0.5596
vn 0.0019 -0.8004 0.5994
vn 0.0044 -0.7578 0.6524
vn 0.0001 -0.6789 0.7342
vn -0.0001 -0.6618 0.7497
vn 0.0067 -0.6225 0.7826
vn 0.0032 -0.6473 0.7622
vn 0.0025 -0.5675 0.8234
vn -0.0037 -0.5676 0.8233
vn -0.0002 -0.5904 0.8071
vn 0.0010 -0.8359 0.5488
vn 0.0006 -0.8713 0.4907
vn 0.0026 -0.9022 0.4314
vn -0.0070 -0.9116 0.4110
vn 0.0010 -0.9094 0.4158
vn 0.0051 -0.9654 0.2609
vn -0.0033 -0.9604 0.2787
vn 0.0028 -0.9580 0.2867
vn 0.0209 -0.9694 0.2444
vn -0.0019 -0.9813 0.1926
vn 0.0042 -0.9813 0.1924
vn 0.0060 -0.9765 0.2155
vn -0.0017 -0.8711 0.4912
vn -0.0055 -0.8261 0.5635
vn 0.0012 -0.9410 0.3383
vn -0.0005 -0.9941 0.1088
vn -0.0068 -0.9989 0.0472
vn 0.0052 -0.9995 0.0309
vn -0.0023 -1.0000 -0.0087
vn -0.0035 -0.9998 -0.0189
vn 0.0082 -0.9979 -0.0641
vn 0.0046 -0.9835 -0.1806
vn 0.0105 -0.9850 -0.1721
vn 0.0017 -0.9935 -0.1135
vn 0.0054 -0.2941 0.9558
vn -0.0043 0.0708 0.9975
vn 0.0108 0.0445 0.9990
vn -0.0048 0.0706 0.9975
vn 0.0028 0.0392 0.9992
vn 0.0053 0.0383 0.9993
vn -0.0105 0.0214 0.9997
vn -0.0022 -0.0413 0.9991
vn 0.0044 -0.0639 0.9979
vn 0.0016 -0.0411 0.9992
vn 0.0024 -0.4172 0.9088
vn -0.0007 -0.4268 0.9044
vn -0.0026 -0.4464 0.8948
vn 0.0049 -0.5049 0.8631
vn 0.0052 -0.4986 0.8668
vn 0.0012 -0.4896 0.8720
vn -0.0033 -0.3862 0.9224
vn 0.0013 -0.3866 0.9222
vn 0.0009 -0.3637 0.9315
vn -0.0012 -0.5703 0.8214
vn 0.0024 -0.5793 0.8151
vn 0.0044 -0.5009 0.8655
vn -0.0027 -0.4948 0.8690
vn -0.0041 -0.5093 0.8606
vn 0.0020 -0.5098 0.8603
vn -0.0143 -0.5808 0.8139
vn 0.0106 -0.5729 0.8195
vn 0.0098 -0.5724 0.8199
vn 0.0026 -0.6406 0.7679
vn -0.0008 -0.5722 0.8201
vn -0.0031 -0.5740 0.8189
vn 0.0050 -0.4630 0.8863
vn -0.0019 -0.3760 0.9266
vn -0.0036 -0.5724 0.8200
vn -0.0010 -0.5950 0.8037
vn 0.0079 -0.5930 0.8051
vn 0.0009 -0.6627 0.7489
vn -0.0023 -0.7548 0.6560
vn -0.0063 -0.7762 0.6305
vn 0.0040 -0.7229 0.6910
vn 0.0054 -0.5678 0.8231
vn -0.0020 -0.5673 0.8235
vn -0.0005 -0.5902 0.8073
vn 0.0052 -0.7812 0.6243
vn 0.0070 -0.7681 0.6403
vn 0.0020 -0.7819 0.6234
vn -0.0004 -0.8172 0.5764
vn 0.0043 -0.8192 0.5734
vn -0.0092 -0.8136 0.5813
vn 0.0030 -0.8347 0.5506
vn -0.0027 -0.8317 0.5553
vn -0.0058 -0.8512 0.5248
vn -0.0131 -0.9097 0.4151
vn 0.0015 -0.9102 0.4141
vn 0.0041 -0.9129 0.4081
vn 0.0010 -0.8744 0.4852
vn 0.0023 0.9334 0.3589
vn 0.0005 0.9472 0.3206
vn 0.0007 0.9457 0.3249
vn -0.0075 0.9823 0.1872
vn -0.0042 0.9868 0.1621
vn -0.0059 0.8683 0.4960
vn 0.0035 0.8615 0.5078
vn 0.0012 0.8612 0.5082
vn -0.0022 0.8864 0.4629
vn 0.0030 0.9051 0.4252
vn 0.0016 0.9123 0.4095
vn -0.0040 0.9695 0.2452
vn -0.0003 0.9677 0.2520
vn 0.0248 0.9679 0.2503
vn 0.0043 0.9940 -0.1093
vn -0.0010 0.9828 -0.1848
vn 0.0031 0.9558 -0.2941
vn 0.0007 0.9713 -0.2381
vn -0.0060 0.9395 -0.3424
vn 0.0040 0.9295 -0.3688
vn -0.0005 0.9308 -0.3656
vn -0.0022 0.8178 -0.5756
vn 0.0008 0.8310 -0.5563
vn 0.0087 0.8169 -0.5767
vn -0.0065 0.8301 -0.5575
vn -0.0062 0.8991 -0.4377
vn 0.0049 0.9048 -0.4259
vn 0.0031 0.9051 -0.4252
vn -0.0027 0.8999 -0.4362
vn -0.0011 0.8997 -0.4366
vn 0.0083 0.9053 -0.4247
vn 0.0017 0.7905 -0.6124
vn 0.0041 0.7643 -0.6449
vn 0.0014 0.7582 -0.6520
vn -0.0020 0.7429 -0.6694
vn -0.0026 0.7754 -0.6314
vn 0.0041 0.8237 -0.5671
vn -0.0038 0.6600 -0.7513
vn -0.0108 0.5990 -0.8007
vn 0.0045 0.6095 -0.7927
vn -0.0035 0.5678 -0.8231
vn -0.0041 0.5672 -0.8235
vn 0.0031 0.8682 -0.4962
vn 0.0018 0.8634 -0.5046
vn -0.0048 0.8604 -0.5096
vn 0.0015 0.9545 -0.2983
vn 0.0021 0.9742 -0.2255
vn 0.0024 1.0000 0.0008
vn -0.0174 0.9987 -0.0469
vn -0.0066 0.9999 0.0089
vn -0.0068 -0.9036 0.4283
vn -0.0076 -0.9038 0.4279
vn 0.0113 -0.9087 0.4173
vn 0.0014 0.9977 0.0675
vn 0.0025 0.9977 0.0679
vn -0.0151 0.9965 0.0824
vn 0.0037 0.9956 0.0932
vn 0.0020 0.9975 0.0703
vn -0.0085 0.9958 0.0913
vn 0.0010 0.9909 0.1345
vn -0.0028 0.9985 -0.0541
vn -0.0047 0.9985 -0.0538
vn 0.0155 0.9998 -0.0121
vn 0.0020 0.7370 -0.6759
vn 0.0029 0.6649 -0.7469
vn -0.0065 0.4980 -0.8672
vn 0.0062 0.5046 -0.8634
vn 0.0057 0.5048 -0.8632
vn 0.0127 0.5607 -0.8279
vn 0.0085 0.7275 -0.6861
vn -0.0011 0.7133 -0.7009
vn -0.0037 0.7283 -0.6852
vn -0.0017 0.6674 -0.7447
vn -0.0110 0.6581 -0.7528
vn 0.0056 0.6597 -0.7515
vn 0.0052 0.6308 -0.7760
vn -0.0006 0.4373 -0.8993
vn -0.0075 0.4606 -0.8876
vn 0.0061 0.4387 -0.8986
vn -0.0084 -0.9610 0.2763
vn 0.0021 -0.9938 0.1109
vn -0.0093 -0.9989 0.0455
vn -0.0063 -0.9735 0.2288
vn 0.0024 -0.9785 0.2062
vn 0.0047 -0.9733 0.2296
vn 0.0009 -0.9895 0.1446
vn 0.0114 -0.9300 0.3675
vn -0.0002 -0.9316 0.3636
vn -0.0003 -0.9378 0.3472
vn -0.0019 -0.9798 0.1999
vn 0.0068 -0.9795 0.2012
vn -0.0032 -0.9730 0.2309
vn 0.0052 -0.9997 -0.0222
vn 0.0033 -0.9930 -0.1179
vn 0.0132 -0.9059 -0.4232
vn -0.0022 -0.9079 -0.4192
vn -0.0059 -0.9104 -0.4136
vn 0.0064 -0.9699 -0.2436
vn -0.0006 -0.9100 -0.4147
vn -0.0022 -0.9026 -0.4305
vn 0.0030 -0.9027 -0.4302
vn 0.0024 -0.7983 -0.6023
vn 0.0047 -0.5877 -0.8090
vn -0.0030 -0.1460 -0.9893
vn 0.0087 -0.0877 -0.9961
vn -0.0012 -0.0980 -0.9952
vn -0.0004 -0.0667 -0.9978
vn 0.0027 -0.0003 -1.0000
vn 0.0083 -0.2342 -0.9722
vn -0.0056 0.0138 -0.9999
vn 0.0039 0.0711 -0.9975
vn -0.0014 0.0569 -0.9984
vn 0.0092 0.0775 -0.9969
vn 0.0011 0.0261 -0.9997
vn -0.0001 0.0837 -0.9965
vn 0.0024 0.1463 -0.9892
vn 0.0036 -0.1417 -0.9899
vn -0.0012 -0.0900 -0.9959
vn -0.0022 -0.1826 -0.9832
vn -0.0017 -0.5807 -0.8141
vn 0.0034 -0.5407 -0.8412
vn -0.0050 -0.4638 -0.8859
vn 0.0034 -0.2901 -0.9570
vn 0.0022 -0.3153 -0.9490
vn -0.0003 -0.6991 -0.7150
vn 0.0018 -0.6593 -0.7519
vn 0.0024 -0.7136 -0.7006
vn 0.0109 -0.8279 -0.5608
vn 0.0004 -0.8215 -0.5702
vn 0.0005 -0.8250 -0.5651
vn 0.0164 -0.7663 -0.6423
vn -0.0006 -0.7746 -0.6325
vn 0.0016 -0.7747 -0.6323
vn -0.0010 -0.7446 -0.6675
vn -0.0012 -0.6016 -0.7988
vn -0.0015 -0.5316 -0.8470
vn 0.0075 -0.5321 -0.8467
vn 0.0030 -0.5607 -0.8280
vn 0.0044 -0.6020 -0.7985
vn 0.0079 -0.5678 -0.8231
vn 0.0037 -0.5415 -0.8407
vn -0.0025 -0.3290 -0.9443
vn 0.0002 -0.3670 -0.9302
vn -0.0016 -0.3649 -0.9310
vn 0.0009 -0.3649 -0.9310
vn -0.0016 -0.3809 -0.9246
vn 0.0009 -0.3622 -0.9321
vn 0.0023 -0.3782 -0.9257
vn -0.0142 -0.3912 -0.9202
vn -0.0022 -0.4249 -0.9052
vn -0.0003 0.5072 -0.8618
vn 0.0032 0.4925 -0.8703
vn -0.0018 0.4922 -0.8705
vn -0.0069 0.4149 -0.9098
vn 0.0046 0.4258 -0.9048
vn 0.0023 0.4265 -0.9045
vn 0.0024 0.3791 -0.9253
vn -0.0036 0.3384 -0.9410
vn -0.0018 0.2688 -0.9632
vn 0.0019 0.3119 -0.9501
vn -0.0028 0.1613 -0.9869
vn 0.0023 0.4694 -0.8830
vn 0.0043 0.4387 -0.8986
vn -0.0112 0.4666 -0.8844
vn 0.0038 0.6792 -0.7340
vn 0.0064 0.6780 -0.7350
vn 0.0028 0.6624 -0.7491
vn 0.0073 0.6404 -0.7680
vn 0.0018 0.7375 -0.6753
vn -0.0060 0.7517 -0.6595
vn 0.0038 0.7448 -0.6673
vn 0.0135 0.7004 -0.7136
vn -0.0003 0.7057 -0.7085
vn -0.0010 0.7213 -0.6926
vn 0.0013 -0.8649 -0.5019
vn 0.0060 -0.8658 -0.5003
vn -0.0014 -0.8736 -0.4867
vn -0.0011 -0.9071 -0.4210
vn -0.0124 -0.9064 -0.4222
vn -0.0029 -0.9008 -0.4342
vn -0.0019 -0.9370 -0.3494
vn -0.0033 -0.9283 -0.3718
vn 0.0079 -0.9287 -0.3707
vn 0.0031 -0.9706 -0.2406
vn 0.0001 -0.9594 -0.2819
vn 0.0039 -0.9402 -0.3405
vn 0.0077 -0.9316 -0.3633
vn 0.0058 -0.9399 -0.3414
vn -0.0001 -0.8994 -0.4371
vn 0.0023 -0.9068 -0.4216
vn -0.0018 -0.8995 -0.4368
vn 0.0073 -0.9418 -0.3360
vn 0.0029 -0.9398 -0.3417
vn -0.0176 -0.9365 -0.3503
vn 0.0026 -0.8751 -0.4840
vn -0.0047 -0.8674 -0.4977
vn 0.0005 -0.8666 -0.4990
vn -0.0055 -0.9081 -0.4186
vn -0.0137 -0.9058 -0.4234
vn 0.0004 -0.8993 -0.4373
vn -0.0023 -0.9069 -0.4214
vn 0.0017 -0.9000 -0.4359
vn 0.0068 -0.9006 -0.4345
vn -0.0097 -0.9334 -0.3586
vn -0.0171 -0.9297 -0.3679
vn 0.0041 -0.9386 -0.3450
vn 0.0022 -0.9630 -0.2693
vn -0.0045 0.9013 0.4331
vn 0.0012 0.8640 0.5034
vn -0.0022 0.9180 0.3965
vn -0.0006 0.9481 0.3179
vn 0.0058 0.9555 0.2951
vn -0.0032 0.9485 0.3168
vn -0.0002 0.9687 0.2483
vn -0.0090 0.9818 0.1897
vn 0.0024 0.9897 0.1430
vn 0.0065 0.9981 0.0614
vn -0.0007 0.9982 0.0602
vn -0.0027 0.9966 0.0829
vn 0.0048 0.9694 0.2454
vn 0.0096 0.9632 0.2688
vn 0.0069 0.9709 0.2392
vn 0.0012 0.9051 -0.4251
vn 0.0012 0.8901 -0.4559
vn -0.0023 0.9037 -0.4281
vn 0.0008 0.7261 -0.6876
vn -0.0007 0.7103 -0.7039
vn -0.0115 0.7238 -0.6899
vn 0.0029 0.6780 -0.7351
vn 0.0010 0.6993 -0.7148
vn -0.0025 0.2836 -0.9590
vn 0.0114 0.2807 -0.9597
vn -0.0001 0.2599 -0.9656
vn 0.0167 0.1515 -0.9883
vn -0.0076 0.2096 -0.9778
vn -0.0144 0.2142 -0.9767
vn 0.0154 0.2032 -0.9790
vn 0.0017 0.5103 -0.8600
vn 0.0077 0.5083 -0.8611
vn -0.0010 0.4952 -0.8688
vn -0.0028 0.5133 -0.8582
vn 0.0089 0.4334 -0.9012
vn 0.0019 0.4309 -0.9024
vn -0.0020 0.4561 -0.8899
vn -0.0028 0.0674 -0.9977
vn -0.0042 0.0827 -0.9966
vn 0.0063 0.0973 -0.9952
vn 0.0129 -0.0274 -0.9995
vn 0.0082 -0.0210 -0.9997
vn -0.0203 -0.0218 -0.9996
vn 0.0153 -0.1074 -0.9941
vn -0.0004 -0.1040 -0.9946
vn 0.0006 -0.0802 -0.9968
vn 0.0023 -0.1864 -0.9825
vn 0.0008 -0.2921 -0.9564
vn 0.0109 -0.3800 -0.9249
vn 0.0002 -0.3693 -0.9293
vn -0.0013 -0.3696 -0.9292
vn 0.0028 -0.4623 -0.8867
vn -0.0022 -0.4287 -0.9034
vn 0.0034 0.8297 -0.5582
vn -0.0003 0.8631 -0.5051
vn -0.0109 -0.9069 0.4213
vn 0.0043 -0.9092 0.4163
vn 0.0048 -0.9091 0.4166
vn 0.0043 -0.9348 0.3552
vn -0.0018 -0.9405 0.3398
vn 0.0034 -0.9405 0.3396
vn -0.0024 -0.8352 0.5499
vn 0.0088 -0.8324 0.5541
vn -0.0052 -0.8270 0.5622
vn -0.0000 -0.9037 0.4282
vn 0.0008 -0.9112 0.4120
vn 0.0087 -0.9047 0.4259
vn -0.0028 -0.9789 0.2044
vn 0.0070 -0.9740 0.2265
vn -0.0024 -0.9737 0.2277
vn 0.0003 -0.9897 0.1428
vn 0.0019 -0.9966 -0.0829
vn 0.0073 -0.9967 -0.0808
vn -0.0055 -0.9981 -0.0611
vn 0.0069 -0.9964 -0.0844
vn 0.0023 -0.9980 -0.0635
vn -0.0044 -0.9979 -0.0642
vn -0.0043 0.2660 0.9640
vn 0.0047 0.2433 0.9699
vn 0.0064 0.2734 0.9619
vn 0.0021 0.2365 0.9716
vn 0.0069 0.2383 0.9712
vn -0.0039 0.2674 0.9636
vn -0.0062 0.9695 0.2452
vn -0.0009 0.9615 0.2748
vn -0.0015 0.9700 0.2431
vn 0.0067 0.8359 0.5489
vn 0.0017 0.8715 0.4904
vn -0.0009 0.8627 0.5057
vn 0.0055 0.8705 0.4921
vn 0.0065 0.8281 0.5606
vn 0.0036 0.8845 0.4665
vn -0.0003 0.5315 0.8470
vn -0.0029 0.5236 0.8519
vn 0.0122 0.5410 0.8409
vn -0.0152 0.5532 0.8329
vn 0.0059 0.5545 0.8322
vn 0.0120 0.6323 0.7746
vn -0.0079 0.6302 0.7764
vn -0.0077 0.6300 0.7765
vn 0.0004 0.6883 0.7255
vn 0.0021 0.7173 0.6968
vn -0.0004 0.7465 0.6654
vn -0.0002 0.7921 0.6104
vn 0.0082 0.8226 0.5686
vn 0.0075 0.5014 -0.8652
vn 0.0051 0.6705 -0.7419
vn -0.0056 0.8121 -0.5835
vn 0.0039 0.8273 -0.5618
vn 0.0023 0.8114 -0.5844
vn -0.0009 0.8288 -0.5596
vn 0.0011 0.9404 -0.3401
vn 0.0109 0.8659 -0.5001
vn -0.0030 0.8714 -0.4906
vn -0.0034 0.8713 -0.4908
vn -0.0059 0.8904 -0.4551
vn 0.0021 0.7371 -0.6758
vn -0.0005 0.3613 -0.9325
vn -0.0104 0.2961 -0.9551
vn 0.0172 0.2572 -0.9662
vn -0.0024 0.2485 -0.9686
vn -0.0030 0.2488 -0.9686
vn 0.0050 -0.2381 -0.9712
vn 0.0007 0.0615 -0.9981
vn -0.0033 0.0764 -0.9971
vn 0.0076 0.0557 -0.9984
vn 0.0023 0.1292 -0.9916
vn -0.0035 0.1514 -0.9885
vn 0.0021 0.1518 -0.9884
vn -0.0085 0.2201 -0.9754
vn 0.0028 0.2221 -0.9750
vn 0.0063 0.1919 -0.9814
vn 0.0037 0.2934 -0.9560
vn 0.0041 0.4683 -0.8835
vn 0.0183 0.4628 -0.8863
vn -0.0003 0.4366 -0.8997
vn 0.0088 0.4171 -0.9088
vn -0.0001 0.4194 -0.9078
vn -0.0029 0.4187 -0.9081
vn -0.0063 0.4960 -0.8683
vn 0.0013 0.1208 -0.9927
vn -0.0024 0.1211 -0.9926
vn 0.0034 0.1435 -0.9896
vn -0.0052 -0.1469 -0.9891
vn 0.0036 -0.1180 -0.9930
vn 0.0023 -0.1852 -0.9827
vn 0.0074 -0.6921 -0.7217
vn 0.0039 -0.6930 -0.7209
vn 0.0017 -0.7383 -0.6745
vn -0.0054 -0.8374 -0.5466
vn -0.0098 -0.7957 -0.6056
vn -0.0061 -0.7658 -0.6431
vn 0.0025 -0.7651 -0.6440
vn 0.0033 -0.7785 -0.6276
vn -0.0004 -0.7708 -0.6371
vn 0.0073 -0.7810 -0.6245
vn -0.0033 -0.7816 -0.6238
vn 0.0081 -0.7328 -0.6804
vn -0.0012 -0.7465 -0.6654
vn -0.0024 -0.7321 -0.6812
vn -0.0018 -0.6682 -0.7440
vn 0.0009 -0.6029 -0.7978
vn -0.0050 -0.0982 -0.9952
vn 0.0058 -0.7515 -0.6597
vn -0.0017 -0.7516 -0.6596
vn 0.0030 -0.7369 -0.6760
vn 0.0029 -0.8715 -0.4904
vn -0.0025 -0.8714 -0.4906
vn 0.0026 -0.8630 -0.5051
vn 0.0011 0.9202 0.3914
vn -0.0065 0.9585 0.2851
vn -0.0012 0.9530 0.3029
vn -0.0029 0.9727 0.2321
vn 0.0006 0.9934 0.1148
vn 0.0052 0.9912 -0.1320
vn 0.0053 0.9547 -0.2976
vn -0.0041 0.5637 -0.8260
vn -0.0034 0.5625 -0.8268
vn 0.0180 0.5643 -0.8254
vn 0.0030 0.5767 -0.8170
vn 0.0049 0.6137 -0.7895
vn -0.0036 0.8180 -0.5752
vn 0.0020 0.7972 -0.6037
vn -0.0027 0.8212 -0.5706
vn -0.0014 0.9002 -0.4354
vn -0.0020 -0.5011 0.8654
vn 0.0008 -0.5709 0.8210
vn 0.0007 -0.5707 0.8212
vn 0.0002 -0.5796 0.8149
vn 0.0005 -0.4990 0.8666
vn 0.0058 -0.0528 0.9986
vn -0.0036 -0.0837 0.9965
vn 0.0080 -0.0748 0.9972
vn -0.0116 0.0260 0.9996
vn -0.0106 0.0050 0.9999
vn 0.0056 0.0003 1.0000
vn 0.0073 -0.2984 0.9544
vn 0.0180 -0.0509 0.9985
vn 0.0034 -0.0357 0.9994
vn 0.0194 -0.0014 0.9998
vn 0.0062 0.0043 1.0000
vn -0.0033 0.2720 0.9623
vn 0.0016 0.2479 0.9688
vn 0.0078 0.2436 0.9699
vn -0.0010 0.2998 0.9540
vn 0.0046 0.2764 0.9610
vn 0.0036 0.2994 0.9541
vn 0.0031 0.4408 0.8976
vn -0.0079 0.4839 0.8751
vn -0.0117 0.4246 0.9053
vn -0.0071 0.5068 0.8620
vn -0.0054 0.5080 0.8613
vn 0.0299 0.5170 0.8555
vn 0.0128 0.6361 0.7715
vn -0.0033 0.6266 0.7794
vn 0.0123 0.6364 0.7713
vn 0.0012 0.7929 0.6094
vn 0.0019 0.9474 0.3202
vn 0.0115 0.9859 0.1672
vn 0.0053 0.8428 0.5382
vn 0.0020 0.9212 0.3892
vn 0.0098 0.8873 0.4612
vn 0.0126 0.9488 0.3155
vn -0.3592 0.8637 -0.3534
vn 0.0069 0.8659 0.5002
vn 0.0082 0.8356 0.5493
vn 0.0121 0.8313 0.5556
vn 0.0141 0.8083 0.5887
vn 0.0130 0.8077 0.5894
vn -0.0002 0.7888 0.6146
vn 0.0023 0.7450 0.6671
vn -0.0007 0.7596 0.6504
vn 0.0001 0.7329 0.6803
vn -0.0032 0.5118 0.8591
vn -0.0088 0.5059 0.8625
vn -0.0093 0.5096 0.8604
vn -0.0103 0.5422 0.8402
vn -0.0086 0.5333 0.8459
vn -0.0059 0.5338 0.8456
vn -0.0005 0.6331 0.7740
vn 0.0031 0.6614 0.7500
vn -0.0003 0.6537 0.7568
vn 0.0032 0.6152 0.7884
vn -0.0021 0.5834 0.8122
vn -0.0015 0.5836 0.8121
vn -0.0077 0.5967 0.8025
vn 0.0039 0.5563 0.8309
vn -0.0014 0.5618 0.8272
vn -0.0010 0.5619 0.8272
vn 0.0070 0.5424 0.8401
vn -0.1034 -0.7294 0.6762
vn -0.0205 -0.2151 0.9764
vn -0.1184 -0.2852 0.9511
vn -0.1161 -0.7325 0.6709
vn -0.1831 -0.8390 0.5125
vn -0.1129 -0.8188 0.5629
vn -0.1442 -0.8006 0.5816
vn -0.0617 -0.7732 0.6311
vn -0.1069 -0.7386 0.6656
vn -0.1118 -0.7491 0.6529
vn -0.1018 -0.7671 0.6335
vn -0.1178 -0.7521 0.6484
vn -0.1535 -0.7231 0.6734
vn -0.2118 -0.8033 0.5566
vn -0.2784 -0.8537 0.4400
vn 0.0148 0.5137 0.8579
vn 0.0148 0.5134 0.8580
vn 0.0193 0.5216 0.8530
vn -0.2315 -0.8670 0.4414
vn -0.2456 -0.8666 0.4344
vn -0.2356 -0.8708 0.4315
vn 0.0031 0.4463 0.8949
vn 0.0164 0.4416 0.8971
vn 0.0009 0.4463 0.8949
vn 0.0044 0.4440 0.8960
vn 0.0090 0.4442 0.8959
vn 0.0068 0.4596 0.8881
vn 0.0135 0.5620 0.8270
vn 0.0012 0.5123 0.8588
vn 0.0021 0.5212 0.8534
vn 0.0025 0.4847 0.8747
vn 0.0070 0.3240 0.9460
vn 0.0019 0.3774 0.9260
vn -0.3137 -0.3458 0.8843
vn 0.0099 0.4414 0.8972
vn 0.0065 0.4255 0.9050
vn 0.0114 0.4410 0.8975
vn -0.0008 0.4233 0.9060
vn -0.2954 -0.3311 0.8962
vn 0.0024 0.4513 0.8923
vn 0.0126 0.4633 0.8861
vn 0.0038 0.4513 0.8924
vn -0.2378 -0.4037 0.8835
vn -0.0901 -0.1056 0.9903
vn -0.3885 -0.8557 0.3417
vn -0.3273 -0.8461 0.4206
vn -0.3809 -0.8016 0.4608
vn -0.4409 -0.8180 0.3694
vn -0.2605 -0.3016 0.9171
vn -0.4310 -0.7544 0.4950
vn -0.3678 -0.7130 0.5969
vn -0.3526 -0.3615 0.8631
vn 0.0029 0.3568 0.9342
vn -0.5333 -0.8014 0.2710
vn -0.5371 -0.8022 0.2609
vn -0.4933 -0.8313 0.2561
vn -0.4974 -0.8216 0.2786
vn -0.4905 -0.8348 0.2499
vn -0.3563 -0.4027 0.8431
vn -0.4802 -0.7865 0.3883
vn -0.4885 -0.7695 0.4115
vn -0.4815 -0.7919 0.3757
vn -0.4901 -0.7877 0.3733
vn -0.4941 -0.7662 0.4108
vn -0.5050 -0.7632 0.4030
vn -0.4732 -0.7036 0.5301
vn -0.5407 -0.7421 0.3962
vn -0.5437 -0.6849 0.4850
vn -0.5539 -0.7606 0.3388
vn -0.5597 -0.7836 0.2695
vn -0.2324 -0.2206 0.9473
vn -0.5649 -0.7877 0.2459
vn -0.5740 -0.7856 0.2310
vn -0.5537 -0.7994 0.2331
vn -0.5820 -0.7275 0.3633
vn -0.5875 -0.7280 0.3535
vn -0.5772 -0.7486 0.3261
vn -0.5996 -0.6788 0.4240
vn -0.6234 -0.7405 0.2510
vn -0.3675 -0.4559 0.8106
vn 0.0154 0.1262 0.9919
vn 0.0067 0.0610 0.9981
vn -0.4621 -0.6145 0.6394
vn 0.0002 0.0105 0.9999
vn -0.0122 0.0033 0.9999
vn -0.0169 0.0028 0.9999
vn 0.0299 -0.0372 0.9989
vn 0.0187 -0.0120 0.9998
vn 0.0245 -0.0051 0.9997
vn 0.0247 -0.0770 0.9967
vn -0.3636 -0.5177 0.7745
vn 0.0202 -0.1593 0.9870
vn -0.3501 -0.5583 0.7521
vn -0.6547 -0.6859 0.3176
vn -0.6228 -0.7003 0.3490
vn -0.6247 -0.6383 0.4498
vn 0.0173 -0.2690 0.9630
vn 0.0059 0.0050 1.0000
vn 0.0140 -0.0055 0.9999
vn 0.0068 0.0004 1.0000
vn 0.0004 0.1523 0.9883
vn -0.0017 0.0908 0.9959
vn 0.0101 0.0924 0.9957
vn -0.0003 0.0905 0.9959
vn -0.0019 0.0078 1.0000
vn 0.0049 0.0312 0.9995
vn 0.0139 0.0281 0.9995
vn 0.0199 0.2368 0.9713
vn 0.0091 0.2179 0.9759
vn -0.0071 0.3133 0.9496
vn -0.0031 0.2466 0.9691
vn 0.0050 0.2698 0.9629
vn -0.0047 0.2624 0.9650
vn -0.0040 0.7064 0.7078
vn 0.0043 0.6547 0.7559
vn -0.0008 0.6412 0.7673
vn -0.0042 0.4202 0.9074
vn 0.0002 0.4047 0.9144
vn -0.0009 0.4204 0.9073
vn 0.0030 0.5806 0.8142
vn -0.0020 0.5863 0.8101
vn -0.0009 0.5627 0.8267
vn 0.0106 0.5834 0.8121
vn 0.0082 -0.4774 0.8787
vn 0.0028 -0.4774 0.8787
vn 0.0020 -0.4919 0.8707
vn 0.0029 -0.5737 0.8191
vn 0.0020 -0.6053 0.7960
vn 0.0078 -0.6053 0.7959
vn 0.0109 -0.5810 0.8138
vn 0.0112 -0.5340 0.8454
vn 0.0098 -0.6111 0.7915
vn 0.0018 0.0208 0.9998
vn 0.0048 -0.7052 0.7090
vn 0.0057 -0.7676 0.6410
vn 0.0027 -0.7830 0.6220
vn -0.0057 -0.8002 0.5997
vn 0.0148 -0.8335 0.5524
vn -0.0514 -0.5275 0.8480
vn 0.0281 -0.8089 0.5872
vn -0.1584 0.3597 0.9195
vn -0.0363 -0.2838 0.9582
vn -0.2119 -0.4008 0.8913
vn -0.1238 0.4992 0.8576
vn -0.1393 0.5342 0.8338
vn -0.0910 0.5213 0.8485
vn -0.0019 0.6288 0.7776
vn -0.1031 0.5610 0.8213
vn -0.2340 -0.2916 0.9275
vn -0.0220 0.4536 0.8910
vn -0.2085 -0.3032 0.9298
vn -0.3040 -0.3823 0.8726
vn -0.4427 0.1094 0.8900
vn -0.3022 0.2972 0.9057
vn -0.3589 0.1281 0.9245
vn -0.2250 0.4007 0.8881
vn -0.1719 0.3733 0.9116
vn -0.2092 0.3309 0.9202
vn -0.5046 -0.0357 0.8626
vn -0.5243 -0.1646 0.8355
vn -0.4013 -0.0352 0.9153
vn -0.3122 0.0237 0.9497
vn -0.2924 0.2300 0.9282
vn -0.2179 0.2300 0.9485
vn -0.2818 0.2415 0.9286
vn -0.0355 0.6640 0.7469
vn -0.1557 0.3510 0.9234
vn -0.2131 0.2640 0.9407
vn -0.2254 0.2463 0.9426
vn -0.2363 0.2411 0.9413
vn -0.1679 0.2399 0.9562
vn -0.3069 0.0935 0.9471
vn -0.3795 -0.1537 0.9123
vn -0.1975 0.1721 0.9651
vn -0.2152 0.0527 0.9752
vn -0.3056 -0.0772 0.9490
vn -0.1488 0.0865 0.9851
vn -0.1299 0.2219 0.9664
vn -0.0739 0.2513 0.9651
vn -0.0344 0.1714 0.9846
vn -0.0115 0.2858 0.9582
vn -0.0636 0.3235 0.9441
vn -0.1189 0.3155 0.9415
vn -0.0667 0.3982 0.9149
vn -0.0527 0.4068 0.9120
vn -0.0960 0.4082 0.9078
vn -0.0155 0.4677 0.8837
vn 0.0256 0.4930 0.8696
vn -0.0117 0.5535 0.8328
vn -0.0455 0.5539 0.8313
vn 0.0302 0.6385 0.7690
vn -0.0008 0.7381 0.6747
vn -0.1294 0.3787 0.9164
vn -0.1182 0.4800 0.8693
vn -0.1304 0.4571 0.8798
vn -0.1130 0.4296 0.8959
vn -0.0033 0.6440 0.7650
vn 0.1056 -0.3069 0.9459
vn 0.0664 -0.0464 0.9967
vn -0.0089 -0.8047 0.5936
vn 0.0596 0.7692 0.6362
vn 0.0420 0.6969 0.7159
vn 0.0054 -0.8809 0.4734
vn -0.0273 -0.8802 0.4738
vn 0.1781 -0.4057 0.8965
vn 0.0066 -0.7855 0.6188
vn 0.0056 -0.7926 0.6097
vn 0.0020 -0.7733 0.6340
vn 0.0134 -0.7927 0.6095
vn -0.0001 -0.8077 0.5896
vn 0.0165 -0.7937 0.6081
vn 0.0011 -0.8341 0.5516
vn 0.0056 -0.8318 0.5550
vn 0.0048 -0.8496 0.5274
vn -0.0040 -0.8514 0.5246
vn 0.0055 -0.8369 0.5473
vn -0.0019 -0.8370 0.5471
vn 0.0071 -0.8871 0.4615
vn 0.0052 -0.8471 0.5314
vn 0.0045 -0.8881 0.4596
vn 0.0019 -0.9280 0.3727
vn 0.0077 -0.7688 0.6395
vn -0.0036 -0.7620 0.6476
vn 0.0070 -0.7759 0.6308
vn -0.0088 -0.7698 0.6382
vn -0.0088 -0.7690 0.6392
vn 0.0526 -0.7689 0.6372
vn 0.0038 -0.7592 0.6509
vn -0.0005 -0.8385 0.5449
vn 0.0074 -0.8474 0.5309
vn -0.0028 -0.8798 0.4754
vn 0.0117 -0.9067 0.4215
vn -0.0075 -0.9115 0.4112
vn -0.0034 -0.9091 0.4165
vn -0.0001 -0.9289 0.3703
vn 0.0020 -0.9448 0.3276
vn -0.0132 -0.9387 0.3446
vn 0.0015 -0.9402 0.3407
vn -0.0040 -0.9344 0.3562
vn -0.0022 -0.9402 0.3407
vn 0.0023 -0.8621 0.5067
vn -0.0037 -0.8624 0.5061
vn 0.0015 -0.8707 0.4918
vn -0.0045 -0.9033 0.4289
vn 0.0012 -0.9102 0.4142
vn 0.0031 -0.8999 0.4362
vn -0.0011 -0.9627 0.2704
vn -0.0060 -0.9707 0.2401
vn -0.0016 -0.9711 0.2388
vn 0.0018 -0.9886 0.1506
vn 0.0014 -0.9949 0.1010
vn -0.0030 -0.9864 0.1644
vn 0.0029 -0.8025 0.5967
vn 0.0088 -0.8031 0.5958
vn -0.0016 -0.8083 0.5888
vn 0.0112 -0.8314 0.5556
vn -0.0083 -0.7989 0.6014
vn 0.0118 -0.8113 0.5845
vn -0.0027 -0.7968 0.6042
vn -0.0064 -0.9943 -0.1065
vn 0.0050 -0.9875 -0.1574
vn -0.0096 -0.9826 -0.1857
vn 0.0020 -0.9822 -0.1881
vn 0.0083 -0.9736 -0.2283
vn 0.0053 -0.9707 -0.2404
vn -0.0062 -0.9499 -0.3124
vn -0.0068 -0.9386 -0.3450
vn 0.0103 -0.9992 0.0386
vn 0.0099 -0.9929 0.1187
vn -0.0050 -1.0000 0.0050
vn -0.0081 -0.9823 0.1873
vn -0.0002 -0.9875 0.1578
vn 0.0077 -0.9872 0.1595
vn 0.0198 -0.9784 0.2059
vn -0.0055 -0.9674 0.2534
vn -0.0026 -0.9712 0.2384
vn 0.0024 -0.9936 0.1128
vn 0.0059 -0.9911 0.1329
vn 0.0004 -0.9598 0.2807
vn 0.0022 -0.9599 0.2804
vn 0.0032 -0.9428 0.3334
vn -0.0021 -0.9981 0.0616
vn -0.0000 -0.9970 0.0779
vn -0.0090 -0.9979 0.0647
vn 0.0028 -0.9768 -0.2139
vn 0.0042 -0.9857 -0.1685
vn 0.0116 -0.9839 -0.1784
vn 0.0123 -0.9601 -0.2795
vn 0.0052 -0.9580 -0.2868
vn -0.0044 -0.9408 -0.3390
vn 0.0095 -0.8967 -0.4425
vn 0.0149 -0.8971 -0.4416
vn 0.0127 -0.9044 -0.4265
vn 0.0107 -0.9125 -0.4088
vn 0.0041 -0.9076 -0.4199
vn 0.0068 -0.9021 -0.4314
vn 0.0117 -0.8629 -0.5053
vn -0.0056 -0.8631 -0.5051
vn 0.0115 -0.8633 -0.5046
vn -0.0030 -0.8407 -0.5415
vn 0.0180 -0.8431 -0.5375
vn 0.0068 -0.8230 -0.5680
vn -0.2147 -0.7484 -0.6276
vn 0.0050 -0.8604 -0.5096
vn -0.1941 -0.7636 -0.6158
vn -0.1935 -0.7787 -0.5969
vn 0.0204 -0.6616 -0.7495
vn 0.0029 -0.5884 -0.8085
vn 0.0021 -0.6624 -0.7492
vn -0.0061 -0.5592 -0.8290
vn 0.0081 -0.5502 -0.8350
vn 0.0037 -0.6866 -0.7270
vn -0.0000 -0.6866 -0.7271
vn 0.0101 -0.6721 -0.7404
vn -0.1812 -0.7855 -0.5918
vn 0.0079 -0.7997 -0.6004
vn -0.0030 -0.7512 -0.6600
vn -0.0048 -0.9981 0.0606
vn 0.0074 -0.9967 0.0806
vn 0.0019 -0.9971 0.0756
vn -0.0002 0.9016 -0.4325
vn 0.0145 0.8563 -0.5163
vn 0.0077 0.8543 -0.5197
vn 0.0066 0.8642 -0.5031
vn -0.0001 0.5335 -0.8458
vn 0.0007 0.7081 -0.7061
vn -0.0004 0.5611 -0.8277
vn 0.0035 0.5483 -0.8363
vn -0.0016 0.5932 -0.8050
vn -0.0019 0.6846 -0.7290
vn 0.0106 -0.8233 -0.5675
vn -0.0001 -0.8737 -0.4865
vn -0.0059 -0.8729 -0.4879
vn 0.0001 -0.8650 -0.5018
vn -0.0074 -0.7343 -0.6788
vn -0.0010 -0.7476 -0.6642
vn 0.0015 -0.7474 -0.6644
vn -0.0001 -0.9061 -0.4232
vn 0.0036 -0.9878 -0.1559
vn -0.0075 -0.9887 -0.1494
vn 0.0030 -0.9823 -0.1871
vn -0.0004 -0.6623 -0.7492
vn 0.0023 -0.6014 -0.7989
vn 0.0044 -0.5720 -0.8202
vn 0.0027 -0.5429 -0.8398
vn 0.0035 -0.4580 -0.8890
vn 0.0013 -0.3960 -0.9182
vn 0.0018 -0.3898 -0.9209
vn -0.0104 -0.3626 -0.9319
vn -0.0004 -0.3668 -0.9303
vn -0.0039 -0.3326 -0.9431
vn 0.0027 -0.4561 -0.8899
vn -0.0044 -0.3844 -0.9232
vn 0.0022 -0.2431 -0.9700
vn 0.0080 0.1335 -0.9910
vn 0.0017 0.1156 -0.9933
vn -0.0175 0.1225 -0.9923
vn 0.0037 -0.2161 -0.9764
vn -0.0014 0.4035 -0.9150
vn 0.0023 0.3880 -0.9216
vn -0.0003 0.4035 -0.9150
vn 0.0053 0.3461 -0.9382
vn 0.0029 0.3526 -0.9358
vn -0.0177 0.3503 -0.9365
vn 0.0016 0.4154 -0.9097
vn -0.0110 0.4039 -0.9147
vn 0.0019 0.4152 -0.9097
vn -0.0059 0.4275 -0.9040
vn -0.0068 0.4582 -0.8888
vn 0.0002 0.4271 -0.9042
vn -0.0050 0.2167 -0.9762
vn 0.0109 0.1909 -0.9815
vn -0.0145 0.2208 -0.9752
vn -0.0003 0.0680 -0.9977
vn -0.0041 0.0516 -0.9987
vn -0.0083 0.0550 -0.9985
vn -0.0007 0.1326 -0.9912
vn -0.0045 0.1908 -0.9816
vn -0.0097 0.2200 -0.9755
vn 0.0081 0.1848 -0.9827
vn 0.0006 0.2656 -0.9641
vn 0.0039 0.2836 -0.9589
vn 0.0040 0.2531 -0.9674
vn 0.0017 0.0048 -1.0000
vn 0.0030 -0.0010 -1.0000
vn 0.0055 0.0032 -1.0000
vn -0.0036 0.0672 -0.9977
vn 0.0101 0.0726 -0.9973
vn -0.0026 0.0442 -0.9990
vn 0.0043 0.4873 -0.8732
vn 0.0017 0.4869 -0.8734
vn 0.0048 0.5019 -0.8649
vn -0.0128 0.4942 -0.8693
vn -0.0060 0.5118 -0.8591
vn 0.0006 0.5126 -0.8586
vn -0.0041 0.4975 -0.8675
vn 0.0042 0.4000 -0.9165
vn -0.0018 0.4151 -0.9098
vn 0.0016 0.4152 -0.9097
vn -0.0009 0.3515 -0.9362
vn -0.0057 0.3538 -0.9353
vn 0.0028 0.3748 -0.9271
vn -0.0135 0.9999 0.0017
vn 0.0015 0.9989 0.0464
vn 0.0183 0.9976 -0.0674
vn 0.0105 0.9959 0.0893
vn -0.0005 0.9976 0.0695
vn -0.0077 0.9979 0.0640
vn 0.0006 0.9424 -0.3346
vn -0.0017 0.9839 -0.1785
vn -0.2902 0.9570 -0.0022
vn -0.0146 0.9195 -0.3928
vn 0.0087 0.9088 -0.4171
vn -0.0193 0.9178 -0.3965
vn -0.0084 0.9002 -0.4354
vn 0.0015 0.9090 -0.4168
vn -0.0020 0.9061 -0.4230
vn -0.0013 0.8233 -0.5676
vn -0.0116 0.8214 -0.5702
vn -0.0012 0.8231 -0.5679
vn 0.0022 0.8551 -0.5185
vn 0.0057 0.8691 -0.4947
vn 0.0028 0.8576 -0.5143
vn -0.0041 0.8763 -0.4818
vn 0.0032 0.7970 -0.6039
vn 0.0025 0.7560 -0.6545
vn 0.0105 0.5771 -0.8166
vn -0.0817 0.5428 -0.8359
vn 0.0097 0.6292 -0.7772
vn 0.0171 0.5487 -0.8358
vn -0.1266 0.5445 -0.8291
vn -0.0648 0.5368 -0.8412
vn 0.0143 0.6869 -0.7267
vn 0.0185 0.7102 -0.7038
vn -0.0443 0.5398 -0.8406
vn -0.0822 0.2922 -0.9528
vn -0.1399 0.3144 -0.9389
vn -0.2083 0.4333 -0.8768
vn -0.1506 0.3564 -0.9221
vn -0.1225 0.2503 -0.9604
vn -0.1416 0.3371 -0.9308
vn -0.0614 0.1347 -0.9890
vn -0.0142 0.0596 -0.9981
vn -0.0644 0.0306 -0.9975
vn -0.0410 0.0188 -0.9990
vn 0.0111 0.7674 -0.6410
vn 0.0110 0.7674 -0.6410
vn 0.0064 0.7591 -0.6510
vn -0.0013 0.7635 -0.6458
vn -0.0002 0.7605 -0.6494
vn -0.0090 0.8661 -0.4997
vn 0.0827 0.9893 0.1198
vn 0.1068 0.9913 0.0776
vn 0.0842 0.8028 0.5903
vn 0.1024 0.7636 0.6375
vn 0.1285 0.8014 0.5842
vn -0.0468 0.8266 -0.5608
vn 0.0042 0.8288 -0.5596
vn -0.0067 0.8398 -0.5428
vn 0.0021 0.8382 -0.5454
vn 0.0011 0.8400 -0.5426
vn 0.0021 0.8390 -0.5441
vn -0.0017 0.8317 -0.5552
vn 0.0047 0.8123 -0.5832
vn 0.0022 0.8118 -0.5840
vn 0.0078 0.7858 -0.6185
vn 0.0043 0.7896 -0.6136
vn 0.0074 0.7727 -0.6347
vn 0.0003 0.7899 -0.6132
vn -0.0032 0.8242 -0.5662
vn 0.0022 0.7688 -0.6395
vn -0.0255 0.7290 0.6841
vn -0.0142 0.7203 0.6935
vn -0.0104 0.7303 0.6830
vn 0.0373 0.8596 -0.5096
vn -0.0702 0.7949 0.6026
vn -0.1626 0.7683 0.6191
vn -0.1347 0.7608 0.6349
vn -0.1210 0.7952 0.5942
vn -0.1173 0.8601 0.4965
vn -0.1603 0.8250 0.5419
vn -0.2225 0.7865 0.5762
vn -0.1962 0.8620 0.4674
vn -0.1961 0.9799 0.0368
vn -0.2754 0.8204 0.5012
vn -0.1196 0.8873 0.4455
vn -0.1482 0.8838 0.4438
vn -0.1462 0.8781 0.4555
vn -0.1367 0.9217 0.3631
vn -0.1547 0.9407 0.3019
vn -0.2583 0.8873 0.3820
vn -0.3540 0.7577 0.5483
vn -0.3585 0.8273 0.4324
vn -0.4825 0.7447 0.4611
vn -0.2536 0.9503 0.1806
vn 0.0053 0.9202 -0.3914
vn -0.0034 0.8980 -0.4400
vn 0.0123 0.9069 -0.4211
vn -0.0086 0.9245 -0.3811
vn -0.0023 0.9249 -0.3801
vn -0.0068 0.8682 -0.4961
vn 0.0066 0.8474 -0.5309
vn -0.4458 0.8120 0.3768
vn -0.3812 0.9226 0.0588
vn -0.0423 0.9633 -0.2651
vn 0.0004 0.9055 -0.4244
vn 0.0070 0.9196 -0.3927
vn 0.0089 0.9195 -0.3931
vn 0.0067 0.8931 -0.4499
vn -0.0021 0.8997 -0.4364
vn 0.0023 0.9000 -0.4360
vn 0.0006 0.8728 -0.4882
vn 0.0112 0.8656 -0.5006
vn 0.0057 0.8641 -0.5033
vn -0.0016 0.8317 -0.5552
vn 0.0159 0.8270 -0.5619
vn 0.0069 0.8010 -0.5986
vn -0.0157 0.9232 -0.3840
vn 0.0009 0.9410 -0.3384
vn 0.0032 0.9406 -0.3395
vn 0.0008 0.9374 -0.3483
vn 0.0009 0.7334 -0.6798
vn -0.0056 0.6525 -0.7577
vn 0.0035 0.6537 -0.7568
vn 0.0030 0.6370 -0.7708
vn 0.0033 0.6758 -0.7371
vn -0.0057 0.6899 -0.7239
vn -0.0006 0.6753 -0.7375
vn -0.0036 0.7532 -0.6577
vn 0.0039 0.6779 -0.7351
vn -0.0007 0.7498 -0.6617
vn -0.0008 0.7498 -0.6616
vn 0.0001 0.7497 -0.6618
vn -0.0178 -0.1016 -0.9947
vn -0.0019 -0.0744 -0.9972
vn -0.0010 -0.0910 -0.9958
vn 0.0058 -0.0086 -0.9999
vn -0.3221 -0.4965 0.8061
vn -0.2540 -0.3462 0.9032
vn -0.9460 0.3094 -0.0970
vn -0.3365 -0.5509 0.7637
vn -0.4263 -0.5412 0.7248
vn 0.0902 -0.3544 0.9307
vn 0.0761 -0.3714 0.9254
vn 0.0688 -0.3729 0.9253
vn -0.6876 -0.5839 0.4316
vn -0.6891 -0.4787 0.5440
vn -0.6775 -0.3252 0.6598
vn -0.5838 -0.2167 0.7824
vn -0.5479 -0.1490 0.8232
vn -0.5733 -0.3746 0.7287
vn -0.6356 -0.4148 0.6511
vn -0.6052 -0.4275 0.6716
vn -0.5954 -0.4102 0.6909
vn -0.6304 -0.5715 0.5253
vn -0.4333 -0.6124 0.6612
vn 0.0151 0.9954 0.0945
vn 0.0134 0.9962 0.0859
vn -0.3353 0.9413 -0.0384
vn 0.0125 0.9676 0.2523
vn 0.0344 0.9741 0.2235
vn 0.0384 0.9732 0.2266
vn 0.0213 0.9796 0.1998
vn -0.3475 0.9345 -0.0772
vn 0.0026 0.9998 -0.0217
vn 0.0076 0.9997 0.0236
vn 0.0118 0.9998 0.0161
vn -0.2381 0.9711 -0.0136
vn 0.0287 0.9938 -0.1074
vn -0.5842 0.7887 0.1914
vn -0.5628 0.8198 0.1056
vn -0.2667 0.9635 -0.0251
vn -0.6617 0.7463 0.0723
vn -0.6555 0.7531 0.0569
vn -0.6485 0.7611 0.0125
vn -0.6585 0.7485 -0.0787
vn -0.5993 0.8000 -0.0298
vn -0.6157 0.7540 -0.2291
vn -0.2912 0.9484 -0.1257
vn -0.4706 0.8298 -0.3000
vn -0.3102 0.9442 -0.1104
vn 0.0119 0.9520 0.3060
vn 0.0175 0.9500 0.3118
vn 0.0187 0.9439 0.3296
vn 0.0041 0.5809 0.8140
vn -0.0138 0.5465 0.8374
vn 0.0006 0.5578 0.8299
vn 0.0066 0.5881 0.8088
vn -0.0063 0.5414 0.8408
vn 0.0075 0.7040 0.7101
vn -0.0007 0.7047 0.7095
vn 0.0024 0.6887 0.7250
vn 0.0068 -0.7108 -0.7034
vn 0.0027 -0.7614 -0.6483
vn 0.0013 -0.0683 -0.9977
vn -0.0060 -0.0906 -0.9959
vn -0.0022 -0.0604 -0.9982
vn 0.0117 -0.5844 0.8114
vn -0.0049 -0.5791 0.8153
vn 0.0220 -0.5984 0.8009
vn -0.0031 -0.8626 -0.5058
vn 0.0021 -0.8624 -0.5063
vn 0.0025 -0.8709 -0.4915
vn 0.0047 -0.7234 -0.6904
vn -0.0008 0.3263 -0.9453
vn -0.5795 -0.5323 0.6172
vn -0.6127 -0.6207 0.4892
vn -0.6096 -0.5137 0.6037
vn -0.6261 -0.4700 0.6222
vn -0.6283 -0.5087 0.5886
vn -0.5357 -0.3213 0.7809
vn -0.4643 -0.2117 0.8600
vn -0.4672 -0.2972 0.8327
vn -0.5446 -0.4286 0.7209
vn -0.4666 -0.3870 0.7953
vn -0.5105 -0.5210 0.6841
vn -0.5426 -0.6009 0.5870
vn -0.4546 -0.4638 0.7604
vn -0.5729 -0.6489 0.5007
vn -0.4811 -0.6472 0.5913
vn -0.4179 -0.6573 0.6271
vn -0.3278 -0.5932 0.7353
vn -0.2805 -0.8038 0.5246
vn -0.3008 -0.7471 0.5928
vn -0.2983 -0.6588 0.6906
vn -0.2187 -0.7482 0.6264
vn -0.1635 -0.6436 0.7477
vn -0.2098 -0.5426 0.8134
vn -0.2146 -0.6992 0.6819
vn -0.2280 -0.6780 0.6988
vn -0.2383 -0.7144 0.6578
vn -0.1637 -0.6060 0.7785
vn -0.5951 -0.6043 0.5297
vn -0.3043 -0.8332 0.4617
vn -0.0069 -0.9624 0.2715
vn 0.0035 -0.9683 0.2498
vn 0.0030 -0.9599 0.2805
vn 0.0085 -0.9881 0.1537
vn -0.0011 -0.9566 0.2915
vn 0.0029 -0.1419 -0.9899
vn 0.0064 -0.1578 -0.9874
vn 0.0013 0.0159 -0.9999
vn 0.0123 0.0213 -0.9997
vn 0.0036 0.0774 -0.9970
vn 0.0166 0.0879 -0.9960
vn 0.0031 0.0680 -0.9977
vn -0.0017 0.1183 -0.9930
vn 0.0207 0.2281 -0.9734
vn 0.0047 0.2887 -0.9574
vn -0.0015 0.4962 -0.8682
vn 0.0066 0.4721 -0.8815
vn 0.0053 0.4465 -0.8948
vn -0.0039 0.4694 -0.8830
vn -0.0040 0.4168 -0.9090
vn -0.0066 0.4189 -0.9080
vn 0.0142 0.4319 -0.9018
vn -0.0072 0.3836 -0.9235
vn 0.0080 0.3996 -0.9167
vn 0.0060 0.3997 -0.9166
vn 0.0047 0.3340 -0.9426
vn -0.0002 0.3348 -0.9423
vn 0.0044 0.3574 -0.9339
vn 0.0065 0.2132 -0.9770
vn -0.0057 0.1832 -0.9831
vn 0.0045 0.2139 -0.9769
vn 0.0099 0.1685 -0.9857
vn 0.0009 0.1670 -0.9860
vn 0.0038 0.1989 -0.9800
vn 0.0074 0.4892 -0.8722
vn 0.0037 0.5040 -0.8637
vn 0.0064 0.5043 -0.8635
vn -0.1796 0.4061 -0.8960
vn -0.1896 0.4024 -0.8956
vn -0.1581 0.4013 -0.9022
vn -0.2384 0.4973 -0.8342
vn -0.1985 0.4367 -0.8775
vn -0.2992 0.6048 -0.7381
vn -0.2686 0.5638 -0.7810
vn -0.3077 0.6263 -0.7163
vn -0.1410 0.4128 -0.8998
vn -0.2770 0.5644 -0.7777
vn -0.2809 0.5683 -0.7734
vn -0.1749 0.5355 -0.8262
vn -0.1745 0.4584 -0.8714
vn -0.2858 0.5882 -0.7565
vn 0.0229 0.1372 -0.9903
vn 0.0384 0.0749 -0.9964
vn 0.0323 0.0552 -0.9980
vn 0.0513 0.0463 -0.9976
vn 0.0105 0.0113 -0.9999
vn 0.0219 0.0335 -0.9992
vn 0.0176 0.0420 -0.9990
vn 0.0206 0.0930 -0.9955
vn -0.0069 -0.0962 -0.9953
vn 0.0022 -0.0748 -0.9972
vn 0.0065 -0.1052 -0.9944
vn 0.0017 -0.9051 -0.4252
vn -0.0017 -0.8982 -0.4395
vn -0.0056 -0.8987 -0.4386
vn 0.0075 -0.9928 -0.1195
vn -0.0026 -0.9988 -0.0490
vn -0.0122 -0.9989 -0.0450
vn 0.0050 -0.9975 -0.0711
vn -0.0022 -0.9998 0.0184
vn 0.0111 -0.9999 0.0002
vn -0.0049 -0.9998 0.0172
vn -0.6041 0.7090 -0.3639
vn -0.5362 0.8240 -0.1830
vn -0.5465 0.8373 -0.0137
vn -0.5545 0.7773 0.2972
vn -0.5431 0.7876 0.2912
vn -0.5831 0.7597 0.2878
vn -0.5133 0.7854 0.3460
vn -0.4686 0.8553 0.2209
vn -0.3723 0.8872 0.2725
vn -0.3057 0.9025 0.3034
vn -0.2411 0.9331 0.2669
vn -0.0621 0.9516 0.3009
vn -0.0964 0.8979 0.4295
vn -0.0811 0.9002 0.4278
vn -0.0848 0.9073 0.4118
vn -0.0449 0.9418 0.3331
vn -0.0395 0.8377 0.5448
vn -0.0451 0.8518 0.5219
vn -0.0653 0.8395 0.5394
vn -0.0394 0.8781 0.4768
vn -0.0293 0.8789 0.4761
vn -0.0431 0.8807 0.4718
vn 0.0113 0.8167 0.5770
vn -0.0054 0.7698 0.6383
vn 0.0183 0.7726 0.6347
vn -0.0017 0.7752 0.6317
vn 0.0553 0.8591 0.5087
vn 0.1153 0.7285 0.6752
vn 0.1340 0.7384 0.6609
vn 0.1168 0.7438 0.6581
vn 0.1360 0.8462 0.5152
vn 0.2221 0.7792 0.5861
vn 0.1846 0.7648 0.6172
vn 0.1670 0.7623 0.6254
vn 0.1801 0.7564 0.6288
vn 0.2244 0.8233 0.5213
vn 0.1626 0.8836 0.4391
vn 0.1824 0.9273 0.3270
vn 0.1327 0.9729 0.1892
vn 0.1201 0.9420 0.3134
vn 0.1745 0.9596 0.2206
vn 0.1214 0.9082 0.4006
vn 0.0556 0.9201 0.3876
vn 0.0646 0.9739 0.2174
vn 0.1869 0.9788 0.0834
vn 0.1372 0.9896 0.0424
vn 0.0876 0.9921 0.0899
vn 0.1384 0.9892 -0.0484
vn 0.0567 0.9935 -0.0983
vn 0.1458 0.9809 -0.1289
vn 0.0538 0.9877 -0.1465
vn 0.0732 0.9711 -0.2271
vn 0.0595 0.9932 0.0996
vn 0.0572 0.9983 -0.0098
vn 0.1025 0.9947 0.0059
vn 0.0834 0.9964 -0.0149
vn 0.0114 0.9578 0.2873
vn 0.0208 0.9272 0.3741
vn -0.0101 0.8907 0.4545
vn -0.0189 0.8827 0.4696
vn -0.0019 0.8832 0.4690
vn -0.0839 0.9665 0.2425
vn -0.1887 0.9620 0.1974
vn -0.3223 0.9363 0.1393
vn -0.2230 0.9700 0.0964
vn -0.4143 0.9022 0.1201
vn -0.5153 0.8569 -0.0168
vn -0.5300 0.8464 0.0514
vn -0.4850 0.8743 0.0200
vn -0.4304 0.8997 -0.0729
vn -0.5550 0.7525 -0.3546
vn -0.4457 0.8429 -0.3015
vn -0.5341 0.6975 -0.4778
vn -0.4608 0.7778 -0.4274
vn -0.4773 0.7051 -0.5245
vn -0.4222 0.8892 -0.1761
vn -0.3433 0.9336 -0.1031
vn -0.2996 0.9540 -0.0095
vn -0.3451 0.9067 -0.2426
vn -0.3493 0.8474 -0.3999
vn -0.2482 0.9565 -0.1536
vn -0.2746 0.9156 -0.2936
vn -0.4056 0.7715 -0.4902
vn -0.3219 0.7937 -0.5161
vn -0.4075 0.7272 -0.5524
vn -0.3688 0.7467 -0.5536
vn -0.3729 0.7408 -0.5587
vn -0.3879 0.7318 -0.5603
vn -0.1041 0.9746 0.1985
vn -0.3025 0.8835 -0.3576
vn -0.1518 0.9879 0.0318
vn -0.2607 0.8571 -0.4444
vn -0.2207 0.9076 -0.3572
vn -0.1972 0.9802 -0.0152
vn -0.1717 0.9583 -0.2283
vn -0.1849 0.9738 -0.1326
vn -0.0993 0.9939 -0.0478
vn -0.1343 0.9862 0.0968
vn -0.0514 0.9946 0.0899
vn -0.0755 0.9821 -0.1725
vn -0.1330 0.9547 -0.2663
vn -0.1617 0.9098 -0.3823
vn -0.2642 0.8018 -0.5360
vn -0.1270 0.9918 0.0155
vn -0.1767 0.8613 -0.4763
vn -0.1863 0.8088 -0.5578
vn 0.0403 0.9066 0.4201
vn 0.0398 0.9064 0.4206
vn 0.0372 0.9145 0.4028
vn 0.0051 0.8351 0.5500
vn 0.0044 0.8353 0.5498
vn 0.0059 0.8388 0.5444
vn -0.0013 0.7608 0.6490
vn 0.0059 0.7193 0.6947
vn -0.1511 0.9885 0.0107
vn -0.0797 0.8742 -0.4790
vn -0.1060 0.8861 -0.4512
vn -0.0208 0.9867 0.1611
vn 0.0109 0.8026 0.5964
vn -0.0466 0.9887 0.1421
vn 0.0098 0.5979 0.8015
vn 0.0064 0.6933 0.7206
vn 0.1090 0.9835 0.1441
vn -0.1278 0.8199 -0.5581
vn -0.1360 0.8416 -0.5227
vn -0.1212 0.8229 -0.5551
vn -0.0255 0.8936 -0.4481
vn -0.0285 0.8594 -0.5106
vn -0.0167 0.8434 -0.5370
vn -0.0369 0.8560 -0.5156
vn 0.0007 0.9927 0.1204
vn -0.0980 0.9400 -0.3269
vn -0.0538 0.9215 -0.3846
vn -0.0588 0.9171 -0.3944
vn -0.0752 0.9156 -0.3949
vn -0.0091 0.9487 -0.3161
vn 0.0332 0.9387 -0.3432
vn -0.0353 0.9756 -0.2167
vn -0.0411 0.9963 -0.0749
vn -0.0599 0.9883 0.1401
vn 0.0015 0.9984 0.0565
vn 0.0158 0.9992 0.0365
vn 0.0044 0.9996 0.0282
vn 0.0081 0.9986 0.0529
vn 0.0173 0.9990 0.0406
vn -0.0165 0.9986 0.0501
vn 0.0379 0.9860 0.1624
vn 0.0033 0.9873 0.1586
vn -0.0291 0.9800 0.1969
vn 0.0060 0.9846 0.1745
vn -0.0504 0.9934 0.1034
vn -0.0512 0.9882 0.1446
vn -0.0227 0.9896 0.1417
vn -0.0023 0.4122 0.9111
vn -0.0104 0.4388 0.8985
vn -0.0153 0.4229 0.9060
vn -0.0133 0.4223 0.9063
vn -0.3852 -0.2837 0.8781
vn -0.4796 -0.5718 0.6656
vn -0.4255 -0.5511 0.7178
vn -0.3910 -0.4350 0.8111
vn -0.3749 -0.5428 0.7516
vn -0.2677 -0.4708 0.8407
vn -0.1182 -0.3906 0.9130
vn -0.1296 -0.4720 0.8720
vn -0.1330 -0.6511 0.7472
vn -0.1047 -0.6578 0.7459
vn -0.1179 -0.6664 0.7362
vn -0.1075 -0.6843 0.7213
vn -0.0818 -0.5211 0.8496
vn -0.0964 -0.5391 0.8367
vn -0.0659 -0.5159 0.8541
vn -0.0664 -0.5257 0.8481
vn -0.0928 -0.5526 0.8283
vn -0.0685 -0.5477 0.8339
vn -0.0346 -0.4639 0.8852
vn -0.0367 -0.3774 0.9253
vn -0.0457 -0.2616 0.9641
vn 0.0105 -0.2258 0.9741
vn -0.0184 -0.1031 0.9945
vn 0.0355 -0.1351 0.9902
vn 0.0604 -0.0233 0.9979
vn 0.0216 -0.0193 0.9996
vn 0.0085 -0.0429 0.9990
vn 0.0587 0.1071 0.9925
vn 0.0242 0.0530 0.9983
vn 0.0368 0.0674 0.9970
vn 0.0635 0.2019 0.9773
vn 0.0013 0.1549 0.9879
vn 0.0371 0.2001 0.9791
vn -0.0217 0.0569 0.9981
vn -0.0246 0.0320 0.9992
vn -0.0224 0.0169 0.9996
vn -0.0670 0.0180 0.9976
vn -0.0469 0.0634 0.9969
vn -0.0611 0.0550 0.9966
vn -0.0793 0.0230 0.9966
vn -0.0480 0.0362 0.9982
vn -0.0400 0.0505 0.9979
vn -0.1334 0.0388 0.9903
vn -0.1767 -0.1024 0.9789
vn -0.1006 -0.1148 0.9883
vn -0.0485 -0.0786 0.9957
vn -0.0594 -0.1703 0.9836
vn -0.1669 -0.1798 0.9694
vn -0.1251 -0.2223 0.9669
vn -0.1570 -0.3265 0.9321
vn -0.1527 -0.3763 0.9138
vn -0.1334 -0.3183 0.9386
vn -0.2341 -0.3676 0.9000
vn -0.0013 -0.8647 -0.5023
vn 0.0046 -0.8727 -0.4882
vn 0.0003 -0.8732 -0.4873
vn 0.0022 -0.9007 -0.4343
vn 0.0013 -0.9082 -0.4186
vn -0.0044 -0.9012 -0.4334
vn -0.3273 -0.2116 0.9209
vn -0.2247 -0.0735 0.9717
vn -0.3199 -0.3280 0.8889
vn -0.3134 -0.4155 0.8539
vn -0.2493 -0.1784 0.9519
vn -0.2421 -0.3025 0.9219
vn -0.0013 -0.5332 -0.8460
vn 0.0039 -0.4687 -0.8834
vn 0.0059 -0.4161 -0.9093
vn 0.0006 -0.3097 -0.9508
vn 0.0017 -0.3094 -0.9509
vn -0.0151 -0.2930 -0.9560
vn 0.0016 -0.2791 -0.9603
vn 0.0150 -0.3757 -0.9266
vn 0.0093 -0.4742 -0.8804
vn 0.0089 -0.5330 -0.8461
vn 0.0141 -0.3215 -0.9468
vn 0.0018 -0.1229 -0.9924
vn 0.0189 -0.0381 -0.9991
vn -0.0067 -0.0513 -0.9987
vn -0.0081 -0.0503 -0.9987
vn -0.0032 -0.7146 -0.6995
vn 0.0192 0.4106 0.9116
vn -0.0144 0.3484 0.9372
vn -0.0226 0.3692 0.9291
vn -0.0255 0.3417 0.9395
vn 0.0634 0.5710 0.8185
vn 0.0628 0.6517 0.7559
vn 0.1445 0.6737 0.7247
vn 0.1554 -0.2845 0.9460
vn 0.0587 0.2544 0.9653
vn 0.0819 0.6859 0.7231
vn 0.0652 0.4131 0.9083
vn 0.0895 0.4950 0.8642
vn 0.1114 0.5509 0.8271
vn 0.0461 0.3131 0.9486
vn 0.0962 0.2941 0.9509
vn 0.1053 0.4105 0.9058
vn 0.1182 0.5121 0.8507
vn 0.1135 0.6122 0.7825
vn 0.1130 0.6954 0.7097
vn 0.1291 0.6303 0.7655
vn 0.1033 0.6964 0.7102
vn 0.1648 0.1406 0.9763
vn 0.0815 -0.4202 0.9038
vn -0.0132 -0.7901 0.6128
vn 0.0100 -0.7639 0.6452
vn -0.0001 -0.7674 0.6411
vn 0.0098 -0.7705 0.6374
vn -0.0102 0.9938 -0.1111
vn -0.0028 0.9992 -0.0405
vn 0.0483 0.9983 -0.0326
vn 0.0160 0.9978 -0.0645
vn 0.0222 0.9992 -0.0341
vn 0.0973 0.9517 -0.2912
vn 0.0350 0.9005 -0.4335
vn 0.0852 0.9201 -0.3822
vn -0.0350 -0.5760 0.8167
vn -0.0257 -0.5439 0.8387
vn -0.0093 -0.4022 0.9155
vn 0.0260 -0.3012 0.9532
vn 0.0326 -0.1879 0.9816
vn -0.0452 -0.7239 0.6884
vn -0.0444 -0.6479 0.7604
vn -0.0206 -0.6028 0.7976
vn -0.0294 -0.2020 0.9789
vn -0.0061 -0.7376 0.6752
vn -0.0164 -0.6711 0.7412
vn -0.0319 -0.7836 0.6205
vn 0.0095 -0.5552 0.8317
vn 0.0102 -0.4724 0.8813
vn -0.0009 -0.4808 0.8769
vn 0.0012 -0.4936 0.8697
vn 0.0260 -0.5037 0.8635
vn 0.0275 -0.4009 0.9157
vn 0.0239 -0.4596 0.8878
vn 0.0275 -0.3020 0.9529
vn 0.0256 -0.2889 0.9570
vn 0.0335 -0.2320 0.9721
vn 0.0390 -0.1454 0.9886
vn 0.0343 -0.1914 0.9809
vn 0.0706 -0.1358 0.9882
vn 0.0385 -0.1193 0.9921
vn 0.0079 -0.1441 0.9895
vn 0.0526 -0.1228 0.9910
vn 0.0275 -0.1586 0.9870
vn 0.0397 -0.1404 0.9893
vn 0.0233 -0.0351 0.9991
vn 0.0150 -0.2963 0.9550
vn 0.0686 -0.2792 0.9578
vn 0.0189 -0.2595 0.9656
vn 0.0224 -0.6587 0.7521
vn 0.0184 -0.6749 0.7377
vn 0.0244 -0.6589 0.7518
vn 0.0167 -0.7172 0.6966
vn 0.0165 -0.7159 0.6980
vn 0.0189 -0.7648 0.6440
vn 0.0235 0.0072 0.9997
vn 0.0359 -0.7645 0.6436
vn 0.0262 -0.7594 0.6501
vn 0.0299 -0.7587 0.6508
vn 0.0158 -0.5498 0.8352
vn 0.0058 -0.5611 0.8277
vn 0.0351 -0.5609 0.8271
vn 0.0206 -0.6347 0.7725
vn 0.0172 -0.6382 0.7696
vn 0.0136 -0.6509 0.7591
vn 0.0020 -0.5677 0.8233
vn 0.0299 -0.5717 0.8199
vn 0.0017 -0.5742 0.8187
vn 0.0300 -0.4621 0.8863
vn 0.0246 -0.5029 0.8640
vn 0.0242 -0.4909 0.8709
vn -0.0169 -0.3970 0.9177
vn 0.0428 -0.3934 0.9184
vn -0.0243 -0.3972 0.9174
vn 0.0281 -0.3738 0.9271
vn 0.0400 -0.2777 0.9598
vn 0.0090 0.5478 0.8366
vn 0.0151 0.5377 0.8430
vn 0.0099 0.5372 0.8434
vn 0.0398 -0.1119 0.9929
vn 0.0063 -0.6741 0.7387
vn 0.0160 -0.6152 0.7882
vn -0.0044 -0.6125 0.7904
vn -0.0031 -0.6313 0.7755
vn 0.0060 -0.7286 0.6849
vn 0.0619 -0.1040 0.9926
vn 0.0427 0.6016 0.7977
vn 0.0042 0.6516 0.7586
vn 0.0492 0.8808 -0.4708
vn 0.0384 0.8917 -0.4510
vn 0.0569 0.8752 -0.4804
vn 0.1345 0.9281 -0.3471
vn 0.1409 0.9636 -0.2273
vn 0.1649 0.9757 0.1445
vn -0.0868 0.8126 0.5763
vn 0.0080 0.9743 0.2253
vn -0.0903 0.8128 0.5754
vn 0.0608 0.6290 0.7751
vn 0.0321 0.6148 0.7880
vn 0.0267 0.6219 0.7826
vn 0.0372 0.6162 0.7867
vn 0.0500 0.6251 0.7789
vn -0.0940 0.8031 0.5884
vn -0.1539 0.9639 0.2174
vn -0.0387 0.8432 0.5362
vn 0.1761 0.9474 -0.2673
vn 0.1817 0.9650 -0.1893
vn 0.1879 0.9760 -0.1096
vn 0.1918 0.9814 0.0062
vn 0.1621 0.9698 0.1821
vn 0.1989 0.9674 0.1565
vn 0.1596 0.9701 0.1831
vn 0.2289 0.9569 0.1789
vn 0.2449 0.9165 0.3162
vn 0.2524 0.9631 0.0933
vn 0.2502 0.9481 0.1960
vn 0.2924 0.9374 0.1894
vn 0.2898 0.9133 0.2863
vn 0.2272 0.8928 0.3889
vn 0.2792 0.8496 0.4476
vn 0.2106 0.8688 0.4480
vn 0.2237 0.8669 0.4454
vn 0.2228 0.8731 0.4337
vn 0.2880 0.7964 0.5318
vn 0.2493 0.8372 0.4867
vn 0.1635 0.9821 0.0939
vn -0.0283 0.9117 -0.4099
vn -0.0249 0.9273 -0.3735
vn -0.0066 0.9236 -0.3833
vn -0.0037 0.8177 -0.5757
vn 0.0024 0.3987 -0.9171
vn -0.0030 0.6093 -0.7929
vn -0.0215 -0.0092 -0.9997
vn 0.0334 -0.1461 -0.9887
vn 0.0007 0.8242 -0.5663
vn 0.0793 0.1575 -0.9843
vn -0.0157 -0.0422 -0.9990
vn 0.0234 -0.1761 -0.9841
vn -0.0869 0.1681 -0.9819
vn -0.0381 0.1131 -0.9929
vn -0.0810 0.1890 -0.9786
vn -0.0840 0.0945 -0.9920
vn -0.1113 0.1619 -0.9805
vn -0.1475 0.2662 -0.9526
vn -0.1264 0.1790 -0.9757
vn -0.1605 0.2879 -0.9441
vn -0.1268 0.2831 -0.9507
vn -0.1747 0.3466 -0.9216
vn -0.2224 0.4348 -0.8726
vn -0.1843 0.3693 -0.9108
vn -0.0876 0.2265 -0.9701
vn -0.0934 0.2544 -0.9626
vn -0.0974 0.2472 -0.9641
vn 0.0090 0.5474 -0.8368
vn 0.0017 0.5620 0.8271
vn 0.1303 0.5586 0.8192
vn 0.1407 0.6837 0.7161
vn 0.1587 0.6899 0.7063
vn 0.1331 0.6833 0.7179
vn 0.1296 -0.1106 0.9854
vn 0.1336 0.6398 0.7568
vn 0.1476 0.6204 0.7703
vn 0.1272 0.6371 0.7602
vn 0.1103 0.4185 0.9015
vn 0.1010 0.3610 0.9271
vn 0.1392 0.4709 0.8711
vn 0.1172 0.4869 0.8656
vn 0.1089 0.4692 0.8763
vn 0.0634 0.0768 0.9950
vn 0.0681 -0.0029 0.9977
vn 0.0852 0.0111 0.9963
vn 0.0303 0.0028 0.9995
vn 0.0286 -0.0594 0.9978
vn 0.0661 0.0010 0.9978
vn 0.0324 -0.0120 0.9994
vn 0.0635 0.1084 0.9921
vn 0.0561 0.0739 0.9957
vn 0.0660 0.1372 0.9883
vn 0.0609 0.2441 0.9678
vn 0.0799 0.2603 0.9622
vn 0.0873 0.2810 0.9557
vn 0.0953 0.3405 0.9354
vn 0.0905 0.2764 0.9568
vn 0.0852 0.4673 0.8800
vn 0.0833 0.4627 0.8826
vn 0.1178 0.4523 0.8841
vn 0.1108 0.5170 0.8488
vn 0.0978 0.4395 0.8929
vn 0.0862 0.3444 0.9349
vn 0.0549 0.1298 0.9900
vn 0.0165 -0.0252 0.9995
vn 0.0576 -0.0439 0.9974
vn 0.0719 -0.0214 0.9972
vn 0.0853 0.4591 0.8843
vn 0.1083 0.5446 0.8317
vn 0.0497 0.1912 0.9803
vn 0.0652 0.3144 0.9471
vn 0.0609 0.4389 0.8964
vn 0.0748 0.5237 0.8486
vn 0.0822 0.5657 0.8205
vn 0.0951 0.6126 0.7846
vn 0.1250 0.5900 0.7977
vn 0.1149 0.6771 0.7269
vn 0.0934 0.6836 0.7239
vn 0.1414 0.6631 0.7351
vn 0.1411 0.7447 0.6523
vn 0.1565 0.7408 0.6532
vn 0.1459 0.6403 0.7541
vn 0.1294 0.5419 0.8304
vn 0.1642 0.7781 0.6063
vn 0.2450 0.1238 0.9616
vn 0.1557 0.6972 0.6997
vn 0.2008 0.1329 0.9706
vn 0.0234 -0.6988 0.7149
vn 0.1878 -0.1189 0.9750
vn 0.1436 0.7918 0.5937
vn 0.1746 0.7996 0.5746
vn 0.1303 0.7969 0.5899
vn 0.1984 0.4272 0.8821
vn 0.1337 0.7832 0.6073
vn 0.1117 0.7340 0.6699
vn 0.2680 0.1954 0.9434
vn 0.1381 0.8067 0.5746
vn 0.1250 0.8139 0.5674
vn 0.1494 0.8022 0.5781
vn -0.1336 -0.1682 0.9767
vn 0.1082 0.8107 0.5754
vn -0.2404 0.0984 0.9657
vn -0.2163 -0.6870 0.6937
vn 0.0461 -0.4177 0.9074
vn -0.1928 -0.7320 0.6534
vn 0.0121 -0.7705 0.6373
vn 0.0060 -0.8463 0.5327
vn 0.0109 -0.8388 0.5444
vn -0.2535 -0.8470 0.4672
vn -0.2050 -0.8207 0.5333
vn 0.0122 -0.8236 0.5670
vn -0.2012 -0.8003 0.5649
vn 0.0156 -0.7870 0.6168
vn 0.0156 -0.7836 0.6211
vn 0.0152 -0.7834 0.6213
vn 0.0076 -0.7929 0.6093
vn -0.1760 -0.7174 0.6740
vn -0.4064 -0.7052 0.5809
vn -0.4034 -0.7171 0.5684
vn -0.4037 -0.7170 0.5683
vn -0.4075 -0.6748 0.6154
vn -0.4077 -0.7175 0.5647
vn -0.4058 -0.7073 0.5789
vn -0.4065 -0.7073 0.5784
vn -0.3811 -0.7478 0.5437
vn -0.3921 -0.7924 0.4673
vn -0.0025 -0.8869 0.4619
vn -0.0012 -0.8906 0.4547
vn 0.0038 -0.8790 0.4769
vn 0.0065 -0.9162 0.4006
vn 0.0088 -0.9167 0.3995
vn 0.0054 -0.9184 0.3957
vn -0.3884 -0.8439 0.3701
vn -0.3474 -0.8345 0.4278
vn -0.2641 -0.9071 0.3278
vn -0.1237 -0.9500 0.2866
vn -0.3846 -0.8640 0.3248
vn -0.3716 -0.8627 0.3431
vn -0.3746 -0.8260 0.4212
vn -0.3712 -0.7801 0.5037
vn -0.4017 -0.6283 0.6663
vn -0.3973 -0.6648 0.6326
vn -0.4080 -0.6610 0.6298
vn -0.4166 -0.6585 0.6267
vn -0.4108 -0.6533 0.6359
vn -0.4171 -0.6579 0.6271
vn -0.4075 -0.6612 0.6298
vn -0.2657 0.0548 0.9625
vn 0.0969 0.7590 0.6439
vn 0.0989 0.7652 0.6362
vn 0.0972 0.7802 0.6179
vn 0.0838 0.6614 0.7453
vn 0.0867 0.6230 0.7774
vn 0.1031 0.6404 0.7611
vn 0.1057 0.6380 0.7628
vn 0.0605 0.4989 0.8646
vn 0.0686 0.4737 0.8780
vn 0.0760 0.4933 0.8665
vn 0.0571 0.4966 0.8661
vn 0.0701 0.5875 0.8062
vn 0.0631 0.5785 0.8132
vn 0.0837 0.5717 0.8162
vn -0.1932 0.1988 0.9608
vn 0.0751 0.6414 0.7635
vn -0.2354 0.1543 0.9596
vn -0.2131 0.1372 0.9674
vn -0.3729 -0.4592 0.8063
vn -0.3538 -0.4073 0.8420
vn -0.3688 -0.4661 0.8042
vn -0.3288 -0.5832 0.7428
vn -0.3530 -0.5433 0.7617
vn -0.3305 -0.5837 0.7417
vn -0.3373 -0.6503 0.6807
vn -0.3261 -0.6891 0.6472
vn -0.3506 -0.6937 0.6291
vn -0.3365 -0.7423 0.5795
vn -0.3379 -0.7418 0.5793
vn -0.3299 -0.7158 0.6155
vn -0.3431 -0.7634 0.5473
vn -0.3258 -0.7749 0.5417
vn -0.3197 -0.8365 0.4451
vn -0.3348 -0.8200 0.4642
vn -0.3243 -0.8814 0.3435
vn -0.3440 -0.8596 0.3778
vn -0.3259 -0.9143 0.2405
vn -0.3370 -0.8956 0.2903
vn -0.3460 -0.9155 0.2052
vn -0.3176 -0.8468 -0.4266
vn -0.2834 -0.9040 -0.3201
vn -0.2361 -0.5979 -0.7660
vn -0.2542 -0.5102 -0.8216
vn -0.2418 -0.7166 -0.6542
vn -0.2453 -0.7066 -0.6637
vn -0.2377 -0.8293 -0.5057
vn -0.2390 -0.7962 -0.5558
vn -0.2106 -0.8643 -0.4568
vn -0.2445 -0.7737 -0.5845
vn -0.1573 -0.9787 -0.1316
vn -0.1628 -0.9815 -0.1005
vn -0.1463 -0.9857 -0.0840
vn -0.1113 -0.9932 0.0339
vn -0.1107 -0.9860 0.1245
vn -0.1557 -0.9820 0.1073
vn -0.1341 -0.9890 0.0622
vn -0.0861 -0.9673 0.2387
vn -0.2505 -0.8903 -0.3803
vn -0.3943 -0.8901 -0.2288
vn -0.3699 -0.4239 -0.8267
vn -0.2618 -0.9128 -0.3136
vn -0.3560 -0.4169 -0.8363
vn -0.3101 -0.9208 -0.2368
vn -0.0712 -0.8118 0.5796
vn -0.2658 -0.9252 -0.2708
vn -0.1717 0.4184 -0.8919
vn -0.2973 0.0367 -0.9541
vn -0.2835 0.0595 -0.9571
vn -0.2113 0.4671 -0.8586
vn -0.2112 0.4018 -0.8910
vn -0.2448 0.4944 -0.8340
vn -0.2441 0.4742 -0.8459
vn -0.2150 0.3933 -0.8939
vn -0.2609 0.5361 -0.8028
vn -0.2335 0.4650 -0.8540
vn -0.2695 0.5326 -0.8023
vn -0.2963 0.5787 -0.7598
vn -0.2074 0.4973 -0.8424
vn -0.2484 0.5530 -0.7953
vn -0.2673 0.5851 -0.7657
vn -0.2888 0.5671 -0.7714
vn -0.2657 0.5825 -0.7682
vn -0.1105 -0.0032 -0.9939
vn -0.3088 0.0723 -0.9484
vn -0.3781 -0.1709 -0.9098
vn -0.0361 -0.3752 -0.9262
vn 0.0256 -0.4664 -0.8842
vn 0.0203 -0.4607 -0.8873
vn 0.0142 -0.4482 -0.8938
vn 0.0195 -0.3899 -0.9207
vn 0.0222 -0.3846 -0.9228
vn 0.0241 -0.4605 -0.8873
vn -0.1524 -0.9014 -0.4052
vn -0.3648 -0.3828 -0.8487
vn -0.4188 -0.8455 -0.3314
vn -0.3900 -0.3699 -0.8433
vn -0.0191 -0.9558 0.2933
vn -0.0210 -0.8963 0.4430
vn -0.0159 -0.8891 0.4575
vn -0.0286 -0.8804 0.4734
vn -0.0346 -0.9208 0.3885
vn -0.2009 -0.9778 -0.0593
vn -0.0844 -0.9574 0.2762
vn -0.0925 -0.9464 0.3095
vn -0.0588 -0.9626 0.2646
vn -0.0296 -0.9299 -0.3667
vn 0.0272 -0.4915 -0.8704
vn 0.0235 -0.4971 -0.8674
vn 0.0265 -0.4921 -0.8701
vn 0.0179 -0.4848 -0.8744
vn -0.1228 -0.9699 0.2101
vn -0.0404 -0.9195 -0.3911
vn -0.1494 -0.9874 0.0521
vn -0.1232 -0.9838 0.1301
vn -0.1370 -0.9784 0.1551
vn -0.1499 -0.9887 0.0088
vn -0.1920 -0.9763 -0.1000
vn -0.1631 -0.9834 -0.0793
vn -0.2188 -0.9435 -0.2490
vn -0.2289 -0.9418 -0.2462
vn -0.2662 -0.8853 -0.3814
vn -0.0472 -0.9392 -0.3401
vn -0.1864 -0.9803 0.0653
vn -0.2368 -0.9650 -0.1123
vn -0.2716 -0.9161 -0.2949
vn -0.1591 -0.9637 -0.2142
vn -0.1353 -0.8506 -0.5082
vn -0.2993 -0.9390 -0.1696
vn -0.3236 -0.8907 -0.3193
vn -0.1900 -0.8437 -0.5020
vn 0.0226 -0.5521 -0.8335
vn 0.0153 -0.5284 -0.8488
vn 0.0248 -0.5460 -0.8374
vn 0.0247 -0.5459 -0.8375
vn 0.0159 -0.5507 -0.8346
vn 0.0245 -0.3692 -0.9290
vn 0.0229 -0.3842 -0.9230
vn 0.0179 -0.3916 -0.9199
vn -0.3968 -0.7364 -0.5480
vn -0.1361 -0.7643 -0.6304
vn -0.4035 -0.6845 -0.6072
vn -0.3634 -0.7731 -0.5198
vn -0.3224 -0.8477 -0.4212
vn -0.4431 -0.5659 -0.6953
vn -0.4096 -0.6098 -0.6785
vn -0.4324 -0.5860 -0.6853
vn -0.1155 -0.8481 -0.5171
vn 0.0271 -0.8979 -0.4394
vn 0.0183 -0.9091 -0.4163
vn 0.0162 -0.9269 -0.3750
vn 0.0106 -0.8668 -0.4986
vn 0.0083 -0.8758 -0.4827
vn 0.0047 -0.8747 -0.4846
vn 0.0125 -0.9934 -0.1138
vn 0.0064 -0.9985 -0.0550
vn 0.0045 -0.9911 0.1330
vn -0.0017 -0.9920 0.1259
vn 0.0037 -0.9732 0.2301
vn -0.0042 -0.9732 0.2300
vn 0.0006 -0.9800 0.1988
vn 0.0096 -0.9918 0.1276
vn 0.0048 -0.9994 0.0342
vn 0.0090 -0.9988 0.0488
vn 0.0044 -0.9987 0.0505
vn 0.0036 -0.9994 -0.0339
vn -0.0069 -0.9980 -0.0625
vn 0.0027 -0.9978 -0.0662
vn -0.1793 -0.8174 -0.5475
vn -0.0537 -0.9242 -0.3781
vn -0.1677 -0.7810 -0.6016
vn 0.0027 -0.9995 0.0327
vn 0.0053 -0.9994 0.0353
vn 0.0180 -0.9994 0.0309
vn -0.1646 -0.7737 -0.6118
vn -0.2483 -0.3507 -0.9030
vn -0.0064 -0.9558 0.2941
vn 0.0025 -0.9751 0.2217
vn 0.0072 -0.9814 0.1918
vn 0.0134 -0.9813 0.1920
vn 0.0072 -0.9765 0.2156
vn 0.0018 -0.9502 0.3116
vn -0.0045 -0.9991 0.0427
vn 0.0023 -0.9996 0.0290
vn -0.0085 -0.9987 0.0496
vn -0.0050 -0.9968 0.0797
vn 0.0024 -0.9480 0.3183
vn 0.0091 -0.9202 0.3914
vn 0.0154 -0.9116 0.4109
vn 0.0084 -0.9203 0.3912
vn -0.0000 -0.9222 0.3868
vn 0.0010 -0.9193 0.3936
vn -0.0084 -0.9140 0.4057
vn 0.0012 -0.8769 0.4806
vn 0.0018 -0.8564 0.5162
vn 0.0031 -0.8851 0.4654
vn 0.0022 -0.8384 0.5451
vn 0.0014 -0.8404 0.5419
vn 0.0035 -0.8514 0.5245
vn 0.0023 -0.8523 0.5231
vn -0.0143 -0.8501 0.5264
vn -0.0059 -0.8831 0.4691
vn 0.0081 -0.9227 0.3853
vn -0.0059 -0.9149 0.4037
vn -0.0089 -0.9156 0.4021
vn 0.0104 -0.8788 0.4771
vn 0.0056 -0.8812 0.4728
vn -0.0085 -0.8859 0.4637
vn 0.0712 -0.6658 0.7427
vn 0.0121 -0.7340 0.6790
vn 0.1883 0.0987 0.9771
vn 0.1849 0.2298 0.9555
vn 0.1527 0.6686 0.7278
vn 0.0077 -0.7778 0.6285
vn 0.0090 -0.7785 0.6276
vn 0.0125 -0.7704 0.6374
vn 0.0743 -0.6100 0.7889
vn 0.0170 -0.7678 0.6405
vn 0.0139 -0.7602 0.6496
vn 0.0153 -0.7617 0.6478
vn 0.0075 -0.7804 0.6252
vn 0.0142 -0.7739 0.6332
vn 0.0034 -0.8066 0.5911
vn 0.0084 -0.7986 0.6018
vn 0.0099 -0.7987 0.6017
vn 0.0041 -0.8049 0.5934
vn 0.0100 -0.8082 0.5889
vn 0.0027 -0.8197 0.5728
vn 0.0029 -0.8261 0.5636
vn 0.0046 -0.8202 0.5721
vn 0.0024 -0.9989 -0.0465
vn -0.0019 -0.9976 -0.0693
vn 0.0017 -0.9976 -0.0699
vn -0.0035 -0.9999 0.0130
vn 0.0053 -0.9999 0.0133
vn 0.0078 -0.9998 0.0162
vn -0.2511 0.5100 -0.8227
vn -0.3174 0.6093 -0.7266
vn -0.2947 0.5624 -0.7726
vn -0.2925 0.5539 -0.7795
vn -0.3077 0.5624 -0.7675
vn -0.2528 0.5072 -0.8239
vn -0.2437 0.4823 -0.8414
vn -0.2159 0.4358 -0.8738
vn -0.1776 0.2883 -0.9409
vn -0.1698 0.3112 -0.9350
vn -0.1685 0.2931 -0.9411
vn -0.1669 0.1936 -0.9668
vn -0.1389 0.1346 -0.9811
vn -0.1151 0.0582 -0.9917
vn -0.1094 0.0730 -0.9913
vn -0.0937 -0.0318 -0.9951
vn -0.0586 -0.1235 -0.9906
vn -0.0546 -0.0353 -0.9979
vn -0.0509 -0.2009 -0.9783
vn -0.0145 -0.2508 -0.9679
vn -0.0306 -0.1470 -0.9887
vn -0.0037 -0.1959 -0.9806
vn 0.0189 -0.3830 -0.9235
vn 0.0643 -0.3345 -0.9402
vn 0.1356 0.2524 -0.9581
vn 0.0247 0.1232 -0.9921
vn 0.0023 -0.1222 -0.9925
vn -0.0035 -0.0853 -0.9964
vn -0.0242 -0.0718 -0.9971
vn -0.0613 -0.0703 -0.9956
vn -0.0188 0.0301 -0.9994
vn -0.0487 0.0349 -0.9982
vn -0.0280 0.0269 -0.9992
vn 0.0220 0.0344 -0.9992
vn -0.0121 0.8366 -0.5477
vn 0.0012 0.8532 -0.5216
vn -0.0108 0.8546 -0.5191
vn -0.0001 0.8043 -0.5943
vn -0.0299 0.8068 -0.5900
vn -0.0297 0.8041 -0.5937
vn -0.0101 0.8778 -0.4790
vn -0.0256 0.8837 -0.4674
vn -0.0080 0.8767 -0.4809
vn -0.2762 0.8662 -0.4164
vn -0.0261 0.8671 -0.4974
vn 0.0066 0.8219 -0.5695
vn -0.0044 0.8183 -0.5747
vn 0.0066 0.8219 -0.5696
vn -0.0591 0.8419 -0.5364
vn -0.0657 0.8480 -0.5258
vn -0.0633 0.8486 -0.5252
vn 0.0117 0.7931 -0.6090
vn 0.0118 0.7932 -0.6089
vn 0.0118 0.7971 -0.6038
vn 0.0526 -0.4765 -0.8776
vn 0.2405 -0.1581 -0.9577
vn 0.0456 -0.2556 -0.9657
vn 0.0616 -0.2673 -0.9616
vn 0.0672 -0.3102 -0.9483
vn 0.0025 -0.4353 -0.9003
vn 0.0064 -0.4200 -0.9075
vn 0.0046 -0.4349 -0.9005
vn 0.0116 -0.4448 -0.8955
vn 0.0184 -0.2469 -0.9689
vn 0.0189 -0.1658 -0.9860
vn 0.0152 -0.0327 -0.9993
vn 0.0060 -0.0638 -0.9979
vn 0.0102 -0.0641 -0.9979
vn 0.0276 0.0231 -0.9994
vn 0.0101 0.0156 -0.9998
vn 0.0103 -0.0021 -0.9999
vn -0.3307 0.6202 -0.7113
vn 0.0098 -0.0517 -0.9986
vn 0.0122 -0.0337 -0.9994
vn 0.0173 -0.0346 -0.9993
vn -0.1891 0.3213 -0.9279
vn -0.2986 0.5840 -0.7549
vn -0.2804 0.5788 -0.7657
vn -0.3017 0.5750 -0.7605
vn -0.3020 0.6026 -0.7387
vn -0.2487 0.5070 -0.8253
vn -0.2495 0.5064 -0.8254
vn -0.2565 0.5190 -0.8154
vn -0.2843 0.5748 -0.7673
vn -0.1504 0.1965 -0.9689
vn -0.1294 0.2253 -0.9657
vn -0.1593 0.1675 -0.9729
vn -0.1626 0.1510 -0.9751
vn -0.2648 0.4691 -0.8425
vn 0.1157 0.1805 0.9768
vn 0.0871 0.2107 0.9736
vn 0.0928 0.1617 0.9825
vn 0.0720 0.1782 0.9814
vn 0.1190 0.4772 0.8707
vn 0.1369 0.4705 0.8717
vn 0.1368 0.4686 0.8727
vn -0.0569 -0.8863 -0.4595
vn -0.4096 -0.4491 -0.7941
vn -0.3960 -0.4615 -0.7939
vn -0.3890 -0.4100 -0.8250
vn -0.3781 -0.3973 -0.8362
vn -0.3988 -0.3911 -0.8295
vn -0.3709 -0.5743 -0.7298
vn -0.3709 -0.5863 -0.7203
vn -0.3451 -0.5853 -0.7337
vn -0.3660 -0.5161 -0.7744
vn -0.3544 -0.5228 -0.7753
vn -0.3529 -0.5391 -0.7647
vn -0.3587 -0.6154 -0.7018
vn -0.3615 -0.4358 -0.8243
vn -0.3629 -0.4319 -0.8257
vn -0.3600 -0.4136 -0.8363
vn -0.3410 -0.5068 -0.7918
vn -0.3226 -0.5403 -0.7772
vn -0.3264 -0.4205 -0.8465
vn -0.3116 -0.4761 -0.8223
vn -0.3053 -0.3470 -0.8868
vn -0.3167 -0.4040 -0.8582
vn -0.2949 -0.5947 -0.7479
vn -0.2962 -0.5828 -0.7567
vn -0.2818 -0.5351 -0.7964
vn -0.3038 -0.4369 -0.8466
vn -0.2936 -0.3187 -0.9012
vn -0.2877 -0.7017 -0.6518
vn -0.2744 -0.6496 -0.7090
vn -0.3140 -0.6482 -0.6937
vn -0.2702 -0.7994 -0.5366
vn -0.2683 -0.7325 -0.6257
vn -0.2661 -0.7946 -0.5456
vn -0.2482 -0.8458 -0.4723
vn -0.2838 -0.4024 -0.8703
vn -0.2702 -0.4843 -0.8321
vn -0.2961 -0.3091 -0.9038
vn -0.2700 -0.3140 -0.9102
vn -0.2823 -0.2403 -0.9287
vn -0.2709 -0.2385 -0.9326
vn 0.0097 -0.9968 -0.0789
vn 0.0060 -0.9948 -0.1013
vn 0.0147 -0.9947 -0.1019
vn 0.0236 -0.9994 0.0247
vn 0.0021 -0.9998 0.0202
vn 0.0149 -0.9998 0.0121
vn 0.0168 -0.9999 0.0012
vn 0.0187 -0.9997 -0.0163
vn 0.0162 -0.9997 -0.0160
vn -0.2869 -0.4888 -0.8239
vn -0.3597 -0.7521 -0.5523
vn -0.4430 -0.8673 -0.2269
vn -0.2868 -0.2166 -0.9332
vn -0.2432 -0.2533 -0.9363
vn -0.2448 -0.2548 -0.9355
vn -0.2467 -0.2774 -0.9285
vn -0.3276 -0.6670 -0.6691
vn -0.3804 -0.9218 0.0743
vn -0.3775 -0.9225 0.0808
vn -0.3746 -0.9230 0.0883
vn -0.3835 -0.6422 -0.6637
vn -0.4465 -0.8305 -0.3331
vn -0.4012 -0.9085 0.1170
vn -0.3696 -0.9176 0.1461
vn -0.3859 -0.9065 0.1714
vn -0.2644 -0.9607 0.0844
vn -0.3730 -0.8956 0.2425
vn -0.3778 -0.8997 0.2187
vn -0.3752 -0.9007 0.2189
vn -0.3649 -0.8841 0.2921
vn -0.3668 -0.7972 0.4795
vn -0.3621 -0.7678 0.5285
vn -0.3990 -0.6609 0.6356
vn -0.3983 -0.6613 0.6357
vn -0.4066 -0.6548 0.6371
vn -0.2663 0.1276 0.9554
vn -0.2411 0.1099 0.9643
vn -0.4052 -0.5443 0.7345
vn -0.2605 0.1169 0.9584
vn 0.0789 0.7179 0.6917
vn 0.0910 0.7128 0.6955
vn 0.0909 0.7125 0.6957
vn 0.0882 0.7288 0.6791
vn 0.0979 0.6786 0.7279
vn 0.0782 0.6318 0.7712
vn 0.0721 0.5732 0.8162
vn 0.0988 0.6710 0.7349
vn -0.3664 -0.5690 0.7362
vn -0.3708 -0.5639 0.7379
vn -0.3708 -0.5745 0.7297
vn -0.3742 -0.5399 0.7540
vn -0.3693 -0.6514 0.6628
vn -0.3535 -0.7174 0.6003
vn -0.0264 0.8979 -0.4395
vn -0.0243 0.9049 -0.4248
vn -0.0118 0.8952 -0.4455
vn -0.0103 0.9312 -0.3644
vn 0.1467 0.9801 0.1339
vn 0.3380 0.7926 0.5075
vn 0.2942 0.8760 0.3822
vn 0.3479 0.8763 0.3332
vn 0.2486 0.9685 0.0145
vn 0.2858 0.9573 0.0426
vn 0.2409 0.9693 -0.0495
vn 0.2295 0.9700 -0.0802
vn 0.2148 0.9759 -0.0393
vn 0.2472 0.9609 -0.1250
vn 0.2894 0.9564 -0.0402
vn 0.3421 0.9038 0.2570
vn 0.3335 0.9248 0.1833
vn 0.3183 0.9429 0.0981
vn 0.2992 0.9488 0.1013
vn 0.3183 0.9384 0.1348
vn 0.3094 0.9486 0.0662
vn 0.2565 0.9564 -0.1399
vn 0.2095 0.9501 -0.2311
vn -0.0475 -0.7527 -0.6567
vn -0.3498 -0.8639 -0.3625
vn -0.3603 -0.8621 -0.3563
vn -0.3621 -0.8489 -0.3849
vn -0.3094 -0.8282 -0.4674
vn -0.3531 -0.7324 -0.5822
vn -0.3043 -0.7960 -0.5232
vn -0.2515 -0.8596 -0.4447
vn -0.3918 -0.6403 -0.6606
vn -0.3743 -0.6232 -0.6867
vn -0.3972 -0.6403 -0.6574
vn -0.3764 -0.6729 -0.6368
vn -0.4463 -0.5385 -0.7148
vn -0.4604 -0.5342 -0.7090
vn -0.4121 -0.5661 -0.7139
vn -0.3727 -0.5368 -0.7569
vn -0.4208 -0.5001 -0.7569
vn -0.3917 -0.5277 -0.7538
vn -0.0001 -0.9757 0.2190
vn -0.0116 -0.9817 0.1902
vn -0.0001 -0.9824 0.1870
vn -0.1903 0.3609 -0.9130
vn -0.1938 0.3459 -0.9180
vn -0.1825 0.3180 -0.9303
vn -0.1602 0.2412 -0.9572
vn -0.0134 0.8407 -0.5413
vn -0.0145 0.8401 -0.5422
vn -0.0191 0.8346 -0.5505
vn -0.0067 0.8301 -0.5576
vn -0.0065 0.9034 -0.4287
vn -0.0148 0.9091 -0.4164
vn -0.0084 0.9034 -0.4287
vn -0.0110 0.9299 -0.3676
vn -0.0151 0.9476 -0.3191
vn -0.0142 0.9479 -0.3183
vn -0.0150 0.9476 -0.3190
vn -0.0090 0.9428 -0.3333
vn -0.0095 0.9431 -0.3323
vn 0.3817 0.8127 0.4402
vn 0.3016 0.9004 0.3136
vn 0.3820 0.8252 0.4161
vn 0.3629 0.8448 0.3932
vn 0.3551 0.7838 0.5094
vn 0.3618 0.8023 0.4748
vn 0.3453 0.7918 0.5038
vn 0.3679 0.7822 0.5028
vn 0.3752 0.7904 0.4842
vn 0.3496 0.8671 0.3548
vn 0.1600 0.9789 0.1271
vn 0.3392 0.8961 0.2862
vn 0.3141 0.9186 0.2399
vn 0.3222 0.9357 0.1435
vn 0.2824 0.9064 0.3141
vn 0.2243 0.9320 0.2848
vn 0.0350 0.9992 -0.0173
vn 0.3019 0.9469 0.1105
vn 0.3006 0.9535 -0.0203
vn -0.0067 0.7708 0.6370
vn -0.0145 0.9142 0.4050
vn -0.3244 0.5530 0.7674
vn -0.2610 0.5949 0.7603
vn -0.2941 0.6058 0.7392
vn -0.2440 0.7025 0.6685
vn -0.2978 0.6462 0.7026
vn -0.3205 0.6688 0.6708
vn -0.3032 0.6726 0.6750
vn -0.2565 0.7572 0.6007
vn -0.2849 0.6848 0.6707
vn -0.2692 0.7535 0.5998
vn -0.2435 0.8067 0.5384
vn -0.3025 0.6083 0.7338
vn -0.0750 0.8345 0.5458
vn -0.3155 0.5258 0.7899
vn -0.0871 0.8225 0.5621
vn -0.2821 0.6840 0.6727
vn -0.2375 0.8323 0.5009
vn -0.2646 0.7906 0.5522
vn -0.2549 0.8491 0.4627
vn -0.4134 0.8484 0.3307
vn -0.2209 0.9201 0.3234
vn -0.2053 0.9361 0.2857
vn -0.2174 0.8897 0.4015
vn -0.2082 0.8702 0.4466
vn -0.2302 0.7489 0.6214
vn -0.2587 0.7406 0.6202
vn -0.2356 0.7537 0.6135
vn -0.0049 0.9123 0.4096
vn -0.2280 0.7950 0.5621
vn -0.2079 0.8805 0.4261
vn -0.2352 0.7296 0.6421
vn -0.2180 0.7802 0.5862
vn -0.2441 0.6780 0.6933
vn -0.2061 0.6655 0.7174
vn -0.2539 0.6803 0.6875
vn 0.0675 0.9899 0.1247
vn -0.2949 0.6072 0.7378
vn -0.2617 0.6245 0.7359
vn -0.2235 0.6618 0.7156
vn -0.2314 0.8460 0.4803
vn -0.3940 0.7995 0.4533
vn -0.1875 0.9524 0.2403
vn -0.0516 0.9504 0.3068
vn -0.0526 0.9225 0.3824
vn 0.2631 0.9431 -0.2033
vn 0.2553 0.9418 -0.2186
vn 0.2474 0.9420 -0.2270
vn 0.3400 0.8330 0.4364
vn 0.3339 0.8464 0.4149
vn 0.3302 0.8425 0.4256
vn 0.0274 -0.5846 0.8109
vn 0.0154 -0.6766 0.7362
vn 0.0279 -0.6762 0.7362
vn 0.0083 -0.6689 0.7433
vn 0.0219 -0.7189 0.6948
vn 0.0281 -0.7034 0.7102
vn 0.0103 -0.7114 0.7027
vn 0.0728 0.6008 0.7961
vn 0.0559 0.5826 0.8108
vn 0.0564 0.5819 0.8113
vn 0.0563 0.5822 0.8111
vn 0.0036 0.9160 0.4011
vn -0.0175 0.8811 0.4726
vn -0.1694 0.9856 -0.0021
vn -0.1460 0.9874 -0.0611
vn -0.1668 0.9827 0.0800
vn -0.1973 0.9714 0.1321
vn -0.1915 0.9591 0.2086
vn -0.1778 0.9625 0.2048
vn -0.1877 0.9681 0.1662
vn -0.1975 0.9605 0.1960
vn -0.1861 0.9673 0.1725
vn -0.2061 0.9011 0.3814
vn -0.1883 0.9240 0.3329
vn -0.1769 0.9269 0.3311
vn -0.1996 0.9368 0.2872
vn -0.2000 0.9445 0.2604
vn -0.1986 0.9668 0.1611
vn -0.1204 0.9683 -0.2188
vn -0.0531 0.8941 0.4447
vn 0.0501 -0.1162 0.9920
vn -0.2142 0.5393 0.8144
vn -0.1922 0.9045 0.3808
vn -0.1871 0.9206 0.3427
vn -0.2189 0.9175 0.3322
vn -0.3248 -0.6695 -0.6681
vn -0.3429 -0.6946 -0.6324
vn -0.3480 -0.6905 -0.6341
vn -0.3163 -0.7129 -0.6258
vn -0.2801 -0.7763 -0.5648
vn -0.1972 -0.9653 -0.1713
vn -0.2318 -0.8948 -0.3816
vn -0.1971 -0.9475 -0.2516
vn -0.1226 -0.9923 0.0174
vn -0.1660 -0.9811 -0.0999
vn -0.2236 -0.9119 -0.3441
vn -0.1866 -0.9602 -0.2079
vn -0.2324 -0.8829 -0.4080
vn -0.2484 -0.7550 -0.6068
vn -0.2523 -0.6908 -0.6776
vn -0.2595 -0.6246 -0.7366
vn -0.2766 -0.3759 -0.8844
vn -0.2636 -0.4906 -0.8306
vn -0.2575 -0.5696 -0.7805
vn -0.2220 -0.9266 -0.3035
vn -0.1761 -0.9660 -0.1894
vn -0.1501 -0.9861 -0.0707
vn -0.2286 -0.8776 -0.4214
vn -0.2477 -0.8173 -0.5202
vn -0.2450 -0.8385 -0.4867
vn -0.2630 -0.8352 -0.4830
vn -0.1037 -0.9816 0.1601
vn -0.1373 -0.9845 0.1088
vn -0.0283 -0.9390 0.3428
vn -0.0274 -0.9541 0.2983
vn -0.1874 -0.9821 0.0197
vn -0.2559 -0.8996 -0.3538
vn 0.0190 -0.8828 0.4693
vn -0.1678 -0.9624 -0.2138
vn -0.3381 -0.1503 -0.9290
vn -0.0308 -0.9465 0.3213
vn -0.1633 -0.9822 -0.0927
vn -0.1774 -0.9691 -0.1715
vn -0.2130 -0.9225 -0.3220
vn -0.1675 -0.9352 -0.3120
vn -0.1980 -0.9397 -0.2788
vn -0.1737 -0.9716 -0.1606
vn -0.1100 -0.9933 0.0353
vn -0.0857 -0.9954 0.0435
vn -0.1504 -0.9878 0.0397
vn -0.1049 -0.9871 0.1211
vn -0.1215 -0.9848 0.1240
vn -0.1689 -0.9781 0.1213
vn -0.1060 -0.9919 -0.0697
vn -0.0999 -0.9937 -0.0498
vn -0.1553 -0.9878 0.0075
vn -0.0555 -0.9603 0.2733
vn -0.0898 -0.9836 0.1563
vn -0.0653 -0.9688 0.2391
vn -0.0961 -0.9909 0.0947
vn -0.1184 -0.9899 0.0775
vn -0.1733 -0.9601 -0.2197
vn -0.1740 -0.9455 -0.2753
vn -0.1751 -0.9584 -0.2253
vn -0.2213 -0.8866 -0.4061
vn -0.2067 -0.9095 -0.3605
vn -0.2341 -0.8590 -0.4554
vn -0.2609 -0.5282 -0.8080
vn -0.2583 -0.6428 -0.7212
vn -0.2439 -0.7492 -0.6158
vn -0.1892 -0.8999 -0.3929
vn -0.2163 -0.8858 -0.4107
vn -0.1950 -0.8907 -0.4107
vn -0.2152 -0.9251 -0.3129
vn -0.2264 -0.9340 -0.2763
vn -0.1993 -0.9369 -0.2871
vn -0.2278 -0.8289 -0.5109
vn -0.2606 -0.4215 -0.8686
vn -0.3607 -0.8260 -0.4332
vn -0.3350 -0.7290 -0.5969
vn 0.0113 0.9643 -0.2644
vn -0.0091 0.9445 -0.3283
vn -0.0016 0.9408 -0.3390
vn -0.2882 0.8613 -0.4184
vn -0.2646 0.8743 -0.4069
vn -0.0140 0.9224 -0.3860
vn -0.0128 0.9221 -0.3867
vn -0.0019 0.9273 -0.3744
vn -0.0011 0.8870 -0.4617
vn -0.0038 0.8556 -0.5177
vn -0.0068 0.8557 -0.5174
vn -0.0093 0.8641 -0.5031
vn -0.2939 0.8670 -0.4025
vn -0.4622 0.8279 -0.3177
vn -0.5183 0.7770 -0.3571
vn -0.2550 0.8813 -0.3978
vn -0.0131 0.9485 -0.3164
vn -0.0056 0.9505 -0.3106
vn -0.0052 0.9482 -0.3176
vn 0.1061 0.9905 0.0873
vn 0.0222 0.9936 -0.1112
vn 0.0402 0.9985 -0.0380
vn 0.1303 0.9745 0.1828
vn 0.2348 0.9501 0.2052
vn -0.3148 0.4810 0.8182
vn 0.0588 0.8965 0.4392
vn 0.0255 0.9015 0.4320
vn 0.0367 0.9106 0.4116
vn -0.0362 -0.0354 -0.9987
vn -0.0653 -0.0301 -0.9974
vn -0.0768 -0.0240 -0.9968
vn 0.0037 -0.9142 0.4053
vn 0.0025 -0.9141 0.4055
vn 0.0066 -0.9207 0.3902
vn -0.2045 0.8830 -0.4225
vn -0.1975 0.9049 -0.3771
vn -0.4827 0.7465 -0.4580
vn -0.1930 0.3102 -0.9309
vn -0.2071 0.3910 -0.8968
vn -0.1919 0.4103 -0.8915
vn -0.2069 0.4005 -0.8926
vn -0.2070 0.4028 -0.8916
vn -0.1780 0.4062 -0.8963
vn -0.1878 0.4076 -0.8937
vn -0.1354 0.4072 -0.9032
vn -0.1630 0.3476 -0.9234
vn -0.1594 0.3716 -0.9146
vn -0.1470 0.3651 -0.9193
vn -0.1603 0.3192 -0.9340
vn -0.1761 0.3262 -0.9287
vn -0.1714 0.3336 -0.9270
vn -0.1564 0.2589 -0.9532
vn -0.1791 0.3131 -0.9327
vn -0.1543 0.2528 -0.9551
vn -0.1762 0.3191 -0.9312
vn -0.1882 0.3265 -0.9263
vn -0.1886 0.3018 -0.9345
vn -0.1913 0.3261 -0.9258
vn -0.1649 0.1858 -0.9687
vn -0.1388 0.0753 -0.9875
vn -0.1130 -0.0128 -0.9935
vn -0.1227 0.0470 -0.9913
vn -0.1857 0.2175 -0.9582
vn -0.1994 0.2247 -0.9538
vn -0.1740 0.2449 -0.9538
vn -0.1751 0.1178 -0.9775
vn -0.1808 0.1351 -0.9742
vn -0.1561 0.1641 -0.9740
vn -0.1727 0.1990 -0.9647
vn -0.1582 0.2076 -0.9653
vn -0.1697 0.2313 -0.9580
vn -0.1355 0.0717 -0.9882
vn -0.1290 0.0496 -0.9904
vn -0.1105 -0.0177 -0.9937
vn -0.1011 -0.0850 -0.9912
vn -0.0941 -0.1294 -0.9871
vn -0.0815 -0.2430 -0.9666
vn -0.0501 -0.2887 -0.9561
vn -0.0232 -0.3226 -0.9463
vn 0.0190 -0.9983 0.0559
vn 0.0121 -0.9994 0.0328
vn 0.0134 -0.9983 0.0569
vn -0.1777 -0.9732 0.1461
vn -0.3874 -0.8922 0.2323
vn -0.3907 -0.8901 0.2347
vn -0.4093 -0.8888 0.2062
vn 0.0356 -0.9987 0.0355
vn 0.0349 -0.9982 0.0495
vn 0.0187 -0.9992 0.0341
vn 0.0224 0.1177 0.9928
vn 0.0016 0.0336 0.9994
vn -0.0061 0.1200 0.9928
vn -0.0128 0.0289 0.9995
vn -0.0116 -0.0094 0.9999
vn 0.0734 -0.0256 0.9970
vn 0.0030 0.0065 1.0000
vn 0.0157 -0.0197 0.9997
vn 0.0580 -0.1129 0.9919
vn 0.0691 -0.1158 0.9909
vn 0.0454 -0.1782 0.9830
vn 0.0105 -0.7180 0.6960
vn 0.0195 -0.7396 0.6728
vn 0.0313 -0.7334 0.6791
vn 0.0154 -0.7248 0.6888
vn 0.0289 -0.6806 0.7321
vn 0.0287 -0.6806 0.7321
vn 0.0319 -0.6643 0.7467
vn 0.0123 -0.5451 0.8383
vn 0.0146 -0.3766 0.9263
vn 0.0131 -0.5173 0.8557
vn 0.0277 -0.2713 0.9621
vn 0.0366 -0.1291 0.9910
vn 0.0590 0.0240 0.9980
vn 0.0873 -0.0957 0.9916
vn 0.0766 0.0734 0.9944
vn 0.0080 0.0779 0.9969
vn 0.0060 0.0113 0.9999
vn 0.0573 0.1734 0.9832
vn 0.0595 0.3030 0.9511
vn 0.0542 0.1999 0.9783
vn 0.0503 0.3651 0.9296
vn -0.1193 0.9804 0.1568
vn -0.2822 0.4632 0.8402
vn -0.2895 0.4657 0.8363
vn -0.2808 0.4633 0.8406
vn 0.1851 0.1955 -0.9631
vn 0.0334 -0.4827 -0.8751
vn -0.1231 0.0417 -0.9915
vn 0.1555 -0.6408 -0.7518
vn -0.1223 -0.0307 -0.9920
vn 0.0388 -0.5083 -0.8603
vn 0.0567 -0.5452 -0.8364
vn 0.0452 -0.5571 -0.8292
vn -0.0713 -0.2092 -0.9753
vn 0.1033 -0.6872 -0.7191
vn -0.0277 -0.2564 -0.9662
vn 0.0963 -0.6396 -0.7627
vn -0.2067 -0.0206 -0.9782
vn 0.0034 -0.4383 -0.8988
vn -0.0104 -0.4990 -0.8665
vn 0.1188 -0.7703 -0.6265
vn -0.1584 0.0453 -0.9863
vn 0.0800 -0.6598 -0.7472
vn -0.0495 -0.0920 -0.9945
vn -0.0244 -0.3896 -0.9207
vn 0.0909 -0.6703 -0.7365
vn -0.1416 0.0254 -0.9896
vn 0.0629 -0.5959 -0.8006
vn -0.0853 0.1053 -0.9908
vn 0.0089 -0.4153 -0.9097
vn -0.0687 -0.2382 -0.9688
vn -0.1510 0.0806 -0.9852
vn -0.1619 0.1797 -0.9703
vn -0.1298 0.1758 -0.9758
vn -0.1317 0.1403 -0.9813
vn -0.0956 -0.1346 -0.9863
vn -0.0746 -0.1512 -0.9857
vn -0.0923 -0.1439 -0.9853
vn -0.1380 0.2514 -0.9580
vn -0.1327 0.3299 -0.9346
vn -0.1098 0.3260 -0.9390
vn -0.2369 0.0932 -0.9671
vn -0.2544 0.0028 -0.9671
vn -0.3559 -0.4262 -0.8317
vn -0.3466 -0.3512 -0.8698
vn -0.3426 -0.3551 -0.8698
vn -0.3532 -0.3682 -0.8600
vn -0.3447 -0.3882 -0.8547
vn -0.1340 0.2307 -0.9637
vn -0.1315 0.2559 -0.9577
vn -0.1345 0.2561 -0.9572
vn -0.1065 0.1477 -0.9833
vn -0.1043 0.1495 -0.9833
vn -0.1379 0.1819 -0.9736
vn -0.1894 0.1411 -0.9717
vn -0.3902 -0.2516 -0.8857
vn -0.0355 0.2661 -0.9633
vn -0.0848 0.2346 -0.9684
vn -0.0773 0.1143 -0.9904
vn -0.1522 0.0782 -0.9852
vn -0.1146 0.0889 -0.9894
vn -0.1444 0.0789 -0.9864
vn -0.0989 0.0171 -0.9950
vn -0.0562 -0.1636 -0.9849
vn -0.0887 -0.0752 -0.9932
vn -0.0674 -0.2098 -0.9754
vn 0.0158 -0.4482 -0.8938
vn -0.0802 -0.2027 -0.9759
vn -0.1975 -0.2029 -0.9591
vn -0.0245 -0.3876 -0.9215
vn -0.0258 -0.2463 -0.9689
vn 0.0105 -0.5380 -0.8429
vn -0.1644 0.1862 -0.9687
vn -0.3688 0.2065 -0.9063
vn -0.2942 0.2533 -0.9216
vn -0.2441 0.6671 -0.7039
vn -0.4902 0.8297 -0.2670
vn -0.4913 0.7737 -0.4000
vn -0.4379 0.7192 -0.5395
vn -0.3704 0.6341 -0.6787
vn -0.2619 0.8709 -0.4159
vn -0.3477 0.8655 -0.3606
vn -0.2904 0.9512 -0.1047
vn -0.4025 0.7031 -0.5862
vn -0.3629 0.6336 -0.6833
vn -0.4367 0.7565 -0.4868
vn -0.4846 0.8092 -0.3322
vn -0.2777 0.8542 -0.4396
vn -0.4374 0.8666 -0.2402
vn -0.4541 0.8467 -0.2773
vn -0.4557 0.7953 -0.3997
vn -0.4263 0.8372 -0.3427
vn -0.4228 0.7995 -0.4267
vn -0.4284 0.8659 -0.2582
vn -0.4206 0.8949 -0.1495
vn -0.2854 0.7597 -0.5843
vn 0.0134 0.7951 -0.6064
vn -0.0309 0.7284 -0.6844
vn -0.3642 0.8081 -0.4629
vn -0.4130 0.8468 -0.3351
vn -0.3592 0.9317 -0.0541
vn -0.4285 0.8973 -0.1057
vn -0.3409 0.6147 -0.7113
vn -0.3367 0.5943 -0.7303
vn -0.3310 0.5926 -0.7343
vn -0.3412 0.8653 -0.3671
vn -0.3422 0.8981 -0.2762
vn -0.3297 0.9357 -0.1260
vn -0.1462 0.8971 0.4169
vn -0.3819 0.9229 -0.0498
vn -0.4033 0.8973 -0.1797
vn -0.3839 0.8980 -0.2149
vn -0.4032 0.8661 -0.2955
vn -0.3964 0.8437 -0.3620
vn -0.3544 0.9285 0.1108
vn -0.3663 0.9248 -0.1032
vn -0.3151 0.9275 0.2010
vn -0.3664 0.7557 -0.5429
vn -0.3490 0.9224 -0.1652
vn -0.2929 0.8690 -0.3989
vn -0.3883 0.8712 -0.3004
vn -0.2849 0.9570 0.0540
vn -0.3612 0.9274 -0.0974
vn -0.4080 0.7973 -0.4448
vn -0.3956 0.7558 -0.5218
vn -0.2613 0.5216 -0.8122
vn -0.3040 0.8618 -0.4061
vn -0.2473 0.8898 0.3836
vn -0.2673 0.4731 0.8395
vn -0.4070 0.7342 0.5434
vn -0.2904 0.5567 0.7783
vn -0.2830 0.4706 0.8357
vn -0.2898 0.6266 0.7235
vn -0.2826 0.7342 0.6173
vn -0.1742 0.9826 0.0649
vn -0.1391 0.9839 -0.1120
vn -0.1957 0.9421 0.2724
vn -0.2274 0.9485 0.2205
vn -0.2349 0.9431 0.2354
vn -0.1980 0.9646 0.1739
vn -0.2131 0.9249 0.3149
vn -0.2102 0.9378 0.2764
vn -0.2122 0.9233 0.3202
vn -0.2011 0.9381 0.2819
vn -0.1042 0.9783 -0.1791
vn 0.0095 -0.7684 0.6399
vn 0.0036 -0.7735 0.6338
vn 0.0035 -0.7733 0.6341
vn -0.2175 0.0530 0.9746
vn -0.3500 0.5467 0.7606
vn -0.2083 -0.1355 0.9686
vn -0.2389 -0.2481 0.9388
vn -0.3142 0.8866 0.3395
vn -0.3350 0.1246 0.9339
vn -0.4469 0.8382 0.3126
vn -0.2688 0.8748 0.4031
vn -0.0397 -0.6087 0.7924
vn -0.1309 -0.3815 0.9151
vn -0.3371 0.0861 0.9375
vn -0.3979 0.4322 0.8092
vn -0.3405 0.8587 0.3830
vn -0.2853 0.8764 0.3879
vn -0.3868 0.5096 0.7685
vn -0.3866 0.5370 0.7498
vn -0.3041 0.8564 0.4173
vn -0.3788 0.4035 0.8329
vn -0.2630 0.8751 0.4063
vn -0.4195 0.3505 0.8374
vn -0.4245 0.3838 0.8201
vn -0.4221 0.3685 0.8283
vn -0.0139 -0.7059 0.7082
vn -0.0285 -0.6269 0.7785
vn 0.0094 -0.6230 0.7821
vn 0.0110 -0.6264 0.7795
vn -0.1901 -0.1076 0.9758
vn -0.1261 -0.3438 0.9305
vn -0.3423 0.1703 0.9240
vn 0.0392 -0.4420 0.8961
vn 0.0056 -0.4544 0.8908
vn 0.0302 -0.4414 0.8968
vn 0.0408 -0.1501 0.9878
vn -0.1822 0.0041 0.9832
vn 0.0753 0.0134 0.9971
vn 0.0282 -0.2747 0.9611
vn 0.0617 -0.3183 0.9460
vn 0.0203 -0.2712 0.9623
vn -0.1941 -0.0041 0.9810
vn 0.0299 -0.4013 0.9155
vn -0.2270 -0.0202 0.9737
vn -0.3781 0.3083 0.8729
vn 0.0198 -0.7679 0.6403
vn -0.2526 0.8991 0.3574
vn -0.2286 0.9044 0.3602
vn -0.2519 0.8972 0.3627
vn -0.2625 0.8371 0.4799
vn -0.2971 0.6564 0.6934
vn -0.2863 0.5440 0.7887
vn -0.2754 0.5544 0.7854
vn -0.2747 0.5667 0.7768
vn -0.2666 0.4004 0.8767
vn -0.3196 0.7576 0.5691
vn -0.2395 0.4546 0.8579
vn -0.2713 0.5623 0.7811
vn -0.2496 0.8745 0.4158
vn -0.2473 0.5206 0.8172
vn -0.4334 0.9010 0.0170
vn -0.3750 0.9150 0.1491
vn -0.4447 0.6519 -0.6142
vn -0.2498 0.8942 -0.3714
vn -0.2039 0.3776 -0.9033
vn -0.3078 0.9366 0.1675
vn -0.2745 0.7988 0.5354
vn -0.2238 0.8299 -0.5111
vn -0.2658 0.5916 0.7612
vn -0.3315 0.7669 0.5495
vn -0.2252 0.5018 0.8352
vn -0.3607 0.7260 -0.5855
vn -0.2028 0.3637 -0.9092
vn -0.1421 0.3286 -0.9337
vn -0.2830 0.5644 -0.7755
vn -0.1779 0.4336 -0.8834
vn -0.2817 0.5090 -0.8134
vn -0.3377 0.6415 -0.6887
vn -0.3132 0.6716 -0.6715
vn -0.3644 0.7031 -0.6107
vn -0.3246 0.7250 -0.6075
vn -0.3696 0.7246 -0.5817
vn -0.3586 0.7374 -0.5723
vn -0.3319 0.7531 -0.5680
vn -0.3826 0.7807 -0.4941
vn -0.3642 0.7644 -0.5320
vn -0.2308 0.5983 -0.7673
vn -0.2854 0.6957 -0.6592
vn -0.1501 0.3724 -0.9159
vn -0.2972 0.7401 -0.6033
vn -0.3236 0.8008 0.5040
vn -0.3446 0.7731 0.5325
vn -0.2444 0.8037 0.5425
vn -0.2646 0.6986 0.6648
vn -0.2311 0.7944 0.5617
vn -0.2764 0.7449 0.6072
vn -0.2380 0.8754 0.4208
vn -0.2080 0.9281 0.3089
vn -0.1479 0.9627 0.2265
vn -0.1618 0.9679 0.1924
vn -0.2067 0.9152 0.3459
vn -0.2272 0.8967 0.3798
vn -0.1195 0.9903 0.0709
vn -0.1340 0.9900 0.0450
vn -0.2226 0.9379 0.2659
vn -0.2199 0.5747 0.7883
vn -0.2813 0.6930 0.6639
vn -0.3046 0.6653 0.6817
vn -0.3184 0.6912 0.6488
vn -0.3069 0.6683 0.6776
vn -0.2864 0.7840 0.5508
vn -0.2473 0.8777 0.4106
vn -0.2597 0.8649 0.4296
vn -0.2280 0.9309 0.2853
vn -0.1801 0.9595 0.2166
vn -0.1976 0.9700 0.1416
vn -0.1627 0.9863 0.0263
vn -0.1156 0.9883 -0.0996
vn -0.1269 0.9896 -0.0674
vn -0.1700 0.9848 0.0362
vn -0.1878 0.9712 0.1465
vn -0.2510 0.8287 0.5002
vn -0.2667 0.8292 0.4913
vn -0.2538 0.8189 0.5148
vn -0.2821 0.8928 0.3512
vn -0.2769 0.8976 0.3431
vn -0.2538 0.8913 0.3757
vn -0.1511 0.9884 0.0151
vn -0.3993 -0.8710 0.2862
vn -0.3970 -0.8769 0.2711
vn -0.3928 -0.8711 0.2948
vn -0.3940 -0.9049 0.1611
vn -0.3850 -0.9076 0.1677
vn -0.3881 -0.9011 0.1935
vn -0.0885 -0.9856 0.1441
vn -0.3823 -0.4205 -0.8228
vn -0.3792 -0.4317 -0.8184
vn -0.3803 -0.4325 -0.8175
vn -0.3652 -0.7341 -0.5725
vn -0.2973 0.0035 -0.9548
vn -0.2153 0.5844 -0.7824
vn -0.2227 0.5836 -0.7809
vn -0.2290 0.5739 -0.7862
vn -0.2105 0.5796 -0.7872
vn -0.2280 0.5726 -0.7875
vn -0.2148 0.5833 -0.7834
vn -0.3442 -0.0892 -0.9347
vn -0.1787 0.4755 -0.8614
vn -0.1709 0.4653 -0.8685
vn -0.1760 0.4599 -0.8703
vn -0.2319 0.5192 -0.8226
vn -0.2142 0.5335 -0.8182
vn -0.2024 0.5190 -0.8305
vn -0.3617 -0.3240 -0.8742
vn -0.3591 0.9090 -0.2117
vn -0.4001 0.9149 0.0531
vn -0.4202 0.8855 -0.1981
vn -0.3066 0.4919 -0.8149
vn -0.3633 0.6621 -0.6554
vn -0.2915 0.5516 -0.7815
vn -0.1295 0.3673 -0.9210
vn -0.4042 0.8713 0.2782
vn -0.3854 -0.7243 0.5718
vn -0.3745 -0.6885 0.6211
vn -0.3468 -0.8337 0.4296
vn -0.3606 -0.8554 0.3718
vn -0.3666 -0.9068 0.2081
vn -0.3481 -0.9207 0.1765
vn -0.3534 -0.9286 0.1132
vn -0.3735 -0.9233 0.0891
vn -0.3670 -0.9254 0.0946
vn -0.3572 -0.8890 0.2866
vn -0.3656 -0.8738 0.3207
vn -0.3580 -0.8764 0.3221
vn -0.3381 -0.8774 0.3405
vn 0.0272 -0.4748 0.8797
vn 0.0305 -0.4541 0.8904
vn 0.0083 -0.4717 0.8817
vn 0.0355 -0.3970 0.9171
vn -0.0131 -0.2992 0.9541
vn 0.0442 -0.2929 0.9551
vn 0.0315 -0.2862 0.9577
vn 0.0840 0.3335 0.9390
vn 0.0678 0.1554 0.9855
vn 0.0815 0.5135 0.8542
vn -0.1311 0.1251 0.9834
vn -0.3611 -0.3003 0.8828
vn -0.3789 -0.3743 0.8464
vn -0.3730 -0.3357 0.8649
vn -0.3751 -0.3594 0.8545
vn 0.0551 0.4821 0.8744
vn 0.0741 0.4807 0.8737
vn 0.0766 0.4831 0.8722
vn 0.0715 0.5635 0.8230
vn 0.1084 0.5511 0.8274
vn 0.0786 0.5666 0.8202
vn 0.0991 0.4200 0.9021
vn 0.0987 0.4168 0.9036
vn 0.0575 0.4273 0.9023
vn -0.4169 0.7394 -0.5287
vn -0.4198 0.7428 -0.5216
vn -0.4262 0.7494 -0.5067
vn -0.3785 0.8149 -0.4388
vn -0.3180 0.7641 -0.5613
vn -0.3626 0.8051 -0.4693
vn -0.3279 0.8152 -0.4774
vn -0.3507 0.8117 -0.4671
vn -0.3573 0.8917 -0.2779
vn -0.3415 0.8561 -0.3878
vn -0.3755 0.8597 -0.3462
vn -0.3892 0.8827 -0.2634
vn -0.3207 0.9462 0.0438
vn -0.3132 0.9344 -0.1697
vn -0.3864 0.7754 -0.4995
vn -0.3129 0.8774 -0.3636
vn -0.4035 0.8522 -0.3332
vn -0.3195 0.9190 -0.2309
vn -0.3500 0.9365 -0.0228
vn -0.3734 0.9139 -0.1593
vn -0.3623 0.9304 -0.0552
vn -0.3594 0.9321 -0.0456
vn -0.3298 0.9079 -0.2589
vn -0.1591 -0.9871 -0.0182
vn -0.1703 -0.9852 -0.0176
vn -0.1653 -0.9835 -0.0736
vn -0.1996 0.9014 -0.3842
vn -0.2215 0.9183 -0.3281
vn -0.2105 0.9272 -0.3100
vn -0.3725 0.7864 -0.4928
vn -0.3411 0.9400 0.0048
vn -0.4520 0.5857 -0.6728
vn -0.3730 0.3925 0.8407
vn -0.3904 0.6079 0.6913
vn -0.3697 0.4598 0.8074
vn -0.3840 0.4387 0.8125
vn -0.3750 0.4682 0.8001
vn -0.3551 0.4377 0.8260
vn -0.3724 0.3880 0.8431
vn -0.3671 0.3797 0.8492
vn -0.3641 0.3574 0.8600
vn -0.3439 0.2993 0.8900
vn -0.3404 0.0621 0.9382
vn -0.3488 0.1937 0.9170
vn -0.1731 0.0375 0.9842
vn -0.3519 0.0735 0.9331
vn -0.3348 -0.1070 0.9362
vn -0.3392 -0.1317 0.9315
vn -0.3426 -0.2309 0.9107
vn -0.3341 -0.2494 0.9089
vn -0.3405 -0.3201 0.8841
vn -0.3544 -0.4096 0.8406
vn -0.3376 -0.3928 0.8554
vn -0.3373 -0.1489 0.9295
vn -0.3190 -0.2850 0.9039
vn -0.3264 -0.4960 0.8046
vn -0.3319 -0.4935 0.8039
vn -0.3345 -0.5773 0.7449
vn -0.3086 -0.6095 0.7302
vn -0.3261 -0.1665 0.9305
vn -0.3237 -0.0151 0.9460
vn -0.3206 -0.0861 0.9433
vn -0.3126 -0.0757 0.9469
vn -0.3300 -0.0227 0.9437
vn -0.3292 0.0838 0.9405
vn -0.3467 0.2300 0.9093
vn -0.3451 0.3293 0.8789
vn -0.3901 0.5192 0.7604
vn -0.3693 0.5388 0.7572
vn -0.3803 0.5190 0.7656
vn -0.3885 0.6497 0.6534
vn -0.2769 0.8839 0.3768
vn -0.1114 0.9848 0.1330
vn -0.1998 0.8738 0.4434
vn -0.1548 0.9524 0.2625
vn -0.1649 0.9137 0.3715
vn -0.1542 0.9237 0.3506
vn -0.1638 0.9302 0.3285
vn -0.0825 0.9804 0.1791
vn -0.1806 0.9602 0.2130
vn -0.2639 0.9150 0.3051
vn -0.1156 0.9453 0.3050
vn -0.2023 0.9349 0.2915
vn -0.3368 0.8411 0.4232
vn -0.1986 0.6310 0.7500
vn -0.3299 0.7825 0.5281
vn -0.3142 0.8433 0.4360
vn -0.3982 0.8963 0.1951
vn -0.4144 0.7975 -0.4384
vn -0.3759 0.7708 -0.5144
vn -0.2256 0.9454 0.2354
vn -0.1949 0.9494 0.2462
vn -0.3039 0.8652 0.3987
vn -0.3246 0.8068 0.4936
vn -0.2906 0.9238 0.2494
vn -0.3061 0.9242 0.2285
vn -0.3013 0.9215 0.2449
vn -0.3205 0.9344 0.1552
vn -0.2952 0.8046 -0.5153
vn -0.1560 0.5130 -0.8441
vn -0.2243 0.4995 -0.8368
vn -0.1106 0.4323 -0.8949
vn -0.0866 0.7616 -0.6422
vn -0.1228 0.0457 -0.9914
vn -0.3226 0.9339 0.1541
vn -0.3223 0.9320 0.1656
vn -0.3071 0.9187 0.2484
vn -0.3029 0.8882 0.3455
vn -0.2401 0.7988 -0.5517
vn -0.0812 0.4207 -0.9036
vn -0.2581 0.6728 -0.6933
vn -0.2006 0.6655 -0.7189
vn -0.2795 0.7751 -0.5667
vn -0.1673 0.6508 -0.7406
vn -0.3067 0.7475 -0.5892
vn -0.3123 0.8093 -0.4975
vn -0.3192 0.8591 -0.4001
vn -0.2893 0.8591 -0.4223
vn -0.2513 0.8227 -0.5099
vn -0.3273 0.9019 -0.2819
vn -0.2995 0.9160 -0.2668
vn -0.2065 0.7478 -0.6310
vn -0.2654 0.8891 -0.3730
vn -0.2648 0.9273 -0.2646
vn -0.2964 0.9438 -0.1459
vn -0.3164 0.9419 -0.1131
vn -0.2939 0.9501 -0.1046
vn -0.3425 0.8902 -0.3004
vn -0.3238 0.9344 -0.1482
vn -0.3298 0.9440 -0.0002
vn -0.3540 0.7647 -0.5385
vn -0.4175 0.6971 -0.5829
vn -0.4654 0.6833 -0.5625
vn -0.3039 0.0035 -0.9527
vn -0.2946 0.6644 -0.6869
vn -0.2026 0.0397 -0.9785
vn -0.2363 0.0307 -0.9712
vn -0.3021 -0.0578 -0.9515
vn -0.3275 -0.1225 -0.9369
vn -0.3164 -0.1029 -0.9430
vn -0.1815 0.0554 -0.9818
vn -0.1768 0.0785 -0.9811
vn -0.3480 -0.2192 -0.9115
vn -0.3401 -0.2614 -0.9033
vn -0.3235 -0.1279 -0.9375
vn -0.3178 -0.3238 -0.8912
vn -0.1110 0.0538 -0.9924
vn -0.3447 -0.3918 -0.8530
vn -0.3256 -0.4103 -0.8518
vn -0.3355 -0.3781 -0.8628
vn -0.3441 -0.3743 -0.8611
vn -0.3366 -0.4647 -0.8190
vn -0.3483 -0.4648 -0.8140
vn -0.2665 -0.9102 -0.3171
vn -0.2508 -0.9068 -0.3389
vn -0.3827 -0.2415 -0.8917
vn -0.3798 -0.2664 -0.8859
vn -0.3797 -0.2742 -0.8835
vn -0.0129 0.2072 -0.9782
vn -0.0378 0.1382 -0.9897
vn -0.0181 0.0857 -0.9962
vn -0.0371 0.1600 -0.9864
vn 0.0107 0.1598 -0.9871
vn -0.0314 -0.0146 -0.9994
vn -0.0290 -0.0173 -0.9994
vn -0.4155 0.6604 -0.6255
vn -0.1756 -0.0580 -0.9827
vn -0.0296 -0.1297 -0.9911
vn -0.0108 -0.1369 -0.9905
vn -0.0346 -0.1927 -0.9806
vn -0.2050 -0.0687 -0.9763
vn -0.4892 0.7476 -0.4493
vn -0.3826 0.9045 -0.1884
vn -0.3571 0.9197 -0.1631
vn -0.3634 0.9096 -0.2014
vn -0.1569 0.3891 -0.9077
vn -0.1225 0.3223 -0.9387
vn -0.1413 0.0803 0.9867
vn -0.1202 0.1307 0.9841
vn -0.3437 -0.5774 0.7406
vn -0.3367 -0.6362 0.6942
vn -0.3207 -0.6674 0.6721
vn -0.3198 -0.7560 0.5711
vn -0.3002 -0.7310 0.6128
vn -0.2982 -0.4473 0.8432
vn -0.3327 0.1161 0.9359
vn -0.3329 0.1602 0.9292
vn -0.3487 0.1137 0.9303
vn -0.3111 0.2340 0.9211
vn -0.3536 0.4542 0.8177
vn -0.3511 0.3989 0.8471
vn -0.3505 0.4155 0.8393
vn -0.3555 0.4664 0.8100
vn -0.3203 0.4587 0.8289
vn -0.3379 0.5876 0.7353
vn -0.3481 0.5535 0.7566
vn -0.3593 0.6264 0.6918
vn -0.3581 0.5748 0.7358
vn -0.3654 0.7116 0.6000
vn -0.3299 0.6936 0.6403
vn -0.3241 0.3399 0.8829
vn -0.3042 0.1311 0.9435
vn -0.3205 -0.0308 0.9467
vn -0.3143 0.2396 0.9186
vn -0.4732 -0.1520 0.8678
vn -0.3160 -0.3319 0.8888
vn -0.2966 -0.5013 0.8129
vn -0.2911 -0.8136 0.5033
vn -0.3229 -0.8303 0.4542
vn -0.2899 -0.8749 0.3879
vn -0.3132 -0.8849 0.3448
vn -0.2651 -0.9215 -0.2839
vn -0.2192 -0.8800 -0.4215
vn -0.2735 -0.8214 0.5005
vn -0.2741 -0.8914 0.3610
vn -0.2388 -0.9226 0.3030
vn -0.2367 -0.9208 0.3101
vn -0.2395 -0.9349 0.2621
vn -0.2879 -0.9505 0.1172
vn -0.4088 -0.5849 -0.7005
vn -0.1658 -0.7331 -0.6596
vn -0.2024 -0.7172 -0.6668
vn -0.1883 -0.8227 -0.5364
vn -0.3113 -0.9073 -0.2825
vn -0.2273 -0.8067 -0.5456
vn -0.2408 -0.6381 -0.7314
vn -0.1878 -0.8946 -0.4055
vn -0.1406 -0.8515 -0.5051
vn -0.0960 -0.7441 -0.6612
vn -0.0733 -0.5786 -0.8123
vn -0.1332 -0.5756 -0.8068
vn -0.1435 -0.6145 -0.7757
vn -0.1454 -0.8969 -0.4176
vn -0.1006 -0.8365 -0.5386
vn -0.1357 -0.9182 -0.3721
vn -0.1391 -0.9416 -0.3065
vn -0.1559 -0.9509 -0.2672
vn -0.1042 -0.9825 -0.1547
vn -0.1499 -0.9767 -0.1536
vn -0.0267 -0.9964 0.0805
vn -0.0750 -0.9893 -0.1253
vn -0.0556 -0.9918 0.1151
vn 0.0815 -0.9619 0.2609
vn -0.1771 -0.9717 0.1565
vn -0.0403 -0.9406 -0.3371
vn 0.1360 -0.9857 0.0996
vn 0.0707 -0.9342 0.3496
vn -0.0267 -0.9070 -0.4202
vn 0.2119 -0.9738 0.0826
vn 0.1570 -0.8623 0.4815
vn 0.1462 -0.7591 0.6343
vn 0.3480 -0.8182 0.4577
vn -0.2028 -0.9672 0.1532
vn 0.1434 -0.7013 0.6983
vn -0.2645 -0.9426 -0.2038
vn -0.0132 -0.9784 0.2064
vn -0.2868 -0.8510 -0.4398
vn -0.3599 -0.8574 -0.3679
vn -0.3574 -0.7804 -0.5130
vn -0.3973 -0.7125 -0.5783
vn -0.2461 -0.9674 -0.0605
vn -0.2937 -0.9533 -0.0697
vn -0.0437 -0.8736 0.4847
vn -0.3677 -0.9234 -0.1102
vn -0.0124 -0.5888 0.8082
vn -0.0907 -0.5912 0.8014
vn -0.0444 -0.5053 0.8618
vn -0.0208 -0.7353 0.6774
vn -0.1374 -0.7183 0.6820
vn 0.1341 0.0022 0.9910
vn -0.2730 -0.5713 0.7740
vn -0.2146 -0.1331 0.9676
vn -0.2986 -0.7009 0.6477
vn -0.6025 -0.0205 0.7979
vn -0.2946 -0.7361 0.6094
vn -0.3517 -0.7120 0.6077
vn -0.3252 -0.7099 0.6247
vn -0.1566 -0.8340 0.5290
vn -0.0308 -0.8033 0.5947
vn -0.1643 -0.9171 0.3631
vn -0.2624 -0.8740 -0.4090
vn -0.3054 -0.6957 -0.6502
vn -0.2440 -0.8629 -0.4426
vn -0.3269 -0.9286 -0.1756
vn -0.3250 -0.9138 0.2438
vn -0.2946 -0.8812 -0.3696
vn -0.2562 -0.8565 -0.4482
vn -0.2037 -0.9089 -0.3638
vn -0.1615 -0.9758 -0.1478
vn -0.1926 -0.9272 -0.3212
vn -0.1582 -0.9657 -0.2058
vn -0.1671 -0.9735 -0.1561
vn -0.1803 -0.9388 -0.2937
vn -0.2019 -0.9496 -0.2398
vn -0.1778 -0.9395 -0.2929
vn -0.1405 -0.9890 -0.0456
vn -0.0889 -0.9904 0.1055
vn -0.1402 -0.9889 -0.0495
vn -0.0721 -0.9831 0.1683
vn -0.0708 -0.9959 0.0562
vn -0.1667 -0.9858 0.0209
vn -0.1694 -0.9818 0.0856
vn -0.1681 -0.9837 0.0636
vn -0.0323 -0.9907 0.1324
vn -0.0157 -0.9731 0.2297
vn -0.1624 -0.9325 -0.3225
vn -0.1424 -0.9436 -0.2989
vn -0.3244 -0.5434 -0.7743
vn -0.0563 -0.9589 -0.2780
vn -0.1565 -0.6498 -0.7438
vn -0.3502 -0.5537 -0.7555
vn -0.3911 -0.5612 -0.7295
vn -0.3291 -0.5805 -0.7448
vn -0.3063 -0.8835 -0.3545
vn -0.1764 -0.9843 -0.0099
vn -0.3197 -0.4462 -0.8358
vn -0.1492 -0.4183 -0.8960
vn -0.3254 -0.3600 -0.8744
vn -0.3204 -0.2559 -0.9120
vn -0.3137 -0.1613 -0.9357
vn -0.4024 -0.2032 -0.8926
vn -0.1866 -0.9747 0.1233
vn -0.0827 -0.9802 0.1797
vn -0.2174 -0.9234 -0.3164
vn -0.0573 -0.0002 -0.9984
vn -0.0662 -0.0060 -0.9978
vn -0.0535 0.0402 -0.9978
vn -0.0868 -0.0978 -0.9914
vn -0.3741 0.5501 0.7466
vn -0.3794 0.5152 0.7685
vn -0.3712 0.5198 0.7694
vn -0.3859 0.7919 0.4733
vn -0.3856 0.7968 0.4653
vn -0.4025 0.7529 0.5207
vn -0.3432 -0.1851 -0.9209
vn -0.3330 -0.1863 -0.9244
vn -0.3265 -0.2210 -0.9190
vn -0.2614 0.6356 -0.7264
vn -0.2710 0.9510 -0.1488
vn -0.2317 0.8588 -0.4569
vn -0.1827 0.7880 -0.5880
vn -0.0803 0.4453 -0.8918
vn -0.3086 0.9431 0.1239
vn -0.2997 0.9442 0.1366
vn -0.3193 0.9392 0.1261
vn -0.2890 0.9390 0.1863
vn -0.3226 0.9396 0.1145
vn -0.3077 0.9396 0.1496
vn -0.3180 0.9194 0.2314
vn -0.3121 0.9314 0.1873
vn -0.2958 0.9432 0.1514
vn -0.2926 0.9439 0.1531
vn -0.3134 0.8002 0.5114
vn -0.3248 0.6996 0.6365
vn -0.1654 0.6170 0.7694
vn -0.3595 0.4896 0.7944
vn -0.3753 0.5436 0.7507
vn -0.3739 0.5479 0.7484
vn -0.1561 0.4470 0.8808
vn -0.3332 0.9175 0.2173
vn -0.1335 0.6504 -0.7478
vn 0.0950 0.2177 -0.9714
vn -0.0597 0.4474 -0.8924
vn 0.0011 0.6606 -0.7508
vn -0.1193 0.8384 -0.5319
vn 0.0319 0.4882 -0.8721
vn 0.3167 0.2391 -0.9179
vn 0.2675 0.7351 -0.6229
vn 0.3384 0.4499 -0.8264
vn 0.2539 0.8275 -0.5008
vn 0.2046 0.8252 -0.5264
vn 0.4674 0.4422 -0.7655
vn 0.3478 0.4134 -0.8415
vn 0.2047 0.4940 -0.8450
vn -0.0459 0.8599 -0.5084
vn -0.1899 0.9545 -0.2299
vn -0.2356 0.9387 -0.2517
vn 0.0963 0.5697 -0.8162
vn 0.2835 0.5402 -0.7923
vn 0.0765 0.6414 -0.7634
vn 0.0684 -0.2271 -0.9715
vn 0.0421 0.2202 -0.9746
vn 0.1268 0.7162 -0.6862
vn 0.2261 -0.8673 -0.4435
vn 0.1553 -0.9401 -0.3036
vn -0.1984 -0.3284 -0.9235
vn 0.2059 0.7940 -0.5719
vn -0.0128 0.8980 -0.4398
vn -0.0686 0.9532 -0.2945
vn -0.3009 -0.2102 -0.9302
vn -0.2857 -0.0724 -0.9556
vn -0.1710 -0.7153 -0.6776
vn -0.5700 -0.6329 -0.5239
vn -0.3221 0.0008 -0.9467
vn -0.2799 0.1269 -0.9516
vn -0.2975 0.3717 -0.8794
vn -0.5528 0.1642 -0.8170
vn -0.2852 0.2175 -0.9335
vn -0.3026 0.2936 -0.9068
vn -0.2977 0.2130 -0.9306
vn -0.7622 -0.0014 -0.6473
vn -0.0663 -0.4304 -0.9002
vn -0.2977 0.3826 -0.8747
vn -0.3249 0.5395 -0.7768
vn -0.2757 0.0741 -0.9584
vn -0.6188 -0.0460 -0.7842
vn -0.5055 -0.1838 -0.8430
vn -0.7046 -0.6642 -0.2495
vn -0.5722 0.4099 -0.7103
vn -0.4209 0.5469 -0.7237
vn -0.2340 0.9494 -0.2095
vn -0.0918 0.2803 0.9555
vn -0.2357 0.8366 0.4946
vn -0.1504 0.9185 0.3657
vn -0.1966 0.7323 0.6520
vn -0.1423 0.0891 0.9858
vn 0.0152 0.4736 0.8806
vn 0.0446 0.6605 0.7495
vn -0.1517 -0.0367 0.9877
vn -0.1951 0.0527 0.9794
vn -0.1981 0.2501 0.9477
vn 0.0290 0.8123 0.5825
vn -0.3176 -0.4755 0.8204
vn -0.2889 -0.5563 0.7791
vn -0.1818 -0.0630 0.9813
vn -0.1376 0.0968 0.9857
vn -0.1980 -0.2450 0.9491
vn -0.0346 0.4656 0.8843
vn -0.5265 -0.4389 0.7281
vn -0.3312 0.0679 0.9411
vn -0.6912 -0.1480 0.7073
vn 0.1638 0.6940 0.7011
vn 0.1912 0.7747 0.6027
vn 0.1830 0.7558 0.6287
vn 0.1608 0.7747 0.6116
vn 0.1908 0.7849 0.5894
vn 0.2129 0.7685 0.6034
vn 0.1836 0.7669 0.6149
vn 0.2877 0.4855 0.8255
vn 0.1547 0.1643 0.9742
vn -0.5148 0.4346 0.7390
vn -0.3938 0.9094 0.1339
vn -0.4066 0.8379 0.3642
vn -0.4411 0.8974 -0.0025
vn 0.0085 0.7998 0.6002
vn 0.0011 0.7996 0.6005
vn -0.0041 0.8226 0.5686
vn 0.0127 0.8731 0.4874
vn 0.0092 0.9381 0.3463
vn -0.0245 0.9804 0.1953
vn -0.2028 0.9784 0.0397
vn 0.0299 0.9005 -0.4337
vn 0.1366 0.8849 -0.4452
vn -0.2991 0.8831 -0.3614
vn 0.1467 0.4303 -0.8907
vn -0.1249 0.7838 -0.6083
vn -0.3295 0.8297 -0.4506
vn 0.1016 0.8735 -0.4761
vn -0.3917 0.8534 -0.3439
vn -0.3985 0.9024 0.1642
vn -0.3012 0.8094 0.5042
vn -0.3280 0.9445 0.0184
vn -0.4089 0.9021 -0.1378
vn -0.4968 0.8499 0.1757
vn -0.5507 0.7630 0.3385
vn 0.6601 -0.2714 -0.7005
vn -0.3544 0.7592 0.5458
vn -0.3708 0.7780 0.5071
vn -0.3216 0.8002 0.5062
vn -0.4154 0.8085 0.4168
vn -0.4180 0.7910 0.4467
vn -0.4208 0.7999 0.4280
vn -0.0261 -0.6212 -0.7832
vn 0.1225 -0.6382 -0.7601
vn 0.0060 -0.7817 -0.6236
vn 0.2667 0.1538 -0.9514
vn -0.0653 0.1197 -0.9907
vn -0.1804 -0.2207 -0.9585
vn -0.4176 0.5670 -0.7100
vn -0.2863 -0.2916 -0.9127
vn 0.0349 -0.8268 -0.5613
vn -0.2375 0.9711 -0.0229
vn -0.1168 0.5430 -0.8315
vn -0.0938 0.5308 -0.8423
vn -0.0897 0.5534 -0.8281
vn 0.2137 -0.9481 -0.2354
vn 0.2230 -0.9329 -0.2828
vn 0.1903 -0.5799 -0.7921
vn 0.2194 -0.9415 -0.2557
vn 0.2392 -0.9433 -0.2301
vn 0.2136 -0.9441 -0.2511
vn -0.2952 0.3177 -0.9011
vn -0.2365 0.0867 -0.9678
vn 0.0414 -0.6679 -0.7431
vn -0.1817 -0.2839 -0.9415
vn -0.2306 -0.1680 -0.9584
vn -0.0270 -0.9115 -0.4105
vn -0.0063 -0.9065 -0.4222
vn -0.0286 -0.8960 -0.4432
vn -0.0169 -0.5474 -0.8367
vn 0.0244 -0.9414 -0.3365
vn -0.2190 -0.3859 -0.8962
vn -0.3034 0.2593 -0.9169
vn -0.2394 -0.4343 -0.8683
vn -0.2438 -0.4985 -0.8319
vn 0.0119 -0.9750 -0.2220
vn 0.0027 -0.9838 -0.1790
vn -0.1596 -0.6572 -0.7366
vn -0.3146 0.1963 -0.9287
vn 0.2205 -0.5038 -0.8352
vn 0.1439 -0.8121 -0.5655
vn 0.1786 -0.9703 -0.1632
vn 0.0709 -0.5922 -0.8027
vn -0.0001 -0.9932 -0.1168
vn -0.0678 -0.9918 -0.1088
vn -0.0798 -0.9926 -0.0911
vn -0.0665 -0.9928 -0.0999
vn -0.1054 -0.9936 -0.0405
vn 0.2423 -0.7221 0.6480
vn 0.1238 -0.7288 0.6735
vn 0.1521 -0.8114 0.5643
vn 0.2667 -0.0841 0.9601
vn 0.3146 -0.2091 0.9259
vn 0.3364 -0.8533 0.3984
vn 0.1757 -0.8480 0.5001
vn 0.0716 -0.0535 0.9960
vn 0.0750 0.0505 0.9959
vn -0.0078 -0.4694 0.8829
vn -0.2234 -0.9724 0.0675
vn -0.2147 -0.9649 0.1512
vn -0.2228 -0.9344 0.2779
vn 0.0063 -0.6668 0.7452
vn 0.0421 -0.6079 0.7929
vn 0.0190 -0.6227 0.7822
vn -0.3380 -0.9319 -0.1319
vn 0.0028 -0.4926 0.8703
vn 0.0162 -0.5216 0.8530
vn 0.0170 -0.5303 0.8476
vn -0.0139 -0.3499 0.9367
vn -0.2643 -0.8847 0.3840
vn -0.2108 -0.9686 0.1315
vn -0.2619 -0.7837 0.5633
vn -0.0140 -0.2086 0.9779
vn -0.0424 -0.2013 0.9786
vn 0.1995 0.4658 0.8621
vn 0.3931 0.7102 0.5840
vn 0.3358 0.8062 0.4871
vn 0.3781 0.7648 0.5217
vn 0.3512 0.7708 0.5316
vn 0.2554 0.8313 0.4936
vn 0.3162 0.7552 0.5742
vn 0.1772 0.8313 0.5268
vn -0.0914 0.1206 0.9885
vn -0.1081 0.3337 0.9365
vn 0.1423 0.9116 0.3856
vn 0.2798 0.8942 0.3496
vn 0.2794 0.9388 0.2017
vn 0.1215 0.6635 0.7383
vn -0.0286 -0.0602 0.9978
vn -0.0926 0.0326 0.9952
vn -0.0486 0.1176 0.9919
vn -0.0843 0.0454 0.9954
vn -0.3125 -0.9316 -0.1855
vn -0.2615 -0.9606 -0.0940
vn -0.1286 -0.7286 0.6728
vn -0.0127 -0.7321 0.6811
vn -0.0509 -0.7774 0.6269
vn -0.1285 -0.9841 0.1229
vn -0.1715 -0.7409 0.6494
vn -0.0130 -0.0029 0.9999
vn 0.1654 0.9222 0.3494
vn -0.0625 0.1163 0.9913
vn 0.1697 0.7690 0.6163
vn 0.2132 0.9770 0.0090
vn 0.2383 0.9693 -0.0613
vn 0.1149 0.8136 0.5699
vn 0.0060 0.3301 0.9439
vn -0.2580 0.7159 0.6488
vn -0.3498 0.1158 0.9297
vn 0.2340 0.8323 0.5025
vn -0.0335 0.2122 0.9767
vn -0.0684 0.3192 0.9452
vn -0.0795 0.4094 0.9089
vn 0.0440 0.7612 0.6471
vn 0.2224 0.9653 -0.1369
vn -0.2481 0.1810 0.9517
vn -0.2875 0.5657 0.7729
vn 0.1088 0.8180 0.5649
vn -0.1939 -0.3975 0.8969
vn 0.0609 0.7572 0.6504
vn -0.3742 0.4523 0.8096
vn -0.6600 0.2704 0.7009
vn -0.2896 0.8861 0.3618
vn -0.5364 -0.4593 0.7081
vn -0.1719 -0.9478 0.2684
vn -0.8440 -0.5044 0.1824
vn -0.2410 -0.5297 0.8132
vn -0.0054 -0.7536 0.6573
vn -0.0271 -0.4750 0.8796
vn -0.0407 -0.4929 0.8692
vn -0.2557 -0.9646 0.0640
vn -0.2622 -0.9632 0.0589
vn -0.2572 -0.9638 0.0702
vn -0.2507 -0.9680 0.0118
vn -0.2795 -0.5638 0.7772
vn -0.0742 -0.9602 0.2691
vn 0.2409 -0.0154 0.9704
vn 0.2211 0.2053 0.9534
vn 0.2418 0.2523 0.9370
vn -0.2371 -0.4279 0.8722
vn 0.1686 0.2884 0.9425
vn -0.6326 0.3205 0.7050
vn 0.2467 0.2124 0.9455
vn 0.2836 0.2994 0.9110
vn 0.2961 0.2957 0.9082
vn 0.2800 0.2852 0.9167
vn 0.0583 0.3807 0.9229
vn -0.5690 0.2065 0.7960
vn -0.7944 -0.1203 0.5954
vn 0.2629 -0.2109 0.9415
vn -0.0716 -0.4886 0.8696
vn -0.0833 -0.7946 0.6014
vn 0.1329 -0.5470 0.8265
vn -0.1476 0.3272 0.9334
vn -0.7095 -0.6146 0.3448
vn -0.7148 -0.6473 0.2647
vn -0.6218 -0.7279 0.2890
vn -0.0653 -0.9870 0.1469
vn -0.0954 -0.9769 0.1914
vn -0.0871 -0.9790 0.1846
vn -0.1010 -0.9697 0.2225
vn -0.0829 -0.9702 0.2275
vn -0.0868 -0.9676 0.2369
vn -0.0970 -0.9734 0.2075
vn 0.2135 -0.1245 0.9690
vn 0.1673 -0.4087 0.8972
vn 0.2390 0.1414 0.9607
vn 0.2316 0.1339 0.9635
vn 0.2312 0.1408 0.9627
vn 0.1976 0.1504 0.9687
vn 0.2010 0.1306 0.9709
vn 0.1958 0.1149 0.9739
vn 0.2858 0.1230 0.9504
vn 0.1268 -0.5906 0.7970
vn -0.0970 -0.9870 0.1282
vn 0.2829 -0.4621 0.8405
vn -0.0701 -0.9948 0.0735
vn 0.0333 -0.7961 0.6043
vn -0.2380 -0.7797 0.5792
vn 0.2420 0.0452 0.9692
vn -0.2078 -0.6298 -0.7484
vn -0.2547 0.1413 -0.9566
vn -0.0144 -0.6949 -0.7190
vn 0.0891 -0.9776 -0.1905
vn -0.2359 0.1226 -0.9640
vn -0.2264 0.0954 -0.9693
vn -0.2275 0.1000 -0.9686
vn -0.2360 -0.0702 -0.9692
vn -0.2322 0.1034 -0.9672
vn -0.2347 0.0728 -0.9693
vn -0.0198 -0.9994 0.0272
vn -0.0156 -0.9990 0.0423
vn -0.0078 -0.9999 0.0064
vn -0.1574 0.0758 -0.9846
vn -0.1483 0.0724 -0.9863
vn -0.1480 0.0840 -0.9854
vn -0.1573 -0.4765 -0.8650
vn -0.0562 -0.9813 -0.1838
vn -0.1318 0.0413 -0.9904
vn -0.2050 0.1013 -0.9735
vn -0.2113 0.0938 -0.9729
vn -0.2062 0.1041 -0.9730
vn -0.1835 0.0321 -0.9825
vn -0.1593 0.0525 -0.9858
vn 0.2918 -0.8053 -0.5161
vn 0.1478 -0.8481 -0.5087
vn 0.1953 -0.7744 0.6019
vn 0.3024 -0.6187 -0.7251
vn 0.1946 -0.9654 -0.1735
vn -0.7349 0.0753 -0.6740
vn -0.9507 -0.1222 -0.2850
vn -0.7492 -0.5525 -0.3654
vn -0.2229 -0.7056 -0.6726
vn -0.0153 -0.9996 0.0255
vn -0.0296 -0.9985 0.0455
vn -0.0019 -0.9994 0.0342
vn -0.0263 -0.9964 -0.0811
vn -0.0516 -0.9956 -0.0781
vn -0.0362 -0.9975 -0.0606
vn -0.0417 -0.9981 0.0463
vn -0.0557 -0.9981 0.0266
vn -0.0662 -0.9965 0.0516
vn -0.2143 0.3388 0.9161
vn -0.3227 0.4203 0.8481
vn 0.1347 0.8237 -0.5507
vn 0.1202 0.3010 -0.9460
vn -0.0598 0.2795 -0.9583
vn -0.0771 0.7779 -0.6237
vn 0.1737 0.1734 -0.9694
vn 0.2839 0.6852 -0.6707
vn 0.0005 0.9926 0.1218
vn 0.0053 0.9582 0.2861
vn -0.0777 0.8192 0.5682
vn 0.2367 0.7189 -0.6535
vn -0.0430 0.9990 -0.0087
vn -0.0251 0.9992 0.0295
vn -0.0304 0.9995 0.0065
vn -0.0085 0.9997 0.0246
vn -0.2177 0.5137 0.8299
vn -0.1995 0.5197 0.8308
vn -0.3263 -0.3867 0.8625
vn -0.3157 -0.3195 0.8935
vn -0.3255 -0.2826 0.9023
vn -0.3176 -0.3161 0.8940
vn -0.3156 -0.3023 0.8994
vn -0.2821 -0.2616 0.9230
vn -0.2843 -0.2329 0.9300
vn -0.2120 -0.2905 0.9331
vn -0.3197 -0.1979 0.9266
vn -0.0691 0.6687 0.7403
vn -0.1110 0.2759 0.9548
vn 0.1293 0.8280 0.5455
vn -0.2699 -0.1840 0.9452
vn 0.2290 0.9691 0.0921
vn 0.1251 0.9737 0.1902
vn -0.0057 -0.9805 0.1966
vn 0.3316 -0.5059 0.7963
vn 0.1999 -0.5585 0.8050
vn 0.2709 -0.3484 0.8973
vn 0.0589 -0.7930 0.6064
vn 0.3359 -0.3189 0.8863
vn 0.3166 -0.2977 0.9006
vn 0.3457 -0.3140 0.8843
vn 0.1908 -0.5833 0.7896
vn -0.1080 -0.9927 0.0538
vn -0.2548 -0.9435 -0.2117
vn -0.3424 -0.8941 -0.2887
vn -0.2792 -0.9057 -0.3191
vn -0.3303 -0.8398 -0.4308
vn -0.2941 0.8777 0.3784
vn -0.3227 0.8242 0.4654
vn -0.3076 0.8274 0.4699
vn -0.3149 0.8150 0.4864
vn -0.2511 0.8887 0.3836
vn -0.1824 0.9083 0.3765
vn -0.1630 0.9049 0.3931
vn -0.1842 0.8967 0.4026
vn -0.0567 0.9961 -0.0676
vn 0.0799 0.5106 -0.8561
vn -0.0661 0.6974 -0.7136
vn -0.2154 0.9389 0.2685
vn -0.1699 0.9380 -0.3021
vn -0.2841 0.9206 0.2678
vn -0.2382 0.9504 0.2000
vn -0.0773 0.8964 -0.4364
vn -0.2409 0.9633 0.1181
vn -0.1611 0.9803 0.1146
vn -0.1552 0.9818 0.1091
vn -0.1585 0.9792 0.1263
vn -0.0968 0.9838 0.1510
vn 0.1091 0.8408 -0.5303
vn -0.1342 0.8125 -0.5674
vn 0.0406 0.3328 -0.9421
vn 0.0083 0.2144 -0.9767
vn 0.0020 0.3985 -0.9172
vn 0.0065 0.2893 -0.9572
vn -0.0083 0.0559 -0.9984
vn -0.0258 0.1341 -0.9906
vn -0.0071 0.0979 -0.9952
vn -0.0103 0.1951 -0.9807
vn -0.2372 0.8601 -0.4515
vn -0.2368 0.9712 0.0279
vn 0.1887 0.5139 -0.8368
vn -0.1833 0.9688 -0.1670
vn -0.2656 0.9629 -0.0480
vn -0.2434 0.7239 -0.6456
vn 0.0884 0.0826 -0.9927
vn 0.0481 0.0221 -0.9986
vn 0.0945 0.0558 -0.9940
vn -0.0617 -0.0724 -0.9955
vn -0.0220 -0.1698 -0.9852
vn -0.0497 -0.1828 -0.9819
vn 0.1082 -0.7726 -0.6257
vn 0.1140 -0.7257 -0.6785
vn 0.2454 -0.9692 0.0220
vn 0.2009 -0.9796 0.0082
vn 0.2583 -0.9623 -0.0857
vn -0.1210 0.1073 -0.9868
vn 0.1903 -0.6191 -0.7619
vn -0.1153 0.2494 -0.9615
vn 0.1121 -0.5875 -0.8014
vn -0.0143 0.4088 -0.9125
vn -0.0445 0.4211 -0.9059
vn -0.0314 0.3860 -0.9220
vn 0.2417 -0.9517 -0.1892
vn 0.0206 0.5190 -0.8545
vn 0.0208 0.5293 -0.8482
vn 0.0132 0.5163 -0.8563
vn 0.0797 0.5001 -0.8623
vn 0.0858 0.4839 -0.8709
vn 0.0902 0.4983 -0.8623
vn 0.0091 0.4610 -0.8874
vn 0.0300 0.4955 -0.8681
vn 0.1801 0.0499 -0.9824
vn 0.2483 0.1045 -0.9630
vn 0.2301 -0.0529 -0.9717
vn -0.0582 0.9966 -0.0577
vn -0.0543 0.9974 -0.0468
vn -0.0592 0.9958 -0.0692
vn -0.3641 0.6031 0.7098
vn 0.2009 0.3352 -0.9205
vn 0.1448 -0.0386 -0.9887
vn 0.1450 -0.0240 -0.9891
vn 0.1516 -0.0329 -0.9879
vn 0.1627 -0.0191 -0.9865
vn 0.2527 -0.1314 -0.9586
vn 0.1590 0.5716 -0.8050
vn 0.1880 0.6228 -0.7595
vn -0.0529 0.9954 -0.0797
vn 0.0049 0.9998 0.0189
vn -0.0098 0.9991 -0.0402
vn -0.0019 1.0000 -0.0095
vn 0.0064 0.9999 -0.0116
vn -0.0127 0.9896 -0.1433
vn -0.1256 0.7629 0.6342
vn -0.2660 -0.1147 0.9571
vn -0.0992 -0.0314 0.9946
vn -0.2296 -0.0019 0.9733
vn 0.0339 0.7537 0.6564
vn -0.2109 -0.0207 0.9773
vn 0.1845 0.8905 0.4158
vn 0.6210 0.5808 0.5263
vn -0.0993 0.1332 0.9861
vn 0.2733 0.9614 0.0306
vn -0.3396 0.5900 0.7325
vn -0.8043 0.4512 0.3866
vn -0.1385 0.9684 0.2074
vn -0.0276 0.9970 -0.0719
vn -0.6422 0.4710 0.6047
vn -0.7415 0.6705 0.0235
vn 0.1507 0.3239 -0.9340
vn 0.2545 -0.1987 -0.9464
vn 0.2714 -0.2257 -0.9356
vn 0.2807 -0.2186 -0.9346
vn -0.0746 0.9818 -0.1745
vn -0.0591 0.9817 -0.1812
vn -0.0665 0.9820 -0.1771
vn -0.0042 0.9752 -0.2213
vn 0.0095 0.6475 -0.7620
vn -0.2139 0.5976 -0.7728
vn -0.0406 -0.3478 -0.9367
vn -0.0877 -0.3226 -0.9425
vn 0.0582 -0.8260 -0.5606
vn -0.2357 0.5297 -0.8148
vn -0.2551 0.9517 -0.1708
vn -0.0779 0.8064 -0.5862
vn -0.2279 0.4184 -0.8792
vn -0.0698 -0.4259 -0.9021
vn -0.2389 0.3730 -0.8965
vn -0.1056 0.8582 -0.5023
vn 0.0105 0.7792 -0.6267
vn 0.2139 -0.2395 -0.9470
vn 0.2211 -0.2428 -0.9446
vn 0.2210 -0.2329 -0.9470
vn 0.2787 -0.2557 -0.9257
vn 0.2296 -0.2567 -0.9388
vn 0.1707 0.6185 -0.7671
vn 0.1636 0.3398 -0.9261
vn -0.5875 -0.1241 -0.7997
vn -0.6246 -0.3298 -0.7079
vn -0.2586 -0.3373 -0.9052
vn -0.0206 -0.2893 -0.9570
vn -0.4190 0.4429 -0.7926
vn -0.7761 0.4909 -0.3960
vn -0.6759 0.6560 -0.3359
vn -0.9934 0.0361 0.1091
vn -0.9993 0.0218 -0.0297
vn -0.9997 0.0160 -0.0201
vn -0.9987 -0.0091 -0.0503
vn -0.9992 0.0278 0.0305
vn -0.9998 -0.0195 -0.0044
vn -0.8344 0.3768 -0.4021
vn -0.6796 0.2424 -0.6924
vn -0.9843 -0.0266 -0.1745
vn -0.4044 -0.4730 -0.7827
vn 0.0792 -0.8318 -0.5494
vn -1.0000 0.0062 -0.0003
vn -0.9997 0.0215 -0.0097
vn -0.9999 0.0165 -0.0050
vn -0.9999 -0.0025 -0.0122
vn -0.9999 -0.0049 -0.0094
vn -1.0000 -0.0092 0.0031
vn -0.9996 -0.0174 -0.0204
vn -1.0000 -0.0024 0.0037
vn -1.0000 -0.0021 -0.0042
vn -1.0000 -0.0018 -0.0041
vn -0.9999 0.0118 -0.0008
vn -0.9999 -0.0150 0.0081
vn -0.6489 -0.5617 0.5133
vn -0.5662 -0.7461 0.3505
vn -0.3726 -0.9273 -0.0358
vn -0.3242 -0.6201 0.7143
vn 0.1925 -0.8905 0.4123
vn 0.0931 -0.9661 0.2407
vn 0.1810 -0.9489 0.2584
vn 0.2625 -0.9515 0.1602
vn 0.0317 -0.9869 -0.1579
vn 0.1549 -0.9574 -0.2436
vn -0.2279 -0.9290 -0.2917
vn 0.0365 -0.8965 -0.4415
vn 0.1058 -0.8613 -0.4969
vn 0.2287 -0.9684 0.0993
vn 0.2210 -0.9556 0.1949
vn -0.3193 -0.0794 0.9443
vn -0.3106 -0.1108 0.9441
vn -0.3151 -0.1024 0.9435
vn 0.2373 0.9714 -0.0066
vn -0.5928 0.8036 0.0537
vn 0.0208 0.9869 -0.1599
vn -0.8991 0.4377 -0.0044
vn 0.2715 0.9551 -0.1185
vn 0.2727 0.9528 -0.1333
vn 0.2719 0.9541 -0.1257
vn 0.3071 -0.2457 -0.9194
vn 0.3158 -0.2290 -0.9208
vn 0.3159 -0.2442 -0.9168
vn -0.9995 0.0203 -0.0226
vn -1.0000 -0.0065 -0.0060
vn -0.9999 0.0076 -0.0131
vn -1.0000 0.0031 0.0083
vn -1.0000 -0.0012 0.0017
vn -0.9999 0.0135 0.0073
vn -1.0000 -0.0003 0.0016
vn -1.0000 0.0013 0.0019
vn -1.0000 0.0045 0.0015
vn -0.9976 -0.0338 0.0611
vn -0.9275 0.0935 0.3620
vn -0.9998 0.0076 -0.0207
vn -1.0000 0.0052 0.0046
vn -1.0000 0.0051 0.0068
vn -0.9999 0.0007 0.0133
vt 0.548382 0.719878
vt 0.550879 0.720730
vt 0.549295 0.731454
vt 0.550699 0.711434
vt 0.553223 0.711182
vt 0.554080 0.704343
vt 0.552802 0.719739
vt 0.553077 0.730928
vt 0.550012 0.746323
vt 0.558254 0.748333
vt 0.565561 0.763106
vt 0.561321 0.750786
vt 0.578452 0.768093
vt 0.581567 0.766233
vt 0.565834 0.746724
vt 0.597583 0.774172
vt 0.597024 0.778561
vt 0.609939 0.760169
vt 0.594226 0.744016
vt 0.601171 0.749908
vt 0.611825 0.782267
vt 0.620534 0.769826
vt 0.628951 0.763301
vt 0.644538 0.767386
vt 0.622890 0.756556
vt 0.636950 0.751569
vt 0.601693 0.739251
vt 0.630890 0.738500
vt 0.655887 0.760925
vt 0.673715 0.747602
vt 0.657971 0.776162
vt 0.671128 0.774752
vt 0.666371 0.752578
vt 0.650028 0.733656
vt 0.653933 0.725654
vt 0.664008 0.719512
vt 0.633133 0.712966
vt 0.607608 0.727223
vt 0.612483 0.714731
vt 0.608701 0.714196
vt 0.601962 0.711462
vt 0.592201 0.708751
vt 0.585343 0.738601
vt 0.579278 0.734012
vt 0.572401 0.708671
vt 0.568340 0.723944
vt 0.554988 0.730074
vt 0.557953 0.728986
vt 0.554526 0.718379
vt 0.558508 0.711265
vt 0.555504 0.709058
vt 0.557584 0.703432
vt 0.561032 0.715556
vt 0.560849 0.711754
vt 0.586027 0.698571
vt 0.572773 0.696136
vt 0.612831 0.699062
vt 0.639213 0.695336
vt 0.624058 0.688335
vt 0.658835 0.711936
vt 0.693750 0.734837
vt 0.691213 0.743413
vt 0.690560 0.762273
vt 0.703985 0.754727
vt 0.686027 0.772398
vt 0.658985 0.786905
vt 0.641761 0.779394
vt 0.637589 0.783186
vt 0.658314 0.790477
vt 0.655706 0.800511
vt 0.647645 0.802465
vt 0.669594 0.797556
vt 0.659111 0.808665
vt 0.648746 0.811363
vt 0.680036 0.791488
vt 0.677654 0.788227
vt 0.699288 0.782612
vt 0.706810 0.765445
vt 0.707520 0.774414
vt 0.712896 0.750147
vt 0.716196 0.735670
vt 0.696751 0.729612
vt 0.703343 0.722996
vt 0.721436 0.729248
vt 0.677411 0.711657
vt 0.687245 0.711419
vt 0.655448 0.684758
vt 0.640123 0.679347
vt 0.671364 0.693302
vt 0.694161 0.684349
vt 0.665541 0.674405
vt 0.653255 0.667036
vt 0.618644 0.671798
vt 0.601437 0.679089
vt 0.561987 0.708224
vt 0.559053 0.698249
vt 0.585151 0.679152
vt 0.555826 0.698795
vt 0.558105 0.691650
vt 0.569007 0.678731
vt 0.582993 0.666160
vt 0.590228 0.669095
vt 0.596960 0.660960
vt 0.596680 0.659668
vt 0.599044 0.658156
vt 0.615332 0.661539
vt 0.651302 0.659353
vt 0.611562 0.653288
vt 0.615549 0.648515
vt 0.651922 0.652802
vt 0.698595 0.695669
vt 0.696933 0.712826
vt 0.721862 0.721942
vt 0.711886 0.708736
vt 0.725161 0.709755
vt 0.720743 0.691160
vt 0.710211 0.677133
vt 0.718161 0.672035
vt 0.714068 0.667007
vt 0.689531 0.672773
vt 0.689321 0.664368
vt 0.716412 0.659301
vt 0.678908 0.657493
vt 0.704565 0.655626
vt 0.719482 0.652100
vt 0.710553 0.647755
vt 0.683939 0.650571
vt 0.685406 0.643388
vt 0.702609 0.639014
vt 0.677064 0.634863
vt 0.699654 0.628040
vt 0.714821 0.631330
vt 0.712090 0.623752
vt 0.718329 0.616435
vt 0.708033 0.613782
vt 0.691438 0.621643
vt 0.703804 0.619629
vt 0.700641 0.613431
vt 0.690028 0.618281
vt 0.685310 0.607725
vt 0.653416 0.627907
vt 0.654140 0.616194
vt 0.664160 0.608317
vt 0.659616 0.603805
vt 0.652117 0.612154
vt 0.650270 0.598912
vt 0.632237 0.595074
vt 0.628566 0.601142
vt 0.625258 0.606193
vt 0.629527 0.611107
vt 0.615028 0.604686
vt 0.642288 0.620748
vt 0.612297 0.611943
vt 0.609225 0.600772
vt 0.613918 0.598079
vt 0.615867 0.578194
vt 0.632769 0.590305
vt 0.627826 0.584536
vt 0.632461 0.580969
vt 0.625632 0.574490
vt 0.619855 0.579387
vt 0.618682 0.575671
vt 0.623291 0.567139
vt 0.623159 0.569978
vt 0.617176 0.564654
vt 0.610568 0.570801
vt 0.605097 0.563996
vt 0.605305 0.572958
vt 0.604701 0.594762
vt 0.599810 0.578618
vt 0.599210 0.592715
vt 0.598594 0.580881
vt 0.596191 0.583917
vt 0.596006 0.589779
vt 0.596768 0.593808
vt 0.601741 0.602800
vt 0.592529 0.588867
vt 0.592790 0.597957
vt 0.598638 0.608077
vt 0.602314 0.617207
vt 0.605470 0.600387
vt 0.612803 0.571220
vt 0.747314 0.399658
vt 0.748156 0.396496
vt 0.753540 0.401389
vt 0.748779 0.403320
vt 0.758222 0.410623
vt 0.760966 0.405861
vt 0.770558 0.417268
vt 0.770180 0.422257
vt 0.780010 0.432126
vt 0.796636 0.437461
vt 0.797026 0.420489
vt 0.783617 0.410809
vt 0.757671 0.398439
vt 0.763270 0.395602
vt 0.755924 0.388424
vt 0.752254 0.390308
vt 0.749035 0.392343
vt 0.753707 0.374599
vt 0.750255 0.382587
vt 0.757834 0.375987
vt 0.761751 0.385271
vt 0.772315 0.392713
vt 0.767002 0.381154
vt 0.796372 0.404983
vt 0.824808 0.429219
vt 0.811283 0.412323
vt 0.817224 0.426073
vt 0.797751 0.444314
vt 0.825798 0.438881
vt 0.790527 0.443115
vt 0.793267 0.448612
vt 0.781541 0.434373
vt 0.812033 0.449290
vt 0.790435 0.454914
vt 0.785870 0.471409
vt 0.827910 0.454760
vt 0.783739 0.464571
vt 0.777500 0.471861
vt 0.770690 0.480123
vt 0.763534 0.489088
vt 0.762937 0.493920
vt 0.755903 0.498612
vt 0.749909 0.505627
vt 0.747948 0.507787
vt 0.749911 0.507837
vt 0.753999 0.508208
vt 0.746683 0.517675
vt 0.744141 0.515381
vt 0.764741 0.498535
vt 0.760063 0.507785
vt 0.788702 0.479204
vt 0.775831 0.498180
vt 0.767266 0.508535
vt 0.772238 0.508250
vt 0.780228 0.508647
vt 0.790459 0.497444
vt 0.792918 0.509213
vt 0.805792 0.494761
vt 0.805077 0.507391
vt 0.803512 0.486385
vt 0.805393 0.478182
vt 0.838247 0.460974
vt 0.823592 0.501495
vt 0.817570 0.504406
vt 0.825096 0.502821
vt 0.829134 0.493215
vt 0.838495 0.481686
vt 0.844439 0.472712
vt 0.853778 0.485205
vt 0.841953 0.500363
vt 0.856407 0.497510
vt 0.866711 0.495212
vt 0.839363 0.467749
vt 0.869472 0.467317
vt 0.890887 0.474515
vt 0.877595 0.455708
vt 0.868067 0.451174
vt 0.886916 0.490959
vt 0.871582 0.499756
vt 0.884138 0.498168
vt 0.897462 0.503952
vt 0.894896 0.460255
vt 0.861632 0.444313
vt 0.847948 0.442374
vt 0.863467 0.435059
vt 0.854233 0.428685
vt 0.872540 0.428991
vt 0.886118 0.435422
vt 0.859593 0.419911
vt 0.887435 0.414668
vt 0.888419 0.427611
vt 0.892523 0.418823
vt 0.892282 0.442021
vt 0.900391 0.452637
vt 0.897745 0.489079
vt 0.905273 0.497559
vt 0.903320 0.519287
vt 0.902636 0.514717
vt 0.908330 0.519560
vt 0.945348 0.848480
vt 0.939307 0.851595
vt 0.943734 0.838866
vt 0.935991 0.845632
vt 0.946272 0.840705
vt 0.952277 0.839002
vt 0.931477 0.836238
vt 0.942127 0.814411
vt 0.929231 0.829992
vt 0.945612 0.828966
vt 0.926318 0.819888
vt 0.934442 0.808379
vt 0.923141 0.806538
vt 0.927929 0.791670
vt 0.921130 0.794137
vt 0.921933 0.782734
vt 0.922342 0.775858
vt 0.936813 0.733300
vt 0.931030 0.731230
vt 0.921833 0.759768
vt 0.921376 0.748170
vt 0.944537 0.730931
vt 0.953047 0.734607
vt 0.959558 0.714384
vt 0.962439 0.729968
vt 0.964638 0.715526
vt 0.969965 0.718981
vt 0.979829 0.718243
vt 0.983563 0.716382
vt 0.977509 0.737886
vt 0.988000 0.721676
vt 0.987176 0.729455
vt 0.985833 0.734280
vt 0.989258 0.735324
vt 0.986271 0.747586
vt 0.989314 0.748966
vt 0.973231 0.740631
vt 0.980607 0.749856
vt 0.964985 0.739765
vt 0.953166 0.782505
vt 0.944884 0.809727
vt 0.949593 0.814679
vt 0.955836 0.825635
vt 0.957106 0.840436
vt 0.963257 0.818543
vt 0.979145 0.822484
vt 0.967619 0.841733
vt 0.979252 0.829292
vt 0.973036 0.839617
vt 0.979980 0.818604
vt 0.975755 0.815724
vt 0.963794 0.813012
vt 0.980713 0.812012
vt 0.958095 0.815873
vt 0.960195 0.802998
vt 0.965080 0.799136
vt 0.949970 0.811226
vt 0.960111 0.785430
vt 0.957777 0.771267
vt 0.966001 0.784495
vt 0.970694 0.764580
vt 0.968072 0.783053
vt 0.971138 0.767016
vt 0.971037 0.788228
vt 0.973523 0.801720
vt 0.978480 0.802933
vt 0.982100 0.798232
vt 0.980771 0.789742
vt 0.984526 0.792370
vt 0.986328 0.800781
vt 0.988281 0.795032
vt 0.989746 0.791067
vt 0.987680 0.777837
vt 0.989038 0.780613
vt 0.980489 0.777131
vt 0.986017 0.778342
vt 0.978130 0.779041
vt 0.990185 0.771633
vt 0.980971 0.768824
vt 0.976083 0.770086
vt 0.974139 0.758512
vt 0.980028 0.759557
vt 0.988037 0.769382
vt 0.987056 0.756058
vt 0.983925 0.759096
vt 0.975913 0.747060
vt 0.971219 0.749732
vt 0.951285 0.851197
vt 0.965630 0.851173
vt 0.958092 0.853159
vt 0.969812 0.849761
vt 0.975098 0.845947
vt 0.762408 0.365194
vt 0.772796 0.347857
vt 0.760010 0.354248
vt 0.771298 0.343213
vt 0.778854 0.337855
vt 0.809306 0.344203
vt 0.800408 0.351321
vt 0.811035 0.347900
vt 0.814948 0.360332
vt 0.814585 0.366203
vt 0.786171 0.360038
vt 0.803933 0.367988
vt 0.815597 0.371061
vt 0.821576 0.372423
vt 0.830811 0.375244
vt 0.830087 0.382453
vt 0.815231 0.377433
vt 0.835777 0.383883
vt 0.836297 0.387656
vt 0.824813 0.386598
vt 0.832628 0.393503
vt 0.848843 0.390480
vt 0.853489 0.398330
vt 0.837219 0.402818
vt 0.865965 0.390381
vt 0.870474 0.392284
vt 0.870221 0.389369
vt 0.882988 0.395660
vt 0.861598 0.403033
vt 0.888621 0.399773
vt 0.885330 0.392333
vt 0.894674 0.389672
vt 0.892334 0.394531
vt 0.894525 0.405645
vt 0.876073 0.409952
vt 0.853626 0.414154
vt 0.838546 0.409061
vt 0.814739 0.390590
vt 0.809830 0.400597
vt 0.828500 0.420039
vt 0.791723 0.390822
vt 0.780140 0.385440
vt 0.774711 0.379127
vt 0.772344 0.377129
vt 0.771623 0.366646
vt 0.771200 0.357578
vt 0.791575 0.362553
vt 0.787005 0.362718
vt 0.780698 0.375246
vt 0.782751 0.372532
vt 0.784525 0.373823
vt 0.787242 0.371353
vt 0.801339 0.380514
vt 0.811320 0.383482
vt 0.815736 0.383980
vt 0.606192 0.624999
vt 0.619565 0.628574
vt 0.610242 0.633137
vt 0.622556 0.642565
vt 0.614194 0.643340
vt 0.650542 0.638968
vt 0.656129 0.644565
vt 0.624768 0.794878
vt 0.613770 0.791748
vt 0.626431 0.786211
vt 0.621582 0.804199
vt 0.631436 0.798886
vt 0.625585 0.805427
vt 0.635582 0.802975
vt 0.643015 0.804111
vt 0.636230 0.808105
vt 0.640381 0.809814
vt 0.641357 0.814209
vt 0.652361 0.814723
vt 0.669407 0.810056
vt 0.673047 0.807195
vt 0.671258 0.802571
vt 0.684652 0.797884
vt 0.684874 0.795529
vt 0.690716 0.797699
vt 0.689938 0.802606
vt 0.693790 0.805154
vt 0.695068 0.801758
vt 0.699707 0.792725
vt 0.613658 0.783942
vt 0.632688 0.777954
vt 0.242916 0.341192
vt 0.247318 0.363963
vt 0.223773 0.353446
vt 0.233103 0.370411
vt 0.249609 0.373448
vt 0.240154 0.380145
vt 0.244880 0.386757
vt 0.254198 0.382808
vt 0.254058 0.388392
vt 0.257339 0.396658
vt 0.249160 0.400923
vt 0.236825 0.398642
vt 0.224753 0.396001
vt 0.221076 0.383868
vt 0.232502 0.350454
vt 0.214729 0.357683
vt 0.216410 0.370794
vt 0.209846 0.381231
vt 0.208609 0.394577
vt 0.201466 0.375134
vt 0.199111 0.385732
vt 0.206633 0.361549
vt 0.196465 0.368183
vt 0.193221 0.377043
vt 0.185270 0.379777
vt 0.184462 0.369981
vt 0.190354 0.365670
vt 0.183770 0.366670
vt 0.188201 0.385648
vt 0.173011 0.373103
vt 0.173670 0.383272
vt 0.169003 0.375586
vt 0.167040 0.372857
vt 0.163848 0.376388
vt 0.156428 0.380769
vt 0.160622 0.385945
vt 0.174229 0.388268
vt 0.185238 0.398051
vt 0.180624 0.407461
vt 0.172473 0.394704
vt 0.163263 0.393171
vt 0.159882 0.411387
vt 0.141869 0.386611
vt 0.154299 0.380412
vt 0.148813 0.390633
vt 0.155760 0.376842
vt 0.144453 0.380695
vt 0.163421 0.365434
vt 0.149532 0.371048
vt 0.156077 0.362538
vt 0.141373 0.367376
vt 0.140795 0.375491
vt 0.131823 0.372716
vt 0.133947 0.384608
vt 0.127898 0.377293
vt 0.139235 0.394979
vt 0.148031 0.398856
vt 0.150204 0.408314
vt 0.135891 0.419014
vt 0.116454 0.420119
vt 0.130592 0.409098
vt 0.120806 0.405327
vt 0.133545 0.390099
vt 0.131194 0.391250
vt 0.130397 0.384033
vt 0.127023 0.388923
vt 0.126247 0.394808
vt 0.124587 0.388992
vt 0.118955 0.388113
vt 0.120991 0.399120
vt 0.110981 0.410495
vt 0.119672 0.414085
vt 0.128166 0.425932
vt 0.159186 0.420245
vt 0.147398 0.430411
vt 0.179948 0.418588
vt 0.193722 0.407957
vt 0.200000 0.411435
vt 0.215659 0.406704
vt 0.222960 0.409777
vt 0.194385 0.421133
vt 0.208451 0.422412
vt 0.168815 0.431459
vt 0.135126 0.448891
vt 0.164686 0.442572
vt 0.192474 0.428468
vt 0.177420 0.446037
vt 0.196041 0.439484
vt 0.214632 0.429618
vt 0.222661 0.419876
vt 0.237743 0.409065
vt 0.233254 0.417582
vt 0.247563 0.409061
vt 0.240974 0.418533
vt 0.229637 0.426853
vt 0.246339 0.423291
vt 0.255414 0.410215
vt 0.256654 0.421341
vt 0.247741 0.430407
vt 0.239732 0.429310
vt 0.260992 0.430584
vt 0.251511 0.435745
vt 0.232443 0.432446
vt 0.245740 0.437365
vt 0.241056 0.439729
vt 0.243960 0.442370
vt 0.251343 0.440606
vt 0.237663 0.444007
vt 0.248332 0.445124
vt 0.261643 0.439434
vt 0.261694 0.425736
vt 0.262041 0.436384
vt 0.259697 0.414795
vt 0.257225 0.402239
vt 0.243164 0.334473
vt 0.226007 0.337693
vt 0.236630 0.329127
vt 0.219691 0.345763
vt 0.209893 0.354695
vt 0.201465 0.360093
vt 0.193025 0.363241
vt 0.200756 0.351834
vt 0.183110 0.358143
vt 0.189642 0.349042
vt 0.172005 0.358918
vt 0.137976 0.359845
vt 0.154924 0.351728
vt 0.172207 0.348980
vt 0.178998 0.336969
vt 0.185112 0.340411
vt 0.201644 0.338488
vt 0.200053 0.329474
vt 0.208680 0.343973
vt 0.217304 0.333146
vt 0.211879 0.328365
vt 0.194649 0.323774
vt 0.210523 0.314229
vt 0.204093 0.310355
vt 0.175640 0.318727
vt 0.170790 0.333100
vt 0.196777 0.308306
vt 0.181682 0.307792
vt 0.222876 0.309452
vt 0.215084 0.302294
vt 0.227765 0.321535
vt 0.225020 0.302702
vt 0.231268 0.309559
vt 0.219986 0.295105
vt 0.201254 0.299666
vt 0.179886 0.295822
vt 0.172756 0.301428
vt 0.145071 0.303817
vt 0.158232 0.293541
vt 0.150393 0.279879
vt 0.186003 0.285467
vt 0.155573 0.265361
vt 0.186625 0.276430
vt 0.178345 0.265969
vt 0.133522 0.247465
vt 0.163181 0.254475
vt 0.187291 0.257750
vt 0.153663 0.242820
vt 0.178306 0.242268
vt 0.159308 0.237330
vt 0.153281 0.225290
vt 0.195074 0.242385
vt 0.166348 0.218736
vt 0.148517 0.210862
vt 0.150134 0.201819
vt 0.170160 0.209714
vt 0.136527 0.213953
vt 0.139694 0.226128
vt 0.127556 0.232345
vt 0.137014 0.205374
vt 0.140625 0.197510
vt 0.144746 0.191013
vt 0.152062 0.192794
vt 0.168421 0.198051
vt 0.152142 0.182049
vt 0.171005 0.190728
vt 0.163454 0.179881
vt 0.187529 0.189893
vt 0.184509 0.182551
vt 0.177490 0.172781
vt 0.198788 0.178031
vt 0.197970 0.197324
vt 0.183082 0.202912
vt 0.212348 0.189783
vt 0.188208 0.167308
vt 0.215138 0.181903
vt 0.196540 0.162049
vt 0.219085 0.171589
vt 0.201199 0.157411
vt 0.228071 0.179895
vt 0.223698 0.187858
vt 0.214277 0.198083
vt 0.234602 0.183099
vt 0.243190 0.193338
vt 0.245200 0.185612
vt 0.247635 0.197888
vt 0.254457 0.196309
vt 0.258040 0.213908
vt 0.268241 0.196863
vt 0.267497 0.212810
vt 0.252364 0.208909
vt 0.255014 0.223558
vt 0.268799 0.221436
vt 0.260021 0.229520
vt 0.256062 0.247419
vt 0.259717 0.240175
vt 0.264648 0.243408
vt 0.260023 0.251900
vt 0.259277 0.258057
vt 0.250009 0.257210
vt 0.253057 0.263591
vt 0.242561 0.252378
vt 0.247123 0.236008
vt 0.265456 0.232953
vt 0.240295 0.230008
vt 0.241088 0.221578
vt 0.242109 0.210799
vt 0.237162 0.198398
vt 0.230790 0.213576
vt 0.229698 0.201936
vt 0.217607 0.205097
vt 0.208440 0.206878
vt 0.218845 0.219104
vt 0.212261 0.223358
vt 0.202541 0.214714
vt 0.205008 0.227408
vt 0.199733 0.221825
vt 0.208191 0.240056
vt 0.218345 0.230992
vt 0.214086 0.239943
vt 0.221744 0.237526
vt 0.229342 0.224923
vt 0.229725 0.232517
vt 0.226751 0.243208
vt 0.236232 0.238685
vt 0.239793 0.300141
vt 0.240567 0.310286
vt 0.244110 0.293774
vt 0.241729 0.285430
vt 0.217722 0.278080
vt 0.229909 0.280866
vt 0.230917 0.266749
vt 0.221810 0.265573
vt 0.236797 0.278842
vt 0.242875 0.273143
vt 0.245980 0.282677
vt 0.240991 0.263780
vt 0.245035 0.268757
vt 0.237849 0.258242
vt 0.253117 0.270638
vt 0.252159 0.279087
vt 0.247235 0.286722
vt 0.259175 0.441466
vt 0.263672 0.441895
vt 0.263427 0.454144
vt 0.256303 0.459475
vt 0.267090 0.462402
vt 0.243207 0.444301
vt 0.240726 0.461205
vt 0.250123 0.466917
vt 0.264103 0.469687
vt 0.270791 0.477173
vt 0.256268 0.474871
vt 0.253503 0.480187
vt 0.242722 0.473527
vt 0.233371 0.446900
vt 0.220773 0.464711
vt 0.225451 0.447740
vt 0.222638 0.437923
vt 0.212933 0.450446
vt 0.205536 0.461143
vt 0.214791 0.437838
vt 0.221983 0.473320
vt 0.223932 0.478810
vt 0.236999 0.485499
vt 0.246254 0.487534
vt 0.257355 0.486067
vt 0.259283 0.499108
vt 0.243363 0.495301
vt 0.227288 0.485346
vt 0.205345 0.473671
vt 0.227040 0.501167
vt 0.204596 0.497945
vt 0.202303 0.490999
vt 0.200066 0.486084
vt 0.183834 0.482351
vt 0.190592 0.470500
vt 0.171925 0.476946
vt 0.165656 0.467433
vt 0.185770 0.456441
vt 0.203221 0.452678
vt 0.200388 0.446510
vt 0.269398 0.483994
vt 0.273322 0.494950
vt 0.278077 0.506802
vt 0.263911 0.504753
vt 0.248175 0.500679
vt 0.248294 0.507370
vt 0.252264 0.512928
vt 0.266192 0.512995
vt 0.242029 0.510679
vt 0.232208 0.513383
vt 0.205933 0.510233
vt 0.218934 0.520057
vt 0.204646 0.518644
vt 0.174711 0.492577
vt 0.161130 0.508966
vt 0.188296 0.517109
vt 0.165238 0.515558
vt 0.152410 0.491526
vt 0.149577 0.501326
vt 0.137496 0.500737
vt 0.134934 0.493760
vt 0.144755 0.484091
vt 0.128993 0.487008
vt 0.138429 0.475558
vt 0.126937 0.478165
vt 0.145246 0.509616
vt 0.144574 0.517471
vt 0.151878 0.524197
vt 0.156579 0.530309
vt 0.171992 0.521150
vt 0.213278 0.525283
vt 0.198501 0.535368
vt 0.161427 0.540507
vt 0.166533 0.546603
vt 0.172586 0.556621
vt 0.183075 0.547781
vt 0.184158 0.554883
vt 0.200426 0.549788
vt 0.214316 0.537928
vt 0.213386 0.552734
vt 0.228450 0.520799
vt 0.229052 0.535482
vt 0.240225 0.524669
vt 0.248027 0.526610
vt 0.262334 0.523796
vt 0.274897 0.522218
vt 0.253495 0.530383
vt 0.249007 0.535586
vt 0.242349 0.538802
vt 0.225318 0.556414
vt 0.214491 0.563743
vt 0.190672 0.569659
vt 0.183435 0.564292
vt 0.195801 0.578613
vt 0.200742 0.582235
vt 0.244141 0.314857
vt 0.239312 0.320767
vt 0.283042 0.518560
vt 0.236271 0.246827
vt 0.227331 0.258311
vt 0.216125 0.261469
vt 0.222641 0.251613
vt 0.210734 0.257457
vt 0.213142 0.249336
vt 0.201620 0.241252
vt 0.197212 0.259965
vt 0.195072 0.252946
vt 0.197665 0.229034
vt 0.194757 0.205976
vt 0.201668 0.206311
vt 0.204038 0.286221
vt 0.199610 0.276074
vt 0.209109 0.272938
vt 0.199523 0.264172
vt 0.202976 0.268136
vt 0.155857 0.329104
vt 0.154269 0.344134
vt 0.121412 0.368516
vt 0.116201 0.382770
vt 0.112843 0.380796
vt 0.109856 0.362907
vt 0.121398 0.354288
vt 0.100317 0.375322
vt 0.103848 0.380363
vt 0.095215 0.369062
vt 0.102406 0.385746
vt 0.095096 0.390473
vt 0.100035 0.398281
vt 0.106211 0.390230
vt 0.113084 0.391590
vt 0.108107 0.394710
vt 0.101177 0.402819
vt 0.100533 0.406274
vt 0.106352 0.404819
vt 0.103102 0.414116
vt 0.105562 0.410393
vt 0.106590 0.414477
vt 0.101414 0.416238
vt 0.108047 0.418403
vt 0.104134 0.423941
vt 0.115779 0.450464
vt 0.124958 0.441915
vt 0.120134 0.434764
vt 0.113867 0.401544
vt 0.115312 0.390945
vt 0.172744 0.452641
vt 0.180554 0.457695
vt 0.161552 0.461550
vt 0.159266 0.453051
vt 0.137825 0.464647
vt 0.123676 0.465174
vt 0.122661 0.459171
vt 0.123939 0.467716
vt 0.134319 0.335719
vt 0.127473 0.347143
vt 0.110811 0.345279
vt 0.099093 0.355845
vt 0.098074 0.344956
vt 0.121291 0.329687
vt 0.098458 0.334926
vt 0.111717 0.322344
vt 0.116664 0.311918
vt 0.098524 0.314388
vt 0.099980 0.307064
vt 0.126929 0.299832
vt 0.103390 0.298078
vt 0.122907 0.289770
vt 0.105573 0.289331
vt 0.104672 0.278011
vt 0.118140 0.274195
vt 0.138485 0.290860
vt 0.120730 0.256864
vt 0.116211 0.248535
vt 0.125417 0.250682
vt 0.125830 0.239118
vt 0.126776 0.224664
vt 0.141495 0.268732
vt 0.117230 0.264395
vt 0.140804 0.290549
vt 0.132343 0.317994
vt 0.133940 0.326154
vt 0.141898 0.317498
vt 0.146889 0.323631
vt 0.162949 0.314953
vt 0.160661 0.309862
vt 0.142842 0.456225
vt 0.178923 0.150225
vt 0.187903 0.148936
vt 0.168994 0.155276
vt 0.175312 0.142592
vt 0.165716 0.165993
vt 0.158576 0.171880
vt 0.295032 0.663334
vt 0.287408 0.667485
vt 0.287310 0.659854
vt 0.282847 0.663907
vt 0.281143 0.652489
vt 0.284389 0.645972
vt 0.291245 0.650973
vt 0.298567 0.656348
vt 0.303836 0.659564
vt 0.312857 0.656277
vt 0.314392 0.651080
vt 0.320312 0.657959
vt 0.320029 0.650196
vt 0.345742 0.647716
vt 0.337827 0.649061
vt 0.332878 0.636409
vt 0.350787 0.644187
vt 0.372517 0.639072
vt 0.375176 0.631198
vt 0.378547 0.638415
vt 0.382440 0.637585
vt 0.357034 0.626513
vt 0.364531 0.641237
vt 0.381610 0.623134
vt 0.385341 0.636226
vt 0.388161 0.626934
vt 0.395883 0.635665
vt 0.402135 0.634475
vt 0.395978 0.614010
vt 0.411044 0.635360
vt 0.409680 0.624070
vt 0.416786 0.634327
vt 0.430160 0.637258
vt 0.424539 0.630075
vt 0.430583 0.626716
vt 0.458653 0.618283
vt 0.453221 0.640051
vt 0.445854 0.639127
vt 0.467798 0.645499
vt 0.459221 0.642452
vt 0.466036 0.625386
vt 0.470902 0.646167
vt 0.475131 0.643664
vt 0.477264 0.647922
vt 0.440068 0.637071
vt 0.451440 0.613768
vt 0.438273 0.612707
vt 0.444171 0.612908
vt 0.429115 0.609878
vt 0.452413 0.593959
vt 0.443349 0.588500
vt 0.450740 0.583762
vt 0.434843 0.589234
vt 0.420562 0.609569
vt 0.400920 0.607543
vt 0.369706 0.615665
vt 0.362317 0.616884
vt 0.376929 0.611204
vt 0.361702 0.623857
vt 0.367156 0.601839
vt 0.374537 0.602123
vt 0.348252 0.597882
vt 0.345092 0.610079
vt 0.353198 0.630644
vt 0.356055 0.640457
vt 0.345333 0.633289
vt 0.340162 0.618335
vt 0.324285 0.643006
vt 0.329030 0.651362
vt 0.301524 0.646581
vt 0.297095 0.650723
vt 0.304551 0.642088
vt 0.305199 0.635956
vt 0.285930 0.643294
vt 0.289691 0.637826
vt 0.295956 0.633791
vt 0.299545 0.625730
vt 0.285515 0.630154
vt 0.278115 0.641568
vt 0.278429 0.638063
vt 0.281031 0.633528
vt 0.282145 0.623725
vt 0.287948 0.622555
vt 0.281659 0.616176
vt 0.292195 0.615365
vt 0.284285 0.608706
vt 0.278431 0.604976
vt 0.279297 0.600638
vt 0.293046 0.606692
vt 0.285319 0.594114
vt 0.277229 0.594384
vt 0.276016 0.591064
vt 0.288736 0.586754
vt 0.295024 0.592900
vt 0.300506 0.588203
vt 0.307408 0.585955
vt 0.299072 0.580811
vt 0.328316 0.587379
vt 0.314976 0.582171
vt 0.317829 0.576688
vt 0.322481 0.574184
vt 0.336932 0.585816
vt 0.324379 0.598022
vt 0.334150 0.596598
vt 0.308882 0.599586
vt 0.301364 0.604098
vt 0.305869 0.614087
vt 0.302165 0.619201
vt 0.312312 0.623260
vt 0.322088 0.620712
vt 0.312188 0.606846
vt 0.318726 0.600652
vt 0.326109 0.609411
vt 0.329861 0.617472
vt 0.334837 0.628266
vt 0.337356 0.574549
vt 0.347632 0.565834
vt 0.336857 0.568366
vt 0.339111 0.563721
vt 0.326415 0.638172
vt 0.311671 0.633035
vt 0.357618 0.594869
vt 0.370632 0.591253
vt 0.355612 0.584240
vt 0.365790 0.580619
vt 0.353560 0.577140
vt 0.360093 0.569223
vt 0.352861 0.557563
vt 0.362937 0.558966
vt 0.512893 0.657987
vt 0.510308 0.657804
vt 0.506370 0.649760
vt 0.507577 0.657907
vt 0.511752 0.652359
vt 0.505606 0.658456
vt 0.502739 0.657303
vt 0.502741 0.652111
vt 0.499371 0.656942
vt 0.500255 0.648602
vt 0.493663 0.653865
vt 0.498029 0.641090
vt 0.488897 0.653262
vt 0.515883 0.652142
vt 0.518394 0.656670
vt 0.516113 0.660156
vt 0.519962 0.662062
vt 0.524176 0.659860
vt 0.525426 0.656325
vt 0.530436 0.662461
vt 0.523925 0.650579
vt 0.530621 0.652936
vt 0.533895 0.662400
vt 0.537884 0.657574
vt 0.544716 0.661038
vt 0.543213 0.666016
vt 0.540116 0.647442
vt 0.527107 0.640724
vt 0.520799 0.640821
vt 0.534523 0.643987
vt 0.546894 0.650973
vt 0.548253 0.666653
vt 0.554216 0.658135
vt 0.558052 0.670128
vt 0.562236 0.667600
vt 0.557772 0.656339
vt 0.552358 0.646173
vt 0.553695 0.639619
vt 0.547328 0.628964
vt 0.541447 0.635421
vt 0.557610 0.632334
vt 0.553983 0.621359
vt 0.560637 0.624655
vt 0.558705 0.607261
vt 0.563965 0.612793
vt 0.550251 0.609481
vt 0.564624 0.601894
vt 0.563058 0.586884
vt 0.554446 0.592418
vt 0.569139 0.579642
vt 0.563402 0.574373
vt 0.570419 0.570556
vt 0.566157 0.563864
vt 0.556012 0.561292
vt 0.573091 0.551246
vt 0.567644 0.550241
vt 0.570138 0.538697
vt 0.561551 0.533513
vt 0.561244 0.542759
vt 0.554701 0.543948
vt 0.561064 0.555894
vt 0.556529 0.577795
vt 0.550046 0.567337
vt 0.549361 0.581781
vt 0.542529 0.588720
vt 0.536923 0.590327
vt 0.544080 0.610067
vt 0.535044 0.600195
vt 0.537243 0.614519
vt 0.527257 0.608199
vt 0.530398 0.618764
vt 0.538209 0.627145
vt 0.533516 0.632270
vt 0.521653 0.626003
vt 0.519098 0.613039
vt 0.516543 0.619915
vt 0.522655 0.595582
vt 0.517373 0.604071
vt 0.515614 0.614905
vt 0.510651 0.618102
vt 0.509295 0.611767
vt 0.511678 0.622447
vt 0.515541 0.625821
vt 0.512994 0.626337
vt 0.517671 0.629923
vt 0.507906 0.621332
vt 0.511811 0.629425
vt 0.515560 0.637359
vt 0.512541 0.633840
vt 0.507790 0.629394
vt 0.511353 0.638145
vt 0.512707 0.645248
vt 0.508847 0.645903
vt 0.510672 0.643104
vt 0.509326 0.638505
vt 0.506404 0.632554
vt 0.503643 0.639966
vt 0.504060 0.646953
vt 0.493305 0.639809
vt 0.488443 0.637705
vt 0.482587 0.650277
vt 0.483604 0.640558
vt 0.480225 0.650635
vt 0.478376 0.638950
vt 0.483152 0.634967
vt 0.480195 0.623067
vt 0.487804 0.631106
vt 0.494639 0.630206
vt 0.492322 0.626887
vt 0.502843 0.627409
vt 0.500348 0.620917
vt 0.498270 0.616342
vt 0.507823 0.614541
vt 0.507590 0.611354
vt 0.496829 0.603312
vt 0.474037 0.618898
vt 0.474121 0.599672
vt 0.486434 0.605830
vt 0.482027 0.595980
vt 0.470108 0.592625
vt 0.462082 0.597007
vt 0.457765 0.588210
vt 0.465032 0.583932
vt 0.428848 0.578329
vt 0.413292 0.606186
vt 0.420054 0.580954
vt 0.447612 0.558707
vt 0.458822 0.562004
vt 0.465489 0.558991
vt 0.478340 0.558310
vt 0.453792 0.552702
vt 0.441481 0.553489
vt 0.411208 0.571660
vt 0.407229 0.603819
vt 0.388845 0.606990
vt 0.380437 0.604555
vt 0.392550 0.584311
vt 0.383154 0.584327
vt 0.401634 0.577009
vt 0.419858 0.554658
vt 0.427896 0.551652
vt 0.436477 0.546229
vt 0.411783 0.533364
vt 0.431625 0.528932
vt 0.454715 0.533116
vt 0.446452 0.531261
vt 0.463476 0.535291
vt 0.470383 0.537033
vt 0.438560 0.529852
vt 0.421512 0.529868
vt 0.406982 0.535156
vt 0.407706 0.545167
vt 0.403090 0.537147
vt 0.397523 0.553888
vt 0.391247 0.547210
vt 0.384877 0.552624
vt 0.376726 0.550406
vt 0.368353 0.556052
vt 0.374699 0.575391
vt 0.265996 0.165120
vt 0.266013 0.159590
vt 0.276320 0.163484
vt 0.258560 0.164158
vt 0.242477 0.164361
vt 0.251500 0.166562
vt 0.249023 0.170898
vt 0.246338 0.171631
vt 0.238667 0.170363
vt 0.233560 0.163078
vt 0.243473 0.159189
vt 0.249011 0.159714
vt 0.254064 0.154285
vt 0.264502 0.154973
vt 0.254989 0.146092
vt 0.262915 0.148963
vt 0.265690 0.145663
vt 0.247111 0.146104
vt 0.242392 0.149211
vt 0.232633 0.150845
vt 0.231143 0.154688
vt 0.231333 0.145499
vt 0.238081 0.134819
vt 0.261176 0.143324
vt 0.250082 0.136378
vt 0.259741 0.138641
vt 0.258007 0.134141
vt 0.249182 0.128638
vt 0.228898 0.138058
vt 0.221388 0.154547
vt 0.224365 0.157471
vt 0.216780 0.149277
vt 0.221351 0.145458
vt 0.212025 0.143787
vt 0.215565 0.136048
vt 0.212315 0.138717
vt 0.207102 0.139931
vt 0.202408 0.132640
vt 0.200793 0.126220
vt 0.211125 0.130388
vt 0.195068 0.127197
vt 0.192120 0.120144
vt 0.206332 0.122835
vt 0.195649 0.113294
vt 0.185905 0.114402
vt 0.186393 0.105432
vt 0.178313 0.101976
vt 0.187671 0.100742
vt 0.175420 0.092562
vt 0.174316 0.097168
vt 0.182251 0.093921
vt 0.169503 0.086965
vt 0.170898 0.092041
vt 0.178391 0.085054
vt 0.170654 0.078837
vt 0.165995 0.081277
vt 0.163804 0.074265
vt 0.174214 0.073059
vt 0.163611 0.064099
vt 0.173464 0.068090
vt 0.171411 0.061725
vt 0.180716 0.061547
vt 0.174688 0.053498
vt 0.184773 0.054178
vt 0.181829 0.044604
vt 0.191674 0.053379
vt 0.192021 0.045484
vt 0.188375 0.039531
vt 0.195071 0.048474
vt 0.189883 0.063677
vt 0.183257 0.068367
vt 0.183595 0.078513
vt 0.194656 0.071374
vt 0.192381 0.079434
vt 0.187096 0.086366
vt 0.191818 0.094954
vt 0.195222 0.089431
vt 0.199190 0.084717
vt 0.205987 0.091271
vt 0.201667 0.077697
vt 0.200763 0.070236
vt 0.212428 0.080509
vt 0.206288 0.069425
vt 0.217411 0.072267
vt 0.209051 0.064179
vt 0.203392 0.056680
vt 0.196611 0.060663
vt 0.201615 0.046533
vt 0.211484 0.055661
vt 0.219739 0.045167
vt 0.221226 0.068175
vt 0.216532 0.077658
vt 0.221120 0.076994
vt 0.211276 0.085666
vt 0.226268 0.081852
vt 0.231690 0.095765
vt 0.221517 0.094753
vt 0.208767 0.097644
vt 0.198797 0.101831
vt 0.197655 0.106686
vt 0.205154 0.115717
vt 0.209586 0.109336
vt 0.207897 0.103046
vt 0.218381 0.101178
vt 0.232671 0.106076
vt 0.233832 0.101812
vt 0.234780 0.091271
vt 0.238378 0.096697
vt 0.243504 0.090684
vt 0.240043 0.099593
vt 0.235490 0.072240
vt 0.243501 0.068676
vt 0.250736 0.076348
vt 0.242059 0.102900
vt 0.252730 0.089886
vt 0.264853 0.026586
vt 0.265660 0.061121
vt 0.261321 0.064937
vt 0.269123 0.066430
vt 0.274186 0.034524
vt 0.275596 0.063479
vt 0.268185 0.020386
vt 0.261365 0.025817
vt 0.255246 0.076053
vt 0.254977 0.026581
vt 0.250771 0.022624
vt 0.238002 0.023064
vt 0.244319 0.015257
vt 0.274704 0.156123
vt 0.281274 0.152770
vt 0.280975 0.165660
vt 0.287262 0.164381
vt 0.291238 0.149845
vt 0.293926 0.158930
vt 0.291488 0.166830
vt 0.298672 0.162440
vt 0.298340 0.167969
vt 0.303549 0.167698
vt 0.308760 0.168010
vt 0.307724 0.152094
vt 0.285501 0.149568
vt 0.277387 0.146290
vt 0.264523 0.127529
vt 0.260003 0.125217
vt 0.254741 0.126041
vt 0.271738 0.131352
vt 0.285733 0.134025
vt 0.297920 0.147440
vt 0.303323 0.148022
vt 0.312900 0.153993
vt 0.314252 0.166716
vt 0.320965 0.165955
vt 0.317400 0.171696
vt 0.321274 0.170570
vt 0.324824 0.156606
vt 0.329625 0.161848
vt 0.334026 0.152891
vt 0.337260 0.154959
vt 0.318459 0.153880
vt 0.291441 0.134149
vt 0.280235 0.126970
vt 0.278559 0.107995
vt 0.288056 0.110358
vt 0.297846 0.135103
vt 0.320772 0.142826
vt 0.326636 0.144691
vt 0.337314 0.142049
vt 0.348080 0.143400
vt 0.346795 0.147600
vt 0.347845 0.139859
vt 0.359507 0.140606
vt 0.356212 0.140943
vt 0.361676 0.133979
vt 0.352751 0.134792
vt 0.367860 0.128739
vt 0.365236 0.121944
vt 0.357490 0.130513
vt 0.358185 0.122564
vt 0.371235 0.124551
vt 0.370710 0.114248
vt 0.373942 0.111554
vt 0.369383 0.098727
vt 0.375038 0.105702
vt 0.376139 0.098364
vt 0.374391 0.088562
vt 0.378906 0.095215
vt 0.368097 0.087490
vt 0.378906 0.092041
vt 0.379098 0.087250
vt 0.372524 0.080504
vt 0.379532 0.081770
vt 0.373145 0.072915
vt 0.378782 0.072067
vt 0.379744 0.067510
vt 0.370845 0.063451
vt 0.371529 0.058567
vt 0.379346 0.057207
vt 0.365452 0.069690
vt 0.364774 0.079144
vt 0.363838 0.102462
vt 0.363066 0.109753
vt 0.360471 0.114107
vt 0.352466 0.125838
vt 0.346384 0.132509
vt 0.345708 0.126726
vt 0.333583 0.134119
vt 0.319421 0.135836
vt 0.315253 0.130822
vt 0.306737 0.133073
vt 0.330960 0.121947
vt 0.337271 0.121933
vt 0.304254 0.117710
vt 0.300433 0.112400
vt 0.294318 0.108576
vt 0.318303 0.113045
vt 0.313222 0.112829
vt 0.310516 0.096374
vt 0.326127 0.099576
vt 0.283998 0.104826
vt 0.271098 0.106246
vt 0.252589 0.122076
vt 0.258564 0.105409
vt 0.245365 0.121348
vt 0.241512 0.129374
vt 0.229609 0.117918
vt 0.251069 0.118620
vt 0.226519 0.122818
vt 0.220267 0.125138
vt 0.214471 0.116707
vt 0.218427 0.110042
vt 0.230419 0.110019
vt 0.222203 0.130502
vt 0.248552 0.111743
vt 0.248824 0.114440
vt 0.246181 0.110067
vt 0.251677 0.100063
vt 0.507787 0.607329
vt 0.495524 0.587610
vt 0.481872 0.577606
vt 0.491328 0.575265
vt 0.477957 0.538832
vt 0.487982 0.560333
vt 0.505569 0.592726
vt 0.506448 0.595860
vt 0.513567 0.596483
vt 0.512438 0.587707
vt 0.504546 0.584251
vt 0.509351 0.578636
vt 0.518596 0.581572
vt 0.525401 0.585815
vt 0.531160 0.574861
vt 0.522697 0.572985
vt 0.514311 0.571450
vt 0.502893 0.574983
vt 0.500821 0.568468
vt 0.506107 0.563632
vt 0.520982 0.562989
vt 0.510863 0.559928
vt 0.499339 0.560191
vt 0.504074 0.551883
vt 0.508543 0.550988
vt 0.516986 0.552220
vt 0.540229 0.572176
vt 0.528340 0.557730
vt 0.537362 0.561261
vt 0.498549 0.555955
vt 0.496358 0.547697
vt 0.490038 0.541979
vt 0.497933 0.541259
vt 0.508266 0.539034
vt 0.519639 0.540661
vt 0.529335 0.536025
vt 0.534643 0.550464
vt 0.543442 0.560530
vt 0.546278 0.548763
vt 0.264409 0.106006
vt 0.283804 0.091939
vt 0.269388 0.090591
vt 0.276406 0.091059
vt 0.283014 0.080469
vt 0.288606 0.081004
vt 0.280137 0.057426
vt 0.289829 0.050383
vt 0.271529 0.085685
vt 0.262248 0.090088
vt 0.327373 0.117107
vt 0.343783 0.117610
vt 0.331210 0.100732
vt 0.339356 0.103322
vt 0.342479 0.111153
vt 0.340584 0.105795
vt 0.337018 0.101922
vt 0.344959 0.103280
vt 0.352912 0.111182
vt 0.351787 0.102525
vt 0.338767 0.099743
vt 0.343498 0.093183
vt 0.350367 0.094340
vt 0.355674 0.089771
vt 0.356834 0.099055
vt 0.339253 0.084408
vt 0.343909 0.081640
vt 0.337083 0.094169
vt 0.335114 0.088399
vt 0.347508 0.077966
vt 0.348971 0.115831
vt 0.362718 0.091445
vt 0.359737 0.080147
vt 0.353708 0.078609
vt 0.360225 0.071177
vt 0.354267 0.071805
vt 0.362340 0.056915
vt 0.363088 0.051015
vt 0.367367 0.049718
vt 0.374779 0.047947
vt 0.381850 0.048235
vt 0.384033 0.053467
vt 0.376606 0.037233
vt 0.385357 0.046133
vt 0.386240 0.036028
vt 0.391209 0.030106
vt 0.385240 0.023610
vt 0.378597 0.027469
vt 0.388576 0.017678
vt 0.394326 0.025437
vt 0.390534 0.013601
vt 0.398113 0.020449
vt 0.396149 0.012928
vt 0.401817 0.016661
vt 0.399807 0.012369
vt 0.406157 0.010103
vt 0.406250 0.007324
vt 0.398458 0.008321
vt 0.392249 0.008772
vt 0.383018 0.010944
vt 0.374984 0.013824
vt 0.378017 0.009487
vt 0.372392 0.010225
vt 0.366364 0.009635
vt 0.365882 0.015231
vt 0.371896 0.022036
vt 0.370216 0.027127
vt 0.366462 0.032172
vt 0.370726 0.041086
vt 0.363139 0.040011
vt 0.359533 0.029208
vt 0.356940 0.042358
vt 0.357471 0.058661
vt 0.348714 0.058407
vt 0.346385 0.062798
vt 0.342718 0.068584
vt 0.337173 0.057116
vt 0.330010 0.055511
vt 0.332604 0.065145
vt 0.335642 0.072548
vt 0.347843 0.052522
vt 0.351478 0.048840
vt 0.350274 0.038108
vt 0.338943 0.046657
vt 0.336002 0.047763
vt 0.340722 0.036097
vt 0.352901 0.032897
vt 0.357519 0.018885
vt 0.360460 0.017037
vt 0.344304 0.030783
vt 0.346723 0.022606
vt 0.337638 0.022659
vt 0.350623 0.016920
vt 0.340373 0.012759
vt 0.332092 0.030203
vt 0.324981 0.033721
vt 0.326604 0.046399
vt 0.326612 0.060918
vt 0.324354 0.054083
vt 0.329145 0.069014
vt 0.322573 0.047290
vt 0.321537 0.082381
vt 0.319698 0.038781
vt 0.314994 0.035685
vt 0.314807 0.068890
vt 0.317464 0.029637
vt 0.321893 0.021316
vt 0.328277 0.014068
vt 0.335201 0.009449
vt 0.343720 0.009142
vt 0.352288 0.009142
vt 0.361397 0.009854
vt 0.494714 0.540441
vt 0.499282 0.527872
vt 0.504621 0.525152
vt 0.516158 0.525861
vt 0.492899 0.528170
vt 0.492086 0.520313
vt 0.480957 0.515869
vt 0.505615 0.519043
vt 0.516846 0.520996
vt 0.523924 0.523853
vt 0.535813 0.530624
vt 0.545961 0.532640
vt 0.554948 0.529995
vt 0.539795 0.525391
vt 0.576050 0.376017
vt 0.576090 0.386810
vt 0.567295 0.390456
vt 0.568191 0.378938
vt 0.568020 0.405441
vt 0.576696 0.401058
vt 0.576725 0.409843
vt 0.562155 0.422523
vt 0.552508 0.418389
vt 0.574846 0.417885
vt 0.563664 0.428894
vt 0.572725 0.428616
vt 0.574368 0.436000
vt 0.567728 0.444563
vt 0.574707 0.439209
vt 0.557010 0.442995
vt 0.561934 0.458093
vt 0.572416 0.448750
vt 0.571309 0.456921
vt 0.557541 0.455532
vt 0.563060 0.466476
vt 0.571708 0.464766
vt 0.544563 0.466154
vt 0.546961 0.471032
vt 0.566612 0.472369
vt 0.537182 0.464364
vt 0.548390 0.450854
vt 0.540362 0.454947
vt 0.532636 0.472023
vt 0.522587 0.469597
vt 0.524787 0.461497
vt 0.509951 0.469987
vt 0.518148 0.459121
vt 0.500721 0.459853
vt 0.492852 0.469709
vt 0.488026 0.465136
vt 0.491367 0.450402
vt 0.509142 0.452362
vt 0.527987 0.449732
vt 0.539072 0.443108
vt 0.543465 0.434193
vt 0.534762 0.427799
vt 0.547360 0.409392
vt 0.554008 0.383773
vt 0.543580 0.401317
vt 0.572157 0.362974
vt 0.555792 0.362101
vt 0.557992 0.346225
vt 0.559486 0.339665
vt 0.572650 0.336962
vt 0.561228 0.325080
vt 0.559620 0.333043
vt 0.569436 0.327785
vt 0.572511 0.322403
vt 0.562667 0.316244
vt 0.574029 0.356223
vt 0.557183 0.352614
vt 0.554973 0.377582
vt 0.555586 0.369797
vt 0.523136 0.441869
vt 0.508282 0.442577
vt 0.478448 0.454753
vt 0.470420 0.463874
vt 0.482462 0.443989
vt 0.468581 0.448649
vt 0.460845 0.458148
vt 0.459656 0.441826
vt 0.451364 0.453665
vt 0.465598 0.430619
vt 0.453487 0.436900
vt 0.427884 0.428692
vt 0.438653 0.443474
vt 0.430176 0.443604
vt 0.423507 0.437033
vt 0.445345 0.446394
vt 0.292757 0.093224
vt 0.302237 0.094789
vt 0.298221 0.094126
vt 0.306213 0.095317
vt 0.309408 0.068554
vt 0.315794 0.097343
vt 0.319964 0.098228
vt 0.330490 0.091664
vt 0.332891 0.081229
vt 0.295998 0.053768
vt 0.302056 0.048238
vt 0.285175 0.046597
vt 0.272903 0.010589
vt 0.279617 0.016233
vt 0.292454 0.021426
vt 0.287636 0.011848
vt 0.297437 0.019957
vt 0.302389 0.017790
vt 0.537104 0.300753
vt 0.565581 0.295837
vt 0.564390 0.307238
vt 0.536483 0.295696
vt 0.499322 0.283060
vt 0.525880 0.306795
vt 0.518689 0.346795
vt 0.508706 0.335475
vt 0.528314 0.383241
vt 0.496773 0.373036
vt 0.540049 0.391233
vt 0.525508 0.408163
vt 0.528620 0.397913
vt 0.528265 0.414610
vt 0.535726 0.417153
vt 0.519406 0.431207
vt 0.504354 0.439139
vt 0.492814 0.433343
vt 0.483905 0.428526
vt 0.482105 0.435874
vt 0.506084 0.420277
vt 0.509810 0.424965
vt 0.500570 0.413487
vt 0.481768 0.422659
vt 0.511400 0.407277
vt 0.520796 0.402102
vt 0.504066 0.387392
vt 0.491079 0.378854
vt 0.501490 0.398746
vt 0.479792 0.390362
vt 0.486821 0.404910
vt 0.474353 0.426028
vt 0.434016 0.422158
vt 0.438443 0.412722
vt 0.429754 0.416554
vt 0.424561 0.408936
vt 0.424805 0.406982
vt 0.442076 0.407544
vt 0.448364 0.401000
vt 0.427178 0.398849
vt 0.431919 0.391178
vt 0.443270 0.385447
vt 0.465422 0.396230
vt 0.477135 0.415302
vt 0.480108 0.407953
vt 0.464425 0.381828
vt 0.498938 0.366209
vt 0.514413 0.354021
vt 0.500398 0.358563
vt 0.447692 0.370276
vt 0.452731 0.363949
vt 0.229963 0.085743
vt 0.228360 0.071421
vt 0.225932 0.054303
vt 0.233626 0.017491
vt 0.228120 0.015684
vt 0.222735 0.014791
vt 0.215770 0.024694
vt 0.206087 0.028353
vt 0.237179 0.002665
vt 0.241343 0.002037
vt 0.256679 0.003735
vt 0.260962 0.004180
vt 0.564352 0.284452
vt 0.562609 0.276822
vt 0.487335 0.268493
vt 0.506575 0.261725
vt 0.557843 0.268871
vt 0.480405 0.249533
vt 0.521468 0.247825
vt 0.556067 0.258155
vt 0.491867 0.246189
vt 0.482614 0.274393
vt 0.497623 0.308561
vt 0.503676 0.319892
vt 0.485574 0.324696
vt 0.458767 0.308385
vt 0.451282 0.312838
vt 0.466571 0.333079
vt 0.458232 0.338255
vt 0.310289 0.025791
vt 0.555664 0.252930
vt 0.549383 0.248089
vt 0.523692 0.235348
vt 0.549904 0.239021
vt 0.533926 0.231596
vt 0.530149 0.233763
vt 0.512961 0.239328
vt 0.501578 0.242115
vt 0.446300 0.273884
vt 0.445112 0.284456
vt 0.444164 0.289071
vt 0.440513 0.283859
vt 0.448252 0.295859
vt 0.439551 0.300551
vt 0.439983 0.323527
vt 0.450616 0.345373
vt 0.448868 0.358039
vt 0.543669 0.228568
vt 0.544922 0.222656
vt 0.541485 0.219160
vt 0.531311 0.222129
vt 0.541055 0.211219
vt 0.532159 0.214296
vt 0.521941 0.215831
vt 0.534748 0.203010
vt 0.533778 0.190011
vt 0.528188 0.195426
vt 0.529420 0.181951
vt 0.518322 0.187730
vt 0.521513 0.175700
vt 0.527344 0.169434
vt 0.521473 0.166543
vt 0.512987 0.162209
vt 0.520313 0.159425
vt 0.509779 0.172534
vt 0.515031 0.154767
vt 0.507987 0.155215
vt 0.498036 0.166195
vt 0.499682 0.156949
vt 0.490579 0.163779
vt 0.503649 0.172349
vt 0.512183 0.182073
vt 0.508908 0.195490
vt 0.516809 0.204699
vt 0.520935 0.209904
vt 0.507605 0.204581
vt 0.513070 0.230861
vt 0.499738 0.217778
vt 0.503135 0.227332
vt 0.488837 0.231572
vt 0.495261 0.208497
vt 0.497131 0.195823
vt 0.486746 0.202603
vt 0.481444 0.224662
vt 0.476657 0.217301
vt 0.468973 0.209783
vt 0.493904 0.188419
vt 0.472928 0.196637
vt 0.502318 0.188123
vt 0.489043 0.182757
vt 0.484360 0.189132
vt 0.488921 0.177053
vt 0.478942 0.171939
vt 0.484098 0.160560
vt 0.494873 0.155273
vt 0.470435 0.166581
vt 0.469031 0.159775
vt 0.465069 0.164624
vt 0.461161 0.160558
vt 0.473333 0.182148
vt 0.459486 0.176736
vt 0.471809 0.189972
vt 0.461582 0.187875
vt 0.452740 0.169310
vt 0.448284 0.161536
vt 0.441094 0.159481
vt 0.437800 0.162347
vt 0.440662 0.171326
vt 0.441536 0.177139
vt 0.447688 0.179475
vt 0.448661 0.188227
vt 0.463445 0.205517
vt 0.462213 0.218623
vt 0.452987 0.197668
vt 0.440853 0.186171
vt 0.440430 0.192383
vt 0.440559 0.198868
vt 0.443922 0.204642
vt 0.447189 0.211108
vt 0.444976 0.218607
vt 0.451873 0.231558
vt 0.466364 0.236827
vt 0.491000 0.239920
vt 0.480627 0.244739
vt 0.472433 0.245073
vt 0.449022 0.242794
vt 0.443578 0.225890
vt 0.441458 0.211444
vt 0.443435 0.232232
vt 0.441890 0.243244
vt 0.460417 0.249628
vt 0.465651 0.255102
vt 0.158194 0.063959
vt 0.165184 0.058368
vt 0.166516 0.051793
vt 0.169481 0.046383
vt 0.175119 0.038791
vt 0.182049 0.034042
vt 0.178272 0.030053
vt 0.172422 0.032359
vt 0.166205 0.031111
vt 0.163593 0.040910
vt 0.175762 0.024004
vt 0.157709 0.030135
vt 0.159096 0.043838
vt 0.152629 0.045836
vt 0.157588 0.052099
vt 0.149473 0.034858
vt 0.159403 0.023326
vt 0.162074 0.017792
vt 0.171696 0.020470
vt 0.169212 0.017334
vt 0.180427 0.010226
vt 0.175842 0.006522
vt 0.183701 0.027287
vt 0.186934 0.013452
vt 0.186430 0.004820
vt 0.191650 0.003703
vt 0.192354 0.017601
vt 0.195729 0.001880
vt 0.166442 0.012621
vt 0.149969 0.023642
vt 0.148458 0.028462
vt 0.189317 0.032153
vt 0.198560 0.023106
vt 0.200725 0.007860
vt 0.205497 0.005172
vt 0.211346 0.003304
vt 0.218262 0.001953
vt 0.231201 0.000488
vt 0.155756 0.056915
vt 0.306601 0.009046
vt 0.291849 0.006333
vt 0.283952 0.008254
vt 0.455819 0.257853
vt 0.447288 0.250504
vt 0.444793 0.265588
vt 0.444092 0.259277
vt 0.314552 0.018167
vt 0.311579 0.008429
vt 0.317200 0.009129
vt 0.325353 0.008392
vt 0.331632 0.011131
vt 0.197315 0.933961
vt 0.195720 0.924688
vt 0.199463 0.926025
vt 0.189063 0.934752
vt 0.186332 0.917048
vt 0.197918 0.918360
vt 0.198998 0.890381
vt 0.183965 0.889253
vt 0.192548 0.885888
vt 0.170617 0.901507
vt 0.190377 0.896210
vt 0.197341 0.902304
vt 0.170430 0.876560
vt 0.145355 0.868382
vt 0.200367 0.872473
vt 0.120323 0.871379
vt 0.159687 0.895448
vt 0.146914 0.906429
vt 0.195735 0.906278
vt 0.195924 0.912524
vt 0.153760 0.911452
vt 0.627759 0.379478
vt 0.682544 0.383522
vt 0.585813 0.383563
vt 0.584085 0.386943
vt 0.613183 0.386463
vt 0.609813 0.389678
vt 0.614073 0.393728
vt 0.582764 0.390869
vt 0.584563 0.393324
vt 0.611705 0.399064
vt 0.582520 0.396484
vt 0.584849 0.399025
vt 0.592151 0.403338
vt 0.676490 0.411343
vt 0.663720 0.414591
vt 0.595028 0.407968
vt 0.636757 0.404955
vt 0.687562 0.400408
vt 0.600831 0.416146
vt 0.683159 0.419668
vt 0.679282 0.405802
vt 0.715750 0.410607
vt 0.728726 0.415638
vt 0.710234 0.406278
vt 0.731372 0.424425
vt 0.652982 0.423783
vt 0.688805 0.428291
vt 0.739413 0.419674
vt 0.733522 0.429373
vt 0.732044 0.432762
vt 0.694063 0.435809
vt 0.732420 0.437384
vt 0.740083 0.401301
vt 0.734575 0.396538
vt 0.741425 0.385370
vt 0.721039 0.388422
vt 0.735298 0.378639
vt 0.687490 0.379960
vt 0.653733 0.375183
vt 0.737587 0.373322
vt 0.733464 0.367008
vt 0.695342 0.367530
vt 0.691068 0.361170
vt 0.728635 0.362001
vt 0.720750 0.358042
vt 0.689323 0.354121
vt 0.710686 0.349061
vt 0.737179 0.354722
vt 0.741297 0.370207
vt 0.703801 0.321671
vt 0.722278 0.316309
vt 0.739164 0.322307
vt 0.706637 0.307963
vt 0.701838 0.303902
vt 0.740578 0.305100
vt 0.740569 0.301159
vt 0.700746 0.300412
vt 0.736912 0.300149
vt 0.742883 0.295905
vt 0.713073 0.295342
vt 0.735140 0.291263
vt 0.737351 0.328846
vt 0.703904 0.325257
vt 0.723526 0.329395
vt 0.651442 0.317984
vt 0.655420 0.313335
vt 0.721131 0.311749
vt 0.674024 0.297462
vt 0.669469 0.294307
vt 0.695419 0.289464
vt 0.647810 0.298189
vt 0.650501 0.307294
vt 0.661463 0.326002
vt 0.668265 0.329959
vt 0.614478 0.328442
vt 0.606685 0.333329
vt 0.659457 0.335069
vt 0.641844 0.340283
vt 0.712074 0.337910
vt 0.704794 0.343510
vt 0.657109 0.347354
vt 0.630134 0.362317
vt 0.633354 0.366415
vt 0.645709 0.369645
vt 0.679495 0.373411
vt 0.676405 0.389084
vt 0.674187 0.394883
vt 0.734111 0.411896
vt 0.595495 0.338003
vt 0.596873 0.343136
vt 0.584229 0.339355
vt 0.589012 0.355832
vt 0.590654 0.350820
vt 0.646796 0.357541
vt 0.596865 0.371908
vt 0.589674 0.326887
vt 0.602550 0.322589
vt 0.588044 0.332827
vt 0.587486 0.323088
vt 0.586208 0.316842
vt 0.600606 0.319327
vt 0.593801 0.312144
vt 0.584447 0.311137
vt 0.594488 0.299555
vt 0.582613 0.307914
vt 0.586527 0.302378
vt 0.586204 0.290935
vt 0.580402 0.297577
vt 0.602706 0.314864
vt 0.658149 0.322839
vt 0.612652 0.307682
vt 0.618856 0.301089
vt 0.609254 0.312145
vt 0.646852 0.301581
vt 0.588320 0.411917
vt 0.586211 0.423581
vt 0.601095 0.420296
vt 0.602692 0.426102
vt 0.618607 0.430868
vt 0.637891 0.435277
vt 0.596706 0.433936
vt 0.679975 0.432442
vt 0.591311 0.293375
vt 0.600191 0.298436
vt 0.604033 0.307083
vt 0.606830 0.299958
vt 0.612450 0.301985
vt 0.616632 0.286268
vt 0.607597 0.286290
vt 0.600397 0.288161
vt 0.600232 0.279639
vt 0.592528 0.281666
vt 0.581846 0.287331
vt 0.579684 0.283306
vt 0.578253 0.278199
vt 0.587652 0.273768
vt 0.583583 0.272011
vt 0.595244 0.272546
vt 0.591797 0.270508
vt 0.603466 0.269989
vt 0.606380 0.278021
vt 0.610819 0.271088
vt 0.615669 0.270538
vt 0.615702 0.277453
vt 0.620058 0.291074
vt 0.619744 0.297964
vt 0.626139 0.275537
vt 0.624516 0.270190
vt 0.633159 0.270128
vt 0.627201 0.281913
vt 0.633077 0.273704
vt 0.633044 0.289248
vt 0.626788 0.294030
vt 0.584460 0.443752
vt 0.589583 0.439538
vt 0.614098 0.444255
vt 0.605057 0.437864
vt 0.641887 0.440614
vt 0.643745 0.444509
vt 0.642895 0.449498
vt 0.625043 0.449714
vt 0.592029 0.450643
vt 0.614079 0.452295
vt 0.603588 0.452843
vt 0.599051 0.456540
vt 0.590804 0.454561
vt 0.605242 0.458993
vt 0.616497 0.457918
vt 0.623961 0.453192
vt 0.625365 0.460408
vt 0.631463 0.455031
vt 0.620195 0.466366
vt 0.615460 0.465400
vt 0.609299 0.464685
vt 0.626740 0.468176
vt 0.634174 0.462340
vt 0.613236 0.470970
vt 0.603468 0.471722
vt 0.600448 0.469844
vt 0.605741 0.474358
vt 0.615399 0.474195
vt 0.598173 0.465417
vt 0.589201 0.476100
vt 0.587719 0.473242
vt 0.593065 0.478951
vt 0.597802 0.480592
vt 0.603408 0.480677
vt 0.613954 0.479100
vt 0.599236 0.490253
vt 0.594480 0.487493
vt 0.608354 0.489737
vt 0.614759 0.486164
vt 0.622683 0.479779
vt 0.619705 0.489548
vt 0.592634 0.490897
vt 0.584676 0.489679
vt 0.583915 0.483952
vt 0.580410 0.489371
vt 0.579590 0.480713
vt 0.580078 0.479736
vt 0.586036 0.469138
vt 0.581052 0.469745
vt 0.585233 0.464385
vt 0.592812 0.462138
vt 0.584460 0.459858
vt 0.583583 0.455720
vt 0.582953 0.448552
vt 0.977033 0.412115
vt 0.978060 0.415726
vt 0.965775 0.416652
vt 0.971165 0.420949
vt 0.984780 0.419872
vt 0.973545 0.423763
vt 0.978924 0.426952
vt 0.987524 0.421542
vt 0.983309 0.429325
vt 0.985329 0.433069
vt 0.983163 0.438425
vt 0.973990 0.436840
vt 0.967156 0.430459
vt 0.961876 0.427485
vt 0.968374 0.410590
vt 0.961910 0.410084
vt 0.957388 0.422502
vt 0.954405 0.418808
vt 0.953868 0.432636
vt 0.949225 0.427204
vt 0.946502 0.422047
vt 0.946244 0.416523
vt 0.952903 0.407602
vt 0.945151 0.411993
vt 0.948488 0.405982
vt 0.940142 0.403688
vt 0.940459 0.408098
vt 0.939890 0.423172
vt 0.962254 0.438628
vt 0.935362 0.430206
vt 0.943767 0.433222
vt 0.952801 0.437986
vt 0.939650 0.439626
vt 0.944493 0.444344
vt 0.954025 0.446608
vt 0.933887 0.435160
vt 0.933448 0.425409
vt 0.933876 0.446139
vt 0.933458 0.420508
vt 0.928902 0.431968
vt 0.928662 0.440977
vt 0.926855 0.437036
vt 0.922666 0.430314
vt 0.925705 0.425784
vt 0.920914 0.436887
vt 0.921603 0.443643
vt 0.929369 0.449650
vt 0.918192 0.441440
vt 0.914841 0.438482
vt 0.917501 0.430837
vt 0.909489 0.432961
vt 0.926614 0.419828
vt 0.933093 0.414496
vt 0.931221 0.409730
vt 0.930298 0.403297
vt 0.929199 0.398438
vt 0.924771 0.400154
vt 0.924060 0.410800
vt 0.919446 0.406101
vt 0.923909 0.416033
vt 0.916952 0.412525
vt 0.914619 0.395090
vt 0.900689 0.390393
vt 0.903466 0.394817
vt 0.910876 0.398740
vt 0.906418 0.399098
vt 0.907390 0.406938
vt 0.911327 0.406807
vt 0.911120 0.415336
vt 0.905407 0.413127
vt 0.904929 0.417831
vt 0.917298 0.418721
vt 0.910974 0.422030
vt 0.919170 0.423920
vt 0.912467 0.426089
vt 0.907179 0.428173
vt 0.905897 0.424344
vt 0.970504 0.432972
vt 0.979449 0.443250
vt 0.968920 0.441903
vt 0.982879 0.444796
vt 0.976560 0.449269
vt 0.981201 0.451416
vt 0.974059 0.454629
vt 0.980157 0.454711
vt 0.973319 0.461008
vt 0.965026 0.448185
vt 0.963485 0.454179
vt 0.953000 0.452229
vt 0.944870 0.448793
vt 0.938828 0.452666
vt 0.950321 0.461929
vt 0.931346 0.457504
vt 0.963553 0.482811
vt 0.934120 0.466132
vt 0.968707 0.479316
vt 0.937660 0.511365
vt 0.938677 0.507318
vt 0.955094 0.513314
vt 0.956540 0.518228
vt 0.938782 0.502428
vt 0.956071 0.508550
vt 0.962673 0.496794
vt 0.950247 0.493562
vt 0.952783 0.489034
vt 0.934011 0.462245
vt 0.968919 0.474481
vt 0.943460 0.455695
vt 0.969646 0.467322
vt 0.960007 0.459380
vt 0.976071 0.462011
vt 0.952664 0.457909
vt 0.204515 0.966374
vt 0.201366 0.969912
vt 0.195122 0.968874
vt 0.197157 0.970333
vt 0.195521 0.962799
vt 0.187572 0.969946
vt 0.188402 0.963724
vt 0.178475 0.966090
vt 0.177061 0.971379
vt 0.184947 0.958465
vt 0.165421 0.970629
vt 0.165545 0.965632
vt 0.156625 0.970783
vt 0.154511 0.967955
vt 0.155940 0.963418
vt 0.167131 0.959852
vt 0.145856 0.968422
vt 0.151681 0.960738
vt 0.156690 0.951040
vt 0.147779 0.956449
vt 0.143284 0.964081
vt 0.140711 0.969304
vt 0.131383 0.966314
vt 0.135541 0.960966
vt 0.119909 0.962112
vt 0.126590 0.955821
vt 0.094678 0.955747
vt 0.111668 0.965926
vt 0.073983 0.963957
vt 0.075564 0.960163
vt 0.042486 0.957025
vt 0.041859 0.960868
vt 0.042036 0.953369
vt 0.043204 0.949486
vt 0.081409 0.949585
vt 0.043467 0.943708
vt 0.092612 0.945494
vt 0.046427 0.932182
vt 0.046917 0.923967
vt 0.093913 0.926437
vt 0.085863 0.918454
vt 0.046805 0.917474
vt 0.046307 0.912741
vt 0.072892 0.891977
vt 0.044331 0.896869
vt 0.044388 0.892267
vt 0.097043 0.879896
vt 0.051347 0.877606
vt 0.100160 0.875243
vt 0.110376 0.864038
vt 0.064802 0.865873
vt 0.050614 0.862113
vt 0.067118 0.869243
vt 0.090759 0.857748
vt 0.043897 0.874246
vt 0.203429 0.962248
vt 0.201885 0.956877
vt 0.205566 0.958740
vt 0.187500 0.949585
vt 0.197677 0.950226
vt 0.202360 0.950180
vt 0.200021 0.945606
vt 0.201381 0.939888
vt 0.201904 0.933838
vt 0.179110 0.948698
vt 0.177534 0.956105
vt 0.167780 0.949302
vt 0.181924 0.931014
vt 0.175744 0.963012
vt 0.164459 0.955177
vt 0.153516 0.946442
vt 0.148023 0.949784
vt 0.142009 0.954813
vt 0.119711 0.950080
vt 0.045599 0.939910
vt 0.080714 0.940626
vt 0.102324 0.933020
vt 0.069428 0.936296
vt 0.134376 0.942045
vt 0.135295 0.939423
vt 0.135089 0.945261
vt 0.164439 0.924537
vt 0.146880 0.918946
vt 0.176656 0.920544
vt 0.146034 0.914350
vt 0.153134 0.931038
vt 0.146372 0.927183
vt 0.174231 0.934814
vt 0.161847 0.941111
vt 0.168275 0.937650
vt 0.168908 0.943663
vt 0.189795 0.927581
vt 0.185621 0.852323
vt 0.200588 0.852381
vt 0.177313 0.856121
vt 0.182791 0.864508
vt 0.148950 0.855264
vt 0.147789 0.863980
vt 0.180485 0.859839
vt 0.148409 0.859377
vt 0.123562 0.857032
vt 0.138988 0.878496
vt 0.187990 0.881067
vt 0.135625 0.883278
vt 0.125886 0.897192
vt 0.133475 0.893299
vt 0.122293 0.900585
vt 0.115623 0.905628
vt 0.103088 0.910255
vt 0.089945 0.922513
vt 0.088522 0.914515
vt 0.072587 0.898462
vt 0.076157 0.902963
vt 0.131056 0.888157
vt 0.063490 0.883546
vt 0.111328 0.855469
vt 0.938861 0.484163
vt 0.952741 0.484538
vt 0.936595 0.487773
vt 0.950907 0.497367
vt 0.957028 0.503921
vt 0.938318 0.497094
vt 0.591611 0.364600
vt 0.588618 0.377862
vt 0.157374 0.943976
vt 0.595349 0.346739
vt 0.033642 0.115761
vt 0.028380 0.136523
vt 0.026148 0.113262
vt 0.030959 0.110524
vt 0.031121 0.093425
vt 0.028188 0.083412
vt 0.021200 0.115312
vt 0.038705 0.106423
vt 0.035268 0.087391
vt 0.054462 0.107958
vt 0.057978 0.081916
vt 0.059063 0.108625
vt 0.048777 0.100165
vt 0.053116 0.061192
vt 0.058237 0.044339
vt 0.057867 0.116347
vt 0.062502 0.109408
vt 0.067706 0.105130
vt 0.070375 0.075044
vt 0.075041 0.080722
vt 0.062497 0.038353
vt 0.067351 0.039578
vt 0.073015 0.112665
vt 0.075771 0.108810
vt 0.081358 0.081111
vt 0.071041 0.116226
vt 0.064697 0.122314
vt 0.067074 0.122203
vt 0.080139 0.104663
vt 0.085207 0.101552
vt 0.094058 0.099707
vt 0.096296 0.060668
vt 0.099586 0.099459
vt 0.089690 0.100299
vt 0.111081 0.101309
vt 0.106095 0.099973
vt 0.111389 0.089538
vt 0.117382 0.088694
vt 0.118117 0.035591
vt 0.113256 0.036383
vt 0.108179 0.036261
vt 0.089884 0.072678
vt 0.083019 0.041673
vt 0.086686 0.036228
vt 0.078360 0.038030
vt 0.091780 0.032489
vt 0.101139 0.037203
vt 0.072810 0.034194
vt 0.099650 0.017204
vt 0.095879 0.018930
vt 0.082267 0.018080
vt 0.059944 0.016234
vt 0.056970 0.016915
vt 0.069938 0.016424
vt 0.050432 0.033460
vt 0.044152 0.097125
vt 0.046258 0.032813
vt 0.041564 0.074835
vt 0.039591 0.044513
vt 0.024916 0.053539
vt 0.030138 0.055956
vt 0.034111 0.060463
vt 0.040927 0.133627
vt 0.045017 0.129840
vt 0.048834 0.129714
vt 0.664670 0.289897
vt 0.636785 0.277454
vt 0.637610 0.285640
vt 0.639191 0.271202
vt 0.645055 0.273828
vt 0.642963 0.280902
vt 0.647198 0.277754
vt 0.649898 0.284456
vt 0.663564 0.279435
vt 0.654518 0.274572
vt 0.670088 0.283783
vt 0.679132 0.276695
vt 0.729456 0.284254
vt 0.625187 0.474707
vt 0.632310 0.468170
vt 0.638012 0.456144
vt 0.641955 0.463583
vt 0.643131 0.466761
vt 0.635042 0.470951
vt 0.630108 0.477098
vt 0.629501 0.484117
vt 0.628046 0.490445
vt 0.630875 0.492273
vt 0.637129 0.493099
vt 0.638653 0.485400
vt 0.641719 0.491098
vt 0.648725 0.488858
vt 0.651424 0.493151
vt 0.653067 0.489288
vt 0.648003 0.482003
vt 0.638276 0.479613
vt 0.637378 0.474610
vt 0.645137 0.471185
vt 0.648299 0.476040
vt 0.651333 0.463971
vt 0.652183 0.466825
vt 0.646357 0.460186
vt 0.643660 0.456184
vt 0.661663 0.461466
vt 0.675824 0.455648
vt 0.673473 0.468014
vt 0.654657 0.471487
vt 0.681057 0.474017
vt 0.654990 0.481961
vt 0.682948 0.479386
vt 0.671547 0.483126
vt 0.726861 0.475918
vt 0.724229 0.469492
vt 0.691531 0.464158
vt 0.696388 0.460008
vt 0.681690 0.445810
vt 0.672364 0.439674
vt 0.683979 0.451317
vt 0.737375 0.441645
vt 0.734423 0.446411
vt 0.730762 0.451502
vt 0.734304 0.456435
vt 0.726865 0.481706
vt 0.737682 0.479384
vt 0.014651 0.121849
vt 0.009512 0.130995
vt 0.009072 0.118909
vt 0.012718 0.088127
vt 0.017037 0.083446
vt 0.008458 0.089857
vt 0.673461 0.493067
vt 0.661377 0.494629
vt 0.732495 0.487334
vt 0.023388 0.080255
vt 0.014597 0.052008
vt 0.011469 0.047341
vt 0.007513 0.043021
vt 0.009026 0.013927
vt 0.005615 0.013672
vt 0.032888 0.018282
vt 0.027494 0.021987
vt 0.037197 0.019696
vt 0.019547 0.053259
vt 0.020236 0.022987
vt 0.050972 0.908893
vt 0.723726 0.335470
vt 0.730464 0.341630
vt 0.122314 0.065918
vt 0.104425 0.037551
vt 0.064133 0.887606
vt 0.049727 0.902843
vt 0.724055 0.274008
vt 0.743847 0.278051
vt 0.738082 0.492320
vt 0.711131 0.494189
vt 0.048316 0.014819
vt 0.743777 0.274082
vt 0.208580 0.702170
vt 0.213282 0.679504
vt 0.214663 0.705395
vt 0.217654 0.677804
vt 0.221303 0.708599
vt 0.221730 0.677828
vt 0.195195 0.679124
vt 0.200758 0.687472
vt 0.195793 0.726418
vt 0.204590 0.680311
vt 0.204590 0.737876
vt 0.180608 0.675201
vt 0.183964 0.685490
vt 0.179006 0.709109
vt 0.173542 0.680210
vt 0.173714 0.740206
vt 0.165559 0.683653
vt 0.165882 0.739775
vt 0.160427 0.697943
vt 0.155276 0.725207
vt 0.151517 0.712535
vt 0.152056 0.680401
vt 0.146616 0.717856
vt 0.142805 0.715443
vt 0.145475 0.680278
vt 0.127970 0.727450
vt 0.123557 0.679604
vt 0.126709 0.674072
vt 0.119311 0.683435
vt 0.123591 0.732087
vt 0.118960 0.720160
vt 0.114472 0.686075
vt 0.135346 0.738244
vt 0.137098 0.679439
vt 0.139293 0.742958
vt 0.131011 0.680942
vt 0.146537 0.777529
vt 0.183437 0.737121
vt 0.178823 0.767665
vt 0.169728 0.763831
vt 0.160187 0.746623
vt 0.155198 0.679460
vt 0.225342 0.680939
vt 0.227122 0.682088
vt 0.226062 0.729322
vt 0.220362 0.744406
vt 0.225918 0.790598
vt 0.221699 0.800385
vt 0.216370 0.801898
vt 0.213531 0.742002
vt 0.208119 0.766457
vt 0.212286 0.790993
vt 0.188349 0.727059
vt 0.192266 0.709119
vt 0.188280 0.784036
vt 0.188591 0.687410
vt 0.200842 0.743536
vt 0.872795 0.549555
vt 0.876877 0.550313
vt 0.875315 0.586345
vt 0.879904 0.555685
vt 0.870220 0.597157
vt 0.880515 0.602884
vt 0.885536 0.562580
vt 0.895813 0.570372
vt 0.891134 0.593618
vt 0.892314 0.550279
vt 0.900753 0.547795
vt 0.898737 0.588602
vt 0.887597 0.608367
vt 0.877797 0.633884
vt 0.872090 0.652885
vt 0.882323 0.639635
vt 0.888406 0.653140
vt 0.908268 0.586187
vt 0.904578 0.661129
vt 0.905974 0.586928
vt 0.894569 0.648880
vt 0.900514 0.628745
vt 0.927458 0.647326
vt 0.926234 0.594267
vt 0.930704 0.587048
vt 0.938201 0.588536
vt 0.944978 0.555035
vt 0.942752 0.606162
vt 0.949065 0.550564
vt 0.947691 0.604958
vt 0.921830 0.602287
vt 0.925436 0.549676
vt 0.917235 0.549976
vt 0.917023 0.597125
vt 0.912202 0.570491
vt 0.903720 0.578511
vt 0.905638 0.551314
vt 0.095861 0.677059
vt 0.096167 0.713086
vt 0.089949 0.682396
vt 0.099394 0.737963
vt 0.099503 0.678796
vt 0.103926 0.689500
vt 0.085949 0.737858
vt 0.082545 0.677547
vt 0.114047 0.740366
vt 0.108886 0.691850
vt 0.128512 0.679761
vt 0.132082 0.739474
vt 0.103387 0.758079
vt 0.108846 0.750946
vt 0.119356 0.794638
vt 0.126433 0.766465
vt 0.142809 0.811887
vt 0.154860 0.788473
vt 0.151192 0.798187
vt 0.160999 0.807902
vt 0.165710 0.809331
vt 0.178885 0.820509
vt 0.183642 0.818052
vt 0.965790 0.597937
vt 0.966833 0.553800
vt 0.971703 0.561928
vt 0.956597 0.552882
vt 0.959218 0.570253
vt 0.955815 0.602284
vt 0.954109 0.548966
vt 0.961903 0.594697
vt 0.951527 0.605660
vt 0.940297 0.551796
vt 0.934678 0.580738
vt 0.093946 0.745097
vt 0.090857 0.759575
vt 0.081674 0.724143
vt 0.098648 0.777498
vt 0.108054 0.780090
vt 0.062314 0.678880
vt 0.066443 0.708574
vt 0.061125 0.708958
vt 0.071411 0.682559
vt 0.071834 0.718056
vt 0.076780 0.678462
vt 0.078455 0.724928
vt 0.060995 0.778790
vt 0.058570 0.805965
vt 0.055540 0.692074
vt 0.053313 0.719981
vt 0.063632 0.799584
vt 0.068692 0.793867
vt 0.073879 0.773781
vt 0.079619 0.768721
vt 0.034189 0.723777
vt 0.030264 0.682693
vt 0.034548 0.684857
vt 0.037354 0.682818
vt 0.037546 0.720094
vt 0.028805 0.713238
vt 0.024140 0.684289
vt 0.019402 0.675999
vt 0.019207 0.710784
vt 0.016385 0.698090
vt 0.010576 0.685645
vt 0.012006 0.708562
vt 0.007155 0.734353
vt 0.000901 0.683645
vt 0.006913 0.679212
vt 0.973633 0.552002
vt 0.977669 0.566110
vt 0.931211 0.660541
vt 0.936115 0.643141
vt 0.955230 0.659988
vt 0.969661 0.624600
vt 0.974029 0.610097
vt 0.978258 0.601446
vt 0.983049 0.573797
vt 0.983661 0.614916
vt 0.985252 0.551882
vt 0.988222 0.613144
vt 0.980667 0.552688
vt 0.950422 0.660918
vt 0.945860 0.659141
vt 0.959639 0.671789
vt 0.963466 0.672297
vt 0.975651 0.656071
vt 0.980264 0.671489
vt 0.992776 0.619939
vt 0.997018 0.591453
vt 0.994734 0.655845
vt 0.995074 0.565291
vt 0.990778 0.565002
vt 0.964843 0.100669
vt 0.968960 0.172817
vt 0.965050 0.192023
vt 0.961682 0.165168
vt 0.967892 0.135841
vt 0.954934 0.113020
vt 0.958251 0.119209
vt 0.957431 0.190026
vt 0.950411 0.157096
vt 0.947508 0.144025
vt 0.942362 0.185539
vt 0.942369 0.148884
vt 0.946948 0.197256
vt 0.937161 0.137056
vt 0.936466 0.191945
vt 0.930732 0.180759
vt 0.931123 0.113045
vt 0.942888 0.081303
vt 0.951433 0.083172
vt 0.961935 0.096722
vt 0.961116 0.061100
vt 0.958004 0.061983
vt 0.947966 0.067629
vt 0.937630 0.071739
vt 0.934713 0.069045
vt 0.925735 0.121554
vt 0.921233 0.102294
vt 0.923432 0.151840
vt 0.918249 0.158162
vt 0.913730 0.150626
vt 0.915435 0.099794
vt 0.907023 0.153906
vt 0.908808 0.096669
vt 0.904091 0.096787
vt 0.912446 0.193832
vt 0.927089 0.203277
vt 0.922715 0.201267
vt 0.908839 0.197628
vt 0.904399 0.207294
vt 0.899839 0.157940
vt 0.895766 0.184421
vt 0.893799 0.203001
vt 0.889897 0.199769
vt 0.876095 0.194113
vt 0.870850 0.203386
vt 0.875474 0.135204
vt 0.871808 0.122179
vt 0.878808 0.124536
vt 0.882341 0.182167
vt 0.883075 0.130698
vt 0.886573 0.103226
vt 0.887214 0.184361
vt 0.890547 0.132560
vt 0.895225 0.100435
vt 0.876671 0.074786
vt 0.882657 0.093036
vt 0.869669 0.082758
vt 0.875151 0.056263
vt 0.871338 0.056328
vt 0.882420 0.057651
vt 0.896023 0.055855
vt 0.900359 0.061756
vt 0.905346 0.058652
vt 0.910418 0.059138
vt 0.915627 0.058598
vt 0.919903 0.053377
vt 0.922857 0.063181
vt 0.926467 0.061200
vt 0.930233 0.054793
vt 0.953857 0.053223
vt 0.890516 0.071335
vt 0.962157 0.209443
vt 0.954834 0.210205
vt 0.950819 0.205036
vt 0.933314 0.207655
vt 0.883177 0.208625
vt 0.873291 0.210205
vt 0.023397 0.716523
vt 0.010962 0.748667
vt 0.015473 0.757902
vt 0.001967 0.749017
vt 0.053659 0.791951
vt 0.047926 0.796070
vt 0.048258 0.704150
vt 0.043153 0.800025
vt 0.042243 0.716079
vt 0.083004 0.791707
vt 0.087480 0.800591
vt 0.096710 0.821519
vt 0.114243 0.792464
vt 0.073744 0.826426
vt 0.078942 0.820959
vt 0.070312 0.824031
vt 0.054565 0.823471
vt 0.910828 0.609758
vt 0.019157 0.764207
vt 0.026316 0.770546
vt 0.030341 0.766782
vt 0.036259 0.784575
vt 0.034188 0.804174
vt 0.030087 0.804636
vt 0.026656 0.817297
vt 0.038742 0.825112
vt 0.047483 0.828365
vt 0.084505 0.823570
vt 0.091001 0.823996
vt 0.101661 0.822556
vt 0.107418 0.827559
vt 0.123513 0.817295
vt 0.132136 0.804388
vt 0.135570 0.818065
vt 0.146310 0.822756
vt 0.128717 0.812014
vt 0.002767 0.793247
vt 0.007300 0.792341
vt 0.012315 0.818634
vt 0.016591 0.815929
vt 0.990382 0.681785
vt 0.984928 0.692480
vt 0.193207 0.805313
vt 0.199947 0.822679
vt 0.188975 0.825977
vt 0.223010 0.827441
vt 0.219221 0.830292
vt 0.212528 0.828033
vt 0.208663 0.827206
vt 0.204770 0.825118
vt 0.173020 0.815612
vt 0.169678 0.825252
vt 0.155368 0.826170
vt 0.159911 0.825804
vt 0.139231 0.826293
vt 0.913172 0.665660
vt 0.918869 0.668278
vt 0.922666 0.673555
vt 0.933786 0.686193
vt 0.907359 0.687856
vt 0.902162 0.673181
vt 0.939497 0.678400
vt 0.925848 0.691465
vt 0.912085 0.699167
vt 0.917711 0.698864
vt 0.952393 0.703406
vt 0.949911 0.698252
vt 0.970296 0.694219
vt 0.974175 0.701427
vt 0.992967 0.697902
vt 0.998373 0.662653
vt 0.966581 0.695122
vt 0.866697 0.668271
vt 0.880290 0.686074
vt 0.875413 0.677362
vt 0.884327 0.687719
vt 0.889090 0.695765
vt 0.893073 0.698968
vt 0.902534 0.697463
vt 0.897747 0.697716
vt 0.865436 0.697784
vt 0.021777 0.805117
vt 0.006700 0.828469
vt 0.002159 0.830592
vt 0.024579 0.826692
vt 0.044434 0.825405
vt 0.037141 0.825365
vt 0.029947 0.827028
vt 0.981137 0.705384
vt 0.978363 0.704220
vt 0.864502 0.688232
vt 0.870440 0.700945
vt 0.743495 0.088578
vt 0.705532 0.089865
vt 0.715151 0.083169
vt 0.713797 0.060252
vt 0.710874 0.055445
vt 0.779546 0.055148
vt 0.731213 0.050788
vt 0.715799 0.070869
vt 0.730384 0.066230
vt 0.778268 0.068449
vt 0.802963 0.060309
vt 0.724629 0.073912
vt 0.785499 0.045064
vt 0.706715 0.049116
vt 0.746531 0.043151
vt 0.708178 0.043018
vt 0.730754 0.038723
vt 0.718938 0.033577
vt 0.780823 0.033824
vt 0.776550 0.030802
vt 0.781087 0.039538
vt 0.814122 0.049442
vt 0.821194 0.040231
vt 0.818333 0.036288
vt 0.789894 0.020298
vt 0.781501 0.023787
vt 0.726475 0.020810
vt 0.770623 0.018424
vt 0.715365 0.024819
vt 0.786287 0.027575
vt 0.715671 0.029540
vt 0.767970 0.014996
vt 0.708001 0.015888
vt 0.743408 0.012451
vt 0.703487 0.021973
vt 0.705890 0.045720
vt 0.707014 0.068601
vt 0.720272 0.094108
vt 0.788886 0.080586
vt 0.710603 0.078607
vt 0.783223 0.076151
vt 0.836066 0.063998
vt 0.837461 0.053829
vt 0.842552 0.084691
vt 0.783772 0.086028
vt 0.833564 0.088224
vt 0.786027 0.092884
vt 0.850764 0.091266
vt 0.820362 0.095372
vt 0.826443 0.106624
vt 0.795852 0.102332
vt 0.850144 0.102480
vt 0.857339 0.098515
vt 0.743643 0.099082
vt 0.855063 0.081518
vt 0.850749 0.076726
vt 0.828958 0.069081
vt 0.854003 0.046091
vt 0.853310 0.059203
vt 0.859342 0.071801
vt 0.811604 0.072698
vt 0.861385 0.094971
vt 0.807175 0.114530
vt 0.856921 0.111916
vt 0.854117 0.118547
vt 0.804003 0.110959
vt 0.853651 0.140427
vt 0.863525 0.141846
vt 0.813987 0.144442
vt 0.863385 0.155029
vt 0.842037 0.159062
vt 0.843528 0.154252
vt 0.860949 0.146431
vt 0.839534 0.150893
vt 0.810445 0.147747
vt 0.806196 0.139370
vt 0.853791 0.136981
vt 0.853394 0.133222
vt 0.811095 0.133743
vt 0.856513 0.126401
vt 0.856990 0.160431
vt 0.851231 0.163725
vt 0.831764 0.170827
vt 0.795013 0.165582
vt 0.857146 0.176565
vt 0.800029 0.180812
vt 0.800204 0.175854
vt 0.857387 0.182180
vt 0.849731 0.185681
vt 0.772617 0.156013
vt 0.841392 0.189792
vt 0.858360 0.194341
vt 0.809086 0.196681
vt 0.856069 0.198027
vt 0.824150 0.201499
vt 0.862368 0.201092
vt 0.841063 0.210814
vt 0.802335 0.209648
vt 0.822730 0.205289
vt 0.726638 0.104194
vt 0.739660 0.108245
vt 0.706999 0.109650
vt 0.730865 0.113193
vt 0.735553 0.116640
vt 0.763691 0.120688
vt 0.718193 0.122021
vt 0.716898 0.126793
vt 0.796230 0.125255
vt 0.759909 0.130812
vt 0.809797 0.120161
vt 0.767482 0.134488
vt 0.703754 0.116396
vt 0.703050 0.120801
vt 0.702637 0.118408
vt 0.715862 0.135682
vt 0.710976 0.131542
vt 0.765376 0.138080
vt 0.757141 0.141912
vt 0.713557 0.139173
vt 0.709610 0.146262
vt 0.749850 0.148882
vt 0.705866 0.149826
vt 0.719220 0.154085
vt 0.756231 0.145181
vt 0.770728 0.152659
vt 0.715505 0.158039
vt 0.757987 0.160696
vt 0.714269 0.170932
vt 0.708537 0.166528
vt 0.748688 0.166854
vt 0.705668 0.162491
vt 0.775539 0.889506
vt 0.779216 0.964376
vt 0.775391 0.971616
vt 0.771294 0.967779
vt 0.771660 0.920887
vt 0.767578 0.973330
vt 0.763889 0.971366
vt 0.766375 0.912260
vt 0.762675 0.910341
vt 0.788818 0.937744
vt 0.784679 0.970109
vt 0.785834 0.924051
vt 0.780751 0.910268
vt 0.744174 0.870090
vt 0.747700 0.917065
vt 0.744267 0.942874
vt 0.739079 0.894446
vt 0.731300 0.913937
vt 0.735380 0.919509
vt 0.731744 0.962745
vt 0.727783 0.894178
vt 0.724179 0.888238
vt 0.727630 0.965190
vt 0.735352 0.970130
vt 0.723641 0.966782
vt 0.713239 0.956703
vt 0.707999 0.973571
vt 0.707945 0.912133
vt 0.703375 0.908708
vt 0.703759 0.964990
vt 0.717726 0.953190
vt 0.718572 0.872559
vt 0.700219 0.943992
vt 0.700239 0.875607
vt 0.696377 0.887156
vt 0.704637 0.867015
vt 0.689751 0.910200
vt 0.686664 0.922155
vt 0.687092 0.877283
vt 0.681563 0.921799
vt 0.682101 0.855938
vt 0.713546 0.879769
vt 0.731444 0.846854
vt 0.736464 0.839173
vt 0.751570 0.919891
vt 0.749436 0.843890
vt 0.753797 0.876559
vt 0.742891 0.172169
vt 0.759441 0.901573
vt 0.758561 0.971369
vt 0.753186 0.975766
vt 0.750000 0.964148
vt 0.739086 0.975726
vt 0.743606 0.975281
vt 0.700439 0.976798
vt 0.696582 0.952260
vt 0.688199 0.949185
vt 0.692337 0.967344
vt 0.689941 0.978027
vt 0.686140 0.975376
vt 0.682736 0.975498
vt 0.677699 0.966898
vt 0.672525 0.964125
vt 0.672911 0.906900
vt 0.677634 0.898565
vt 0.694043 0.913783
vt 0.670410 0.956867
vt 0.707617 0.184419
vt 0.716677 0.179003
vt 0.742224 0.181702
vt 0.719001 0.188166
vt 0.707592 0.193552
vt 0.748675 0.191249
vt 0.729960 0.196233
vt 0.717824 0.201636
vt 0.705812 0.198802
vt 0.777949 0.186180
vt 0.715723 0.206035
vt 0.750475 0.200730
vt 0.759556 0.205988
vt 0.749274 0.225580
vt 0.743800 0.231339
vt 0.708514 0.231321
vt 0.723971 0.210536
vt 0.707606 0.213076
vt 0.707611 0.216922
vt 0.736507 0.216427
vt 0.720517 0.221826
vt 0.709112 0.227818
vt 0.573468 0.976885
vt 0.570803 0.945012
vt 0.573865 0.924604
vt 0.578064 0.959387
vt 0.566553 0.974988
vt 0.565438 0.925829
vt 0.569005 0.944242
vt 0.591579 0.973665
vt 0.592837 0.946309
vt 0.596491 0.959653
vt 0.626126 0.960808
vt 0.631768 0.947462
vt 0.630127 0.975342
vt 0.634694 0.926494
vt 0.636208 0.973017
vt 0.641196 0.958193
vt 0.622838 0.913369
vt 0.622803 0.969635
vt 0.640910 0.867422
vt 0.644550 0.903721
vt 0.646126 0.965466
vt 0.647376 0.883663
vt 0.651111 0.963367
vt 0.631214 0.889342
vt 0.626708 0.907255
vt 0.597691 0.893907
vt 0.601087 0.957615
vt 0.600895 0.903990
vt 0.606258 0.909240
vt 0.619142 0.919306
vt 0.618376 0.965254
vt 0.615141 0.926707
vt 0.588221 0.973284
vt 0.583815 0.962355
vt 0.588404 0.903749
vt 0.581218 0.970502
vt 0.582249 0.895551
vt 0.570195 0.854222
vt 0.573333 0.854769
vt 0.565288 0.834707
vt 0.577629 0.889727
vt 0.592772 0.897937
vt 0.592304 0.857448
vt 0.595650 0.842851
vt 0.600668 0.836221
vt 0.615234 0.831406
vt 0.611400 0.919380
vt 0.610912 0.968984
vt 0.614990 0.970321
vt 0.606612 0.968180
vt 0.666025 0.958601
vt 0.669325 0.872461
vt 0.664759 0.904945
vt 0.661270 0.969037
vt 0.658982 0.963179
vt 0.655631 0.946126
vt 0.658584 0.894648
vt 0.799052 0.230089
vt 0.769287 0.234375
vt 0.795154 0.219841
vt 0.787315 0.215712
vt 0.797400 0.224093
vt 0.850794 0.221196
vt 0.829102 0.233398
vt 0.861540 0.229246
vt 0.861876 0.223434
vt 0.853168 0.216256
vt 0.785165 0.874858
vt 0.788818 0.898926
vt 0.779483 0.875145
vt 0.771418 0.876508
vt 0.766479 0.857043
vt 0.760989 0.837950
vt 0.756192 0.842015
vt 0.771413 0.838590
vt 0.723485 0.834367
vt 0.693288 0.855175
vt 0.655167 0.856078
vt 0.651471 0.869517
vt 0.673203 0.851377
vt 0.678409 0.848903
vt 0.636094 0.845542
vt 0.627067 0.844199
vt 0.619433 0.848316
vt 0.610793 0.837077
vt 0.604882 0.826649
vt 0.836194 0.013618
vt 0.800097 0.011032
vt 0.817855 0.017441
vt 0.854455 0.009623
vt 0.858764 0.047317
vt 0.855711 0.041831
vt 0.853384 0.035140
vt 0.843411 0.028875
vt 0.853800 0.025583
vt 0.836614 0.022373
vt 0.846273 0.017722
vt 0.691671 0.823442
vt 0.708386 0.824837
vt 0.713353 0.829269
vt 0.727931 0.834544
vt 0.718765 0.837928
vt 0.699663 0.823803
vt 0.665990 0.836141
vt 0.662844 0.824337
vt 0.659708 0.829140
vt 0.623047 0.841782
vt 0.645489 0.825734
vt 0.651431 0.829311
vt 0.670654 0.821570
vt 0.673828 0.821207
vt 0.630127 0.822824
vt 0.631498 0.838379
vt 0.625488 0.824487
vt 0.581517 0.823544
vt 0.581638 0.846600
vt 0.577939 0.828392
vt 0.571045 0.826719
vt 0.574039 0.824349
vt 0.587663 0.852638
vt 0.592338 0.826533
vt 0.607079 0.837687
vt 0.561523 0.864746
vt 0.779742 0.828887
vt 0.784154 0.830969
vt 0.767822 0.823384
vt 0.743642 0.825387
vt 0.732168 0.823643
vt 0.679443 0.821760
vt 0.683337 0.828635
vt 0.686583 0.827622
vt 0.704050 0.828453
vt 0.718990 0.823062
vt 0.857044 0.124229
vt 0.808288 0.752452
vt 0.810470 0.748057
vt 0.825031 0.783544
vt 0.814468 0.751526
vt 0.804535 0.776664
vt 0.799710 0.774939
vt 0.792092 0.753092
vt 0.792835 0.776470
vt 0.811531 0.769624
vt 0.829248 0.803626
vt 0.830964 0.757109
vt 0.829750 0.740655
vt 0.846535 0.784527
vt 0.835469 0.746136
vt 0.844951 0.740723
vt 0.866567 0.802125
vt 0.844260 0.755307
vt 0.848623 0.738301
vt 0.871435 0.800172
vt 0.859066 0.743776
vt 0.861763 0.730606
vt 0.869192 0.767034
vt 0.874978 0.728034
vt 0.884324 0.755166
vt 0.880698 0.757511
vt 0.897781 0.732059
vt 0.896284 0.717629
vt 0.909482 0.748538
vt 0.901824 0.719720
vt 0.912156 0.719622
vt 0.913994 0.716600
vt 0.916748 0.725342
vt 0.912921 0.741736
vt 0.907299 0.718787
vt 0.887218 0.734774
vt 0.896165 0.765989
vt 0.882348 0.727412
vt 0.886658 0.747316
vt 0.893788 0.736906
vt 0.908762 0.765508
vt 0.902490 0.765225
vt 0.912941 0.764315
vt 0.911545 0.784783
vt 0.909997 0.789786
vt 0.907268 0.796864
vt 0.903012 0.794109
vt 0.902068 0.797415
vt 0.909912 0.808838
vt 0.907176 0.827606
vt 0.906311 0.832483
vt 0.896427 0.795530
vt 0.900109 0.824101
vt 0.882182 0.842374
vt 0.894503 0.864468
vt 0.887352 0.866145
vt 0.887739 0.833581
vt 0.900040 0.863104
vt 0.891793 0.833638
vt 0.898727 0.833603
vt 0.903792 0.855184
vt 0.901361 0.880031
vt 0.893375 0.874106
vt 0.890932 0.870723
vt 0.896671 0.879185
vt 0.885964 0.875125
vt 0.895996 0.883057
vt 0.891854 0.883384
vt 0.883251 0.879782
vt 0.886070 0.884422
vt 0.877419 0.883598
vt 0.871874 0.877869
vt 0.875286 0.872033
vt 0.878439 0.864891
vt 0.881208 0.856849
vt 0.881998 0.859788
vt 0.880328 0.824472
vt 0.874564 0.824871
vt 0.860866 0.822403
vt 0.869577 0.827418
vt 0.869003 0.844911
vt 0.872390 0.847941
vt 0.879757 0.856519
vt 0.876534 0.852721
vt 0.868086 0.853140
vt 0.870826 0.860381
vt 0.862283 0.856746
vt 0.856259 0.846677
vt 0.863030 0.838743
vt 0.852528 0.853125
vt 0.853131 0.859380
vt 0.858049 0.834538
vt 0.860149 0.805649
vt 0.849509 0.839846
vt 0.845213 0.832085
vt 0.849212 0.827380
vt 0.841806 0.839537
vt 0.843400 0.845800
vt 0.832825 0.836832
vt 0.835748 0.830761
vt 0.832383 0.823004
vt 0.842926 0.822679
vt 0.827747 0.827990
vt 0.835498 0.817895
vt 0.842940 0.812691
vt 0.835195 0.808064
vt 0.825106 0.811923
vt 0.822975 0.801511
vt 0.819341 0.808987
vt 0.815635 0.796584
vt 0.814291 0.806882
vt 0.813508 0.811937
vt 0.822405 0.820232
vt 0.811478 0.815889
vt 0.807820 0.797509
vt 0.838292 0.796179
vt 0.824937 0.770205
vt 0.852569 0.821442
vt 0.846390 0.802696
vt 0.869168 0.732804
vt 0.885095 0.786912
vt 0.881347 0.789115
vt 0.876307 0.796845
vt 0.857974 0.749828
vt 0.786195 0.795258
vt 0.774987 0.761747
vt 0.784782 0.772034
vt 0.772955 0.765488
vt 0.776792 0.777556
vt 0.821771 0.747192
vt 0.524784 0.677673
vt 0.529433 0.674404
vt 0.526878 0.703805
vt 0.520975 0.683891
vt 0.518190 0.683417
vt 0.517762 0.720185
vt 0.511302 0.724970
vt 0.509710 0.745103
vt 0.512608 0.688029
vt 0.506799 0.688818
vt 0.504336 0.739101
vt 0.519447 0.733132
vt 0.515639 0.746123
vt 0.520348 0.742007
vt 0.518498 0.748801
vt 0.518183 0.741391
vt 0.524862 0.745007
vt 0.518498 0.756861
vt 0.523337 0.752553
vt 0.520745 0.732173
vt 0.522180 0.735205
vt 0.522714 0.728045
vt 0.525577 0.724236
vt 0.528341 0.732804
vt 0.525443 0.738294
vt 0.531965 0.742342
vt 0.530282 0.756951
vt 0.531147 0.749503
vt 0.531988 0.732356
vt 0.535787 0.735212
vt 0.538799 0.744247
vt 0.542811 0.754504
vt 0.536529 0.752925
vt 0.522477 0.762342
vt 0.534995 0.760236
vt 0.541990 0.763018
vt 0.542725 0.749268
vt 0.548031 0.766871
vt 0.547607 0.763007
vt 0.549616 0.774708
vt 0.544195 0.771090
vt 0.544367 0.778327
vt 0.550274 0.791057
vt 0.545107 0.790117
vt 0.536848 0.779857
vt 0.536577 0.770824
vt 0.531245 0.767282
vt 0.534941 0.790574
vt 0.530504 0.781509
vt 0.526245 0.783155
vt 0.521179 0.772800
vt 0.518165 0.777673
vt 0.516821 0.771624
vt 0.517048 0.797209
vt 0.515887 0.790995
vt 0.521516 0.796373
vt 0.518740 0.793641
vt 0.513810 0.779998
vt 0.514042 0.807328
vt 0.516819 0.801602
vt 0.508802 0.812809
vt 0.503942 0.818166
vt 0.507127 0.790354
vt 0.501379 0.791824
vt 0.497941 0.812864
vt 0.498161 0.774480
vt 0.492357 0.796747
vt 0.491704 0.760918
vt 0.486751 0.770196
vt 0.500971 0.682892
vt 0.501796 0.745244
vt 0.498130 0.687503
vt 0.498827 0.729022
vt 0.492947 0.722830
vt 0.487603 0.730264
vt 0.494284 0.678162
vt 0.480617 0.733186
vt 0.481304 0.679941
vt 0.488500 0.676299
vt 0.507100 0.670410
vt 0.504150 0.670410
vt 0.475333 0.686190
vt 0.471498 0.687306
vt 0.470165 0.734294
vt 0.468160 0.682157
vt 0.463494 0.692357
vt 0.465773 0.771394
vt 0.499738 0.669821
vt 0.452515 0.677506
vt 0.450019 0.718799
vt 0.445977 0.669333
vt 0.445461 0.702017
vt 0.440529 0.678975
vt 0.455764 0.703030
vt 0.441111 0.755993
vt 0.437247 0.737167
vt 0.432133 0.750135
vt 0.432877 0.686040
vt 0.462206 0.764444
vt 0.469336 0.770436
vt 0.456665 0.791927
vt 0.474051 0.762736
vt 0.470767 0.820005
vt 0.475533 0.812068
vt 0.466185 0.820085
vt 0.478846 0.790481
vt 0.479248 0.819632
vt 0.483041 0.804801
vt 0.461341 0.814668
vt 0.443648 0.806258
vt 0.447146 0.791594
vt 0.445312 0.824219
vt 0.440430 0.823975
vt 0.437300 0.804274
vt 0.435065 0.823753
vt 0.431216 0.806572
vt 0.430413 0.823397
vt 0.425034 0.814642
vt 0.426252 0.767855
vt 0.419659 0.812267
vt 0.416846 0.760725
vt 0.415304 0.793478
vt 0.420410 0.823730
vt 0.414376 0.821808
vt 0.410941 0.817165
vt 0.397300 0.816688
vt 0.393151 0.817849
vt 0.397625 0.782055
vt 0.390178 0.793868
vt 0.387970 0.822200
vt 0.400519 0.814414
vt 0.407862 0.814441
vt 0.411747 0.782690
vt 0.407844 0.754148
vt 0.235577 0.931361
vt 0.225703 0.933649
vt 0.235279 0.923221
vt 0.223145 0.927734
vt 0.229068 0.921231
vt 0.226184 0.889549
vt 0.209112 0.894657
vt 0.225811 0.884197
vt 0.256190 0.891023
vt 0.226498 0.906727
vt 0.216993 0.905769
vt 0.224472 0.898309
vt 0.247184 0.877723
vt 0.260913 0.870765
vt 0.259275 0.880312
vt 0.225423 0.893492
vt 0.279864 0.876366
vt 0.422336 0.673163
vt 0.421505 0.715689
vt 0.417783 0.673037
vt 0.436875 0.672870
vt 0.427733 0.682547
vt 0.416242 0.690815
vt 0.409377 0.686029
vt 0.402698 0.734384
vt 0.403328 0.690211
vt 0.459217 0.686407
vt 0.399365 0.700712
vt 0.404047 0.667258
vt 0.399170 0.669189
vt 0.394982 0.684595
vt 0.393963 0.730819
vt 0.389744 0.732150
vt 0.391118 0.679678
vt 0.386416 0.681877
vt 0.384935 0.744840
vt 0.379342 0.717159
vt 0.380546 0.679884
vt 0.375852 0.674729
vt 0.375426 0.716793
vt 0.359086 0.670853
vt 0.360043 0.704579
vt 0.355138 0.712780
vt 0.372623 0.685174
vt 0.369706 0.747082
vt 0.367418 0.681758
vt 0.379030 0.750758
vt 0.374248 0.763166
vt 0.365673 0.756555
vt 0.339608 0.736367
vt 0.334500 0.740297
vt 0.334569 0.682942
vt 0.364023 0.680564
vt 0.360068 0.815236
vt 0.321199 0.745085
vt 0.316208 0.737128
vt 0.320192 0.701189
vt 0.323623 0.682463
vt 0.314524 0.685492
vt 0.312860 0.745502
vt 0.331005 0.739144
vt 0.344651 0.721994
vt 0.339592 0.683537
vt 0.330149 0.680431
vt 0.327202 0.740416
vt 0.326718 0.676585
vt 0.345422 0.668960
vt 0.350720 0.676707
vt 0.354142 0.669703
vt 0.209544 0.890679
vt 0.215332 0.885010
vt 0.310538 0.689532
vt 0.308444 0.732459
vt 0.320404 0.674663
vt 0.240433 0.959191
vt 0.272208 0.948437
vt 0.245811 0.960167
vt 0.239485 0.956229
vt 0.270322 0.944253
vt 0.279403 0.952526
vt 0.250000 0.960938
vt 0.255885 0.943859
vt 0.260050 0.922004
vt 0.245856 0.934345
vt 0.233725 0.944161
vt 0.281559 0.928273
vt 0.294022 0.920389
vt 0.257955 0.915969
vt 0.237332 0.912597
vt 0.261841 0.907302
vt 0.260041 0.898525
vt 0.231882 0.910103
vt 0.285844 0.883853
vt 0.312857 0.854881
vt 0.329564 0.848729
vt 0.320722 0.855705
vt 0.323486 0.847900
vt 0.326047 0.847678
vt 0.334608 0.850678
vt 0.326667 0.857508
vt 0.334139 0.859703
vt 0.341740 0.850365
vt 0.349173 0.849271
vt 0.343058 0.845598
vt 0.336147 0.845242
vt 0.343726 0.839937
vt 0.349650 0.843115
vt 0.351426 0.836893
vt 0.356407 0.839900
vt 0.356712 0.845535
vt 0.358623 0.852436
vt 0.366000 0.864472
vt 0.367572 0.869445
vt 0.360918 0.871562
vt 0.350320 0.881665
vt 0.345482 0.877192
vt 0.359483 0.877358
vt 0.346467 0.868770
vt 0.362667 0.859247
vt 0.330580 0.868456
vt 0.326589 0.878149
vt 0.334091 0.886784
vt 0.330001 0.884404
vt 0.325965 0.892017
vt 0.332604 0.892183
vt 0.320379 0.890416
vt 0.334216 0.896219
vt 0.321759 0.897945
vt 0.326627 0.902335
vt 0.310212 0.898468
vt 0.320032 0.903302
vt 0.332687 0.902828
vt 0.333205 0.908331
vt 0.323196 0.908293
vt 0.311747 0.904617
vt 0.314530 0.909733
vt 0.303942 0.911903
vt 0.303574 0.904945
vt 0.302597 0.901199
vt 0.304862 0.894885
vt 0.295479 0.892801
vt 0.308444 0.914908
vt 0.298877 0.911366
vt 0.299453 0.908723
vt 0.288453 0.891836
vt 0.291144 0.887978
vt 0.290015 0.878677
vt 0.349282 0.737459
vt 0.793899 0.804039
vt 0.788467 0.806192
vt 0.791656 0.805668
vt 0.797953 0.803337
vt 0.801288 0.803928
vt 0.806937 0.804466
vt 0.803808 0.808369
vt 0.799395 0.810799
vt 0.794812 0.810312
vt 0.793189 0.813938
vt 0.788818 0.808838
vt 0.801969 0.819821
vt 0.795884 0.825030
vt 0.792725 0.820801
vt 0.806487 0.815132
vt 0.805426 0.767762
vt 0.531250 0.707637
vt 0.528605 0.721225
vt 0.532715 0.719727
vt 0.530285 0.721388
vt 0.533202 0.724827
vt 0.278538 0.960440
vt 0.267315 0.960201
vt 0.297979 0.942965
vt 0.294387 0.955758
vt 0.302533 0.947642
vt 0.294074 0.935462
vt 0.292999 0.929088
vt 0.302136 0.924407
vt 0.306337 0.927141
vt 0.300157 0.937318
vt 0.305800 0.934855
vt 0.306457 0.941421
vt 0.307106 0.951173
vt 0.298261 0.961830
vt 0.312708 0.952896
vt 0.322927 0.955877
vt 0.307358 0.964492
vt 0.284956 0.963275
vt 0.883168 0.820999
vt 0.412730 0.700291
vt 0.353039 0.783027
vt 0.404033 0.797279
vt 0.812198 0.827401
vt 0.815296 0.823178
vt 0.802603 0.827417
vt 0.801215 0.832479
vt 0.797993 0.833263
vt 0.808307 0.839795
vt 0.800876 0.838597
vt 0.806775 0.844504
vt 0.810411 0.831942
vt 0.814347 0.842160
vt 0.820658 0.838657
vt 0.822886 0.835562
vt 0.821723 0.845089
vt 0.824941 0.832635
vt 0.835901 0.846251
vt 0.843473 0.855001
vt 0.846455 0.864933
vt 0.867408 0.864711
vt 0.860996 0.864824
vt 0.854276 0.866455
vt 0.865568 0.870896
vt 0.861479 0.874651
vt 0.849690 0.872321
vt 0.858931 0.878017
vt 0.480747 0.760094
vt 0.356068 0.817036
vt 0.345829 0.813293
vt 0.340430 0.815097
vt 0.335251 0.790233
vt 0.328361 0.797181
vt 0.322849 0.794108
vt 0.307155 0.780570
vt 0.306001 0.777601
vt 0.312361 0.795255
vt 0.316957 0.799142
vt 0.307164 0.793049
vt 0.304362 0.806512
vt 0.303457 0.794874
vt 0.312253 0.821441
vt 0.306114 0.817200
vt 0.316259 0.817995
vt 0.325468 0.820398
vt 0.321624 0.820966
vt 0.321174 0.809910
vt 0.329735 0.815233
vt 0.316234 0.807572
vt 0.324393 0.806327
vt 0.335362 0.822577
vt 0.334629 0.812107
vt 0.343994 0.823242
vt 0.350740 0.817480
vt 0.450910 0.796787
vt 0.307281 0.946552
vt 0.312154 0.938096
vt 0.311225 0.931167
vt 0.303422 0.919053
vt 0.311554 0.921438
vt 0.316342 0.917115
vt 0.320054 0.914084
vt 0.326931 0.912419
vt 0.341942 0.904863
vt 0.341800 0.898176
vt 0.343530 0.888065
vt 0.350722 0.887149
vt 0.362143 0.882563
vt 0.371742 0.874723
vt 0.374938 0.878444
vt 0.372520 0.883664
vt 0.378812 0.890401
vt 0.375530 0.898860
vt 0.369507 0.893170
vt 0.383574 0.896315
vt 0.364694 0.889181
vt 0.357465 0.892655
vt 0.365102 0.900475
vt 0.386270 0.899959
vt 0.383696 0.906870
vt 0.374436 0.906257
vt 0.389507 0.910143
vt 0.375869 0.915479
vt 0.393356 0.914991
vt 0.380763 0.918882
vt 0.386860 0.922570
vt 0.370110 0.911464
vt 0.353911 0.902372
vt 0.350172 0.895223
vt 0.344873 0.909586
vt 0.334224 0.913630
vt 0.323523 0.919969
vt 0.332931 0.918712
vt 0.316225 0.924992
vt 0.318018 0.929669
vt 0.313122 0.944055
vt 0.320895 0.939998
vt 0.316036 0.948616
vt 0.321071 0.945259
vt 0.323846 0.951732
vt 0.322039 0.934678
vt 0.325584 0.930010
vt 0.327087 0.925607
vt 0.330281 0.935600
vt 0.333614 0.942289
vt 0.336834 0.930189
vt 0.337169 0.935786
vt 0.333197 0.948906
vt 0.332011 0.956651
vt 0.340956 0.949168
vt 0.334553 0.956990
vt 0.339494 0.956547
vt 0.346491 0.956532
vt 0.345554 0.943372
vt 0.345842 0.938660
vt 0.338690 0.922770
vt 0.346918 0.931223
vt 0.342673 0.926796
vt 0.349202 0.921064
vt 0.343375 0.915529
vt 0.355211 0.914383
vt 0.359435 0.925163
vt 0.354536 0.931919
vt 0.354582 0.937221
vt 0.348855 0.948214
vt 0.353240 0.955102
vt 0.356251 0.943930
vt 0.361733 0.948282
vt 0.353102 0.957909
vt 0.325338 0.964768
vt 0.334504 0.967375
vt 0.363902 0.959399
vt 0.347205 0.966412
vt 0.368592 0.963902
vt 0.391007 0.950753
vt 0.374104 0.966227
vt 0.371572 0.965456
vt 0.399655 0.952576
vt 0.392043 0.963278
vt 0.365666 0.952523
vt 0.375202 0.941728
vt 0.369623 0.938505
vt 0.374146 0.949175
vt 0.398740 0.944626
vt 0.388233 0.945218
vt 0.409199 0.961670
vt 0.398787 0.965172
vt 0.403276 0.955898
vt 0.397446 0.942097
vt 0.385290 0.936829
vt 0.401456 0.939886
vt 0.365757 0.933098
vt 0.377414 0.929729
vt 0.388287 0.929866
vt 0.370380 0.925522
vt 0.360853 0.917398
vt 0.360269 0.908576
vt 0.815542 0.850764
vt 0.829497 0.846247
vt 0.833597 0.853179
vt 0.827215 0.855722
vt 0.838992 0.860222
vt 0.842307 0.869242
vt 0.845989 0.878108
vt 0.854636 0.879706
vt 0.868874 0.885171
vt 0.862846 0.888786
vt 0.855656 0.889154
vt 0.848913 0.888309
vt 0.852020 0.895413
vt 0.843126 0.893471
vt 0.848928 0.901134
vt 0.843044 0.901528
vt 0.838535 0.904944
vt 0.835567 0.894536
vt 0.834682 0.905748
vt 0.826909 0.888683
vt 0.828563 0.896249
vt 0.834607 0.887750
vt 0.830295 0.879684
vt 0.820308 0.873041
vt 0.820312 0.882324
vt 0.817523 0.876038
vt 0.814399 0.867683
vt 0.825315 0.871370
vt 0.840223 0.884988
vt 0.832227 0.873613
vt 0.839480 0.877236
vt 0.840413 0.872959
vt 0.804918 0.847765
vt 0.811413 0.855973
vt 0.817048 0.856921
vt 0.817549 0.862328
vt 0.810723 0.859791
vt 0.825454 0.860554
vt 0.834000 0.864572
vt 0.823678 0.864699
vt 0.831976 0.868458
vt 0.384571 0.797435
vt 0.379463 0.797701
vt 0.373353 0.806480
vt 0.365550 0.811330
vt 0.369687 0.816958
vt 0.378576 0.820442
vt 0.382860 0.821095
vt 0.366699 0.823486
vt 0.539657 0.791651
vt 0.530458 0.798574
vt 0.525282 0.797296
vt 0.519848 0.810928
vt 0.517564 0.812127
vt 0.518943 0.819189
vt 0.524900 0.807065
vt 0.541896 0.806700
vt 0.537086 0.810545
vt 0.534558 0.819476
vt 0.546425 0.806577
vt 0.551215 0.804793
vt 0.553681 0.795609
vt 0.552928 0.814832
vt 0.548705 0.822862
vt 0.544036 0.822709
vt 0.539652 0.824905
vt 0.531325 0.820421
vt 0.524471 0.817267
vt 0.529541 0.823730
vt 0.523193 0.824463
vt 0.519287 0.824951
vt 0.518110 0.822934
vt 0.515922 0.822987
vt 0.368100 0.918921
vt 0.396469 0.924879
vt 0.395949 0.933766
vt 0.396387 0.931548
vt 0.785168 0.987921
vt 0.782452 0.993402
vt 0.777281 0.986600
vt 0.776735 0.996093
vt 0.772543 0.986113
vt 0.771497 0.994861
vt 0.767125 0.988040
vt 0.767360 0.996495
vt 0.760986 0.993669
vt 0.794722 0.997412
vt 0.792006 0.991365
vt 0.798397 0.995862
vt 0.787827 0.996785
vt 0.009522 0.614778
vt 0.007812 0.613770
vt 0.016639 0.613894
vt 0.026166 0.612037
vt 0.010737 0.622530
vt 0.015235 0.626032
vt 0.014357 0.631720
vt 0.035986 0.623010
vt 0.020907 0.635258
vt 0.031038 0.617027
vt 0.010551 0.637961
vt 0.014317 0.642564
vt 0.028235 0.641161
vt 0.013054 0.647292
vt 0.029201 0.646060
vt 0.019287 0.650146
vt 0.028817 0.650492
vt 0.062469 0.647581
vt 0.068470 0.653102
vt 0.081195 0.657909
vt 0.058359 0.657907
vt 0.063477 0.660889
vt 0.083756 0.664459
vt 0.095342 0.661828
vt 0.094037 0.666990
vt 0.096651 0.652978
vt 0.100007 0.630343
vt 0.098545 0.636651
vt 0.054953 0.624349
vt 0.102459 0.624265
vt 0.068148 0.617423
vt 0.092037 0.612166
vt 0.108787 0.617008
vt 0.099313 0.642009
vt 0.096305 0.645904
vt 0.038234 0.636417
vt 0.062521 0.642355
vt 0.092337 0.650211
vt 0.095871 0.657286
vt 0.008727 0.605225
vt 0.039458 0.611341
vt 0.038396 0.631073
vt 0.058813 0.611999
vt 0.044474 0.601471
vt 0.057829 0.598110
vt 0.043056 0.595970
vt 0.006836 0.596191
vt 0.032237 0.591020
vt 0.008473 0.600344
vt 0.015129 0.577298
vt 0.008057 0.574951
vt 0.013631 0.573819
vt 0.013543 0.566845
vt 0.006912 0.567091
vt 0.006809 0.557653
vt 0.024851 0.564880
vt 0.004513 0.551648
vt 0.014441 0.554101
vt 0.007698 0.546723
vt 0.023842 0.573777
vt 0.043452 0.580703
vt 0.013336 0.581650
vt 0.038034 0.571448
vt 0.017574 0.586695
vt 0.049316 0.585667
vt 0.077182 0.608528
vt 0.062681 0.589352
vt 0.074585 0.593639
vt 0.056236 0.587812
vt 0.029435 0.559593
vt 0.025484 0.553728
vt 0.025021 0.548041
vt 0.016802 0.538820
vt 0.004197 0.539502
vt 0.003885 0.534362
vt 0.008093 0.530329
vt 0.004336 0.520688
vt 0.013764 0.526317
vt 0.015296 0.517849
vt 0.026025 0.533972
vt 0.023879 0.526728
vt 0.035331 0.528984
vt 0.031052 0.521482
vt 0.003654 0.514540
vt 0.009964 0.511618
vt 0.020320 0.508236
vt 0.004268 0.507243
vt 0.002930 0.510010
vt 0.007961 0.502202
vt 0.008909 0.494976
vt 0.021687 0.501020
vt 0.011676 0.489494
vt 0.022660 0.493022
vt 0.030892 0.496238
vt 0.044142 0.490353
vt 0.010496 0.465178
vt 0.039013 0.469366
vt 0.024628 0.473585
vt 0.034423 0.455369
vt 0.052432 0.457272
vt 0.034418 0.449145
vt 0.054773 0.450561
vt 0.083505 0.465590
vt 0.055164 0.453964
vt 0.054691 0.442055
vt 0.060330 0.445442
vt 0.040965 0.436174
vt 0.032716 0.443630
vt 0.022495 0.442720
vt 0.060085 0.433677
vt 0.056334 0.427161
vt 0.039495 0.426047
vt 0.072637 0.418624
vt 0.056430 0.415530
vt 0.024671 0.434394
vt 0.020566 0.428278
vt 0.027480 0.418570
vt 0.038839 0.416938
vt 0.008786 0.428891
vt 0.011269 0.438085
vt 0.006805 0.444560
vt 0.014653 0.449717
vt 0.009656 0.455567
vt 0.729248 0.995605
vt 0.729248 0.999023
vt 0.727539 0.997070
vt 0.499683 0.096210
vt 0.491699 0.100586
vt 0.494684 0.096806
vt 0.488850 0.095777
vt 0.496331 0.089446
vt 0.487197 0.090463
vt 0.485124 0.087708
vt 0.497817 0.078555
vt 0.509263 0.087978
vt 0.514292 0.064662
vt 0.490444 0.077774
vt 0.480548 0.084623
vt 0.479471 0.079885
vt 0.494231 0.066634
vt 0.489758 0.064364
vt 0.505582 0.059870
vt 0.477633 0.073470
vt 0.470846 0.068007
vt 0.466390 0.065540
vt 0.478675 0.057150
vt 0.465768 0.059845
vt 0.461380 0.051893
vt 0.457484 0.048295
vt 0.467096 0.041055
vt 0.480117 0.036149
vt 0.483660 0.036799
vt 0.493610 0.038512
vt 0.489292 0.036411
vt 0.512278 0.020881
vt 0.495049 0.043396
vt 0.527462 0.017237
vt 0.536514 0.014674
vt 0.518944 0.029739
vt 0.503500 0.043856
vt 0.505388 0.051368
vt 0.492974 0.056032
vt 0.524075 0.038778
vt 0.521410 0.037399
vt 0.534246 0.021953
vt 0.534176 0.010244
vt 0.542549 0.021233
vt 0.537778 0.031149
vt 0.547278 0.005658
vt 0.558015 0.005311
vt 0.562724 0.006975
vt 0.563786 0.011661
vt 0.569210 0.013959
vt 0.546606 0.028732
vt 0.522521 0.048997
vt 0.541932 0.039055
vt 0.558517 0.026528
vt 0.528367 0.053198
vt 0.543132 0.048610
vt 0.523001 0.068843
vt 0.535612 0.060246
vt 0.533037 0.065428
vt 0.514884 0.074219
vt 0.521288 0.076376
vt 0.538278 0.063150
vt 0.543960 0.055848
vt 0.554383 0.046930
vt 0.561710 0.036021
vt 0.561078 0.030853
vt 0.555541 0.046768
vt 0.566053 0.038616
vt 0.574499 0.033110
vt 0.567836 0.042270
vt 0.554745 0.048169
vt 0.573663 0.053829
vt 0.528387 0.081999
vt 0.548482 0.092613
vt 0.554089 0.082120
vt 0.583239 0.069878
vt 0.579712 0.063076
vt 0.546843 0.078203
vt 0.576340 0.056990
vt 0.571735 0.049020
vt 0.588105 0.045724
vt 0.594728 0.049768
vt 0.591977 0.061209
vt 0.585428 0.074717
vt 0.552710 0.096354
vt 0.558786 0.098848
vt 0.595400 0.069934
vt 0.588678 0.080001
vt 0.592420 0.085962
vt 0.603876 0.075631
vt 0.608796 0.068121
vt 0.606639 0.058476
vt 0.601106 0.052093
vt 0.596059 0.032506
vt 0.582388 0.038388
vt 0.577153 0.036738
vt 0.580190 0.029015
vt 0.576926 0.024836
vt 0.576575 0.016731
vt 0.590888 0.005644
vt 0.581469 0.001289
vt 0.607436 0.013119
vt 0.598978 0.009512
vt 0.612458 0.010296
vt 0.600234 0.016739
vt 0.614610 0.015902
vt 0.622968 0.013426
vt 0.625515 0.018436
vt 0.633155 0.020000
vt 0.626851 0.024205
vt 0.637194 0.026336
vt 0.622276 0.031165
vt 0.637716 0.029909
vt 0.629474 0.036895
vt 0.641846 0.033936
vt 0.644136 0.040581
vt 0.634283 0.042801
vt 0.646892 0.042966
vt 0.636314 0.050457
vt 0.650391 0.046631
vt 0.651337 0.051340
vt 0.641014 0.055639
vt 0.642201 0.060637
vt 0.646635 0.067150
vt 0.654490 0.057890
vt 0.658600 0.059942
vt 0.652047 0.066024
vt 0.665033 0.063889
vt 0.661091 0.073432
vt 0.665040 0.084814
vt 0.671412 0.069209
vt 0.674072 0.070801
vt 0.666453 0.073094
vt 0.680049 0.087352
vt 0.684138 0.086529
vt 0.683499 0.095734
vt 0.686035 0.091553
vt 0.688046 0.095114
vt 0.690216 0.099340
vt 0.695650 0.098638
vt 0.693722 0.102973
vt 0.694695 0.107964
vt 0.690699 0.108667
vt 0.691526 0.123309
vt 0.686827 0.116692
vt 0.686980 0.114784
vt 0.680978 0.126968
vt 0.694336 0.132324
vt 0.689108 0.134832
vt 0.693698 0.128616
vt 0.684548 0.158071
vt 0.678238 0.176435
vt 0.667772 0.176313
vt 0.657803 0.194088
vt 0.667139 0.190433
vt 0.642632 0.207136
vt 0.651398 0.205023
vt 0.657792 0.181185
vt 0.643445 0.196282
vt 0.677763 0.159139
vt 0.666667 0.168277
vt 0.650038 0.179755
vt 0.655916 0.173241
vt 0.661892 0.166350
vt 0.668894 0.159644
vt 0.659012 0.167543
vt 0.628391 0.186071
vt 0.628793 0.180363
vt 0.655595 0.158273
vt 0.669853 0.152139
vt 0.659592 0.154198
vt 0.658212 0.155519
vt 0.648235 0.161823
vt 0.656892 0.150071
vt 0.661683 0.150771
vt 0.654657 0.147430
vt 0.639685 0.161680
vt 0.635967 0.168245
vt 0.637812 0.159214
vt 0.626517 0.173006
vt 0.624384 0.164394
vt 0.640751 0.153099
vt 0.622492 0.169424
vt 0.633821 0.154154
vt 0.619381 0.162157
vt 0.636330 0.149065
vt 0.624889 0.151593
vt 0.614809 0.160499
vt 0.610701 0.158505
vt 0.616484 0.176939
vt 0.612375 0.173808
vt 0.609823 0.171192
vt 0.604093 0.168933
vt 0.607649 0.180584
vt 0.601068 0.182351
vt 0.597216 0.178487
vt 0.594172 0.175734
vt 0.593507 0.184219
vt 0.603424 0.187308
vt 0.606100 0.190933
vt 0.613016 0.204949
vt 0.593239 0.198385
vt 0.585885 0.197997
vt 0.595722 0.202492
vt 0.582005 0.194817
vt 0.579894 0.191265
vt 0.572029 0.192261
vt 0.564072 0.194239
vt 0.575766 0.182670
vt 0.570105 0.176904
vt 0.554726 0.182006
vt 0.568814 0.172362
vt 0.572629 0.179985
vt 0.578143 0.174173
vt 0.579077 0.184185
vt 0.576563 0.169449
vt 0.585972 0.170860
vt 0.593541 0.171120
vt 0.568400 0.168540
vt 0.579222 0.160736
vt 0.561362 0.169712
vt 0.550038 0.177057
vt 0.558414 0.165476
vt 0.550537 0.182617
vt 0.545710 0.172985
vt 0.559796 0.158953
vt 0.562105 0.146034
vt 0.537538 0.165605
vt 0.538076 0.155619
vt 0.537882 0.159882
vt 0.568368 0.134840
vt 0.557636 0.139000
vt 0.579272 0.102532
vt 0.555274 0.126289
vt 0.533800 0.133645
vt 0.571825 0.100951
vt 0.586106 0.105239
vt 0.586777 0.115218
vt 0.571093 0.153842
vt 0.575568 0.145073
vt 0.582983 0.132509
vt 0.588147 0.125151
vt 0.593219 0.118374
vt 0.596435 0.090939
vt 0.533513 0.123897
vt 0.529603 0.142301
vt 0.531886 0.146180
vt 0.515956 0.131222
vt 0.528203 0.119883
vt 0.510254 0.129395
vt 0.510498 0.126221
vt 0.523430 0.115477
vt 0.523877 0.108984
vt 0.519903 0.101446
vt 0.520875 0.078239
vt 0.508334 0.097358
vt 0.511761 0.084800
vt 0.520232 0.076919
vt 0.518967 0.097339
vt 0.502577 0.095845
vt 0.494189 0.102464
vt 0.496933 0.103429
vt 0.500059 0.109922
vt 0.503659 0.113475
vt 0.505119 0.119473
vt 0.507265 0.123779
vt 0.530914 0.152939
vt 0.005706 0.435301
vt 0.006797 0.423903
vt 0.007037 0.418003
vt 0.019843 0.414514
vt 0.002820 0.405042
vt 0.017104 0.405076
vt 0.002118 0.410757
vt 0.006332 0.413205
vt 0.037929 0.399733
vt 0.039792 0.405366
vt 0.066764 0.393334
vt 0.052042 0.404805
vt 0.077398 0.394900
vt 0.084473 0.386963
vt 0.083590 0.396913
vt 0.082236 0.405936
vt 0.069993 0.408186
vt 0.087646 0.408472
vt 0.091211 0.411588
vt 0.093630 0.418509
vt 0.078879 0.424721
vt 0.093520 0.423570
vt 0.092811 0.428763
vt 0.078606 0.432071
vt 0.097046 0.431013
vt 0.095534 0.437066
vt 0.083641 0.437865
vt 0.080074 0.443463
vt 0.098264 0.440836
vt 0.087435 0.448323
vt 0.097101 0.450859
vt 0.079120 0.452832
vt 0.070891 0.438267
vt 0.066923 0.453979
vt 0.034877 0.474876
vt 0.086918 0.473353
vt 0.075192 0.477709
vt 0.050909 0.478589
vt 0.036951 0.485478
vt 0.103857 0.479054
vt 0.102100 0.472460
vt 0.105370 0.463291
vt 0.106034 0.469178
vt 0.103478 0.454239
vt 0.100928 0.446185
vt 0.099435 0.449620
vt 0.582994 0.217624
vt 0.601660 0.205949
vt 0.617176 0.208001
vt 0.587279 0.224739
vt 0.591573 0.228167
vt 0.615326 0.215967
vt 0.593074 0.231673
vt 0.596184 0.235089
vt 0.610986 0.235221
vt 0.597143 0.239527
vt 0.605357 0.244678
vt 0.600586 0.243652
vt 0.608643 0.246094
vt 0.615782 0.226662
vt 0.616995 0.236680
vt 0.630440 0.223798
vt 0.626373 0.217680
vt 0.640137 0.217529
vt 0.631669 0.202059
vt 0.624434 0.212566
vt 0.634620 0.198657
vt 0.639480 0.191858
vt 0.464844 0.055005
vt 0.486388 0.056244
vt 0.472478 0.071829
vt 0.568539 0.162201
vt 0.576126 0.157048
vt 0.579775 0.148681
vt 0.589036 0.150534
vt 0.588491 0.156818
vt 0.585407 0.139642
vt 0.594793 0.141046
vt 0.600232 0.131925
vt 0.591490 0.128657
vt 0.598229 0.128454
vt 0.607633 0.132856
vt 0.617309 0.122613
vt 0.624822 0.112029
vt 0.611808 0.118235
vt 0.600910 0.119358
vt 0.619628 0.129629
vt 0.629361 0.115417
vt 0.601149 0.142954
vt 0.619012 0.140116
vt 0.633889 0.116599
vt 0.640838 0.116590
vt 0.627809 0.134311
vt 0.620089 0.106233
vt 0.628260 0.102864
vt 0.608961 0.112745
vt 0.619940 0.097271
vt 0.611037 0.105138
vt 0.598593 0.111457
vt 0.604660 0.104377
vt 0.606174 0.101416
vt 0.614360 0.095958
vt 0.618243 0.092454
vt 0.609803 0.088467
vt 0.626113 0.085795
vt 0.626258 0.084332
vt 0.622643 0.079304
vt 0.611996 0.081605
vt 0.600382 0.097284
vt 0.617446 0.074630
vt 0.617984 0.068664
vt 0.618416 0.048705
vt 0.614982 0.044700
vt 0.603513 0.040875
vt 0.586453 0.025282
vt 0.590288 0.022414
vt 0.599284 0.022830
vt 0.594127 0.020410
vt 0.595382 0.013727
vt 0.610249 0.024853
vt 0.610581 0.030511
vt 0.614057 0.038285
vt 0.019570 0.479697
vt 0.039899 0.498957
vt 0.037708 0.506485
vt 0.030351 0.515336
vt 0.043531 0.520556
vt 0.031430 0.543168
vt 0.041383 0.537832
vt 0.037311 0.550752
vt 0.052264 0.546235
vt 0.046998 0.527584
vt 0.054760 0.534381
vt 0.054167 0.540400
vt 0.050573 0.555372
vt 0.042688 0.560490
vt 0.585824 0.185301
vt 0.597283 0.164126
vt 0.590511 0.161119
vt 0.600447 0.157309
vt 0.614872 0.149515
vt 0.523465 0.135024
vt 0.062820 0.405232
vt 0.103321 0.485327
vt 0.073586 0.495093
vt 0.051511 0.504634
vt 0.059374 0.508198
vt 0.068535 0.512664
vt 0.063950 0.518250
vt 0.046953 0.514239
vt 0.068796 0.525133
vt 0.075418 0.516796
vt 0.063969 0.529562
vt 0.078503 0.533726
vt 0.066526 0.538907
vt 0.084371 0.527953
vt 0.087130 0.522848
vt 0.079291 0.518279
vt 0.082833 0.540642
vt 0.068824 0.547883
vt 0.084360 0.547189
vt 0.073883 0.553270
vt 0.089226 0.549374
vt 0.068203 0.562500
vt 0.084101 0.557550
vt 0.077894 0.565131
vt 0.094067 0.558183
vt 0.102209 0.560636
vt 0.086813 0.568864
vt 0.106153 0.548938
vt 0.094245 0.539527
vt 0.104465 0.541542
vt 0.103926 0.533151
vt 0.110951 0.555259
vt 0.100730 0.569710
vt 0.113353 0.563046
vt 0.110624 0.570326
vt 0.112793 0.573242
vt 0.112610 0.576789
vt 0.109572 0.581669
vt 0.092923 0.578554
vt 0.078862 0.577054
vt 0.069232 0.570358
vt 0.068352 0.557229
vt 0.057206 0.579892
vt 0.056167 0.569148
vt 0.058542 0.562039
vt 0.047678 0.577431
vt 0.040406 0.574925
vt 0.071762 0.583075
vt 0.044943 0.569029
vt 0.052238 0.565452
vt 0.095115 0.606797
vt 0.089611 0.597728
vt 0.101903 0.601125
vt 0.092046 0.594201
vt 0.108716 0.596473
vt 0.107983 0.591190
vt 0.091043 0.590417
vt 0.097730 0.584778
vt 0.075863 0.588359
vt 0.111315 0.585986
vt 0.112547 0.601151
vt 0.112071 0.605199
vt 0.109113 0.610697
vt 0.601893 0.149511
vt 0.610968 0.145167
vt 0.634043 0.146967
vt 0.631873 0.137958
vt 0.638896 0.137853
vt 0.654221 0.136101
vt 0.646438 0.137547
vt 0.642959 0.128199
vt 0.648273 0.130796
vt 0.645757 0.117265
vt 0.644421 0.106980
vt 0.642927 0.101003
vt 0.640195 0.099165
vt 0.627715 0.093042
vt 0.637481 0.089753
vt 0.641803 0.089087
vt 0.652407 0.119674
vt 0.660029 0.117709
vt 0.658586 0.123762
vt 0.656238 0.110675
vt 0.652229 0.103708
vt 0.658017 0.139460
vt 0.666594 0.126904
vt 0.665928 0.138259
vt 0.671896 0.128199
vt 0.668465 0.143987
vt 0.670993 0.140701
vt 0.672741 0.134332
vt 0.676364 0.134305
vt 0.684017 0.141386
vt 0.677639 0.123203
vt 0.667781 0.116192
vt 0.668832 0.100691
vt 0.672473 0.105027
vt 0.679658 0.110636
vt 0.675857 0.109482
vt 0.684120 0.111912
vt 0.676564 0.083011
vt 0.675120 0.077054
vt 0.663332 0.093526
vt 0.649489 0.073397
vt 0.651489 0.081089
vt 0.655251 0.087861
vt 0.665361 0.098149
vt 0.633452 0.083340
vt 0.640722 0.071318
vt 0.634377 0.077608
vt 0.082484 0.510323
vt 0.103595 0.491679
vt 0.104741 0.474013
vt 0.108966 0.482032
vt 0.105116 0.496681
vt 0.089405 0.522122
vt 0.092887 0.519317
vt 0.106440 0.523970
vt 0.096511 0.527601
vt 0.092972 0.533979
vt 0.109732 0.533881
vt 0.108471 0.506655
vt 0.111632 0.512343
vt 0.112470 0.500008
vt 0.972532 0.881636
vt 0.966025 0.860828
vt 0.976101 0.862610
vt 0.983061 0.860258
vt 0.985431 0.879876
vt 0.981132 0.898339
vt 0.988871 0.907544
vt 0.982411 0.916283
vt 0.988917 0.925792
vt 0.984454 0.941301
vt 0.991963 0.941594
vt 0.977420 0.943459
vt 0.970916 0.926254
vt 0.972309 0.902357
vt 0.963990 0.887588
vt 0.961824 0.865099
vt 0.954074 0.869100
vt 0.947433 0.865990
vt 0.952726 0.890734
vt 0.940859 0.866555
vt 0.943953 0.893263
vt 0.949469 0.901728
vt 0.958679 0.911464
vt 0.964572 0.919013
vt 0.951837 0.928112
vt 0.946270 0.925802
vt 0.940194 0.922730
vt 0.937136 0.897323
vt 0.929784 0.907193
vt 0.927180 0.889804
vt 0.935813 0.864540
vt 0.932064 0.869528
vt 0.923414 0.874056
vt 0.813299 0.997825
vt 0.808402 0.993290
vt 0.833841 0.992113
vt 0.830555 0.997357
vt 0.843972 0.996440
vt 0.832989 0.983465
vt 0.839854 0.987379
vt 0.808065 0.987676
vt 0.834151 0.979076
vt 0.829315 0.975898
vt 0.839639 0.940961
vt 0.813314 0.950565
vt 0.811029 0.942546
vt 0.847874 0.934386
vt 0.835841 0.955917
vt 0.815945 0.956548
vt 0.809545 0.968335
vt 0.813393 0.971344
vt 0.813316 0.975676
vt 0.858591 0.961537
vt 0.860592 0.955695
vt 0.855547 0.970561
vt 0.865709 0.972100
vt 0.867439 0.976204
vt 0.873304 0.985454
vt 0.882877 0.978076
vt 0.870672 0.993047
vt 0.851807 0.998291
vt 0.114764 0.528563
vt 0.116145 0.532077
vt 0.919809 0.865222
vt 0.925185 0.862108
vt 0.910645 0.860596
vt 0.915621 0.865422
vt 0.908595 0.870864
vt 0.919400 0.886270
vt 0.909339 0.874609
vt 0.914402 0.879800
vt 0.910734 0.881387
vt 0.912236 0.888514
vt 0.917654 0.893815
vt 0.913347 0.897693
vt 0.919538 0.898675
vt 0.914938 0.905166
vt 0.922210 0.899188
vt 0.923286 0.908192
vt 0.917921 0.906304
vt 0.915187 0.909970
vt 0.921275 0.914045
vt 0.916782 0.919684
vt 0.925829 0.918487
vt 0.922282 0.922378
vt 0.916376 0.922341
vt 0.923261 0.927553
vt 0.918918 0.930435
vt 0.925894 0.930108
vt 0.932071 0.926738
vt 0.961824 0.936664
vt 0.937701 0.960623
vt 0.971583 0.958208
vt 0.980500 0.963156
vt 0.986392 0.954947
vt 0.993509 0.952042
vt 0.990375 0.966376
vt 0.990584 0.974995
vt 0.994216 0.975680
vt 0.982841 0.972631
vt 0.963083 0.959092
vt 0.954918 0.964111
vt 0.975363 0.969765
vt 0.964822 0.968997
vt 0.948043 0.964208
vt 0.942377 0.960524
vt 0.939453 0.966309
vt 0.927109 0.957736
vt 0.934050 0.957927
vt 0.924879 0.962084
vt 0.927898 0.949241
vt 0.930348 0.935422
vt 0.924570 0.940207
vt 0.921554 0.952310
vt 0.920559 0.947754
vt 0.919159 0.940145
vt 0.918701 0.936035
vt 0.528343 0.836896
vt 0.534296 0.839032
vt 0.525973 0.853133
vt 0.510010 0.838379
vt 0.515678 0.843165
vt 0.506884 0.838280
vt 0.499946 0.846314
vt 0.510015 0.853329
vt 0.494604 0.853166
vt 0.489086 0.838178
vt 0.477601 0.837355
vt 0.482599 0.851140
vt 0.478467 0.843061
vt 0.463512 0.838644
vt 0.476018 0.851688
vt 0.472137 0.852017
vt 0.492515 0.868410
vt 0.484503 0.865445
vt 0.501447 0.866036
vt 0.517992 0.856403
vt 0.541450 0.844056
vt 0.544340 0.853558
vt 0.524382 0.866952
vt 0.509151 0.865834
vt 0.515892 0.880294
vt 0.508537 0.878752
vt 0.524971 0.879662
vt 0.543450 0.861349
vt 0.548895 0.849859
vt 0.545654 0.836182
vt 0.551809 0.847842
vt 0.554063 0.838677
vt 0.552246 0.837402
vt 0.554587 0.848398
vt 0.555908 0.838135
vt 0.554149 0.851797
vt 0.547311 0.859930
vt 0.554058 0.859430
vt 0.553773 0.866966
vt 0.546765 0.869292
vt 0.544086 0.869656
vt 0.540490 0.876094
vt 0.553129 0.875981
vt 0.545500 0.875977
vt 0.552293 0.884036
vt 0.545070 0.882552
vt 0.543091 0.892514
vt 0.543772 0.879160
vt 0.538830 0.885784
vt 0.529536 0.887813
vt 0.524124 0.900679
vt 0.517920 0.899266
vt 0.511796 0.902653
vt 0.540236 0.890599
vt 0.535301 0.900882
vt 0.539820 0.897427
vt 0.546337 0.894252
vt 0.551125 0.889136
vt 0.549511 0.898917
vt 0.541669 0.899170
vt 0.546741 0.901457
vt 0.548340 0.901367
vt 0.541738 0.903996
vt 0.547324 0.907465
vt 0.537776 0.906173
vt 0.530692 0.910553
vt 0.504259 0.895049
vt 0.498660 0.881206
vt 0.477752 0.862708
vt 0.473277 0.862682
vt 0.465638 0.845111
vt 0.457885 0.858114
vt 0.465932 0.854138
vt 0.440955 0.842559
vt 0.446789 0.842050
vt 0.449114 0.855695
vt 0.452930 0.841788
vt 0.456777 0.871200
vt 0.444947 0.859096
vt 0.438751 0.856152
vt 0.439044 0.867961
vt 0.428574 0.846167
vt 0.431732 0.862496
vt 0.419178 0.846047
vt 0.421694 0.855562
vt 0.398171 0.853406
vt 0.395211 0.865429
vt 0.391252 0.851420
vt 0.389349 0.868011
vt 0.404577 0.853290
vt 0.404467 0.874605
vt 0.415867 0.857983
vt 0.420438 0.885451
vt 0.410579 0.859889
vt 0.412395 0.883883
vt 0.382254 0.856776
vt 0.381732 0.871640
vt 0.378144 0.862285
vt 0.389124 0.877765
vt 0.376979 0.857084
vt 0.384882 0.852150
vt 0.819001 0.928727
vt 0.812571 0.927864
vt 0.824403 0.924669
vt 0.816161 0.917419
vt 0.810446 0.927916
vt 0.811351 0.916978
vt 0.827522 0.918308
vt 0.828647 0.929889
vt 0.840231 0.931738
vt 0.839174 0.919459
vt 0.849739 0.932751
vt 0.844855 0.919768
vt 0.857787 0.920120
vt 0.854474 0.934536
vt 0.862499 0.935299
vt 0.876204 0.933284
vt 0.873281 0.921199
vt 0.883778 0.921635
vt 0.883570 0.927918
vt 0.899785 0.927601
vt 0.895410 0.921026
vt 0.895718 0.933318
vt 0.902697 0.921276
vt 0.871789 0.938240
vt 0.884258 0.941661
vt 0.895045 0.944081
vt 0.900104 0.946750
vt 0.893547 0.959581
vt 0.904297 0.958740
vt 0.902072 0.964739
vt 0.903272 0.953198
vt 0.891623 0.954734
vt 0.899241 0.941680
vt 0.425010 0.885530
vt 0.434731 0.886628
vt 0.455569 0.878104
vt 0.461893 0.869181
vt 0.466081 0.871410
vt 0.462182 0.881790
vt 0.466667 0.888184
vt 0.461113 0.890873
vt 0.468506 0.880502
vt 0.470078 0.893382
vt 0.472741 0.886897
vt 0.473520 0.897885
vt 0.476750 0.892720
vt 0.469053 0.901650
vt 0.467635 0.903398
vt 0.472191 0.909774
vt 0.461718 0.905634
vt 0.468768 0.911852
vt 0.465088 0.915962
vt 0.471854 0.916728
vt 0.477430 0.906826
vt 0.477959 0.916379
vt 0.481887 0.915371
vt 0.479968 0.923079
vt 0.480057 0.897136
vt 0.485638 0.896103
vt 0.487280 0.917215
vt 0.491891 0.893879
vt 0.492085 0.919811
vt 0.496886 0.901647
vt 0.497333 0.915959
vt 0.482563 0.929858
vt 0.490999 0.935095
vt 0.479123 0.930395
vt 0.470997 0.928688
vt 0.469048 0.920058
vt 0.468491 0.927585
vt 0.453045 0.924992
vt 0.460777 0.926805
vt 0.458740 0.933594
vt 0.454041 0.913609
vt 0.446688 0.922218
vt 0.453890 0.932686
vt 0.437035 0.930503
vt 0.437012 0.937012
vt 0.429486 0.928346
vt 0.445767 0.934118
vt 0.437658 0.915304
vt 0.423794 0.934917
vt 0.419217 0.937014
vt 0.415199 0.933206
vt 0.419527 0.925088
vt 0.427779 0.915587
vt 0.465080 0.926975
vt 0.453335 0.896478
vt 0.446503 0.902323
vt 0.435152 0.902390
vt 0.423554 0.900740
vt 0.414248 0.892814
vt 0.408096 0.884488
vt 0.400206 0.881731
vt 0.398144 0.893748
vt 0.385957 0.882165
vt 0.388815 0.887540
vt 0.394895 0.898781
vt 0.405457 0.907137
vt 0.409078 0.903638
vt 0.418508 0.912096
vt 0.408046 0.921535
vt 0.413504 0.915718
vt 0.402568 0.912101
vt 0.663982 0.147035
vt 0.664387 0.149424
vt 0.674691 0.153115
vt 0.679395 0.147445
vt 0.690803 0.143254
vt 0.468942 0.862148
vt 0.470433 0.870057
vt 0.473710 0.874178
vt 0.478707 0.873108
vt 0.488265 0.882035
vt 0.479838 0.883470
vt 0.475897 0.882173
vt 0.471719 0.879016
vt 0.625856 0.051195
vt 0.618631 0.059027
vt 0.633435 0.070251
vt 0.628238 0.062253
vt 0.900494 0.976838
vt 0.902930 0.969661
vt 0.894267 0.989943
vt 0.908049 0.984738
vt 0.898661 0.993838
vt 0.910980 0.989535
vt 0.912446 0.994714
vt 0.899902 0.999023
vt 0.884573 0.998486
vt 0.874396 0.997746
vt 0.504952 0.919965
vt 0.498663 0.933403
vt 0.507834 0.937472
vt 0.517793 0.939260
vt 0.511222 0.925111
vt 0.517128 0.920292
vt 0.535677 0.912358
vt 0.539770 0.909615
vt 0.542450 0.905938
vt 0.545821 0.913592
vt 0.542883 0.914293
vt 0.545077 0.918271
vt 0.544366 0.922664
vt 0.539895 0.924735
vt 0.538374 0.919270
vt 0.530225 0.928707
vt 0.523302 0.922109
vt 0.525349 0.938538
vt 0.536511 0.927642
vt 0.538330 0.926681
vt 0.917929 0.949850
vt 0.917480 0.951904
vt 0.916447 0.954501
vt 0.921836 0.958734
vt 0.920184 0.960822
vt 0.913504 0.961648
vt 0.913330 0.966797
vt 0.922607 0.962158
vt 0.279640 0.405888
vt 0.269864 0.404038
vt 0.270312 0.395381
vt 0.270000 0.384873
vt 0.285415 0.385662
vt 0.262695 0.391846
vt 0.267553 0.367675
vt 0.286722 0.371245
vt 0.265939 0.376542
vt 0.302699 0.376775
vt 0.294266 0.390736
vt 0.270020 0.411621
vt 0.287839 0.412978
vt 0.295593 0.405246
vt 0.304647 0.401843
vt 0.291552 0.416673
vt 0.314388 0.408696
vt 0.313277 0.421030
vt 0.300192 0.428599
vt 0.305728 0.435138
vt 0.325832 0.428166
vt 0.307535 0.441214
vt 0.307115 0.450268
vt 0.339738 0.433368
vt 0.325067 0.418125
vt 0.354859 0.420229
vt 0.342500 0.440039
vt 0.313911 0.453499
vt 0.328053 0.452262
vt 0.363848 0.438162
vt 0.355351 0.411555
vt 0.342906 0.406188
vt 0.338332 0.400525
vt 0.315194 0.396079
vt 0.320690 0.386795
vt 0.297313 0.365861
vt 0.284950 0.361904
vt 0.264180 0.360424
vt 0.283106 0.353986
vt 0.262695 0.354736
vt 0.263453 0.349200
vt 0.273644 0.345449
vt 0.265466 0.342122
vt 0.272399 0.335106
vt 0.267292 0.327671
vt 0.282241 0.320810
vt 0.289167 0.328921
vt 0.292462 0.337755
vt 0.298022 0.344537
vt 0.299474 0.356213
vt 0.310003 0.320005
vt 0.306553 0.333061
vt 0.313946 0.345178
vt 0.302531 0.317392
vt 0.267760 0.315544
vt 0.267204 0.309418
vt 0.281235 0.312812
vt 0.268066 0.307129
vt 0.275451 0.308059
vt 0.289054 0.311915
vt 0.305872 0.312688
vt 0.287468 0.306075
vt 0.305981 0.310181
vt 0.320331 0.327229
vt 0.319600 0.335507
vt 0.343759 0.347694
vt 0.327515 0.355240
vt 0.342259 0.334165
vt 0.327392 0.323206
vt 0.319122 0.311585
vt 0.316145 0.300559
vt 0.299601 0.297765
vt 0.326015 0.302594
vt 0.334450 0.313204
vt 0.331403 0.307733
vt 0.340781 0.318428
vt 0.360370 0.344394
vt 0.353681 0.315305
vt 0.342504 0.302775
vt 0.322126 0.294385
vt 0.338813 0.296316
vt 0.333735 0.287515
vt 0.361351 0.298800
vt 0.308553 0.284981
vt 0.289421 0.287508
vt 0.317925 0.278257
vt 0.285928 0.277131
vt 0.316213 0.271425
vt 0.340702 0.275675
vt 0.359464 0.285288
vt 0.325630 0.262507
vt 0.347316 0.266945
vt 0.361452 0.292444
vt 0.371818 0.277270
vt 0.374478 0.270039
vt 0.363548 0.259632
vt 0.333293 0.254956
vt 0.348252 0.255114
vt 0.307122 0.259090
vt 0.292229 0.265676
vt 0.315475 0.252069
vt 0.314236 0.240275
vt 0.337635 0.242111
vt 0.326486 0.237695
vt 0.347594 0.245318
vt 0.353339 0.231433
vt 0.361948 0.250672
vt 0.329935 0.229350
vt 0.339442 0.225592
vt 0.372586 0.242603
vt 0.359258 0.217637
vt 0.350361 0.210789
vt 0.341060 0.215973
vt 0.340838 0.202055
vt 0.363728 0.210136
vt 0.355794 0.197657
vt 0.372892 0.225990
vt 0.375905 0.210513
vt 0.337111 0.189989
vt 0.364718 0.191489
vt 0.381265 0.204531
vt 0.368453 0.184182
vt 0.373574 0.180134
vt 0.382771 0.190164
vt 0.343085 0.173741
vt 0.349972 0.167289
vt 0.335494 0.180484
vt 0.332465 0.201453
vt 0.328969 0.188099
vt 0.328593 0.211229
vt 0.322597 0.218027
vt 0.311273 0.232644
vt 0.315750 0.228309
vt 0.312646 0.220850
vt 0.305157 0.225832
vt 0.301583 0.229354
vt 0.296877 0.226664
vt 0.297129 0.243715
vt 0.294333 0.253159
vt 0.277985 0.292674
vt 0.281810 0.297612
vt 0.271885 0.298002
vt 0.291132 0.300672
vt 0.266261 0.303988
vt 0.279476 0.430503
vt 0.276202 0.426870
vt 0.288671 0.425082
vt 0.283027 0.435695
vt 0.278349 0.420052
vt 0.290299 0.453246
vt 0.291594 0.463434
vt 0.302052 0.465643
vt 0.316770 0.464893
vt 0.345571 0.451050
vt 0.312157 0.473096
vt 0.344428 0.461617
vt 0.367318 0.445923
vt 0.361164 0.427508
vt 0.348299 0.392158
vt 0.330706 0.374576
vt 0.347866 0.376616
vt 0.342334 0.370390
vt 0.319452 0.368308
vt 0.315645 0.361651
vt 0.340674 0.362072
vt 0.348673 0.383645
vt 0.363275 0.394154
vt 0.372402 0.398181
vt 0.368049 0.387823
vt 0.387284 0.404540
vt 0.381983 0.412953
vt 0.378750 0.424879
vt 0.369630 0.452215
vt 0.340250 0.472494
vt 0.375656 0.459501
vt 0.358816 0.472049
vt 0.371737 0.478061
vt 0.381932 0.468353
vt 0.388792 0.444975
vt 0.393069 0.450229
vt 0.391946 0.459809
vt 0.389334 0.470681
vt 0.371310 0.489396
vt 0.383506 0.486284
vt 0.359859 0.487548
vt 0.371691 0.499436
vt 0.351612 0.508422
vt 0.390157 0.491114
vt 0.397660 0.471965
vt 0.402666 0.459873
vt 0.399380 0.453734
vt 0.408019 0.460435
vt 0.404132 0.474403
vt 0.400115 0.487573
vt 0.413568 0.469648
vt 0.405932 0.487917
vt 0.398515 0.500424
vt 0.413275 0.487780
vt 0.411928 0.481876
vt 0.418370 0.479135
vt 0.424310 0.481456
vt 0.419858 0.472608
vt 0.427000 0.480590
vt 0.428407 0.478148
vt 0.422247 0.473725
vt 0.432099 0.481177
vt 0.430600 0.475633
vt 0.424470 0.471706
vt 0.425921 0.468221
vt 0.428711 0.470947
vt 0.421759 0.465194
vt 0.427002 0.465576
vt 0.421589 0.463185
vt 0.425834 0.463495
vt 0.423101 0.458662
vt 0.417898 0.462478
vt 0.418684 0.451982
vt 0.414330 0.452810
vt 0.412680 0.441497
vt 0.416992 0.446289
vt 0.405151 0.437914
vt 0.410161 0.445774
vt 0.409277 0.427512
vt 0.395349 0.420962
vt 0.403705 0.419364
vt 0.405605 0.429560
vt 0.396660 0.428028
vt 0.394780 0.414441
vt 0.392226 0.421826
vt 0.392990 0.412610
vt 0.387086 0.433445
vt 0.384881 0.393041
vt 0.400117 0.435690
vt 0.403300 0.432400
vt 0.405641 0.445578
vt 0.408027 0.449986
vt 0.412017 0.456623
vt 0.412327 0.461311
vt 0.417453 0.470676
vt 0.278076 0.435791
vt 0.279309 0.442368
vt 0.286837 0.447036
vt 0.296143 0.472351
vt 0.316485 0.479144
vt 0.319687 0.490207
vt 0.334950 0.491379
vt 0.340605 0.497991
vt 0.325995 0.509996
vt 0.338656 0.509010
vt 0.329936 0.518183
vt 0.331543 0.522461
vt 0.351018 0.518071
vt 0.339844 0.527344
vt 0.337134 0.520502
vt 0.344727 0.530518
vt 0.350417 0.527497
vt 0.370844 0.515045
vt 0.357266 0.522991
vt 0.349232 0.497262
vt 0.361433 0.541090
vt 0.371963 0.526253
vt 0.355957 0.539062
vt 0.366943 0.543701
vt 0.389728 0.511640
vt 0.384137 0.510218
vt 0.375601 0.142954
vt 0.379973 0.142611
vt 0.375354 0.150877
vt 0.387166 0.159157
vt 0.388776 0.149973
vt 0.395169 0.162677
vt 0.383754 0.165927
vt 0.400994 0.177042
vt 0.397949 0.167725
vt 0.371691 0.159809
vt 0.387700 0.179815
vt 0.401065 0.187793
vt 0.395239 0.193681
vt 0.409486 0.191555
vt 0.405455 0.195497
vt 0.412273 0.206393
vt 0.417313 0.209294
vt 0.404334 0.203425
vt 0.414937 0.219419
vt 0.408377 0.213754
vt 0.408827 0.223217
vt 0.419278 0.217014
vt 0.418428 0.220804
vt 0.422747 0.219971
vt 0.423764 0.219946
vt 0.419196 0.224882
vt 0.414475 0.231324
vt 0.393870 0.201780
vt 0.399848 0.206012
vt 0.402634 0.226358
vt 0.409081 0.238573
vt 0.394686 0.227510
vt 0.387429 0.229523
vt 0.386025 0.237916
vt 0.404674 0.245395
vt 0.389579 0.196535
vt 0.378370 0.175703
vt 0.362097 0.156802
vt 0.363328 0.170837
vt 0.353632 0.160815
vt 0.354036 0.154336
vt 0.319340 0.197160
vt 0.316265 0.206010
vt 0.312893 0.211264
vt 0.306884 0.216178
vt 0.300442 0.216739
vt 0.298206 0.224517
vt 0.294909 0.227157
vt 0.378161 0.257140
vt 0.376935 0.262511
vt 0.382399 0.283141
vt 0.382558 0.289512
vt 0.356667 0.304354
vt 0.375613 0.333525
vt 0.358490 0.319684
vt 0.369184 0.339545
vt 0.362182 0.354222
vt 0.366359 0.361173
vt 0.382149 0.367942
vt 0.382399 0.375166
vt 0.368535 0.321476
vt 0.364723 0.316878
vt 0.368345 0.310679
vt 0.371988 0.304957
vt 0.387149 0.296398
vt 0.377421 0.317379
vt 0.382328 0.304164
vt 0.382159 0.308507
vt 0.391935 0.291204
vt 0.387164 0.301484
vt 0.388546 0.314736
vt 0.394539 0.284484
vt 0.398078 0.293301
vt 0.394650 0.308177
vt 0.401386 0.298089
vt 0.399072 0.310347
vt 0.407394 0.306734
vt 0.395906 0.312843
vt 0.413855 0.287994
vt 0.403571 0.288466
vt 0.412552 0.282046
vt 0.411421 0.273714
vt 0.416719 0.273837
vt 0.408418 0.280912
vt 0.422363 0.262451
vt 0.416505 0.265539
vt 0.422452 0.260840
vt 0.400557 0.282533
vt 0.406272 0.274772
vt 0.395361 0.275828
vt 0.401726 0.267596
vt 0.409701 0.272766
vt 0.414146 0.262358
vt 0.408467 0.260684
vt 0.412268 0.259139
vt 0.421184 0.259098
vt 0.414157 0.245227
vt 0.410594 0.247708
vt 0.404694 0.254997
vt 0.426462 0.252420
vt 0.427103 0.239147
vt 0.418487 0.237953
vt 0.408890 0.242239
vt 0.407914 0.245386
vt 0.399242 0.255475
vt 0.400617 0.263988
vt 0.395499 0.264140
vt 0.386651 0.260063
vt 0.389010 0.266911
vt 0.383874 0.383159
vt 0.383935 0.353631
vt 0.385149 0.346510
vt 0.382543 0.361884
vt 0.385513 0.382922
vt 0.393069 0.374173
vt 0.397447 0.367757
vt 0.397680 0.374110
vt 0.402036 0.371863
vt 0.401855 0.368652
vt 0.400561 0.362626
vt 0.405133 0.380210
vt 0.398203 0.383944
vt 0.391105 0.378071
vt 0.402727 0.397742
vt 0.407052 0.394022
vt 0.409232 0.397844
vt 0.392585 0.391901
vt 0.398010 0.398764
vt 0.393855 0.395451
vt 0.402142 0.406991
vt 0.411377 0.402100
vt 0.412414 0.416532
vt 0.405503 0.416005
vt 0.395109 0.404781
vt 0.378873 0.325354
vt 0.380751 0.320230
vt 0.380686 0.330039
vt 0.398250 0.355757
vt 0.398992 0.349419
vt 0.402437 0.343654
vt 0.385927 0.340253
vt 0.391065 0.339616
vt 0.404297 0.340306
vt 0.386930 0.337728
vt 0.401488 0.338258
vt 0.399122 0.330937
vt 0.389945 0.335644
vt 0.407227 0.328857
vt 0.406608 0.327340
vt 0.398502 0.327200
vt 0.405649 0.321077
vt 0.405376 0.326690
vt 0.395968 0.330518
vt 0.392035 0.327430
vt 0.386874 0.323774
vt 0.383064 0.315591
vt 0.396394 0.314884
vt 0.393761 0.323695
vt 0.403702 0.315818
vt 0.412845 0.235267
vt 0.421407 0.224277
vt 0.410104 0.240621
vt 0.415693 0.236183
vt 0.418816 0.233455
vt 0.417538 0.235771
vt 0.427395 0.232605
vt 0.427798 0.226779
vt 0.432140 0.219695
vt 0.103614 0.215733
vt 0.118133 0.215563
vt 0.101698 0.235313
vt 0.104248 0.243896
vt 0.100110 0.252269
vt 0.085193 0.248188
vt 0.078252 0.260827
vt 0.096523 0.264646
vt 0.086930 0.269983
vt 0.080675 0.272154
vt 0.093800 0.270619
vt 0.091797 0.275635
vt 0.084560 0.297153
vt 0.064554 0.285285
vt 0.057703 0.271161
vt 0.068141 0.270062
vt 0.081906 0.305710
vt 0.085892 0.305281
vt 0.073784 0.304961
vt 0.082935 0.311190
vt 0.077537 0.319805
vt 0.062785 0.312731
vt 0.066971 0.304173
vt 0.054445 0.302499
vt 0.040997 0.282023
vt 0.039396 0.301207
vt 0.028552 0.300025
vt 0.049468 0.319725
vt 0.026815 0.312578
vt 0.009235 0.297617
vt 0.014886 0.286565
vt 0.037613 0.267899
vt 0.055889 0.269197
vt 0.051221 0.264380
vt 0.014816 0.266781
vt 0.008620 0.312413
vt 0.000488 0.321289
vt 0.011606 0.328059
vt 0.001953 0.325928
vt 0.025703 0.329932
vt 0.017641 0.341044
vt 0.029781 0.335208
vt 0.040894 0.331166
vt 0.051807 0.331281
vt 0.070706 0.330460
vt 0.064670 0.333085
vt 0.699132 0.570358
vt 0.698307 0.568515
vt 0.708362 0.574754
vt 0.693851 0.567893
vt 0.705077 0.587840
vt 0.689697 0.572266
vt 0.688232 0.572998
vt 0.692160 0.580762
vt 0.681396 0.578857
vt 0.687636 0.581319
vt 0.693821 0.592255
vt 0.681907 0.581966
vt 0.683319 0.585690
vt 0.678223 0.580811
vt 0.699022 0.596310
vt 0.710106 0.601453
vt 0.721483 0.609156
vt 0.726462 0.611852
vt 0.727198 0.601491
vt 0.734114 0.616116
vt 0.747140 0.619839
vt 0.745946 0.610089
vt 0.720072 0.584417
vt 0.726599 0.581029
vt 0.712440 0.574633
vt 0.711245 0.565026
vt 0.708908 0.557445
vt 0.707880 0.549876
vt 0.714060 0.548921
vt 0.719045 0.551461
vt 0.721043 0.557856
vt 0.722567 0.571942
vt 0.731353 0.572952
vt 0.736878 0.585071
vt 0.752924 0.603742
vt 0.748259 0.588422
vt 0.737549 0.624023
vt 0.738293 0.633884
vt 0.752019 0.635851
vt 0.735652 0.643250
vt 0.738929 0.649711
vt 0.747951 0.649393
vt 0.760734 0.648392
vt 0.767734 0.622672
vt 0.775996 0.618281
vt 0.758882 0.599789
vt 0.766649 0.593475
vt 0.757061 0.579610
vt 0.784517 0.580216
vt 0.786899 0.596216
vt 0.783822 0.564384
vt 0.762152 0.560044
vt 0.782281 0.563287
vt 0.807382 0.569011
vt 0.789001 0.621711
vt 0.801234 0.613650
vt 0.820006 0.615094
vt 0.807301 0.601093
vt 0.820247 0.582196
vt 0.806241 0.566899
vt 0.820439 0.570727
vt 0.826369 0.605776
vt 0.817761 0.635311
vt 0.835932 0.610013
vt 0.845258 0.619779
vt 0.838170 0.629820
vt 0.848396 0.611014
vt 0.830150 0.638276
vt 0.820311 0.648965
vt 0.828219 0.650407
vt 0.800895 0.630106
vt 0.817586 0.651798
vt 0.809046 0.652225
vt 0.792441 0.651214
vt 0.787587 0.638699
vt 0.784204 0.625668
vt 0.775190 0.650478
vt 0.794477 0.653381
vt 0.779181 0.657987
vt 0.795142 0.666217
vt 0.824625 0.654785
vt 0.817675 0.664973
vt 0.824469 0.666831
vt 0.804570 0.681047
vt 0.820019 0.671780
vt 0.820902 0.678522
vt 0.818443 0.685739
vt 0.813477 0.683594
vt 0.803179 0.685322
vt 0.810571 0.688891
vt 0.798149 0.684115
vt 0.816297 0.686153
vt 0.818119 0.691029
vt 0.817950 0.697025
vt 0.814865 0.707101
vt 0.798745 0.703586
vt 0.776021 0.691321
vt 0.786511 0.683880
vt 0.779742 0.682690
vt 0.756959 0.669891
vt 0.760940 0.650028
vt 0.769489 0.682836
vt 0.761739 0.682893
vt 0.764911 0.700584
vt 0.749157 0.680310
vt 0.745747 0.662231
vt 0.731940 0.665049
vt 0.738265 0.678877
vt 0.746642 0.687754
vt 0.738050 0.698415
vt 0.742639 0.708645
vt 0.735262 0.712572
vt 0.737710 0.717933
vt 0.745064 0.723273
vt 0.734387 0.739962
vt 0.740412 0.738543
vt 0.749971 0.738293
vt 0.764098 0.738507
vt 0.757282 0.710146
vt 0.775106 0.713555
vt 0.778090 0.714988
vt 0.788093 0.715581
vt 0.773959 0.733655
vt 0.796695 0.726321
vt 0.782178 0.737885
vt 0.770267 0.738206
vt 0.802674 0.736059
vt 0.801512 0.737305
vt 0.811768 0.730291
vt 0.812012 0.737305
vt 0.812012 0.716328
vt 0.799828 0.717107
vt 0.737235 0.691080
vt 0.125397 0.135676
vt 0.140980 0.138164
vt 0.145513 0.146368
vt 0.142151 0.154929
vt 0.113393 0.134508
vt 0.128610 0.158429
vt 0.137451 0.165283
vt 0.121488 0.164258
vt 0.132166 0.174619
vt 0.113863 0.168367
vt 0.128421 0.183364
vt 0.110035 0.180111
vt 0.118487 0.190044
vt 0.115480 0.187944
vt 0.125000 0.190674
vt 0.124098 0.193396
vt 0.107949 0.188511
vt 0.102274 0.173579
vt 0.110249 0.167730
vt 0.088619 0.137388
vt 0.099378 0.139613
vt 0.103749 0.132426
vt 0.093547 0.162353
vt 0.080777 0.155076
vt 0.078335 0.132460
vt 0.093730 0.128120
vt 0.086305 0.126173
vt 0.715588 0.534057
vt 0.715017 0.521884
vt 0.726583 0.521471
vt 0.739116 0.534472
vt 0.742239 0.524450
vt 0.755832 0.526125
vt 0.752262 0.536721
vt 0.768510 0.528797
vt 0.778221 0.530912
vt 0.761234 0.544293
vt 0.777019 0.546631
vt 0.749636 0.551622
vt 0.733053 0.551838
vt 0.735401 0.553799
vt 0.709473 0.535645
vt 0.708251 0.545171
vt 0.732212 0.554208
vt 0.752324 0.558987
vt 0.791150 0.551371
vt 0.743668 0.573882
vt 0.737499 0.559919
vt 0.062312 0.366581
vt 0.058345 0.377280
vt 0.049681 0.379425
vt 0.062136 0.345410
vt 0.069824 0.349854
vt 0.059832 0.350318
vt 0.059044 0.356834
vt 0.049939 0.351053
vt 0.069763 0.345200
vt 0.057518 0.337850
vt 0.050384 0.348002
vt 0.042942 0.341654
vt 0.038582 0.350824
vt 0.027175 0.350468
vt 0.028730 0.354880
vt 0.016009 0.361873
vt 0.019078 0.363266
vt 0.010402 0.375957
vt 0.021999 0.371679
vt 0.016286 0.385011
vt 0.019922 0.384295
vt 0.034767 0.382804
vt 0.044969 0.380975
vt 0.033830 0.362034
vt 0.048221 0.368046
vt 0.119610 0.209544
vt 0.118804 0.203244
vt 0.099906 0.204077
vt 0.099709 0.189396
vt 0.081751 0.179667
vt 0.070784 0.178698
vt 0.081497 0.192397
vt 0.084617 0.213709
vt 0.080453 0.205039
vt 0.063365 0.195864
vt 0.069204 0.211547
vt 0.051104 0.195283
vt 0.055912 0.177846
vt 0.042583 0.176629
vt 0.048327 0.208387
vt 0.062262 0.219242
vt 0.051447 0.222923
vt 0.075466 0.230297
vt 0.061912 0.232154
vt 0.040222 0.224008
vt 0.049182 0.234393
vt 0.034660 0.206768
vt 0.036074 0.190832
vt 0.027471 0.174959
vt 0.018555 0.175293
vt 0.024113 0.189844
vt 0.021470 0.204817
vt 0.029696 0.223884
vt 0.018423 0.216665
vt 0.020633 0.225973
vt 0.022121 0.235651
vt 0.039133 0.237662
vt 0.026831 0.250891
vt 0.023720 0.259375
vt 0.048379 0.249850
vt 0.055122 0.241598
vt 0.069617 0.243870
vt 0.065550 0.254199
vt 0.085956 0.226434
vt 0.078678 0.171338
vt 0.078159 0.163025
vt 0.075778 0.142026
vt 0.081277 0.117795
vt 0.726346 0.660005
vt 0.730924 0.657066
vt 0.730531 0.677998
vt 0.784293 0.279637
vt 0.795562 0.271387
vt 0.800245 0.286535
vt 0.786816 0.263899
vt 0.806883 0.260090
vt 0.792725 0.257812
vt 0.820960 0.264835
vt 0.837737 0.267585
vt 0.813547 0.278816
vt 0.817355 0.296980
vt 0.811285 0.292600
vt 0.804752 0.310474
vt 0.816092 0.336371
vt 0.801270 0.322998
vt 0.802979 0.329102
vt 0.830867 0.343647
vt 0.825976 0.324491
vt 0.818024 0.338868
vt 0.834014 0.346620
vt 0.845246 0.359803
vt 0.849368 0.352612
vt 0.861079 0.355714
vt 0.866652 0.354878
vt 0.865723 0.353271
vt 0.873291 0.351807
vt 0.847928 0.349239
vt 0.878423 0.347735
vt 0.846949 0.347752
vt 0.844439 0.343176
vt 0.862849 0.348879
vt 0.861689 0.345752
vt 0.827349 0.301350
vt 0.843148 0.287591
vt 0.853418 0.303556
vt 0.841330 0.313446
vt 0.853378 0.275916
vt 0.851236 0.270365
vt 0.854181 0.259505
vt 0.874583 0.250250
vt 0.865967 0.243652
vt 0.869361 0.238831
vt 0.881193 0.240000
vt 0.893022 0.227652
vt 0.890327 0.256198
vt 0.898847 0.238338
vt 0.906888 0.220263
vt 0.912540 0.238184
vt 0.883190 0.267357
vt 0.873906 0.276926
vt 0.868999 0.286669
vt 0.888040 0.278637
vt 0.904702 0.267173
vt 0.892165 0.285424
vt 0.886773 0.304767
vt 0.873660 0.293405
vt 0.874500 0.311586
vt 0.853182 0.323442
vt 0.881970 0.302515
vt 0.889567 0.312249
vt 0.882023 0.318189
vt 0.877104 0.318976
vt 0.868911 0.323250
vt 0.859383 0.329388
vt 0.860440 0.330594
vt 0.860551 0.339069
vt 0.868279 0.343653
vt 0.881513 0.344160
vt 0.889411 0.319221
vt 0.893450 0.309933
vt 0.897376 0.296205
vt 0.900086 0.299096
vt 0.912223 0.297893
vt 0.922076 0.272084
vt 0.925982 0.316170
vt 0.921745 0.300337
vt 0.903806 0.327589
vt 0.920308 0.340971
vt 0.928724 0.322530
vt 0.924969 0.305586
vt 0.927121 0.314620
vt 0.934325 0.312553
vt 0.936035 0.315186
vt 0.937754 0.313942
vt 0.945954 0.300424
vt 0.948663 0.295409
vt 0.945874 0.277698
vt 0.949599 0.280766
vt 0.927872 0.273945
vt 0.926664 0.291972
vt 0.925079 0.278737
vt 0.922482 0.296828
vt 0.919734 0.257806
vt 0.914370 0.246014
vt 0.931219 0.232973
vt 0.937177 0.255024
vt 0.923203 0.216585
vt 0.936740 0.222978
vt 0.948888 0.238132
vt 0.947337 0.227639
vt 0.951400 0.253062
vt 0.950284 0.272785
vt 0.792067 0.534561
vt 0.808128 0.540682
vt 0.823371 0.550263
vt 0.823694 0.547238
vt 0.823614 0.560610
vt 0.829041 0.568054
vt 0.833984 0.575966
vt 0.837067 0.607205
vt 0.849344 0.580781
vt 0.855039 0.583054
vt 0.858761 0.587798
vt 0.864538 0.586669
vt 0.857680 0.598573
vt 0.849551 0.609081
vt 0.851807 0.610107
vt 0.888704 0.357796
vt 0.906211 0.368959
vt 0.896240 0.368164
vt 0.916290 0.355620
vt 0.898682 0.370850
vt 0.918313 0.366475
vt 0.927620 0.365214
vt 0.922796 0.355170
vt 0.925898 0.348581
vt 0.925781 0.351807
vt 0.936047 0.346939
vt 0.947508 0.345383
vt 0.937719 0.334395
vt 0.949435 0.338930
vt 0.951583 0.342966
vt 0.945232 0.332468
vt 0.935661 0.324759
vt 0.945783 0.328846
s 1
usemtl tripo_mat_b3751a20
f 389/1/1 275/2/2 267/3/3
f 389/1/1 395/4/4 275/2/2
f 275/2/2 395/4/4 185/5/5
f 185/5/5 395/4/4 277/6/6
f 267/3/3 275/2/2 141/7/7
f 141/7/7 275/2/2 185/5/5
f 187/8/8 267/3/3 141/7/7
f 414/9/9 267/3/3 187/8/8
f 187/8/8 166/10/10 287/11/11
f 287/11/11 166/10/10 99/12/12
f 287/11/11 99/12/12 122/13/13
f 122/13/13 99/12/12 2545/14/14
f 99/12/12 2386/15/15 2545/14/14
f 122/13/13 2545/14/14 2434/16/16
f 122/13/13 2434/16/16 228/17/17
f 2733/18/18 2921/19/19 2844/20/20
f 2921/19/19 2733/18/18 2434/16/16
f 2921/19/19 2434/16/16 2545/14/14
f 228/17/17 2434/16/16 135/21/21
f 2434/16/16 2652/22/22 135/21/21
f 2652/22/22 2434/16/16 2733/18/18
f 2644/23/23 2652/22/22 2733/18/18
f 2678/24/24 2652/22/22 2644/23/23
f 2644/23/23 2733/18/18 2788/25/25
f 2788/25/25 2733/18/18 2844/20/20
f 3003/26/26 2788/25/25 2844/20/20
f 3003/26/26 2844/20/20 2961/27/27
f 3003/26/26 2961/27/27 3061/28/28
f 2788/25/25 3003/26/26 2842/29/29
f 2644/23/23 2788/25/25 2842/29/29
f 3046/30/30 3003/26/26 3061/28/28
f 2842/29/29 2678/24/24 2644/23/23
f 2456/31/31 2678/24/24 2842/29/29
s 0
f 2461/32/32 2456/31/33 2842/29/34
s 1
f 2974/33/35 2842/29/29 3003/26/26
f 2974/33/35 3003/26/26 3046/30/30
f 3046/30/30 3061/28/28 3201/34/36
f 3262/35/37 3201/34/36 3061/28/28
f 3350/36/38 3262/35/37 3425/37/39
s 0
f 3061/28/40 3197/38/41 3262/35/42
s 1
f 3197/38/43 3061/28/28 2961/27/27
f 3197/38/43 3375/39/44 3262/35/37
f 3375/39/44 3197/38/43 3368/40/45
f 3425/37/39 3262/35/37 3375/39/44
f 3368/40/45 3197/38/43 3271/41/46
f 3271/41/46 3197/38/43 2942/42/47
f 2942/42/47 3197/38/43 2961/27/27
f 2961/27/27 2913/43/48 2942/42/47
f 2850/44/49 2942/42/47 2913/43/48
s 0
f 2832/45/50 2942/42/51 2850/44/52
s 1
f 2739/46/53 2850/44/49 2386/15/15
f 2386/15/15 2850/44/49 2545/14/14
f 2739/46/53 2386/15/15 99/12/12
f 48/47/54 99/12/12 166/10/10
f 48/47/54 166/10/10 187/8/8
f 99/12/12 2404/48/55 2739/46/53
f 99/12/12 48/47/54 2404/48/55
f 48/47/54 187/8/8 141/7/7
f 141/7/7 21/49/56 48/47/54
f 21/49/56 141/7/7 185/5/5
f 48/47/54 21/49/56 2404/48/55
f 2404/48/55 21/49/56 2634/50/57
f 3/51/58 21/49/56 185/5/5
f 3/51/58 185/5/5 39/52/59
f 39/52/59 185/5/5 277/6/6
f 2634/50/57 21/49/56 3/51/58
f 3/51/58 39/52/59 2634/50/57
f 2404/48/55 2634/50/57 2725/53/60
f 2404/48/55 2725/53/60 2739/46/53
f 2725/53/60 2634/50/57 2756/54/61
f 2739/46/53 2832/45/62 2850/44/49
f 2942/42/47 2832/45/62 2896/55/63
f 2786/56/64 2896/55/63 2832/45/62
f 2942/42/47 2896/55/63 3056/57/65
f 2942/42/47 3056/57/65 3271/41/46
f 3271/41/46 3056/57/65 3368/40/45
f 3375/39/44 3368/40/45 3056/57/65
s 0
f 3375/39/66 3056/57/67 3096/58/68
s 1
f 3425/37/39 3375/39/44 3096/58/69
f 3056/57/65 2963/59/70 3096/58/69
f 3434/60/71 3425/37/39 3096/58/69
f 3350/36/38 3425/37/39 3434/60/71
f 3262/35/37 3220/61/72 3201/34/36
f 3201/34/36 3118/62/73 3046/30/30
f 3118/62/73 3201/34/36 3220/61/72
f 3046/30/30 2861/63/74 2974/33/35
f 3020/64/75 3046/30/30 3118/62/73
f 2861/63/74 3046/30/30 3020/64/75
f 2861/63/74 2706/65/76 2842/29/29
f 2842/29/29 2706/65/76 2461/32/77
f 2861/63/74 2842/29/29 2974/33/35
f 2456/31/31 2461/32/77 129/66/78
f 2456/31/31 129/66/78 124/67/79
f 2456/31/31 124/67/79 2678/24/24
f 235/68/80 124/67/79 129/66/78
s 0
f 288/69/81 474/70/82 508/71/83
s 1
f 474/70/84 288/69/85 362/72/86
f 474/70/84 522/73/87 530/74/88
f 474/70/84 530/74/88 508/71/89
f 281/75/90 362/72/86 288/69/85
f 89/76/91 288/69/85 129/66/78
f 89/76/91 129/66/78 2461/32/77
f 288/69/85 89/76/91 281/75/90
f 2461/32/77 2706/65/76 89/76/91
f 89/76/91 2706/65/76 2463/77/92
f 2884/78/93 2861/63/74 3020/64/75
f 2706/65/76 2861/63/74 2884/78/93
f 2706/65/76 2884/78/93 2698/79/94
f 3063/80/95 3020/64/75 3118/62/73
f 3277/81/96 3063/80/95 3118/62/73
f 3277/81/96 3118/62/73 3220/61/72
f 3277/81/96 3220/61/72 3278/82/97
f 3405/83/98 3407/84/99 3277/81/96
f 3277/81/96 3278/82/97 3405/83/98
f 3278/82/97 3220/61/72 3262/35/37
f 3278/82/97 3262/35/37 3350/36/38
f 3405/83/98 3278/82/97 3350/36/38
f 3405/83/98 3350/36/38 3360/85/100
f 3405/83/98 3360/85/100 3366/86/101
f 3360/85/100 3350/36/38 3434/60/71
f 2935/87/102 3096/58/69 2963/59/70
f 2963/59/70 2848/88/103 2935/87/102
f 3096/58/69 2935/87/102 3045/89/104
f 3096/58/69 3045/89/104 3434/60/71
f 3434/60/71 3045/89/104 3360/85/100
f 3045/89/104 2935/87/102 3070/90/105
f 2935/87/102 2848/88/103 2728/91/106
f 3070/90/105 2935/87/102 2728/91/106
f 2848/88/103 2602/92/107 2728/91/106
f 2602/92/107 2848/88/103 2606/93/108
f 2963/59/70 3056/57/65 2896/55/63
f 2963/59/70 2655/94/109 2848/88/103
f 2655/94/109 2963/59/70 2896/55/63
f 2655/94/109 2896/55/63 2786/56/64
f 2786/56/64 2832/45/62 2817/95/110
f 2756/54/61 2832/45/62 2739/46/53
f 2817/95/110 2832/45/62 2756/54/61
f 2756/54/61 2739/46/53 2725/53/60
f 2817/95/110 2756/54/61 2634/50/57
f 2817/95/110 2634/50/57 39/52/59
f 2817/95/110 39/52/59 2786/56/64
f 2786/56/64 39/52/59 2385/96/111
f 2786/56/64 2385/96/111 2519/97/112
f 2385/96/111 39/52/59 277/6/6
f 2385/96/111 277/6/6 165/98/113
f 165/98/113 127/99/114 145/100/115
f 165/98/113 145/100/115 2385/96/111
f 2385/96/111 145/100/115 2519/97/112
f 145/100/115 105/101/116 2445/102/117
s 0
f 145/100/118 2445/102/119 2519/97/120
s 1
f 2786/56/64 2519/97/112 2655/94/109
f 2519/97/112 2445/102/121 2606/93/108
f 2445/102/117 105/101/116 12/103/122
f 12/103/122 105/101/116 60/104/123
f 12/103/122 60/104/123 49/105/124
f 12/103/122 49/105/124 2540/106/125
f 12/103/122 2540/106/125 2445/102/117
f 2519/97/112 2606/93/108 2655/94/109
s 0
f 2540/106/126 2606/93/127 2445/102/128
s 1
f 2848/88/103 2655/94/109 2606/93/108
f 2602/92/107 2606/93/108 2540/106/125
f 2602/92/107 2540/106/125 2433/107/129
f 2540/106/125 7/108/130 2433/107/129
f 2433/107/129 7/108/130 40/109/131
f 8/110/132 2433/107/129 40/109/131
f 3366/86/101 3045/89/104 3283/111/133
f 3045/89/104 3366/86/101 3360/85/100
f 3366/86/101 3450/112/134 3405/83/98
f 3405/83/98 3450/112/134 3407/113/99
f 3407/113/99 3450/112/134 3361/114/135
f 3407/113/99 3361/114/135 3500/115/136
f 3356/116/137 3500/115/136 3361/114/135
f 3361/114/135 3283/111/138 3356/116/137
f 3356/116/137 3283/111/138 3070/90/105
f 3356/116/137 3070/90/105 2875/117/139
f 2823/118/140 2875/117/139 2778/119/141
f 2778/119/141 2875/117/139 2807/120/142
f 2563/121/143 2612/122/144 2778/119/141
f 2807/120/142 2875/117/139 3070/90/105
s 0
f 3045/89/145 3070/90/146 3283/111/147
s 1
f 3070/90/105 2728/91/106 2807/120/142
f 2807/120/142 2728/91/106 2563/121/143
f 2563/121/143 2728/91/106 2602/92/107
f 2563/121/143 2602/92/107 2401/123/148
f 2602/92/107 2433/107/129 2401/123/148
f 2401/123/148 2433/107/129 8/110/132
f 2807/120/142 2563/121/143 2778/119/141
f 2563/121/143 2401/123/148 2501/124/149
f 2563/121/143 2501/124/149 2612/122/144
f 2503/125/150 2501/124/149 2450/126/151
f 2450/126/151 2501/124/149 2393/127/152
f 2450/126/151 2393/127/152 35/128/153
s 0
f 2393/127/154 2501/124/155 2401/123/156
s 1
f 95/129/157 35/128/153 108/130/158
f 35/128/153 95/129/157 2450/126/151
s 0
f 95/129/159 108/130/160 97/131/161
s 1
f 95/129/157 97/131/162 75/132/163
f 43/133/164 75/132/163 97/131/162
f 2425/134/165 43/133/164 2473/135/166
f 43/133/164 97/131/162 68/136/167
f 2473/135/166 43/133/164 2373/137/168
f 2373/137/168 43/133/164 68/136/167
f 2473/135/166 2373/137/168 2535/138/169
f 2535/138/169 2373/137/168 2381/139/170
f 2381/139/170 2373/137/168 68/136/167
f 2530/140/171 2535/138/169 2381/139/170
f 97/131/162 108/130/172 98/141/173
f 97/131/162 98/141/173 68/136/167
f 68/136/167 56/142/174 2381/139/170
f 56/142/174 68/136/167 98/141/173
f 2530/140/171 2381/139/170 2532/143/175
f 2530/140/171 2532/143/175 2636/144/176
f 2532/143/175 2381/139/170 2396/145/177
f 2396/145/177 2381/139/170 56/142/174
f 2636/144/176 2532/143/175 2643/146/178
f 2643/146/178 2532/143/175 2649/147/179
f 2649/147/179 2532/143/175 2527/148/180
f 2527/148/180 2532/143/175 2396/145/177
f 2527/148/180 2396/145/177 2400/149/181
f 2396/145/177 19/150/182 2400/149/181
f 2400/149/181 19/150/182 34/151/183
f 19/150/182 85/152/184 137/153/185
f 2400/149/181 34/151/183 2527/148/180
f 34/151/183 19/150/182 2389/154/186
f 2389/154/186 19/150/182 137/153/185
f 2527/148/180 34/151/183 2544/155/187
f 2527/148/180 2544/155/187 2950/156/188
f 2527/148/180 2950/156/188 2649/147/179
f 2805/157/189 2649/147/179 2843/158/190
f 2621/159/191 2843/158/190 2814/160/192
f 2927/161/193 2843/158/190 2649/147/179
f 2814/160/192 2843/158/190 2852/162/194
f 2852/162/194 2843/158/190 2927/161/193
f 2627/163/195 2830/164/196 2660/165/197
f 2830/164/196 2814/160/192 2852/162/194
f 2660/165/197 2830/164/196 2873/166/198
f 2873/166/198 2830/164/196 2852/162/194
f 2840/167/199 2660/165/197 2873/166/198
f 2840/167/199 2873/166/198 2924/168/200
f 2950/156/188 2924/168/200 2873/166/198
f 2924/168/200 2384/169/201 2754/170/202
f 2754/170/202 2384/169/201 2383/171/203
f 2754/170/202 2383/171/203 2663/172/204
f 2663/172/204 2383/171/203 2418/173/205
f 2418/173/205 2383/171/203 107/174/206
f 107/174/206 2383/171/203 153/175/207
f 153/175/207 2383/171/203 159/176/208
f 107/174/206 153/175/207 182/177/209
f 182/177/209 153/175/207 161/178/210
f 161/178/210 153/175/207 159/176/208
f 162/179/211 161/178/210 159/176/208
f 162/179/211 159/176/208 190/180/212
f 159/176/208 2383/171/203 119/181/213
f 119/181/213 2383/171/203 2384/169/201
f 2384/169/201 2389/154/186 119/181/213
f 159/176/208 119/181/213 2389/154/186
f 159/176/208 2389/154/186 137/153/185
f 2389/154/186 2544/155/187 34/151/183
f 2544/155/187 2389/154/186 2384/169/201
f 2544/155/187 2384/169/201 2950/156/188
f 2950/156/188 2384/169/201 2924/168/200
f 2950/156/188 2927/161/193 2649/147/179
f 2927/161/193 2950/156/188 2956/182/214
f 2852/162/194 2927/161/193 2956/182/214
f 2950/156/188 2873/166/198 2956/182/214
f 2852/162/194 2956/182/214 2873/166/198
f 165/183/113 277/184/6 285/185/215
f 165/183/113 285/185/215 127/186/114
f 127/186/114 285/185/215 145/187/115
f 145/187/115 285/185/215 214/188/216
f 145/187/115 147/189/217 105/190/116
f 145/187/115 214/188/216 147/189/217
f 60/191/123 105/190/116 126/192/218
f 126/192/218 105/190/116 147/189/217
f 147/189/217 214/188/216 268/193/219
f 268/193/219 214/188/216 364/194/220
f 364/194/220 214/188/216 346/195/221
f 364/194/220 346/195/221 420/196/222
f 420/196/222 346/195/221 475/197/223
f 346/195/221 214/188/216 285/185/215
f 475/197/223 346/195/221 389/198/1
f 346/195/221 285/185/215 395/199/4
f 346/195/221 395/199/4 389/198/1
f 395/199/4 285/185/215 277/184/6
f 475/197/223 389/198/1 414/200/9
f 414/200/9 389/198/1 267/201/3
f 414/200/9 515/202/224 475/197/223
f 475/197/223 515/202/224 705/203/225
f 475/197/223 705/203/225 420/196/222
f 420/196/222 705/203/225 617/204/226
s 0
f 617/204/227 705/203/228 757/205/229
s 1
f 420/196/222 617/204/226 364/194/220
f 364/194/220 617/204/226 502/206/230
f 147/189/217 268/193/219 143/207/231
f 147/189/217 143/207/231 126/192/218
f 268/193/219 364/194/220 371/208/232
f 371/208/232 364/194/220 502/206/230
f 143/207/231 268/193/219 180/209/233
f 103/210/234 126/192/218 114/211/235
f 126/192/218 103/210/234 7/212/130
f 126/192/218 7/212/130 60/191/123
f 103/210/234 40/213/131 7/212/130
f 60/191/123 7/212/130 49/214/124
f 40/213/131 103/210/234 133/215/236
f 172/216/237 40/213/131 133/215/236
f 259/217/238 172/216/237 194/218/239
f 172/216/237 259/217/238 148/219/240
f 148/219/240 259/217/238 154/220/241
f 190/221/212 154/220/241 259/217/238
f 162/222/211 190/221/212 244/223/242
f 244/223/242 190/221/212 259/217/238
f 161/224/210 162/222/211 244/223/242
f 161/224/210 244/223/242 279/225/243
f 161/224/210 279/225/243 182/226/209
f 274/227/244 279/225/243 348/228/245
f 279/225/243 274/227/244 182/226/209
f 182/226/209 274/227/244 289/229/246
f 274/227/244 348/228/245 289/229/246
f 182/226/209 289/229/246 107/230/206
f 319/231/247 348/228/245 279/225/243
f 417/232/248 348/228/245 319/231/247
f 279/225/243 244/223/242 319/231/247
f 319/231/247 244/223/242 368/233/249
f 417/232/248 319/231/247 512/234/250
f 417/232/248 512/234/250 605/235/251
f 605/235/251 512/234/250 633/236/252
f 741/237/253 633/236/252 626/238/254
f 848/239/255 741/237/253 626/238/254
f 848/239/255 626/238/254 666/240/256
f 848/239/255 666/240/256 973/241/257
f 626/238/254 633/236/252 512/234/250
f 626/238/254 512/234/250 529/242/258
s 0
f 512/234/259 319/231/260 368/233/261
s 1
f 259/217/238 368/233/249 244/223/242
s 0
f 368/233/262 433/243/263 512/234/264
s 1
f 368/233/249 259/217/238 324/244/265
f 512/234/250 433/243/266 529/242/258
f 626/238/254 529/242/258 666/240/256
f 666/240/256 884/245/267 973/241/257
f 973/241/257 884/245/267 989/246/268
f 989/246/268 884/245/267 1004/247/269
s 0
f 884/245/270 853/248/271 1004/247/272
s 1
f 853/248/273 884/245/267 666/240/256
f 614/249/274 853/248/273 666/240/256
s 0
f 666/240/275 529/242/276 614/249/277
s 1
f 519/250/278 529/242/258 433/243/266
s 0
f 614/249/279 529/242/280 519/250/281
s 1
f 853/248/273 614/249/274 782/251/282
f 853/248/273 996/252/283 1004/247/269
f 1075/253/284 996/252/283 782/251/282
f 782/251/282 996/252/283 853/248/273
f 1075/253/284 782/251/282 1055/254/285
f 519/250/278 433/243/266 464/255/286
f 324/244/265 464/255/286 433/243/266
f 324/244/265 433/243/266 368/233/249
f 194/218/239 324/244/265 259/217/238
f 194/218/239 172/216/237 133/215/236
f 614/249/274 519/250/278 691/256/287
f 614/249/274 691/256/287 782/251/282
f 691/256/287 794/257/288 782/251/282
f 519/250/278 464/255/286 483/258/289
f 483/258/289 464/255/286 324/244/265
f 519/250/278 483/258/289 691/256/287
f 483/258/289 324/244/265 411/259/290
f 782/251/282 1011/260/291 1055/254/285
f 1075/261/284 1055/254/285 1035/262/292
f 1075/261/284 1035/262/292 988/263/293
f 1035/262/292 1055/254/285 1011/260/291
s 0
f 794/257/294 1011/260/295 782/251/296
f 794/257/297 691/256/298 719/264/299
s 1
f 411/259/290 324/244/265 194/218/239
f 411/259/290 194/218/239 262/265/300
f 186/266/301 262/265/300 194/218/239
f 156/267/302 186/266/301 144/268/303
f 262/265/300 186/266/301 156/267/302
f 168/269/304 156/267/302 144/268/303
f 156/267/302 168/269/304 314/270/305
f 144/268/306 164/271/307 175/272/308
s 0
f 175/272/309 168/269/310 144/268/311
s 1
f 168/269/304 251/273/312 314/270/305
f 168/269/304 175/272/308 196/274/313
f 251/273/312 168/269/304 196/274/313
f 156/267/302 314/270/305 262/265/300
f 262/265/300 314/270/305 411/259/290
f 411/259/290 314/270/305 401/275/314
f 483/258/289 411/259/290 401/275/314
f 483/258/289 719/264/315 691/256/287
s 0
f 483/258/316 589/276/317 719/264/318
s 1
f 794/257/319 1135/277/320 1011/260/291
f 1011/260/291 1135/277/320 1035/262/292
f 1035/262/292 1135/277/320 1090/278/321
s 0
f 661/279/322 778/280/323 653/281/324
s 1
f 289/282/246 348/283/245 440/284/325
f 440/284/325 348/283/245 417/285/248
f 289/282/246 440/284/325 311/286/326
f 289/282/246 311/286/326 134/287/327
f 440/284/325 417/285/248 605/288/251
f 591/289/328 605/288/251 633/290/252
f 591/289/328 440/284/325 605/288/251
f 591/289/328 337/291/329 440/284/325
f 591/289/328 633/290/252 741/292/253
f 703/293/330 741/292/253 848/294/255
f 848/294/255 924/295/331 703/293/330
f 924/295/331 848/294/255 973/296/257
f 924/295/331 973/296/257 989/297/268
f 989/297/268 1004/298/269 924/295/331
f 924/295/331 1004/298/269 874/299/332
s 0
f 988/300/333 996/301/334 1075/302/335
s 1
f 996/301/283 988/300/293 1004/298/269
f 988/300/293 874/299/332 1004/298/269
f 924/295/331 874/299/332 778/303/336
f 924/295/331 778/303/336 703/293/330
f 703/293/330 778/303/336 661/304/337
f 653/305/338 249/306/339 661/304/337
f 249/306/339 653/305/338 556/307/340
s 0
f 249/306/341 556/307/342 374/308/343
f 374/308/344 69/309/345 249/306/346
s 1
f 69/309/347 10/310/348 2375/311/349
f 10/310/348 2425/312/165 2473/313/166
f 10/310/348 2473/313/166 2375/311/349
f 2477/314/350 2473/313/166 2535/315/169
f 2477/314/350 2375/311/349 2473/313/166
f 2477/314/350 2535/315/169 2550/316/351
f 69/309/347 2375/311/349 249/306/339
f 2550/316/351 2535/315/169 2530/317/171
f 2375/311/349 151/318/352 249/306/339
f 2512/319/353 2375/311/349 2477/314/350
f 361/320/354 249/306/339 151/318/352
f 661/304/337 249/306/339 535/321/355
f 661/304/337 535/321/355 553/322/356
f 661/304/337 553/322/356 703/293/330
f 703/293/330 553/322/356 591/289/328
f 703/293/330 591/289/328 741/292/253
f 591/289/328 553/322/356 436/323/357
f 337/291/329 591/289/328 436/323/357
f 337/291/329 436/323/357 229/324/358
f 337/291/329 311/286/326 440/284/325
f 337/291/329 229/324/358 134/287/327
f 134/287/327 311/286/326 337/291/329
f 134/287/327 229/324/358 2395/325/359
f 2395/325/359 229/324/358 2399/326/360
f 2395/325/359 2399/326/360 2627/327/195
f 2656/328/361 2395/325/359 2627/327/195
f 2656/328/361 2627/327/195 2660/329/197
f 2840/330/199 2656/328/361 2660/329/197
f 2830/331/196 2627/327/195 2521/332/362
f 2627/327/195 155/333/363 2521/332/362
f 2830/331/196 2521/332/362 2814/334/192
f 2627/327/195 2399/326/360 155/333/363
f 2399/326/360 229/324/358 292/335/364
f 2399/326/360 292/335/364 155/333/363
f 229/324/358 436/323/357 292/335/364
f 155/333/363 292/335/364 257/336/365
f 155/333/363 257/336/365 146/337/366
f 257/336/365 292/335/364 425/338/367
f 425/338/367 292/335/364 436/323/357
f 425/338/367 436/323/357 553/322/356
f 257/336/365 425/338/367 304/339/368
f 425/338/367 553/322/356 535/321/355
f 425/338/367 535/321/355 424/340/369
f 425/338/367 424/340/369 304/339/368
f 304/339/368 181/341/370 257/336/365
f 181/341/370 304/339/368 203/342/371
f 181/341/370 203/342/371 118/343/372
f 118/343/372 203/342/371 117/344/373
f 2378/345/374 118/343/372 117/344/373
f 181/341/370 118/343/372 146/337/366
f 146/337/366 118/343/372 2378/345/374
f 257/336/365 181/341/370 146/337/366
f 146/337/366 2521/332/362 155/333/363
f 2521/332/362 146/337/366 2522/346/375
f 2522/346/375 146/337/366 2378/345/374
f 2814/334/192 2521/332/362 2645/347/376
f 2645/347/376 2521/332/362 2522/346/375
f 2814/334/192 2645/347/376 2621/348/191
f 2645/347/376 2522/346/375 2621/348/191
f 2522/346/375 2378/345/374 2507/349/377
f 2621/348/191 2522/346/375 2507/349/377
f 2621/348/191 2727/350/378 2843/351/190
f 2843/351/190 2727/350/378 2805/352/189
f 2727/350/378 2621/348/191 2507/349/377
f 2649/353/179 2805/352/189 2738/354/379
f 2738/354/379 2805/352/189 2727/350/378
f 2649/353/179 2738/354/379 2643/355/178
f 2727/350/378 2507/349/377 2524/356/380
f 2738/354/379 2727/350/378 2641/357/381
f 2641/357/381 2727/350/378 2524/356/380
f 2524/356/380 2507/349/377 2560/358/382
f 2643/355/178 2738/354/379 2636/359/176
f 2560/358/382 2507/349/377 2378/345/374
f 2641/357/381 2524/356/380 2500/360/383
f 2641/357/381 2500/360/383 2738/354/379
f 2560/358/382 2378/345/374 2387/361/384
f 2378/345/374 117/344/373 2387/361/384
f 2524/356/380 2560/358/382 2387/361/384
f 2500/360/383 2524/356/380 2387/361/384
f 101/362/385 2387/361/384 117/344/373
f 2500/360/383 2387/361/384 101/362/385
f 2516/363/386 2500/360/383 101/362/385
f 2500/360/383 2653/364/387 2738/354/379
f 2738/354/379 2653/364/387 2636/359/176
f 2636/359/176 2653/364/387 2632/365/388
f 2632/365/388 2653/364/387 2500/360/383
f 2632/365/388 2500/360/383 2589/366/389
f 2589/366/389 2500/360/383 2516/363/386
f 2636/359/176 2632/365/388 2530/317/171
f 2530/317/171 2632/365/388 2550/316/351
f 2589/366/389 2516/363/386 2512/319/353
f 2589/366/389 2512/319/353 2632/365/388
f 2550/316/351 2632/365/388 2512/319/353
f 2550/316/351 2512/319/353 2477/314/350
f 2512/319/353 2516/363/386 57/367/390
f 2512/319/353 57/367/390 2375/311/349
f 2516/363/386 101/362/385 57/367/390
f 2375/311/349 57/367/390 151/318/352
f 151/318/352 57/367/390 101/362/385
f 151/318/352 101/362/385 203/342/371
f 151/318/352 203/342/371 169/368/391
f 361/320/354 151/318/352 169/368/391
f 249/306/339 361/320/354 424/340/369
f 249/306/339 424/340/369 535/321/355
f 361/320/354 169/368/391 424/340/369
f 424/340/369 169/368/391 304/339/368
f 304/339/368 169/368/391 203/342/371
f 101/362/385 117/344/373 203/342/371
f 107/369/206 289/282/246 134/287/327
f 107/369/206 134/287/327 2395/325/359
f 2663/370/204 2418/371/205 107/369/206
f 2656/328/361 107/369/206 2395/325/359
f 107/369/206 2656/328/361 2663/370/204
f 2663/370/204 2656/328/361 2754/372/202
f 2754/372/202 2656/328/361 2840/330/199
f 2754/372/202 2840/330/199 2924/373/200
f 501/374/392 515/202/224 414/200/9
f 705/203/225 515/202/224 757/205/393
f 501/374/392 414/200/9 358/375/394
f 414/200/9 187/376/8 358/375/394
f 358/375/394 187/376/8 287/377/11
f 287/377/11 122/378/13 228/379/17
f 358/375/394 287/377/11 228/379/17
f 358/375/394 228/379/17 399/380/395
f 228/379/17 264/381/396 399/380/395
f 399/380/395 430/382/397 481/383/398
f 632/384/399 399/380/395 481/383/398
f 632/384/399 481/383/398 807/385/400
f 807/385/400 481/383/398 655/386/401
f 602/387/402 491/388/403 624/389/404
f 706/390/405 655/386/401 602/387/402
f 706/390/405 602/387/402 624/389/404
f 624/389/404 619/391/406 663/392/407
f 624/389/404 663/392/407 738/393/408
f 738/393/408 663/392/407 599/394/409
f 663/392/407 615/395/410 599/394/409
f 599/394/409 615/395/410 408/396/411
f 599/394/409 408/396/411 438/397/412
f 615/395/410 585/398/413 486/399/414
f 615/395/410 486/399/414 408/396/411
f 486/399/414 585/398/413 546/400/415
f 385/401/416 408/396/411 486/399/414
f 408/396/411 385/401/416 335/402/417
f 385/401/416 284/403/418 335/402/417
f 486/399/414 546/400/415 454/404/419
f 486/399/414 454/404/419 385/401/416
f 454/404/419 546/400/415 468/405/420
f 454/404/419 468/405/420 330/406/421
f 385/401/416 454/404/419 330/406/421
f 385/401/416 330/406/421 284/403/418
f 284/403/418 213/407/422 230/408/423
f 230/408/423 213/407/422 175/272/308
f 284/403/418 230/408/423 335/402/417
f 230/408/423 175/272/308 164/271/307
f 335/402/417 230/408/423 241/409/424
f 230/408/423 164/271/307 241/409/424
f 408/396/411 335/402/417 303/410/425
f 408/396/411 303/410/425 438/397/412
f 335/402/417 241/409/424 303/410/425
f 723/411/426 599/394/409 438/397/412
f 723/411/426 438/397/412 524/412/427
f 271/413/428 303/410/425 241/409/424
f 271/413/428 241/409/424 164/271/307
s 0
f 164/271/429 144/268/430 143/207/431
s 1
f 164/271/307 143/207/231 271/413/428
f 144/268/303 186/266/301 114/211/235
f 186/266/301 194/218/239 133/215/236
f 186/266/301 133/215/236 114/211/235
f 144/268/303 114/211/235 143/207/231
f 143/207/231 180/209/233 271/413/428
f 303/410/425 271/413/428 371/208/232
f 303/410/425 371/208/232 438/397/412
f 438/397/412 371/208/232 524/412/427
f 524/412/427 371/208/232 502/206/230
f 268/193/219 371/208/232 271/413/428
f 657/414/432 524/412/427 502/206/230
f 657/414/432 502/206/230 617/204/226
f 657/414/432 617/204/226 739/415/433
f 657/414/432 739/415/433 890/416/434
f 739/415/433 617/204/226 757/205/393
f 890/416/434 739/415/433 757/205/393
f 757/205/393 893/417/435 890/416/434
f 757/205/393 515/202/224 893/417/435
f 515/202/224 815/418/436 893/417/435
f 815/418/436 515/202/224 501/374/392
f 501/374/392 358/375/394 612/419/437
s 0
f 612/419/438 358/375/439 399/380/440
s 1
f 501/374/392 612/419/437 815/418/436
f 632/384/399 612/419/437 399/380/395
f 632/384/399 807/385/400 776/420/441
f 776/420/441 878/421/442 632/384/399
f 632/384/399 878/421/442 815/418/436
f 632/384/399 815/418/436 612/419/437
f 890/416/434 893/417/435 979/422/443
f 898/423/444 893/417/435 815/418/436
f 893/417/435 898/423/444 979/422/443
f 898/423/444 815/418/436 878/421/442
f 890/416/434 979/422/443 657/414/432
f 979/422/443 898/423/444 984/424/445
f 941/425/446 984/424/445 898/423/444
f 657/414/432 979/422/443 984/424/445
f 657/414/432 984/424/445 922/426/447
f 657/414/432 922/426/447 524/412/427
f 524/412/427 922/426/447 723/411/426
f 723/411/426 922/426/447 802/427/448
f 801/428/449 723/411/426 802/427/448
f 599/394/409 723/411/426 738/393/408
f 738/393/408 723/411/426 801/428/449
f 624/389/404 738/393/408 801/428/449
f 624/389/404 801/428/449 706/390/405
f 801/428/449 802/427/448 706/390/405
f 706/390/405 802/427/448 922/426/447
f 655/386/401 706/390/405 807/385/400
f 706/390/405 922/426/447 807/385/400
f 941/425/446 922/426/447 984/424/445
f 922/426/447 941/425/446 878/421/442
f 922/426/447 878/421/442 807/385/400
f 776/420/441 807/385/400 878/421/442
f 878/421/442 941/425/446 898/423/444
f 190/180/212 159/176/208 154/429/241
f 154/429/241 159/176/208 149/430/450
f 149/430/450 159/176/208 137/153/185
f 148/431/240 154/429/241 100/432/451
f 148/431/240 100/432/451 172/433/237
f 154/429/241 149/430/450 136/434/452
f 154/429/241 136/434/452 100/432/451
f 172/433/237 100/432/451 40/109/131
f 137/153/185 85/152/184 98/141/173
s 0
f 149/430/453 137/153/454 98/141/455
s 1
f 56/142/174 19/150/182 2396/145/177
f 19/150/182 56/142/174 85/152/184
f 149/430/450 98/141/456 136/434/452
s 0
f 98/141/457 108/130/458 136/434/459
s 1
f 98/141/173 85/152/184 56/142/174
f 136/434/460 108/130/158 35/128/153
f 78/435/461 136/434/460 35/128/153
f 78/435/461 35/128/153 2393/127/152
f 8/110/132 78/435/461 2393/127/152
f 2393/127/152 2401/123/148 8/110/132
f 8/110/132 40/109/131 78/435/461
s 0
f 136/434/462 78/435/463 100/432/464
s 1
f 78/435/461 40/109/131 100/432/451
f 7/108/130 2540/106/125 49/105/124
f 2913/43/48 2545/14/14 2850/44/49
f 2545/14/14 2913/43/48 2921/19/19
f 2921/19/19 2913/43/48 2961/27/27
f 2844/20/20 2921/19/19 2961/27/27
f 103/210/234 114/211/235 133/215/236
f 114/211/235 126/192/218 143/207/231
f 271/413/428 180/209/233 268/193/219
f 430/436/397 399/437/395 264/438/396
f 655/439/401 481/440/398 602/441/402
f 491/442/403 602/441/402 481/440/398
f 491/442/403 575/443/465 624/444/404
f 624/444/404 575/443/465 619/445/406
f 575/443/465 491/442/403 508/71/89
s 0
f 491/442/466 481/440/467 288/69/468
f 491/442/469 288/69/470 508/71/471
s 1
f 575/443/465 508/71/89 530/74/88
f 575/443/465 530/74/88 619/445/406
f 619/445/406 530/74/88 663/446/407
f 663/446/407 530/74/88 615/447/410
f 615/447/410 530/74/88 522/73/87
f 615/447/410 522/73/87 585/448/413
f 546/449/415 585/448/413 522/73/87
f 495/450/472 546/449/415 522/73/87
f 522/73/87 474/70/84 495/450/472
f 495/450/472 474/70/84 362/72/86
f 495/450/472 362/72/86 398/451/473
f 362/72/86 281/75/90 298/452/474
f 398/451/473 362/72/86 298/452/474
f 298/452/474 281/75/90 89/76/91
f 298/452/474 89/76/91 178/453/475
f 495/450/472 398/451/473 480/454/476
f 495/450/472 480/454/476 546/449/415
f 546/449/415 480/454/476 468/455/420
f 178/453/475 480/454/476 398/451/473
f 468/455/420 480/454/476 410/456/477
f 410/456/477 480/454/476 178/453/475
f 178/453/475 398/451/473 298/452/474
f 171/457/478 178/453/475 2463/77/92
f 2463/77/92 178/453/475 89/76/91
f 228/458/17 135/21/21 72/459/479
f 72/459/479 135/21/21 2652/22/22
f 2652/22/22 2678/24/24 72/459/479
f 72/459/479 2678/24/24 124/67/79
f 72/459/479 124/67/79 235/68/80
f 264/438/396 235/68/80 288/69/85
f 288/69/85 235/68/80 129/66/78
f 72/459/479 235/68/80 264/438/396
f 72/459/479 264/438/396 228/458/17
f 264/438/396 288/69/85 430/436/397
f 430/436/397 288/69/85 481/440/398
s 0
f 3361/114/480 3450/112/481 3366/86/482
f 3361/114/483 3366/86/484 3283/111/485
f 1135/460/486 794/461/487 1230/462/488
s 1
f 779/463/489 794/461/490 719/464/491
f 1230/462/492 794/461/490 779/463/489
s 0
f 589/465/493 779/463/494 719/464/495
f 503/466/496 589/465/497 483/467/498
s 1
f 503/466/499 483/467/289 401/468/314
f 401/468/314 314/469/305 306/470/500
s 0
f 404/471/501 401/468/502 306/470/503
s 1
f 503/466/499 401/468/314 404/471/504
f 589/465/505 503/466/499 494/472/506
f 503/466/499 404/471/504 494/472/506
f 494/472/506 686/473/507 589/465/505
f 1230/462/492 1140/474/508 1135/460/320
f 1230/462/492 779/463/489 1054/475/509
f 1054/475/509 779/463/489 1016/476/510
f 686/473/507 779/463/489 589/465/505
f 1016/476/510 779/463/489 686/473/507
f 1016/476/510 686/473/507 894/477/511
f 686/473/507 494/472/506 745/478/512
f 894/477/511 686/473/507 745/478/512
f 1016/476/510 894/477/511 1100/479/513
f 894/477/511 961/480/514 1100/479/513
f 1016/476/510 1237/481/515 1054/475/509
f 1237/481/515 1016/476/510 1100/479/513
s 0
f 1237/481/516 1100/479/517 1250/482/518
s 1
f 1250/482/519 1100/479/513 1175/483/520
f 1251/484/521 1250/482/519 1175/483/520
f 1250/482/519 1251/484/521 1318/485/522
f 1362/486/523 1250/482/519 1318/485/522
f 1362/486/523 1318/485/522 1390/487/524
f 1175/483/520 1178/488/525 1251/484/521
f 1323/489/526 1318/485/522 1251/484/521
f 1318/485/522 1323/489/526 1390/487/524
f 1323/489/526 1251/484/521 1317/490/527
f 1323/489/526 1420/491/528 1459/492/529
f 1459/492/529 1420/491/528 1477/493/530
f 1420/491/528 1323/489/526 1317/490/527
f 1477/493/530 1420/491/528 1565/494/531
f 1420/491/528 1317/490/527 1383/495/532
f 1383/495/532 1317/490/527 1201/496/533
f 1317/490/527 1251/484/521 1201/496/533
f 1201/496/533 1251/484/521 1178/488/525
f 1178/488/525 961/480/514 880/497/534
f 1178/488/525 1100/479/513 961/480/514
f 1100/479/513 1178/488/525 1175/483/520
f 880/497/534 961/480/514 894/477/511
f 894/477/511 745/478/512 880/497/534
f 880/497/534 745/478/512 881/498/535
f 1178/488/525 880/497/534 1088/499/536
f 1178/488/525 1088/499/536 1201/496/533
f 1201/496/533 1088/499/536 1271/500/537
f 1201/496/533 1271/500/537 1383/495/532
f 1088/499/536 880/497/534 1050/501/538
f 1050/501/538 880/497/534 881/498/535
f 1383/495/532 1565/494/531 1420/491/528
f 1565/494/531 1383/495/532 1669/502/539
f 1565/494/531 1669/502/539 1559/503/540
f 1669/502/539 1383/495/532 1502/504/541
f 1494/505/542 1565/494/531 1559/503/540
f 1565/494/531 1494/505/542 1477/493/530
f 1477/493/530 1494/505/542 1459/492/529
f 1494/505/542 1559/503/540 1554/506/543
f 1554/506/543 1559/503/540 1669/502/539
f 1459/492/529 1494/505/542 1333/507/544
f 1494/505/542 1423/508/545 1333/507/544
f 1423/508/545 1494/505/542 1554/506/543
f 1333/507/544 1423/508/545 1289/509/546
f 1289/509/546 1423/508/545 1327/510/547
f 1423/508/545 1500/511/548 1327/510/547
f 1500/511/548 1423/508/545 1554/506/543
f 1327/510/547 1500/511/548 1398/512/549
f 1500/511/548 1554/506/543 1644/513/550
f 1398/512/549 1500/511/548 1490/514/551
f 1490/514/551 1500/511/548 1644/513/550
f 1644/513/550 1554/506/543 1669/502/539
f 1669/502/539 1502/504/541 1515/515/552
f 1502/504/541 1383/495/532 1271/500/537
f 1502/504/541 1271/500/537 1391/516/553
f 1391/516/553 1271/500/537 1160/517/554
f 1160/517/554 1271/500/537 1088/499/536
f 1160/517/554 1088/499/536 1050/501/538
f 1502/504/541 1391/516/553 1515/515/552
f 1160/517/554 1050/501/538 1173/518/555
f 1391/516/553 1160/517/554 1322/519/556
f 1391/516/553 1322/519/556 1386/520/557
f 1515/515/552 1391/516/553 1386/520/557
f 1515/515/552 1386/520/557 1585/521/558
f 1669/502/539 1515/515/552 1692/522/559
f 1669/502/539 1692/522/559 1644/513/550
f 1692/522/559 1515/515/552 1731/523/560
f 1692/522/559 1731/523/560 1644/513/550
f 1614/524/561 1644/513/550 1731/523/560
f 1490/514/551 1644/513/550 1614/524/561
f 1614/524/561 1731/523/560 1717/525/562
f 1717/525/562 1731/523/560 1722/526/563
f 1717/525/562 1712/527/564 1614/524/561
f 1712/527/564 1717/525/562 1722/526/563
f 1614/524/561 1712/527/564 1637/528/565
f 1646/529/566 1712/527/564 1722/526/563
f 1722/526/563 1731/523/560 1585/521/558
f 1722/526/563 1585/521/558 1646/529/566
f 1731/523/560 1515/515/552 1585/521/558
f 1646/529/566 1585/521/558 1475/530/567
f 1360/531/568 1585/521/558 1386/520/557
f 1585/521/558 1360/531/568 1475/530/567
f 1360/531/568 1386/520/557 1322/519/556
f 1173/518/555 1322/519/556 1160/517/554
f 1131/532/569 1173/518/555 1050/501/538
f 1131/532/569 1050/501/538 950/533/570
f 1131/532/569 950/533/570 861/534/571
f 1050/501/538 881/498/535 950/533/570
f 861/534/571 950/533/570 704/535/572
f 704/535/572 950/533/570 881/498/535
f 704/535/572 881/498/535 766/536/573
f 704/535/572 766/536/573 572/537/574
f 881/498/535 745/478/512 766/536/573
f 766/536/573 745/478/512 494/472/506
f 766/536/573 494/472/506 572/537/574
f 572/537/574 494/472/506 490/538/575
f 494/472/506 404/471/504 490/538/575
s 0
f 490/538/576 404/471/577 406/539/578
s 1
f 490/538/575 406/539/579 511/540/580
f 406/539/579 435/541/581 511/540/580
f 490/538/575 511/540/580 572/537/574
s 0
f 704/535/582 572/537/583 511/540/584
s 1
f 704/535/572 511/540/580 677/542/585
f 704/535/572 677/542/585 861/534/571
f 677/542/585 897/543/586 861/534/571
f 677/542/585 511/540/580 690/544/587
f 690/544/587 511/540/580 507/545/588
f 550/546/589 690/544/587 507/545/588
f 400/547/590 550/546/589 507/545/588
f 400/547/590 507/545/588 435/541/581
f 507/545/588 511/540/580 435/541/581
f 308/548/591 435/541/581 328/549/592
f 435/541/581 406/539/579 328/549/592
f 328/549/592 406/539/579 302/550/593
f 328/549/592 302/550/593 265/551/594
f 406/539/579 404/471/595 302/550/593
f 302/550/593 404/471/595 306/470/500
f 302/550/593 212/552/596 208/553/597
f 302/550/593 208/553/597 265/551/594
f 265/551/594 217/554/598 328/549/592
f 265/551/594 208/553/597 217/554/598
f 208/553/597 200/555/599 217/554/598
f 200/555/599 208/553/597 196/556/313
f 196/556/313 208/553/597 212/552/596
f 200/555/599 213/557/422 273/558/600
f 200/555/599 273/558/600 278/559/601
f 200/555/599 278/559/601 217/554/598
f 273/558/600 330/560/421 387/561/602
f 217/554/598 278/559/601 242/562/603
f 278/559/601 273/558/600 378/563/604
f 378/563/604 273/558/600 387/561/602
f 278/559/601 378/563/604 384/564/605
f 384/564/605 378/563/604 365/565/606
f 365/565/606 378/563/604 391/566/607
f 313/567/608 384/564/605 365/565/606
f 24/568/609 365/565/606 391/566/607
f 391/566/607 378/563/604 387/561/602
f 391/566/607 387/561/602 410/569/477
f 330/560/421 273/558/600 284/570/418
f 284/570/418 273/558/600 213/557/422
f 330/560/421 468/571/420 387/561/602
f 213/557/422 200/555/599 196/556/313
f 175/572/308 213/557/422 196/556/313
f 212/552/596 302/550/593 306/470/500
f 196/556/313 212/552/596 306/470/500
f 196/556/313 306/470/500 251/573/312
f 251/573/312 306/470/500 314/469/305
f 1035/574/292 1090/575/321 988/576/293
f 1185/577/610 1135/460/320 1140/474/508
f 1090/575/321 1135/460/320 1185/577/610
f 1185/577/610 1140/474/508 1230/462/492
f 1230/462/492 1248/578/611 1185/577/610
f 1248/578/611 1230/462/492 1054/475/509
f 1054/475/509 1293/579/612 1248/578/611
f 1293/579/612 1054/475/509 1237/481/515
f 1293/579/612 1237/481/515 1250/482/519
f 1293/579/612 1250/482/519 1362/486/523
f 1293/579/612 1362/486/523 1335/580/613
f 1293/579/612 1335/580/613 1109/581/614
f 1109/581/614 1335/580/613 1273/582/615
f 1109/581/614 1273/582/615 1138/583/616
f 1335/580/613 1362/486/523 1390/487/524
f 1335/580/613 1390/487/524 1273/582/615
f 1459/492/529 1390/487/524 1323/489/526
f 1390/487/524 1459/492/529 1273/582/615
s 0
f 1459/492/617 1333/507/618 1273/582/619
s 1
f 1333/507/544 1207/584/620 1273/582/615
f 1247/585/621 1289/509/546 1327/510/547
f 1289/509/546 1247/585/621 1177/586/622
f 1289/509/546 1207/584/620 1333/507/544
f 1207/584/620 1289/509/546 1149/587/623
f 1149/587/623 1289/509/546 1177/586/622
f 1273/582/615 1207/584/620 1138/583/616
f 1138/583/616 1207/584/620 1149/587/623
s 0
f 1149/587/624 1006/588/625 1012/589/626
s 1
f 1138/583/616 1149/587/623 1012/589/627
f 1138/583/616 1012/589/627 978/590/628
f 978/590/628 1012/589/627 928/591/629
f 928/591/629 1012/589/627 1006/588/630
f 1138/583/616 978/590/628 1058/592/631
f 1109/581/614 1138/583/616 1058/592/631
f 1293/579/612 1109/581/614 1248/578/611
f 1248/578/611 1109/581/614 1058/592/631
f 1185/577/610 1248/578/611 1058/592/631
f 904/593/632 1058/592/631 978/590/628
f 1185/577/610 1058/592/631 904/593/632
f 904/593/632 978/590/628 899/594/633
f 978/590/628 928/591/629 899/594/633
f 928/591/629 824/595/634 715/596/635
f 708/597/636 824/595/634 826/598/637
f 826/598/637 824/595/634 963/599/638
f 729/600/639 826/598/637 736/601/640
f 826/598/637 729/600/639 708/597/636
f 824/595/634 708/597/636 715/596/635
f 715/596/635 708/597/636 669/602/641
f 708/597/636 629/603/642 669/602/641
f 899/594/633 715/596/635 669/602/641
f 899/594/633 669/602/641 785/604/643
f 669/602/641 629/603/642 594/605/644
f 669/602/641 594/605/644 652/606/645
f 542/607/646 629/603/642 724/608/647
f 629/603/642 542/607/646 594/605/644
f 629/603/642 708/597/636 729/600/639
f 629/603/642 729/600/639 724/608/647
f 724/608/647 729/600/639 736/601/640
f 724/608/647 736/601/640 654/609/648
f 654/609/648 736/601/640 792/610/649
f 792/610/649 885/611/650 827/612/651
f 792/610/649 827/612/651 654/609/648
f 654/609/648 827/612/651 637/613/652
f 637/613/652 444/614/653 654/609/648
f 444/614/653 223/615/654 170/616/655
f 170/616/655 223/615/654 2417/617/656
f 2417/617/656 223/615/654 87/618/657
f 2566/619/658 2417/617/656 87/618/657
f 2679/620/659 2566/619/658 2671/621/660
f 2679/620/659 2671/621/660 2858/622/661
f 2858/622/661 2671/621/660 2826/623/662
f 2826/623/662 3041/624/663 2858/622/661
f 3041/624/663 2934/625/664 2858/622/661
f 3339/626/665 2934/625/664 3041/624/663
f 3339/626/665 3041/624/663 3203/627/666
f 3339/626/665 3564/628/667 3413/629/668
f 3564/628/667 3339/626/665 3203/627/666
f 3203/627/666 3041/624/663 3152/630/669
f 3041/624/663 2826/623/662 2964/631/670
f 2826/623/662 2671/621/660 2964/631/670
f 2964/631/670 2671/621/660 2696/632/671
f 3041/624/663 2964/631/670 3152/630/669
f 3152/630/669 3298/633/672 3203/627/666
f 3564/628/667 3203/627/666 3298/634/672
f 3564/628/667 3298/634/672 3637/635/673
f 3629/636/674 3564/628/667 3637/635/673
f 3564/628/667 3629/636/674 3413/629/668
f 3413/629/668 3629/636/674 3617/637/675
f 3629/636/674 3637/635/673 3557/638/676
f 3557/638/676 3542/639/677 3629/636/674
f 3629/636/674 3542/639/677 3617/637/675
f 3542/639/677 3557/638/676 3497/640/678
f 3542/639/677 3497/640/678 3517/641/679
f 3517/641/679 3497/640/678 3456/642/680
f 3497/640/678 3435/643/681 3456/642/680
f 3427/644/682 3456/642/680 3435/643/681
f 3542/639/677 3517/641/679 3495/645/683
f 3542/639/677 3495/645/683 3616/646/684
f 3517/641/679 3456/642/680 3493/647/685
f 3493/647/685 3456/642/680 3427/644/682
f 3427/644/682 3435/643/681 3398/648/686
f 3493/647/685 3427/644/682 3399/649/687
f 3427/644/682 3398/648/686 3387/650/688
f 3377/651/689 3427/644/682 3387/650/688
f 3387/650/688 3397/652/690 3377/651/689
f 3399/649/687 3377/651/689 3389/653/691
f 3427/644/682 3377/651/689 3399/649/687
f 3493/647/685 3399/649/687 3470/654/692
f 3495/645/683 3493/647/685 3555/655/693
f 3399/649/687 3389/653/691 3470/654/692
f 3389/653/691 3409/656/694 3470/654/692
f 3409/656/694 3534/657/695 3470/654/692
f 3409/656/694 3453/658/696 3534/657/695
f 3543/659/697 3534/657/695 3453/658/696
f 3543/659/697 3453/658/696 3501/660/698
f 3155/661/699 3501/660/698 3500/662/136
f 3155/661/699 3500/662/136 3356/663/137
f 3501/660/698 3155/661/699 3235/664/700
f 2947/665/701 3356/663/137 2875/666/139
f 2947/665/701 2875/666/139 2823/667/140
f 2503/668/150 2612/669/144 2501/670/149
f 2450/671/151 95/672/157 2397/673/702
f 2397/673/702 95/672/157 75/674/163
f 2503/668/150 2450/671/151 2438/675/703
f 2612/669/144 2694/676/704 2778/677/141
f 2778/677/141 2694/676/704 2823/667/140
f 2823/667/140 2694/676/704 2933/678/705
f 2947/665/701 2823/667/140 2933/678/705
f 3356/663/137 2947/665/701 3155/661/699
f 3235/664/700 3155/661/699 3059/679/706
f 3059/679/706 3155/661/699 2947/665/701
f 3501/660/698 3235/664/700 3543/659/697
f 3235/664/700 3244/680/707 3543/659/697
f 3545/681/708 3543/659/697 3244/680/707
f 3244/680/707 3235/664/700 3059/679/706
f 2947/665/701 2933/678/705 3059/679/706
f 3244/680/707 3059/679/706 3439/682/709
f 3244/680/707 3439/682/709 3545/681/708
f 3543/659/697 3545/681/708 3534/657/695
f 3545/681/708 3439/682/709 3544/683/710
f 3534/657/695 3545/681/708 3470/654/692
f 3470/654/692 3545/681/708 3493/647/685
f 3493/647/685 3545/681/708 3555/655/693
f 3555/655/693 3545/681/708 3544/683/710
f 3570/684/711 3549/685/712 3555/655/693
f 3570/684/711 3555/655/693 3544/683/710
f 3570/684/711 3544/683/710 3439/682/709
f 3570/684/711 3439/682/709 3228/686/713
f 3158/687/714 3570/684/711 3228/686/713
f 3570/684/711 3158/687/714 3549/685/712
f 3549/685/712 3158/687/714 3463/688/715
f 3463/688/715 3158/687/714 3160/689/716
f 3463/688/715 3160/689/716 3334/690/717
f 3160/689/716 3158/687/714 2829/691/718
f 2829/691/718 3158/687/714 3064/692/719
f 2829/691/718 3064/692/719 2837/693/720
f 3064/692/719 3158/687/714 3228/686/713
f 3064/692/719 2989/694/721 2837/693/720
f 3228/686/713 3151/695/722 3064/692/719
f 3151/695/722 3228/686/713 3439/682/709
s 0
f 3064/692/723 3151/695/724 2989/694/725
s 1
f 2989/694/721 3151/695/722 3007/696/726
f 2989/694/721 3007/696/726 2735/697/727
f 3007/696/726 3151/695/722 2933/678/705
f 2933/678/705 3151/695/722 3059/679/706
f 2933/678/705 2730/698/728 3007/696/726
f 2730/698/728 2933/678/705 2694/676/704
f 3059/679/706 3151/695/722 3439/682/709
f 556/699/340 653/700/338 652/606/645
f 556/699/340 652/606/645 594/605/644
f 374/701/729 556/699/730 542/607/646
s 0
f 556/699/731 594/605/732 542/607/733
s 1
f 669/602/641 652/606/645 785/604/643
f 542/607/646 248/702/734 374/701/729
f 248/702/734 16/703/735 2376/704/736
f 2377/705/737 2376/704/736 2398/706/738
f 2376/704/736 2377/705/737 2/707/739
f 2376/704/736 2/707/739 248/702/734
f 2/707/739 2377/705/737 11/708/740
f 248/702/734 2/707/739 10/709/348
f 11/708/740 2377/705/737 6/710/741
f 2/707/739 11/708/740 10/709/348
f 15/711/742 11/708/740 6/710/741
f 15/711/742 6/710/741 75/674/163
f 2397/673/702 6/710/741 2441/712/743
f 75/674/163 6/710/741 2397/673/702
f 2397/673/702 2438/675/703 2450/671/151
f 75/674/163 43/713/164 15/711/742
f 43/713/164 2425/714/165 15/711/742
f 15/711/742 2425/714/165 11/708/740
f 11/708/740 2425/714/165 10/709/348
f 10/709/348 69/715/347 248/702/734
f 248/702/734 69/715/347 374/701/729
f 468/571/420 410/569/477 387/561/602
f 171/716/478 410/569/477 178/717/475
f 410/569/477 171/716/478 391/566/607
f 391/566/607 171/716/478 24/568/609
f 24/568/609 171/716/478 2463/718/92
f 2698/719/94 2463/718/92 2706/720/76
f 2463/718/92 2698/719/94 24/568/609
f 24/568/609 2698/719/94 17/721/744
f 2710/722/745 2698/719/94 2775/723/746
f 2775/723/746 2698/719/94 2884/724/93
f 2884/724/93 3020/725/75 2962/726/747
f 2962/726/747 3020/725/75 3025/727/748
f 2884/724/93 2962/726/747 2775/723/746
s 0
f 2789/728/749 2775/723/750 2962/726/751
s 1
f 2698/719/94 2710/722/745 17/721/744
f 2710/722/745 2775/723/746 2789/728/752
f 2710/722/745 9/729/753 17/721/744
f 2710/722/745 2611/730/754 9/729/753
f 24/568/609 17/721/744 365/565/606
f 365/565/606 17/721/744 313/567/608
f 17/721/744 9/729/753 313/567/608
f 313/567/608 9/729/753 291/731/755
f 313/567/608 291/731/755 252/732/756
s 0
f 291/731/757 9/729/758 305/733/759
s 1
f 305/733/760 9/729/753 179/734/761
f 179/734/761 9/729/753 2611/730/754
f 291/731/755 305/733/760 372/735/762
f 2714/736/763 2611/730/754 2710/722/745
f 2710/722/745 2789/728/752 2714/736/763
s 0
f 2982/737/764 2714/736/765 2789/728/766
s 1
f 3127/738/767 2789/728/768 3025/727/748
f 3025/727/748 2789/728/768 2962/726/747
f 3188/739/769 3025/727/748 3120/740/770
f 3120/740/770 3353/741/771 3188/739/769
f 3025/727/748 3188/739/769 3127/738/767
f 3305/742/772 3188/739/769 3353/741/771
s 0
f 3127/738/773 3188/739/774 3305/742/775
s 1
f 3127/738/767 3015/743/776 2789/728/768
f 2789/728/768 3015/743/776 2982/737/777
f 2611/730/754 2714/736/763 2762/744/778
f 3127/738/767 3305/742/772 3295/745/779
f 3015/743/776 3127/738/767 3295/745/779
f 3015/743/776 3171/746/780 2982/737/777
f 2982/737/777 3171/746/780 3022/747/781
f 2982/737/777 3022/747/781 2714/736/763
f 2714/736/763 2925/748/782 2762/744/778
f 2925/748/782 2714/736/763 3022/747/781
f 2762/744/778 2925/748/782 2723/749/783
f 25/750/784 2723/749/783 27/751/785
s 0
f 25/750/786 27/751/787 179/734/788
f 179/734/789 27/751/790 326/752/791
f 342/753/792 179/734/793 326/752/794
s 1
f 2723/749/783 25/750/784 2762/744/778
f 2762/744/778 25/750/784 179/734/761
f 179/734/761 342/753/795 380/754/796
f 179/734/761 380/754/796 305/733/760
f 2762/744/778 179/734/761 2611/730/754
f 305/733/760 380/754/796 409/755/797
f 305/733/760 409/755/797 372/735/762
f 372/735/762 409/755/797 400/547/590
f 400/547/590 435/541/581 308/548/591
f 400/547/590 308/548/591 372/735/762
f 372/735/762 308/548/591 252/732/756
f 308/548/591 328/549/592 217/554/598
f 308/548/591 217/554/598 252/732/756
f 372/735/762 252/732/756 291/731/755
f 242/562/603 252/732/756 217/554/598
f 252/732/756 242/562/603 313/567/608
f 313/567/608 242/562/603 384/564/605
f 384/564/605 242/562/603 278/559/601
f 3020/725/75 3063/756/95 3025/727/748
f 3025/727/748 3063/756/95 3120/740/770
f 3063/756/95 3277/757/96 3120/740/770
f 3120/740/770 3277/757/96 3353/741/771
s 0
f 3277/757/798 3407/758/799 3381/759/800
s 1
f 3277/757/96 3381/759/801 3353/741/771
f 3353/741/771 3324/760/802 3305/742/772
f 3382/761/803 3324/760/802 3353/741/771
f 3382/761/803 3353/741/771 3381/759/801
f 3382/761/803 3381/759/801 3411/762/804
f 3411/762/804 3381/759/801 3408/763/805
f 3382/761/803 3411/762/804 3415/764/806
f 3324/760/802 3382/761/803 3305/742/772
f 3305/742/772 3465/765/807 3295/745/779
f 3465/765/807 3305/742/772 3382/761/803
f 3304/766/808 3015/743/776 3295/745/779
f 3171/746/780 3015/743/776 3304/766/808
f 3465/765/807 3382/761/803 3415/764/806
f 3295/745/779 3465/765/807 3498/767/809
f 3376/768/810 3295/745/779 3498/767/809
s 0
f 3304/766/811 3295/745/812 3376/768/813
s 1
f 2723/749/783 2925/748/782 2812/769/814
f 2812/769/814 2925/748/782 2889/770/815
f 2925/748/782 3022/747/781 2889/770/815
f 3231/771/816 3171/746/780 3304/766/808
f 3022/747/781 3171/746/780 3156/772/817
f 3022/747/781 3156/772/817 2889/770/815
f 2723/749/783 2635/773/818 27/751/785
f 2723/749/783 2812/769/814 2635/773/818
f 2812/769/814 2797/774/819 2635/773/818
f 2812/769/814 2889/770/815 2797/774/819
f 2711/775/820 2635/773/818 2797/774/819
s 0
f 2635/773/821 2711/775/822 2484/776/823
s 1
f 36/777/824 2635/773/818 2484/776/825
f 36/777/824 2484/776/825 191/778/826
f 603/779/827 36/777/824 191/778/826
f 428/780/828 603/779/827 191/778/826
f 2711/775/820 2797/774/819 2868/781/829
f 2868/781/829 2797/774/819 2889/770/815
f 2868/781/829 2889/770/815 3157/782/830
f 3157/782/830 2889/770/815 3311/783/831
f 3311/783/831 2889/770/815 3156/772/817
f 3370/784/832 3311/783/831 3156/772/817
s 0
f 3156/772/833 3171/746/834 3289/785/835
s 1
f 3289/785/836 3171/746/780 3231/771/816
f 3376/768/810 3498/767/809 3529/786/837
f 3376/768/810 3529/786/837 3618/787/838
f 3156/772/817 3289/785/836 3370/784/832
f 3370/784/832 3289/785/836 3231/771/816
f 3370/784/832 3231/771/816 3461/788/839
f 3376/768/840 3461/788/839 3231/771/816
f 3461/788/839 3376/768/840 3548/789/841
s 0
f 3721/790/842 3548/789/843 3679/791/844
s 1
f 3721/790/845 3679/791/846 3613/792/847
f 3679/791/846 3548/789/848 3618/787/838
f 3376/768/840 3231/771/816 3304/766/808
s 0
f 3548/789/849 3376/768/850 3618/787/851
s 1
f 3541/793/852 3618/787/838 3529/786/837
f 3618/787/838 3541/793/852 3613/792/847
f 3541/793/852 3529/786/837 3490/794/853
f 3443/795/854 3490/794/853 3475/796/855
f 3385/797/856 3443/795/854 3475/796/855
f 3490/794/853 3529/786/837 3498/767/809
f 3490/794/853 3498/767/809 3475/796/855
f 3475/796/855 3498/767/809 3465/765/807
f 3415/764/806 3475/796/855 3465/765/807
f 3475/796/855 3415/764/806 3380/798/857
f 3475/796/855 3380/798/857 3385/797/856
f 3415/764/806 3391/799/858 3380/798/857
f 3415/764/806 3411/762/804 3391/799/858
f 3411/762/804 3408/763/805 3453/800/696
f 3453/800/696 3408/763/805 3501/801/698
s 0
f 3453/800/859 3409/802/860 3411/762/861
f 3411/762/862 3409/802/863 3391/799/864
s 1
f 3391/799/865 3409/802/694 3389/803/691
f 3391/799/865 3389/803/691 3377/804/689
s 0
f 3391/799/866 3377/804/867 3380/798/868
s 1
f 3380/798/857 3377/804/689 3397/805/690
f 3380/798/857 3397/805/690 3385/797/856
f 3385/797/856 3397/805/690 3400/806/869
f 3385/797/856 3400/806/869 3443/795/854
f 3443/795/854 3566/807/870 3490/794/853
f 3490/794/853 3566/807/870 3541/793/852
f 3618/787/838 3613/792/847 3679/791/846
f 3613/792/847 3541/793/852 3611/808/871
f 3611/808/871 3541/793/852 3566/807/870
f 3566/807/870 3443/795/854 3491/809/872
f 3491/809/872 3443/795/854 3448/810/873
f 3443/795/854 3400/806/869 3448/810/873
s 0
f 778/811/874 874/812/875 653/700/876
s 1
f 988/576/293 785/604/643 874/812/332
f 785/604/643 988/576/293 1090/575/321
f 904/593/632 1090/575/321 1185/577/610
f 785/604/643 1090/575/321 904/593/632
f 899/594/633 928/591/629 715/596/635
f 904/593/632 899/594/633 785/604/643
f 785/604/643 652/606/645 874/812/332
s 0
f 874/812/877 652/606/878 653/700/879
s 1
f 3407/758/99 3500/813/136 3501/801/698
f 3407/758/99 3501/801/698 3408/763/805
f 3407/758/99 3408/763/805 3381/759/801
f 2438/675/703 2397/673/702 2441/712/743
f 2503/668/150 2608/814/880 2612/669/144
f 2608/814/880 2503/668/150 2438/675/703
f 2612/669/144 2608/814/880 2694/676/704
f 2694/676/704 2608/814/880 2730/698/728
f 2441/712/743 6/710/741 2377/705/737
f 2441/712/743 2377/705/737 2495/815/881
f 2441/712/743 2495/815/881 2438/675/703
f 2495/815/881 2377/705/737 2398/706/738
f 2495/815/881 2608/814/880 2438/675/703
f 2495/815/881 2398/706/738 2498/816/882
f 2608/814/880 2495/815/881 2628/817/883
f 2730/698/728 2608/814/880 2735/697/727
f 3007/696/726 2730/698/728 2735/697/727
f 2735/697/727 2608/814/880 2628/817/883
f 2628/817/883 2495/815/881 2498/816/882
f 2735/697/727 2628/817/883 2600/818/884
f 2674/819/885 2735/697/727 2600/818/884
f 2735/697/727 2674/819/885 2989/694/721
f 2837/693/720 2989/694/721 2674/819/885
f 2837/693/720 2674/819/885 2829/691/718
f 2829/691/718 2965/820/886 3160/689/716
f 2829/691/718 2674/819/885 2697/821/887
f 2965/820/886 2829/691/718 2772/822/888
f 2772/822/888 2829/691/718 2697/821/887
f 3160/689/716 2965/820/886 3170/823/889
f 3170/823/889 2965/820/886 2934/625/664
f 3160/689/716 3170/823/889 3334/690/717
f 2965/820/886 2772/822/888 2934/625/664
f 2934/625/664 2772/822/888 2858/622/661
f 2934/625/664 3339/626/665 3170/823/889
f 3170/823/889 3339/626/665 3413/629/668
f 3413/629/668 3616/646/684 3463/688/715
s 0
f 3413/629/890 3463/688/891 3334/690/892
s 1
f 3463/688/715 3616/646/684 3612/824/893
f 3612/824/893 3616/646/684 3495/645/683
f 3571/825/894 3612/824/893 3495/645/683
f 3495/645/683 3517/641/679 3493/647/685
f 3571/825/894 3495/645/683 3555/655/693
f 3555/655/693 3549/685/712 3571/825/894
f 3571/825/894 3549/685/712 3463/688/715
f 3612/824/893 3571/825/894 3463/688/715
f 3170/823/889 3413/629/668 3334/690/717
f 542/607/646 245/826/895 248/702/734
f 245/826/895 542/607/646 724/608/647
f 245/826/895 724/608/647 444/614/653
f 654/609/648 444/614/653 724/608/647
f 444/614/653 170/616/655 245/826/895
f 245/826/895 170/616/655 163/827/896
f 248/702/734 245/826/895 16/703/735
f 245/826/895 163/827/896 16/703/735
f 16/703/735 163/827/896 2409/828/897
f 2376/704/736 16/703/735 2398/706/738
f 2398/706/738 16/703/735 2409/828/897
f 2398/706/738 2409/828/897 2498/816/882
f 2628/817/883 2498/816/882 2600/818/884
f 2697/821/887 2674/819/885 2600/818/884
f 2419/829/898 2600/818/884 2498/816/882
f 2697/821/887 2600/818/884 2419/829/898
f 2419/829/898 2498/816/882 2431/830/899
f 2431/830/899 2498/816/882 2409/828/897
f 2431/830/899 2409/828/897 163/827/896
f 2431/830/899 163/827/896 2419/829/898
f 2697/821/887 2419/829/898 2679/620/659
f 2772/822/888 2697/821/887 2679/620/659
f 2772/822/888 2679/620/659 2858/622/661
f 2566/619/658 2679/620/659 2417/617/656
f 2417/617/656 2679/620/659 2419/829/898
f 2419/829/898 163/827/896 2417/617/656
f 2417/617/656 163/827/896 170/616/655
f 928/591/629 1006/588/630 824/595/634
f 824/595/634 1006/588/630 963/599/638
f 963/599/638 917/831/900 826/598/637
f 1006/588/630 1149/587/623 1177/586/622
f 1006/588/630 1177/586/622 1097/832/901
f 1247/585/621 1327/510/547 1315/833/902
f 1327/510/547 1398/512/549 1315/833/902
f 1499/834/903 1490/514/551 1614/524/561
f 1499/834/903 1614/524/561 1637/528/565
f 1398/512/549 1490/514/551 1402/835/904
f 1402/835/904 1490/514/551 1499/834/903
f 1315/833/902 1252/836/905 1247/585/621
f 1247/585/621 1252/836/905 1157/837/906
f 1315/833/902 1313/838/907 1252/836/905
f 1313/838/907 1315/833/902 1378/839/908
f 1378/839/908 1315/833/902 1398/512/549
f 1378/839/908 1398/512/549 1402/835/904
f 1252/836/905 1313/838/907 1257/840/909
f 1378/839/908 1389/841/910 1523/842/911
f 1523/842/911 1389/841/910 1606/843/912
f 1389/841/910 1378/839/908 1402/835/904
f 1389/841/910 1402/835/904 1528/844/913
f 1528/844/913 1402/835/904 1499/834/903
f 1528/844/913 1499/834/903 1638/845/914
f 1528/844/913 1606/843/912 1389/841/910
f 1528/844/913 1640/846/915 1606/843/912
f 1640/846/915 1528/844/913 1638/845/914
f 1663/847/916 1606/843/912 1640/846/915
f 1667/848/917 1663/847/916 1676/849/918
f 1663/847/916 1640/846/915 1676/849/918
f 1667/848/917 1676/849/918 1545/850/919
f 1545/850/919 1676/849/918 1586/851/920
f 1545/850/919 1586/851/920 1497/852/921
f 1486/853/922 1545/850/919 1497/852/921
f 1486/853/922 1497/852/921 1411/854/923
f 1341/855/924 1411/854/923 1322/519/556
f 1131/532/569 1341/855/924 1322/519/556
f 897/543/586 971/856/925 1067/857/926
s 0
f 1067/857/927 1072/858/928 861/534/929
s 1
f 1173/518/555 1131/532/569 1322/519/556
f 1322/519/556 1411/854/923 1360/531/568
f 1360/531/568 1411/854/923 1475/530/567
f 1411/854/923 1497/852/921 1475/530/567
f 1475/530/567 1497/852/921 1586/851/920
f 1475/530/567 1586/851/920 1675/859/930
f 1675/859/930 1586/851/920 1676/849/918
f 1475/530/567 1675/859/930 1646/529/566
f 1675/859/930 1676/849/918 1640/846/915
f 1675/859/930 1640/846/915 1638/845/914
f 1675/859/930 1638/845/914 1646/529/566
f 1646/529/566 1638/845/914 1648/860/931
f 1646/529/566 1648/860/931 1712/527/564
f 1712/527/564 1648/860/931 1637/528/565
f 1648/860/931 1638/845/914 1637/528/565
f 1637/528/565 1638/845/914 1499/834/903
f 409/755/797 380/754/796 342/753/795
f 400/547/590 409/755/797 550/546/589
f 550/546/589 409/755/797 342/753/795
s 0
f 550/546/932 342/753/933 567/861/934
s 1
f 458/862/935 567/861/936 342/753/937
s 0
f 458/862/938 342/753/939 326/752/940
s 1
f 567/861/936 458/862/935 543/863/941
f 543/863/941 576/864/942 567/861/936
f 543/863/941 458/862/935 326/752/943
f 36/777/824 27/751/785 2635/773/818
f 326/752/943 27/751/785 36/777/824
f 36/777/824 603/779/827 326/752/943
f 603/779/827 543/863/941 326/752/943
f 543/863/941 603/779/827 679/865/944
f 679/865/944 796/866/945 803/867/946
f 796/866/945 679/865/944 737/868/947
f 737/868/947 679/865/944 428/780/828
f 679/865/944 603/779/827 428/780/828
f 1006/588/630 1097/832/901 963/599/638
f 963/599/638 1097/832/901 993/869/948
f 1097/832/901 1177/586/622 1087/870/949
f 1177/586/622 1157/837/906 1087/870/949
f 1177/586/622 1247/585/621 1157/837/906
f 1087/870/949 1157/837/906 1105/871/950
f 1170/872/951 1157/837/906 1252/836/905
f 1105/871/950 1157/837/906 1170/872/951
s 0
f 1105/871/952 1170/872/953 1099/873/954
s 1
f 1105/871/950 1099/873/955 960/874/956
f 960/874/956 1099/873/955 1077/875/957
f 1002/876/958 960/874/956 1077/875/957
f 1010/877/959 1002/876/958 1062/878/960
f 1062/878/960 1139/879/961 1010/877/959
f 1010/877/959 1139/879/961 916/880/962
f 916/880/962 1139/879/961 1134/881/963
f 1082/882/964 1134/881/963 1184/883/965
f 1082/882/964 1184/883/965 1133/884/966
f 1134/881/963 1082/882/964 916/880/962
s 0
f 808/885/967 1082/882/968 1133/884/969
s 1
f 1082/882/964 808/885/970 900/886/971
f 333/887/972 207/888/973 71/889/974
f 87/618/657 71/889/974 2466/890/975
f 2466/890/975 2696/632/671 2671/621/660
f 2696/632/671 2885/891/976 2964/631/670
f 2466/890/975 2671/621/660 2566/619/658
f 2466/890/975 2566/619/658 87/618/657
f 87/618/657 223/615/654 71/889/974
s 0
f 71/889/977 223/615/978 333/887/979
f 333/887/980 223/615/981 448/892/982
s 1
f 333/887/972 448/892/983 743/893/984
f 448/892/983 637/613/652 743/893/984
f 743/893/984 637/613/652 808/885/970
f 900/886/971 935/894/985 1082/882/964
f 1082/882/964 935/894/985 916/880/962
f 1010/877/959 916/880/962 885/611/650
f 902/895/986 1010/877/959 885/611/650
f 1002/876/958 1010/877/959 902/895/986
f 1002/876/958 902/895/986 960/874/956
f 919/896/987 960/874/956 902/895/986
f 902/895/986 892/897/988 919/896/987
f 919/896/987 892/897/988 883/898/989
f 919/896/987 883/898/989 917/831/900
f 919/896/987 917/831/900 993/869/948
f 804/899/990 883/898/989 892/897/988
f 804/899/990 892/897/988 857/900/991
f 857/900/991 892/897/988 902/895/986
f 902/895/986 885/611/650 857/900/991
f 885/611/650 916/880/962 935/894/985
f 885/611/650 792/610/649 857/900/991
f 857/900/991 792/610/649 736/601/640
f 804/899/990 857/900/991 736/601/640
f 804/899/990 736/601/640 826/598/637
f 804/899/990 826/598/637 883/898/989
f 883/898/989 826/598/637 917/831/900
f 917/831/900 963/599/638 993/869/948
f 993/869/948 1097/832/901 1087/870/949
f 919/896/987 993/869/948 960/874/956
f 1105/871/950 960/874/956 993/869/948
f 1105/871/950 993/869/948 1087/870/949
f 444/614/653 637/613/652 448/892/983
f 637/613/652 827/612/651 808/885/970
f 827/612/651 885/611/650 935/894/985
f 827/612/651 935/894/985 808/885/970
f 808/885/970 935/894/985 900/886/971
f 444/614/653 448/892/983 223/615/654
f 576/864/942 690/544/587 550/546/589
f 576/864/942 550/546/589 567/861/936
f 897/543/586 677/542/585 690/544/587
f 861/534/571 1072/858/992 1131/532/569
f 1067/857/926 861/534/571 897/543/586
f 897/543/586 690/544/587 720/901/993
f 690/544/587 576/864/942 720/901/993
f 543/863/941 720/901/993 576/864/942
f 720/901/993 543/863/941 679/865/944
f 897/543/586 720/901/993 803/867/946
f 803/867/946 720/901/993 679/865/944
f 3397/652/690 3387/650/688 3396/902/994
f 3397/652/690 3396/902/994 3400/903/869
s 0
f 3396/902/995 3387/650/996 3398/648/997
f 3396/902/998 3398/648/999 3422/904/1000
s 1
f 3400/903/869 3396/902/994 3448/905/873
f 3422/904/1001 3398/648/686 3412/906/1002
f 3454/907/1003 3412/906/1002 3435/643/681
f 3497/640/678 3454/907/1003 3435/643/681
f 3412/906/1002 3398/648/686 3435/643/681
f 3413/629/668 3617/637/675 3616/646/684
f 3616/646/684 3617/637/675 3542/639/677
s 0
f 3298/908/1004 3152/909/1005 3306/910/1006
s 1
f 3306/910/1007 3152/909/669 3033/911/1008
f 3499/912/1009 3642/913/1010 3636/914/1011
f 3499/912/1009 3636/914/1011 3306/910/1007
f 3636/914/1011 3635/915/1012 3306/910/1007
f 3298/908/672 3306/910/1007 3635/915/1012
f 3298/908/672 3635/915/1012 3637/916/673
f 3557/917/676 3516/918/1013 3497/919/678
f 3497/919/678 3516/918/1013 3454/920/1003
f 3396/921/994 3422/922/1014 3466/923/1015
f 3396/921/994 3466/923/1015 3448/924/873
f 3611/925/871 3673/926/1016 3613/927/847
f 3613/927/847 3673/926/1016 3721/928/845
f 3626/929/1017 3611/925/871 3566/930/870
f 3611/925/871 3626/929/1017 3673/926/1016
f 3761/931/1018 3721/928/845 3673/926/1016
f 3721/932/845 3688/933/1019 3548/934/1020
f 3688/933/1019 3721/928/845 3761/931/1018
f 3461/935/839 3548/934/841 3744/936/1021
f 3370/937/832 3514/938/1022 3311/939/831
f 2868/940/829 3157/941/830 2968/942/1023
f 189/943/1024 191/944/826 2484/945/825
f 737/946/947 428/947/828 526/948/1025
s 0
f 737/946/1026 526/948/1027 796/949/1028
s 1
f 526/948/1025 428/947/828 191/944/826
s 0
f 796/949/1029 526/948/1030 683/950/1031
s 1
f 796/949/945 683/950/1032 803/951/946
f 2484/945/825 2711/952/1033 2486/953/1034
s 0
f 2711/952/1035 2868/940/1036 2902/954/1037
s 1
f 2902/954/1038 2868/940/829 2968/942/1023
s 0
f 2731/955/1039 2711/952/1040 2902/954/1041
s 1
f 2711/952/1033 2731/955/1042 2486/953/1034
f 2902/954/1038 2968/942/1023 2992/956/1043
f 2731/955/1042 2603/957/1044 2486/953/1034
f 2731/955/1042 2902/954/1045 2907/958/1046
f 2731/955/1042 2907/958/1046 2717/959/1047
f 2731/955/1042 2717/959/1047 2603/957/1044
s 0
f 2902/954/1048 3089/960/1049 2907/958/1050
s 1
f 3089/960/1051 2902/954/1038 2992/956/1043
f 2968/942/1023 3157/941/830 2992/956/1043
f 3157/941/830 3311/939/831 3237/961/1052
f 3370/937/832 3461/935/839 3693/962/1053
s 0
f 3744/936/1054 3548/934/1055 3688/933/1056
s 1
f 3761/931/1018 3673/926/1016 3755/963/1057
f 3755/963/1057 3673/926/1016 3706/964/1058
f 3851/965/1059 3761/931/1018 3755/963/1057
f 3682/966/1060 3706/964/1058 3673/926/1016
f 3851/965/1059 3755/963/1057 3936/967/1061
f 3851/965/1059 3936/967/1061 3947/968/1062
f 3755/963/1057 3781/969/1063 3936/967/1061
f 3706/964/1058 3682/966/1060 3696/970/1064
f 3673/926/1016 3626/929/1017 3682/966/1060
f 3626/929/1017 3566/930/870 3577/971/1065
f 3566/930/870 3491/972/872 3577/971/1065
f 3491/972/872 3448/924/873 3486/973/1066
f 3577/971/1065 3491/972/872 3486/973/1066
f 3682/966/1060 3626/929/1017 3696/970/1064
s 0
f 3626/929/1067 3577/971/1068 3620/974/1069
s 1
f 3577/971/1065 3486/973/1066 3620/974/1070
f 3444/975/1071 3422/922/1001 3412/976/1002
s 0
f 3516/918/1072 3557/917/1073 3553/977/1074
s 1
f 3634/978/1075 3557/917/676 3637/916/673
f 3557/917/676 3634/978/1075 3553/977/1076
f 3516/918/1013 3553/977/1076 3503/979/1077
f 3516/918/1013 3503/979/1077 3478/980/1078
f 3516/918/1013 3478/980/1078 3454/920/1003
f 3635/915/1012 3634/978/1075 3637/916/673
f 3635/915/1012 3636/914/1011 3634/978/1075
f 3634/978/1075 3636/914/1011 3633/981/1079
f 3633/981/1079 3636/914/1011 3642/913/1010
f 3553/977/1076 3634/978/1075 3559/982/1080
f 3559/982/1080 3634/978/1075 3633/981/1079
f 3553/977/1076 3559/982/1080 3510/983/1081
f 3553/977/1076 3510/983/1081 3503/979/1077
f 3478/980/1078 3503/979/1077 3510/983/1081
f 3478/980/1078 3510/983/1081 3473/984/1082
f 3510/983/1081 3559/982/1080 3520/985/1083
f 3598/986/1084 3642/913/1010 3499/912/1009
f 3642/913/1010 3598/986/1084 3633/981/1079
f 3633/981/1079 3598/986/1084 3593/987/1085
f 3633/981/1079 3593/987/1085 3558/988/1086
f 3559/982/1080 3633/981/1079 3558/988/1086
f 3559/982/1080 3558/988/1086 3520/985/1083
f 3520/985/1083 3477/989/1087 3431/990/1088
f 3431/990/1088 3477/989/1087 3393/991/1089
f 3431/990/1088 3393/991/1089 3449/992/1090
f 3449/992/1090 3393/991/1089 3401/993/1091
f 3401/993/1091 3341/994/1092 3365/995/1093
f 3449/992/1090 3401/993/1091 3446/996/1094
f 3446/996/1094 3401/993/1091 3365/995/1093
f 3446/996/1094 3365/995/1093 3462/997/1095
f 3365/995/1093 3357/998/1096 3462/997/1095
f 3357/998/1096 3327/999/1097 3462/997/1095
f 3462/997/1095 3502/1000/1098 3572/1001/1099
f 3502/1000/1098 3663/1002/1100 3572/1001/1099
f 3676/1003/1101 3663/1002/1100 3680/1004/1102
f 3759/1005/1103 3760/1006/1104 3837/1007/1105
f 3866/1008/1106 3918/1009/1107 3837/1007/1105
f 3675/1010/1108 3760/1006/1104 3718/1011/1109
f 3676/1003/1101 3760/1006/1104 3675/1010/1108
f 3572/1001/1099 3663/1002/1100 3604/1012/1110
f 3572/1001/1099 3554/1013/1111 3462/997/1095
f 3446/996/1094 3462/997/1095 3554/1013/1111
f 3554/1013/1111 3572/1001/1099 3604/1012/1110
f 3446/996/1094 3554/1013/1111 3485/1014/1112
f 3446/996/1094 3485/1014/1112 3449/992/1090
f 3449/992/1090 3485/1014/1112 3459/1015/1113
f 3473/984/1082 3449/992/1090 3459/1015/1113
s 0
f 3431/990/1114 3449/992/1115 3473/984/1116
s 1
f 3459/1015/1113 3485/1014/1112 3487/1016/1117
f 3487/1016/1117 3485/1014/1112 3511/1017/1118
f 3511/1017/1118 3485/1014/1112 3567/1018/1119
f 3567/1018/1119 3485/1014/1112 3554/1013/1111
f 3554/1013/1111 3604/1012/1110 3567/1018/1119
f 3604/1012/1110 3663/1002/1100 3641/1019/1120
f 3663/1002/1100 3676/1003/1101 3675/1010/1108
f 3663/1002/1100 3675/1010/1108 3641/1019/1120
f 3567/1018/1119 3604/1012/1110 3592/1020/1121
f 3592/1020/1121 3604/1012/1110 3641/1019/1120
s 0
f 3567/1018/1122 3565/1021/1123 3511/1017/1124
s 1
f 3567/1018/1119 3592/1020/1121 3565/1021/1125
f 3565/1021/1125 3530/1022/1126 3511/1017/1118
f 3620/974/1070 3565/1021/1125 3592/1020/1121
f 3620/974/1070 3592/1020/1121 3675/1010/1108
f 3592/1020/1121 3641/1019/1120 3675/1010/1108
f 3718/1011/1109 3760/1006/1104 3759/1005/1103
f 3918/1009/1107 3759/1005/1103 3837/1007/1105
s 0
f 3918/1009/1127 3866/1008/1128 3937/1023/1129
s 1
f 4145/1024/1130 4096/1025/1131 4083/1026/1132
f 3781/969/1063 3718/1011/1109 3759/1005/1103
f 3675/1010/1108 3718/1011/1109 3696/970/1064
f 3675/1010/1108 3696/970/1064 3620/974/1070
f 3620/974/1070 3696/970/1064 3626/929/1017
f 3565/1021/1125 3486/973/1066 3530/1022/1126
f 3511/1017/1118 3530/1022/1126 3466/923/1015
f 3511/1017/1118 3466/923/1015 3487/1016/1117
f 3487/1016/1117 3466/923/1015 3447/1027/1133
s 0
f 3487/1016/1134 3447/1027/1135 3472/1028/1136
f 3422/922/1137 3444/975/1138 3447/1027/1139
s 1
f 3422/922/1014 3447/1027/1133 3466/923/1015
f 3448/924/873 3466/923/1015 3530/1022/1126
f 3448/924/873 3530/1022/1126 3486/973/1066
f 3620/974/1070 3486/973/1066 3565/1021/1125
f 3706/964/1058 3696/970/1064 3718/1011/1109
f 3755/963/1057 3706/964/1058 3781/969/1063
f 3936/967/1061 3781/969/1063 3875/1029/1140
f 3947/968/1062 3936/967/1061 3986/1030/1141
s 0
f 3957/1031/1142 3986/1030/1143 3936/967/1144
f 3957/1031/1145 3936/967/1146 3875/1029/1147
s 1
f 4152/1032/1148 3986/1030/1149 3957/1031/1150
f 3957/1031/1151 3875/1029/1140 3918/1009/1107
f 3957/1031/1150 4034/1033/1152 4152/1032/1148
f 4152/1032/1148 4034/1033/1152 4145/1024/1130
f 4213/1034/1153 4152/1032/1148 4145/1024/1130
f 4145/1024/1130 4034/1033/1152 4096/1025/1131
f 4213/1034/1153 4145/1024/1130 4315/1035/1154
f 4315/1035/1154 4296/1036/1155 4213/1034/1153
s 0
f 4096/1025/1156 4034/1033/1157 3937/1023/1158
s 1
f 3937/1023/1159 4034/1033/1152 3957/1031/1150
s 0
f 3937/1023/1160 3957/1031/1161 3918/1009/1162
s 1
f 3918/1009/1107 3875/1029/1140 3781/969/1063
f 3781/969/1063 3759/1005/1103 3918/1009/1107
f 3718/1011/1109 3781/969/1063 3706/964/1058
s 0
f 1667/1037/1163 1545/1038/1164 1434/1039/1165
s 1
f 1545/1038/919 1486/1040/922 1434/1039/1166
f 1667/1037/917 1434/1039/1166 1639/1041/1167
f 1486/1040/922 1411/1042/923 1341/1043/924
f 1486/1040/922 1341/1043/924 1377/1044/1168
f 1486/1040/922 1377/1044/1168 1434/1039/1166
f 1341/1043/924 1131/1045/569 1286/1046/1169
f 1131/1045/569 1072/1047/992 1286/1046/1169
f 1341/1043/924 1286/1046/1169 1377/1044/1168
f 1216/1048/1170 1072/1047/992 1067/1049/926
f 1072/1047/992 1216/1048/1170 1286/1046/1169
f 1434/1039/1166 1377/1044/1168 1286/1046/1169
f 1639/1041/1167 1584/1050/1171 1667/1037/917
f 1667/1037/917 1527/1051/1172 1663/1052/916
f 1667/1037/917 1584/1050/1171 1527/1051/1172
f 1663/1052/916 1527/1051/1172 1606/1053/912
f 1606/1053/912 1527/1051/1172 1523/1054/911
f 1523/1054/911 1527/1051/1172 1350/1055/1173
f 1523/1054/911 1350/1055/1173 1378/1056/908
f 1350/1055/1173 1527/1051/1172 1584/1050/1171
f 1350/1055/1173 1584/1050/1171 1452/1057/1174
f 1350/1055/1173 1452/1057/1174 1307/1058/1175
f 1378/1056/908 1350/1055/1173 1307/1058/1175
f 1378/1056/908 1307/1058/1175 1313/1059/907
f 1313/1059/907 1307/1058/1175 1257/1060/909
f 1257/1060/909 1155/1061/1176 1252/1062/905
f 1155/1061/1176 1257/1060/909 1188/1063/1177
s 0
f 1277/1064/1178 1307/1058/1179 1452/1057/1180
s 1
f 1277/1064/1181 1452/1057/1174 1370/1065/1182
f 1307/1058/1175 1277/1064/1181 1259/1066/1183
f 1307/1058/1175 1259/1066/1183 1257/1060/909
f 1257/1060/909 1259/1066/1183 1188/1063/1177
f 1188/1063/1177 1171/1067/1184 1155/1061/1176
f 1252/1062/905 1155/1061/1176 1170/1068/951
f 1170/1068/951 1155/1061/1176 1171/1067/1184
s 0
f 1101/1069/1185 1170/1068/1186 1171/1067/1187
s 1
f 1099/1070/955 1170/1068/1188 1101/1069/1189
f 1077/1071/957 1099/1070/955 1101/1069/1189
f 1077/1071/957 1101/1069/1189 1086/1072/1190
f 1101/1069/1189 1146/1073/1191 1086/1072/1190
f 1171/1067/1184 1146/1073/1191 1101/1069/1189
f 1146/1073/1191 1171/1067/1184 1152/1074/1192
f 1171/1067/1184 1159/1075/1193 1152/1074/1192
f 1159/1075/1193 1171/1067/1184 1168/1076/1194
f 1156/1077/1195 1152/1074/1192 1159/1075/1193
f 1156/1077/1195 1159/1075/1193 1167/1078/1196
f 1221/1079/1197 1156/1077/1195 1167/1078/1196
f 1221/1079/1197 1167/1078/1196 1198/1080/1198
f 1221/1079/1197 1198/1080/1198 1234/1081/1199
f 1176/1082/1200 1198/1080/1198 1167/1078/1196
s 0
f 1234/1083/1201 1198/1080/1202 1227/1084/1203
s 1
f 1198/1080/1198 1180/1085/1204 1227/1084/1205
f 1288/1086/1206 1227/1084/1205 1218/1087/1207
f 1288/1086/1206 1218/1087/1207 1284/1088/1208
f 1284/1088/1208 1218/1087/1207 1241/1089/1209
f 1241/1089/1209 1218/1087/1207 1202/1090/1210
f 1284/1088/1208 1241/1089/1209 1297/1091/1211
f 1297/1091/1211 1241/1089/1209 1224/1092/1212
f 1297/1091/1211 1224/1092/1212 1238/1093/1213
f 1014/1094/1214 1238/1093/1213 1181/1095/1215
f 1181/1095/1215 1238/1093/1213 1224/1092/1212
f 980/1096/1216 1014/1094/1214 1181/1095/1215
f 1179/1097/1217 1181/1095/1215 1224/1092/1212
f 1181/1095/1215 1179/1097/1217 980/1096/1216
f 1179/1097/1217 1224/1092/1212 1241/1089/1209
f 1179/1097/1217 1241/1089/1209 1202/1090/1210
s 0
f 1202/1090/1218 1218/1087/1219 1174/1098/1220
s 1
f 1121/1099/1221 1202/1090/1210 1174/1098/1222
f 1174/1098/1222 1218/1087/1207 1227/1084/1205
f 1121/1099/1221 1174/1098/1222 1144/1100/1223
f 1180/1085/1204 1174/1098/1222 1227/1084/1205
f 1174/1098/1222 1180/1085/1204 1144/1100/1223
f 1180/1085/1204 1147/1101/1224 1144/1100/1223
f 1147/1101/1224 1180/1085/1204 1176/1082/1200
f 1142/1102/1225 1147/1101/1224 1172/1103/1226
f 1172/1103/1226 1147/1101/1224 1176/1082/1200
f 1142/1102/1225 1172/1103/1226 1186/1104/1227
f 1176/1082/1200 1180/1085/1204 1198/1080/1198
f 1186/1104/1227 1172/1103/1226 1183/1105/1228
f 1292/1106/1229 1186/1104/1227 1283/1107/1230
s 0
f 1186/1104/1231 1183/1105/1232 1283/1107/1233
s 1
f 1159/1075/1193 1176/1082/1200 1167/1078/1196
f 1172/1103/1226 1176/1082/1200 1159/1075/1193
f 1172/1103/1226 1159/1075/1193 1183/1105/1228
f 1183/1105/1228 1159/1075/1193 1212/1108/1234
f 1212/1108/1234 1159/1075/1193 1168/1076/1194
f 1183/1105/1228 1212/1108/1234 1283/1107/1230
s 0
f 1168/1076/1235 1233/1109/1236 1212/1108/1237
s 1
f 1212/1108/1234 1233/1109/1238 1283/1107/1230
f 1283/1107/1230 1233/1109/1238 1262/1110/1239
f 1283/1107/1230 1262/1110/1239 1331/1111/1240
f 1283/1107/1230 1331/1111/1240 1292/1106/1229
f 1331/1111/1240 1262/1110/1239 1359/1112/1241
f 1292/1106/1229 1219/1113/1242 1186/1104/1227
f 1292/1106/1229 1331/1111/1240 1219/1113/1242
f 1219/1113/1242 1331/1111/1240 1303/1114/1243
f 1303/1114/1243 1331/1111/1240 1363/1115/1244
f 1363/1115/1244 1473/1116/1245 1463/1117/1246
f 1359/1112/1241 1363/1115/1244 1331/1111/1240
f 1363/1115/1244 1359/1112/1241 1473/1116/1245
f 1473/1116/1245 1359/1112/1241 1449/1118/1247
f 1449/1118/1247 1359/1112/1241 1399/1119/1248
f 1399/1119/1248 1359/1112/1241 1262/1110/1239
f 1449/1118/1247 1399/1119/1248 1446/1120/1249
f 1399/1119/1248 1262/1110/1239 1367/1121/1250
f 1473/1116/1245 1449/1118/1247 1457/1122/1251
f 1446/1120/1249 1399/1119/1248 1367/1121/1250
f 1446/1120/1249 1367/1121/1250 1461/1123/1252
f 1461/1123/1252 1367/1121/1250 1417/1124/1253
f 1461/1123/1252 1417/1124/1253 1483/1125/1254
f 1446/1120/1249 1461/1123/1252 1449/1118/1247
f 1449/1118/1247 1461/1123/1252 1457/1122/1251
f 1461/1123/1252 1484/1126/1255 1457/1122/1251
f 1461/1123/1252 1483/1125/1254 1484/1126/1255
f 1483/1125/1254 1557/1127/1256 1484/1126/1255
f 1417/1124/1253 1367/1121/1250 1370/1065/1182
f 1367/1121/1250 1262/1110/1239 1277/1064/1181
f 1483/1125/1254 1417/1124/1253 1557/1127/1256
f 1277/1064/1181 1262/1110/1239 1233/1109/1238
f 1367/1121/1250 1277/1064/1181 1370/1065/1182
f 1557/1127/1256 1417/1124/1253 1574/1128/1257
f 1370/1065/1182 1584/1050/1171 1417/1124/1253
f 1370/1065/1182 1452/1057/1174 1584/1050/1171
f 1417/1124/1253 1584/1050/1171 1574/1128/1257
f 1574/1128/1257 1584/1050/1171 1639/1041/1167
f 1591/1129/1258 1574/1128/1257 1639/1041/1167
f 1587/1130/1259 1574/1128/1257 1591/1129/1258
f 1557/1127/1256 1574/1128/1257 1587/1130/1259
f 1557/1127/1256 1587/1130/1259 1538/1131/1260
f 1557/1127/1256 1538/1131/1260 1405/1132/1261
f 1557/1127/1256 1405/1132/1261 1484/1126/1255
f 1538/1131/1260 1587/1130/1259 1591/1129/1258
f 1538/1131/1260 1591/1129/1258 1385/1133/1262
f 1405/1132/1261 1538/1131/1260 1385/1133/1262
f 1385/1133/1262 1591/1129/1258 1434/1039/1166
f 1591/1129/1258 1639/1041/1167 1434/1039/1166
f 1434/1039/1166 1368/1134/1263 1385/1133/1262
f 1368/1134/1263 1434/1039/1166 1286/1046/1169
f 1368/1134/1263 1286/1046/1169 1385/1133/1262
f 1286/1046/1169 1216/1048/1170 1385/1133/1262
f 1245/1135/1264 1216/1048/1170 1067/1049/926
f 1245/1135/1264 1067/1049/926 1143/1136/1265
f 1143/1136/1265 1067/1049/926 971/1137/925
f 1043/1138/1266 1143/1136/1265 971/1137/925
f 971/1137/925 897/1139/586 803/951/946
f 1043/1138/1266 971/1137/925 803/951/946
f 1043/1138/1266 803/951/946 683/950/1032
f 683/950/1032 945/1140/1267 1043/1138/1266
f 982/1141/1268 1043/1138/1266 945/1140/1267
f 982/1141/1268 945/1140/1267 847/1142/1269
f 945/1140/1267 683/950/1032 847/1142/1269
f 982/1141/1268 1083/1143/1270 1043/1138/1266
f 1043/1138/1266 1083/1143/1270 1143/1136/1265
f 1143/1136/1265 1083/1143/1270 1231/1144/1271
f 1083/1143/1270 1205/1145/1272 1231/1144/1271
f 1245/1135/1264 1143/1136/1265 1231/1144/1271
f 1245/1135/1264 1231/1144/1271 1381/1146/1273
f 1385/1133/1262 1216/1048/1170 1405/1132/1261
f 1216/1048/1170 1245/1135/1264 1381/1146/1273
f 1405/1132/1261 1216/1048/1170 1381/1146/1273
f 1405/1132/1261 1381/1146/1273 1484/1126/1255
f 1295/1147/1274 1231/1144/1271 1205/1145/1272
f 1231/1144/1271 1295/1147/1274 1381/1146/1273
f 1381/1146/1273 1295/1147/1274 1484/1126/1255
f 1457/1122/1251 1484/1126/1255 1295/1147/1274
f 1269/1148/1275 1295/1147/1274 1205/1145/1272
f 1295/1147/1274 1450/1149/1276 1457/1122/1251
f 1295/1147/1274 1269/1148/1275 1429/1150/1277
f 1295/1147/1274 1429/1150/1277 1450/1149/1276
f 1269/1148/1275 1205/1145/1272 1083/1143/1270
f 1269/1148/1275 1083/1143/1270 847/1142/1269
f 1269/1148/1275 847/1142/1269 1093/1151/1278
f 847/1142/1269 1083/1143/1270 982/1141/1268
f 732/1152/1279 847/1142/1269 683/950/1032
f 683/950/1032 526/948/1025 732/1152/1279
f 189/943/1024 526/948/1025 191/944/826
f 2486/953/1034 189/943/1024 2484/945/825
f 526/948/1025 189/943/1024 622/1153/1280
f 526/948/1025 622/1153/1280 732/1152/1279
f 847/1142/1269 732/1152/1279 927/1154/1281
f 847/1142/1269 927/1154/1281 1093/1151/1278
f 876/1155/1282 927/1154/1281 732/1152/1279
f 876/1155/1282 732/1152/1279 622/1153/1280
f 434/1156/1283 622/1153/1280 189/943/1024
f 434/1156/1283 189/943/1024 316/1157/1284
f 316/1157/1284 189/943/1024 2486/953/1034
f 316/1157/1284 2486/953/1034 2482/1158/1285
f 2486/953/1034 2603/957/1044 2482/1158/1285
f 192/1159/1286 316/1157/1284 2482/1158/1285
f 2603/957/1044 2717/959/1047 2482/1158/1285
f 3346/1160/1287 3089/960/1051 2992/956/1043
f 3346/1160/1287 2992/956/1043 3237/961/1052
f 2992/956/1043 3157/941/830 3237/961/1052
s 0
f 3311/939/1288 3514/938/1289 3378/1161/1290
s 1
f 3311/939/831 3378/1161/1291 3237/961/1052
f 3237/961/1052 3378/1161/1291 3433/1162/1292
f 3346/1160/1287 3237/961/1052 3433/1162/1292
f 3089/960/1293 2998/1163/1294 2907/958/1046
f 2482/1158/1285 2717/959/1047 2713/1164/1295
f 2487/1165/1296 2482/1158/1285 2713/1164/1295
f 192/1159/1286 2482/1158/1285 2487/1165/1296
f 316/1157/1284 192/1159/1286 434/1156/1283
f 431/1166/1297 434/1156/1283 192/1159/1286
f 2717/959/1047 2907/958/1046 2906/1167/1298
f 2906/1167/1298 2907/958/1046 2998/1163/1294
f 2717/959/1047 2906/1167/1298 2713/1164/1295
s 0
f 3241/1168/1299 2998/1163/1300 3089/960/1301
s 1
f 3241/1168/1302 3089/960/1051 3346/1160/1287
f 3690/1169/1303 3433/1162/1292 3378/1161/1291
f 3378/1161/1291 3547/1170/1304 3690/1169/1303
f 3547/1170/1304 3378/1161/1291 3514/938/1022
f 3547/1170/1304 3514/938/1022 3370/937/832
f 3547/1170/1304 3370/937/832 3693/962/1053
f 3461/935/839 3744/936/1021 3693/962/1053
f 3818/1171/1305 3688/933/1019 3940/1172/1306
f 3688/933/1019 3761/931/1018 3940/1172/1306
f 3761/931/1018 3851/965/1059 3940/1172/1306
f 3688/933/1019 3818/1171/1305 3744/936/1307
s 0
f 3834/1173/1308 3693/962/1309 3744/936/1310
s 1
f 3851/965/1059 3947/968/1062 3940/1172/1306
s 0
f 3940/1172/1311 4003/1174/1312 3818/1171/1313
s 1
f 3744/936/1307 3818/1171/1305 3834/1173/1314
f 3547/1170/1304 3693/962/1053 3728/1175/1315
s 0
f 3693/962/1316 3834/1173/1317 3728/1175/1318
s 1
f 3690/1169/1303 3547/1170/1304 3728/1175/1315
f 3690/1169/1303 3614/1176/1319 3433/1162/1292
f 3346/1160/1287 3433/1162/1292 3650/1177/1320
s 0
f 3433/1162/1321 3614/1176/1322 3650/1177/1323
s 1
f 3241/1168/1302 3346/1160/1287 3379/1178/1324
f 3379/1178/1324 3346/1160/1287 3650/1177/1320
f 3896/1179/1325 3614/1176/1319 3690/1169/1303
f 3379/1178/1324 3650/1177/1320 3619/1180/1326
f 2906/1167/1298 2998/1163/1294 3000/1181/1327
f 3000/1181/1327 2998/1163/1294 3241/1168/1328
f 3000/1181/1327 3241/1168/1328 3087/1182/1329
f 2906/1167/1298 3000/1181/1327 2813/1183/1330
f 2906/1167/1298 2813/1183/1330 2713/1164/1295
f 2713/1164/1295 2813/1183/1330 2492/1184/1331
s 0
f 3458/1185/1332 3087/1182/1333 3241/1168/1334
s 1
f 3458/1185/1335 3241/1168/1302 3379/1178/1324
f 3458/1185/1335 3379/1178/1324 3619/1180/1326
f 3754/1186/1336 3619/1180/1326 3650/1177/1320
f 3754/1186/1336 3650/1177/1320 3614/1176/1319
f 3754/1186/1336 3614/1176/1319 3896/1179/1325
f 3896/1187/1325 3750/1188/1337 3998/1189/1338
f 3750/1188/1337 3896/1179/1325 3690/1169/1303
f 3859/1190/1339 3998/1189/1338 3750/1188/1337
s 0
f 3750/1188/1340 3690/1169/1341 3728/1175/1342
s 1
f 3750/1188/1337 3728/1175/1343 3859/1190/1339
f 3859/1190/1339 3728/1175/1343 3834/1173/1314
f 3974/1191/1344 3859/1190/1339 3834/1173/1314
f 3974/1191/1344 3834/1173/1314 3985/1192/1345
f 4248/1193/1346 3985/1192/1345 4003/1174/1347
f 4248/1193/1346 4003/1174/1347 4147/1194/1348
f 4147/1194/1348 4003/1174/1347 4032/1195/1349
f 3985/1192/1345 3834/1173/1314 4003/1174/1347
f 3834/1173/1314 3818/1171/1305 4003/1174/1347
f 4003/1174/1347 3940/1172/1350 4032/1195/1349
f 3940/1172/1306 3947/968/1062 3986/1030/1141
s 0
f 3940/1172/1351 3986/1030/1352 4032/1195/1353
f 4296/1036/1354 4147/1194/1355 4152/1032/1356
s 1
f 4213/1034/1153 4296/1036/1155 4152/1032/1148
f 4147/1194/1348 4032/1195/1349 4152/1032/1148
f 4032/1195/1349 3986/1030/1149 4152/1032/1148
f 1184/1196/965 1229/1197/1357 1133/1198/966
f 1229/1197/1357 1184/1196/965 1134/1199/963
f 1081/1200/1358 1062/1201/960 1002/1202/958
f 1081/1200/1358 1002/1203/958 1077/1204/957
f 1077/1204/957 1086/1205/1190 1081/1200/1358
f 1081/1200/1358 1108/1206/1359 1139/1207/961
f 1081/1200/1358 1139/1207/961 1062/1201/960
f 1134/1199/963 1225/1208/1360 1229/1197/1357
f 1229/1197/1357 1225/1208/1360 1329/1209/1361
f 1329/1209/1361 1225/1208/1360 1376/1210/1362
f 1329/1209/1361 1376/1210/1362 1365/1211/1363
f 1329/1209/1361 1365/1211/1363 1400/1212/1364
s 0
f 1376/1210/1365 1225/1208/1366 1296/1213/1367
s 1
f 1134/1199/963 1139/1207/961 1225/1208/1360
f 1225/1208/1360 1139/1207/961 1240/1214/1368
f 1139/1207/961 1108/1206/1359 1141/1215/1369
f 1108/1206/1359 1081/1200/1358 1104/1216/1370
f 1108/1206/1359 1104/1216/1370 1141/1215/1369
f 1104/1216/1370 1081/1200/1358 1086/1205/1190
f 1141/1215/1369 1194/1217/1371 1240/1214/1368
f 1141/1215/1369 1240/1214/1368 1139/1207/961
s 0
f 1240/1214/1372 1296/1213/1373 1225/1208/1374
s 1
f 1376/1210/1362 1296/1213/1375 1355/1218/1376
f 1365/1211/1363 1376/1210/1362 1472/1219/1377
f 1376/1210/1362 1437/1220/1378 1603/1221/1379
f 1376/1210/1362 1603/1221/1379 1472/1219/1377
f 1437/1220/1378 1376/1210/1362 1355/1218/1376
f 1603/1221/1379 1437/1220/1378 1619/1222/1380
f 1619/1222/1380 1437/1220/1378 1622/1223/1381
f 1296/1213/1382 1240/1214/1368 1266/1224/1383
s 0
f 1296/1213/1384 1266/1224/1385 1355/1218/1386
s 1
f 1194/1217/1371 1266/1224/1383 1240/1214/1368
f 1104/1216/1370 1086/1205/1190 1152/1225/1192
f 1152/1225/1192 1086/1205/1190 1146/1226/1191
f 1152/1225/1192 1156/1227/1195 1104/1216/1370
f 1104/1216/1370 1222/1228/1387 1141/1215/1369
s 0
f 1222/1228/1388 1104/1216/1389 1156/1227/1390
s 1
f 1194/1217/1371 1141/1215/1369 1222/1228/1387
f 1222/1228/1391 1156/1227/1195 1221/1229/1197
f 1222/1228/1387 1285/1230/1392 1194/1217/1371
s 0
f 1222/1228/1393 1221/1229/1394 1223/1231/1395
f 1222/1228/1396 1223/1231/1397 1285/1230/1398
s 1
f 1223/1231/1399 1221/1232/1197 1234/1233/1199
f 1223/1231/1399 1234/1233/1199 1285/1230/1392
f 1234/1233/1199 1301/1234/1400 1316/1235/1401
f 1234/1233/1199 1316/1235/1401 1285/1230/1392
f 1301/1234/1400 1234/1233/1199 1227/1236/1205
f 1301/1234/1400 1227/1236/1205 1288/1237/1206
s 0
f 1407/1238/1402 1301/1234/1403 1493/1239/1404
s 1
f 1301/1234/1400 1288/1237/1206 1493/1239/1405
s 0
f 1288/1237/1406 1284/1240/1407 1493/1239/1408
s 1
f 1372/1241/1409 1493/1239/1410 1284/1240/1208
f 1372/1241/1409 1284/1240/1208 1297/1242/1211
s 0
f 1627/1243/1411 1372/1241/1412 1297/1242/1413
s 1
f 1364/1244/1414 1297/1242/1211 1238/1245/1213
f 1297/1242/1211 1661/1246/1415 1627/1243/1416
f 1661/1246/1415 1297/1242/1211 1364/1244/1414
f 1306/1247/1417 1364/1244/1414 1238/1248/1213
f 1740/1249/1418 1364/1244/1414 1306/1247/1417
f 1438/1250/1419 1306/1247/1417 1282/1251/1420
f 1740/1249/1418 1306/1247/1417 1438/1250/1419
f 1438/1250/1419 1282/1251/1420 1346/1252/1421
f 1438/1250/1419 1346/1252/1421 1827/1253/1422
f 1827/1253/1422 1346/1252/1421 1491/1254/1423
f 1629/1255/1424 1827/1253/1422 1491/1254/1423
f 1629/1255/1424 1769/1256/1425 2076/1257/1426
f 2076/1257/1426 1769/1256/1425 1900/1258/1427
f 2076/1257/1426 1900/1258/1427 2103/1259/1428
f 1900/1258/1427 2055/1260/1429 2103/1259/1428
f 2103/1259/1428 2055/1260/1429 2264/1261/1430
f 2264/1261/1430 2055/1260/1429 2253/1262/1431
s 0
f 2253/1262/1432 2055/1260/1433 2237/1263/1434
s 1
f 2264/1261/1430 2253/1262/1431 2289/1264/1435
f 2076/1257/1426 2103/1259/1428 2105/1265/1436
f 2105/1265/1436 2103/1259/1428 2264/1261/1430
f 2076/1257/1426 1948/1266/1437 1629/1255/1424
f 1629/1255/1424 1948/1266/1437 1827/1253/1422
f 1827/1253/1422 1740/1249/1418 1438/1250/1419
f 1912/1267/1438 1827/1253/1422 1948/1266/1437
f 2105/1265/1436 1948/1266/1437 2076/1257/1426
f 1948/1266/1437 2105/1265/1436 2052/1268/1439
f 1948/1266/1437 2052/1268/1439 1944/1269/1440
f 1948/1266/1437 1944/1269/1440 1912/1267/1438
f 1827/1253/1422 1912/1267/1438 1740/1249/1418
f 1740/1249/1418 1814/1270/1441 1661/1246/1415
f 1740/1249/1418 1661/1246/1415 1364/1244/1414
f 1814/1270/1441 1740/1249/1418 1912/1267/1438
f 1814/1270/1441 1912/1267/1438 1944/1269/1440
f 1746/1271/1442 1814/1270/1441 1896/1272/1443
s 0
f 1896/1272/1444 1814/1270/1445 1944/1269/1446
s 1
f 2058/1273/1447 1896/1272/1443 1944/1269/1440
f 1896/1272/1443 2058/1273/1447 2025/1274/1448
f 2106/1275/1449 2058/1273/1447 1944/1269/1440
f 1944/1269/1440 2052/1268/1439 2106/1275/1449
f 2106/1275/1449 2052/1268/1439 2157/1276/1450
f 2208/1277/1451 2157/1276/1450 2242/1278/1452
f 2370/1279/1453 2242/1278/1452 2305/1280/1454
f 2305/1280/1454 2242/1278/1452 2299/1281/1455
f 2242/1278/1452 2157/1276/1450 2158/1282/1456
f 2242/1278/1452 2158/1282/1456 2299/1281/1455
f 2052/1268/1439 2105/1265/1436 2157/1276/1450
f 2157/1276/1450 2105/1265/1436 2158/1282/1456
s 0
f 2299/1281/1457 2158/1282/1458 2264/1261/1459
s 1
f 2299/1281/1460 2264/1261/1430 2289/1264/1435
f 2264/1261/1430 2158/1282/1456 2105/1265/1436
f 2299/1281/1460 2289/1264/1435 2307/1283/1461
s 0
f 2307/1283/1462 2289/1264/1463 2253/1262/1464
f 2299/1281/1465 2307/1283/1466 2364/1284/1467
f 2299/1281/1468 2364/1284/1469 2305/1280/1470
f 2364/1284/1471 2357/1285/1472 2362/1286/1473
f 2305/1280/1474 2364/1284/1475 2362/1286/1476
f 2305/1280/1477 2362/1286/1478 2370/1279/1479
s 1
f 2370/1279/1453 2312/1287/1480 2242/1278/1452
f 2242/1278/1452 2312/1287/1480 2208/1277/1451
f 2370/1279/1453 2367/1288/1481 2312/1287/1480
f 2208/1277/1451 2159/1289/1482 2157/1276/1450
f 2157/1276/1450 2159/1289/1482 2106/1275/1449
f 2106/1275/1449 2159/1289/1482 2058/1273/1447
f 2058/1273/1447 2159/1289/1482 2025/1274/1448
f 2208/1277/1451 2312/1287/1480 2249/1290/1483
f 2159/1289/1482 2208/1277/1451 2204/1291/1484
s 0
f 2204/1291/1485 2208/1277/1486 2249/1290/1487
s 1
f 2159/1289/1482 2204/1291/1484 2154/1292/1488
s 0
f 2159/1289/1489 2154/1292/1490 2025/1274/1491
f 2025/1274/1492 2154/1292/1493 2007/1293/1494
s 1
f 2025/1274/1448 2007/1293/1495 1896/1272/1443
f 1896/1272/1443 2007/1293/1495 1746/1271/1442
f 1814/1270/1441 1746/1271/1442 1661/1246/1415
f 1661/1246/1415 1746/1271/1442 1627/1243/1416
f 1627/1243/1416 1746/1271/1442 1618/1294/1496
f 1493/1239/1410 1372/1241/1409 1566/1295/1497
f 1566/1295/1497 1372/1241/1409 1627/1243/1416
f 1407/1238/1498 1493/1239/1410 1466/1296/1499
f 1466/1296/1499 1493/1239/1410 1566/1295/1497
f 1678/1297/1500 1466/1296/1499 1566/1295/1497
f 1678/1297/1500 1566/1295/1497 1618/1294/1496
f 1618/1294/1496 1566/1295/1497 1627/1243/1416
f 1618/1294/1496 1746/1271/1442 2007/1293/1495
f 1847/1298/1501 1618/1294/1496 2007/1293/1495
f 1618/1294/1496 1847/1298/1501 1678/1297/1500
f 2002/1299/1502 2007/1293/1495 2154/1292/1488
f 2002/1299/1502 2154/1292/1488 1988/1300/1503
f 2154/1292/1488 2132/1301/1504 1988/1300/1503
f 2154/1292/1488 2204/1291/1484 2132/1301/1504
s 0
f 2254/1302/1505 2213/1303/1506 2204/1291/1507
s 1
f 2213/1303/1508 2254/1302/1509 2194/1304/1510
f 2204/1291/1484 2213/1303/1508 2132/1301/1504
f 2213/1303/1508 2194/1304/1510 2160/1305/1511
f 2254/1302/1509 2256/1306/1512 2218/1307/1513
f 2254/1302/1509 2218/1307/1513 2194/1304/1510
f 2193/1308/1514 2194/1304/1510 2218/1307/1513
f 2160/1305/1511 2194/1304/1510 2153/1309/1515
f 2135/1310/1516 2194/1304/1510 2193/1308/1514
s 0
f 2038/1311/1517 1971/1312/1518 2040/1313/1519
f 1848/1314/1520 1850/1315/1521 1818/1316/1522
s 1
f 1971/1312/1523 1850/1315/1524 1848/1314/1525
f 1995/1317/1526 1971/1312/1523 2038/1311/1527
f 2081/1318/1528 2040/1313/1529 2115/1319/1530
f 2115/1319/1530 2134/1320/1531 2081/1318/1528
f 2134/1320/1531 2115/1319/1530 2193/1308/1514
s 0
f 2134/1320/1532 2193/1308/1533 2177/1321/1534
s 1
f 2256/1306/1512 2271/1322/1535 2240/1323/1536
s 0
f 2256/1306/1537 2240/1323/1538 2218/1307/1539
f 2193/1308/1540 2218/1307/1541 2177/1321/1542
s 1
f 1133/1198/966 1229/1197/1357 1329/1209/1361
f 1133/1198/966 1329/1209/1361 1129/1324/1543
f 1133/1198/966 1129/1324/1543 986/1325/1544
f 808/1326/970 1133/1198/966 743/1327/984
f 1133/1198/966 986/1325/1544 743/1327/984
f 634/1328/1545 743/1327/984 986/1325/1544
f 743/1327/984 634/1328/1545 476/1329/1546
f 743/1327/984 476/1329/1546 333/1330/972
f 333/1330/972 476/1329/1546 207/1331/973
f 71/1332/974 207/1331/973 2466/1333/975
f 2696/1334/671 2466/1333/975 2467/1335/1547
s 0
f 2467/1335/1548 2466/1333/1549 207/1331/1550
s 1
f 634/1328/1545 986/1325/1544 835/1336/1551
f 1260/1337/1552 986/1325/1544 1129/1324/1543
f 1329/1209/1361 1400/1212/1364 1129/1324/1543
f 1400/1212/1364 1365/1211/1363 1472/1219/1377
f 1472/1219/1377 1603/1221/1379 1652/1338/1553
f 1603/1221/1379 1619/1222/1380 1777/1339/1554
f 1603/1221/1379 1777/1339/1554 1652/1338/1553
f 1777/1339/1554 1619/1222/1380 1734/1340/1555
f 1472/1219/1377 1652/1338/1553 1404/1341/1556
f 1472/1219/1377 1404/1341/1556 1400/1212/1364
f 1400/1212/1364 1404/1341/1556 1129/1324/1543
f 1129/1324/1543 1404/1341/1556 1260/1337/1552
f 986/1325/1544 1260/1337/1552 1057/1342/1557
f 986/1325/1544 1057/1342/1557 835/1336/1551
f 634/1328/1545 439/1343/1558 476/1329/1546
f 207/1331/973 476/1329/1546 201/1344/1559
f 201/1344/1559 476/1329/1546 439/1343/1558
f 2467/1335/1547 207/1331/973 201/1344/1559
f 2467/1335/1547 2665/1345/1560 2696/1334/671
f 2696/1334/671 2665/1345/1560 2885/1346/976
f 2885/1346/976 3033/1347/1008 2964/1348/670
f 2964/1348/670 3033/1347/1008 3152/1349/669
f 3033/1347/1008 2885/1346/976 3140/1350/1561
f 3306/1351/1007 3033/1347/1008 3140/1350/1561
f 3306/1351/1007 3321/1352/1562 3499/1353/1009
f 3306/1351/1007 3140/1350/1561 3321/1352/1562
f 2959/1354/1563 3140/1350/1561 2885/1346/976
f 2959/1354/1563 2885/1346/976 2665/1345/1560
f 634/1328/1545 835/1336/1551 912/1355/1564
f 1320/1356/1565 1260/1337/1552 1404/1341/1556
f 1404/1341/1556 1553/1357/1566 1320/1356/1565
f 1320/1356/1565 1242/1358/1567 1057/1342/1557
f 1320/1356/1565 1057/1342/1557 1260/1337/1552
f 1057/1342/1557 912/1355/1564 835/1336/1551
f 912/1355/1564 672/1359/1568 634/1328/1545
f 634/1328/1545 672/1359/1568 439/1343/1558
f 2665/1345/1560 2787/1360/1569 2959/1354/1563
f 2959/1354/1563 2787/1360/1569 3055/1361/1570
f 2959/1354/1563 3055/1361/1570 3140/1350/1561
f 3240/1362/1571 3321/1352/1562 3140/1350/1561
f 3240/1362/1571 3140/1350/1561 3055/1361/1570
f 3593/1363/1085 3598/1364/1084 3499/1353/1009
f 3593/1363/1085 3499/1353/1009 3321/1352/1562
f 3321/1352/1562 3240/1362/1571 3615/1365/1572
f 3321/1352/1562 3615/1365/1572 3593/1363/1085
f 3520/1366/1083 3558/1367/1086 3477/1368/1087
f 3560/1369/1573 3558/1367/1086 3593/1363/1085
f 3560/1369/1573 3593/1363/1085 3615/1365/1572
f 3393/1370/1089 3477/1368/1087 3390/1371/1574
f 3477/1368/1087 3558/1367/1086 3560/1369/1573
f 3479/1372/1575 3477/1368/1087 3560/1369/1573
f 3477/1368/1087 3479/1372/1575 3390/1371/1574
f 3479/1372/1575 3394/1373/1576 3390/1371/1574
f 3393/1370/1089 3390/1371/1574 3401/1374/1091
f 3401/1374/1091 3390/1371/1574 3341/1375/1092
s 0
f 3365/1376/1577 3341/1375/1578 3286/1377/1579
s 1
f 3365/1376/1093 3286/1377/1580 3357/1378/1096
f 3327/1379/1097 3357/1378/1096 3286/1377/1580
s 0
f 3327/1379/1581 3310/1380/1582 3467/1381/1583
f 3327/1379/1584 3286/1377/1585 3276/1382/1586
f 3327/1379/1587 3276/1382/1588 3310/1380/1589
s 1
f 3467/1383/1590 3310/1380/1591 3469/1384/1592
f 3469/1384/1592 3310/1380/1591 3371/1385/1593
f 3469/1386/1592 3371/1385/1593 3373/1387/1594
f 3469/1386/1592 3373/1387/1594 3522/1388/1595
f 3494/1389/1596 3522/1388/1595 3392/1390/1597
f 3392/1390/1597 3522/1388/1595 3373/1387/1594
f 3442/1391/1598 3494/1389/1596 3392/1390/1597
f 3436/1392/1599 3494/1389/1596 3442/1391/1598
f 3373/1387/1594 3371/1385/1593 3112/1393/1600
f 3373/1387/1594 3112/1393/1600 3392/1390/1597
f 3142/1394/1601 3371/1385/1593 3310/1380/1591
f 3142/1394/1601 3310/1380/1591 3276/1382/1602
f 3286/1377/1603 3341/1375/1092 3207/1395/1604
f 3299/1396/1605 3341/1375/1092 3390/1371/1574
f 3207/1395/1604 3341/1375/1092 3299/1396/1605
f 3299/1396/1605 3390/1371/1574 3236/1397/1606
f 3236/1397/1606 3390/1371/1574 3394/1373/1576
f 3479/1372/1575 3474/1398/1607 3394/1373/1576
f 3474/1398/1607 3479/1372/1575 3560/1369/1573
f 3474/1398/1607 3560/1369/1573 3395/1399/1608
f 3474/1398/1607 3395/1399/1608 3515/1400/1609
f 3395/1399/1608 3560/1369/1573 3615/1365/1572
s 0
f 3395/1399/1610 3615/1365/1611 3240/1362/1612
s 1
f 3055/1361/1570 3052/1401/1613 3240/1362/1571
f 3052/1401/1613 3055/1361/1570 2787/1360/1569
f 2693/1402/1614 2787/1360/1569 2665/1345/1560
f 2693/1402/1614 2665/1345/1560 2467/1335/1547
f 2467/1335/1547 201/1344/1559 2462/1403/1615
f 318/1404/1616 201/1344/1559 439/1343/1558
f 2467/1335/1547 2462/1403/1615 2693/1402/1614
f 2944/1405/1617 2787/1360/1569 2693/1402/1614
f 3052/1401/1613 2787/1360/1569 2944/1405/1617
f 3240/1362/1571 3052/1401/1613 3395/1399/1608
f 3515/1400/1609 3395/1399/1608 3052/1401/1613
s 0
f 3052/1401/1618 2944/1405/1619 3138/1406/1620
f 318/1404/1621 2462/1403/1622 201/1344/1623
s 1
f 318/1404/1616 439/1343/1558 672/1359/1568
f 672/1359/1568 912/1355/1564 645/1407/1624
f 912/1355/1564 872/1408/1625 645/1407/1624
f 1057/1342/1557 1242/1358/1567 1125/1409/1626
s 0
f 1125/1409/1627 912/1355/1628 1057/1342/1629
f 872/1408/1630 912/1355/1631 1125/1409/1632
s 1
f 672/1359/1568 645/1407/1624 318/1404/1616
s 0
f 2462/1403/1633 318/1404/1634 90/1410/1635
s 1
f 344/1411/1636 318/1404/1616 645/1407/1624
f 318/1404/1616 344/1411/1636 90/1410/1637
f 645/1407/1624 631/1412/1638 344/1411/1636
s 0
f 2462/1403/1639 90/1410/1640 2570/1413/1641
s 1
f 1395/1414/1642 1242/1358/1567 1320/1356/1565
f 1395/1414/1642 1320/1356/1565 1553/1357/1566
f 1739/1415/1643 1404/1341/1556 1652/1338/1553
f 1777/1339/1554 1734/1340/1555 1838/1416/1644
f 1777/1339/1554 1838/1416/1644 1869/1417/1645
f 1792/1418/1646 1838/1416/1644 1734/1340/1555
f 1622/1223/1381 1792/1418/1646 1734/1340/1555
f 1622/1223/1381 1734/1340/1555 1619/1222/1380
f 1622/1223/1381 1437/1220/1378 1582/1419/1647
f 1437/1220/1378 1355/1218/1376 1582/1419/1647
f 1622/1223/1381 1582/1419/1647 1729/1420/1648
f 1622/1223/1381 1729/1420/1648 1792/1418/1646
f 1792/1418/1646 1904/1421/1649 1838/1416/1644
f 1654/1422/1650 1582/1419/1647 1355/1218/1376
f 1266/1224/1383 1194/1217/1371 1285/1230/1392
f 1266/1224/1383 1285/1230/1392 1316/1235/1401
f 1407/1238/1651 1316/1235/1401 1301/1234/1400
f 1407/1238/1498 1466/1296/1499 1503/1423/1652
f 1503/1423/1652 1466/1296/1499 1681/1424/1653
f 1466/1296/1499 1678/1297/1500 1681/1424/1653
f 1678/1297/1500 1847/1298/1501 1840/1425/1654
f 1840/1425/1654 1847/1298/1501 2007/1293/1495
f 2007/1293/1495 2002/1299/1502 1825/1426/1655
f 1840/1425/1654 2007/1293/1495 1825/1426/1655
f 1825/1426/1655 2002/1299/1502 1988/1300/1503
f 1678/1297/1500 1840/1425/1654 1729/1420/1648
f 1678/1297/1500 1729/1420/1648 1681/1424/1653
s 0
f 1503/1423/1656 1681/1424/1657 1654/1422/1658
s 1
f 1407/1238/1651 1401/1427/1659 1316/1235/1401
s 0
f 1407/1238/1660 1503/1423/1661 1401/1427/1662
s 1
f 1266/1224/1383 1316/1235/1401 1401/1427/1659
f 1266/1224/1383 1401/1427/1659 1355/1218/1376
f 1355/1218/1376 1401/1427/1659 1503/1423/1663
f 1355/1218/1376 1503/1423/1663 1654/1422/1650
f 1582/1419/1647 1654/1422/1650 1729/1420/1648
f 1838/1416/1644 1904/1421/1649 1869/1417/1645
s 0
f 1996/1428/1664 1904/1421/1665 1963/1429/1666
s 1
f 1963/1429/1667 2046/1430/1668 1996/1428/1669
f 1963/1429/1667 1904/1421/1649 2046/1430/1668
f 2046/1430/1668 1904/1421/1649 1988/1300/1503
f 1904/1421/1649 1792/1418/1646 1825/1426/1655
f 1988/1300/1503 1904/1421/1649 1825/1426/1655
s 0
f 1792/1418/1670 1729/1420/1671 1825/1426/1672
s 1
f 1996/1428/1669 2046/1430/1668 2043/1431/1673
f 1996/1428/1669 1869/1417/1645 1904/1421/1649
f 1996/1428/1669 2043/1431/1673 1869/1417/1645
f 2194/1304/1510 2043/1431/1673 2046/1430/1668
f 2043/1431/1673 2194/1304/1510 2135/1310/1516
s 0
f 2153/1309/1674 2194/1304/1675 2046/1430/1676
s 1
f 2213/1303/1508 2160/1305/1511 2132/1301/1504
f 2132/1301/1504 2160/1305/1511 2153/1309/1515
f 1988/1300/1503 2132/1301/1504 2153/1309/1515
f 1988/1300/1503 2153/1309/1515 2046/1430/1668
f 1825/1426/1655 1729/1420/1648 1840/1425/1654
f 1681/1424/1653 1729/1420/1648 1654/1422/1650
f 3444/975/1071 3412/976/1002 3454/920/1003
s 0
f 3447/1027/1677 3444/975/1678 3472/1028/1679
s 1
f 3444/975/1071 3454/920/1003 3472/1028/1680
f 3472/1028/1680 3454/920/1003 3478/980/1078
f 3472/1028/1680 3478/980/1078 3473/984/1082
f 3472/1028/1680 3473/984/1082 3459/1015/1113
f 3472/1028/1680 3459/1015/1113 3487/1016/1117
f 3473/984/1082 3510/983/1081 3431/990/1088
f 3431/990/1088 3510/983/1081 3520/985/1083
f 1233/1109/1238 1259/1066/1183 1277/1064/1181
f 1259/1066/1183 1233/1109/1238 1168/1076/1194
f 1259/1066/1183 1168/1076/1194 1188/1063/1177
f 1168/1076/1194 1171/1067/1184 1188/1063/1177
f 1473/1116/1245 1457/1122/1251 1450/1149/1276
f 1473/1116/1245 1450/1149/1276 1463/1117/1246
f 1463/1117/1246 1450/1149/1276 1429/1150/1277
f 1463/1117/1246 1429/1150/1277 1394/1432/1681
f 1429/1150/1277 1269/1148/1275 1394/1432/1681
f 1394/1432/1681 1269/1148/1275 1093/1151/1278
f 927/1154/1281 999/1433/1682 1093/1151/1278
f 927/1154/1281 876/1155/1282 999/1433/1682
f 876/1155/1282 622/1153/1280 734/1434/1683
f 734/1434/1683 622/1153/1280 434/1156/1283
f 876/1155/1282 734/1434/1683 921/1435/1684
f 999/1433/1682 876/1155/1282 921/1435/1684
f 734/1434/1683 434/1156/1283 431/1166/1297
f 183/1436/1685 192/1159/1286 2487/1165/1296
f 431/1166/1297 192/1159/1286 183/1436/1685
f 431/1166/1297 825/1437/1686 734/1434/1683
f 734/1434/1683 825/1437/1686 921/1435/1684
s 0
f 1254/1438/1687 1093/1151/1688 999/1433/1689
s 1
f 1366/1439/1690 1093/1151/1278 1254/1438/1691
f 1093/1151/1278 1366/1439/1690 1394/1432/1681
f 1394/1432/1681 1366/1439/1690 1337/1440/1692
f 1394/1432/1681 1337/1440/1692 1463/1117/1246
f 1463/1117/1246 1337/1440/1692 1303/1114/1243
f 1463/1117/1246 1303/1114/1243 1363/1115/1244
f 1303/1114/1243 1337/1440/1692 1219/1113/1242
f 1337/1440/1692 1366/1439/1690 1314/1441/1693
f 1314/1441/1693 1366/1439/1690 1254/1438/1691
f 1219/1113/1242 1337/1440/1692 1314/1441/1693
f 1246/1442/1694 1314/1441/1693 1254/1438/1691
f 1314/1441/1693 1246/1442/1694 1249/1443/1695
f 1314/1441/1693 1249/1443/1695 1164/1444/1696
f 1314/1441/1693 1164/1444/1696 1219/1113/1242
s 0
f 1219/1113/1697 1164/1444/1698 1166/1445/1699
s 1
f 1219/1113/1242 1166/1445/1700 1186/1104/1227
f 1186/1104/1227 1166/1445/1700 1142/1102/1225
f 1142/1102/1225 1166/1445/1700 1063/1446/1701
f 1000/1447/1702 1166/1445/1700 1164/1444/1696
f 1164/1444/1696 1249/1443/1695 1095/1448/1703
f 1151/1449/1704 1249/1443/1695 1246/1442/1694
f 1096/1450/1705 1249/1443/1695 1151/1449/1704
f 1164/1444/1696 1095/1448/1703 1000/1447/1702
f 1095/1448/1703 1249/1443/1695 1080/1451/1706
s 0
f 1080/1451/1707 1249/1443/1708 1096/1450/1709
s 1
f 1095/1448/1703 968/1452/1710 1000/1447/1702
f 1095/1448/1703 1080/1451/1706 968/1452/1710
f 968/1452/1710 1080/1451/1706 983/1453/1711
f 1080/1451/1706 1096/1450/1705 1085/1454/1712
f 1080/1451/1706 1085/1454/1712 862/1455/1713
f 1080/1451/1706 862/1455/1713 983/1453/1711
f 983/1453/1711 862/1455/1713 811/1456/1714
f 968/1452/1710 983/1453/1711 923/1457/1715
f 983/1453/1711 811/1456/1714 923/1457/1715
f 1063/1446/1701 1000/1447/1702 968/1452/1710
f 1000/1447/1702 1063/1446/1701 1166/1445/1700
f 1063/1446/1701 1049/1458/1716 1147/1101/1224
f 1063/1446/1701 1147/1101/1224 1142/1102/1225
f 1049/1458/1716 1063/1446/1701 968/1452/1710
s 0
f 1049/1458/1717 968/1452/1718 901/1459/1719
s 1
f 975/1460/1720 1049/1458/1716 901/1459/1721
f 901/1459/1721 968/1452/1710 923/1457/1715
f 987/1461/1722 862/1455/1713 1085/1454/1712
f 862/1455/1713 987/1461/1722 800/1462/1723
f 987/1461/1722 1085/1454/1712 825/1437/1686
f 825/1437/1686 1085/1454/1712 921/1435/1684
f 987/1461/1722 825/1437/1686 800/1462/1723
f 921/1435/1684 1085/1454/1712 1096/1450/1705
f 800/1462/1723 825/1437/1686 517/1463/1724
f 811/1456/1714 862/1455/1713 789/1464/1725
f 789/1464/1725 862/1455/1713 800/1462/1723
f 923/1457/1715 811/1456/1714 713/1465/1726
f 811/1456/1714 789/1464/1725 713/1465/1726
f 923/1457/1715 713/1465/1726 784/1466/1727
f 923/1457/1715 784/1466/1727 901/1459/1721
s 0
f 784/1466/1728 712/1467/1729 896/1468/1730
s 1
f 784/1466/1727 896/1468/1731 901/1459/1721
f 901/1459/1721 896/1468/1731 975/1460/1720
f 1049/1458/1716 975/1460/1720 958/1469/1732
f 958/1469/1732 1121/1099/1221 1049/1458/1716
f 958/1469/1732 887/1470/1733 1121/1099/1221
f 1121/1099/1221 887/1470/1733 1202/1090/1210
f 1049/1458/1716 1121/1099/1221 1144/1100/1223
f 1049/1458/1716 1144/1100/1223 1147/1101/1224
s 0
f 1777/1339/1734 1787/1471/1735 1652/1338/1736
s 1
f 1777/1339/1554 1869/1417/1645 1787/1471/1737
s 0
f 1652/1338/1738 1787/1471/1739 1739/1415/1740
s 1
f 1404/1341/1556 1739/1415/1643 1553/1357/1566
f 1242/1358/1567 1395/1414/1642 1610/1472/1741
f 1739/1415/1643 1787/1471/1737 1828/1473/1742
f 1739/1415/1643 1752/1474/1743 1553/1357/1566
f 1739/1415/1643 1828/1473/1742 1752/1474/1743
f 1553/1357/1566 1752/1474/1743 1610/1472/1741
f 1610/1472/1741 1752/1474/1743 1630/1475/1744
f 1610/1472/1741 1395/1414/1642 1553/1357/1566
f 1454/1476/1745 1610/1472/1741 1630/1475/1744
f 1726/1477/1746 1752/1474/1743 1818/1316/1747
f 1630/1475/1744 1752/1474/1743 1726/1477/1746
f 1630/1475/1744 1498/1478/1748 1454/1476/1745
f 1853/1479/1749 1818/1316/1747 1752/1474/1743
f 1818/1316/1747 1853/1479/1749 1848/1314/1525
f 1853/1479/1749 1752/1474/1743 1828/1473/1742
f 1974/1480/1750 1828/1473/1742 1787/1471/1737
f 1828/1473/1742 1974/1480/1750 1853/1479/1749
f 1974/1480/1750 1787/1471/1737 1869/1417/1645
f 1974/1480/1750 1869/1417/1645 2135/1310/1516
f 1869/1417/1645 2043/1431/1673 2135/1310/1516
s 0
f 2115/1319/1751 1974/1480/1752 2135/1310/1753
s 1
f 2115/1319/1530 2135/1310/1516 2193/1308/1514
s 0
f 1974/1480/1754 2115/1319/1755 2040/1313/1756
s 1
f 2040/1313/1757 1971/1312/1523 1974/1480/1750
f 1974/1480/1750 1971/1312/1523 1848/1314/1525
f 1848/1314/1525 1853/1479/1749 1974/1480/1750
f 1246/1442/1694 1254/1438/1691 999/1433/1682
f 1151/1449/1704 1246/1442/1694 999/1433/1682
f 999/1433/1682 921/1435/1684 1151/1449/1704
f 1151/1449/1704 921/1435/1684 1096/1450/1705
f 2462/1403/1615 2570/1413/1758 2681/1481/1759
f 2462/1403/1615 2681/1481/1759 2693/1402/1614
f 2944/1405/1617 2693/1402/1614 2681/1481/1759
f 3052/1401/1613 3138/1406/1760 3320/1482/1761
f 3052/1401/1613 3320/1482/1761 3515/1400/1609
f 2681/1481/1759 2752/1483/1762 2944/1405/1617
f 2944/1405/1617 2752/1483/1762 3122/1484/1763
f 3138/1406/1760 2944/1405/1617 3242/1485/1764
f 3320/1482/1761 3138/1406/1760 3242/1485/1764
f 3242/1485/1764 2944/1405/1617 3122/1484/1763
f 3242/1485/1764 3122/1484/1763 3192/1486/1765
f 3038/1487/1766 3122/1484/1763 2752/1483/1762
f 3192/1486/1765 3164/1488/1767 3242/1485/1764
f 3164/1488/1767 3149/1489/1768 3242/1485/1764
f 3149/1489/1768 3164/1488/1767 3187/1490/1769
f 3164/1488/1767 3192/1486/1765 3103/1491/1770
f 3164/1488/1767 3029/1492/1771 3187/1490/1769
f 3029/1492/1771 3164/1488/1767 3103/1491/1770
f 3187/1490/1769 3029/1492/1771 3032/1493/1772
f 3017/1494/1773 3125/1495/1774 3032/1493/1772
f 3032/1493/1772 3029/1492/1771 2818/1496/1775
f 3032/1493/1772 2818/1496/1775 2849/1497/1776
f 3019/1498/1777 3029/1492/1771 3103/1491/1770
f 2818/1496/1775 3029/1492/1771 3019/1498/1777
f 2818/1496/1775 3019/1498/1777 2854/1499/1778
f 3032/1493/1772 2849/1497/1776 3017/1494/1773
f 2849/1497/1776 2857/1500/1779 3017/1494/1773
f 3207/1395/1604 3125/1495/1774 3017/1494/1773
f 3032/1493/1772 3125/1495/1774 3187/1490/1769
f 3187/1490/1769 3236/1397/1606 3149/1489/1768
f 3149/1489/1768 3383/1501/1780 3242/1485/1764
f 3236/1397/1606 3187/1490/1769 3299/1396/1605
f 3299/1396/1605 3187/1490/1769 3125/1495/1774
f 3149/1489/1768 3236/1397/1606 3394/1373/1576
f 3299/1396/1605 3125/1495/1774 3207/1395/1604
f 3207/1395/1604 3181/1502/1781 3286/1377/1603
f 3207/1395/1604 3017/1494/1773 3181/1502/1781
f 3286/1377/1603 3181/1502/1781 3276/1382/1602
f 3181/1502/1781 3098/1503/1782 3276/1382/1602
f 3048/1504/1783 3181/1502/1781 3017/1494/1773
f 3098/1503/1782 3181/1502/1781 3048/1504/1783
f 3142/1394/1601 3276/1382/1602 3098/1503/1782
f 3371/1385/1593 3142/1394/1601 3005/1505/1784
f 3371/1385/1593 3005/1505/1784 3112/1393/1600
f 3142/1394/1601 3098/1503/1782 2922/1506/1785
f 3142/1394/1601 2922/1506/1785 3005/1505/1784
f 3048/1504/1783 3017/1494/1773 2857/1500/1779
f 3048/1504/1783 2922/1506/1785 3098/1503/1782
f 3112/1393/1600 3123/1507/1786 3392/1390/1597
f 3392/1390/1597 3123/1507/1786 3168/1508/1787
f 3392/1390/1597 3168/1508/1787 3442/1391/1598
s 0
f 3442/1391/1788 3168/1508/1789 3259/1509/1790
s 1
f 3442/1391/1598 3259/1509/1791 3436/1392/1599
f 3436/1392/1599 3259/1509/1791 3428/1510/1792
f 3436/1392/1599 3638/1511/1793 3844/1512/1794
f 3638/1511/1793 3436/1392/1599 3428/1510/1792
f 3649/1513/1795 3725/1514/1796 3638/1511/1793
s 0
f 3725/1514/1797 3649/1513/1798 3799/1515/1799
s 1
f 3915/1516/1800 3799/1515/1801 3914/1517/1802
f 3914/1517/1802 3799/1515/1801 3738/1518/1803
f 3915/1516/1800 3914/1517/1802 3961/1519/1804
f 3915/1516/1800 3961/1519/1804 4026/1520/1805
f 4026/1520/1805 3961/1519/1804 4022/1521/1806
f 4084/1522/1807 4026/1520/1805 4022/1521/1806
f 4084/1522/1807 4022/1521/1806 4093/1523/1808
f 4245/1524/1809 4084/1522/1807 4186/1525/1810
f 4186/1525/1810 4084/1522/1807 4093/1523/1808
f 4240/1526/1811 4186/1525/1810 4189/1527/1812
f 4048/1528/1813 4186/1525/1810 4093/1523/1808
f 4093/1523/1808 4022/1521/1806 3789/1529/1814
f 3961/1519/1804 3914/1517/1802 3739/1530/1815
f 4022/1521/1806 3961/1519/1804 3739/1530/1815
f 3739/1530/1815 3692/1531/1816 3653/1532/1817
f 3692/1531/1816 3739/1530/1815 3914/1517/1802
f 3653/1532/1817 3692/1531/1816 3597/1533/1818
s 0
f 3597/1533/1819 3692/1531/1820 3135/1534/1821
f 3135/1534/1822 3692/1531/1823 3513/1535/1824
s 1
f 3738/1518/1803 3692/1531/1816 3914/1517/1802
f 3513/1535/1825 3692/1531/1816 3606/1536/1826
f 3606/1536/1826 3692/1531/1816 3738/1518/1803
f 3738/1518/1803 3799/1515/1801 3649/1513/1795
f 3738/1518/1803 3649/1513/1795 3609/1537/1827
f 3649/1513/1795 3349/1538/1828 3609/1537/1827
f 3488/1539/1829 3349/1538/1828 3649/1513/1795
f 3183/1540/1830 3349/1538/1828 3488/1539/1829
f 2951/1541/1831 3349/1538/1828 3183/1540/1830
f 3183/1540/1830 3168/1508/1787 2905/1542/1832
f 3168/1508/1787 3183/1540/1830 3259/1509/1791
f 3259/1509/1791 3183/1540/1830 3428/1510/1792
f 3428/1510/1792 3183/1540/1830 3488/1539/1829
f 3428/1510/1792 3488/1539/1829 3649/1513/1795
f 3428/1510/1792 3649/1513/1795 3638/1511/1793
f 3042/1543/1833 3123/1507/1786 3112/1393/1600
f 3042/1543/1833 3112/1393/1600 3005/1505/1784
f 3042/1543/1833 3005/1505/1784 2633/1544/1834
s 0
f 2633/1544/1835 3005/1505/1836 2922/1506/1837
s 1
f 2633/1544/1834 2922/1506/1785 2601/1545/1838
f 2749/1546/1839 2922/1506/1785 3048/1504/1783
f 2601/1545/1838 2922/1506/1785 2749/1546/1839
f 2749/1546/1839 3048/1504/1783 2857/1500/1779
f 2601/1545/1838 2749/1546/1839 2647/1547/1840
f 2647/1547/1840 2749/1546/1839 2408/1548/1841
f 2629/1549/1842 2749/1546/1839 2651/1550/1843
f 2749/1546/1839 2629/1549/1842 2408/1548/1841
f 2633/1544/1834 2594/1551/1844 3042/1543/1833
f 3168/1508/1787 3123/1507/1786 2905/1542/1832
f 3123/1507/1786 3042/1543/1833 2853/1552/1845
f 3123/1507/1786 2853/1552/1845 2905/1542/1832
s 0
f 2853/1552/1846 2747/1553/1847 2905/1542/1848
s 1
f 2853/1552/1845 3042/1543/1833 2594/1551/1844
f 2633/1544/1834 2601/1545/1838 2647/1547/1840
f 2633/1544/1834 2647/1547/1840 2380/1554/1849
f 2380/1554/1849 2647/1547/1840 2483/1555/1850
f 2853/1552/1845 2594/1551/1844 2585/1556/1851
f 2905/1542/1852 2747/1553/1853 2759/1557/1854
s 0
f 3183/1540/1855 2905/1542/1856 2951/1541/1857
s 1
f 2951/1541/1831 2870/1558/1858 3349/1538/1828
f 3349/1538/1828 2870/1558/1858 3609/1537/1827
f 3609/1537/1827 2870/1558/1858 2957/1559/1859
f 2951/1541/1831 2905/1542/1852 2759/1557/1854
f 2719/1560/1860 2747/1553/1853 2853/1552/1845
f 2747/1553/1853 2719/1560/1860 2654/1561/1861
f 2747/1553/1853 2654/1561/1861 2759/1557/1854
f 377/1562/1862 2719/1560/1860 2585/1556/1851
f 2951/1541/1831 2759/1557/1854 2880/1563/1863
f 2880/1563/1863 2759/1557/1854 2654/1561/1861
f 77/1564/1864 2654/1561/1861 2719/1560/1860
f 77/1564/1864 2719/1560/1860 377/1562/1862
f 2585/1556/1851 2719/1560/1860 2853/1552/1845
f 2585/1556/1851 2594/1551/1844 2380/1554/1849
f 2585/1556/1851 2380/1554/1849 28/1565/1865
f 280/1566/1866 28/1565/1865 2380/1554/1849
f 280/1566/1866 2380/1554/1849 2483/1555/1850
s 0
f 280/1566/1867 2483/1555/1868 299/1567/1869
s 1
f 2594/1551/1844 2633/1544/1834 2380/1554/1849
f 2483/1555/1850 2647/1547/1840 2408/1548/1841
f 2483/1555/1850 2408/1548/1841 299/1567/1870
f 2408/1548/1841 128/1568/1871 256/1569/1872
f 2408/1548/1841 2629/1549/1842 128/1568/1871
f 2408/1548/1841 256/1569/1872 299/1567/1870
f 128/1568/1871 2629/1549/1842 2564/1570/1873
f 2564/1570/1873 2629/1549/1842 2651/1550/1843
s 0
f 418/1571/1874 256/1569/1875 370/1572/1876
s 1
f 299/1567/1870 256/1569/1872 418/1571/1877
f 299/1567/1870 418/1571/1877 463/1573/1878
f 280/1566/1866 299/1567/1870 463/1573/1878
f 651/1574/1879 463/1573/1878 548/1575/1880
f 463/1573/1878 660/1576/1881 280/1566/1866
f 660/1576/1881 463/1573/1878 651/1574/1879
f 280/1566/1866 620/1577/1882 28/1565/1865
f 28/1565/1865 506/1578/1883 2585/1556/1851
f 2585/1556/1851 506/1578/1883 377/1562/1862
f 77/1564/1864 377/1562/1862 499/1579/1884
f 77/1564/1864 2513/1580/1885 2654/1561/1861
f 2654/1561/1861 2513/1580/1885 2880/1563/1863
s 0
f 2880/1563/1886 2806/1581/1887 2870/1558/1888
s 1
f 2951/1541/1831 2880/1563/1863 2870/1558/1858
f 2957/1559/1859 2870/1558/1858 2806/1581/1889
f 3513/1535/1890 2957/1559/1859 3049/1582/1891
s 0
f 2957/1559/1892 3513/1535/1893 3609/1537/1894
f 3609/1537/1895 3513/1535/1896 3606/1536/1897
f 3609/1537/1898 3606/1536/1899 3738/1518/1900
f 2487/1165/1901 2713/1164/1902 2492/1184/1903
s 1
f 2487/1165/1296 2492/1184/1904 183/1436/1685
f 825/1437/1686 431/1166/1297 517/1463/1724
f 517/1463/1724 431/1166/1297 183/1436/1685
f 517/1463/1724 751/1583/1905 800/1462/1723
f 800/1462/1723 751/1583/1905 789/1464/1725
f 789/1464/1725 699/1584/1906 713/1465/1726
f 699/1584/1906 789/1464/1725 751/1583/1905
f 713/1465/1726 699/1584/1906 625/1585/1907
f 784/1466/1727 713/1465/1726 625/1585/1907
f 784/1466/1727 625/1585/1907 498/1586/1908
f 427/1587/1909 699/1584/1906 751/1583/1905
f 427/1587/1909 751/1583/1905 517/1463/1724
f 427/1587/1909 517/1463/1724 183/1436/1685
s 0
f 427/1587/1910 183/1436/1911 176/1588/1912
s 1
f 183/1436/1685 2492/1184/1904 176/1588/1913
f 176/1588/1913 2492/1184/1904 173/1589/1914
f 427/1587/1909 176/1588/1913 699/1584/1906
f 625/1585/1907 343/1590/1915 498/1586/1908
f 498/1586/1908 232/1591/1916 593/1592/1917
f 498/1586/1908 593/1592/1917 712/1467/1918
f 712/1467/1918 593/1592/1917 798/1593/1919
f 784/1466/1727 498/1586/1908 712/1467/1918
f 896/1468/1731 712/1467/1918 887/1470/1733
f 975/1460/1720 896/1468/1731 958/1469/1732
f 958/1469/1732 896/1468/1731 887/1470/1733
f 887/1470/1733 712/1467/1918 798/1593/1919
f 887/1470/1733 798/1593/1919 891/1594/1920
f 887/1470/1733 891/1594/1920 980/1096/1216
s 0
f 906/1595/1921 980/1096/1922 891/1594/1923
s 1
f 891/1594/1920 798/1593/1919 505/1596/1924
f 3394/1373/1576 3383/1501/1780 3149/1489/1768
f 3394/1373/1576 3474/1398/1607 3383/1501/1780
f 3383/1501/1780 3474/1398/1607 3515/1400/1609
f 3383/1501/1780 3515/1400/1609 3320/1482/1761
f 3383/1501/1780 3320/1482/1761 3242/1485/1764
f 4315/1597/1154 4145/1598/1130 4273/1599/1925
f 4315/1597/1154 4273/1599/1925 4384/1600/1926
f 4145/1598/1130 4083/1601/1132 4273/1599/1925
f 4096/1602/1131 3937/1603/1927 3970/1604/1928
f 4096/1602/1131 3970/1604/1928 4083/1601/1132
f 4083/1601/1132 3970/1604/1928 4027/1605/1929
f 3970/1604/1928 3937/1603/1927 3866/1606/1930
f 3807/1607/1931 3970/1604/1928 3866/1606/1930
s 0
f 3866/1606/1932 3837/1608/1933 3807/1607/1934
s 1
f 3837/1608/1105 3760/1609/1104 3680/1610/1102
s 0
f 3680/1610/1935 3760/1609/1936 3676/1611/1937
s 1
f 3837/1608/1105 3680/1610/1102 3746/1612/1938
f 3562/1613/1939 3663/1614/1100 3502/1615/1098
f 3680/1610/1102 3663/1614/1100 3562/1613/1939
f 3680/1610/1102 3562/1613/1939 3639/1616/1940
f 3502/1615/1098 3467/1617/1941 3562/1613/1939
f 3467/1617/1941 3502/1615/1098 3462/1618/1095
s 0
f 3562/1613/1942 3467/1617/1943 3550/1619/1944
f 3550/1619/1945 3467/1617/1946 3469/1620/1947
s 1
f 3327/1621/1097 3467/1617/1941 3462/1618/1095
f 3562/1613/1939 3550/1619/1948 3639/1616/1940
f 3550/1619/1948 3632/1622/1949 3639/1616/1940
f 3639/1616/1940 3632/1622/1949 3678/1623/1950
f 3639/1616/1940 3678/1623/1950 3680/1610/1102
f 3678/1623/1950 3746/1612/1938 3680/1610/1102
f 3837/1608/1105 3746/1612/1938 3807/1607/1951
f 3807/1607/1951 3746/1612/1938 3678/1623/1950
f 3694/1624/1952 3678/1623/1950 3632/1622/1949
f 3522/1625/1595 3550/1619/1948 3469/1620/1592
f 3550/1619/1948 3522/1625/1595 3632/1622/1949
f 3632/1622/1949 3522/1625/1595 3494/1626/1596
f 3752/1627/1953 3632/1622/1949 3494/1626/1596
s 0
f 3494/1626/1954 3436/1628/1955 3752/1627/1956
f 3752/1627/1957 3436/1628/1958 3792/1629/1959
s 1
f 3792/1629/1960 3436/1628/1599 3844/1630/1794
f 3844/1630/1794 3638/1631/1793 3725/1632/1796
f 3890/1633/1961 3844/1630/1794 3725/1632/1796
f 3844/1630/1794 3850/1634/1962 3792/1629/1960
s 0
f 3792/1629/1963 3795/1635/1964 3752/1627/1965
s 1
f 3632/1622/1949 3752/1627/1953 3694/1624/1952
f 3694/1624/1952 3752/1627/1953 3743/1636/1966
f 3678/1623/1950 3694/1624/1952 3743/1636/1966
s 0
f 3678/1623/1967 3743/1636/1968 3807/1607/1969
s 1
f 3807/1607/1931 3743/1636/1966 3880/1637/1970
f 3807/1607/1931 3880/1637/1970 3970/1604/1928
f 3880/1637/1970 4027/1605/1929 3970/1604/1928
f 4027/1605/1929 3880/1637/1970 3899/1638/1971
f 4273/1599/1925 4083/1601/1132 4129/1639/1972
f 4384/1600/1926 4273/1599/1925 4380/1640/1973
f 4380/1640/1973 4273/1599/1925 4276/1641/1974
f 4296/1642/1155 4315/1597/1154 4332/1643/1975
f 4248/1644/1346 4174/1645/1976 3985/1646/1345
f 3985/1646/1345 4174/1645/1976 4126/1647/1977
f 4126/1647/1977 4174/1645/1976 4164/1648/1978
f 3985/1646/1345 4126/1647/1977 3974/1649/1344
f 3859/1650/1339 3974/1649/1344 3998/1651/1338
s 0
f 3974/1649/1979 4126/1647/1980 3998/1651/1981
s 1
f 4248/1644/1346 4147/1652/1348 4305/1653/1982
f 4305/1653/1982 4147/1652/1348 4296/1642/1155
f 4384/1600/1926 4332/1643/1975 4315/1597/1154
f 4296/1642/1155 4332/1643/1975 4305/1653/1982
f 4444/1654/1983 4384/1600/1926 4380/1640/1973
f 4332/1643/1975 4384/1600/1926 4386/1655/1984
f 4386/1655/1984 4384/1600/1926 4444/1654/1983
f 4276/1641/1974 4273/1599/1925 4129/1639/1972
f 4129/1639/1972 4083/1601/1132 4027/1605/1929
f 4027/1605/1929 3899/1638/1971 4129/1639/1972
f 3899/1638/1971 3880/1637/1970 3743/1636/1966
f 3899/1638/1971 3743/1636/1966 3795/1635/1985
f 3857/1656/1986 3899/1638/1971 3795/1635/1985
f 3795/1635/1985 3743/1636/1966 3752/1627/1953
f 3857/1656/1986 3795/1635/1985 3792/1629/1960
f 3857/1656/1986 3792/1629/1960 3850/1634/1962
f 3857/1656/1986 3850/1634/1962 3968/1657/1987
f 3850/1634/1962 3844/1630/1794 3890/1633/1961
f 3968/1657/1987 3850/1634/1962 3890/1633/1961
f 3890/1633/1961 3725/1632/1796 3952/1658/1988
s 0
f 3952/1658/1989 3725/1632/1990 3799/1659/1991
s 1
f 4149/1660/1992 3952/1658/1988 4146/1661/1993
f 3952/1658/1988 3915/1662/1800 4146/1661/1993
f 3915/1662/1800 3952/1658/1988 3799/1659/1801
f 3915/1662/1800 4144/1663/1994 4146/1661/1993
f 4144/1663/1994 3915/1662/1800 4026/1664/1805
f 4300/1665/1995 4246/1666/1996 4286/1667/1997
f 4245/1668/1809 4186/1669/1810 4240/1670/1811
f 4084/1671/1807 4245/1668/1809 4246/1666/1996
f 4246/1666/1996 4144/1663/1994 4084/1671/1807
f 4084/1671/1807 4144/1663/1994 4026/1664/1805
f 1125/1409/1626 1242/1358/1567 1325/1672/1998
f 1125/1409/1626 1032/1673/1999 872/1408/1625
f 1032/1673/1999 1125/1409/1626 1107/1674/2000
f 872/1408/1625 1032/1673/1999 814/1675/2001
s 0
f 1032/1673/2002 868/1676/2003 814/1675/2004
s 1
f 645/1407/1624 872/1408/1625 814/1675/2001
f 645/1407/1624 814/1675/2001 631/1412/1638
f 344/1411/1636 631/1412/1638 477/1677/2005
f 90/1410/1637 344/1411/1636 253/1678/2006
f 2752/1483/1762 2681/1481/1759 2570/1413/1758
f 2570/1413/2007 90/1410/1637 253/1678/2006
f 253/1678/2006 344/1411/1636 477/1677/2005
f 631/1412/1638 548/1575/1880 477/1677/2005
s 0
f 814/1675/2008 868/1676/2009 631/1412/2010
s 1
f 631/1412/1638 868/1676/2011 548/1575/1880
s 0
f 370/1572/2012 128/1568/2013 2564/1570/2014
f 370/1572/2015 2564/1570/2016 2755/1679/2017
f 2755/1679/2018 2564/1570/2019 2662/1680/2020
f 370/1572/2021 2755/1679/2022 2570/1413/2023
f 370/1572/2024 2570/1413/2025 253/1678/2026
f 2570/1413/2027 2755/1679/2028 2752/1483/2029
s 1
f 253/1678/2006 477/1677/2005 370/1572/2030
f 2755/1679/2031 3019/1498/1777 2752/1483/1762
f 3019/1498/1777 2755/1679/2031 2854/1499/1778
f 2854/1499/1778 2755/1679/2031 2662/1680/2032
f 2854/1499/1778 2662/1680/2032 2818/1496/1775
f 2564/1570/1873 2651/1550/1843 2662/1680/2032
f 2857/1500/1779 2651/1550/1843 2749/1546/1839
f 2849/1497/1776 2651/1550/1843 2857/1500/1779
f 2849/1497/1776 2818/1496/1775 2651/1550/1843
f 2651/1550/1843 2818/1496/1775 2662/1680/2032
f 1325/1672/1998 1242/1358/1567 1610/1472/1741
f 1125/1409/1626 1325/1672/1998 1107/1674/2000
f 1454/1476/1745 1325/1672/1998 1610/1472/1741
f 1454/1476/1745 1334/1681/2033 1325/1672/1998
f 1107/1674/2000 1334/1681/2033 1042/1682/2034
f 1498/1478/1748 1334/1681/2033 1454/1476/1745
f 1635/1683/2035 1498/1478/1748 1630/1475/1744
s 0
f 1635/1683/2036 1630/1475/2037 1726/1477/2038
f 2081/1318/2039 2038/1311/2040 2040/1313/2041
s 1
f 1995/1317/1526 1936/1684/2042 1971/1312/1523
f 1936/1684/2042 1850/1315/1524 1971/1312/1523
f 1818/1316/1747 1850/1315/1524 1762/1685/2043
f 1818/1316/1747 1762/1685/2043 1726/1477/1746
f 1635/1683/2035 1507/1686/2044 1498/1478/1748
f 1632/1687/2045 1635/1683/2035 1726/1477/1746
f 1498/1478/1748 1507/1686/2044 1339/1688/2046
f 1334/1681/2033 1498/1478/1748 1339/1688/2046
f 1635/1683/2035 1632/1687/2045 1507/1686/2044
f 1339/1688/2046 1200/1689/2047 1334/1681/2033
f 1200/1689/2047 1042/1682/2034 1334/1681/2033
f 3861/1690/2048 3754/1691/1336 3896/1692/1325
f 3754/1691/1336 3861/1690/2048 3756/1693/2049
f 3754/1691/1336 3756/1693/2049 3703/1694/2050
s 0
f 3901/1695/2051 3861/1690/2052 3896/1692/2053
s 1
f 3901/1695/2054 3896/1692/1325 3998/1651/1338
f 4248/1644/1346 4274/1696/2055 4251/1697/2056
f 4248/1644/1346 4305/1653/1982 4274/1696/2055
s 0
f 4476/1698/2057 4444/1654/2058 4380/1640/2059
s 1
f 4444/1654/1983 4476/1698/2060 4420/1699/2061
f 4437/1700/2062 4476/1698/2060 4380/1640/1973
f 4437/1700/2062 4380/1640/1973 4276/1641/1974
s 0
f 4437/1700/2063 4276/1641/2064 4318/1701/2065
s 1
f 4437/1700/2062 4318/1701/2066 4440/1702/2067
f 4318/1701/2068 4276/1641/1974 4317/1703/2069
f 4317/1703/2069 4276/1641/1974 4131/1704/2070
f 4131/1704/2070 4276/1641/1974 4129/1639/1972
f 4131/1704/2070 4129/1639/1972 3899/1638/1971
f 4317/1703/2069 4131/1704/2070 4087/1705/2071
f 4087/1705/2071 4131/1704/2070 3899/1638/1971
f 3899/1638/1971 3857/1656/1986 4087/1705/2071
f 3857/1656/1986 3968/1657/1987 4087/1705/2071
f 4067/1706/2072 4087/1705/2071 3968/1657/1987
f 4067/1706/2072 3968/1657/1987 3890/1633/1961
f 4149/1660/1992 4150/1707/2073 4067/1706/2072
s 0
f 4266/1708/2074 4150/1707/2075 4237/1709/2076
s 1
f 4237/1709/2077 4150/1707/2073 4149/1660/1992
f 4150/1707/2073 4266/1708/2078 4316/1710/2079
f 4150/1707/2073 4316/1710/2079 4271/1711/2080
f 4373/1712/2081 4266/1708/2078 4351/1713/2082
f 4271/1711/2080 4067/1706/2072 4150/1707/2073
f 4067/1706/2072 4271/1711/2080 4087/1705/2071
f 4087/1705/2071 4271/1711/2080 4317/1703/2069
s 0
f 4271/1711/2083 4316/1710/2084 4318/1701/2085
f 4271/1711/2086 4318/1701/2087 4317/1703/2088
f 4318/1701/2089 4316/1710/2090 4434/1714/2091
s 1
f 4318/1701/2066 4434/1714/2092 4438/1715/2093
f 4440/1702/2067 4318/1701/2066 4438/1715/2093
f 4476/1698/2060 4437/1700/2062 4490/1716/2094
f 4490/1716/2094 4437/1700/2062 4440/1702/2067
s 0
f 4490/1716/2095 4440/1702/2096 4438/1715/2097
s 1
f 4476/1698/2060 4490/1716/2094 4463/1717/2098
s 0
f 4438/1715/2099 4501/1718/2100 4487/1719/2101
f 4438/1715/2102 4487/1719/2103 4490/1716/2104
f 4501/1718/2105 4438/1715/2106 4434/1714/2107
f 4434/1714/2108 4316/1710/2109 4373/1712/2110
s 1
f 4501/1718/2111 4434/1714/2112 4460/1720/2113
f 4434/1714/2112 4373/1712/2114 4460/1720/2113
f 4373/1712/2081 4316/1710/2079 4266/1708/2078
f 4266/1708/2078 4349/1721/2115 4351/1713/2082
f 4266/1708/2078 4300/1665/1995 4349/1721/2115
f 4266/1708/2078 4237/1709/2077 4144/1663/1994
f 4266/1708/2078 4144/1663/1994 4300/1665/1995
f 4149/1660/1992 4067/1706/2072 3890/1633/1961
f 4149/1660/1992 3890/1633/1961 3952/1658/1988
f 4149/1660/1992 4146/1661/1993 4237/1709/2077
f 4237/1709/2077 4146/1661/1993 4144/1663/1994
f 4300/1665/1995 4144/1663/1994 4246/1666/1996
f 4300/1665/1995 4321/1722/2116 4349/1721/2115
f 4321/1722/2116 4363/1723/2117 4349/1721/2115
f 4321/1722/2116 4300/1665/1995 4286/1667/1997
s 0
f 4357/1724/2118 4363/1723/2119 4321/1722/2120
s 1
f 4363/1723/2117 4357/1725/2121 4396/1726/2122
f 4363/1723/2117 4396/1726/2122 4413/1727/2123
f 4455/1728/2124 4413/1727/2123 4446/1729/2125
f 4455/1728/2124 4446/1729/2125 4451/1730/2126
f 4451/1730/2127 4477/1731/2128 4479/1732/2129
s 0
f 4451/1730/2130 4479/1732/2131 4455/1728/2132
s 1
f 4363/1723/2117 4413/1727/2123 4419/1733/2133
f 4413/1727/2123 4455/1728/2124 4429/1734/2134
f 4419/1733/2133 4413/1727/2123 4429/1734/2134
f 4349/1721/2115 4363/1723/2117 4419/1733/2133
f 4351/1713/2082 4419/1733/2133 4373/1712/2081
f 4373/1712/2081 4419/1733/2133 4429/1734/2134
s 0
f 4373/1712/2135 4429/1734/2136 4460/1720/2137
f 4501/1718/2138 4460/1720/2139 4479/1732/2140
f 4501/1718/2141 4479/1732/2142 4487/1719/2143
s 1
f 4490/1716/2094 4473/1735/2144 4463/1717/2098
f 4394/1736/2145 4444/1654/1983 4420/1699/2061
f 4386/1655/1984 4444/1654/1983 4394/1736/2145
f 4305/1653/1982 4332/1643/1975 4274/1696/2055
f 4341/1737/2146 4274/1696/2055 4332/1643/1975
f 4174/1645/1976 4248/1644/1346 4251/1697/2056
f 4386/1655/1984 4371/1738/2147 4332/1643/1975
f 4332/1643/1975 4371/1738/2147 4341/1737/2146
f 4371/1738/2147 4386/1655/1984 4394/1736/2145
f 4463/1717/2098 4420/1699/2061 4476/1698/2060
s 0
f 4473/1735/2148 4490/1716/2149 4487/1719/2150
s 1
f 4450/1739/2151 4463/1717/2098 4473/1735/2144
f 4463/1717/2098 4450/1739/2151 4420/1699/2061
f 4420/1699/2061 4450/1739/2151 4418/1740/2152
f 4477/1731/2128 4473/1735/2153 4487/1719/2154
f 4477/1731/2128 4487/1719/2154 4479/1732/2129
f 4429/1734/2134 4455/1728/2124 4460/1720/2155
f 4460/1720/2155 4455/1728/2124 4479/1732/2156
f 2249/1290/1483 2296/1741/2157 2254/1302/1509
f 2249/1290/1483 2254/1302/1509 2204/1291/2158
f 2249/1290/1483 2312/1287/1480 2367/1288/1481
f 2249/1290/1483 2367/1288/1481 2317/1742/2159
f 2249/1290/1483 2256/1306/1512 2296/1741/2157
f 2296/1741/2157 2256/1306/1512 2254/1302/1509
f 2256/1306/1512 2249/1290/1483 2317/1742/2159
f 2367/1288/1481 2362/1286/2160 2317/1742/2159
f 2362/1286/2160 2367/1288/1481 2370/1279/1453
f 2329/1743/2161 2317/1742/2159 2362/1286/2160
f 2362/1286/2160 2357/1285/2162 2329/1743/2161
f 2256/1306/1512 2317/1742/2159 2271/1322/1535
f 2271/1322/1535 2317/1742/2159 2287/1744/2163
f 2329/1743/2161 2287/1744/2163 2317/1742/2159
f 2287/1744/2163 2329/1743/2161 2324/1745/2164
f 2348/1746/2165 2324/1745/2164 2329/1743/2161
f 2348/1746/2165 2329/1743/2161 2357/1285/2162
s 0
f 2357/1285/2166 2364/1284/2167 2351/1747/2168
f 2351/1747/2169 2364/1284/2170 2307/1283/2171
f 2351/1747/2172 2307/1283/2173 2328/1748/2174
s 1
f 2272/1749/2175 2271/1322/1535 2287/1744/2163
f 2248/1750/2176 2240/1323/1536 2271/1322/1535
f 2134/1320/1531 2151/1751/2177 2062/1752/2178
f 2081/1318/1528 2134/1320/1531 2062/1752/2178
s 0
f 2081/1318/2179 2062/1752/2180 2038/1311/2181
s 1
f 2151/1751/2177 2134/1320/1531 2177/1321/2182
f 3038/1487/1766 3103/1491/1770 3122/1484/1763
f 3038/1487/1766 2752/1483/1762 3103/1491/1770
f 3103/1491/1770 2752/1483/1762 3019/1498/1777
f 3122/1484/1763 3103/1491/1770 3192/1486/1765
s 0
f 3619/1753/2183 3754/1691/2184 3703/1694/2185
s 1
f 3458/1754/1335 3619/1753/1326 3460/1755/2186
f 3251/1756/2187 3458/1754/1335 3460/1755/2186
s 0
f 3087/1757/2188 3251/1756/2189 2949/1758/2190
s 1
f 2903/1759/2191 3000/1760/1327 2923/1761/2192
f 2923/1761/2192 3000/1760/1327 2949/1758/2193
f 3621/1762/2194 3619/1753/1326 3703/1694/2195
f 3993/1763/2196 3998/1651/1338 4126/1647/1977
f 4127/1764/2197 4126/1647/1977 4164/1648/1978
s 0
f 4164/1648/2198 4200/1765/2199 4127/1764/2200
s 1
f 4200/1765/2201 4164/1648/1978 4174/1645/1976
f 4200/1765/2201 4174/1645/1976 4251/1697/2056
f 3998/1651/1338 3993/1763/2196 3901/1695/2054
f 4053/1766/2202 4126/1647/1977 4127/1764/2197
s 0
f 4106/1767/2203 4127/1764/2204 4200/1765/2205
f 4252/1768/2206 4251/1697/2207 4275/1769/2208
f 4274/1696/2209 4275/1769/2210 4251/1697/2211
s 1
f 1325/1672/1998 1334/1681/2033 1107/1674/2000
f 1107/1674/2000 1042/1682/2034 1032/1673/1999
f 949/1770/2212 868/1676/2011 1032/1673/1999
f 949/1770/2212 1032/1673/1999 1042/1682/2034
f 868/1676/2011 949/1770/2212 651/1574/1879
f 868/1676/2011 651/1574/1879 548/1575/1880
f 548/1575/1880 463/1573/1878 370/1572/2030
f 370/1572/2030 463/1573/1878 418/1571/1877
f 548/1575/1880 370/1572/2030 477/1677/2005
s 0
f 128/1568/2213 370/1572/2214 256/1569/2215
s 1
f 1179/1097/1217 1202/1090/1210 980/1096/1216
f 980/1096/1216 1202/1090/1210 887/1470/1733
f 3458/1754/1335 3251/1756/2187 3087/1757/2216
f 3087/1757/1329 2949/1758/2193 3000/1760/1327
f 2813/1771/1330 3000/1760/1327 2903/1759/2191
f 2813/1772/1330 2903/1759/2191 2567/1773/2217
s 0
f 2492/1774/2218 2813/1772/2219 2567/1773/2220
f 173/1775/2221 2492/1774/2222 80/1776/2223
f 80/1776/2224 2492/1774/2225 2567/1773/2226
s 1
f 2567/1773/2217 2903/1759/2191 2715/1777/2227
s 0
f 2715/1777/2228 2903/1759/2229 2808/1778/2230
s 1
f 3621/1762/2194 3460/1755/2186 3619/1753/1326
s 0
f 3671/1779/2231 3703/1694/2232 3756/1693/2233
s 1
f 3802/1780/2234 3671/1779/2235 3756/1693/2049
f 3802/1780/2234 3756/1693/2049 3867/1781/2236
f 3671/1779/2235 3802/1780/2234 3803/1782/2237
f 3803/1782/2237 3802/1780/2234 3867/1781/2236
f 3930/1783/2238 3993/1763/2196 4017/1784/2239
f 4017/1784/2239 3993/1763/2196 4053/1766/2202
f 4160/1785/2240 4200/1765/2201 4251/1697/2056
f 4160/1785/2240 4251/1697/2056 4252/1768/2241
f 4106/1767/2242 4053/1766/2202 4127/1764/2197
f 4275/1769/2243 4274/1696/2055 4341/1737/2146
s 0
f 4338/1786/2244 4341/1737/2245 4371/1738/2246
f 4275/1769/2247 4341/1737/2248 4338/1786/2249
s 1
f 4394/1736/2145 4420/1699/2061 4418/1740/2152
s 0
f 4394/1736/2250 4418/1740/2251 4395/1787/2252
s 1
f 4371/1738/2147 4394/1736/2145 4395/1787/2253
f 176/1788/1913 173/1775/1914 699/1789/1906
f 699/1789/1906 173/1775/1914 625/1790/1907
f 625/1790/1907 173/1775/1914 343/1791/1915
f 173/1775/1914 80/1776/2254 343/1791/1915
f 498/1792/1908 343/1791/1915 232/1793/1916
f 232/1793/1916 297/1794/2255 593/1795/1917
f 798/1796/1919 593/1795/1917 505/1797/1924
f 891/1798/1920 505/1797/1924 700/1799/2256
s 0
f 891/1798/2257 700/1799/2258 906/1800/2259
s 1
f 980/1801/1216 906/1800/2260 1014/1802/1214
f 1014/1802/1214 1208/1803/2261 1238/1804/1213
f 1208/1803/2261 1014/1802/1214 952/1805/2262
f 1238/1804/1213 1208/1803/2261 1306/1806/1417
f 1306/1806/1417 1208/1803/2261 1282/1807/1420
f 1282/1807/1420 1115/1808/2263 1346/1809/1421
s 0
f 1282/1807/2264 1208/1803/2265 1115/1808/2266
s 1
f 1244/1810/2267 1346/1809/1421 1115/1808/2263
f 1115/1808/2263 1208/1803/2261 955/1811/2268
f 955/1811/2268 1208/1803/2261 952/1805/2262
f 952/1805/2262 1014/1802/1214 906/1800/2260
f 952/1805/2262 906/1800/2260 905/1812/2269
f 905/1812/2269 906/1800/2260 700/1799/2256
f 590/1813/2270 700/1799/2256 505/1797/1924
f 590/1813/2270 505/1797/1924 412/1814/2271
f 505/1797/1924 593/1795/1917 297/1794/2255
f 505/1797/1924 386/1815/2272 412/1814/2271
s 0
f 505/1797/2273 297/1794/2274 386/1815/2275
s 1
f 412/1814/2271 152/1816/2276 590/1813/2270
f 297/1794/2255 232/1793/1916 2379/1817/2277
f 2379/1817/2277 232/1793/1916 343/1791/1915
f 2379/1817/2277 343/1791/1915 80/1776/2254
f 297/1794/2255 2391/1818/2278 386/1815/2272
f 386/1815/2272 2391/1818/2278 412/1814/2271
f 2391/1818/2278 297/1794/2255 2554/1819/2279
f 2715/1777/2227 2379/1817/2277 2567/1773/2217
f 2567/1773/2217 2379/1817/2277 80/1776/2254
f 2715/1777/2227 2808/1778/2280 2379/1817/2277
f 2554/1819/2279 297/1794/2255 2379/1817/2277
s 0
f 2554/1819/2281 2575/1820/2282 2391/1818/2283
s 1
f 2391/1818/2278 152/1816/2276 412/1814/2271
f 152/1816/2276 2391/1818/2278 32/1821/2284
f 152/1816/2276 32/1821/2284 590/1813/2270
f 590/1813/2270 32/1821/2284 611/1822/2285
s 0
f 611/1822/2286 32/1821/2287 383/1823/2288
s 1
f 32/1821/2284 2391/1818/2278 2488/1824/2289
f 2485/1825/2290 32/1821/2284 2488/1824/2289
f 32/1821/2284 2485/1825/2290 383/1823/2291
f 38/1826/2292 383/1823/2291 2485/1825/2290
f 611/1822/2285 383/1823/2291 528/1827/2293
f 528/1827/2293 383/1823/2291 525/1828/2294
f 611/1822/2285 528/1827/2293 676/1829/2295
f 590/1813/2270 676/1829/2295 700/1799/2256
f 676/1829/2295 590/1813/2270 611/1822/2285
f 700/1799/2256 676/1829/2295 905/1812/2269
f 905/1812/2269 676/1829/2295 952/1805/2262
f 952/1805/2262 676/1829/2295 955/1811/2268
f 955/1811/2268 676/1829/2295 528/1827/2293
f 831/1830/2296 528/1827/2293 659/1831/2297
f 528/1827/2293 831/1830/2296 956/1832/2298
f 955/1811/2268 528/1827/2293 956/1832/2298
f 955/1811/2268 956/1832/2298 1115/1808/2263
f 1115/1808/2263 1061/1833/2299 1244/1810/2267
f 1115/1808/2263 956/1832/2298 1061/1833/2299
f 1244/1810/2267 1354/1834/2300 1346/1835/1421
f 1354/1834/2300 1244/1810/2267 1061/1833/2299
f 1281/1836/2301 1354/1834/2300 1061/1833/2299
f 1634/1837/2302 1281/1836/2301 1206/1838/2303
f 1634/1837/2302 1206/1838/2303 1433/1839/2304
f 1061/1833/2299 956/1832/2298 865/1840/2305
f 1001/1841/2306 1061/1833/2299 865/1840/2305
s 0
f 1281/1836/2307 1061/1833/2308 1001/1841/2309
s 1
f 865/1840/2305 956/1832/2298 831/1830/2296
f 831/1830/2296 659/1831/2297 865/1840/2305
f 865/1840/2305 659/1831/2297 650/1842/2310
s 0
f 525/1828/2311 659/1831/2312 528/1827/2313
s 1
f 650/1842/2310 659/1831/2297 525/1828/2314
f 865/1840/2305 650/1842/2310 775/1843/2315
f 865/1840/2305 775/1843/2315 1001/1841/2306
f 1281/1836/2301 1001/1841/2306 1206/1838/2303
f 1213/1844/2316 1206/1838/2303 1001/1841/2306
f 1206/1838/2303 1213/1844/2316 1433/1839/2304
f 1433/1839/2304 1213/1844/2316 1343/1845/2317
f 1413/1846/2318 1343/1845/2317 1215/1847/2319
f 1270/1848/2320 1215/1847/2319 1343/1845/2317
f 1270/1848/2320 1343/1845/2317 1053/1849/2321
f 1053/1849/2321 1343/1845/2317 1213/1844/2316
f 965/1850/2322 1053/1849/2321 1213/1844/2316
f 965/1850/2322 1213/1844/2316 1001/1841/2306
f 678/1851/2323 1001/1841/2306 775/1843/2315
f 678/1851/2323 965/1850/2322 1001/1841/2306
f 650/1842/2310 525/1828/2314 775/1843/2315
f 238/1852/2324 525/1828/2294 383/1823/2291
f 238/1852/2324 383/1823/2291 38/1826/2292
f 2485/1825/2290 2493/1853/2325 38/1826/2292
s 0
f 525/1828/2326 238/1852/2327 564/1854/2328
s 1
f 525/1828/2314 564/1854/2329 775/1843/2315
f 775/1843/2315 564/1854/2329 678/1851/2323
f 678/1851/2323 869/1855/2330 965/1850/2322
f 869/1855/2330 1053/1849/2321 965/1850/2322
f 869/1855/2330 678/1851/2323 426/1856/2331
f 426/1856/2331 678/1851/2323 402/1857/2332
f 402/1857/2332 678/1851/2323 564/1854/2329
f 237/1858/2333 402/1857/2332 564/1854/2329
f 2424/1859/2334 237/1858/2333 564/1854/2329
f 2424/1859/2334 564/1854/2329 238/1852/2324
f 2424/1859/2334 238/1852/2324 38/1826/2292
f 2424/1859/2334 38/1826/2292 2552/1860/2335
f 2552/1860/2335 38/1826/2292 2493/1853/2325
f 2937/1861/2336 2493/1853/2325 2485/1825/2290
s 0
f 2485/1825/2337 2488/1824/2338 2937/1861/2339
s 1
f 2575/1820/2340 2488/1824/2289 2391/1818/2278
f 2488/1824/2289 2575/1820/2340 2941/1862/2341
f 2575/1820/2342 2811/1863/2343 2953/1864/2344
f 2953/1864/2344 2811/1863/2343 2949/1758/2193
f 2949/1758/2193 2811/1863/2343 2923/1761/2192
s 0
f 2575/1820/2345 2953/1864/2346 2948/1865/2347
s 1
f 2575/1820/2340 2948/1865/2348 2941/1862/2341
f 2488/1824/2289 2941/1862/2341 2937/1861/2336
f 2941/1862/2341 3006/1866/2349 2937/1861/2336
f 2493/1853/2325 2937/1861/2336 2724/1867/2350
f 2493/1853/2325 2724/1867/2350 2552/1860/2335
f 237/1858/2333 2424/1859/2334 33/1868/2351
f 33/1868/2351 2424/1859/2334 2552/1860/2335
f 2916/1869/2352 2724/1867/2350 2937/1861/2336
f 2937/1861/2336 3006/1866/2349 3178/1870/2353
f 3119/1871/2354 2941/1862/2341 2948/1865/2348
f 3265/1872/2355 3119/1871/2354 2948/1865/2348
f 2948/1865/2348 2949/1758/2193 3265/1872/2355
f 2949/1758/2193 2948/1865/2348 2953/1864/2344
f 3265/1872/2355 2949/1758/2193 3251/1756/2187
f 2903/1759/2191 2923/1761/2192 2808/1778/2280
f 2811/1863/2343 2808/1778/2280 2923/1761/2192
f 2379/1817/2277 2808/1778/2280 2811/1863/2343
f 2554/1819/2279 2379/1817/2277 2811/1863/2343
f 2554/1819/2279 2811/1863/2343 2575/1820/2342
f 3756/1693/2049 3861/1690/2048 3867/1781/2236
s 0
f 3867/1781/2356 3861/1690/2357 3930/1783/2358
f 3930/1783/2359 3861/1690/2360 3901/1695/2361
s 1
f 4053/1766/2202 3993/1763/2196 4126/1647/1977
f 1491/1254/1423 1346/1252/1421 1354/1873/2300
f 1629/1255/1424 1491/1254/1423 1705/1874/2362
f 1629/1255/1424 1705/1874/2362 1769/1256/1425
f 1900/1258/1427 1769/1256/1425 1781/1875/2363
f 1781/1875/2363 1769/1256/1425 1705/1874/2362
s 0
f 1885/1876/2364 1900/1258/2365 1781/1875/2366
s 1
f 2055/1260/1429 1900/1258/1427 2056/1877/2367
f 2056/1877/2367 1900/1258/1427 1885/1876/2368
f 2055/1260/1429 2056/1877/2367 2201/1878/2369
f 2168/1879/2370 2201/1878/2369 2056/1877/2367
f 2056/1877/2367 2000/1880/2371 2168/1879/2370
f 2000/1880/2371 2056/1877/2367 1943/1881/2372
f 1943/1881/2372 2056/1877/2367 1893/1882/2373
f 2048/1883/2374 2168/1879/2370 2000/1880/2371
f 2048/1883/2374 2000/1880/2371 1943/1881/2372
f 1943/1881/2372 1893/1882/2373 1704/1884/2375
f 1704/1884/2375 1893/1882/2373 1778/1885/2376
f 1433/1886/2304 1778/1885/2376 1634/1887/2302
f 1778/1885/2376 1433/1886/2304 1343/1888/2317
f 1704/1884/2375 1778/1885/2376 1343/1888/2317
s 0
f 1704/1884/2377 1839/1889/2378 1943/1881/2379
f 1943/1881/2380 1839/1889/2381 1940/1890/2382
s 1
f 1943/1881/2372 1940/1890/2383 2067/1891/2384
f 1943/1881/2372 2067/1891/2384 2048/1883/2374
f 2065/1892/2385 2067/1891/2384 1940/1890/2383
f 2161/1893/2386 2048/1883/2374 2067/1891/2384
s 0
f 2161/1893/2387 2067/1891/2388 2128/1894/2389
s 1
f 2168/1879/2370 2048/1883/2374 2161/1893/2386
s 0
f 2168/1879/2390 2161/1893/2391 2215/1895/2392
s 1
f 2215/1895/2393 2161/1893/2394 2229/1896/2395
s 0
f 2228/1897/2396 2229/1896/2397 2161/1893/2398
f 2229/1896/2399 2257/1898/2400 2258/1899/2401
f 2257/1898/2402 2280/1900/2403 2258/1899/2404
s 1
f 2128/1894/2405 2067/1891/2384 2065/1892/2385
f 2065/1892/2385 1940/1890/2383 2039/1901/2406
f 1537/1902/2407 1839/1889/2408 1704/1884/2375
f 1413/1903/2318 1704/1884/2375 1343/1888/2317
f 1704/1884/2375 1413/1903/2318 1537/1902/2407
f 2201/1878/2369 2237/1263/2409 2055/1260/1429
f 2237/1263/2409 2201/1878/2369 2263/1904/2410
f 2263/1904/2410 2201/1878/2369 2215/1895/2393
f 2215/1895/2393 2201/1878/2369 2168/1879/2370
f 2215/1895/2393 2229/1896/2395 2263/1904/2410
f 2263/1904/2410 2229/1896/2395 2258/1899/2411
f 2263/1904/2410 2258/1899/2411 2237/1263/2409
f 2284/1905/2412 2297/1906/2413 2328/1748/2414
s 0
f 2321/1907/2415 2328/1748/2416 2297/1906/2417
f 2280/1900/2418 2297/1906/2419 2284/1905/2420
s 1
f 2321/1907/2421 2350/1908/2422 2328/1748/2423
s 0
f 2350/1908/2424 2351/1747/2425 2328/1748/2426
f 2351/1747/2427 2366/1909/2428 2348/1746/2429
s 1
f 2287/1744/2163 2324/1745/2164 2316/1910/2430
s 0
f 2351/1747/2431 2348/1746/2432 2357/1285/2433
s 1
f 2284/1905/2412 2328/1748/2414 2307/1283/2434
f 2307/1283/2435 2253/1262/2436 2237/1263/2437
s 0
f 2237/1263/2438 2284/1905/2439 2307/1283/2440
s 1
f 2284/1905/2441 2237/1263/2409 2258/1899/2411
s 0
f 4351/1713/2442 4349/1721/2443 4419/1733/2444
s 1
f 1491/1254/1423 1354/1873/2300 1634/1887/2302
f 1634/1887/2302 1354/1873/2300 1281/1911/2301
f 1491/1254/1423 1634/1887/2302 1705/1874/2362
f 1705/1874/2362 1634/1887/2302 1778/1885/2376
f 1781/1875/2363 1705/1874/2362 1778/1885/2376
f 1885/1876/2368 1781/1875/2363 1893/1882/2373
f 1893/1882/2373 1781/1875/2363 1778/1885/2376
f 1885/1876/2368 1893/1882/2373 2056/1877/2367
f 1042/1682/2034 1200/1689/2047 1154/1912/2445
s 0
f 949/1770/2446 1042/1682/2447 1154/1912/2448
s 1
f 1510/1913/2449 1507/1686/2044 1632/1687/2045
f 1762/1685/2043 1764/1914/2450 1726/1477/1746
f 1632/1687/2045 1726/1477/1746 1764/1914/2450
f 3460/1755/2186 3332/1915/2451 3251/1756/2187
f 3251/1756/2187 3332/1915/2451 3265/1872/2355
f 3119/1871/2354 3265/1872/2355 3332/1915/2451
f 2941/1862/2341 3119/1871/2354 3217/1916/2452
f 3119/1871/2354 3332/1915/2451 3217/1916/2452
f 3332/1915/2451 3388/1917/2453 3217/1916/2452
f 2941/1862/2341 3217/1916/2452 3006/1866/2349
f 3217/1916/2452 3388/1917/2453 3532/1918/2454
s 0
f 3671/1779/2455 3388/1917/2456 3460/1755/2457
f 3671/1779/2458 3460/1755/2459 3621/1762/2460
s 1
f 3388/1917/2453 3332/1915/2451 3460/1755/2186
f 3621/1762/2194 3703/1694/2195 3671/1779/2461
f 3901/1695/2054 3993/1763/2196 3930/1783/2238
f 280/1566/1866 660/1576/1881 620/1577/1882
f 787/1919/2462 660/1576/1881 651/1574/1879
f 620/1577/1882 660/1576/1881 787/1919/2462
f 787/1919/2462 651/1574/1879 949/1770/2212
f 949/1770/2212 1154/1912/2463 842/1920/2464
f 842/1920/2464 787/1919/2462 949/1770/2212
f 620/1577/1882 787/1919/2462 842/1920/2464
f 842/1920/2464 834/1921/2465 620/1577/1882
f 710/1922/2466 506/1578/1883 834/1921/2465
f 620/1577/1882 834/1921/2465 28/1565/1865
f 28/1565/1865 834/1921/2465 506/1578/1883
f 506/1578/1883 437/1923/2467 377/1562/1862
f 499/1579/1884 377/1562/1862 437/1923/2467
f 2284/1905/2441 2258/1899/2411 2280/1900/2468
s 0
f 4286/1667/2469 4246/1666/2470 4240/1670/2471
s 1
f 4240/1670/1811 4246/1666/1996 4245/1668/1809
f 3789/1924/1814 4048/1925/1813 4093/1926/1808
s 0
f 4048/1925/2472 3789/1924/2473 3922/1927/2474
f 4048/1925/2475 4189/1928/2476 4186/1929/2477
s 1
f 4413/1930/2123 4396/1931/2122 4446/1932/2125
f 4336/1933/2478 4357/1934/2121 4321/1935/2116
s 0
f 4477/1936/2479 4475/1937/2480 4473/1938/2481
s 1
f 4475/1937/2482 4477/1936/2483 4483/1939/2484
f 4375/1940/2485 4357/1934/2121 4336/1933/2478
f 4336/1933/2478 4321/1935/2116 4279/1941/2486
f 4279/1941/2486 4321/1935/2116 4286/1942/1997
f 4279/1941/2486 4286/1942/1997 4240/1943/2487
s 0
f 4279/1941/2488 4240/1943/2489 4229/1944/2490
s 1
f 2316/1945/2430 2286/1946/2491 2287/1947/2163
f 2271/1948/1535 2272/1949/2175 2248/1950/2176
f 2248/1950/2176 2234/1951/2492 2240/1952/1536
f 2240/1953/1536 2175/1954/2493 2218/1955/2494
f 2218/1955/2494 2175/1954/2493 2177/1956/2182
f 2175/1954/2493 2240/1953/1536 2234/1951/2492
f 2151/1957/2177 2177/1956/2182 2175/1954/2493
f 2287/1947/2163 2286/1946/2491 2272/1949/2175
s 0
f 2080/1958/2495 2041/1959/2496 2062/1960/2497
s 1
f 2062/1960/2178 2150/1961/2498 2080/1958/2499
f 2150/1961/2498 2175/1954/2493 2202/1962/2500
f 1995/1963/1526 2041/1959/2501 1934/1964/2502
s 0
f 2080/1958/2503 2150/1961/2504 2149/1965/2505
s 1
f 2110/1966/2506 2080/1958/2507 2149/1965/2508
f 2041/1959/2501 2033/1967/2509 1934/1964/2502
f 2041/1959/2501 2080/1958/2507 2033/1967/2509
f 2080/1958/2507 2110/1966/2506 2033/1967/2509
f 2174/1968/2510 2110/1966/2506 2149/1965/2508
f 1934/1964/2502 1907/1969/2511 1881/1970/2512
s 0
f 1881/1970/2513 1907/1969/2514 1812/1971/2515
s 1
f 1907/1969/2511 1934/1964/2502 1991/1972/2516
f 1812/1971/2517 1793/1973/2518 1719/1974/2519
f 1636/1975/2520 1719/1974/2519 1628/1976/2521
f 2033/1967/2509 1991/1972/2516 1934/1964/2502
f 2174/1968/2510 2202/1962/2500 2191/1977/2522
f 2244/1978/2523 2191/1977/2522 2202/1962/2500
f 2304/1979/2524 2276/1980/2525 2286/1946/2491
f 2327/1981/2526 2286/1946/2491 2315/1982/2527
f 2315/1982/2527 2326/1983/2528 2327/1981/2526
f 2327/1981/2526 2326/1983/2528 2337/1984/2529
s 0
f 2354/1985/2530 2356/1986/2531 2331/1987/2532
s 1
f 2342/1988/2533 2331/1987/2534 2319/1989/2535
s 0
f 2354/1985/2536 2331/1987/2537 2342/1988/2538
f 2294/1990/2539 2279/1991/2540 2292/1992/2541
s 1
f 2319/1989/2535 2294/1990/2542 2292/1992/2543
s 0
f 2356/1986/2544 2354/1985/2545 2358/1993/2546
f 2022/1994/2547 1979/1995/2548 2045/1996/2549
s 1
f 1771/1997/2550 1772/1998/2551 1697/1999/2552
f 1659/2000/2553 1772/1998/2551 1589/2001/2554
f 1592/2002/2555 1659/2000/2553 1589/2001/2554
f 1415/2003/2556 1592/2002/2555 1467/2004/2557
s 0
f 1415/2003/2558 1467/2004/2559 1268/2005/2560
s 1
f 2022/1994/2561 2045/1996/2562 2084/2006/2563
f 2085/2007/2564 2022/1994/2561 2084/2006/2563
f 2085/2007/2564 2084/2006/2563 2122/2008/2565
f 1979/1995/2566 2022/1994/2567 1978/2009/2568
f 1914/2010/2569 1979/1995/2566 1978/2009/2568
s 0
f 1914/2010/2570 1856/2011/2571 1979/1995/2572
s 1
f 1467/2004/2557 1589/2001/2554 1588/2012/2573
f 1465/2013/2574 1348/2014/2575 1467/2004/2557
f 1465/2013/2574 1467/2004/2557 1588/2012/2573
f 1589/2001/2554 1772/1998/2551 1521/2015/2576
f 1589/2001/2554 1521/2015/2576 1588/2012/2573
f 1797/2016/2577 1772/1998/2551 1771/1997/2550
s 0
f 1797/2016/2578 1771/1997/2579 1856/2011/2580
f 1856/2011/2581 1914/2010/2582 1797/2016/2583
s 1
f 2083/2017/2584 2120/2018/2585 2156/2019/2586
s 0
f 2209/2020/2587 2156/2019/2588 2182/2021/2589
f 2156/2019/2590 2120/2018/2591 2182/2021/2592
s 1
f 2209/2020/2593 2182/2021/2594 2224/2022/2595
s 0
f 2182/2021/2596 2205/2023/2597 2224/2022/2598
f 2205/2023/2599 2236/2024/2600 2224/2022/2601
s 1
f 2224/2022/2602 2236/2024/2603 2251/2025/2604
f 2251/2025/2604 2279/1991/2605 2294/1990/2542
f 2251/2025/2604 2236/2024/2603 2279/1991/2605
f 2331/1987/2534 2356/1986/2606 2350/2026/2422
f 2366/2027/2607 2356/1986/2606 2363/2028/2608
s 0
f 2356/1986/2609 2340/2029/2610 2363/2028/2611
s 1
f 2274/2030/2612 2286/1946/2491 2276/1980/2525
f 2337/1984/2529 2326/1983/2528 2340/2029/2613
f 2274/2030/2612 2276/1980/2525 2244/1978/2523
f 2274/2030/2612 2244/1978/2523 2239/2031/2614
f 2110/1966/2506 2109/2032/2615 2033/1967/2509
s 0
f 2228/2033/2616 2257/2034/2617 2229/2035/2618
s 1
f 2321/2036/2421 2297/2037/2619 2322/2038/2620
f 2350/2026/2422 2321/2036/2421 2322/2038/2620
s 0
f 2363/2028/2621 2348/2039/2622 2366/2027/2623
s 1
f 2348/2039/2165 2363/2028/2624 2326/1983/2528
f 2156/2019/2586 2128/2040/2625 2086/2041/2626
f 2209/2020/2627 2228/2033/2628 2161/2042/2629
f 2209/2020/2627 2161/2042/2629 2128/2040/2625
f 2209/2020/2627 2128/2040/2625 2156/2019/2586
s 0
f 2086/2041/2630 2128/2040/2631 2065/2043/2632
s 1
f 2086/2041/2633 2065/2043/2385 2039/2044/2406
f 2086/2041/2633 2039/2044/2406 2003/2045/2634
f 2003/2045/2634 2039/2044/2406 1749/2046/2635
f 2039/2044/2406 1940/2047/2383 1440/2048/2636
f 1940/2047/2383 1839/2049/2408 1537/2050/2407
f 1940/2047/2383 1537/2050/2407 1440/2048/2636
f 1215/2051/2319 1537/2050/2407 1413/2052/2318
s 0
f 1440/2048/2637 1749/2046/2638 2039/2044/2639
f 1749/2046/2640 2001/2053/2641 2003/2045/2640
s 1
f 2156/2019/2586 2086/2041/2626 2083/2017/2584
s 0
f 2044/2054/2642 2086/2041/2643 2003/2045/2644
s 1
f 2044/2054/2645 2003/2045/2646 1978/2009/2568
f 2003/2045/2646 2001/2053/2647 1978/2009/2568
f 1858/2055/2648 1766/2056/2649 1797/2016/2650
f 2001/2053/2647 1915/2057/2651 1978/2009/2568
f 1978/2009/2568 1915/2057/2651 1914/2010/2569
s 0
f 1915/2057/2652 1797/2016/2653 1914/2010/2654
f 1797/2016/2655 1915/2057/2656 1858/2055/2657
f 1797/2016/2658 1766/2056/2659 1579/2058/2660
s 1
f 1995/1963/1526 2038/2059/1527 2041/1959/2501
f 1850/2060/1524 1936/2061/2042 1881/1970/2661
f 1762/2062/2043 1850/2060/1524 1881/1970/2661
s 0
f 2038/2059/2662 2062/1960/2663 2041/1959/2664
s 1
f 2150/1961/2498 2062/1960/2178 2151/1957/2177
f 1764/2063/2450 1642/2064/2665 1632/2065/2045
f 1764/2063/2450 1687/2066/2666 1642/2064/2665
f 1762/2062/2043 1881/1970/2661 1812/1971/2517
f 1762/2062/2043 1812/1971/2517 1764/2063/2450
s 0
f 1995/1963/2667 1934/1964/2668 1936/2061/2669
f 1936/2061/2670 1934/1964/2671 1881/1970/2672
s 1
f 1215/2051/2319 1351/2067/2673 1537/2050/2407
f 1537/2050/2407 1351/2067/2673 1440/2048/2636
f 1749/2046/2674 1440/2048/2636 1518/2068/2675
f 2001/2053/2647 1749/2046/2674 1915/2057/2651
f 1915/2057/2651 1749/2046/2674 1845/2069/2676
f 1845/2069/2676 1749/2046/2674 1575/2070/2677
f 1575/2070/2677 1749/2046/2674 1518/2068/2675
f 1845/2069/2676 1575/2070/2677 1665/2071/2678
f 1858/2055/2648 1845/2069/2676 1665/2071/2678
f 1226/2072/2679 1575/2070/2677 1518/2068/2675
f 1226/2072/2679 1518/2068/2675 1116/2073/2680
f 1116/2073/2680 1518/2068/2675 1214/2074/2681
f 1518/2068/2675 1440/2048/2636 1214/2074/2681
f 1214/2074/2681 1440/2048/2636 1351/2067/2673
f 768/2075/2682 1214/2074/2681 1351/2067/2673
f 768/2075/2682 1351/2067/2673 1215/2051/2319
f 768/2075/2682 1215/2051/2319 850/2076/2683
f 850/2076/2683 1215/2051/2319 1270/2077/2320
s 0
f 1053/2078/2684 869/2079/2685 607/2080/2686
s 1
f 1053/2078/2321 607/2080/2687 1270/2077/2320
f 607/2080/2688 869/2079/2330 426/2081/2331
f 1270/2077/2320 607/2080/2687 566/2082/2689
f 607/2080/2687 222/2083/2690 566/2082/2689
f 566/2082/2689 850/2076/2683 1270/2077/2320
f 768/2075/2682 850/2076/2683 566/2082/2689
f 768/2075/2682 566/2082/2689 455/2084/2691
f 768/2075/2682 855/2085/2692 1214/2074/2681
f 768/2075/2682 455/2084/2691 423/2086/2693
f 768/2075/2682 423/2086/2693 855/2085/2692
f 423/2086/2693 559/2087/2694 812/2088/2695
f 423/2086/2693 812/2088/2695 855/2085/2692
f 812/2088/2695 1116/2073/2680 855/2085/2692
s 0
f 855/2085/2696 1116/2073/2697 1214/2074/2698
s 1
f 1226/2072/2679 1116/2073/2680 812/2088/2695
f 1575/2070/2677 1424/2089/2699 1665/2071/2678
f 1665/2071/2678 1424/2089/2699 1487/2090/2700
s 0
f 1424/2089/2701 1575/2070/2702 1226/2072/2703
s 1
f 1226/2072/2679 812/2088/2695 816/2091/2704
f 559/2087/2694 532/2092/2705 812/2088/2695
f 532/2092/2705 816/2091/2704 812/2088/2695
f 816/2091/2704 532/2092/2705 451/2093/2706
f 816/2091/2704 1003/2094/2707 1226/2072/2679
f 1003/2094/2707 816/2091/2704 742/2095/2708
f 1226/2072/2679 1003/2094/2707 1424/2089/2699
f 1003/2094/2707 1393/2096/2709 1424/2089/2699
f 1424/2089/2699 1532/2097/2710 1487/2090/2700
f 1424/2089/2699 1393/2096/2709 1532/2097/2710
f 1487/2090/2700 1766/2056/2649 1665/2071/2678
f 1766/2056/2649 1858/2055/2648 1665/2071/2678
f 1845/2069/2676 1858/2055/2648 1915/2057/2651
f 1339/2098/2046 1507/2099/2044 1265/2100/2711
f 1507/2099/2044 1510/2101/2449 1265/2100/2711
f 1632/2065/2045 1642/2064/2665 1510/2101/2449
f 1510/2101/2449 1506/2102/2712 1265/2100/2711
f 1506/2102/2712 1510/2101/2449 1642/2064/2665
f 1506/2102/2712 1344/2103/2713 1265/2100/2711
f 1265/2100/2711 1344/2103/2713 1209/2104/2714
f 1265/2100/2711 1209/2104/2714 1162/2105/2715
s 0
f 1154/2106/2716 1265/2100/2717 1162/2105/2718
s 1
f 1154/2106/2719 1162/2105/2715 1106/2107/2720
s 0
f 1106/2107/2721 1047/2108/2722 1154/2106/2723
s 1
f 1047/2108/2724 967/2109/2725 913/2110/2726
f 1047/2108/2724 913/2110/2726 1154/2106/2463
f 932/2111/2727 967/2109/2725 1047/2108/2724
f 1047/2108/2724 1106/2107/2728 932/2111/2727
f 932/2111/2727 1106/2107/2728 992/2112/2729
s 0
f 992/2112/2730 1106/2107/2731 1045/2113/2732
s 1
f 821/2114/2733 992/2112/2734 1045/2113/2735
f 1045/2113/2735 1162/2105/2715 1015/2115/2736
f 1162/2105/2715 1045/2113/2735 1106/2107/2720
f 1045/2113/2735 1015/2115/2736 821/2114/2733
f 821/2114/2733 761/2116/2737 781/2117/2738
s 0
f 821/2114/2739 781/2117/2740 992/2112/2741
s 1
f 992/2112/2729 693/2118/2742 932/2111/2727
f 992/2112/2729 781/2117/2743 693/2118/2742
f 761/2116/2737 821/2114/2733 681/2119/2744
f 681/2119/2744 821/2114/2733 895/2120/2745
f 761/2116/2737 493/2121/2746 781/2117/2738
s 0
f 693/2118/2747 781/2117/2748 403/2122/2749
s 1
f 403/2122/2750 781/2117/2738 493/2121/2746
f 693/2118/2742 403/2122/2750 516/2123/2751
f 403/2122/2750 493/2121/2746 312/2124/2752
f 493/2121/2746 761/2116/2737 449/2125/2753
f 449/2125/2753 761/2116/2737 681/2119/2744
f 493/2121/2746 449/2125/2753 312/2124/2752
f 516/2123/2751 571/2126/2754 693/2118/2742
f 516/2123/2751 403/2122/2750 392/2127/2755
f 516/2123/2751 392/2127/2755 499/2128/2756
f 403/2122/2750 239/2129/2757 392/2127/2755
f 403/2122/2750 312/2124/2752 239/2129/2757
f 197/2130/2758 312/2124/2752 2374/2131/2759
f 312/2124/2752 449/2125/2753 2374/2131/2759
f 2374/2131/2759 449/2125/2753 233/2132/2760
f 2374/2131/2759 233/2132/2760 2874/2133/2761
s 0
f 2374/2131/2762 2874/2133/2763 2822/2134/2764
s 1
f 2874/2133/2761 233/2132/2760 2877/2135/2765
f 2877/2135/2765 233/2132/2760 2559/2136/2766
f 2559/2136/2766 233/2132/2760 92/2137/2767
f 2877/2135/2765 2559/2136/2766 2689/2138/2768
f 2822/2134/2769 2874/2133/2761 2768/2139/2770
s 0
f 197/2130/2771 2822/2134/2772 2806/2140/2773
s 1
f 197/2130/2774 2806/2140/2775 2513/2141/1885
f 2513/2141/1885 2806/2140/2775 2880/2142/1863
f 392/2127/2755 2513/2141/1885 77/2143/1864
s 0
f 499/2128/2776 392/2127/2777 77/2144/2778
s 1
f 239/2129/2757 2513/2141/1885 392/2127/2755
f 437/2145/2467 506/2146/1883 710/2147/2466
s 0
f 571/2126/2779 499/2128/2780 437/2145/2781
s 1
f 516/2123/2751 499/2128/2756 571/2126/2754
f 829/2148/2782 571/2126/2754 437/2145/2467
f 829/2148/2782 437/2145/2467 710/2147/2466
f 710/2147/2466 834/2149/2465 829/2148/2782
f 913/2110/2726 829/2148/2782 834/2149/2465
f 829/2148/2782 932/2111/2727 571/2126/2754
f 967/2109/2725 829/2148/2782 913/2110/2726
f 932/2111/2727 829/2148/2782 967/2109/2725
f 913/2110/2726 834/2149/2465 842/2150/2464
f 1154/2106/2463 913/2110/2726 842/2150/2464
f 1154/2106/2445 1200/2151/2047 1339/2098/2046
f 1339/2098/2046 1265/2100/2711 1154/2106/2445
s 0
f 607/2152/2783 426/2153/2784 222/2154/2785
s 1
f 2388/2155/2786 426/2153/2331 402/2156/2332
f 2491/2157/2787 2388/2155/2786 402/2156/2332
f 2574/2158/2788 402/2156/2332 237/2159/2333
f 2491/2157/2787 402/2156/2332 2574/2158/2788
f 2574/2158/2788 237/2159/2333 33/2160/2351
f 2552/2161/2335 2724/2162/2350 2774/2163/2789
f 33/2160/2351 2552/2161/2335 2774/2163/2789
f 2491/2157/2787 2574/2158/2788 2695/2164/2790
f 2388/2155/2786 222/2154/2690 426/2153/2331
f 2577/2165/2791 2491/2157/2787 2695/2164/2790
f 566/2166/2689 222/2154/2690 455/2167/2691
f 222/2154/2690 2388/2155/2786 2439/2168/2792
f 222/2154/2690 2439/2168/2792 2496/2169/2793
f 2577/2165/2791 2439/2168/2792 2388/2155/2786
f 2388/2155/2786 2491/2157/2787 2577/2165/2791
f 2577/2165/2791 2695/2164/2790 2869/2170/2794
f 2577/2165/2791 2732/2171/2795 2439/2168/2792
f 2685/2172/2796 2496/2169/2793 2439/2168/2792
f 2685/2172/2796 2439/2168/2792 2732/2171/2795
f 2496/2169/2793 79/2173/2797 455/2167/2691
f 79/2173/2797 423/2174/2693 455/2167/2691
f 2496/2169/2793 455/2167/2691 222/2154/2690
f 423/2174/2693 79/2173/2797 216/2175/2798
f 423/2174/2693 216/2175/2798 559/2176/2694
f 532/2177/2705 559/2176/2694 547/2178/2799
f 547/2178/2799 559/2176/2694 216/2175/2798
f 2685/2172/2796 79/2173/2797 2496/2169/2793
f 79/2173/2797 2685/2172/2796 2692/2179/2800
f 2732/2171/2795 2692/2179/2800 2685/2172/2796
f 2732/2171/2795 2577/2165/2791 2869/2170/2794
f 3057/2180/2801 2869/2170/2794 2695/2164/2790
s 0
f 2732/2171/2802 2997/2181/2803 2692/2179/2804
f 2732/2171/2805 2970/2182/2806 2997/2181/2807
s 1
f 2970/2182/2808 2732/2171/2795 2869/2170/2794
f 2970/2182/2808 2869/2170/2794 3121/2183/2809
f 3121/2183/2809 2869/2170/2794 3057/2180/2801
s 0
f 3121/2183/2810 3253/2184/2811 2970/2182/2812
s 1
f 3253/2184/2813 3121/2183/2809 3421/2185/2814
f 3421/2185/2814 3121/2183/2809 3221/2186/2815
f 3225/2187/2816 2970/2182/2817 3253/2184/2813
s 0
f 2997/2181/2818 2872/2188/2819 2692/2179/2820
s 1
f 3421/2185/2814 3519/2189/2821 3253/2184/2813
f 2970/2182/2817 3225/2187/2816 2997/2181/2822
f 2692/2179/2800 2704/2190/2823 79/2173/2797
s 0
f 2692/2179/2824 2872/2188/2825 2704/2190/2826
s 1
f 2872/2188/2827 2997/2181/2822 3062/2191/2828
f 3062/2191/2828 2997/2181/2822 3225/2187/2816
f 3225/2187/2816 3253/2184/2813 3296/2192/2829
f 3280/2193/2830 3225/2187/2816 3296/2192/2829
s 0
f 3062/2191/2831 3225/2187/2832 3280/2193/2833
s 1
f 3148/2194/2834 3062/2191/2828 3280/2193/2830
f 3062/2191/2828 2892/2195/2835 2872/2188/2827
f 2892/2195/2835 3062/2191/2828 3148/2194/2834
f 3274/2196/2836 3148/2194/2834 3280/2193/2830
f 3274/2196/2836 3280/2193/2830 3296/2192/2829
f 3296/2192/2829 3519/2189/2821 3581/2197/2837
f 3296/2192/2829 3253/2184/2813 3519/2189/2821
f 3519/2189/2821 3610/2198/2838 3581/2197/2837
f 3296/2192/2829 3581/2197/2837 3274/2196/2836
f 3581/2197/2837 3480/2199/2839 3426/2200/2840
f 3274/2196/2836 3581/2197/2837 3426/2200/2840
f 3274/2196/2836 3175/2201/2841 3148/2194/2834
f 3274/2196/2836 3426/2200/2840 3307/2202/2842
f 3274/2196/2836 3307/2202/2842 3175/2201/2841
f 2704/2190/2823 2872/2188/2827 2892/2195/2835
f 2704/2190/2823 2892/2195/2835 2703/2203/2843
f 2704/2190/2823 2703/2203/2843 2458/2204/2844
f 79/2173/2797 2704/2190/2823 2458/2204/2844
f 216/2175/2798 79/2173/2797 2458/2204/2844
s 0
f 547/2178/2845 216/2175/2846 2458/2204/2847
s 1
f 547/2178/2799 2458/2204/2844 327/2205/2848
f 547/2178/2799 327/2205/2848 532/2177/2705
f 532/2177/2705 327/2205/2848 451/2206/2706
f 742/2207/2708 451/2206/2706 596/2208/2849
f 327/2205/2848 50/2209/2850 451/2206/2706
f 451/2206/2706 50/2209/2850 301/2210/2851
f 451/2206/2706 301/2210/2851 596/2208/2849
f 50/2209/2850 327/2205/2848 2475/2211/2852
f 327/2205/2848 2458/2204/2844 2475/2211/2852
f 2475/2211/2852 2458/2204/2844 2703/2203/2843
f 50/2209/2850 2475/2211/2852 53/2212/2853
f 50/2209/2850 53/2212/2853 301/2210/2851
f 596/2208/2849 301/2210/2851 667/2213/2854
s 0
f 833/2214/2855 667/2213/2856 628/2215/2857
f 667/2213/2858 610/2216/2859 628/2215/2860
f 628/2215/2861 610/2216/2862 307/2217/2863
s 1
f 46/2218/2864 610/2216/2865 247/2219/2866
f 610/2216/2865 667/2213/2854 301/2210/2851
f 247/2219/2866 610/2216/2865 301/2210/2851
s 0
f 2595/2220/2867 247/2219/2868 301/2210/2869
f 2595/2220/2870 301/2210/2871 53/2212/2872
s 1
f 46/2218/2864 247/2219/2866 2595/2220/2873
f 2607/2221/2874 46/2218/2864 2595/2220/2873
f 2598/2222/2875 2607/2221/2874 2595/2220/2873
f 2497/2223/2876 53/2212/2853 2475/2211/2852
f 53/2212/2853 2497/2223/2876 2595/2220/2873
f 2595/2220/2873 2497/2223/2876 2803/2224/2877
f 2803/2224/2877 2497/2223/2876 2890/2225/2878
f 2803/2224/2877 2890/2225/2878 3018/2226/2879
f 2497/2223/2876 2475/2211/2852 2703/2203/2843
f 2497/2223/2876 2703/2203/2843 2890/2225/2878
f 2703/2203/2843 2892/2195/2835 2890/2225/2878
f 2890/2225/2878 2892/2195/2835 3148/2194/2834
f 3175/2201/2841 2890/2225/2878 3148/2194/2834
f 2890/2225/2878 3175/2201/2841 3018/2226/2879
f 3018/2226/2879 3175/2201/2841 3307/2202/2842
f 3307/2202/2842 3172/2227/2880 3018/2226/2879
f 3172/2227/2880 2984/2228/2881 3018/2226/2879
f 3018/2226/2879 2984/2228/2881 2803/2224/2877
f 2803/2224/2877 2984/2228/2881 2598/2222/2875
f 2803/2224/2877 2598/2222/2875 2595/2220/2873
f 33/2160/2351 2766/2229/2882 2574/2158/2788
f 2574/2158/2788 2766/2229/2882 2695/2164/2790
s 0
f 33/2160/2883 2774/2163/2884 2766/2229/2885
s 1
f 2766/2229/2882 2774/2163/2789 3057/2180/2801
f 2774/2163/2789 2724/2162/2350 2916/2230/2352
f 3111/2231/2886 2774/2163/2789 2916/2230/2352
f 2916/2230/2352 2937/2232/2336 3178/2233/2353
f 3178/2233/2353 3006/2234/2349 3429/2235/2887
f 3429/2235/2887 3006/2234/2349 3217/2236/2452
s 0
f 3429/2235/2888 3217/2236/2889 3532/2237/2890
s 1
f 2916/2230/2352 3178/2233/2353 3260/2238/2891
f 2916/2230/2352 3260/2238/2891 3111/2231/2886
f 3057/2180/2801 2774/2163/2789 3111/2231/2886
f 2766/2229/2882 3057/2180/2801 2695/2164/2790
f 3111/2231/2886 3260/2238/2891 3057/2180/2801
f 3057/2180/2801 3260/2238/2891 3221/2186/2815
f 3121/2183/2809 3057/2180/2801 3221/2186/2815
f 3178/2233/2353 3429/2235/2887 3369/2239/2892
f 3260/2238/2891 3178/2233/2353 3369/2239/2892
f 3260/2238/2891 3476/2240/2893 3221/2186/2815
f 3260/2238/2891 3369/2239/2892 3476/2240/2893
f 3221/2186/2815 3476/2240/2893 3551/2241/2894
f 3221/2186/2815 3551/2241/2894 3421/2185/2814
f 3551/2241/2894 3476/2240/2893 3588/2242/2895
f 3421/2185/2814 3551/2241/2894 3519/2189/2821
f 3519/2189/2821 3551/2241/2894 3588/2242/2895
f 3519/2189/2821 3588/2242/2895 3610/2198/2838
f 3698/2243/2896 3730/2244/2897 3588/2242/2895
f 3930/2245/2238 3872/2246/2898 3867/2247/2236
f 4372/2248/2899 4343/2249/2900 4338/2250/2901
f 4372/2248/2899 4338/2250/2901 4371/2251/2147
f 4338/2250/2901 4343/2249/2900 4306/2252/2902
f 4275/2253/2903 4338/2250/2901 4306/2252/2902
s 0
f 4200/2254/2904 4160/2255/2905 4106/2256/2906
s 1
f 3811/2257/2907 3803/2258/2237 3872/2246/2898
f 3872/2246/2898 3803/2258/2237 3867/2247/2236
s 0
f 3698/2243/2908 3811/2257/2909 3730/2244/2910
s 1
f 3588/2242/2895 3631/2259/2911 3698/2243/2896
s 0
f 3803/2258/2912 3811/2257/2913 3698/2243/2914
s 1
f 3803/2258/2237 3698/2243/2896 3671/2260/2235
f 3369/2239/2892 3429/2235/2887 3532/2237/2454
f 3532/2237/2454 3599/2261/2915 3369/2239/2892
f 3532/2237/2454 3388/2262/2453 3671/2260/2235
f 3599/2261/2915 3532/2237/2454 3671/2260/2235
f 3671/2260/2235 3698/2243/2896 3630/2263/2916
f 3599/2261/2915 3671/2260/2235 3630/2263/2916
f 3369/2239/2892 3599/2261/2915 3630/2263/2916
f 3369/2239/2892 3630/2263/2916 3476/2240/2893
f 3588/2242/2895 3476/2240/2893 3631/2259/2911
f 3631/2259/2911 3476/2240/2893 3630/2263/2916
f 3631/2259/2911 3630/2263/2916 3698/2243/2896
f 2957/2264/1859 2806/2265/1889 2768/2266/2770
f 2806/2265/1889 2822/2267/2769 2768/2266/2770
f 3053/2268/2917 2768/2266/2770 2874/2269/2761
f 3053/2268/2917 2874/2269/2761 2973/2270/2918
f 2973/2270/2918 2874/2269/2761 2988/2271/2919
f 2988/2271/2919 2874/2269/2761 2877/2272/2765
s 0
f 2973/2270/2920 2988/2271/2921 3246/2273/2922
s 1
f 2988/2271/2919 2877/2272/2765 2689/2274/2768
f 2988/2271/2919 2689/2274/2768 3034/2275/2923
f 3034/2275/2923 2689/2274/2768 2779/2276/2924
f 3034/2275/2923 2966/2277/2925 3143/2278/2926
f 3034/2275/2923 3143/2278/2926 3243/2279/2927
f 2966/2277/2925 3034/2275/2923 2779/2276/2924
f 2966/2277/2925 2975/2280/2928 3143/2278/2926
f 3143/2278/2926 2975/2280/2928 3219/2281/2929
f 3451/2282/2930 3219/2281/2931 3318/2283/2932
s 0
f 3219/2281/2933 3193/2284/2934 3318/2283/2935
s 1
f 3219/2281/2929 2975/2280/2928 3193/2284/2936
s 0
f 2975/2280/2937 2985/2285/2938 3193/2284/2939
s 1
f 2985/2285/2940 3037/2286/2941 3193/2284/2942
f 3325/2287/2943 3193/2284/2942 3037/2286/2941
f 3325/2287/2943 3037/2286/2941 3146/2288/2944
s 0
f 3325/2287/2945 3146/2288/2946 3417/2289/2947
s 1
f 3417/2289/2948 3146/2288/2949 3518/2290/2950
f 3146/2288/2944 2991/2291/2951 3081/2292/2952
f 3146/2288/2944 3081/2292/2952 3316/2293/2953
f 3518/2290/2954 3316/2293/2953 3309/2294/2955
f 3316/2293/2953 3081/2292/2952 3128/2295/2956
f 3316/2293/2953 3128/2295/2956 3309/2294/2955
f 3309/2294/2955 3402/2296/2957 3518/2290/2954
s 0
f 3402/2296/2958 3583/2297/2959 3518/2290/2960
s 1
f 3518/2290/2950 3583/2297/2961 3585/2298/2962
s 0
f 3585/2298/2963 3583/2297/2964 3686/2299/2965
f 3585/2298/2966 3686/2299/2967 3691/2300/2968
s 1
f 3895/2301/2969 4013/2302/2970 3994/2303/2971
f 4133/2304/2972 4156/2305/2973 4231/2306/2974
s 0
f 4391/2307/2975 4356/2308/2976 4390/2309/2977
f 4465/2310/2978 4464/2311/2979 4482/2312/2980
s 1
f 4456/2313/2981 4466/2314/2982 4443/2315/2983
s 0
f 4486/2316/2984 4466/2314/2985 4483/1939/2986
s 1
f 4486/2316/2987 4483/1939/2484 4482/2312/2988
s 0
f 4456/2313/2989 4483/1939/2990 4466/2314/2991
s 1
f 4426/2317/2992 4456/2313/2981 4443/2315/2983
f 4486/2316/2987 4482/2312/2988 4478/2318/2993
s 0
f 4464/2311/2994 4478/2318/2995 4482/2312/2996
s 1
f 3049/2319/1891 2957/2264/1859 2768/2266/2770
f 3049/2319/1891 2768/2266/2770 3053/2268/2917
f 3135/2320/2997 3049/2319/1891 3053/2268/2917
f 3049/2319/1891 3135/2320/2997 3513/2321/1890
s 0
f 2973/2270/2998 3135/2320/2999 3053/2268/3000
s 1
f 2973/2270/3001 3246/2273/3002 3135/2320/3003
f 3246/2273/3002 3540/2322/3004 3601/2323/3005
f 3246/2273/3002 3601/2323/3005 3135/2320/3003
f 3135/2320/3003 3601/2323/3005 3597/2324/3006
s 0
f 3597/2324/3007 3601/2323/3008 3653/2325/3009
s 1
f 3653/2325/3010 3601/2323/3005 3540/2322/3004
f 3739/2326/1815 3789/1924/1814 4022/2327/1806
s 0
f 3739/2326/3011 3653/2325/3012 3540/2322/3013
s 1
f 3739/2326/1815 3540/2322/3014 3789/1924/1814
f 3540/2322/3004 3645/2328/3015 3922/1927/3016
s 0
f 3540/2322/3017 3922/1927/3018 3789/1924/3019
s 1
f 3645/2328/3015 3540/2322/3004 3308/2329/3020
f 3540/2322/3004 3246/2273/3002 3308/2329/3020
s 0
f 3647/2330/3021 3922/1927/3022 3645/2328/3023
f 4007/2331/3024 3922/1927/3025 3647/2330/3026
f 3308/2329/3027 3246/2273/3028 3154/2332/3029
s 1
f 3154/2332/3030 3246/2273/3031 2988/2271/2919
f 3308/2329/3020 3243/2279/2927 3645/2328/3015
f 3243/2279/2927 3308/2329/3020 3154/2332/3030
f 3243/2279/2927 3154/2332/3030 3034/2275/2923
f 3154/2332/3030 2988/2271/2919 3034/2275/2923
f 3243/2279/2927 3143/2278/2926 3414/2333/3032
f 3414/2333/3032 3143/2278/2926 3219/2281/2929
s 0
f 3414/2333/3033 3219/2281/3034 3451/2282/3035
s 1
f 3451/2282/2930 3318/2283/2932 3672/2334/3036
f 3318/2283/2932 3660/2335/3037 3672/2334/3036
f 3318/2283/2932 3496/2336/3038 3660/2335/3037
f 3496/2336/3038 3318/2283/2932 3193/2284/2942
f 3496/2336/3038 3193/2284/2942 3325/2287/2943
s 0
f 3496/2336/3039 3417/2289/3040 3660/2335/3041
s 1
f 3417/2289/3042 3496/2336/3038 3325/2287/2943
f 3417/2289/2948 3518/2290/2950 3664/2337/3043
s 0
f 3518/2290/3044 3146/2288/3045 3316/2293/3046
s 1
f 3585/2298/2962 3664/2337/3043 3518/2290/2950
f 3686/2299/3047 3772/2338/3048 3691/2300/3049
f 3772/2338/3048 3804/2339/3050 3691/2300/3049
s 0
f 3895/2301/3051 3994/2303/3052 3934/2340/3051
s 1
f 3895/2301/2969 3934/2340/3053 3839/2341/3054
f 3585/2298/2962 3691/2300/3049 3664/2337/3043
f 3691/2300/3049 3804/2339/3050 3808/2342/3055
f 3808/2342/3055 3839/2341/3054 3902/2343/3056
s 0
f 3839/2341/3057 3934/2340/3058 3902/2343/3059
s 1
f 3808/2342/3055 3715/2344/3060 3691/2300/3049
f 3664/2337/3043 3691/2300/3049 3715/2344/3060
s 0
f 3417/2289/3061 3664/2337/3062 3660/2335/3063
s 1
f 3664/2337/3043 3715/2344/3060 3660/2335/3037
s 0
f 4115/2345/3064 4159/2346/3065 4163/2347/3066
s 1
f 4189/1928/3067 4159/2346/3068 4204/2348/3069
f 4396/1931/2122 4357/1934/2121 4375/1940/2485
f 4204/2348/3069 4229/1944/3070 4189/1928/3067
f 4159/2346/3068 4189/1928/3067 4163/2347/3071
s 0
f 4229/1944/3072 4240/1943/3073 4189/1928/3074
s 1
f 4163/2347/3071 4189/1928/3067 4048/1925/3075
f 4115/2345/3076 4007/2331/3077 3958/2349/3078
f 4115/2345/3076 3958/2349/3078 4018/2350/3079
f 3958/2349/3078 4007/2331/3077 3951/2351/3080
f 3806/2352/3081 3870/2353/3082 3714/2354/3083
f 3714/2354/3083 3870/2353/3082 3951/2351/3080
f 3714/2354/3083 4007/2331/3077 3647/2330/3084
f 4007/2331/3077 3714/2354/3083 3951/2351/3080
f 3922/1927/3085 4007/2331/3077 4028/2355/3086
s 0
f 4048/1925/3087 3922/1927/3088 4028/2355/3089
f 4028/2355/3090 4115/2345/3091 4048/1925/3092
s 1
f 4163/2347/3071 4048/1925/3075 4115/2345/3093
f 4028/2355/3086 4007/2331/3077 4115/2345/3076
f 4372/2356/2899 4371/2357/2147 4395/2358/2253
f 4473/1938/2144 4475/1937/3094 4450/2359/2151
f 4372/2356/2899 4395/2358/2253 4359/2360/3095
f 4453/2361/3096 4450/2359/2151 4475/1937/3094
f 4418/2362/2152 4450/2359/2151 4405/2363/3097
s 0
f 4418/2362/3098 4405/2363/3099 4395/2358/3100
f 4395/2358/3101 4405/2363/3102 4359/2360/3103
f 4422/2364/3104 4359/2360/3105 4405/2363/3106
s 1
f 4453/2361/3096 4405/2363/3097 4450/2359/2151
f 4483/1939/2484 4477/1936/2483 4470/2365/3107
f 4470/2365/3108 4451/2366/2126 4435/2367/3109
s 0
f 4451/2366/3110 4470/2365/3111 4477/1936/3112
s 1
f 4405/2363/3097 4453/2361/3096 4422/2364/3113
f 4456/2313/2981 4422/2364/3113 4453/2361/3096
f 4456/2313/2981 4453/2361/3096 4475/1937/3094
f 4483/1939/2484 4470/2365/3107 4482/2312/2988
s 0
f 4456/2313/3114 4475/1937/3115 4483/1939/3116
f 4465/2310/3117 4482/2312/3118 4470/2365/3119
s 1
f 4465/2310/3120 4470/2365/3108 4435/2367/3109
f 4355/2368/3121 4393/2369/3122 4375/1940/2485
f 4326/2370/3123 4355/2368/3121 4336/1933/2478
f 4336/1933/2478 4279/1941/2486 4326/2370/3123
f 4326/2370/3123 4279/1941/2486 4295/2371/3124
f 4279/1941/2486 4229/1944/3070 4261/2372/3125
f 4279/1941/2486 4261/2372/3125 4295/2371/3124
f 4115/2345/3076 4018/2350/3079 4107/2373/3126
f 4115/2345/3076 4107/2373/3126 4159/2346/3068
f 4159/2346/3068 4133/2304/2972 4204/2348/3069
f 4205/2374/3127 4204/2348/3069 4133/2304/2972
f 4355/2368/3121 4326/2370/3123 4337/2375/3128
s 0
f 4393/2369/3129 4355/2368/3130 4391/2307/3131
s 1
f 4337/2375/3128 4326/2370/3123 4294/2376/3132
s 0
f 4326/2370/3133 4295/2371/3134 4294/2376/3135
s 1
f 4393/2369/3136 4391/2307/3137 4421/2377/3138
f 4435/2367/3109 4421/2377/3138 4436/2378/3139
f 4435/2367/3109 4436/2378/3139 4465/2310/3120
f 4456/2313/2981 4426/2317/2992 4422/2364/3113
s 0
f 4422/2364/3140 4426/2317/3141 4379/2379/3142
f 4161/2380/3143 4053/2381/3144 4106/2256/3145
s 1
f 4161/2380/3146 4106/2256/3147 4158/2382/3148
f 4158/2382/3148 4106/2256/3147 4160/2255/2240
f 4160/2383/2240 4252/2384/2241 4264/2385/3149
s 0
f 4264/2385/3150 4252/2384/3151 4306/2252/3152
f 4275/2253/3153 4306/2252/3154 4252/2384/3155
s 1
f 2513/2141/1885 239/2129/2757 197/2130/2774
s 0
f 197/2130/3156 239/2129/3157 312/2124/3158
s 1
f 197/2130/2758 2374/2131/2759 2822/2134/3159
f 2366/2027/2607 2351/2386/3160 2350/2026/2422
f 2324/2387/2164 2348/2039/2165 2326/1983/2528
f 2324/2387/2164 2326/1983/2528 2316/1945/2430
f 2234/1951/2492 2248/1950/2176 2239/2031/2614
f 2340/2029/2613 2326/1983/2528 2363/2028/2624
f 2316/1945/2430 2326/1983/2528 2315/1982/2527
f 2316/1945/2430 2315/1982/2527 2286/1946/2491
f 2272/1949/2175 2286/1946/2491 2274/2030/2612
f 2248/1950/2176 2272/1949/2175 2274/2030/2612
f 2239/2031/2614 2248/1950/2176 2274/2030/2612
f 2239/2031/2614 2202/1962/2500 2175/1954/2493
f 2234/1951/2492 2239/2031/2614 2175/1954/2493
f 2151/1957/2177 2175/1954/2493 2150/1961/2498
f 693/2118/2742 571/2126/2754 932/2111/2727
f 4451/2366/2126 4446/1932/2125 4435/2367/3109
f 4446/1932/2125 4421/2377/3138 4435/2367/3109
s 0
f 4421/2377/3161 4446/1932/3162 4396/1931/3163
f 4393/2369/3164 4421/2377/3165 4396/1931/3166
f 4393/2369/3167 4396/1931/3168 4375/1940/3169
s 1
f 4355/2368/3121 4375/1940/2485 4336/1933/2478
f 3647/2330/3084 3645/2328/3015 3414/2333/3032
f 3806/2352/3081 3714/2354/3083 3451/2282/2930
f 3451/2282/2930 3714/2354/3083 3647/2330/3084
f 3451/2282/2930 3672/2334/3036 3757/2388/3170
f 3660/2335/3037 3715/2344/3060 3672/2334/3036
f 3902/2343/3056 3715/2344/3060 3808/2342/3055
f 3902/2343/3171 3934/2340/3172 3870/2353/3082
f 3934/2340/3172 3958/2349/3078 3870/2353/3082
s 0
f 3715/2344/3173 3902/2343/3174 3672/2334/3175
f 3672/2334/3176 3902/2343/3177 3757/2388/3178
s 1
f 3958/2349/3078 3951/2351/3080 3870/2353/3082
f 3902/2343/3171 3870/2353/3082 3806/2352/3081
f 3757/2388/3170 3902/2343/3171 3806/2352/3081
f 3451/2282/2930 3757/2388/3170 3806/2352/3081
s 0
f 2228/2033/3179 2209/2020/3180 2224/2022/3181
s 1
f 2228/2033/3182 2224/2022/2602 2251/2025/2604
f 2228/2033/3182 2251/2025/2604 2257/2034/3183
f 2297/2037/2619 2280/2389/3184 2294/1990/2542
f 2322/2038/2620 2297/2037/2619 2294/1990/2542
f 2251/2025/2604 2294/1990/2542 2280/2389/3184
s 0
f 2251/2025/3185 2280/2389/3186 2257/2034/3187
s 1
f 2322/2038/2620 2331/1987/2534 2350/2026/2422
f 2350/2026/2422 2356/1986/2606 2366/2027/2607
f 3243/2279/2927 3414/2333/3032 3645/2328/3015
f 3647/2330/3084 3414/2333/3032 3451/2282/2930
f 4158/2390/3148 4160/2391/2240 4264/2392/3149
f 4264/2392/3149 4220/2393/3188 4158/2390/3148
f 4219/2394/3189 4264/2392/3149 4236/2395/3190
f 4236/2395/3190 4264/2392/3149 4306/2396/3191
f 4219/2394/3189 4220/2393/3188 4264/2392/3149
f 4161/2397/3146 4220/2393/3188 4176/2398/3192
f 4176/2398/3192 4220/2393/3188 4219/2394/3189
f 3872/2399/2898 3845/2400/3193 3771/2401/3194
s 0
f 3872/2399/3195 3954/2402/3196 3909/2403/3197
s 1
f 3845/2400/3193 3872/2399/2898 3847/2404/3198
f 3847/2404/3198 3872/2399/2898 3909/2403/3199
f 3872/2399/2898 3771/2401/3194 3811/2405/2907
f 3811/2405/2907 3771/2401/3194 3730/2406/3200
f 3589/2407/3201 3730/2406/2897 3651/2408/3202
s 0
f 3589/2407/3203 3651/2408/3204 3416/2409/3205
s 1
f 3845/2400/3193 3773/2410/3206 3771/2401/3194
f 3773/2410/3206 3845/2400/3193 3847/2404/3198
f 3771/2401/3194 3716/2411/3207 3730/2406/3200
s 0
f 3716/2411/3208 3651/2408/3209 3730/2406/3210
s 1
f 3480/2412/2839 3416/2409/3211 3426/2413/2840
f 3426/2413/2840 3416/2409/3211 3343/2414/3212
f 3589/2407/3201 3416/2409/3211 3480/2412/2839
f 3589/2407/3201 3480/2412/2839 3581/2415/2837
f 3730/2406/2897 3589/2407/3201 3588/2416/2895
f 3588/2416/2895 3589/2407/3201 3610/2417/2838
f 3610/2417/2838 3589/2407/3201 3581/2415/2837
f 3307/2418/2842 3426/2413/2840 3343/2414/3212
s 0
f 3307/2418/3213 3343/2414/3214 3172/2419/3215
s 1
f 2598/2420/2875 2810/2421/3216 2607/2422/2874
f 2810/2421/3216 2598/2420/2875 2984/2423/2881
f 610/2424/2865 46/2425/2864 307/2426/3217
s 0
f 628/2427/3218 307/2426/3219 533/2428/3220
f 533/2428/3221 307/2426/3222 315/2429/3223
f 52/2430/3224 307/2426/3225 46/2425/3226
s 1
f 3001/2431/3227 2810/2421/3216 2984/2423/2881
f 3001/2431/3227 2984/2423/2881 3172/2419/2880
f 3001/2431/3227 3172/2419/2880 3343/2414/3228
s 0
f 3343/2414/3229 3344/2432/3230 3250/2433/3231
s 1
f 3344/2432/3232 3343/2414/3212 3416/2409/3211
f 3343/2414/3228 3250/2433/3233 3001/2431/3227
f 3344/2432/3232 3416/2409/3211 3533/2434/3234
f 3250/2433/3233 3088/2435/3235 3001/2431/3227
f 2607/2422/2874 2810/2421/3216 2741/2436/3236
f 2810/2421/3216 3001/2431/3227 3088/2435/3235
f 3600/2437/3237 3533/2434/3234 3416/2409/3211
f 2798/2438/3238 2741/2436/3236 2810/2421/3216
f 2798/2438/3238 2810/2421/3216 2898/2439/3239
f 2898/2439/3239 2810/2421/3216 3088/2435/3235
f 3340/2440/3240 3344/2432/3232 3533/2434/3234
f 3847/2404/3198 3910/2441/3241 3773/2410/3206
s 0
f 3910/2441/3242 3847/2404/3243 3959/2442/3244
s 1
f 3716/2411/3245 3695/2443/3246 3600/2437/3247
f 3651/2408/3248 3600/2437/3237 3416/2409/3211
s 0
f 3600/2437/3249 3651/2408/3250 3716/2411/3251
f 3773/2410/3252 3716/2411/3253 3771/2401/3254
s 1
f 4024/2444/3255 3909/2403/3199 4021/2445/3256
f 4024/2444/3255 4021/2445/3256 4086/2446/3257
f 3847/2404/3198 3909/2403/3199 3959/2442/3258
f 4024/2444/3255 3959/2442/3258 3909/2403/3199
f 4086/2446/3257 4085/2447/3259 4139/2448/3260
f 4085/2447/3259 4086/2446/3257 4021/2445/3256
f 4236/2395/3190 4288/2449/3261 4253/2450/3262
f 4206/2451/3263 4139/2448/3260 4176/2398/3192
f 4206/2451/3263 4176/2398/3192 4236/2395/3190
f 4176/2398/3192 4139/2448/3260 4085/2447/3259
f 3909/2403/3199 3954/2402/3264 4021/2445/3256
f 4176/2398/3192 4085/2447/3259 4161/2397/3146
f 4021/2445/3256 4161/2397/3146 4085/2447/3259
f 4053/2452/2202 4021/2445/3256 4017/2453/2239
f 4158/2390/3148 4220/2393/3188 4161/2397/3146
f 4161/2397/3146 4021/2445/3256 4053/2452/2202
f 4017/2453/2239 4021/2445/3256 3954/2402/3264
f 3930/2454/2238 4017/2453/2239 3954/2402/3264
f 3954/2402/3264 3872/2399/2898 3930/2454/2238
f 2044/2054/3265 2083/2017/2584 2086/2041/2626
f 1487/2090/2700 1532/2097/2710 1579/2058/3266
f 1487/2090/2700 1579/2058/3266 1766/2056/2649
f 1579/2058/3266 1532/2097/2710 1521/2015/2576
f 1521/2015/2576 1532/2097/2710 1465/2013/2574
f 1465/2013/2574 1532/2097/2710 1264/2455/3267
f 1393/2096/2709 1264/2455/3267 1532/2097/2710
f 1393/2096/2709 1003/2094/2707 822/2456/3268
f 1393/2096/2709 822/2456/3268 1204/2457/3269
s 0
f 822/2456/3270 1003/2094/3271 742/2095/3272
s 1
f 742/2095/2708 816/2091/2704 451/2093/2706
f 822/2456/3268 742/2095/2708 596/2458/2849
f 822/2456/3268 596/2458/2849 667/2459/2854
f 822/2456/3268 667/2459/2854 1071/2460/3273
f 667/2459/2854 888/2461/3274 1071/2460/3273
f 822/2456/3268 1071/2460/3273 1204/2457/3269
f 1204/2457/3269 1071/2460/3273 1098/2462/3275
s 0
f 1393/2096/3276 1204/2457/3277 1098/2462/3278
f 1393/2096/3279 1098/2462/3280 1264/2455/3281
s 1
f 1098/2462/3275 1071/2460/3273 888/2461/3274
f 920/2463/3282 888/2461/3274 667/2464/2854
f 888/2461/3274 920/2463/3282 1098/2462/3275
f 1098/2462/3275 920/2463/3282 1190/2465/3283
s 0
f 920/2463/3284 667/2464/3285 833/2466/3286
s 1
f 1190/2465/3283 920/2463/3282 1022/2467/3287
s 0
f 1264/2455/3288 1348/2014/3289 1465/2013/3290
s 1
f 1348/2014/3291 1264/2455/3292 1190/2465/3283
f 1098/2462/3275 1190/2465/3283 1264/2455/3292
f 1521/2015/2576 1465/2013/2574 1588/2012/2573
f 1579/2058/3266 1521/2015/2576 1772/1998/2551
f 1772/1998/2551 1797/2016/2577 1579/2058/3266
f 233/2132/2760 449/2125/2753 347/2468/3293
f 92/2137/2767 233/2132/2760 347/2468/3293
s 0
f 347/2468/3294 449/2125/3295 681/2119/3296
s 1
f 347/2468/3293 681/2119/2744 664/2469/3297
f 681/2119/2744 895/2120/2745 664/2469/3297
f 895/2120/2745 821/2114/2733 1015/2115/2736
f 1008/2470/3298 1015/2115/2736 1162/2105/2715
f 895/2120/2745 1015/2115/2736 1008/2470/3298
f 895/2120/2745 762/2471/3299 674/2472/3300
f 895/2120/2745 674/2472/3300 664/2469/3297
f 664/2469/3297 674/2472/3300 488/2473/3301
f 664/2469/3297 488/2473/3301 347/2468/3293
f 347/2468/3293 488/2473/3301 219/2474/3302
f 347/2468/3293 219/2474/3302 92/2137/2767
f 92/2137/2767 219/2474/3302 2422/2475/3303
f 92/2137/2767 2422/2475/3303 2689/2138/2768
f 92/2137/2767 2689/2138/2768 2559/2136/2766
f 2689/2138/2768 2422/2475/3303 2779/2476/2924
f 2966/2477/2925 2779/2476/2924 2975/2478/2928
f 2975/2478/2928 2779/2476/2924 2668/2479/3304
f 2668/2479/3304 2779/2476/2924 2422/2475/3303
f 2975/2478/2928 2668/2479/3304 2985/2480/3305
f 2985/2480/2940 2894/2481/3306 3037/2482/2941
f 2865/2483/3307 3037/2482/2941 2894/2481/3306
f 2894/2481/3306 2985/2480/2940 2551/2484/3308
s 0
f 2551/2484/3309 2985/2480/3310 2668/2479/3311
s 1
f 2555/2485/3312 2668/2479/3304 2422/2475/3303
f 405/2486/3313 2555/2485/3312 2422/2475/3303
f 2422/2475/3303 219/2474/3302 405/2486/3313
f 405/2486/3313 219/2474/3302 488/2473/3301
f 405/2486/3313 488/2473/3301 674/2472/3300
f 405/2486/3313 674/2472/3300 450/2487/3314
f 405/2486/3313 450/2487/3314 2555/2485/3312
f 2555/2485/3312 450/2487/3314 255/2488/3315
f 2555/2485/3312 2551/2484/3308 2668/2479/3304
f 2551/2484/3308 2555/2485/3312 255/2488/3315
f 598/2489/3316 450/2487/3314 674/2472/3300
f 450/2487/3314 598/2489/3316 568/2490/3317
f 674/2472/3300 762/2471/3299 864/2491/3318
f 598/2489/3316 674/2472/3300 864/2491/3318
f 762/2471/3299 895/2120/2745 864/2491/3318
f 864/2491/3318 895/2120/2745 1008/2470/3298
f 1008/2470/3298 1162/2105/2715 1009/2492/3319
f 1009/2492/3319 1162/2105/2715 1209/2104/2714
f 1008/2470/3298 1009/2492/3319 864/2491/3318
f 864/2491/3318 1009/2492/3319 754/2493/3320
f 864/2491/3318 754/2493/3320 598/2489/3316
f 754/2493/3320 1009/2492/3319 1019/2494/3321
f 754/2493/3320 568/2490/3317 598/2489/3316
f 568/2490/3317 754/2493/3320 443/2495/3322
f 210/2496/3323 568/2490/3317 443/2495/3322
f 443/2495/3322 407/2497/3324 210/2496/3323
s 0
f 210/2496/3325 255/2488/3326 568/2490/3327
s 1
f 450/2487/3314 568/2490/3317 255/2488/3315
f 2551/2484/3308 255/2488/3315 210/2496/3323
f 2551/2484/3308 210/2496/3323 2780/2498/3328
f 2780/2498/3328 210/2496/3323 2626/2499/3329
s 0
f 2667/2500/3330 2780/2498/3331 2626/2499/3332
s 1
f 407/2497/3324 2626/2499/3329 210/2496/3323
f 218/2501/3333 407/2497/3324 549/2502/3334
f 549/2502/3334 407/2497/3324 443/2495/3322
s 0
f 407/2497/3335 218/2501/3336 2626/2499/3337
s 1
f 646/2503/3338 549/2502/3334 443/2495/3322
s 0
f 752/2504/3339 646/2503/3340 754/2493/3341
s 1
f 752/2504/3342 754/2493/3320 1019/2494/3321
f 754/2493/3320 646/2503/3338 443/2495/3322
s 0
f 1209/2104/3343 1344/2103/3344 1336/2505/3345
s 1
f 1209/2104/2714 1019/2494/3321 1009/2492/3319
f 1506/2102/2712 1642/2064/2665 1501/2506/3346
f 1344/2103/2713 1506/2102/2712 1501/2506/3346
f 1344/2103/2713 1501/2506/3346 1336/2505/3347
f 1336/2505/3348 1189/2507/3349 1209/2104/3350
s 0
f 1209/2104/3351 1189/2507/3352 1019/2494/3353
s 1
f 1687/2066/2666 1719/1974/2519 1636/1975/2520
f 1812/1971/2517 1907/1969/3354 1793/1973/2518
f 1687/2066/2666 1812/1971/2517 1719/1974/2519
f 1628/1976/2521 1501/2506/3346 1636/1975/2520
f 1628/1976/2521 1504/2508/3355 1501/2506/3346
f 1263/2509/3356 1336/2505/3347 1504/2508/3355
f 1504/2508/3355 1336/2505/3347 1501/2506/3346
s 0
f 1336/2505/3357 1263/2509/3358 1189/2507/3359
f 1189/2507/3360 1263/2509/3361 1191/2510/3362
s 1
f 1019/2494/3321 1191/2510/3363 1025/2511/3364
f 1025/2511/3364 752/2504/3342 1019/2494/3321
f 2626/2499/3365 218/2501/3366 2531/2512/3367
f 218/2501/3366 81/2513/3368 2531/2512/3367
s 0
f 4343/2514/3369 4372/2515/3370 4359/2516/3371
f 4376/2517/3372 4328/2518/3373 4359/2516/3374
s 1
f 4376/2517/3375 4359/2516/3376 4422/2519/3377
s 0
f 4343/2514/3378 4359/2516/3379 4328/2518/3380
s 1
f 4229/1944/3070 4204/2348/3069 4261/2372/3125
f 4205/2374/3127 4261/2372/3125 4204/2348/3069
f 1687/2066/2666 1764/2063/2450 1812/1971/2517
f 1687/2066/2666 1636/1975/2520 1642/2064/2665
f 1642/2064/2665 1636/1975/2520 1501/2506/3346
f 2551/2484/3308 2780/2498/3328 2894/2481/3306
f 2780/2498/3328 2865/2483/3307 2894/2481/3306
f 2865/2483/3307 2780/2498/3328 2667/2500/3381
f 3037/2482/2941 2865/2483/3307 2991/2520/2951
f 3037/2482/2941 2991/2520/2951 3146/2521/2944
f 2991/2520/2951 2865/2483/3307 2667/2500/3381
f 2793/2522/3382 2991/2520/2951 2667/2500/3381
f 2626/2499/3365 2531/2512/3367 2667/2500/3381
s 0
f 4287/2523/3383 4306/2396/3384 4343/2514/3385
s 1
f 4362/2524/3386 4376/2517/3375 4422/2519/3377
f 4422/2519/3377 4379/2525/3387 4362/2524/3386
s 0
f 4379/2525/3388 4426/2526/3389 4411/2527/3390
s 1
f 4411/2527/3391 4426/2526/2992 4443/2528/2983
s 0
f 4262/2529/3392 4253/2450/3393 4289/2530/3394
s 1
f 4206/2451/3263 4216/2531/3395 4139/2448/3260
f 4206/2451/3263 4262/2529/3396 4216/2531/3395
f 4262/2529/3396 4206/2451/3263 4253/2450/3262
f 4253/2450/3262 4288/2449/3261 4289/2530/3397
s 0
f 4289/2530/3398 4288/2449/3399 4330/2532/3400
f 4362/2524/3401 4345/2533/3402 4330/2532/3403
f 4330/2532/3404 4288/2449/3405 4328/2518/3406
f 4288/2449/3407 4287/2523/3408 4328/2518/3409
f 4362/2524/3410 4330/2532/3411 4328/2518/3412
f 4362/2524/3413 4328/2518/3414 4376/2517/3415
s 1
f 4287/2523/3416 4288/2449/3261 4236/2395/3190
f 4236/2395/3190 4253/2450/3262 4206/2451/3263
s 0
f 4343/2514/3417 4328/2518/3417 4287/2523/3418
s 1
f 4236/2395/3190 4306/2396/3191 4287/2523/3416
f 4176/2398/3192 4219/2394/3189 4236/2395/3190
s 0
f 3958/2349/3419 3934/2340/3420 3994/2303/3421
f 4018/2350/3422 3994/2303/3423 4107/2373/3424
f 4018/2350/3425 3958/2349/3426 3994/2303/3427
s 1
f 3808/2342/3055 3804/2339/3050 3839/2341/3054
f 4159/2346/3068 4107/2373/3126 4133/2304/2972
f 4156/2305/2973 4133/2304/2972 4107/2373/3126
s 0
f 3994/2303/3428 4013/2302/3429 4107/2373/3430
s 1
f 4294/2376/3431 4295/2371/3124 4261/2372/3125
f 4233/2534/3432 4261/2372/3125 4205/2374/3127
f 4231/2306/2974 4205/2374/3127 4133/2304/2972
f 4205/2374/3127 4231/2306/2974 4233/2534/3432
f 4294/2376/3431 4261/2372/3125 4233/2534/3432
f 2149/1965/2508 2150/1961/2498 2202/1962/2500
f 2202/1962/2500 2239/2031/2614 2244/1978/2523
s 0
f 2044/2054/3433 1978/2009/3434 2022/1994/3435
s 1
f 2083/2017/2584 2044/2054/3265 2085/2007/2564
f 2120/2018/2585 2183/2535/3436 2182/2021/3437
f 2182/2021/3437 2183/2535/3436 2205/2023/3438
f 2202/1962/2500 2174/1968/2510 2149/1965/2508
f 2236/2024/3439 2205/2023/3440 2221/2536/3441
f 2183/2535/3436 2120/2018/2585 2122/2008/2565
s 0
f 2044/2054/3442 2022/1994/3443 2085/2007/3444
s 1
f 2083/2017/2584 2085/2007/2564 2122/2008/2565
f 2083/2017/2584 2122/2008/2565 2120/2018/2585
s 0
f 1191/2510/3445 1019/2494/3446 1189/2507/3447
f 628/2427/3448 533/2428/3449 833/2537/3450
s 1
f 2607/2422/2874 2741/2436/3236 2480/2538/3451
f 2607/2422/2874 2480/2538/3451 46/2425/2864
s 0
f 315/2429/3452 307/2426/3453 52/2430/3454
s 1
f 46/2425/2864 2480/2538/3451 52/2430/3455
s 0
f 2340/2029/3456 2356/1986/3457 2337/1984/3458
s 1
f 2319/1989/2535 2331/1987/2534 2322/2038/2620
f 2319/1989/2535 2322/2038/2620 2294/1990/2542
f 4421/2377/3138 4391/2307/3137 4423/2539/3459
f 4421/2377/3138 4423/2539/3459 4436/2378/3139
f 4391/2307/3460 4355/2368/3121 4356/2308/3461
f 4356/2308/3461 4355/2368/3121 4337/2375/3128
s 0
f 4304/2540/3462 4337/2375/3463 4294/2376/3464
s 1
f 4304/2540/3465 4294/2376/3431 4233/2534/3432
f 1592/2002/2555 1589/2001/2554 1467/2004/2557
s 0
f 1268/2005/3466 1467/2004/3467 1348/2014/3468
s 1
f 833/2466/3469 533/2541/3470 939/2542/3471
f 920/2463/3282 833/2466/3469 1022/2467/3287
s 0
f 1190/2465/3472 1022/2467/3473 1348/2014/3474
s 1
f 1268/2005/3475 1348/2014/3476 1022/2467/3477
f 2793/2522/3382 2667/2500/3381 2531/2512/3367
f 2991/2520/2951 2793/2522/3382 2987/2543/3478
f 3081/2544/2952 2991/2520/2951 2987/2543/3478
f 4114/2545/3479 4024/2444/3255 4086/2446/3257
s 0
f 2358/1993/3480 2337/1984/3481 2356/1986/3482
s 1
f 1022/2467/3287 833/2466/3469 939/2542/3471
f 939/2542/3471 533/2541/3470 748/2546/3483
s 0
f 2292/2547/3484 2279/2548/3485 2269/2549/3486
s 1
f 2279/2548/2605 2236/2550/2603 2269/2549/3487
f 2222/2551/3488 2236/2550/3439 2221/2552/3441
s 0
f 2269/2549/3489 2236/2550/3490 2222/2551/3491
f 2354/2553/3492 2342/2554/3493 2353/2555/3494
s 1
f 2342/2554/2533 2319/2556/2535 2320/2557/3495
f 2320/2557/3495 2319/2556/2535 2292/2547/2543
f 2286/2558/2491 2327/2559/2526 2304/2560/2524
f 2276/2561/2525 2304/2560/2524 2260/2562/3496
f 2276/2561/2525 2260/2562/3496 2244/2563/2523
f 2217/2564/3497 2191/2565/2522 2244/2563/2523
f 2146/2566/3498 2109/2567/2615 2110/2568/2506
s 0
f 2035/2569/3499 1991/2570/3500 2033/2571/3501
s 1
f 2109/2567/2615 2035/2569/3502 2033/2571/2509
f 1761/2572/3503 1628/2573/2521 1719/2574/2519
f 1504/2575/3355 1628/2573/2521 1631/2576/3504
f 1504/2575/3355 1455/2577/3505 1263/2578/3356
s 0
f 1878/2579/3506 1907/2580/3507 1931/2581/3508
s 1
f 1907/2580/2511 1991/2570/2516 1931/2581/3509
f 1907/2580/3354 1878/2579/3510 1793/2582/2518
f 2063/2583/3511 1991/2570/2516 2035/2569/3502
f 2035/2569/3502 2109/2567/2615 2063/2583/3511
f 2304/2560/2524 2313/2584/3512 2285/2585/3513
f 2260/2562/3496 2304/2560/2524 2285/2585/3513
f 2244/2563/2523 2260/2562/3496 2243/2586/3514
s 0
f 2217/2564/3515 2244/2563/3516 2243/2586/3517
s 1
f 2217/2564/3497 2173/2587/3518 2191/2565/2522
s 0
f 2173/2587/3519 2146/2566/3520 2191/2565/3521
s 1
f 2146/2566/3498 2110/2568/2506 2174/2588/2510
f 2146/2566/3498 2174/2588/2510 2191/2565/2522
s 0
f 2222/2551/3522 2221/2552/3523 2205/2589/3524
s 1
f 2205/2589/3438 2183/2590/3436 2185/2591/3525
f 2222/2551/3526 2205/2589/3438 2185/2591/3525
f 2222/2551/3526 2185/2591/3525 2250/2592/3527
f 2185/2591/3525 2195/2593/3528 2250/2592/3527
f 2250/2592/3527 2195/2593/3528 2226/2594/3529
f 2250/2592/3527 2226/2594/3529 2252/2595/3530
s 0
f 2269/2549/3531 2222/2551/3532 2250/2592/3533
s 1
f 2269/2549/3534 2270/2596/3535 2292/2547/3536
f 2269/2549/3534 2250/2592/3527 2270/2596/3535
f 2292/2547/2543 2293/2597/3537 2320/2557/3495
s 0
f 2292/2547/3538 2270/2596/3539 2293/2597/3540
f 2270/2596/3541 2283/2598/3542 2293/2597/3543
f 2339/2599/3544 2358/2600/3545 2345/2601/3546
f 2339/2599/3547 2337/2602/3548 2358/2600/3549
f 2332/2603/3550 2353/2555/3551 2342/2554/3552
s 1
f 2332/2603/3553 2342/2554/2533 2320/2557/3495
f 2327/2559/2526 2339/2599/3554 2313/2584/3512
f 2337/2602/2529 2339/2599/3554 2327/2559/2526
f 2313/2584/3512 2304/2560/2524 2327/2559/2526
f 2354/2553/3555 2353/2555/3556 2358/2600/3557
f 2183/2604/3436 2122/2605/2565 2125/2606/3558
f 2122/2605/2565 2084/2607/2563 2125/2606/3558
f 2125/2606/3558 2185/2608/3525 2183/2604/3436
f 2072/2609/3559 2084/2607/2563 2045/2610/2562
f 1856/2611/3560 1951/2612/3561 1979/2613/3562
f 1771/2614/2550 1801/2615/3563 1856/2611/3564
f 1999/2616/3565 2045/2610/3566 1979/2613/3562
f 1999/2616/3565 1979/2613/3562 1951/2612/3561
f 2088/2617/3567 2125/2606/3558 2084/2607/2563
f 2088/2617/3567 2084/2607/2563 2072/2609/3559
f 2121/2618/3568 2185/2608/3525 2125/2606/3558
f 2121/2618/3568 2125/2606/3558 2088/2617/3567
f 2023/2619/3569 2072/2609/3559 2045/2610/2562
f 1999/2616/3565 1951/2612/3561 1891/2620/3570
f 1592/2621/2555 1593/2622/3571 1659/2623/2553
f 1951/2612/3561 1857/2624/3572 1891/2620/3570
f 2023/2619/3573 1999/2616/3565 1891/2620/3570
f 1857/2624/3572 1801/2615/3563 1698/2625/3574
f 943/2626/3575 1028/2627/3576 939/2628/3471
f 539/2629/3577 315/2630/3578 388/2631/3579
s 0
f 388/2631/3580 52/2632/3581 63/2633/3582
s 1
f 1028/2627/3576 1197/2634/3583 1022/2635/3287
s 0
f 1268/2636/3584 1022/2635/3585 1197/2634/3586
f 1268/2636/3587 1197/2634/3588 1274/2637/3589
f 1274/2637/3590 1415/2638/3591 1268/2636/3592
s 1
f 1801/2615/3563 1771/2614/2550 1697/2639/2552
f 1772/2640/2551 1659/2623/2553 1697/2639/2552
f 1801/2615/3563 1697/2639/2552 1698/2625/3574
f 1856/2611/3564 1801/2615/3563 1857/2624/3572
s 0
f 1856/2611/3593 1857/2624/3594 1951/2612/3595
f 2045/2610/3596 1999/2616/3597 2023/2619/3598
s 1
f 646/2641/3338 753/2642/3599 549/2643/3334
f 813/2644/3600 752/2645/3342 1025/2646/3364
s 0
f 813/2644/3601 753/2642/3602 752/2645/3603
f 752/2645/3604 753/2642/3605 646/2641/3606
s 1
f 549/2643/3334 349/2647/3607 218/2648/3333
s 0
f 1326/2649/3608 1191/2650/3609 1263/2578/3610
s 1
f 1326/2649/3611 1263/2578/3356 1455/2577/3505
f 1455/2577/3505 1504/2575/3355 1631/2576/3504
f 1719/2651/2519 1793/2582/2518 1761/2572/3503
f 1793/2582/2518 1878/2579/3510 1817/2652/3612
f 1761/2572/3503 1793/2582/2518 1817/2652/3612
f 1628/2573/2521 1761/2572/3503 1631/2576/3504
f 1025/2646/3364 1021/2653/3613 813/2644/3600
s 0
f 1025/2646/3614 1191/2650/3615 1187/2654/3616
s 1
f 1021/2653/3613 1025/2646/3364 1187/2654/3617
f 1187/2654/3618 1191/2650/3619 1326/2649/3620
f 1406/2655/3621 1455/2577/3505 1631/2576/3504
f 1761/2572/3503 1817/2652/3612 1633/2656/3622
f 1931/2581/3509 1991/2570/2516 1969/2657/3623
f 1969/2657/3623 1991/2570/2516 2063/2583/3511
f 2146/2566/3498 2113/2658/3624 2077/2659/3625
s 0
f 2113/2658/3626 2173/2587/3627 2176/2660/3628
s 1
f 2173/2587/3518 2217/2564/3497 2176/2660/3629
f 2233/2661/3630 2176/2660/3629 2217/2564/3497
f 2233/2661/3630 2217/2564/3497 2243/2586/3631
f 2302/2662/3632 2260/2562/3496 2285/2585/3513
f 2323/2663/3633 2285/2585/3513 2313/2584/3512
f 2113/2658/3624 2146/2566/3498 2173/2587/3634
f 2146/2566/3498 2077/2659/3625 2109/2567/2615
f 2077/2659/3625 2063/2583/3511 2109/2567/2615
f 1028/2627/3576 1022/2635/3287 939/2628/3471
f 3086/2664/3635 3088/2665/3235 3250/2666/3233
s 0
f 2741/2667/3636 2798/2668/3637 2737/2669/3638
f 2741/2667/3639 2737/2669/3640 2480/2670/3641
s 1
f 3086/2664/3635 2898/2671/3239 3088/2665/3235
s 0
f 2480/2670/3642 2737/2669/3643 2472/2672/3644
s 1
f 52/2632/3455 2480/2670/3451 2472/2672/3645
f 63/2633/3646 52/2632/3455 2472/2672/3645
s 0
f 315/2630/3647 52/2632/3648 388/2631/3649
s 1
f 315/2630/3578 539/2629/3577 533/2673/3650
s 0
f 748/2674/3651 533/2673/3652 539/2629/3653
s 1
f 551/2675/3654 549/2643/3334 753/2642/3599
f 551/2675/3654 557/2676/3655 549/2643/3334
f 549/2643/3334 557/2676/3655 349/2647/3607
s 0
f 349/2647/3656 81/2677/3657 218/2648/3658
f 756/2678/3659 551/2675/3660 753/2642/3661
f 813/2644/3662 756/2678/3663 753/2642/3664
s 1
f 756/2678/3665 813/2644/3600 1021/2653/3613
s 0
f 1021/2653/3666 1187/2654/3667 1192/2679/3668
s 1
f 3081/2680/2952 2987/2681/3478 3128/2682/2956
f 2987/2681/3478 2793/2683/3382 2690/2684/3669
f 2531/2685/3367 81/2677/3368 2464/2686/3670
s 0
f 2464/2686/3671 2690/2684/3672 2531/2685/3673
s 1
f 3128/2682/2956 2987/2681/3478 3234/2687/3674
f 3128/2682/2956 3234/2687/3674 3232/2688/3675
f 3128/2682/2956 3232/2688/3675 3309/2689/2955
f 3309/2689/2955 3232/2688/3675 3402/2690/2957
f 3072/2691/3676 3234/2687/3674 2987/2681/3478
f 2882/2692/3677 2987/2681/3478 2690/2684/3669
f 2690/2684/3669 2682/2693/3678 2882/2692/3677
s 0
f 2464/2686/3679 2435/2694/3680 2690/2684/3681
s 1
f 2690/2684/3669 2435/2694/3682 2682/2693/3678
f 81/2677/3368 2435/2694/3683 2464/2686/3670
f 3840/2695/3684 3895/2696/2969 3839/2697/3054
f 3804/2698/3050 3772/2699/3048 3839/2697/3054
f 3839/2697/3054 3772/2699/3048 3840/2695/3684
f 3897/2700/3685 3895/2696/2969 3840/2695/3684
f 3895/2696/2969 3897/2700/3685 4013/2701/2970
f 4107/2702/3126 4013/2701/2970 4108/2703/3686
f 4108/2703/3686 4156/2704/2973 4107/2702/3126
f 4231/2705/2974 4197/2706/3687 4230/2707/3688
f 4304/2708/3465 4233/2709/3432 4230/2707/3688
f 4230/2707/3688 4233/2709/3432 4231/2705/2974
f 4156/2704/2973 4197/2706/3687 4231/2705/2974
f 3250/2666/3233 3344/2710/3232 3340/2711/3240
f 748/2674/3483 539/2629/3689 747/2712/3690
f 748/2674/3483 747/2712/3690 939/2628/3471
s 0
f 541/2713/3691 747/2712/3692 539/2629/3693
s 1
f 388/2631/3579 541/2713/3694 539/2629/3577
f 2801/2714/3695 2737/2669/3696 2798/2668/3238
f 2798/2668/3238 2898/2671/3239 2801/2714/3695
f 3249/2715/3697 3086/2664/3635 3250/2666/3233
f 3249/2715/3697 3250/2666/3233 3329/2716/3698
f 3419/2717/3699 3654/2718/3700 3595/2719/3701
f 3329/2716/3698 3250/2666/3233 3340/2711/3240
f 3329/2716/3698 3340/2711/3240 3419/2717/3699
f 3419/2717/3699 3340/2711/3240 3654/2718/3700
s 0
f 3654/2718/3702 3600/2720/3703 3695/2721/3704
f 3600/2720/3705 3654/2718/3706 3533/2722/3707
s 1
f 3340/2711/3240 3533/2722/3234 3654/2718/3700
s 0
f 3695/2721/3708 3595/2719/3709 3654/2718/3710
f 2737/2669/3711 2801/2714/3712 2476/2723/3713
f 2737/2669/3714 2476/2723/3715 2472/2672/3716
s 1
f 63/2633/3646 2472/2672/3645 61/2724/3717
f 2898/2671/3239 3086/2664/3635 2897/2725/3718
f 2897/2725/3718 3086/2664/3635 3085/2726/3719
f 3085/2726/3719 3086/2664/3635 3249/2715/3697
f 3329/2716/3698 3419/2717/3699 3420/2727/3720
s 0
f 3420/2727/3721 3595/2719/3722 3591/2728/3723
f 3595/2719/3724 3420/2727/3725 3419/2717/3726
s 1
f 3768/2729/3727 3910/2730/3241 3871/2731/3728
f 3768/2729/3727 3695/2721/3246 3773/2732/3206
f 3910/2730/3241 3768/2729/3727 3773/2732/3206
f 3716/2733/3245 3773/2732/3206 3695/2721/3246
s 0
f 3956/2734/3729 3910/2735/3730 3959/2736/3731
s 1
f 4019/2737/3732 3956/2734/3733 3959/2736/3258
f 3910/2735/3241 3956/2734/3734 3871/2738/3728
f 4140/2739/3735 4058/2740/3736 4114/2741/3737
f 4179/2742/3738 4140/2739/3735 4114/2741/3737
f 4209/2743/3739 4262/2744/3396 4263/2745/3740
f 4216/2746/3395 4209/2743/3739 4179/2742/3741
s 0
f 4263/2745/3742 4262/2744/3743 4311/2747/3744
f 4311/2747/3745 4262/2744/3746 4289/2748/3747
f 4289/2748/3748 4345/2749/3749 4331/2750/3750
f 4289/2748/3751 4331/2750/3752 4311/2747/3753
s 1
f 4263/2745/3740 4242/2751/3754 4209/2743/3739
f 4180/2752/3755 4179/2742/3741 4209/2743/3739
f 3997/2753/3756 3956/2734/3733 4019/2737/3732
f 4058/2740/3736 3997/2753/3756 4019/2737/3732
s 0
f 4001/2754/3757 3956/2734/3758 3997/2753/3759
s 1
f 4089/2755/3760 4001/2754/3761 3997/2753/3756
f 4089/2755/3760 3997/2753/3756 4058/2740/3736
f 4140/2739/3735 4089/2755/3760 4058/2740/3736
s 0
f 4180/2752/3762 4140/2739/3763 4179/2742/3764
s 1
f 4180/2752/3755 4209/2743/3739 4208/2756/3765
f 4209/2743/3739 4242/2751/3754 4208/2756/3765
s 0
f 4242/2751/3766 4263/2745/3767 4292/2757/3768
f 4292/2757/3769 4311/2747/3770 4312/2758/3771
f 4311/2747/3772 4292/2757/3773 4263/2745/3774
f 4331/2750/3775 4312/2758/3776 4311/2747/3777
s 1
f 4331/2750/3778 4345/2749/3779 4365/2759/3780
f 4414/2760/3781 4365/2759/3780 4387/2761/3782
s 0
f 4414/2760/3783 4387/2761/3784 4411/2762/3785
f 4411/2762/3786 4447/2763/3787 4448/2764/3788
s 1
f 4447/2763/3789 4467/2765/3790 4474/2766/3791
f 4448/2764/3792 4447/2763/3789 4474/2766/3791
s 0
f 4414/2760/3793 4411/2762/3794 4448/2764/3795
f 4496/2767/3796 4474/2766/3797 4467/2765/3798
s 1
f 4467/2765/3790 4447/2763/3789 4443/2768/2983
f 4365/2759/3780 4345/2749/3779 4362/2769/3799
f 4365/2759/3780 4362/2769/3799 4387/2761/3782
s 0
f 4387/2761/3800 4362/2769/3801 4379/2770/3802
f 4467/2765/3803 4466/2771/3804 4486/2772/3805
s 1
f 4466/2771/2982 4467/2765/3790 4443/2768/2983
f 4478/2773/2993 4467/2765/3806 4486/2772/2987
f 4464/2774/3807 4465/2775/3120 4436/2776/3139
f 4356/2777/3461 4304/2778/3465 4320/2779/3808
f 4320/2779/3808 4304/2778/3465 4278/2780/3809
s 0
f 4320/2779/3810 4354/2781/3811 4356/2777/3812
s 1
f 4356/2777/3813 4354/2781/3814 4390/2782/3815
f 4390/2782/3815 4354/2781/3814 4392/2783/3816
f 4406/2784/3817 4423/2785/3459 4390/2782/3815
f 4423/2785/3459 4406/2784/3817 4439/2786/3818
f 4390/2782/3815 4392/2783/3816 4406/2784/3817
f 4439/2786/3818 4468/2787/3819 4464/2774/3807
f 4439/2786/3818 4464/2774/3807 4436/2776/3139
f 4439/2786/3818 4436/2776/3139 4423/2785/3459
s 0
f 4464/2774/3820 4468/2787/3821 4478/2773/3822
s 1
f 4467/2765/3806 4478/2773/2993 4496/2767/3823
f 4360/2788/3824 4320/2779/3808 4278/2780/3809
s 0
f 4320/2779/3825 4360/2788/3826 4354/2781/3827
s 1
f 4354/2781/3814 4360/2788/3828 4374/2789/3829
f 4278/2780/3809 4277/2790/3830 4324/2791/3831
f 4360/2788/3824 4278/2780/3809 4324/2791/3831
f 4324/2791/3831 4277/2790/3830 4281/2792/3832
f 4406/2784/3817 4374/2789/3829 4383/2793/3833
s 0
f 4457/2794/3834 4492/2795/3835 4468/2787/3836
s 1
f 4497/2796/3837 4496/2767/3823 4492/2795/3838
s 0
f 4497/2796/3839 4484/2797/3840 4474/2766/3841
f 4496/2767/3842 4497/2796/3843 4474/2766/3844
s 1
f 4448/2764/3792 4484/2797/3845 4449/2798/3846
s 0
f 4414/2760/3847 4449/2798/3848 4415/2799/3849
f 4414/2760/3850 4415/2799/3851 4389/2800/3852
s 1
f 4331/2750/3853 4367/2801/3854 4334/2802/3855
f 4331/2750/3853 4334/2802/3855 4312/2758/3856
s 0
f 4180/2752/3857 4165/2803/3858 4140/2739/3859
f 4449/2798/3860 4414/2760/3861 4448/2764/3862
s 1
f 4448/2764/3792 4474/2766/3791 4484/2797/3845
f 4414/2760/3781 4367/2801/3854 4365/2759/3780
f 4389/2800/3863 4367/2801/3854 4414/2760/3781
s 0
f 4367/2801/3864 4331/2750/3865 4365/2759/3866
s 1
f 4492/2795/3838 4496/2767/3823 4478/2773/2993
s 0
f 4478/2773/3867 4468/2787/3868 4492/2795/3869
s 1
f 4424/2804/3870 4468/2787/3819 4439/2786/3818
f 4374/2789/3829 4406/2784/3817 4392/2783/3816
f 4354/2781/3814 4374/2789/3829 4392/2783/3816
f 4439/2786/3818 4406/2784/3817 4424/2804/3870
f 4019/2737/3732 3959/2736/3258 4024/2805/3255
f 4019/2737/3732 4024/2805/3255 4114/2741/3479
f 4114/2741/3479 4086/2806/3257 4139/2807/3260
s 0
f 4289/2748/3871 4330/2808/3872 4345/2749/3873
f 4387/2761/3874 4379/2770/3875 4411/2762/3876
s 1
f 4411/2762/3391 4443/2768/2983 4447/2763/3789
f 4423/2785/3459 4391/2809/3137 4390/2782/3815
f 4356/2777/3461 4337/2810/3128 4304/2778/3465
s 0
f 4058/2740/3877 4019/2737/3878 4114/2741/3879
s 1
f 4262/2744/3396 4209/2743/3739 4216/2746/3395
s 0
f 4179/2742/3880 4114/2741/3881 4139/2807/3882
s 1
f 4179/2742/3741 4139/2807/3260 4216/2746/3395
f 4013/2701/2970 4015/2811/3883 4108/2703/3686
f 4015/2811/3883 4013/2701/2970 3897/2700/3685
f 4197/2706/3687 4195/2812/3884 4230/2707/3688
f 4195/2812/3884 4197/2706/3687 4156/2704/2973
f 4155/2813/3885 4195/2812/3884 4156/2704/2973
f 4230/2707/3688 4278/2814/3809 4304/2708/3465
f 2793/2683/3382 2531/2685/3367 2690/2684/3669
f 3512/2815/3886 3402/2690/2957 3232/2688/3675
s 0
f 3402/2690/3887 3624/2816/3888 3583/2817/3889
s 1
f 3583/2817/3890 3687/2818/3891 3686/2819/3892
f 3687/2818/3891 3583/2817/3890 3624/2816/3893
s 0
f 3624/2816/3894 3402/2690/3895 3512/2815/3896
f 81/2677/3897 349/2647/3898 202/2820/3899
s 1
f 202/2820/3900 349/2647/3607 221/2821/3901
f 557/2676/3655 221/2821/3901 349/2647/3607
s 0
f 81/2677/3902 202/2820/3903 2435/2694/3904
s 1
f 648/2822/3905 557/2676/3655 551/2675/3654
s 0
f 648/2822/3906 551/2675/3907 756/2678/3908
s 1
f 1326/2649/3611 1455/2577/3505 1338/2823/3909
s 0
f 1326/2649/3910 1338/2823/3911 1187/2654/3912
s 1
f 1455/2577/3505 1406/2655/3621 1338/2823/3909
s 0
f 1187/2654/3913 1338/2823/3914 1192/2679/3915
s 1
f 2987/2681/3478 2882/2692/3677 3072/2691/3676
f 2882/2692/3677 2682/2693/3678 2687/2824/3916
s 0
f 2455/2825/3917 2682/2693/3918 2435/2694/3919
s 1
f 2687/2824/3916 2682/2693/3678 2455/2825/3920
f 2882/2692/3677 2687/2824/3916 2883/2826/3921
f 3232/2688/3675 3505/2827/3922 3512/2815/3886
f 1592/2621/2555 1415/2638/2556 1422/2828/3923
s 0
f 1415/2638/3924 1274/2637/3925 1422/2828/3926
s 1
f 1697/2639/2552 1659/2623/2553 1698/2625/3574
s 0
f 4156/2704/3927 4108/2703/3928 4155/2813/3929
s 1
f 4076/2829/3930 4155/2813/3931 4108/2703/3686
f 4108/2703/3686 4015/2811/3883 4076/2829/3930
f 4015/2811/3883 3897/2700/3685 3992/2830/3932
f 3897/2700/3685 3840/2695/3684 3891/2831/3933
s 0
f 3686/2819/3934 3774/2832/3935 3772/2699/3936
s 1
f 3897/2700/3685 3891/2831/3933 3992/2830/3932
f 3774/2832/3937 3840/2695/3684 3772/2699/3048
f 3840/2695/3684 3774/2832/3937 3892/2833/3938
f 3891/2831/3933 3840/2695/3684 3892/2833/3938
f 3774/2832/3939 3686/2819/3892 3687/2818/3891
f 3893/2834/3940 3948/2835/3941 3992/2830/3932
s 0
f 3767/2836/3942 3774/2832/3943 3687/2818/3944
s 1
f 3624/2816/3893 3643/2837/3945 3687/2818/3891
f 3234/2687/3674 3072/2691/3676 3232/2688/3675
s 0
f 74/2838/3946 202/2820/3947 221/2821/3948
s 1
f 648/2822/3905 647/2839/3949 557/2676/3655
f 557/2676/3655 647/2839/3949 221/2821/3901
f 648/2822/3905 756/2678/3665 1024/2840/3950
s 0
f 1024/2840/3951 1192/2679/3952 1094/2841/3953
s 1
f 1021/2653/3613 1024/2840/3950 756/2678/3665
s 0
f 1024/2840/3954 1021/2653/3955 1192/2679/3956
s 1
f 1509/2842/3957 1406/2655/3621 1631/2576/3504
f 1633/2656/3958 1509/2842/3957 1631/2576/3504
f 1794/2843/3959 1633/2656/3622 1817/2652/3612
f 1849/2844/3960 1878/2579/3510 1931/2581/3509
f 1969/2657/3623 2063/2583/3511 2034/2845/3961
f 1849/2844/3960 1794/2843/3959 1878/2579/3510
s 0
f 1633/2656/3962 1794/2843/3963 1721/2846/3964
s 1
f 1633/2656/3958 1721/2846/3965 1509/2842/3957
s 0
f 1631/2576/3966 1761/2572/3967 1633/2656/3968
s 1
f 4277/2847/3830 4278/2814/3809 4230/2707/3688
f 4230/2707/3688 4228/2848/3969 4277/2847/3830
f 4230/2707/3688 4195/2812/3884 4228/2848/3969
f 4228/2848/3969 4195/2812/3884 4196/2849/3970
f 4130/2850/3971 4155/2813/3931 4076/2829/3930
s 0
f 4015/2811/3972 3992/2830/3973 4076/2829/3974
s 1
f 3815/2851/3975 3695/2721/3246 3768/2729/3727
f 3695/2721/3246 3815/2851/3975 3697/2852/3976
f 3695/2721/3246 3697/2852/3976 3595/2719/3977
f 3768/2729/3727 3871/2731/3728 3815/2851/3975
f 2345/2601/3978 2313/2584/3512 2339/2599/3554
s 0
f 2361/2853/3979 2345/2601/3980 2358/2600/3981
f 2361/2853/3982 2358/2600/3983 2353/2555/3984
f 2330/2854/3985 2361/2853/3986 2353/2555/3987
f 2353/2555/3988 2332/2603/3989 2330/2854/3990
f 2345/2601/3991 2361/2853/3992 2346/2855/3993
s 1
f 2270/2596/3535 2250/2592/3527 2252/2595/3530
f 2283/2598/3994 2270/2596/3535 2252/2595/3530
f 2226/2594/3529 2195/2593/3528 2241/2856/3995
f 2252/2595/3530 2241/2856/3995 2268/2857/3996
f 2241/2856/3995 2252/2595/3530 2226/2594/3529
f 2283/2598/3994 2252/2595/3530 2278/2858/3997
f 2293/2597/3537 2283/2598/3998 2291/2859/3999
s 0
f 2283/2598/4000 2278/2858/4001 2291/2859/4002
s 1
f 2293/2597/3537 2291/2859/3999 2318/2860/4003
f 2330/2854/4004 2332/2603/3553 2320/2557/3495
f 2330/2854/4004 2320/2557/3495 2318/2860/4003
f 2293/2597/3537 2318/2860/4003 2320/2557/3495
f 2345/2601/3978 2346/2855/4005 2313/2584/3512
f 2285/2585/3513 2323/2663/3633 2302/2662/3632
f 2323/2663/3633 2313/2584/3512 2346/2855/4005
f 2243/2586/3514 2261/2861/4006 2246/2862/4007
s 0
f 2243/2586/4008 2246/2862/4009 2233/2661/4010
s 1
f 2113/2658/3624 2176/2660/4011 2145/2863/4012
f 2113/2658/3624 2145/2863/4012 2077/2659/3625
s 0
f 2145/2863/4013 2176/2660/4014 2200/2864/4015
s 1
f 1933/2865/4016 1849/2844/3960 1931/2581/3509
f 1933/2865/4016 1931/2581/3509 1969/2657/3623
f 2077/2659/3625 2034/2845/3961 2063/2583/3511
f 2302/2662/3632 2261/2861/4006 2260/2562/3496
f 2260/2562/3496 2261/2861/4006 2243/2586/3514
s 0
f 1422/2828/4017 1274/2637/4018 1272/2866/4019
s 1
f 1110/2867/4020 1197/2634/3583 1028/2627/3576
f 1110/2867/4020 1028/2627/3576 1034/2868/4021
f 943/2626/3575 1034/2868/4021 1028/2627/3576
f 939/2628/3471 747/2712/3690 943/2626/3575
s 0
f 747/2712/4022 541/2713/4023 639/2869/4024
s 1
f 1197/2634/3583 1110/2867/4020 1274/2637/4025
f 1274/2637/4025 1110/2867/4020 1272/2866/4026
f 1422/2828/3923 1272/2866/4027 1418/2870/4028
f 1592/2621/2555 1422/2828/3923 1418/2870/4028
f 1592/2621/2555 1418/2870/4028 1593/2622/3571
f 1656/2871/4029 1698/2625/3574 1659/2623/2553
f 1656/2871/4029 1659/2623/2553 1593/2622/3571
f 541/2713/3694 388/2631/3579 429/2872/4030
f 639/2869/4031 541/2713/3694 429/2872/4030
s 0
f 943/2626/4032 903/2873/4033 1034/2868/4034
s 1
f 943/2626/3575 747/2712/3690 903/2873/4035
s 0
f 1272/2866/4036 1110/2867/4037 1276/2874/4038
s 1
f 1124/2875/4039 1110/2867/4020 1034/2868/4021
s 0
f 1110/2867/4040 1124/2875/4041 1276/2874/4042
s 1
f 2801/2714/3695 2722/2876/4043 2596/2877/4044
f 2596/2877/4044 2476/2723/4045 2801/2714/3695
s 0
f 429/2872/4046 388/2631/4047 63/2633/4048
f 429/2872/4049 63/2633/4050 61/2724/4051
s 1
f 2476/2723/4052 61/2724/3717 2472/2672/3645
f 2801/2714/3695 2898/2671/3239 2897/2725/3718
s 0
f 3328/2878/4053 3420/2727/4054 3524/2879/4055
s 1
f 3873/2880/4056 3871/2731/3728 3956/2881/3734
f 3420/2727/3720 3328/2878/4057 3329/2716/3698
f 3329/2716/3698 3328/2878/4057 3198/2882/4058
f 3524/2879/4059 3420/2727/4060 3591/2728/4061
s 0
f 3697/2852/4062 3591/2728/4063 3595/2719/4064
s 1
f 3249/2715/3697 3329/2716/3698 3198/2882/4058
f 3249/2715/3697 3198/2882/4058 3085/2726/3719
s 0
f 2088/2617/4065 2072/2609/4066 2023/2619/4067
s 1
f 2185/2608/3525 2121/2618/3568 2195/2883/3528
f 2023/2619/3573 1891/2620/3570 1998/2884/4068
f 2090/2885/4069 2121/2618/3568 2088/2617/3567
f 2090/2885/4069 2088/2617/3567 2023/2619/3573
f 1998/2884/4068 2090/2885/4069 2023/2619/3573
f 1947/2886/4070 1998/2884/4068 1891/2620/3570
f 1952/2887/4071 1891/2620/3570 1857/2624/3572
f 1952/2887/4071 1857/2624/3572 1831/2888/4072
f 1831/2888/4072 1857/2624/3572 1698/2625/3574
f 1656/2871/4029 1593/2622/3571 1660/2889/4073
f 1660/2889/4073 1593/2622/3571 1418/2870/4028
s 0
f 1418/2870/4074 1272/2866/4075 1276/2874/4076
f 1831/2888/4077 1698/2625/4078 1776/2890/4079
s 1
f 1891/2620/3570 1952/2887/4071 1947/2886/4070
s 0
f 2184/2891/4080 2195/2883/4081 2121/2618/4082
s 1
f 1817/2652/3612 1878/2579/3510 1794/2843/3959
f 3891/2831/3933 3892/2833/3938 3893/2834/3940
f 3891/2831/3933 3893/2834/3940 3992/2830/3932
f 4076/2829/3930 3992/2830/4083 4052/2892/4084
s 0
f 4052/2892/4085 3992/2830/4086 3948/2835/4087
s 1
f 4076/2829/3930 4052/2892/4084 4130/2850/3971
s 0
f 4195/2812/4088 4155/2813/4089 4196/2849/4090
f 4130/2850/4091 4196/2849/4092 4155/2813/4093
s 1
f 4228/2848/3969 4196/2849/3970 4232/2893/4094
f 4281/2894/3832 4277/2847/3830 4228/2848/3969
f 4281/2894/3832 4228/2848/3969 4232/2893/4094
s 0
f 4016/2895/4095 4052/2892/4096 3948/2835/4097
s 1
f 3643/2837/3945 3684/2896/4098 3687/2818/3891
f 3767/2836/4099 3812/2897/4100 3774/2832/3937
f 3774/2832/3937 3812/2897/4100 3892/2833/3938
f 3893/2834/3940 3892/2833/3938 3929/2898/4101
f 3893/2834/3940 3929/2898/4101 3948/2835/3941
f 2455/2825/3920 2435/2694/4102 202/2820/4103
f 1698/2625/3574 1656/2871/4029 1776/2890/4104
f 4374/2789/3829 4360/2788/3828 4383/2793/3833
f 3871/2731/3728 3873/2880/4056 3815/2851/3975
s 0
f 3591/2728/4105 3697/2852/4106 3596/2899/4107
s 1
f 3591/2728/4061 3596/2900/4108 3524/2879/4059
s 0
f 2241/2901/4109 2195/2883/4110 2184/2891/4111
s 1
f 2121/2618/3568 2123/2902/4112 2184/2891/4113
f 2123/2902/4112 2121/2618/3568 2090/2885/4069
s 0
f 2360/2903/4114 2361/2904/4115 2330/2905/4116
f 2241/2906/4117 2184/2907/4118 2196/2908/4119
s 1
f 2196/2908/4120 2184/2907/4113 2123/2909/4112
f 2278/2910/3997 2268/2911/3996 2267/2912/4121
f 2268/2911/3996 2241/2906/3995 2225/2913/4122
f 2196/2908/4120 2225/2913/4122 2241/2906/3995
s 0
f 2291/2914/4123 2278/2910/4124 2267/2912/4125
s 1
f 2071/2915/4126 2123/2909/4112 2090/2916/4069
f 2071/2915/4126 2090/2916/4069 2070/2917/4127
f 1998/2918/4068 1947/2919/4070 2070/2917/4127
f 1947/2919/4070 1952/2920/4071 1889/2921/4128
f 1952/2920/4071 1890/2922/4129 1889/2921/4128
f 1947/2919/4070 1977/2923/4130 2070/2917/4127
f 1977/2923/4130 1947/2919/4070 1889/2921/4128
f 2123/2909/4112 2071/2915/4126 2124/2924/4131
f 2196/2908/4120 2123/2909/4112 2124/2924/4131
f 2071/2915/4126 2070/2917/4127 2024/2925/4132
f 2024/2925/4132 2070/2917/4127 1977/2923/4130
f 1981/2926/4133 1977/2923/4130 1889/2921/4128
f 1655/2927/4134 1733/2928/4135 1660/2929/4073
f 1655/2927/4134 1660/2929/4073 1594/2930/4136
f 1660/2929/4073 1733/2928/4135 1776/2931/4104
f 1733/2928/4135 1798/2932/4137 1776/2931/4104
f 1776/2931/4104 1798/2932/4137 1831/2933/4072
f 1831/2933/4072 1798/2932/4137 1890/2922/4129
f 1890/2922/4129 1952/2920/4071 1831/2933/4072
s 0
f 1469/2934/4138 1418/2935/4139 1308/2936/4140
s 1
f 1418/2935/4028 1469/2934/4141 1594/2930/4136
f 1594/2930/4136 1660/2929/4073 1418/2935/4028
f 1656/2937/4029 1660/2929/4073 1776/2931/4104
s 0
f 1998/2918/4142 2070/2917/4143 2090/2938/4144
s 1
f 2252/2939/3530 2268/2911/3996 2278/2910/3997
s 0
f 2361/2904/4145 2360/2903/4146 2346/2940/4147
s 1
f 2334/2941/4148 2330/2905/4004 2318/2942/4003
f 2306/2943/4149 2318/2942/4003 2291/2914/3999
f 2318/2942/4003 2306/2943/4149 2334/2941/4148
f 2255/2944/4150 2267/2912/4121 2268/2911/3996
f 2255/2944/4150 2268/2911/3996 2225/2913/4122
f 2225/2913/4122 2196/2908/4120 2155/2945/4151
f 2124/2924/4131 2155/2945/4151 2196/2908/4120
s 0
f 2355/2946/4152 2352/2947/4153 2334/2941/4154
f 2360/2903/4155 2352/2947/4156 2359/2948/4157
f 2359/2948/4158 2341/2949/4159 2360/2903/4160
f 2352/2947/4161 2355/2946/4162 2359/2948/4163
f 2347/2950/4164 2341/2949/4165 2359/2948/4166
s 1
f 2341/2949/4167 2347/2950/4168 2338/2951/4169
f 2262/2952/4170 2303/2953/4171 2288/2954/4172
f 2288/2954/4172 2303/2953/4171 2314/2955/4173
f 2314/2955/4173 2303/2953/4171 2323/2956/3633
f 2314/2955/4173 2323/2956/3633 2338/2951/4169
s 0
f 2344/2957/4174 2355/2946/4175 2334/2941/4176
s 1
f 2336/2958/4177 2344/2957/4178 2334/2941/4148
f 2255/2944/4150 2282/2959/4179 2267/2912/4121
f 2124/2924/4131 2071/2915/4126 2087/2960/4180
f 2225/2913/4122 2227/2961/4181 2255/2944/4150
s 0
f 2225/2913/4182 2155/2945/4183 2227/2961/4184
f 2282/2959/4185 2298/2962/4186 2295/2963/4187
s 1
f 2298/2962/4188 2336/2958/4177 2295/2963/4189
f 2347/2950/4168 2325/2964/4190 2338/2951/4169
f 2325/2964/4190 2314/2955/4173 2338/2951/4169
f 2238/2965/4191 2247/2966/4192 2203/2967/4193
f 2245/2968/4194 2262/2952/4170 2247/2966/4192
f 2238/2965/4191 2245/2968/4194 2247/2966/4192
f 1908/2969/4195 1763/2970/4196 1851/2971/4197
f 1578/2972/4198 1458/2973/4199 1580/2974/4200
f 1763/2975/4196 1689/2976/4201 1820/2977/4202
f 1763/2975/4196 1820/2977/4202 1851/2971/4197
f 1908/2969/4195 1851/2971/4197 1882/2978/4203
f 1908/2969/4195 1882/2978/4203 1973/2979/4204
f 2042/2980/4205 1973/2979/4204 1882/2978/4203
f 2036/2981/4206 2042/2980/4205 1882/2978/4203
s 0
f 2042/2980/4207 2036/2981/4208 2061/2982/4209
s 1
f 1458/2973/4199 1408/2983/4210 1267/2984/4211
s 0
f 1103/2985/4212 1340/2986/4213 1267/2984/4214
s 1
f 1027/2987/4215 755/2988/4216 936/2989/4217
f 755/2988/4216 1027/2987/4215 759/2990/4218
s 0
f 755/2988/4219 759/2990/4220 558/2991/4221
s 1
f 1458/2973/4199 1267/2984/4211 1340/2986/4222
f 1689/2976/4201 1580/2974/4200 1643/2992/4223
f 1103/2985/4224 1027/2987/4215 936/2989/4217
f 356/2993/4225 269/2994/4226 243/2995/4227
f 243/2995/4227 269/2994/4226 2440/2996/4228
f 2541/2997/4229 2440/2996/4228 2620/2998/4230
f 3069/2999/4231 2876/3000/4232 2684/3001/4233
f 243/2995/4227 2440/2996/4228 2541/2997/4229
f 2684/3001/4233 2541/2997/4229 2620/2998/4230
f 2302/3002/3632 2275/3003/4234 2261/3004/4006
f 2261/3004/4006 2275/3003/4234 2246/3005/4007
s 0
f 2330/2905/4235 2334/2941/4236 2352/2947/4237
f 2352/2947/4238 2360/2903/4239 2330/2905/4240
f 2346/2940/4241 2360/2903/4242 2341/2949/4243
s 1
f 2303/2953/4171 2302/3002/3632 2323/2956/3633
f 2232/3006/4244 2192/3007/4245 2200/3008/4246
s 0
f 2200/3008/4247 2192/3007/4248 2145/3009/4249
s 1
f 2246/3005/4007 2275/3003/4234 2245/2968/4194
f 2246/3005/4007 2245/2968/4194 2238/2965/4191
s 0
f 2246/3005/4250 2238/2965/4251 2232/3006/4252
s 1
f 2147/3010/4253 2078/3011/4254 2145/3009/4012
f 2147/3010/4253 2145/3009/4012 2192/3007/4255
s 0
f 2147/3010/4256 2192/3007/4257 2172/3012/4258
f 2078/3011/4259 2036/2981/4260 2018/3013/4261
s 1
f 2018/3013/4262 2036/2981/4206 1882/2978/4203
f 2078/3011/4254 2147/3010/4253 2061/2982/4263
f 2061/2982/4263 2036/2981/4264 2078/3011/4254
f 2238/2965/4191 2172/3012/4265 2232/3006/4244
f 2232/3006/4244 2172/3012/4265 2192/3007/4245
f 2303/2953/4171 2275/3003/4234 2302/3002/3632
f 2275/3003/4234 2262/2952/4170 2245/2968/4194
f 2262/2952/4170 2275/3003/4234 2303/2953/4171
f 2341/2949/4167 2338/2951/4169 2323/2956/3633
f 2341/2949/4167 2323/2956/3633 2346/2940/4005
f 2233/3014/3630 2246/3005/4266 2232/3006/4244
f 2176/3015/3629 2232/3006/4244 2200/3008/4246
f 2232/3006/4244 2176/3015/3629 2233/3016/3630
s 0
f 2034/3017/4267 2077/3018/4268 2078/3011/4269
s 1
f 2078/3011/4254 2077/3018/3625 2145/3009/4012
f 1968/3019/4270 1933/3020/4016 1969/3021/3623
f 1849/3022/3960 1815/3023/4271 1794/3024/3959
f 1794/3024/3959 1815/3023/4271 1721/3025/4272
f 1879/3026/4273 1849/3022/3960 1933/3020/4016
f 1849/3022/3960 1879/3026/4273 1815/3023/4271
f 1968/3019/4270 1969/3021/3623 2034/3017/3961
f 1968/3019/4270 2034/3017/3961 2018/3013/4262
s 0
f 2018/3013/4274 2034/3017/4275 2078/3011/4276
s 1
f 1968/3019/4270 2018/3013/4262 1882/2978/4203
f 1933/3020/4016 1968/3019/4270 1882/2978/4203
f 1882/2978/4203 1851/2971/4197 1933/3020/4016
f 1879/3026/4273 1933/3020/4016 1851/2971/4197
f 1879/3026/4273 1851/2971/4197 1820/2977/4202
s 0
f 1820/2977/4277 1724/3027/4278 1815/3023/4279
s 1
f 1879/3026/4273 1820/2977/4202 1815/3023/4271
f 1721/3025/4272 1815/3023/4271 1724/3027/4280
f 1721/3025/4272 1724/3027/4280 1643/2992/4223
s 0
f 1643/2992/4281 1509/3028/4282 1721/3025/4283
s 1
f 1643/2992/4284 1505/3029/4285 1509/3028/3957
s 0
f 1192/3030/4286 1338/3031/4287 1302/3032/4288
s 1
f 1406/3033/3621 1302/3032/4289 1338/3031/3909
f 1302/3032/4289 1406/3033/3621 1505/3029/4285
f 1505/3029/4285 1406/3033/3621 1509/3028/3957
f 1036/3034/4290 1124/3035/4039 1034/3036/4021
f 1036/3034/4290 1034/3036/4021 903/3037/4291
f 1036/3034/4290 903/3037/4291 860/3038/4292
f 747/3039/3690 639/3040/4031 643/3041/4293
f 747/3039/3690 643/3041/4293 903/3037/4035
f 643/3041/4293 639/3040/4031 544/3042/4294
s 0
f 1418/3043/4295 1276/3044/4296 1308/3045/4297
s 1
f 1308/3045/4298 1276/3044/4299 1195/3046/4300
f 1276/3044/4299 1124/3035/4039 1195/3046/4300
s 0
f 860/3038/4301 903/3037/4302 643/3041/4303
s 1
f 2809/3047/4304 2596/3048/4044 2722/3049/4043
f 2809/3047/4304 2722/3049/4043 2990/3050/4305
f 3200/3051/4306 2996/3052/4307 3198/3053/4058
f 3198/3053/4058 3330/3054/4308 3200/3051/4306
f 3526/3055/4309 3330/3054/4308 3328/3056/4057
f 3328/3056/4057 3330/3054/4308 3198/3053/4058
f 3198/3053/4058 2996/3052/4307 3085/3057/3719
f 3328/3056/4057 3524/3058/4310 3526/3055/4309
f 3697/3059/3976 3815/3060/3975 3820/3061/4311
s 0
f 3846/3062/4312 3820/3061/4313 3873/3063/4314
f 3524/3058/4315 3596/3064/4316 3661/3065/4317
f 3526/3055/4318 3524/3058/4319 3661/3065/4320
s 1
f 3846/3062/4321 3962/3066/4322 3964/3067/4323
f 3964/3067/4323 3962/3066/4322 4023/3068/4324
f 3908/3069/4325 3820/3061/4326 3846/3062/4321
f 4141/3070/4327 4166/3071/4328 4181/3072/4329
f 4217/3073/4330 4218/3074/4331 4166/3071/4328
s 0
f 3735/3075/4332 3661/3065/4333 3596/3064/4334
s 1
f 3247/3076/4335 3200/3051/4306 3330/3054/4308
f 3200/3051/4306 3247/3076/4335 2996/3052/4307
f 3247/3076/4335 3084/3077/4336 2996/3052/4307
f 2990/3050/4305 2996/3052/4307 3084/3077/4336
f 54/3078/4337 2596/3048/4044 2471/3079/4338
f 54/3078/4337 2471/3079/4338 59/3080/4339
s 0
f 1094/3081/4340 1192/3030/4341 1302/3032/4342
f 325/3082/4343 429/3083/4344 61/3084/4345
f 59/3080/4346 325/3082/4347 61/3084/4348
s 1
f 429/3083/4030 325/3082/4349 639/3040/4031
f 544/3042/4294 639/3040/4031 325/3082/4349
s 0
f 54/3078/4350 2476/3085/4351 2596/3048/4352
s 1
f 54/3078/4337 59/3080/4339 61/3084/3717
f 2476/3085/4052 54/3078/4337 61/3084/3717
f 2897/3086/3718 3085/3057/3719 2996/3052/4307
f 2801/3087/3695 2897/3086/3718 2990/3050/4305
f 2990/3050/4305 2897/3086/3718 2996/3052/4307
f 2722/3049/4043 2801/3087/3695 2990/3050/4305
f 3820/3061/4311 3815/3060/3975 3873/3063/4056
f 3962/3066/4322 3873/3063/4056 3956/3088/3734
f 3962/3066/4322 3956/3088/3734 4001/3089/4353
f 4165/3090/4354 4089/3091/3760 4140/3092/3735
f 4217/3073/4330 4180/3093/3755 4208/3094/3765
f 4242/3095/3754 4217/3073/4330 4208/3094/3765
s 0
f 4242/3095/4355 4292/3096/4356 4297/3097/4357
s 1
f 4217/3073/4330 4242/3095/3754 4254/3098/4358
s 0
f 4060/3099/4359 4001/3089/4360 4089/3091/4361
s 1
f 4165/3090/4354 4060/3099/4362 4089/3091/3760
f 4180/3093/3755 4217/3073/4330 4166/3071/4328
s 0
f 4180/3093/4363 4166/3071/4364 4165/3090/4365
f 4292/3096/4366 4312/3100/4367 4297/3097/4368
s 1
f 648/3101/3905 1024/3102/3950 871/3103/4369
f 648/3101/3905 871/3103/4369 647/3104/3949
f 221/3105/3901 647/3104/3949 350/3106/4370
f 74/3107/4371 221/3105/3901 350/3106/4370
f 74/3107/4371 2455/3108/3920 202/3109/4103
f 1505/3029/4285 1340/2986/4222 1302/3032/4289
f 871/3103/4369 1024/3102/3950 936/2989/4217
s 0
f 647/3104/4372 871/3103/4373 554/3110/4374
s 1
f 350/3106/4370 647/3104/3949 554/3110/4375
s 0
f 936/2989/4376 1024/3102/4377 1094/3081/4378
f 871/3103/4379 755/2988/4380 554/3110/4381
s 1
f 2687/3111/3916 2451/3112/4382 2680/3113/4383
f 2451/3112/4382 2687/3111/3916 2455/3108/3920
s 0
f 3505/3114/4384 3643/3115/4385 3624/3116/4386
s 1
f 2883/3117/3921 2687/3111/3916 2680/3113/4383
f 2882/3118/3677 2883/3117/3921 3072/3119/3676
f 3072/3119/3676 2883/3117/3921 3075/3120/4387
f 2455/3108/3920 74/3107/4371 2451/3112/4382
f 3232/3121/3675 3072/3119/3676 3075/3120/4387
s 0
f 3624/3116/4388 3512/3122/4389 3505/3114/4390
s 1
f 3892/3123/3938 3812/3124/4100 3838/3125/4391
f 3929/3126/4101 3892/3123/3938 3838/3125/4391
f 3687/3127/3891 3684/3128/4098 3767/3129/4099
f 4130/3130/3971 4172/3131/4392 4196/3132/3970
f 4424/3133/3870 4457/3134/4393 4468/3135/3819
s 0
f 4471/3136/4394 4492/3137/4395 4457/3134/4396
s 1
f 4492/3137/3838 4471/3136/4397 4497/3138/3837
f 4408/3139/4398 4424/3133/3870 4406/3140/3817
f 4497/3138/3837 4471/3136/4397 4495/3141/4399
s 0
f 4494/3142/4400 4484/3143/4401 4497/3138/4402
s 1
f 4494/3142/4403 4497/3138/3837 4495/3141/4399
f 4494/3142/4404 4459/3144/4405 4484/3143/3845
f 4459/3144/4405 4449/3145/3846 4484/3143/3845
f 4461/3146/4406 4471/3136/4407 4457/3134/4393
f 4461/3146/4406 4457/3134/4393 4425/3147/4408
f 4425/3147/4408 4457/3134/4393 4424/3133/3870
f 4196/3132/3970 4198/3148/4409 4232/3149/4094
f 4259/3150/4410 4232/3149/4094 4198/3148/4409
f 4232/3149/4094 4259/3150/4410 4307/3151/4411
f 4378/3152/4412 4383/3153/3833 4358/3154/4413
f 4172/3131/4392 4130/3130/3971 4052/3155/4084
f 4052/3155/4084 4016/3156/4414 4109/3157/4415
f 3948/3158/3941 3929/3126/4101 3949/3159/4416
f 3948/3158/3941 3949/3159/4416 4016/3156/4414
f 3767/3129/4099 3684/3128/4098 3769/3160/4417
f 3769/3160/4417 3841/3161/4418 3838/3125/4391
f 3684/3128/4098 3685/3162/4419 3769/3160/4417
s 0
f 3841/3161/4420 3931/3163/4421 3838/3125/4422
s 1
f 3838/3125/4391 3812/3124/4100 3769/3160/4417
f 3769/3160/4417 3812/3124/4100 3767/3129/4099
f 3838/3125/4391 3931/3163/4423 3929/3126/4101
f 3929/3126/4101 3931/3163/4423 3949/3159/4416
f 4016/3156/4414 3949/3159/4416 4109/3157/4415
f 4109/3157/4415 4157/3164/4424 4172/3131/4392
s 0
f 4157/3164/4425 4173/3165/4426 4198/3148/4427
s 1
f 4198/3148/4409 4173/3165/4428 4235/3166/4429
f 4198/3148/4409 4260/3167/4430 4259/3150/4410
f 4361/3168/4431 4378/3152/4412 4358/3154/4413
f 4361/3168/4431 4358/3154/4413 4340/3169/4432
s 0
f 4324/3170/4433 4340/3169/4434 4358/3154/4435
f 4324/3170/4436 4358/3154/4437 4360/3171/4438
s 1
f 4360/3171/3828 4358/3154/4413 4383/3153/3833
f 4378/3152/4412 4406/3140/3817 4383/3153/3833
f 4406/3140/3817 4378/3152/4412 4408/3139/4398
f 4424/3133/3870 4408/3139/4398 4425/3147/4408
f 4324/3170/3831 4307/3151/4411 4340/3169/4439
f 4307/3151/4411 4324/3170/3831 4281/3172/3832
f 4307/3151/4411 4281/3172/3832 4232/3149/4094
f 4109/3157/4415 4172/3131/4392 4052/3155/4084
s 0
f 4297/3097/4440 4254/3098/4441 4242/3095/4442
f 4312/3100/4443 4334/3173/4444 4333/3174/4445
s 1
f 4333/3174/4446 4334/3173/3855 4366/3175/4447
f 4366/3175/4447 4334/3173/3855 4367/3176/3854
f 4389/3177/3863 4366/3175/4447 4367/3176/3854
f 4389/3177/3863 4415/3178/4448 4400/3179/4449
f 4449/3145/3846 4459/3144/4405 4415/3178/4450
f 4389/3177/3863 4400/3179/4449 4366/3175/4447
s 0
f 4333/3174/4451 4297/3097/4452 4312/3100/4453
f 4165/3090/4454 4141/3070/4455 4060/3099/4456
s 1
f 4165/3090/4457 4166/3071/4328 4141/3070/4327
f 3846/3062/4321 3873/3063/4056 3962/3066/4322
s 0
f 3962/3066/4458 4001/3089/4459 4023/3068/4460
f 4023/3068/4461 4001/3089/4462 4060/3099/4463
s 1
f 4157/3164/4424 4198/3148/4409 4172/3131/4392
f 4172/3131/4392 4198/3148/4409 4196/3132/3970
s 0
f 3643/3115/4464 3579/3180/4465 3684/3181/4466
s 1
f 3579/3180/4467 3643/3115/4468 3505/3114/4469
s 0
f 3505/3114/4470 3232/3121/4471 3229/3182/4472
s 1
f 3232/3121/3675 3075/3120/4387 3130/3183/4473
f 3232/3121/3675 3130/3183/4473 3229/3182/4474
s 0
f 3505/3114/4475 3229/3182/4476 3507/3184/4477
f 3507/3184/4478 3579/3180/4479 3505/3114/4480
s 1
f 3069/2999/4231 3130/3183/4473 2876/3000/4232
s 0
f 3403/3185/4481 3507/3184/4482 3229/3182/4483
f 3685/3186/4484 3579/3180/4485 3582/3187/4486
s 1
f 3582/3187/4487 3579/3180/4488 3506/3188/4489
s 0
f 3579/3180/4490 3507/3184/4491 3506/3188/4492
s 1
f 3506/3188/4493 3507/3184/4494 3403/3185/4495
f 3403/3185/4495 3229/3182/4474 3132/3189/4496
f 1124/3035/4039 1036/3034/4290 1195/3046/4300
f 1309/3190/4497 1308/3045/4298 1195/3046/4300
f 1308/3045/4298 1309/3190/4497 1469/3191/4498
f 1117/3192/4499 1309/3190/4497 1195/3046/4300
s 0
f 947/3193/4500 1036/3034/4501 860/3038/4502
s 1
f 947/3193/4503 643/3041/4293 749/3194/4504
f 643/3041/4293 544/3042/4294 469/3195/4505
f 469/3195/4505 544/3042/4294 325/3082/4349
f 749/3194/4504 643/3041/4293 469/3195/4505
s 0
f 329/3196/4506 325/3082/4507 59/3080/4508
f 947/3193/4509 749/3194/4510 843/3197/4511
s 1
f 3526/3055/4512 3661/3065/4513 3525/3198/4514
f 3908/3069/4325 3846/3062/4321 3964/3067/4323
s 0
f 4088/3199/4515 4023/3068/4516 4060/3099/4517
s 1
f 4060/3099/4518 4141/3070/4327 4088/3199/4519
f 4181/3072/4329 4166/3071/4328 4218/3074/4331
s 0
f 4415/3178/4520 4403/3200/4521 4400/3179/4522
s 1
f 4415/3178/4450 4459/3144/4405 4430/3201/4523
s 0
f 4415/3178/4524 4430/3201/4525 4403/3200/4526
f 4297/3097/4527 4299/3202/4528 4254/3098/4529
s 1
f 4217/3073/4330 4254/3098/4358 4265/3203/4530
s 0
f 4299/3202/4531 4297/3097/4532 4333/3174/4533
f 4459/3144/4534 4494/3142/4535 4495/3141/4536
f 4498/3204/4537 4495/3141/4538 4471/3136/4539
f 4498/3204/4540 4471/3136/4541 4461/3146/4542
s 1
f 4445/3205/4543 4425/3147/4408 4408/3139/4398
f 4408/3139/4398 4378/3152/4412 4397/3206/4544
f 4397/3206/4544 4378/3152/4412 4361/3168/4431
s 0
f 4361/3168/4545 4340/3169/4546 4327/3207/4547
s 1
f 4308/3208/4548 4259/3150/4410 4260/3167/4430
f 4308/3208/4548 4307/3151/4411 4259/3150/4410
f 4307/3151/4411 4327/3207/4549 4340/3169/4439
f 3697/3059/3976 3820/3061/4311 3735/3075/4550
f 3697/3059/3976 3735/3075/4550 3596/3064/4551
s 0
f 1094/3081/4552 1302/3032/4553 1340/2986/4554
f 936/2989/4555 1094/3081/4556 1103/2985/4557
f 1580/2974/4558 1505/3029/4559 1643/2992/4560
s 1
f 1724/3027/4280 1689/2976/4201 1643/2992/4223
f 1820/2977/4202 1689/2976/4201 1724/3027/4280
f 1580/2974/4200 1458/2973/4199 1505/3029/4285
f 1505/3029/4285 1458/2973/4199 1340/2986/4222
s 0
f 1094/3081/4561 1340/2986/4562 1103/2985/4563
f 755/2988/4564 558/2991/4565 554/3110/4566
s 1
f 558/2991/4567 356/2993/4225 554/3110/4375
f 356/2993/4225 350/3106/4370 554/3110/4375
f 350/3106/4370 356/2993/4225 74/3107/4371
f 74/3107/4371 356/2993/4225 243/2995/4227
f 755/2988/4216 871/3103/4369 936/2989/4217
f 2451/3112/4382 243/2995/4227 2541/2997/4229
f 2451/3112/4382 74/3107/4371 243/2995/4227
s 0
f 2451/3112/4568 2541/2997/4569 2680/3113/4570
f 2541/2997/4571 2684/3001/4572 2680/3113/4573
s 1
f 2876/3000/4232 2680/3113/4383 2684/3001/4233
f 2876/3000/4232 3130/3183/4473 3075/3120/4387
f 2876/3000/4232 3075/3120/4387 2883/3117/3921
f 2876/3000/4232 2883/3117/3921 2680/3113/4383
f 2306/2943/4149 2291/2914/3999 2295/2963/4189
s 0
f 2291/2914/4574 2267/2912/4575 2295/2963/4576
f 2267/2912/4577 2282/2959/4578 2295/2963/4579
f 860/3038/4580 643/3041/4581 947/3193/4582
s 1
f 1036/3034/4290 1117/3192/4499 1195/3046/4300
f 1594/2930/4136 1469/2934/4141 1421/3209/4583
s 0
f 1469/2934/4584 1309/3210/4585 1421/3209/4586
s 1
f 1598/3211/4587 1655/2927/4134 1594/2930/4136
f 1598/3211/4587 1594/2930/4136 1421/3209/4583
f 1421/3209/4583 1309/3210/4497 1275/3212/4588
f 2087/2960/4180 2126/3213/4589 2124/2924/4131
f 2073/3214/4590 2087/2960/4180 2071/2915/4126
s 0
f 2073/3214/4591 2071/2915/4592 2024/2925/4593
f 2073/3214/4594 2024/2925/4595 1916/3215/4596
s 1
f 2024/2925/4132 1981/2926/4133 1916/3215/4597
f 1889/2921/4128 1916/3215/4597 1981/2926/4133
f 1892/3216/4598 1889/2921/4128 1890/2922/4129
f 1889/2921/4128 1892/3216/4598 1916/3215/4597
f 1803/3217/4599 1892/3216/4598 1798/2932/4137
f 1775/3218/4600 1803/3217/4599 1798/2932/4137
f 2024/2925/4132 1977/2923/4130 1981/2926/4133
f 1890/2922/4129 1798/2932/4137 1892/3216/4598
f 1598/3211/4587 1600/3219/4601 1655/2927/4134
f 1655/2927/4134 1600/3219/4601 1775/3218/4600
f 1655/2927/4134 1775/3218/4600 1733/2928/4135
f 1775/3218/4600 1798/2932/4137 1733/2928/4135
f 3130/3183/4473 3069/2999/4231 3132/3189/4496
f 3229/3182/4474 3130/3183/4473 3132/3189/4496
f 2238/2965/4191 2203/2967/4193 2172/3012/4265
f 4218/3074/4331 4217/3073/4330 4265/3203/4530
f 4254/3098/4358 4299/3202/4602 4265/3203/4530
f 4088/3199/4519 4141/3070/4327 4118/3220/4603
f 4118/3220/4603 4141/3070/4327 4181/3072/4329
s 0
f 3820/3061/4604 3908/3069/4605 3816/3221/4606
s 1
f 3733/3222/4607 3661/3065/4513 3735/3075/4550
f 3247/3076/4335 3330/3054/4308 3527/3223/4608
f 3527/3223/4608 3330/3054/4308 3526/3055/4309
s 0
f 3527/3223/4609 3526/3055/4610 3525/3198/4611
s 1
f 3657/3224/4612 3525/3198/4514 3661/3065/4513
f 3657/3224/4612 3661/3065/4513 3733/3222/4607
f 3820/3061/4311 3733/3222/4607 3735/3075/4550
f 3964/3067/4323 4023/3068/4324 4002/3225/4613
f 4002/3225/4613 4023/3068/4324 4088/3199/4519
f 4347/3226/4614 4333/3174/4446 4366/3175/4447
f 4369/3227/4615 4366/3175/4447 4400/3179/4449
f 4347/3226/4614 4366/3175/4447 4369/3227/4615
s 0
f 4403/3200/4616 4401/3228/4617 4400/3179/4618
s 1
f 4408/3139/4398 4397/3206/4544 4409/3229/4619
f 4408/3139/4398 4409/3229/4619 4445/3205/4543
s 0
f 4459/3144/4620 4495/3141/4621 4462/3230/4622
f 4430/3201/4623 4459/3144/4624 4462/3230/4625
f 4430/3201/4626 4433/3231/4627 4403/3200/4628
s 1
f 4400/3179/4449 4401/3228/4629 4369/3227/4615
s 0
f 4333/3174/4630 4314/3232/4631 4299/3202/4632
f 4314/3232/4633 4333/3174/4634 4347/3226/4635
s 1
f 4314/3233/4636 4265/3203/4530 4299/3202/4602
s 0
f 4433/3231/4637 4430/3201/4638 4462/3230/4639
s 1
f 4458/3234/4640 4480/3235/4641 4445/3205/4543
f 4409/3229/4619 4428/3236/4642 4445/3205/4543
f 3996/3237/4643 4081/3238/4644 3932/3239/4645
f 3813/3240/4646 3843/3241/4647 3841/3161/4418
s 0
f 3841/3161/4648 3843/3241/4649 3932/3239/4650
s 1
f 3813/3240/4646 3841/3161/4418 3769/3160/4417
s 0
f 3841/3161/4651 3932/3239/4652 3931/3163/4653
f 3932/3239/4654 4081/3238/4655 3931/3163/4656
s 1
f 4173/3165/4428 4110/3242/4657 4136/3243/4658
f 4136/3243/4658 4235/3166/4429 4173/3165/4428
f 4081/3238/4644 4110/3242/4657 3949/3159/4416
f 4327/3207/4549 4307/3151/4411 4308/3244/4548
f 4425/3147/4408 4445/3205/4543 4461/3146/4406
f 4461/3146/4406 4445/3205/4543 4480/3235/4641
f 4461/3146/4406 4480/3235/4641 4498/3204/4659
f 3949/3159/4416 4110/3242/4657 4109/3157/4415
s 0
f 4081/3238/4660 3949/3159/4661 3931/3163/4662
f 3685/3162/4663 3684/3128/4664 3579/3245/4665
s 1
f 1114/3246/4666 1117/3192/4499 1036/3034/4290
f 843/3197/4667 1036/3034/4290 947/3193/4668
f 1309/3190/4497 1117/3192/4499 1275/3247/4588
f 1275/3247/4588 1117/3192/4499 1114/3246/4666
f 843/3197/4667 749/3194/4504 636/3248/4669
f 4260/3167/4430 4198/3148/4409 4235/3166/4429
f 4173/3165/4428 4157/3164/4424 4109/3157/4415
f 4173/3165/4428 4109/3157/4415 4110/3242/4657
f 2334/2941/4148 2306/2943/4149 2336/2958/4177
f 2336/2958/4177 2306/2943/4149 2295/2963/4189
f 469/3195/4505 325/3082/4349 329/3196/4670
f 2471/3079/4338 2596/3048/4044 2809/3047/4304
f 2809/3047/4304 2990/3050/4305 2895/3249/4671
f 2895/3249/4671 2471/3079/4338 2809/3047/4304
f 3084/3077/4336 2895/3249/4671 2990/3050/4305
f 3202/3250/4672 3247/3076/4335 3527/3223/4608
f 3247/3076/4335 3202/3250/4672 3084/3077/4336
s 0
f 4265/3203/4673 4269/3251/4674 4218/3074/4675
s 1
f 4181/3072/4329 4221/3252/4676 4175/3253/4677
f 4181/3072/4329 4175/3253/4677 4118/3220/4603
f 4221/3252/4676 4181/3072/4329 4218/3074/4331
f 3908/3069/4325 3964/3067/4323 4002/3225/4613
f 3816/3221/4678 3908/3069/4325 3874/3254/4679
f 3820/3061/4311 3816/3221/4680 3733/3222/4607
f 3525/3198/4514 3657/3224/4612 3628/3255/4681
f 2203/2967/4193 2112/3256/4682 2172/3012/4265
s 0
f 2147/3010/4683 2112/3256/4684 2061/2982/4685
s 1
f 2172/3012/4265 2112/3256/4682 2147/3010/4686
f 3874/3254/4679 3908/3069/4325 4002/3225/4613
s 0
f 2347/3257/4687 2359/3258/4688 2368/3259/4689
s 1
f 2368/3259/4690 2359/3258/4691 2355/3260/4692
f 2288/3261/4172 2277/3262/4693 2262/3263/4170
f 2247/3264/4192 2262/3263/4170 2277/3262/4693
f 2325/3265/4190 2347/3257/4168 2349/3266/4694
s 0
f 2368/3259/4695 2349/3266/4696 2347/3257/4697
f 2298/3267/4698 2282/3268/4699 2281/3269/4700
f 2282/3268/4701 2255/3270/4702 2281/3269/4703
s 1
f 2155/3271/4704 2207/3272/4705 2227/3273/4706
s 0
f 2155/3271/4707 2124/3274/4708 2126/3275/4709
f 2073/3276/4710 1916/3277/4711 2047/3278/4712
s 1
f 1775/3279/4600 1700/3280/4713 1803/3281/4599
f 1114/3282/4666 1036/3283/4290 954/3284/4714
f 954/3284/4714 1036/3283/4290 843/3285/4667
f 469/3286/4505 329/3287/4670 336/3288/4715
f 469/3286/4505 636/3289/4669 749/3290/4504
f 1421/3291/4583 1425/3292/4716 1598/3293/4587
f 1425/3292/4716 1600/3294/4601 1598/3293/4587
f 1775/3279/4600 1600/3294/4601 1700/3280/4713
f 1275/3295/4588 1114/3282/4666 1169/3296/4717
f 1275/3295/4588 1312/3297/4718 1421/3291/4583
f 1275/3295/4588 1169/3296/4717 1312/3297/4718
f 954/3284/4714 1169/3296/4717 1114/3282/4666
f 954/3284/4714 843/3285/4667 636/3289/4669
f 954/3284/4714 1040/3298/4719 1169/3296/4717
f 1169/3296/4717 1235/3299/4720 1312/3297/4718
f 1312/3297/4718 1235/3299/4720 1330/3300/4721
f 1425/3292/4716 1330/3300/4721 1431/3301/4722
f 1533/3302/4723 1425/3292/4716 1431/3301/4722
f 1431/3301/4722 1612/3303/4724 1533/3302/4723
f 1612/3303/4724 1431/3301/4722 1468/3304/4725
f 1534/3305/4726 1806/3306/4727 1737/3307/4728
f 1806/3306/4727 1859/3308/4729 1737/3307/4728
f 2189/3309/4730 2108/3310/4731 2197/3311/4732
s 0
f 2189/3309/4733 2119/3312/4734 2021/3313/4735
s 1
f 2006/3314/4736 2005/3315/4737 1917/3316/4738
f 2006/3314/4736 1917/3316/4738 2021/3313/4739
s 0
f 2006/3314/4740 2021/3313/4741 2119/3312/4742
f 2021/3313/4743 2108/3310/4744 2189/3309/4745
s 1
f 2108/3310/4746 2111/3317/4747 2166/3318/4748
f 2108/3310/4746 2166/3318/4748 2188/3319/4749
f 2166/3318/4748 2141/3320/4750 2054/3321/4751
f 2141/3320/4750 2111/3322/4747 2053/3323/4752
f 2054/3321/4751 2141/3320/4750 2053/3323/4752
f 1950/3324/4753 2053/3323/4752 2050/3325/4754
f 2053/3323/4752 1950/3324/4753 2054/3321/4751
f 2166/3318/4748 2054/3321/4751 2188/3319/4749
s 0
f 1950/3324/4755 2050/3325/4756 1880/3326/4757
s 1
f 1950/3324/4753 1880/3326/4758 1809/3327/4759
f 1809/3327/4759 1987/3328/4760 1950/3324/4753
f 1950/3324/4753 1987/3328/4760 2054/3321/4751
f 2188/3319/4749 2054/3321/4751 2104/3329/4761
s 0
f 2108/3310/4762 2188/3319/4763 2197/3311/4764
f 2197/3311/4765 2188/3319/4766 2104/3329/4767
f 2210/3330/4768 2197/3311/4769 2180/3331/4770
f 2189/3309/4771 2197/3311/4772 2210/3330/4773
s 1
f 2119/3312/4774 2189/3309/4775 2117/3332/4776
f 2189/3309/4775 2199/3333/4777 2117/3332/4776
f 2266/3334/4778 2219/3335/4779 2230/3336/4780
s 0
f 2219/3335/4781 2199/3333/4782 2210/3330/4783
s 1
f 2219/3335/4779 2210/3330/4784 2231/3337/4785
f 2219/3335/4779 2231/3337/4785 2230/3336/4780
s 0
f 2189/3309/4786 2210/3330/4787 2199/3333/4788
s 1
f 2210/3330/4784 2181/3338/4789 2206/3339/4790
f 2210/3330/4784 2206/3339/4790 2231/3337/4785
f 2231/3337/4785 2164/3340/4791 2230/3336/4780
f 2164/3340/4791 2231/3337/4785 2206/3339/4790
f 2164/3340/4791 2206/3339/4790 2102/3341/4792
f 2019/3342/4793 2164/3340/4791 2102/3341/4792
f 2164/3340/4791 2019/3342/4793 2057/3343/4794
f 2164/3340/4791 2057/3343/4794 2230/3336/4780
f 2230/3336/4780 2057/3343/4794 2290/3344/4795
f 2057/3343/4794 2019/3342/4793 1959/3345/4796
f 1918/3346/4797 1959/3345/4796 2019/3342/4793
f 2290/3344/4795 2266/3334/4778 2230/3336/4780
f 2266/3334/4778 2290/3344/4795 2265/3347/4798
f 2223/3348/4799 2219/3335/4779 2266/3334/4778
f 2265/3347/4798 2163/3349/4800 2211/3350/4801
f 2163/3349/4800 2265/3347/4798 2290/3344/4795
s 0
f 2163/3349/4802 2290/3344/4803 2057/3343/4804
s 1
f 2265/3347/4798 2211/3350/4801 2365/3351/4805
s 0
f 2030/3352/4806 2163/3349/4807 2008/3353/4808
f 2008/3353/4809 2163/3349/4810 2057/3343/4811
s 1
f 2057/3343/4794 1959/3345/4796 2008/3353/4812
f 2030/3352/4813 2008/3353/4812 2014/3354/4814
f 2163/3349/4800 2030/3352/4813 2107/3355/4815
f 2163/3349/4800 2107/3355/4815 2211/3350/4801
f 2107/3355/4815 2030/3352/4813 2014/3354/4814
f 2211/3350/4801 2107/3355/4815 2198/3356/4816
f 2365/3351/4805 2211/3350/4801 2372/3357/4817
s 0
f 2372/3357/4818 2211/3350/4819 2198/3356/4820
f 2198/3356/4821 2107/3355/4822 2118/3358/4823
s 1
f 2118/3358/4824 2107/3355/4815 2014/3354/4814
f 2198/3356/4825 2308/3359/4826 2372/3357/4817
f 2372/3357/4817 2308/3359/4826 2333/3360/4827
f 2308/3359/4826 2369/3361/4828 2333/3360/4827
f 2369/3361/4828 2308/3359/4826 2371/3362/4829
s 0
f 2349/3266/4830 2369/3361/4831 2371/3362/4832
f 2349/3266/4833 2371/3362/4834 2343/3363/4835
s 1
f 2343/3363/4836 2371/3362/4829 2310/3364/4837
f 2343/3363/4836 2310/3364/4837 2311/3365/4838
f 2310/3364/4837 2300/3366/4839 2311/3365/4838
f 2214/3367/4840 2310/3364/4837 2198/3356/4825
f 2214/3367/4840 2198/3356/4825 2212/3368/4841
f 2214/3367/4840 2212/3368/4841 2142/3369/4842
f 2310/3364/4837 2214/3367/4840 2300/3366/4839
f 2300/3366/4839 2273/3370/4843 2311/3365/4838
f 2368/3259/4844 2369/3361/4845 2349/3266/4846
f 2333/3360/4827 2369/3361/4828 2335/3371/4847
s 0
f 2335/3371/4848 2369/3361/4849 2344/3372/4850
f 2344/3372/4851 2369/3361/4852 2368/3259/4853
s 1
f 2333/3360/4827 2335/3371/4847 2301/3373/4854
f 2335/3371/4847 2309/3374/4855 2301/3373/4854
f 2266/3334/4778 2309/3374/4855 2281/3269/4856
f 2309/3374/4855 2266/3334/4778 2301/3373/4854
f 2266/3334/4778 2281/3269/4856 2223/3348/4799
f 2298/3267/4188 2309/3374/4855 2335/3371/4847
s 0
f 2281/3269/4857 2309/3374/4858 2298/3267/4859
s 1
f 2255/3270/4150 2223/3348/4799 2281/3269/4856
f 2227/3273/4181 2223/3348/4799 2255/3270/4150
f 1916/3277/4597 1892/3375/4598 1862/3376/4860
f 1916/3277/4597 1953/3377/4861 2047/3278/4862
f 2207/3272/4705 2155/3271/4704 2126/3275/4589
s 0
f 2227/3273/4863 2207/3272/4864 2223/3348/4865
s 1
f 2074/3378/4866 2126/3275/4589 2087/3379/4180
s 0
f 2073/3276/4867 2047/3278/4868 2074/3378/4869
s 1
f 2087/3379/4180 2073/3276/4590 2074/3378/4866
s 0
f 2152/3380/4870 2112/3381/4871 2203/3382/4872
f 2061/3383/4873 2112/3381/4874 2152/3380/4875
s 1
f 2061/3383/4876 2152/3380/4877 2082/3384/4878
f 2325/3265/4190 2349/3266/4694 2343/3363/4836
f 2355/3260/4692 2344/3372/4879 2368/3259/4690
f 2335/3371/4847 2344/3372/4178 2336/3385/4177
f 2298/3267/4188 2335/3371/4847 2336/3385/4177
f 2042/3386/4205 2061/3387/4876 2082/3388/4878
f 2042/3386/4205 2082/3388/4878 1973/3389/4204
f 1908/3390/4195 1973/3389/4204 1975/3391/4880
f 1973/3389/4204 2082/3388/4878 1975/3391/4880
f 1822/3392/4881 1824/3393/4882 1763/3394/4196
f 1763/3394/4196 1824/3393/4882 1690/3395/4883
f 1711/3396/4884 1690/3395/4883 1824/3393/4882
f 1822/3392/4881 1975/3391/4880 1910/3397/4885
f 1822/3392/4881 1910/3397/4885 1883/3398/4886
f 1822/3392/4881 1883/3398/4886 1824/3393/4882
f 1928/3399/4887 1932/3400/4888 1939/3401/4889
f 1939/3401/4889 1932/3400/4888 1883/3398/4886
s 0
f 1932/3400/4890 1928/3399/4891 1835/3402/4892
s 1
f 1909/3403/4893 1932/3400/4888 1834/3404/4894
f 1883/3398/4886 1910/3397/4885 1939/3401/4889
f 1928/3399/4887 1939/3401/4889 1910/3397/4885
f 1910/3397/4885 1985/3405/4895 1942/3406/4896
f 1910/3397/4885 1942/3406/4896 1928/3399/4887
f 1910/3397/4885 1975/3391/4880 1985/3405/4895
f 2004/3407/4897 1985/3405/4895 1975/3391/4880
f 2004/3407/4897 1975/3391/4880 2026/3408/4898
f 1997/3409/4899 1985/3405/4895 2004/3407/4897
f 1985/3405/4895 1997/3409/4899 1924/3410/4900
f 1985/3405/4895 1924/3410/4900 1942/3406/4896
f 1942/3406/4896 1924/3410/4900 1928/3399/4887
f 1924/3410/4900 1997/3409/4899 1872/3411/4901
f 1924/3410/4900 1835/3402/4902 1928/3399/4887
f 1932/3400/4888 1835/3402/4902 1834/3404/4894
f 1835/3402/4902 1779/3412/4903 1834/3404/4894
f 1779/3412/4903 1835/3402/4902 1774/3413/4904
f 1774/3413/4904 1835/3402/4902 1924/3410/4900
f 1774/3413/4904 1924/3410/4900 1872/3411/4901
f 1982/3414/4905 1872/3411/4901 1997/3409/4899
f 1982/3414/4905 1938/3415/4906 1786/3416/4907
f 1982/3414/4905 1786/3416/4907 1872/3411/4901
f 1786/3416/4907 1710/3417/4908 1872/3411/4901
s 0
f 1774/3413/4909 1872/3411/4910 1744/3418/4911
s 1
f 1834/3404/4894 1791/3419/4912 1909/3403/4893
f 1672/3420/4913 1779/3412/4903 1774/3413/4904
f 1672/3420/4913 1774/3413/4904 1744/3418/4914
s 0
f 1567/3421/4915 1672/3420/4916 1744/3418/4917
s 1
f 1710/3417/4908 1744/3418/4918 1872/3411/4901
f 1786/3416/4907 1758/3422/4919 1710/3417/4908
f 1744/3418/4918 1710/3417/4908 1567/3421/4920
f 1567/3421/4920 1710/3417/4908 1563/3423/4921
f 1563/3423/4921 1710/3417/4908 1544/3424/4922
f 1481/3425/4923 1567/3421/4920 1563/3423/4921
f 1495/3426/4924 1567/3421/4920 1481/3425/4923
f 1495/3426/4924 1481/3425/4923 1511/3427/4925
f 1511/3427/4925 1481/3425/4923 1447/3428/4926
f 1511/3427/4925 1447/3428/4926 1464/3429/4927
f 1511/3427/4925 1464/3429/4927 1546/3430/4928
f 1567/3421/4920 1495/3426/4924 1672/3420/4913
f 1495/3426/4924 1597/3431/4929 1672/3420/4913
f 1597/3431/4929 1495/3426/4924 1511/3427/4925
f 1597/3431/4929 1511/3427/4925 1546/3430/4928
s 0
f 1730/3432/4930 1597/3431/4931 1546/3430/4932
s 1
f 1546/3430/4933 1620/3433/4934 1708/3434/4935
f 1730/3432/4936 1546/3430/4933 1708/3434/4935
f 1755/3435/4937 1791/3419/4912 1708/3434/4935
f 1791/3419/4912 1755/3435/4937 1860/3436/4938
f 1730/3432/4936 1708/3434/4935 1791/3419/4912
f 1672/3420/4913 1597/3431/4929 1730/3432/4939
f 1672/3420/4913 1730/3432/4939 1779/3412/4903
s 0
f 1779/3412/4940 1730/3432/4941 1834/3404/4942
s 1
f 1730/3432/4936 1791/3419/4912 1834/3404/4894
f 1791/3419/4912 1860/3436/4938 1909/3403/4893
f 1860/3436/4938 1911/3437/4943 1909/3403/4893
f 1911/3437/4943 1930/3438/4944 1909/3403/4893
f 1930/3438/4944 1911/3437/4943 1941/3439/4945
f 1930/3438/4944 1941/3439/4945 1921/3440/4946
f 1860/3436/4938 1755/3435/4937 1867/3441/4947
f 1860/3436/4938 1867/3441/4947 1911/3437/4943
f 1911/3437/4943 1867/3441/4947 1913/3442/4948
f 1911/3437/4943 1913/3442/4948 1941/3439/4945
f 1854/3443/4949 1921/3440/4946 1929/3444/4950
f 1921/3440/4946 1941/3439/4945 1961/3445/4951
f 1921/3440/4946 1961/3445/4951 1929/3444/4950
f 1813/3446/4952 1607/3447/4953 1829/3448/4954
s 0
f 1680/3449/4955 1829/3448/4956 1607/3447/4957
s 1
f 1680/3449/4958 1607/3447/4959 1513/3450/4960
s 0
f 1680/3449/4961 1513/3450/4962 1512/3451/4963
s 1
f 1513/3450/4960 1304/3452/4964 1512/3451/4965
f 1347/3453/4966 1304/3452/4964 1199/3454/4967
f 1304/3452/4964 1347/3453/4966 1512/3451/4965
s 0
f 1829/3448/4968 1824/3393/4969 1854/3443/4970
f 1929/3444/4971 1829/3448/4972 1854/3443/4973
s 1
f 1829/3448/4954 1929/3444/4974 1813/3446/4952
f 1578/3455/4198 1690/3395/4883 1711/3396/4884
f 1578/3455/4198 1711/3396/4884 1616/3456/4975
f 1578/3455/4198 1616/3456/4975 1408/3457/4210
f 1408/3457/4210 1616/3456/4975 1410/3458/4976
f 1342/3459/4977 1408/3457/4210 1410/3458/4976
s 0
f 1193/3460/4978 1267/3461/4979 1342/3459/4980
s 1
f 1193/3460/4981 1026/3462/4982 1027/3463/4983
s 0
f 1193/3460/4984 1027/3463/4985 1103/3464/4986
f 1342/3459/4987 1267/3461/4988 1408/3457/4989
s 1
f 1689/3465/4201 1763/3394/4196 1690/3395/4883
f 1689/3465/4201 1690/3395/4883 1580/3466/4200
f 1580/3466/4200 1690/3395/4883 1578/3455/4198
s 0
f 1103/3464/4990 1267/3461/4991 1193/3460/4992
f 759/3467/4993 1027/3463/4994 1026/3462/4995
s 1
f 558/3468/4567 560/3469/4996 356/3470/4225
f 269/3471/4226 356/3470/4225 357/3472/4997
f 357/3472/4997 356/3470/4225 560/3469/4996
f 560/3469/4996 558/3468/4567 759/3467/4998
f 1410/3458/4976 1347/3453/4966 1342/3459/4977
f 1342/3459/4977 1347/3453/4966 1193/3460/4981
f 1512/3451/4965 1410/3458/4976 1616/3456/4975
s 0
f 1829/3448/4999 1711/3396/5000 1824/3393/5001
s 1
f 1410/3458/4976 1512/3451/4965 1347/3453/4966
f 1680/3449/5002 1616/3456/4975 1711/3396/4884
s 0
f 1711/3396/5003 1829/3448/5004 1680/3449/5005
s 1
f 1854/3443/4949 1824/3393/4882 1883/3398/4886
f 1883/3398/4886 1930/3438/4944 1854/3443/4949
f 1512/3451/4965 1616/3456/4975 1680/3449/5002
f 1854/3443/4949 1930/3438/4944 1921/3440/4946
f 1930/3438/4944 1932/3400/4888 1909/3403/4893
f 1932/3400/4888 1930/3438/4944 1883/3398/4886
f 1458/3473/4199 1578/3455/4198 1408/3457/4210
f 2684/3474/4233 2777/3475/5006 3069/3476/4231
s 0
f 2976/3477/5007 3069/3476/5008 2777/3475/5009
s 1
f 3132/3478/4496 3069/3476/4231 2976/3477/5010
f 2684/3474/4233 2620/3479/4230 2777/3475/5006
f 3132/3478/4496 2976/3477/5010 3065/3480/5011
f 3065/3480/5011 3180/3481/5012 3132/3478/4496
f 3180/3481/5012 3404/3482/5013 3506/3483/4493
f 269/3471/4226 357/3472/4997 236/3484/5014
f 357/3472/4997 560/3469/4996 456/3485/5015
f 269/3471/4226 236/3484/5014 2529/3486/5016
s 0
f 456/3485/5017 758/3487/5018 565/3488/5019
s 1
f 565/3488/5020 758/3487/5021 882/3489/5022
f 456/3485/5015 360/3490/5023 357/3472/4997
f 360/3490/5023 456/3485/5015 565/3488/5024
f 882/3489/5022 940/3491/5025 942/3492/5026
f 942/3492/5026 940/3491/5025 1029/3493/5027
s 0
f 360/3490/5028 93/3494/5029 357/3472/5030
s 1
f 3067/3495/5031 2878/3496/5032 2867/3497/5033
f 3169/3498/5034 3131/3499/5035 3067/3495/5031
f 3131/3499/5035 3169/3500/5034 3504/3501/5036
s 0
f 3504/3501/5037 3418/3502/5038 3575/3503/5039
s 1
f 3575/3503/5040 3580/3504/5041 3504/3501/5042
s 0
f 3711/3505/5043 3580/3504/5044 3575/3503/5045
s 1
f 3770/3506/5046 3711/3505/5047 3809/3507/5048
f 3712/3508/5049 3711/3505/5047 3575/3503/5050
f 3711/3505/5047 3729/3509/5051 3809/3507/5048
f 3729/3509/5051 3835/3510/5052 3809/3507/5048
f 4112/3511/5053 4171/3512/5054 4079/3513/5055
f 4199/3514/5056 4171/3512/5054 4215/3515/5057
s 0
f 4112/3511/5058 4079/3513/5059 4057/3516/5060
s 1
f 3913/3517/5061 3869/3518/5062 3835/3510/5052
f 3869/3518/5062 3913/3517/5061 3898/3519/5063
f 3869/3518/5062 3809/3507/5048 3835/3510/5052
s 0
f 357/3472/5064 93/3494/5065 236/3484/5066
s 1
f 758/3487/5021 940/3491/5025 882/3489/5022
f 3527/3520/5067 3525/3521/4514 3628/3522/4681
s 0
f 3628/3522/5068 3657/3523/5069 3733/3524/5070
s 1
f 4221/3525/4676 4218/3526/4331 4269/3527/5071
f 4061/3528/5072 4002/3529/4613 4088/3530/4519
f 4088/3530/4519 4118/3531/4603 4061/3528/5072
f 4221/3525/4676 4269/3527/5071 4243/3532/5073
f 4243/3532/5073 4269/3527/5071 4267/3533/5074
f 4221/3525/4676 4243/3532/5073 4183/3534/5075
f 4175/3535/4677 4183/3534/5075 4117/3536/5076
f 4061/3528/5072 4118/3531/4603 4117/3536/5076
f 4117/3536/5076 4118/3531/4603 4175/3535/4677
f 4183/3534/5075 4175/3535/4677 4221/3525/4676
f 3685/3537/4419 3683/3538/5077 3769/3539/4417
f 3403/3540/4495 3132/3478/4496 3180/3481/5012
f 3403/3540/4495 3180/3481/5012 3506/3483/4493
s 0
f 3683/3538/5078 3685/3537/5079 3582/3541/5080
s 1
f 3683/3538/5077 3770/3506/5046 3769/3539/4417
f 3769/3539/4417 3770/3506/5046 3813/3542/4646
s 0
f 3932/3543/5081 3990/3544/5082 3996/3545/5083
s 1
f 3580/3504/5084 3582/3541/4487 3506/3483/4489
f 3065/3480/5011 2976/3477/5010 2878/3496/5032
s 0
f 2878/3496/5085 2976/3477/5086 2777/3475/5087
s 1
f 269/3471/4226 2529/3486/5016 2440/3546/4228
f 2440/3546/4228 2529/3486/5016 2620/3479/4230
f 3996/3545/4643 4080/3547/5088 4081/3548/4644
f 4110/3549/4657 4081/3548/4644 4080/3547/5088
f 4136/3550/4658 4110/3549/4657 4080/3547/5088
f 4080/3547/5088 4135/3551/5089 4136/3550/4658
f 4135/3551/5089 4201/3552/5090 4136/3550/4658
f 4235/3553/4429 4201/3552/5090 4260/3554/4430
f 4234/3555/5091 4260/3554/4430 4201/3552/5090
f 4136/3550/4658 4201/3552/5090 4235/3553/4429
f 4260/3554/4430 4283/3556/5092 4308/3557/4548
f 4327/3558/4549 4308/3557/4548 4325/3559/5093
f 4325/3559/5093 4308/3557/4548 4283/3556/5092
f 4445/3560/4543 4428/3561/4642 4458/3562/4640
s 0
f 4361/3563/5094 4327/3558/5095 4325/3559/5096
s 1
f 4382/3564/5097 4397/3565/4544 4361/3563/4431
f 4283/3556/5092 4260/3554/4430 4234/3555/5091
f 4382/3564/5097 4361/3563/4431 4325/3559/5093
f 4293/3566/5098 4283/3556/5092 4234/3555/5091
f 4283/3556/5092 4293/3566/5098 4325/3559/5093
f 4323/3567/5099 4325/3559/5093 4293/3566/5098
f 4323/3567/5099 4382/3564/5097 4325/3559/5093
f 4382/3564/5097 4381/3568/5100 4397/3565/4544
f 4481/3569/5101 4432/3570/5102 4433/3571/5103
f 4381/3568/5100 4428/3561/4642 4409/3572/4619
f 4381/3568/5100 4409/3572/4619 4397/3565/4544
f 4428/3561/4642 4381/3568/5100 4407/3573/5104
f 4368/3574/5105 4313/3575/5106 4346/3576/5107
s 0
f 4368/3574/5108 4346/3576/5109 4369/3577/5110
f 4313/3575/5111 4314/3578/5112 4346/3576/5113
f 4314/3578/5114 4313/3575/5115 4298/3579/5116
f 4432/3570/5117 4416/3580/5118 4433/3571/5119
f 4500/3581/5120 4481/3569/5121 4462/3582/5122
s 1
f 4462/3582/5123 4481/3569/5101 4433/3571/5103
s 0
f 4403/3583/5124 4433/3571/5125 4416/3580/5126
s 1
f 4416/3580/5127 4402/3584/5128 4403/3583/5129
f 4401/3585/4629 4402/3584/5128 4369/3577/4615
f 4403/3583/5129 4402/3584/5128 4401/3585/4629
f 4500/3581/5130 4495/3586/5131 4498/3587/5132
f 4480/3588/4641 4458/3562/4640 4498/3587/4659
s 0
f 4495/3586/5133 4500/3581/5134 4462/3582/5135
f 4269/3527/5136 4265/3589/5137 4314/3590/5138
s 1
f 4269/3591/5071 4314/3578/5139 4267/3592/5074
s 0
f 4314/3578/5140 4298/3579/5141 4267/3592/5142
f 4314/3578/5143 4347/3593/5144 4346/3576/5145
f 4346/3576/5146 4347/3593/5147 4369/3577/5148
s 1
f 59/3594/4339 55/3595/5149 329/3596/5150
f 59/3594/4339 2471/3597/4338 2469/3598/5151
f 55/3595/5149 59/3594/4339 2469/3598/5151
s 0
f 55/3595/5152 336/3599/5153 329/3600/5154
s 1
f 2469/3598/5151 2471/3597/4338 2895/3601/4671
f 3333/3602/5155 3202/3603/4672 3527/3520/4608
f 2895/3601/4671 3084/3604/4336 2994/3605/5156
f 2994/3605/5156 3084/3604/4336 3093/3606/5157
f 3084/3604/4336 3202/3603/4672 3093/3606/5157
s 0
f 3658/3607/5158 3333/3602/5159 3527/3520/5160
f 3527/3520/5161 3628/3522/5162 3658/3607/5163
f 3733/3524/5164 3816/3608/5165 3732/3609/5166
s 1
f 3733/3524/5167 3732/3609/5168 3628/3522/5169
f 3628/3522/5169 3732/3609/5168 3658/3607/5170
f 3911/3610/5171 3816/3608/4678 3874/3611/4679
f 3911/3610/5171 3874/3611/4679 4002/3529/4613
f 4002/3529/4613 4061/3528/5072 3935/3612/5172
f 4002/3529/4613 3935/3612/5172 3911/3610/5171
f 4243/3532/5073 4267/3533/5074 4225/3613/5173
f 4183/3534/5075 4243/3532/5073 4225/3613/5173
f 4225/3613/5173 4223/3614/5174 4184/3615/5175
f 4268/3616/5176 4270/3617/5177 4225/3613/5173
f 4225/3613/5173 4270/3617/5177 4223/3614/5174
f 4167/3618/5178 4184/3615/5175 4223/3614/5174
f 4184/3615/5175 4167/3618/5178 4116/3619/5179
f 4116/3619/5179 4167/3618/5178 4068/3620/5180
f 4167/3618/5178 4120/3621/5181 4068/3620/5180
f 4068/3620/5180 4120/3621/5181 4092/3622/5182
f 4092/3622/5182 4120/3621/5181 4138/3623/5183
f 4120/3621/5181 4167/3618/5178 4138/3623/5183
f 4138/3623/5183 4167/3618/5178 4226/3624/5184
f 4167/3618/5178 4223/3614/5174 4226/3624/5184
f 4138/3623/5183 4226/3624/5184 4187/3625/5185
f 4138/3623/5183 4125/3626/5186 4092/3622/5182
f 4138/3623/5183 4187/3625/5185 4125/3626/5186
f 4125/3626/5186 4187/3625/5185 4148/3627/5187
f 4125/3626/5186 4073/3628/5188 4092/3622/5182
s 0
f 4092/3622/5189 4073/3628/5190 4069/3629/5191
f 4092/3622/5192 4069/3629/5193 4043/3630/5192
f 4068/3620/5194 4092/3622/5195 4043/3630/5196
s 1
f 3731/3631/5197 3561/3632/5198 3608/3633/5199
f 3568/3634/5200 3652/3635/5201 3563/3636/5202
f 3652/3635/5203 3720/3637/5204 3608/3633/5205
s 0
f 3608/3633/5206 3720/3637/5207 3731/3631/5208
s 1
f 3731/3631/5209 3720/3637/5210 3819/3638/5211
f 3819/3638/5211 3720/3637/5210 4043/3630/5212
s 0
f 4043/3630/5213 3720/3637/5214 3864/3639/5215
s 1
f 3814/3640/5216 3720/3637/5204 3652/3635/5203
f 3720/3637/5204 3814/3640/5216 3864/3639/5217
s 0
f 3652/3635/5218 3574/3641/5219 3689/3642/5220
s 1
f 3689/3642/5221 3814/3640/5216 3652/3635/5203
f 3574/3641/5222 3509/3643/5223 3689/3642/5224
f 3509/3643/5223 3574/3641/5222 3483/3644/5225
f 3689/3642/5224 3509/3643/5223 3587/3645/5226
f 3483/3644/5225 3355/3646/5227 3386/3647/5228
f 3483/3644/5225 3386/3647/5228 3509/3643/5223
f 3386/3647/5228 3355/3646/5227 3293/3648/5229
f 3587/3645/5226 3509/3643/5223 3386/3647/5228
f 3587/3645/5226 3386/3647/5228 3452/3649/5230
f 3213/3650/5231 3386/3647/5228 3293/3648/5229
s 0
f 3293/3648/5232 3355/3646/5233 3145/3651/5234
s 1
f 3145/3651/5235 2833/3652/5236 3293/3648/5229
f 3293/3648/5229 2833/3652/5236 3060/3653/5237
f 3213/3650/5231 3293/3648/5229 3060/3653/5237
f 3213/3650/5231 3279/3654/5238 3386/3647/5228
f 3452/3649/5230 3386/3647/5228 3279/3654/5238
f 3279/3654/5238 3213/3650/5231 3139/3655/5239
f 3139/3655/5239 3213/3650/5231 3060/3653/5237
f 3279/3654/5238 3139/3655/5239 3095/3656/5240
f 3279/3654/5238 3348/3657/5241 3452/3649/5230
f 3348/3657/5241 3279/3654/5238 3095/3656/5240
f 3452/3649/5230 3539/3658/5242 3667/3659/5243
f 3539/3658/5242 3452/3649/5230 3348/3657/5241
f 3452/3649/5230 3667/3659/5243 3587/3645/5226
s 0
f 3587/3645/5244 3667/3659/5245 3689/3642/5246
s 1
f 3689/3642/5221 3667/3659/5247 3736/3660/5248
f 3814/3640/5216 3689/3642/5221 3736/3660/5248
f 3095/3656/5240 3139/3655/5239 3073/3661/5249
f 3348/3657/5241 3095/3656/5240 3186/3662/5250
f 3186/3662/5250 3238/3663/5251 3348/3657/5241
f 3093/3606/5157 3238/3663/5251 3186/3662/5250
f 3202/3603/4672 3238/3663/5251 3093/3606/5157
f 3333/3602/5155 3238/3663/5251 3202/3603/4672
s 0
f 3333/3602/5252 3658/3607/5253 3539/3658/5254
f 3539/3658/5255 3658/3607/5256 3667/3659/5257
f 3732/3609/5258 3667/3659/5259 3658/3607/5260
s 1
f 3736/3660/5248 3667/3659/5247 3732/3609/5261
f 3732/3609/5261 3816/3608/4678 3823/3664/5262
f 3823/3664/5262 3816/3608/4678 3911/3610/5171
f 3776/3665/5263 3911/3610/5171 3935/3612/5172
f 3732/3609/5261 3823/3664/5262 3736/3660/5248
f 3823/3664/5262 3911/3610/5171 3776/3665/5263
f 3539/3658/5242 3348/3657/5241 3333/3602/5264
s 0
f 3333/3602/5265 3348/3657/5266 3238/3663/5267
s 1
f 3776/3665/5263 3736/3660/5248 3823/3664/5262
f 4059/3666/5268 3935/3612/5172 4061/3528/5072
f 4117/3536/5076 4059/3666/5268 4061/3528/5072
s 0
f 4183/3534/5269 4184/3615/5270 4117/3536/5271
s 1
f 4183/3534/5075 4225/3613/5173 4184/3615/5175
f 3864/3639/5217 3814/3640/5216 3776/3665/5263
f 3776/3665/5263 3814/3640/5216 3736/3660/5248
f 3864/3639/5217 3776/3665/5263 3935/3612/5172
f 4059/3666/5268 3864/3639/5217 3935/3612/5172
s 0
f 4059/3666/5272 4117/3536/5273 4068/3620/5274
s 1
f 4059/3666/5268 4068/3620/5275 3864/3639/5217
f 4116/3619/5179 4068/3620/5180 4117/3536/5276
f 4116/3619/5179 4117/3536/5276 4184/3615/5175
s 0
f 3864/3639/5277 4068/3620/5278 4043/3630/5279
f 4498/3587/5280 4458/3562/5281 4488/3667/5282
s 1
f 4500/3581/5130 4498/3587/5132 4488/3667/5283
f 2179/3668/5284 2152/3380/4877 2203/3382/4193
f 2099/3669/5285 2179/3668/5284 2143/3670/5286
f 2179/3668/5284 2099/3669/5285 2152/3380/4877
f 2220/3671/5287 2179/3668/5284 2203/3382/4193
f 2235/3672/5288 2220/3671/5287 2203/3382/4193
f 2235/3672/5288 2203/3382/4193 2247/3264/4192
f 2277/3262/4693 2273/3370/4843 2247/3264/4192
f 2247/3264/4192 2273/3370/4843 2235/3672/5288
s 0
f 2235/3672/5289 2273/3370/5290 2259/3673/5291
s 1
f 2220/3671/5287 2235/3672/5288 2216/3674/5292
f 2220/3671/5287 2216/3674/5292 2139/3675/5293
f 2139/3675/5293 2179/3668/5284 2220/3671/5287
f 2179/3668/5284 2139/3675/5293 2143/3670/5286
f 2143/3670/5286 2139/3675/5293 2101/3676/5294
f 2143/3670/5286 2101/3676/5294 2049/3677/5295
f 2143/3670/5286 2049/3677/5295 2093/3678/5296
f 2049/3677/5295 2101/3676/5294 2027/3679/5297
f 2049/3677/5295 1938/3680/4906 1982/3681/4905
s 0
f 2027/3679/5298 2101/3676/5299 2139/3675/5300
s 1
f 2139/3675/5293 2216/3674/5292 2127/3682/5301
f 2235/3672/5288 2259/3673/5302 2216/3674/5292
f 2259/3673/5302 2273/3370/4843 2300/3366/4839
f 2311/3365/4838 2273/3370/4843 2288/3261/4172
f 2288/3261/4172 2273/3370/4843 2277/3262/4693
f 2288/3261/4172 2314/3683/4173 2311/3365/4838
f 2314/3683/4173 2325/3265/4190 2311/3365/4838
f 2325/3265/4190 2343/3363/4836 2311/3365/4838
f 2082/3388/4878 2152/3684/4877 2099/3685/5285
f 2143/3686/5286 2093/3687/5296 2099/3685/5285
f 2099/3685/5285 2093/3687/5296 2026/3408/4898
f 2093/3687/5296 2049/3688/5295 1982/3414/4905
f 2093/3687/5296 1982/3414/4905 2026/3408/4898
f 2026/3408/4898 1982/3414/4905 1997/3409/4899
f 2004/3407/4897 2026/3408/4898 1997/3409/4899
f 636/3689/4669 469/3690/4505 336/3599/4715
f 336/3599/5303 55/3595/5304 193/3691/5305
f 336/3599/4715 707/3692/5306 636/3689/4669
s 0
f 336/3599/5307 485/3693/5308 707/3692/5309
s 1
f 336/3599/5303 193/3691/5305 485/3693/5310
s 0
f 55/3595/5311 2469/3598/5312 2613/3694/5313
s 1
f 2716/3695/5314 2469/3598/5151 2895/3601/4671
f 2613/3694/5315 2469/3598/5151 2716/3695/5314
f 2895/3601/4671 2994/3605/5156 2716/3695/5314
f 2716/3695/5314 2994/3605/5156 3093/3606/5157
f 3093/3606/5157 2816/3696/5316 2716/3695/5314
f 2716/3695/5314 2816/3696/5316 2605/3697/5317
f 193/3691/5305 55/3595/5304 2613/3694/5318
s 0
f 2478/3698/5319 2613/3694/5320 2716/3695/5321
s 1
f 193/3691/5305 2613/3694/5318 2478/3698/5322
f 2478/3698/5322 2716/3695/5314 2479/3699/5323
f 193/3691/5305 2478/3698/5322 341/3700/5324
f 707/3692/5306 485/3693/5310 727/3701/5325
f 1040/3702/4719 707/3692/5306 727/3701/5325
f 727/3701/5325 948/3703/5326 1040/3702/4719
f 1040/3702/4719 1111/3704/5327 1169/3705/4717
s 0
f 1111/3704/5328 1040/3702/5329 948/3703/5330
s 1
f 1040/3702/4719 954/3706/4714 707/3692/5306
f 707/3692/5306 954/3706/4714 636/3689/4669
f 1916/3277/4597 1862/3376/4860 1953/3377/4861
f 1892/3375/4598 1803/3281/4599 1862/3376/4860
s 0
f 2074/3378/5331 2047/3278/5332 2006/3314/5333
s 1
f 2047/3278/4862 1953/3377/4861 2006/3314/4736
f 2006/3314/5334 2068/3707/5335 2074/3378/4866
f 2005/3315/4737 2006/3314/4736 1953/3377/4861
f 2005/3315/4737 1953/3377/4861 1862/3376/4860
s 0
f 2005/3315/5336 1862/3376/5337 1859/3308/5338
s 1
f 1859/3308/4729 1862/3376/4860 1737/3307/4728
f 1737/3307/4728 1862/3376/4860 1803/3281/4599
f 1737/3307/4728 1803/3281/4599 1700/3280/4713
f 1612/3303/4724 1737/3307/4728 1700/3280/4713
f 1533/3302/4723 1600/3294/4601 1425/3292/4716
f 1612/3303/4724 1600/3294/4601 1533/3302/4723
f 1737/3307/4728 1612/3303/4724 1534/3305/4726
f 1425/3292/4716 1421/3291/4583 1312/3297/4718
f 1700/3280/4713 1600/3294/4601 1612/3303/4724
f 1330/3300/4721 1425/3292/4716 1312/3297/4718
f 3990/3544/5339 3932/3543/5340 3898/3519/5063
f 3898/3519/5063 3932/3543/5340 3843/3708/4647
f 3996/3545/4643 3990/3544/5339 4080/3547/5088
s 0
f 4472/3709/5341 4488/3667/5342 4458/3562/5343
s 1
f 1763/3394/4196 1908/3390/4195 1975/3391/4880
f 1763/3394/4196 1975/3391/4880 1822/3392/4881
f 1975/3391/4880 2082/3388/4878 2026/3408/4898
s 0
f 2026/3408/5344 2082/3388/5345 2099/3685/5346
f 3582/3541/5347 3580/3504/5348 3683/3538/5349
s 1
f 3843/3708/4647 3809/3507/5048 3869/3518/5062
f 3990/3544/5339 3898/3519/5063 3991/3710/5350
f 3770/3506/5046 3809/3507/5048 3813/3542/4646
f 3813/3542/4646 3809/3507/5048 3843/3708/4647
f 4402/3584/5128 4368/3574/5351 4369/3577/4615
f 2216/3674/5292 2259/3673/5302 2214/3367/4840
f 2214/3367/4840 2259/3673/5302 2300/3366/4839
f 2214/3367/4840 2142/3369/4842 2216/3674/5292
f 2127/3682/5301 2216/3674/5292 2142/3369/4842
f 2127/3682/5301 2142/3369/4842 1920/3711/5352
f 1920/3711/5352 2142/3369/4842 2114/3712/5353
s 0
f 2139/3675/5354 2127/3682/5355 2027/3679/5356
s 1
f 2049/3677/5295 2027/3679/5297 1938/3680/4906
f 2027/3679/5297 1937/3713/5357 1938/3680/4906
f 1937/3713/5357 1887/3714/5358 1938/3680/4906
f 1938/3680/4906 1887/3714/5358 1786/3715/4907
f 1887/3714/5358 1937/3713/5357 1833/3716/5359
f 1786/3717/4907 1887/3714/5358 1758/3718/4919
f 1887/3714/5358 1833/3716/5359 1758/3718/4919
f 1833/3716/5359 1937/3713/5357 1875/3719/5360
f 1844/3720/5361 1833/3716/5359 1875/3719/5360
f 1875/3719/5360 1920/3711/5352 1906/3721/5362
f 1875/3719/5360 1937/3713/5357 2027/3679/5297
f 1875/3719/5360 2027/3679/5297 1920/3711/5352
f 1920/3711/5352 2027/3679/5297 2127/3682/5301
f 2013/3722/5363 1920/3711/5352 2114/3712/5353
f 2114/3712/5353 2142/3369/4842 2212/3368/4841
f 1906/3721/5362 1920/3711/5352 2013/3722/5363
f 1875/3719/5360 1906/3721/5362 1728/3723/5364
f 1875/3719/5360 1728/3723/5364 1844/3720/5361
f 2029/3724/5365 2013/3722/5363 2114/3712/5353
f 2029/3724/5365 2114/3712/5353 2118/3358/4824
f 2029/3724/5365 2118/3358/4824 2014/3354/4814
f 2029/3724/5365 2014/3354/4814 2013/3722/5363
f 2013/3722/5363 2014/3354/4814 1871/3725/5366
f 1871/3725/5366 2014/3354/4814 2008/3353/4812
f 2008/3353/4812 1804/3726/5367 1871/3725/5366
f 2008/3353/4812 1959/3345/4796 1804/3726/5367
f 1804/3726/5367 1959/3345/4796 1918/3346/4797
f 1804/3726/5367 1918/3346/4797 1748/3727/5368
f 1990/3728/5369 2019/3342/4793 2102/3341/4792
f 1990/3728/5369 1846/3729/5370 2019/3342/4793
f 2019/3342/4793 1846/3729/5370 1918/3346/4797
f 1918/3346/4797 1846/3729/5370 1789/3730/5371
f 1789/3730/5371 1846/3729/5370 1876/3731/5372
f 1918/3346/4797 1789/3730/5371 1748/3727/5368
f 1789/3730/5371 1759/3732/5373 1696/3733/5374
s 0
f 1789/3730/5375 1876/3731/5376 1759/3732/5377
s 1
f 1696/3733/5374 1759/3732/5373 1668/3734/5378
f 1876/3731/5372 1846/3729/5370 1990/3728/5369
f 1987/3328/4760 1990/3728/5369 2104/3329/4761
f 1990/3728/5369 2102/3341/4792 2104/3329/4761
f 1987/3328/4760 1876/3731/5372 1990/3728/5369
f 1809/3327/4759 1876/3731/5372 1987/3328/4760
f 2054/3321/4751 1987/3328/4760 2104/3329/4761
f 2197/3311/5379 2104/3329/4761 2180/3331/5380
f 2180/3331/5380 2104/3329/4761 2181/3338/4789
f 2210/3330/4784 2180/3331/5380 2181/3338/4789
f 2206/3339/4790 2181/3338/4789 2102/3341/4792
f 2102/3341/4792 2181/3338/4789 2104/3329/4761
s 0
f 759/3467/5381 1026/3462/5382 758/3487/5383
s 1
f 560/3469/4996 759/3467/4998 758/3487/5384
f 560/3469/4996 758/3487/5384 456/3485/5015
f 758/3487/5021 820/3735/5385 940/3491/5025
f 1029/3493/5027 940/3491/5025 820/3735/5385
f 820/3735/5385 1199/3454/4967 1029/3493/5027
f 1199/3454/4967 820/3735/5385 1193/3460/4981
f 1026/3462/4982 820/3735/5385 758/3487/5021
f 820/3735/5385 1026/3462/4982 1193/3460/4981
f 1199/3454/4967 1193/3460/4981 1347/3453/4966
f 4079/3513/5055 4080/3547/5088 3990/3544/5339
f 4080/3547/5088 4079/3513/5055 4135/3551/5089
f 4428/3561/4642 4472/3709/5386 4458/3562/4640
f 4472/3709/5386 4428/3561/4642 4441/3736/5387
f 4441/3736/5387 4428/3561/4642 4407/3573/5104
f 4488/3667/5283 4499/3737/5388 4500/3581/5130
f 4491/3738/5389 4500/3581/5130 4499/3737/5388
s 0
f 4500/3581/5390 4491/3738/5391 4481/3569/5392
s 1
f 4481/3569/5101 4469/3739/5393 4432/3570/5102
f 4402/3584/5128 4416/3580/5127 4417/3740/5394
f 4368/3574/5351 4402/3584/5128 4388/3741/5395
f 4267/3592/5074 4298/3579/5396 4268/3742/5176
f 4225/3743/5173 4267/3592/5074 4268/3742/5176
s 0
f 4290/3744/5397 4298/3579/5398 4313/3575/5399
f 4290/3744/5400 4313/3575/5401 4350/3745/5402
f 4313/3575/5403 4368/3574/5404 4350/3745/5405
f 4350/3745/5406 4368/3574/5407 4388/3741/5408
f 4469/3739/5409 4416/3580/5410 4432/3570/5411
f 4417/3740/5412 4416/3580/5413 4469/3739/5414
s 1
f 4402/3584/5128 4417/3740/5394 4388/3741/5395
f 4268/3742/5176 4298/3579/5396 4270/3746/5177
s 0
f 4270/3746/5415 4298/3579/5416 4290/3744/5417
s 1
f 4226/3747/5184 4223/3748/5174 4270/3746/5177
s 0
f 4222/3749/5418 4187/3750/5419 4226/3747/5420
s 1
f 4258/3751/5421 4222/3749/5422 4226/3747/5184
f 4329/3752/5423 4284/3753/5424 4348/3754/5425
f 4329/3752/5423 4348/3754/5425 4427/3755/5426
f 4309/3756/5427 4284/3753/5424 4258/3751/5421
f 4348/3754/5425 4284/3753/5424 4309/3756/5427
f 4258/3751/5421 4226/3747/5184 4270/3746/5177
f 4270/3746/5177 4309/3756/5427 4258/3751/5421
f 4309/3756/5427 4270/3746/5177 4290/3744/5428
f 4350/3745/5429 4309/3756/5427 4290/3744/5428
f 4309/3756/5427 4350/3745/5429 4348/3754/5425
f 4348/3754/5425 4350/3745/5429 4370/3757/5430
f 4348/3754/5425 4370/3757/5430 4427/3755/5426
f 4485/3758/5431 4427/3755/5426 4452/3759/5432
s 0
f 4491/3738/5433 4485/3758/5434 4452/3759/5435
f 4491/3738/5436 4499/3737/5437 4502/3760/5438
s 1
f 4469/3739/5393 4491/3738/5439 4452/3759/5432
f 4452/3759/5432 4427/3755/5426 4370/3757/5430
f 4452/3759/5432 4370/3757/5430 4417/3740/5394
f 4370/3757/5430 4350/3745/5429 4388/3741/5395
f 4417/3740/5394 4370/3757/5430 4388/3741/5395
f 4417/3740/5394 4469/3739/5393 4452/3759/5432
s 0
f 4488/3667/5440 4472/3709/5441 4489/3761/5442
s 1
f 4491/3738/5439 4469/3739/5393 4481/3569/5101
f 2126/3275/4589 2074/3378/4866 2117/3332/4776
f 2117/3332/4776 2074/3378/4866 2068/3707/5335
f 2207/3272/4705 2126/3275/4589 2117/3332/4776
f 2117/3332/4776 2199/3333/4777 2207/3272/4705
f 2117/3332/4776 2068/3707/5335 2119/3312/4774
f 2068/3707/5335 2006/3314/5334 2119/3312/4774
s 0
f 3580/3504/5443 3506/3483/5444 3404/3482/5445
s 1
f 2777/3475/5006 2620/3479/4230 2782/3762/5446
s 0
f 2782/3762/5447 2620/3479/5448 2529/3486/5449
s 1
f 2777/3475/5006 2782/3762/5446 2878/3496/5032
s 0
f 236/3484/5450 93/3494/5451 2529/3486/5452
s 1
f 3065/3480/5011 3067/3495/5031 3131/3499/5035
f 3067/3495/5031 3065/3480/5011 2878/3496/5032
f 3065/3480/5011 3131/3499/5035 3180/3481/5012
f 2310/3364/4837 2371/3362/4829 2198/3356/4825
f 2198/3356/4825 2371/3362/4829 2308/3359/4826
f 2114/3712/5353 2212/3368/4841 2118/3358/4824
f 2212/3368/4841 2198/3356/4825 2118/3358/4824
f 485/3693/5310 193/3691/5305 670/3763/5453
f 670/3763/5453 193/3691/5305 341/3700/5324
f 485/3693/5310 670/3763/5453 727/3701/5325
f 2479/3699/5323 341/3700/5324 2478/3698/5322
f 206/3764/5454 341/3700/5324 2479/3699/5323
f 2479/3699/5323 2481/3765/5455 206/3764/5454
f 2479/3699/5323 2605/3697/5317 2481/3765/5455
f 2605/3697/5317 2479/3699/5323 2716/3695/5314
s 0
f 2816/3696/5456 3093/3606/5457 3027/3766/5458
s 1
f 3027/3766/5459 3093/3606/5157 3186/3662/5250
f 3027/3766/5459 3186/3662/5250 3095/3656/5240
f 3027/3766/5459 3095/3656/5240 3073/3661/5249
f 3027/3766/5459 2699/3767/5460 2816/3696/5316
f 2699/3767/5460 3027/3766/5459 3073/3661/5249
f 2769/3768/5461 3073/3661/5249 3139/3655/5239
f 3073/3661/5249 2769/3768/5461 2699/3767/5460
f 3014/3769/5462 2769/3768/5461 3139/3655/5239
f 3014/3769/5462 3139/3655/5239 3060/3653/5237
f 3060/3653/5237 2863/3770/5463 3014/3769/5462
f 3060/3653/5237 2833/3652/5236 2863/3770/5463
f 2833/3652/5236 3145/3651/5235 2862/3771/5464
s 0
f 3078/3772/5465 3145/3651/5466 3355/3646/5467
s 1
f 3145/3651/5235 3078/3772/5468 2862/3771/5464
s 0
f 3355/3646/5469 3483/3644/5470 3535/3773/5471
s 1
f 3078/3772/5472 3355/3646/5473 3535/3773/5474
f 3535/3773/5475 3483/3644/5225 3574/3641/5222
f 3535/3773/5475 3574/3641/5222 3568/3634/5200
s 0
f 3568/3634/5476 3574/3641/5477 3652/3635/5478
s 1
f 3535/3773/5475 3568/3634/5200 3291/3774/5479
s 0
f 3563/3636/5480 3652/3635/5481 3608/3633/5482
s 1
f 3568/3634/5200 3563/3636/5202 3230/3775/5483
f 3608/3633/5199 3561/3632/5198 3471/3776/5484
s 0
f 3608/3633/5485 3471/3776/5486 3563/3636/5487
s 1
f 3563/3636/5202 3471/3776/5484 3230/3775/5483
f 3230/3775/5483 3471/3776/5484 3267/3777/5488
f 3267/3777/5488 3054/3778/5489 3230/3775/5483
f 2763/3779/5490 2581/3780/5491 2856/3781/5492
f 2581/3780/5491 2763/3779/5490 2664/3782/5493
f 3054/3778/5489 2763/3779/5490 3024/3783/5494
f 3054/3778/5489 3024/3783/5494 3230/3775/5483
f 2856/3781/5492 3024/3783/5494 2763/3779/5490
f 3024/3783/5494 2856/3781/5492 2983/3784/5495
f 2856/3781/5492 2569/3785/5496 2983/3784/5495
f 2664/3782/5493 211/3786/5497 2581/3780/5491
f 2581/3780/5491 211/3786/5497 340/3787/5498
f 2581/3780/5491 340/3787/5498 231/3788/5499
f 561/3789/5500 563/3790/5501 340/3787/5498
f 561/3789/5500 774/3791/5502 642/3792/5503
f 774/3791/5502 858/3793/5504 642/3792/5503
f 561/3789/5500 642/3792/5503 563/3790/5501
f 231/3788/5499 340/3787/5498 47/3794/5505
s 0
f 340/3787/5506 563/3790/5507 47/3794/5508
s 1
f 2581/3780/5491 2569/3785/5496 2856/3781/5492
f 2581/3780/5491 231/3788/5499 2569/3785/5496
f 2983/3784/5495 2569/3785/5496 2931/3795/5509
f 3024/3783/5494 2983/3784/5495 3230/3775/5483
f 3077/3796/5510 2983/3784/5495 2931/3795/5509
f 3230/3775/5483 2983/3784/5495 3291/3774/5479
f 3230/3775/5483 3291/3774/5479 3568/3634/5200
f 2983/3784/5495 3077/3796/5510 3291/3774/5479
f 3535/3773/5475 3291/3774/5479 3077/3796/5510
s 0
f 3535/3773/5511 3077/3796/5512 3078/3772/5513
s 1
f 3077/3796/5510 2931/3795/5509 2862/3771/5464
f 3077/3796/5510 2862/3771/5464 3078/3772/5468
f 2862/3771/5464 2705/3797/5514 2833/3652/5236
f 2833/3652/5236 2705/3797/5514 2767/3798/5515
f 2863/3770/5463 2833/3652/5236 2767/3798/5515
f 2863/3770/5463 2767/3798/5515 2771/3799/5516
f 2767/3798/5515 2691/3800/5517 2771/3799/5516
f 2863/3770/5463 2771/3799/5516 3014/3769/5462
f 3014/3769/5462 2771/3799/5516 2769/3768/5461
f 2769/3768/5461 2670/3801/5518 2699/3767/5460
f 2769/3768/5461 2771/3799/5516 2670/3801/5518
f 2699/3767/5460 2605/3697/5317 2816/3696/5316
f 2699/3767/5460 2670/3801/5518 2605/3697/5317
f 2605/3697/5317 2670/3801/5518 2481/3765/5455
s 0
f 2670/3801/5519 2470/3802/5520 2481/3765/5521
s 1
f 206/3764/5454 2481/3765/5455 2470/3802/5522
f 518/3803/5523 206/3764/5454 419/3804/5524
f 206/3764/5454 518/3803/5523 341/3700/5324
f 341/3700/5324 518/3803/5523 670/3763/5453
f 948/3703/5326 727/3701/5325 670/3763/5453
f 670/3763/5453 518/3803/5523 765/3805/5525
f 670/3763/5453 765/3805/5525 948/3703/5326
f 518/3803/5523 618/3806/5526 765/3805/5525
f 618/3806/5526 518/3803/5523 419/3804/5524
f 948/3703/5326 765/3805/5525 926/3807/5527
f 948/3703/5326 926/3807/5527 1111/3704/5327
f 926/3807/5527 765/3805/5525 618/3806/5526
f 320/3808/5528 419/3804/5524 206/3764/5454
f 320/3808/5528 206/3764/5454 2470/3802/5522
f 320/3808/5528 2470/3802/5522 204/3809/5529
f 2470/3802/5522 2670/3801/5518 2454/3810/5530
f 2670/3801/5518 2771/3799/5516 2454/3810/5530
f 2470/3802/5522 2454/3810/5530 204/3809/5529
f 2454/3810/5530 2771/3799/5516 2691/3800/5517
f 320/3808/5528 204/3809/5529 446/3811/5531
f 419/3804/5524 320/3808/5528 446/3811/5531
f 618/3806/5526 419/3804/5524 735/3812/5532
f 735/3812/5532 419/3804/5524 446/3811/5531
f 446/3811/5531 204/3809/5529 338/3813/5533
f 338/3813/5533 204/3809/5529 2454/3810/5530
f 446/3811/5531 338/3813/5533 635/3814/5534
f 735/3812/5532 446/3811/5531 635/3814/5534
f 618/3806/5526 735/3812/5532 930/3815/5535
f 618/3806/5526 930/3815/5535 926/3807/5527
f 1111/3704/5327 926/3807/5527 1235/3816/4720
f 1235/3816/4720 926/3807/5527 930/3815/5535
f 930/3815/5535 735/3812/5532 1089/3817/5536
f 1235/3816/4720 930/3815/5535 1261/3818/5537
s 0
f 1261/3818/5538 930/3815/5539 1089/3817/5540
s 1
f 1261/3818/5541 1089/3817/5536 1427/3819/5542
f 1427/3819/5542 1089/3817/5536 1416/3820/5543
f 1089/3817/5536 735/3812/5532 1023/3821/5544
f 735/3812/5532 635/3814/5534 911/3822/5545
f 205/3823/5546 338/3813/5533 2454/3810/5530
f 638/3824/5547 635/3814/5534 338/3813/5533
f 635/3814/5534 638/3824/5547 911/3822/5545
f 735/3812/5532 911/3822/5545 1023/3821/5544
f 638/3824/5547 338/3813/5533 453/3825/5548
f 453/3825/5548 338/3813/5533 205/3823/5546
f 638/3824/5547 453/3825/5548 66/3826/5549
f 453/3825/5548 205/3823/5546 66/3826/5549
f 205/3823/5546 2454/3810/5530 2691/3800/5517
f 205/3823/5546 2691/3800/5517 2447/3827/5550
f 2691/3800/5517 2767/3798/5515 2447/3827/5550
f 2447/3827/5550 2767/3798/5515 2705/3797/5514
f 205/3823/5546 2447/3827/5550 66/3826/5549
f 66/3826/5549 2447/3827/5550 2444/3828/5551
f 66/3826/5549 537/3829/5552 638/3824/5547
f 638/3824/5547 728/3830/5553 838/3831/5554
f 638/3824/5547 838/3831/5554 911/3822/5545
f 1089/3817/5536 1023/3821/5544 1118/3832/5555
f 1089/3817/5536 1118/3832/5555 1426/3833/5556
f 1416/3820/5543 1089/3817/5536 1426/3833/5556
f 1091/3834/5557 1118/3832/5555 1023/3821/5544
f 1091/3834/5557 1023/3821/5544 838/3831/5554
f 838/3831/5554 1023/3821/5544 911/3822/5545
f 1426/3833/5556 1118/3832/5555 1280/3835/5558
f 1118/3832/5555 1091/3834/5557 1280/3835/5558
f 1416/3820/5543 1426/3833/5556 1468/3836/4725
f 1416/3820/5543 1468/3836/4725 1427/3819/5542
f 1169/3705/4717 1111/3704/5327 1235/3816/4720
s 0
f 1235/3816/5559 1261/3818/5560 1330/3837/5561
s 1
f 1330/3837/4721 1261/3818/5541 1427/3819/5542
f 1431/3838/4722 1330/3837/4721 1427/3819/5542
s 0
f 1431/3838/5562 1427/3819/5563 1468/3836/5564
s 1
f 1534/3839/4726 1612/3840/4724 1468/3836/4725
f 1806/3841/4727 1534/3839/4726 1767/3842/5565
f 2005/3843/4737 1859/3844/4729 1768/3845/5566
f 2005/3843/4737 1768/3845/5566 1917/3846/4738
f 1534/3839/4726 1468/3836/4725 1426/3833/5556
f 1380/3847/5567 1534/3839/4726 1426/3833/5556
f 1426/3833/5556 1280/3835/5558 1380/3847/5567
f 1091/3834/5557 1255/3848/5568 1280/3835/5558
f 1255/3848/5568 1091/3834/5557 1210/3849/5569
f 1380/3847/5567 1280/3835/5558 1387/3850/5570
f 1380/3847/5567 1387/3850/5570 1534/3839/4726
f 1767/3842/5565 1534/3839/4726 1624/3851/5571
f 1624/3851/5571 1534/3839/4726 1387/3850/5570
f 1624/3851/5571 1387/3850/5570 1550/3852/5572
f 1859/3844/4729 1806/3841/4727 1768/3845/5566
f 1917/3846/4738 2092/3853/5573 2021/3854/4739
f 1830/3855/5574 1917/3846/4738 1768/3845/5566
f 1767/3842/5565 1768/3845/5566 1806/3841/4727
f 1550/3852/5572 1573/3856/5575 1624/3851/5571
s 0
f 1255/3848/5576 1387/3850/5577 1280/3835/5578
s 1
f 1255/3848/5568 1550/3852/5572 1387/3850/5570
f 1550/3852/5572 1255/3848/5568 1332/3857/5579
s 0
f 1550/3852/5580 1332/3857/5581 1573/3856/5582
s 1
f 1573/3856/5575 1332/3857/5579 1541/3858/5583
f 1332/3857/5579 1255/3848/5568 1210/3849/5569
f 838/3831/5554 1210/3849/5569 1091/3834/5557
f 1210/3849/5569 838/3831/5554 823/3859/5584
f 728/3830/5553 638/3824/5547 537/3829/5552
f 728/3830/5553 823/3859/5584 838/3831/5554
s 0
f 1210/3849/5585 823/3859/5586 974/3860/5587
s 1
f 1332/3857/5579 1210/3849/5569 974/3860/5588
f 1332/3857/5579 974/3860/5588 1122/3861/5589
f 858/3793/5504 974/3860/5588 849/3862/5590
f 974/3860/5588 823/3859/5584 849/3862/5590
f 849/3862/5590 823/3859/5584 728/3830/5553
f 849/3862/5590 728/3830/5553 537/3829/5552
f 339/3863/5591 537/3829/5552 66/3826/5549
f 2444/3828/5551 339/3863/5591 66/3826/5549
f 2444/3828/5551 2447/3827/5550 2572/3864/5592
s 0
f 339/3863/5593 2444/3828/5594 2572/3864/5595
f 339/3863/5596 2572/3864/5597 47/3794/5598
s 1
f 231/3788/5499 47/3794/5505 2572/3864/5599
f 231/3788/5499 2572/3864/5599 2569/3785/5496
f 2569/3785/5496 2572/3864/5599 2931/3795/5509
s 0
f 2931/3795/5600 2572/3864/5601 2705/3797/5602
f 2705/3797/5603 2572/3864/5604 2447/3827/5605
s 1
f 2931/3795/5509 2705/3797/5514 2862/3771/5464
f 2219/3335/4779 2223/3348/4799 2207/3272/5606
s 0
f 2219/3335/5607 2207/3272/5608 2199/3333/5609
s 1
f 2301/3373/4854 2266/3334/4778 2265/3347/4798
f 2265/3347/4798 2365/3351/4805 2301/3373/4854
f 2365/3351/4805 2372/3357/4817 2301/3373/4854
f 2301/3373/4854 2372/3357/4817 2333/3360/4827
f 1758/3718/4919 1833/3716/5359 1699/3865/5610
f 1699/3865/5610 1833/3716/5359 1844/3720/5361
f 1906/3721/5362 2013/3722/5363 1841/3866/5611
f 1728/3723/5364 1906/3721/5362 1841/3866/5611
f 1841/3866/5611 2013/3722/5363 1871/3725/5366
f 1841/3866/5611 1871/3725/5366 1802/3867/5612
f 1841/3866/5611 1802/3867/5612 1728/3723/5364
f 1802/3867/5612 1871/3725/5366 1804/3726/5367
f 1802/3867/5612 1683/3868/5613 1728/3723/5364
f 1683/3868/5613 1802/3867/5612 1738/3869/5614
f 1802/3867/5612 1804/3726/5367 1738/3869/5614
f 1738/3869/5614 1804/3726/5367 1748/3727/5368
f 1738/3869/5614 1748/3727/5368 1604/3870/5615
f 1748/3727/5368 1789/3730/5371 1696/3733/5374
f 1604/3870/5615 1748/3727/5368 1696/3733/5374
f 1514/3871/5616 1696/3733/5374 1555/3872/5617
f 1555/3872/5617 1696/3733/5374 1668/3734/5378
f 1759/3732/5373 1876/3731/5372 1809/3327/4759
f 1759/3732/5373 1809/3327/4759 1765/3873/5618
s 0
f 1809/3327/5619 1880/3326/5620 1765/3873/5621
s 1
f 1759/3732/5373 1765/3873/5618 1668/3734/5378
s 0
f 1765/3873/5622 1602/3874/5623 1668/3734/5624
f 1668/3734/5625 1602/3874/5626 1555/3872/5627
s 1
f 1555/3872/5617 1602/3874/5628 1508/3875/5629
f 1442/3876/5630 1508/3875/5629 1443/3877/5631
f 1384/3878/5632 1443/3877/5631 1388/3879/5633
s 0
f 1384/3878/5634 1388/3879/5635 1396/3880/5636
s 1
f 1428/3881/5637 1379/3882/5638 1396/3880/5639
f 1428/3881/5637 1451/3883/5640 1397/3884/5641
f 1397/3884/5641 1451/3883/5640 1403/3885/5642
f 1428/3881/5637 1397/3884/5641 1379/3882/5638
s 0
f 1392/3886/5643 1379/3882/5644 1397/3884/5645
f 1397/3884/5646 1414/3887/5647 1392/3886/5648
f 1397/3884/5649 1419/3888/5650 1414/3887/5651
s 1
f 1447/3889/4926 1419/3888/5652 1397/3884/5641
f 1419/3888/5652 1447/3890/4926 1481/3891/4923
f 1419/3888/5652 1439/3892/5653 1414/3887/5654
f 1392/3886/5655 1414/3887/5654 1409/3893/5656
f 1414/3887/5654 1435/3894/5657 1409/3893/5656
f 1409/3893/5656 1435/3894/5657 1441/3895/5658
f 1409/3893/5656 1441/3895/5658 1442/3876/5630
s 0
f 1514/3871/5659 1441/3895/5660 1485/3896/5661
s 1
f 1441/3895/5658 1514/3871/5616 1442/3876/5630
f 1696/3733/5374 1514/3871/5616 1485/3896/5662
f 1696/3733/5374 1485/3896/5662 1604/3870/5615
f 1514/3871/5616 1555/3872/5617 1508/3875/5629
f 1442/3876/5630 1514/3871/5616 1508/3875/5629
f 1442/3876/5630 1384/3878/5632 1409/3893/5656
f 1384/3878/5632 1442/3876/5630 1443/3877/5631
f 1409/3893/5656 1384/3878/5632 1392/3886/5655
f 1379/3882/5638 1392/3886/5655 1384/3878/5632
f 1379/3882/5638 1384/3878/5632 1396/3880/5639
f 3843/3708/4647 3869/3518/5062 3898/3519/5063
f 3711/3505/5047 3770/3506/5046 3683/3538/5077
s 0
f 3580/3504/5663 3711/3505/5664 3683/3538/5665
f 3504/3501/5666 3580/3504/5667 3404/3482/5668
s 1
f 3504/3501/5036 3404/3482/5013 3180/3481/5012
f 3504/3501/5036 3180/3481/5012 3131/3499/5035
f 1710/3897/4908 1758/3718/4919 1544/3898/4922
f 1544/3898/4922 1758/3718/4919 1699/3865/5610
f 1699/3865/5610 1625/3899/5669 1544/3898/4922
f 1544/3898/4922 1625/3899/5669 1524/3900/5670
f 1544/3898/4922 1524/3900/5670 1563/3901/4921
f 1481/3891/4923 1563/3901/4921 1524/3900/5670
f 1699/3865/5610 1844/3720/5361 1683/3868/5613
f 1683/3868/5613 1844/3720/5361 1728/3723/5364
f 1590/3902/5671 1699/3865/5610 1683/3868/5613
f 1699/3865/5610 1590/3902/5671 1625/3899/5669
f 1590/3902/5671 1683/3868/5613 1583/3903/5672
f 1625/3899/5669 1590/3902/5671 1478/3904/5673
f 1625/3899/5669 1478/3904/5673 1524/3900/5670
f 1590/3902/5671 1479/3905/5674 1478/3904/5673
f 1583/3903/5672 1683/3868/5613 1738/3869/5614
f 1479/3905/5674 1590/3902/5671 1583/3903/5672
f 1583/3903/5672 1738/3869/5614 1604/3870/5615
f 1583/3903/5672 1604/3870/5615 1485/3896/5662
f 1479/3905/5674 1583/3903/5672 1485/3896/5662
f 1479/3905/5674 1485/3896/5662 1441/3895/5658
f 1441/3895/5658 1435/3894/5657 1479/3905/5674
f 1439/3892/5653 1435/3894/5657 1414/3887/5654
f 1479/3905/5674 1435/3894/5657 1439/3892/5653
f 1479/3905/5674 1439/3892/5653 1478/3904/5673
f 1478/3904/5673 1439/3892/5653 1524/3900/5670
f 1524/3900/5670 1439/3892/5653 1419/3888/5652
f 1419/3888/5652 1481/3891/4923 1524/3900/5670
f 4135/3551/5089 4171/3512/5054 4201/3552/5090
f 4171/3512/5054 4199/3514/5056 4201/3552/5090
f 4201/3552/5090 4199/3514/5056 4234/3555/5091
f 4234/3555/5091 4250/3906/5675 4293/3566/5098
f 4293/3566/5098 4250/3906/5675 4280/3907/5676
f 4293/3566/5098 4280/3907/5676 4323/3567/5099
f 4250/3906/5675 4234/3555/5091 4199/3514/5056
f 4323/3567/5099 4280/3907/5676 4322/3908/5677
f 4323/3567/5099 4322/3908/5677 4382/3564/5097
s 0
f 4377/3909/5678 4381/3568/5679 4382/3564/5680
s 1
f 4407/3573/5104 4381/3568/5100 4377/3909/5681
f 4344/3910/5682 4377/3909/5681 4382/3564/5097
f 4344/3910/5682 4382/3564/5097 4322/3908/5677
f 4280/3907/5676 4282/3911/5683 4322/3908/5677
f 4280/3907/5676 4250/3906/5675 4282/3911/5683
f 4250/3906/5675 4199/3514/5056 4249/3912/5684
f 4250/3906/5675 4249/3912/5684 4282/3911/5683
f 4377/3909/5681 4344/3910/5682 4385/3913/5685
f 4472/3709/5386 4441/3736/5387 4489/3761/5686
s 0
f 4489/3761/5687 4499/3737/5688 4488/3667/5689
s 1
f 3991/3710/5350 3898/3519/5063 3913/3517/5061
f 4057/3516/5690 4079/3513/5055 3990/3544/5339
f 4057/3516/5690 3990/3544/5339 3991/3710/5350
f 4079/3513/5055 4171/3512/5054 4135/3551/5089
f 1546/3430/4933 1535/3914/5691 1620/3433/4934
s 0
f 1546/3430/5692 1464/3429/5693 1535/3914/5694
s 1
f 1708/3434/4935 1620/3433/4934 1732/3915/5695
f 1755/3435/4937 1708/3434/4935 1732/3915/5695
f 1732/3915/5695 1790/3916/5696 1755/3435/4937
f 1755/3435/4937 1790/3916/5696 1867/3441/4947
f 1941/3439/4945 1913/3442/4948 1961/3445/4951
f 1913/3442/4948 1867/3441/4947 1919/3917/5697
f 1913/3442/4948 1919/3917/5697 1961/3445/4951
f 1929/3444/4950 1961/3445/4951 1965/3918/5698
f 1961/3445/4951 1919/3917/5697 1965/3918/5698
f 1965/3918/5698 1919/3917/5697 1955/3919/5699
f 1868/3920/5700 1919/3917/5697 1867/3441/4947
f 1868/3920/5700 1867/3441/4947 1790/3916/5696
f 1868/3920/5700 1790/3916/5696 1732/3915/5695
f 1540/3921/5701 1620/3433/4934 1535/3914/5691
f 1620/3433/4934 1540/3921/5701 1623/3922/5702
f 1620/3433/4934 1623/3922/5702 1732/3915/5695
f 1732/3915/5695 1623/3922/5702 1703/3923/5703
f 1540/3921/5701 1535/3914/5691 1470/3924/5704
f 1470/3924/5704 1535/3914/5691 1464/3429/4927
f 1464/3429/4927 1447/3428/4926 1470/3924/5704
f 1470/3924/5704 1447/3428/4926 1403/3925/5642
f 1403/3925/5642 1447/3428/4926 1397/3926/5641
f 1403/3925/5642 1451/3927/5640 1470/3924/5704
f 1540/3921/5701 1470/3924/5704 1474/3928/5705
f 1540/3921/5701 1474/3928/5705 1564/3929/5706
f 1474/3928/5705 1470/3924/5704 1451/3927/5640
f 1564/3929/5706 1623/3922/5702 1540/3921/5701
f 1623/3922/5702 1688/3930/5707 1703/3923/5703
f 1732/3915/5695 1703/3923/5703 1868/3920/5700
f 1868/3920/5700 1703/3923/5703 1773/3931/5708
f 1905/3932/5709 1868/3920/5700 1773/3931/5708
f 1773/3931/5708 1861/3933/5710 1905/3932/5709
f 1905/3932/5709 1945/3934/5711 1955/3919/5699
f 1868/3920/5700 1905/3932/5709 1919/3917/5697
f 1905/3932/5709 1955/3919/5699 1919/3917/5697
f 1955/3919/5699 1989/3935/5712 1970/3936/5713
f 1955/3919/5699 1970/3936/5713 1965/3918/5698
f 1929/3444/4950 1965/3918/5698 1946/3937/5714
f 1946/3937/5714 1965/3918/5698 1970/3936/5713
s 0
f 1929/3444/5715 1946/3937/5716 1813/3446/5717
s 1
f 339/3863/5591 467/3938/5718 537/3829/5552
f 849/3862/5590 537/3829/5552 467/3938/5718
f 467/3938/5718 339/3863/5591 47/3794/5719
s 0
f 467/3938/5720 47/3794/5721 563/3790/5722
s 1
f 467/3938/5718 563/3790/5501 642/3792/5503
f 467/3938/5718 642/3792/5503 849/3862/5590
f 849/3862/5590 642/3792/5503 858/3793/5504
f 974/3860/5588 858/3793/5504 1122/3861/5589
f 858/3793/5504 1130/3939/5723 1122/3861/5589
f 1332/3857/5579 1122/3861/5589 1324/3940/5724
f 1324/3940/5724 1122/3861/5589 1279/3941/5725
f 1130/3939/5723 1279/3941/5725 1122/3861/5589
f 1332/3857/5579 1324/3940/5724 1541/3858/5583
f 1765/3942/5726 1673/3943/5727 1602/3944/5628
f 1596/3945/5728 1602/3944/5628 1673/3943/5727
f 1602/3944/5628 1596/3945/5728 1508/3946/5629
f 1508/3946/5629 1596/3945/5728 1520/3947/5729
f 1443/3948/5631 1520/3947/5729 1448/3949/5730
f 1443/3948/5631 1448/3949/5730 1388/3950/5633
f 1520/3947/5729 1443/3948/5631 1508/3946/5629
f 1926/3951/5731 1880/3952/5732 2050/3953/4754
f 1673/3943/5727 1765/3942/5726 1754/3954/5733
f 1754/3954/5733 1765/3942/5726 1880/3952/5732
f 4199/3514/5056 4215/3515/5057 4249/3912/5684
f 2141/3955/4750 2166/3956/4748 2111/3957/4747
f 2111/3957/4747 2136/3958/5734 2053/3959/4752
f 2050/3960/4754 2053/3959/4752 2136/3958/5734
f 1926/3961/5731 2032/3962/5735 1865/3963/5736
f 2032/3962/5735 1926/3961/5731 2050/3960/4754
f 2050/3960/4754 2136/3958/5734 2064/3964/5737
f 2032/3962/5735 2050/3960/4754 2064/3964/5737
f 1926/3961/5731 1865/3963/5736 1880/3965/5732
f 1880/3965/5732 1865/3963/5736 1754/3966/5733
f 1754/3966/5733 1865/3963/5736 1756/3967/5738
f 1673/3968/5727 1754/3966/5733 1756/3967/5738
s 0
f 1673/3968/5739 1674/3969/5740 1596/3970/5741
s 1
f 1596/3970/5728 1674/3969/5742 1605/3971/5743
f 1674/3969/5742 1673/3968/5727 1756/3967/5738
f 1605/3971/5743 1674/3969/5742 1677/3972/5744
f 1613/3973/5745 1605/3971/5743 1677/3972/5744
f 1613/3973/5745 1572/3974/5746 1542/3975/5747
f 1519/3976/5748 1542/3975/5747 1551/3977/5749
s 0
f 1542/3975/5750 1572/3974/5751 1551/3977/5752
s 1
f 1551/3977/5753 1572/3974/5754 1570/3978/5755
f 1560/3979/5756 1551/3977/5753 1570/3978/5755
s 0
f 1572/3974/5757 1613/3973/5758 1686/3980/5759
f 1925/3981/5760 1877/3982/5761 1983/3983/5762
s 1
f 2100/3984/5763 1925/3981/5764 2031/3985/5765
f 2031/3985/5765 2140/3986/5766 2100/3984/5763
s 0
f 2100/3984/5767 2140/3986/5768 2171/3987/5769
f 1864/3988/5770 1757/3989/5771 1770/3990/5772
s 1
f 1877/3982/5773 1864/3988/5774 1770/3990/5775
s 0
f 1720/3991/5776 1770/3990/5777 1757/3989/5778
s 1
f 1679/3992/5779 1720/3991/5780 1757/3989/5781
f 1720/3991/5780 1679/3992/5779 1677/3972/5744
s 0
f 1613/3973/5782 1677/3972/5783 1686/3980/5784
s 1
f 1677/3972/5744 1679/3992/5779 1686/3980/5785
f 1686/3980/5785 1609/3993/5786 1572/3974/5754
f 1572/3974/5754 1609/3993/5786 1570/3978/5755
s 0
f 2111/3957/5787 2021/3994/5788 2136/3958/5789
s 1
f 2064/3964/5737 2136/3958/5734 2148/3995/5790
f 2032/3962/5735 1903/3996/5791 1865/3963/5736
f 1903/3996/5791 1770/3990/5775 1865/3963/5736
s 0
f 1865/3963/5792 1770/3990/5793 1756/3967/5794
s 1
f 1983/3983/5795 1903/3996/5791 2032/3962/5735
f 2032/3962/5735 2064/3964/5737 2137/3997/5796
f 2064/3964/5737 2148/3995/5790 2137/3997/5796
f 2148/3995/5790 2136/3958/5734 2092/3998/5573
f 2092/3998/5573 1957/3999/5797 2148/3995/5790
f 2092/3998/5573 2136/3958/5734 2021/3994/4739
f 1954/4000/5798 1917/4001/4738 1830/4002/5574
f 1917/4003/4738 1954/4000/5798 2092/3998/5573
f 1624/4004/5571 1573/4005/5575 1541/4006/5583
s 0
f 1279/4007/5799 1541/4006/5800 1324/4008/5801
s 1
f 1279/4007/5725 1130/4009/5723 1220/4010/5802
f 1130/4009/5723 858/4011/5504 933/4012/5803
f 933/4012/5803 858/4011/5504 774/4013/5502
f 1130/4009/5723 933/4012/5803 1220/4010/5802
f 1541/4006/5583 1547/4014/5804 1624/4004/5571
f 1547/4014/5804 1541/4006/5583 1279/4007/5725
f 1624/4004/5571 1800/4015/5805 1767/4016/5565
f 1624/4004/5571 1548/4017/5806 1800/4015/5805
f 1767/4016/5565 1800/4015/5805 1768/4018/5566
f 1768/4018/5566 1800/4015/5805 1830/4002/5574
f 1954/4000/5798 1830/4002/5574 1855/4019/5807
f 1957/3999/5808 1954/4000/5798 1855/4019/5807
s 0
f 1957/3999/5809 2092/3998/5810 1954/4000/5811
s 1
f 1957/3999/5797 2144/4020/5812 2148/3995/5790
f 1957/3999/5808 1826/4021/5813 2011/4022/5814
f 1826/4021/5813 1957/3999/5808 1837/4023/5815
f 1837/4023/5815 1957/3999/5808 1855/4019/5807
f 1800/4015/5805 1855/4019/5807 1830/4002/5574
f 1548/4017/5806 1624/4004/5571 1547/4014/5804
f 1220/4010/5802 1548/4017/5806 1547/4014/5804
f 1547/4014/5804 1279/4007/5725 1220/4010/5802
f 1120/4024/5816 1220/4010/5802 933/4012/5803
f 1120/4024/5816 933/4012/5803 946/4025/5817
f 773/4026/5818 946/4025/5817 774/4013/5502
f 774/4013/5502 946/4025/5817 933/4012/5803
f 773/4026/5818 774/4013/5502 462/4027/5819
f 462/4027/5819 774/4013/5502 561/4028/5500
f 340/4029/5498 462/4027/5819 561/4028/5500
f 211/4030/5497 462/4027/5819 340/4029/5498
s 0
f 211/4030/5820 2664/4031/5821 2562/4032/5822
s 1
f 2562/4032/5823 2664/4031/5493 2666/4033/5824
f 211/4030/5497 2562/4032/5823 353/4034/5825
f 211/4030/5497 353/4034/5825 462/4027/5819
f 353/4034/5825 2562/4032/5823 2568/4035/5826
f 83/4036/5827 2568/4035/5826 2610/4037/5828
f 2610/4037/5828 2568/4035/5826 2666/4033/5824
f 2666/4033/5824 2568/4035/5826 2562/4032/5823
f 2666/4033/5824 2664/4031/5493 2763/4038/5490
f 2763/4038/5490 2958/4039/5829 2666/4033/5824
f 2666/4033/5824 2958/4039/5829 3071/4040/5830
f 3054/4041/5489 2958/4039/5829 2763/4042/5490
s 0
f 2958/4039/5831 3054/4041/5832 3267/4043/5833
s 1
f 3071/4040/5830 2958/4039/5829 3267/4043/5488
f 3267/4043/5488 3471/4044/5484 3362/4045/5834
f 3471/4044/5484 3561/4046/5198 3438/4047/5835
f 3471/4044/5484 3438/4047/5835 3362/4045/5834
f 3267/4043/5488 3362/4045/5834 3071/4040/5830
f 3362/4045/5834 3438/4047/5835 3208/4048/5836
s 0
f 3438/4047/5837 3561/4046/5838 3523/4049/5839
s 1
f 4043/4050/5212 3894/4051/5840 3819/4052/5211
f 3963/4053/5841 3894/4051/5840 4043/4050/5212
f 3963/4053/5841 4082/4054/5842 3894/4051/5840
f 3963/4053/5841 4063/4055/5843 4072/4056/5844
f 4082/4054/5842 3888/4057/5845 3894/4051/5840
f 4082/4054/5842 3963/4053/5841 4099/4058/5846
f 4099/4058/5846 3963/4053/5841 4072/4056/5844
f 4054/4059/5847 4072/4056/5844 4063/4055/5843
f 4072/4056/5844 4054/4059/5847 4056/4060/5848
f 4101/4061/5849 4071/4062/5850 4094/4063/5851
f 4071/4062/5850 4101/4061/5849 4063/4055/5843
f 4063/4055/5843 4101/4061/5849 4045/4064/5852
f 4054/4059/5847 4063/4055/5843 4045/4064/5852
f 4045/4064/5852 4101/4061/5849 4095/4065/5853
f 4095/4065/5853 4168/4066/5854 4102/4067/5855
f 4168/4066/5854 4142/4068/5856 4102/4067/5855
f 4168/4066/5854 4095/4065/5853 4101/4061/5849
f 4119/4069/5857 4168/4066/5854 4101/4061/5849
f 4119/4069/5857 4101/4061/5849 4094/4063/5851
f 4119/4069/5857 4178/4070/5858 4168/4066/5854
f 4178/4070/5858 4227/4071/5859 4193/4072/5860
f 4227/4071/5859 4178/4070/5858 4222/4073/5422
f 4178/4070/5858 4119/4069/5857 4148/4074/5187
s 0
f 4119/4069/5861 4094/4063/5862 4125/4075/5863
s 1
f 4119/4069/5857 4125/4075/5186 4148/4074/5187
f 4125/4075/5186 4094/4063/5851 4073/4076/5188
f 4043/4050/5212 4069/4077/5864 3963/4053/5841
f 4073/4076/5188 4094/4063/5851 4071/4062/5850
f 4073/4076/5188 4071/4062/5850 4063/4055/5843
f 4073/4076/5188 4063/4055/5843 4069/4077/5864
f 4069/4077/5864 4063/4055/5843 3963/4053/5841
f 2021/4078/5865 2111/4079/4747 2108/4080/4746
f 1989/4081/5712 1955/4082/5699 1945/4083/5711
f 1945/4083/5711 1905/4084/5709 1861/4085/5710
f 1773/4086/5708 1703/4087/5703 1795/4088/5866
f 1773/4086/5708 1795/4088/5866 1861/4085/5710
s 0
f 1945/4083/5867 1861/4085/5868 1956/4089/5869
s 1
f 1945/4083/5711 1956/4089/5870 1989/4081/5712
s 0
f 1873/4090/5871 1861/4085/5872 1795/4088/5873
s 1
f 1688/4091/5707 1795/4088/5866 1703/4087/5703
f 1623/4092/5702 1564/4093/5706 1688/4091/5707
f 1688/4091/5707 1564/4093/5706 1615/4094/5874
f 1564/4093/5706 1569/4095/5875 1615/4094/5874
s 0
f 1688/4091/5876 1615/4094/5877 1713/4096/5878
s 1
f 1474/4097/5705 1569/4095/5875 1564/4093/5706
f 1428/4098/5637 1396/4099/5639 1432/4100/5879
s 0
f 1396/4099/5880 1388/4101/5881 1432/4100/5882
s 1
f 1520/4102/5729 1596/4103/5728 1605/4104/5743
f 1605/4104/5743 1613/4105/5745 1520/4102/5729
f 1520/4102/5729 1613/4105/5745 1542/4106/5747
s 0
f 1496/4107/5883 1519/4108/5884 1551/4109/5885
s 1
f 1517/4110/5886 1496/4107/5887 1581/4111/5888
f 1517/4110/5886 1581/4111/5888 1657/4112/5889
f 1517/4110/5886 1657/4112/5889 1617/4113/5890
f 1617/4113/5890 1561/4114/5891 1517/4110/5886
f 1561/4114/5891 1650/4115/5892 1526/4116/5893
s 0
f 1650/4115/5894 1751/4117/5895 1713/4096/5896
s 1
f 1751/4117/5897 1650/4115/5892 1718/4118/5898
f 1650/4115/5892 1561/4114/5891 1645/4119/5899
f 1645/4119/5899 1561/4114/5891 1617/4113/5890
f 1581/4111/5888 1496/4107/5887 1560/4120/5900
s 0
f 1560/4120/5901 1496/4107/5902 1551/4109/5903
s 1
f 1617/4113/5890 1657/4112/5889 1645/4119/5899
f 1718/4118/5898 1645/4119/5899 1736/4121/5904
f 1718/4118/5898 1736/4121/5904 1751/4117/5897
f 1736/4121/5904 1807/4122/5905 1751/4117/5897
f 1657/4112/5889 1581/4111/5888 1576/4123/5906
f 1645/4119/5899 1657/4112/5889 1670/4124/5907
f 1714/4125/5908 1645/4119/5899 1670/4124/5907
f 1736/4121/5904 1645/4119/5899 1714/4125/5908
f 1782/4126/5909 1736/4121/5904 1714/4125/5908
f 1736/4121/5904 1782/4126/5909 1807/4122/5905
f 1807/4122/5905 1782/4126/5909 1836/4127/5910
f 1843/4128/5911 1807/4122/5905 1836/4127/5910
f 1807/4122/5905 1843/4128/5911 1870/4129/5912
f 1960/4130/5913 1843/4128/5911 1923/4131/5914
f 1843/4128/5911 1960/4130/5913 1870/4129/5912
f 1962/4132/5915 1870/4129/5912 1960/4130/5913
f 1960/4130/5913 2094/4133/5916 1962/4132/5915
f 2060/4134/5917 1962/4132/5915 2094/4133/5916
f 1870/4129/5912 1962/4132/5915 1873/4090/5918
f 1650/4115/5892 1645/4119/5899 1718/4118/5898
f 1751/4117/5897 1807/4122/5905 1870/4129/5912
f 1751/4117/5897 1870/4129/5912 1713/4096/5919
f 2060/4134/5917 2094/4133/5916 2129/4135/5920
f 2060/4134/5917 2129/4135/5920 2131/4136/5921
f 2060/4134/5917 1993/4137/5922 1962/4132/5915
f 2060/4134/5917 2131/4136/5921 2091/4138/5923
f 2091/4138/5923 2131/4136/5921 2097/4139/5924
f 2131/4136/5921 2129/4135/5920 2167/4140/5925
f 2097/4139/5924 2131/4136/5921 2167/4140/5925
s 0
f 2167/4140/5926 2129/4135/5927 2094/4133/5928
s 1
f 2167/4140/5925 2094/4133/5916 2190/4141/5929
f 2190/4141/5929 2094/4133/5916 2089/4142/5930
f 2094/4133/5916 1960/4130/5913 1923/4131/5914
f 2094/4133/5916 1923/4131/5914 2020/4143/5931
f 2020/4143/5931 2089/4142/5930 2094/4133/5916
f 2089/4142/5930 2178/4144/5932 2190/4141/5929
s 0
f 2178/4144/5933 2089/4142/5934 2169/4145/5935
s 1
f 2169/4145/5936 2089/4142/5937 2165/4146/5938
f 2169/4145/5936 2170/4147/5939 2178/4144/5932
f 2190/4141/5929 2178/4144/5932 2186/4148/5940
f 2190/4141/5929 2186/4148/5940 2167/4140/5925
f 2186/4148/5940 2178/4144/5932 2170/4147/5939
f 2167/4140/5925 2186/4148/5940 2097/4139/5924
f 2097/4139/5924 2059/4149/5941 1874/4150/5942
f 1522/4151/5943 1701/4152/5944 1462/4153/5945
f 1701/4152/5944 1735/4154/5946 1462/4153/5945
f 1745/4155/5947 1735/4154/5946 1701/4152/5944
f 1745/4155/5947 1898/4156/5948 1735/4154/5946
s 0
f 2059/4149/5949 1898/4156/5950 1745/4155/5951
s 1
f 2059/4149/5941 1745/4155/5952 1874/4150/5942
f 2059/4149/5941 2097/4139/5924 2186/4148/5940
f 2186/4148/5940 1992/4157/5953 2059/4149/5941
s 0
f 1898/4156/5954 2059/4149/5955 1888/4158/5956
s 1
f 2059/4149/5941 1992/4157/5953 1888/4158/5957
s 0
f 1888/4158/5958 1788/4159/5959 1898/4156/5960
s 1
f 1735/4154/5946 1898/4156/5948 1788/4159/5961
f 1462/4153/5945 1735/4154/5946 1626/4160/5962
s 0
f 1522/4151/5963 1462/4153/5964 1352/4161/5965
s 1
f 1310/4162/5966 1352/4161/5967 1038/4163/5968
f 1300/4164/5969 1352/4161/5970 1462/4153/5945
f 1300/4164/5969 1462/4153/5945 1626/4160/5962
f 1352/4161/5970 1300/4164/5969 1074/4165/5971
f 1074/4165/5971 1300/4164/5969 832/4166/5972
f 832/4166/5972 1300/4164/5969 962/4167/5973
f 962/4167/5973 1300/4164/5969 1119/4168/5974
f 1300/4164/5969 1236/4169/5975 1119/4168/5974
f 1236/4169/5975 1300/4164/5969 1626/4160/5962
f 1626/4160/5962 1735/4154/5946 1788/4159/5961
f 1626/4160/5962 1788/4159/5961 1684/4170/5976
f 1964/4171/5977 1888/4158/5978 2010/4172/5979
s 0
f 2010/4172/5980 1888/4158/5981 1992/4157/5982
s 1
f 2010/4172/5979 1992/4157/5953 2170/4147/5939
f 2170/4147/5939 1992/4157/5953 2186/4148/5940
f 2170/4147/5939 2169/4145/5936 2138/4173/5983
f 2138/4173/5983 2169/4145/5936 2165/4146/5938
f 2138/4173/5983 2010/4172/5979 2170/4147/5939
f 2010/4172/5979 2133/4174/5984 1964/4171/5977
f 2133/4174/5984 2010/4172/5979 2138/4173/5983
f 2133/4174/5984 2138/4173/5983 2165/4146/5938
f 2165/4146/5938 2089/4142/5937 2012/4175/5985
s 0
f 2089/4142/5986 2020/4143/5987 2012/4175/5987
s 1
f 1899/4176/5988 1923/4131/5914 1843/4128/5911
s 0
f 1899/4176/5989 1843/4128/5990 1836/4127/5991
s 1
f 1714/4125/5908 1784/4177/5992 1782/4126/5909
s 0
f 1784/4177/5993 1714/4125/5994 1723/4178/5995
f 1782/4126/5996 1784/4177/5997 1836/4127/5998
s 1
f 1895/4179/5999 1842/4180/6000 1886/4181/6001
f 1976/4182/6002 1842/4180/6000 1895/4179/5999
f 1895/4179/5999 1886/4181/6001 1863/4183/6003
f 1863/4183/6003 1725/4184/6004 1571/4185/6005
s 0
f 1371/4186/6006 1460/4187/6007 1571/4185/6008
s 1
f 1460/4187/6009 1369/4188/6010 1382/4189/6011
s 0
f 1382/4189/6012 1369/4188/6013 1239/4190/6014
s 1
f 1232/4191/6015 1239/4192/6016 1048/4193/6017
f 1232/4191/6015 1048/4193/6017 1033/4194/6018
f 1239/4190/6016 1232/4191/6015 1382/4189/6011
f 1033/4194/6018 1048/4193/6017 579/4195/6019
f 1033/4194/6018 579/4195/6019 959/4196/6020
f 579/4197/6019 649/4198/6021 959/4196/6020
f 959/4196/6020 649/4198/6021 730/4199/6022
f 581/4200/6023 730/4199/6022 649/4198/6021
f 86/4201/6024 581/4200/6023 649/4198/6021
f 86/4201/6024 649/4198/6021 393/4202/6025
f 393/4202/6025 2394/4203/6026 160/4204/6027
f 5/4205/6028 2637/4206/6029 2394/4203/6026
f 2932/4207/6030 2557/4208/6031 2615/4209/6032
f 2557/4208/6031 2932/4207/6030 2794/4210/6033
f 3326/4211/6034 3245/4212/6035 3602/4213/6036
f 3602/4213/6036 3245/4212/6035 3482/4214/6037
s 0
f 3602/4213/6038 3482/4214/6039 3670/4215/6040
s 1
f 3708/4216/6041 3704/4217/6042 3826/4218/6043
f 3826/4218/6043 3704/4217/6042 3832/4219/6044
f 3708/4216/6041 3826/4218/6043 3779/4220/6045
f 3832/4219/6044 3779/4220/6045 3826/4218/6043
f 3832/4219/6044 3925/4221/6046 3886/4222/6047
f 3832/4219/6044 3886/4222/6047 3779/4220/6045
f 3779/4220/6045 3886/4222/6047 3854/4223/6048
f 4041/4224/6049 3886/4222/6047 3925/4221/6046
f 4051/4225/6050 4113/4226/6051 4039/4227/6052
f 4039/4227/6052 4113/4226/6051 3925/4221/6046
f 4041/4224/6049 3925/4221/6046 4113/4226/6051
f 4153/4228/6053 4134/4229/6054 4256/4230/6055
f 4256/4230/6055 4134/4229/6054 4203/4231/6056
f 4203/4231/6056 4134/4229/6054 4185/4232/6057
f 4301/4233/6058 4203/4231/6056 4212/4234/6059
f 4203/4231/6056 4301/4233/6058 4302/4235/6060
f 4302/4235/6060 4301/4233/6058 4319/4236/6061
f 4203/4231/6056 4302/4235/6060 4256/4230/6055
f 4256/4230/6055 4241/4237/6062 4153/4228/6053
f 4241/4237/6062 4256/4230/6055 4310/4238/6063
f 4310/4238/6063 4256/4230/6055 4302/4235/6060
s 0
f 4353/4239/6064 4364/4240/6065 4302/4235/6066
s 1
f 4302/4235/6060 4364/4240/6067 4310/4238/6063
f 4310/4238/6063 4364/4240/6067 4339/4241/6068
f 4291/4242/6069 4310/4238/6063 4339/4241/6068
f 4335/4243/6070 4339/4241/6068 4364/4240/6067
s 0
f 4335/4243/6071 4352/4244/6072 4272/4245/6073
s 1
f 4364/4240/6067 4353/4239/6074 4335/4243/6070
f 4335/4243/6070 4353/4239/6074 4352/4244/6075
f 4335/4243/6070 4272/4245/6076 4257/4246/6077
f 4335/4243/6070 4257/4246/6077 4339/4241/6068
f 4339/4241/6068 4257/4246/6077 4291/4242/6069
f 4291/4242/6069 4257/4246/6077 4190/4247/6078
f 4257/4246/6077 4207/4248/6079 4190/4247/6078
f 4207/4248/6079 4257/4246/6077 4224/4249/6080
f 4257/4246/6077 4247/4250/6081 4224/4249/6080
s 0
f 4224/4249/6082 4247/4250/6083 4182/4251/6084
s 1
f 4207/4248/6079 4224/4249/6080 4182/4251/6085
f 4207/4248/6079 4182/4251/6085 4191/4252/6086
f 4029/4253/6087 4182/4251/6085 4194/4254/6088
f 4182/4251/6085 4247/4250/6089 4194/4254/6088
f 4194/4254/6088 4247/4250/6089 4239/4255/6090
s 0
f 4247/4250/6091 4257/4246/6092 4272/4245/6093
s 1
f 4247/4250/6089 4272/4245/6094 4239/4255/6090
f 4194/4254/6088 4143/4256/6095 4029/4253/6087
f 4143/4256/6095 4194/4254/6088 4239/4255/6090
f 4143/4256/6095 4239/4255/6090 4202/4257/6096
f 4143/4256/6095 4055/4258/6097 3972/4259/6098
f 4143/4256/6095 4170/4260/6099 4055/4258/6097
f 3967/4261/6100 4055/4258/6097 3969/4262/6101
f 3967/4261/6100 3969/4262/6101 3798/4263/6102
f 3798/4263/6102 3969/4262/6101 3727/4264/6103
f 3727/4264/6103 3969/4262/6101 3919/4265/6104
f 3727/4264/6103 3919/4265/6104 3787/4266/6105
f 4170/4260/6099 4143/4256/6095 4202/4257/6096
f 4170/4260/6099 4211/4267/6106 4154/4268/6107
f 4202/4257/6096 4211/4267/6106 4170/4260/6099
f 4055/4258/6097 4170/4260/6099 4154/4268/6107
f 4055/4258/6097 4154/4268/6107 4036/4269/6108
f 4055/4258/6097 4036/4269/6108 3969/4262/6101
f 3919/4265/6104 3969/4262/6101 4036/4269/6108
f 3919/4265/6104 4036/4269/6108 3950/4270/6109
f 4154/4268/6107 4211/4267/6106 4192/4271/6110
f 4154/4268/6107 4192/4271/6110 4177/4272/6111
f 4036/4269/6108 4154/4268/6107 4177/4272/6111
f 4040/4273/6112 3950/4270/6109 4036/4269/6108
f 4040/4273/6112 4036/4269/6108 4177/4272/6111
f 3950/4270/6109 4040/4273/6112 3980/4274/6113
f 4177/4272/6111 4103/4275/6114 4040/4273/6112
f 4177/4272/6111 4192/4271/6110 4238/4276/6115
f 4211/4267/6106 4202/4257/6096 4285/4277/6116
s 0
f 4192/4271/6117 4211/4267/6118 4285/4277/6119
s 1
f 4285/4277/6116 4202/4257/6096 4272/4245/6094
f 4272/4245/6094 4202/4257/6096 4239/4255/6090
s 0
f 4352/4244/6120 4353/4239/6121 4385/4278/6122
s 1
f 4192/4271/6110 4285/4277/6116 4238/4276/6115
f 4238/4276/6115 4285/4277/6116 4249/4279/5684
f 4238/4276/6115 4215/4280/5057 4177/4272/6111
f 4238/4276/6115 4249/4279/5684 4215/4280/5057
f 4249/4279/5684 4285/4277/6116 4282/4281/5683
f 4215/4280/5057 4171/4282/5054 4177/4272/6111
f 4103/4275/6114 4171/4282/5054 4112/4283/5053
f 4057/4284/5690 3991/4285/5350 3913/4286/5061
f 3729/4287/5051 3711/4288/5047 3712/4289/5049
f 3913/4286/5061 3835/4290/5052 3775/4291/6123
f 3913/4286/5061 3775/4291/6123 3855/4292/6124
f 3835/4290/5052 3729/4287/5051 3775/4291/6123
f 3723/4293/6125 3775/4291/6123 3729/4287/5051
f 3723/4293/6125 3729/4287/5051 3712/4289/5049
f 3775/4291/6123 3745/4294/6126 3855/4292/6124
f 3855/4292/6124 3745/4294/6126 3796/4295/6127
f 3775/4291/6123 3723/4293/6125 3745/4294/6126
s 0
f 3723/4293/6128 3707/4296/6129 3640/4297/6130
s 1
f 3707/4296/6131 3723/4293/6125 3712/4289/5049
f 3584/4298/6132 3707/4296/6131 3712/4289/5049
f 3584/4298/6132 3575/4299/6133 3418/4300/6134
s 0
f 3584/4298/6135 3712/4289/6136 3575/4301/6137
s 1
f 3418/4300/6134 3504/4302/5036 3169/4303/5034
f 2867/4304/5033 3169/4303/5034 3067/4305/5031
f 2782/4306/5446 2867/4304/5033 2878/4307/5032
f 2675/4308/6138 2867/4304/5033 2782/4306/5446
f 2675/4308/6138 2782/4306/5446 2593/4309/6139
f 569/4310/6140 359/4311/6141 565/4312/5024
s 0
f 569/4310/6142 565/4312/6143 889/4313/6144
s 1
f 359/4311/6141 569/4310/6140 465/4314/6145
s 0
f 359/4311/6146 465/4314/6147 2593/4309/6148
f 2675/4308/6149 2593/4309/6150 2429/4315/6151
s 1
f 3169/4303/5034 2867/4304/5033 3256/4316/6152
f 2867/4304/5033 3113/4317/6153 3256/4316/6152
f 2886/4318/6154 2867/4304/5033 2675/4308/6138
f 2867/4304/5033 2886/4318/6154 3113/4317/6153
f 2429/4315/6155 2593/4309/6156 465/4314/6157
f 2886/4318/6154 2675/4308/6138 2891/4319/6158
f 2891/4319/6158 2675/4308/6138 2800/4320/6159
f 889/4313/6160 832/4166/5972 767/4321/6161
s 0
f 889/4313/6162 767/4321/6163 569/4310/6164
s 1
f 832/4166/5972 889/4313/6160 1074/4165/5971
f 1074/4165/5971 889/4313/6160 1038/4163/6165
f 889/4313/6160 942/4322/5026 1038/4163/6165
f 565/4312/5024 359/4311/6141 360/4323/5023
s 0
f 93/4324/6166 359/4311/6167 2593/4309/6168
s 1
f 359/4311/6141 93/4324/6169 360/4323/5023
f 942/4322/5026 1029/4325/5027 1039/4326/6170
f 1039/4326/6170 1029/4325/5027 1199/4327/4967
f 1039/4326/6170 1199/4327/4967 1304/4328/4964
s 0
f 1357/4329/6171 1039/4326/6172 1304/4328/6173
f 1357/4329/6174 1310/4162/6175 1039/4326/6176
s 1
f 1357/4329/6177 1471/4330/6178 1522/4151/6179
f 1471/4330/6178 1611/4331/6180 1701/4152/6181
s 0
f 1522/4151/6182 1471/4330/6183 1701/4152/6184
s 1
f 1357/4329/6177 1522/4151/6179 1310/4162/6185
s 0
f 1310/4162/6186 1038/4163/6187 1039/4326/6188
f 1352/4161/6189 1310/4162/6190 1522/4151/6191
s 1
f 2051/4332/6192 1832/4333/6193 2028/4334/6194
f 2091/4138/5923 2051/4332/6192 2066/4335/6195
f 2051/4332/6192 2091/4138/5923 2097/4139/5924
f 2051/4332/6192 2097/4139/5924 1832/4333/6193
f 1832/4333/6193 2097/4139/5924 1874/4150/5942
f 2060/4134/5917 2091/4138/5923 2066/4335/6195
f 2060/4134/5917 2066/4335/6195 1993/4137/5922
f 1993/4137/5922 1873/4090/5918 1962/4132/5915
f 1873/4090/5918 1795/4088/5866 1870/4129/5912
f 1713/4096/5919 1870/4129/5912 1795/4088/5866
f 1795/4088/5866 1688/4091/5707 1713/4096/5919
f 1873/4090/5918 1993/4137/5922 1861/4085/6196
f 1956/4089/5870 1861/4085/6196 1993/4137/5922
f 1956/4089/5870 1993/4137/5922 2028/4334/6194
f 2028/4334/6194 1993/4137/5922 2066/4335/6195
f 2066/4335/6195 2051/4332/6192 2028/4334/6194
f 1956/4089/5870 2028/4334/6194 1832/4333/6193
s 0
f 1832/4333/6197 1874/4150/6198 1810/4336/6199
s 1
f 1958/4337/6200 1989/4081/5712 1956/4089/5870
f 1832/4333/6193 1958/4337/6200 1956/4089/5870
f 1970/4338/5713 1989/4081/5712 1958/4337/6200
f 1946/4339/5714 1970/4338/5713 1958/4337/6200
f 1946/4339/5714 1958/4337/6200 1832/4333/6193
s 0
f 1946/4339/6201 1832/4333/6202 1813/4340/6203
s 1
f 1813/4340/4952 1810/4336/6204 1607/4341/4953
f 1813/4340/4952 1832/4333/6205 1810/4336/6204
s 0
f 1810/4336/6206 1611/4331/6207 1607/4341/6208
s 1
f 1810/4336/6209 1874/4150/5942 1745/4155/5952
f 1810/4336/6209 1745/4155/5952 1611/4331/6210
s 0
f 1611/4331/6211 1745/4155/6212 1701/4152/6213
s 1
f 1611/4331/6180 1471/4330/6178 1607/4341/4959
f 1513/4342/4960 1607/4341/4959 1471/4330/6178
f 1304/4343/4964 1513/4342/4960 1357/4329/6177
f 1357/4329/6177 1513/4342/4960 1471/4330/6178
s 0
f 2782/4306/6214 2529/4344/6215 2593/4309/6216
s 1
f 2593/4309/6217 2529/4344/6218 93/4324/6219
f 4148/4074/5187 4187/4345/5185 4178/4070/5858
f 4178/4070/5858 4187/4345/5185 4222/4073/5422
f 4222/4073/5422 4258/4346/5421 4227/4071/5859
f 4258/4346/5421 4284/4347/5424 4303/4348/6220
f 4485/4349/5431 4399/4350/6221 4427/4351/5426
f 4427/4351/5426 4399/4350/6221 4329/4352/5423
f 4303/4348/6220 4284/4347/5424 4329/4352/5423
f 4258/4346/5421 4303/4348/6220 4227/4071/5859
f 4303/4348/6220 4329/4352/5423 4399/4350/6221
s 0
f 4303/4348/6222 4399/4350/6223 4342/4353/6224
s 1
f 4303/4348/6220 4342/4353/6225 4255/4354/6226
f 4255/4354/6226 4342/4353/6225 4212/4355/6059
f 4255/4354/6226 4212/4355/6059 4210/4356/6227
f 4212/4355/6059 4185/4357/6057 4210/4356/6227
f 4185/4357/6057 4212/4355/6059 4203/4358/6056
s 0
f 4151/4359/6228 4090/4360/6229 4111/4361/6230
s 1
f 4005/4362/6231 3966/4363/6232 4102/4067/5855
f 3966/4363/6232 3965/4364/6233 4102/4067/5855
f 4025/4365/6234 3965/4364/6233 4000/4366/6235
f 4000/4366/6235 4004/4367/6236 4038/4368/6237
f 4000/4366/6235 4038/4368/6237 4025/4365/6234
f 4004/4367/6236 4006/4369/6238 4014/4370/6239
f 4047/4371/6240 4004/4367/6236 4014/4370/6239
f 4047/4371/6240 4014/4370/6239 4062/4372/6241
f 4062/4372/6241 4014/4370/6239 4065/4373/6242
f 4105/4374/6243 4062/4372/6241 4065/4373/6242
f 4105/4374/6243 4137/4375/6244 4031/4376/6245
f 4038/4368/6237 4047/4371/6240 4050/4377/6246
f 4004/4367/6236 4047/4371/6240 4038/4368/6237
f 4050/4377/6246 4047/4371/6240 4062/4372/6241
f 4050/4377/6246 4062/4372/6241 4056/4060/5848
s 0
f 4054/4059/6247 4050/4377/6248 4056/4060/6249
f 4045/4064/6250 4050/4377/6251 4054/4059/6252
s 1
f 4056/4060/5848 4062/4372/6241 4077/4378/6253
f 4072/4056/5844 4056/4060/5848 4077/4378/6253
f 4072/4056/5844 4077/4378/6253 4099/4058/5846
f 4082/4054/5842 4099/4058/5846 4077/4378/6253
f 4082/4054/5842 4077/4378/6253 4031/4376/6245
f 3888/4057/5845 4082/4054/5842 4031/4376/6245
f 3894/4051/5840 3888/4057/5845 3817/4379/6254
f 3888/4057/5845 3801/4380/6255 3817/4379/6254
f 3801/4380/6255 3766/4381/6256 3817/4379/6254
s 0
f 3817/4379/6257 3766/4381/6258 3710/4382/6259
s 1
f 3710/4382/6260 3766/4381/6261 3644/4383/6262
f 3702/4384/6263 3766/4381/6256 3801/4380/6255
f 3801/4380/6255 3888/4057/5845 3862/4385/6264
s 0
f 3862/4385/6265 3888/4057/6266 3944/4386/6267
f 3904/4387/6268 3862/4385/6269 3944/4386/6270
f 4074/4388/6271 3888/4057/6272 4031/4376/6273
s 1
f 4065/4373/6242 4097/4389/6274 4105/4374/6243
f 4105/4374/6243 4097/4389/6274 4132/4390/6275
f 4132/4390/6275 4137/4375/6244 4105/4374/6243
f 4105/4374/6243 4031/4376/6245 4077/4378/6253
s 0
f 4105/4374/6276 4077/4378/6277 4062/4372/6278
f 4322/4391/6279 4282/4281/6280 4344/4392/6281
s 1
f 4344/4392/5682 4282/4281/5683 4352/4244/6282
f 4285/4277/6116 4272/4245/6094 4282/4281/5683
f 4282/4281/5683 4272/4245/6094 4352/4244/6282
f 4385/4278/5685 4404/4393/6283 4377/4394/5681
f 4407/4395/5104 4404/4393/6283 4431/4396/6284
f 4377/4394/5681 4404/4393/6283 4407/4395/5104
f 4441/4397/5387 4431/4396/6284 4489/4398/5686
s 0
f 4489/4398/6285 4502/4399/6286 4499/4400/6287
f 4502/4399/6288 4485/4401/6289 4491/4402/6290
s 1
f 4485/4401/5431 4502/4399/6291 4399/4403/6221
s 0
f 4502/4399/6292 4489/4398/6293 4493/4404/6294
s 1
f 4399/4405/6221 4502/4399/6291 4493/4404/6295
s 0
f 4342/4406/6296 4399/4405/6297 4398/4407/6298
s 1
f 4399/4405/6221 4493/4404/6295 4398/4407/6299
s 0
f 4342/4406/6300 4301/4233/6301 4212/4408/6302
s 1
f 4319/4236/6061 4301/4233/6058 4342/4406/6303
f 4319/4236/6061 4342/4406/6303 4398/4407/6299
f 4442/4409/6304 4398/4407/6299 4454/4410/6305
f 4398/4407/6299 4442/4409/6304 4319/4236/6061
f 4412/4411/6306 4319/4236/6061 4442/4409/6304
f 4319/4236/6061 4412/4411/6306 4410/4412/6307
f 4319/4236/6061 4410/4412/6307 4353/4239/6308
f 4302/4235/6060 4319/4236/6061 4353/4239/6308
f 4353/4239/6308 4410/4412/6307 4385/4278/5685
f 4385/4278/5685 4410/4412/6307 4412/4411/6306
f 4385/4278/5685 4412/4411/6306 4442/4409/6304
f 4352/4244/6282 4385/4278/5685 4344/4392/5682
f 4404/4393/6283 4385/4278/5685 4442/4409/6304
f 4431/4396/6284 4404/4393/6283 4454/4410/6305
f 4454/4410/6305 4404/4393/6283 4442/4409/6304
f 1520/4102/5729 1542/4106/5747 1448/4413/5730
f 1519/4108/5748 1448/4413/5730 1542/4106/5747
f 1519/4108/5748 1388/4101/5633 1448/4413/5730
f 1388/4101/5633 1519/4108/5748 1496/4107/5887
s 0
f 1453/4414/6309 1517/4110/6310 1561/4114/6311
s 1
f 1453/4414/6312 1561/4114/5891 1526/4116/5893
f 1569/4095/5875 1526/4116/5893 1650/4115/5892
s 0
f 1650/4115/6313 1713/4096/6314 1615/4094/6315
s 1
f 1650/4115/5892 1615/4094/5874 1569/4095/5875
f 1453/4414/6312 1526/4116/5893 1474/4097/5705
f 1474/4097/5705 1526/4116/5893 1569/4095/5875
f 1474/4097/5705 1451/4415/5640 1453/4414/6312
f 1453/4414/6312 1451/4415/5640 1428/4098/5637
f 1453/4414/6312 1428/4098/5637 1432/4100/5879
f 1388/4101/5633 1496/4107/5887 1432/4100/5879
f 1517/4110/5886 1453/4414/6312 1432/4100/5879
f 1517/4110/5886 1432/4100/5879 1496/4107/5887
f 3584/4298/6132 3418/4300/6134 3569/4416/6316
f 3584/4298/6132 3569/4416/6316 3707/4296/6131
f 3418/4300/6134 3169/4303/5034 3569/4416/6316
f 3569/4416/6316 3169/4303/5034 3256/4316/6152
f 3440/4417/6317 3256/4316/6152 3263/4418/6318
s 0
f 3263/4418/6319 3256/4316/6320 3113/4317/6321
s 1
f 3640/4297/6322 3440/4417/6323 3301/4419/6324
s 0
f 3301/4419/6325 3440/4417/6326 3263/4418/6327
s 1
f 3640/4297/6322 3301/4419/6324 3489/4420/6328
s 0
f 3113/4317/6329 3177/4421/6330 3263/4418/6331
s 1
f 3301/4419/6324 3263/4418/6332 3099/4422/6333
f 3263/4418/6332 3177/4421/6334 3099/4422/6333
f 3099/4422/6333 3177/4421/6334 2960/4423/6335
f 3177/4421/6334 3113/4317/6153 2886/4318/6154
f 3177/4421/6334 2886/4318/6154 2979/4424/6336
f 2979/4424/6336 2886/4318/6154 2891/4319/6158
f 3177/4421/6334 2979/4424/6336 2960/4423/6335
f 2979/4424/6336 2926/4425/6337 2960/4423/6335
f 3099/4422/6333 2960/4423/6335 3058/4426/6338
f 3058/4426/6338 2960/4423/6335 3008/4427/6339
f 3008/4427/6339 2960/4423/6335 2928/4428/6340
f 2960/4423/6335 2836/4429/6341 2928/4428/6340
f 2960/4423/6335 2926/4425/6337 2836/4429/6341
f 2836/4429/6341 2926/4425/6337 2846/4430/6342
f 3058/4426/6338 3008/4427/6339 3191/4431/6343
f 3191/4431/6343 3008/4427/6339 2909/4432/6344
f 3058/4426/6338 3191/4431/6343 3273/4433/6345
f 3607/4434/6346 3191/4431/6343 3044/4435/6347
f 3607/4434/6346 3044/4435/6347 3051/4436/6348
f 3051/4436/6348 3313/4437/6349 3607/4434/6346
f 2909/4432/6344 3044/4435/6347 3191/4431/6343
f 2928/4428/6340 2836/4429/6341 2745/4438/6350
f 3008/4427/6339 2928/4428/6340 2909/4432/6344
f 2746/4439/6351 2928/4428/6340 2745/4438/6350
f 2745/4438/6350 2799/4440/6352 2442/4441/6353
f 2799/4440/6352 2745/4438/6350 2836/4429/6341
f 2799/4440/6352 2583/4442/6354 2442/4441/6353
f 2799/4440/6352 2836/4429/6341 2846/4430/6342
f 2799/4440/6352 2701/4443/6355 2583/4442/6354
f 2846/4430/6342 2926/4425/6337 2979/4424/6336
f 2979/4424/6336 2891/4319/6158 2846/4430/6342
s 0
f 2800/4320/6356 2675/4308/6357 2701/4443/6358
s 1
f 2701/4443/6359 2675/4308/6360 2429/4315/6361
f 2891/4319/6158 2800/4320/6159 2846/4430/6342
f 2800/4320/6159 2701/4443/6355 2846/4430/6342
f 2846/4430/6342 2701/4443/6355 2799/4440/6352
s 0
f 2701/4443/6362 2429/4315/6363 2421/4444/6364
s 1
f 2583/4442/6354 2701/4443/6355 2421/4444/6365
f 2421/4444/6365 2443/4445/6366 2583/4442/6354
f 2515/4446/6367 2583/4442/6354 2443/4445/6366
s 0
f 2442/4441/6368 2583/4442/6369 2515/4446/6370
s 1
f 2442/4441/6353 2515/4446/6371 65/4447/6372
s 0
f 376/4448/6373 65/4447/6374 2515/4446/6375
s 1
f 2442/4441/6353 65/4447/6372 1/4449/6376
f 246/4450/6377 65/4447/6372 376/4448/6378
f 246/4450/6377 376/4448/6378 509/4451/6379
f 509/4451/6379 376/4448/6378 696/4452/6380
f 376/4448/6378 2515/4446/6367 73/4453/6381
s 0
f 577/4454/6382 962/4167/6383 981/4455/6384
s 1
f 962/4167/5973 1119/4168/5974 981/4455/6385
f 1684/4170/5976 1236/4169/5975 1626/4160/5962
f 1236/4169/5975 1684/4170/5976 1145/4456/6386
f 1684/4170/5976 1373/4457/6387 1145/4456/6386
s 0
f 1964/4171/6388 1805/4458/6389 1888/4158/6390
s 1
f 1964/4171/5977 2133/4174/5984 2096/4459/6391
f 2016/4460/6392 1964/4171/5977 2096/4459/6391
f 1984/4461/6393 1964/4171/5977 2016/4460/6392
f 1984/4461/6393 2016/4460/6392 1967/4462/6394
f 2012/4175/5985 2096/4459/6391 2133/4174/5984
f 2096/4459/6391 2012/4175/5985 2016/4460/6392
f 2012/4175/5985 2133/4174/5984 2165/4146/5938
f 2012/4175/6395 2020/4143/5931 1923/4131/5914
s 0
f 2012/4175/6396 1923/4131/6397 1899/4176/6398
s 1
f 2012/4175/5985 1899/4176/6399 2016/4460/6392
f 1842/4180/6000 1836/4127/6400 1784/4177/6401
f 1899/4176/6399 1836/4127/6400 1927/4463/6402
f 1927/4463/6402 1836/4127/6400 1842/4180/6000
f 2016/4460/6392 1899/4176/6399 1967/4462/6394
f 1967/4462/6394 1899/4176/6399 1927/4463/6402
f 1967/4462/6394 1927/4463/6402 1976/4182/6002
f 1927/4463/6402 1842/4180/6000 1976/4182/6002
f 1976/4182/6002 1895/4179/5999 1863/4183/6003
f 1976/4182/6002 1863/4183/6003 1783/4464/6403
f 1783/4464/6403 1863/4183/6003 1571/4185/6005
s 0
f 1783/4464/6404 1571/4185/6405 1460/4187/6406
s 1
f 1382/4189/6011 1702/4465/6407 1460/4187/6009
f 1460/4187/6009 1702/4465/6407 1783/4464/6403
f 1783/4464/6403 1984/4461/6393 1976/4182/6002
f 1382/4189/6011 1549/4466/6408 1702/4465/6407
f 1984/4461/6393 1783/4464/6403 1964/4171/5977
f 1984/4461/6393 1967/4462/6394 1976/4182/6002
f 3644/4383/6262 3561/4046/5198 3731/4467/5197
s 0
f 3561/4046/6409 3644/4383/6410 3523/4049/6411
s 1
f 3438/4047/5835 3523/4049/6412 3208/4048/5836
f 3266/4468/6413 3208/4048/5836 3523/4049/6412
f 3208/4048/5836 2871/4469/6414 3362/4045/5834
f 3071/4040/5830 3362/4045/5834 2871/4469/6414
f 3071/4040/5830 2936/4470/6415 2666/4033/5824
f 2666/4033/5824 2936/4470/6415 2610/4037/5828
f 2936/4470/6415 2676/4471/6416 2610/4037/5828
f 2568/4035/5826 83/4036/5827 353/4034/5825
f 462/4027/5819 353/4034/5825 644/4472/6417
f 83/4036/5827 471/4473/6418 353/4034/5825
f 353/4034/5825 471/4473/6418 644/4472/6417
s 0
f 773/4026/6419 644/4472/6420 1030/4474/6421
s 1
f 1030/4474/6422 644/4472/6417 839/4475/6423
f 644/4472/6417 471/4473/6418 839/4475/6423
f 83/4036/5827 2610/4037/5828 2494/4476/6424
f 2494/4476/6424 2610/4037/5828 2676/4471/6416
f 83/4036/5827 2494/4476/6424 352/4477/6425
s 0
f 83/4036/6426 352/4477/6427 471/4473/6428
s 1
f 471/4473/6418 352/4477/6425 744/4478/6429
f 839/4475/6423 471/4473/6418 744/4478/6429
f 839/4475/6423 1020/4479/6430 1030/4474/6422
f 1020/4479/6430 1113/4480/6431 1030/4474/6422
f 1030/4474/6422 1113/4480/6431 946/4025/5817
f 773/4026/5818 1030/4474/6422 946/4025/5817
f 644/4472/6417 773/4026/5818 462/4027/5819
f 4493/4404/6295 4489/4398/5686 4431/4396/6284
f 4431/4396/6284 4441/4397/5387 4407/4395/5104
f 4493/4404/6295 4431/4396/6284 4454/4410/6305
f 4493/4404/6295 4454/4410/6305 4398/4407/6299
f 4057/4284/5690 3913/4286/5061 3855/4292/6124
f 4112/4283/5053 3855/4292/6124 4044/4481/6432
s 0
f 3855/4292/6433 3796/4295/6434 4044/4481/6435
s 1
f 4044/4481/6432 4040/4273/6112 4103/4275/6114
f 4044/4481/6432 3796/4295/6127 3980/4274/6113
f 4044/4481/6432 3980/4274/6113 4040/4273/6112
f 3796/4295/6127 3745/4294/6126 3726/4482/6436
f 3745/4294/6126 3723/4293/6125 3681/4483/6437
f 3980/4274/6113 3796/4295/6127 3950/4270/6109
f 3950/4270/6109 3796/4295/6127 3787/4266/6105
f 3796/4295/6127 3726/4482/6436 3787/4266/6105
f 3950/4270/6109 3787/4266/6105 3919/4265/6104
f 3787/4266/6105 3726/4482/6436 3699/4484/6438
f 3662/4485/6439 3787/4266/6105 3699/4484/6438
f 3699/4484/6438 3726/4482/6436 3745/4294/6126
f 3699/4484/6438 3745/4294/6126 3681/4483/6437
s 0
f 3489/4420/6440 3723/4293/6441 3640/4297/6442
s 1
f 3681/4483/6437 3723/4293/6125 3489/4420/6443
s 0
f 3440/4417/6444 3640/4297/6445 3569/4416/6446
f 3569/4416/6447 3640/4297/6448 3707/4296/6449
s 1
f 3440/4417/6317 3569/4416/6316 3256/4316/6152
s 0
f 565/4312/6450 882/4486/6451 889/4313/6452
s 1
f 882/4486/5022 942/4322/5026 889/4313/6160
f 1039/4326/6170 1038/4163/6165 942/4322/5026
f 4112/4283/5053 4057/4284/5690 3855/4292/6124
f 4103/4275/6114 4112/4283/5053 4044/4481/6432
f 4171/4282/5054 4103/4275/6114 4177/4272/6111
f 4178/4070/5858 4193/4072/5860 4168/4066/5854
f 4168/4066/5854 4193/4072/5860 4142/4068/5856
f 4255/4354/6226 4227/4071/5859 4303/4348/6220
f 4210/4356/6227 4227/4071/5859 4255/4354/6226
f 4193/4072/5860 4227/4071/5859 4210/4356/6227
f 4169/4487/6453 4193/4072/5860 4210/4356/6227
f 4193/4072/5860 4169/4487/6453 4142/4068/5856
f 4169/4487/6453 4210/4356/6227 4185/4357/6057
f 4185/4357/6057 4151/4359/6454 4111/4361/6455
f 4185/4357/6057 4111/4361/6455 4169/4487/6453
f 4090/4360/6456 4005/4362/6231 4102/4067/5855
f 4090/4360/6456 4102/4067/5855 4142/4068/5856
f 3965/4364/6233 4025/4365/6234 4102/4067/5855
f 4045/4064/5852 4025/4365/6234 4038/4368/6237
f 4025/4365/6234 4045/4064/5852 4095/4065/5853
f 4025/4365/6234 4095/4065/5853 4102/4067/5855
f 4142/4068/5856 4169/4487/6453 4111/4361/6455
f 4111/4361/6455 4090/4360/6456 4142/4068/5856
s 0
f 3731/4467/6457 3819/4052/6458 3817/4379/6459
s 1
f 3731/4467/5197 3710/4382/6260 3644/4383/6262
f 3710/4382/6260 3731/4467/5197 3817/4379/6460
s 0
f 3523/4049/6461 3644/4383/6462 3521/4488/6463
s 1
f 3523/4049/6412 3406/4489/6464 3266/4468/6413
s 0
f 3266/4468/6465 3406/4489/6466 3107/4490/6467
f 3066/4491/6468 3107/4490/6468 3406/4489/6469
s 1
f 3066/4491/6470 2827/4492/6471 2740/4493/6472
f 3066/4491/6470 2740/4493/6472 2819/4494/6473
s 0
f 2819/4494/6474 3107/4490/6475 3066/4491/6476
s 1
f 3107/4490/6477 2819/4494/6478 2871/4469/6414
f 2819/4494/6473 2740/4493/6472 125/4495/6479
f 125/4495/6479 2740/4493/6472 2827/4492/6471
f 2827/4492/6471 2709/4496/6480 125/4495/6479
f 2819/4494/6473 125/4495/6479 2676/4471/6416
f 125/4495/6479 240/4497/6481 2676/4471/6416
f 352/4477/6425 240/4497/6481 555/4498/6482
f 352/4477/6425 555/4498/6482 574/4499/6483
f 555/4498/6482 240/4497/6481 125/4495/6479
f 37/4500/6484 125/4495/6479 2709/4496/6480
f 125/4495/6479 37/4500/6484 555/4498/6482
f 174/4501/6485 2709/4496/6480 2720/4502/6486
f 37/4500/6484 2709/4496/6480 174/4501/6485
f 744/4478/6429 574/4499/6483 640/4503/6487
f 744/4478/6429 640/4503/6487 836/4504/6488
f 867/4505/6489 1013/4506/6490 836/4504/6488
f 836/4504/6488 640/4503/6487 867/4505/6489
f 1013/4506/6490 867/4505/6489 953/4507/6491
f 1291/4508/6492 1013/4506/6490 995/4509/6493
f 1291/4508/6492 995/4509/6493 1345/4510/6494
f 995/4509/6493 1013/4506/6490 953/4507/6491
s 0
f 1345/4510/6495 995/4509/6496 925/4511/6497
s 1
f 1345/4510/6498 925/4511/6499 1136/4512/6500
f 1294/4513/6501 1345/4510/6498 1136/4512/6500
f 995/4509/6493 799/4514/6502 925/4511/6499
f 995/4509/6493 953/4507/6491 799/4514/6502
f 953/4507/6491 867/4505/6489 656/4515/6503
f 570/4516/6504 953/4507/6491 656/4515/6503
f 867/4505/6489 640/4503/6487 656/4515/6503
f 570/4516/6504 799/4514/6502 953/4507/6491
f 570/4516/6504 656/4515/6503 460/4517/6505
f 925/4511/6499 733/4518/6506 1136/4512/6500
f 1137/4519/6507 1294/4513/6501 1136/4512/6500
f 1136/4512/6500 969/4520/6508 1137/4519/6507
f 1128/4521/6509 1132/4522/6510 1436/4523/6511
f 1436/4523/6511 1529/4524/6512 1531/4525/6513
f 1436/4523/6511 1531/4525/6513 1128/4521/6509
f 1128/4521/6509 1531/4525/6513 1137/4519/6507
f 1137/4519/6507 1531/4525/6513 1536/4526/6514
f 1137/4519/6507 1536/4526/6514 1294/4513/6501
s 0
f 1345/4510/6515 1294/4513/6516 1552/4527/6517
s 1
f 1013/4506/6490 1291/4508/6492 1112/4528/6518
f 1552/4527/6519 1294/4513/6501 1647/4529/6520
f 1647/4529/6520 1294/4513/6501 1536/4526/6514
f 1552/4527/6519 1445/4530/6521 1345/4510/6522
s 0
f 1345/4510/6523 1445/4530/6524 1291/4508/6525
s 1
f 1112/4528/6518 1291/4508/6492 1287/4531/6526
s 0
f 1291/4508/6527 1445/4530/6528 1287/4531/6529
s 1
f 1658/4532/6530 1552/4527/6519 1647/4529/6520
f 1552/4527/6519 1658/4532/6530 1445/4530/6521
f 1445/4530/6521 1658/4532/6530 1577/4533/6531
f 1855/4019/5807 1647/4529/6520 1780/4534/6532
f 1855/4019/5807 1780/4534/6532 1837/4023/5815
f 1647/4529/6520 1855/4019/5807 1658/4532/6530
f 1855/4019/5807 1800/4015/5805 1658/4532/6530
f 1577/4533/6531 1658/4532/6530 1800/4015/5805
f 1577/4533/6531 1800/4015/5805 1548/4017/5806
f 1577/4533/6531 1353/4535/6533 1445/4530/6521
f 1577/4533/6531 1548/4017/5806 1353/4535/6533
f 1353/4535/6533 1358/4536/6534 1445/4530/6521
f 1113/4480/6431 1353/4535/6533 1120/4024/5816
f 1113/4480/6431 1358/4536/6534 1353/4535/6533
f 1445/4530/6521 1358/4536/6534 1287/4531/6526
s 0
f 1358/4536/6535 1113/4480/6536 1020/4479/6537
s 1
f 1358/4536/6534 1020/4479/6430 1287/4531/6526
f 1112/4528/6518 1287/4531/6526 1020/4479/6430
f 1013/4506/6490 1112/4528/6518 836/4504/6488
f 1112/4528/6518 839/4475/6423 836/4504/6488
f 744/4478/6429 836/4504/6488 839/4475/6423
f 352/4477/6425 574/4499/6483 744/4478/6429
f 240/4497/6481 352/4477/6425 2494/4476/6424
f 2676/4471/6416 240/4497/6481 2494/4476/6424
f 2676/4471/6416 2936/4470/6415 2819/4494/6473
s 0
f 2936/4470/6538 2871/4469/6539 2819/4494/6540
s 1
f 3266/4468/6413 3107/4490/6477 2871/4469/6414
f 3266/4468/6413 2871/4469/6414 3208/4048/5836
f 3071/4040/5830 2871/4469/6414 2936/4470/6415
f 1548/4017/5806 1220/4010/5802 1353/4535/6533
f 1353/4535/6533 1220/4010/5802 1120/4024/5816
f 1120/4024/5816 946/4025/5817 1113/4480/6431
f 1020/4479/6430 839/4475/6423 1112/4528/6518
f 1756/3967/5738 1720/3991/5780 1674/3969/5742
f 1677/3972/5744 1674/3969/5742 1720/3991/5780
f 1720/3991/5780 1756/3967/5738 1770/3990/6541
f 1877/3982/5773 1770/3990/5775 1903/3996/5791
s 0
f 1877/3982/6542 1903/3996/6543 1983/3983/6544
s 1
f 3817/4379/6254 3819/4052/5211 3894/4051/5840
f 1983/3983/5795 2032/3962/5735 2031/3985/5765
f 2032/3962/5735 2137/3997/5796 2031/3985/5765
f 2137/3997/5796 2148/3995/5790 2144/4020/5812
s 0
f 1983/3983/6545 2031/3985/6546 1925/3981/6547
s 1
f 2140/3986/5766 2137/3997/5796 2144/4020/5812
f 2140/3986/5766 2031/3985/5765 2137/3997/5796
f 2144/4020/5812 1957/3999/5797 2069/4537/6548
s 0
f 1957/3999/6549 2011/4022/6550 2009/4538/6551
s 1
f 2140/3986/5766 2144/4020/5812 2069/4537/6548
f 2069/4537/6548 2009/4538/6552 2079/4539/6553
f 2009/4538/6552 2069/4537/6548 1957/3999/5797
f 2009/4538/6552 1966/4540/6554 1935/4541/6555
f 2009/4538/6552 1935/4541/6555 2079/4539/6553
f 1816/4542/6556 1966/4540/6554 1897/4543/6557
f 1966/4540/6554 1816/4542/6556 1935/4541/6555
s 0
f 1816/4542/6558 1897/4543/6559 1706/4544/6560
s 1
f 1706/4544/6561 1897/4543/6557 1780/4534/6532
f 1897/4543/6557 1966/4540/6554 2011/4022/5814
f 2011/4022/5814 1966/4540/6554 2009/4538/6552
f 1901/4545/6562 1897/4543/6557 2011/4022/5814
f 1897/4543/6557 1901/4545/6562 1780/4534/6532
f 1780/4534/6563 1536/4526/6514 1531/4525/6513
s 0
f 1706/4544/6564 1780/4534/6565 1531/4525/6566
s 1
f 1531/4525/6513 1529/4524/6512 1706/4544/6567
f 1706/4544/6567 1529/4524/6512 1671/4546/6568
f 1671/4546/6568 1816/4542/6556 1706/4544/6567
f 1935/4541/6555 2017/4547/6569 2079/4539/6553
f 2079/4539/6553 2017/4547/6569 2098/4548/6570
f 2079/4539/6553 2098/4548/6570 2069/4537/6548
f 2069/4537/6548 2098/4548/6570 2162/4549/6571
f 2162/4549/6571 2171/3987/6572 2140/3986/5766
f 2162/4549/6571 2140/3986/5766 2069/4537/6548
f 1826/4021/5813 1837/4023/5815 1780/4534/6532
s 0
f 1780/4534/6573 1647/4529/6574 1536/4526/6575
s 1
f 1901/4545/6562 1826/4021/5813 1780/4534/6532
f 1901/4545/6562 2011/4022/5814 1826/4021/5813
s 0
f 3681/4483/6576 3489/4420/6577 3546/4550/6578
s 1
f 3681/4483/6437 3546/4550/6579 3699/4484/6438
f 3699/4484/6438 3546/4550/6579 3573/4551/6580
f 3662/4485/6439 3699/4484/6438 3573/4551/6580
f 3662/4485/6439 3573/4551/6580 3607/4434/6346
f 3798/4263/6102 3727/4264/6103 3724/4552/6581
f 3727/4264/6103 3787/4266/6105 3662/4485/6439
f 3727/4264/6103 3662/4485/6439 3492/4553/6582
f 3662/4485/6439 3607/4434/6346 3313/4437/6349
f 3727/4264/6103 3492/4553/6582 3666/4554/6583
f 3727/4264/6103 3666/4554/6583 3724/4552/6581
f 4055/4258/6097 3967/4261/6100 3972/4259/6098
f 3972/4259/6098 3967/4261/6100 3740/4555/6584
f 3967/4261/6100 3798/4263/6102 3740/4555/6584
f 3798/4263/6102 3724/4552/6581 3741/4556/6585
f 3724/4552/6581 3666/4554/6583 3741/4556/6585
f 3492/4553/6582 3662/4485/6439 3313/4437/6349
f 3492/4553/6582 3367/4557/6586 3666/4554/6583
f 3666/4554/6583 3700/4558/6587 3741/4556/6585
f 3666/4554/6583 3367/4557/6586 3700/4558/6587
f 3214/4559/6588 3492/4553/6582 3313/4437/6349
f 3492/4553/6582 3214/4559/6588 3367/4557/6586
f 3214/4559/6588 3313/4437/6349 3051/4436/6348
f 3051/4436/6348 3044/4435/6347 2908/4560/6589
f 2835/4561/6590 3044/4435/6347 2909/4432/6344
f 3044/4435/6347 2835/4561/6590 2908/4560/6589
f 2744/4562/6591 2909/4432/6344 2928/4428/6340
f 2453/4563/6592 2746/4439/6351 2745/4438/6350
f 2453/4563/6592 2745/4438/6350 2442/4441/6353
f 2453/4563/6592 2442/4441/6353 1/4449/6376
f 2746/4439/6351 2453/4563/6592 2490/4564/6593
f 2746/4439/6351 2490/4564/6593 2928/4428/6340
f 2909/4432/6344 2744/4562/6591 2835/4561/6590
f 2744/4562/6591 2928/4428/6340 2508/4565/6594
f 3367/4557/6586 3214/4559/6588 3430/4566/6595
f 3367/4557/6586 3430/4566/6595 3700/4558/6587
f 3700/4558/6587 3430/4566/6595 3537/4567/6596
f 3700/4558/6587 3537/4567/6596 3656/4568/6597
f 3430/4566/6595 3214/4559/6588 3257/4569/6598
s 0
f 3214/4559/6599 3051/4436/6600 3153/4570/6601
s 1
f 3656/4568/6597 3740/4555/6584 3741/4556/6585
f 3700/4558/6587 3656/4568/6597 3741/4556/6585
f 3798/4263/6102 3741/4556/6585 3740/4555/6584
f 3972/4259/6098 3740/4555/6584 3921/4571/6602
f 4143/4256/6095 3972/4259/6098 4029/4253/6087
f 4029/4253/6087 3972/4259/6098 3921/4571/6602
f 3740/4555/6584 3810/4572/6603 3921/4571/6602
f 4029/4253/6087 3921/4571/6602 3971/4573/6604
f 3921/4571/6602 3810/4572/6603 3923/4574/6605
f 3971/4573/6604 3921/4571/6602 3923/4574/6605
f 4098/4575/6606 3971/4573/6604 4104/4576/6607
f 3971/4573/6604 3981/4577/6608 4104/4576/6607
f 3981/4577/6608 3971/4573/6604 3923/4574/6605
f 4041/4224/6049 3981/4577/6608 3923/4574/6605
f 3981/4577/6608 4020/4578/6609 4104/4576/6607
f 4121/4579/6610 4104/4576/6607 4020/4578/6609
f 4020/4578/6609 4041/4224/6049 4121/4579/6610
f 4041/4224/6049 4113/4226/6051 4121/4579/6610
f 4041/4224/6049 4020/4578/6609 3981/4577/6608
f 3858/4580/6611 4041/4224/6049 3923/4574/6605
f 3740/4555/6584 3656/4568/6597 3810/4572/6603
f 3810/4572/6603 3656/4568/6597 3659/4581/6612
f 3659/4581/6612 3656/4568/6597 3537/4567/6596
f 3537/4567/6596 3430/4566/6595 3345/4582/6613
s 0
f 3345/4582/6614 3430/4566/6615 3257/4569/6616
s 1
f 3537/4567/6596 3536/4583/6617 3659/4581/6612
f 3536/4583/6617 3537/4567/6596 3345/4582/6613
s 0
f 3810/4572/6618 3659/4581/6619 3742/4584/6620
f 3659/4581/6621 3648/4585/6622 3742/4584/6623
f 3648/4585/6624 3659/4581/6625 3536/4583/6626
s 1
f 3923/4574/6605 3810/4572/6603 3858/4580/6611
f 3858/4580/6611 3810/4572/6603 3822/4586/6627
f 3822/4586/6627 3810/4572/6603 3742/4584/6628
f 4041/4224/6049 3858/4580/6611 3886/4222/6047
f 3854/4223/6048 3858/4580/6611 3822/4586/6627
f 3886/4222/6047 3858/4580/6611 3854/4223/6048
f 3854/4223/6048 3822/4586/6627 3779/4220/6045
f 3779/4220/6045 3822/4586/6627 3708/4216/6041
f 3670/4215/6629 3708/4216/6041 3648/4585/6630
f 3670/4215/6629 3648/4585/6630 3602/4213/6631
f 3648/4585/6630 3708/4216/6041 3742/4584/6628
f 3742/4584/6628 3708/4216/6041 3822/4586/6627
f 3602/4213/6036 3536/4583/6617 3326/4211/6034
f 3345/4582/6613 3326/4211/6034 3536/4583/6617
s 0
f 3134/4587/6632 3326/4211/6633 3345/4582/6634
s 1
f 2900/4588/6635 3134/4587/6636 3074/4589/6637
f 2932/4207/6030 2900/4588/6635 3074/4589/6637
f 160/4204/6027 2394/4203/6026 45/4590/6638
f 393/4202/6025 160/4204/6027 86/4201/6024
f 86/4201/6024 160/4204/6027 45/4590/6638
f 2618/4591/6639 45/4590/6638 2394/4203/6026
f 2618/4591/6639 2394/4203/6026 2637/4206/6029
f 2841/4592/6640 2637/4206/6029 2794/4210/6033
f 2794/4210/6033 2932/4207/6030 2841/4592/6640
s 0
f 3074/4589/6641 3134/4587/6642 3254/4593/6643
s 1
f 3254/4593/6644 3134/4587/6645 3345/4582/6646
f 2932/4207/6030 3153/4570/6647 2841/4592/6640
f 2841/4592/6640 2618/4591/6639 2637/4206/6029
f 2508/4565/6594 45/4590/6638 2618/4591/6639
f 86/4201/6024 45/4590/6638 58/4594/6648
f 2508/4565/6594 2490/4564/6593 45/4590/6638
f 397/4595/6649 86/4201/6024 58/4594/6648
f 45/4590/6638 2490/4564/6593 58/4594/6648
f 254/4596/6650 397/4595/6649 58/4594/6648
f 2835/4561/6590 2618/4591/6639 2841/4592/6640
f 2618/4591/6639 2835/4561/6590 2744/4562/6591
f 2841/4592/6640 3153/4570/6647 2908/4560/6589
f 2932/4207/6030 3074/4589/6637 3153/4570/6647
f 3074/4589/6637 3254/4593/6644 3257/4569/6598
f 3345/4582/6646 3257/4569/6598 3254/4593/6644
f 3257/4569/6598 3153/4570/6647 3074/4589/6637
f 3257/4569/6598 3214/4559/6588 3153/4570/6647
f 3153/4570/6647 3051/4436/6348 2908/4560/6589
f 2508/4565/6594 2928/4428/6340 2490/4564/6593
f 2490/4564/6593 2453/4563/6592 58/4594/6648
f 58/4594/6648 2453/4563/6592 1/4449/6376
f 2744/4562/6591 2508/4565/6594 2618/4591/6639
f 2835/4561/6590 2841/4592/6640 2908/4560/6589
f 2929/4597/6651 3066/4491/6652 3406/4489/6653
f 3521/4488/6654 3331/4598/6655 3406/4489/6653
s 0
f 3406/4489/6656 3523/4049/6657 3521/4488/6658
s 1
f 3521/4488/6654 3644/4383/6659 3702/4384/6263
s 0
f 3702/4384/6660 3644/4383/6661 3766/4381/6662
s 1
f 3702/4384/6263 3801/4380/6255 3862/4385/6264
f 3702/4384/6263 3862/4385/6264 3734/4599/6663
f 3734/4599/6663 3862/4385/6264 3904/4387/6664
f 3702/4384/6263 3734/4599/6663 3674/4600/6665
f 3521/4488/6654 3702/4384/6263 3674/4600/6665
f 3521/4488/6654 3674/4600/6665 3331/4598/6655
f 3331/4598/6655 3150/4601/6666 3406/4489/6653
f 3406/4489/6653 3150/4601/6666 2929/4597/6651
f 2929/4597/6651 2709/4496/6480 2827/4492/6471
s 0
f 2929/4597/6667 2827/4492/6668 3066/4491/6669
s 1
f 2720/4502/6486 2709/4496/6480 2929/4597/6651
f 174/4501/6485 2720/4502/6486 2426/4602/6670
f 2720/4502/6486 2590/4603/6671 2426/4602/6670
f 2426/4602/6670 2590/4603/6671 102/4604/6672
f 2426/4602/6670 102/4604/6672 323/4605/6673
f 323/4605/6673 460/4517/6505 538/4606/6674
f 460/4517/6505 478/4607/6675 570/4516/6504
f 460/4517/6505 656/4515/6503 538/4606/6674
f 2426/4602/6670 323/4605/6673 538/4606/6674
f 37/4500/6484 2426/4602/6670 538/4606/6674
s 0
f 2426/4602/6676 37/4500/6677 174/4501/6678
s 1
f 538/4606/6674 656/4515/6503 640/4503/6487
f 555/4498/6482 538/4606/6674 640/4503/6487
f 37/4500/6484 538/4606/6674 555/4498/6482
f 574/4499/6483 555/4498/6482 640/4503/6487
f 3489/4420/6328 3301/4419/6324 3273/4433/6345
f 3489/4420/6328 3273/4433/6345 3546/4550/6579
f 3301/4419/6324 3099/4422/6333 3273/4433/6345
f 3273/4433/6345 3099/4422/6333 3058/4426/6338
f 3273/4433/6345 3191/4431/6343 3546/4550/6579
f 3546/4550/6579 3191/4431/6343 3573/4551/6580
f 3191/4431/6343 3607/4434/6346 3573/4551/6580
s 0
f 4045/4064/6679 4038/4368/6680 4050/4377/6681
f 1074/4165/6682 1038/4163/6683 1352/4161/6684
s 1
f 2929/4597/6651 3150/4601/6666 3083/4608/6685
f 2929/4597/6651 2576/4609/6686 2720/4502/6486
f 2576/4609/6686 2929/4597/6651 3083/4608/6685
f 3347/4610/6687 3083/4608/6685 3150/4601/6666
f 4037/4611/6688 4090/4612/6456 4151/4613/6454
f 4185/4614/6057 4134/4615/6054 4151/4613/6454
f 4134/4615/6054 4037/4611/6688 4151/4613/6454
f 4037/4611/6688 4134/4615/6054 4035/4616/6689
f 4035/4616/6689 4134/4615/6054 4153/4617/6053
s 0
f 4035/4616/6690 4153/4617/6691 3975/4618/6692
s 1
f 3975/4618/6693 4153/4617/6694 4051/4619/6050
f 3975/4618/6693 4051/4619/6050 3989/4620/6695
f 4051/4619/6050 4039/4621/6052 3989/4620/6695
s 0
f 3989/4620/6696 3955/4622/6697 3975/4618/6698
f 3975/4618/6699 3955/4622/6700 3943/4623/6701
s 1
f 3979/4624/6702 3975/4618/6703 3943/4623/6704
f 3975/4618/6703 3979/4624/6702 4035/4616/6705
s 0
f 4037/4611/6706 4035/4616/6707 3979/4624/6708
s 1
f 4037/4611/6688 4030/4625/6709 4090/4612/6456
f 4090/4612/6456 4030/4625/6709 4005/4626/6231
f 4005/4626/6231 4030/4625/6709 3966/4627/6232
f 3965/4628/6233 3966/4627/6232 3977/4629/6710
f 4000/4630/6235 3965/4628/6233 3907/4631/6711
f 3965/4628/6233 3977/4629/6710 3907/4631/6711
f 3966/4627/6232 4030/4625/6709 3977/4629/6710
f 3977/4629/6710 3883/4632/6712 3907/4631/6711
s 0
f 4037/4611/6713 3979/4624/6714 4030/4625/6715
f 4030/4625/6716 3917/4633/6717 3977/4629/6718
s 1
f 3979/4624/6702 3917/4633/6719 4030/4625/6720
f 3979/4624/6702 3903/4634/6721 3917/4633/6719
f 3903/4634/6721 3979/4624/6702 3943/4623/6704
f 3883/4632/6712 3977/4629/6710 3917/4633/6722
f 3883/4632/6712 3917/4633/6722 3828/4635/6723
f 3907/4631/6711 3883/4632/6712 3827/4636/6724
f 3827/4636/6724 3883/4632/6712 3828/4635/6723
f 3827/4636/6724 3849/4637/6725 3907/4631/6711
f 3907/4631/6711 3849/4637/6725 3939/4638/6726
f 3939/4638/6726 3920/4639/6727 3995/4640/6728
f 3907/4631/6711 3939/4638/6726 4000/4630/6235
f 4000/4630/6235 3939/4638/6726 4004/4641/6236
f 4006/4642/6238 4004/4641/6236 3939/4638/6726
f 3939/4638/6726 3995/4640/6728 4006/4642/6238
f 3995/4640/6728 4010/4643/6729 4006/4642/6238
s 0
f 2429/4315/6730 465/4314/6731 2421/4444/6732
s 1
f 465/4314/6145 569/4310/6140 767/4321/6733
f 73/4453/6381 465/4314/6145 767/4321/6733
s 0
f 696/4452/6734 767/4321/6735 832/4166/6736
s 1
f 767/4321/6733 696/4452/6380 376/4448/6378
f 767/4321/6733 376/4448/6378 73/4453/6381
f 73/4453/6381 2515/4446/6367 2443/4445/6366
f 2443/4445/6366 2421/4444/6365 73/4453/6381
s 0
f 73/4453/6737 2421/4444/6738 465/4314/6739
s 1
f 1581/4644/5888 1560/4645/5900 1576/4646/5906
f 1657/4647/5889 1576/4646/5906 1670/4648/5907
f 1576/4646/5906 1560/4645/5900 1595/4649/6740
s 0
f 1576/4646/6741 1595/4649/6742 1608/4650/6743
f 1595/4649/6744 1560/4645/6745 1570/4651/6746
f 1601/4652/6747 1595/4649/6748 1570/4651/6749
s 1
f 1609/4653/5786 1601/4652/6750 1570/4651/5755
f 1980/4654/6751 1925/4655/5764 2100/4656/5763
s 0
f 1980/4654/6752 2100/4656/6753 2037/4657/6754
f 1864/4658/6755 1877/4659/6756 1925/4655/6757
s 1
f 1757/4660/5781 1864/4658/6758 1679/4661/5779
f 1686/4662/5785 1679/4661/5779 1747/4663/6759
f 1747/4663/6759 1679/4661/5779 1811/4664/6760
f 1686/4662/5785 1747/4663/6759 1609/4653/5786
f 1679/4661/5779 1864/4658/6758 1811/4664/6760
f 1747/4663/6759 1666/4665/6761 1609/4653/5786
f 1666/4665/6761 1601/4652/6750 1609/4653/5786
f 1601/4652/6750 1666/4665/6761 1662/4666/6762
f 1641/4667/6763 1601/4652/6750 1662/4666/6762
f 1601/4652/6750 1641/4667/6763 1595/4649/6764
s 0
f 1595/4649/6765 1641/4667/6766 1608/4650/6767
s 1
f 1576/4646/5906 1608/4650/6768 1685/4668/6769
f 1641/4667/6763 1691/4669/6770 1608/4650/6768
f 1608/4650/6768 1691/4669/6770 1685/4668/6769
f 1670/4648/5907 1685/4668/6769 1723/4670/6771
f 1685/4668/6769 1670/4648/5907 1576/4646/5906
f 1670/4648/5907 1723/4670/6771 1714/4671/5908
f 2590/4603/6671 2720/4502/6486 2576/4609/6686
f 102/4604/6672 2590/4603/6671 2576/4609/6686
f 2576/4609/6686 84/4672/6772 102/4604/6672
f 323/4605/6673 102/4604/6672 84/4672/6772
f 323/4605/6673 84/4672/6772 460/4517/6505
s 0
f 84/4672/6773 355/4673/6774 478/4607/6775
s 1
f 84/4672/6772 478/4607/6675 460/4517/6505
f 925/4511/6499 799/4514/6502 733/4518/6506
f 4065/4674/6242 4014/4675/6239 4010/4643/6729
f 4014/4675/6239 4006/4642/6238 4010/4643/6729
f 4132/4676/6275 4097/4677/6274 4162/4678/6776
f 4065/4674/6242 4010/4643/6729 4008/4679/6777
f 4065/4674/6242 4008/4679/6777 4097/4677/6274
f 4124/4680/6778 4162/4678/6776 4097/4677/6274
f 4075/4681/6779 4124/4680/6778 4097/4677/6274
f 4122/4682/6780 4124/4680/6778 4075/4681/6779
s 0
f 4075/4681/6781 4097/4677/6782 4008/4679/6783
s 1
f 4100/4683/6784 4122/4682/6780 4075/4681/6779
f 4100/4683/6784 4075/4681/6779 4008/4679/6777
f 4100/4683/6784 4064/4684/6785 4091/4685/6786
f 4064/4684/6785 4100/4683/6784 4008/4679/6777
f 4091/4685/6786 4064/4684/6785 4012/4686/6787
f 4091/4685/6786 4012/4686/6787 4078/4687/6788
f 4012/4686/6787 4064/4684/6785 4008/4679/6777
f 3978/4688/6789 4012/4686/6787 4008/4679/6777
f 3995/4640/6728 3978/4688/6789 4008/4679/6777
f 3941/4689/6790 3978/4688/6789 3995/4640/6728
f 4012/4686/6787 3978/4688/6789 4009/4690/6791
f 4012/4686/6787 4009/4690/6791 4078/4687/6788
f 3978/4688/6789 3941/4689/6790 4009/4690/6791
f 4078/4687/6788 4009/4690/6791 4049/4691/6792
f 3941/4689/6790 3995/4640/6728 3920/4639/6727
f 4009/4690/6791 3941/4689/6790 3945/4692/6793
f 4049/4691/6792 4009/4690/6791 3945/4692/6793
f 4049/4691/6792 3945/4692/6793 4033/4693/6794
f 3941/4689/6790 3920/4639/6727 3926/4694/6795
f 3945/4692/6793 3941/4689/6790 3926/4694/6795
f 3942/4695/6796 3945/4692/6793 3926/4694/6795
f 3945/4692/6793 3942/4695/6796 3988/4696/6797
f 3945/4692/6793 3988/4696/6797 4033/4693/6794
f 3942/4695/6796 3926/4694/6795 3928/4697/6798
f 3988/4696/6797 3942/4695/6796 3973/4698/6799
f 3942/4695/6796 3928/4697/6798 3973/4698/6799
f 3912/4699/6800 3928/4697/6798 3926/4694/6795
f 3912/4699/6800 3926/4694/6795 3863/4700/6801
f 3863/4700/6801 3926/4694/6795 3920/4639/6727
f 3863/4700/6801 3920/4639/6727 3939/4638/6726
f 3863/4700/6801 3939/4638/6726 3849/4637/6725
f 3828/4635/6723 3917/4633/6722 3868/4701/6802
s 0
f 3868/4701/6803 3917/4633/6804 3903/4634/6805
f 3863/4700/6806 3849/4637/6807 3794/4702/6808
s 1
f 3868/4701/6809 3903/4634/6721 3943/4623/6704
f 3943/4623/6704 3955/4622/6810 3856/4703/6811
f 3943/4623/6704 3856/4703/6811 3868/4701/6809
f 3955/4622/6810 3989/4620/6695 3885/4704/6812
f 3989/4620/6695 4039/4621/6052 3927/4705/6813
f 3927/4705/6813 4039/4621/6052 3925/4706/6046
f 3925/4706/6046 3832/4707/6044 3927/4705/6813
f 3747/4708/6814 3832/4707/6044 3704/4709/6042
f 3832/4707/6044 3747/4708/6814 3791/4710/6815
s 0
f 3832/4707/6816 3791/4710/6817 3885/4704/6818
s 1
f 3832/4707/6044 3885/4704/6812 3927/4705/6813
f 3927/4705/6813 3885/4704/6812 3989/4620/6695
f 3955/4622/6810 3885/4704/6812 3856/4703/6811
s 0
f 3856/4703/6819 3829/4711/6820 3868/4701/6821
f 3868/4701/6822 3829/4711/6823 3785/4712/6824
s 1
f 3856/4703/6811 3885/4704/6812 3865/4713/6825
f 3865/4713/6825 3885/4704/6812 3791/4710/6826
f 3856/4703/6811 3865/4713/6825 3830/4714/6827
f 3856/4703/6811 3830/4714/6827 3829/4711/6828
f 3829/4711/6828 3830/4714/6827 3785/4712/6829
s 0
f 3785/4712/6830 3828/4635/6831 3868/4701/6832
s 1
f 3828/4635/6723 3785/4712/6829 3825/4715/6833
f 3827/4636/6724 3828/4635/6723 3825/4715/6833
f 3849/4637/6725 3827/4636/6724 3794/4702/6834
f 3794/4702/6834 3827/4636/6724 3784/4716/6835
f 3784/4716/6835 3827/4636/6724 3825/4715/6833
f 3784/4716/6835 3821/4717/6836 3794/4702/6834
f 3853/4718/6837 3831/4719/6838 3878/4720/6839
f 3877/4721/6840 3831/4719/6838 3853/4718/6837
f 3877/4721/6840 3853/4718/6837 3878/4720/6839
f 3794/4702/6834 3831/4719/6838 3877/4721/6840
f 3794/4702/6834 3877/4721/6840 3863/4700/6801
f 3863/4700/6801 3877/4721/6840 3881/4722/6841
f 3889/4723/6842 3877/4721/6840 3905/4724/6843
f 3881/4722/6841 3877/4721/6840 3889/4723/6842
f 3889/4723/6842 3905/4724/6843 3933/4725/6844
f 3889/4723/6842 3933/4725/6844 3953/4726/6845
f 3953/4726/6845 3976/4727/6846 3973/4698/6799
f 3953/4726/6845 3973/4698/6799 3928/4697/6798
f 3953/4726/6845 3928/4697/6798 3889/4723/6842
f 3889/4723/6842 3928/4697/6798 3912/4699/6800
f 3889/4723/6842 3912/4699/6800 3881/4722/6841
f 3881/4722/6841 3912/4699/6800 3863/4700/6801
f 3734/4728/6663 3904/4729/6664 3790/4730/6847
f 3331/4731/6655 3674/4732/6665 3150/4733/6666
f 3150/4733/6666 3674/4732/6665 3347/4734/6687
f 3347/4734/6687 3674/4732/6665 3457/4735/6848
f 3347/4734/6687 3028/4736/6849 3083/4737/6685
f 2576/4738/6686 3083/4737/6685 3028/4736/6849
f 2576/4738/6686 2791/4739/6850 2669/4740/6851
f 2576/4738/6686 2669/4740/6851 84/4741/6772
f 2669/4740/6851 2553/4742/6852 2474/4743/6853
f 2553/4742/6852 2669/4740/6851 2791/4739/6850
f 2576/4738/6686 3028/4736/6849 2993/4744/6854
f 2791/4739/6850 2576/4738/6686 2993/4744/6854
f 2773/4745/6855 2791/4739/6850 2993/4744/6854
f 3028/4736/6849 3347/4734/6687 3161/4746/6856
f 3161/4746/6856 3347/4734/6687 3457/4735/6848
f 3457/4735/6848 3674/4732/6665 3623/4747/6857
f 3790/4730/6847 3674/4732/6665 3734/4728/6663
f 3623/4747/6857 3674/4732/6665 3790/4730/6847
f 3944/4748/6858 3790/4730/6847 3904/4729/6664
f 3944/4748/6858 4046/4749/6859 3790/4730/6847
f 3780/4750/6860 3790/4730/6847 4046/4749/6859
f 3623/4747/6857 3315/4751/6861 3457/4735/6848
f 3457/4735/6848 3315/4751/6861 3161/4746/6856
f 3028/4736/6849 3161/4746/6856 2993/4744/6854
f 3315/4751/6861 3623/4747/6857 3437/4752/6862
f 3437/4752/6862 3623/4747/6857 3780/4750/6860
f 3315/4751/6861 3437/4752/6862 3423/4753/6863
f 3315/4751/6861 3423/4753/6863 3161/4746/6856
f 3780/4750/6860 3623/4747/6857 3790/4730/6847
f 3777/4754/6864 3780/4750/6860 3982/4755/6865
f 3780/4750/6860 4046/4749/6859 3982/4755/6865
f 4046/4749/6859 3944/4748/6858 4123/4756/6866
f 3944/4748/6858 3888/4757/6867 4074/4758/6868
f 3944/4748/6858 4074/4758/6868 4123/4756/6866
f 4137/4759/6244 4074/4758/6868 4031/4760/6245
f 4137/4759/6244 4162/4761/6776 4074/4758/6868
f 4162/4761/6776 4137/4759/6244 4132/4762/6275
f 4074/4758/6868 4162/4761/6776 4123/4756/6866
f 4162/4761/6776 4124/4763/6778 4123/4756/6866
f 4123/4756/6866 4124/4763/6778 4070/4764/6869
f 4123/4756/6866 4070/4764/6869 4046/4749/6859
f 4046/4749/6859 4070/4764/6869 3982/4755/6865
f 4124/4763/6778 4122/4765/6780 4070/4764/6869
f 4100/4766/6784 4070/4764/6869 4122/4765/6780
f 3982/4755/6865 4070/4764/6869 4042/4767/6870
f 3984/4768/6871 3982/4755/6865 4042/4767/6870
f 3982/4755/6865 3984/4768/6871 3777/4754/6864
f 3777/4754/6864 3984/4768/6871 3906/4769/6872
f 4042/4767/6870 4070/4764/6869 4100/4766/6784
s 0
f 4042/4767/6873 4100/4766/6874 4091/4770/6875
s 1
f 4042/4767/6870 4091/4770/6786 4066/4771/6876
f 4042/4767/6870 4066/4771/6876 3984/4768/6871
f 3984/4768/6871 4066/4771/6876 3906/4769/6872
f 4066/4771/6876 4091/4770/6786 4078/4772/6788
f 4078/4772/6788 3999/4773/6877 4066/4771/6876
f 3983/4774/6878 3999/4773/6877 4078/4772/6788
f 4066/4771/6876 3999/4773/6877 3960/4775/6879
f 4066/4771/6876 3960/4775/6879 3906/4769/6872
f 3960/4775/6879 3999/4773/6877 3900/4776/6880
f 3960/4775/6879 3900/4776/6880 3906/4769/6872
f 3777/4754/6864 3906/4769/6872 3782/4777/6881
f 3437/4752/6862 3780/4750/6860 3777/4754/6864
f 3777/4754/6864 3782/4777/6881 3646/4778/6882
f 3777/4754/6864 3646/4778/6882 3531/4779/6883
f 3777/4754/6864 3531/4779/6883 3410/4780/6884
f 3777/4754/6864 3410/4780/6884 3437/4752/6862
f 3782/4777/6881 3924/4781/6885 3805/4782/6886
f 3900/4776/6880 3782/4777/6881 3906/4769/6872
f 3924/4781/6885 3900/4776/6880 3999/4773/6877
f 3924/4781/6885 3999/4773/6877 3983/4774/6878
f 3924/4781/6885 3782/4777/6881 3900/4776/6880
f 3876/4783/6887 3924/4781/6885 3983/4774/6878
f 3924/4781/6885 3876/4783/6887 3805/4782/6886
f 4011/4784/6888 3983/4774/6878 4078/4772/6788
f 4011/4784/6888 4078/4772/6788 4049/4785/6792
f 4011/4784/6888 4049/4785/6792 4033/4786/6794
f 3983/4774/6878 4011/4784/6888 3916/4787/6889
f 4011/4784/6888 4033/4786/6794 3987/4788/6890
f 4033/4786/6794 3988/4789/6797 3987/4788/6890
f 3938/4790/6891 4011/4784/6888 3987/4788/6890
f 4011/4784/6888 3938/4790/6891 3916/4787/6889
f 3987/4788/6890 3988/4789/6797 3973/4791/6799
f 3983/4774/6878 3916/4787/6889 3876/4783/6887
f 3805/4782/6886 3876/4783/6887 3860/4792/6892
f 3860/4792/6892 3876/4783/6887 3916/4787/6889
f 3782/4777/6881 3805/4782/6886 3737/4793/6893
f 3782/4777/6881 3737/4793/6893 3646/4778/6882
f 3437/4752/6862 3410/4780/6884 3255/4794/6894
f 3423/4753/6863 3437/4752/6862 3255/4794/6894
f 3423/4753/6863 3106/4795/6895 3161/4746/6856
f 3161/4746/6856 3106/4795/6895 2993/4744/6854
f 2791/4739/6850 2773/4745/6855 2616/4796/6896
f 2616/4796/6896 2539/4797/6897 2553/4742/6852
f 2616/4796/6896 2553/4742/6852 2791/4739/6850
f 2474/4743/6853 139/4798/6898 2669/4740/6851
f 2669/4740/6851 139/4798/6898 84/4741/6772
f 355/4799/6899 139/4798/6898 263/4800/6900
f 84/4741/6772 139/4798/6898 355/4799/6899
f 799/4801/6502 570/4802/6504 500/4803/6901
f 570/4802/6504 478/4804/6675 500/4803/6901
f 500/4803/6901 478/4804/6675 355/4799/6899
f 263/4800/6900 139/4798/6898 2474/4743/6853
f 500/4803/6901 355/4799/6899 300/4805/6902
f 500/4803/6901 523/4806/6903 799/4801/6502
f 733/4807/6506 799/4801/6502 523/4806/6903
f 733/4807/6506 680/4808/6904 1136/4809/6500
f 680/4808/6904 969/4810/6508 1136/4809/6500
f 1137/4811/6507 969/4810/6508 1128/4812/6509
f 1671/4813/6568 1821/4814/6905 1816/4815/6556
f 1816/4815/6556 1821/4814/6905 1884/4816/6906
s 0
f 1671/4813/6907 1529/4817/6908 1516/4818/6909
s 1
f 1671/4813/6568 1516/4818/6910 1821/4814/6905
f 1132/4819/6510 1196/4820/6911 1436/4821/6511
f 1529/4817/6512 1436/4821/6511 1516/4818/6910
f 1516/4818/6910 1436/4821/6511 1430/4822/6912
f 2017/4823/6569 1884/4816/6906 2015/4824/6913
f 2017/4823/6569 2015/4824/6913 2095/4825/6914
f 2015/4824/6913 1884/4816/6906 1894/4826/6915
f 2017/4823/6569 2095/4825/6914 2098/4827/6570
f 2017/4823/6569 1935/4828/6555 1884/4816/6906
f 1884/4816/6906 1935/4828/6555 1816/4815/6556
s 0
f 2187/4829/6916 2100/4656/6917 2171/4830/6918
s 1
f 2187/4829/6919 2171/4830/6572 2116/4831/6920
f 2171/4830/6572 2095/4832/6914 2116/4831/6920
f 2095/4832/6914 2171/4830/6572 2162/4833/6571
f 2095/4832/6914 2162/4833/6571 2098/4834/6570
f 2116/4831/6920 2095/4832/6914 2015/4835/6913
f 2116/4831/6920 2130/4836/6921 2187/4829/6919
f 2130/4836/6921 2116/4831/6920 2075/4837/6922
f 2075/4837/6922 2116/4831/6920 1986/4838/6923
f 1986/4838/6923 2116/4831/6920 2015/4835/6913
f 1986/4838/6923 1949/4839/6924 2075/4837/6922
f 1949/4839/6924 1986/4838/6923 1972/4840/6925
f 1972/4840/6925 1852/4841/6926 1949/4839/6924
f 2037/4657/6927 2075/4837/6922 1949/4839/6924
f 2037/4657/6927 1949/4839/6924 1994/4842/6928
f 1902/4843/6929 1994/4842/6928 1949/4839/6924
f 1902/4843/6929 1949/4839/6924 1852/4841/6926
f 1819/4844/6930 1852/4841/6926 1796/4845/6931
f 1902/4843/6929 1852/4841/6926 1819/4844/6930
f 1796/4845/6931 1727/4846/6932 1682/4847/6933
f 1727/4846/6932 1492/4848/6934 1682/4847/6933
f 1492/4848/6934 1727/4846/6932 1568/4849/6935
f 1682/4847/6933 1492/4848/6934 1539/4850/6936
f 1374/4851/6937 1492/4848/6934 1568/4849/6935
f 1682/4847/6933 1539/4850/6936 1819/4844/6930
f 1682/4847/6933 1819/4844/6930 1796/4845/6931
s 0
f 1819/4844/6938 1922/4852/6939 1902/4843/6940
s 1
f 1994/4842/6928 1902/4843/6929 1922/4852/6941
f 1994/4842/6928 1922/4852/6941 1980/4654/6751
f 1994/4842/6928 1980/4654/6751 2037/4657/6927
s 0
f 1922/4852/6942 1864/4658/6943 1925/4655/6944
s 1
f 1925/4655/5764 1980/4654/6751 1922/4852/6941
f 1866/4853/6945 1864/4658/6758 1922/4852/6946
f 1811/4664/6760 1864/4658/6758 1866/4853/6945
f 1799/4854/6947 1811/4664/6760 1866/4853/6945
s 0
f 1799/4854/6948 1760/4855/6949 1811/4664/6950
s 1
f 1716/4856/6951 1693/4857/6952 1695/4858/6953
s 0
f 1653/4859/6954 1716/4856/6955 1741/4860/6956
s 1
f 1653/4859/6957 1741/4860/6958 1760/4855/6959
f 1753/4861/6960 1760/4855/6959 1799/4854/6947
f 1799/4854/6947 1866/4853/6945 1753/4861/6960
f 1539/4850/6936 1753/4861/6960 1819/4844/6930
f 1819/4844/6930 1753/4861/6960 1866/4853/6945
f 1866/4853/6945 1922/4852/6946 1819/4844/6930
f 2130/4836/6921 2100/4656/6961 2187/4829/6919
f 2100/4656/6961 2130/4836/6921 2037/4657/6927
f 2037/4657/6927 2130/4836/6921 2075/4837/6922
s 0
f 1196/4820/6962 1132/4819/6963 1078/4862/6964
s 1
f 1436/4821/6511 1196/4820/6911 1430/4822/6912
f 1132/4819/6510 1128/4812/6509 692/4863/6965
f 1128/4812/6509 969/4810/6508 692/4863/6965
f 733/4807/6506 523/4806/6903 452/4864/6966
f 452/4864/6966 523/4806/6903 500/4803/6901
s 0
f 452/4864/6967 500/4803/6968 300/4805/6969
s 1
f 283/4865/6970 300/4805/6902 355/4799/6899
f 283/4865/6970 355/4799/6899 263/4800/6900
f 224/4866/6971 283/4865/6970 263/4800/6900
f 283/4865/6970 224/4866/6971 261/4867/6972
f 283/4865/6970 261/4867/6972 300/4805/6902
f 452/4864/6973 300/4805/6902 261/4867/6972
f 167/4868/6974 261/4867/6972 224/4866/6971
f 452/4864/6973 261/4867/6972 282/4869/6975
f 282/4869/6975 261/4867/6972 167/4868/6974
f 167/4868/6974 88/4870/6976 2448/4871/6977
f 2448/4871/6977 88/4870/6976 2465/4872/6978
f 2517/4873/6979 2448/4871/6977 2465/4872/6978
f 2517/4873/6979 2465/4872/6978 2587/4874/6980
f 2448/4871/6977 2517/4873/6979 2407/4875/6981
f 2448/4871/6977 91/4876/6982 167/4868/6974
f 2448/4871/6977 2407/4875/6981 91/4876/6982
f 167/4868/6974 91/4876/6982 282/4869/6975
f 2403/4877/6983 2407/4875/6981 2517/4873/6979
f 290/4878/6984 91/4876/6982 2402/4879/6985
f 91/4876/6982 2407/4875/6981 2402/4879/6985
f 2402/4879/6985 2407/4875/6981 2403/4877/6983
f 2402/4879/6985 142/4880/6986 290/4878/6984
f 2499/4881/6987 2402/4879/6985 2403/4877/6983
f 2403/4877/6983 2517/4873/6979 2542/4882/6988
f 2403/4877/6983 2542/4882/6988 2525/4883/6989
f 2525/4883/6989 2542/4882/6988 2624/4884/6990
f 2403/4877/6983 2525/4883/6989 2499/4881/6987
f 2525/4883/6989 2624/4884/6990 2582/4885/6991
f 2624/4884/6990 2542/4882/6988 2588/4886/6992
f 2624/4884/6990 2673/4887/6993 2753/4888/6994
f 2673/4887/6993 2624/4884/6990 2588/4886/6992
f 2753/4888/6994 2673/4887/6993 2938/4889/6995
f 2753/4888/6994 2938/4889/6995 2864/4890/6996
s 0
f 3030/4891/6997 2864/4890/6998 2938/4889/6999
s 1
f 2864/4890/6996 3030/4891/7000 3043/4892/7001
f 2753/4888/6994 2677/4893/7002 2624/4884/6990
f 2624/4884/6990 2677/4893/7002 2582/4885/6991
f 2677/4893/7002 2753/4888/6994 2743/4894/7003
f 2677/4893/7002 2518/4895/7004 2582/4885/6991
f 2582/4885/6991 2518/4895/7004 2414/4896/7005
f 2582/4885/6991 2414/4896/7005 2525/4883/6989
f 2525/4883/6989 2414/4896/7005 2499/4881/6987
f 2499/4881/6987 2414/4896/7005 2411/4897/7006
f 2414/4896/7005 30/4898/7007 2411/4897/7006
f 608/4899/7008 276/4900/7009 445/4901/7010
f 608/4899/7008 390/4902/7011 276/4900/7009
f 658/4903/7012 608/4899/7008 445/4904/7010
f 852/4905/7013 859/4906/7014 1211/4907/7015
f 716/4908/7016 852/4905/7013 934/4909/7017
f 716/4908/7016 934/4909/7017 658/4903/7012
f 1290/4910/7018 1374/4911/6937 1568/4912/6935
f 1278/4913/7019 1211/4907/7015 1290/4910/7018
f 852/4905/7013 1211/4907/7015 1127/4914/7020
f 1127/4914/7020 934/4909/7017 852/4905/7013
f 94/4915/7021 142/4880/6986 30/4898/7007
f 30/4898/7007 142/4880/6986 2411/4897/7006
f 2411/4897/7006 142/4880/6986 2402/4879/6985
f 142/4880/6986 94/4915/7021 290/4878/6984
f 290/4878/6984 94/4915/7021 276/4900/7009
f 2411/4897/7006 2402/4879/6985 2499/4881/6987
f 290/4878/6984 276/4900/7009 373/4916/7022
f 373/4916/7022 276/4900/7009 390/4902/7011
f 290/4878/6984 282/4869/6975 91/4876/6982
f 282/4869/6975 290/4878/6984 452/4864/6973
f 290/4878/6984 373/4916/7022 452/4864/6973
f 452/4864/6966 680/4808/6904 733/4807/6506
s 0
f 680/4808/7023 452/4864/7024 373/4916/7025
s 1
f 969/4810/6508 680/4808/6904 562/4917/7026
f 680/4808/6904 373/4916/7022 562/4917/7026
f 373/4916/7022 390/4902/7011 562/4917/7026
f 562/4917/7026 692/4863/6965 969/4810/6508
f 1132/4819/6510 692/4863/6965 1078/4862/7027
f 1078/4862/7027 692/4863/6965 938/4918/7028
f 1078/4862/7027 1031/4919/7029 1196/4820/6911
f 1031/4919/7029 1349/4920/7030 1196/4820/6911
f 1196/4820/6911 1349/4920/7030 1430/4822/6912
f 1430/4822/6912 1349/4920/7030 1621/4921/7031
f 1516/4818/6910 1430/4822/6912 1621/4921/7031
f 1516/4818/6910 1709/4922/7032 1821/4814/6905
f 1821/4814/6905 1709/4922/7032 1823/4923/7033
f 1884/4816/6906 1821/4814/6905 1823/4923/7033
f 2015/4824/6913 1894/4826/6915 1986/4924/6923
f 1986/4924/6923 1894/4826/6915 1972/4925/6925
f 1823/4923/7033 1894/4826/6915 1884/4816/6906
f 1972/4925/6925 1894/4826/6915 1852/4926/6926
f 1852/4926/6926 1894/4826/6915 1823/4923/7033
f 1823/4923/7033 1709/4922/7032 1742/4927/7034
f 1742/4927/7034 1709/4922/7032 1621/4921/7031
f 1525/4928/7035 1621/4921/7031 1349/4920/7030
f 1621/4921/7031 1709/4922/7032 1516/4818/6910
f 1621/4921/7031 1525/4928/7035 1742/4927/7034
f 1349/4920/7030 1356/4929/7036 1525/4928/7035
f 1356/4929/7036 1349/4920/7030 1031/4919/7029
f 1031/4919/7029 1078/4862/7027 938/4918/7028
f 938/4918/7028 692/4863/6965 658/4903/7012
f 658/4903/7012 692/4863/6965 562/4917/7026
f 390/4902/7011 608/4899/7008 562/4917/7026
s 0
f 562/4917/7037 608/4899/7038 658/4903/7039
s 1
f 658/4903/7012 934/4909/7017 938/4918/7028
s 0
f 938/4918/7040 934/4909/7041 1031/4919/7042
s 1
f 1031/4919/7029 934/4909/7017 1127/4914/7020
f 1031/4919/7029 1127/4914/7020 1356/4929/7036
f 1127/4914/7020 1211/4907/7015 1356/4929/7036
f 1356/4929/7036 1211/4907/7015 1278/4913/7019
f 1278/4913/7019 1290/4910/7018 1568/4912/6935
f 1278/4913/7019 1568/4912/6935 1727/4930/6932
f 1727/4930/6932 1530/4931/7043 1278/4913/7019
f 1278/4913/7019 1530/4931/7043 1356/4929/7036
f 1356/4929/7036 1530/4931/7043 1525/4928/7035
f 1742/4927/7034 1525/4928/7035 1530/4931/7043
f 1742/4927/7034 1530/4931/7043 1727/4930/6932
f 1742/4927/7034 1727/4930/6932 1796/4932/6931
f 1742/4927/7034 1796/4932/6931 1823/4923/7033
f 1823/4923/7033 1796/4932/6931 1852/4926/6926
s 0
f 832/4166/7044 962/4167/7045 577/4454/7046
f 832/4166/7047 577/4454/7048 696/4452/7049
s 1
f 4008/4679/6777 4010/4643/6729 3995/4640/6728
f 4182/4251/6085 4128/4933/7050 4191/4252/6086
f 4182/4251/6085 4029/4253/6087 3971/4573/6604
f 4182/4251/6085 3971/4573/6604 4098/4575/6606
f 4182/4251/6085 4098/4575/6606 4128/4933/7050
f 4098/4575/6606 4104/4576/6607 4121/4579/6610
s 0
f 4098/4575/7051 4121/4579/7052 4190/4247/7053
s 1
f 4098/4575/6606 4190/4247/6078 4188/4934/7054
f 4098/4575/6606 4188/4934/7054 4128/4933/7050
f 4128/4933/7050 4188/4934/7054 4191/4252/6086
f 4191/4252/6086 4188/4934/7054 4207/4248/6079
f 4207/4248/6079 4188/4934/7054 4190/4247/6078
f 4291/4242/6069 4190/4247/6078 4244/4935/7055
s 0
f 4310/4238/7056 4291/4242/7057 4244/4935/7058
f 4310/4238/7059 4244/4935/7060 4241/4237/7061
s 1
f 4214/4936/7062 4241/4237/6062 4244/4935/7055
f 4153/4228/6053 4241/4237/6062 4214/4936/7062
s 0
f 4051/4937/7063 4153/4228/7064 4121/4579/7065
f 4121/4579/7066 4153/4228/7067 4214/4936/7068
s 1
f 4244/4935/7055 4190/4247/6078 4214/4936/7062
f 4190/4247/6078 4121/4579/7069 4214/4936/7062
f 4051/4937/6050 4121/4579/6610 4113/4226/6051
f 263/4800/6900 2474/4743/6853 138/4938/7070
f 138/4938/7070 2474/4743/6853 2539/4797/6897
f 263/4800/6900 138/4938/7070 2449/4939/7071
f 2449/4939/7071 138/4938/7070 2539/4797/6897
f 263/4800/6900 2449/4939/7071 224/4866/6971
f 2553/4742/6852 2539/4797/6897 2474/4743/6853
f 2449/4939/7071 2539/4797/6897 2509/4940/7072
f 2539/4797/6897 2616/4796/6896 2509/4940/7072
f 2616/4796/6896 2646/4941/7073 2509/4940/7072
f 2646/4941/7073 2616/4796/6896 2773/4745/6855
f 2773/4745/6855 2993/4744/6854 2866/4942/7074
f 2646/4941/7073 2773/4745/6855 2688/4943/7075
f 2773/4745/6855 2866/4942/7074 2688/4943/7075
f 2646/4941/7073 2688/4943/7075 2520/4944/7076
f 2646/4941/7073 2520/4944/7076 2509/4940/7072
f 2520/4944/7076 2688/4943/7075 2587/4874/6980
f 2520/4944/7076 2587/4874/6980 2465/4872/6978
f 2520/4944/7076 2465/4872/6978 2509/4940/7072
f 88/4870/6976 167/4868/6974 224/4866/6971
f 2465/4872/6978 88/4870/6976 2420/4945/7077
f 2465/4872/6978 2420/4945/7077 2509/4940/7072
f 2509/4940/7072 2420/4945/7077 2449/4939/7071
f 2449/4939/7071 2420/4945/7077 88/4870/6976
f 88/4870/6976 224/4866/6971 2449/4939/7071
f 1788/4159/5961 1888/4158/7078 1805/4458/7079
f 1684/4170/5976 1788/4159/5961 1373/4457/6387
f 1373/4457/6387 1788/4159/5961 1549/4466/6408
f 1549/4466/6408 1788/4159/5961 1805/4458/7079
f 1805/4458/7079 1964/4171/5977 1702/4465/6407
f 1964/4171/5977 1783/4464/6403 1702/4465/6407
f 1805/4458/7079 1702/4465/6407 1549/4466/6408
f 1373/4457/6387 1549/4466/6408 1232/4191/6015
f 1549/4466/6408 1382/4189/6011 1232/4191/6015
f 1232/4191/6015 1033/4194/6018 1373/4457/6387
f 1373/4457/6387 1033/4194/6018 1145/4456/6386
f 1145/4456/6386 1066/4946/7080 1236/4169/5975
f 1236/4169/5975 1066/4946/7080 1051/4947/7081
f 1119/4168/5974 1236/4169/5975 1051/4947/7081
f 696/4452/6380 577/4454/7082 509/4451/6379
f 246/4450/6377 1/4449/6376 65/4447/6372
f 58/4594/6648 246/4450/6377 254/4596/6650
f 246/4450/6377 58/4594/6648 1/4449/6376
f 254/4596/6650 246/4450/6377 509/4451/6379
f 509/4451/6379 577/4454/7082 479/4948/7083
s 0
f 254/4596/7084 509/4451/7085 479/4948/7086
s 1
f 254/4596/6650 479/4948/7083 397/4595/6649
f 397/4595/6649 479/4948/7083 581/4200/6023
f 581/4200/6023 479/4948/7083 668/4949/7087
f 581/4200/6023 86/4201/6024 397/4595/6649
f 730/4199/6022 581/4200/6023 668/4949/7087
s 0
f 668/4949/7088 959/4196/7089 730/4199/7090
s 1
f 959/4196/6020 1066/4946/7080 1033/4194/6018
f 1033/4194/6018 1066/4946/7080 1145/4456/6386
f 1051/4947/7081 1066/4946/7080 959/4196/6020
f 668/4949/7087 1051/4947/7081 959/4196/6020
f 577/4454/7082 668/4949/7087 479/4948/7083
f 668/4949/7087 577/4454/7082 981/4455/6385
f 1051/4947/7081 981/4455/6385 1119/4168/5974
f 981/4455/6385 1051/4947/7081 668/4949/7087
s 0
f 1747/4663/7091 1811/4664/7092 1760/4855/7093
s 1
f 1747/4663/7094 1760/4855/6959 1741/4860/6958
s 0
f 1716/4856/7095 1747/4663/7096 1741/4860/7097
s 1
f 1747/4663/6759 1716/4856/6951 1666/4665/6761
f 1666/4665/6761 1716/4856/6951 1662/4666/6762
f 1662/4666/6762 1716/4856/6951 1695/4858/6953
f 1662/4666/6762 1695/4858/6953 1641/4667/6763
f 1750/4950/7098 1691/4669/6770 1694/4951/7099
f 1695/4858/6953 1694/4951/7099 1641/4667/6763
f 1808/4952/7100 1750/4950/7098 1785/4953/7101
f 1808/4952/7100 1785/4953/7101 1886/4954/6001
f 1785/4953/7101 1707/4955/7102 1886/4954/6001
s 0
f 1707/4955/7103 1725/4956/7104 1886/4954/7105
s 1
f 1886/4954/6001 1725/4956/6004 1863/4957/6003
f 1808/4952/7100 1886/4954/6001 1842/4958/6000
f 1808/4952/7106 1784/4959/7107 1723/4670/7108
s 0
f 1808/4952/7109 1842/4958/7110 1784/4959/7111
f 1808/4952/7112 1723/4670/7113 1750/4950/7114
s 1
f 1750/4950/7098 1723/4670/6771 1685/4668/6769
f 1691/4669/6770 1750/4950/7098 1685/4668/6769
f 1694/4951/7099 1691/4669/6770 1641/4667/6763
f 2993/4744/6854 3106/4795/6895 2938/4889/6995
f 2993/4744/6854 2938/4889/6995 2866/4942/7074
f 2688/4943/7075 2866/4942/7074 2673/4887/6993
f 2588/4886/6992 2587/4874/6980 2688/4943/7075
f 2588/4886/6992 2688/4943/7075 2673/4887/6993
f 2938/4889/6995 2673/4887/6993 2866/4942/7074
f 2587/4874/6980 2588/4886/6992 2517/4873/6979
f 2517/4873/6979 2588/4886/6992 2542/4882/6988
f 2938/4889/6995 3106/4795/6895 3255/4794/6894
f 3106/4795/6895 3423/4753/6863 3255/4794/6894
s 0
f 3255/4794/7115 3030/4891/7116 2938/4889/7117
s 1
f 3255/4794/6894 3410/4780/6884 3206/4960/7118
f 3255/4794/6894 3206/4960/7118 3030/4891/7000
f 3030/4891/7000 3206/4960/7118 3043/4892/7001
f 3043/4892/7001 3206/4960/7118 3082/4961/7119
f 3043/4892/7001 3082/4961/7119 2864/4890/6996
f 2753/4888/6994 2864/4890/6996 2743/4894/7003
f 2743/4894/7003 2864/4890/6996 3082/4961/7119
s 0
f 3082/4961/7120 3206/4960/7121 3124/4962/7122
s 1
f 3424/4963/7123 3124/4962/7124 3319/4964/7125
f 3319/4964/7125 3124/4962/7124 3206/4960/7118
f 3319/4964/7125 3206/4960/7118 3410/4780/6884
f 3319/4964/7125 3410/4780/6884 3556/4965/7126
f 3556/4965/7126 3410/4780/6884 3531/4779/6883
f 3556/4965/7126 3531/4779/6883 3646/4778/6882
f 3860/4792/6892 3737/4793/6893 3805/4782/6886
f 3783/4966/7127 3737/4793/6893 3860/4792/6892
f 3783/4966/7127 3860/4792/6892 3879/4967/7128
f 3938/4790/6891 3879/4967/7128 3860/4792/6892
f 3938/4790/6891 3860/4792/6892 3916/4787/6889
f 3879/4967/7128 3938/4790/6891 3946/4968/7129
f 3946/4968/7129 3938/4790/6891 3987/4788/6890
f 3987/4788/6890 3973/4791/6799 3976/4969/6846
f 3987/4788/6890 3976/4969/6846 3946/4968/7129
f 3887/4970/7130 3946/4968/7129 3976/4969/6846
f 3946/4968/7129 3887/4970/7130 3879/4967/7128
f 3887/4970/7130 3976/4969/6846 3953/4971/6845
f 3953/4971/6845 3933/4972/6844 3884/4973/7131
f 3953/4971/6845 3884/4973/7131 3887/4970/7130
f 3887/4970/7130 3884/4973/7131 3852/4974/7132
f 3887/4970/7130 3852/4974/7132 3879/4967/7128
f 3783/4966/7127 3879/4967/7128 3852/4974/7132
f 3783/4966/7127 3852/4974/7132 3751/4975/7133
f 3783/4966/7127 3751/4975/7133 3737/4793/6893
f 3646/4778/6882 3737/4793/6893 3655/4976/7134
f 3737/4793/6893 3751/4975/7133 3655/4976/7134
f 3646/4778/6882 3655/4976/7134 3556/4965/7126
f 3319/4964/7125 3556/4965/7126 3424/4963/7123
f 3424/4963/7123 3556/4965/7126 3655/4976/7134
f 3424/4963/7123 3655/4976/7134 3668/4977/7135
f 3668/4977/7135 3655/4976/7134 3751/4975/7133
f 3751/4975/7133 3852/4974/7132 3842/4978/7136
f 3842/4978/7136 3852/4974/7132 3848/4979/7137
f 3848/4979/7137 3852/4974/7132 3884/4973/7131
s 0
f 3536/4583/7138 3602/4213/7139 3648/4585/7140
s 1
f 3884/4980/7131 3933/4725/6844 3905/4724/6843
s 0
f 3884/4980/7141 3905/4724/7142 3848/4981/7143
s 1
f 3905/4724/6843 3877/4721/6840 3878/4720/6839
f 3848/4981/7137 3905/4724/6843 3842/4982/7136
f 3905/4724/6843 3882/4983/7144 3842/4982/7136
f 3905/4724/6843 3878/4720/6839 3882/4983/7144
f 3836/4984/7145 3842/4982/7136 3882/4983/7144
f 3836/4984/7145 3751/4985/7133 3842/4982/7136
f 3751/4985/7133 3836/4984/7145 3668/4986/7135
f 3748/4987/7146 3836/4984/7145 3882/4983/7144
f 3748/4987/7146 3882/4983/7144 3878/4720/6839
f 1653/4988/6957 1760/4989/6959 1753/4990/6960
f 1539/4991/6936 1476/4992/7147 1753/4993/6960
f 1374/4994/6937 1375/4995/7148 1492/4996/6934
s 0
f 1539/4991/7149 1492/4996/7150 1311/4997/7151
s 1
f 1539/4991/6936 1311/4997/7152 1476/4992/7147
s 0
f 1543/4998/7153 1753/4990/7154 1476/4992/7155
s 1
f 1753/4990/6960 1543/4998/7156 1653/4988/6957
f 1716/4999/6951 1653/4988/6957 1693/5000/6952
f 1653/4988/6957 1664/5001/7157 1693/5000/6952
f 1664/5001/7157 1653/4988/6957 1599/5002/7158
f 1693/5000/6952 1664/5001/7157 1649/5003/7159
f 1664/5001/7157 1599/5002/7158 1649/5003/7159
f 1649/5003/7159 1599/5002/7158 1556/5004/7160
f 1649/5003/7159 1556/5004/7160 1558/5005/7161
f 1649/5003/7159 1558/5005/7161 1651/5006/7162
f 1558/5005/7161 1562/5007/7163 1651/5006/7162
f 1562/5007/7163 1558/5005/7161 1412/5008/7164
f 1562/5007/7163 1412/5008/7164 1480/5009/7165
f 1488/5010/7166 1480/5009/7165 1305/5011/7167
f 1480/5009/7165 1412/5008/7164 1305/5011/7167
f 1412/5008/7164 1558/5005/7161 1482/5012/7168
f 1412/5008/7164 1482/5012/7168 1361/5013/7169
f 1412/5008/7164 1361/5013/7169 1305/5011/7167
f 1305/5011/7167 1298/5014/7170 1321/5015/7171
f 1228/5016/7172 1321/5015/7171 1298/5014/7170
f 1228/5016/7172 1298/5014/7170 991/5017/7173
f 1361/5013/7169 1482/5012/7168 1203/5018/7174
f 1482/5012/7168 1558/5005/7161 1556/5004/7160
s 0
f 1482/5012/7175 1556/5004/7176 1456/5019/7177
s 1
f 1456/5019/7178 1556/5004/7160 1444/5020/7179
f 1556/5004/7160 1599/5002/7158 1489/5021/7180
f 1444/5020/7179 1556/5004/7160 1489/5021/7180
f 1489/5021/7180 1599/5002/7158 1543/4998/7156
f 1489/5021/7180 1543/4998/7156 1328/5022/7181
f 1543/4998/7156 1599/5002/7158 1653/4988/6957
f 1328/5022/7181 1543/4998/7156 1476/4992/7147
f 1476/4992/7147 1311/4997/7152 1328/5022/7181
s 0
f 1375/4995/7182 1311/4997/7183 1492/4996/7184
s 1
f 1375/4995/7148 1374/4994/6937 1243/5023/7185
f 1243/5023/7185 1374/4994/6937 1299/5024/7186
f 1299/5024/7186 1374/4994/6937 1290/5025/7018
f 1123/5026/7187 1299/5024/7186 1290/5025/7018
f 1123/5026/7187 1290/5025/7018 1211/5027/7015
f 1123/5026/7187 1211/5028/7015 859/5029/7014
f 859/5029/7014 852/5030/7013 716/5031/7016
f 658/5032/7012 445/5033/7010 487/5034/7188
f 658/5032/7012 487/5034/7188 716/5031/7016
f 716/5031/7016 665/5035/7189 859/5029/7014
s 0
f 665/5035/7190 716/5031/7191 487/5034/7192
s 1
f 859/5029/7014 665/5035/7189 841/5036/7193
f 841/5036/7193 1123/5026/7187 859/5029/7014
f 1123/5026/7187 944/5037/7194 1299/5024/7186
f 1123/5026/7187 841/5036/7193 944/5037/7194
f 487/5034/7188 445/5033/7010 130/5038/7195
f 665/5035/7189 487/5034/7188 573/5039/7196
f 665/5035/7189 573/5039/7196 841/5036/7193
f 944/5037/7194 841/5036/7193 769/5040/7197
f 841/5036/7193 573/5039/7196 769/5040/7197
f 130/5038/7195 573/5039/7196 487/5034/7188
f 121/5041/7198 130/5038/7195 445/5033/7010
f 276/5042/7009 94/5043/7021 131/5044/7199
f 445/5033/7010 276/5042/7009 131/5044/7199
f 94/5043/7021 30/5045/7007 23/5046/7200
f 131/5044/7199 94/5043/7021 23/5046/7200
f 131/5044/7199 23/5046/7200 67/5047/7201
f 445/5033/7010 131/5044/7199 121/5041/7198
f 121/5041/7198 131/5044/7199 67/5047/7201
f 67/5047/7201 2406/5048/7202 121/5041/7198
f 2511/5049/7203 2406/5048/7202 67/5047/7201
f 2504/5050/7204 2406/5048/7202 2511/5049/7203
f 130/5038/7195 121/5041/7198 2406/5048/7202
f 130/5038/7195 309/5051/7205 573/5039/7196
f 573/5039/7196 309/5051/7205 552/5052/7206
f 573/5039/7196 552/5052/7206 769/5040/7197
f 769/5040/7197 552/5052/7206 662/5053/7207
f 851/5054/7208 769/5040/7197 662/5053/7207
f 944/5037/7194 769/5040/7197 851/5054/7208
s 0
f 381/5055/7209 552/5052/7210 309/5051/7211
s 1
f 29/5056/7212 309/5051/7205 130/5038/7195
f 29/5056/7212 130/5038/7195 2547/5057/7213
f 2547/5057/7213 130/5038/7195 2406/5048/7202
f 2547/5057/7213 2406/5048/7202 2504/5050/7204
f 2547/5057/7213 2504/5050/7204 2638/5058/7214
f 2638/5058/7214 2504/5050/7204 2614/5059/7215
f 2547/5057/7213 2638/5058/7214 2622/5060/7216
f 2622/5060/7216 2578/5061/7217 2547/5057/7213
f 2578/5061/7217 2622/5060/7216 2604/5062/7218
f 29/5056/7212 2547/5057/7213 2459/5063/7219
f 2578/5061/7217 2459/5063/7219 2547/5057/7213
f 309/5051/7205 29/5056/7212 381/5055/7220
f 552/5052/7206 381/5055/7221 513/5064/7222
f 552/5052/7206 513/5064/7222 662/5053/7207
f 2623/5065/7223 2459/5063/7219 2578/5061/7217
f 2578/5061/7217 2604/5062/7218 2623/5065/7223
f 2604/5062/7218 2622/5060/7216 2631/5066/7224
f 2623/5065/7223 2604/5062/7218 2631/5066/7224
f 2622/5060/7216 2638/5058/7214 2734/5067/7225
f 2622/5060/7216 2734/5067/7225 2761/5068/7226
f 2622/5060/7216 2761/5068/7226 2631/5066/7224
f 2734/5067/7225 2955/5069/7227 2761/5068/7226
f 2631/5066/7224 2761/5068/7226 2781/5070/7228
f 2955/5069/7227 2734/5067/7225 2828/5071/7229
f 2734/5067/7225 2638/5058/7214 2614/5059/7215
f 2734/5067/7225 2614/5059/7215 2743/5072/7003
f 2734/5067/7225 2743/5072/7003 2828/5071/7229
f 2955/5069/7227 2828/5071/7229 2972/5073/7230
f 2972/5073/7230 2828/5071/7229 3082/5074/7119
f 2972/5073/7230 3147/5075/7231 3162/5076/7232
f 2972/5073/7230 3162/5076/7232 2955/5069/7227
f 2955/5069/7227 3162/5076/7232 3076/5077/7233
f 3162/5076/7232 3147/5075/7231 3335/5078/7234
f 3323/5079/7235 3162/5076/7232 3335/5078/7234
f 3076/5077/7233 2859/5080/7236 2955/5069/7227
f 2955/5069/7227 2859/5080/7236 2761/5068/7226
f 2761/5068/7226 2859/5080/7236 2781/5070/7228
f 3182/5081/7237 3076/5077/7233 3162/5076/7232
f 3182/5081/7237 3162/5076/7232 3323/5079/7235
f 3182/5081/7237 3323/5079/7235 3337/5082/7238
f 3337/5082/7238 3323/5079/7235 3552/5083/7239
f 3323/5079/7235 3335/5078/7234 3603/5084/7240
f 3323/5079/7235 3603/5084/7240 3605/5085/7241
f 3147/5075/7231 3342/5086/7242 3335/5078/7234
f 3147/5075/7231 2972/5073/7230 3124/5087/7124
f 3124/5087/7124 2972/5073/7230 3082/5074/7119
f 3147/5075/7231 3124/5087/7124 3342/5086/7242
f 3594/5088/7243 3335/5078/7234 3342/5086/7242
f 3335/5078/7234 3594/5088/7243 3603/5084/7240
f 3603/5084/7240 3594/5088/7243 3665/5089/7244
f 3603/5084/7240 3665/5089/7244 3705/5090/7245
f 3705/5090/7245 3665/5089/7244 3762/5091/7246
f 3605/5085/7241 3603/5084/7240 3705/5090/7245
f 3605/5085/7241 3705/5090/7245 3701/5092/7247
f 3701/5092/7247 3709/5093/7248 3669/5094/7249
f 3709/5093/7248 3701/5092/7247 3788/5095/7250
f 3788/5095/7250 3701/5092/7247 3705/5090/7245
f 3709/5093/7248 3788/5095/7250 3753/5096/7251
f 3788/5095/7250 3705/5090/7245 3762/5091/7246
f 3590/5097/7252 3709/5093/7248 3722/5098/7253
f 3722/5098/7253 3709/5093/7248 3758/5099/7254
f 3758/5099/7254 3709/5093/7248 3753/5096/7251
f 3758/5099/7254 3753/5096/7251 3765/5100/7255
f 3758/5099/7254 3765/5100/7255 3824/5101/7256
f 3722/5098/7253 3758/5099/7254 3719/5102/7257
f 3719/5102/7257 3758/5099/7254 3764/5103/7258
f 3722/5098/7253 3719/5102/7257 3578/5104/7259
f 3622/5105/7260 3719/5102/7257 3764/5103/7258
f 3764/5103/7258 3758/5099/7254 3824/5101/7256
f 3764/5103/7258 3824/5101/7256 3800/5106/7261
f 3764/5103/7258 3717/5107/7262 3622/5105/7260
s 0
f 3622/5105/7263 3717/5107/7264 3441/5108/7265
s 1
f 3441/5108/7266 3717/5107/7262 3713/5109/7267
f 3441/5108/7266 3713/5109/7267 3627/5110/7268
f 3586/5111/7269 3441/5108/7266 3627/5110/7268
f 3713/5109/7267 3717/5107/7262 3791/5112/6815
f 3791/5112/6815 3717/5107/7262 3764/5103/7258
f 3747/5113/6814 3713/5109/7267 3791/5112/6815
f 3791/5112/6815 3764/5103/7258 3800/5106/7261
s 0
f 3791/5112/7270 3800/5106/7271 3865/5114/7272
s 1
f 3800/5106/7261 3824/5101/7256 3786/5115/7273
f 3800/5106/7261 3786/5115/7273 3830/5116/6827
f 3800/5106/7261 3830/5116/6827 3865/5114/6825
f 3786/5115/7273 3824/5101/7256 3765/5100/7255
f 3786/5115/7273 3765/5100/7255 3763/5117/7274
s 0
f 3765/5100/7275 3753/5096/7276 3763/5117/7277
s 1
f 3763/5117/7278 3753/5096/7251 3778/5118/7279
f 3778/5118/7279 3753/5096/7251 3788/5095/7250
f 3762/5091/7246 3665/5089/7244 3749/5119/7280
f 3762/5091/7246 3749/5119/7280 3793/5120/7281
f 3762/5091/7246 3793/5120/7281 3788/5095/7250
f 3788/5095/7250 3793/5120/7281 3821/5121/6836
s 0
f 3788/5095/7282 3821/5121/7283 3778/5118/7284
s 1
f 3821/5121/6836 3793/5120/7281 3833/5122/7285
f 3833/5122/7285 3793/5120/7281 3749/5119/7280
f 3833/5122/7285 3749/5119/7280 3797/5123/7286
f 3749/5119/7280 3665/5089/7244 3797/5123/7286
f 3665/5089/7244 3748/5124/7146 3797/5123/7286
f 3594/5088/7243 3668/5125/7135 3665/5089/7244
f 3594/5088/7243 3342/5086/7242 3424/5126/7123
s 0
f 3594/5088/7287 3424/5126/7288 3668/5125/7289
s 1
f 3124/5087/7124 3424/5126/7123 3342/5086/7242
f 2677/5127/7002 2528/5128/7290 2518/5129/7004
f 2614/5059/7215 2677/5127/7002 2743/5072/7003
f 2677/5127/7002 2614/5059/7215 2528/5128/7290
f 2828/5071/7229 2743/5072/7003 3082/5074/7119
f 2533/5130/7291 2614/5059/7215 2504/5050/7204
f 2533/5130/7291 2504/5050/7204 2511/5049/7203
f 2614/5059/7215 2533/5130/7291 2528/5128/7290
f 2528/5128/7290 2533/5130/7291 2511/5049/7203
f 2511/5049/7203 67/5047/7201 23/5046/7200
f 2528/5128/7290 2511/5049/7203 2518/5129/7004
f 2518/5129/7004 2511/5049/7203 2414/5131/7005
f 2414/5131/7005 2511/5049/7203 23/5046/7200
f 2414/5131/7005 23/5046/7200 30/5045/7007
f 1750/5132/7098 1694/5133/7099 1715/5134/7292
f 1750/5132/7098 1715/5134/7292 1743/5135/7293
f 1715/5134/7292 1694/5133/7099 1695/5136/6953
f 1695/5136/6953 1649/5003/7159 1715/5134/7292
f 1649/5003/7159 1695/5136/6953 1693/5000/6952
f 1649/5003/7159 1651/5006/7162 1715/5134/7292
f 1321/5015/7171 1488/5010/7166 1305/5011/7167
f 1480/5009/7165 1488/5010/7166 1725/5137/6004
f 1488/5010/7166 1321/5015/7171 1571/5138/6005
f 1371/5139/7294 1321/5015/7171 1228/5016/7172
f 1258/5140/7295 1228/5016/7172 1126/5141/7296
f 1126/5141/7296 1228/5016/7172 991/5017/7173
f 1258/5140/7295 1126/5141/7296 1369/5142/6010
f 1126/5141/7296 1068/5143/7297 1369/5142/6010
f 1068/5143/7297 1126/5141/7296 929/5144/7298
f 1298/5014/7170 1305/5011/7167 1148/5145/7299
f 1298/5014/7170 1148/5145/7299 991/5017/7173
f 1148/5145/7299 1305/5011/7167 1361/5013/7169
f 1203/5018/7174 1482/5012/7168 1456/5019/7178
s 0
f 1319/5146/7300 1444/5020/7301 1489/5021/7302
s 1
f 1319/5146/7303 1489/5021/7180 1328/5022/7181
s 0
f 1328/5022/7304 1311/4997/7305 1253/5147/7306
s 1
f 1328/5022/7181 1253/5147/7307 1150/5148/7308
f 1073/5149/7309 1253/5147/7310 1256/5150/7311
f 1256/5150/7311 1253/5147/7310 1311/4997/7312
f 1161/5151/7313 1256/5150/7311 1243/5023/7185
f 851/5054/7208 1161/5151/7313 944/5037/7194
f 1161/5151/7313 851/5054/7208 914/5152/7314
f 914/5152/7314 1256/5150/7311 1161/5151/7313
f 1256/5150/7311 914/5152/7314 1073/5149/7309
f 1150/5148/7308 1217/5153/7315 1328/5022/7181
f 1319/5146/7303 1328/5022/7181 1217/5153/7315
f 1456/5019/7178 1444/5020/7179 1158/5154/7316
f 1158/5154/7316 1444/5020/7179 1319/5146/7303
f 1456/5019/7178 1158/5154/7316 1165/5155/7317
f 1203/5018/7174 1456/5019/7178 1165/5155/7317
f 1319/5146/7303 1217/5153/7315 1182/5156/7318
f 1158/5154/7316 1319/5146/7303 1182/5156/7318
f 1165/5155/7317 1153/5157/7319 1203/5018/7174
f 1203/5018/7174 1153/5157/7319 1163/5158/7320
f 1203/5018/7174 1163/5158/7320 1361/5013/7169
f 1361/5013/7169 1163/5158/7320 1148/5145/7299
f 1084/5159/7321 1148/5145/7299 1163/5158/7320
f 991/5017/7173 1148/5145/7299 1084/5159/7321
f 1126/5141/7296 991/5017/7173 929/5144/7298
f 1068/5143/7297 929/5144/7298 844/5160/7322
f 1068/5143/7297 844/5160/7322 795/5161/7323
f 694/5162/7324 584/5163/7325 844/5160/7322
f 844/5160/7322 584/5163/7325 795/5161/7323
f 310/5164/7326 584/5163/7325 415/5165/7327
f 584/5163/7325 694/5162/7324 415/5165/7327
f 514/5166/7328 694/5162/7324 844/5160/7322
f 514/5166/7328 844/5160/7322 929/5144/7298
f 514/5166/7328 447/5167/7329 694/5162/7324
s 0
f 351/5168/7330 415/5165/7331 694/5162/7332
s 1
f 351/5168/7333 694/5162/7324 447/5167/7329
f 415/5165/7327 351/5168/7334 294/5169/7335
f 310/5164/7326 415/5165/7327 294/5169/7335
f 310/5164/7326 294/5169/7335 188/5170/7336
f 188/5170/7336 294/5169/7335 113/5171/7337
f 310/5164/7326 188/5170/7336 293/5172/7338
f 188/5170/7336 113/5171/7337 62/5173/7339
f 293/5172/7338 188/5170/7336 209/5174/7340
f 2505/5175/7341 113/5171/7337 96/5176/7342
f 113/5171/7337 294/5169/7335 96/5176/7342
f 96/5176/7342 294/5169/7335 260/5177/7343
s 0
f 294/5169/7344 351/5168/7345 260/5177/7346
s 1
f 260/5177/7343 351/5168/7333 354/5178/7347
f 96/5176/7342 260/5177/7343 106/5179/7348
f 96/5176/7342 106/5179/7348 2592/5180/7349
f 96/5176/7342 2592/5180/7349 2505/5175/7341
f 2505/5175/7341 2592/5180/7349 2707/5181/7350
f 2707/5181/7350 2592/5180/7349 2625/5182/7351
f 2707/5181/7350 2792/5183/7352 2879/5184/7353
f 2879/5184/7353 2792/5183/7352 2919/5185/7354
f 2919/5185/7354 2792/5183/7352 2776/5186/7355
f 2792/5183/7352 2707/5181/7350 2776/5186/7355
f 2776/5186/7355 2707/5181/7350 2625/5182/7351
f 2919/5185/7354 2776/5186/7355 2911/5187/7356
f 2915/5188/7357 2911/5187/7356 2702/5189/7358
f 2946/5190/7359 2915/5188/7357 2860/5191/7360
f 2915/5188/7357 2750/5192/7361 2860/5191/7360
f 2750/5192/7361 2915/5188/7357 2702/5189/7358
f 2946/5190/7359 2860/5191/7360 2945/5193/7362
f 2945/5193/7362 2860/5191/7360 2795/5194/7363
f 2770/5195/7364 2795/5194/7363 2860/5191/7360
f 2795/5194/7363 2770/5195/7364 2639/5196/7365
f 2795/5194/7363 2639/5196/7365 2658/5197/7366
f 2770/5195/7364 2860/5191/7360 2750/5192/7361
f 2561/5198/7367 2639/5196/7365 2770/5195/7364
f 2639/5196/7365 2561/5198/7367 2457/5199/7368
f 2561/5198/7367 2537/5200/7369 76/5201/7370
f 76/5201/7370 2537/5200/7369 270/5202/7371
f 270/5202/7371 2537/5200/7369 4/5203/7372
f 270/5202/7371 4/5203/7372 534/5204/7373
f 4/5203/7372 140/5205/7374 534/5204/7373
f 534/5204/7373 421/5206/7375 601/5207/7376
f 421/5206/7375 534/5204/7373 140/5205/7374
f 527/5208/7377 421/5206/7375 432/5209/7378
f 856/5210/7379 907/5211/7380 970/5212/7381
f 856/5210/7379 764/5213/7382 907/5211/7380
f 764/5213/7382 805/5214/7383 907/5211/7380
f 907/5211/7380 976/5215/7384 970/5212/7381
f 873/5216/7385 907/5211/7380 805/5214/7383
f 976/5215/7384 907/5211/7380 997/5217/7386
f 997/5217/7386 907/5211/7380 873/5216/7385
f 873/5216/7385 805/5214/7383 854/5218/7387
f 1153/5157/7319 997/5217/7386 1163/5158/7320
f 997/5217/7386 1153/5157/7319 1102/5219/7388
f 1163/5158/7320 997/5217/7386 1084/5159/7321
f 1084/5159/7321 997/5217/7386 873/5216/7385
s 0
f 805/5214/7389 545/5220/7390 854/5218/7391
s 1
f 545/5220/7392 805/5214/7383 711/5221/7393
f 711/5221/7393 805/5214/7383 764/5213/7382
f 545/5220/7392 711/5221/7393 527/5208/7377
f 545/5220/7392 527/5208/7377 457/5222/7394
f 545/5220/7392 457/5222/7394 514/5166/7328
f 447/5167/7329 514/5166/7328 457/5222/7394
f 545/5220/7392 514/5166/7328 854/5218/7387
f 854/5218/7387 514/5166/7328 929/5144/7298
f 351/5168/7333 447/5167/7329 354/5178/7347
f 354/5178/7347 447/5167/7329 457/5222/7394
f 354/5178/7347 457/5222/7394 266/5223/7395
f 260/5177/7343 354/5178/7347 266/5223/7395
f 260/5177/7343 266/5223/7395 106/5179/7348
f 457/5222/7394 527/5208/7377 432/5209/7378
f 432/5209/7378 421/5206/7375 140/5205/7374
f 432/5209/7378 266/5223/7395 457/5222/7394
f 432/5209/7378 140/5205/7374 266/5223/7395
f 266/5223/7395 140/5205/7374 177/5224/7396
f 266/5223/7395 177/5224/7396 106/5179/7348
f 106/5179/7348 177/5224/7396 2514/5225/7397
f 140/5205/7374 4/5203/7372 177/5224/7396
f 4/5203/7372 2537/5200/7369 2561/5198/7367
f 177/5224/7396 4/5203/7372 2514/5225/7397
f 2619/5226/7398 4/5203/7372 2561/5198/7367
f 2619/5226/7398 2514/5225/7397 4/5203/7372
f 2625/5182/7351 2514/5225/7397 2619/5226/7398
f 2514/5225/7397 2625/5182/7351 106/5179/7348
f 106/5179/7348 2625/5182/7351 2592/5180/7349
f 2911/5187/7356 2776/5186/7355 2625/5182/7351
f 2625/5182/7351 2619/5226/7398 2911/5187/7356
f 2911/5187/7356 2619/5226/7398 2702/5189/7358
f 2702/5189/7358 2619/5226/7398 2561/5198/7367
f 2770/5195/7364 2750/5192/7361 2702/5189/7358
f 2770/5195/7364 2702/5189/7358 2561/5198/7367
f 1750/5227/7098 1743/5135/7293 1785/5228/7101
f 1785/5228/7101 1743/5135/7293 1562/5007/7163
f 1707/5229/7102 1785/5228/7101 1562/5007/7163
f 1743/5135/7293 1651/5006/7162 1562/5007/7163
f 1743/5135/7293 1715/5134/7292 1651/5006/7162
f 1707/5229/7102 1562/5007/7163 1480/5009/7165
f 1707/5229/7102 1480/5009/7165 1725/5137/6004
f 1571/5138/6005 1725/5137/6004 1488/5010/7166
f 1571/5138/6005 1321/5015/7171 1371/5139/7294
f 1369/5142/6010 1460/5230/6009 1258/5140/7295
f 1258/5140/7295 1460/5230/6009 1371/5139/7294
f 1239/5231/6016 795/5161/7323 1048/5232/6017
f 795/5161/7323 1239/5231/6016 1068/5143/7297
f 1258/5140/7295 1371/5139/7294 1228/5016/7172
f 1239/5231/6016 1369/5142/6010 1068/5143/7297
f 1048/5232/6017 795/5161/7323 579/5233/6019
f 795/5161/7323 584/5163/7325 579/5233/6019
f 579/5233/6019 582/5234/7399 649/5235/6021
f 413/5236/7400 649/5235/6021 582/5234/7399
f 413/5236/7400 393/5237/6025 649/5235/6021
f 393/5237/6025 413/5236/7400 2394/5238/6026
f 209/5174/7340 5/5239/6028 2394/5240/6026
f 209/5174/7340 2394/5241/6026 413/5236/7400
f 2637/5242/6029 5/5239/6028 2794/5243/6033
f 2615/5244/6032 2557/5245/6031 62/5173/7339
f 5/5239/6028 2557/5245/6031 2794/5243/6033
f 5/5239/6028 188/5170/7336 2557/5245/6031
f 209/5174/7340 413/5236/7400 396/5246/7401
f 396/5246/7401 413/5236/7400 582/5234/7399
f 5/5239/6028 209/5174/7340 188/5170/7336
f 2557/5245/6031 188/5170/7336 62/5173/7339
f 2900/5247/6635 2615/5244/6032 2796/5248/7402
f 2615/5244/6032 2900/5247/6635 2932/5249/6030
f 3134/5250/6636 2900/5247/6635 2796/5248/7402
f 2967/5251/7403 2783/5252/7404 2879/5184/7353
f 2796/5248/7402 2615/5244/6032 2783/5252/7404
f 2783/5252/7404 2615/5244/6032 2505/5175/7341
f 2505/5175/7341 2615/5244/6032 113/5171/7337
f 113/5171/7337 2615/5244/6032 62/5173/7339
f 2783/5252/7404 2505/5175/7341 2707/5181/7350
f 2783/5252/7404 2707/5181/7350 2879/5184/7353
f 3326/5253/6034 3134/5254/7405 3245/5255/6035
f 3245/5255/6035 3134/5254/7405 3009/5256/7406
s 0
f 3134/5254/7407 2796/5257/7408 3009/5256/7409
s 1
f 3009/5256/7406 2796/5257/7402 2783/5258/7404
f 3163/5259/7410 3009/5256/7406 2967/5260/7403
f 2967/5260/7403 3009/5256/7406 2783/5261/7404
f 3009/5256/7406 3163/5259/7410 3245/5255/6035
f 3163/5259/7410 3482/5262/6037 3245/5255/6035
f 3258/5263/7411 3163/5259/7410 3080/5264/7412
f 3080/5264/7412 3163/5259/7410 2967/5260/7403
f 3258/5263/7411 3080/5264/7412 3352/5265/7413
f 3080/5264/7412 2967/5260/7403 2879/5266/7353
f 3080/5264/7412 2879/5266/7353 3090/5267/7414
s 0
f 3352/5265/7415 3080/5264/7416 3090/5267/7417
s 1
f 3090/5267/7414 2879/5266/7353 3100/5268/7418
f 3100/5268/7418 2879/5266/7353 2919/5269/7354
f 3090/5267/7414 3100/5268/7418 3275/5270/7419
f 3100/5268/7418 2919/5269/7354 3114/5271/7420
f 3275/5270/7419 3100/5268/7418 3189/5272/7421
f 3189/5272/7421 3100/5268/7418 3114/5271/7420
f 3189/5272/7421 3114/5271/7420 3167/5273/7422
f 3114/5271/7420 2919/5269/7354 2911/5274/7356
f 3114/5271/7420 2911/5274/7356 3079/5275/7423
f 3079/5275/7423 2911/5274/7356 2915/5276/7357
f 3079/5275/7423 2915/5276/7357 2946/5277/7359
f 2946/5277/7359 3050/5278/7424 3079/5275/7423
f 3079/5275/7423 3167/5273/7422 3114/5271/7420
s 0
f 3167/5273/7425 3079/5275/7426 3195/5279/7427
s 1
f 3189/5272/7421 3167/5273/7422 3484/5280/7428
f 3189/5272/7421 3484/5280/7428 3312/5281/7429
f 3189/5272/7421 3312/5281/7429 3275/5270/7419
f 3090/5267/7414 3275/5270/7419 3352/5265/7413
f 3352/5265/7413 3275/5270/7419 3312/5281/7429
f 3352/5265/7413 3312/5281/7429 3484/5280/7428
f 3441/5108/7266 3484/5280/7428 3167/5273/7422
f 3292/5282/7430 3441/5108/7266 3167/5273/7422
f 3292/5282/7430 3372/5283/7431 3455/5284/7432
f 3292/5282/7430 3455/5284/7432 3441/5108/7266
f 3622/5105/7260 3455/5284/7432 3625/5285/7433
f 3528/5286/7434 3625/5285/7433 3468/5287/7435
f 3468/5287/7435 3625/5285/7433 3455/5284/7432
f 3468/5287/7435 3455/5284/7432 3372/5283/7431
f 3590/5097/7252 3578/5104/7259 3528/5286/7434
f 3455/5284/7432 3622/5105/7260 3441/5108/7266
f 3484/5280/7428 3441/5108/7266 3586/5111/7269
f 3484/5280/7428 3586/5111/7269 3481/5288/7436
f 3484/5280/7428 3481/5288/7436 3352/5265/7413
f 3258/5263/7411 3352/5265/7413 3586/5111/7269
f 3586/5111/7269 3352/5265/7413 3481/5288/7436
f 3258/5263/7411 3586/5111/7269 3508/5289/7437
f 3586/5111/7269 3627/5110/7268 3508/5289/7437
f 3258/5263/7411 3508/5289/7437 3482/5262/6037
f 3258/5263/7411 3482/5262/6037 3163/5259/7410
f 3482/5262/6037 3508/5289/7437 3670/5290/6629
f 3670/5290/6629 3508/5289/7437 3627/5110/7268
f 3670/5290/6629 3627/5110/7268 3677/5291/7438
f 3677/5291/7438 3627/5110/7268 3713/5109/7267
f 3677/5291/7438 3713/5109/7267 3747/5113/6814
f 3670/5290/6629 3677/5291/7438 3704/5292/6042
f 3670/5290/6629 3704/5292/6042 3708/5293/6041
f 3747/5113/6814 3704/5292/6042 3677/5291/7438
f 3785/5294/6829 3830/5116/6827 3786/5115/7273
f 3786/5115/7273 3763/5117/7274 3785/5294/6829
f 3825/5295/6833 3785/5294/6829 3763/5117/7274
s 0
f 3825/5295/7439 3763/5117/7440 3778/5118/7441
s 1
f 3784/5296/6835 3825/5295/6833 3778/5118/7442
f 3784/5296/6835 3778/5118/7442 3821/5121/6836
f 3794/5297/6834 3821/5121/6836 3833/5122/7285
f 3794/5297/6834 3833/5122/7285 3831/5298/6838
f 3878/5299/6839 3831/5298/6838 3833/5122/7285
f 3833/5122/7285 3797/5123/7286 3878/5299/6839
f 3748/5124/7146 3878/5299/6839 3797/5123/7286
f 3836/5300/7145 3748/5124/7146 3668/5125/7135
f 3748/5124/7146 3665/5089/7244 3668/5125/7135
s 0
f 1311/4997/7443 1375/4995/7444 1256/5150/7445
s 1
f 1256/5150/7311 1375/4995/7148 1243/5023/7185
f 1161/5151/7313 1243/5023/7185 1299/5024/7186
s 0
f 1161/5151/7446 1299/5024/7447 944/5037/7448
s 1
f 582/5234/7399 293/5172/7338 396/5246/7401
f 293/5172/7338 582/5234/7399 579/5233/6019
f 396/5246/7401 293/5172/7338 209/5174/7340
f 293/5172/7338 579/5233/6019 584/5163/7325
f 310/5164/7326 293/5172/7338 584/5163/7325
f 3719/5102/7257 3622/5105/7260 3625/5285/7433
s 0
f 3719/5102/7449 3625/5285/7450 3578/5104/7451
s 1
f 3578/5104/7259 3625/5285/7433 3528/5286/7434
f 3722/5098/7253 3578/5104/7259 3590/5097/7252
f 3669/5094/7249 3709/5093/7248 3590/5097/7252
f 3701/5092/7247 3669/5094/7249 3605/5085/7241
f 3323/5079/7235 3605/5085/7241 3552/5083/7239
f 3605/5085/7241 3669/5094/7249 3552/5083/7239
f 3669/5094/7249 3590/5097/7252 3576/5301/7452
f 3669/5094/7249 3576/5301/7452 3552/5083/7239
f 3337/5082/7238 3552/5083/7239 3464/5302/7453
f 3076/5077/7233 3182/5081/7237 3115/5303/7454
f 3076/5077/7233 3002/5304/7455 2859/5080/7236
f 2781/5070/7228 2700/5305/7456 2631/5066/7224
f 2631/5066/7224 2700/5305/7456 2623/5065/7223
s 0
f 2459/5063/7457 104/5306/7458 29/5056/7459
s 1
f 2459/5063/7219 2623/5065/7223 2534/5307/7460
f 2459/5063/7219 2534/5307/7460 104/5306/7461
f 29/5056/7462 104/5306/7461 382/5308/7463
s 0
f 29/5056/7464 382/5308/7465 381/5055/7466
s 1
f 381/5055/7221 382/5308/7463 513/5064/7222
f 662/5053/7207 770/5309/7467 851/5054/7208
f 914/5152/7314 851/5054/7208 770/5309/7467
f 914/5152/7314 770/5309/7467 915/5310/7468
f 914/5152/7314 910/5311/7469 1073/5149/7309
f 910/5311/7469 914/5152/7314 915/5310/7468
s 0
f 1073/5149/7470 1150/5148/7471 1253/5147/7472
s 1
f 1150/5148/7308 1073/5149/7309 910/5311/7469
f 1217/5153/7315 1150/5148/7308 977/5312/7473
f 770/5309/7467 662/5053/7207 513/5064/7222
f 2573/5313/7474 104/5306/7461 2534/5307/7460
f 2573/5313/7474 2534/5307/7460 2630/5314/7475
f 2630/5314/7475 2534/5307/7460 2623/5065/7223
f 2623/5065/7223 2700/5305/7456 2642/5315/7476
f 2623/5065/7223 2642/5315/7476 2630/5314/7475
f 2642/5315/7476 2700/5305/7456 2726/5316/7477
f 2726/5316/7477 2700/5305/7456 2781/5070/7228
f 2859/5080/7236 2899/5317/7478 2781/5070/7228
f 2642/5315/7476 2726/5316/7477 2648/5318/7479
f 2642/5315/7476 2648/5318/7479 2630/5314/7475
f 2726/5316/7477 2781/5070/7228 2758/5319/7480
f 2648/5318/7479 2726/5316/7477 2729/5320/7481
f 2729/5320/7481 2726/5316/7477 2758/5319/7480
f 2758/5319/7480 2781/5070/7228 2899/5317/7478
f 3002/5304/7455 2899/5317/7478 2859/5080/7236
f 3002/5304/7455 3076/5077/7233 3115/5303/7454
f 3002/5304/7455 2939/5321/7482 2899/5317/7478
f 2758/5319/7480 2899/5317/7478 2901/5322/7483
f 2901/5322/7483 2899/5317/7478 2939/5321/7482
f 2758/5319/7480 2901/5322/7483 2729/5320/7481
f 2729/5320/7481 2901/5322/7483 2824/5323/7484
f 3047/5324/7485 2939/5321/7482 3002/5304/7455
f 3047/5324/7485 3002/5304/7455 3115/5303/7454
f 2901/5322/7483 2939/5321/7482 2971/5325/7486
f 2845/5326/7487 2901/5322/7483 2971/5325/7486
f 2901/5322/7483 2845/5326/7487 2824/5323/7484
f 2845/5326/7487 2971/5325/7486 3013/5327/7488
f 2845/5326/7487 3013/5327/7488 2881/5328/7489
f 2881/5328/7489 3013/5327/7488 3023/5329/7490
f 2845/5326/7487 2881/5328/7489 2831/5330/7491
f 3023/5329/7490 3013/5327/7488 3211/5331/7492
f 3013/5327/7488 3102/5332/7493 3184/5333/7494
f 3013/5327/7488 3184/5333/7494 3211/5331/7492
f 3184/5333/7494 3212/5334/7495 3252/5335/7496
f 3184/5333/7494 3205/5336/7497 3212/5334/7495
f 3205/5336/7497 3184/5333/7494 3102/5332/7493
f 3011/5337/7498 3223/5338/7499 3031/5339/7500
f 3102/5332/7493 3137/5340/7501 3205/5336/7497
f 3205/5336/7497 3314/5341/7502 3212/5334/7495
f 3205/5336/7497 3137/5340/7501 3314/5341/7502
f 3137/5340/7501 3047/5324/7485 3222/5342/7503
f 3137/5340/7501 3102/5332/7493 3047/5324/7485
f 3314/5341/7502 3137/5340/7501 3222/5342/7503
f 3314/5341/7502 3222/5342/7503 3322/5343/7504
f 3314/5341/7502 3322/5343/7504 3354/5344/7505
f 3314/5341/7502 3354/5344/7505 3212/5334/7495
f 3252/5335/7496 3212/5334/7495 3223/5338/7499
f 3223/5338/7499 3212/5334/7495 3133/5345/7506
f 3031/5339/7500 3223/5338/7499 3133/5345/7506
f 3196/5346/7507 3133/5345/7506 3212/5334/7495
f 3196/5346/7507 3212/5334/7495 3354/5344/7505
f 3133/5345/7506 3196/5346/7507 3136/5347/7508
f 3133/5345/7506 3136/5347/7508 3040/5348/7509
f 3133/5345/7506 3040/5348/7509 3031/5339/7500
f 3040/5348/7509 3136/5347/7508 3204/5349/7510
f 3261/5350/7511 3136/5347/7508 3196/5346/7507
s 0
f 3204/5349/7512 3136/5347/7513 3261/5350/7514
s 1
f 3261/5350/7511 3196/5346/7507 3264/5351/7515
f 3040/5348/7509 3204/5349/7510 2954/5352/7516
f 2954/5352/7516 3204/5349/7510 3233/5353/7517
f 3204/5349/7510 3272/5354/7518 3233/5353/7517
f 3272/5354/7518 3204/5349/7510 3270/5355/7519
f 3204/5349/7510 3261/5350/7511 3270/5355/7519
f 3270/5355/7519 3261/5350/7511 3358/5356/7520
f 3358/5356/7520 3261/5350/7511 3264/5351/7515
f 3445/5357/7521 3358/5356/7520 3264/5351/7515
f 3264/5351/7515 3196/5346/7507 3364/5358/7522
f 3364/5358/7522 3196/5346/7507 3354/5344/7505
f 3364/5358/7522 3354/5344/7505 3322/5343/7504
f 3432/5359/7523 3364/5358/7522 3322/5343/7504
f 3445/5357/7521 3264/5351/7515 3364/5358/7522
f 3445/5357/7521 3364/5358/7522 3432/5359/7523
f 3445/5357/7521 3432/5359/7523 3538/5360/7524
f 3538/5360/7524 3432/5359/7523 3359/5361/7525
f 3538/5360/7524 3359/5361/7525 3464/5302/7453
f 3464/5302/7453 3359/5361/7525 3337/5082/7238
f 3538/5360/7524 3464/5302/7453 3576/5301/7452
f 3576/5301/7452 3590/5097/7252 3538/5360/7524
f 3590/5097/7252 3528/5286/7434 3538/5360/7524
f 3576/5301/7452 3464/5302/7453 3552/5083/7239
f 3182/5081/7237 3337/5082/7238 3222/5342/7503
f 3222/5342/7503 3337/5082/7238 3359/5361/7525
f 3182/5081/7237 3222/5342/7503 3115/5303/7454
f 3222/5342/7503 3359/5361/7525 3432/5359/7523
f 3222/5342/7503 3432/5359/7523 3322/5343/7504
f 3115/5303/7454 3222/5342/7503 3047/5324/7485
f 2939/5321/7482 3047/5324/7485 2971/5325/7486
f 2971/5325/7486 3047/5324/7485 3102/5332/7493
f 3013/5327/7488 2971/5325/7486 3102/5332/7493
f 929/5144/7298 991/5017/7173 854/5218/7387
f 991/5017/7173 873/5216/7385 854/5218/7387
f 873/5216/7385 991/5017/7173 1084/5159/7321
f 1153/5157/7319 1165/5155/7317 1102/5219/7388
f 1102/5219/7388 1165/5155/7317 1158/5154/7316
f 1102/5219/7388 1158/5154/7316 1092/5362/7526
f 1158/5154/7316 1182/5156/7318 1092/5362/7526
f 1092/5362/7526 1182/5156/7318 977/5312/7473
f 977/5312/7473 1182/5156/7318 1217/5153/7315
f 770/5309/7467 613/5363/7527 915/5310/7468
f 613/5363/7527 770/5309/7467 461/5364/7528
f 915/5310/7468 613/5363/7527 760/5365/7529
f 910/5311/7469 915/5310/7468 760/5365/7529
f 1150/5148/7308 910/5311/7469 977/5312/7473
f 1092/5362/7526 977/5312/7473 1064/5366/7530
f 977/5312/7473 931/5367/7531 1064/5366/7530
f 931/5367/7531 977/5312/7473 910/5311/7469
f 845/5368/7532 910/5311/7469 760/5365/7529
f 845/5368/7532 931/5367/7531 910/5311/7469
f 931/5367/7531 845/5368/7532 964/5369/7533
f 964/5369/7533 845/5368/7532 957/5370/7534
f 957/5370/7534 845/5368/7532 886/5371/7535
f 886/5371/7535 845/5368/7532 846/5372/7536
f 964/5369/7533 957/5370/7534 818/5373/7537
f 818/5373/7537 806/5374/7538 964/5369/7533
f 964/5369/7533 1005/5375/7539 931/5367/7531
f 964/5369/7533 806/5374/7538 1005/5375/7539
f 695/5376/7540 772/5377/7541 697/5378/7542
f 772/5377/7541 909/5379/7543 806/5374/7538
f 1005/5375/7539 806/5374/7538 909/5379/7543
f 717/5380/7544 909/5379/7543 772/5377/7541
f 909/5379/7543 717/5380/7544 985/5381/7545
f 772/5377/7541 695/5376/7540 717/5380/7544
f 695/5376/7540 697/5378/7542 937/5382/7546
s 0
f 697/5378/7547 809/5383/7548 998/5384/7549
f 937/5382/7550 697/5378/7551 998/5384/7552
s 1
f 937/5382/7546 998/5384/7553 1044/5385/7554
f 695/5376/7540 937/5382/7546 908/5386/7555
f 695/5376/7540 908/5386/7555 717/5380/7544
f 717/5380/7544 908/5386/7555 985/5381/7545
f 976/5215/7384 908/5386/7555 937/5382/7546
f 997/5217/7386 908/5386/7555 976/5215/7384
f 985/5381/7545 908/5386/7555 1102/5219/7388
f 1102/5219/7388 908/5386/7555 997/5217/7386
f 1064/5366/7530 985/5381/7545 1102/5219/7388
f 985/5381/7545 1064/5366/7530 909/5379/7543
f 1064/5366/7530 1102/5219/7388 1092/5362/7526
f 909/5379/7543 1064/5366/7530 1005/5375/7539
f 1005/5375/7539 1064/5366/7530 931/5367/7531
f 2648/5318/7479 2573/5313/7474 2630/5314/7475
f 2573/5313/7474 2427/5387/7556 104/5306/7461
f 2672/5388/7557 2427/5387/7556 2573/5313/7474
f 2672/5388/7557 2573/5313/7474 2648/5318/7479
f 120/5389/7558 104/5306/7461 2427/5387/7556
f 770/5309/7467 513/5064/7222 461/5364/7528
f 513/5064/7222 382/5308/7463 461/5364/7528
s 0
f 613/5363/7559 682/5390/7560 760/5365/7561
s 1
f 845/5368/7532 760/5365/7529 846/5372/7536
f 846/5372/7536 760/5365/7529 682/5390/7562
f 682/5390/7562 461/5364/7528 536/5391/7563
f 461/5364/7528 682/5390/7562 613/5363/7527
f 317/5392/7564 461/5364/7528 375/5393/7565
f 317/5392/7564 375/5393/7565 295/5394/7566
f 317/5392/7564 295/5394/7566 272/5395/7567
f 295/5394/7566 375/5393/7565 286/5396/7568
f 215/5397/7569 272/5395/7567 295/5394/7566
f 215/5397/7569 295/5394/7566 150/5398/7570
f 199/5399/7571 295/5394/7566 286/5396/7568
f 215/5397/7569 150/5398/7570 2452/5400/7572
f 2452/5400/7572 150/5398/7570 14/5401/7573
f 150/5398/7570 295/5394/7566 199/5399/7571
f 2546/5402/7574 2543/5403/7575 2416/5404/7576
f 150/5398/7570 2416/5404/7576 14/5401/7573
f 2416/5404/7576 150/5398/7570 2546/5402/7574
f 150/5398/7570 112/5405/7577 2546/5402/7574
f 112/5405/7577 150/5398/7570 199/5399/7571
f 199/5399/7571 286/5396/7568 2502/5406/7578
f 199/5399/7571 2502/5406/7578 112/5405/7577
f 375/5393/7565 461/5364/7528 382/5308/7463
f 375/5393/7565 382/5308/7463 104/5306/7461
f 375/5393/7565 104/5306/7461 120/5389/7558
f 375/5393/7565 120/5389/7558 286/5396/7568
f 2502/5406/7578 286/5396/7568 120/5389/7558
f 2502/5406/7578 120/5389/7558 2661/5407/7579
f 2661/5407/7579 120/5389/7558 2427/5387/7556
f 2661/5407/7579 2427/5387/7556 2672/5388/7557
f 2729/5320/7481 2712/5408/7580 2648/5318/7479
f 2712/5408/7580 2729/5320/7481 2824/5323/7484
f 2648/5318/7479 2712/5408/7580 2824/5323/7484
f 2648/5318/7479 2824/5323/7484 2672/5388/7557
f 2824/5323/7484 2845/5326/7487 2831/5330/7491
f 2672/5388/7557 2824/5323/7484 2831/5330/7491
f 2661/5407/7579 2672/5388/7557 2831/5330/7491
f 2661/5407/7579 2831/5330/7491 2820/5409/7581
f 2661/5407/7579 2820/5409/7581 2650/5410/7582
f 2831/5330/7491 2881/5328/7489 2820/5409/7581
f 2742/5411/7583 2650/5410/7582 2820/5409/7581
f 2661/5407/7579 2650/5410/7582 2502/5406/7578
f 2502/5406/7578 2650/5410/7582 112/5405/7577
f 112/5405/7577 2650/5410/7582 2546/5402/7574
f 2546/5402/7574 2650/5410/7582 2742/5411/7583
f 2546/5402/7574 2742/5411/7583 2543/5403/7575
s 0
f 2820/5409/7584 2881/5328/7585 2742/5411/7586
s 1
f 2742/5411/7583 2881/5328/7489 3023/5329/7490
f 3538/5360/7524 3528/5286/7434 3445/5357/7521
f 3468/5287/7435 3445/5357/7521 3528/5286/7434
f 3445/5357/7521 3468/5287/7435 3358/5356/7520
f 3358/5356/7520 3468/5287/7435 3270/5355/7519
f 3270/5355/7519 3468/5287/7435 3372/5283/7431
f 3292/5282/7430 3167/5273/7422 3195/5279/7587
f 3292/5282/7430 3195/5279/7587 3372/5283/7431
f 3195/5279/7587 3079/5275/7423 3050/5278/7424
f 3216/5412/7588 3372/5283/7431 3195/5279/7587
f 3195/5279/7587 3050/5278/7424 3109/5413/7589
f 3372/5283/7431 3216/5412/7588 3351/5414/7590
f 3372/5283/7431 3351/5414/7590 3270/5355/7519
f 3351/5414/7590 3216/5412/7588 3282/5415/7591
f 3351/5414/7590 3282/5415/7591 3270/5355/7519
f 3282/5415/7591 3216/5412/7588 3195/5279/7587
f 3282/5415/7591 3195/5279/7587 3210/5416/7592
f 3210/5416/7592 3195/5279/7587 3109/5413/7589
f 3282/5415/7591 3210/5416/7592 3303/5417/7593
f 3282/5415/7591 3303/5417/7593 3270/5355/7519
f 3270/5355/7519 3303/5417/7593 3272/5354/7518
f 3272/5354/7518 3303/5417/7593 3210/5416/7592
f 3272/5354/7518 3210/5416/7592 3233/5353/7517
f 3233/5353/7517 3210/5416/7592 3268/5418/7594
f 3268/5418/7594 3210/5416/7592 3165/5419/7595
f 3165/5419/7595 3210/5416/7592 3109/5413/7589
f 3109/5413/7589 3050/5278/7424 2946/5277/7359
f 3165/5419/7595 3109/5413/7589 2945/5420/7362
f 3109/5413/7589 2946/5277/7359 2945/5420/7362
f 976/5215/7384 937/5382/7546 1044/5385/7554
f 976/5215/7384 1044/5385/7554 970/5212/7381
f 3116/5421/7596 3023/5422/7490 3211/5423/7492
f 3211/5423/7492 3184/5424/7494 3252/5425/7496
s 0
f 3374/5426/7597 3211/5423/7598 3252/5425/7599
s 1
f 3252/5425/7600 3141/5427/7601 3374/5426/7602
s 0
f 3252/5425/7603 3223/5428/7604 3141/5427/7605
s 1
f 3141/5427/7601 3223/5428/7499 3011/5429/7498
f 2954/5430/7516 3031/5431/7500 3040/5432/7509
f 3031/5431/7500 2954/5430/7516 3011/5429/7498
f 3233/5433/7517 3126/5434/7606 2954/5430/7516
f 2954/5430/7516 3126/5434/7606 2834/5435/7607
f 2954/5430/7516 2834/5435/7607 2917/5436/7608
f 3209/5437/7609 3233/5433/7517 3268/5438/7594
f 3144/5439/7610 3233/5433/7517 3209/5437/7609
f 3126/5434/7606 3233/5433/7517 3144/5439/7610
f 3209/5437/7609 3268/5438/7594 3165/5440/7595
f 3209/5437/7609 3165/5440/7595 3144/5439/7610
f 3144/5439/7610 3165/5440/7595 2945/5441/7362
s 0
f 3144/5439/7611 2945/5441/7612 2855/5442/7613
s 1
f 3129/5443/7614 3144/5439/7610 2855/5442/7615
f 3126/5434/7606 3144/5439/7610 3129/5443/7614
f 3126/5434/7606 3129/5443/7614 3035/5444/7616
f 3126/5434/7606 3035/5444/7616 2851/5445/7617
f 3126/5434/7606 2851/5445/7617 2834/5435/7607
f 3035/5444/7616 3129/5443/7614 2855/5442/7615
f 3035/5444/7616 2855/5442/7615 2969/5446/7618
f 3035/5444/7616 2969/5446/7618 2851/5445/7617
f 2910/5447/7619 2969/5446/7618 2764/5448/7620
f 2910/5447/7619 2764/5448/7620 2579/5449/7621
f 2969/5446/7618 2855/5442/7615 2764/5448/7620
f 2910/5447/7619 2579/5449/7621 2825/5450/7622
f 2969/5446/7618 2910/5447/7619 2851/5445/7617
f 2910/5447/7619 2839/5451/7623 2851/5445/7617
f 2834/5435/7607 2851/5445/7617 2790/5452/7624
f 2838/5453/7625 2834/5435/7607 2790/5452/7624
f 2986/5454/7626 2838/5453/7625 2790/5452/7624
f 2790/5452/7624 2839/5451/7623 2657/5455/7627
f 2790/5452/7624 2851/5445/7617 2839/5451/7623
f 2839/5451/7623 2910/5447/7619 2825/5450/7622
f 2580/5456/7628 2825/5450/7622 2579/5449/7621
s 0
f 227/5457/7629 2580/5456/7630 111/5458/7631
s 1
f 227/5457/7632 111/5458/7633 416/5459/7634
f 111/5458/7633 2580/5456/7628 2579/5449/7621
f 111/5458/7633 2579/5449/7621 2430/5460/7635
f 322/5461/7636 111/5458/7633 20/5462/7637
f 111/5458/7633 2430/5460/7635 20/5462/7637
f 2430/5460/7635 2410/5463/7638 20/5462/7637
f 2430/5460/7635 2579/5449/7621 2683/5464/7639
f 2683/5464/7639 2579/5449/7621 2764/5448/7620
f 2410/5463/7638 2430/5460/7635 2683/5464/7639
f 2795/5465/7363 2764/5448/7620 2855/5442/7615
f 2683/5464/7639 2764/5448/7620 2795/5465/7363
f 2658/5466/7366 2683/5464/7639 2795/5465/7363
f 2945/5441/7362 2795/5465/7363 2855/5442/7615
f 1060/5467/7640 998/5468/7553 1069/5469/7641
f 998/5468/7553 1060/5467/7640 1044/5470/7554
f 1044/5470/7554 990/5471/7642 970/5472/7381
f 1044/5470/7554 1060/5467/7640 990/5471/7642
f 970/5473/7381 990/5471/7642 856/5474/7379
f 711/5475/7393 764/5476/7382 709/5477/7643
f 711/5475/7393 709/5477/7643 527/5478/7377
f 527/5478/7377 601/5479/7376 421/5480/7375
f 601/5479/7376 527/5478/7377 709/5477/7643
f 709/5477/7643 764/5476/7382 722/5481/7644
f 722/5481/7644 764/5476/7382 689/5482/7645
s 0
f 856/5474/7646 689/5482/7647 764/5476/7648
s 1
f 856/5474/7379 990/5471/7642 783/5483/7649
f 856/5474/7379 783/5483/7649 689/5482/7645
s 0
f 783/5483/7650 990/5471/7651 797/5484/7652
s 1
f 990/5471/7642 1007/5485/7653 797/5484/7654
f 797/5484/7654 1007/5485/7653 972/5486/7655
f 994/5487/7656 972/5486/7655 1007/5485/7653
f 1037/5488/7657 1007/5485/7653 1070/5489/7658
f 1070/5489/7658 1007/5485/7653 1060/5467/7640
f 1070/5489/7658 1069/5469/7641 1052/5490/7659
f 1060/5467/7640 1007/5485/7653 990/5471/7642
f 1060/5467/7640 1069/5469/7641 1070/5489/7658
f 1052/5490/7659 1069/5469/7641 1059/5491/7660
f 998/5468/7553 1059/5491/7660 1069/5469/7641
s 0
f 998/5468/7661 877/5492/7662 1059/5491/7663
s 1
f 877/5492/7664 998/5468/7665 809/5493/7666
f 809/5493/7666 697/5494/7542 687/5495/7667
f 809/5493/7666 687/5495/7667 627/5496/7668
f 877/5492/7664 809/5493/7666 714/5497/7669
f 809/5493/7666 627/5496/7668 714/5497/7669
f 1059/5491/7660 877/5492/7664 791/5498/7670
f 791/5498/7670 877/5492/7664 714/5497/7669
f 1059/5491/7660 791/5498/7670 1052/5490/7659
f 1052/5490/7659 791/5498/7670 879/5499/7671
f 1052/5490/7659 879/5499/7671 1065/5500/7672
f 1070/5489/7658 1052/5490/7659 1079/5501/7673
f 1079/5501/7673 1052/5490/7659 1065/5500/7672
f 1070/5489/7658 1079/5501/7673 1037/5488/7657
s 0
f 1076/5502/7674 1079/5501/7675 1065/5500/7676
s 1
f 1007/5485/7653 1037/5488/7657 994/5487/7656
f 972/5486/7655 994/5487/7656 797/5503/7654
f 797/5503/7654 994/5487/7656 817/5504/7677
f 817/5504/7677 994/5487/7656 840/5505/7678
f 817/5504/7677 840/5505/7678 334/5506/7679
f 367/5507/7680 334/5506/7679 840/5505/7678
f 367/5507/7680 840/5505/7678 459/5508/7681
f 600/5509/7682 459/5508/7681 840/5505/7678
f 1017/5510/7683 840/5505/7678 994/5487/7656
f 1017/5510/7683 994/5487/7656 1037/5488/7657
f 1017/5510/7683 1037/5488/7657 1041/5511/7684
f 1041/5511/7684 1037/5488/7657 1079/5501/7673
f 1079/5501/7673 1076/5502/7685 1056/5512/7686
f 763/5513/7687 1076/5502/7685 966/5514/7688
f 1076/5502/7685 763/5513/7687 1056/5512/7686
f 750/5515/7689 763/5513/7687 966/5514/7688
f 763/5513/7687 750/5515/7689 771/5516/7690
f 966/5514/7688 296/5517/7691 750/5515/7689
f 296/5517/7691 966/5514/7688 441/5518/7692
f 394/5519/7693 296/5517/7691 441/5518/7692
f 750/5515/7689 296/5517/7691 258/5520/7694
f 1018/5521/7695 763/5513/7687 771/5516/7690
f 1018/5521/7695 771/5516/7690 918/5522/7696
f 918/5522/7696 771/5516/7690 866/5523/7697
f 786/5524/7698 771/5516/7690 750/5515/7689
f 258/5520/7694 786/5524/7698 750/5515/7689
f 258/5520/7694 198/5525/7699 786/5524/7698
f 195/5526/7700 258/5520/7694 296/5517/7691
f 258/5520/7694 109/5527/7701 198/5525/7699
f 771/5516/7690 786/5524/7698 866/5523/7697
f 866/5523/7697 786/5524/7698 698/5528/7702
f 918/5522/7696 866/5523/7697 830/5529/7703
f 866/5523/7697 698/5528/7702 726/5530/7704
f 726/5530/7704 675/5531/7705 866/5523/7697
f 675/5531/7705 793/5532/7706 866/5523/7697
f 630/5533/7707 675/5531/7705 726/5530/7704
f 793/5532/7706 875/5534/7708 866/5523/7697
f 866/5523/7697 875/5534/7708 830/5529/7703
f 718/5535/7709 875/5534/7708 828/5536/7710
f 875/5534/7708 718/5535/7709 830/5529/7703
f 918/5522/7696 830/5529/7703 951/5537/7711
f 830/5529/7703 718/5535/7709 731/5538/7712
f 830/5529/7703 731/5538/7712 746/5539/7713
f 830/5529/7703 746/5539/7713 583/5540/7714
s 0
f 830/5529/7715 583/5540/7716 777/5541/7717
s 1
f 830/5529/7703 777/5541/7718 951/5537/7711
f 951/5537/7711 777/5541/7718 1046/5542/7719
f 777/5541/7718 583/5540/7714 492/5543/7720
f 492/5543/7720 583/5540/7714 540/5544/7721
f 492/5543/7720 540/5544/7721 623/5545/7722
f 623/5545/7722 540/5544/7721 621/5546/7723
f 540/5544/7721 583/5540/7714 746/5539/7713
f 731/5538/7712 718/5535/7709 673/5547/7724
f 731/5538/7712 673/5547/7724 746/5539/7713
f 673/5547/7724 718/5535/7709 828/5536/7710
f 702/5548/7725 746/5539/7713 673/5547/7724
f 673/5547/7724 685/5549/7726 702/5548/7725
f 746/5539/7713 702/5548/7725 621/5546/7723
f 746/5539/7713 621/5546/7723 540/5544/7721
f 621/5546/7723 702/5548/7725 810/5550/7727
s 0
f 810/5550/7728 702/5548/7729 780/5551/7730
s 1
f 780/5551/7731 702/5548/7725 685/5549/7726
f 819/5552/7732 780/5551/7731 685/5549/7726
f 819/5552/7732 685/5549/7726 684/5553/7733
f 780/5551/7731 819/5552/7732 837/5554/7734
f 780/5551/7731 837/5554/7734 810/5550/7727
f 819/5552/7732 684/5553/7733 837/5554/7734
f 810/5550/7727 837/5554/7734 725/5555/7735
f 725/5555/7735 837/5554/7734 790/5556/7736
f 740/5557/7737 810/5550/7727 725/5555/7735
f 810/5550/7727 740/5557/7737 621/5546/7723
f 870/5558/7738 790/5556/7736 837/5554/7734
f 870/5558/7738 837/5554/7734 684/5553/7733
f 790/5556/7736 870/5558/7738 592/5559/7739
f 592/5559/7739 870/5558/7738 684/5553/7733
f 592/5559/7739 725/5555/7735 790/5556/7736
f 725/5555/7735 592/5559/7739 616/5560/7740
f 616/5560/7740 470/5561/7741 321/5562/7742
s 0
f 332/5563/7743 616/5560/7744 321/5562/7745
f 616/5560/7746 332/5563/7747 641/5564/7748
s 1
f 641/5564/7749 740/5557/7737 616/5560/7740
f 616/5560/7740 740/5557/7737 725/5555/7735
f 621/5546/7723 740/5557/7737 641/5564/7749
f 621/5546/7723 641/5564/7749 701/5565/7750
f 623/5545/7722 621/5546/7723 701/5565/7750
s 0
f 492/5543/7751 623/5545/7752 497/5566/7753
f 482/5567/7754 492/5543/7755 497/5566/7756
s 1
f 497/5566/7757 623/5545/7722 531/5568/7758
f 531/5568/7758 623/5545/7722 701/5565/7750
f 701/5565/7750 641/5564/7749 531/5568/7758
f 531/5568/7758 641/5564/7749 332/5563/7759
f 531/5568/7758 225/5569/7760 497/5566/7757
f 225/5569/7760 531/5568/7758 332/5563/7759
f 225/5569/7760 332/5563/7759 82/5570/7761
f 225/5569/7760 510/5571/7762 497/5566/7757
f 482/5567/7763 497/5566/7757 442/5572/7764
f 482/5567/7763 459/5508/7681 600/5509/7682
f 459/5508/7681 482/5567/7763 442/5572/7764
f 459/5508/7681 442/5572/7764 367/5507/7680
f 442/5572/7764 497/5566/7757 510/5571/7762
f 442/5572/7764 322/5573/7636 367/5507/7680
f 442/5572/7764 416/5574/7634 322/5573/7636
f 416/5574/7634 442/5572/7764 510/5571/7762
f 416/5574/7634 510/5571/7762 227/5575/7632
f 2580/5576/7628 2597/5577/7765 2825/5578/7622
f 2825/5578/7622 2597/5577/7765 2839/5579/7623
f 2839/5579/7623 2597/5577/7765 2708/5580/7766
f 2839/5579/7623 2708/5580/7766 2657/5581/7627
f 2617/5582/7767 2657/5581/7627 2708/5580/7766
f 2584/5583/7768 2617/5582/7767 2708/5580/7766
s 0
f 2584/5583/7769 2708/5580/7770 2556/5584/7771
s 1
f 2591/5585/7772 2556/5584/7773 2708/5580/7766
f 2591/5585/7772 2708/5580/7766 2597/5577/7765
f 2556/5584/7773 2591/5585/7772 2489/5586/7774
s 0
f 2489/5586/7775 2591/5585/7776 82/5570/7777
f 2446/5587/7778 2556/5584/7779 2489/5586/7780
s 1
f 22/5588/7781 2489/5586/7782 82/5570/7761
f 2446/5587/7783 2489/5586/7782 22/5588/7781
s 0
f 2556/5584/7784 2446/5587/7785 2392/5589/7786
s 1
f 2392/5589/7787 2446/5587/7783 2390/5590/7788
f 2392/5589/7787 26/5591/7789 2436/5592/7790
f 2392/5589/7787 2436/5592/7790 2556/5584/7791
f 26/5591/7789 2392/5589/7787 2390/5590/7788
f 26/5591/7789 2390/5590/7788 64/5593/7792
f 26/5591/7789 64/5593/7792 44/5594/7793
f 115/5595/7794 366/5596/7795 64/5593/7792
f 115/5595/7794 64/5593/7792 2390/5590/7788
f 115/5595/7794 2390/5590/7788 132/5597/7796
f 13/5598/7797 132/5597/7796 2390/5590/7788
f 2390/5590/7788 2446/5587/7783 13/5598/7797
f 13/5598/7797 2446/5587/7783 22/5588/7781
f 321/5562/7742 13/5598/7797 22/5588/7781
f 132/5597/7796 13/5598/7797 470/5561/7741
f 470/5561/7741 13/5598/7797 321/5562/7742
f 321/5562/7742 22/5588/7781 332/5563/7759
f 332/5563/7759 22/5588/7781 82/5570/7761
f 2591/5585/7772 2597/5577/7765 2580/5599/7628
s 0
f 2591/5585/7798 2580/5599/7799 82/5570/7800
f 82/5570/7801 2580/5599/7802 227/5575/7803
f 227/5575/7804 225/5569/7805 82/5570/7806
s 1
f 225/5569/7760 227/5575/7632 510/5571/7762
f 788/5600/7807 886/5601/7535 846/5602/7536
f 788/5600/7807 846/5602/7536 682/5603/7562
f 788/5600/7807 682/5603/7562 688/5604/7808
f 682/5603/7562 536/5605/7563 688/5604/7808
f 536/5605/7563 461/5606/7528 317/5607/7564
f 272/5608/7567 70/5609/7809 317/5607/7564
f 70/5609/7809 272/5608/7567 215/5610/7569
f 70/5609/7809 215/5610/7569 2415/5611/7810
f 2415/5611/7810 215/5610/7569 2452/5612/7572
f 2415/5611/7810 2452/5612/7572 2428/5613/7811
f 2452/5612/7572 14/5614/7573 2416/5615/7576
f 2428/5613/7811 2452/5612/7572 2565/5616/7812
f 2428/5613/7811 2565/5616/7812 2415/5611/7810
f 70/5609/7809 2415/5611/7810 2468/5617/7813
f 70/5609/7809 2468/5617/7813 2412/5618/7814
f 536/5605/7563 317/5607/7564 220/5619/7815
f 536/5605/7563 220/5619/7815 484/5620/7816
f 536/5605/7563 484/5620/7816 578/5621/7817
f 536/5605/7563 578/5621/7817 688/5604/7808
f 317/5607/7564 70/5609/7809 220/5619/7815
f 2460/5622/7818 70/5609/7809 2412/5618/7814
f 220/5619/7815 70/5609/7809 2460/5622/7818
s 0
f 2460/5622/7819 2523/5623/7820 2599/5624/7821
s 1
f 2460/5622/7818 2599/5624/7822 220/5619/7815
f 496/5625/7823 578/5621/7817 484/5620/7816
f 472/5626/7824 496/5625/7823 484/5620/7816
f 818/5627/7537 957/5628/7534 886/5629/7535
f 721/5630/7825 818/5627/7537 886/5629/7535
f 886/5629/7535 788/5631/7807 721/5630/7825
f 788/5631/7807 688/5632/7808 595/5633/7826
f 721/5630/7825 788/5631/7807 595/5633/7826
f 595/5633/7826 688/5632/7808 578/5634/7817
s 0
f 578/5634/7827 496/5635/7828 595/5633/7829
s 1
f 595/5633/7826 496/5635/7823 521/5636/7830
f 496/5635/7823 504/5637/7831 521/5636/7830
f 595/5633/7826 521/5636/7830 520/5638/7832
f 721/5630/7825 595/5633/7826 606/5639/7833
f 595/5633/7826 520/5638/7832 586/5640/7834
f 595/5633/7826 586/5640/7834 606/5639/7833
f 721/5630/7825 606/5639/7833 627/5496/7668
f 721/5630/7825 627/5496/7668 818/5627/7537
f 806/5641/7538 818/5627/7537 772/5642/7541
f 687/5495/7667 818/5627/7537 627/5496/7668
f 772/5642/7541 818/5627/7537 687/5495/7667
f 772/5642/7541 687/5495/7667 697/5494/7542
f 627/5496/7668 606/5639/7833 587/5643/7835
f 627/5496/7668 587/5643/7835 714/5497/7669
f 606/5639/7833 586/5640/7834 587/5643/7835
f 586/5640/7834 520/5638/7832 489/5644/7836
f 441/5518/7692 520/5638/7832 521/5636/7830
f 520/5638/7832 441/5518/7692 489/5644/7836
f 441/5518/7692 521/5636/7830 504/5637/7831
f 394/5519/7693 504/5637/7831 422/5645/7837
f 504/5637/7831 394/5519/7693 441/5518/7692
f 441/5518/7692 966/5514/7688 489/5644/7836
f 966/5514/7688 863/5646/7838 489/5644/7836
f 489/5644/7836 863/5646/7838 671/5647/7839
f 489/5644/7836 671/5647/7839 586/5640/7834
f 966/5514/7688 1076/5502/7685 863/5646/7838
f 863/5646/7838 1076/5502/7685 1065/5500/7672
f 863/5646/7838 1065/5500/7672 879/5499/7671
f 863/5646/7838 879/5499/7671 671/5647/7839
f 879/5499/7671 791/5498/7670 671/5647/7839
f 671/5647/7839 791/5498/7670 714/5497/7669
f 671/5647/7839 714/5497/7669 587/5643/7835
f 671/5647/7839 587/5643/7835 586/5640/7834
f 534/5648/7373 601/5649/7376 709/5650/7643
f 2457/5651/7368 2561/5652/7367 76/5653/7370
f 76/5653/7370 270/5654/7371 110/5655/7840
f 2639/5656/7365 2457/5651/7368 2658/5466/7366
f 2658/5466/7366 2457/5651/7368 2506/5657/7841
f 2457/5651/7368 76/5653/7370 18/5658/7842
f 2658/5466/7366 2506/5657/7841 2683/5464/7639
f 18/5658/7842 76/5653/7370 110/5655/7840
f 2457/5651/7368 18/5658/7842 2506/5657/7841
f 2683/5464/7639 2506/5657/7841 18/5658/7842
f 2683/5464/7639 18/5658/7842 41/5659/7843
f 18/5658/7842 116/5660/7844 41/5659/7843
f 116/5660/7844 18/5658/7842 110/5655/7840
f 2410/5463/7638 2683/5464/7639 41/5659/7843
s 0
f 20/5462/7845 2410/5463/7846 41/5659/7847
s 1
f 20/5462/7637 41/5659/7843 158/5661/7848
f 158/5661/7848 41/5659/7843 116/5660/7844
f 322/5461/7636 20/5462/7637 158/5661/7848
f 234/5662/7849 158/5661/7848 116/5660/7844
f 158/5661/7848 234/5662/7849 334/5663/7679
f 334/5663/7679 234/5662/7849 369/5664/7850
f 334/5663/7679 369/5664/7850 817/5665/7677
f 466/5666/7851 369/5664/7850 234/5662/7849
f 369/5664/7850 466/5666/7851 817/5665/7677
f 817/5665/7677 466/5666/7851 797/5667/7654
f 797/5667/7654 466/5666/7851 783/5668/7649
f 783/5668/7649 466/5666/7851 689/5669/7645
f 689/5669/7645 466/5666/7851 722/5670/7644
f 466/5666/7851 331/5671/7852 588/5672/7853
f 331/5671/7852 466/5666/7851 234/5662/7849
f 466/5666/7851 588/5672/7853 722/5670/7644
f 331/5671/7852 234/5662/7849 110/5655/7840
f 116/5660/7844 110/5655/7840 234/5662/7849
f 588/5672/7853 331/5671/7852 110/5655/7840
f 110/5655/7840 270/5654/7371 588/5672/7853
f 270/5654/7371 534/5648/7373 588/5672/7853
f 534/5648/7373 709/5650/7643 588/5672/7853
f 722/5670/7644 588/5672/7853 709/5650/7643
f 2452/5612/7572 2416/5615/7576 2565/5616/7812
f 2742/5673/7583 3023/5422/7490 3116/5421/7596
f 2543/5674/7575 2742/5673/7583 2930/5675/7854
f 2742/5673/7583 3116/5421/7596 2930/5675/7854
s 0
f 2543/5674/7855 2930/5675/7856 2416/5615/7857
s 1
f 2416/5615/7576 2930/5675/7858 2565/5616/7812
s 0
f 2565/5616/7859 2930/5675/7860 2659/5676/7861
s 1
f 2565/5616/7812 2659/5676/7862 2536/5677/7863
f 2565/5616/7812 2536/5677/7863 2415/5611/7810
f 2468/5617/7813 2415/5611/7810 2536/5677/7863
f 2536/5677/7863 2659/5676/7862 2802/5678/7864
f 2887/5679/7865 2802/5678/7864 2659/5676/7862
f 2659/5676/7862 2930/5675/7854 2887/5679/7865
f 2930/5675/7854 3105/5680/7866 3004/5681/7867
f 2930/5675/7854 3116/5421/7596 3105/5680/7866
f 2930/5675/7854 3004/5681/7867 2887/5679/7865
f 2887/5679/7865 3004/5681/7867 3036/5682/7868
f 3173/5683/7869 3004/5681/7867 3105/5680/7866
f 3173/5683/7869 3036/5682/7868 3004/5681/7867
f 3036/5682/7868 3173/5683/7869 3179/5684/7870
f 3036/5682/7868 2802/5678/7864 2887/5679/7865
f 2802/5678/7864 3036/5682/7868 3179/5684/7870
s 0
f 2804/5685/7871 2802/5678/7872 3179/5684/7873
s 1
f 2804/5685/7874 3179/5684/7870 2736/5686/7875
f 3269/5687/7876 3179/5684/7870 3173/5683/7869
f 3269/5687/7876 3173/5683/7869 3218/5688/7877
f 3269/5687/7876 3218/5688/7877 3281/5689/7878
f 3218/5688/7877 3173/5683/7869 3215/5690/7879
f 3284/5691/7880 3218/5688/7877 3215/5690/7879
f 3218/5688/7877 3284/5691/7880 3281/5689/7878
f 3297/5692/7881 3281/5689/7878 3284/5691/7880
s 0
f 3297/5692/7882 3284/5691/7883 3338/5693/7884
s 1
f 3269/5687/7876 3281/5689/7878 3288/5694/7885
f 3288/5694/7885 3281/5689/7878 3297/5692/7881
f 3269/5687/7876 3288/5694/7885 3185/5695/7886
f 3269/5687/7876 3185/5695/7886 3179/5684/7870
f 3179/5684/7870 3185/5695/7886 2736/5686/7875
f 2736/5686/7875 3185/5695/7886 2785/5696/7887
f 3012/5697/7888 2785/5696/7887 3166/5698/7889
f 3166/5698/7889 2785/5696/7887 3185/5695/7886
f 3166/5698/7889 3185/5695/7886 3288/5694/7885
f 3302/5699/7890 3166/5698/7889 3288/5694/7885
s 0
f 3302/5699/7891 3288/5694/7892 3300/5700/7893
s 1
f 3300/5700/7894 3288/5694/7885 3297/5692/7881
f 3302/5699/7890 3300/5700/7894 3294/5701/7895
f 3294/5701/7895 3300/5700/7894 3285/5702/7896
f 3285/5702/7896 3300/5700/7894 3287/5703/7897
f 3317/5704/7898 3287/5703/7897 3300/5700/7894
f 3317/5704/7898 3300/5700/7894 3297/5692/7881
f 3287/5703/7897 3317/5704/7898 3190/5705/7899
f 2893/5706/7900 2790/5452/7624 2657/5455/7627
f 2790/5452/7624 2893/5706/7900 2986/5454/7626
f 2986/5454/7626 2893/5706/7900 3159/5707/7901
f 2893/5706/7900 3190/5705/7899 3159/5707/7901
f 3159/5707/7901 3190/5705/7899 3317/5704/7898
f 3317/5704/7898 3338/5693/7902 3384/5708/7903
f 3338/5693/7902 3317/5704/7898 3297/5692/7881
f 3338/5693/7902 3284/5691/7904 3384/5708/7903
f 3284/5691/7904 3336/5709/7905 3384/5708/7903
s 0
f 3336/5709/7906 3284/5691/7907 3215/5690/7908
s 1
f 3336/5709/7905 3215/5690/7879 3374/5426/7602
f 3374/5426/7602 3141/5427/7601 3336/5709/7905
f 3141/5427/7601 3011/5429/7498 2954/5430/7516
f 2954/5430/7516 2917/5436/7608 3141/5427/7601
f 3141/5427/7601 2917/5436/7608 3363/5710/7909
f 2917/5436/7608 2834/5435/7607 2838/5453/7625
f 3363/5710/7909 2917/5436/7608 2838/5453/7625
f 3363/5710/7909 2838/5453/7625 2986/5454/7626
f 2986/5454/7626 3159/5707/7901 3363/5710/7909
f 3363/5710/7909 3159/5707/7901 3384/5708/7903
f 3384/5708/7903 3159/5707/7901 3317/5704/7898
f 3363/5710/7909 3384/5708/7903 3336/5709/7905
f 3363/5710/7909 3336/5709/7905 3141/5427/7601
s 0
f 3211/5423/7910 3194/5711/7911 3116/5421/7912
f 3105/5680/7913 3116/5421/7914 3194/5711/7915
s 1
f 3194/5711/7916 3211/5423/7917 3374/5426/7602
f 3374/5426/7602 3215/5690/7879 3194/5711/7916
f 3194/5711/7916 3215/5690/7879 3173/5683/7869
f 3194/5711/7916 3173/5683/7869 3105/5680/7866
f 2412/5618/7814 2468/5617/7813 2460/5622/7818
f 2460/5622/7818 2468/5617/7813 2526/5712/7918
f 2460/5622/7818 2526/5712/7918 2523/5623/7919
f 2523/5623/7919 2526/5712/7918 2548/5713/7920
s 0
f 2523/5623/7921 2640/5714/7922 2599/5624/7923
s 1
f 220/5619/7815 345/5715/7924 472/5626/7824
f 220/5619/7815 472/5626/7824 484/5620/7816
f 2468/5617/7813 2536/5677/7863 2526/5712/7918
f 2526/5712/7918 2536/5677/7863 2802/5678/7864
f 158/5716/7848 334/5717/7679 322/5573/7636
f 334/5717/7679 367/5507/7680 322/5573/7636
f 111/5718/7633 322/5573/7636 416/5574/7634
f 2523/5719/7919 2548/5720/7920 2640/5721/7925
f 2526/5722/7918 2804/5723/7926 2548/5720/7920
f 2804/5723/7926 2526/5722/7918 2802/5724/7864
s 0
f 2736/5725/7927 2548/5720/7928 2804/5723/7929
s 1
f 2736/5725/7875 2785/5726/7887 2757/5727/7930
f 2785/5726/7887 2760/5728/7931 2757/5727/7930
f 2736/5725/7875 2757/5727/7930 2548/5720/7920
f 2548/5720/7920 2757/5727/7930 2640/5721/7925
f 2757/5727/7930 2751/5729/7932 2640/5721/7925
f 2599/5730/7933 2640/5721/7925 2751/5729/7932
f 2599/5730/7822 184/5731/7934 220/5732/7815
f 220/5732/7815 184/5731/7934 345/5733/7924
s 0
f 184/5731/7935 2599/5730/7936 2405/5734/7937
s 1
f 2571/5735/7938 2599/5730/7933 2751/5729/7932
f 2571/5735/7938 2751/5729/7932 2760/5728/7931
f 2405/5734/7939 2599/5730/7933 2571/5735/7938
f 157/5736/7940 184/5731/7941 2405/5734/7939
f 157/5736/7940 2405/5734/7939 123/5737/7942
f 42/5738/7943 123/5737/7942 31/5739/7944
f 2382/5740/7945 42/5738/7943 2413/5741/7946
f 42/5738/7943 31/5739/7944 2413/5741/7946
f 2413/5741/7946 2432/5742/7947 379/5743/7948
f 2413/5741/7946 31/5739/7944 51/5744/7949
f 2413/5741/7946 51/5744/7949 2432/5742/7947
f 379/5743/7948 2432/5742/7947 2609/5745/7950
f 51/5744/7949 31/5739/7944 123/5737/7942
f 51/5744/7949 123/5737/7942 2405/5734/7939
f 51/5744/7949 2405/5734/7939 2423/5746/7951
f 2423/5746/7951 2405/5734/7939 2538/5747/7952
f 2538/5747/7952 2405/5734/7939 2571/5735/7938
f 2432/5742/7947 51/5744/7949 2558/5748/7953
f 2432/5742/7947 2558/5748/7953 2609/5745/7950
f 2558/5748/7953 51/5744/7949 2423/5746/7951
f 2423/5746/7951 2538/5747/7952 2686/5749/7954
f 2571/5735/7938 2760/5728/7931 2847/5750/7955
f 2751/5729/7932 2757/5727/7930 2760/5728/7931
f 2760/5728/7931 2821/5751/7956 2847/5750/7955
f 2821/5751/7956 2760/5728/7931 2785/5726/7887
f 2821/5751/7956 2918/5752/7957 2847/5750/7955
f 2847/5750/7955 2918/5752/7957 2940/5753/7958
s 0
f 2571/5735/7959 2847/5750/7960 2940/5753/7961
s 1
f 2571/5735/7938 2940/5753/7962 2538/5747/7952
f 2765/5754/7963 2821/5751/7956 2785/5726/7887
f 2765/5754/7963 2785/5726/7887 3012/5755/7888
f 3012/5755/7888 3166/5756/7889 3094/5757/7964
f 3094/5757/7964 3166/5758/7889 3302/5759/7890
f 3294/5760/7895 3094/5757/7964 3302/5759/7890
f 3294/5760/7895 3285/5761/7896 3248/5762/7965
f 3248/5762/7965 3285/5761/7896 3239/5763/7966
f 3239/5763/7966 3285/5761/7896 3287/5764/7897
f 3287/5764/7897 3174/5765/7967 3239/5763/7966
f 3294/5760/7895 3248/5762/7965 3290/5766/7968
f 3294/5760/7895 3290/5766/7968 3094/5757/7964
f 3094/5757/7964 3290/5766/7968 3176/5767/7969
f 3094/5757/7964 3176/5767/7969 3012/5755/7888
f 3012/5755/7888 3176/5767/7969 2888/5768/7970
f 3012/5755/7888 2888/5768/7970 2765/5754/7963
f 3290/5766/7968 3248/5762/7965 3224/5769/7971
f 3224/5769/7971 3248/5762/7965 3199/5770/7972
f 3226/5771/7973 3224/5769/7971 3199/5770/7972
f 3290/5766/7968 3224/5769/7971 3176/5767/7969
f 3224/5769/7971 3226/5771/7973 3068/5772/7974
f 3224/5769/7971 3068/5772/7974 2980/5773/7975
f 3224/5769/7971 2980/5773/7975 3176/5767/7969
f 3176/5767/7969 2980/5773/7975 2888/5768/7970
f 2821/5751/7956 2765/5754/7963 2888/5768/7970
f 2821/5751/7956 2888/5768/7970 2918/5752/7957
s 0
f 2980/5773/7976 2918/5752/7977 2888/5768/7978
s 1
f 2918/5752/7979 2981/5774/7980 3101/5775/7981
f 2981/5774/7980 2918/5752/7979 2980/5773/7975
f 2914/5776/7982 2980/5773/7975 3068/5772/7974
f 2980/5773/7975 2914/5776/7982 2981/5774/7980
f 2914/5776/7982 3068/5772/7974 2952/5777/7983
f 2914/5776/7982 2952/5777/7983 2981/5774/7980
f 2981/5774/7980 2952/5777/7983 2977/5778/7984
f 2981/5774/7980 2977/5778/7984 3021/5779/7985
f 2981/5774/7980 3021/5779/7985 3092/5780/7986
f 2981/5774/7980 3092/5780/7986 3101/5775/7981
f 3092/5780/7986 3021/5779/7985 3117/5781/7987
f 3101/5775/7981 3092/5780/7986 3117/5781/7987
f 3016/5782/7988 3117/5781/7987 3021/5779/7985
f 3101/5775/7981 3117/5781/7987 2978/5783/7989
f 2978/5783/7989 3117/5781/7987 3016/5782/7988
f 2686/5749/7954 3101/5775/7981 2978/5783/7989
f 3101/5775/7981 2686/5749/7954 2940/5753/7962
f 2920/5784/7990 3016/5782/7988 3021/5779/7985
s 0
f 2920/5784/7991 3021/5779/7992 2977/5778/7993
s 1
f 3016/5782/7988 2920/5784/7990 2978/5783/7989
f 2784/5785/7994 2920/5784/7990 2904/5786/7995
f 2904/5786/7995 2920/5784/7990 2977/5778/7984
f 2904/5786/7995 2977/5778/7984 2952/5777/7983
f 2904/5786/7995 2952/5777/7983 3091/5787/7996
f 3091/5787/7996 2952/5777/7983 3068/5772/7974
f 3091/5787/7996 3068/5772/7974 3227/5788/7997
f 3104/5789/7998 3091/5787/7996 3227/5788/7997
f 3227/5788/7997 3068/5772/7974 3226/5771/7973
f 3226/5771/7973 3199/5770/7972 3227/5788/7997
f 3108/5790/7999 3227/5788/7997 3199/5770/7972
f 3227/5788/7997 3108/5790/7999 3104/5789/7998
f 3091/5787/7996 3104/5789/7998 3108/5790/7999
f 3108/5790/7999 3199/5770/7972 3110/5791/8000
s 0
f 3091/5787/8001 3108/5790/8002 2748/5792/8003
f 3108/5790/8004 2995/5793/8005 2748/5792/8006
s 1
f 3091/5787/7996 2748/5792/8007 2904/5786/7995
s 0
f 2904/5786/8008 2748/5792/8009 2549/5794/8010
s 1
f 226/5795/8011 2549/5794/8012 366/5796/7795
f 2549/5794/8012 2748/5792/8013 366/5796/7795
f 2718/5797/8014 2748/5792/8013 2995/5793/8015
f 2586/5798/8016 2748/5792/8013 2718/5797/8014
f 2748/5792/8013 2586/5798/8016 2437/5799/8017
f 2748/5792/8013 2437/5799/8017 366/5796/7795
f 366/5796/7795 2437/5799/8017 64/5800/7792
f 64/5800/7792 2437/5799/8017 44/5801/7793
f 2437/5799/8017 2586/5798/8016 2718/5797/8014
f 44/5801/7793 2437/5799/8017 2510/5802/8018
f 26/5803/7789 44/5801/7793 2510/5802/8018
f 26/5803/7789 2510/5802/8018 2721/5804/8019
f 2721/5804/8019 2510/5802/8018 2437/5799/8017
f 2436/5805/7790 26/5803/7789 2721/5804/8019
f 2437/5799/8017 2718/5797/8014 2721/5804/8019
f 3026/5806/8020 2721/5804/8019 2718/5797/8014
f 2718/5797/8014 2995/5793/8015 2943/5807/8021
f 2718/5797/8014 2943/5807/8021 3026/5806/8020
f 2943/5807/8021 3039/5808/8022 3026/5806/8020
f 2999/5809/8023 2943/5807/8021 2995/5793/8015
f 2999/5809/8023 2995/5793/8015 3108/5790/7999
f 3039/5808/8022 2943/5807/8021 2999/5809/8023
f 2999/5809/8023 3108/5790/7999 3039/5808/8022
f 3039/5808/8022 3108/5790/7999 3110/5791/8000
f 3010/5810/8024 3110/5791/8000 3199/5770/7972
f 3010/5810/8024 3199/5770/7972 3097/5811/8025
f 3199/5770/7972 3248/5762/7965 3239/5763/7966
f 3199/5770/7972 3239/5763/7966 3097/5811/8025
f 3174/5765/7967 3097/5811/8025 3239/5763/7966
f 2912/5812/8026 3097/5811/8025 3174/5765/7967
f 3097/5811/8025 2912/5812/8026 2815/5813/8027
f 3174/5765/7967 3287/5764/7897 2912/5812/8026
f 3287/5764/7897 3190/5814/7899 2912/5812/8026
f 3190/5814/7899 2893/5815/7900 2912/5812/8026
f 2912/5812/8026 2893/5815/7900 2617/5816/7767
f 2893/5815/7900 2657/5817/7627 2617/5816/7767
f 2815/5813/8027 2912/5812/8026 2617/5816/7767
f 3097/5811/8025 2815/5813/8027 3010/5810/8024
f 3010/5810/8024 2815/5813/8027 3026/5806/8020
f 3010/5810/8024 3026/5806/8020 3110/5791/8000
f 3110/5791/8000 3026/5806/8020 3039/5808/8022
f 2721/5804/8019 3026/5806/8020 2815/5813/8027
f 2721/5804/8019 2815/5813/8027 2584/5818/7768
f 2436/5805/7790 2721/5804/8019 2584/5818/7768
f 2436/5805/7790 2584/5818/7768 2556/5819/7791
f 2584/5818/7768 2815/5813/8027 2617/5816/7767
f 504/5637/7831 496/5635/7823 472/5820/7824
f 422/5645/7837 504/5637/7831 472/5820/7824
f 422/5645/7837 472/5820/7824 345/5821/7924
f 157/5822/7940 422/5645/7837 345/5821/7924
s 0
f 157/5822/8028 345/5821/8029 184/5823/8030
s 1
f 109/5527/7701 123/5824/7942 42/5825/7943
f 123/5824/7942 109/5527/7701 195/5526/7700
f 42/5826/7943 198/5525/7699 109/5527/7701
f 42/5826/7943 597/5827/8031 198/5525/7699
f 597/5827/8031 42/5826/7943 2382/5828/7945
f 2382/5828/7945 2413/5829/7946 379/5830/7948
f 379/5830/7948 2609/5831/7950 250/5832/8032
f 2382/5828/7945 379/5830/7948 597/5827/8031
f 379/5830/7948 250/5832/8032 609/5833/8033
f 609/5833/8033 250/5832/8032 604/5834/8034
f 597/5827/8031 379/5830/7948 609/5833/8033
f 198/5525/7699 597/5827/8031 698/5528/7702
s 0
f 198/5525/8035 698/5528/8036 786/5524/8037
s 1
f 698/5528/7702 597/5827/8031 726/5530/7704
f 726/5530/7704 597/5827/8031 630/5533/7707
f 630/5533/7707 597/5827/8031 609/5833/8033
f 609/5833/8033 604/5834/8034 630/5533/7707
f 1056/5512/7686 763/5513/7687 1018/5521/7695
f 1079/5501/7673 1056/5512/7686 1041/5511/7684
f 1041/5511/7684 1056/5512/7686 1018/5521/7695
f 1041/5511/7684 1046/5542/7719 1017/5510/7683
f 840/5505/7678 1017/5510/7683 777/5541/7718
f 777/5541/7718 1017/5510/7683 1046/5542/7719
f 1046/5542/7719 1018/5521/7695 951/5537/7711
f 918/5522/7696 951/5537/7711 1018/5521/7695
f 1018/5521/7695 1046/5542/7719 1041/5511/7684
f 296/5517/7691 394/5519/7693 422/5645/7837
f 296/5517/7691 422/5645/7837 195/5526/7700
f 422/5645/7837 157/5822/7940 123/5824/7942
f 422/5645/7837 123/5824/7942 195/5526/7700
f 195/5526/7700 109/5527/7701 258/5520/7694
f 482/5567/7763 600/5509/7682 492/5543/7720
f 492/5543/7720 600/5509/7682 777/5541/7718
f 600/5509/7682 840/5505/7678 777/5541/7718
s 0
f 2940/5753/8038 2918/5752/8039 3101/5775/8040
s 1
f 2538/5747/7952 2940/5753/7962 2686/5749/7954
f 2423/5746/7951 2686/5749/7954 2558/5748/7953
f 2686/5749/7954 2978/5783/7989 2920/5784/7990
f 2686/5749/7954 2920/5784/7990 2558/5748/7953
f 2558/5748/7953 2920/5784/7990 2609/5745/7950
f 2609/5745/7950 2920/5784/7990 2784/5785/7994
f 2609/5745/7950 2784/5785/7994 250/5835/8032
f 250/5835/8032 675/5836/7705 604/5837/8034
f 226/5795/8041 250/5835/8032 2784/5785/7994
s 0
f 363/5838/8042 250/5835/8043 226/5795/8042
f 250/5835/8044 363/5838/8045 675/5836/8046
s 1
f 604/5837/8034 675/5836/7705 630/5839/7707
s 0
f 675/5836/8047 363/5838/8048 793/5840/8049
s 1
f 793/5840/7706 363/5838/8050 875/5841/7708
f 828/5842/7710 875/5841/7708 363/5838/8050
f 828/5842/7710 363/5838/8050 580/5843/8051
f 828/5842/7710 580/5843/8051 673/5844/7724
f 673/5844/7724 580/5843/8051 685/5845/7726
f 580/5843/8051 363/5838/8050 226/5795/8011
f 580/5843/8051 226/5795/8011 685/5845/7726
f 684/5846/7733 685/5845/7726 226/5795/8011
f 684/5846/7733 226/5795/8011 473/5847/8052
f 616/5848/7740 592/5849/7739 473/5847/8052
f 473/5847/8052 592/5849/7739 684/5846/7733
f 616/5848/7740 473/5847/8052 470/5850/7741
f 366/5796/7795 473/5847/8052 226/5795/8011
f 366/5796/7795 115/5851/7794 473/5847/8052
f 473/5847/8052 115/5851/7794 470/5850/7741
f 470/5850/7741 115/5851/7794 132/5852/7796
s 0
f 2784/5785/8053 2549/5794/8053 226/5795/8053
f 2549/5794/8054 2784/5785/8054 2904/5786/8055
